allocationid,datasetid,dataset_path,queries_path,bits,ts_start,ts_train_start,ts_train_end,ts_query_start,ts_query_end,response,recall
0b391a1a-b916-11ed-afcb-0242ac1c0002,c42e1d4e-936b-4142-a82c-ee12a653d7c8,/mnt/nas1/fvs_benchmark_datasets/deep-1M.npy,/mnt/nas1/fvs_benchmark_datasets/deep-queries-10.npy,768,Wed Mar 22 16:24:15 2023,1679502255.745585,1679502361.902231,1679502375.3795652,1679502375.4175456,0.0307071909992373,1.0
0b391a1a-b916-11ed-afcb-0242ac1c0002,bd3a6189-60c8-443b-815e-534bdef7e778,/mnt/nas1/fvs_benchmark_datasets/deep-1M.npy,/mnt/nas1/fvs_benchmark_datasets/deep-queries-10.npy,512,Wed Mar 22 16:26:16 2023,1679502376.2602582,1679502468.2454708,1679502481.2717996,1679502481.3058157,0.0254084659973159,1.0
0b391a1a-b916-11ed-afcb-0242ac1c0002,bd06da4e-7dc7-4807-a248-7a27e3089944,/mnt/nas1/fvs_benchmark_datasets/deep-1M.npy,/mnt/nas1/fvs_benchmark_datasets/deep-queries-10.npy,256,Wed Mar 22 16:28:01 2023,1679502481.9213028,1679502561.7773428,1679502575.1039438,1679502575.1312666,0.0189449600002262,1.0
0b391a1a-b916-11ed-afcb-0242ac1c0002,60119cd1-c6e9-40dd-bb1e-63459c6fd3a2,/mnt/nas1/fvs_benchmark_datasets/deep-1M.npy,/mnt/nas1/fvs_benchmark_datasets/deep-queries-10.npy,128,Wed Mar 22 16:29:35 2023,1679502575.7162056,1679502653.5380895,1679502667.03294,1679502667.054796,0.015874213000643,1.0
0b391a1a-b916-11ed-afcb-0242ac1c0002,d79a6a88-c85d-4361-852c-1a210b9155b5,/mnt/nas1/fvs_benchmark_datasets/deep-1M.npy,/mnt/nas1/fvs_benchmark_datasets/deep-queries-10.npy,64,Wed Mar 22 16:31:07 2023,1679502667.600578,1679502747.4573805,1679502762.6352742,1679502762.6529553,0.009826068999245763,0.93
