allocationid,datasetid,dataset_path,queries_path,bits,ts_start,ts_train_start,ts_train_end,ts_query_start,ts_query_end,response,recall
0b391a1a-b916-11ed-afcb-0242ac1c0002,d7a9b030-8a93-4ae1-a412-1530bedf46e6,/mnt/nas1/fvs_benchmark_datasets/deep-20M.npy,/mnt/nas1/fvs_benchmark_datasets/deep-queries-10.npy,768,Tue Mar 21 20:01:58 2023,1679429011.4234557,1679432599.620609,1679433209.811755,1679433210.2542012,0.4358862080116523,1.0
0b391a1a-b916-11ed-afcb-0242ac1c0002,e55f88f8-2310-431a-9465-61cc5ea5b5d2,/mnt/nas1/fvs_benchmark_datasets/deep-20M.npy,/mnt/nas1/fvs_benchmark_datasets/deep-queries-10.npy,768,Tue Mar 21 21:13:38 2023,1679433218.2902248,1679435472.0160685,1679436026.6686344,1679436027.113869,0.436478542003897,1.0
0b391a1a-b916-11ed-afcb-0242ac1c0002,464b2f97-5548-4dbd-885b-d5fc7488fdc6,/mnt/nas1/fvs_benchmark_datasets/deep-20M.npy,/mnt/nas1/fvs_benchmark_datasets/deep-queries-10.npy,768,Tue Mar 21 22:00:28 2023,1679436028.2330985,1679438282.9071722,1679438913.8916018,1679438914.3372982,0.4369931800029007,1.0
0b391a1a-b916-11ed-afcb-0242ac1c0002,a5f97cd1-1dfd-40c0-bf0a-5fdb6657ad7e,/mnt/nas1/fvs_benchmark_datasets/deep-20M.npy,/mnt/nas1/fvs_benchmark_datasets/deep-queries-10.npy,512,Tue Mar 21 22:48:35 2023,1679438915.4834585,1679442111.429087,1679442582.994163,1679442583.2597835,0.2571626760036452,1.0
0b391a1a-b916-11ed-afcb-0242ac1c0002,c48a3aec-4619-4c96-a571-f24f5457f6ff,/mnt/nas1/fvs_benchmark_datasets/deep-20M.npy,/mnt/nas1/fvs_benchmark_datasets/deep-queries-10.npy,512,Tue Mar 21 23:49:44 2023,1679442584.3332283,1679444551.681776,1679445025.1843398,1679445025.451158,0.2579024879960343,1.0
0b391a1a-b916-11ed-afcb-0242ac1c0002,32107ec8-0d29-4fa2-b44a-f126a0e52e1a,/mnt/nas1/fvs_benchmark_datasets/deep-20M.npy,/mnt/nas1/fvs_benchmark_datasets/deep-queries-10.npy,512,Wed Mar 22 00:30:26 2023,1679445026.5283449,1679447057.0026147,1679447550.5409482,1679447550.808184,0.25790679299097974,1.0
