dataset,filter,family,size,strategy,ef,pass,queries,recall_at_10,perfect_frac,sim_regret,p50_ms,p95_ms,p99_ms,mean_ms,mean_dist_comps,mean_seed_dist_comps,mean_filter_checks,mean_nodes_popped,median_pop_idx_cand_full,median_pop_idx_results_full,mean_twohop_examined,mean_twohop_appended,mean_prefilter_skips,mean_secondorder_allocs,mean_reencountered_burned,strategy_used
beir500k-f32,pos40_cat00,pos40,202630,sweeping,64,1,12,1.0000,1.0000,0.00000,1.834,2.512,3.006,1.735,3378.7,0.0,488.8,193.2,4.0,9.0,0.0,0.0,0.0,0.0,0.00,sweeping:12
beir500k-f32,pos40_cat00,pos40,202630,sweeping,64,2,12,1.0000,1.0000,0.00000,1.827,2.510,2.966,1.737,3378.7,0.0,488.8,193.2,4.0,9.0,0.0,0.0,0.0,0.0,0.00,sweeping:12
beir500k-f32,pos40_cat00,pos40,202630,sweeping,64,3,12,1.0000,1.0000,0.00000,1.824,2.513,2.864,1.729,3378.7,0.0,488.8,193.2,4.0,9.0,0.0,0.0,0.0,0.0,0.00,sweeping:12
beir500k-f32,pos40_cat00,pos40,202630,sweeping,128,1,12,1.0000,1.0000,0.00000,3.583,5.312,7.027,3.571,6892.8,0.0,1035.2,452.3,6.0,21.0,0.0,0.0,0.0,0.0,0.00,sweeping:12
beir500k-f32,pos40_cat00,pos40,202630,sweeping,128,2,12,1.0000,1.0000,0.00000,4.080,5.236,7.592,3.727,6892.8,0.0,1035.2,452.3,6.0,21.0,0.0,0.0,0.0,0.0,0.00,sweeping:12
beir500k-f32,pos40_cat00,pos40,202630,sweeping,128,3,12,1.0000,1.0000,0.00000,4.565,5.540,8.028,3.990,6892.8,0.0,1035.2,452.3,6.0,21.0,0.0,0.0,0.0,0.0,0.00,sweeping:12
beir500k-f32,pos40_cat00,pos40,202630,sweeping,256,1,12,1.0000,1.0000,0.00000,6.393,11.872,12.261,6.755,12569.8,0.0,2155.2,940.3,11.0,35.0,0.0,0.0,0.0,0.0,0.00,sweeping:12
beir500k-f32,pos40_cat00,pos40,202630,sweeping,256,2,12,1.0000,1.0000,0.00000,6.456,12.200,34.575,8.930,12569.8,0.0,2155.2,940.3,11.0,35.0,0.0,0.0,0.0,0.0,0.00,sweeping:12
beir500k-f32,pos40_cat00,pos40,202630,sweeping,256,3,12,1.0000,1.0000,0.00000,6.318,11.651,12.368,6.844,12569.8,0.0,2155.2,940.3,11.0,35.0,0.0,0.0,0.0,0.0,0.00,sweeping:12
beir500k-f32,pos40_cat00,pos40,202630,sweeping,512,1,12,1.0000,1.0000,0.00000,11.347,23.132,24.197,12.443,22481.8,0.0,4482.3,1979.9,24.0,96.0,0.0,0.0,0.0,0.0,0.00,sweeping:12
beir500k-f32,pos40_cat00,pos40,202630,sweeping,512,2,12,1.0000,1.0000,0.00000,11.352,23.164,24.178,12.364,22481.8,0.0,4482.3,1979.9,24.0,96.0,0.0,0.0,0.0,0.0,0.00,sweeping:12
beir500k-f32,pos40_cat00,pos40,202630,sweeping,512,3,12,1.0000,1.0000,0.00000,11.369,23.425,23.800,12.369,22481.8,0.0,4482.3,1979.9,24.0,96.0,0.0,0.0,0.0,0.0,0.00,sweeping:12
beir500k-f32,pos40_cat00,pos40,202630,pathseer,64,1,12,1.0000,1.0000,0.00000,0.872,1.064,1.084,0.865,1489.5,0.0,1744.8,126.5,3.0,8.0,138.7,26.3,1008.3,2.2,0.00,pathseer:12
beir500k-f32,pos40_cat00,pos40,202630,pathseer,64,2,12,1.0000,1.0000,0.00000,0.863,1.058,1.123,0.872,1489.5,0.0,1744.8,126.5,3.0,8.0,138.7,26.3,1008.3,2.2,0.00,pathseer:12
beir500k-f32,pos40_cat00,pos40,202630,pathseer,64,3,12,1.0000,1.0000,0.00000,0.903,1.113,1.133,0.902,1489.5,0.0,1744.8,126.5,3.0,8.0,138.7,26.3,1008.3,2.2,0.00,pathseer:12
beir500k-f32,pos40_cat00,pos40,202630,pathseer,128,1,12,1.0000,1.0000,0.00000,1.700,1.875,2.296,1.655,2659.8,0.0,3460.8,264.1,5.0,10.0,240.0,49.3,2103.9,3.8,0.00,pathseer:12
beir500k-f32,pos40_cat00,pos40,202630,pathseer,128,2,12,1.0000,1.0000,0.00000,1.615,1.923,2.124,1.612,2659.8,0.0,3460.8,264.1,5.0,10.0,240.0,49.3,2103.9,3.8,0.00,pathseer:12
beir500k-f32,pos40_cat00,pos40,202630,pathseer,128,3,12,1.0000,1.0000,0.00000,1.519,1.759,2.047,1.535,2659.8,0.0,3460.8,264.1,5.0,10.0,240.0,49.3,2103.9,3.8,0.00,pathseer:12
beir500k-f32,pos40_cat00,pos40,202630,pathseer,256,1,12,1.0000,1.0000,0.00000,2.892,3.625,4.319,2.907,4872.1,0.0,6648.2,551.8,8.0,20.0,437.3,111.0,3991.2,6.8,0.00,pathseer:12
beir500k-f32,pos40_cat00,pos40,202630,pathseer,256,2,12,1.0000,1.0000,0.00000,2.860,3.625,4.322,2.905,4872.1,0.0,6648.2,551.8,8.0,20.0,437.3,111.0,3991.2,6.8,0.00,pathseer:12
beir500k-f32,pos40_cat00,pos40,202630,pathseer,256,3,12,1.0000,1.0000,0.00000,2.940,3.637,4.487,2.969,4872.1,0.0,6648.2,551.8,8.0,20.0,437.3,111.0,3991.2,6.8,0.00,pathseer:12
beir500k-f32,pos40_cat00,pos40,202630,pathseer,512,1,12,1.0000,1.0000,0.00000,5.481,7.747,9.478,5.868,8648.9,0.0,12979.1,1185.2,15.0,55.0,917.3,201.6,7590.8,14.3,0.00,pathseer:12
beir500k-f32,pos40_cat00,pos40,202630,pathseer,512,2,12,1.0000,1.0000,0.00000,5.059,7.668,8.882,5.498,8648.9,0.0,12979.1,1185.2,15.0,55.0,917.3,201.6,7590.8,14.3,0.00,pathseer:12
beir500k-f32,pos40_cat00,pos40,202630,pathseer,512,3,12,1.0000,1.0000,0.00000,5.326,8.073,9.048,5.626,8648.9,0.0,12979.1,1185.2,15.0,55.0,917.3,201.6,7590.8,14.3,0.00,pathseer:12
beir500k-f32,pos40_cat00,pos40,202630,ours-no-twohop,64,1,12,1.0000,1.0000,0.00000,0.835,0.940,1.034,0.807,1489.3,0.0,1632.9,128.0,4.0,9.0,0.0,0.0,1018.4,0.0,0.00,pathseer:12
beir500k-f32,pos40_cat00,pos40,202630,ours-no-twohop,64,2,12,1.0000,1.0000,0.00000,0.827,0.947,1.031,0.811,1489.3,0.0,1632.9,128.0,4.0,9.0,0.0,0.0,1018.4,0.0,0.00,pathseer:12
beir500k-f32,pos40_cat00,pos40,202630,ours-no-twohop,64,3,12,1.0000,1.0000,0.00000,0.833,0.942,1.023,0.812,1489.3,0.0,1632.9,128.0,4.0,9.0,0.0,0.0,1018.4,0.0,0.00,pathseer:12
beir500k-f32,pos40_cat00,pos40,202630,ours-no-twohop,128,1,12,1.0000,1.0000,0.00000,1.598,1.935,2.173,1.574,2742.0,0.0,3526.8,283.6,6.0,21.0,0.0,0.0,2272.8,0.0,0.00,pathseer:12
beir500k-f32,pos40_cat00,pos40,202630,ours-no-twohop,128,2,12,1.0000,1.0000,0.00000,1.625,1.978,2.376,1.618,2742.0,0.0,3526.8,283.6,6.0,21.0,0.0,0.0,2272.8,0.0,0.00,pathseer:12
beir500k-f32,pos40_cat00,pos40,202630,ours-no-twohop,128,3,12,1.0000,1.0000,0.00000,1.601,1.993,2.189,1.602,2742.0,0.0,3526.8,283.6,6.0,21.0,0.0,0.0,2272.8,0.0,0.00,pathseer:12
beir500k-f32,pos40_cat00,pos40,202630,ours-no-twohop,256,1,12,1.0000,1.0000,0.00000,2.926,3.920,4.537,3.017,5012.6,0.0,6802.3,600.7,11.0,35.0,0.0,0.0,4326.8,0.0,0.00,pathseer:12
beir500k-f32,pos40_cat00,pos40,202630,ours-no-twohop,256,2,12,1.0000,1.0000,0.00000,2.910,3.844,4.794,3.045,5012.6,0.0,6802.3,600.7,11.0,35.0,0.0,0.0,4326.8,0.0,0.00,pathseer:12
beir500k-f32,pos40_cat00,pos40,202630,ours-no-twohop,256,3,12,1.0000,1.0000,0.00000,2.932,3.875,4.588,3.046,5012.6,0.0,6802.3,600.7,11.0,35.0,0.0,0.0,4326.8,0.0,0.00,pathseer:12
beir500k-f32,pos40_cat00,pos40,202630,ours-no-twohop,512,1,12,1.0000,1.0000,0.00000,5.185,8.145,9.087,5.769,9039.6,0.0,13370.3,1311.9,24.0,96.0,0.0,0.0,8238.5,0.0,0.00,pathseer:12
beir500k-f32,pos40_cat00,pos40,202630,ours-no-twohop,512,2,12,1.0000,1.0000,0.00000,5.307,8.217,9.188,5.837,9039.6,0.0,13370.3,1311.9,24.0,96.0,0.0,0.0,8238.5,0.0,0.00,pathseer:12
beir500k-f32,pos40_cat00,pos40,202630,ours-no-twohop,512,3,12,1.0000,1.0000,0.00000,5.276,8.033,9.274,5.841,9039.6,0.0,13370.3,1311.9,24.0,96.0,0.0,0.0,8238.5,0.0,0.00,pathseer:12
beir500k-f32,pos40_cat00,pos40,202630,ours-guard,64,1,12,0.9917,0.9167,0.00004,0.564,0.727,0.801,0.575,901.7,0.0,2177.5,105.1,4.0,9.0,0.0,0.0,1204.7,0.0,0.00,pathseer:12
beir500k-f32,pos40_cat00,pos40,202630,ours-guard,64,2,12,0.9917,0.9167,0.00004,0.558,0.787,0.825,0.593,901.7,0.0,2177.5,105.1,4.0,9.0,0.0,0.0,1204.7,0.0,0.00,pathseer:12
beir500k-f32,pos40_cat00,pos40,202630,ours-guard,64,3,12,0.9917,0.9167,0.00004,0.552,0.693,0.743,0.554,901.7,0.0,2177.5,105.1,4.0,9.0,0.0,0.0,1204.7,0.0,0.00,pathseer:12
beir500k-f32,pos40_cat00,pos40,202630,ours-guard,128,1,12,1.0000,1.0000,0.00000,1.036,1.543,1.845,1.180,1788.6,0.0,4518.7,243.5,6.0,21.0,0.0,0.0,2588.3,0.0,0.00,pathseer:12
beir500k-f32,pos40_cat00,pos40,202630,ours-guard,128,2,12,1.0000,1.0000,0.00000,1.067,1.533,1.639,1.156,1788.6,0.0,4518.7,243.5,6.0,21.0,0.0,0.0,2588.3,0.0,0.00,pathseer:12
beir500k-f32,pos40_cat00,pos40,202630,ours-guard,128,3,12,1.0000,1.0000,0.00000,1.032,1.487,1.746,1.157,1788.6,0.0,4518.7,243.5,6.0,21.0,0.0,0.0,2588.3,0.0,0.00,pathseer:12
beir500k-f32,pos40_cat00,pos40,202630,ours-guard,256,1,12,1.0000,1.0000,0.00000,2.255,2.904,3.646,2.386,3508.4,0.0,8785.1,537.2,11.0,35.0,0.0,0.0,4993.2,0.0,0.00,pathseer:12
beir500k-f32,pos40_cat00,pos40,202630,ours-guard,256,2,12,1.0000,1.0000,0.00000,2.298,2.834,3.642,2.343,3508.4,0.0,8785.1,537.2,11.0,35.0,0.0,0.0,4993.2,0.0,0.00,pathseer:12
beir500k-f32,pos40_cat00,pos40,202630,ours-guard,256,3,12,1.0000,1.0000,0.00000,2.371,2.950,3.598,2.374,3508.4,0.0,8785.1,537.2,11.0,35.0,0.0,0.0,4993.2,0.0,0.00,pathseer:12
beir500k-f32,pos40_cat00,pos40,202630,ours-guard,512,1,12,1.0000,1.0000,0.00000,4.674,6.551,7.447,4.713,6741.8,0.0,16698.0,1212.8,24.0,96.0,0.0,0.0,9391.6,0.0,0.00,pathseer:12
beir500k-f32,pos40_cat00,pos40,202630,ours-guard,512,2,12,1.0000,1.0000,0.00000,4.618,6.525,7.431,4.707,6741.8,0.0,16698.0,1212.8,24.0,96.0,0.0,0.0,9391.6,0.0,0.00,pathseer:12
beir500k-f32,pos40_cat00,pos40,202630,ours-guard,512,3,12,1.0000,1.0000,0.00000,4.717,6.737,7.606,4.809,6741.8,0.0,16698.0,1212.8,24.0,96.0,0.0,0.0,9391.6,0.0,0.00,pathseer:12
beir500k-f32,pos40_cat01,pos40,222136,sweeping,64,1,22,1.0000,1.0000,0.00000,0.579,0.824,0.843,0.594,1283.8,0.0,195.5,68.0,3.0,3.0,0.0,0.0,0.0,0.0,0.00,sweeping:22
beir500k-f32,pos40_cat01,pos40,222136,sweeping,64,2,22,1.0000,1.0000,0.00000,0.588,0.822,0.862,0.599,1283.8,0.0,195.5,68.0,3.0,3.0,0.0,0.0,0.0,0.0,0.00,sweeping:22
beir500k-f32,pos40_cat01,pos40,222136,sweeping,64,3,22,1.0000,1.0000,0.00000,0.573,0.818,0.858,0.594,1283.8,0.0,195.5,68.0,3.0,3.0,0.0,0.0,0.0,0.0,0.00,sweeping:22
beir500k-f32,pos40_cat01,pos40,222136,sweeping,128,1,22,1.0000,1.0000,0.00000,1.038,1.646,1.777,1.096,2277.4,0.0,334.4,136.9,6.0,6.0,0.0,0.0,0.0,0.0,0.00,sweeping:22
beir500k-f32,pos40_cat01,pos40,222136,sweeping,128,2,22,1.0000,1.0000,0.00000,1.063,1.546,1.710,1.089,2277.4,0.0,334.4,136.9,6.0,6.0,0.0,0.0,0.0,0.0,0.00,sweeping:22
beir500k-f32,pos40_cat01,pos40,222136,sweeping,128,3,22,1.0000,1.0000,0.00000,1.094,1.613,1.793,1.093,2277.4,0.0,334.4,136.9,6.0,6.0,0.0,0.0,0.0,0.0,0.00,sweeping:22
beir500k-f32,pos40_cat01,pos40,222136,sweeping,256,1,22,1.0000,1.0000,0.00000,1.879,3.179,3.547,2.000,4089.0,0.0,604.0,278.7,11.0,12.0,0.0,0.0,0.0,0.0,0.00,sweeping:22
beir500k-f32,pos40_cat01,pos40,222136,sweeping,256,2,22,1.0000,1.0000,0.00000,1.865,3.019,3.402,1.990,4089.0,0.0,604.0,278.7,11.0,12.0,0.0,0.0,0.0,0.0,0.00,sweeping:22
beir500k-f32,pos40_cat01,pos40,222136,sweeping,256,3,22,1.0000,1.0000,0.00000,1.881,3.134,3.377,1.963,4089.0,0.0,604.0,278.7,11.0,12.0,0.0,0.0,0.0,0.0,0.00,sweeping:22
beir500k-f32,pos40_cat01,pos40,222136,sweeping,512,1,22,1.0000,1.0000,0.00000,3.352,5.892,6.532,3.649,7206.5,0.0,1139.4,568.9,24.0,28.0,0.0,0.0,0.0,0.0,0.00,sweeping:22
beir500k-f32,pos40_cat01,pos40,222136,sweeping,512,2,22,1.0000,1.0000,0.00000,3.450,6.271,6.811,3.686,7206.5,0.0,1139.4,568.9,24.0,28.0,0.0,0.0,0.0,0.0,0.00,sweeping:22
beir500k-f32,pos40_cat01,pos40,222136,sweeping,512,3,22,1.0000,1.0000,0.00000,3.332,5.889,6.434,3.671,7206.5,0.0,1139.4,568.9,24.0,28.0,0.0,0.0,0.0,0.0,0.00,sweeping:22
beir500k-f32,pos40_cat01,pos40,222136,pathseer,64,1,22,1.0000,1.0000,0.00000,0.565,0.760,0.791,0.572,1282.0,0.0,405.6,67.6,2.0,2.0,72.7,50.9,32.0,1.1,0.00,pathseer:22
beir500k-f32,pos40_cat01,pos40,222136,pathseer,64,2,22,1.0000,1.0000,0.00000,0.566,0.795,0.820,0.579,1282.0,0.0,405.6,67.6,2.0,2.0,72.7,50.9,32.0,1.1,0.00,pathseer:22
beir500k-f32,pos40_cat01,pos40,222136,pathseer,64,3,22,1.0000,1.0000,0.00000,0.567,0.778,0.831,0.578,1282.0,0.0,405.6,67.6,2.0,2.0,72.7,50.9,32.0,1.1,0.00,pathseer:22
beir500k-f32,pos40_cat01,pos40,222136,pathseer,128,1,22,1.0000,1.0000,0.00000,1.006,1.393,1.402,1.020,2207.9,0.0,778.0,135.1,3.0,3.0,139.6,97.5,88.3,2.2,0.00,pathseer:22
beir500k-f32,pos40_cat01,pos40,222136,pathseer,128,2,22,1.0000,1.0000,0.00000,1.026,1.448,1.537,1.042,2207.9,0.0,778.0,135.1,3.0,3.0,139.6,97.5,88.3,2.2,0.00,pathseer:22
beir500k-f32,pos40_cat01,pos40,222136,pathseer,128,3,22,1.0000,1.0000,0.00000,1.034,1.466,1.614,1.058,2207.9,0.0,778.0,135.1,3.0,3.0,139.6,97.5,88.3,2.2,0.00,pathseer:22
beir500k-f32,pos40_cat01,pos40,222136,pathseer,256,1,22,1.0000,1.0000,0.00000,1.781,2.549,2.551,1.854,3811.8,0.0,1475.0,271.6,5.0,5.0,244.4,174.0,223.5,3.8,0.00,pathseer:22
beir500k-f32,pos40_cat01,pos40,222136,pathseer,256,2,22,1.0000,1.0000,0.00000,1.972,2.770,2.987,2.046,3811.8,0.0,1475.0,271.6,5.0,5.0,244.4,174.0,223.5,3.8,0.00,pathseer:22
beir500k-f32,pos40_cat01,pos40,222136,pathseer,256,3,22,1.0000,1.0000,0.00000,1.954,2.559,2.768,1.947,3811.8,0.0,1475.0,271.6,5.0,5.0,244.4,174.0,223.5,3.8,0.00,pathseer:22
beir500k-f32,pos40_cat01,pos40,222136,pathseer,512,1,22,1.0000,1.0000,0.00000,3.189,4.455,4.639,3.302,6480.8,0.0,2899.5,547.9,9.0,9.0,514.9,346.1,508.3,8.0,0.00,pathseer:22
beir500k-f32,pos40_cat01,pos40,222136,pathseer,512,2,22,1.0000,1.0000,0.00000,3.311,4.443,4.845,3.401,6480.8,0.0,2899.5,547.9,9.0,9.0,514.9,346.1,508.3,8.0,0.00,pathseer:22
beir500k-f32,pos40_cat01,pos40,222136,pathseer,512,3,22,1.0000,1.0000,0.00000,3.348,4.394,4.592,3.361,6480.8,0.0,2899.5,547.9,9.0,9.0,514.9,346.1,508.3,8.0,0.00,pathseer:22
beir500k-f32,pos40_cat01,pos40,222136,ours-no-twohop,64,1,22,1.0000,1.0000,0.00000,0.582,0.783,0.793,0.565,1241.1,0.0,307.3,67.6,3.0,3.0,0.0,0.0,32.5,0.0,0.00,pathseer:22
beir500k-f32,pos40_cat01,pos40,222136,ours-no-twohop,64,2,22,1.0000,1.0000,0.00000,0.551,0.732,0.769,0.554,1241.1,0.0,307.3,67.6,3.0,3.0,0.0,0.0,32.5,0.0,0.00,pathseer:22
beir500k-f32,pos40_cat01,pos40,222136,ours-no-twohop,64,3,22,1.0000,1.0000,0.00000,0.569,0.776,0.802,0.575,1241.1,0.0,307.3,67.6,3.0,3.0,0.0,0.0,32.5,0.0,0.00,pathseer:22
beir500k-f32,pos40_cat01,pos40,222136,ours-no-twohop,128,1,22,1.0000,1.0000,0.00000,0.999,1.384,1.404,0.994,2145.0,0.0,583.9,135.1,6.0,6.0,0.0,0.0,88.3,0.0,0.00,pathseer:22
beir500k-f32,pos40_cat01,pos40,222136,ours-no-twohop,128,2,22,1.0000,1.0000,0.00000,1.054,1.404,1.413,1.025,2145.0,0.0,583.9,135.1,6.0,6.0,0.0,0.0,88.3,0.0,0.00,pathseer:22
beir500k-f32,pos40_cat01,pos40,222136,ours-no-twohop,128,3,22,1.0000,1.0000,0.00000,1.022,1.380,1.447,1.010,2145.0,0.0,583.9,135.1,6.0,6.0,0.0,0.0,88.3,0.0,0.00,pathseer:22
beir500k-f32,pos40_cat01,pos40,222136,ours-no-twohop,256,1,22,1.0000,1.0000,0.00000,1.803,2.499,2.602,1.843,3730.0,0.0,1154.1,272.0,11.0,12.0,0.0,0.0,231.4,0.0,0.00,pathseer:22
beir500k-f32,pos40_cat01,pos40,222136,ours-no-twohop,256,2,22,1.0000,1.0000,0.00000,1.792,2.439,2.518,1.819,3730.0,0.0,1154.1,272.0,11.0,12.0,0.0,0.0,231.4,0.0,0.00,pathseer:22
beir500k-f32,pos40_cat01,pos40,222136,ours-no-twohop,256,3,22,1.0000,1.0000,0.00000,1.783,2.505,2.716,1.877,3730.0,0.0,1154.1,272.0,11.0,12.0,0.0,0.0,231.4,0.0,0.00,pathseer:22
beir500k-f32,pos40_cat01,pos40,222136,ours-no-twohop,512,1,22,1.0000,1.0000,0.00000,3.092,4.276,4.435,3.178,6380.5,0.0,2287.1,548.9,24.0,28.0,0.0,0.0,517.4,0.0,0.00,pathseer:22
beir500k-f32,pos40_cat01,pos40,222136,ours-no-twohop,512,2,22,1.0000,1.0000,0.00000,3.147,4.392,4.465,3.246,6380.5,0.0,2287.1,548.9,24.0,28.0,0.0,0.0,517.4,0.0,0.00,pathseer:22
beir500k-f32,pos40_cat01,pos40,222136,ours-no-twohop,512,3,22,1.0000,1.0000,0.00000,3.098,4.441,4.605,3.243,6380.5,0.0,2287.1,548.9,24.0,28.0,0.0,0.0,517.4,0.0,0.00,pathseer:22
beir500k-f32,pos40_cat01,pos40,222136,ours-guard,64,1,22,1.0000,1.0000,0.00000,0.487,0.597,0.639,0.493,1091.8,0.0,1336.4,65.6,3.0,3.0,0.0,0.0,146.1,0.0,0.00,pathseer:22
beir500k-f32,pos40_cat01,pos40,222136,ours-guard,64,2,22,1.0000,1.0000,0.00000,0.483,0.620,0.644,0.491,1091.8,0.0,1336.4,65.6,3.0,3.0,0.0,0.0,146.1,0.0,0.00,pathseer:22
beir500k-f32,pos40_cat01,pos40,222136,ours-guard,64,3,22,1.0000,1.0000,0.00000,0.499,0.594,0.646,0.497,1091.8,0.0,1336.4,65.6,3.0,3.0,0.0,0.0,146.1,0.0,0.00,pathseer:22
beir500k-f32,pos40_cat01,pos40,222136,ours-guard,128,1,22,1.0000,1.0000,0.00000,0.855,1.057,1.119,0.857,1869.2,0.0,2317.7,130.6,6.0,6.0,0.0,0.0,281.5,0.0,0.00,pathseer:22
beir500k-f32,pos40_cat01,pos40,222136,ours-guard,128,2,22,1.0000,1.0000,0.00000,0.897,1.062,1.139,0.870,1869.2,0.0,2317.7,130.6,6.0,6.0,0.0,0.0,281.5,0.0,0.00,pathseer:22
beir500k-f32,pos40_cat01,pos40,222136,ours-guard,128,3,22,1.0000,1.0000,0.00000,0.919,1.185,1.254,0.931,1869.2,0.0,2317.7,130.6,6.0,6.0,0.0,0.0,281.5,0.0,0.00,pathseer:22
beir500k-f32,pos40_cat01,pos40,222136,ours-guard,256,1,22,1.0000,1.0000,0.00000,1.592,2.055,2.187,1.602,3197.1,0.0,4073.2,262.7,11.0,12.0,0.0,0.0,605.2,0.0,0.00,pathseer:22
beir500k-f32,pos40_cat01,pos40,222136,ours-guard,256,2,22,1.0000,1.0000,0.00000,1.747,2.074,2.268,1.715,3197.1,0.0,4073.2,262.7,11.0,12.0,0.0,0.0,605.2,0.0,0.00,pathseer:22
beir500k-f32,pos40_cat01,pos40,222136,ours-guard,256,3,22,1.0000,1.0000,0.00000,1.668,2.149,2.165,1.655,3197.1,0.0,4073.2,262.7,11.0,12.0,0.0,0.0,605.2,0.0,0.00,pathseer:22
beir500k-f32,pos40_cat01,pos40,222136,ours-guard,512,1,22,1.0000,1.0000,0.00000,2.911,3.622,3.686,2.921,5399.3,0.0,7076.1,529.1,24.0,28.0,0.0,0.0,1197.0,0.0,0.00,pathseer:22
beir500k-f32,pos40_cat01,pos40,222136,ours-guard,512,2,22,1.0000,1.0000,0.00000,2.827,3.648,3.740,2.857,5399.3,0.0,7076.1,529.1,24.0,28.0,0.0,0.0,1197.0,0.0,0.00,pathseer:22
beir500k-f32,pos40_cat01,pos40,222136,ours-guard,512,3,22,1.0000,1.0000,0.00000,2.760,3.698,3.923,2.875,5399.3,0.0,7076.1,529.1,24.0,28.0,0.0,0.0,1197.0,0.0,0.00,pathseer:22
beir500k-f32,pos40_cat02,pos40,209153,sweeping,64,1,60,0.9567,0.7667,0.00168,0.846,1.093,1.230,0.869,1902.5,0.0,248.5,74.0,3.0,3.0,0.0,0.0,0.0,0.0,0.00,sweeping:60
beir500k-f32,pos40_cat02,pos40,209153,sweeping,64,2,60,0.9567,0.7667,0.00168,0.846,1.125,1.257,0.883,1902.5,0.0,248.5,74.0,3.0,3.0,0.0,0.0,0.0,0.0,0.00,sweeping:60
beir500k-f32,pos40_cat02,pos40,209153,sweeping,64,3,60,0.9567,0.7667,0.00168,0.867,1.148,1.268,0.893,1902.5,0.0,248.5,74.0,3.0,3.0,0.0,0.0,0.0,0.0,0.00,sweeping:60
beir500k-f32,pos40_cat02,pos40,209153,sweeping,128,1,60,0.9683,0.8833,0.00140,1.524,2.093,2.439,1.627,3412.9,0.0,436.9,148.7,5.0,5.0,0.0,0.0,0.0,0.0,0.00,sweeping:60
beir500k-f32,pos40_cat02,pos40,209153,sweeping,128,2,60,0.9683,0.8833,0.00140,1.524,2.083,2.536,1.643,3412.9,0.0,436.9,148.7,5.0,5.0,0.0,0.0,0.0,0.0,0.00,sweeping:60
beir500k-f32,pos40_cat02,pos40,209153,sweeping,128,3,60,0.9683,0.8833,0.00140,1.593,2.187,2.440,1.669,3412.9,0.0,436.9,148.7,5.0,5.0,0.0,0.0,0.0,0.0,0.00,sweeping:60
beir500k-f32,pos40_cat02,pos40,209153,sweeping,256,1,60,0.9950,0.9500,0.00013,2.698,3.965,4.593,2.897,5936.3,0.0,789.5,303.6,9.0,9.0,0.0,0.0,0.0,0.0,0.00,sweeping:60
beir500k-f32,pos40_cat02,pos40,209153,sweeping,256,2,60,0.9950,0.9500,0.00013,2.915,4.290,4.848,3.150,5936.3,0.0,789.5,303.6,9.0,9.0,0.0,0.0,0.0,0.0,0.00,sweeping:60
beir500k-f32,pos40_cat02,pos40,209153,sweeping,256,3,60,0.9950,0.9500,0.00013,2.618,4.199,4.641,2.900,5936.3,0.0,789.5,303.6,9.0,9.0,0.0,0.0,0.0,0.0,0.00,sweeping:60
beir500k-f32,pos40_cat02,pos40,209153,sweeping,512,1,60,1.0000,1.0000,0.00000,4.451,7.115,7.861,4.862,9901.5,0.0,1434.7,604.8,17.0,18.0,0.0,0.0,0.0,0.0,0.00,sweeping:60
beir500k-f32,pos40_cat02,pos40,209153,sweeping,512,2,60,1.0000,1.0000,0.00000,4.447,7.073,7.915,4.910,9901.5,0.0,1434.7,604.8,17.0,18.0,0.0,0.0,0.0,0.0,0.00,sweeping:60
beir500k-f32,pos40_cat02,pos40,209153,sweeping,512,3,60,1.0000,1.0000,0.00000,4.470,7.122,7.792,4.897,9901.5,0.0,1434.7,604.8,17.0,18.0,0.0,0.0,0.0,0.0,0.00,sweeping:60
beir500k-f32,pos40_cat02,pos40,209153,pathseer,64,1,60,0.9533,0.7667,0.00177,0.857,1.017,1.041,0.849,1804.7,0.0,462.9,68.6,2.0,2.0,67.2,54.8,46.1,1.1,0.00,pathseer:60
beir500k-f32,pos40_cat02,pos40,209153,pathseer,64,2,60,0.9533,0.7667,0.00177,0.906,1.071,1.150,0.882,1804.7,0.0,462.9,68.6,2.0,2.0,67.2,54.8,46.1,1.1,0.00,pathseer:60
beir500k-f32,pos40_cat02,pos40,209153,pathseer,64,3,60,0.9533,0.7667,0.00177,0.824,0.955,1.001,0.812,1804.7,0.0,462.9,68.6,2.0,2.0,67.2,54.8,46.1,1.1,0.00,pathseer:60
beir500k-f32,pos40_cat02,pos40,209153,pathseer,128,1,60,0.9650,0.8500,0.00142,1.489,1.726,1.847,1.469,3187.2,0.0,862.0,134.7,3.0,3.0,129.1,103.8,98.3,2.0,0.00,pathseer:60
beir500k-f32,pos40_cat02,pos40,209153,pathseer,128,2,60,0.9650,0.8500,0.00142,1.459,1.726,1.799,1.442,3187.2,0.0,862.0,134.7,3.0,3.0,129.1,103.8,98.3,2.0,0.00,pathseer:60
beir500k-f32,pos40_cat02,pos40,209153,pathseer,128,3,60,0.9650,0.8500,0.00142,1.455,1.799,1.822,1.456,3187.2,0.0,862.0,134.7,3.0,3.0,129.1,103.8,98.3,2.0,0.00,pathseer:60
beir500k-f32,pos40_cat02,pos40,209153,pathseer,256,1,60,0.9883,0.9167,0.00030,2.564,3.191,3.299,2.561,5438.1,0.0,1582.0,268.7,4.0,4.0,219.7,170.0,205.1,3.4,0.00,pathseer:60
beir500k-f32,pos40_cat02,pos40,209153,pathseer,256,2,60,0.9883,0.9167,0.00030,2.593,3.174,3.371,2.582,5438.1,0.0,1582.0,268.7,4.0,4.0,219.7,170.0,205.1,3.4,0.00,pathseer:60
beir500k-f32,pos40_cat02,pos40,209153,pathseer,256,3,60,0.9883,0.9167,0.00030,2.563,3.204,3.264,2.567,5438.1,0.0,1582.0,268.7,4.0,4.0,219.7,170.0,205.1,3.4,0.00,pathseer:60
beir500k-f32,pos40_cat02,pos40,209153,pathseer,512,1,60,1.0000,1.0000,0.00000,4.469,5.516,5.925,4.496,9028.2,0.0,2996.0,539.0,8.0,8.0,438.4,330.1,428.6,6.8,0.00,pathseer:60
beir500k-f32,pos40_cat02,pos40,209153,pathseer,512,2,60,1.0000,1.0000,0.00000,4.500,5.545,5.940,4.474,9028.2,0.0,2996.0,539.0,8.0,8.0,438.4,330.1,428.6,6.8,0.00,pathseer:60
beir500k-f32,pos40_cat02,pos40,209153,pathseer,512,3,60,1.0000,1.0000,0.00000,4.596,5.631,6.026,4.596,9028.2,0.0,2996.0,539.0,8.0,8.0,438.4,330.1,428.6,6.8,0.00,pathseer:60
beir500k-f32,pos40_cat02,pos40,209153,ours-no-twohop,64,1,60,0.9550,0.7500,0.00169,0.805,0.915,0.979,0.794,1762.2,0.0,367.8,68.7,3.0,3.0,0.0,0.0,45.7,0.0,0.00,pathseer:60
beir500k-f32,pos40_cat02,pos40,209153,ours-no-twohop,64,2,60,0.9550,0.7500,0.00169,0.785,0.912,0.948,0.777,1762.2,0.0,367.8,68.7,3.0,3.0,0.0,0.0,45.7,0.0,0.00,pathseer:60
beir500k-f32,pos40_cat02,pos40,209153,ours-no-twohop,64,3,60,0.9550,0.7500,0.00169,0.788,0.897,0.955,0.786,1762.2,0.0,367.8,68.7,3.0,3.0,0.0,0.0,45.7,0.0,0.00,pathseer:60
beir500k-f32,pos40_cat02,pos40,209153,ours-no-twohop,128,1,60,0.9667,0.8667,0.00141,1.404,1.739,1.758,1.395,3118.2,0.0,690.8,135.6,5.0,5.0,0.0,0.0,105.6,0.0,0.00,pathseer:60
beir500k-f32,pos40_cat02,pos40,209153,ours-no-twohop,128,2,60,0.9667,0.8667,0.00141,1.433,1.747,1.795,1.429,3118.2,0.0,690.8,135.6,5.0,5.0,0.0,0.0,105.6,0.0,0.00,pathseer:60
beir500k-f32,pos40_cat02,pos40,209153,ours-no-twohop,128,3,60,0.9667,0.8667,0.00141,1.456,1.743,1.776,1.416,3118.2,0.0,690.8,135.6,5.0,5.0,0.0,0.0,105.6,0.0,0.00,pathseer:60
beir500k-f32,pos40_cat02,pos40,209153,ours-no-twohop,256,1,60,0.9900,0.9333,0.00029,2.503,3.060,3.322,2.470,5345.3,0.0,1310.8,271.2,9.0,9.0,0.0,0.0,234.8,0.0,0.00,pathseer:60
beir500k-f32,pos40_cat02,pos40,209153,ours-no-twohop,256,2,60,0.9900,0.9333,0.00029,2.470,3.091,3.214,2.466,5345.3,0.0,1310.8,271.2,9.0,9.0,0.0,0.0,234.8,0.0,0.00,pathseer:60
beir500k-f32,pos40_cat02,pos40,209153,ours-no-twohop,256,3,60,0.9900,0.9333,0.00029,2.509,3.056,3.284,2.486,5345.3,0.0,1310.8,271.2,9.0,9.0,0.0,0.0,234.8,0.0,0.00,pathseer:60
beir500k-f32,pos40_cat02,pos40,209153,ours-no-twohop,512,1,60,1.0000,1.0000,0.00000,4.348,5.447,5.902,4.379,8905.7,0.0,2515.4,548.3,17.0,18.0,0.0,0.0,500.2,0.0,0.00,pathseer:60
beir500k-f32,pos40_cat02,pos40,209153,ours-no-twohop,512,2,60,1.0000,1.0000,0.00000,4.337,5.771,5.943,4.418,8905.7,0.0,2515.4,548.3,17.0,18.0,0.0,0.0,500.2,0.0,0.00,pathseer:60
beir500k-f32,pos40_cat02,pos40,209153,ours-no-twohop,512,3,60,1.0000,1.0000,0.00000,4.358,5.403,6.625,4.421,8905.7,0.0,2515.4,548.3,17.0,18.0,0.0,0.0,500.2,0.0,0.00,pathseer:60
beir500k-f32,pos40_cat02,pos40,209153,ours-guard,64,1,60,0.9550,0.7500,0.00168,0.781,0.880,0.924,0.763,1637.4,0.0,1891.5,66.4,3.0,3.0,0.0,0.0,114.8,0.0,0.00,pathseer:60
beir500k-f32,pos40_cat02,pos40,209153,ours-guard,64,2,60,0.9550,0.7500,0.00168,0.760,0.918,0.924,0.760,1637.4,0.0,1891.5,66.4,3.0,3.0,0.0,0.0,114.8,0.0,0.00,pathseer:60
beir500k-f32,pos40_cat02,pos40,209153,ours-guard,64,3,60,0.9550,0.7500,0.00168,0.770,0.876,0.902,0.748,1637.4,0.0,1891.5,66.4,3.0,3.0,0.0,0.0,114.8,0.0,0.00,pathseer:60
beir500k-f32,pos40_cat02,pos40,209153,ours-guard,128,1,60,0.9667,0.8667,0.00141,1.353,1.634,1.651,1.351,2887.6,0.0,3367.9,131.3,5.0,5.0,0.0,0.0,235.8,0.0,0.00,pathseer:60
beir500k-f32,pos40_cat02,pos40,209153,ours-guard,128,2,60,0.9667,0.8667,0.00141,1.341,1.564,1.603,1.333,2887.6,0.0,3367.9,131.3,5.0,5.0,0.0,0.0,235.8,0.0,0.00,pathseer:60
beir500k-f32,pos40_cat02,pos40,209153,ours-guard,128,3,60,0.9667,0.8667,0.00141,1.355,1.635,1.646,1.354,2887.6,0.0,3367.9,131.3,5.0,5.0,0.0,0.0,235.8,0.0,0.00,pathseer:60
beir500k-f32,pos40_cat02,pos40,209153,ours-guard,256,1,60,0.9900,0.9333,0.00029,2.384,2.757,2.901,2.361,4911.1,0.0,5826.7,263.5,9.0,9.0,0.0,0.0,502.0,0.0,0.00,pathseer:60
beir500k-f32,pos40_cat02,pos40,209153,ours-guard,256,2,60,0.9900,0.9333,0.00029,2.400,2.796,2.855,2.364,4911.1,0.0,5826.7,263.5,9.0,9.0,0.0,0.0,502.0,0.0,0.00,pathseer:60
beir500k-f32,pos40_cat02,pos40,209153,ours-guard,256,3,60,0.9900,0.9333,0.00029,2.359,2.743,2.787,2.350,4911.1,0.0,5826.7,263.5,9.0,9.0,0.0,0.0,502.0,0.0,0.00,pathseer:60
beir500k-f32,pos40_cat02,pos40,209153,ours-guard,512,1,60,1.0000,1.0000,0.00000,4.122,4.866,5.154,4.127,8113.2,0.0,9819.3,533.7,17.0,18.0,0.0,0.0,1003.7,0.0,0.00,pathseer:60
beir500k-f32,pos40_cat02,pos40,209153,ours-guard,512,2,60,1.0000,1.0000,0.00000,4.312,5.317,5.625,4.325,8113.2,0.0,9819.3,533.7,17.0,18.0,0.0,0.0,1003.7,0.0,0.00,pathseer:60
beir500k-f32,pos40_cat02,pos40,209153,ours-guard,512,3,60,1.0000,1.0000,0.00000,4.202,4.878,5.032,4.130,8113.2,0.0,9819.3,533.7,17.0,18.0,0.0,0.0,1003.7,0.0,0.00,pathseer:60
beir500k-f32,pos40_cat03,pos40,220547,sweeping,64,1,55,0.9873,0.8727,0.00032,0.795,1.203,1.516,0.835,1751.8,0.0,233.9,75.0,3.0,3.0,0.0,0.0,0.0,0.0,0.00,sweeping:55
beir500k-f32,pos40_cat03,pos40,220547,sweeping,64,2,55,0.9873,0.8727,0.00032,0.801,1.224,1.512,0.838,1751.8,0.0,233.9,75.0,3.0,3.0,0.0,0.0,0.0,0.0,0.00,sweeping:55
beir500k-f32,pos40_cat03,pos40,220547,sweeping,64,3,55,0.9873,0.8727,0.00032,0.805,1.205,1.510,0.838,1751.8,0.0,233.9,75.0,3.0,3.0,0.0,0.0,0.0,0.0,0.00,sweeping:55
beir500k-f32,pos40_cat03,pos40,220547,sweeping,128,1,55,0.9945,0.9455,0.00017,1.403,2.026,2.908,1.477,3104.7,0.0,405.3,148.3,5.0,5.0,0.0,0.0,0.0,0.0,0.00,sweeping:55
beir500k-f32,pos40_cat03,pos40,220547,sweeping,128,2,55,0.9945,0.9455,0.00017,1.417,2.060,2.968,1.495,3104.7,0.0,405.3,148.3,5.0,5.0,0.0,0.0,0.0,0.0,0.00,sweeping:55
beir500k-f32,pos40_cat03,pos40,220547,sweeping,128,3,55,0.9945,0.9455,0.00017,1.437,2.062,3.007,1.503,3104.7,0.0,405.3,148.3,5.0,5.0,0.0,0.0,0.0,0.0,0.00,sweeping:55
beir500k-f32,pos40_cat03,pos40,220547,sweeping,256,1,55,0.9964,0.9636,0.00015,2.552,3.493,5.050,2.674,5469.5,0.0,726.5,296.7,10.0,10.0,0.0,0.0,0.0,0.0,0.00,sweeping:55
beir500k-f32,pos40_cat03,pos40,220547,sweeping,256,2,55,0.9964,0.9636,0.00015,2.579,3.483,4.986,2.671,5469.5,0.0,726.5,296.7,10.0,10.0,0.0,0.0,0.0,0.0,0.00,sweeping:55
beir500k-f32,pos40_cat03,pos40,220547,sweeping,256,3,55,0.9964,0.9636,0.00015,2.563,3.529,5.046,2.683,5469.5,0.0,726.5,296.7,10.0,10.0,0.0,0.0,0.0,0.0,0.00,sweeping:55
beir500k-f32,pos40_cat03,pos40,220547,sweeping,512,1,55,0.9964,0.9636,0.00015,4.632,7.282,9.211,4.969,9571.8,0.0,1355.3,600.3,20.0,20.0,0.0,0.0,0.0,0.0,0.00,sweeping:55
beir500k-f32,pos40_cat03,pos40,220547,sweeping,512,2,55,0.9964,0.9636,0.00015,4.562,6.904,9.374,4.936,9571.8,0.0,1355.3,600.3,20.0,20.0,0.0,0.0,0.0,0.0,0.00,sweeping:55
beir500k-f32,pos40_cat03,pos40,220547,sweeping,512,3,55,0.9964,0.9636,0.00015,4.498,6.804,8.734,4.844,9571.8,0.0,1355.3,600.3,20.0,20.0,0.0,0.0,0.0,0.0,0.00,sweeping:55
beir500k-f32,pos40_cat03,pos40,220547,pathseer,64,1,55,0.9873,0.8727,0.00032,0.829,0.976,1.002,0.810,1666.5,0.0,455.5,69.4,2.0,2.0,73.3,55.5,49.1,1.1,0.00,pathseer:55
beir500k-f32,pos40_cat03,pos40,220547,pathseer,64,2,55,0.9873,0.8727,0.00032,0.817,0.978,0.996,0.814,1666.5,0.0,455.5,69.4,2.0,2.0,73.3,55.5,49.1,1.1,0.00,pathseer:55
beir500k-f32,pos40_cat03,pos40,220547,pathseer,64,3,55,0.9873,0.8727,0.00032,0.832,0.979,1.000,0.812,1666.5,0.0,455.5,69.4,2.0,2.0,73.3,55.5,49.1,1.1,0.00,pathseer:55
beir500k-f32,pos40_cat03,pos40,220547,pathseer,128,1,55,0.9945,0.9455,0.00017,1.448,1.744,1.860,1.440,2925.1,0.0,834.8,136.0,3.0,3.0,135.0,108.1,97.8,2.1,0.00,pathseer:55
beir500k-f32,pos40_cat03,pos40,220547,pathseer,128,2,55,0.9945,0.9455,0.00017,1.430,1.697,1.757,1.399,2925.1,0.0,834.8,136.0,3.0,3.0,135.0,108.1,97.8,2.1,0.00,pathseer:55
beir500k-f32,pos40_cat03,pos40,220547,pathseer,128,3,55,0.9945,0.9455,0.00017,1.438,1.710,1.762,1.407,2925.1,0.0,834.8,136.0,3.0,3.0,135.0,108.1,97.8,2.1,0.00,pathseer:55
beir500k-f32,pos40_cat03,pos40,220547,pathseer,256,1,55,0.9964,0.9636,0.00015,2.540,2.990,3.105,2.486,5061.8,0.0,1514.9,270.5,4.0,4.0,218.8,172.1,199.8,3.4,0.00,pathseer:55
beir500k-f32,pos40_cat03,pos40,220547,pathseer,256,2,55,0.9964,0.9636,0.00015,2.577,2.967,3.181,2.493,5061.8,0.0,1514.9,270.5,4.0,4.0,218.8,172.1,199.8,3.4,0.00,pathseer:55
beir500k-f32,pos40_cat03,pos40,220547,pathseer,256,3,55,0.9964,0.9636,0.00015,2.500,3.037,3.113,2.478,5061.8,0.0,1514.9,270.5,4.0,4.0,218.8,172.1,199.8,3.4,0.00,pathseer:55
beir500k-f32,pos40_cat03,pos40,220547,pathseer,512,1,55,0.9964,0.9636,0.00015,4.556,5.542,5.658,4.448,8646.9,0.0,2957.9,544.6,8.0,8.0,441.0,342.1,452.8,6.9,0.00,pathseer:55
beir500k-f32,pos40_cat03,pos40,220547,pathseer,512,2,55,0.9964,0.9636,0.00015,4.571,5.678,6.265,4.537,8646.9,0.0,2957.9,544.6,8.0,8.0,441.0,342.1,452.8,6.9,0.00,pathseer:55
beir500k-f32,pos40_cat03,pos40,220547,pathseer,512,3,55,0.9964,0.9636,0.00015,4.544,5.657,5.726,4.494,8646.9,0.0,2957.9,544.6,8.0,8.0,441.0,342.1,452.8,6.9,0.00,pathseer:55
beir500k-f32,pos40_cat03,pos40,220547,ours-no-twohop,64,1,55,0.9873,0.8727,0.00032,0.785,0.930,1.004,0.768,1619.5,0.0,358.2,69.6,3.0,3.0,0.0,0.0,52.2,0.0,0.00,pathseer:55
beir500k-f32,pos40_cat03,pos40,220547,ours-no-twohop,64,2,55,0.9873,0.8727,0.00032,0.783,0.948,0.992,0.770,1619.5,0.0,358.2,69.6,3.0,3.0,0.0,0.0,52.2,0.0,0.00,pathseer:55
beir500k-f32,pos40_cat03,pos40,220547,ours-no-twohop,64,3,55,0.9873,0.8727,0.00032,0.784,0.932,1.008,0.770,1619.5,0.0,358.2,69.6,3.0,3.0,0.0,0.0,52.2,0.0,0.00,pathseer:55
beir500k-f32,pos40_cat03,pos40,220547,ours-no-twohop,128,1,55,0.9945,0.9455,0.00017,1.400,1.662,1.742,1.360,2853.2,0.0,650.8,136.9,5.0,5.0,0.0,0.0,103.5,0.0,0.00,pathseer:55
beir500k-f32,pos40_cat03,pos40,220547,ours-no-twohop,128,2,55,0.9945,0.9455,0.00017,1.382,1.665,1.773,1.359,2853.2,0.0,650.8,136.9,5.0,5.0,0.0,0.0,103.5,0.0,0.00,pathseer:55
beir500k-f32,pos40_cat03,pos40,220547,ours-no-twohop,128,3,55,0.9945,0.9455,0.00017,1.374,1.669,1.818,1.364,2853.2,0.0,650.8,136.9,5.0,5.0,0.0,0.0,103.5,0.0,0.00,pathseer:55
beir500k-f32,pos40_cat03,pos40,220547,ours-no-twohop,256,1,55,0.9964,0.9636,0.00015,2.444,2.922,3.120,2.422,4969.9,0.0,1230.2,273.7,10.0,10.0,0.0,0.0,218.8,0.0,0.00,pathseer:55
beir500k-f32,pos40_cat03,pos40,220547,ours-no-twohop,256,2,55,0.9964,0.9636,0.00015,2.455,3.028,3.137,2.434,4969.9,0.0,1230.2,273.7,10.0,10.0,0.0,0.0,218.8,0.0,0.00,pathseer:55
beir500k-f32,pos40_cat03,pos40,220547,ours-no-twohop,256,3,55,0.9964,0.9636,0.00015,2.448,2.984,3.186,2.416,4969.9,0.0,1230.2,273.7,10.0,10.0,0.0,0.0,218.8,0.0,0.00,pathseer:55
beir500k-f32,pos40_cat03,pos40,220547,ours-no-twohop,512,1,55,0.9964,0.9636,0.00015,4.431,5.340,5.527,4.349,8535.2,0.0,2455.6,554.5,20.0,20.0,0.0,0.0,504.0,0.0,0.00,pathseer:55
beir500k-f32,pos40_cat03,pos40,220547,ours-no-twohop,512,2,55,0.9964,0.9636,0.00015,4.489,5.529,5.933,4.447,8535.2,0.0,2455.6,554.5,20.0,20.0,0.0,0.0,504.0,0.0,0.00,pathseer:55
beir500k-f32,pos40_cat03,pos40,220547,ours-no-twohop,512,3,55,0.9964,0.9636,0.00015,4.418,5.425,5.646,4.350,8535.2,0.0,2455.6,554.5,20.0,20.0,0.0,0.0,504.0,0.0,0.00,pathseer:55
beir500k-f32,pos40_cat03,pos40,220547,ours-guard,64,1,55,0.9855,0.8545,0.00032,0.778,0.917,0.982,0.761,1518.1,0.0,1757.0,67.7,3.0,3.0,0.0,0.0,116.7,0.0,0.00,pathseer:55
beir500k-f32,pos40_cat03,pos40,220547,ours-guard,64,2,55,0.9855,0.8545,0.00032,0.754,0.898,0.949,0.745,1518.1,0.0,1757.0,67.7,3.0,3.0,0.0,0.0,116.7,0.0,0.00,pathseer:55
beir500k-f32,pos40_cat03,pos40,220547,ours-guard,64,3,55,0.9855,0.8545,0.00032,0.746,0.892,0.951,0.744,1518.1,0.0,1757.0,67.7,3.0,3.0,0.0,0.0,116.7,0.0,0.00,pathseer:55
beir500k-f32,pos40_cat03,pos40,220547,ours-guard,128,1,55,0.9945,0.9455,0.00017,1.371,1.572,1.615,1.321,2653.4,0.0,3101.2,132.9,5.0,5.0,0.0,0.0,232.5,0.0,0.00,pathseer:55
beir500k-f32,pos40_cat03,pos40,220547,ours-guard,128,2,55,0.9945,0.9455,0.00017,1.372,1.573,1.607,1.305,2653.4,0.0,3101.2,132.9,5.0,5.0,0.0,0.0,232.5,0.0,0.00,pathseer:55
beir500k-f32,pos40_cat03,pos40,220547,ours-guard,128,3,55,0.9945,0.9455,0.00017,1.363,1.562,1.614,1.310,2653.4,0.0,3101.2,132.9,5.0,5.0,0.0,0.0,232.5,0.0,0.00,pathseer:55
beir500k-f32,pos40_cat03,pos40,220547,ours-guard,256,1,55,0.9964,0.9636,0.00015,2.387,2.845,2.940,2.329,4607.5,0.0,5426.3,266.4,10.0,10.0,0.0,0.0,455.2,0.0,0.00,pathseer:55
beir500k-f32,pos40_cat03,pos40,220547,ours-guard,256,2,55,0.9964,0.9636,0.00015,2.391,2.813,2.910,2.324,4607.5,0.0,5426.3,266.4,10.0,10.0,0.0,0.0,455.2,0.0,0.00,pathseer:55
beir500k-f32,pos40_cat03,pos40,220547,ours-guard,256,3,55,0.9964,0.9636,0.00015,2.388,2.823,2.920,2.330,4607.5,0.0,5426.3,266.4,10.0,10.0,0.0,0.0,455.2,0.0,0.00,pathseer:55
beir500k-f32,pos40_cat03,pos40,220547,ours-guard,512,1,55,0.9964,0.9636,0.00015,4.284,4.980,5.012,4.155,7841.7,0.0,9417.0,539.4,20.0,20.0,0.0,0.0,931.1,0.0,0.00,pathseer:55
beir500k-f32,pos40_cat03,pos40,220547,ours-guard,512,2,55,0.9964,0.9636,0.00015,4.265,4.998,5.539,4.193,7841.7,0.0,9417.0,539.4,20.0,20.0,0.0,0.0,931.1,0.0,0.00,pathseer:55
beir500k-f32,pos40_cat03,pos40,220547,ours-guard,512,3,55,0.9964,0.9636,0.00015,4.297,5.139,5.197,4.244,7841.7,0.0,9417.0,539.4,20.0,20.0,0.0,0.0,931.1,0.0,0.00,pathseer:55
beir500k-f32,pos40_cat04,pos40,224049,sweeping,64,1,57,0.9930,0.9298,0.00016,0.638,0.864,0.901,0.639,1429.4,0.0,204.1,66.8,3.0,3.0,0.0,0.0,0.0,0.0,0.00,sweeping:57
beir500k-f32,pos40_cat04,pos40,224049,sweeping,64,2,57,0.9930,0.9298,0.00016,0.641,0.858,0.890,0.641,1429.4,0.0,204.1,66.8,3.0,3.0,0.0,0.0,0.0,0.0,0.00,sweeping:57
beir500k-f32,pos40_cat04,pos40,224049,sweeping,64,3,57,0.9930,0.9298,0.00016,0.644,0.884,0.894,0.651,1429.4,0.0,204.1,66.8,3.0,3.0,0.0,0.0,0.0,0.0,0.00,sweeping:57
beir500k-f32,pos40_cat04,pos40,224049,sweeping,128,1,57,0.9965,0.9649,0.00003,1.091,1.514,1.716,1.118,2463.4,0.0,347.2,132.1,6.0,5.0,0.0,0.0,0.0,0.0,0.00,sweeping:57
beir500k-f32,pos40_cat04,pos40,224049,sweeping,128,2,57,0.9965,0.9649,0.00003,1.090,1.485,1.709,1.123,2463.4,0.0,347.2,132.1,6.0,5.0,0.0,0.0,0.0,0.0,0.00,sweeping:57
beir500k-f32,pos40_cat04,pos40,224049,sweeping,128,3,57,0.9965,0.9649,0.00003,1.085,1.610,1.779,1.131,2463.4,0.0,347.2,132.1,6.0,5.0,0.0,0.0,0.0,0.0,0.00,sweeping:57
beir500k-f32,pos40_cat04,pos40,224049,sweeping,256,1,57,0.9982,0.9825,0.00002,1.889,2.736,2.926,1.949,4117.7,0.0,607.5,263.1,11.0,11.0,0.0,0.0,0.0,0.0,0.00,sweeping:57
beir500k-f32,pos40_cat04,pos40,224049,sweeping,256,2,57,0.9982,0.9825,0.00002,1.890,2.660,2.915,1.932,4117.7,0.0,607.5,263.1,11.0,11.0,0.0,0.0,0.0,0.0,0.00,sweeping:57
beir500k-f32,pos40_cat04,pos40,224049,sweeping,256,3,57,0.9982,0.9825,0.00002,1.896,2.667,2.945,1.946,4117.7,0.0,607.5,263.1,11.0,11.0,0.0,0.0,0.0,0.0,0.00,sweeping:57
beir500k-f32,pos40_cat04,pos40,224049,sweeping,512,1,57,1.0000,1.0000,0.00000,3.358,4.875,5.696,3.376,6806.6,0.0,1110.0,527.1,22.0,22.0,0.0,0.0,0.0,0.0,0.00,sweeping:57
beir500k-f32,pos40_cat04,pos40,224049,sweeping,512,2,57,1.0000,1.0000,0.00000,3.341,5.015,5.723,3.381,6806.6,0.0,1110.0,527.1,22.0,22.0,0.0,0.0,0.0,0.0,0.00,sweeping:57
beir500k-f32,pos40_cat04,pos40,224049,sweeping,512,3,57,1.0000,1.0000,0.00000,3.341,4.816,5.791,3.391,6806.6,0.0,1110.0,527.1,22.0,22.0,0.0,0.0,0.0,0.0,0.00,sweeping:57
beir500k-f32,pos40_cat04,pos40,224049,pathseer,64,1,57,0.9912,0.9123,0.00017,0.663,0.833,0.895,0.659,1457.0,0.0,383.4,66.6,2.0,2.0,67.4,57.6,12.3,1.1,0.00,pathseer:57
beir500k-f32,pos40_cat04,pos40,224049,pathseer,64,2,57,0.9912,0.9123,0.00017,0.660,0.844,0.891,0.661,1457.0,0.0,383.4,66.6,2.0,2.0,67.4,57.6,12.3,1.1,0.00,pathseer:57
beir500k-f32,pos40_cat04,pos40,224049,pathseer,64,3,57,0.9912,0.9123,0.00017,0.673,0.879,0.883,0.681,1457.0,0.0,383.4,66.6,2.0,2.0,67.4,57.6,12.3,1.1,0.00,pathseer:57
beir500k-f32,pos40_cat04,pos40,224049,pathseer,128,1,57,0.9965,0.9649,0.00003,1.129,1.481,1.601,1.149,2491.4,0.0,700.7,131.0,3.0,3.0,130.2,109.9,26.2,2.0,0.00,pathseer:57
beir500k-f32,pos40_cat04,pos40,224049,pathseer,128,2,57,0.9965,0.9649,0.00003,1.150,1.467,1.632,1.161,2491.4,0.0,700.7,131.0,3.0,3.0,130.2,109.9,26.2,2.0,0.00,pathseer:57
beir500k-f32,pos40_cat04,pos40,224049,pathseer,128,3,57,0.9965,0.9649,0.00003,1.134,1.486,1.597,1.148,2491.4,0.0,700.7,131.0,3.0,3.0,130.2,109.9,26.2,2.0,0.00,pathseer:57
beir500k-f32,pos40_cat04,pos40,224049,pathseer,256,1,57,0.9982,0.9825,0.00002,1.963,2.576,2.670,1.968,4129.2,0.0,1273.7,261.1,5.0,5.0,229.1,189.3,59.0,3.6,0.00,pathseer:57
beir500k-f32,pos40_cat04,pos40,224049,pathseer,256,2,57,0.9982,0.9825,0.00002,2.065,2.753,2.828,2.043,4129.2,0.0,1273.7,261.1,5.0,5.0,229.1,189.3,59.0,3.6,0.00,pathseer:57
beir500k-f32,pos40_cat04,pos40,224049,pathseer,256,3,57,0.9982,0.9825,0.00002,2.038,2.550,2.708,2.014,4129.2,0.0,1273.7,261.1,5.0,5.0,229.1,189.3,59.0,3.6,0.00,pathseer:57
beir500k-f32,pos40_cat04,pos40,224049,pathseer,512,1,57,1.0000,1.0000,0.00000,3.608,4.518,5.055,3.542,6729.2,0.0,2369.2,521.2,8.0,8.0,439.0,353.6,123.6,6.9,0.00,pathseer:57
beir500k-f32,pos40_cat04,pos40,224049,pathseer,512,2,57,1.0000,1.0000,0.00000,3.496,4.362,4.919,3.465,6729.2,0.0,2369.2,521.2,8.0,8.0,439.0,353.6,123.6,6.9,0.00,pathseer:57
beir500k-f32,pos40_cat04,pos40,224049,pathseer,512,3,57,1.0000,1.0000,0.00000,3.469,4.366,4.929,3.461,6729.2,0.0,2369.2,521.2,8.0,8.0,439.0,353.6,123.6,6.9,0.00,pathseer:57
beir500k-f32,pos40_cat04,pos40,224049,ours-no-twohop,64,1,57,0.9930,0.9298,0.00016,0.684,0.853,0.908,0.689,1414.1,0.0,285.7,66.6,3.0,3.0,0.0,0.0,11.5,0.0,0.00,pathseer:57
beir500k-f32,pos40_cat04,pos40,224049,ours-no-twohop,64,2,57,0.9930,0.9298,0.00016,0.683,0.908,0.920,0.684,1414.1,0.0,285.7,66.6,3.0,3.0,0.0,0.0,11.5,0.0,0.00,pathseer:57
beir500k-f32,pos40_cat04,pos40,224049,ours-no-twohop,64,3,57,0.9930,0.9298,0.00016,0.665,0.865,0.935,0.669,1414.1,0.0,285.7,66.6,3.0,3.0,0.0,0.0,11.5,0.0,0.00,pathseer:57
beir500k-f32,pos40_cat04,pos40,224049,ours-no-twohop,128,1,57,0.9965,0.9649,0.00003,1.143,1.566,1.617,1.140,2422.5,0.0,511.3,131.1,6.0,5.0,0.0,0.0,25.7,0.0,0.00,pathseer:57
beir500k-f32,pos40_cat04,pos40,224049,ours-no-twohop,128,2,57,0.9965,0.9649,0.00003,1.095,1.438,1.576,1.113,2422.5,0.0,511.3,131.1,6.0,5.0,0.0,0.0,25.7,0.0,0.00,pathseer:57
beir500k-f32,pos40_cat04,pos40,224049,ours-no-twohop,128,3,57,0.9965,0.9649,0.00003,1.096,1.470,1.578,1.116,2422.5,0.0,511.3,131.1,6.0,5.0,0.0,0.0,25.7,0.0,0.00,pathseer:57
beir500k-f32,pos40_cat04,pos40,224049,ours-no-twohop,256,1,57,0.9982,0.9825,0.00002,1.978,2.584,2.713,1.979,4032.4,0.0,942.9,261.1,11.0,11.0,0.0,0.0,59.5,0.0,0.00,pathseer:57
beir500k-f32,pos40_cat04,pos40,224049,ours-no-twohop,256,2,57,0.9982,0.9825,0.00002,2.029,2.611,2.727,1.986,4032.4,0.0,942.9,261.1,11.0,11.0,0.0,0.0,59.5,0.0,0.00,pathseer:57
beir500k-f32,pos40_cat04,pos40,224049,ours-no-twohop,256,3,57,0.9982,0.9825,0.00002,1.906,2.597,2.625,1.926,4032.4,0.0,942.9,261.1,11.0,11.0,0.0,0.0,59.5,0.0,0.00,pathseer:57
beir500k-f32,pos40_cat04,pos40,224049,ours-no-twohop,512,1,57,1.0000,1.0000,0.00000,3.303,4.247,4.659,3.292,6607.3,0.0,1780.6,521.6,22.0,22.0,0.0,0.0,125.5,0.0,0.00,pathseer:57
beir500k-f32,pos40_cat04,pos40,224049,ours-no-twohop,512,2,57,1.0000,1.0000,0.00000,3.327,4.272,4.700,3.298,6607.3,0.0,1780.6,521.6,22.0,22.0,0.0,0.0,125.5,0.0,0.00,pathseer:57
beir500k-f32,pos40_cat04,pos40,224049,ours-no-twohop,512,3,57,1.0000,1.0000,0.00000,3.298,4.248,4.656,3.283,6607.3,0.0,1780.6,521.6,22.0,22.0,0.0,0.0,125.5,0.0,0.00,pathseer:57
beir500k-f32,pos40_cat04,pos40,224049,ours-guard,64,1,57,0.9930,0.9298,0.00016,0.652,0.842,0.864,0.650,1365.5,0.0,1528.7,66.1,3.0,3.0,0.0,0.0,49.4,0.0,0.00,pathseer:57
beir500k-f32,pos40_cat04,pos40,224049,ours-guard,64,2,57,0.9930,0.9298,0.00016,0.647,0.779,0.782,0.635,1365.5,0.0,1528.7,66.1,3.0,3.0,0.0,0.0,49.4,0.0,0.00,pathseer:57
beir500k-f32,pos40_cat04,pos40,224049,ours-guard,64,3,57,0.9930,0.9298,0.00016,0.645,0.766,0.781,0.630,1365.5,0.0,1528.7,66.1,3.0,3.0,0.0,0.0,49.4,0.0,0.00,pathseer:57
beir500k-f32,pos40_cat04,pos40,224049,ours-guard,128,1,57,0.9965,0.9649,0.00003,1.126,1.405,1.411,1.112,2328.9,0.0,2616.5,130.3,6.0,5.0,0.0,0.0,99.4,0.0,0.00,pathseer:57
beir500k-f32,pos40_cat04,pos40,224049,ours-guard,128,2,57,0.9965,0.9649,0.00003,1.096,1.368,1.451,1.095,2328.9,0.0,2616.5,130.3,6.0,5.0,0.0,0.0,99.4,0.0,0.00,pathseer:57
beir500k-f32,pos40_cat04,pos40,224049,ours-guard,128,3,57,0.9965,0.9649,0.00003,1.108,1.362,1.453,1.101,2328.9,0.0,2616.5,130.3,6.0,5.0,0.0,0.0,99.4,0.0,0.00,pathseer:57
beir500k-f32,pos40_cat04,pos40,224049,ours-guard,256,1,57,0.9982,0.9825,0.00002,1.892,2.307,2.441,1.879,3855.1,0.0,4369.3,259.3,11.0,11.0,0.0,0.0,200.4,0.0,0.00,pathseer:57
beir500k-f32,pos40_cat04,pos40,224049,ours-guard,256,2,57,0.9982,0.9825,0.00002,1.905,2.342,2.446,1.883,3855.1,0.0,4369.3,259.3,11.0,11.0,0.0,0.0,200.4,0.0,0.00,pathseer:57
beir500k-f32,pos40_cat04,pos40,224049,ours-guard,256,3,57,0.9982,0.9825,0.00002,1.929,2.314,2.425,1.895,3855.1,0.0,4369.3,259.3,11.0,11.0,0.0,0.0,200.4,0.0,0.00,pathseer:57
beir500k-f32,pos40_cat04,pos40,224049,ours-guard,512,1,57,1.0000,1.0000,0.00000,3.321,3.983,4.243,3.229,6278.7,0.0,7210.6,517.8,22.0,22.0,0.0,0.0,391.7,0.0,0.00,pathseer:57
beir500k-f32,pos40_cat04,pos40,224049,ours-guard,512,2,57,1.0000,1.0000,0.00000,3.255,4.065,4.123,3.226,6278.7,0.0,7210.6,517.8,22.0,22.0,0.0,0.0,391.7,0.0,0.00,pathseer:57
beir500k-f32,pos40_cat04,pos40,224049,ours-guard,512,3,57,1.0000,1.0000,0.00000,3.333,4.169,4.420,3.333,6278.7,0.0,7210.6,517.8,22.0,22.0,0.0,0.0,391.7,0.0,0.00,pathseer:57
beir500k-f32,pos40_cat05,pos40,206003,sweeping,64,1,20,0.9900,0.9500,0.00020,0.687,1.482,2.034,0.887,1858.0,0.0,294.2,90.7,3.0,4.0,0.0,0.0,0.0,0.0,0.00,sweeping:20
beir500k-f32,pos40_cat05,pos40,206003,sweeping,64,2,20,0.9900,0.9500,0.00020,0.705,1.432,1.849,0.875,1858.0,0.0,294.2,90.7,3.0,4.0,0.0,0.0,0.0,0.0,0.00,sweeping:20
beir500k-f32,pos40_cat05,pos40,206003,sweeping,64,3,20,0.9900,0.9500,0.00020,0.745,1.434,1.861,0.881,1858.0,0.0,294.2,90.7,3.0,4.0,0.0,0.0,0.0,0.0,0.00,sweeping:20
beir500k-f32,pos40_cat05,pos40,206003,sweeping,128,1,20,0.9950,0.9500,0.00015,1.248,2.825,3.392,1.591,3320.9,0.0,505.2,184.9,5.0,7.0,0.0,0.0,0.0,0.0,0.00,sweeping:20
beir500k-f32,pos40_cat05,pos40,206003,sweeping,128,2,20,0.9950,0.9500,0.00015,1.230,2.796,3.387,1.569,3320.9,0.0,505.2,184.9,5.0,7.0,0.0,0.0,0.0,0.0,0.00,sweeping:20
beir500k-f32,pos40_cat05,pos40,206003,sweeping,128,3,20,0.9950,0.9500,0.00015,1.245,2.839,3.371,1.621,3320.9,0.0,505.2,184.9,5.0,7.0,0.0,0.0,0.0,0.0,0.00,sweeping:20
beir500k-f32,pos40_cat05,pos40,206003,sweeping,256,1,20,1.0000,1.0000,0.00000,2.082,5.445,5.575,2.846,5795.4,0.0,877.9,383.2,11.0,12.0,0.0,0.0,0.0,0.0,0.00,sweeping:20
beir500k-f32,pos40_cat05,pos40,206003,sweeping,256,2,20,1.0000,1.0000,0.00000,2.049,5.451,5.548,2.837,5795.4,0.0,877.9,383.2,11.0,12.0,0.0,0.0,0.0,0.0,0.00,sweeping:20
beir500k-f32,pos40_cat05,pos40,206003,sweeping,256,3,20,1.0000,1.0000,0.00000,2.071,5.479,5.593,2.858,5795.4,0.0,877.9,383.2,11.0,12.0,0.0,0.0,0.0,0.0,0.00,sweeping:20
beir500k-f32,pos40_cat05,pos40,206003,sweeping,512,1,20,1.0000,1.0000,0.00000,4.202,10.034,10.077,5.266,10158.9,0.0,1659.2,794.5,23.0,29.0,0.0,0.0,0.0,0.0,0.00,sweeping:20
beir500k-f32,pos40_cat05,pos40,206003,sweeping,512,2,20,1.0000,1.0000,0.00000,4.092,10.051,10.192,5.277,10158.9,0.0,1659.2,794.5,23.0,29.0,0.0,0.0,0.0,0.0,0.00,sweeping:20
beir500k-f32,pos40_cat05,pos40,206003,sweeping,512,3,20,1.0000,1.0000,0.00000,4.192,9.972,10.110,5.254,10158.9,0.0,1659.2,794.5,23.0,29.0,0.0,0.0,0.0,0.0,0.00,sweeping:20
beir500k-f32,pos40_cat05,pos40,206003,pathseer,64,1,20,0.9900,0.9500,0.00020,0.674,0.914,1.135,0.678,1464.7,0.0,691.6,76.9,2.0,2.0,89.6,52.2,209.8,1.4,0.00,pathseer:20
beir500k-f32,pos40_cat05,pos40,206003,pathseer,64,2,20,0.9900,0.9500,0.00020,0.659,0.931,1.160,0.682,1464.7,0.0,691.6,76.9,2.0,2.0,89.6,52.2,209.8,1.4,0.00,pathseer:20
beir500k-f32,pos40_cat05,pos40,206003,pathseer,64,3,20,0.9900,0.9500,0.00020,0.678,0.925,1.159,0.678,1464.7,0.0,691.6,76.9,2.0,2.0,89.6,52.2,209.8,1.4,0.00,pathseer:20
beir500k-f32,pos40_cat05,pos40,206003,pathseer,128,1,20,0.9950,0.9500,0.00015,1.160,1.545,2.074,1.184,2512.5,0.0,1218.7,151.2,3.0,3.0,150.4,93.3,382.9,2.4,0.00,pathseer:20
beir500k-f32,pos40_cat05,pos40,206003,pathseer,128,2,20,0.9950,0.9500,0.00015,1.156,1.569,2.090,1.182,2512.5,0.0,1218.7,151.2,3.0,3.0,150.4,93.3,382.9,2.4,0.00,pathseer:20
beir500k-f32,pos40_cat05,pos40,206003,pathseer,128,3,20,0.9950,0.9500,0.00015,1.175,1.577,2.078,1.185,2512.5,0.0,1218.7,151.2,3.0,3.0,150.4,93.3,382.9,2.4,0.00,pathseer:20
beir500k-f32,pos40_cat05,pos40,206003,pathseer,256,1,20,1.0000,1.0000,0.00000,2.020,2.866,3.563,2.130,4255.5,0.0,2272.6,307.4,5.0,5.0,275.2,163.9,768.0,4.3,0.00,pathseer:20
beir500k-f32,pos40_cat05,pos40,206003,pathseer,256,2,20,1.0000,1.0000,0.00000,2.007,2.852,3.600,2.100,4255.5,0.0,2272.6,307.4,5.0,5.0,275.2,163.9,768.0,4.3,0.00,pathseer:20
beir500k-f32,pos40_cat05,pos40,206003,pathseer,256,3,20,1.0000,1.0000,0.00000,2.117,2.876,3.529,2.114,4255.5,0.0,2272.6,307.4,5.0,5.0,275.2,163.9,768.0,4.3,0.00,pathseer:20
beir500k-f32,pos40_cat05,pos40,206003,pathseer,512,1,20,1.0000,1.0000,0.00000,3.771,5.441,6.285,3.879,7178.4,0.0,4435.5,630.9,9.0,10.0,540.8,303.6,1606.8,8.4,0.00,pathseer:20
beir500k-f32,pos40_cat05,pos40,206003,pathseer,512,2,20,1.0000,1.0000,0.00000,4.042,5.720,6.383,4.100,7178.4,0.0,4435.5,630.9,9.0,10.0,540.8,303.6,1606.8,8.4,0.00,pathseer:20
beir500k-f32,pos40_cat05,pos40,206003,pathseer,512,3,20,1.0000,1.0000,0.00000,3.852,5.405,6.199,3.836,7178.4,0.0,4435.5,630.9,9.0,10.0,540.8,303.6,1606.8,8.4,0.00,pathseer:20
beir500k-f32,pos40_cat05,pos40,206003,ours-no-twohop,64,1,20,0.9900,0.9500,0.00020,0.656,0.905,1.246,0.685,1432.2,0.0,588.5,77.9,3.0,4.0,0.0,0.0,217.3,0.0,0.00,pathseer:20
beir500k-f32,pos40_cat05,pos40,206003,ours-no-twohop,64,2,20,0.9900,0.9500,0.00020,0.653,0.893,1.223,0.678,1432.2,0.0,588.5,77.9,3.0,4.0,0.0,0.0,217.3,0.0,0.00,pathseer:20
beir500k-f32,pos40_cat05,pos40,206003,ours-no-twohop,64,3,20,0.9900,0.9500,0.00020,0.647,0.912,1.210,0.662,1432.2,0.0,588.5,77.9,3.0,4.0,0.0,0.0,217.3,0.0,0.00,pathseer:20
beir500k-f32,pos40_cat05,pos40,206003,ours-no-twohop,128,1,20,0.9950,0.9500,0.00015,1.138,1.539,2.080,1.170,2464.2,0.0,1040.6,153.0,5.0,7.0,0.0,0.0,394.2,0.0,0.00,pathseer:20
beir500k-f32,pos40_cat05,pos40,206003,ours-no-twohop,128,2,20,0.9950,0.9500,0.00015,1.123,1.545,2.066,1.167,2464.2,0.0,1040.6,153.0,5.0,7.0,0.0,0.0,394.2,0.0,0.00,pathseer:20
beir500k-f32,pos40_cat05,pos40,206003,ours-no-twohop,128,3,20,0.9950,0.9500,0.00015,1.113,1.527,2.067,1.160,2464.2,0.0,1040.6,153.0,5.0,7.0,0.0,0.0,394.2,0.0,0.00,pathseer:20
beir500k-f32,pos40_cat05,pos40,206003,ours-no-twohop,256,1,20,1.0000,1.0000,0.00000,1.976,2.792,3.608,2.111,4209.6,0.0,2040.2,316.9,11.0,12.0,0.0,0.0,845.4,0.0,0.00,pathseer:20
beir500k-f32,pos40_cat05,pos40,206003,ours-no-twohop,256,2,20,1.0000,1.0000,0.00000,1.926,2.784,3.601,2.082,4209.6,0.0,2040.2,316.9,11.0,12.0,0.0,0.0,845.4,0.0,0.00,pathseer:20
beir500k-f32,pos40_cat05,pos40,206003,ours-no-twohop,256,3,20,1.0000,1.0000,0.00000,1.919,2.807,3.637,2.096,4209.6,0.0,2040.2,316.9,11.0,12.0,0.0,0.0,845.4,0.0,0.00,pathseer:20
beir500k-f32,pos40_cat05,pos40,206003,ours-no-twohop,512,1,20,1.0000,1.0000,0.00000,3.623,5.387,6.267,3.788,7145.1,0.0,4041.2,654.9,23.0,29.0,0.0,0.0,1742.9,0.0,0.00,pathseer:20
beir500k-f32,pos40_cat05,pos40,206003,ours-no-twohop,512,2,20,1.0000,1.0000,0.00000,3.607,5.378,6.178,3.763,7145.1,0.0,4041.2,654.9,23.0,29.0,0.0,0.0,1742.9,0.0,0.00,pathseer:20
beir500k-f32,pos40_cat05,pos40,206003,ours-no-twohop,512,3,20,1.0000,1.0000,0.00000,3.586,5.367,6.302,3.799,7145.1,0.0,4041.2,654.9,23.0,29.0,0.0,0.0,1742.9,0.0,0.00,pathseer:20
beir500k-f32,pos40_cat05,pos40,206003,ours-guard,64,1,20,0.9850,0.9000,0.00038,0.535,0.706,1.057,0.570,1219.7,0.0,1636.0,72.5,3.0,4.0,0.0,0.0,299.2,0.0,0.00,pathseer:20
beir500k-f32,pos40_cat05,pos40,206003,ours-guard,64,2,20,0.9850,0.9000,0.00038,0.532,0.702,1.030,0.566,1219.7,0.0,1636.0,72.5,3.0,4.0,0.0,0.0,299.2,0.0,0.00,pathseer:20
beir500k-f32,pos40_cat05,pos40,206003,ours-guard,64,3,20,0.9850,0.9000,0.00038,0.537,0.700,1.054,0.571,1219.7,0.0,1636.0,72.5,3.0,4.0,0.0,0.0,299.2,0.0,0.00,pathseer:20
beir500k-f32,pos40_cat05,pos40,206003,ours-guard,128,1,20,0.9950,0.9500,0.00015,1.297,9.565,11.665,2.417,2078.1,0.0,2854.4,143.3,5.0,7.0,0.0,0.0,584.2,0.0,0.00,pathseer:20
beir500k-f32,pos40_cat05,pos40,206003,ours-guard,128,2,20,0.9950,0.9500,0.00015,1.013,1.526,1.838,1.047,2078.1,0.0,2854.4,143.3,5.0,7.0,0.0,0.0,584.2,0.0,0.00,pathseer:20
beir500k-f32,pos40_cat05,pos40,206003,ours-guard,128,3,20,0.9950,0.9500,0.00015,0.981,1.332,1.813,1.032,2078.1,0.0,2854.4,143.3,5.0,7.0,0.0,0.0,584.2,0.0,0.00,pathseer:20
beir500k-f32,pos40_cat05,pos40,206003,ours-guard,256,1,20,1.0000,1.0000,0.00000,1.747,2.578,3.194,1.829,3519.1,0.0,5022.8,296.3,11.0,12.0,0.0,0.0,1203.2,0.0,0.00,pathseer:20
beir500k-f32,pos40_cat05,pos40,206003,ours-guard,256,2,20,1.0000,1.0000,0.00000,1.818,2.391,3.356,1.914,3519.1,0.0,5022.8,296.3,11.0,12.0,0.0,0.0,1203.2,0.0,0.00,pathseer:20
beir500k-f32,pos40_cat05,pos40,206003,ours-guard,256,3,20,1.0000,1.0000,0.00000,1.867,2.394,3.330,1.977,3519.1,0.0,5022.8,296.3,11.0,12.0,0.0,0.0,1203.2,0.0,0.00,pathseer:20
beir500k-f32,pos40_cat05,pos40,206003,ours-guard,512,1,20,1.0000,1.0000,0.00000,3.191,4.560,5.496,3.283,5910.4,0.0,8915.2,617.8,23.0,29.0,0.0,0.0,2477.2,0.0,0.00,pathseer:20
beir500k-f32,pos40_cat05,pos40,206003,ours-guard,512,2,20,1.0000,1.0000,0.00000,3.180,4.558,5.540,3.266,5910.4,0.0,8915.2,617.8,23.0,29.0,0.0,0.0,2477.2,0.0,0.00,pathseer:20
beir500k-f32,pos40_cat05,pos40,206003,ours-guard,512,3,20,1.0000,1.0000,0.00000,3.192,4.551,5.540,3.281,5910.4,0.0,8915.2,617.8,23.0,29.0,0.0,0.0,2477.2,0.0,0.00,pathseer:20
beir500k-f32,pos40_cat06,pos40,210435,sweeping,64,1,49,1.0000,1.0000,0.00000,0.655,1.157,1.791,0.699,1466.1,0.0,215.8,73.1,3.0,4.0,0.0,0.0,0.0,0.0,0.00,sweeping:49
beir500k-f32,pos40_cat06,pos40,210435,sweeping,64,2,49,1.0000,1.0000,0.00000,0.660,1.130,1.798,0.697,1466.1,0.0,215.8,73.1,3.0,4.0,0.0,0.0,0.0,0.0,0.00,sweeping:49
beir500k-f32,pos40_cat06,pos40,210435,sweeping,64,3,49,1.0000,1.0000,0.00000,0.652,1.129,1.782,0.701,1466.1,0.0,215.8,73.1,3.0,4.0,0.0,0.0,0.0,0.0,0.00,sweeping:49
beir500k-f32,pos40_cat06,pos40,210435,sweeping,128,1,49,1.0000,1.0000,0.00000,1.148,2.171,2.903,1.201,2503.7,0.0,360.7,143.2,6.0,6.0,0.0,0.0,0.0,0.0,0.00,sweeping:49
beir500k-f32,pos40_cat06,pos40,210435,sweeping,128,2,49,1.0000,1.0000,0.00000,1.137,2.186,2.916,1.206,2503.7,0.0,360.7,143.2,6.0,6.0,0.0,0.0,0.0,0.0,0.00,sweeping:49
beir500k-f32,pos40_cat06,pos40,210435,sweeping,128,3,49,1.0000,1.0000,0.00000,1.150,2.169,2.961,1.214,2503.7,0.0,360.7,143.2,6.0,6.0,0.0,0.0,0.0,0.0,0.00,sweeping:49
beir500k-f32,pos40_cat06,pos40,210435,sweeping,256,1,49,1.0000,1.0000,0.00000,1.976,3.950,4.435,2.107,4262.6,0.0,633.4,281.2,11.0,11.0,0.0,0.0,0.0,0.0,0.00,sweeping:49
beir500k-f32,pos40_cat06,pos40,210435,sweeping,256,2,49,1.0000,1.0000,0.00000,1.964,3.752,4.457,2.088,4262.6,0.0,633.4,281.2,11.0,11.0,0.0,0.0,0.0,0.0,0.00,sweeping:49
beir500k-f32,pos40_cat06,pos40,210435,sweeping,256,3,49,1.0000,1.0000,0.00000,2.078,4.231,4.446,2.234,4262.6,0.0,633.4,281.2,11.0,11.0,0.0,0.0,0.0,0.0,0.00,sweeping:49
beir500k-f32,pos40_cat06,pos40,210435,sweeping,512,1,49,1.0000,1.0000,0.00000,3.347,6.622,7.124,3.654,7124.9,0.0,1161.0,557.1,22.0,23.0,0.0,0.0,0.0,0.0,0.00,sweeping:49
beir500k-f32,pos40_cat06,pos40,210435,sweeping,512,2,49,1.0000,1.0000,0.00000,3.330,6.657,7.267,3.647,7124.9,0.0,1161.0,557.1,22.0,23.0,0.0,0.0,0.0,0.0,0.00,sweeping:49
beir500k-f32,pos40_cat06,pos40,210435,sweeping,512,3,49,1.0000,1.0000,0.00000,3.286,6.605,7.117,3.641,7124.9,0.0,1161.0,557.1,22.0,23.0,0.0,0.0,0.0,0.0,0.00,sweeping:49
beir500k-f32,pos40_cat06,pos40,210435,pathseer,64,1,49,1.0000,1.0000,0.00000,0.671,0.852,0.907,0.685,1417.3,0.0,431.6,68.6,2.0,2.0,74.4,53.8,40.6,1.2,0.00,pathseer:49
beir500k-f32,pos40_cat06,pos40,210435,pathseer,64,2,49,1.0000,1.0000,0.00000,0.684,0.895,0.953,0.689,1417.3,0.0,431.6,68.6,2.0,2.0,74.4,53.8,40.6,1.2,0.00,pathseer:49
beir500k-f32,pos40_cat06,pos40,210435,pathseer,64,3,49,1.0000,1.0000,0.00000,0.675,0.864,0.903,0.679,1417.3,0.0,431.6,68.6,2.0,2.0,74.4,53.8,40.6,1.2,0.00,pathseer:49
beir500k-f32,pos40_cat06,pos40,210435,pathseer,128,1,49,1.0000,1.0000,0.00000,1.218,1.583,1.817,1.229,2420.8,0.0,786.3,136.2,3.0,3.0,138.4,103.2,81.8,2.2,0.00,pathseer:49
beir500k-f32,pos40_cat06,pos40,210435,pathseer,128,2,49,1.0000,1.0000,0.00000,1.149,1.559,1.701,1.176,2420.8,0.0,786.3,136.2,3.0,3.0,138.4,103.2,81.8,2.2,0.00,pathseer:49
beir500k-f32,pos40_cat06,pos40,210435,pathseer,128,3,49,1.0000,1.0000,0.00000,1.168,1.509,1.695,1.174,2420.8,0.0,786.3,136.2,3.0,3.0,138.4,103.2,81.8,2.2,0.00,pathseer:49
beir500k-f32,pos40_cat06,pos40,210435,pathseer,256,1,49,1.0000,1.0000,0.00000,2.001,2.649,2.853,2.024,4083.5,0.0,1414.7,270.3,5.0,5.0,241.6,184.9,148.1,3.8,0.00,pathseer:49
beir500k-f32,pos40_cat06,pos40,210435,pathseer,256,2,49,1.0000,1.0000,0.00000,2.013,2.704,2.869,2.038,4083.5,0.0,1414.7,270.3,5.0,5.0,241.6,184.9,148.1,3.8,0.00,pathseer:49
beir500k-f32,pos40_cat06,pos40,210435,pathseer,256,3,49,1.0000,1.0000,0.00000,2.004,2.654,2.862,2.025,4083.5,0.0,1414.7,270.3,5.0,5.0,241.6,184.9,148.1,3.8,0.00,pathseer:49
beir500k-f32,pos40_cat06,pos40,210435,pathseer,512,1,49,1.0000,1.0000,0.00000,3.434,4.855,5.242,3.517,6737.5,0.0,2607.5,536.7,8.0,8.0,465.0,358.9,266.8,7.3,0.00,pathseer:49
beir500k-f32,pos40_cat06,pos40,210435,pathseer,512,2,49,1.0000,1.0000,0.00000,3.650,4.941,5.257,3.646,6737.5,0.0,2607.5,536.7,8.0,8.0,465.0,358.9,266.8,7.3,0.00,pathseer:49
beir500k-f32,pos40_cat06,pos40,210435,pathseer,512,3,49,1.0000,1.0000,0.00000,3.464,4.789,5.136,3.519,6737.5,0.0,2607.5,536.7,8.0,8.0,465.0,358.9,266.8,7.3,0.00,pathseer:49
beir500k-f32,pos40_cat06,pos40,210435,ours-no-twohop,64,1,49,1.0000,1.0000,0.00000,0.656,0.835,0.982,0.658,1381.6,0.0,338.0,69.5,3.0,4.0,0.0,0.0,46.4,0.0,0.00,pathseer:49
beir500k-f32,pos40_cat06,pos40,210435,ours-no-twohop,64,2,49,1.0000,1.0000,0.00000,0.647,0.834,1.001,0.654,1381.6,0.0,338.0,69.5,3.0,4.0,0.0,0.0,46.4,0.0,0.00,pathseer:49
beir500k-f32,pos40_cat06,pos40,210435,ours-no-twohop,64,3,49,1.0000,1.0000,0.00000,0.655,0.863,1.018,0.662,1381.6,0.0,338.0,69.5,3.0,4.0,0.0,0.0,46.4,0.0,0.00,pathseer:49
beir500k-f32,pos40_cat06,pos40,210435,ours-no-twohop,128,1,49,1.0000,1.0000,0.00000,1.116,1.492,1.879,1.137,2359.4,0.0,598.0,137.9,6.0,6.0,0.0,0.0,84.4,0.0,0.00,pathseer:49
beir500k-f32,pos40_cat06,pos40,210435,ours-no-twohop,128,2,49,1.0000,1.0000,0.00000,1.151,1.760,2.148,1.194,2359.4,0.0,598.0,137.9,6.0,6.0,0.0,0.0,84.4,0.0,0.00,pathseer:49
beir500k-f32,pos40_cat06,pos40,210435,ours-no-twohop,128,3,49,1.0000,1.0000,0.00000,1.146,1.517,1.882,1.187,2359.4,0.0,598.0,137.9,6.0,6.0,0.0,0.0,84.4,0.0,0.00,pathseer:49
beir500k-f32,pos40_cat06,pos40,210435,ours-no-twohop,256,1,49,1.0000,1.0000,0.00000,1.992,2.764,2.981,1.987,3996.6,0.0,1082.3,271.8,11.0,11.0,0.0,0.0,152.6,0.0,0.00,pathseer:49
beir500k-f32,pos40_cat06,pos40,210435,ours-no-twohop,256,2,49,1.0000,1.0000,0.00000,1.974,2.600,2.970,1.979,3996.6,0.0,1082.3,271.8,11.0,11.0,0.0,0.0,152.6,0.0,0.00,pathseer:49
beir500k-f32,pos40_cat06,pos40,210435,ours-no-twohop,256,3,49,1.0000,1.0000,0.00000,1.946,2.583,2.988,1.961,3996.6,0.0,1082.3,271.8,11.0,11.0,0.0,0.0,152.6,0.0,0.00,pathseer:49
beir500k-f32,pos40_cat06,pos40,210435,ours-no-twohop,512,1,49,1.0000,1.0000,0.00000,3.398,4.845,5.107,3.462,6629.3,0.0,2041.3,540.9,22.0,23.0,0.0,0.0,295.5,0.0,0.00,pathseer:49
beir500k-f32,pos40_cat06,pos40,210435,ours-no-twohop,512,2,49,1.0000,1.0000,0.00000,3.370,4.960,5.460,3.473,6629.3,0.0,2041.3,540.9,22.0,23.0,0.0,0.0,295.5,0.0,0.00,pathseer:49
beir500k-f32,pos40_cat06,pos40,210435,ours-no-twohop,512,3,49,1.0000,1.0000,0.00000,3.487,4.965,5.255,3.507,6629.3,0.0,2041.3,540.9,22.0,23.0,0.0,0.0,295.5,0.0,0.00,pathseer:49
beir500k-f32,pos40_cat06,pos40,210435,ours-guard,64,1,49,1.0000,1.0000,0.00000,0.649,0.779,0.972,0.645,1298.2,0.0,1507.9,67.9,3.0,4.0,0.0,0.0,98.2,0.0,0.00,pathseer:49
beir500k-f32,pos40_cat06,pos40,210435,ours-guard,64,2,49,1.0000,1.0000,0.00000,0.633,0.787,0.931,0.637,1298.2,0.0,1507.9,67.9,3.0,4.0,0.0,0.0,98.2,0.0,0.00,pathseer:49
beir500k-f32,pos40_cat06,pos40,210435,ours-guard,64,3,49,1.0000,1.0000,0.00000,0.638,0.745,0.955,0.638,1298.2,0.0,1507.9,67.9,3.0,4.0,0.0,0.0,98.2,0.0,0.00,pathseer:49
beir500k-f32,pos40_cat06,pos40,210435,ours-guard,128,1,49,1.0000,1.0000,0.00000,1.099,1.338,1.801,1.107,2210.6,0.0,2572.7,134.7,6.0,6.0,0.0,0.0,178.7,0.0,0.00,pathseer:49
beir500k-f32,pos40_cat06,pos40,210435,ours-guard,128,2,49,1.0000,1.0000,0.00000,1.114,1.308,1.793,1.103,2210.6,0.0,2572.7,134.7,6.0,6.0,0.0,0.0,178.7,0.0,0.00,pathseer:49
beir500k-f32,pos40_cat06,pos40,210435,ours-guard,128,3,49,1.0000,1.0000,0.00000,1.116,1.383,1.964,1.113,2210.6,0.0,2572.7,134.7,6.0,6.0,0.0,0.0,178.7,0.0,0.00,pathseer:49
beir500k-f32,pos40_cat06,pos40,210435,ours-guard,256,1,49,1.0000,1.0000,0.00000,1.906,2.387,2.996,1.911,3722.1,0.0,4359.9,266.8,11.0,11.0,0.0,0.0,336.7,0.0,0.00,pathseer:49
beir500k-f32,pos40_cat06,pos40,210435,ours-guard,256,2,49,1.0000,1.0000,0.00000,1.865,2.401,2.919,1.901,3722.1,0.0,4359.9,266.8,11.0,11.0,0.0,0.0,336.7,0.0,0.00,pathseer:49
beir500k-f32,pos40_cat06,pos40,210435,ours-guard,256,3,49,1.0000,1.0000,0.00000,1.888,2.348,2.910,1.896,3722.1,0.0,4359.9,266.8,11.0,11.0,0.0,0.0,336.7,0.0,0.00,pathseer:49
beir500k-f32,pos40_cat06,pos40,210435,ours-guard,512,1,49,1.0000,1.0000,0.00000,3.258,4.293,4.769,3.280,6145.9,0.0,7308.1,532.7,22.0,23.0,0.0,0.0,644.1,0.0,0.00,pathseer:49
beir500k-f32,pos40_cat06,pos40,210435,ours-guard,512,2,49,1.0000,1.0000,0.00000,3.287,4.397,4.750,3.276,6145.9,0.0,7308.1,532.7,22.0,23.0,0.0,0.0,644.1,0.0,0.00,pathseer:49
beir500k-f32,pos40_cat06,pos40,210435,ours-guard,512,3,49,1.0000,1.0000,0.00000,3.282,4.365,4.722,3.274,6145.9,0.0,7308.1,532.7,22.0,23.0,0.0,0.0,644.1,0.0,0.00,pathseer:49
beir500k-f32,pos40_cat07,pos40,209279,sweeping,64,1,41,0.9829,0.9024,0.00022,0.825,3.218,4.058,1.096,2201.8,0.0,308.2,107.5,3.0,4.0,0.0,0.0,0.0,0.0,0.00,sweeping:41
beir500k-f32,pos40_cat07,pos40,209279,sweeping,64,2,41,0.9829,0.9024,0.00022,0.848,3.202,4.116,1.108,2201.8,0.0,308.2,107.5,3.0,4.0,0.0,0.0,0.0,0.0,0.00,sweeping:41
beir500k-f32,pos40_cat07,pos40,209279,sweeping,64,3,41,0.9829,0.9024,0.00022,0.832,3.172,4.037,1.103,2201.8,0.0,308.2,107.5,3.0,4.0,0.0,0.0,0.0,0.0,0.00,sweeping:41
beir500k-f32,pos40_cat07,pos40,209279,sweeping,128,1,41,0.9976,0.9756,0.00007,1.552,5.336,6.666,1.961,3881.3,0.0,541.7,212.1,5.0,6.0,0.0,0.0,0.0,0.0,0.00,sweeping:41
beir500k-f32,pos40_cat07,pos40,209279,sweeping,128,2,41,0.9976,0.9756,0.00007,1.547,5.267,6.560,1.961,3881.3,0.0,541.7,212.1,5.0,6.0,0.0,0.0,0.0,0.0,0.00,sweeping:41
beir500k-f32,pos40_cat07,pos40,209279,sweeping,128,3,41,0.9976,0.9756,0.00007,1.528,5.242,6.602,1.947,3881.3,0.0,541.7,212.1,5.0,6.0,0.0,0.0,0.0,0.0,0.00,sweeping:41
beir500k-f32,pos40_cat07,pos40,209279,sweeping,256,1,41,1.0000,1.0000,0.00000,2.758,9.123,10.698,3.475,6789.5,0.0,984.8,429.6,10.0,13.0,0.0,0.0,0.0,0.0,0.00,sweeping:41
beir500k-f32,pos40_cat07,pos40,209279,sweeping,256,2,41,1.0000,1.0000,0.00000,2.761,9.218,10.735,3.495,6789.5,0.0,984.8,429.6,10.0,13.0,0.0,0.0,0.0,0.0,0.00,sweeping:41
beir500k-f32,pos40_cat07,pos40,209279,sweeping,256,3,41,1.0000,1.0000,0.00000,2.794,9.840,10.908,3.598,6789.5,0.0,984.8,429.6,10.0,13.0,0.0,0.0,0.0,0.0,0.00,sweeping:41
beir500k-f32,pos40_cat07,pos40,209279,sweeping,512,1,41,1.0000,1.0000,0.00000,5.091,14.931,17.429,6.207,11843.6,0.0,1836.6,866.3,20.0,27.0,0.0,0.0,0.0,0.0,0.00,sweeping:41
beir500k-f32,pos40_cat07,pos40,209279,sweeping,512,2,41,1.0000,1.0000,0.00000,5.088,14.945,17.167,6.216,11843.6,0.0,1836.6,866.3,20.0,27.0,0.0,0.0,0.0,0.0,0.00,sweeping:41
beir500k-f32,pos40_cat07,pos40,209279,sweeping,512,3,41,1.0000,1.0000,0.00000,5.018,15.133,17.206,6.209,11843.6,0.0,1836.6,866.3,20.0,27.0,0.0,0.0,0.0,0.0,0.00,sweeping:41
beir500k-f32,pos40_cat07,pos40,209279,pathseer,64,1,41,0.9780,0.8780,0.00034,0.781,1.004,1.492,0.794,1565.8,0.0,761.5,80.8,2.0,2.0,78.0,49.8,271.7,1.2,0.00,pathseer:41
beir500k-f32,pos40_cat07,pos40,209279,pathseer,64,2,41,0.9780,0.8780,0.00034,0.789,1.048,1.485,0.801,1565.8,0.0,761.5,80.8,2.0,2.0,78.0,49.8,271.7,1.2,0.00,pathseer:41
beir500k-f32,pos40_cat07,pos40,209279,pathseer,64,3,41,0.9780,0.8780,0.00034,0.786,0.991,1.465,0.798,1565.8,0.0,761.5,80.8,2.0,2.0,78.0,49.8,271.7,1.2,0.00,pathseer:41
beir500k-f32,pos40_cat07,pos40,209279,pathseer,128,1,41,0.9951,0.9512,0.00018,1.337,1.768,2.281,1.375,2714.1,0.0,1373.8,158.4,3.0,3.0,149.9,89.4,493.4,2.3,0.00,pathseer:41
beir500k-f32,pos40_cat07,pos40,209279,pathseer,128,2,41,0.9951,0.9512,0.00018,1.360,1.785,2.294,1.377,2714.1,0.0,1373.8,158.4,3.0,3.0,149.9,89.4,493.4,2.3,0.00,pathseer:41
beir500k-f32,pos40_cat07,pos40,209279,pathseer,128,3,41,0.9951,0.9512,0.00018,1.408,1.785,2.299,1.384,2714.1,0.0,1373.8,158.4,3.0,3.0,149.9,89.4,493.4,2.3,0.00,pathseer:41
beir500k-f32,pos40_cat07,pos40,209279,pathseer,256,1,41,1.0000,1.0000,0.00000,2.485,3.691,4.031,2.460,4696.6,0.0,2590.0,321.4,5.0,5.0,271.6,159.5,982.5,4.2,0.00,pathseer:41
beir500k-f32,pos40_cat07,pos40,209279,pathseer,256,2,41,1.0000,1.0000,0.00000,2.460,3.720,3.920,2.441,4696.6,0.0,2590.0,321.4,5.0,5.0,271.6,159.5,982.5,4.2,0.00,pathseer:41
beir500k-f32,pos40_cat07,pos40,209279,pathseer,256,3,41,1.0000,1.0000,0.00000,2.441,3.718,3.889,2.442,4696.6,0.0,2590.0,321.4,5.0,5.0,271.6,159.5,982.5,4.2,0.00,pathseer:41
beir500k-f32,pos40_cat07,pos40,209279,pathseer,512,1,41,1.0000,1.0000,0.00000,4.478,6.595,7.800,4.471,8047.8,0.0,5002.9,657.8,9.0,10.0,543.2,301.0,1948.3,8.5,0.00,pathseer:41
beir500k-f32,pos40_cat07,pos40,209279,pathseer,512,2,41,1.0000,1.0000,0.00000,4.449,6.500,7.389,4.373,8047.8,0.0,5002.9,657.8,9.0,10.0,543.2,301.0,1948.3,8.5,0.00,pathseer:41
beir500k-f32,pos40_cat07,pos40,209279,pathseer,512,3,41,1.0000,1.0000,0.00000,4.415,6.567,7.386,4.368,8047.8,0.0,5002.9,657.8,9.0,10.0,543.2,301.0,1948.3,8.5,0.00,pathseer:41
beir500k-f32,pos40_cat07,pos40,209279,ours-no-twohop,64,1,41,0.9780,0.8780,0.00034,0.763,0.993,1.494,0.780,1533.0,0.0,667.6,81.3,3.0,4.0,0.0,0.0,279.3,0.0,0.00,pathseer:41
beir500k-f32,pos40_cat07,pos40,209279,ours-no-twohop,64,2,41,0.9780,0.8780,0.00034,0.760,1.006,1.440,0.774,1533.0,0.0,667.6,81.3,3.0,4.0,0.0,0.0,279.3,0.0,0.00,pathseer:41
beir500k-f32,pos40_cat07,pos40,209279,ours-no-twohop,64,3,41,0.9780,0.8780,0.00034,0.751,0.982,1.452,0.765,1533.0,0.0,667.6,81.3,3.0,4.0,0.0,0.0,279.3,0.0,0.00,pathseer:41
beir500k-f32,pos40_cat07,pos40,209279,ours-no-twohop,128,1,41,0.9976,0.9756,0.00007,1.300,2.158,2.303,1.374,2685.5,0.0,1299.4,166.0,5.0,6.0,0.0,0.0,575.4,0.0,0.00,pathseer:41
beir500k-f32,pos40_cat07,pos40,209279,ours-no-twohop,128,2,41,0.9976,0.9756,0.00007,1.346,2.182,2.378,1.365,2685.5,0.0,1299.4,166.0,5.0,6.0,0.0,0.0,575.4,0.0,0.00,pathseer:41
beir500k-f32,pos40_cat07,pos40,209279,ours-no-twohop,128,3,41,0.9976,0.9756,0.00007,1.296,2.143,2.297,1.361,2685.5,0.0,1299.4,166.0,5.0,6.0,0.0,0.0,575.4,0.0,0.00,pathseer:41
beir500k-f32,pos40_cat07,pos40,209279,ours-no-twohop,256,1,41,1.0000,1.0000,0.00000,2.382,3.810,4.453,2.424,4653.6,0.0,2376.4,332.5,10.0,13.0,0.0,0.0,1057.7,0.0,0.00,pathseer:41
beir500k-f32,pos40_cat07,pos40,209279,ours-no-twohop,256,2,41,1.0000,1.0000,0.00000,2.405,3.790,4.454,2.430,4653.6,0.0,2376.4,332.5,10.0,13.0,0.0,0.0,1057.7,0.0,0.00,pathseer:41
beir500k-f32,pos40_cat07,pos40,209279,ours-no-twohop,256,3,41,1.0000,1.0000,0.00000,2.374,3.775,4.398,2.405,4653.6,0.0,2376.4,332.5,10.0,13.0,0.0,0.0,1057.7,0.0,0.00,pathseer:41
beir500k-f32,pos40_cat07,pos40,209279,ours-no-twohop,512,1,41,1.0000,1.0000,0.00000,4.473,7.496,7.847,4.445,8050.0,0.0,4676.8,689.7,20.0,27.0,0.0,0.0,2117.5,0.0,0.00,pathseer:41
beir500k-f32,pos40_cat07,pos40,209279,ours-no-twohop,512,2,41,1.0000,1.0000,0.00000,4.360,7.145,7.911,4.386,8050.0,0.0,4676.8,689.7,20.0,27.0,0.0,0.0,2117.5,0.0,0.00,pathseer:41
beir500k-f32,pos40_cat07,pos40,209279,ours-no-twohop,512,3,41,1.0000,1.0000,0.00000,4.311,7.195,7.862,4.399,8050.0,0.0,4676.8,689.7,20.0,27.0,0.0,0.0,2117.5,0.0,0.00,pathseer:41
beir500k-f32,pos40_cat07,pos40,209279,ours-guard,64,1,41,0.9756,0.8780,0.00039,0.718,1.052,1.318,0.745,1267.1,0.0,1742.5,73.0,3.0,4.0,0.0,0.0,362.8,0.0,0.00,pathseer:41
beir500k-f32,pos40_cat07,pos40,209279,ours-guard,64,2,41,0.9756,0.8780,0.00039,0.648,0.914,1.213,0.668,1267.1,0.0,1742.5,73.0,3.0,4.0,0.0,0.0,362.8,0.0,0.00,pathseer:41
beir500k-f32,pos40_cat07,pos40,209279,ours-guard,64,3,41,0.9756,0.8780,0.00039,0.643,0.888,1.212,0.655,1267.1,0.0,1742.5,73.0,3.0,4.0,0.0,0.0,362.8,0.0,0.00,pathseer:41
beir500k-f32,pos40_cat07,pos40,209279,ours-guard,128,1,41,0.9976,0.9756,0.00007,1.107,1.815,1.984,1.173,2225.5,0.0,3204.5,152.7,5.0,6.0,0.0,0.0,788.7,0.0,0.00,pathseer:41
beir500k-f32,pos40_cat07,pos40,209279,ours-guard,128,2,41,0.9976,0.9756,0.00007,1.095,1.837,1.970,1.165,2225.5,0.0,3204.5,152.7,5.0,6.0,0.0,0.0,788.7,0.0,0.00,pathseer:41
beir500k-f32,pos40_cat07,pos40,209279,ours-guard,128,3,41,0.9976,0.9756,0.00007,1.110,1.801,1.967,1.173,2225.5,0.0,3204.5,152.7,5.0,6.0,0.0,0.0,788.7,0.0,0.00,pathseer:41
beir500k-f32,pos40_cat07,pos40,209279,ours-guard,256,1,41,1.0000,1.0000,0.00000,1.934,3.222,3.924,2.073,3830.6,0.0,5638.4,309.2,10.0,13.0,0.0,0.0,1483.9,0.0,0.00,pathseer:41
beir500k-f32,pos40_cat07,pos40,209279,ours-guard,256,2,41,1.0000,1.0000,0.00000,1.973,3.212,3.931,2.099,3830.6,0.0,5638.4,309.2,10.0,13.0,0.0,0.0,1483.9,0.0,0.00,pathseer:41
beir500k-f32,pos40_cat07,pos40,209279,ours-guard,256,3,41,1.0000,1.0000,0.00000,1.988,3.220,3.918,2.089,3830.6,0.0,5638.4,309.2,10.0,13.0,0.0,0.0,1483.9,0.0,0.00,pathseer:41
beir500k-f32,pos40_cat07,pos40,209279,ours-guard,512,1,41,1.0000,1.0000,0.00000,3.517,6.125,7.069,3.775,6598.4,0.0,10040.9,648.0,20.0,27.0,0.0,0.0,2891.9,0.0,0.00,pathseer:41
beir500k-f32,pos40_cat07,pos40,209279,ours-guard,512,2,41,1.0000,1.0000,0.00000,3.564,6.182,7.192,3.764,6598.4,0.0,10040.9,648.0,20.0,27.0,0.0,0.0,2891.9,0.0,0.00,pathseer:41
beir500k-f32,pos40_cat07,pos40,209279,ours-guard,512,3,41,1.0000,1.0000,0.00000,3.560,6.103,7.291,3.789,6598.4,0.0,10040.9,648.0,20.0,27.0,0.0,0.0,2891.9,0.0,0.00,pathseer:41
beir500k-f32,pos40_cat08,pos40,218758,sweeping,64,1,52,0.9904,0.9038,0.00026,0.737,0.889,0.904,0.736,1551.7,0.0,212.7,67.7,3.0,3.0,0.0,0.0,0.0,0.0,0.00,sweeping:52
beir500k-f32,pos40_cat08,pos40,218758,sweeping,64,2,52,0.9904,0.9038,0.00026,0.728,0.856,0.882,0.726,1551.7,0.0,212.7,67.7,3.0,3.0,0.0,0.0,0.0,0.0,0.00,sweeping:52
beir500k-f32,pos40_cat08,pos40,218758,sweeping,64,3,52,0.9904,0.9038,0.00026,0.716,0.860,0.883,0.721,1551.7,0.0,212.7,67.7,3.0,3.0,0.0,0.0,0.0,0.0,0.00,sweeping:52
beir500k-f32,pos40_cat08,pos40,218758,sweeping,128,1,52,0.9942,0.9423,0.00016,1.294,1.568,1.759,1.298,2749.1,0.0,365.1,133.6,5.0,5.0,0.0,0.0,0.0,0.0,0.00,sweeping:52
beir500k-f32,pos40_cat08,pos40,218758,sweeping,128,2,52,0.9942,0.9423,0.00016,1.337,1.639,2.038,1.343,2749.1,0.0,365.1,133.6,5.0,5.0,0.0,0.0,0.0,0.0,0.00,sweeping:52
beir500k-f32,pos40_cat08,pos40,218758,sweeping,128,3,52,0.9942,0.9423,0.00016,1.322,1.598,1.810,1.322,2749.1,0.0,365.1,133.6,5.0,5.0,0.0,0.0,0.0,0.0,0.00,sweeping:52
beir500k-f32,pos40_cat08,pos40,218758,sweeping,256,1,52,0.9981,0.9808,0.00009,2.317,2.844,3.408,2.374,4707.8,0.0,647.8,265.1,10.0,10.0,0.0,0.0,0.0,0.0,0.00,sweeping:52
beir500k-f32,pos40_cat08,pos40,218758,sweeping,256,2,52,0.9981,0.9808,0.00009,2.424,3.101,3.455,2.443,4707.8,0.0,647.8,265.1,10.0,10.0,0.0,0.0,0.0,0.0,0.00,sweeping:52
beir500k-f32,pos40_cat08,pos40,218758,sweeping,256,3,52,0.9981,0.9808,0.00009,2.429,2.968,3.385,2.433,4707.8,0.0,647.8,265.1,10.0,10.0,0.0,0.0,0.0,0.0,0.00,sweeping:52
beir500k-f32,pos40_cat08,pos40,218758,sweeping,512,1,52,1.0000,1.0000,0.00000,4.112,5.114,5.920,4.115,7895.2,0.0,1176.9,531.3,20.0,20.0,0.0,0.0,0.0,0.0,0.00,sweeping:52
beir500k-f32,pos40_cat08,pos40,218758,sweeping,512,2,52,1.0000,1.0000,0.00000,4.060,5.063,5.776,4.044,7895.2,0.0,1176.9,531.3,20.0,20.0,0.0,0.0,0.0,0.0,0.00,sweeping:52
beir500k-f32,pos40_cat08,pos40,218758,sweeping,512,3,52,1.0000,1.0000,0.00000,4.029,5.068,5.867,4.047,7895.2,0.0,1176.9,531.3,20.0,20.0,0.0,0.0,0.0,0.0,0.00,sweeping:52
beir500k-f32,pos40_cat08,pos40,218758,pathseer,64,1,52,0.9904,0.9038,0.00026,0.793,0.929,1.002,0.790,1570.3,0.0,399.8,67.4,2.0,2.0,66.5,55.3,15.8,1.0,0.00,pathseer:52
beir500k-f32,pos40_cat08,pos40,218758,pathseer,64,2,52,0.9904,0.9038,0.00026,0.787,0.894,0.940,0.778,1570.3,0.0,399.8,67.4,2.0,2.0,66.5,55.3,15.8,1.0,0.00,pathseer:52
beir500k-f32,pos40_cat08,pos40,218758,pathseer,64,3,52,0.9904,0.9038,0.00026,0.763,0.901,0.956,0.759,1570.3,0.0,399.8,67.4,2.0,2.0,66.5,55.3,15.8,1.0,0.00,pathseer:52
beir500k-f32,pos40_cat08,pos40,218758,pathseer,128,1,52,0.9942,0.9423,0.00016,1.389,1.606,1.647,1.347,2763.7,0.0,747.5,132.6,3.0,3.0,132.9,111.8,37.5,2.1,0.00,pathseer:52
beir500k-f32,pos40_cat08,pos40,218758,pathseer,128,2,52,0.9942,0.9423,0.00016,1.343,1.588,1.644,1.348,2763.7,0.0,747.5,132.6,3.0,3.0,132.9,111.8,37.5,2.1,0.00,pathseer:52
beir500k-f32,pos40_cat08,pos40,218758,pathseer,128,3,52,0.9942,0.9423,0.00016,1.407,1.648,1.797,1.393,2763.7,0.0,747.5,132.6,3.0,3.0,132.9,111.8,37.5,2.1,0.00,pathseer:52
beir500k-f32,pos40_cat08,pos40,218758,pathseer,256,1,52,0.9981,0.9808,0.00009,2.371,2.722,2.781,2.326,4690.4,0.0,1338.9,262.9,4.0,4.0,221.5,178.6,73.3,3.5,0.00,pathseer:52
beir500k-f32,pos40_cat08,pos40,218758,pathseer,256,2,52,0.9981,0.9808,0.00009,2.349,2.664,2.774,2.302,4690.4,0.0,1338.9,262.9,4.0,4.0,221.5,178.6,73.3,3.5,0.00,pathseer:52
beir500k-f32,pos40_cat08,pos40,218758,pathseer,256,3,52,0.9981,0.9808,0.00009,2.291,2.678,2.762,2.300,4690.4,0.0,1338.9,262.9,4.0,4.0,221.5,178.6,73.3,3.5,0.00,pathseer:52
beir500k-f32,pos40_cat08,pos40,218758,pathseer,512,1,52,1.0000,1.0000,0.00000,3.965,4.617,5.106,3.948,7780.5,0.0,2531.2,525.6,8.0,8.0,435.7,349.9,158.3,6.8,0.00,pathseer:52
beir500k-f32,pos40_cat08,pos40,218758,pathseer,512,2,52,1.0000,1.0000,0.00000,4.005,4.589,4.846,3.945,7780.5,0.0,2531.2,525.6,8.0,8.0,435.7,349.9,158.3,6.8,0.00,pathseer:52
beir500k-f32,pos40_cat08,pos40,218758,pathseer,512,3,52,1.0000,1.0000,0.00000,4.014,4.657,4.860,3.964,7780.5,0.0,2531.2,525.6,8.0,8.0,435.7,349.9,158.3,6.8,0.00,pathseer:52
beir500k-f32,pos40_cat08,pos40,218758,ours-no-twohop,64,1,52,0.9904,0.9038,0.00026,0.731,0.847,0.887,0.728,1530.6,0.0,305.5,67.4,3.0,3.0,0.0,0.0,14.5,0.0,0.00,pathseer:52
beir500k-f32,pos40_cat08,pos40,218758,ours-no-twohop,64,2,52,0.9904,0.9038,0.00026,0.735,0.846,0.875,0.728,1530.6,0.0,305.5,67.4,3.0,3.0,0.0,0.0,14.5,0.0,0.00,pathseer:52
beir500k-f32,pos40_cat08,pos40,218758,ours-no-twohop,64,3,52,0.9904,0.9038,0.00026,0.720,0.849,0.893,0.721,1530.6,0.0,305.5,67.4,3.0,3.0,0.0,0.0,14.5,0.0,0.00,pathseer:52
beir500k-f32,pos40_cat08,pos40,218758,ours-no-twohop,128,1,52,0.9942,0.9423,0.00016,1.276,1.517,1.532,1.266,2692.8,0.0,554.7,132.6,5.0,5.0,0.0,0.0,35.7,0.0,0.00,pathseer:52
beir500k-f32,pos40_cat08,pos40,218758,ours-no-twohop,128,2,52,0.9942,0.9423,0.00016,1.279,1.494,1.543,1.275,2692.8,0.0,554.7,132.6,5.0,5.0,0.0,0.0,35.7,0.0,0.00,pathseer:52
beir500k-f32,pos40_cat08,pos40,218758,ours-no-twohop,128,3,52,0.9942,0.9423,0.00016,1.301,1.511,1.548,1.276,2692.8,0.0,554.7,132.6,5.0,5.0,0.0,0.0,35.7,0.0,0.00,pathseer:52
beir500k-f32,pos40_cat08,pos40,218758,ours-no-twohop,256,1,52,0.9981,0.9808,0.00009,2.225,2.601,2.654,2.205,4598.6,0.0,1021.5,263.3,10.0,10.0,0.0,0.0,74.2,0.0,0.00,pathseer:52
beir500k-f32,pos40_cat08,pos40,218758,ours-no-twohop,256,2,52,0.9981,0.9808,0.00009,2.234,2.645,2.716,2.226,4598.6,0.0,1021.5,263.3,10.0,10.0,0.0,0.0,74.2,0.0,0.00,pathseer:52
beir500k-f32,pos40_cat08,pos40,218758,ours-no-twohop,256,3,52,0.9981,0.9808,0.00009,2.229,2.599,2.684,2.207,4598.6,0.0,1021.5,263.3,10.0,10.0,0.0,0.0,74.2,0.0,0.00,pathseer:52
beir500k-f32,pos40_cat08,pos40,218758,ours-no-twohop,512,1,52,1.0000,1.0000,0.00000,3.899,4.628,4.804,3.862,7647.4,0.0,1943.9,526.6,20.0,20.0,0.0,0.0,164.9,0.0,0.00,pathseer:52
beir500k-f32,pos40_cat08,pos40,218758,ours-no-twohop,512,2,52,1.0000,1.0000,0.00000,3.913,4.656,5.216,3.943,7647.4,0.0,1943.9,526.6,20.0,20.0,0.0,0.0,164.9,0.0,0.00,pathseer:52
beir500k-f32,pos40_cat08,pos40,218758,ours-no-twohop,512,3,52,1.0000,1.0000,0.00000,3.826,4.489,4.696,3.840,7647.4,0.0,1943.9,526.6,20.0,20.0,0.0,0.0,164.9,0.0,0.00,pathseer:52
beir500k-f32,pos40_cat08,pos40,218758,ours-guard,64,1,52,0.9904,0.9038,0.00026,0.717,0.824,0.845,0.718,1460.6,0.0,1650.1,66.6,3.0,3.0,0.0,0.0,70.7,0.0,0.00,pathseer:52
beir500k-f32,pos40_cat08,pos40,218758,ours-guard,64,2,52,0.9904,0.9038,0.00026,0.715,0.846,0.851,0.705,1460.6,0.0,1650.1,66.6,3.0,3.0,0.0,0.0,70.7,0.0,0.00,pathseer:52
beir500k-f32,pos40_cat08,pos40,218758,ours-guard,64,3,52,0.9904,0.9038,0.00026,0.717,0.817,0.866,0.708,1460.6,0.0,1650.1,66.6,3.0,3.0,0.0,0.0,70.7,0.0,0.00,pathseer:52
beir500k-f32,pos40_cat08,pos40,218758,ours-guard,128,1,52,0.9942,0.9423,0.00016,1.244,1.484,1.547,1.259,2553.7,0.0,2900.8,130.8,5.0,5.0,0.0,0.0,142.0,0.0,0.00,pathseer:52
beir500k-f32,pos40_cat08,pos40,218758,ours-guard,128,2,52,0.9942,0.9423,0.00016,1.246,1.442,1.512,1.231,2553.7,0.0,2900.8,130.8,5.0,5.0,0.0,0.0,142.0,0.0,0.00,pathseer:52
beir500k-f32,pos40_cat08,pos40,218758,ours-guard,128,3,52,0.9942,0.9423,0.00016,1.251,1.521,1.536,1.245,2553.7,0.0,2900.8,130.8,5.0,5.0,0.0,0.0,142.0,0.0,0.00,pathseer:52
beir500k-f32,pos40_cat08,pos40,218758,ours-guard,256,1,52,0.9981,0.9808,0.00009,2.185,2.529,2.694,2.168,4349.3,0.0,4962.4,260.1,10.0,10.0,0.0,0.0,268.2,0.0,0.00,pathseer:52
beir500k-f32,pos40_cat08,pos40,218758,ours-guard,256,2,52,0.9981,0.9808,0.00009,2.185,2.484,2.812,2.173,4349.3,0.0,4962.4,260.1,10.0,10.0,0.0,0.0,268.2,0.0,0.00,pathseer:52
beir500k-f32,pos40_cat08,pos40,218758,ours-guard,256,3,52,0.9981,0.9808,0.00009,2.180,2.508,2.741,2.174,4349.3,0.0,4962.4,260.1,10.0,10.0,0.0,0.0,268.2,0.0,0.00,pathseer:52
beir500k-f32,pos40_cat08,pos40,218758,ours-guard,512,1,52,1.0000,1.0000,0.00000,3.748,4.272,4.523,3.746,7199.3,0.0,8289.8,520.0,20.0,20.0,0.0,0.0,501.6,0.0,0.00,pathseer:52
beir500k-f32,pos40_cat08,pos40,218758,ours-guard,512,2,52,1.0000,1.0000,0.00000,3.744,4.244,4.406,3.726,7199.3,0.0,8289.8,520.0,20.0,20.0,0.0,0.0,501.6,0.0,0.00,pathseer:52
beir500k-f32,pos40_cat08,pos40,218758,ours-guard,512,3,52,1.0000,1.0000,0.00000,3.749,4.476,4.865,3.770,7199.3,0.0,8289.8,520.0,20.0,20.0,0.0,0.0,501.6,0.0,0.00,pathseer:52
beir500k-f32,pos40_cat09,pos40,222267,sweeping,64,1,55,0.9927,0.9455,0.00013,0.646,0.802,0.983,0.663,1354.4,0.0,200.0,66.9,3.0,4.0,0.0,0.0,0.0,0.0,0.00,sweeping:55
beir500k-f32,pos40_cat09,pos40,222267,sweeping,64,2,55,0.9927,0.9455,0.00013,0.650,0.808,0.967,0.661,1354.4,0.0,200.0,66.9,3.0,4.0,0.0,0.0,0.0,0.0,0.00,sweeping:55
beir500k-f32,pos40_cat09,pos40,222267,sweeping,64,3,55,0.9927,0.9455,0.00013,0.639,0.839,1.070,0.665,1354.4,0.0,200.0,66.9,3.0,4.0,0.0,0.0,0.0,0.0,0.00,sweeping:55
beir500k-f32,pos40_cat09,pos40,222267,sweeping,128,1,55,0.9945,0.9636,0.00010,1.095,1.425,1.863,1.122,2300.0,0.0,339.9,132.0,6.0,6.0,0.0,0.0,0.0,0.0,0.00,sweeping:55
beir500k-f32,pos40_cat09,pos40,222267,sweeping,128,2,55,0.9945,0.9636,0.00010,1.114,1.443,1.890,1.129,2300.0,0.0,339.9,132.0,6.0,6.0,0.0,0.0,0.0,0.0,0.00,sweeping:55
beir500k-f32,pos40_cat09,pos40,222267,sweeping,128,3,55,0.9945,0.9636,0.00010,1.119,1.487,1.879,1.147,2300.0,0.0,339.9,132.0,6.0,6.0,0.0,0.0,0.0,0.0,0.00,sweeping:55
beir500k-f32,pos40_cat09,pos40,222267,sweeping,256,1,55,0.9964,0.9818,0.00010,1.968,2.515,3.360,1.968,3887.7,0.0,596.5,262.9,11.0,11.0,0.0,0.0,0.0,0.0,0.00,sweeping:55
beir500k-f32,pos40_cat09,pos40,222267,sweeping,256,2,55,0.9964,0.9818,0.00010,1.960,2.512,3.424,1.951,3887.7,0.0,596.5,262.9,11.0,11.0,0.0,0.0,0.0,0.0,0.00,sweeping:55
beir500k-f32,pos40_cat09,pos40,222267,sweeping,256,3,55,0.9964,0.9818,0.00010,1.946,2.551,3.343,1.952,3887.7,0.0,596.5,262.9,11.0,11.0,0.0,0.0,0.0,0.0,0.00,sweeping:55
beir500k-f32,pos40_cat09,pos40,222267,sweeping,512,1,55,1.0000,1.0000,0.00000,3.343,4.320,6.902,3.399,6510.4,0.0,1084.3,527.5,24.0,23.0,0.0,0.0,0.0,0.0,0.00,sweeping:55
beir500k-f32,pos40_cat09,pos40,222267,sweeping,512,2,55,1.0000,1.0000,0.00000,3.351,4.375,6.634,3.393,6510.4,0.0,1084.3,527.5,24.0,23.0,0.0,0.0,0.0,0.0,0.00,sweeping:55
beir500k-f32,pos40_cat09,pos40,222267,sweeping,512,3,55,1.0000,1.0000,0.00000,3.334,4.339,6.631,3.388,6510.4,0.0,1084.3,527.5,24.0,23.0,0.0,0.0,0.0,0.0,0.00,sweeping:55
beir500k-f32,pos40_cat09,pos40,222267,pathseer,64,1,55,0.9927,0.9455,0.00013,0.664,0.845,0.917,0.677,1374.4,0.0,385.0,66.6,2.0,2.0,66.3,58.8,14.3,1.0,0.00,pathseer:55
beir500k-f32,pos40_cat09,pos40,222267,pathseer,64,2,55,0.9927,0.9455,0.00013,0.666,0.855,0.918,0.676,1374.4,0.0,385.0,66.6,2.0,2.0,66.3,58.8,14.3,1.0,0.00,pathseer:55
beir500k-f32,pos40_cat09,pos40,222267,pathseer,64,3,55,0.9927,0.9455,0.00013,0.662,0.826,0.986,0.672,1374.4,0.0,385.0,66.6,2.0,2.0,66.3,58.8,14.3,1.0,0.00,pathseer:55
beir500k-f32,pos40_cat09,pos40,222267,pathseer,128,1,55,0.9945,0.9636,0.00010,1.137,1.424,1.689,1.151,2324.9,0.0,699.4,131.1,3.0,3.0,132.7,114.0,29.3,2.1,0.00,pathseer:55
beir500k-f32,pos40_cat09,pos40,222267,pathseer,128,2,55,0.9945,0.9636,0.00010,1.156,1.449,1.704,1.158,2324.9,0.0,699.4,131.1,3.0,3.0,132.7,114.0,29.3,2.1,0.00,pathseer:55
beir500k-f32,pos40_cat09,pos40,222267,pathseer,128,3,55,0.9945,0.9636,0.00010,1.152,1.416,1.671,1.155,2324.9,0.0,699.4,131.1,3.0,3.0,132.7,114.0,29.3,2.1,0.00,pathseer:55
beir500k-f32,pos40_cat09,pos40,222267,pathseer,256,1,55,0.9964,0.9818,0.00010,2.023,2.520,2.702,1.988,3881.2,0.0,1264.1,261.0,5.0,5.0,225.7,190.5,64.7,3.5,0.00,pathseer:55
beir500k-f32,pos40_cat09,pos40,222267,pathseer,256,2,55,0.9964,0.9818,0.00010,1.996,2.519,2.695,1.975,3881.2,0.0,1264.1,261.0,5.0,5.0,225.7,190.5,64.7,3.5,0.00,pathseer:55
beir500k-f32,pos40_cat09,pos40,222267,pathseer,256,3,55,0.9964,0.9818,0.00010,1.994,2.531,2.696,1.978,3881.2,0.0,1264.1,261.0,5.0,5.0,225.7,190.5,64.7,3.5,0.00,pathseer:55
beir500k-f32,pos40_cat09,pos40,222267,pathseer,512,1,55,1.0000,1.0000,0.00000,3.456,4.251,4.763,3.397,6408.7,0.0,2369.9,521.7,8.0,8.0,443.3,361.4,138.6,6.9,0.00,pathseer:55
beir500k-f32,pos40_cat09,pos40,222267,pathseer,512,2,55,1.0000,1.0000,0.00000,3.421,4.242,4.775,3.398,6408.7,0.0,2369.9,521.7,8.0,8.0,443.3,361.4,138.6,6.9,0.00,pathseer:55
beir500k-f32,pos40_cat09,pos40,222267,pathseer,512,3,55,1.0000,1.0000,0.00000,3.407,4.288,4.784,3.406,6408.7,0.0,2369.9,521.7,8.0,8.0,443.3,361.4,138.6,6.9,0.00,pathseer:55
beir500k-f32,pos40_cat09,pos40,222267,ours-no-twohop,64,1,55,0.9927,0.9455,0.00013,0.659,0.832,0.913,0.664,1332.7,0.0,283.5,66.6,3.0,4.0,0.0,0.0,13.6,0.0,0.00,pathseer:55
beir500k-f32,pos40_cat09,pos40,222267,ours-no-twohop,64,2,55,0.9927,0.9455,0.00013,0.643,0.790,0.906,0.648,1332.7,0.0,283.5,66.6,3.0,4.0,0.0,0.0,13.6,0.0,0.00,pathseer:55
beir500k-f32,pos40_cat09,pos40,222267,ours-no-twohop,64,3,55,0.9927,0.9455,0.00013,0.647,0.796,0.915,0.652,1332.7,0.0,283.5,66.6,3.0,4.0,0.0,0.0,13.6,0.0,0.00,pathseer:55
beir500k-f32,pos40_cat09,pos40,222267,ours-no-twohop,128,1,55,0.9945,0.9636,0.00010,1.110,1.394,1.627,1.108,2250.7,0.0,505.4,131.1,6.0,6.0,0.0,0.0,27.2,0.0,0.00,pathseer:55
beir500k-f32,pos40_cat09,pos40,222267,ours-no-twohop,128,2,55,0.9945,0.9636,0.00010,1.085,1.404,1.644,1.100,2250.7,0.0,505.4,131.1,6.0,6.0,0.0,0.0,27.2,0.0,0.00,pathseer:55
beir500k-f32,pos40_cat09,pos40,222267,ours-no-twohop,128,3,55,0.9945,0.9636,0.00010,1.110,1.384,1.627,1.104,2250.7,0.0,505.4,131.1,6.0,6.0,0.0,0.0,27.2,0.0,0.00,pathseer:55
beir500k-f32,pos40_cat09,pos40,222267,ours-no-twohop,256,1,55,0.9964,0.9818,0.00010,1.946,2.487,2.636,1.907,3787.5,0.0,938.7,261.1,11.0,11.0,0.0,0.0,63.6,0.0,0.00,pathseer:55
beir500k-f32,pos40_cat09,pos40,222267,ours-no-twohop,256,2,55,0.9964,0.9818,0.00010,1.939,2.444,2.632,1.923,3787.5,0.0,938.7,261.1,11.0,11.0,0.0,0.0,63.6,0.0,0.00,pathseer:55
beir500k-f32,pos40_cat09,pos40,222267,ours-no-twohop,256,3,55,0.9964,0.9818,0.00010,1.950,2.468,2.637,1.902,3787.5,0.0,938.7,261.1,11.0,11.0,0.0,0.0,63.6,0.0,0.00,pathseer:55
beir500k-f32,pos40_cat09,pos40,222267,ours-no-twohop,512,1,55,1.0000,1.0000,0.00000,3.337,4.153,4.717,3.307,6282.4,0.0,1778.5,522.0,24.0,23.0,0.0,0.0,142.5,0.0,0.00,pathseer:55
beir500k-f32,pos40_cat09,pos40,222267,ours-no-twohop,512,2,55,1.0000,1.0000,0.00000,3.317,4.122,4.711,3.296,6282.4,0.0,1778.5,522.0,24.0,23.0,0.0,0.0,142.5,0.0,0.00,pathseer:55
beir500k-f32,pos40_cat09,pos40,222267,ours-no-twohop,512,3,55,1.0000,1.0000,0.00000,3.323,4.141,4.738,3.293,6282.4,0.0,1778.5,522.0,24.0,23.0,0.0,0.0,142.5,0.0,0.00,pathseer:55
beir500k-f32,pos40_cat09,pos40,222267,ours-guard,64,1,55,0.9927,0.9455,0.00013,0.638,0.804,0.808,0.652,1282.1,0.0,1444.9,66.1,3.0,4.0,0.0,0.0,51.5,0.0,0.00,pathseer:55
beir500k-f32,pos40_cat09,pos40,222267,ours-guard,64,2,55,0.9927,0.9455,0.00013,0.649,0.805,0.841,0.654,1282.1,0.0,1444.9,66.1,3.0,4.0,0.0,0.0,51.5,0.0,0.00,pathseer:55
beir500k-f32,pos40_cat09,pos40,222267,ours-guard,64,3,55,0.9927,0.9455,0.00013,0.641,0.785,0.804,0.648,1282.1,0.0,1444.9,66.1,3.0,4.0,0.0,0.0,51.5,0.0,0.00,pathseer:55
beir500k-f32,pos40_cat09,pos40,222267,ours-guard,128,1,55,0.9945,0.9636,0.00010,1.145,1.410,1.440,1.133,2155.9,0.0,2440.2,130.1,6.0,6.0,0.0,0.0,99.6,0.0,0.00,pathseer:55
beir500k-f32,pos40_cat09,pos40,222267,ours-guard,128,2,55,0.9945,0.9636,0.00010,1.117,1.352,1.406,1.122,2155.9,0.0,2440.2,130.1,6.0,6.0,0.0,0.0,99.6,0.0,0.00,pathseer:55
beir500k-f32,pos40_cat09,pos40,222267,ours-guard,128,3,55,0.9945,0.9636,0.00010,1.127,3.992,5.826,1.454,2155.9,0.0,2440.2,130.1,6.0,6.0,0.0,0.0,99.6,0.0,0.00,pathseer:55
beir500k-f32,pos40_cat09,pos40,222267,ours-guard,256,1,55,0.9964,0.9818,0.00010,2.014,2.379,2.527,1.951,3609.0,0.0,4109.0,258.8,11.0,11.0,0.0,0.0,198.6,0.0,0.00,pathseer:55
beir500k-f32,pos40_cat09,pos40,222267,ours-guard,256,2,55,0.9964,0.9818,0.00010,1.999,2.299,2.521,1.944,3609.0,0.0,4109.0,258.8,11.0,11.0,0.0,0.0,198.6,0.0,0.00,pathseer:55
beir500k-f32,pos40_cat09,pos40,222267,ours-guard,256,3,55,0.9964,0.9818,0.00010,1.945,2.262,2.493,1.886,3609.0,0.0,4109.0,258.8,11.0,11.0,0.0,0.0,198.6,0.0,0.00,pathseer:55
beir500k-f32,pos40_cat09,pos40,222267,ours-guard,512,1,55,1.0000,1.0000,0.00000,3.395,4.092,4.254,3.305,5954.4,0.0,6861.3,517.3,24.0,23.0,0.0,0.0,390.6,0.0,0.00,pathseer:55
beir500k-f32,pos40_cat09,pos40,222267,ours-guard,512,2,55,1.0000,1.0000,0.00000,3.340,4.045,4.361,3.308,5954.4,0.0,6861.3,517.3,24.0,23.0,0.0,0.0,390.6,0.0,0.00,pathseer:55
beir500k-f32,pos40_cat09,pos40,222267,ours-guard,512,3,55,1.0000,1.0000,0.00000,3.333,3.923,4.108,3.269,5954.4,0.0,6861.3,517.3,24.0,23.0,0.0,0.0,390.6,0.0,0.00,pathseer:55
beir500k-f32,pos40_cat10,pos40,207074,sweeping,64,1,50,0.9980,0.9800,0.00000,0.707,1.116,1.407,0.724,1476.3,0.0,205.7,70.9,3.0,4.0,0.0,0.0,0.0,0.0,0.00,sweeping:50
beir500k-f32,pos40_cat10,pos40,207074,sweeping,64,2,50,0.9980,0.9800,0.00000,0.700,1.127,1.412,0.725,1476.3,0.0,205.7,70.9,3.0,4.0,0.0,0.0,0.0,0.0,0.00,sweeping:50
beir500k-f32,pos40_cat10,pos40,207074,sweeping,64,3,50,0.9980,0.9800,0.00000,0.711,1.139,1.406,0.726,1476.3,0.0,205.7,70.9,3.0,4.0,0.0,0.0,0.0,0.0,0.00,sweeping:50
beir500k-f32,pos40_cat10,pos40,207074,sweeping,128,1,50,1.0000,1.0000,0.00000,1.260,1.845,2.336,1.282,2626.7,0.0,363.6,141.4,6.0,6.0,0.0,0.0,0.0,0.0,0.00,sweeping:50
beir500k-f32,pos40_cat10,pos40,207074,sweeping,128,2,50,1.0000,1.0000,0.00000,1.279,1.853,2.335,1.298,2626.7,0.0,363.6,141.4,6.0,6.0,0.0,0.0,0.0,0.0,0.00,sweeping:50
beir500k-f32,pos40_cat10,pos40,207074,sweeping,128,3,50,1.0000,1.0000,0.00000,1.276,1.807,2.442,1.287,2626.7,0.0,363.6,141.4,6.0,6.0,0.0,0.0,0.0,0.0,0.00,sweeping:50
beir500k-f32,pos40_cat10,pos40,207074,sweeping,256,1,50,1.0000,1.0000,0.00000,2.263,3.261,4.270,2.288,4627.8,0.0,665.7,284.6,11.0,12.0,0.0,0.0,0.0,0.0,0.00,sweeping:50
beir500k-f32,pos40_cat10,pos40,207074,sweeping,256,2,50,1.0000,1.0000,0.00000,2.262,3.245,4.347,2.287,4627.8,0.0,665.7,284.6,11.0,12.0,0.0,0.0,0.0,0.0,0.00,sweeping:50
beir500k-f32,pos40_cat10,pos40,207074,sweeping,256,3,50,1.0000,1.0000,0.00000,2.254,3.369,4.369,2.296,4627.8,0.0,665.7,284.6,11.0,12.0,0.0,0.0,0.0,0.0,0.00,sweeping:50
beir500k-f32,pos40_cat10,pos40,207074,sweeping,512,1,50,1.0000,1.0000,0.00000,4.006,6.855,7.884,4.129,8048.0,0.0,1247.4,579.7,22.0,24.0,0.0,0.0,0.0,0.0,0.00,sweeping:50
beir500k-f32,pos40_cat10,pos40,207074,sweeping,512,2,50,1.0000,1.0000,0.00000,3.994,6.913,7.932,4.113,8048.0,0.0,1247.4,579.7,22.0,24.0,0.0,0.0,0.0,0.0,0.00,sweeping:50
beir500k-f32,pos40_cat10,pos40,207074,sweeping,512,3,50,1.0000,1.0000,0.00000,4.025,6.857,7.869,4.113,8048.0,0.0,1247.4,579.7,22.0,24.0,0.0,0.0,0.0,0.0,0.00,sweeping:50
beir500k-f32,pos40_cat10,pos40,207074,pathseer,64,1,50,0.9980,0.9800,0.00000,0.713,0.870,0.990,0.720,1436.7,0.0,454.4,69.1,2.0,2.0,78.1,58.4,54.5,1.2,0.00,pathseer:50
beir500k-f32,pos40_cat10,pos40,207074,pathseer,64,2,50,0.9980,0.9800,0.00000,0.719,0.876,0.955,0.718,1436.7,0.0,454.4,69.1,2.0,2.0,78.1,58.4,54.5,1.2,0.00,pathseer:50
beir500k-f32,pos40_cat10,pos40,207074,pathseer,64,3,50,0.9980,0.9800,0.00000,0.790,0.956,1.040,0.798,1436.7,0.0,454.4,69.1,2.0,2.0,78.1,58.4,54.5,1.2,0.00,pathseer:50
beir500k-f32,pos40_cat10,pos40,207074,pathseer,128,1,50,1.0000,1.0000,0.00000,1.263,1.533,1.825,1.256,2506.0,0.0,841.6,137.0,3.0,3.0,131.8,98.2,117.5,2.1,0.00,pathseer:50
beir500k-f32,pos40_cat10,pos40,207074,pathseer,128,2,50,1.0000,1.0000,0.00000,1.235,1.511,1.706,1.236,2506.0,0.0,841.6,137.0,3.0,3.0,131.8,98.2,117.5,2.1,0.00,pathseer:50
beir500k-f32,pos40_cat10,pos40,207074,pathseer,128,3,50,1.0000,1.0000,0.00000,1.236,1.571,1.733,1.240,2506.0,0.0,841.6,137.0,3.0,3.0,131.8,98.2,117.5,2.1,0.00,pathseer:50
beir500k-f32,pos40_cat10,pos40,207074,pathseer,256,1,50,1.0000,1.0000,0.00000,2.156,2.693,2.982,2.177,4318.6,0.0,1573.2,273.5,5.0,5.0,244.5,176.8,234.8,3.8,0.00,pathseer:50
beir500k-f32,pos40_cat10,pos40,207074,pathseer,256,2,50,1.0000,1.0000,0.00000,2.135,2.749,2.999,2.178,4318.6,0.0,1573.2,273.5,5.0,5.0,244.5,176.8,234.8,3.8,0.00,pathseer:50
beir500k-f32,pos40_cat10,pos40,207074,pathseer,256,3,50,1.0000,1.0000,0.00000,2.134,2.700,3.032,2.169,4318.6,0.0,1573.2,273.5,5.0,5.0,244.5,176.8,234.8,3.8,0.00,pathseer:50
beir500k-f32,pos40_cat10,pos40,207074,pathseer,512,1,50,1.0000,1.0000,0.00000,3.847,4.883,5.333,3.869,7290.9,0.0,3037.7,551.8,8.0,9.0,480.0,337.6,508.3,7.5,0.00,pathseer:50
beir500k-f32,pos40_cat10,pos40,207074,pathseer,512,2,50,1.0000,1.0000,0.00000,3.793,4.863,5.399,3.832,7290.9,0.0,3037.7,551.8,8.0,9.0,480.0,337.6,508.3,7.5,0.00,pathseer:50
beir500k-f32,pos40_cat10,pos40,207074,pathseer,512,3,50,1.0000,1.0000,0.00000,3.775,4.865,5.342,3.839,7290.9,0.0,3037.7,551.8,8.0,9.0,480.0,337.6,508.3,7.5,0.00,pathseer:50
beir500k-f32,pos40_cat10,pos40,207074,ours-no-twohop,64,1,50,0.9980,0.9800,0.00000,0.700,0.884,1.010,0.710,1392.9,0.0,350.5,69.2,3.0,4.0,0.0,0.0,54.6,0.0,0.00,pathseer:50
beir500k-f32,pos40_cat10,pos40,207074,ours-no-twohop,64,2,50,0.9980,0.9800,0.00000,0.687,0.850,1.007,0.694,1392.9,0.0,350.5,69.2,3.0,4.0,0.0,0.0,54.6,0.0,0.00,pathseer:50
beir500k-f32,pos40_cat10,pos40,207074,ours-no-twohop,64,3,50,0.9980,0.9800,0.00000,0.694,0.840,0.987,0.692,1392.9,0.0,350.5,69.2,3.0,4.0,0.0,0.0,54.6,0.0,0.00,pathseer:50
beir500k-f32,pos40_cat10,pos40,207074,ours-no-twohop,128,1,50,1.0000,1.0000,0.00000,1.167,1.477,1.682,1.204,2440.8,0.0,658.3,137.3,6.0,6.0,0.0,0.0,118.0,0.0,0.00,pathseer:50
beir500k-f32,pos40_cat10,pos40,207074,ours-no-twohop,128,2,50,1.0000,1.0000,0.00000,1.184,1.498,1.678,1.202,2440.8,0.0,658.3,137.3,6.0,6.0,0.0,0.0,118.0,0.0,0.00,pathseer:50
beir500k-f32,pos40_cat10,pos40,207074,ours-no-twohop,128,3,50,1.0000,1.0000,0.00000,1.182,1.493,1.665,1.197,2440.8,0.0,658.3,137.3,6.0,6.0,0.0,0.0,118.0,0.0,0.00,pathseer:50
beir500k-f32,pos40_cat10,pos40,207074,ours-no-twohop,256,1,50,1.0000,1.0000,0.00000,2.206,2.880,3.106,2.220,4231.5,0.0,1257.1,275.0,11.0,12.0,0.0,0.0,243.4,0.0,0.00,pathseer:50
beir500k-f32,pos40_cat10,pos40,207074,ours-no-twohop,256,2,50,1.0000,1.0000,0.00000,2.083,2.599,2.975,2.114,4231.5,0.0,1257.1,275.0,11.0,12.0,0.0,0.0,243.4,0.0,0.00,pathseer:50
beir500k-f32,pos40_cat10,pos40,207074,ours-no-twohop,256,3,50,1.0000,1.0000,0.00000,2.066,2.624,2.960,2.101,4231.5,0.0,1257.1,275.0,11.0,12.0,0.0,0.0,243.4,0.0,0.00,pathseer:50
beir500k-f32,pos40_cat10,pos40,207074,ours-no-twohop,512,1,50,1.0000,1.0000,0.00000,3.698,4.882,5.380,3.732,7185.2,0.0,2471.1,556.3,22.0,24.0,0.0,0.0,531.7,0.0,0.00,pathseer:50
beir500k-f32,pos40_cat10,pos40,207074,ours-no-twohop,512,2,50,1.0000,1.0000,0.00000,3.679,5.063,5.380,3.738,7185.2,0.0,2471.1,556.3,22.0,24.0,0.0,0.0,531.7,0.0,0.00,pathseer:50
beir500k-f32,pos40_cat10,pos40,207074,ours-no-twohop,512,3,50,1.0000,1.0000,0.00000,3.683,4.844,5.402,3.728,7185.2,0.0,2471.1,556.3,22.0,24.0,0.0,0.0,531.7,0.0,0.00,pathseer:50
beir500k-f32,pos40_cat10,pos40,207074,ours-guard,64,1,50,0.9960,0.9600,0.00000,0.644,0.754,0.863,0.638,1231.5,0.0,1494.2,66.3,3.0,4.0,0.0,0.0,157.8,0.0,0.00,pathseer:50
beir500k-f32,pos40_cat10,pos40,207074,ours-guard,64,2,50,0.9960,0.9600,0.00000,0.638,0.765,0.802,0.633,1231.5,0.0,1494.2,66.3,3.0,4.0,0.0,0.0,157.8,0.0,0.00,pathseer:50
beir500k-f32,pos40_cat10,pos40,207074,ours-guard,64,3,50,0.9960,0.9600,0.00000,0.637,0.735,0.784,0.627,1231.5,0.0,1494.2,66.3,3.0,4.0,0.0,0.0,157.8,0.0,0.00,pathseer:50
beir500k-f32,pos40_cat10,pos40,207074,ours-guard,128,1,50,1.0000,1.0000,0.00000,1.094,1.310,1.349,1.095,2149.3,0.0,2645.6,132.1,6.0,6.0,0.0,0.0,313.9,0.0,0.00,pathseer:50
beir500k-f32,pos40_cat10,pos40,207074,ours-guard,128,2,50,1.0000,1.0000,0.00000,1.092,1.358,1.390,1.105,2149.3,0.0,2645.6,132.1,6.0,6.0,0.0,0.0,313.9,0.0,0.00,pathseer:50
beir500k-f32,pos40_cat10,pos40,207074,ours-guard,128,3,50,1.0000,1.0000,0.00000,1.107,1.363,1.401,1.111,2149.3,0.0,2645.6,132.1,6.0,6.0,0.0,0.0,313.9,0.0,0.00,pathseer:50
beir500k-f32,pos40_cat10,pos40,207074,ours-guard,256,1,50,1.0000,1.0000,0.00000,1.932,2.365,2.398,1.942,3720.1,0.0,4634.0,265.8,11.0,12.0,0.0,0.0,601.0,0.0,0.00,pathseer:50
beir500k-f32,pos40_cat10,pos40,207074,ours-guard,256,2,50,1.0000,1.0000,0.00000,1.943,2.295,2.393,1.928,3720.1,0.0,4634.0,265.8,11.0,12.0,0.0,0.0,601.0,0.0,0.00,pathseer:50
beir500k-f32,pos40_cat10,pos40,207074,ours-guard,256,3,50,1.0000,1.0000,0.00000,1.925,2.319,2.378,1.940,3720.1,0.0,4634.0,265.8,11.0,12.0,0.0,0.0,601.0,0.0,0.00,pathseer:50
beir500k-f32,pos40_cat10,pos40,207074,ours-guard,512,1,50,1.0000,1.0000,0.00000,3.500,4.413,4.486,3.501,6282.8,0.0,7993.7,537.2,22.0,24.0,0.0,0.0,1163.5,0.0,0.00,pathseer:50
beir500k-f32,pos40_cat10,pos40,207074,ours-guard,512,2,50,1.0000,1.0000,0.00000,3.471,4.153,4.615,3.430,6282.8,0.0,7993.7,537.2,22.0,24.0,0.0,0.0,1163.5,0.0,0.00,pathseer:50
beir500k-f32,pos40_cat10,pos40,207074,ours-guard,512,3,50,1.0000,1.0000,0.00000,3.464,4.119,4.578,3.436,6282.8,0.0,7993.7,537.2,22.0,24.0,0.0,0.0,1163.5,0.0,0.00,pathseer:50
beir500k-f32,pos40_cat11,pos40,211992,sweeping,64,1,32,0.9938,0.9375,0.00010,0.964,1.787,3.709,1.091,2204.9,0.0,323.2,121.3,4.0,4.0,0.0,0.0,0.0,0.0,0.00,sweeping:32
beir500k-f32,pos40_cat11,pos40,211992,sweeping,64,2,32,0.9938,0.9375,0.00010,0.957,1.749,3.696,1.074,2204.9,0.0,323.2,121.3,4.0,4.0,0.0,0.0,0.0,0.0,0.00,sweeping:32
beir500k-f32,pos40_cat11,pos40,211992,sweeping,64,3,32,0.9938,0.9375,0.00010,0.915,1.763,3.673,1.070,2204.9,0.0,323.2,121.3,4.0,4.0,0.0,0.0,0.0,0.0,0.00,sweeping:32
beir500k-f32,pos40_cat11,pos40,211992,sweeping,128,1,32,0.9938,0.9375,0.00010,1.676,3.615,7.608,1.988,4026.0,0.0,595.6,257.3,6.0,8.0,0.0,0.0,0.0,0.0,0.00,sweeping:32
beir500k-f32,pos40_cat11,pos40,211992,sweeping,128,2,32,0.9938,0.9375,0.00010,1.530,3.749,7.579,2.003,4026.0,0.0,595.6,257.3,6.0,8.0,0.0,0.0,0.0,0.0,0.00,sweeping:32
beir500k-f32,pos40_cat11,pos40,211992,sweeping,128,3,32,0.9938,0.9375,0.00010,1.530,3.632,7.497,1.991,4026.0,0.0,595.6,257.3,6.0,8.0,0.0,0.0,0.0,0.0,0.00,sweeping:32
beir500k-f32,pos40_cat11,pos40,211992,sweeping,256,1,32,0.9969,0.9688,0.00005,2.825,8.014,15.283,3.774,7361.2,0.0,1162.7,578.3,11.0,17.0,0.0,0.0,0.0,0.0,0.00,sweeping:32
beir500k-f32,pos40_cat11,pos40,211992,sweeping,256,2,32,0.9969,0.9688,0.00005,2.958,7.963,15.330,3.785,7361.2,0.0,1162.7,578.3,11.0,17.0,0.0,0.0,0.0,0.0,0.00,sweeping:32
beir500k-f32,pos40_cat11,pos40,211992,sweeping,256,3,32,0.9969,0.9688,0.00005,2.779,7.941,15.339,3.786,7361.2,0.0,1162.7,578.3,11.0,17.0,0.0,0.0,0.0,0.0,0.00,sweeping:32
beir500k-f32,pos40_cat11,pos40,211992,sweeping,512,1,32,0.9969,0.9688,0.00005,5.543,14.458,24.981,6.825,12724.6,0.0,2277.3,1219.4,23.0,41.0,0.0,0.0,0.0,0.0,0.00,sweeping:32
beir500k-f32,pos40_cat11,pos40,211992,sweeping,512,2,32,0.9969,0.9688,0.00005,5.549,14.395,24.995,6.831,12724.6,0.0,2277.3,1219.4,23.0,41.0,0.0,0.0,0.0,0.0,0.00,sweeping:32
beir500k-f32,pos40_cat11,pos40,211992,sweeping,512,3,32,0.9969,0.9688,0.00005,5.534,15.327,24.907,6.996,12724.6,0.0,2277.3,1219.4,23.0,41.0,0.0,0.0,0.0,0.0,0.00,sweeping:32
beir500k-f32,pos40_cat11,pos40,211992,pathseer,64,1,32,0.9938,0.9375,0.00010,0.693,0.955,1.018,0.691,1403.3,0.0,928.5,88.8,3.0,3.0,102.0,46.2,376.7,1.6,0.00,pathseer:32
beir500k-f32,pos40_cat11,pos40,211992,pathseer,64,2,32,0.9938,0.9375,0.00010,0.685,0.930,1.025,0.692,1403.3,0.0,928.5,88.8,3.0,3.0,102.0,46.2,376.7,1.6,0.00,pathseer:32
beir500k-f32,pos40_cat11,pos40,211992,pathseer,64,3,32,0.9938,0.9375,0.00010,0.709,0.947,1.023,0.699,1403.3,0.0,928.5,88.8,3.0,3.0,102.0,46.2,376.7,1.6,0.00,pathseer:32
beir500k-f32,pos40_cat11,pos40,211992,pathseer,128,1,32,0.9938,0.9375,0.00010,1.213,1.665,2.016,1.246,2407.4,0.0,1755.9,180.8,4.0,4.0,176.0,79.9,764.3,2.8,0.00,pathseer:32
beir500k-f32,pos40_cat11,pos40,211992,pathseer,128,2,32,0.9938,0.9375,0.00010,1.207,1.649,2.009,1.214,2407.4,0.0,1755.9,180.8,4.0,4.0,176.0,79.9,764.3,2.8,0.00,pathseer:32
beir500k-f32,pos40_cat11,pos40,211992,pathseer,128,3,32,0.9938,0.9375,0.00010,1.203,1.668,2.006,1.217,2407.4,0.0,1755.9,180.8,4.0,4.0,176.0,79.9,764.3,2.8,0.00,pathseer:32
beir500k-f32,pos40_cat11,pos40,211992,pathseer,256,1,32,0.9969,0.9688,0.00005,2.073,3.007,4.134,2.192,4137.2,0.0,3400.9,376.8,6.0,6.0,328.0,149.2,1537.7,5.1,0.00,pathseer:32
beir500k-f32,pos40_cat11,pos40,211992,pathseer,256,2,32,0.9969,0.9688,0.00005,2.067,3.052,4.133,2.188,4137.2,0.0,3400.9,376.8,6.0,6.0,328.0,149.2,1537.7,5.1,0.00,pathseer:32
beir500k-f32,pos40_cat11,pos40,211992,pathseer,256,3,32,0.9969,0.9688,0.00005,2.109,3.006,4.138,2.207,4137.2,0.0,3400.9,376.8,6.0,6.0,328.0,149.2,1537.7,5.1,0.00,pathseer:32
beir500k-f32,pos40_cat11,pos40,211992,pathseer,512,1,32,0.9969,0.9688,0.00005,3.571,5.749,7.985,3.980,6945.8,0.0,6444.6,774.2,10.0,16.0,634.0,290.0,2947.4,9.9,0.00,pathseer:32
beir500k-f32,pos40_cat11,pos40,211992,pathseer,512,2,32,0.9969,0.9688,0.00005,3.521,5.681,7.972,3.928,6945.8,0.0,6444.6,774.2,10.0,16.0,634.0,290.0,2947.4,9.9,0.00,pathseer:32
beir500k-f32,pos40_cat11,pos40,211992,pathseer,512,3,32,0.9969,0.9688,0.00005,3.714,5.722,8.091,4.043,6945.8,0.0,6444.6,774.2,10.0,16.0,634.0,290.0,2947.4,9.9,0.00,pathseer:32
beir500k-f32,pos40_cat11,pos40,211992,ours-no-twohop,64,1,32,0.9938,0.9375,0.00010,0.720,1.025,1.084,0.735,1387.5,0.0,828.1,90.7,4.0,4.0,0.0,0.0,385.0,0.0,0.00,pathseer:32
beir500k-f32,pos40_cat11,pos40,211992,ours-no-twohop,64,2,32,0.9938,0.9375,0.00010,0.728,1.009,1.067,0.714,1387.5,0.0,828.1,90.7,4.0,4.0,0.0,0.0,385.0,0.0,0.00,pathseer:32
beir500k-f32,pos40_cat11,pos40,211992,ours-no-twohop,64,3,32,0.9938,0.9375,0.00010,0.680,0.944,1.105,0.718,1387.5,0.0,828.1,90.7,4.0,4.0,0.0,0.0,385.0,0.0,0.00,pathseer:32
beir500k-f32,pos40_cat11,pos40,211992,ours-no-twohop,128,1,32,0.9938,0.9375,0.00010,1.148,1.659,2.189,1.209,2396.0,0.0,1631.6,188.4,6.0,8.0,0.0,0.0,811.6,0.0,0.00,pathseer:32
beir500k-f32,pos40_cat11,pos40,211992,ours-no-twohop,128,2,32,0.9938,0.9375,0.00010,1.170,1.700,2.228,1.225,2396.0,0.0,1631.6,188.4,6.0,8.0,0.0,0.0,811.6,0.0,0.00,pathseer:32
beir500k-f32,pos40_cat11,pos40,211992,ours-no-twohop,128,3,32,0.9938,0.9375,0.00010,1.168,1.700,2.195,1.225,2396.0,0.0,1631.6,188.4,6.0,8.0,0.0,0.0,811.6,0.0,0.00,pathseer:32
beir500k-f32,pos40_cat11,pos40,211992,ours-no-twohop,256,1,32,0.9969,0.9688,0.00005,2.016,3.089,4.303,2.160,4123.7,0.0,3193.9,391.1,11.0,17.0,0.0,0.0,1638.0,0.0,0.00,pathseer:32
beir500k-f32,pos40_cat11,pos40,211992,ours-no-twohop,256,2,32,0.9969,0.9688,0.00005,2.000,3.174,4.363,2.176,4123.7,0.0,3193.9,391.1,11.0,17.0,0.0,0.0,1638.0,0.0,0.00,pathseer:32
beir500k-f32,pos40_cat11,pos40,211992,ours-no-twohop,256,3,32,0.9969,0.9688,0.00005,2.032,3.173,4.317,2.190,4123.7,0.0,3193.9,391.1,11.0,17.0,0.0,0.0,1638.0,0.0,0.00,pathseer:32
beir500k-f32,pos40_cat11,pos40,211992,ours-no-twohop,512,1,32,0.9969,0.9688,0.00005,3.458,5.853,8.583,3.970,7025.4,0.0,6250.0,830.2,23.0,41.0,0.0,0.0,3206.3,0.0,0.00,pathseer:32
beir500k-f32,pos40_cat11,pos40,211992,ours-no-twohop,512,2,32,0.9969,0.9688,0.00005,3.641,6.390,9.261,4.143,7025.4,0.0,6250.0,830.2,23.0,41.0,0.0,0.0,3206.3,0.0,0.00,pathseer:32
beir500k-f32,pos40_cat11,pos40,211992,ours-no-twohop,512,3,32,0.9969,0.9688,0.00005,3.436,5.840,8.670,3.949,7025.4,0.0,6250.0,830.2,23.0,41.0,0.0,0.0,3206.3,0.0,0.00,pathseer:32
beir500k-f32,pos40_cat11,pos40,211992,ours-guard,64,1,32,0.9906,0.9062,0.00012,0.501,0.730,0.804,0.531,1056.1,0.0,1652.1,79.1,4.0,4.0,0.0,0.0,501.1,0.0,0.00,pathseer:32
beir500k-f32,pos40_cat11,pos40,211992,ours-guard,64,2,32,0.9906,0.9062,0.00012,0.491,0.727,0.809,0.529,1056.1,0.0,1652.1,79.1,4.0,4.0,0.0,0.0,501.1,0.0,0.00,pathseer:32
beir500k-f32,pos40_cat11,pos40,211992,ours-guard,64,3,32,0.9906,0.9062,0.00012,0.503,0.748,0.811,0.535,1056.1,0.0,1652.1,79.1,4.0,4.0,0.0,0.0,501.1,0.0,0.00,pathseer:32
beir500k-f32,pos40_cat11,pos40,211992,ours-guard,128,1,32,0.9938,0.9375,0.00010,0.920,1.251,1.902,0.952,1809.6,0.0,3023.7,168.3,6.0,8.0,0.0,0.0,1054.0,0.0,0.00,pathseer:32
beir500k-f32,pos40_cat11,pos40,211992,ours-guard,128,2,32,0.9938,0.9375,0.00010,0.915,1.266,1.880,0.961,1809.6,0.0,3023.7,168.3,6.0,8.0,0.0,0.0,1054.0,0.0,0.00,pathseer:32
beir500k-f32,pos40_cat11,pos40,211992,ours-guard,128,3,32,0.9938,0.9375,0.00010,0.939,1.305,1.927,0.977,1809.6,0.0,3023.7,168.3,6.0,8.0,0.0,0.0,1054.0,0.0,0.00,pathseer:32
beir500k-f32,pos40_cat11,pos40,211992,ours-guard,256,1,32,0.9938,0.9375,0.00010,1.632,2.467,3.772,1.738,3106.2,0.0,5453.0,350.6,11.0,17.0,0.0,0.0,2067.5,0.0,0.00,pathseer:32
beir500k-f32,pos40_cat11,pos40,211992,ours-guard,256,2,32,0.9938,0.9375,0.00010,1.613,2.466,3.773,1.725,3106.2,0.0,5453.0,350.6,11.0,17.0,0.0,0.0,2067.5,0.0,0.00,pathseer:32
beir500k-f32,pos40_cat11,pos40,211992,ours-guard,256,3,32,0.9938,0.9375,0.00010,1.617,2.545,3.838,1.742,3106.2,0.0,5453.0,350.6,11.0,17.0,0.0,0.0,2067.5,0.0,0.00,pathseer:32
beir500k-f32,pos40_cat11,pos40,211992,ours-guard,512,1,32,0.9969,0.9688,0.00005,2.721,4.674,7.783,3.201,5307.6,0.0,9764.2,753.5,23.0,41.0,0.0,0.0,3980.8,0.0,0.00,pathseer:32
beir500k-f32,pos40_cat11,pos40,211992,ours-guard,512,2,32,0.9969,0.9688,0.00005,2.719,4.522,7.749,3.228,5307.6,0.0,9764.2,753.5,23.0,41.0,0.0,0.0,3980.8,0.0,0.00,pathseer:32
beir500k-f32,pos40_cat11,pos40,211992,ours-guard,512,3,32,0.9969,0.9688,0.00005,2.737,4.693,7.772,3.220,5307.6,0.0,9764.2,753.5,23.0,41.0,0.0,0.0,3980.8,0.0,0.00,pathseer:32
beir500k-f32,pos40_cat12,pos40,216862,sweeping,64,1,66,0.9924,0.9242,0.00004,0.637,0.951,0.991,0.661,1349.8,0.0,200.3,70.3,3.0,3.0,0.0,0.0,0.0,0.0,0.00,sweeping:66
beir500k-f32,pos40_cat12,pos40,216862,sweeping,64,2,66,0.9924,0.9242,0.00004,0.640,0.953,0.993,0.663,1349.8,0.0,200.3,70.3,3.0,3.0,0.0,0.0,0.0,0.0,0.00,sweeping:66
beir500k-f32,pos40_cat12,pos40,216862,sweeping,64,3,66,0.9924,0.9242,0.00004,0.643,0.937,0.973,0.662,1349.8,0.0,200.3,70.3,3.0,3.0,0.0,0.0,0.0,0.0,0.00,sweeping:66
beir500k-f32,pos40_cat12,pos40,216862,sweeping,128,1,66,0.9985,0.9848,0.00001,1.086,1.658,1.797,1.147,2349.2,0.0,350.4,138.5,6.0,6.0,0.0,0.0,0.0,0.0,0.00,sweeping:66
beir500k-f32,pos40_cat12,pos40,216862,sweeping,128,2,66,0.9985,0.9848,0.00001,1.101,1.663,1.819,1.158,2349.2,0.0,350.4,138.5,6.0,6.0,0.0,0.0,0.0,0.0,0.00,sweeping:66
beir500k-f32,pos40_cat12,pos40,216862,sweeping,128,3,66,0.9985,0.9848,0.00001,1.138,1.666,1.828,1.166,2349.2,0.0,350.4,138.5,6.0,6.0,0.0,0.0,0.0,0.0,0.00,sweeping:66
beir500k-f32,pos40_cat12,pos40,216862,sweeping,256,1,66,1.0000,1.0000,0.00000,1.929,3.064,3.606,2.030,4086.1,0.0,633.5,277.7,11.0,12.0,0.0,0.0,0.0,0.0,0.00,sweeping:66
beir500k-f32,pos40_cat12,pos40,216862,sweeping,256,2,66,1.0000,1.0000,0.00000,1.913,3.080,3.647,2.034,4086.1,0.0,633.5,277.7,11.0,12.0,0.0,0.0,0.0,0.0,0.00,sweeping:66
beir500k-f32,pos40_cat12,pos40,216862,sweeping,256,3,66,1.0000,1.0000,0.00000,2.019,3.079,3.556,2.108,4086.1,0.0,633.5,277.7,11.0,12.0,0.0,0.0,0.0,0.0,0.00,sweeping:66
beir500k-f32,pos40_cat12,pos40,216862,sweeping,512,1,66,1.0000,1.0000,0.00000,3.462,5.824,6.431,3.648,7051.2,0.0,1178.6,558.8,23.0,26.0,0.0,0.0,0.0,0.0,0.00,sweeping:66
beir500k-f32,pos40_cat12,pos40,216862,sweeping,512,2,66,1.0000,1.0000,0.00000,3.567,5.827,6.740,3.748,7051.2,0.0,1178.6,558.8,23.0,26.0,0.0,0.0,0.0,0.0,0.00,sweeping:66
beir500k-f32,pos40_cat12,pos40,216862,sweeping,512,3,66,1.0000,1.0000,0.00000,3.461,5.788,6.511,3.648,7051.2,0.0,1178.6,558.8,23.0,26.0,0.0,0.0,0.0,0.0,0.00,sweeping:66
beir500k-f32,pos40_cat12,pos40,216862,pathseer,64,1,66,0.9924,0.9242,0.00004,0.647,0.788,0.817,0.636,1307.0,0.0,429.3,68.3,2.0,2.0,72.7,57.3,48.1,1.1,0.00,pathseer:66
beir500k-f32,pos40_cat12,pos40,216862,pathseer,64,2,66,0.9924,0.9242,0.00004,0.644,0.831,0.843,0.643,1307.0,0.0,429.3,68.3,2.0,2.0,72.7,57.3,48.1,1.1,0.00,pathseer:66
beir500k-f32,pos40_cat12,pos40,216862,pathseer,64,3,66,0.9924,0.9242,0.00004,0.641,0.799,0.839,0.639,1307.0,0.0,429.3,68.3,2.0,2.0,72.7,57.3,48.1,1.1,0.00,pathseer:66
beir500k-f32,pos40_cat12,pos40,216862,pathseer,128,1,66,0.9985,0.9848,0.00001,1.104,1.431,1.449,1.110,2271.3,0.0,774.7,134.5,3.0,3.0,135.8,107.9,82.4,2.1,0.00,pathseer:66
beir500k-f32,pos40_cat12,pos40,216862,pathseer,128,2,66,0.9985,0.9848,0.00001,1.122,1.439,1.445,1.113,2271.3,0.0,774.7,134.5,3.0,3.0,135.8,107.9,82.4,2.1,0.00,pathseer:66
beir500k-f32,pos40_cat12,pos40,216862,pathseer,128,3,66,0.9985,0.9848,0.00001,1.116,1.432,1.445,1.123,2271.3,0.0,774.7,134.5,3.0,3.0,135.8,107.9,82.4,2.1,0.00,pathseer:66
beir500k-f32,pos40_cat12,pos40,216862,pathseer,256,1,66,1.0000,1.0000,0.00000,1.950,2.552,2.571,1.947,3876.7,0.0,1419.2,268.4,5.0,5.0,240.5,185.4,159.9,3.8,0.00,pathseer:66
beir500k-f32,pos40_cat12,pos40,216862,pathseer,256,2,66,1.0000,1.0000,0.00000,1.956,2.543,2.573,1.964,3876.7,0.0,1419.2,268.4,5.0,5.0,240.5,185.4,159.9,3.8,0.00,pathseer:66
beir500k-f32,pos40_cat12,pos40,216862,pathseer,256,3,66,1.0000,1.0000,0.00000,1.945,2.538,2.577,1.951,3876.7,0.0,1419.2,268.4,5.0,5.0,240.5,185.4,159.9,3.8,0.00,pathseer:66
beir500k-f32,pos40_cat12,pos40,216862,pathseer,512,1,66,1.0000,1.0000,0.00000,3.442,4.450,4.548,3.457,6551.3,0.0,2715.0,538.2,8.0,8.0,479.0,352.7,339.5,7.5,0.00,pathseer:66
beir500k-f32,pos40_cat12,pos40,216862,pathseer,512,2,66,1.0000,1.0000,0.00000,3.426,4.495,4.684,3.458,6551.3,0.0,2715.0,538.2,8.0,8.0,479.0,352.7,339.5,7.5,0.00,pathseer:66
beir500k-f32,pos40_cat12,pos40,216862,pathseer,512,3,66,1.0000,1.0000,0.00000,3.451,4.463,4.658,3.440,6551.3,0.0,2715.0,538.2,8.0,8.0,479.0,352.7,339.5,7.5,0.00,pathseer:66
beir500k-f32,pos40_cat12,pos40,216862,ours-no-twohop,64,1,66,0.9924,0.9242,0.00004,0.616,0.791,0.825,0.615,1265.5,0.0,327.1,68.4,3.0,3.0,0.0,0.0,48.5,0.0,0.00,pathseer:66
beir500k-f32,pos40_cat12,pos40,216862,ours-no-twohop,64,2,66,0.9924,0.9242,0.00004,0.625,0.784,0.827,0.619,1265.5,0.0,327.1,68.4,3.0,3.0,0.0,0.0,48.5,0.0,0.00,pathseer:66
beir500k-f32,pos40_cat12,pos40,216862,ours-no-twohop,64,3,66,0.9924,0.9242,0.00004,0.628,0.780,0.837,0.618,1265.5,0.0,327.1,68.4,3.0,3.0,0.0,0.0,48.5,0.0,0.00,pathseer:66
beir500k-f32,pos40_cat12,pos40,216862,ours-no-twohop,128,1,66,0.9985,0.9848,0.00001,1.061,1.367,1.423,1.069,2203.8,0.0,588.9,134.9,6.0,6.0,0.0,0.0,86.1,0.0,0.00,pathseer:66
beir500k-f32,pos40_cat12,pos40,216862,ours-no-twohop,128,2,66,0.9985,0.9848,0.00001,1.056,1.389,1.420,1.076,2203.8,0.0,588.9,134.9,6.0,6.0,0.0,0.0,86.1,0.0,0.00,pathseer:66
beir500k-f32,pos40_cat12,pos40,216862,ours-no-twohop,128,3,66,0.9985,0.9848,0.00001,1.061,1.384,1.417,1.069,2203.8,0.0,588.9,134.9,6.0,6.0,0.0,0.0,86.1,0.0,0.00,pathseer:66
beir500k-f32,pos40_cat12,pos40,216862,ours-no-twohop,256,1,66,1.0000,1.0000,0.00000,1.893,2.491,2.593,1.900,3794.0,0.0,1115.5,270.2,11.0,12.0,0.0,0.0,174.3,0.0,0.00,pathseer:66
beir500k-f32,pos40_cat12,pos40,216862,ours-no-twohop,256,2,66,1.0000,1.0000,0.00000,1.896,2.483,2.582,1.901,3794.0,0.0,1115.5,270.2,11.0,12.0,0.0,0.0,174.3,0.0,0.00,pathseer:66
beir500k-f32,pos40_cat12,pos40,216862,ours-no-twohop,256,3,66,1.0000,1.0000,0.00000,1.901,2.479,2.672,1.918,3794.0,0.0,1115.5,270.2,11.0,12.0,0.0,0.0,174.3,0.0,0.00,pathseer:66
beir500k-f32,pos40_cat12,pos40,216862,ours-no-twohop,512,1,66,1.0000,1.0000,0.00000,3.426,4.498,4.660,3.395,6448.7,0.0,2157.2,542.4,23.0,26.0,0.0,0.0,371.6,0.0,0.00,pathseer:66
beir500k-f32,pos40_cat12,pos40,216862,ours-no-twohop,512,2,66,1.0000,1.0000,0.00000,3.358,4.513,4.619,3.368,6448.7,0.0,2157.2,542.4,23.0,26.0,0.0,0.0,371.6,0.0,0.00,pathseer:66
beir500k-f32,pos40_cat12,pos40,216862,ours-no-twohop,512,3,66,1.0000,1.0000,0.00000,3.396,4.495,4.705,3.388,6448.7,0.0,2157.2,542.4,23.0,26.0,0.0,0.0,371.6,0.0,0.00,pathseer:66
beir500k-f32,pos40_cat12,pos40,216862,ours-guard,64,1,66,0.9924,0.9242,0.00002,0.595,0.742,0.767,0.591,1169.1,0.0,1379.7,66.6,3.0,3.0,0.0,0.0,106.5,0.0,0.00,pathseer:66
beir500k-f32,pos40_cat12,pos40,216862,ours-guard,64,2,66,0.9924,0.9242,0.00002,0.587,0.741,0.749,0.584,1169.1,0.0,1379.7,66.6,3.0,3.0,0.0,0.0,106.5,0.0,0.00,pathseer:66
beir500k-f32,pos40_cat12,pos40,216862,ours-guard,64,3,66,0.9924,0.9242,0.00002,0.591,0.747,0.758,0.587,1169.1,0.0,1379.7,66.6,3.0,3.0,0.0,0.0,106.5,0.0,0.00,pathseer:66
beir500k-f32,pos40_cat12,pos40,216862,ours-guard,128,1,66,0.9985,0.9848,0.00001,1.041,1.274,1.373,1.041,2031.2,0.0,2405.1,131.8,6.0,6.0,0.0,0.0,200.6,0.0,0.00,pathseer:66
beir500k-f32,pos40_cat12,pos40,216862,ours-guard,128,2,66,0.9985,0.9848,0.00001,1.030,1.270,1.362,1.022,2031.2,0.0,2405.1,131.8,6.0,6.0,0.0,0.0,200.6,0.0,0.00,pathseer:66
beir500k-f32,pos40_cat12,pos40,216862,ours-guard,128,3,66,0.9985,0.9848,0.00001,1.043,1.297,1.392,1.032,2031.2,0.0,2405.1,131.8,6.0,6.0,0.0,0.0,200.6,0.0,0.00,pathseer:66
beir500k-f32,pos40_cat12,pos40,216862,ours-guard,256,1,66,1.0000,1.0000,0.00000,1.844,2.273,2.400,1.811,3488.9,0.0,4170.8,264.4,11.0,12.0,0.0,0.0,384.2,0.0,0.00,pathseer:66
beir500k-f32,pos40_cat12,pos40,216862,ours-guard,256,2,66,1.0000,1.0000,0.00000,1.814,2.259,2.407,1.800,3488.9,0.0,4170.8,264.4,11.0,12.0,0.0,0.0,384.2,0.0,0.00,pathseer:66
beir500k-f32,pos40_cat12,pos40,216862,ours-guard,256,3,66,1.0000,1.0000,0.00000,1.814,2.289,2.414,1.815,3488.9,0.0,4170.8,264.4,11.0,12.0,0.0,0.0,384.2,0.0,0.00,pathseer:66
beir500k-f32,pos40_cat12,pos40,216862,ours-guard,512,1,66,1.0000,1.0000,0.00000,3.237,4.033,4.464,3.221,5914.2,0.0,7204.7,532.8,23.0,26.0,0.0,0.0,769.3,0.0,0.00,pathseer:66
beir500k-f32,pos40_cat12,pos40,216862,ours-guard,512,2,66,1.0000,1.0000,0.00000,3.284,4.213,4.282,3.261,5914.2,0.0,7204.7,532.8,23.0,26.0,0.0,0.0,769.3,0.0,0.00,pathseer:66
beir500k-f32,pos40_cat12,pos40,216862,ours-guard,512,3,66,1.0000,1.0000,0.00000,3.260,4.099,4.424,3.204,5914.2,0.0,7204.7,532.8,23.0,26.0,0.0,0.0,769.3,0.0,0.00,pathseer:66
beir500k-f32,pos40_cat13,pos40,200600,sweeping,64,1,54,0.9889,0.9074,0.00010,0.730,1.003,2.096,0.805,1622.7,0.0,245.4,78.3,3.0,4.0,0.0,0.0,0.0,0.0,0.00,sweeping:54
beir500k-f32,pos40_cat13,pos40,200600,sweeping,64,2,54,0.9889,0.9074,0.00010,0.723,1.061,2.008,0.811,1622.7,0.0,245.4,78.3,3.0,4.0,0.0,0.0,0.0,0.0,0.00,sweeping:54
beir500k-f32,pos40_cat13,pos40,200600,sweeping,64,3,54,0.9889,0.9074,0.00010,0.740,1.045,2.002,0.823,1622.7,0.0,245.4,78.3,3.0,4.0,0.0,0.0,0.0,0.0,0.00,sweeping:54
beir500k-f32,pos40_cat13,pos40,200600,sweeping,128,1,54,0.9963,0.9630,0.00003,1.253,1.777,3.341,1.420,2809.2,0.0,421.3,152.4,5.0,6.0,0.0,0.0,0.0,0.0,0.00,sweeping:54
beir500k-f32,pos40_cat13,pos40,200600,sweeping,128,2,54,0.9963,0.9630,0.00003,1.283,1.886,3.380,1.414,2809.2,0.0,421.3,152.4,5.0,6.0,0.0,0.0,0.0,0.0,0.00,sweeping:54
beir500k-f32,pos40_cat13,pos40,200600,sweeping,128,3,54,0.9963,0.9630,0.00003,1.268,1.907,3.306,1.450,2809.2,0.0,421.3,152.4,5.0,6.0,0.0,0.0,0.0,0.0,0.00,sweeping:54
beir500k-f32,pos40_cat13,pos40,200600,sweeping,256,1,54,1.0000,1.0000,0.00000,2.187,3.544,5.591,2.447,4830.7,0.0,746.7,301.8,10.0,12.0,0.0,0.0,0.0,0.0,0.00,sweeping:54
beir500k-f32,pos40_cat13,pos40,200600,sweeping,256,2,54,1.0000,1.0000,0.00000,2.195,3.555,5.896,2.435,4830.7,0.0,746.7,301.8,10.0,12.0,0.0,0.0,0.0,0.0,0.00,sweeping:54
beir500k-f32,pos40_cat13,pos40,200600,sweeping,256,3,54,1.0000,1.0000,0.00000,2.153,3.567,5.587,2.427,4830.7,0.0,746.7,301.8,10.0,12.0,0.0,0.0,0.0,0.0,0.00,sweeping:54
beir500k-f32,pos40_cat13,pos40,200600,sweeping,512,1,54,1.0000,1.0000,0.00000,3.969,6.207,9.283,4.300,8266.0,0.0,1363.0,601.9,23.0,26.0,0.0,0.0,0.0,0.0,0.00,sweeping:54
beir500k-f32,pos40_cat13,pos40,200600,sweeping,512,2,54,1.0000,1.0000,0.00000,3.972,6.681,9.218,4.385,8266.0,0.0,1363.0,601.9,23.0,26.0,0.0,0.0,0.0,0.0,0.00,sweeping:54
beir500k-f32,pos40_cat13,pos40,200600,sweeping,512,3,54,1.0000,1.0000,0.00000,4.025,6.263,9.217,4.276,8266.0,0.0,1363.0,601.9,23.0,26.0,0.0,0.0,0.0,0.0,0.00,sweeping:54
beir500k-f32,pos40_cat13,pos40,200600,pathseer,64,1,54,0.9889,0.9074,0.00010,0.716,0.911,0.957,0.721,1462.1,0.0,523.2,71.4,2.0,2.0,80.6,53.6,89.2,1.3,0.00,pathseer:54
beir500k-f32,pos40_cat13,pos40,200600,pathseer,64,2,54,0.9889,0.9074,0.00010,0.719,0.933,1.017,0.738,1462.1,0.0,523.2,71.4,2.0,2.0,80.6,53.6,89.2,1.3,0.00,pathseer:54
beir500k-f32,pos40_cat13,pos40,200600,pathseer,64,3,54,0.9889,0.9074,0.00010,0.722,0.927,0.949,0.726,1462.1,0.0,523.2,71.4,2.0,2.0,80.6,53.6,89.2,1.3,0.00,pathseer:54
beir500k-f32,pos40_cat13,pos40,200600,pathseer,128,1,54,0.9944,0.9444,0.00005,1.246,1.606,1.742,1.261,2519.9,0.0,955.0,141.2,3.0,3.0,137.5,93.0,178.3,2.1,0.00,pathseer:54
beir500k-f32,pos40_cat13,pos40,200600,pathseer,128,2,54,0.9944,0.9444,0.00005,1.234,1.603,1.632,1.265,2519.9,0.0,955.0,141.2,3.0,3.0,137.5,93.0,178.3,2.1,0.00,pathseer:54
beir500k-f32,pos40_cat13,pos40,200600,pathseer,128,3,54,0.9944,0.9444,0.00005,1.206,1.618,1.629,1.254,2519.9,0.0,955.0,141.2,3.0,3.0,137.5,93.0,178.3,2.1,0.00,pathseer:54
beir500k-f32,pos40_cat13,pos40,200600,pathseer,256,1,54,1.0000,1.0000,0.00000,2.122,2.874,2.993,2.188,4288.7,0.0,1743.1,281.1,5.0,5.0,251.3,168.2,337.0,3.9,0.00,pathseer:54
beir500k-f32,pos40_cat13,pos40,200600,pathseer,256,2,54,1.0000,1.0000,0.00000,2.128,2.882,2.947,2.198,4288.7,0.0,1743.1,281.1,5.0,5.0,251.3,168.2,337.0,3.9,0.00,pathseer:54
beir500k-f32,pos40_cat13,pos40,200600,pathseer,256,3,54,1.0000,1.0000,0.00000,2.145,2.866,3.048,2.202,4288.7,0.0,1743.1,281.1,5.0,5.0,251.3,168.2,337.0,3.9,0.00,pathseer:54
beir500k-f32,pos40_cat13,pos40,200600,pathseer,512,1,54,1.0000,1.0000,0.00000,3.815,5.273,5.741,3.875,7250.2,0.0,3303.0,563.3,8.0,9.0,497.8,331.5,665.2,7.8,0.00,pathseer:54
beir500k-f32,pos40_cat13,pos40,200600,pathseer,512,2,54,1.0000,1.0000,0.00000,3.841,5.246,5.722,3.902,7250.2,0.0,3303.0,563.3,8.0,9.0,497.8,331.5,665.2,7.8,0.00,pathseer:54
beir500k-f32,pos40_cat13,pos40,200600,pathseer,512,3,54,1.0000,1.0000,0.00000,3.994,5.453,5.663,3.983,7250.2,0.0,3303.0,563.3,8.0,9.0,497.8,331.5,665.2,7.8,0.00,pathseer:54
beir500k-f32,pos40_cat13,pos40,200600,ours-no-twohop,64,1,54,0.9889,0.9074,0.00010,0.694,0.888,0.925,0.700,1422.2,0.0,425.1,72.0,3.0,4.0,0.0,0.0,94.7,0.0,0.00,pathseer:54
beir500k-f32,pos40_cat13,pos40,200600,ours-no-twohop,64,2,54,0.9889,0.9074,0.00010,0.691,0.907,0.947,0.702,1422.2,0.0,425.1,72.0,3.0,4.0,0.0,0.0,94.7,0.0,0.00,pathseer:54
beir500k-f32,pos40_cat13,pos40,200600,ours-no-twohop,64,3,54,0.9889,0.9074,0.00010,0.701,0.895,0.919,0.704,1422.2,0.0,425.1,72.0,3.0,4.0,0.0,0.0,94.7,0.0,0.00,pathseer:54
beir500k-f32,pos40_cat13,pos40,200600,ours-no-twohop,128,1,54,0.9944,0.9444,0.00005,1.181,1.589,1.612,1.221,2466.3,0.0,782.1,142.6,5.0,6.0,0.0,0.0,185.9,0.0,0.00,pathseer:54
beir500k-f32,pos40_cat13,pos40,200600,ours-no-twohop,128,2,54,0.9944,0.9444,0.00005,1.176,1.578,1.612,1.224,2466.3,0.0,782.1,142.6,5.0,6.0,0.0,0.0,185.9,0.0,0.00,pathseer:54
beir500k-f32,pos40_cat13,pos40,200600,ours-no-twohop,128,3,54,0.9944,0.9444,0.00005,1.171,1.591,1.598,1.224,2466.3,0.0,782.1,142.6,5.0,6.0,0.0,0.0,185.9,0.0,0.00,pathseer:54
beir500k-f32,pos40_cat13,pos40,200600,ours-no-twohop,256,1,54,1.0000,1.0000,0.00000,2.055,2.858,3.116,2.144,4221.7,0.0,1461.7,284.6,10.0,12.0,0.0,0.0,367.5,0.0,0.00,pathseer:54
beir500k-f32,pos40_cat13,pos40,200600,ours-no-twohop,256,2,54,1.0000,1.0000,0.00000,2.053,2.974,3.119,2.150,4221.7,0.0,1461.7,284.6,10.0,12.0,0.0,0.0,367.5,0.0,0.00,pathseer:54
beir500k-f32,pos40_cat13,pos40,200600,ours-no-twohop,256,3,54,1.0000,1.0000,0.00000,2.067,2.831,3.083,2.147,4221.7,0.0,1461.7,284.6,10.0,12.0,0.0,0.0,367.5,0.0,0.00,pathseer:54
beir500k-f32,pos40_cat13,pos40,200600,ours-no-twohop,512,1,54,1.0000,1.0000,0.00000,3.703,5.155,5.600,3.769,7139.6,0.0,2707.3,566.1,23.0,26.0,0.0,0.0,678.1,0.0,0.00,pathseer:54
beir500k-f32,pos40_cat13,pos40,200600,ours-no-twohop,512,2,54,1.0000,1.0000,0.00000,3.732,5.208,5.606,3.782,7139.6,0.0,2707.3,566.1,23.0,26.0,0.0,0.0,678.1,0.0,0.00,pathseer:54
beir500k-f32,pos40_cat13,pos40,200600,ours-no-twohop,512,3,54,1.0000,1.0000,0.00000,3.711,5.157,5.827,3.781,7139.6,0.0,2707.3,566.1,23.0,26.0,0.0,0.0,678.1,0.0,0.00,pathseer:54
beir500k-f32,pos40_cat13,pos40,200600,ours-guard,64,1,54,0.9889,0.9074,0.00010,0.637,0.840,0.891,0.648,1265.9,0.0,1576.0,68.7,3.0,4.0,0.0,0.0,189.2,0.0,0.00,pathseer:54
beir500k-f32,pos40_cat13,pos40,200600,ours-guard,64,2,54,0.9889,0.9074,0.00010,0.648,0.860,0.899,0.653,1265.9,0.0,1576.0,68.7,3.0,4.0,0.0,0.0,189.2,0.0,0.00,pathseer:54
beir500k-f32,pos40_cat13,pos40,200600,ours-guard,64,3,54,0.9889,0.9074,0.00010,0.639,0.828,0.886,0.645,1265.9,0.0,1576.0,68.7,3.0,4.0,0.0,0.0,189.2,0.0,0.00,pathseer:54
beir500k-f32,pos40_cat13,pos40,200600,ours-guard,128,1,54,0.9944,0.9444,0.00005,1.247,1.713,1.784,1.252,2188.2,0.0,2748.9,136.8,5.0,6.0,0.0,0.0,361.0,0.0,0.00,pathseer:54
beir500k-f32,pos40_cat13,pos40,200600,ours-guard,128,2,54,0.9944,0.9444,0.00005,1.095,1.479,1.531,1.122,2188.2,0.0,2748.9,136.8,5.0,6.0,0.0,0.0,361.0,0.0,0.00,pathseer:54
beir500k-f32,pos40_cat13,pos40,200600,ours-guard,128,3,54,0.9944,0.9444,0.00005,1.120,1.473,1.504,1.122,2188.2,0.0,2748.9,136.8,5.0,6.0,0.0,0.0,361.0,0.0,0.00,pathseer:54
beir500k-f32,pos40_cat13,pos40,200600,ours-guard,256,1,54,0.9981,0.9815,0.00002,1.935,2.635,2.890,1.977,3722.4,0.0,4753.6,274.5,10.0,12.0,0.0,0.0,693.6,0.0,0.00,pathseer:54
beir500k-f32,pos40_cat13,pos40,200600,ours-guard,256,2,54,0.9981,0.9815,0.00002,1.959,2.611,2.848,1.979,3722.4,0.0,4753.6,274.5,10.0,12.0,0.0,0.0,693.6,0.0,0.00,pathseer:54
beir500k-f32,pos40_cat13,pos40,200600,ours-guard,256,3,54,0.9981,0.9815,0.00002,1.939,2.563,2.889,1.968,3722.4,0.0,4753.6,274.5,10.0,12.0,0.0,0.0,693.6,0.0,0.00,pathseer:54
beir500k-f32,pos40_cat13,pos40,200600,ours-guard,512,1,54,0.9981,0.9815,0.00002,3.478,4.527,4.829,3.444,6230.6,0.0,8093.8,546.6,23.0,26.0,0.0,0.0,1281.0,0.0,0.00,pathseer:54
beir500k-f32,pos40_cat13,pos40,200600,ours-guard,512,2,54,0.9981,0.9815,0.00002,3.458,4.503,4.841,3.437,6230.6,0.0,8093.8,546.6,23.0,26.0,0.0,0.0,1281.0,0.0,0.00,pathseer:54
beir500k-f32,pos40_cat13,pos40,200600,ours-guard,512,3,54,0.9981,0.9815,0.00002,3.510,4.511,4.876,3.433,6230.6,0.0,8093.8,546.6,23.0,26.0,0.0,0.0,1281.0,0.0,0.00,pathseer:54
beir500k-f32,pos40_cat14,pos40,225031,sweeping,64,1,6,1.0000,1.0000,0.00000,0.484,0.654,0.654,0.477,1368.7,0.0,200.7,72.8,3.0,4.0,0.0,0.0,0.0,0.0,0.00,sweeping:6
beir500k-f32,pos40_cat14,pos40,225031,sweeping,64,2,6,1.0000,1.0000,0.00000,0.483,0.629,0.629,0.473,1368.7,0.0,200.7,72.8,3.0,4.0,0.0,0.0,0.0,0.0,0.00,sweeping:6
beir500k-f32,pos40_cat14,pos40,225031,sweeping,64,3,6,1.0000,1.0000,0.00000,0.480,0.627,0.627,0.487,1368.7,0.0,200.7,72.8,3.0,4.0,0.0,0.0,0.0,0.0,0.00,sweeping:6
beir500k-f32,pos40_cat14,pos40,225031,sweeping,128,1,6,1.0000,1.0000,0.00000,0.972,1.290,1.290,0.924,2334.3,0.0,351.0,143.2,5.0,6.0,0.0,0.0,0.0,0.0,0.00,sweeping:6
beir500k-f32,pos40_cat14,pos40,225031,sweeping,128,2,6,1.0000,1.0000,0.00000,0.976,1.267,1.267,0.914,2334.3,0.0,351.0,143.2,5.0,6.0,0.0,0.0,0.0,0.0,0.00,sweeping:6
beir500k-f32,pos40_cat14,pos40,225031,sweeping,128,3,6,1.0000,1.0000,0.00000,0.956,1.315,1.315,0.957,2334.3,0.0,351.0,143.2,5.0,6.0,0.0,0.0,0.0,0.0,0.00,sweeping:6
beir500k-f32,pos40_cat14,pos40,225031,sweeping,256,1,6,1.0000,1.0000,0.00000,1.965,2.828,2.828,1.891,3942.7,0.0,641.8,286.7,13.0,13.0,0.0,0.0,0.0,0.0,0.00,sweeping:6
beir500k-f32,pos40_cat14,pos40,225031,sweeping,256,2,6,1.0000,1.0000,0.00000,1.855,2.720,2.720,1.803,3942.7,0.0,641.8,286.7,13.0,13.0,0.0,0.0,0.0,0.0,0.00,sweeping:6
beir500k-f32,pos40_cat14,pos40,225031,sweeping,256,3,6,1.0000,1.0000,0.00000,1.934,2.725,2.725,1.811,3942.7,0.0,641.8,286.7,13.0,13.0,0.0,0.0,0.0,0.0,0.00,sweeping:6
beir500k-f32,pos40_cat14,pos40,225031,sweeping,512,1,6,1.0000,1.0000,0.00000,3.362,5.237,5.237,3.266,6563.0,0.0,1208.2,576.5,23.0,29.0,0.0,0.0,0.0,0.0,0.00,sweeping:6
beir500k-f32,pos40_cat14,pos40,225031,sweeping,512,2,6,1.0000,1.0000,0.00000,3.356,5.252,5.252,3.281,6563.0,0.0,1208.2,576.5,23.0,29.0,0.0,0.0,0.0,0.0,0.00,sweeping:6
beir500k-f32,pos40_cat14,pos40,225031,sweeping,512,3,6,1.0000,1.0000,0.00000,3.392,5.188,5.188,3.282,6563.0,0.0,1208.2,576.5,23.0,29.0,0.0,0.0,0.0,0.0,0.00,sweeping:6
beir500k-f32,pos40_cat14,pos40,225031,pathseer,64,1,6,1.0000,1.0000,0.00000,0.470,0.540,0.540,0.465,1313.8,0.0,480.8,70.7,2.0,2.0,64.0,57.7,64.8,1.0,0.00,pathseer:6
beir500k-f32,pos40_cat14,pos40,225031,pathseer,64,2,6,1.0000,1.0000,0.00000,0.480,0.541,0.541,0.470,1313.8,0.0,480.8,70.7,2.0,2.0,64.0,57.7,64.8,1.0,0.00,pathseer:6
beir500k-f32,pos40_cat14,pos40,225031,pathseer,64,3,6,1.0000,1.0000,0.00000,0.461,0.540,0.540,0.465,1313.8,0.0,480.8,70.7,2.0,2.0,64.0,57.7,64.8,1.0,0.00,pathseer:6
beir500k-f32,pos40_cat14,pos40,225031,pathseer,128,1,6,1.0000,1.0000,0.00000,0.905,1.082,1.082,0.892,2226.2,0.0,867.7,138.0,3.0,3.0,138.7,112.5,118.8,2.2,0.00,pathseer:6
beir500k-f32,pos40_cat14,pos40,225031,pathseer,128,2,6,1.0000,1.0000,0.00000,0.869,1.046,1.046,0.875,2226.2,0.0,867.7,138.0,3.0,3.0,138.7,112.5,118.8,2.2,0.00,pathseer:6
beir500k-f32,pos40_cat14,pos40,225031,pathseer,128,3,6,1.0000,1.0000,0.00000,0.903,1.051,1.051,0.880,2226.2,0.0,867.7,138.0,3.0,3.0,138.7,112.5,118.8,2.2,0.00,pathseer:6
beir500k-f32,pos40_cat14,pos40,225031,pathseer,256,1,6,1.0000,1.0000,0.00000,1.700,2.233,2.233,1.730,3670.5,0.0,1531.8,274.3,5.0,5.0,224.0,167.5,209.3,3.5,0.00,pathseer:6
beir500k-f32,pos40_cat14,pos40,225031,pathseer,256,2,6,1.0000,1.0000,0.00000,1.692,2.132,2.132,1.689,3670.5,0.0,1531.8,274.3,5.0,5.0,224.0,167.5,209.3,3.5,0.00,pathseer:6
beir500k-f32,pos40_cat14,pos40,225031,pathseer,256,3,6,1.0000,1.0000,0.00000,1.654,2.156,2.156,1.709,3670.5,0.0,1531.8,274.3,5.0,5.0,224.0,167.5,209.3,3.5,0.00,pathseer:6
beir500k-f32,pos40_cat14,pos40,225031,pathseer,512,1,6,1.0000,1.0000,0.00000,3.078,3.953,3.953,3.065,5968.8,0.0,2928.8,551.7,8.0,8.0,480.0,352.5,419.2,7.5,0.00,pathseer:6
beir500k-f32,pos40_cat14,pos40,225031,pathseer,512,2,6,1.0000,1.0000,0.00000,3.021,3.960,3.960,3.058,5968.8,0.0,2928.8,551.7,8.0,8.0,480.0,352.5,419.2,7.5,0.00,pathseer:6
beir500k-f32,pos40_cat14,pos40,225031,pathseer,512,3,6,1.0000,1.0000,0.00000,3.074,3.946,3.946,3.050,5968.8,0.0,2928.8,551.7,8.0,8.0,480.0,352.5,419.2,7.5,0.00,pathseer:6
beir500k-f32,pos40_cat14,pos40,225031,ours-no-twohop,64,1,6,1.0000,1.0000,0.00000,0.433,0.537,0.537,0.451,1266.3,0.0,378.2,70.7,3.0,4.0,0.0,0.0,64.8,0.0,0.00,pathseer:6
beir500k-f32,pos40_cat14,pos40,225031,ours-no-twohop,64,2,6,1.0000,1.0000,0.00000,0.454,0.530,0.530,0.446,1266.3,0.0,378.2,70.7,3.0,4.0,0.0,0.0,64.8,0.0,0.00,pathseer:6
beir500k-f32,pos40_cat14,pos40,225031,ours-no-twohop,64,3,6,1.0000,1.0000,0.00000,0.453,0.516,0.516,0.439,1266.3,0.0,378.2,70.7,3.0,4.0,0.0,0.0,64.8,0.0,0.00,pathseer:6
beir500k-f32,pos40_cat14,pos40,225031,ours-no-twohop,128,1,6,1.0000,1.0000,0.00000,0.907,1.201,1.201,0.912,2149.8,0.0,677.0,138.8,5.0,6.0,0.0,0.0,125.8,0.0,0.00,pathseer:6
beir500k-f32,pos40_cat14,pos40,225031,ours-no-twohop,128,2,6,1.0000,1.0000,0.00000,0.923,1.101,1.101,0.888,2149.8,0.0,677.0,138.8,5.0,6.0,0.0,0.0,125.8,0.0,0.00,pathseer:6
beir500k-f32,pos40_cat14,pos40,225031,ours-no-twohop,128,3,6,1.0000,1.0000,0.00000,0.875,1.018,1.018,0.834,2149.8,0.0,677.0,138.8,5.0,6.0,0.0,0.0,125.8,0.0,0.00,pathseer:6
beir500k-f32,pos40_cat14,pos40,225031,ours-no-twohop,256,1,6,1.0000,1.0000,0.00000,1.598,2.110,2.110,1.618,3588.2,0.0,1227.2,276.2,13.0,13.0,0.0,0.0,223.0,0.0,0.00,pathseer:6
beir500k-f32,pos40_cat14,pos40,225031,ours-no-twohop,256,2,6,1.0000,1.0000,0.00000,1.712,2.120,2.120,1.663,3588.2,0.0,1227.2,276.2,13.0,13.0,0.0,0.0,223.0,0.0,0.00,pathseer:6
beir500k-f32,pos40_cat14,pos40,225031,ours-no-twohop,256,3,6,1.0000,1.0000,0.00000,1.646,2.212,2.212,1.685,3588.2,0.0,1227.2,276.2,13.0,13.0,0.0,0.0,223.0,0.0,0.00,pathseer:6
beir500k-f32,pos40_cat14,pos40,225031,ours-no-twohop,512,1,6,1.0000,1.0000,0.00000,2.924,3.919,3.919,2.943,5882.3,0.0,2400.7,560.2,23.0,29.0,0.0,0.0,468.0,0.0,0.00,pathseer:6
beir500k-f32,pos40_cat14,pos40,225031,ours-no-twohop,512,2,6,1.0000,1.0000,0.00000,3.002,3.949,3.949,3.010,5882.3,0.0,2400.7,560.2,23.0,29.0,0.0,0.0,468.0,0.0,0.00,pathseer:6
beir500k-f32,pos40_cat14,pos40,225031,ours-no-twohop,512,3,6,1.0000,1.0000,0.00000,2.931,4.008,4.008,2.953,5882.3,0.0,2400.7,560.2,23.0,29.0,0.0,0.0,468.0,0.0,0.00,pathseer:6
beir500k-f32,pos40_cat14,pos40,225031,ours-guard,64,1,6,1.0000,1.0000,0.00000,0.440,0.479,0.479,0.420,1120.7,0.0,1380.7,67.8,3.0,4.0,0.0,0.0,161.3,0.0,0.00,pathseer:6
beir500k-f32,pos40_cat14,pos40,225031,ours-guard,64,2,6,1.0000,1.0000,0.00000,0.438,0.481,0.481,0.418,1120.7,0.0,1380.7,67.8,3.0,4.0,0.0,0.0,161.3,0.0,0.00,pathseer:6
beir500k-f32,pos40_cat14,pos40,225031,ours-guard,64,3,6,1.0000,1.0000,0.00000,0.438,0.512,0.512,0.429,1120.7,0.0,1380.7,67.8,3.0,4.0,0.0,0.0,161.3,0.0,0.00,pathseer:6
beir500k-f32,pos40_cat14,pos40,225031,ours-guard,128,1,6,1.0000,1.0000,0.00000,0.795,0.915,0.915,0.749,1902.8,0.0,2396.0,135.2,5.0,6.0,0.0,0.0,318.8,0.0,0.00,pathseer:6
beir500k-f32,pos40_cat14,pos40,225031,ours-guard,128,2,6,1.0000,1.0000,0.00000,0.774,0.928,0.928,0.753,1902.8,0.0,2396.0,135.2,5.0,6.0,0.0,0.0,318.8,0.0,0.00,pathseer:6
beir500k-f32,pos40_cat14,pos40,225031,ours-guard,128,3,6,1.0000,1.0000,0.00000,0.774,0.976,0.976,0.762,1902.8,0.0,2396.0,135.2,5.0,6.0,0.0,0.0,318.8,0.0,0.00,pathseer:6
beir500k-f32,pos40_cat14,pos40,225031,ours-guard,256,1,6,1.0000,1.0000,0.00000,1.544,1.932,1.932,1.513,3199.5,0.0,4003.2,269.5,13.0,13.0,0.0,0.0,514.3,0.0,0.00,pathseer:6
beir500k-f32,pos40_cat14,pos40,225031,ours-guard,256,2,6,1.0000,1.0000,0.00000,1.529,1.834,1.834,1.487,3199.5,0.0,4003.2,269.5,13.0,13.0,0.0,0.0,514.3,0.0,0.00,pathseer:6
beir500k-f32,pos40_cat14,pos40,225031,ours-guard,256,3,6,1.0000,1.0000,0.00000,1.496,1.887,1.887,1.488,3199.5,0.0,4003.2,269.5,13.0,13.0,0.0,0.0,514.3,0.0,0.00,pathseer:6
beir500k-f32,pos40_cat14,pos40,225031,ours-guard,512,1,6,1.0000,1.0000,0.00000,2.771,3.502,3.502,2.770,5236.2,0.0,6647.2,544.0,23.0,29.0,0.0,0.0,898.7,0.0,0.00,pathseer:6
beir500k-f32,pos40_cat14,pos40,225031,ours-guard,512,2,6,1.0000,1.0000,0.00000,2.679,3.431,3.431,2.716,5236.2,0.0,6647.2,544.0,23.0,29.0,0.0,0.0,898.7,0.0,0.00,pathseer:6
beir500k-f32,pos40_cat14,pos40,225031,ours-guard,512,3,6,1.0000,1.0000,0.00000,2.671,3.505,3.505,2.745,5236.2,0.0,6647.2,544.0,23.0,29.0,0.0,0.0,898.7,0.0,0.00,pathseer:6
beir500k-f32,pos40_cat15,pos40,200325,sweeping,64,1,84,0.9893,0.9286,0.00025,0.866,2.276,2.979,1.131,2095.8,0.0,347.6,125.5,4.0,5.0,0.0,0.0,0.0,0.0,0.00,sweeping:84
beir500k-f32,pos40_cat15,pos40,200325,sweeping,64,2,84,0.9893,0.9286,0.00025,0.776,2.001,3.063,1.091,2095.8,0.0,347.6,125.5,4.0,5.0,0.0,0.0,0.0,0.0,0.00,sweeping:84
beir500k-f32,pos40_cat15,pos40,200325,sweeping,64,3,84,0.9893,0.9286,0.00025,0.786,2.025,2.952,1.088,2095.8,0.0,347.6,125.5,4.0,5.0,0.0,0.0,0.0,0.0,0.00,sweeping:84
beir500k-f32,pos40_cat15,pos40,200325,sweeping,128,1,84,0.9988,0.9881,0.00001,1.560,4.133,4.951,2.015,3876.3,0.0,634.9,258.9,6.0,9.0,0.0,0.0,0.0,0.0,0.00,sweeping:84
beir500k-f32,pos40_cat15,pos40,200325,sweeping,128,2,84,0.9988,0.9881,0.00001,1.542,4.140,4.924,2.020,3876.3,0.0,634.9,258.9,6.0,9.0,0.0,0.0,0.0,0.0,0.00,sweeping:84
beir500k-f32,pos40_cat15,pos40,200325,sweeping,128,3,84,0.9988,0.9881,0.00001,1.550,4.233,4.987,2.021,3876.3,0.0,634.9,258.9,6.0,9.0,0.0,0.0,0.0,0.0,0.00,sweeping:84
beir500k-f32,pos40_cat15,pos40,200325,sweeping,256,1,84,1.0000,1.0000,0.00000,3.138,8.077,10.565,3.830,7287.6,0.0,1200.5,529.2,12.0,19.0,0.0,0.0,0.0,0.0,0.00,sweeping:84
beir500k-f32,pos40_cat15,pos40,200325,sweeping,256,2,84,1.0000,1.0000,0.00000,3.120,8.068,10.618,3.819,7287.6,0.0,1200.5,529.2,12.0,19.0,0.0,0.0,0.0,0.0,0.00,sweeping:84
beir500k-f32,pos40_cat15,pos40,200325,sweeping,256,3,84,1.0000,1.0000,0.00000,3.226,8.212,11.270,3.889,7287.6,0.0,1200.5,529.2,12.0,19.0,0.0,0.0,0.0,0.0,0.00,sweeping:84
beir500k-f32,pos40_cat15,pos40,200325,sweeping,512,1,84,1.0000,1.0000,0.00000,6.145,14.457,23.234,7.419,13761.1,0.0,2346.1,1107.7,26.0,39.0,0.0,0.0,0.0,0.0,0.00,sweeping:84
beir500k-f32,pos40_cat15,pos40,200325,sweeping,512,2,84,1.0000,1.0000,0.00000,6.282,14.387,23.354,7.416,13761.1,0.0,2346.1,1107.7,26.0,39.0,0.0,0.0,0.0,0.0,0.00,sweeping:84
beir500k-f32,pos40_cat15,pos40,200325,sweeping,512,3,84,1.0000,1.0000,0.00000,6.152,14.474,23.358,7.389,13761.1,0.0,2346.1,1107.7,26.0,39.0,0.0,0.0,0.0,0.0,0.00,sweeping:84
beir500k-f32,pos40_cat15,pos40,200325,pathseer,64,1,84,0.9845,0.8810,0.00038,0.746,0.986,1.006,0.740,1366.8,0.0,804.7,84.4,2.0,3.0,98.3,45.6,303.0,1.5,0.00,pathseer:84
beir500k-f32,pos40_cat15,pos40,200325,pathseer,64,2,84,0.9845,0.8810,0.00038,0.736,0.971,1.014,0.732,1366.8,0.0,804.7,84.4,2.0,3.0,98.3,45.6,303.0,1.5,0.00,pathseer:84
beir500k-f32,pos40_cat15,pos40,200325,pathseer,64,3,84,0.9845,0.8810,0.00038,0.739,0.972,1.018,0.739,1366.8,0.0,804.7,84.4,2.0,3.0,98.3,45.6,303.0,1.5,0.00,pathseer:84
beir500k-f32,pos40_cat15,pos40,200325,pathseer,128,1,84,0.9952,0.9524,0.00005,1.347,1.737,1.861,1.316,2449.0,0.0,1519.9,168.0,3.0,4.0,173.7,84.4,603.2,2.7,0.00,pathseer:84
beir500k-f32,pos40_cat15,pos40,200325,pathseer,128,2,84,0.9952,0.9524,0.00005,1.343,1.733,1.819,1.316,2449.0,0.0,1519.9,168.0,3.0,4.0,173.7,84.4,603.2,2.7,0.00,pathseer:84
beir500k-f32,pos40_cat15,pos40,200325,pathseer,128,3,84,0.9952,0.9524,0.00005,1.339,1.721,1.826,1.320,2449.0,0.0,1519.9,168.0,3.0,4.0,173.7,84.4,603.2,2.7,0.00,pathseer:84
beir500k-f32,pos40_cat15,pos40,200325,pathseer,256,1,84,0.9988,0.9881,0.00002,2.432,3.305,3.468,2.438,4463.2,0.0,2983.7,343.9,6.0,6.0,321.5,156.3,1244.7,5.0,0.00,pathseer:84
beir500k-f32,pos40_cat15,pos40,200325,pathseer,256,2,84,0.9988,0.9881,0.00002,2.454,3.298,3.399,2.442,4463.2,0.0,2983.7,343.9,6.0,6.0,321.5,156.3,1244.7,5.0,0.00,pathseer:84
beir500k-f32,pos40_cat15,pos40,200325,pathseer,256,3,84,0.9988,0.9881,0.00002,2.501,3.386,3.611,2.527,4463.2,0.0,2983.7,343.9,6.0,6.0,321.5,156.3,1244.7,5.0,0.00,pathseer:84
beir500k-f32,pos40_cat15,pos40,200325,pathseer,512,1,84,1.0000,1.0000,0.00000,4.576,6.051,6.861,4.558,8040.7,0.0,6019.9,718.5,11.0,13.0,657.5,312.9,2596.3,10.3,0.00,pathseer:84
beir500k-f32,pos40_cat15,pos40,200325,pathseer,512,2,84,1.0000,1.0000,0.00000,4.553,6.208,6.839,4.538,8040.7,0.0,6019.9,718.5,11.0,13.0,657.5,312.9,2596.3,10.3,0.00,pathseer:84
beir500k-f32,pos40_cat15,pos40,200325,pathseer,512,3,84,1.0000,1.0000,0.00000,4.574,6.224,6.821,4.556,8040.7,0.0,6019.9,718.5,11.0,13.0,657.5,312.9,2596.3,10.3,0.00,pathseer:84
beir500k-f32,pos40_cat15,pos40,200325,ours-no-twohop,64,1,84,0.9857,0.8929,0.00029,0.705,0.973,1.029,0.717,1345.0,0.0,714.9,86.5,4.0,5.0,0.0,0.0,316.2,0.0,0.00,pathseer:84
beir500k-f32,pos40_cat15,pos40,200325,ours-no-twohop,64,2,84,0.9857,0.8929,0.00029,0.731,0.994,1.051,0.728,1345.0,0.0,714.9,86.5,4.0,5.0,0.0,0.0,316.2,0.0,0.00,pathseer:84
beir500k-f32,pos40_cat15,pos40,200325,ours-no-twohop,64,3,84,0.9857,0.8929,0.00029,0.722,0.985,1.023,0.724,1345.0,0.0,714.9,86.5,4.0,5.0,0.0,0.0,316.2,0.0,0.00,pathseer:84
beir500k-f32,pos40_cat15,pos40,200325,ours-no-twohop,128,1,84,0.9952,0.9524,0.00005,1.312,1.954,2.052,1.362,2421.5,0.0,1380.5,173.9,6.0,9.0,0.0,0.0,642.7,0.0,0.00,pathseer:84
beir500k-f32,pos40_cat15,pos40,200325,ours-no-twohop,128,2,84,0.9952,0.9524,0.00005,1.280,1.827,1.928,1.293,2421.5,0.0,1380.5,173.9,6.0,9.0,0.0,0.0,642.7,0.0,0.00,pathseer:84
beir500k-f32,pos40_cat15,pos40,200325,ours-no-twohop,128,3,84,0.9952,0.9524,0.00005,1.363,1.893,2.071,1.358,2421.5,0.0,1380.5,173.9,6.0,9.0,0.0,0.0,642.7,0.0,0.00,pathseer:84
beir500k-f32,pos40_cat15,pos40,200325,ours-no-twohop,256,1,84,0.9988,0.9881,0.00002,2.388,3.400,3.919,2.454,4466.0,0.0,2911.0,376.7,12.0,19.0,0.0,0.0,1421.4,0.0,0.00,pathseer:84
beir500k-f32,pos40_cat15,pos40,200325,ours-no-twohop,256,2,84,0.9988,0.9881,0.00002,2.390,3.372,3.904,2.457,4466.0,0.0,2911.0,376.7,12.0,19.0,0.0,0.0,1421.4,0.0,0.00,pathseer:84
beir500k-f32,pos40_cat15,pos40,200325,ours-no-twohop,256,3,84,0.9988,0.9881,0.00002,2.390,3.376,3.927,2.451,4466.0,0.0,2911.0,376.7,12.0,19.0,0.0,0.0,1421.4,0.0,0.00,pathseer:84
beir500k-f32,pos40_cat15,pos40,200325,ours-no-twohop,512,1,84,1.0000,1.0000,0.00000,4.566,6.422,7.450,4.598,8077.2,0.0,5772.8,779.1,26.0,39.0,0.0,0.0,2833.9,0.0,0.00,pathseer:84
beir500k-f32,pos40_cat15,pos40,200325,ours-no-twohop,512,2,84,1.0000,1.0000,0.00000,4.561,6.605,7.362,4.640,8077.2,0.0,5772.8,779.1,26.0,39.0,0.0,0.0,2833.9,0.0,0.00,pathseer:84
beir500k-f32,pos40_cat15,pos40,200325,ours-no-twohop,512,3,84,1.0000,1.0000,0.00000,4.524,6.507,7.518,4.587,8077.2,0.0,5772.8,779.1,26.0,39.0,0.0,0.0,2833.9,0.0,0.00,pathseer:84
beir500k-f32,pos40_cat15,pos40,200325,ours-guard,64,1,84,0.9762,0.8690,0.00111,0.600,0.813,0.865,0.605,1063.9,0.0,1580.5,77.6,4.0,5.0,0.0,0.0,417.0,0.0,0.00,pathseer:84
beir500k-f32,pos40_cat15,pos40,200325,ours-guard,64,2,84,0.9762,0.8690,0.00111,0.609,0.825,0.854,0.609,1063.9,0.0,1580.5,77.6,4.0,5.0,0.0,0.0,417.0,0.0,0.00,pathseer:84
beir500k-f32,pos40_cat15,pos40,200325,ours-guard,64,3,84,0.9762,0.8690,0.00111,0.612,0.821,0.883,0.610,1063.9,0.0,1580.5,77.6,4.0,5.0,0.0,0.0,417.0,0.0,0.00,pathseer:84
beir500k-f32,pos40_cat15,pos40,200325,ours-guard,128,1,84,0.9952,0.9524,0.00005,1.098,1.432,1.609,1.094,1909.6,0.0,2932.2,157.0,6.0,9.0,0.0,0.0,841.5,0.0,0.00,pathseer:84
beir500k-f32,pos40_cat15,pos40,200325,ours-guard,128,2,84,0.9952,0.9524,0.00005,1.093,1.414,1.618,1.080,1909.6,0.0,2932.2,157.0,6.0,9.0,0.0,0.0,841.5,0.0,0.00,pathseer:84
beir500k-f32,pos40_cat15,pos40,200325,ours-guard,128,3,84,0.9952,0.9524,0.00005,1.127,1.439,1.625,1.101,1909.6,0.0,2932.2,157.0,6.0,9.0,0.0,0.0,841.5,0.0,0.00,pathseer:84
beir500k-f32,pos40_cat15,pos40,200325,ours-guard,256,1,84,0.9988,0.9881,0.00002,2.046,2.761,3.431,2.066,3524.2,0.0,5726.0,346.7,12.0,19.0,0.0,0.0,1875.0,0.0,0.00,pathseer:84
beir500k-f32,pos40_cat15,pos40,200325,ours-guard,256,2,84,0.9988,0.9881,0.00002,2.041,2.872,3.473,2.068,3524.2,0.0,5726.0,346.7,12.0,19.0,0.0,0.0,1875.0,0.0,0.00,pathseer:84
beir500k-f32,pos40_cat15,pos40,200325,ours-guard,256,3,84,0.9988,0.9881,0.00002,2.053,2.784,3.449,2.066,3524.2,0.0,5726.0,346.7,12.0,19.0,0.0,0.0,1875.0,0.0,0.00,pathseer:84
beir500k-f32,pos40_cat15,pos40,200325,ours-guard,512,1,84,1.0000,1.0000,0.00000,3.905,5.262,6.525,3.904,6381.4,0.0,10591.1,717.8,26.0,39.0,0.0,0.0,3609.6,0.0,0.00,pathseer:84
beir500k-f32,pos40_cat15,pos40,200325,ours-guard,512,2,84,1.0000,1.0000,0.00000,3.901,5.343,6.573,3.943,6381.4,0.0,10591.1,717.8,26.0,39.0,0.0,0.0,3609.6,0.0,0.00,pathseer:84
beir500k-f32,pos40_cat15,pos40,200325,ours-guard,512,3,84,1.0000,1.0000,0.00000,3.806,5.342,6.555,3.879,6381.4,0.0,10591.1,717.8,26.0,39.0,0.0,0.0,3609.6,0.0,0.00,pathseer:84
beir500k-f32,pos40_cat16,pos40,219781,sweeping,64,1,42,0.9976,0.9762,0.00000,0.485,0.634,0.752,0.484,961.8,0.0,169.0,67.1,4.0,4.0,0.0,0.0,0.0,0.0,0.00,sweeping:42
beir500k-f32,pos40_cat16,pos40,219781,sweeping,64,2,42,0.9976,0.9762,0.00000,0.493,0.638,0.677,0.474,961.8,0.0,169.0,67.1,4.0,4.0,0.0,0.0,0.0,0.0,0.00,sweeping:42
beir500k-f32,pos40_cat16,pos40,219781,sweeping,64,3,42,0.9976,0.9762,0.00000,0.493,0.635,0.693,0.484,961.8,0.0,169.0,67.1,4.0,4.0,0.0,0.0,0.0,0.0,0.00,sweeping:42
beir500k-f32,pos40_cat16,pos40,219781,sweeping,128,1,42,0.9976,0.9762,0.00000,0.861,1.072,1.322,0.842,1674.1,0.0,300.8,133.5,7.0,7.0,0.0,0.0,0.0,0.0,0.00,sweeping:42
beir500k-f32,pos40_cat16,pos40,219781,sweeping,128,2,42,0.9976,0.9762,0.00000,0.863,1.140,1.365,0.845,1674.1,0.0,300.8,133.5,7.0,7.0,0.0,0.0,0.0,0.0,0.00,sweeping:42
beir500k-f32,pos40_cat16,pos40,219781,sweeping,128,3,42,0.9976,0.9762,0.00000,0.878,1.096,1.341,0.852,1674.1,0.0,300.8,133.5,7.0,7.0,0.0,0.0,0.0,0.0,0.00,sweeping:42
beir500k-f32,pos40_cat16,pos40,219781,sweeping,256,1,42,1.0000,1.0000,0.00000,1.480,2.042,2.253,1.497,2902.7,0.0,547.6,267.1,15.0,17.0,0.0,0.0,0.0,0.0,0.00,sweeping:42
beir500k-f32,pos40_cat16,pos40,219781,sweeping,256,2,42,1.0000,1.0000,0.00000,1.523,2.119,2.376,1.519,2902.7,0.0,547.6,267.1,15.0,17.0,0.0,0.0,0.0,0.0,0.00,sweeping:42
beir500k-f32,pos40_cat16,pos40,219781,sweeping,256,3,42,1.0000,1.0000,0.00000,1.475,2.037,2.278,1.501,2902.7,0.0,547.6,267.1,15.0,17.0,0.0,0.0,0.0,0.0,0.00,sweeping:42
beir500k-f32,pos40_cat16,pos40,219781,sweeping,512,1,42,1.0000,1.0000,0.00000,2.721,3.613,4.514,2.771,5149.1,0.0,1053.5,543.0,35.0,35.0,0.0,0.0,0.0,0.0,0.00,sweeping:42
beir500k-f32,pos40_cat16,pos40,219781,sweeping,512,2,42,1.0000,1.0000,0.00000,3.019,4.104,4.752,2.972,5149.1,0.0,1053.5,543.0,35.0,35.0,0.0,0.0,0.0,0.0,0.00,sweeping:42
beir500k-f32,pos40_cat16,pos40,219781,sweeping,512,3,42,1.0000,1.0000,0.00000,2.769,3.552,4.553,2.778,5149.1,0.0,1053.5,543.0,35.0,35.0,0.0,0.0,0.0,0.0,0.00,sweeping:42
beir500k-f32,pos40_cat16,pos40,219781,pathseer,64,1,42,1.0000,1.0000,0.00000,0.538,0.663,0.719,0.509,980.2,0.0,361.8,66.8,2.0,2.0,74.7,55.7,16.1,1.2,0.00,pathseer:42
beir500k-f32,pos40_cat16,pos40,219781,pathseer,64,2,42,1.0000,1.0000,0.00000,0.517,0.627,0.669,0.500,980.2,0.0,361.8,66.8,2.0,2.0,74.7,55.7,16.1,1.2,0.00,pathseer:42
beir500k-f32,pos40_cat16,pos40,219781,pathseer,64,3,42,1.0000,1.0000,0.00000,0.512,0.638,0.686,0.492,980.2,0.0,361.8,66.8,2.0,2.0,74.7,55.7,16.1,1.2,0.00,pathseer:42
beir500k-f32,pos40_cat16,pos40,219781,pathseer,128,1,42,0.9976,0.9762,0.00000,0.896,1.058,1.141,0.857,1681.9,0.0,674.5,132.2,3.0,3.0,141.7,103.9,37.8,2.2,0.00,pathseer:42
beir500k-f32,pos40_cat16,pos40,219781,pathseer,128,2,42,0.9976,0.9762,0.00000,0.907,1.057,1.139,0.868,1681.9,0.0,674.5,132.2,3.0,3.0,141.7,103.9,37.8,2.2,0.00,pathseer:42
beir500k-f32,pos40_cat16,pos40,219781,pathseer,128,3,42,0.9976,0.9762,0.00000,0.914,1.096,1.197,0.877,1681.9,0.0,674.5,132.2,3.0,3.0,141.7,103.9,37.8,2.2,0.00,pathseer:42
beir500k-f32,pos40_cat16,pos40,219781,pathseer,256,1,42,1.0000,1.0000,0.00000,1.492,1.883,2.022,1.505,2879.8,0.0,1262.2,263.5,5.0,5.0,263.6,197.4,78.8,4.1,0.00,pathseer:42
beir500k-f32,pos40_cat16,pos40,219781,pathseer,256,2,42,1.0000,1.0000,0.00000,1.511,1.894,2.125,1.525,2879.8,0.0,1262.2,263.5,5.0,5.0,263.6,197.4,78.8,4.1,0.00,pathseer:42
beir500k-f32,pos40_cat16,pos40,219781,pathseer,256,3,42,1.0000,1.0000,0.00000,1.470,1.866,2.043,1.508,2879.8,0.0,1262.2,263.5,5.0,5.0,263.6,197.4,78.8,4.1,0.00,pathseer:42
beir500k-f32,pos40_cat16,pos40,219781,pathseer,512,1,42,0.9976,0.9762,0.00000,2.795,3.335,3.523,2.708,4932.8,0.0,2448.1,529.7,9.0,9.0,551.3,389.6,195.6,8.6,0.00,pathseer:42
beir500k-f32,pos40_cat16,pos40,219781,pathseer,512,2,42,0.9976,0.9762,0.00000,2.769,3.384,3.548,2.721,4932.8,0.0,2448.1,529.7,9.0,9.0,551.3,389.6,195.6,8.6,0.00,pathseer:42
beir500k-f32,pos40_cat16,pos40,219781,pathseer,512,3,42,0.9976,0.9762,0.00000,2.753,3.330,3.419,2.694,4932.8,0.0,2448.1,529.7,9.0,9.0,551.3,389.6,195.6,8.6,0.00,pathseer:42
beir500k-f32,pos40_cat16,pos40,219781,ours-no-twohop,64,1,42,0.9976,0.9762,0.00000,0.502,0.632,0.679,0.479,941.5,0.0,255.7,66.9,4.0,4.0,0.0,0.0,15.8,0.0,0.00,pathseer:42
beir500k-f32,pos40_cat16,pos40,219781,ours-no-twohop,64,2,42,0.9976,0.9762,0.00000,0.497,0.613,0.662,0.474,941.5,0.0,255.7,66.9,4.0,4.0,0.0,0.0,15.8,0.0,0.00,pathseer:42
beir500k-f32,pos40_cat16,pos40,219781,ours-no-twohop,64,3,42,0.9976,0.9762,0.00000,0.503,0.629,0.681,0.477,941.5,0.0,255.7,66.9,4.0,4.0,0.0,0.0,15.8,0.0,0.00,pathseer:42
beir500k-f32,pos40_cat16,pos40,219781,ours-no-twohop,128,1,42,0.9976,0.9762,0.00000,0.851,0.999,1.122,0.808,1619.6,0.0,479.0,132.2,7.0,7.0,0.0,0.0,37.8,0.0,0.00,pathseer:42
beir500k-f32,pos40_cat16,pos40,219781,ours-no-twohop,128,2,42,0.9976,0.9762,0.00000,0.857,1.010,1.102,0.814,1619.6,0.0,479.0,132.2,7.0,7.0,0.0,0.0,37.8,0.0,0.00,pathseer:42
beir500k-f32,pos40_cat16,pos40,219781,ours-no-twohop,128,3,42,0.9976,0.9762,0.00000,0.865,1.031,1.094,0.814,1619.6,0.0,479.0,132.2,7.0,7.0,0.0,0.0,37.8,0.0,0.00,pathseer:42
beir500k-f32,pos40_cat16,pos40,219781,ours-no-twohop,256,1,42,1.0000,1.0000,0.00000,1.472,1.799,2.035,1.440,2785.9,0.0,904.7,263.6,15.0,17.0,0.0,0.0,78.4,0.0,0.00,pathseer:42
beir500k-f32,pos40_cat16,pos40,219781,ours-no-twohop,256,2,42,1.0000,1.0000,0.00000,1.437,1.797,1.945,1.428,2785.9,0.0,904.7,263.6,15.0,17.0,0.0,0.0,78.4,0.0,0.00,pathseer:42
beir500k-f32,pos40_cat16,pos40,219781,ours-no-twohop,256,3,42,1.0000,1.0000,0.00000,1.402,1.802,1.975,1.426,2785.9,0.0,904.7,263.6,15.0,17.0,0.0,0.0,78.4,0.0,0.00,pathseer:42
beir500k-f32,pos40_cat16,pos40,219781,ours-no-twohop,512,1,42,1.0000,1.0000,0.00000,2.577,3.271,3.468,2.601,4829.4,0.0,1820.9,531.4,35.0,35.0,0.0,0.0,204.2,0.0,0.00,pathseer:42
beir500k-f32,pos40_cat16,pos40,219781,ours-no-twohop,512,2,42,1.0000,1.0000,0.00000,2.561,3.280,3.349,2.593,4829.4,0.0,1820.9,531.4,35.0,35.0,0.0,0.0,204.2,0.0,0.00,pathseer:42
beir500k-f32,pos40_cat16,pos40,219781,ours-no-twohop,512,3,42,1.0000,1.0000,0.00000,2.712,3.311,3.420,2.615,4829.4,0.0,1820.9,531.4,35.0,35.0,0.0,0.0,204.2,0.0,0.00,pathseer:42
beir500k-f32,pos40_cat16,pos40,219781,ours-guard,64,1,42,0.9976,0.9762,0.00000,0.523,0.642,0.696,0.503,876.8,0.0,1028.9,66.1,4.0,4.0,0.0,0.0,68.6,0.0,0.00,pathseer:42
beir500k-f32,pos40_cat16,pos40,219781,ours-guard,64,2,42,0.9976,0.9762,0.00000,0.522,0.702,0.756,0.525,876.8,0.0,1028.9,66.1,4.0,4.0,0.0,0.0,68.6,0.0,0.00,pathseer:42
beir500k-f32,pos40_cat16,pos40,219781,ours-guard,64,3,42,0.9976,0.9762,0.00000,0.483,0.608,0.643,0.455,876.8,0.0,1028.9,66.1,4.0,4.0,0.0,0.0,68.6,0.0,0.00,pathseer:42
beir500k-f32,pos40_cat16,pos40,219781,ours-guard,128,1,42,0.9976,0.9762,0.00000,0.816,0.982,1.036,0.780,1500.0,0.0,1785.1,130.6,7.0,7.0,0.0,0.0,136.3,0.0,0.00,pathseer:42
beir500k-f32,pos40_cat16,pos40,219781,ours-guard,128,2,42,0.9976,0.9762,0.00000,0.845,1.034,1.093,0.800,1500.0,0.0,1785.1,130.6,7.0,7.0,0.0,0.0,136.3,0.0,0.00,pathseer:42
beir500k-f32,pos40_cat16,pos40,219781,ours-guard,128,3,42,0.9976,0.9762,0.00000,0.805,0.957,1.055,0.773,1500.0,0.0,1785.1,130.6,7.0,7.0,0.0,0.0,136.3,0.0,0.00,pathseer:42
beir500k-f32,pos40_cat16,pos40,219781,ours-guard,256,1,42,1.0000,1.0000,0.00000,1.404,1.719,1.889,1.375,2565.8,0.0,3068.3,260.3,15.0,17.0,0.0,0.0,256.3,0.0,0.00,pathseer:42
beir500k-f32,pos40_cat16,pos40,219781,ours-guard,256,2,42,1.0000,1.0000,0.00000,1.445,1.732,1.987,1.405,2565.8,0.0,3068.3,260.3,15.0,17.0,0.0,0.0,256.3,0.0,0.00,pathseer:42
beir500k-f32,pos40_cat16,pos40,219781,ours-guard,256,3,42,1.0000,1.0000,0.00000,1.422,1.714,1.876,1.374,2565.8,0.0,3068.3,260.3,15.0,17.0,0.0,0.0,256.3,0.0,0.00,pathseer:42
beir500k-f32,pos40_cat16,pos40,219781,ours-guard,512,1,42,0.9976,0.9762,0.00000,2.534,3.060,3.230,2.473,4414.0,0.0,5403.9,524.3,35.0,35.0,0.0,0.0,539.2,0.0,0.00,pathseer:42
beir500k-f32,pos40_cat16,pos40,219781,ours-guard,512,2,42,0.9976,0.9762,0.00000,2.513,3.107,3.240,2.475,4414.0,0.0,5403.9,524.3,35.0,35.0,0.0,0.0,539.2,0.0,0.00,pathseer:42
beir500k-f32,pos40_cat16,pos40,219781,ours-guard,512,3,42,0.9976,0.9762,0.00000,2.532,3.049,3.158,2.471,4414.0,0.0,5403.9,524.3,35.0,35.0,0.0,0.0,539.2,0.0,0.00,pathseer:42
beir500k-f32,pos40_cat17,pos40,228068,sweeping,64,1,45,0.9889,0.9556,0.00031,0.761,4.652,7.120,1.214,2374.2,0.0,357.5,146.9,3.0,4.0,0.0,0.0,0.0,0.0,0.00,sweeping:45
beir500k-f32,pos40_cat17,pos40,228068,sweeping,64,2,45,0.9889,0.9556,0.00031,0.761,4.696,7.010,1.201,2374.2,0.0,357.5,146.9,3.0,4.0,0.0,0.0,0.0,0.0,0.00,sweeping:45
beir500k-f32,pos40_cat17,pos40,228068,sweeping,64,3,45,0.9889,0.9556,0.00031,0.762,4.705,6.995,1.199,2374.2,0.0,357.5,146.9,3.0,4.0,0.0,0.0,0.0,0.0,0.00,sweeping:45
beir500k-f32,pos40_cat17,pos40,228068,sweeping,128,1,45,0.9933,0.9556,0.00017,1.399,7.247,10.039,2.160,4239.7,0.0,654.6,299.7,6.0,8.0,0.0,0.0,0.0,0.0,0.00,sweeping:45
beir500k-f32,pos40_cat17,pos40,228068,sweeping,128,2,45,0.9933,0.9556,0.00017,1.371,7.214,10.146,2.178,4239.7,0.0,654.6,299.7,6.0,8.0,0.0,0.0,0.0,0.0,0.00,sweeping:45
beir500k-f32,pos40_cat17,pos40,228068,sweeping,128,3,45,0.9933,0.9556,0.00017,1.419,7.237,10.127,2.163,4239.7,0.0,654.6,299.7,6.0,8.0,0.0,0.0,0.0,0.0,0.00,sweeping:45
beir500k-f32,pos40_cat17,pos40,228068,sweeping,256,1,45,1.0000,1.0000,0.00000,2.472,12.188,14.975,3.987,7545.7,0.0,1278.2,645.2,11.0,16.0,0.0,0.0,0.0,0.0,0.00,sweeping:45
beir500k-f32,pos40_cat17,pos40,228068,sweeping,256,2,45,1.0000,1.0000,0.00000,2.471,12.406,14.984,4.000,7545.7,0.0,1278.2,645.2,11.0,16.0,0.0,0.0,0.0,0.0,0.00,sweeping:45
beir500k-f32,pos40_cat17,pos40,228068,sweeping,256,3,45,1.0000,1.0000,0.00000,2.596,13.532,15.070,4.098,7545.7,0.0,1278.2,645.2,11.0,16.0,0.0,0.0,0.0,0.0,0.00,sweeping:45
beir500k-f32,pos40_cat17,pos40,228068,sweeping,512,1,45,1.0000,1.0000,0.00000,5.143,19.601,22.629,7.243,13209.8,0.0,2511.6,1320.0,24.0,36.0,0.0,0.0,0.0,0.0,0.00,sweeping:45
beir500k-f32,pos40_cat17,pos40,228068,sweeping,512,2,45,1.0000,1.0000,0.00000,5.285,19.611,22.695,7.268,13209.8,0.0,2511.6,1320.0,24.0,36.0,0.0,0.0,0.0,0.0,0.00,sweeping:45
beir500k-f32,pos40_cat17,pos40,228068,sweeping,512,3,45,1.0000,1.0000,0.00000,5.079,19.619,22.881,7.289,13209.8,0.0,2511.6,1320.0,24.0,36.0,0.0,0.0,0.0,0.0,0.00,sweeping:45
beir500k-f32,pos40_cat17,pos40,228068,pathseer,64,1,45,0.9889,0.9556,0.00031,0.733,1.085,1.894,0.776,1466.1,0.0,1083.1,102.6,2.0,3.0,92.8,52.3,479.4,1.5,0.00,pathseer:45
beir500k-f32,pos40_cat17,pos40,228068,pathseer,64,2,45,0.9889,0.9556,0.00031,0.706,1.079,1.914,0.772,1466.1,0.0,1083.1,102.6,2.0,3.0,92.8,52.3,479.4,1.5,0.00,pathseer:45
beir500k-f32,pos40_cat17,pos40,228068,pathseer,64,3,45,0.9889,0.9556,0.00031,0.708,1.093,1.875,0.765,1466.1,0.0,1083.1,102.6,2.0,3.0,92.8,52.3,479.4,1.5,0.00,pathseer:45
beir500k-f32,pos40_cat17,pos40,228068,pathseer,128,1,45,0.9933,0.9556,0.00017,1.265,1.902,3.100,1.350,2555.5,0.0,1924.9,200.6,3.0,4.0,161.0,84.0,859.2,2.5,0.00,pathseer:45
beir500k-f32,pos40_cat17,pos40,228068,pathseer,128,2,45,0.9933,0.9556,0.00017,1.277,1.981,3.114,1.374,2555.5,0.0,1924.9,200.6,3.0,4.0,161.0,84.0,859.2,2.5,0.00,pathseer:45
beir500k-f32,pos40_cat17,pos40,228068,pathseer,128,3,45,0.9933,0.9556,0.00017,1.253,1.885,3.147,1.352,2555.5,0.0,1924.9,200.6,3.0,4.0,161.0,84.0,859.2,2.5,0.00,pathseer:45
beir500k-f32,pos40_cat17,pos40,228068,pathseer,256,1,45,0.9956,0.9778,0.00017,2.457,4.009,6.177,2.584,4485.4,0.0,3536.2,409.6,5.0,6.0,309.0,154.7,1555.3,4.8,0.00,pathseer:45
beir500k-f32,pos40_cat17,pos40,228068,pathseer,256,2,45,0.9956,0.9778,0.00017,2.310,3.974,5.862,2.468,4485.4,0.0,3536.2,409.6,5.0,6.0,309.0,154.7,1555.3,4.8,0.00,pathseer:45
beir500k-f32,pos40_cat17,pos40,228068,pathseer,256,3,45,0.9956,0.9778,0.00017,2.284,3.978,5.880,2.452,4485.4,0.0,3536.2,409.6,5.0,6.0,309.0,154.7,1555.3,4.8,0.00,pathseer:45
beir500k-f32,pos40_cat17,pos40,228068,pathseer,512,1,45,1.0000,1.0000,0.00000,4.264,7.538,9.858,4.479,7851.7,0.0,6562.1,833.2,10.0,14.0,678.7,297.8,2763.3,10.6,0.00,pathseer:45
beir500k-f32,pos40_cat17,pos40,228068,pathseer,512,2,45,1.0000,1.0000,0.00000,4.289,7.602,10.017,4.497,7851.7,0.0,6562.1,833.2,10.0,14.0,678.7,297.8,2763.3,10.6,0.00,pathseer:45
beir500k-f32,pos40_cat17,pos40,228068,pathseer,512,3,45,1.0000,1.0000,0.00000,4.370,7.514,9.955,4.497,7851.7,0.0,6562.1,833.2,10.0,14.0,678.7,297.8,2763.3,10.6,0.00,pathseer:45
beir500k-f32,pos40_cat17,pos40,228068,ours-no-twohop,64,1,45,0.9889,0.9556,0.00031,0.688,1.113,1.865,0.760,1441.2,0.0,988.8,103.8,3.0,4.0,0.0,0.0,487.5,0.0,0.00,pathseer:45
beir500k-f32,pos40_cat17,pos40,228068,ours-no-twohop,64,2,45,0.9889,0.9556,0.00031,0.687,1.099,1.861,0.747,1441.2,0.0,988.8,103.8,3.0,4.0,0.0,0.0,487.5,0.0,0.00,pathseer:45
beir500k-f32,pos40_cat17,pos40,228068,ours-no-twohop,64,3,45,0.9889,0.9556,0.00031,0.686,1.111,1.871,0.748,1441.2,0.0,988.8,103.8,3.0,4.0,0.0,0.0,487.5,0.0,0.00,pathseer:45
beir500k-f32,pos40_cat17,pos40,228068,ours-no-twohop,128,1,45,0.9933,0.9556,0.00017,1.245,2.209,3.419,1.364,2552.6,0.0,1835.2,211.4,6.0,8.0,0.0,0.0,913.2,0.0,0.00,pathseer:45
beir500k-f32,pos40_cat17,pos40,228068,ours-no-twohop,128,2,45,0.9933,0.9556,0.00017,1.248,2.227,3.424,1.344,2552.6,0.0,1835.2,211.4,6.0,8.0,0.0,0.0,913.2,0.0,0.00,pathseer:45
beir500k-f32,pos40_cat17,pos40,228068,ours-no-twohop,128,3,45,0.9933,0.9556,0.00017,1.233,2.224,3.437,1.348,2552.6,0.0,1835.2,211.4,6.0,8.0,0.0,0.0,913.2,0.0,0.00,pathseer:45
beir500k-f32,pos40_cat17,pos40,228068,ours-no-twohop,256,1,45,0.9956,0.9778,0.00017,2.281,4.246,5.997,2.471,4480.8,0.0,3331.9,427.4,11.0,16.0,0.0,0.0,1637.5,0.0,0.00,pathseer:45
beir500k-f32,pos40_cat17,pos40,228068,ours-no-twohop,256,2,45,0.9956,0.9778,0.00017,2.434,4.304,6.048,2.510,4480.8,0.0,3331.9,427.4,11.0,16.0,0.0,0.0,1637.5,0.0,0.00,pathseer:45
beir500k-f32,pos40_cat17,pos40,228068,ours-no-twohop,256,3,45,0.9956,0.9778,0.00017,2.311,4.290,6.054,2.489,4480.8,0.0,3331.9,427.4,11.0,16.0,0.0,0.0,1637.5,0.0,0.00,pathseer:45
beir500k-f32,pos40_cat17,pos40,228068,ours-no-twohop,512,1,45,1.0000,1.0000,0.00000,4.429,8.513,10.445,4.623,7931.1,0.0,6335.0,912.8,24.0,36.0,0.0,0.0,2997.8,0.0,0.00,pathseer:45
beir500k-f32,pos40_cat17,pos40,228068,ours-no-twohop,512,2,45,1.0000,1.0000,0.00000,4.294,8.720,10.355,4.612,7931.1,0.0,6335.0,912.8,24.0,36.0,0.0,0.0,2997.8,0.0,0.00,pathseer:45
beir500k-f32,pos40_cat17,pos40,228068,ours-no-twohop,512,3,45,1.0000,1.0000,0.00000,4.430,8.611,10.891,4.682,7931.1,0.0,6335.0,912.8,24.0,36.0,0.0,0.0,2997.8,0.0,0.00,pathseer:45
beir500k-f32,pos40_cat17,pos40,228068,ours-guard,64,1,45,0.9911,0.9556,0.00021,0.579,0.918,1.597,0.615,1064.8,0.0,1781.6,90.8,3.0,4.0,0.0,0.0,619.5,0.0,0.00,pathseer:45
beir500k-f32,pos40_cat17,pos40,228068,ours-guard,64,2,45,0.9911,0.9556,0.00021,0.543,0.848,1.556,0.590,1064.8,0.0,1781.6,90.8,3.0,4.0,0.0,0.0,619.5,0.0,0.00,pathseer:45
beir500k-f32,pos40_cat17,pos40,228068,ours-guard,64,3,45,0.9911,0.9556,0.00021,0.559,0.853,1.551,0.592,1064.8,0.0,1781.6,90.8,3.0,4.0,0.0,0.0,619.5,0.0,0.00,pathseer:45
beir500k-f32,pos40_cat17,pos40,228068,ours-guard,128,1,45,0.9933,0.9556,0.00017,1.024,1.668,2.921,1.094,1924.2,0.0,3278.2,189.3,6.0,8.0,0.0,0.0,1190.5,0.0,0.00,pathseer:45
beir500k-f32,pos40_cat17,pos40,228068,ours-guard,128,2,45,0.9933,0.9556,0.00017,1.010,1.628,2.999,1.078,1924.2,0.0,3278.2,189.3,6.0,8.0,0.0,0.0,1190.5,0.0,0.00,pathseer:45
beir500k-f32,pos40_cat17,pos40,228068,ours-guard,128,3,45,0.9933,0.9556,0.00017,0.998,1.608,2.879,1.075,1924.2,0.0,3278.2,189.3,6.0,8.0,0.0,0.0,1190.5,0.0,0.00,pathseer:45
beir500k-f32,pos40_cat17,pos40,228068,ours-guard,256,1,45,0.9956,0.9778,0.00017,1.820,3.487,5.345,1.980,3417.2,0.0,5897.9,390.2,11.0,16.0,0.0,0.0,2196.2,0.0,0.00,pathseer:45
beir500k-f32,pos40_cat17,pos40,228068,ours-guard,256,2,45,0.9956,0.9778,0.00017,1.847,3.528,5.405,2.008,3417.2,0.0,5897.9,390.2,11.0,16.0,0.0,0.0,2196.2,0.0,0.00,pathseer:45
beir500k-f32,pos40_cat17,pos40,228068,ours-guard,256,3,45,0.9956,0.9778,0.00017,1.810,3.493,5.306,1.976,3417.2,0.0,5897.9,390.2,11.0,16.0,0.0,0.0,2196.2,0.0,0.00,pathseer:45
beir500k-f32,pos40_cat17,pos40,228068,ours-guard,512,1,45,1.0000,1.0000,0.00000,3.600,7.550,9.730,3.801,6146.8,0.0,10666.0,849.4,24.0,36.0,0.0,0.0,4002.5,0.0,0.00,pathseer:45
beir500k-f32,pos40_cat17,pos40,228068,ours-guard,512,2,45,1.0000,1.0000,0.00000,3.586,7.566,9.547,3.788,6146.8,0.0,10666.0,849.4,24.0,36.0,0.0,0.0,4002.5,0.0,0.00,pathseer:45
beir500k-f32,pos40_cat17,pos40,228068,ours-guard,512,3,45,1.0000,1.0000,0.00000,3.663,7.506,9.591,3.913,6146.8,0.0,10666.0,849.4,24.0,36.0,0.0,0.0,4002.5,0.0,0.00,pathseer:45
beir500k-f32,pos40_cat18,pos40,201873,sweeping,64,1,10,1.0000,1.0000,0.00000,0.511,0.649,0.649,0.498,1261.5,0.0,190.4,66.9,4.0,4.0,0.0,0.0,0.0,0.0,0.00,sweeping:10
beir500k-f32,pos40_cat18,pos40,201873,sweeping,64,2,10,1.0000,1.0000,0.00000,0.581,0.765,0.765,0.570,1261.5,0.0,190.4,66.9,4.0,4.0,0.0,0.0,0.0,0.0,0.00,sweeping:10
beir500k-f32,pos40_cat18,pos40,201873,sweeping,64,3,10,1.0000,1.0000,0.00000,0.511,0.649,0.649,0.499,1261.5,0.0,190.4,66.9,4.0,4.0,0.0,0.0,0.0,0.0,0.00,sweeping:10
beir500k-f32,pos40_cat18,pos40,201873,sweeping,128,1,10,1.0000,1.0000,0.00000,0.986,1.391,1.391,0.975,2133.9,0.0,330.5,132.5,6.0,6.0,0.0,0.0,0.0,0.0,0.00,sweeping:10
beir500k-f32,pos40_cat18,pos40,201873,sweeping,128,2,10,1.0000,1.0000,0.00000,0.926,1.356,1.356,0.948,2133.9,0.0,330.5,132.5,6.0,6.0,0.0,0.0,0.0,0.0,0.00,sweeping:10
beir500k-f32,pos40_cat18,pos40,201873,sweeping,128,3,10,1.0000,1.0000,0.00000,0.967,1.370,1.370,0.953,2133.9,0.0,330.5,132.5,6.0,6.0,0.0,0.0,0.0,0.0,0.00,sweeping:10
beir500k-f32,pos40_cat18,pos40,201873,sweeping,256,1,10,1.0000,1.0000,0.00000,1.594,2.530,2.530,1.677,3543.2,0.0,587.3,265.7,10.0,10.0,0.0,0.0,0.0,0.0,0.00,sweeping:10
beir500k-f32,pos40_cat18,pos40,201873,sweeping,256,2,10,1.0000,1.0000,0.00000,1.619,2.522,2.522,1.680,3543.2,0.0,587.3,265.7,10.0,10.0,0.0,0.0,0.0,0.0,0.00,sweeping:10
beir500k-f32,pos40_cat18,pos40,201873,sweeping,256,3,10,1.0000,1.0000,0.00000,1.637,2.535,2.535,1.697,3543.2,0.0,587.3,265.7,10.0,10.0,0.0,0.0,0.0,0.0,0.00,sweeping:10
beir500k-f32,pos40_cat18,pos40,201873,sweeping,512,1,10,1.0000,1.0000,0.00000,2.790,5.376,5.376,3.133,6167.5,0.0,1090.9,546.1,23.0,23.0,0.0,0.0,0.0,0.0,0.00,sweeping:10
beir500k-f32,pos40_cat18,pos40,201873,sweeping,512,2,10,1.0000,1.0000,0.00000,2.763,5.443,5.443,3.145,6167.5,0.0,1090.9,546.1,23.0,23.0,0.0,0.0,0.0,0.0,0.00,sweeping:10
beir500k-f32,pos40_cat18,pos40,201873,sweeping,512,3,10,1.0000,1.0000,0.00000,2.703,5.503,5.503,3.107,6167.5,0.0,1090.9,546.1,23.0,23.0,0.0,0.0,0.0,0.0,0.00,sweeping:10
beir500k-f32,pos40_cat18,pos40,201873,pathseer,64,1,10,1.0000,1.0000,0.00000,0.517,0.622,0.622,0.506,1285.7,0.0,371.6,66.2,2.0,2.0,64.0,60.3,10.2,1.0,0.00,pathseer:10
beir500k-f32,pos40_cat18,pos40,201873,pathseer,64,2,10,1.0000,1.0000,0.00000,0.510,0.615,0.615,0.505,1285.7,0.0,371.6,66.2,2.0,2.0,64.0,60.3,10.2,1.0,0.00,pathseer:10
beir500k-f32,pos40_cat18,pos40,201873,pathseer,64,3,10,1.0000,1.0000,0.00000,0.514,0.651,0.651,0.518,1285.7,0.0,371.6,66.2,2.0,2.0,64.0,60.3,10.2,1.0,0.00,pathseer:10
beir500k-f32,pos40_cat18,pos40,201873,pathseer,128,1,10,1.0000,1.0000,0.00000,0.969,1.294,1.294,0.973,2154.7,0.0,690.8,130.8,3.0,3.0,128.0,116.3,27.6,2.0,0.00,pathseer:10
beir500k-f32,pos40_cat18,pos40,201873,pathseer,128,2,10,1.0000,1.0000,0.00000,0.978,1.301,1.301,0.972,2154.7,0.0,690.8,130.8,3.0,3.0,128.0,116.3,27.6,2.0,0.00,pathseer:10
beir500k-f32,pos40_cat18,pos40,201873,pathseer,128,3,10,1.0000,1.0000,0.00000,0.980,1.325,1.325,0.977,2154.7,0.0,690.8,130.8,3.0,3.0,128.0,116.3,27.6,2.0,0.00,pathseer:10
beir500k-f32,pos40_cat18,pos40,201873,pathseer,256,1,10,1.0000,1.0000,0.00000,1.664,2.344,2.344,1.686,3496.6,0.0,1252.4,261.1,4.0,4.0,211.2,190.3,61.9,3.3,0.00,pathseer:10
beir500k-f32,pos40_cat18,pos40,201873,pathseer,256,2,10,1.0000,1.0000,0.00000,1.712,2.373,2.373,1.719,3496.6,0.0,1252.4,261.1,4.0,4.0,211.2,190.3,61.9,3.3,0.00,pathseer:10
beir500k-f32,pos40_cat18,pos40,201873,pathseer,256,3,10,1.0000,1.0000,0.00000,1.710,2.359,2.359,1.727,3496.6,0.0,1252.4,261.1,4.0,4.0,211.2,190.3,61.9,3.3,0.00,pathseer:10
beir500k-f32,pos40_cat18,pos40,201873,pathseer,512,1,10,1.0000,1.0000,0.00000,2.791,4.185,4.185,2.956,5755.6,0.0,2364.2,523.2,8.0,8.0,416.0,359.9,144.2,6.5,0.00,pathseer:10
beir500k-f32,pos40_cat18,pos40,201873,pathseer,512,2,10,1.0000,1.0000,0.00000,2.793,4.116,4.116,2.907,5755.6,0.0,2364.2,523.2,8.0,8.0,416.0,359.9,144.2,6.5,0.00,pathseer:10
beir500k-f32,pos40_cat18,pos40,201873,pathseer,512,3,10,1.0000,1.0000,0.00000,2.811,4.150,4.150,2.918,5755.6,0.0,2364.2,523.2,8.0,8.0,416.0,359.9,144.2,6.5,0.00,pathseer:10
beir500k-f32,pos40_cat18,pos40,201873,ours-no-twohop,64,1,10,1.0000,1.0000,0.00000,0.484,0.617,0.617,0.481,1243.7,0.0,275.1,66.5,4.0,4.0,0.0,0.0,10.4,0.0,0.00,pathseer:10
beir500k-f32,pos40_cat18,pos40,201873,ours-no-twohop,64,2,10,1.0000,1.0000,0.00000,0.495,0.602,0.602,0.480,1243.7,0.0,275.1,66.5,4.0,4.0,0.0,0.0,10.4,0.0,0.00,pathseer:10
beir500k-f32,pos40_cat18,pos40,201873,ours-no-twohop,64,3,10,1.0000,1.0000,0.00000,0.488,0.629,0.629,0.504,1243.7,0.0,275.1,66.5,4.0,4.0,0.0,0.0,10.4,0.0,0.00,pathseer:10
beir500k-f32,pos40_cat18,pos40,201873,ours-no-twohop,128,1,10,1.0000,1.0000,0.00000,0.928,1.294,1.294,0.933,2088.1,0.0,508.5,131.8,6.0,6.0,0.0,0.0,32.6,0.0,0.00,pathseer:10
beir500k-f32,pos40_cat18,pos40,201873,ours-no-twohop,128,2,10,1.0000,1.0000,0.00000,0.928,1.308,1.308,0.942,2088.1,0.0,508.5,131.8,6.0,6.0,0.0,0.0,32.6,0.0,0.00,pathseer:10
beir500k-f32,pos40_cat18,pos40,201873,ours-no-twohop,128,3,10,1.0000,1.0000,0.00000,0.948,1.339,1.339,0.962,2088.1,0.0,508.5,131.8,6.0,6.0,0.0,0.0,32.6,0.0,0.00,pathseer:10
beir500k-f32,pos40_cat18,pos40,201873,ours-no-twohop,256,1,10,1.0000,1.0000,0.00000,1.639,2.292,2.292,1.634,3401.6,0.0,937.5,261.9,10.0,10.0,0.0,0.0,66.7,0.0,0.00,pathseer:10
beir500k-f32,pos40_cat18,pos40,201873,ours-no-twohop,256,2,10,1.0000,1.0000,0.00000,1.682,2.341,2.341,1.676,3401.6,0.0,937.5,261.9,10.0,10.0,0.0,0.0,66.7,0.0,0.00,pathseer:10
beir500k-f32,pos40_cat18,pos40,201873,ours-no-twohop,256,3,10,1.0000,1.0000,0.00000,1.672,2.297,2.297,1.675,3401.6,0.0,937.5,261.9,10.0,10.0,0.0,0.0,66.7,0.0,0.00,pathseer:10
beir500k-f32,pos40_cat18,pos40,201873,ours-no-twohop,512,1,10,1.0000,1.0000,0.00000,2.712,3.998,3.998,2.806,5626.3,0.0,1772.0,523.5,23.0,23.0,0.0,0.0,141.2,0.0,0.00,pathseer:10
beir500k-f32,pos40_cat18,pos40,201873,ours-no-twohop,512,2,10,1.0000,1.0000,0.00000,2.751,4.095,4.095,2.856,5626.3,0.0,1772.0,523.5,23.0,23.0,0.0,0.0,141.2,0.0,0.00,pathseer:10
beir500k-f32,pos40_cat18,pos40,201873,ours-no-twohop,512,3,10,1.0000,1.0000,0.00000,2.742,4.059,4.059,2.853,5626.3,0.0,1772.0,523.5,23.0,23.0,0.0,0.0,141.2,0.0,0.00,pathseer:10
beir500k-f32,pos40_cat18,pos40,201873,ours-guard,64,1,10,1.0000,1.0000,0.00000,0.578,0.670,0.670,0.577,1213.3,0.0,1345.8,65.9,4.0,4.0,0.0,0.0,29.5,0.0,0.00,pathseer:10
beir500k-f32,pos40_cat18,pos40,201873,ours-guard,64,2,10,1.0000,1.0000,0.00000,0.510,0.585,0.585,0.498,1213.3,0.0,1345.8,65.9,4.0,4.0,0.0,0.0,29.5,0.0,0.00,pathseer:10
beir500k-f32,pos40_cat18,pos40,201873,ours-guard,64,3,10,1.0000,1.0000,0.00000,0.491,0.574,0.574,0.494,1213.3,0.0,1345.8,65.9,4.0,4.0,0.0,0.0,29.5,0.0,0.00,pathseer:10
beir500k-f32,pos40_cat18,pos40,201873,ours-guard,128,1,10,1.0000,1.0000,0.00000,0.970,1.266,1.266,0.971,2026.4,0.0,2266.0,130.5,6.0,6.0,0.0,0.0,68.4,0.0,0.00,pathseer:10
beir500k-f32,pos40_cat18,pos40,201873,ours-guard,128,2,10,1.0000,1.0000,0.00000,0.948,1.311,1.311,0.984,2026.4,0.0,2266.0,130.5,6.0,6.0,0.0,0.0,68.4,0.0,0.00,pathseer:10
beir500k-f32,pos40_cat18,pos40,201873,ours-guard,128,3,10,1.0000,1.0000,0.00000,0.972,1.301,1.301,0.976,2026.4,0.0,2266.0,130.5,6.0,6.0,0.0,0.0,68.4,0.0,0.00,pathseer:10
beir500k-f32,pos40_cat18,pos40,201873,ours-guard,256,1,10,1.0000,1.0000,0.00000,1.647,2.158,2.158,1.640,3287.9,0.0,3721.8,259.8,10.0,10.0,0.0,0.0,134.1,0.0,0.00,pathseer:10
beir500k-f32,pos40_cat18,pos40,201873,ours-guard,256,2,10,1.0000,1.0000,0.00000,1.666,2.207,2.207,1.676,3287.9,0.0,3721.8,259.8,10.0,10.0,0.0,0.0,134.1,0.0,0.00,pathseer:10
beir500k-f32,pos40_cat18,pos40,201873,ours-guard,256,3,10,1.0000,1.0000,0.00000,1.641,2.171,2.171,1.617,3287.9,0.0,3721.8,259.8,10.0,10.0,0.0,0.0,134.1,0.0,0.00,pathseer:10
beir500k-f32,pos40_cat18,pos40,201873,ours-guard,512,1,10,1.0000,1.0000,0.00000,2.756,3.779,3.779,2.791,5402.2,0.0,6159.3,517.5,23.0,23.0,0.0,0.0,252.6,0.0,0.00,pathseer:10
beir500k-f32,pos40_cat18,pos40,201873,ours-guard,512,2,10,1.0000,1.0000,0.00000,2.761,3.759,3.759,2.811,5402.2,0.0,6159.3,517.5,23.0,23.0,0.0,0.0,252.6,0.0,0.00,pathseer:10
beir500k-f32,pos40_cat18,pos40,201873,ours-guard,512,3,10,1.0000,1.0000,0.00000,2.787,3.789,3.789,2.863,5402.2,0.0,6159.3,517.5,23.0,23.0,0.0,0.0,252.6,0.0,0.00,pathseer:10
beir500k-f32,pos40_cat19,pos40,213280,sweeping,64,1,60,0.9950,0.9500,0.00013,0.536,1.776,2.180,0.687,1303.4,0.0,244.1,89.9,4.0,4.0,0.0,0.0,0.0,0.0,0.00,sweeping:60
beir500k-f32,pos40_cat19,pos40,213280,sweeping,64,2,60,0.9950,0.9500,0.00013,0.534,1.784,2.167,0.681,1303.4,0.0,244.1,89.9,4.0,4.0,0.0,0.0,0.0,0.0,0.00,sweeping:60
beir500k-f32,pos40_cat19,pos40,213280,sweeping,64,3,60,0.9950,0.9500,0.00013,0.543,1.802,2.173,0.693,1303.4,0.0,244.1,89.9,4.0,4.0,0.0,0.0,0.0,0.0,0.00,sweeping:60
beir500k-f32,pos40_cat19,pos40,213280,sweeping,128,1,60,0.9967,0.9667,0.00011,0.888,2.602,4.271,1.158,2218.8,0.0,415.0,172.9,7.0,8.0,0.0,0.0,0.0,0.0,0.00,sweeping:60
beir500k-f32,pos40_cat19,pos40,213280,sweeping,128,2,60,0.9967,0.9667,0.00011,0.903,2.603,4.261,1.173,2218.8,0.0,415.0,172.9,7.0,8.0,0.0,0.0,0.0,0.0,0.00,sweeping:60
beir500k-f32,pos40_cat19,pos40,213280,sweeping,128,3,60,0.9967,0.9667,0.00011,0.900,2.611,4.286,1.175,2218.8,0.0,415.0,172.9,7.0,8.0,0.0,0.0,0.0,0.0,0.00,sweeping:60
beir500k-f32,pos40_cat19,pos40,213280,sweeping,256,1,60,0.9983,0.9833,0.00009,1.583,4.356,6.831,2.002,3741.3,0.0,721.5,331.6,14.0,17.0,0.0,0.0,0.0,0.0,0.00,sweeping:60
beir500k-f32,pos40_cat19,pos40,213280,sweeping,256,2,60,0.9983,0.9833,0.00009,1.583,4.516,6.747,2.007,3741.3,0.0,721.5,331.6,14.0,17.0,0.0,0.0,0.0,0.0,0.00,sweeping:60
beir500k-f32,pos40_cat19,pos40,213280,sweeping,256,3,60,0.9983,0.9833,0.00009,1.571,4.359,6.903,1.996,3741.3,0.0,721.5,331.6,14.0,17.0,0.0,0.0,0.0,0.0,0.00,sweeping:60
beir500k-f32,pos40_cat19,pos40,213280,sweeping,512,1,60,0.9983,0.9833,0.00009,2.712,8.093,11.683,3.532,6398.2,0.0,1324.5,658.4,30.0,37.0,0.0,0.0,0.0,0.0,0.00,sweeping:60
beir500k-f32,pos40_cat19,pos40,213280,sweeping,512,2,60,0.9983,0.9833,0.00009,2.742,8.179,11.682,3.533,6398.2,0.0,1324.5,658.4,30.0,37.0,0.0,0.0,0.0,0.0,0.00,sweeping:60
beir500k-f32,pos40_cat19,pos40,213280,sweeping,512,3,60,0.9983,0.9833,0.00009,2.706,8.130,11.645,3.556,6398.2,0.0,1324.5,658.4,30.0,37.0,0.0,0.0,0.0,0.0,0.00,sweeping:60
beir500k-f32,pos40_cat19,pos40,213280,pathseer,64,1,60,0.9767,0.9167,0.00584,0.548,1.006,1.038,0.593,1108.8,0.0,570.1,76.7,2.0,2.0,77.9,58.8,126.0,1.2,0.00,pathseer:60
beir500k-f32,pos40_cat19,pos40,213280,pathseer,64,2,60,0.9767,0.9167,0.00584,0.536,1.002,1.043,0.591,1108.8,0.0,570.1,76.7,2.0,2.0,77.9,58.8,126.0,1.2,0.00,pathseer:60
beir500k-f32,pos40_cat19,pos40,213280,pathseer,64,3,60,0.9767,0.9167,0.00584,0.539,1.018,1.031,0.595,1108.8,0.0,570.1,76.7,2.0,2.0,77.9,58.8,126.0,1.2,0.00,pathseer:60
beir500k-f32,pos40_cat19,pos40,213280,pathseer,128,1,60,0.9967,0.9667,0.00011,0.910,1.674,2.027,1.004,1852.3,0.0,979.8,148.7,3.0,3.0,146.1,104.3,200.4,2.3,0.00,pathseer:60
beir500k-f32,pos40_cat19,pos40,213280,pathseer,128,2,60,0.9967,0.9667,0.00011,0.919,1.634,2.070,1.004,1852.3,0.0,979.8,148.7,3.0,3.0,146.1,104.3,200.4,2.3,0.00,pathseer:60
beir500k-f32,pos40_cat19,pos40,213280,pathseer,128,3,60,0.9967,0.9667,0.00011,0.901,1.647,2.060,1.001,1852.3,0.0,979.8,148.7,3.0,3.0,146.1,104.3,200.4,2.3,0.00,pathseer:60
beir500k-f32,pos40_cat19,pos40,213280,pathseer,256,1,60,0.9983,0.9833,0.00009,1.607,2.897,3.339,1.721,3125.2,0.0,1746.8,293.5,5.0,5.0,274.1,187.3,339.1,4.3,0.00,pathseer:60
beir500k-f32,pos40_cat19,pos40,213280,pathseer,256,2,60,0.9983,0.9833,0.00009,1.591,2.911,3.328,1.721,3125.2,0.0,1746.8,293.5,5.0,5.0,274.1,187.3,339.1,4.3,0.00,pathseer:60
beir500k-f32,pos40_cat19,pos40,213280,pathseer,256,3,60,0.9983,0.9833,0.00009,1.604,2.961,3.311,1.719,3125.2,0.0,1746.8,293.5,5.0,5.0,274.1,187.3,339.1,4.3,0.00,pathseer:60
beir500k-f32,pos40_cat19,pos40,213280,pathseer,512,1,60,0.9983,0.9833,0.00009,2.649,5.304,6.101,3.018,5225.7,0.0,3255.7,587.1,10.0,10.0,573.9,368.1,630.0,9.0,0.00,pathseer:60
beir500k-f32,pos40_cat19,pos40,213280,pathseer,512,2,60,0.9983,0.9833,0.00009,2.790,5.452,5.846,3.090,5225.7,0.0,3255.7,587.1,10.0,10.0,573.9,368.1,630.0,9.0,0.00,pathseer:60
beir500k-f32,pos40_cat19,pos40,213280,pathseer,512,3,60,0.9983,0.9833,0.00009,2.697,5.316,5.809,3.012,5225.7,0.0,3255.7,587.1,10.0,10.0,573.9,368.1,630.0,9.0,0.00,pathseer:60
beir500k-f32,pos40_cat19,pos40,213280,ours-no-twohop,64,1,60,0.9767,0.9167,0.00584,0.530,1.001,1.049,0.581,1079.8,0.0,475.5,77.7,4.0,4.0,0.0,0.0,129.8,0.0,0.00,pathseer:60
beir500k-f32,pos40_cat19,pos40,213280,ours-no-twohop,64,2,60,0.9767,0.9167,0.00584,0.535,1.004,1.040,0.580,1079.8,0.0,475.5,77.7,4.0,4.0,0.0,0.0,129.8,0.0,0.00,pathseer:60
beir500k-f32,pos40_cat19,pos40,213280,ours-no-twohop,64,3,60,0.9767,0.9167,0.00584,0.527,1.037,1.095,0.582,1079.8,0.0,475.5,77.7,4.0,4.0,0.0,0.0,129.8,0.0,0.00,pathseer:60
beir500k-f32,pos40_cat19,pos40,213280,ours-no-twohop,128,1,60,0.9967,0.9667,0.00011,0.887,1.683,2.075,0.995,1853.2,0.0,850.0,154.1,7.0,8.0,0.0,0.0,227.2,0.0,0.00,pathseer:60
beir500k-f32,pos40_cat19,pos40,213280,ours-no-twohop,128,2,60,0.9967,0.9667,0.00011,0.901,1.764,2.054,1.000,1853.2,0.0,850.0,154.1,7.0,8.0,0.0,0.0,227.2,0.0,0.00,pathseer:60
beir500k-f32,pos40_cat19,pos40,213280,ours-no-twohop,128,3,60,0.9967,0.9667,0.00011,0.881,1.695,2.044,0.990,1853.2,0.0,850.0,154.1,7.0,8.0,0.0,0.0,227.2,0.0,0.00,pathseer:60
beir500k-f32,pos40_cat19,pos40,213280,ours-no-twohop,256,1,60,0.9983,0.9833,0.00009,1.593,2.998,3.405,1.688,3083.8,0.0,1460.3,298.7,14.0,17.0,0.0,0.0,355.5,0.0,0.00,pathseer:60
beir500k-f32,pos40_cat19,pos40,213280,ours-no-twohop,256,2,60,0.9983,0.9833,0.00009,1.597,3.003,3.332,1.688,3083.8,0.0,1460.3,298.7,14.0,17.0,0.0,0.0,355.5,0.0,0.00,pathseer:60
beir500k-f32,pos40_cat19,pos40,213280,ours-no-twohop,256,3,60,0.9983,0.9833,0.00009,1.559,2.982,3.333,1.682,3083.8,0.0,1460.3,298.7,14.0,17.0,0.0,0.0,355.5,0.0,0.00,pathseer:60
beir500k-f32,pos40_cat19,pos40,213280,ours-no-twohop,512,1,60,0.9983,0.9833,0.00009,2.698,5.362,6.173,2.955,5179.8,0.0,2730.9,600.3,30.0,37.0,0.0,0.0,664.9,0.0,0.00,pathseer:60
beir500k-f32,pos40_cat19,pos40,213280,ours-no-twohop,512,2,60,0.9983,0.9833,0.00009,2.662,5.362,6.167,2.957,5179.8,0.0,2730.9,600.3,30.0,37.0,0.0,0.0,664.9,0.0,0.00,pathseer:60
beir500k-f32,pos40_cat19,pos40,213280,ours-no-twohop,512,3,60,0.9983,0.9833,0.00009,2.676,5.365,6.181,2.962,5179.8,0.0,2730.9,600.3,30.0,37.0,0.0,0.0,664.9,0.0,0.00,pathseer:60
beir500k-f32,pos40_cat19,pos40,213280,ours-guard,64,1,60,0.9717,0.8833,0.00586,0.493,0.767,0.958,0.515,922.1,0.0,1235.6,72.6,4.0,4.0,0.0,0.0,212.5,0.0,0.00,pathseer:60
beir500k-f32,pos40_cat19,pos40,213280,ours-guard,64,2,60,0.9717,0.8833,0.00586,0.485,0.714,0.960,0.510,922.1,0.0,1235.6,72.6,4.0,4.0,0.0,0.0,212.5,0.0,0.00,pathseer:60
beir500k-f32,pos40_cat19,pos40,213280,ours-guard,64,3,60,0.9717,0.8833,0.00586,0.488,0.727,0.969,0.511,922.1,0.0,1235.6,72.6,4.0,4.0,0.0,0.0,212.5,0.0,0.00,pathseer:60
beir500k-f32,pos40_cat19,pos40,213280,ours-guard,128,1,60,0.9950,0.9500,0.00013,0.865,1.369,1.931,0.918,1575.9,0.0,2124.4,144.7,7.0,8.0,0.0,0.0,374.6,0.0,0.00,pathseer:60
beir500k-f32,pos40_cat19,pos40,213280,ours-guard,128,2,60,0.9950,0.9500,0.00013,0.909,1.352,2.062,0.951,1575.9,0.0,2124.4,144.7,7.0,8.0,0.0,0.0,374.6,0.0,0.00,pathseer:60
beir500k-f32,pos40_cat19,pos40,213280,ours-guard,128,3,60,0.9950,0.9500,0.00013,0.835,1.265,1.931,0.882,1575.9,0.0,2124.4,144.7,7.0,8.0,0.0,0.0,374.6,0.0,0.00,pathseer:60
beir500k-f32,pos40_cat19,pos40,213280,ours-guard,256,1,60,0.9983,0.9833,0.00009,1.541,2.476,2.736,1.606,2639.1,0.0,3555.7,285.1,14.0,17.0,0.0,0.0,641.8,0.0,0.00,pathseer:60
beir500k-f32,pos40_cat19,pos40,213280,ours-guard,256,2,60,0.9983,0.9833,0.00009,1.467,2.335,2.742,1.537,2639.1,0.0,3555.7,285.1,14.0,17.0,0.0,0.0,641.8,0.0,0.00,pathseer:60
beir500k-f32,pos40_cat19,pos40,213280,ours-guard,256,3,60,0.9983,0.9833,0.00009,1.454,2.364,2.607,1.514,2639.1,0.0,3555.7,285.1,14.0,17.0,0.0,0.0,641.8,0.0,0.00,pathseer:60
beir500k-f32,pos40_cat19,pos40,213280,ours-guard,512,1,60,0.9983,0.9833,0.00009,2.528,4.376,5.445,2.751,4439.6,0.0,6065.3,578.9,30.0,37.0,0.0,0.0,1158.9,0.0,0.00,pathseer:60
beir500k-f32,pos40_cat19,pos40,213280,ours-guard,512,2,60,0.9983,0.9833,0.00009,2.515,4.254,5.188,2.699,4439.6,0.0,6065.3,578.9,30.0,37.0,0.0,0.0,1158.9,0.0,0.00,pathseer:60
beir500k-f32,pos40_cat19,pos40,213280,ours-guard,512,3,60,0.9983,0.9833,0.00009,2.474,4.211,5.230,2.689,4439.6,0.0,6065.3,578.9,30.0,37.0,0.0,0.0,1158.9,0.0,0.00,pathseer:60
beir500k-f32,pos40_cat20,pos40,204763,sweeping,64,1,67,1.0000,1.0000,0.00000,0.658,1.457,2.312,1.068,1825.3,0.0,438.1,226.9,4.0,5.0,0.0,0.0,0.0,0.0,0.00,sweeping:67
beir500k-f32,pos40_cat20,pos40,204763,sweeping,64,2,67,1.0000,1.0000,0.00000,0.653,1.410,2.288,1.073,1825.3,0.0,438.1,226.9,4.0,5.0,0.0,0.0,0.0,0.0,0.00,sweeping:67
beir500k-f32,pos40_cat20,pos40,204763,sweeping,64,3,67,1.0000,1.0000,0.00000,0.660,1.425,2.269,1.071,1825.3,0.0,438.1,226.9,4.0,5.0,0.0,0.0,0.0,0.0,0.00,sweeping:67
beir500k-f32,pos40_cat20,pos40,204763,sweeping,128,1,67,1.0000,1.0000,0.00000,1.209,2.661,3.930,1.718,3002.3,0.0,650.0,351.7,6.0,8.0,0.0,0.0,0.0,0.0,0.00,sweeping:67
beir500k-f32,pos40_cat20,pos40,204763,sweeping,128,2,67,1.0000,1.0000,0.00000,1.219,2.730,3.937,1.720,3002.3,0.0,650.0,351.7,6.0,8.0,0.0,0.0,0.0,0.0,0.00,sweeping:67
beir500k-f32,pos40_cat20,pos40,204763,sweeping,128,3,67,1.0000,1.0000,0.00000,1.185,2.672,3.904,1.716,3002.3,0.0,650.0,351.7,6.0,8.0,0.0,0.0,0.0,0.0,0.00,sweeping:67
beir500k-f32,pos40_cat20,pos40,204763,sweeping,256,1,67,1.0000,1.0000,0.00000,2.203,4.912,6.930,2.857,5041.6,0.0,1033.1,544.5,12.0,15.0,0.0,0.0,0.0,0.0,0.00,sweeping:67
beir500k-f32,pos40_cat20,pos40,204763,sweeping,256,2,67,1.0000,1.0000,0.00000,2.219,4.827,6.739,2.842,5041.6,0.0,1033.1,544.5,12.0,15.0,0.0,0.0,0.0,0.0,0.00,sweeping:67
beir500k-f32,pos40_cat20,pos40,204763,sweeping,256,3,67,1.0000,1.0000,0.00000,2.217,4.971,6.834,2.901,5041.6,0.0,1033.1,544.5,12.0,15.0,0.0,0.0,0.0,0.0,0.00,sweeping:67
beir500k-f32,pos40_cat20,pos40,204763,sweeping,512,1,67,1.0000,1.0000,0.00000,4.123,8.901,11.309,4.891,8704.0,0.0,1765.3,912.3,27.0,35.0,0.0,0.0,0.0,0.0,0.00,sweeping:67
beir500k-f32,pos40_cat20,pos40,204763,sweeping,512,2,67,1.0000,1.0000,0.00000,4.101,8.932,11.036,4.890,8704.0,0.0,1765.3,912.3,27.0,35.0,0.0,0.0,0.0,0.0,0.00,sweeping:67
beir500k-f32,pos40_cat20,pos40,204763,sweeping,512,3,67,1.0000,1.0000,0.00000,4.116,8.881,11.159,4.891,8704.0,0.0,1765.3,912.3,27.0,35.0,0.0,0.0,0.0,0.0,0.00,sweeping:67
beir500k-f32,pos40_cat20,pos40,204763,pathseer,64,1,67,1.0000,1.0000,0.00000,0.649,1.007,1.211,0.666,1205.7,0.0,615.5,76.2,2.0,2.0,90.7,51.4,169.1,1.4,0.00,pathseer:67
beir500k-f32,pos40_cat20,pos40,204763,pathseer,64,2,67,1.0000,1.0000,0.00000,0.693,1.080,1.335,0.707,1205.7,0.0,615.5,76.2,2.0,2.0,90.7,51.4,169.1,1.4,0.00,pathseer:67
beir500k-f32,pos40_cat20,pos40,204763,pathseer,64,3,67,1.0000,1.0000,0.00000,0.642,1.017,1.173,0.650,1205.7,0.0,615.5,76.2,2.0,2.0,90.7,51.4,169.1,1.4,0.00,pathseer:67
beir500k-f32,pos40_cat20,pos40,204763,pathseer,128,1,67,1.0000,1.0000,0.00000,1.176,1.808,2.153,1.167,2133.8,0.0,1076.8,148.4,3.0,3.0,159.5,94.0,287.7,2.5,0.00,pathseer:67
beir500k-f32,pos40_cat20,pos40,204763,pathseer,128,2,67,1.0000,1.0000,0.00000,1.187,1.956,1.996,1.179,2133.8,0.0,1076.8,148.4,3.0,3.0,159.5,94.0,287.7,2.5,0.00,pathseer:67
beir500k-f32,pos40_cat20,pos40,204763,pathseer,128,3,67,1.0000,1.0000,0.00000,1.179,1.780,1.966,1.146,2133.8,0.0,1076.8,148.4,3.0,3.0,159.5,94.0,287.7,2.5,0.00,pathseer:67
beir500k-f32,pos40_cat20,pos40,204763,pathseer,256,1,67,1.0000,1.0000,0.00000,2.148,3.137,3.615,2.041,3765.4,0.0,1963.8,293.8,5.0,5.0,287.5,172.1,526.1,4.5,0.00,pathseer:67
beir500k-f32,pos40_cat20,pos40,204763,pathseer,256,2,67,1.0000,1.0000,0.00000,2.109,3.258,3.523,2.043,3765.4,0.0,1963.8,293.8,5.0,5.0,287.5,172.1,526.1,4.5,0.00,pathseer:67
beir500k-f32,pos40_cat20,pos40,204763,pathseer,256,3,67,1.0000,1.0000,0.00000,2.116,3.137,3.594,2.045,3765.4,0.0,1963.8,293.8,5.0,5.0,287.5,172.1,526.1,4.5,0.00,pathseer:67
beir500k-f32,pos40_cat20,pos40,204763,pathseer,512,1,67,1.0000,1.0000,0.00000,3.942,6.625,14.646,4.272,6683.7,0.0,4005.2,659.7,10.0,10.0,578.9,338.5,1127.5,9.0,0.00,pathseer:67
beir500k-f32,pos40_cat20,pos40,204763,pathseer,512,2,67,1.0000,1.0000,0.00000,3.833,5.436,6.575,3.828,6683.7,0.0,4005.2,659.7,10.0,10.0,578.9,338.5,1127.5,9.0,0.00,pathseer:67
beir500k-f32,pos40_cat20,pos40,204763,pathseer,512,3,67,1.0000,1.0000,0.00000,3.833,5.407,6.640,3.809,6683.7,0.0,4005.2,659.7,10.0,10.0,578.9,338.5,1127.5,9.0,0.00,pathseer:67
beir500k-f32,pos40_cat20,pos40,204763,ours-no-twohop,64,1,67,1.0000,1.0000,0.00000,0.671,1.042,1.175,0.673,1175.3,0.0,507.8,76.6,4.0,5.0,0.0,0.0,170.3,0.0,0.00,pathseer:67
beir500k-f32,pos40_cat20,pos40,204763,ours-no-twohop,64,2,67,1.0000,1.0000,0.00000,0.629,1.012,1.185,0.633,1175.3,0.0,507.8,76.6,4.0,5.0,0.0,0.0,170.3,0.0,0.00,pathseer:67
beir500k-f32,pos40_cat20,pos40,204763,ours-no-twohop,64,3,67,1.0000,1.0000,0.00000,0.621,1.018,1.170,0.629,1175.3,0.0,507.8,76.6,4.0,5.0,0.0,0.0,170.3,0.0,0.00,pathseer:67
beir500k-f32,pos40_cat20,pos40,204763,ours-no-twohop,128,1,67,1.0000,1.0000,0.00000,1.135,1.771,2.012,1.108,2082.2,0.0,884.1,149.1,6.0,8.0,0.0,0.0,291.7,0.0,0.00,pathseer:67
beir500k-f32,pos40_cat20,pos40,204763,ours-no-twohop,128,2,67,1.0000,1.0000,0.00000,1.136,1.745,2.015,1.107,2082.2,0.0,884.1,149.1,6.0,8.0,0.0,0.0,291.7,0.0,0.00,pathseer:67
beir500k-f32,pos40_cat20,pos40,204763,ours-no-twohop,128,3,67,1.0000,1.0000,0.00000,1.135,1.824,2.099,1.114,2082.2,0.0,884.1,149.1,6.0,8.0,0.0,0.0,291.7,0.0,0.00,pathseer:67
beir500k-f32,pos40_cat20,pos40,204763,ours-no-twohop,256,1,67,1.0000,1.0000,0.00000,2.082,3.256,3.815,2.075,3761.1,0.0,1933.1,353.1,12.0,15.0,0.0,0.0,705.7,0.0,0.00,pathseer:67
beir500k-f32,pos40_cat20,pos40,204763,ours-no-twohop,256,2,67,1.0000,1.0000,0.00000,2.093,3.224,3.926,2.075,3761.1,0.0,1933.1,353.1,12.0,15.0,0.0,0.0,705.7,0.0,0.00,pathseer:67
beir500k-f32,pos40_cat20,pos40,204763,ours-no-twohop,256,3,67,1.0000,1.0000,0.00000,2.092,3.125,3.871,2.091,3761.1,0.0,1933.1,353.1,12.0,15.0,0.0,0.0,705.7,0.0,0.00,pathseer:67
beir500k-f32,pos40_cat20,pos40,204763,ours-no-twohop,512,1,67,1.0000,1.0000,0.00000,3.739,5.471,7.109,3.941,6763.5,0.0,3733.9,780.4,27.0,35.0,0.0,0.0,1187.3,0.0,0.00,pathseer:67
beir500k-f32,pos40_cat20,pos40,204763,ours-no-twohop,512,2,67,1.0000,1.0000,0.00000,3.694,5.535,7.037,3.919,6763.5,0.0,3733.9,780.4,27.0,35.0,0.0,0.0,1187.3,0.0,0.00,pathseer:67
beir500k-f32,pos40_cat20,pos40,204763,ours-no-twohop,512,3,67,1.0000,1.0000,0.00000,3.847,5.947,7.170,3.999,6763.5,0.0,3733.9,780.4,27.0,35.0,0.0,0.0,1187.3,0.0,0.00,pathseer:67
beir500k-f32,pos40_cat20,pos40,204763,ours-guard,64,1,67,0.9940,0.9701,0.00020,0.543,0.775,0.804,0.543,970.4,0.0,1299.4,69.0,4.0,5.0,0.0,0.0,231.1,0.0,0.00,pathseer:67
beir500k-f32,pos40_cat20,pos40,204763,ours-guard,64,2,67,0.9940,0.9701,0.00020,0.542,0.776,0.821,0.544,970.4,0.0,1299.4,69.0,4.0,5.0,0.0,0.0,231.1,0.0,0.00,pathseer:67
beir500k-f32,pos40_cat20,pos40,204763,ours-guard,64,3,67,0.9940,0.9701,0.00020,0.538,0.787,0.819,0.547,970.4,0.0,1299.4,69.0,4.0,5.0,0.0,0.0,231.1,0.0,0.00,pathseer:67
beir500k-f32,pos40_cat20,pos40,204763,ours-guard,128,1,67,0.9955,0.9851,0.00017,0.946,1.375,1.412,0.956,1713.6,0.0,2328.4,137.1,6.0,8.0,0.0,0.0,448.9,0.0,0.00,pathseer:67
beir500k-f32,pos40_cat20,pos40,204763,ours-guard,128,2,67,0.9955,0.9851,0.00017,0.952,1.396,1.408,0.957,1713.6,0.0,2328.4,137.1,6.0,8.0,0.0,0.0,448.9,0.0,0.00,pathseer:67
beir500k-f32,pos40_cat20,pos40,204763,ours-guard,128,3,67,0.9955,0.9851,0.00017,0.969,1.377,1.410,0.951,1713.6,0.0,2328.4,137.1,6.0,8.0,0.0,0.0,448.9,0.0,0.00,pathseer:67
beir500k-f32,pos40_cat20,pos40,204763,ours-guard,256,1,67,1.0000,1.0000,0.00000,1.792,2.513,3.247,1.837,3122.0,0.0,4541.8,337.8,12.0,15.0,0.0,0.0,1131.6,0.0,0.00,pathseer:67
beir500k-f32,pos40_cat20,pos40,204763,ours-guard,256,2,67,1.0000,1.0000,0.00000,1.733,2.521,3.209,1.821,3122.0,0.0,4541.8,337.8,12.0,15.0,0.0,0.0,1131.6,0.0,0.00,pathseer:67
beir500k-f32,pos40_cat20,pos40,204763,ours-guard,256,3,67,1.0000,1.0000,0.00000,1.754,2.563,3.224,1.824,3122.0,0.0,4541.8,337.8,12.0,15.0,0.0,0.0,1131.6,0.0,0.00,pathseer:67
beir500k-f32,pos40_cat20,pos40,204763,ours-guard,512,1,67,1.0000,1.0000,0.00000,3.300,4.505,6.204,3.469,5628.3,0.0,8149.1,754.9,27.0,35.0,0.0,0.0,1992.0,0.0,0.00,pathseer:67
beir500k-f32,pos40_cat20,pos40,204763,ours-guard,512,2,67,1.0000,1.0000,0.00000,3.262,4.490,6.215,3.471,5628.3,0.0,8149.1,754.9,27.0,35.0,0.0,0.0,1992.0,0.0,0.00,pathseer:67
beir500k-f32,pos40_cat20,pos40,204763,ours-guard,512,3,67,1.0000,1.0000,0.00000,3.223,4.485,6.296,3.459,5628.3,0.0,8149.1,754.9,27.0,35.0,0.0,0.0,1992.0,0.0,0.00,pathseer:67
beir500k-f32,pos40_cat21,pos40,209359,sweeping,64,1,61,0.9951,0.9508,0.00036,0.593,1.242,2.212,0.672,1332.7,0.0,212.3,75.1,4.0,4.0,0.0,0.0,0.0,0.0,0.00,sweeping:61
beir500k-f32,pos40_cat21,pos40,209359,sweeping,64,2,61,0.9951,0.9508,0.00036,0.586,1.220,2.218,0.674,1332.7,0.0,212.3,75.1,4.0,4.0,0.0,0.0,0.0,0.0,0.00,sweeping:61
beir500k-f32,pos40_cat21,pos40,209359,sweeping,64,3,61,0.9951,0.9508,0.00036,0.649,1.437,2.285,0.730,1332.7,0.0,212.3,75.1,4.0,4.0,0.0,0.0,0.0,0.0,0.00,sweeping:61
beir500k-f32,pos40_cat21,pos40,209359,sweeping,128,1,61,0.9951,0.9508,0.00024,1.054,2.372,4.097,1.208,2369.0,0.0,373.1,150.0,6.0,7.0,0.0,0.0,0.0,0.0,0.00,sweeping:61
beir500k-f32,pos40_cat21,pos40,209359,sweeping,128,2,61,0.9951,0.9508,0.00024,1.053,2.353,4.001,1.211,2369.0,0.0,373.1,150.0,6.0,7.0,0.0,0.0,0.0,0.0,0.00,sweeping:61
beir500k-f32,pos40_cat21,pos40,209359,sweeping,128,3,61,0.9951,0.9508,0.00024,1.042,2.364,3.973,1.200,2369.0,0.0,373.1,150.0,6.0,7.0,0.0,0.0,0.0,0.0,0.00,sweeping:61
beir500k-f32,pos40_cat21,pos40,209359,sweeping,256,1,61,0.9984,0.9836,0.00000,2.010,4.282,6.407,2.142,4135.5,0.0,685.2,299.2,12.0,14.0,0.0,0.0,0.0,0.0,0.00,sweeping:61
beir500k-f32,pos40_cat21,pos40,209359,sweeping,256,2,61,0.9984,0.9836,0.00000,1.989,4.266,6.444,2.137,4135.5,0.0,685.2,299.2,12.0,14.0,0.0,0.0,0.0,0.0,0.00,sweeping:61
beir500k-f32,pos40_cat21,pos40,209359,sweeping,256,3,61,0.9984,0.9836,0.00000,1.985,4.285,6.378,2.138,4135.5,0.0,685.2,299.2,12.0,14.0,0.0,0.0,0.0,0.0,0.00,sweeping:61
beir500k-f32,pos40_cat21,pos40,209359,sweeping,512,1,61,1.0000,1.0000,0.00000,3.582,7.613,10.298,3.851,7197.6,0.0,1298.8,605.2,27.0,32.0,0.0,0.0,0.0,0.0,0.00,sweeping:61
beir500k-f32,pos40_cat21,pos40,209359,sweeping,512,2,61,1.0000,1.0000,0.00000,3.567,7.633,10.525,3.860,7197.6,0.0,1298.8,605.2,27.0,32.0,0.0,0.0,0.0,0.0,0.00,sweeping:61
beir500k-f32,pos40_cat21,pos40,209359,sweeping,512,3,61,1.0000,1.0000,0.00000,3.572,7.808,10.343,3.847,7197.6,0.0,1298.8,605.2,27.0,32.0,0.0,0.0,0.0,0.0,0.00,sweeping:61
beir500k-f32,pos40_cat21,pos40,209359,pathseer,64,1,61,0.9951,0.9508,0.00036,0.608,0.833,0.948,0.629,1221.6,0.0,458.2,69.7,2.0,2.0,75.5,52.8,68.0,1.2,0.00,pathseer:61
beir500k-f32,pos40_cat21,pos40,209359,pathseer,64,2,61,0.9951,0.9508,0.00036,0.597,0.822,0.936,0.625,1221.6,0.0,458.2,69.7,2.0,2.0,75.5,52.8,68.0,1.2,0.00,pathseer:61
beir500k-f32,pos40_cat21,pos40,209359,pathseer,64,3,61,0.9951,0.9508,0.00036,0.597,0.815,0.950,0.627,1221.6,0.0,458.2,69.7,2.0,2.0,75.5,52.8,68.0,1.2,0.00,pathseer:61
beir500k-f32,pos40_cat21,pos40,209359,pathseer,128,1,61,0.9951,0.9508,0.00024,1.166,1.599,1.800,1.197,2128.7,0.0,844.5,137.8,3.0,3.0,139.5,100.0,135.7,2.2,0.00,pathseer:61
beir500k-f32,pos40_cat21,pos40,209359,pathseer,128,2,61,0.9951,0.9508,0.00024,1.097,1.503,1.523,1.107,2128.7,0.0,844.5,137.8,3.0,3.0,139.5,100.0,135.7,2.2,0.00,pathseer:61
beir500k-f32,pos40_cat21,pos40,209359,pathseer,128,3,61,0.9951,0.9508,0.00024,1.090,1.496,1.557,1.108,2128.7,0.0,844.5,137.8,3.0,3.0,139.5,100.0,135.7,2.2,0.00,pathseer:61
beir500k-f32,pos40_cat21,pos40,209359,pathseer,256,1,61,0.9984,0.9836,0.00000,2.035,2.671,2.829,1.996,3671.4,0.0,1575.0,275.0,5.0,5.0,262.3,185.3,266.0,4.1,0.00,pathseer:61
beir500k-f32,pos40_cat21,pos40,209359,pathseer,256,2,61,0.9984,0.9836,0.00000,2.042,2.696,2.837,2.005,3671.4,0.0,1575.0,275.0,5.0,5.0,262.3,185.3,266.0,4.1,0.00,pathseer:61
beir500k-f32,pos40_cat21,pos40,209359,pathseer,256,3,61,0.9984,0.9836,0.00000,2.011,2.637,2.753,1.957,3671.4,0.0,1575.0,275.0,5.0,5.0,262.3,185.3,266.0,4.1,0.00,pathseer:61
beir500k-f32,pos40_cat21,pos40,209359,pathseer,512,1,61,1.0000,1.0000,0.00000,3.496,4.819,5.239,3.481,6274.1,0.0,3043.1,553.1,9.0,9.0,540.3,367.0,539.3,8.4,0.00,pathseer:61
beir500k-f32,pos40_cat21,pos40,209359,pathseer,512,2,61,1.0000,1.0000,0.00000,3.472,4.716,5.343,3.467,6274.1,0.0,3043.1,553.1,9.0,9.0,540.3,367.0,539.3,8.4,0.00,pathseer:61
beir500k-f32,pos40_cat21,pos40,209359,pathseer,512,3,61,1.0000,1.0000,0.00000,3.481,4.839,5.184,3.457,6274.1,0.0,3043.1,553.1,9.0,9.0,540.3,367.0,539.3,8.4,0.00,pathseer:61
beir500k-f32,pos40_cat21,pos40,209359,ours-no-twohop,64,1,61,0.9951,0.9508,0.00036,0.587,0.784,0.919,0.607,1182.9,0.0,358.8,70.2,4.0,4.0,0.0,0.0,71.0,0.0,0.00,pathseer:61
beir500k-f32,pos40_cat21,pos40,209359,ours-no-twohop,64,2,61,0.9951,0.9508,0.00036,0.582,0.791,0.904,0.604,1182.9,0.0,358.8,70.2,4.0,4.0,0.0,0.0,71.0,0.0,0.00,pathseer:61
beir500k-f32,pos40_cat21,pos40,209359,ours-no-twohop,64,3,61,0.9951,0.9508,0.00036,0.577,0.817,0.978,0.605,1182.9,0.0,358.8,70.2,4.0,4.0,0.0,0.0,71.0,0.0,0.00,pathseer:61
beir500k-f32,pos40_cat21,pos40,209359,ours-no-twohop,128,1,61,0.9951,0.9508,0.00024,1.020,1.437,1.508,1.063,2068.9,0.0,680.1,139.8,6.0,7.0,0.0,0.0,157.4,0.0,0.00,pathseer:61
beir500k-f32,pos40_cat21,pos40,209359,ours-no-twohop,128,2,61,0.9951,0.9508,0.00024,1.013,1.421,1.555,1.056,2068.9,0.0,680.1,139.8,6.0,7.0,0.0,0.0,157.4,0.0,0.00,pathseer:61
beir500k-f32,pos40_cat21,pos40,209359,ours-no-twohop,128,3,61,0.9951,0.9508,0.00024,1.009,1.444,1.527,1.055,2068.9,0.0,680.1,139.8,6.0,7.0,0.0,0.0,157.4,0.0,0.00,pathseer:61
beir500k-f32,pos40_cat21,pos40,209359,ours-no-twohop,256,1,61,0.9984,0.9836,0.00000,1.920,2.587,2.731,1.919,3588.8,0.0,1264.3,278.2,12.0,14.0,0.0,0.0,289.8,0.0,0.00,pathseer:61
beir500k-f32,pos40_cat21,pos40,209359,ours-no-twohop,256,2,61,0.9984,0.9836,0.00000,1.947,2.558,2.774,1.911,3588.8,0.0,1264.3,278.2,12.0,14.0,0.0,0.0,289.8,0.0,0.00,pathseer:61
beir500k-f32,pos40_cat21,pos40,209359,ours-no-twohop,256,3,61,0.9984,0.9836,0.00000,1.905,2.566,2.710,1.876,3588.8,0.0,1264.3,278.2,12.0,14.0,0.0,0.0,289.8,0.0,0.00,pathseer:61
beir500k-f32,pos40_cat21,pos40,209359,ours-no-twohop,512,1,61,1.0000,1.0000,0.00000,3.325,4.767,5.203,3.370,6176.0,0.0,2473.9,560.3,27.0,32.0,0.0,0.0,590.0,0.0,0.00,pathseer:61
beir500k-f32,pos40_cat21,pos40,209359,ours-no-twohop,512,2,61,1.0000,1.0000,0.00000,3.306,4.762,5.156,3.358,6176.0,0.0,2473.9,560.3,27.0,32.0,0.0,0.0,590.0,0.0,0.00,pathseer:61
beir500k-f32,pos40_cat21,pos40,209359,ours-no-twohop,512,3,61,1.0000,1.0000,0.00000,3.348,4.854,5.162,3.373,6176.0,0.0,2473.9,560.3,27.0,32.0,0.0,0.0,590.0,0.0,0.00,pathseer:61
beir500k-f32,pos40_cat21,pos40,209359,ours-guard,64,1,61,0.9951,0.9508,0.00036,0.554,0.732,0.828,0.565,1057.0,0.0,1312.6,68.0,4.0,4.0,0.0,0.0,155.9,0.0,0.00,pathseer:61
beir500k-f32,pos40_cat21,pos40,209359,ours-guard,64,2,61,0.9951,0.9508,0.00036,0.549,0.725,0.820,0.561,1057.0,0.0,1312.6,68.0,4.0,4.0,0.0,0.0,155.9,0.0,0.00,pathseer:61
beir500k-f32,pos40_cat21,pos40,209359,ours-guard,64,3,61,0.9951,0.9508,0.00036,0.547,0.794,0.835,0.562,1057.0,0.0,1312.6,68.0,4.0,4.0,0.0,0.0,155.9,0.0,0.00,pathseer:61
beir500k-f32,pos40_cat21,pos40,209359,ours-guard,128,1,61,0.9951,0.9508,0.00024,0.934,1.329,1.375,0.981,1837.9,0.0,2316.4,135.2,6.0,7.0,0.0,0.0,309.1,0.0,0.00,pathseer:61
beir500k-f32,pos40_cat21,pos40,209359,ours-guard,128,2,61,0.9951,0.9508,0.00024,0.933,1.320,1.339,0.974,1837.9,0.0,2316.4,135.2,6.0,7.0,0.0,0.0,309.1,0.0,0.00,pathseer:61
beir500k-f32,pos40_cat21,pos40,209359,ours-guard,128,3,61,0.9951,0.9508,0.00024,0.953,1.321,1.332,0.980,1837.9,0.0,2316.4,135.2,6.0,7.0,0.0,0.0,309.1,0.0,0.00,pathseer:61
beir500k-f32,pos40_cat21,pos40,209359,ours-guard,256,1,61,0.9984,0.9836,0.00000,1.686,2.222,2.461,1.732,3169.7,0.0,4063.0,270.5,12.0,14.0,0.0,0.0,595.2,0.0,0.00,pathseer:61
beir500k-f32,pos40_cat21,pos40,209359,ours-guard,256,2,61,0.9984,0.9836,0.00000,1.689,2.217,2.465,1.722,3169.7,0.0,4063.0,270.5,12.0,14.0,0.0,0.0,595.2,0.0,0.00,pathseer:61
beir500k-f32,pos40_cat21,pos40,209359,ours-guard,256,3,61,0.9984,0.9836,0.00000,1.689,2.215,2.461,1.733,3169.7,0.0,4063.0,270.5,12.0,14.0,0.0,0.0,595.2,0.0,0.00,pathseer:61
beir500k-f32,pos40_cat21,pos40,209359,ours-guard,512,1,61,0.9984,0.9836,0.00000,3.055,4.136,4.413,3.084,5396.9,0.0,7109.2,546.0,27.0,32.0,0.0,0.0,1179.6,0.0,0.00,pathseer:61
beir500k-f32,pos40_cat21,pos40,209359,ours-guard,512,2,61,0.9984,0.9836,0.00000,3.039,4.214,4.438,3.084,5396.9,0.0,7109.2,546.0,27.0,32.0,0.0,0.0,1179.6,0.0,0.00,pathseer:61
beir500k-f32,pos40_cat21,pos40,209359,ours-guard,512,3,61,0.9984,0.9836,0.00000,3.093,4.136,4.436,3.093,5396.9,0.0,7109.2,546.0,27.0,32.0,0.0,0.0,1179.6,0.0,0.00,pathseer:61
beir500k-f32,neg10_cat00,neg10,63950,sweeping,64,1,12,1.0000,1.0000,0.00000,3.190,5.891,10.353,3.756,7039.0,0.0,1051.6,462.3,4.0,20.0,0.0,0.0,0.0,0.0,0.00,sweeping:12
beir500k-f32,neg10_cat00,neg10,63950,sweeping,64,2,12,1.0000,1.0000,0.00000,2.886,5.990,9.796,3.615,7039.0,0.0,1051.6,462.3,4.0,20.0,0.0,0.0,0.0,0.0,0.00,sweeping:12
beir500k-f32,neg10_cat00,neg10,63950,sweeping,64,3,12,1.0000,1.0000,0.00000,3.103,5.879,10.284,3.710,7039.0,0.0,1051.6,462.3,4.0,20.0,0.0,0.0,0.0,0.0,0.00,sweeping:12
beir500k-f32,neg10_cat00,neg10,63950,sweeping,128,1,12,1.0000,1.0000,0.00000,5.268,9.212,16.678,6.150,11762.3,0.0,1888.1,883.2,6.0,38.0,0.0,0.0,0.0,0.0,0.00,sweeping:12
beir500k-f32,neg10_cat00,neg10,63950,sweeping,128,2,12,1.0000,1.0000,0.00000,5.157,9.267,16.894,6.158,11762.3,0.0,1888.1,883.2,6.0,38.0,0.0,0.0,0.0,0.0,0.00,sweeping:12
beir500k-f32,neg10_cat00,neg10,63950,sweeping,128,3,12,1.0000,1.0000,0.00000,5.409,9.197,16.909,6.194,11762.3,0.0,1888.1,883.2,6.0,38.0,0.0,0.0,0.0,0.0,0.00,sweeping:12
beir500k-f32,neg10_cat00,neg10,63950,sweeping,256,1,12,1.0000,1.0000,0.00000,9.756,17.097,26.482,10.609,19517.8,0.0,3453.3,1696.2,11.0,58.0,0.0,0.0,0.0,0.0,0.00,sweeping:12
beir500k-f32,neg10_cat00,neg10,63950,sweeping,256,2,12,1.0000,1.0000,0.00000,9.590,17.086,26.470,10.562,19517.8,0.0,3453.3,1696.2,11.0,58.0,0.0,0.0,0.0,0.0,0.00,sweeping:12
beir500k-f32,neg10_cat00,neg10,63950,sweeping,256,3,12,1.0000,1.0000,0.00000,9.688,17.127,26.216,10.515,19517.8,0.0,3453.3,1696.2,11.0,58.0,0.0,0.0,0.0,0.0,0.00,sweeping:12
beir500k-f32,neg10_cat00,neg10,63950,sweeping,512,1,12,1.0000,1.0000,0.00000,17.963,28.446,41.491,18.181,31796.5,0.0,6334.9,3221.1,24.0,138.0,0.0,0.0,0.0,0.0,0.00,sweeping:12
beir500k-f32,neg10_cat00,neg10,63950,sweeping,512,2,12,1.0000,1.0000,0.00000,17.007,28.402,41.455,17.766,31796.5,0.0,6334.9,3221.1,24.0,138.0,0.0,0.0,0.0,0.0,0.00,sweeping:12
beir500k-f32,neg10_cat00,neg10,63950,sweeping,512,3,12,1.0000,1.0000,0.00000,16.935,28.349,41.443,17.734,31796.5,0.0,6334.9,3221.1,24.0,138.0,0.0,0.0,0.0,0.0,0.00,sweeping:12
beir500k-f32,neg10_cat00,neg10,63950,pathseer,64,1,12,0.9917,0.9167,0.00002,1.041,1.244,1.632,1.010,1670.3,0.0,3005.4,189.8,3.0,9.0,128.0,27.4,2021.9,2.0,0.00,pathseer:12
beir500k-f32,neg10_cat00,neg10,63950,pathseer,64,2,12,0.9917,0.9167,0.00002,1.055,1.278,1.746,1.032,1670.3,0.0,3005.4,189.8,3.0,9.0,128.0,27.4,2021.9,2.0,0.00,pathseer:12
beir500k-f32,neg10_cat00,neg10,63950,pathseer,64,3,12,0.9917,0.9167,0.00002,1.023,1.276,1.636,1.013,1670.3,0.0,3005.4,189.8,3.0,9.0,128.0,27.4,2021.9,2.0,0.00,pathseer:12
beir500k-f32,neg10_cat00,neg10,63950,pathseer,128,1,12,1.0000,1.0000,0.00000,1.898,2.529,3.930,1.927,3057.8,0.0,5777.3,411.4,5.0,26.0,245.3,43.6,3832.6,3.8,0.00,pathseer:12
beir500k-f32,neg10_cat00,neg10,63950,pathseer,128,2,12,1.0000,1.0000,0.00000,1.899,2.690,3.997,1.955,3057.8,0.0,5777.3,411.4,5.0,26.0,245.3,43.6,3832.6,3.8,0.00,pathseer:12
beir500k-f32,neg10_cat00,neg10,63950,pathseer,128,3,12,1.0000,1.0000,0.00000,1.917,2.570,3.814,1.938,3057.8,0.0,5777.3,411.4,5.0,26.0,245.3,43.6,3832.6,3.8,0.00,pathseer:12
beir500k-f32,neg10_cat00,neg10,63950,pathseer,256,1,12,1.0000,1.0000,0.00000,3.258,4.374,6.123,3.366,5145.1,0.0,9841.8,774.2,8.0,48.0,453.3,91.8,6441.8,7.1,0.00,pathseer:12
beir500k-f32,neg10_cat00,neg10,63950,pathseer,256,2,12,1.0000,1.0000,0.00000,3.257,4.180,6.114,3.337,5145.1,0.0,9841.8,774.2,8.0,48.0,453.3,91.8,6441.8,7.1,0.00,pathseer:12
beir500k-f32,neg10_cat00,neg10,63950,pathseer,256,3,12,1.0000,1.0000,0.00000,3.250,4.193,6.130,3.324,5145.1,0.0,9841.8,774.2,8.0,48.0,453.3,91.8,6441.8,7.1,0.00,pathseer:12
beir500k-f32,neg10_cat00,neg10,63950,pathseer,512,1,12,1.0000,1.0000,0.00000,5.758,7.657,12.032,6.141,8897.6,0.0,17909.7,1613.8,15.0,97.0,933.3,180.8,11313.5,14.6,0.00,pathseer:12
beir500k-f32,neg10_cat00,neg10,63950,pathseer,512,2,12,1.0000,1.0000,0.00000,5.869,7.759,12.080,6.210,8897.6,0.0,17909.7,1613.8,15.0,97.0,933.3,180.8,11313.5,14.6,0.00,pathseer:12
beir500k-f32,neg10_cat00,neg10,63950,pathseer,512,3,12,1.0000,1.0000,0.00000,5.911,7.694,12.417,6.270,8897.6,0.0,17909.7,1613.8,15.0,97.0,933.3,180.8,11313.5,14.6,0.00,pathseer:12
beir500k-f32,neg10_cat00,neg10,63950,ours-no-twohop,64,1,12,1.0000,1.0000,0.00000,1.109,1.288,2.041,1.110,1777.2,0.0,3293.1,220.3,4.0,20.0,0.0,0.0,2292.2,0.0,0.00,pathseer:12
beir500k-f32,neg10_cat00,neg10,63950,ours-no-twohop,64,2,12,1.0000,1.0000,0.00000,1.097,1.282,2.040,1.107,1777.2,0.0,3293.1,220.3,4.0,20.0,0.0,0.0,2292.2,0.0,0.00,pathseer:12
beir500k-f32,neg10_cat00,neg10,63950,ours-no-twohop,64,3,12,1.0000,1.0000,0.00000,1.095,1.307,2.053,1.117,1777.2,0.0,3293.1,220.3,4.0,20.0,0.0,0.0,2292.2,0.0,0.00,pathseer:12
beir500k-f32,neg10_cat00,neg10,63950,ours-no-twohop,128,1,12,1.0000,1.0000,0.00000,2.000,2.555,4.279,2.063,3195.6,0.0,6034.0,448.4,6.0,38.0,0.0,0.0,4133.5,0.0,0.00,pathseer:12
beir500k-f32,neg10_cat00,neg10,63950,ours-no-twohop,128,2,12,1.0000,1.0000,0.00000,1.932,2.594,4.124,2.055,3195.6,0.0,6034.0,448.4,6.0,38.0,0.0,0.0,4133.5,0.0,0.00,pathseer:12
beir500k-f32,neg10_cat00,neg10,63950,ours-no-twohop,128,3,12,1.0000,1.0000,0.00000,1.996,2.545,4.067,2.041,3195.6,0.0,6034.0,448.4,6.0,38.0,0.0,0.0,4133.5,0.0,0.00,pathseer:12
beir500k-f32,neg10_cat00,neg10,63950,ours-no-twohop,256,1,12,1.0000,1.0000,0.00000,3.441,4.373,7.415,3.621,5431.7,0.0,10373.3,866.9,11.0,58.0,0.0,0.0,6995.6,0.0,0.00,pathseer:12
beir500k-f32,neg10_cat00,neg10,63950,ours-no-twohop,256,2,12,1.0000,1.0000,0.00000,3.383,4.295,7.287,3.581,5431.7,0.0,10373.3,866.9,11.0,58.0,0.0,0.0,6995.6,0.0,0.00,pathseer:12
beir500k-f32,neg10_cat00,neg10,63950,ours-no-twohop,256,3,12,1.0000,1.0000,0.00000,3.387,4.348,7.210,3.574,5431.7,0.0,10373.3,866.9,11.0,58.0,0.0,0.0,6995.6,0.0,0.00,pathseer:12
beir500k-f32,neg10_cat00,neg10,63950,ours-no-twohop,512,1,12,1.0000,1.0000,0.00000,6.152,8.216,13.359,6.594,9471.8,0.0,18756.8,1794.4,24.0,138.0,0.0,0.0,12214.8,0.0,0.00,pathseer:12
beir500k-f32,neg10_cat00,neg10,63950,ours-no-twohop,512,2,12,1.0000,1.0000,0.00000,6.076,8.309,13.337,6.594,9471.8,0.0,18756.8,1794.4,24.0,138.0,0.0,0.0,12214.8,0.0,0.00,pathseer:12
beir500k-f32,neg10_cat00,neg10,63950,ours-no-twohop,512,3,12,1.0000,1.0000,0.00000,6.045,8.284,13.160,6.598,9471.8,0.0,18756.8,1794.4,24.0,138.0,0.0,0.0,12214.8,0.0,0.00,pathseer:12
beir500k-f32,neg10_cat00,neg10,63950,ours-guard,64,1,12,0.9917,0.9167,0.00013,0.798,1.049,1.661,0.849,1327.6,0.0,3740.9,196.0,4.0,20.0,0.0,0.0,2328.2,0.0,0.00,pathseer:12
beir500k-f32,neg10_cat00,neg10,63950,ours-guard,64,2,12,0.9917,0.9167,0.00013,0.798,1.063,1.691,0.869,1327.6,0.0,3740.9,196.0,4.0,20.0,0.0,0.0,2328.2,0.0,0.00,pathseer:12
beir500k-f32,neg10_cat00,neg10,63950,ours-guard,64,3,12,0.9917,0.9167,0.00013,0.799,1.033,1.671,0.851,1327.6,0.0,3740.9,196.0,4.0,20.0,0.0,0.0,2328.2,0.0,0.00,pathseer:12
beir500k-f32,neg10_cat00,neg10,63950,ours-guard,128,1,12,1.0000,1.0000,0.00000,1.461,2.048,3.667,1.675,2446.9,0.0,6999.0,414.9,6.0,38.0,0.0,0.0,4391.1,0.0,0.00,pathseer:12
beir500k-f32,neg10_cat00,neg10,63950,ours-guard,128,2,12,1.0000,1.0000,0.00000,1.565,2.056,3.654,1.696,2446.9,0.0,6999.0,414.9,6.0,38.0,0.0,0.0,4391.1,0.0,0.00,pathseer:12
beir500k-f32,neg10_cat00,neg10,63950,ours-guard,128,3,12,1.0000,1.0000,0.00000,1.476,2.056,3.656,1.678,2446.9,0.0,6999.0,414.9,6.0,38.0,0.0,0.0,4391.1,0.0,0.00,pathseer:12
beir500k-f32,neg10_cat00,neg10,63950,ours-guard,256,1,12,1.0000,1.0000,0.00000,2.801,3.689,6.338,2.981,4180.4,0.0,11892.8,804.4,11.0,58.0,0.0,0.0,7412.7,0.0,0.00,pathseer:12
beir500k-f32,neg10_cat00,neg10,63950,ours-guard,256,2,12,1.0000,1.0000,0.00000,2.831,3.602,6.372,2.983,4180.4,0.0,11892.8,804.4,11.0,58.0,0.0,0.0,7412.7,0.0,0.00,pathseer:12
beir500k-f32,neg10_cat00,neg10,63950,ours-guard,256,3,12,1.0000,1.0000,0.00000,2.872,3.545,6.318,2.972,4180.4,0.0,11892.8,804.4,11.0,58.0,0.0,0.0,7412.7,0.0,0.00,pathseer:12
beir500k-f32,neg10_cat00,neg10,63950,ours-guard,512,1,12,1.0000,1.0000,0.00000,5.210,7.054,12.269,5.692,7473.7,0.0,21008.2,1683.3,24.0,138.0,0.0,0.0,12984.2,0.0,0.00,pathseer:12
beir500k-f32,neg10_cat00,neg10,63950,ours-guard,512,2,12,1.0000,1.0000,0.00000,5.193,7.068,12.092,5.650,7473.7,0.0,21008.2,1683.3,24.0,138.0,0.0,0.0,12984.2,0.0,0.00,pathseer:12
beir500k-f32,neg10_cat00,neg10,63950,ours-guard,512,3,12,1.0000,1.0000,0.00000,5.193,6.967,12.107,5.629,7473.7,0.0,21008.2,1683.3,24.0,138.0,0.0,0.0,12984.2,0.0,0.00,pathseer:12
beir500k-f32,neg10_cat00,neg10,63950,acorn,64,1,12,0.9917,0.9167,0.00002,1.388,1.858,2.031,1.270,1632.4,10.0,8291.1,66.4,3.0,3.0,0.0,0.0,0.0,0.0,0.00,acorn:9|rre:3
beir500k-f32,neg10_cat00,neg10,63950,acorn,64,2,12,0.9917,0.9167,0.00002,1.380,1.852,1.986,1.254,1632.4,10.0,8291.1,66.4,3.0,3.0,0.0,0.0,0.0,0.0,0.00,acorn:9|rre:3
beir500k-f32,neg10_cat00,neg10,63950,acorn,64,3,12,0.9917,0.9167,0.00002,1.355,1.842,1.982,1.249,1632.4,10.0,8291.1,66.4,3.0,3.0,0.0,0.0,0.0,0.0,0.00,acorn:9|rre:3
beir500k-f32,neg10_cat00,neg10,63950,acorn,128,1,12,1.0000,1.0000,0.00000,2.444,3.077,3.134,2.070,2642.0,10.0,13388.2,130.3,4.0,4.0,0.0,0.0,0.0,0.0,0.00,acorn:9|rre:3
beir500k-f32,neg10_cat00,neg10,63950,acorn,128,2,12,1.0000,1.0000,0.00000,2.416,3.053,3.130,2.052,2642.0,10.0,13388.2,130.3,4.0,4.0,0.0,0.0,0.0,0.0,0.00,acorn:9|rre:3
beir500k-f32,neg10_cat00,neg10,63950,acorn,128,3,12,1.0000,1.0000,0.00000,2.412,3.067,3.177,2.084,2642.0,10.0,13388.2,130.3,4.0,4.0,0.0,0.0,0.0,0.0,0.00,acorn:9|rre:3
beir500k-f32,neg10_cat00,neg10,63950,acorn,256,1,12,1.0000,1.0000,0.00000,3.847,5.002,5.571,3.458,4294.2,10.0,21107.5,258.0,6.0,6.0,0.0,0.0,0.0,0.0,0.00,acorn:9|rre:3
beir500k-f32,neg10_cat00,neg10,63950,acorn,256,2,12,1.0000,1.0000,0.00000,3.910,5.077,5.424,3.429,4294.2,10.0,21107.5,258.0,6.0,6.0,0.0,0.0,0.0,0.0,0.00,acorn:9|rre:3
beir500k-f32,neg10_cat00,neg10,63950,acorn,256,3,12,1.0000,1.0000,0.00000,3.810,5.061,5.409,3.419,4294.2,10.0,21107.5,258.0,6.0,6.0,0.0,0.0,0.0,0.0,0.00,acorn:9|rre:3
beir500k-f32,neg10_cat00,neg10,63950,acorn,512,1,12,1.0000,1.0000,0.00000,6.408,8.354,9.027,5.659,6791.0,10.0,32343.7,513.8,18.0,16.0,0.0,0.0,0.0,0.0,0.00,acorn:9|rre:3
beir500k-f32,neg10_cat00,neg10,63950,acorn,512,2,12,1.0000,1.0000,0.00000,6.363,8.273,9.136,5.731,6791.0,10.0,32343.7,513.8,18.0,16.0,0.0,0.0,0.0,0.0,0.00,acorn:9|rre:3
beir500k-f32,neg10_cat00,neg10,63950,acorn,512,3,12,1.0000,1.0000,0.00000,6.219,8.396,9.162,5.748,6791.0,10.0,32343.7,513.8,18.0,16.0,0.0,0.0,0.0,0.0,0.00,acorn:9|rre:3
beir500k-f32,neg10_cat01,neg10,61585,sweeping,64,1,22,0.9909,0.9091,0.00018,26.823,42.313,43.974,26.631,41855.1,0.0,11371.5,7506.0,3.0,447.0,0.0,0.0,0.0,0.0,0.00,sweeping:22
beir500k-f32,neg10_cat01,neg10,61585,sweeping,64,2,22,0.9909,0.9091,0.00018,27.169,42.686,43.776,26.945,41855.1,0.0,11371.5,7506.0,3.0,447.0,0.0,0.0,0.0,0.0,0.00,sweeping:22
beir500k-f32,neg10_cat01,neg10,61585,sweeping,64,3,22,0.9909,0.9091,0.00018,26.982,42.491,43.600,26.509,41855.1,0.0,11371.5,7506.0,3.0,447.0,0.0,0.0,0.0,0.0,0.00,sweeping:22
beir500k-f32,neg10_cat01,neg10,61585,sweeping,128,1,22,0.9955,0.9545,0.00006,34.694,56.448,58.943,36.858,56992.1,0.0,16068.5,10651.4,6.0,801.0,0.0,0.0,0.0,0.0,0.00,sweeping:22
beir500k-f32,neg10_cat01,neg10,61585,sweeping,128,2,22,0.9955,0.9545,0.00006,34.524,56.302,58.891,36.626,56992.1,0.0,16068.5,10651.4,6.0,801.0,0.0,0.0,0.0,0.0,0.00,sweeping:22
beir500k-f32,neg10_cat01,neg10,61585,sweeping,128,3,22,0.9955,0.9545,0.00006,34.548,56.534,58.849,36.826,56992.1,0.0,16068.5,10651.4,6.0,801.0,0.0,0.0,0.0,0.0,0.00,sweeping:22
beir500k-f32,neg10_cat01,neg10,61585,sweeping,256,1,22,0.9955,0.9545,0.00006,47.562,75.858,81.171,50.348,76841.0,0.0,22694.6,14795.4,11.0,1417.0,0.0,0.0,0.0,0.0,0.00,sweeping:22
beir500k-f32,neg10_cat01,neg10,61585,sweeping,256,2,22,0.9955,0.9545,0.00006,46.465,76.523,80.806,50.169,76841.0,0.0,22694.6,14795.4,11.0,1417.0,0.0,0.0,0.0,0.0,0.00,sweeping:22
beir500k-f32,neg10_cat01,neg10,61585,sweeping,256,3,22,0.9955,0.9545,0.00006,46.253,75.798,81.372,50.216,76841.0,0.0,22694.6,14795.4,11.0,1417.0,0.0,0.0,0.0,0.0,0.00,sweeping:22
beir500k-f32,neg10_cat01,neg10,61585,sweeping,512,1,22,0.9955,0.9545,0.00006,67.930,101.727,115.873,70.097,105460.8,0.0,32762.0,20983.4,24.0,2664.0,0.0,0.0,0.0,0.0,0.00,sweeping:22
beir500k-f32,neg10_cat01,neg10,61585,sweeping,512,2,22,0.9955,0.9545,0.00006,66.751,101.093,115.197,69.644,105460.8,0.0,32762.0,20983.4,24.0,2664.0,0.0,0.0,0.0,0.0,0.00,sweeping:22
beir500k-f32,neg10_cat01,neg10,61585,sweeping,512,3,22,0.9955,0.9545,0.00006,67.490,100.826,116.951,69.530,105460.8,0.0,32762.0,20983.4,24.0,2664.0,0.0,0.0,0.0,0.0,0.00,sweeping:22
beir500k-f32,neg10_cat01,neg10,61585,pathseer,64,1,22,0.9818,0.8182,0.00026,6.196,11.369,13.234,6.779,6660.8,0.0,28950.5,3755.6,3.0,412.0,154.2,5.0,19326.2,2.4,0.00,pathseer:22
beir500k-f32,neg10_cat01,neg10,61585,pathseer,64,2,22,0.9818,0.8182,0.00026,6.292,11.270,13.207,6.761,6660.8,0.0,28950.5,3755.6,3.0,412.0,154.2,5.0,19326.2,2.4,0.00,pathseer:22
beir500k-f32,neg10_cat01,neg10,61585,pathseer,64,3,22,0.9818,0.8182,0.00026,6.259,11.077,13.494,6.835,6660.8,0.0,28950.5,3755.6,3.0,412.0,154.2,5.0,19326.2,2.4,0.00,pathseer:22
beir500k-f32,neg10_cat01,neg10,61585,pathseer,128,1,22,0.9909,0.9091,0.00007,11.476,17.998,18.190,11.217,10910.5,0.0,41292.9,6004.2,5.0,788.0,285.1,8.2,25806.3,4.5,0.00,pathseer:22
beir500k-f32,neg10_cat01,neg10,61585,pathseer,128,2,22,0.9909,0.9091,0.00007,11.355,17.848,18.268,11.170,10910.5,0.0,41292.9,6004.2,5.0,788.0,285.1,8.2,25806.3,4.5,0.00,pathseer:22
beir500k-f32,neg10_cat01,neg10,61585,pathseer,128,3,22,0.9909,0.9091,0.00007,11.228,18.150,20.103,11.418,10910.5,0.0,41292.9,6004.2,5.0,788.0,285.1,8.2,25806.3,4.5,0.00,pathseer:22
beir500k-f32,neg10_cat01,neg10,61585,pathseer,256,1,22,0.9955,0.9545,0.00006,17.729,26.917,27.086,17.927,17522.2,0.0,58545.2,9296.3,11.0,1396.0,628.4,16.5,34154.9,9.8,0.00,pathseer:22
beir500k-f32,neg10_cat01,neg10,61585,pathseer,256,2,22,0.9955,0.9545,0.00006,17.621,26.939,27.077,17.864,17522.2,0.0,58545.2,9296.3,11.0,1396.0,628.4,16.5,34154.9,9.8,0.00,pathseer:22
beir500k-f32,neg10_cat01,neg10,61585,pathseer,256,3,22,0.9955,0.9545,0.00006,17.512,26.812,27.079,17.881,17522.2,0.0,58545.2,9296.3,11.0,1396.0,628.4,16.5,34154.9,9.8,0.00,pathseer:22
beir500k-f32,neg10_cat01,neg10,61585,pathseer,512,1,22,0.9955,0.9545,0.00006,29.937,37.502,38.102,27.236,26958.7,0.0,82062.7,13725.2,23.0,2530.0,1477.8,37.0,45324.1,23.1,0.00,pathseer:22
beir500k-f32,neg10_cat01,neg10,61585,pathseer,512,2,22,0.9955,0.9545,0.00006,29.845,36.742,38.208,27.147,26958.7,0.0,82062.7,13725.2,23.0,2530.0,1477.8,37.0,45324.1,23.1,0.00,pathseer:22
beir500k-f32,neg10_cat01,neg10,61585,pathseer,512,3,22,0.9955,0.9545,0.00006,31.023,36.862,38.074,27.518,26958.7,0.0,82062.7,13725.2,23.0,2530.0,1477.8,37.0,45324.1,23.1,0.00,pathseer:22
beir500k-f32,neg10_cat01,neg10,61585,ours-no-twohop,64,1,22,0.9818,0.8182,0.00026,7.430,11.458,13.632,7.110,6871.3,0.0,29359.2,3860.6,3.0,447.0,0.0,0.0,19563.5,0.0,0.00,pathseer:22
beir500k-f32,neg10_cat01,neg10,61585,ours-no-twohop,64,2,22,0.9818,0.8182,0.00026,7.411,11.648,13.745,7.041,6871.3,0.0,29359.2,3860.6,3.0,447.0,0.0,0.0,19563.5,0.0,0.00,pathseer:22
beir500k-f32,neg10_cat01,neg10,61585,ours-no-twohop,64,3,22,0.9818,0.8182,0.00026,7.653,11.523,13.427,7.078,6871.3,0.0,29359.2,3860.6,3.0,447.0,0.0,0.0,19563.5,0.0,0.00,pathseer:22
beir500k-f32,neg10_cat01,neg10,61585,ours-no-twohop,128,1,22,0.9909,0.9091,0.00007,11.814,18.066,19.063,11.454,11147.1,0.0,41607.6,6122.5,6.0,801.0,0.0,0.0,26030.8,0.0,0.00,pathseer:22
beir500k-f32,neg10_cat01,neg10,61585,ours-no-twohop,128,2,22,0.9909,0.9091,0.00007,11.918,17.906,19.161,11.464,11147.1,0.0,41607.6,6122.5,6.0,801.0,0.0,0.0,26030.8,0.0,0.00,pathseer:22
beir500k-f32,neg10_cat01,neg10,61585,ours-no-twohop,128,3,22,0.9909,0.9091,0.00007,11.682,18.123,19.012,11.411,11147.1,0.0,41607.6,6122.5,6.0,801.0,0.0,0.0,26030.8,0.0,0.00,pathseer:22
beir500k-f32,neg10_cat01,neg10,61585,ours-no-twohop,256,1,22,0.9955,0.9545,0.00006,17.833,26.885,29.072,18.454,17796.8,0.0,58553.3,9417.1,11.0,1417.0,0.0,0.0,34348.3,0.0,0.00,pathseer:22
beir500k-f32,neg10_cat01,neg10,61585,ours-no-twohop,256,2,22,0.9955,0.9545,0.00006,17.873,27.035,27.230,18.078,17796.8,0.0,58553.3,9417.1,11.0,1417.0,0.0,0.0,34348.3,0.0,0.00,pathseer:22
beir500k-f32,neg10_cat01,neg10,61585,ours-no-twohop,256,3,22,0.9955,0.9545,0.00006,18.028,27.049,27.207,18.074,17796.8,0.0,58553.3,9417.1,11.0,1417.0,0.0,0.0,34348.3,0.0,0.00,pathseer:22
beir500k-f32,neg10_cat01,neg10,61585,ours-no-twohop,512,1,22,0.9955,0.9545,0.00006,31.126,36.886,37.992,27.633,27345.7,0.0,81512.5,13888.5,24.0,2664.0,0.0,0.0,45548.7,0.0,0.00,pathseer:22
beir500k-f32,neg10_cat01,neg10,61585,ours-no-twohop,512,2,22,0.9955,0.9545,0.00006,30.045,36.817,38.194,27.488,27345.7,0.0,81512.5,13888.5,24.0,2664.0,0.0,0.0,45548.7,0.0,0.00,pathseer:22
beir500k-f32,neg10_cat01,neg10,61585,ours-no-twohop,512,3,22,0.9955,0.9545,0.00006,29.963,36.713,38.156,27.423,27345.7,0.0,81512.5,13888.5,24.0,2664.0,0.0,0.0,45548.7,0.0,0.00,pathseer:22
beir500k-f32,neg10_cat01,neg10,61585,ours-guard,64,1,22,0.9818,0.8182,0.00026,7.137,10.797,13.173,6.636,6368.5,0.0,26276.7,3849.3,3.0,447.0,0.0,0.0,19816.3,0.0,0.00,pathseer:22
beir500k-f32,neg10_cat01,neg10,61585,ours-guard,64,2,22,0.9818,0.8182,0.00026,7.028,11.276,12.972,6.630,6368.5,0.0,26276.7,3849.3,3.0,447.0,0.0,0.0,19816.3,0.0,0.00,pathseer:22
beir500k-f32,neg10_cat01,neg10,61585,ours-guard,64,3,22,0.9818,0.8182,0.00026,7.154,11.007,13.156,6.703,6368.5,0.0,26276.7,3849.3,3.0,447.0,0.0,0.0,19816.3,0.0,0.00,pathseer:22
beir500k-f32,neg10_cat01,neg10,61585,ours-guard,128,1,22,0.9909,0.9091,0.00007,11.349,17.455,18.528,10.882,10283.3,0.0,36767.4,6084.3,6.0,801.0,0.0,0.0,26310.2,0.0,0.00,pathseer:22
beir500k-f32,neg10_cat01,neg10,61585,ours-guard,128,2,22,0.9909,0.9091,0.00007,11.258,17.747,18.421,10.855,10283.3,0.0,36767.4,6084.3,6.0,801.0,0.0,0.0,26310.2,0.0,0.00,pathseer:22
beir500k-f32,neg10_cat01,neg10,61585,ours-guard,128,3,22,0.9909,0.9091,0.00007,11.165,17.583,18.442,10.807,10283.3,0.0,36767.4,6084.3,6.0,801.0,0.0,0.0,26310.2,0.0,0.00,pathseer:22
beir500k-f32,neg10_cat01,neg10,61585,ours-guard,256,1,22,0.9955,0.9545,0.00006,17.102,26.211,26.325,17.230,16382.4,0.0,51605.6,9358.8,11.0,1417.0,0.0,0.0,34902.2,0.0,0.00,pathseer:22
beir500k-f32,neg10_cat01,neg10,61585,ours-guard,256,2,22,0.9955,0.9545,0.00006,17.134,26.093,28.429,17.610,16382.4,0.0,51605.6,9358.8,11.0,1417.0,0.0,0.0,34902.2,0.0,0.00,pathseer:22
beir500k-f32,neg10_cat01,neg10,61585,ours-guard,256,3,22,0.9955,0.9545,0.00006,17.100,25.977,26.233,17.279,16382.4,0.0,51605.6,9358.8,11.0,1417.0,0.0,0.0,34902.2,0.0,0.00,pathseer:22
beir500k-f32,neg10_cat01,neg10,61585,ours-guard,512,1,22,0.9955,0.9545,0.00006,28.638,35.966,36.507,26.259,25031.2,0.0,72032.3,13773.5,24.0,2664.0,0.0,0.0,46384.0,0.0,0.00,pathseer:22
beir500k-f32,neg10_cat01,neg10,61585,ours-guard,512,2,22,0.9955,0.9545,0.00006,29.587,36.761,36.811,26.555,25031.2,0.0,72032.3,13773.5,24.0,2664.0,0.0,0.0,46384.0,0.0,0.00,pathseer:22
beir500k-f32,neg10_cat01,neg10,61585,ours-guard,512,3,22,0.9955,0.9545,0.00006,28.693,35.835,36.591,26.121,25031.2,0.0,72032.3,13773.5,24.0,2664.0,0.0,0.0,46384.0,0.0,0.00,pathseer:22
beir500k-f32,neg10_cat01,neg10,61585,acorn,64,1,22,0.8409,0.2727,0.00545,1.959,2.632,2.959,2.054,2497.4,10.0,19096.3,68.3,3.0,3.0,0.0,0.0,0.0,0.0,0.00,acorn:22
beir500k-f32,neg10_cat01,neg10,61585,acorn,64,2,22,0.8409,0.2727,0.00545,2.064,2.663,2.971,2.080,2497.4,10.0,19096.3,68.3,3.0,3.0,0.0,0.0,0.0,0.0,0.00,acorn:22
beir500k-f32,neg10_cat01,neg10,61585,acorn,64,3,22,0.8409,0.2727,0.00545,2.028,2.597,3.058,2.077,2497.4,10.0,19096.3,68.3,3.0,3.0,0.0,0.0,0.0,0.0,0.00,acorn:22
beir500k-f32,neg10_cat01,neg10,61585,acorn,128,1,22,0.8955,0.3182,0.00275,3.362,4.137,4.338,3.405,4018.0,10.0,29758.4,131.8,4.0,4.0,0.0,0.0,0.0,0.0,0.00,acorn:22
beir500k-f32,neg10_cat01,neg10,61585,acorn,128,2,22,0.8955,0.3182,0.00275,3.449,4.033,4.206,3.363,4018.0,10.0,29758.4,131.8,4.0,4.0,0.0,0.0,0.0,0.0,0.00,acorn:22
beir500k-f32,neg10_cat01,neg10,61585,acorn,128,3,22,0.8955,0.3182,0.00275,3.344,3.990,4.297,3.366,4018.0,10.0,29758.4,131.8,4.0,4.0,0.0,0.0,0.0,0.0,0.00,acorn:22
beir500k-f32,neg10_cat01,neg10,61585,acorn,256,1,22,0.9409,0.5455,0.00199,5.474,6.533,7.323,5.570,6353.8,10.0,44970.7,258.9,6.0,6.0,0.0,0.0,0.0,0.0,0.00,acorn:22
beir500k-f32,neg10_cat01,neg10,61585,acorn,256,2,22,0.9409,0.5455,0.00199,5.677,6.341,6.587,5.602,6353.8,10.0,44970.7,258.9,6.0,6.0,0.0,0.0,0.0,0.0,0.00,acorn:22
beir500k-f32,neg10_cat01,neg10,61585,acorn,256,3,22,0.9409,0.5455,0.00199,5.603,6.445,6.669,5.597,6353.8,10.0,44970.7,258.9,6.0,6.0,0.0,0.0,0.0,0.0,0.00,acorn:22
beir500k-f32,neg10_cat01,neg10,61585,acorn,512,1,22,0.9545,0.5455,0.00180,8.957,11.184,11.409,9.287,9915.4,10.0,66614.8,515.0,13.0,12.0,0.0,0.0,0.0,0.0,0.00,acorn:22
beir500k-f32,neg10_cat01,neg10,61585,acorn,512,2,22,0.9545,0.5455,0.00180,9.186,10.657,10.770,9.069,9915.4,10.0,66614.8,515.0,13.0,12.0,0.0,0.0,0.0,0.0,0.00,acorn:22
beir500k-f32,neg10_cat01,neg10,61585,acorn,512,3,22,0.9545,0.5455,0.00180,9.008,10.677,10.812,9.047,9915.4,10.0,66614.8,515.0,13.0,12.0,0.0,0.0,0.0,0.0,0.00,acorn:22
beir500k-f32,neg10_cat02,neg10,55947,sweeping,64,1,60,0.9733,0.7667,0.00033,22.176,50.835,55.179,25.541,42124.6,0.0,11113.9,6449.4,3.0,143.0,0.0,0.0,0.0,0.0,0.00,sweeping:60
beir500k-f32,neg10_cat02,neg10,55947,sweeping,64,2,60,0.9733,0.7667,0.00033,23.267,51.010,55.713,25.844,42124.6,0.0,11113.9,6449.4,3.0,143.0,0.0,0.0,0.0,0.0,0.00,sweeping:60
beir500k-f32,neg10_cat02,neg10,55947,sweeping,64,3,60,0.9733,0.7667,0.00033,23.016,50.770,55.176,25.519,42124.6,0.0,11113.9,6449.4,3.0,143.0,0.0,0.0,0.0,0.0,0.00,sweeping:60
beir500k-f32,neg10_cat02,neg10,55947,sweeping,128,1,60,0.9867,0.8833,0.00019,31.632,66.092,71.603,34.132,54771.0,0.0,15344.8,9067.3,5.0,303.0,0.0,0.0,0.0,0.0,0.00,sweeping:60
beir500k-f32,neg10_cat02,neg10,55947,sweeping,128,2,60,0.9867,0.8833,0.00019,31.355,65.887,71.055,33.987,54771.0,0.0,15344.8,9067.3,5.0,303.0,0.0,0.0,0.0,0.0,0.00,sweeping:60
beir500k-f32,neg10_cat02,neg10,55947,sweeping,128,3,60,0.9867,0.8833,0.00019,32.740,67.616,71.384,34.623,54771.0,0.0,15344.8,9067.3,5.0,303.0,0.0,0.0,0.0,0.0,0.00,sweeping:60
beir500k-f32,neg10_cat02,neg10,55947,sweeping,256,1,60,0.9917,0.9167,0.00014,44.535,84.412,91.153,46.336,72450.0,0.0,21209.9,12782.1,9.0,557.0,0.0,0.0,0.0,0.0,0.00,sweeping:60
beir500k-f32,neg10_cat02,neg10,55947,sweeping,256,2,60,0.9917,0.9167,0.00014,44.977,84.297,90.344,46.262,72450.0,0.0,21209.9,12782.1,9.0,557.0,0.0,0.0,0.0,0.0,0.00,sweeping:60
beir500k-f32,neg10_cat02,neg10,55947,sweeping,256,3,60,0.9917,0.9167,0.00014,44.744,83.570,92.928,46.148,72450.0,0.0,21209.9,12782.1,9.0,557.0,0.0,0.0,0.0,0.0,0.00,sweeping:60
beir500k-f32,neg10_cat02,neg10,55947,sweeping,512,1,60,0.9967,0.9667,0.00003,60.558,110.703,118.587,63.205,97535.6,0.0,29532.7,18135.8,17.0,1090.0,0.0,0.0,0.0,0.0,0.00,sweeping:60
beir500k-f32,neg10_cat02,neg10,55947,sweeping,512,2,60,0.9967,0.9667,0.00003,60.867,110.306,117.942,63.224,97535.6,0.0,29532.7,18135.8,17.0,1090.0,0.0,0.0,0.0,0.0,0.00,sweeping:60
beir500k-f32,neg10_cat02,neg10,55947,sweeping,512,3,60,0.9967,0.9667,0.00003,61.000,110.186,116.773,63.208,97535.6,0.0,29532.7,18135.8,17.0,1090.0,0.0,0.0,0.0,0.0,0.00,sweeping:60
beir500k-f32,neg10_cat02,neg10,55947,pathseer,64,1,60,0.9483,0.6000,0.00083,4.493,13.248,14.628,5.768,6068.7,0.0,26882.2,2791.3,3.0,135.0,139.7,5.4,19034.5,2.2,0.00,pathseer:60
beir500k-f32,neg10_cat02,neg10,55947,pathseer,64,2,60,0.9483,0.6000,0.00083,4.509,13.482,15.095,5.818,6068.7,0.0,26882.2,2791.3,3.0,135.0,139.7,5.4,19034.5,2.2,0.00,pathseer:60
beir500k-f32,neg10_cat02,neg10,55947,pathseer,64,3,60,0.9483,0.6000,0.00083,4.480,13.495,14.587,5.786,6068.7,0.0,26882.2,2791.3,3.0,135.0,139.7,5.4,19034.5,2.2,0.00,pathseer:60
beir500k-f32,neg10_cat02,neg10,55947,pathseer,128,1,60,0.9800,0.8167,0.00024,8.530,19.344,21.278,9.610,9994.3,0.0,37164.6,4538.9,5.0,285.0,251.7,10.0,24501.4,3.9,0.00,pathseer:60
beir500k-f32,neg10_cat02,neg10,55947,pathseer,128,2,60,0.9800,0.8167,0.00024,8.544,19.181,21.116,9.503,9994.3,0.0,37164.6,4538.9,5.0,285.0,251.7,10.0,24501.4,3.9,0.00,pathseer:60
beir500k-f32,neg10_cat02,neg10,55947,pathseer,128,3,60,0.9800,0.8167,0.00024,8.570,19.146,21.187,9.495,9994.3,0.0,37164.6,4538.9,5.0,285.0,251.7,10.0,24501.4,3.9,0.00,pathseer:60
beir500k-f32,neg10_cat02,neg10,55947,pathseer,256,1,60,0.9900,0.9000,0.00016,14.237,27.239,30.544,15.861,16123.6,0.0,51197.1,7331.2,8.0,513.0,486.4,21.1,31032.8,7.6,0.00,pathseer:60
beir500k-f32,neg10_cat02,neg10,55947,pathseer,256,2,60,0.9900,0.9000,0.00016,14.176,27.321,30.388,15.678,16123.6,0.0,51197.1,7331.2,8.0,513.0,486.4,21.1,31032.8,7.6,0.00,pathseer:60
beir500k-f32,neg10_cat02,neg10,55947,pathseer,256,3,60,0.9900,0.9000,0.00016,13.993,27.498,30.363,15.551,16123.6,0.0,51197.1,7331.2,8.0,513.0,486.4,21.1,31032.8,7.6,0.00,pathseer:60
beir500k-f32,neg10_cat02,neg10,55947,pathseer,512,1,60,0.9950,0.9500,0.00005,22.463,39.647,42.646,24.258,25455.1,0.0,71011.8,11446.0,16.0,1032.0,987.7,41.8,39776.8,15.4,0.00,pathseer:60
beir500k-f32,neg10_cat02,neg10,55947,pathseer,512,2,60,0.9950,0.9500,0.00005,22.815,39.792,42.261,24.345,25455.1,0.0,71011.8,11446.0,16.0,1032.0,987.7,41.8,39776.8,15.4,0.00,pathseer:60
beir500k-f32,neg10_cat02,neg10,55947,pathseer,512,3,60,0.9950,0.9500,0.00005,22.662,39.835,42.290,24.338,25455.1,0.0,71011.8,11446.0,16.0,1032.0,987.7,41.8,39776.8,15.4,0.00,pathseer:60
beir500k-f32,neg10_cat02,neg10,55947,ours-no-twohop,64,1,60,0.9517,0.6167,0.00075,4.632,13.678,15.527,6.489,6357.5,0.0,27527.6,2924.3,3.0,143.0,0.0,0.0,19387.6,0.0,0.00,pathseer:60
beir500k-f32,neg10_cat02,neg10,55947,ours-no-twohop,64,2,60,0.9517,0.6167,0.00075,4.659,13.745,15.207,6.068,6357.5,0.0,27527.6,2924.3,3.0,143.0,0.0,0.0,19387.6,0.0,0.00,pathseer:60
beir500k-f32,neg10_cat02,neg10,55947,ours-no-twohop,64,3,60,0.9517,0.6167,0.00075,4.841,13.719,14.922,6.181,6357.5,0.0,27527.6,2924.3,3.0,143.0,0.0,0.0,19387.6,0.0,0.00,pathseer:60
beir500k-f32,neg10_cat02,neg10,55947,ours-no-twohop,128,1,60,0.9783,0.8000,0.00024,8.680,19.780,21.290,9.817,10317.8,0.0,37715.0,4700.9,5.0,303.0,0.0,0.0,24803.7,0.0,0.00,pathseer:60
beir500k-f32,neg10_cat02,neg10,55947,ours-no-twohop,128,2,60,0.9783,0.8000,0.00024,8.656,19.796,21.109,9.800,10317.8,0.0,37715.0,4700.9,5.0,303.0,0.0,0.0,24803.7,0.0,0.00,pathseer:60
beir500k-f32,neg10_cat02,neg10,55947,ours-no-twohop,128,3,60,0.9783,0.8000,0.00024,8.665,19.798,21.228,9.874,10317.8,0.0,37715.0,4700.9,5.0,303.0,0.0,0.0,24803.7,0.0,0.00,pathseer:60
beir500k-f32,neg10_cat02,neg10,55947,ours-no-twohop,256,1,60,0.9900,0.9000,0.00016,14.329,27.313,30.298,15.942,16611.9,0.0,51767.1,7558.6,9.0,557.0,0.0,0.0,31341.8,0.0,0.00,pathseer:60
beir500k-f32,neg10_cat02,neg10,55947,ours-no-twohop,256,2,60,0.9900,0.9000,0.00016,14.258,27.248,30.639,15.840,16611.9,0.0,51767.1,7558.6,9.0,557.0,0.0,0.0,31341.8,0.0,0.00,pathseer:60
beir500k-f32,neg10_cat02,neg10,55947,ours-no-twohop,256,3,60,0.9900,0.9000,0.00016,14.361,27.407,30.252,15.960,16611.9,0.0,51767.1,7558.6,9.0,557.0,0.0,0.0,31341.8,0.0,0.00,pathseer:60
beir500k-f32,neg10_cat02,neg10,55947,ours-no-twohop,512,1,60,0.9950,0.9500,0.00005,22.947,40.233,44.016,24.844,26097.9,0.0,71304.0,11723.9,17.0,1090.0,0.0,0.0,40056.9,0.0,0.00,pathseer:60
beir500k-f32,neg10_cat02,neg10,55947,ours-no-twohop,512,2,60,0.9950,0.9500,0.00005,22.997,39.887,43.987,24.812,26097.9,0.0,71304.0,11723.9,17.0,1090.0,0.0,0.0,40056.9,0.0,0.00,pathseer:60
beir500k-f32,neg10_cat02,neg10,55947,ours-no-twohop,512,3,60,0.9950,0.9500,0.00005,23.139,39.656,44.147,24.810,26097.9,0.0,71304.0,11723.9,17.0,1090.0,0.0,0.0,40056.9,0.0,0.00,pathseer:60
beir500k-f32,neg10_cat02,neg10,55947,ours-guard,64,1,60,0.9450,0.5833,0.00095,4.713,13.453,15.725,6.019,5988.9,0.0,25548.7,2908.0,3.0,143.0,0.0,0.0,19441.5,0.0,0.00,pathseer:60
beir500k-f32,neg10_cat02,neg10,55947,ours-guard,64,2,60,0.9450,0.5833,0.00095,4.711,13.463,14.942,5.982,5988.9,0.0,25548.7,2908.0,3.0,143.0,0.0,0.0,19441.5,0.0,0.00,pathseer:60
beir500k-f32,neg10_cat02,neg10,55947,ours-guard,64,3,60,0.9450,0.5833,0.00095,4.491,13.577,14.748,5.891,5988.9,0.0,25548.7,2908.0,3.0,143.0,0.0,0.0,19441.5,0.0,0.00,pathseer:60
beir500k-f32,neg10_cat02,neg10,55947,ours-guard,128,1,60,0.9783,0.8000,0.00025,8.371,19.262,20.823,9.489,9720.0,0.0,34891.9,4674.8,5.0,303.0,0.0,0.0,24953.7,0.0,0.00,pathseer:60
beir500k-f32,neg10_cat02,neg10,55947,ours-guard,128,2,60,0.9783,0.8000,0.00025,8.310,19.133,20.987,9.426,9720.0,0.0,34891.9,4674.8,5.0,303.0,0.0,0.0,24953.7,0.0,0.00,pathseer:60
beir500k-f32,neg10_cat02,neg10,55947,ours-guard,128,3,60,0.9783,0.8000,0.00025,8.330,19.334,20.876,9.423,9720.0,0.0,34891.9,4674.8,5.0,303.0,0.0,0.0,24953.7,0.0,0.00,pathseer:60
beir500k-f32,neg10_cat02,neg10,55947,ours-guard,256,1,60,0.9900,0.9000,0.00016,13.839,26.678,29.739,15.328,15659.7,0.0,47675.4,7514.5,9.0,557.0,0.0,0.0,31616.6,0.0,0.00,pathseer:60
beir500k-f32,neg10_cat02,neg10,55947,ours-guard,256,2,60,0.9900,0.9000,0.00016,13.892,26.547,29.804,15.374,15659.7,0.0,47675.4,7514.5,9.0,557.0,0.0,0.0,31616.6,0.0,0.00,pathseer:60
beir500k-f32,neg10_cat02,neg10,55947,ours-guard,256,3,60,0.9900,0.9000,0.00016,13.985,26.668,29.729,15.302,15659.7,0.0,47675.4,7514.5,9.0,557.0,0.0,0.0,31616.6,0.0,0.00,pathseer:60
beir500k-f32,neg10_cat02,neg10,55947,ours-guard,512,1,60,0.9950,0.9500,0.00005,22.126,39.275,42.952,24.106,24581.8,0.0,65790.4,11646.5,17.0,1090.0,0.0,0.0,40487.4,0.0,0.00,pathseer:60
beir500k-f32,neg10_cat02,neg10,55947,ours-guard,512,2,60,0.9950,0.9500,0.00005,22.278,39.317,42.942,24.189,24581.8,0.0,65790.4,11646.5,17.0,1090.0,0.0,0.0,40487.4,0.0,0.00,pathseer:60
beir500k-f32,neg10_cat02,neg10,55947,ours-guard,512,3,60,0.9950,0.9500,0.00005,22.354,38.577,42.882,24.014,24581.8,0.0,65790.4,11646.5,17.0,1090.0,0.0,0.0,40487.4,0.0,0.00,pathseer:60
beir500k-f32,neg10_cat02,neg10,55947,acorn,64,1,60,0.9117,0.4500,0.00162,1.741,2.078,2.171,1.753,2342.9,10.0,15409.5,67.2,3.0,3.0,0.0,0.0,0.0,0.0,0.00,acorn:60
beir500k-f32,neg10_cat02,neg10,55947,acorn,64,2,60,0.9117,0.4500,0.00162,1.777,2.055,2.177,1.751,2342.9,10.0,15409.5,67.2,3.0,3.0,0.0,0.0,0.0,0.0,0.00,acorn:60
beir500k-f32,neg10_cat02,neg10,55947,acorn,64,3,60,0.9117,0.4500,0.00162,1.773,2.065,2.195,1.768,2342.9,10.0,15409.5,67.2,3.0,3.0,0.0,0.0,0.0,0.0,0.00,acorn:60
beir500k-f32,neg10_cat02,neg10,55947,acorn,128,1,60,0.9550,0.6500,0.00080,2.928,3.429,3.487,2.959,3933.9,10.0,24000.8,130.7,4.0,4.0,0.0,0.0,0.0,0.0,0.00,acorn:60
beir500k-f32,neg10_cat02,neg10,55947,acorn,128,2,60,0.9550,0.6500,0.00080,2.950,3.438,3.521,2.956,3933.9,10.0,24000.8,130.7,4.0,4.0,0.0,0.0,0.0,0.0,0.00,acorn:60
beir500k-f32,neg10_cat02,neg10,55947,acorn,128,3,60,0.9550,0.6500,0.00080,2.981,3.493,3.934,3.021,3933.9,10.0,24000.8,130.7,4.0,4.0,0.0,0.0,0.0,0.0,0.00,acorn:60
beir500k-f32,neg10_cat02,neg10,55947,acorn,256,1,60,0.9717,0.8167,0.00046,4.973,5.817,5.968,4.994,6437.4,10.0,36191.6,258.2,7.0,6.0,0.0,0.0,0.0,0.0,0.00,acorn:60
beir500k-f32,neg10_cat02,neg10,55947,acorn,256,2,60,0.9717,0.8167,0.00046,4.911,5.666,5.734,4.946,6437.4,10.0,36191.6,258.2,7.0,6.0,0.0,0.0,0.0,0.0,0.00,acorn:60
beir500k-f32,neg10_cat02,neg10,55947,acorn,256,3,60,0.9717,0.8167,0.00046,4.941,5.573,5.732,4.916,6437.4,10.0,36191.6,258.2,7.0,6.0,0.0,0.0,0.0,0.0,0.00,acorn:60
beir500k-f32,neg10_cat02,neg10,55947,acorn,512,1,60,0.9817,0.8667,0.00018,8.408,9.655,9.840,8.417,10476.3,10.0,54206.7,514.3,12.0,12.0,0.0,0.0,0.0,0.0,0.00,acorn:60
beir500k-f32,neg10_cat02,neg10,55947,acorn,512,2,60,0.9817,0.8667,0.00018,8.346,9.370,9.568,8.340,10476.3,10.0,54206.7,514.3,12.0,12.0,0.0,0.0,0.0,0.0,0.00,acorn:60
beir500k-f32,neg10_cat02,neg10,55947,acorn,512,3,60,0.9817,0.8667,0.00018,8.339,9.274,9.507,8.342,10476.3,10.0,54206.7,514.3,12.0,12.0,0.0,0.0,0.0,0.0,0.00,acorn:60
beir500k-f32,neg10_cat03,neg10,66486,sweeping,64,1,55,0.8527,0.3091,0.00256,20.915,41.428,46.916,22.663,39435.4,0.0,12761.8,4669.9,3.0,292.0,0.0,0.0,0.0,0.0,0.00,sweeping:55
beir500k-f32,neg10_cat03,neg10,66486,sweeping,64,2,55,0.8527,0.3091,0.00256,20.989,41.709,48.397,22.884,39435.4,0.0,12761.8,4669.9,3.0,292.0,0.0,0.0,0.0,0.0,0.00,sweeping:55
beir500k-f32,neg10_cat03,neg10,66486,sweeping,64,3,55,0.8527,0.3091,0.00256,21.652,41.686,46.655,22.813,39435.4,0.0,12761.8,4669.9,3.0,292.0,0.0,0.0,0.0,0.0,0.00,sweeping:55
beir500k-f32,neg10_cat03,neg10,66486,sweeping,128,1,55,0.9091,0.4909,0.00155,25.652,52.887,59.377,29.116,49748.3,0.0,17084.1,6175.1,5.0,510.0,0.0,0.0,0.0,0.0,0.00,sweeping:55
beir500k-f32,neg10_cat03,neg10,66486,sweeping,128,2,55,0.9091,0.4909,0.00155,25.609,53.053,59.373,29.145,49748.3,0.0,17084.1,6175.1,5.0,510.0,0.0,0.0,0.0,0.0,0.00,sweeping:55
beir500k-f32,neg10_cat03,neg10,66486,sweeping,128,3,55,0.9091,0.4909,0.00155,25.517,53.209,59.599,29.130,49748.3,0.0,17084.1,6175.1,5.0,510.0,0.0,0.0,0.0,0.0,0.00,sweeping:55
beir500k-f32,neg10_cat03,neg10,66486,sweeping,256,1,55,0.9564,0.7273,0.00060,34.087,64.628,73.491,38.042,63657.1,0.0,22697.9,8293.5,10.0,858.0,0.0,0.0,0.0,0.0,0.00,sweeping:55
beir500k-f32,neg10_cat03,neg10,66486,sweeping,256,2,55,0.9564,0.7273,0.00060,34.299,64.948,72.896,37.815,63657.1,0.0,22697.9,8293.5,10.0,858.0,0.0,0.0,0.0,0.0,0.00,sweeping:55
beir500k-f32,neg10_cat03,neg10,66486,sweeping,256,3,55,0.9564,0.7273,0.00060,33.885,64.626,72.550,37.739,63657.1,0.0,22697.9,8293.5,10.0,858.0,0.0,0.0,0.0,0.0,0.00,sweeping:55
beir500k-f32,neg10_cat03,neg10,66486,sweeping,512,1,55,0.9873,0.9273,0.00017,45.435,86.215,95.593,50.934,83392.9,0.0,30216.9,11511.1,20.0,1626.0,0.0,0.0,0.0,0.0,0.00,sweeping:55
beir500k-f32,neg10_cat03,neg10,66486,sweeping,512,2,55,0.9873,0.9273,0.00017,45.359,85.903,91.228,50.406,83392.9,0.0,30216.9,11511.1,20.0,1626.0,0.0,0.0,0.0,0.0,0.00,sweeping:55
beir500k-f32,neg10_cat03,neg10,66486,sweeping,512,3,55,0.9873,0.9273,0.00017,44.907,86.060,91.487,50.360,83392.9,0.0,30216.9,11511.1,20.0,1626.0,0.0,0.0,0.0,0.0,0.00,sweeping:55
beir500k-f32,neg10_cat03,neg10,66486,pathseer,64,1,55,0.8145,0.2909,0.00344,5.865,14.855,17.273,6.989,8004.8,0.0,27477.9,2866.6,3.0,268.0,145.5,3.9,17688.1,2.3,0.00,pathseer:55
beir500k-f32,neg10_cat03,neg10,66486,pathseer,64,2,55,0.8145,0.2909,0.00344,5.780,14.592,17.383,7.049,8004.8,0.0,27477.9,2866.6,3.0,268.0,145.5,3.9,17688.1,2.3,0.00,pathseer:55
beir500k-f32,neg10_cat03,neg10,66486,pathseer,64,3,55,0.8145,0.2909,0.00344,5.758,14.915,17.269,6.950,8004.8,0.0,27477.9,2866.6,3.0,268.0,145.5,3.9,17688.1,2.3,0.00,pathseer:55
beir500k-f32,neg10_cat03,neg10,66486,pathseer,128,1,55,0.8855,0.4727,0.00170,9.340,20.907,23.165,10.653,12713.9,0.0,36479.5,4150.4,5.0,500.0,254.8,9.0,21572.4,4.0,0.00,pathseer:55
beir500k-f32,neg10_cat03,neg10,66486,pathseer,128,2,55,0.8855,0.4727,0.00170,9.549,21.054,23.046,10.827,12713.9,0.0,36479.5,4150.4,5.0,500.0,254.8,9.0,21572.4,4.0,0.00,pathseer:55
beir500k-f32,neg10_cat03,neg10,66486,pathseer,128,3,55,0.8855,0.4727,0.00170,9.598,20.975,23.372,10.688,12713.9,0.0,36479.5,4150.4,5.0,500.0,254.8,9.0,21572.4,4.0,0.00,pathseer:55
beir500k-f32,neg10_cat03,neg10,66486,pathseer,256,1,55,0.9509,0.6727,0.00069,13.415,29.420,31.632,15.906,19378.2,0.0,48491.7,5906.5,9.0,822.0,521.3,20.7,26620.3,8.1,0.00,pathseer:55
beir500k-f32,neg10_cat03,neg10,66486,pathseer,256,2,55,0.9509,0.6727,0.00069,13.578,29.153,31.883,15.784,19378.2,0.0,48491.7,5906.5,9.0,822.0,521.3,20.7,26620.3,8.1,0.00,pathseer:55
beir500k-f32,neg10_cat03,neg10,66486,pathseer,256,3,55,0.9509,0.6727,0.00069,13.429,29.252,31.450,15.875,19378.2,0.0,48491.7,5906.5,9.0,822.0,521.3,20.7,26620.3,8.1,0.00,pathseer:55
beir500k-f32,neg10_cat03,neg10,66486,pathseer,512,1,55,0.9836,0.8909,0.00018,22.400,39.828,42.387,23.336,28838.4,0.0,65367.6,8536.7,18.0,1494.0,1132.2,38.1,33695.5,17.7,0.00,pathseer:55
beir500k-f32,neg10_cat03,neg10,66486,pathseer,512,2,55,0.9836,0.8909,0.00018,22.282,39.896,41.890,23.295,28838.4,0.0,65367.6,8536.7,18.0,1494.0,1132.2,38.1,33695.5,17.7,0.00,pathseer:55
beir500k-f32,neg10_cat03,neg10,66486,pathseer,512,3,55,0.9836,0.8909,0.00018,22.639,40.329,41.306,23.390,28838.4,0.0,65367.6,8536.7,18.0,1494.0,1132.2,38.1,33695.5,17.7,0.00,pathseer:55
beir500k-f32,neg10_cat03,neg10,66486,ours-no-twohop,64,1,55,0.8145,0.2909,0.00344,6.171,15.133,17.374,7.254,8196.8,0.0,27644.4,2909.5,3.0,292.0,0.0,0.0,17759.1,0.0,0.00,pathseer:55
beir500k-f32,neg10_cat03,neg10,66486,ours-no-twohop,64,2,55,0.8145,0.2909,0.00344,5.985,15.665,17.518,7.224,8196.8,0.0,27644.4,2909.5,3.0,292.0,0.0,0.0,17759.1,0.0,0.00,pathseer:55
beir500k-f32,neg10_cat03,neg10,66486,ours-no-twohop,64,3,55,0.8145,0.2909,0.00344,6.043,15.453,17.210,7.098,8196.8,0.0,27644.4,2909.5,3.0,292.0,0.0,0.0,17759.1,0.0,0.00,pathseer:55
beir500k-f32,neg10_cat03,neg10,66486,ours-no-twohop,128,1,55,0.8855,0.4727,0.00170,9.431,21.058,23.452,10.967,12972.7,0.0,36656.2,4205.3,5.0,510.0,0.0,0.0,21679.3,0.0,0.00,pathseer:55
beir500k-f32,neg10_cat03,neg10,66486,ours-no-twohop,128,2,55,0.8855,0.4727,0.00170,9.605,21.580,23.028,10.910,12972.7,0.0,36656.2,4205.3,5.0,510.0,0.0,0.0,21679.3,0.0,0.00,pathseer:55
beir500k-f32,neg10_cat03,neg10,66486,ours-no-twohop,128,3,55,0.8855,0.4727,0.00170,9.335,21.067,23.058,10.839,12972.7,0.0,36656.2,4205.3,5.0,510.0,0.0,0.0,21679.3,0.0,0.00,pathseer:55
beir500k-f32,neg10_cat03,neg10,66486,ours-no-twohop,256,1,55,0.9509,0.6727,0.00069,13.829,29.310,31.782,16.065,19683.8,0.0,48494.7,5982.3,10.0,858.0,0.0,0.0,26738.1,0.0,0.00,pathseer:55
beir500k-f32,neg10_cat03,neg10,66486,ours-no-twohop,256,2,55,0.9509,0.6727,0.00069,13.947,29.119,31.647,15.992,19683.8,0.0,48494.7,5982.3,10.0,858.0,0.0,0.0,26738.1,0.0,0.00,pathseer:55
beir500k-f32,neg10_cat03,neg10,66486,ours-no-twohop,256,3,55,0.9509,0.6727,0.00069,13.911,29.508,31.546,16.086,19683.8,0.0,48494.7,5982.3,10.0,858.0,0.0,0.0,26738.1,0.0,0.00,pathseer:55
beir500k-f32,neg10_cat03,neg10,66486,ours-no-twohop,512,1,55,0.9836,0.8909,0.00018,23.617,39.676,41.688,23.626,29296.6,0.0,64977.9,8644.0,20.0,1626.0,0.0,0.0,33789.9,0.0,0.00,pathseer:55
beir500k-f32,neg10_cat03,neg10,66486,ours-no-twohop,512,2,55,0.9836,0.8909,0.00018,23.678,40.187,42.184,23.802,29296.6,0.0,64977.9,8644.0,20.0,1626.0,0.0,0.0,33789.9,0.0,0.00,pathseer:55
beir500k-f32,neg10_cat03,neg10,66486,ours-no-twohop,512,3,55,0.9836,0.8909,0.00018,23.639,39.816,41.668,23.515,29296.6,0.0,64977.9,8644.0,20.0,1626.0,0.0,0.0,33789.9,0.0,0.00,pathseer:55
beir500k-f32,neg10_cat03,neg10,66486,ours-guard,64,1,55,0.8055,0.2909,0.00361,5.795,15.671,17.229,6.972,7882.0,0.0,25857.5,2899.0,3.0,292.0,0.0,0.0,17819.0,0.0,0.00,pathseer:55
beir500k-f32,neg10_cat03,neg10,66486,ours-guard,64,2,55,0.8055,0.2909,0.00361,5.675,14.791,17.042,6.900,7882.0,0.0,25857.5,2899.0,3.0,292.0,0.0,0.0,17819.0,0.0,0.00,pathseer:55
beir500k-f32,neg10_cat03,neg10,66486,ours-guard,64,3,55,0.8055,0.2909,0.00361,5.656,14.786,17.198,6.902,7882.0,0.0,25857.5,2899.0,3.0,292.0,0.0,0.0,17819.0,0.0,0.00,pathseer:55
beir500k-f32,neg10_cat03,neg10,66486,ours-guard,128,1,55,0.8818,0.4545,0.00176,9.217,20.858,23.522,10.567,12446.5,0.0,34570.5,4191.5,5.0,510.0,0.0,0.0,21831.7,0.0,0.00,pathseer:55
beir500k-f32,neg10_cat03,neg10,66486,ours-guard,128,2,55,0.8818,0.4545,0.00176,9.096,20.634,22.556,10.492,12446.5,0.0,34570.5,4191.5,5.0,510.0,0.0,0.0,21831.7,0.0,0.00,pathseer:55
beir500k-f32,neg10_cat03,neg10,66486,ours-guard,128,3,55,0.8818,0.4545,0.00176,9.190,20.642,22.859,10.558,12446.5,0.0,34570.5,4191.5,5.0,510.0,0.0,0.0,21831.7,0.0,0.00,pathseer:55
beir500k-f32,neg10_cat03,neg10,66486,ours-guard,256,1,55,0.9509,0.6727,0.00069,13.668,28.707,31.157,15.673,18834.0,0.0,46364.6,5956.9,10.0,858.0,0.0,0.0,27006.8,0.0,0.00,pathseer:55
beir500k-f32,neg10_cat03,neg10,66486,ours-guard,256,2,55,0.9509,0.6727,0.00069,13.752,28.603,30.794,15.632,18834.0,0.0,46364.6,5956.9,10.0,858.0,0.0,0.0,27006.8,0.0,0.00,pathseer:55
beir500k-f32,neg10_cat03,neg10,66486,ours-guard,256,3,55,0.9509,0.6727,0.00069,13.642,28.815,31.227,15.663,18834.0,0.0,46364.6,5956.9,10.0,858.0,0.0,0.0,27006.8,0.0,0.00,pathseer:55
beir500k-f32,neg10_cat03,neg10,66486,ours-guard,512,1,55,0.9836,0.8909,0.00018,23.041,40.008,43.076,23.012,27956.9,0.0,63126.0,8590.3,20.0,1626.0,0.0,0.0,34243.0,0.0,0.00,pathseer:55
beir500k-f32,neg10_cat03,neg10,66486,ours-guard,512,2,55,0.9836,0.8909,0.00018,23.106,39.230,40.816,22.960,27956.9,0.0,63126.0,8590.3,20.0,1626.0,0.0,0.0,34243.0,0.0,0.00,pathseer:55
beir500k-f32,neg10_cat03,neg10,66486,ours-guard,512,3,55,0.9836,0.8909,0.00018,23.096,39.180,41.057,22.952,27956.9,0.0,63126.0,8590.3,20.0,1626.0,0.0,0.0,34243.0,0.0,0.00,pathseer:55
beir500k-f32,neg10_cat03,neg10,66486,acorn,64,1,55,0.7364,0.2182,0.00497,1.618,2.143,2.180,1.600,2243.9,10.0,10799.6,68.5,3.0,3.0,0.0,0.0,0.0,0.0,0.00,acorn:53|rre:2
beir500k-f32,neg10_cat03,neg10,66486,acorn,64,2,55,0.7364,0.2182,0.00497,1.582,2.114,2.188,1.577,2243.9,10.0,10799.6,68.5,3.0,3.0,0.0,0.0,0.0,0.0,0.00,acorn:53|rre:2
beir500k-f32,neg10_cat03,neg10,66486,acorn,64,3,55,0.7364,0.2182,0.00497,1.604,2.109,2.237,1.597,2243.9,10.0,10799.6,68.5,3.0,3.0,0.0,0.0,0.0,0.0,0.00,acorn:53|rre:2
beir500k-f32,neg10_cat03,neg10,66486,acorn,128,1,55,0.8509,0.3636,0.00261,2.695,3.429,3.568,2.629,3744.4,10.0,16954.7,132.6,4.0,4.0,0.0,0.0,0.0,0.0,0.00,acorn:53|rre:2
beir500k-f32,neg10_cat03,neg10,66486,acorn,128,2,55,0.8509,0.3636,0.00261,2.689,3.506,3.633,2.649,3744.4,10.0,16954.7,132.6,4.0,4.0,0.0,0.0,0.0,0.0,0.00,acorn:53|rre:2
beir500k-f32,neg10_cat03,neg10,66486,acorn,128,3,55,0.8509,0.3636,0.00261,2.649,3.407,3.572,2.638,3744.4,10.0,16954.7,132.6,4.0,4.0,0.0,0.0,0.0,0.0,0.00,acorn:53|rre:2
beir500k-f32,neg10_cat03,neg10,66486,acorn,256,1,55,0.9291,0.5636,0.00116,4.627,5.541,11.210,4.873,6176.4,10.0,25855.4,259.3,7.0,7.0,0.0,0.0,0.0,0.0,0.00,acorn:53|rre:2
beir500k-f32,neg10_cat03,neg10,66486,acorn,256,2,55,0.9291,0.5636,0.00116,4.555,5.245,5.664,4.349,6176.4,10.0,25855.4,259.3,7.0,7.0,0.0,0.0,0.0,0.0,0.00,acorn:53|rre:2
beir500k-f32,neg10_cat03,neg10,66486,acorn,256,3,55,0.9291,0.5636,0.00116,4.515,5.409,5.618,4.392,6176.4,10.0,25855.4,259.3,7.0,7.0,0.0,0.0,0.0,0.0,0.00,acorn:53|rre:2
beir500k-f32,neg10_cat03,neg10,66486,acorn,512,1,55,0.9745,0.8000,0.00047,7.557,8.581,9.014,7.311,10035.4,10.0,39186.0,514.8,12.0,12.0,0.0,0.0,0.0,0.0,0.00,acorn:53|rre:2
beir500k-f32,neg10_cat03,neg10,66486,acorn,512,2,55,0.9745,0.8000,0.00047,7.550,8.575,8.927,7.235,10035.4,10.0,39186.0,514.8,12.0,12.0,0.0,0.0,0.0,0.0,0.00,acorn:53|rre:2
beir500k-f32,neg10_cat03,neg10,66486,acorn,512,3,55,0.9745,0.8000,0.00047,7.478,8.456,8.999,7.222,10035.4,10.0,39186.0,514.8,12.0,12.0,0.0,0.0,0.0,0.0,0.00,acorn:53|rre:2
beir500k-f32,neg10_cat04,neg10,52652,sweeping,64,1,57,0.9614,0.7544,0.00036,20.373,32.705,35.251,20.309,30485.1,0.0,11081.5,6689.8,3.0,293.0,0.0,0.0,0.0,0.0,0.00,sweeping:57
beir500k-f32,neg10_cat04,neg10,52652,sweeping,64,2,57,0.9614,0.7544,0.00036,20.587,33.596,35.309,20.523,30485.1,0.0,11081.5,6689.8,3.0,293.0,0.0,0.0,0.0,0.0,0.00,sweeping:57
beir500k-f32,neg10_cat04,neg10,52652,sweeping,64,3,57,0.9614,0.7544,0.00036,20.429,32.494,35.280,20.188,30485.1,0.0,11081.5,6689.8,3.0,293.0,0.0,0.0,0.0,0.0,0.00,sweeping:57
beir500k-f32,neg10_cat04,neg10,52652,sweeping,128,1,57,0.9860,0.8772,0.00017,24.488,38.523,42.108,25.203,37249.8,0.0,14216.8,8464.6,6.0,586.0,0.0,0.0,0.0,0.0,0.00,sweeping:57
beir500k-f32,neg10_cat04,neg10,52652,sweeping,128,2,57,0.9860,0.8772,0.00017,24.862,40.537,43.696,25.428,37249.8,0.0,14216.8,8464.6,6.0,586.0,0.0,0.0,0.0,0.0,0.00,sweeping:57
beir500k-f32,neg10_cat04,neg10,52652,sweeping,128,3,57,0.9860,0.8772,0.00017,24.942,38.217,42.258,25.298,37249.8,0.0,14216.8,8464.6,6.0,586.0,0.0,0.0,0.0,0.0,0.00,sweeping:57
beir500k-f32,neg10_cat04,neg10,52652,sweeping,256,1,57,0.9982,0.9825,0.00002,31.323,50.181,55.955,32.111,46677.5,0.0,18086.1,10828.2,11.0,1176.0,0.0,0.0,0.0,0.0,0.00,sweeping:57
beir500k-f32,neg10_cat04,neg10,52652,sweeping,256,2,57,0.9982,0.9825,0.00002,31.153,49.824,54.766,32.076,46677.5,0.0,18086.1,10828.2,11.0,1176.0,0.0,0.0,0.0,0.0,0.00,sweeping:57
beir500k-f32,neg10_cat04,neg10,52652,sweeping,256,3,57,0.9982,0.9825,0.00002,32.449,49.876,55.108,31.958,46677.5,0.0,18086.1,10828.2,11.0,1176.0,0.0,0.0,0.0,0.0,0.00,sweeping:57
beir500k-f32,neg10_cat04,neg10,52652,sweeping,512,1,57,1.0000,1.0000,0.00000,40.742,61.200,69.621,41.173,59838.3,0.0,23086.6,13954.2,22.0,2025.0,0.0,0.0,0.0,0.0,0.00,sweeping:57
beir500k-f32,neg10_cat04,neg10,52652,sweeping,512,2,57,1.0000,1.0000,0.00000,40.962,60.626,69.511,41.316,59838.3,0.0,23086.6,13954.2,22.0,2025.0,0.0,0.0,0.0,0.0,0.00,sweeping:57
beir500k-f32,neg10_cat04,neg10,52652,sweeping,512,3,57,1.0000,1.0000,0.00000,40.642,61.129,69.243,41.163,59838.3,0.0,23086.6,13954.2,22.0,2025.0,0.0,0.0,0.0,0.0,0.00,sweeping:57
beir500k-f32,neg10_cat04,neg10,52652,pathseer,64,1,57,0.9544,0.7018,0.00054,6.111,10.931,11.736,5.988,6098.0,0.0,22717.9,3145.6,3.0,236.0,151.6,7.9,14352.6,2.4,0.00,pathseer:57
beir500k-f32,neg10_cat04,neg10,52652,pathseer,64,2,57,0.9544,0.7018,0.00054,6.010,10.544,11.253,5.912,6098.0,0.0,22717.9,3145.6,3.0,236.0,151.6,7.9,14352.6,2.4,0.00,pathseer:57
beir500k-f32,neg10_cat04,neg10,52652,pathseer,64,3,57,0.9544,0.7018,0.00054,6.103,10.505,11.185,5.935,6098.0,0.0,22717.9,3145.6,3.0,236.0,151.6,7.9,14352.6,2.4,0.00,pathseer:57
beir500k-f32,neg10_cat04,neg10,52652,pathseer,128,1,57,0.9789,0.8070,0.00028,9.758,14.941,15.390,9.329,9791.5,0.0,30247.6,4883.3,5.0,558.0,270.6,13.1,17142.8,4.2,0.00,pathseer:57
beir500k-f32,neg10_cat04,neg10,52652,pathseer,128,2,57,0.9789,0.8070,0.00028,9.839,15.087,15.736,9.475,9791.5,0.0,30247.6,4883.3,5.0,558.0,270.6,13.1,17142.8,4.2,0.00,pathseer:57
beir500k-f32,neg10_cat04,neg10,52652,pathseer,128,3,57,0.9789,0.8070,0.00028,9.570,15.010,15.579,9.359,9791.5,0.0,30247.6,4883.3,5.0,558.0,270.6,13.1,17142.8,4.2,0.00,pathseer:57
beir500k-f32,neg10_cat04,neg10,52652,pathseer,256,1,57,0.9965,0.9649,0.00010,14.965,20.908,21.565,14.539,15205.6,0.0,39516.2,7227.4,10.0,1047.0,561.4,26.7,19736.2,8.8,0.00,pathseer:57
beir500k-f32,neg10_cat04,neg10,52652,pathseer,256,2,57,0.9965,0.9649,0.00010,14.867,20.681,21.633,14.473,15205.6,0.0,39516.2,7227.4,10.0,1047.0,561.4,26.7,19736.2,8.8,0.00,pathseer:57
beir500k-f32,neg10_cat04,neg10,52652,pathseer,256,3,57,0.9965,0.9649,0.00010,15.054,20.838,22.304,14.580,15205.6,0.0,39516.2,7227.4,10.0,1047.0,561.4,26.7,19736.2,8.8,0.00,pathseer:57
beir500k-f32,neg10_cat04,neg10,52652,pathseer,512,1,57,1.0000,1.0000,0.00000,21.652,29.356,31.003,21.476,22913.7,0.0,51912.5,10422.7,20.0,1930.0,1210.4,54.2,22833.2,18.9,0.00,pathseer:57
beir500k-f32,neg10_cat04,neg10,52652,pathseer,512,2,57,1.0000,1.0000,0.00000,21.562,29.190,31.037,21.367,22913.7,0.0,51912.5,10422.7,20.0,1930.0,1210.4,54.2,22833.2,18.9,0.00,pathseer:57
beir500k-f32,neg10_cat04,neg10,52652,pathseer,512,3,57,1.0000,1.0000,0.00000,22.385,29.921,31.583,21.964,22913.7,0.0,51912.5,10422.7,20.0,1930.0,1210.4,54.2,22833.2,18.9,0.00,pathseer:57
beir500k-f32,neg10_cat04,neg10,52652,ours-no-twohop,64,1,57,0.9544,0.7018,0.00054,6.375,10.885,11.395,6.287,6355.7,0.0,23355.9,3288.1,3.0,293.0,0.0,0.0,14732.1,0.0,0.00,pathseer:57
beir500k-f32,neg10_cat04,neg10,52652,ours-no-twohop,64,2,57,0.9544,0.7018,0.00054,6.293,10.562,11.240,6.206,6355.7,0.0,23355.9,3288.1,3.0,293.0,0.0,0.0,14732.1,0.0,0.00,pathseer:57
beir500k-f32,neg10_cat04,neg10,52652,ours-no-twohop,64,3,57,0.9544,0.7018,0.00054,6.257,10.767,11.254,6.252,6355.7,0.0,23355.9,3288.1,3.0,293.0,0.0,0.0,14732.1,0.0,0.00,pathseer:57
beir500k-f32,neg10_cat04,neg10,52652,ours-no-twohop,128,1,57,0.9789,0.8070,0.00028,10.126,15.441,15.576,9.733,10179.4,0.0,30768.9,5061.3,6.0,586.0,0.0,0.0,17357.7,0.0,0.00,pathseer:57
beir500k-f32,neg10_cat04,neg10,52652,ours-no-twohop,128,2,57,0.9789,0.8070,0.00028,9.853,15.332,15.798,9.701,10179.4,0.0,30768.9,5061.3,6.0,586.0,0.0,0.0,17357.7,0.0,0.00,pathseer:57
beir500k-f32,neg10_cat04,neg10,52652,ours-no-twohop,128,3,57,0.9789,0.8070,0.00028,9.950,15.593,15.717,9.816,10179.4,0.0,30768.9,5061.3,6.0,586.0,0.0,0.0,17357.7,0.0,0.00,pathseer:57
beir500k-f32,neg10_cat04,neg10,52652,ours-no-twohop,256,1,57,0.9965,0.9649,0.00010,15.318,21.248,22.725,14.908,15644.4,0.0,39647.4,7409.6,11.0,1176.0,0.0,0.0,19770.4,0.0,0.00,pathseer:57
beir500k-f32,neg10_cat04,neg10,52652,ours-no-twohop,256,2,57,0.9965,0.9649,0.00010,15.010,21.264,22.543,14.812,15644.4,0.0,39647.4,7409.6,11.0,1176.0,0.0,0.0,19770.4,0.0,0.00,pathseer:57
beir500k-f32,neg10_cat04,neg10,52652,ours-no-twohop,256,3,57,0.9965,0.9649,0.00010,15.269,20.871,22.602,14.807,15644.4,0.0,39647.4,7409.6,11.0,1176.0,0.0,0.0,19770.4,0.0,0.00,pathseer:57
beir500k-f32,neg10_cat04,neg10,52652,ours-no-twohop,512,1,57,1.0000,1.0000,0.00000,21.755,30.688,31.838,21.784,23333.3,0.0,51381.8,10582.4,22.0,2025.0,0.0,0.0,22816.6,0.0,0.00,pathseer:57
beir500k-f32,neg10_cat04,neg10,52652,ours-no-twohop,512,2,57,1.0000,1.0000,0.00000,21.950,29.376,31.391,21.708,23333.3,0.0,51381.8,10582.4,22.0,2025.0,0.0,0.0,22816.6,0.0,0.00,pathseer:57
beir500k-f32,neg10_cat04,neg10,52652,ours-no-twohop,512,3,57,1.0000,1.0000,0.00000,21.882,29.256,31.370,21.738,23333.3,0.0,51381.8,10582.4,22.0,2025.0,0.0,0.0,22816.6,0.0,0.00,pathseer:57
beir500k-f32,neg10_cat04,neg10,52652,ours-guard,64,1,57,0.9491,0.6667,0.00059,6.012,10.068,11.010,5.913,6034.6,0.0,20957.3,3274.1,3.0,293.0,0.0,0.0,14781.6,0.0,0.00,pathseer:57
beir500k-f32,neg10_cat04,neg10,52652,ours-guard,64,2,57,0.9491,0.6667,0.00059,5.972,10.354,10.940,5.893,6034.6,0.0,20957.3,3274.1,3.0,293.0,0.0,0.0,14781.6,0.0,0.00,pathseer:57
beir500k-f32,neg10_cat04,neg10,52652,ours-guard,64,3,57,0.9491,0.6667,0.00059,5.996,10.156,10.984,5.890,6034.6,0.0,20957.3,3274.1,3.0,293.0,0.0,0.0,14781.6,0.0,0.00,pathseer:57
beir500k-f32,neg10_cat04,neg10,52652,ours-guard,128,1,57,0.9754,0.7719,0.00031,9.756,15.137,15.464,9.417,9660.6,0.0,27393.4,5039.8,6.0,586.0,0.0,0.0,17468.9,0.0,0.00,pathseer:57
beir500k-f32,neg10_cat04,neg10,52652,ours-guard,128,2,57,0.9754,0.7719,0.00031,9.817,15.231,15.722,9.470,9660.6,0.0,27393.4,5039.8,6.0,586.0,0.0,0.0,17468.9,0.0,0.00,pathseer:57
beir500k-f32,neg10_cat04,neg10,52652,ours-guard,128,3,57,0.9754,0.7719,0.00031,9.719,15.358,15.537,9.437,9660.6,0.0,27393.4,5039.8,6.0,586.0,0.0,0.0,17468.9,0.0,0.00,pathseer:57
beir500k-f32,neg10_cat04,neg10,52652,ours-guard,256,1,57,0.9965,0.9649,0.00010,14.628,20.477,20.869,14.248,14811.5,0.0,35234.6,7368.9,11.0,1176.0,0.0,0.0,19933.5,0.0,0.00,pathseer:57
beir500k-f32,neg10_cat04,neg10,52652,ours-guard,256,2,57,0.9965,0.9649,0.00010,14.869,20.699,21.154,14.318,14811.5,0.0,35234.6,7368.9,11.0,1176.0,0.0,0.0,19933.5,0.0,0.00,pathseer:57
beir500k-f32,neg10_cat04,neg10,52652,ours-guard,256,3,57,0.9965,0.9649,0.00010,15.031,20.555,21.277,14.333,14811.5,0.0,35234.6,7368.9,11.0,1176.0,0.0,0.0,19933.5,0.0,0.00,pathseer:57
beir500k-f32,neg10_cat04,neg10,52652,ours-guard,512,1,57,1.0000,1.0000,0.00000,21.412,28.978,30.028,20.955,21995.7,0.0,46018.0,10513.4,22.0,2025.0,0.0,0.0,23142.6,0.0,0.00,pathseer:57
beir500k-f32,neg10_cat04,neg10,52652,ours-guard,512,2,57,1.0000,1.0000,0.00000,21.507,28.736,30.159,21.012,21995.7,0.0,46018.0,10513.4,22.0,2025.0,0.0,0.0,23142.6,0.0,0.00,pathseer:57
beir500k-f32,neg10_cat04,neg10,52652,ours-guard,512,3,57,1.0000,1.0000,0.00000,21.364,28.654,29.796,21.080,21995.7,0.0,46018.0,10513.4,22.0,2025.0,0.0,0.0,23142.6,0.0,0.00,pathseer:57
beir500k-f32,neg10_cat04,neg10,52652,acorn,64,1,57,0.8684,0.3333,0.00261,1.500,2.043,2.178,1.503,2073.7,10.0,10649.2,68.1,3.0,3.0,0.0,0.0,0.0,0.0,0.00,acorn:55|rre:2
beir500k-f32,neg10_cat04,neg10,52652,acorn,64,2,57,0.8684,0.3333,0.00261,1.575,2.188,2.293,1.549,2073.7,10.0,10649.2,68.1,3.0,3.0,0.0,0.0,0.0,0.0,0.00,acorn:55|rre:2
beir500k-f32,neg10_cat04,neg10,52652,acorn,64,3,57,0.8684,0.3333,0.00261,1.611,2.311,2.387,1.644,2073.7,10.0,10649.2,68.1,3.0,3.0,0.0,0.0,0.0,0.0,0.00,acorn:55|rre:2
beir500k-f32,neg10_cat04,neg10,52652,acorn,128,1,57,0.9175,0.5263,0.00189,2.607,3.333,3.528,2.477,3426.3,10.0,16350.8,131.1,5.0,5.0,0.0,0.0,0.0,0.0,0.00,acorn:55|rre:2
beir500k-f32,neg10_cat04,neg10,52652,acorn,128,2,57,0.9175,0.5263,0.00189,2.595,3.358,3.537,2.479,3426.3,10.0,16350.8,131.1,5.0,5.0,0.0,0.0,0.0,0.0,0.00,acorn:55|rre:2
beir500k-f32,neg10_cat04,neg10,52652,acorn,128,3,57,0.9175,0.5263,0.00189,2.631,3.520,3.602,2.528,3426.3,10.0,16350.8,131.1,5.0,5.0,0.0,0.0,0.0,0.0,0.00,acorn:55|rre:2
beir500k-f32,neg10_cat04,neg10,52652,acorn,256,1,57,0.9667,0.7368,0.00085,4.346,5.963,6.182,4.312,5536.5,10.0,24974.8,258.9,7.0,7.0,0.0,0.0,0.0,0.0,0.00,acorn:55|rre:2
beir500k-f32,neg10_cat04,neg10,52652,acorn,256,2,57,0.9667,0.7368,0.00085,4.253,5.600,5.721,4.144,5536.5,10.0,24974.8,258.9,7.0,7.0,0.0,0.0,0.0,0.0,0.00,acorn:55|rre:2
beir500k-f32,neg10_cat04,neg10,52652,acorn,256,3,57,0.9667,0.7368,0.00085,4.251,5.438,5.672,4.096,5536.5,10.0,24974.8,258.9,7.0,7.0,0.0,0.0,0.0,0.0,0.00,acorn:55|rre:2
beir500k-f32,neg10_cat04,neg10,52652,acorn,512,1,57,0.9860,0.8772,0.00046,6.950,9.041,9.211,6.787,8838.3,10.0,37375.7,514.8,14.0,14.0,0.0,0.0,0.0,0.0,0.00,acorn:55|rre:2
beir500k-f32,neg10_cat04,neg10,52652,acorn,512,2,57,0.9860,0.8772,0.00046,6.839,8.844,9.268,6.698,8838.3,10.0,37375.7,514.8,14.0,14.0,0.0,0.0,0.0,0.0,0.00,acorn:55|rre:2
beir500k-f32,neg10_cat04,neg10,52652,acorn,512,3,57,0.9860,0.8772,0.00046,6.926,8.930,9.059,6.714,8838.3,10.0,37375.7,514.8,14.0,14.0,0.0,0.0,0.0,0.0,0.00,acorn:55|rre:2
beir500k-f32,neg10_cat05,neg10,52680,sweeping,64,1,20,0.9950,0.9500,0.00003,27.522,58.054,60.702,27.007,43525.8,0.0,10488.3,7420.1,3.0,140.0,0.0,0.0,0.0,0.0,0.00,sweeping:20
beir500k-f32,neg10_cat05,neg10,52680,sweeping,64,2,20,0.9950,0.9500,0.00003,27.361,56.742,57.871,26.789,43525.8,0.0,10488.3,7420.1,3.0,140.0,0.0,0.0,0.0,0.0,0.00,sweeping:20
beir500k-f32,neg10_cat05,neg10,52680,sweeping,64,3,20,0.9950,0.9500,0.00003,27.265,56.855,57.842,26.764,43525.8,0.0,10488.3,7420.1,3.0,140.0,0.0,0.0,0.0,0.0,0.00,sweeping:20
beir500k-f32,neg10_cat05,neg10,52680,sweeping,128,1,20,1.0000,1.0000,0.00000,38.395,73.960,76.456,37.783,59152.1,0.0,15373.0,10987.0,5.0,311.0,0.0,0.0,0.0,0.0,0.00,sweeping:20
beir500k-f32,neg10_cat05,neg10,52680,sweeping,128,2,20,1.0000,1.0000,0.00000,38.263,72.322,73.665,37.536,59152.1,0.0,15373.0,10987.0,5.0,311.0,0.0,0.0,0.0,0.0,0.00,sweeping:20
beir500k-f32,neg10_cat05,neg10,52680,sweeping,128,3,20,1.0000,1.0000,0.00000,40.584,72.481,73.286,37.723,59152.1,0.0,15373.0,10987.0,5.0,311.0,0.0,0.0,0.0,0.0,0.00,sweeping:20
beir500k-f32,neg10_cat05,neg10,52680,sweeping,256,1,20,1.0000,1.0000,0.00000,55.493,90.450,96.212,52.843,80680.4,0.0,22822.2,16318.2,11.0,542.0,0.0,0.0,0.0,0.0,0.00,sweeping:20
beir500k-f32,neg10_cat05,neg10,52680,sweeping,256,2,20,1.0000,1.0000,0.00000,56.054,92.086,96.556,53.021,80680.4,0.0,22822.2,16318.2,11.0,542.0,0.0,0.0,0.0,0.0,0.00,sweeping:20
beir500k-f32,neg10_cat05,neg10,52680,sweeping,256,3,20,1.0000,1.0000,0.00000,55.197,90.697,100.621,52.943,80680.4,0.0,22822.2,16318.2,11.0,542.0,0.0,0.0,0.0,0.0,0.00,sweeping:20
beir500k-f32,neg10_cat05,neg10,52680,sweeping,512,1,20,1.0000,1.0000,0.00000,77.842,120.786,123.287,74.139,109654.8,0.0,33885.3,24008.0,23.0,1245.0,0.0,0.0,0.0,0.0,0.00,sweeping:20
beir500k-f32,neg10_cat05,neg10,52680,sweeping,512,2,20,1.0000,1.0000,0.00000,76.372,120.275,123.132,74.052,109654.8,0.0,33885.3,24008.0,23.0,1245.0,0.0,0.0,0.0,0.0,0.00,sweeping:20
beir500k-f32,neg10_cat05,neg10,52680,sweeping,512,3,20,1.0000,1.0000,0.00000,76.994,120.627,123.116,73.910,109654.8,0.0,33885.3,24008.0,23.0,1245.0,0.0,0.0,0.0,0.0,0.00,sweeping:20
beir500k-f32,neg10_cat05,neg10,52680,pathseer,64,1,20,0.9850,0.8500,0.00024,4.043,13.260,14.785,5.434,5223.9,0.0,24998.0,2727.2,3.0,140.0,140.8,8.3,17802.9,2.2,0.00,pathseer:20
beir500k-f32,neg10_cat05,neg10,52680,pathseer,64,2,20,0.9850,0.8500,0.00024,3.654,12.903,14.651,5.282,5223.9,0.0,24998.0,2727.2,3.0,140.0,140.8,8.3,17802.9,2.2,0.00,pathseer:20
beir500k-f32,neg10_cat05,neg10,52680,pathseer,64,3,20,0.9850,0.8500,0.00024,3.725,12.924,14.811,5.309,5223.9,0.0,24998.0,2727.2,3.0,140.0,140.8,8.3,17802.9,2.2,0.00,pathseer:20
beir500k-f32,neg10_cat05,neg10,52680,pathseer,128,1,20,0.9950,0.9500,0.00003,7.785,22.601,24.213,9.080,8834.6,0.0,37251.8,4646.3,5.0,299.0,265.6,14.7,25108.2,4.2,0.00,pathseer:20
beir500k-f32,neg10_cat05,neg10,52680,pathseer,128,2,20,0.9950,0.9500,0.00003,7.797,22.361,23.797,8.973,8834.6,0.0,37251.8,4646.3,5.0,299.0,265.6,14.7,25108.2,4.2,0.00,pathseer:20
beir500k-f32,neg10_cat05,neg10,52680,pathseer,128,3,20,0.9950,0.9500,0.00003,7.971,22.523,23.908,8.999,8834.6,0.0,37251.8,4646.3,5.0,299.0,265.6,14.7,25108.2,4.2,0.00,pathseer:20
beir500k-f32,neg10_cat05,neg10,52680,pathseer,256,1,20,1.0000,1.0000,0.00000,12.240,33.863,34.055,14.856,14514.4,0.0,54543.7,7665.3,9.0,535.0,524.8,28.1,34614.3,8.2,0.00,pathseer:20
beir500k-f32,neg10_cat05,neg10,52680,pathseer,256,2,20,1.0000,1.0000,0.00000,12.508,34.005,34.205,14.864,14514.4,0.0,54543.7,7665.3,9.0,535.0,524.8,28.1,34614.3,8.2,0.00,pathseer:20
beir500k-f32,neg10_cat05,neg10,52680,pathseer,256,3,20,1.0000,1.0000,0.00000,13.560,33.833,33.913,15.043,14514.4,0.0,54543.7,7665.3,9.0,535.0,524.8,28.1,34614.3,8.2,0.00,pathseer:20
beir500k-f32,neg10_cat05,neg10,52680,pathseer,512,1,20,1.0000,1.0000,0.00000,22.195,48.863,49.229,24.557,23673.8,0.0,79798.6,12476.1,21.0,1165.0,1219.2,59.1,47285.7,19.1,0.00,pathseer:20
beir500k-f32,neg10_cat05,neg10,52680,pathseer,512,2,20,1.0000,1.0000,0.00000,21.605,48.295,49.618,24.375,23673.8,0.0,79798.6,12476.1,21.0,1165.0,1219.2,59.1,47285.7,19.1,0.00,pathseer:20
beir500k-f32,neg10_cat05,neg10,52680,pathseer,512,3,20,1.0000,1.0000,0.00000,21.695,49.258,51.671,24.551,23673.8,0.0,79798.6,12476.1,21.0,1165.0,1219.2,59.1,47285.7,19.1,0.00,pathseer:20
beir500k-f32,neg10_cat05,neg10,52680,ours-no-twohop,64,1,20,0.9750,0.8000,0.00037,3.838,13.005,14.717,5.406,5338.5,0.0,25373.0,2781.7,3.0,140.0,0.0,0.0,18143.0,0.0,0.00,pathseer:20
beir500k-f32,neg10_cat05,neg10,52680,ours-no-twohop,64,2,20,0.9750,0.8000,0.00037,3.689,12.819,14.649,5.388,5338.5,0.0,25373.0,2781.7,3.0,140.0,0.0,0.0,18143.0,0.0,0.00,pathseer:20
beir500k-f32,neg10_cat05,neg10,52680,ours-no-twohop,64,3,20,0.9750,0.8000,0.00037,3.708,13.061,14.732,5.412,5338.5,0.0,25373.0,2781.7,3.0,140.0,0.0,0.0,18143.0,0.0,0.00,pathseer:20
beir500k-f32,neg10_cat05,neg10,52680,ours-no-twohop,128,1,20,0.9950,0.9500,0.00003,7.705,22.366,24.105,9.224,9104.6,0.0,37991.9,4788.4,5.0,311.0,0.0,0.0,25674.8,0.0,0.00,pathseer:20
beir500k-f32,neg10_cat05,neg10,52680,ours-no-twohop,128,2,20,0.9950,0.9500,0.00003,7.787,22.538,23.999,9.212,9104.6,0.0,37991.9,4788.4,5.0,311.0,0.0,0.0,25674.8,0.0,0.00,pathseer:20
beir500k-f32,neg10_cat05,neg10,52680,ours-no-twohop,128,3,20,0.9950,0.9500,0.00003,7.778,22.660,24.345,9.322,9104.6,0.0,37991.9,4788.4,5.0,311.0,0.0,0.0,25674.8,0.0,0.00,pathseer:20
beir500k-f32,neg10_cat05,neg10,52680,ours-no-twohop,256,1,20,1.0000,1.0000,0.00000,12.715,33.849,34.020,15.217,14886.8,0.0,55200.8,7861.0,11.0,542.0,0.0,0.0,35188.4,0.0,0.00,pathseer:20
beir500k-f32,neg10_cat05,neg10,52680,ours-no-twohop,256,2,20,1.0000,1.0000,0.00000,12.578,33.859,33.902,15.376,14886.8,0.0,55200.8,7861.0,11.0,542.0,0.0,0.0,35188.4,0.0,0.00,pathseer:20
beir500k-f32,neg10_cat05,neg10,52680,ours-no-twohop,256,3,20,1.0000,1.0000,0.00000,12.694,33.981,34.088,15.251,14886.8,0.0,55200.8,7861.0,11.0,542.0,0.0,0.0,35188.4,0.0,0.00,pathseer:20
beir500k-f32,neg10_cat05,neg10,52680,ours-no-twohop,512,1,20,1.0000,1.0000,0.00000,22.509,48.126,49.371,24.838,24228.8,0.0,80184.6,12770.6,23.0,1245.0,0.0,0.0,47913.9,0.0,0.00,pathseer:20
beir500k-f32,neg10_cat05,neg10,52680,ours-no-twohop,512,2,20,1.0000,1.0000,0.00000,21.828,48.816,49.072,24.768,24228.8,0.0,80184.6,12770.6,23.0,1245.0,0.0,0.0,47913.9,0.0,0.00,pathseer:20
beir500k-f32,neg10_cat05,neg10,52680,ours-no-twohop,512,3,20,1.0000,1.0000,0.00000,22.159,48.177,52.689,25.061,24228.8,0.0,80184.6,12770.6,23.0,1245.0,0.0,0.0,47913.9,0.0,0.00,pathseer:20
beir500k-f32,neg10_cat05,neg10,52680,ours-guard,64,1,20,0.9750,0.8000,0.00039,3.562,12.363,14.346,5.057,4835.8,0.0,23116.8,2753.4,3.0,140.0,0.0,0.0,18183.8,0.0,0.00,pathseer:20
beir500k-f32,neg10_cat05,neg10,52680,ours-guard,64,2,20,0.9750,0.8000,0.00039,3.418,12.586,14.287,5.061,4835.8,0.0,23116.8,2753.4,3.0,140.0,0.0,0.0,18183.8,0.0,0.00,pathseer:20
beir500k-f32,neg10_cat05,neg10,52680,ours-guard,64,3,20,0.9750,0.8000,0.00039,3.484,12.486,14.334,5.058,4835.8,0.0,23116.8,2753.4,3.0,140.0,0.0,0.0,18183.8,0.0,0.00,pathseer:20
beir500k-f32,neg10_cat05,neg10,52680,ours-guard,128,1,20,0.9950,0.9500,0.00003,7.472,21.710,23.900,8.763,8265.1,0.0,34273.7,4744.8,5.0,311.0,0.0,0.0,25833.4,0.0,0.00,pathseer:20
beir500k-f32,neg10_cat05,neg10,52680,ours-guard,128,2,20,0.9950,0.9500,0.00003,7.533,21.820,23.335,8.687,8265.1,0.0,34273.7,4744.8,5.0,311.0,0.0,0.0,25833.4,0.0,0.00,pathseer:20
beir500k-f32,neg10_cat05,neg10,52680,ours-guard,128,3,20,0.9950,0.9500,0.00003,7.702,21.771,23.832,8.927,8265.1,0.0,34273.7,4744.8,5.0,311.0,0.0,0.0,25833.4,0.0,0.00,pathseer:20
beir500k-f32,neg10_cat05,neg10,52680,ours-guard,256,1,20,1.0000,1.0000,0.00000,12.436,33.242,34.725,14.740,13511.8,0.0,49348.2,7785.1,11.0,542.0,0.0,0.0,35519.3,0.0,0.00,pathseer:20
beir500k-f32,neg10_cat05,neg10,52680,ours-guard,256,2,20,1.0000,1.0000,0.00000,11.996,33.084,33.446,14.529,13511.8,0.0,49348.2,7785.1,11.0,542.0,0.0,0.0,35519.3,0.0,0.00,pathseer:20
beir500k-f32,neg10_cat05,neg10,52680,ours-guard,256,3,20,1.0000,1.0000,0.00000,11.623,33.144,33.251,14.392,13511.8,0.0,49348.2,7785.1,11.0,542.0,0.0,0.0,35519.3,0.0,0.00,pathseer:20
beir500k-f32,neg10_cat05,neg10,52680,ours-guard,512,1,20,1.0000,1.0000,0.00000,20.293,46.640,48.130,23.609,21994.0,0.0,71063.2,12632.1,23.0,1245.0,0.0,0.0,48492.7,0.0,0.00,pathseer:20
beir500k-f32,neg10_cat05,neg10,52680,ours-guard,512,2,20,1.0000,1.0000,0.00000,20.386,46.974,47.910,23.641,21994.0,0.0,71063.2,12632.1,23.0,1245.0,0.0,0.0,48492.7,0.0,0.00,pathseer:20
beir500k-f32,neg10_cat05,neg10,52680,ours-guard,512,3,20,1.0000,1.0000,0.00000,20.201,46.659,49.074,23.896,21994.0,0.0,71063.2,12632.1,23.0,1245.0,0.0,0.0,48492.7,0.0,0.00,pathseer:20
beir500k-f32,neg10_cat05,neg10,52680,acorn,64,1,20,0.8900,0.3000,0.00297,1.882,2.163,2.350,1.809,2129.4,10.0,16816.0,66.8,3.0,3.0,0.0,0.0,0.0,0.0,0.00,acorn:19|rre:1
beir500k-f32,neg10_cat05,neg10,52680,acorn,64,2,20,0.8900,0.3000,0.00297,1.921,2.243,2.414,1.860,2129.4,10.0,16816.0,66.8,3.0,3.0,0.0,0.0,0.0,0.0,0.00,acorn:19|rre:1
beir500k-f32,neg10_cat05,neg10,52680,acorn,64,3,20,0.8900,0.3000,0.00297,1.880,2.159,2.386,1.828,2129.4,10.0,16816.0,66.8,3.0,3.0,0.0,0.0,0.0,0.0,0.00,acorn:19|rre:1
beir500k-f32,neg10_cat05,neg10,52680,acorn,128,1,20,0.9350,0.6000,0.00206,3.188,3.754,3.920,3.084,3509.9,10.0,26777.2,130.7,4.0,4.0,0.0,0.0,0.0,0.0,0.00,acorn:19|rre:1
beir500k-f32,neg10_cat05,neg10,52680,acorn,128,2,20,0.9350,0.6000,0.00206,3.223,3.931,5.555,3.236,3509.9,10.0,26777.2,130.7,4.0,4.0,0.0,0.0,0.0,0.0,0.00,acorn:19|rre:1
beir500k-f32,neg10_cat05,neg10,52680,acorn,128,3,20,0.9350,0.6000,0.00206,3.131,3.723,3.823,3.036,3509.9,10.0,26777.2,130.7,4.0,4.0,0.0,0.0,0.0,0.0,0.00,acorn:19|rre:1
beir500k-f32,neg10_cat05,neg10,52680,acorn,256,1,20,0.9650,0.7000,0.00100,5.311,6.107,6.146,5.092,5588.0,10.0,41118.2,258.4,7.0,7.0,0.0,0.0,0.0,0.0,0.00,acorn:19|rre:1
beir500k-f32,neg10_cat05,neg10,52680,acorn,256,2,20,0.9650,0.7000,0.00100,5.207,6.026,6.435,5.024,5588.0,10.0,41118.2,258.4,7.0,7.0,0.0,0.0,0.0,0.0,0.00,acorn:19|rre:1
beir500k-f32,neg10_cat05,neg10,52680,acorn,256,3,20,0.9650,0.7000,0.00100,5.095,6.023,6.078,4.929,5588.0,10.0,41118.2,258.4,7.0,7.0,0.0,0.0,0.0,0.0,0.00,acorn:19|rre:1
beir500k-f32,neg10_cat05,neg10,52680,acorn,512,1,20,0.9850,0.8500,0.00024,8.535,10.241,10.438,8.207,8760.1,10.0,61642.7,514.5,14.0,13.0,0.0,0.0,0.0,0.0,0.00,acorn:19|rre:1
beir500k-f32,neg10_cat05,neg10,52680,acorn,512,2,20,0.9850,0.8500,0.00024,8.424,9.755,10.041,8.096,8760.1,10.0,61642.7,514.5,14.0,13.0,0.0,0.0,0.0,0.0,0.00,acorn:19|rre:1
beir500k-f32,neg10_cat05,neg10,52680,acorn,512,3,20,0.9850,0.8500,0.00024,8.420,10.043,10.152,8.147,8760.1,10.0,61642.7,514.5,14.0,13.0,0.0,0.0,0.0,0.0,0.00,acorn:19|rre:1
beir500k-f32,neg10_cat06,neg10,73753,sweeping,64,1,49,0.9694,0.7347,0.00042,14.028,31.911,42.547,15.288,24501.0,0.0,7831.1,4474.7,3.0,239.0,0.0,0.0,0.0,0.0,0.00,sweeping:49
beir500k-f32,neg10_cat06,neg10,73753,sweeping,64,2,49,0.9694,0.7347,0.00042,14.147,31.752,42.459,15.408,24501.0,0.0,7831.1,4474.7,3.0,239.0,0.0,0.0,0.0,0.0,0.00,sweeping:49
beir500k-f32,neg10_cat06,neg10,73753,sweeping,64,3,49,0.9694,0.7347,0.00042,13.899,31.666,42.476,15.268,24501.0,0.0,7831.1,4474.7,3.0,239.0,0.0,0.0,0.0,0.0,0.00,sweeping:49
beir500k-f32,neg10_cat06,neg10,73753,sweeping,128,1,49,0.9776,0.7959,0.00022,18.298,38.643,52.435,19.703,30768.0,0.0,10344.3,5729.4,6.0,428.0,0.0,0.0,0.0,0.0,0.00,sweeping:49
beir500k-f32,neg10_cat06,neg10,73753,sweeping,128,2,49,0.9776,0.7959,0.00022,18.260,38.721,52.368,19.489,30768.0,0.0,10344.3,5729.4,6.0,428.0,0.0,0.0,0.0,0.0,0.00,sweeping:49
beir500k-f32,neg10_cat06,neg10,73753,sweeping,128,3,49,0.9776,0.7959,0.00022,18.853,39.045,52.104,19.695,30768.0,0.0,10344.3,5729.4,6.0,428.0,0.0,0.0,0.0,0.0,0.00,sweeping:49
beir500k-f32,neg10_cat06,neg10,73753,sweeping,256,1,49,0.9898,0.8980,0.00007,23.598,47.725,64.631,25.565,39634.1,0.0,13640.8,7367.2,11.0,752.0,0.0,0.0,0.0,0.0,0.00,sweeping:49
beir500k-f32,neg10_cat06,neg10,73753,sweeping,256,2,49,0.9898,0.8980,0.00007,23.667,47.535,64.408,25.359,39634.1,0.0,13640.8,7367.2,11.0,752.0,0.0,0.0,0.0,0.0,0.00,sweeping:49
beir500k-f32,neg10_cat06,neg10,73753,sweeping,256,3,49,0.9898,0.8980,0.00007,23.611,47.515,64.337,25.286,39634.1,0.0,13640.8,7367.2,11.0,752.0,0.0,0.0,0.0,0.0,0.00,sweeping:49
beir500k-f32,neg10_cat06,neg10,73753,sweeping,512,1,49,0.9959,0.9592,0.00002,30.497,60.225,80.192,33.720,52580.0,0.0,18154.6,9688.4,22.0,1405.0,0.0,0.0,0.0,0.0,0.00,sweeping:49
beir500k-f32,neg10_cat06,neg10,73753,sweeping,512,2,49,0.9959,0.9592,0.00002,30.520,60.198,79.765,33.690,52580.0,0.0,18154.6,9688.4,22.0,1405.0,0.0,0.0,0.0,0.0,0.00,sweeping:49
beir500k-f32,neg10_cat06,neg10,73753,sweeping,512,3,49,0.9959,0.9592,0.00002,30.570,60.125,79.869,33.702,52580.0,0.0,18154.6,9688.4,22.0,1405.0,0.0,0.0,0.0,0.0,0.00,sweeping:49
beir500k-f32,neg10_cat06,neg10,73753,pathseer,64,1,49,0.9633,0.6939,0.00051,4.395,11.150,15.974,5.246,5449.9,0.0,19298.2,2579.4,3.0,199.0,158.0,7.2,12202.1,2.5,0.00,pathseer:49
beir500k-f32,neg10_cat06,neg10,73753,pathseer,64,2,49,0.9633,0.6939,0.00051,4.278,11.014,16.600,5.178,5449.9,0.0,19298.2,2579.4,3.0,199.0,158.0,7.2,12202.1,2.5,0.00,pathseer:49
beir500k-f32,neg10_cat06,neg10,73753,pathseer,64,3,49,0.9633,0.6939,0.00051,4.396,11.200,15.910,5.151,5449.9,0.0,19298.2,2579.4,3.0,199.0,158.0,7.2,12202.1,2.5,0.00,pathseer:49
beir500k-f32,neg10_cat06,neg10,73753,pathseer,128,1,49,0.9796,0.8163,0.00021,7.182,16.572,21.535,8.018,8812.0,0.0,25636.7,3877.8,5.0,387.0,282.1,11.6,14693.7,4.4,0.00,pathseer:49
beir500k-f32,neg10_cat06,neg10,73753,pathseer,128,2,49,0.9796,0.8163,0.00021,7.196,16.153,21.517,8.003,8812.0,0.0,25636.7,3877.8,5.0,387.0,282.1,11.6,14693.7,4.4,0.00,pathseer:49
beir500k-f32,neg10_cat06,neg10,73753,pathseer,128,3,49,0.9796,0.8163,0.00021,7.094,16.203,21.577,8.126,8812.0,0.0,25636.7,3877.8,5.0,387.0,282.1,11.6,14693.7,4.4,0.00,pathseer:49
beir500k-f32,neg10_cat06,neg10,73753,pathseer,256,1,49,0.9857,0.8776,0.00018,10.837,23.212,28.725,12.112,13678.5,0.0,33533.0,5550.2,10.0,681.0,574.7,29.1,17408.7,9.0,0.00,pathseer:49
beir500k-f32,neg10_cat06,neg10,73753,pathseer,256,2,49,0.9857,0.8776,0.00018,11.676,23.183,28.599,12.128,13678.5,0.0,33533.0,5550.2,10.0,681.0,574.7,29.1,17408.7,9.0,0.00,pathseer:49
beir500k-f32,neg10_cat06,neg10,73753,pathseer,256,3,49,0.9857,0.8776,0.00018,10.733,23.219,28.565,12.158,13678.5,0.0,33533.0,5550.2,10.0,681.0,574.7,29.1,17408.7,9.0,0.00,pathseer:49
beir500k-f32,neg10_cat06,neg10,73753,pathseer,512,1,49,0.9959,0.9592,0.00002,17.411,32.059,38.536,18.068,20882.2,0.0,44443.0,7827.5,20.0,1278.0,1222.5,59.4,20969.0,19.1,0.00,pathseer:49
beir500k-f32,neg10_cat06,neg10,73753,pathseer,512,2,49,0.9959,0.9592,0.00002,17.158,32.152,38.480,18.002,20882.2,0.0,44443.0,7827.5,20.0,1278.0,1222.5,59.4,20969.0,19.1,0.00,pathseer:49
beir500k-f32,neg10_cat06,neg10,73753,pathseer,512,3,49,0.9959,0.9592,0.00002,17.438,32.304,38.353,18.092,20882.2,0.0,44443.0,7827.5,20.0,1278.0,1222.5,59.4,20969.0,19.1,0.00,pathseer:49
beir500k-f32,neg10_cat06,neg10,73753,ours-no-twohop,64,1,49,0.9633,0.6939,0.00051,4.370,11.974,15.969,5.311,5682.9,0.0,19634.0,2703.2,3.0,239.0,0.0,0.0,12332.3,0.0,0.00,pathseer:49
beir500k-f32,neg10_cat06,neg10,73753,ours-no-twohop,64,2,49,0.9633,0.6939,0.00051,4.301,11.739,16.360,5.329,5682.9,0.0,19634.0,2703.2,3.0,239.0,0.0,0.0,12332.3,0.0,0.00,pathseer:49
beir500k-f32,neg10_cat06,neg10,73753,ours-no-twohop,64,3,49,0.9633,0.6939,0.00051,4.327,11.902,16.063,5.315,5682.9,0.0,19634.0,2703.2,3.0,239.0,0.0,0.0,12332.3,0.0,0.00,pathseer:49
beir500k-f32,neg10_cat06,neg10,73753,ours-no-twohop,128,1,49,0.9796,0.8163,0.00021,7.491,17.024,22.876,8.428,8978.6,0.0,25627.2,3948.2,6.0,428.0,0.0,0.0,14715.2,0.0,0.00,pathseer:49
beir500k-f32,neg10_cat06,neg10,73753,ours-no-twohop,128,2,49,0.9796,0.8163,0.00021,7.338,17.071,23.320,8.379,8978.6,0.0,25627.2,3948.2,6.0,428.0,0.0,0.0,14715.2,0.0,0.00,pathseer:49
beir500k-f32,neg10_cat06,neg10,73753,ours-no-twohop,128,3,49,0.9796,0.8163,0.00021,7.565,16.975,21.539,8.223,8978.6,0.0,25627.2,3948.2,6.0,428.0,0.0,0.0,14715.2,0.0,0.00,pathseer:49
beir500k-f32,neg10_cat06,neg10,73753,ours-no-twohop,256,1,49,0.9857,0.8776,0.00018,11.056,24.115,28.380,12.287,13948.6,0.0,33395.1,5646.6,11.0,752.0,0.0,0.0,17439.1,0.0,0.00,pathseer:49
beir500k-f32,neg10_cat06,neg10,73753,ours-no-twohop,256,2,49,0.9857,0.8776,0.00018,11.050,24.100,28.399,12.376,13948.6,0.0,33395.1,5646.6,11.0,752.0,0.0,0.0,17439.1,0.0,0.00,pathseer:49
beir500k-f32,neg10_cat06,neg10,73753,ours-no-twohop,256,3,49,0.9857,0.8776,0.00018,11.144,24.172,28.625,12.298,13948.6,0.0,33395.1,5646.6,11.0,752.0,0.0,0.0,17439.1,0.0,0.00,pathseer:49
beir500k-f32,neg10_cat06,neg10,73753,ours-no-twohop,512,1,49,0.9959,0.9592,0.00002,17.213,32.996,38.566,18.315,21160.6,0.0,43671.9,7901.4,22.0,1405.0,0.0,0.0,20960.2,0.0,0.00,pathseer:49
beir500k-f32,neg10_cat06,neg10,73753,ours-no-twohop,512,2,49,0.9959,0.9592,0.00002,17.206,32.705,38.507,18.179,21160.6,0.0,43671.9,7901.4,22.0,1405.0,0.0,0.0,20960.2,0.0,0.00,pathseer:49
beir500k-f32,neg10_cat06,neg10,73753,ours-no-twohop,512,3,49,0.9959,0.9592,0.00002,17.305,32.625,38.518,18.190,21160.6,0.0,43671.9,7901.4,22.0,1405.0,0.0,0.0,20960.2,0.0,0.00,pathseer:49
beir500k-f32,neg10_cat06,neg10,73753,ours-guard,64,1,49,0.9592,0.6531,0.00054,4.337,11.573,15.905,5.159,5402.7,0.0,17987.2,2697.2,3.0,239.0,0.0,0.0,12469.2,0.0,0.00,pathseer:49
beir500k-f32,neg10_cat06,neg10,73753,ours-guard,64,2,49,0.9592,0.6531,0.00054,4.244,11.611,16.142,5.163,5402.7,0.0,17987.2,2697.2,3.0,239.0,0.0,0.0,12469.2,0.0,0.00,pathseer:49
beir500k-f32,neg10_cat06,neg10,73753,ours-guard,64,3,49,0.9592,0.6531,0.00054,4.238,11.905,15.901,5.190,5402.7,0.0,17987.2,2697.2,3.0,239.0,0.0,0.0,12469.2,0.0,0.00,pathseer:49
beir500k-f32,neg10_cat06,neg10,73753,ours-guard,128,1,49,0.9776,0.7959,0.00023,7.261,17.532,41.479,8.630,8498.6,0.0,23675.4,3936.2,6.0,428.0,0.0,0.0,14954.0,0.0,0.00,pathseer:49
beir500k-f32,neg10_cat06,neg10,73753,ours-guard,128,2,49,0.9776,0.7959,0.00023,7.245,16.515,21.238,7.882,8498.6,0.0,23675.4,3936.2,6.0,428.0,0.0,0.0,14954.0,0.0,0.00,pathseer:49
beir500k-f32,neg10_cat06,neg10,73753,ours-guard,128,3,49,0.9776,0.7959,0.00023,7.238,16.535,21.330,7.893,8498.6,0.0,23675.4,3936.2,6.0,428.0,0.0,0.0,14954.0,0.0,0.00,pathseer:49
beir500k-f32,neg10_cat06,neg10,73753,ours-guard,256,1,49,0.9837,0.8571,0.00019,11.317,24.401,28.134,12.135,13142.0,0.0,31359.0,5623.3,11.0,752.0,0.0,0.0,17803.0,0.0,0.00,pathseer:49
beir500k-f32,neg10_cat06,neg10,73753,ours-guard,256,2,49,0.9837,0.8571,0.00019,11.020,23.395,28.328,11.947,13142.0,0.0,31359.0,5623.3,11.0,752.0,0.0,0.0,17803.0,0.0,0.00,pathseer:49
beir500k-f32,neg10_cat06,neg10,73753,ours-guard,256,3,49,0.9837,0.8571,0.00019,11.133,23.510,27.940,11.898,13142.0,0.0,31359.0,5623.3,11.0,752.0,0.0,0.0,17803.0,0.0,0.00,pathseer:49
beir500k-f32,neg10_cat06,neg10,73753,ours-guard,512,1,49,0.9959,0.9592,0.00002,16.800,31.858,37.234,17.525,19826.4,0.0,42113.7,7854.5,22.0,1405.0,0.0,0.0,21530.3,0.0,0.00,pathseer:49
beir500k-f32,neg10_cat06,neg10,73753,ours-guard,512,2,49,0.9959,0.9592,0.00002,16.674,31.688,37.140,17.464,19826.4,0.0,42113.7,7854.5,22.0,1405.0,0.0,0.0,21530.3,0.0,0.00,pathseer:49
beir500k-f32,neg10_cat06,neg10,73753,ours-guard,512,3,49,0.9959,0.9592,0.00002,16.867,31.795,37.366,17.579,19826.4,0.0,42113.7,7854.5,22.0,1405.0,0.0,0.0,21530.3,0.0,0.00,pathseer:49
beir500k-f32,neg10_cat06,neg10,73753,acorn,64,1,49,0.8388,0.2857,0.00372,1.604,2.087,2.173,1.616,2307.7,10.0,11074.2,68.1,3.0,3.0,0.0,0.0,0.0,0.0,0.00,acorn:48|rre:1
beir500k-f32,neg10_cat06,neg10,73753,acorn,64,2,49,0.8388,0.2857,0.00372,1.627,2.040,2.167,1.606,2307.7,10.0,11074.2,68.1,3.0,3.0,0.0,0.0,0.0,0.0,0.00,acorn:48|rre:1
beir500k-f32,neg10_cat06,neg10,73753,acorn,64,3,49,0.8388,0.2857,0.00372,1.617,2.041,2.153,1.599,2307.7,10.0,11074.2,68.1,3.0,3.0,0.0,0.0,0.0,0.0,0.00,acorn:48|rre:1
beir500k-f32,neg10_cat06,neg10,73753,acorn,128,1,49,0.9143,0.4694,0.00198,2.679,3.297,3.468,2.647,3829.0,10.0,16949.6,131.2,4.0,4.0,0.0,0.0,0.0,0.0,0.00,acorn:48|rre:1
beir500k-f32,neg10_cat06,neg10,73753,acorn,128,2,49,0.9143,0.4694,0.00198,2.667,3.315,3.575,2.660,3829.0,10.0,16949.6,131.2,4.0,4.0,0.0,0.0,0.0,0.0,0.00,acorn:48|rre:1
beir500k-f32,neg10_cat06,neg10,73753,acorn,128,3,49,0.9143,0.4694,0.00198,2.684,3.301,3.612,2.653,3829.0,10.0,16949.6,131.2,4.0,4.0,0.0,0.0,0.0,0.0,0.00,acorn:48|rre:1
beir500k-f32,neg10_cat06,neg10,73753,acorn,256,1,49,0.9510,0.6327,0.00113,4.390,5.665,5.906,4.373,6294.1,10.0,25813.3,259.0,6.0,6.0,0.0,0.0,0.0,0.0,0.00,acorn:48|rre:1
beir500k-f32,neg10_cat06,neg10,73753,acorn,256,2,49,0.9510,0.6327,0.00113,4.707,5.722,5.906,4.503,6294.1,10.0,25813.3,259.0,6.0,6.0,0.0,0.0,0.0,0.0,0.00,acorn:48|rre:1
beir500k-f32,neg10_cat06,neg10,73753,acorn,256,3,49,0.9510,0.6327,0.00113,4.405,5.681,5.983,4.377,6294.1,10.0,25813.3,259.0,6.0,6.0,0.0,0.0,0.0,0.0,0.00,acorn:48|rre:1
beir500k-f32,neg10_cat06,neg10,73753,acorn,512,1,49,0.9694,0.7347,0.00072,7.362,9.286,9.790,7.211,10047.3,10.0,38798.3,514.6,13.0,12.0,0.0,0.0,0.0,0.0,0.00,acorn:48|rre:1
beir500k-f32,neg10_cat06,neg10,73753,acorn,512,2,49,0.9694,0.7347,0.00072,7.351,9.324,9.722,7.220,10047.3,10.0,38798.3,514.6,13.0,12.0,0.0,0.0,0.0,0.0,0.00,acorn:48|rre:1
beir500k-f32,neg10_cat06,neg10,73753,acorn,512,3,49,0.9694,0.7347,0.00072,7.444,9.245,9.845,7.236,10047.3,10.0,38798.3,514.6,13.0,12.0,0.0,0.0,0.0,0.0,0.00,acorn:48|rre:1
beir500k-f32,neg10_cat07,neg10,63741,sweeping,64,1,41,0.9634,0.8293,0.00094,19.630,46.387,64.659,22.939,40149.8,0.0,10258.3,4784.1,3.0,162.0,0.0,0.0,0.0,0.0,0.00,sweeping:41
beir500k-f32,neg10_cat07,neg10,63741,sweeping,64,2,41,0.9634,0.8293,0.00094,19.665,46.147,65.052,23.234,40149.8,0.0,10258.3,4784.1,3.0,162.0,0.0,0.0,0.0,0.0,0.00,sweeping:41
beir500k-f32,neg10_cat07,neg10,63741,sweeping,64,3,41,0.9634,0.8293,0.00094,19.385,46.188,64.970,22.939,40149.8,0.0,10258.3,4784.1,3.0,162.0,0.0,0.0,0.0,0.0,0.00,sweeping:41
beir500k-f32,neg10_cat07,neg10,63741,sweeping,128,1,41,0.9829,0.8780,0.00033,26.955,59.238,81.122,31.279,53742.7,0.0,14856.0,6837.8,5.0,321.0,0.0,0.0,0.0,0.0,0.00,sweeping:41
beir500k-f32,neg10_cat07,neg10,63741,sweeping,128,2,41,0.9829,0.8780,0.00033,27.032,58.659,81.551,31.364,53742.7,0.0,14856.0,6837.8,5.0,321.0,0.0,0.0,0.0,0.0,0.00,sweeping:41
beir500k-f32,neg10_cat07,neg10,63741,sweeping,128,3,41,0.9829,0.8780,0.00033,27.282,62.303,81.440,31.571,53742.7,0.0,14856.0,6837.8,5.0,321.0,0.0,0.0,0.0,0.0,0.00,sweeping:41
beir500k-f32,neg10_cat07,neg10,63741,sweeping,256,1,41,0.9902,0.9268,0.00024,38.124,79.951,104.819,43.281,72625.9,0.0,21314.2,9938.0,10.0,668.0,0.0,0.0,0.0,0.0,0.00,sweeping:41
beir500k-f32,neg10_cat07,neg10,63741,sweeping,256,2,41,0.9902,0.9268,0.00024,37.984,79.746,106.901,43.433,72625.9,0.0,21314.2,9938.0,10.0,668.0,0.0,0.0,0.0,0.0,0.00,sweeping:41
beir500k-f32,neg10_cat07,neg10,63741,sweeping,256,3,41,0.9902,0.9268,0.00024,37.744,79.456,108.962,43.365,72625.9,0.0,21314.2,9938.0,10.0,668.0,0.0,0.0,0.0,0.0,0.00,sweeping:41
beir500k-f32,neg10_cat07,neg10,63741,sweeping,512,1,41,0.9951,0.9512,0.00017,54.844,107.255,135.478,59.673,97652.2,0.0,30511.1,14445.8,20.0,1219.0,0.0,0.0,0.0,0.0,0.00,sweeping:41
beir500k-f32,neg10_cat07,neg10,63741,sweeping,512,2,41,0.9951,0.9512,0.00017,54.536,114.853,135.150,60.097,97652.2,0.0,30511.1,14445.8,20.0,1219.0,0.0,0.0,0.0,0.0,0.00,sweeping:41
beir500k-f32,neg10_cat07,neg10,63741,sweeping,512,3,41,0.9951,0.9512,0.00017,54.509,107.815,135.422,59.766,97652.2,0.0,30511.1,14445.8,20.0,1219.0,0.0,0.0,0.0,0.0,0.00,sweeping:41
beir500k-f32,neg10_cat07,neg10,63741,pathseer,64,1,41,0.9537,0.7805,0.00119,4.241,15.446,22.244,5.898,6290.3,0.0,26530.5,2623.8,3.0,155.0,151.4,6.0,18549.8,2.4,0.00,pathseer:41
beir500k-f32,neg10_cat07,neg10,63741,pathseer,64,2,41,0.9537,0.7805,0.00119,4.233,15.519,22.390,5.923,6290.3,0.0,26530.5,2623.8,3.0,155.0,151.4,6.0,18549.8,2.4,0.00,pathseer:41
beir500k-f32,neg10_cat07,neg10,63741,pathseer,64,3,41,0.9537,0.7805,0.00119,4.218,15.323,22.313,5.905,6290.3,0.0,26530.5,2623.8,3.0,155.0,151.4,6.0,18549.8,2.4,0.00,pathseer:41
beir500k-f32,neg10_cat07,neg10,63741,pathseer,128,1,41,0.9829,0.8780,0.00034,7.496,22.918,31.567,9.433,10259.4,0.0,38092.5,4118.6,5.0,309.0,270.0,12.1,25378.4,4.2,0.00,pathseer:41
beir500k-f32,neg10_cat07,neg10,63741,pathseer,128,2,41,0.9829,0.8780,0.00034,7.497,22.945,31.528,9.476,10259.4,0.0,38092.5,4118.6,5.0,309.0,270.0,12.1,25378.4,4.2,0.00,pathseer:41
beir500k-f32,neg10_cat07,neg10,63741,pathseer,128,3,41,0.9829,0.8780,0.00034,7.455,23.039,31.455,9.419,10259.4,0.0,38092.5,4118.6,5.0,309.0,270.0,12.1,25378.4,4.2,0.00,pathseer:41
beir500k-f32,neg10_cat07,neg10,63741,pathseer,256,1,41,0.9902,0.9268,0.00024,12.670,31.868,43.691,15.317,16755.7,0.0,55285.7,6528.0,9.0,606.0,546.3,22.1,34852.0,8.5,0.00,pathseer:41
beir500k-f32,neg10_cat07,neg10,63741,pathseer,256,2,41,0.9902,0.9268,0.00024,12.582,32.030,41.302,15.226,16755.7,0.0,55285.7,6528.0,9.0,606.0,546.3,22.1,34852.0,8.5,0.00,pathseer:41
beir500k-f32,neg10_cat07,neg10,63741,pathseer,256,3,41,0.9902,0.9268,0.00024,12.692,31.973,41.754,15.246,16755.7,0.0,55285.7,6528.0,9.0,606.0,546.3,22.1,34852.0,8.5,0.00,pathseer:41
beir500k-f32,neg10_cat07,neg10,63741,pathseer,512,1,41,0.9951,0.9512,0.00017,20.078,45.938,59.144,23.825,26367.1,0.0,77682.8,10024.7,18.0,1097.0,1181.7,45.2,45929.2,18.5,0.00,pathseer:41
beir500k-f32,neg10_cat07,neg10,63741,pathseer,512,2,41,0.9951,0.9512,0.00017,20.176,46.336,59.230,23.846,26367.1,0.0,77682.8,10024.7,18.0,1097.0,1181.7,45.2,45929.2,18.5,0.00,pathseer:41
beir500k-f32,neg10_cat07,neg10,63741,pathseer,512,3,41,0.9951,0.9512,0.00017,20.101,46.625,58.868,23.715,26367.1,0.0,77682.8,10024.7,18.0,1097.0,1181.7,45.2,45929.2,18.5,0.00,pathseer:41
beir500k-f32,neg10_cat07,neg10,63741,ours-no-twohop,64,1,41,0.9537,0.7805,0.00119,4.345,15.547,22.340,6.048,6468.1,0.0,27091.4,2686.9,3.0,162.0,0.0,0.0,19015.8,0.0,0.00,pathseer:41
beir500k-f32,neg10_cat07,neg10,63741,ours-no-twohop,64,2,41,0.9537,0.7805,0.00119,4.559,15.601,24.102,6.161,6468.1,0.0,27091.4,2686.9,3.0,162.0,0.0,0.0,19015.8,0.0,0.00,pathseer:41
beir500k-f32,neg10_cat07,neg10,63741,ours-no-twohop,64,3,41,0.9537,0.7805,0.00119,4.383,15.581,22.273,6.081,6468.1,0.0,27091.4,2686.9,3.0,162.0,0.0,0.0,19015.8,0.0,0.00,pathseer:41
beir500k-f32,neg10_cat07,neg10,63741,ours-no-twohop,128,1,41,0.9829,0.8780,0.00034,7.730,23.275,31.394,9.795,10673.0,0.0,39079.8,4252.9,5.0,321.0,0.0,0.0,26070.9,0.0,0.00,pathseer:41
beir500k-f32,neg10_cat07,neg10,63741,ours-no-twohop,128,2,41,0.9829,0.8780,0.00034,7.685,23.018,31.572,9.793,10673.0,0.0,39079.8,4252.9,5.0,321.0,0.0,0.0,26070.9,0.0,0.00,pathseer:41
beir500k-f32,neg10_cat07,neg10,63741,ours-no-twohop,128,3,41,0.9829,0.8780,0.00034,7.663,23.165,31.463,9.842,10673.0,0.0,39079.8,4252.9,5.0,321.0,0.0,0.0,26070.9,0.0,0.00,pathseer:41
beir500k-f32,neg10_cat07,neg10,63741,ours-no-twohop,256,1,41,0.9902,0.9268,0.00024,12.869,31.978,41.539,15.461,17073.0,0.0,55392.4,6608.7,10.0,668.0,0.0,0.0,35077.0,0.0,0.00,pathseer:41
beir500k-f32,neg10_cat07,neg10,63741,ours-no-twohop,256,2,41,0.9902,0.9268,0.00024,13.113,31.856,41.823,15.504,17073.0,0.0,55392.4,6608.7,10.0,668.0,0.0,0.0,35077.0,0.0,0.00,pathseer:41
beir500k-f32,neg10_cat07,neg10,63741,ours-no-twohop,256,3,41,0.9902,0.9268,0.00024,13.272,31.845,44.879,15.553,17073.0,0.0,55392.4,6608.7,10.0,668.0,0.0,0.0,35077.0,0.0,0.00,pathseer:41
beir500k-f32,neg10_cat07,neg10,63741,ours-no-twohop,512,1,41,0.9951,0.9512,0.00017,20.175,45.911,58.719,24.046,26810.1,0.0,77370.5,10136.5,20.0,1219.0,0.0,0.0,46145.5,0.0,0.00,pathseer:41
beir500k-f32,neg10_cat07,neg10,63741,ours-no-twohop,512,2,41,0.9951,0.9512,0.00017,20.304,46.421,58.787,24.090,26810.1,0.0,77370.5,10136.5,20.0,1219.0,0.0,0.0,46145.5,0.0,0.00,pathseer:41
beir500k-f32,neg10_cat07,neg10,63741,ours-no-twohop,512,3,41,0.9951,0.9512,0.00017,20.249,49.497,58.747,24.153,26810.1,0.0,77370.5,10136.5,20.0,1219.0,0.0,0.0,46145.5,0.0,0.00,pathseer:41
beir500k-f32,neg10_cat07,neg10,63741,ours-guard,64,1,41,0.9537,0.7805,0.00119,4.223,15.069,22.890,5.990,6151.3,0.0,25356.2,2674.4,3.0,162.0,0.0,0.0,19091.5,0.0,0.00,pathseer:41
beir500k-f32,neg10_cat07,neg10,63741,ours-guard,64,2,41,0.9537,0.7805,0.00119,4.146,15.159,22.344,5.884,6151.3,0.0,25356.2,2674.4,3.0,162.0,0.0,0.0,19091.5,0.0,0.00,pathseer:41
beir500k-f32,neg10_cat07,neg10,63741,ours-guard,64,3,41,0.9537,0.7805,0.00119,4.225,15.328,22.303,5.922,6151.3,0.0,25356.2,2674.4,3.0,162.0,0.0,0.0,19091.5,0.0,0.00,pathseer:41
beir500k-f32,neg10_cat07,neg10,63741,ours-guard,128,1,41,0.9829,0.8780,0.00034,7.312,22.295,31.134,9.502,10148.8,0.0,36606.4,4233.0,5.0,321.0,0.0,0.0,26239.3,0.0,0.00,pathseer:41
beir500k-f32,neg10_cat07,neg10,63741,ours-guard,128,2,41,0.9829,0.8780,0.00034,7.930,25.823,31.875,10.267,10148.8,0.0,36606.4,4233.0,5.0,321.0,0.0,0.0,26239.3,0.0,0.00,pathseer:41
beir500k-f32,neg10_cat07,neg10,63741,ours-guard,128,3,41,0.9829,0.8780,0.00034,7.627,22.792,32.124,9.692,10148.8,0.0,36606.4,4233.0,5.0,321.0,0.0,0.0,26239.3,0.0,0.00,pathseer:41
beir500k-f32,neg10_cat07,neg10,63741,ours-guard,256,1,41,0.9902,0.9268,0.00024,12.380,31.186,40.884,15.035,16211.9,0.0,52033.3,6576.3,10.0,668.0,0.0,0.0,35417.8,0.0,0.00,pathseer:41
beir500k-f32,neg10_cat07,neg10,63741,ours-guard,256,2,41,0.9902,0.9268,0.00024,12.358,31.005,41.088,15.095,16211.9,0.0,52033.3,6576.3,10.0,668.0,0.0,0.0,35417.8,0.0,0.00,pathseer:41
beir500k-f32,neg10_cat07,neg10,63741,ours-guard,256,3,41,0.9902,0.9268,0.00024,12.382,31.190,40.788,14.957,16211.9,0.0,52033.3,6576.3,10.0,668.0,0.0,0.0,35417.8,0.0,0.00,pathseer:41
beir500k-f32,neg10_cat07,neg10,63741,ours-guard,512,1,41,0.9951,0.9512,0.00017,19.282,44.335,58.211,23.275,25435.8,0.0,72962.7,10086.2,20.0,1219.0,0.0,0.0,46776.9,0.0,0.00,pathseer:41
beir500k-f32,neg10_cat07,neg10,63741,ours-guard,512,2,41,0.9951,0.9512,0.00017,19.294,44.224,57.959,23.247,25435.8,0.0,72962.7,10086.2,20.0,1219.0,0.0,0.0,46776.9,0.0,0.00,pathseer:41
beir500k-f32,neg10_cat07,neg10,63741,ours-guard,512,3,41,0.9951,0.9512,0.00017,19.280,44.409,58.687,23.356,25435.8,0.0,72962.7,10086.2,20.0,1219.0,0.0,0.0,46776.9,0.0,0.00,pathseer:41
beir500k-f32,neg10_cat07,neg10,63741,acorn,64,1,41,0.8780,0.4390,0.00319,1.394,2.103,2.409,1.474,1858.3,10.0,11898.3,69.1,3.0,3.0,0.0,0.0,0.0,0.0,0.00,acorn:40|rre:1
beir500k-f32,neg10_cat07,neg10,63741,acorn,64,2,41,0.8780,0.4390,0.00319,1.389,2.082,2.395,1.468,1858.3,10.0,11898.3,69.1,3.0,3.0,0.0,0.0,0.0,0.0,0.00,acorn:40|rre:1
beir500k-f32,neg10_cat07,neg10,63741,acorn,64,3,41,0.8780,0.4390,0.00319,1.394,2.150,2.470,1.498,1858.3,10.0,11898.3,69.1,3.0,3.0,0.0,0.0,0.0,0.0,0.00,acorn:40|rre:1
beir500k-f32,neg10_cat07,neg10,63741,acorn,128,1,41,0.9293,0.6585,0.00179,2.445,3.623,4.005,2.554,3167.4,10.0,18836.3,132.3,5.0,5.0,0.0,0.0,0.0,0.0,0.00,acorn:40|rre:1
beir500k-f32,neg10_cat07,neg10,63741,acorn,128,2,41,0.9293,0.6585,0.00179,2.435,3.283,3.450,2.479,3167.4,10.0,18836.3,132.3,5.0,5.0,0.0,0.0,0.0,0.0,0.00,acorn:40|rre:1
beir500k-f32,neg10_cat07,neg10,63741,acorn,128,3,41,0.9293,0.6585,0.00179,2.389,3.244,3.433,2.451,3167.4,10.0,18836.3,132.3,5.0,5.0,0.0,0.0,0.0,0.0,0.00,acorn:40|rre:1
beir500k-f32,neg10_cat07,neg10,63741,acorn,256,1,41,0.9659,0.7317,0.00117,4.199,5.570,5.738,4.233,5314.6,10.0,29382.6,259.4,9.0,8.0,0.0,0.0,0.0,0.0,0.00,acorn:40|rre:1
beir500k-f32,neg10_cat07,neg10,63741,acorn,256,2,41,0.9659,0.7317,0.00117,4.332,5.458,6.130,4.313,5314.6,10.0,29382.6,259.4,9.0,8.0,0.0,0.0,0.0,0.0,0.00,acorn:40|rre:1
beir500k-f32,neg10_cat07,neg10,63741,acorn,256,3,41,0.9659,0.7317,0.00117,4.161,5.175,5.517,4.156,5314.6,10.0,29382.6,259.4,9.0,8.0,0.0,0.0,0.0,0.0,0.00,acorn:40|rre:1
beir500k-f32,neg10_cat07,neg10,63741,acorn,512,1,41,0.9780,0.8293,0.00099,7.363,8.963,9.608,7.062,8700.9,10.0,45171.9,514.4,16.0,16.0,0.0,0.0,0.0,0.0,0.00,acorn:40|rre:1
beir500k-f32,neg10_cat07,neg10,63741,acorn,512,2,41,0.9780,0.8293,0.00099,7.351,8.603,8.872,7.016,8700.9,10.0,45171.9,514.4,16.0,16.0,0.0,0.0,0.0,0.0,0.00,acorn:40|rre:1
beir500k-f32,neg10_cat07,neg10,63741,acorn,512,3,41,0.9780,0.8293,0.00099,7.231,8.613,9.197,6.987,8700.9,10.0,45171.9,514.4,16.0,16.0,0.0,0.0,0.0,0.0,0.00,acorn:40|rre:1
beir500k-f32,neg10_cat08,neg10,63800,sweeping,64,1,52,0.9923,0.9423,0.00013,42.906,60.119,75.206,40.222,59156.8,0.0,19275.1,13528.1,3.0,690.0,0.0,0.0,0.0,0.0,0.00,sweeping:52
beir500k-f32,neg10_cat08,neg10,63800,sweeping,64,2,52,0.9923,0.9423,0.00013,43.004,59.965,74.404,40.231,59156.8,0.0,19275.1,13528.1,3.0,690.0,0.0,0.0,0.0,0.0,0.00,sweeping:52
beir500k-f32,neg10_cat08,neg10,63800,sweeping,64,3,52,0.9923,0.9423,0.00013,42.793,60.930,71.039,40.959,59156.8,0.0,19275.1,13528.1,3.0,690.0,0.0,0.0,0.0,0.0,0.00,sweeping:52
beir500k-f32,neg10_cat08,neg10,63800,sweeping,128,1,52,0.9942,0.9423,0.00008,55.015,77.892,94.540,53.558,77663.4,0.0,26073.1,18188.5,5.0,1434.0,0.0,0.0,0.0,0.0,0.00,sweeping:52
beir500k-f32,neg10_cat08,neg10,63800,sweeping,128,2,52,0.9942,0.9423,0.00008,54.865,77.846,94.562,53.416,77663.4,0.0,26073.1,18188.5,5.0,1434.0,0.0,0.0,0.0,0.0,0.00,sweeping:52
beir500k-f32,neg10_cat08,neg10,63800,sweeping,128,3,52,0.9942,0.9423,0.00008,55.743,79.353,94.446,53.683,77663.4,0.0,26073.1,18188.5,5.0,1434.0,0.0,0.0,0.0,0.0,0.00,sweeping:52
beir500k-f32,neg10_cat08,neg10,63800,sweeping,256,1,52,0.9981,0.9808,0.00000,73.972,104.200,119.251,72.581,104502.2,0.0,35856.5,24780.7,10.0,2481.0,0.0,0.0,0.0,0.0,0.00,sweeping:52
beir500k-f32,neg10_cat08,neg10,63800,sweeping,256,2,52,0.9981,0.9808,0.00000,73.490,104.105,119.176,72.789,104502.2,0.0,35856.5,24780.7,10.0,2481.0,0.0,0.0,0.0,0.0,0.00,sweeping:52
beir500k-f32,neg10_cat08,neg10,63800,sweeping,256,3,52,0.9981,0.9808,0.00000,73.387,106.919,119.139,72.565,104502.2,0.0,35856.5,24780.7,10.0,2481.0,0.0,0.0,0.0,0.0,0.00,sweeping:52
beir500k-f32,neg10_cat08,neg10,63800,sweeping,512,1,52,0.9981,0.9808,0.00000,101.638,143.538,149.924,100.720,143214.7,0.0,50849.8,34716.0,20.0,4886.0,0.0,0.0,0.0,0.0,0.00,sweeping:52
beir500k-f32,neg10_cat08,neg10,63800,sweeping,512,2,52,0.9981,0.9808,0.00000,101.522,147.302,149.792,100.841,143214.7,0.0,50849.8,34716.0,20.0,4886.0,0.0,0.0,0.0,0.0,0.00,sweeping:52
beir500k-f32,neg10_cat08,neg10,63800,sweeping,512,3,52,0.9981,0.9808,0.00000,101.093,143.265,149.801,101.191,143214.7,0.0,50849.8,34716.0,20.0,4886.0,0.0,0.0,0.0,0.0,0.00,sweeping:52
beir500k-f32,neg10_cat08,neg10,63800,pathseer,64,1,52,0.9846,0.8846,0.00022,12.610,21.392,21.855,12.791,10944.5,0.0,45187.8,7578.0,3.0,690.0,148.9,2.0,27200.6,2.3,0.00,pathseer:52
beir500k-f32,neg10_cat08,neg10,63800,pathseer,64,2,52,0.9846,0.8846,0.00022,12.651,21.460,21.927,12.697,10944.5,0.0,45187.8,7578.0,3.0,690.0,148.9,2.0,27200.6,2.3,0.00,pathseer:52
beir500k-f32,neg10_cat08,neg10,63800,pathseer,64,3,52,0.9846,0.8846,0.00022,12.537,21.608,22.055,12.650,10944.5,0.0,45187.8,7578.0,3.0,690.0,148.9,2.0,27200.6,2.3,0.00,pathseer:52
beir500k-f32,neg10_cat08,neg10,63800,pathseer,128,1,52,0.9923,0.9423,0.00013,19.228,29.411,29.965,19.268,16684.3,0.0,61070.9,11293.4,5.0,1434.0,264.6,5.2,34064.8,4.1,0.00,pathseer:52
beir500k-f32,neg10_cat08,neg10,63800,pathseer,128,2,52,0.9923,0.9423,0.00013,19.080,29.585,30.296,19.275,16684.3,0.0,61070.9,11293.4,5.0,1434.0,264.6,5.2,34064.8,4.1,0.00,pathseer:52
beir500k-f32,neg10_cat08,neg10,63800,pathseer,128,3,52,0.9923,0.9423,0.00013,19.098,29.290,30.296,19.190,16684.3,0.0,61070.9,11293.4,5.0,1434.0,264.6,5.2,34064.8,4.1,0.00,pathseer:52
beir500k-f32,neg10_cat08,neg10,63800,pathseer,256,1,52,0.9942,0.9615,0.00011,28.415,41.356,43.059,28.669,25093.7,0.0,83690.1,16555.6,9.0,2477.0,534.2,9.2,43706.2,8.3,0.00,pathseer:52
beir500k-f32,neg10_cat08,neg10,63800,pathseer,256,2,52,0.9942,0.9615,0.00011,29.387,41.409,43.050,28.656,25093.7,0.0,83690.1,16555.6,9.0,2477.0,534.2,9.2,43706.2,8.3,0.00,pathseer:52
beir500k-f32,neg10_cat08,neg10,63800,pathseer,256,3,52,0.9942,0.9615,0.00011,28.122,41.458,43.153,28.546,25093.7,0.0,83690.1,16555.6,9.0,2477.0,534.2,9.2,43706.2,8.3,0.00,pathseer:52
beir500k-f32,neg10_cat08,neg10,63800,pathseer,512,1,52,0.9981,0.9808,0.00000,42.415,62.145,66.901,41.743,37108.7,0.0,116244.4,23763.8,19.0,4870.0,1179.1,18.1,58067.4,18.4,0.00,pathseer:52
beir500k-f32,neg10_cat08,neg10,63800,pathseer,512,2,52,0.9981,0.9808,0.00000,42.734,61.692,66.977,41.895,37108.7,0.0,116244.4,23763.8,19.0,4870.0,1179.1,18.1,58067.4,18.4,0.00,pathseer:52
beir500k-f32,neg10_cat08,neg10,63800,pathseer,512,3,52,0.9981,0.9808,0.00000,42.382,60.839,67.207,42.010,37108.7,0.0,116244.4,23763.8,19.0,4870.0,1179.1,18.1,58067.4,18.4,0.00,pathseer:52
beir500k-f32,neg10_cat08,neg10,63800,ours-no-twohop,64,1,52,0.9846,0.8846,0.00022,13.209,21.493,21.849,12.966,11058.4,0.0,45321.0,7635.0,3.0,690.0,0.0,0.0,27305.0,0.0,0.00,pathseer:52
beir500k-f32,neg10_cat08,neg10,63800,ours-no-twohop,64,2,52,0.9846,0.8846,0.00022,13.177,21.367,22.086,12.904,11058.4,0.0,45321.0,7635.0,3.0,690.0,0.0,0.0,27305.0,0.0,0.00,pathseer:52
beir500k-f32,neg10_cat08,neg10,63800,ours-no-twohop,64,3,52,0.9846,0.8846,0.00022,13.094,21.550,22.120,12.999,11058.4,0.0,45321.0,7635.0,3.0,690.0,0.0,0.0,27305.0,0.0,0.00,pathseer:52
beir500k-f32,neg10_cat08,neg10,63800,ours-no-twohop,128,1,52,0.9923,0.9423,0.00013,19.863,29.583,30.575,19.750,16979.0,0.0,61363.3,11426.5,5.0,1434.0,0.0,0.0,34181.3,0.0,0.00,pathseer:52
beir500k-f32,neg10_cat08,neg10,63800,ours-no-twohop,128,2,52,0.9923,0.9423,0.00013,19.297,29.334,30.404,19.480,16979.0,0.0,61363.3,11426.5,5.0,1434.0,0.0,0.0,34181.3,0.0,0.00,pathseer:52
beir500k-f32,neg10_cat08,neg10,63800,ours-no-twohop,128,3,52,0.9923,0.9423,0.00013,19.377,29.542,30.258,19.544,16979.0,0.0,61363.3,11426.5,5.0,1434.0,0.0,0.0,34181.3,0.0,0.00,pathseer:52
beir500k-f32,neg10_cat08,neg10,63800,ours-no-twohop,256,1,52,0.9942,0.9615,0.00011,29.326,41.868,43.344,28.766,25287.1,0.0,83505.6,16632.6,10.0,2481.0,0.0,0.0,43756.6,0.0,0.00,pathseer:52
beir500k-f32,neg10_cat08,neg10,63800,ours-no-twohop,256,2,52,0.9942,0.9615,0.00011,29.310,41.493,43.040,28.784,25287.1,0.0,83505.6,16632.6,10.0,2481.0,0.0,0.0,43756.6,0.0,0.00,pathseer:52
beir500k-f32,neg10_cat08,neg10,63800,ours-no-twohop,256,3,52,0.9942,0.9615,0.00011,28.897,41.849,43.571,28.916,25287.1,0.0,83505.6,16632.6,10.0,2481.0,0.0,0.0,43756.6,0.0,0.00,pathseer:52
beir500k-f32,neg10_cat08,neg10,63800,ours-no-twohop,512,1,52,0.9981,0.9808,0.00000,42.422,60.727,66.636,41.917,37300.8,0.0,115516.3,23843.6,20.0,4886.0,0.0,0.0,58155.6,0.0,0.00,pathseer:52
beir500k-f32,neg10_cat08,neg10,63800,ours-no-twohop,512,2,52,0.9981,0.9808,0.00000,42.608,60.854,66.482,41.911,37300.8,0.0,115516.3,23843.6,20.0,4886.0,0.0,0.0,58155.6,0.0,0.00,pathseer:52
beir500k-f32,neg10_cat08,neg10,63800,ours-no-twohop,512,3,52,0.9981,0.9808,0.00000,42.189,60.754,66.472,41.990,37300.8,0.0,115516.3,23843.6,20.0,4886.0,0.0,0.0,58155.6,0.0,0.00,pathseer:52
beir500k-f32,neg10_cat08,neg10,63800,ours-guard,64,1,52,0.9846,0.8846,0.00022,12.370,21.555,21.944,12.669,10629.3,0.0,38289.4,7623.8,3.0,690.0,0.0,0.0,27569.5,0.0,0.00,pathseer:52
beir500k-f32,neg10_cat08,neg10,63800,ours-guard,64,2,52,0.9846,0.8846,0.00022,12.323,21.515,24.774,13.024,10629.3,0.0,38289.4,7623.8,3.0,690.0,0.0,0.0,27569.5,0.0,0.00,pathseer:52
beir500k-f32,neg10_cat08,neg10,63800,ours-guard,64,3,52,0.9846,0.8846,0.00022,12.294,21.071,22.072,12.445,10629.3,0.0,38289.4,7623.8,3.0,690.0,0.0,0.0,27569.5,0.0,0.00,pathseer:52
beir500k-f32,neg10_cat08,neg10,63800,ours-guard,128,1,52,0.9923,0.9423,0.00013,18.797,28.806,29.564,19.016,16287.7,0.0,51091.9,11413.7,5.0,1434.0,0.0,0.0,34637.7,0.0,0.00,pathseer:52
beir500k-f32,neg10_cat08,neg10,63800,ours-guard,128,2,52,0.9923,0.9423,0.00013,19.099,28.845,29.568,19.256,16287.7,0.0,51091.9,11413.7,5.0,1434.0,0.0,0.0,34637.7,0.0,0.00,pathseer:52
beir500k-f32,neg10_cat08,neg10,63800,ours-guard,128,3,52,0.9923,0.9423,0.00013,18.852,28.633,30.570,19.062,16287.7,0.0,51091.9,11413.7,5.0,1434.0,0.0,0.0,34637.7,0.0,0.00,pathseer:52
beir500k-f32,neg10_cat08,neg10,63800,ours-guard,256,1,52,0.9942,0.9615,0.00011,28.295,41.126,42.384,28.035,24179.4,0.0,68930.8,16597.3,10.0,2481.0,0.0,0.0,44437.7,0.0,0.00,pathseer:52
beir500k-f32,neg10_cat08,neg10,63800,ours-guard,256,2,52,0.9942,0.9615,0.00011,28.231,40.840,42.518,27.964,24179.4,0.0,68930.8,16597.3,10.0,2481.0,0.0,0.0,44437.7,0.0,0.00,pathseer:52
beir500k-f32,neg10_cat08,neg10,63800,ours-guard,256,3,52,0.9942,0.9615,0.00011,28.467,41.300,42.308,28.152,24179.4,0.0,68930.8,16597.3,10.0,2481.0,0.0,0.0,44437.7,0.0,0.00,pathseer:52
beir500k-f32,neg10_cat08,neg10,63800,ours-guard,512,1,52,0.9981,0.9808,0.00000,41.123,59.150,65.419,40.702,35567.3,0.0,95306.2,23767.0,20.0,4886.0,0.0,0.0,59158.1,0.0,0.00,pathseer:52
beir500k-f32,neg10_cat08,neg10,63800,ours-guard,512,2,52,0.9981,0.9808,0.00000,41.307,59.415,65.406,40.769,35567.3,0.0,95306.2,23767.0,20.0,4886.0,0.0,0.0,59158.1,0.0,0.00,pathseer:52
beir500k-f32,neg10_cat08,neg10,63800,ours-guard,512,3,52,0.9981,0.9808,0.00000,42.946,59.509,65.643,40.876,35567.3,0.0,95306.2,23767.0,20.0,4886.0,0.0,0.0,59158.1,0.0,0.00,pathseer:52
beir500k-f32,neg10_cat08,neg10,63800,acorn,64,1,52,0.8692,0.3077,0.00351,1.832,2.122,2.244,1.779,1958.1,10.0,17343.9,67.4,3.0,3.0,0.0,0.0,0.0,0.0,0.00,acorn:52
beir500k-f32,neg10_cat08,neg10,63800,acorn,64,2,52,0.8692,0.3077,0.00351,1.775,2.125,2.250,1.749,1958.1,10.0,17343.9,67.4,3.0,3.0,0.0,0.0,0.0,0.0,0.00,acorn:52
beir500k-f32,neg10_cat08,neg10,63800,acorn,64,3,52,0.8692,0.3077,0.00351,1.807,2.115,2.175,1.756,1958.1,10.0,17343.9,67.4,3.0,3.0,0.0,0.0,0.0,0.0,0.00,acorn:52
beir500k-f32,neg10_cat08,neg10,63800,acorn,128,1,52,0.9115,0.5385,0.00238,2.864,3.293,3.316,2.779,3124.5,10.0,25462.7,130.9,4.0,4.0,0.0,0.0,0.0,0.0,0.00,acorn:52
beir500k-f32,neg10_cat08,neg10,63800,acorn,128,2,52,0.9115,0.5385,0.00238,2.780,3.437,3.517,2.794,3124.5,10.0,25462.7,130.9,4.0,4.0,0.0,0.0,0.0,0.0,0.00,acorn:52
beir500k-f32,neg10_cat08,neg10,63800,acorn,128,3,52,0.9115,0.5385,0.00238,2.973,3.657,3.932,2.912,3124.5,10.0,25462.7,130.9,4.0,4.0,0.0,0.0,0.0,0.0,0.00,acorn:52
beir500k-f32,neg10_cat08,neg10,63800,acorn,256,1,52,0.9404,0.5962,0.00164,4.568,5.263,5.707,4.503,4943.1,10.0,37455.1,258.8,8.0,7.0,0.0,0.0,0.0,0.0,0.00,acorn:52
beir500k-f32,neg10_cat08,neg10,63800,acorn,256,2,52,0.9404,0.5962,0.00164,4.496,5.195,5.459,4.431,4943.1,10.0,37455.1,258.8,8.0,7.0,0.0,0.0,0.0,0.0,0.00,acorn:52
beir500k-f32,neg10_cat08,neg10,63800,acorn,256,3,52,0.9404,0.5962,0.00164,4.458,5.334,5.464,4.467,4943.1,10.0,37455.1,258.8,8.0,7.0,0.0,0.0,0.0,0.0,0.00,acorn:52
beir500k-f32,neg10_cat08,neg10,63800,acorn,512,1,52,0.9654,0.7308,0.00116,7.267,8.117,8.532,7.212,7740.6,10.0,53802.2,514.5,15.0,15.0,0.0,0.0,0.0,0.0,0.00,acorn:52
beir500k-f32,neg10_cat08,neg10,63800,acorn,512,2,52,0.9654,0.7308,0.00116,7.401,8.494,8.774,7.340,7740.6,10.0,53802.2,514.5,15.0,15.0,0.0,0.0,0.0,0.0,0.00,acorn:52
beir500k-f32,neg10_cat08,neg10,63800,acorn,512,3,52,0.9654,0.7308,0.00116,7.211,8.199,8.356,7.167,7740.6,10.0,53802.2,514.5,15.0,15.0,0.0,0.0,0.0,0.0,0.00,acorn:52
beir500k-f32,neg10_cat09,neg10,60723,sweeping,64,1,55,0.9564,0.7273,0.00051,94.925,140.630,144.291,94.231,124276.1,0.0,50928.5,37472.3,3.0,4041.0,0.0,0.0,0.0,0.0,0.00,sweeping:55
beir500k-f32,neg10_cat09,neg10,60723,sweeping,64,2,55,0.9564,0.7273,0.00051,94.748,142.022,145.138,93.888,124276.1,0.0,50928.5,37472.3,3.0,4041.0,0.0,0.0,0.0,0.0,0.00,sweeping:55
beir500k-f32,neg10_cat09,neg10,60723,sweeping,64,3,55,0.9564,0.7273,0.00051,95.114,140.669,143.905,94.124,124276.1,0.0,50928.5,37472.3,3.0,4041.0,0.0,0.0,0.0,0.0,0.00,sweeping:55
beir500k-f32,neg10_cat09,neg10,60723,sweeping,128,1,55,0.9745,0.7818,0.00031,111.432,162.453,166.258,113.468,148300.9,0.0,63414.6,45470.9,6.0,7210.0,0.0,0.0,0.0,0.0,0.00,sweeping:55
beir500k-f32,neg10_cat09,neg10,60723,sweeping,128,2,55,0.9745,0.7818,0.00031,111.631,165.439,169.133,113.856,148300.9,0.0,63414.6,45470.9,6.0,7210.0,0.0,0.0,0.0,0.0,0.00,sweeping:55
beir500k-f32,neg10_cat09,neg10,60723,sweeping,128,3,55,0.9745,0.7818,0.00031,113.694,163.121,167.053,113.756,148300.9,0.0,63414.6,45470.9,6.0,7210.0,0.0,0.0,0.0,0.0,0.00,sweeping:55
beir500k-f32,neg10_cat09,neg10,60723,sweeping,256,1,55,0.9891,0.8909,0.00014,135.350,189.697,194.997,138.174,177960.5,0.0,79746.1,56084.8,11.0,11959.0,0.0,0.0,0.0,0.0,0.00,sweeping:55
beir500k-f32,neg10_cat09,neg10,60723,sweeping,256,2,55,0.9891,0.8909,0.00014,136.321,190.139,195.920,138.246,177960.5,0.0,79746.1,56084.8,11.0,11959.0,0.0,0.0,0.0,0.0,0.00,sweeping:55
beir500k-f32,neg10_cat09,neg10,60723,sweeping,256,3,55,0.9891,0.8909,0.00014,135.341,194.281,206.881,138.895,177960.5,0.0,79746.1,56084.8,11.0,11959.0,0.0,0.0,0.0,0.0,0.00,sweeping:55
beir500k-f32,neg10_cat09,neg10,60723,sweeping,512,1,55,0.9964,0.9636,0.00006,170.207,223.511,229.820,169.055,212654.9,0.0,100735.4,69734.9,24.0,17736.0,0.0,0.0,0.0,0.0,0.00,sweeping:55
beir500k-f32,neg10_cat09,neg10,60723,sweeping,512,2,55,0.9964,0.9636,0.00006,171.206,224.078,233.152,169.214,212654.9,0.0,100735.4,69734.9,24.0,17736.0,0.0,0.0,0.0,0.0,0.00,sweeping:55
beir500k-f32,neg10_cat09,neg10,60723,sweeping,512,3,55,0.9964,0.9636,0.00006,172.207,229.002,244.102,169.574,212654.9,0.0,100735.4,69734.9,24.0,17736.0,0.0,0.0,0.0,0.0,0.00,sweeping:55
beir500k-f32,neg10_cat09,neg10,60723,pathseer,64,1,55,0.9073,0.5636,0.00140,33.804,46.343,51.534,31.652,24904.3,0.0,92117.1,20473.1,3.0,4041.0,162.9,2.2,47647.2,2.5,0.00,pathseer:55
beir500k-f32,neg10_cat09,neg10,60723,pathseer,64,2,55,0.9073,0.5636,0.00140,33.574,46.583,51.140,31.629,24904.3,0.0,92117.1,20473.1,3.0,4041.0,162.9,2.2,47647.2,2.5,0.00,pathseer:55
beir500k-f32,neg10_cat09,neg10,60723,pathseer,64,3,55,0.9073,0.5636,0.00140,33.996,46.604,51.291,31.850,24904.3,0.0,92117.1,20473.1,3.0,4041.0,162.9,2.2,47647.2,2.5,0.00,pathseer:55
beir500k-f32,neg10_cat09,neg10,60723,pathseer,128,1,55,0.9564,0.7273,0.00080,46.013,60.273,63.504,43.538,35085.4,0.0,119397.0,27625.6,6.0,7210.0,299.1,2.5,58319.4,4.7,0.00,pathseer:55
beir500k-f32,neg10_cat09,neg10,60723,pathseer,128,2,55,0.9564,0.7273,0.00080,46.021,61.276,63.651,43.617,35085.4,0.0,119397.0,27625.6,6.0,7210.0,299.1,2.5,58319.4,4.7,0.00,pathseer:55
beir500k-f32,neg10_cat09,neg10,60723,pathseer,128,3,55,0.9564,0.7273,0.00080,46.257,60.492,64.968,43.761,35085.4,0.0,119397.0,27625.6,6.0,7210.0,299.1,2.5,58319.4,4.7,0.00,pathseer:55
beir500k-f32,neg10_cat09,neg10,60723,pathseer,256,1,55,0.9800,0.8182,0.00034,60.724,79.412,82.116,59.642,49199.8,0.0,155525.0,36671.9,10.0,11959.0,614.4,5.1,72538.0,9.6,0.00,pathseer:55
beir500k-f32,neg10_cat09,neg10,60723,pathseer,256,2,55,0.9800,0.8182,0.00034,60.452,79.801,82.079,59.650,49199.8,0.0,155525.0,36671.9,10.0,11959.0,614.4,5.1,72538.0,9.6,0.00,pathseer:55
beir500k-f32,neg10_cat09,neg10,60723,pathseer,256,3,55,0.9800,0.8182,0.00034,60.937,79.344,82.172,59.655,49199.8,0.0,155525.0,36671.9,10.0,11959.0,614.4,5.1,72538.0,9.6,0.00,pathseer:55
beir500k-f32,neg10_cat09,neg10,60723,pathseer,512,1,55,0.9945,0.9455,0.00006,84.004,104.924,112.965,80.906,68487.3,0.0,201089.8,48438.2,23.0,17736.0,1402.2,9.2,88815.8,21.9,0.00,pathseer:55
beir500k-f32,neg10_cat09,neg10,60723,pathseer,512,2,55,0.9945,0.9455,0.00006,83.028,104.255,112.542,80.832,68487.3,0.0,201089.8,48438.2,23.0,17736.0,1402.2,9.2,88815.8,21.9,0.00,pathseer:55
beir500k-f32,neg10_cat09,neg10,60723,pathseer,512,3,55,0.9945,0.9455,0.00006,83.573,108.782,114.384,81.519,68487.3,0.0,201089.8,48438.2,23.0,17736.0,1402.2,9.2,88815.8,21.9,0.00,pathseer:55
beir500k-f32,neg10_cat09,neg10,60723,ours-no-twohop,64,1,55,0.9073,0.5636,0.00140,33.833,46.446,50.854,31.864,25153.1,0.0,92731.2,20643.2,3.0,4041.0,0.0,0.0,47996.3,0.0,0.00,pathseer:55
beir500k-f32,neg10_cat09,neg10,60723,ours-no-twohop,64,2,55,0.9073,0.5636,0.00140,33.556,46.699,51.139,31.961,25153.1,0.0,92731.2,20643.2,3.0,4041.0,0.0,0.0,47996.3,0.0,0.00,pathseer:55
beir500k-f32,neg10_cat09,neg10,60723,ours-no-twohop,64,3,55,0.9073,0.5636,0.00140,33.831,47.519,50.981,31.950,25153.1,0.0,92731.2,20643.2,3.0,4041.0,0.0,0.0,47996.3,0.0,0.00,pathseer:55
beir500k-f32,neg10_cat09,neg10,60723,ours-no-twohop,128,1,55,0.9564,0.7273,0.00080,45.870,59.987,64.462,43.718,35211.5,0.0,119434.5,27695.4,6.0,7210.0,0.0,0.0,58444.5,0.0,0.00,pathseer:55
beir500k-f32,neg10_cat09,neg10,60723,ours-no-twohop,128,2,55,0.9564,0.7273,0.00080,46.408,60.978,63.453,43.735,35211.5,0.0,119434.5,27695.4,6.0,7210.0,0.0,0.0,58444.5,0.0,0.00,pathseer:55
beir500k-f32,neg10_cat09,neg10,60723,ours-no-twohop,128,3,55,0.9564,0.7273,0.00080,45.818,60.086,63.863,43.700,35211.5,0.0,119434.5,27695.4,6.0,7210.0,0.0,0.0,58444.5,0.0,0.00,pathseer:55
beir500k-f32,neg10_cat09,neg10,60723,ours-no-twohop,256,1,55,0.9800,0.8182,0.00034,62.179,79.815,100.652,60.397,49409.4,0.0,155416.6,36790.9,11.0,11959.0,0.0,0.0,72672.3,0.0,0.00,pathseer:55
beir500k-f32,neg10_cat09,neg10,60723,ours-no-twohop,256,2,55,0.9800,0.8182,0.00034,61.887,79.702,84.250,59.851,49409.4,0.0,155416.6,36790.9,11.0,11959.0,0.0,0.0,72672.3,0.0,0.00,pathseer:55
beir500k-f32,neg10_cat09,neg10,60723,ours-no-twohop,256,3,55,0.9800,0.8182,0.00034,61.675,79.092,82.273,59.830,49409.4,0.0,155416.6,36790.9,11.0,11959.0,0.0,0.0,72672.3,0.0,0.00,pathseer:55
beir500k-f32,neg10_cat09,neg10,60723,ours-no-twohop,512,1,55,0.9945,0.9455,0.00006,82.730,105.295,112.797,81.071,68737.2,0.0,200335.0,48558.9,24.0,17736.0,0.0,0.0,88946.6,0.0,0.00,pathseer:55
beir500k-f32,neg10_cat09,neg10,60723,ours-no-twohop,512,2,55,0.9945,0.9455,0.00006,83.668,104.394,114.026,81.113,68737.2,0.0,200335.0,48558.9,24.0,17736.0,0.0,0.0,88946.6,0.0,0.00,pathseer:55
beir500k-f32,neg10_cat09,neg10,60723,ours-no-twohop,512,3,55,0.9945,0.9455,0.00006,83.314,105.212,112.752,80.989,68737.2,0.0,200335.0,48558.9,24.0,17736.0,0.0,0.0,88946.6,0.0,0.00,pathseer:55
beir500k-f32,neg10_cat09,neg10,60723,ours-guard,64,1,55,0.9036,0.5455,0.00154,33.823,46.091,50.576,31.689,24889.5,0.0,72956.4,20627.2,3.0,4041.0,0.0,0.0,47938.4,0.0,0.00,pathseer:55
beir500k-f32,neg10_cat09,neg10,60723,ours-guard,64,2,55,0.9036,0.5455,0.00154,33.128,45.553,50.204,31.395,24889.5,0.0,72956.4,20627.2,3.0,4041.0,0.0,0.0,47938.4,0.0,0.00,pathseer:55
beir500k-f32,neg10_cat09,neg10,60723,ours-guard,64,3,55,0.9036,0.5455,0.00154,33.509,44.804,49.977,31.449,24889.5,0.0,72956.4,20627.2,3.0,4041.0,0.0,0.0,47938.4,0.0,0.00,pathseer:55
beir500k-f32,neg10_cat09,neg10,60723,ours-guard,128,1,55,0.9545,0.7091,0.00082,45.473,59.870,64.001,43.183,34787.1,0.0,93488.4,27679.7,6.0,7210.0,0.0,0.0,58462.9,0.0,0.00,pathseer:55
beir500k-f32,neg10_cat09,neg10,60723,ours-guard,128,2,55,0.9545,0.7091,0.00082,45.697,59.576,63.801,43.315,34787.1,0.0,93488.4,27679.7,6.0,7210.0,0.0,0.0,58462.9,0.0,0.00,pathseer:55
beir500k-f32,neg10_cat09,neg10,60723,ours-guard,128,3,55,0.9545,0.7091,0.00082,45.245,59.248,63.358,42.980,34787.1,0.0,93488.4,27679.7,6.0,7210.0,0.0,0.0,58462.9,0.0,0.00,pathseer:55
beir500k-f32,neg10_cat09,neg10,60723,ours-guard,256,1,55,0.9782,0.8000,0.00035,61.583,78.941,80.633,58.929,48717.9,0.0,121910.2,36750.9,11.0,11959.0,0.0,0.0,72751.7,0.0,0.00,pathseer:55
beir500k-f32,neg10_cat09,neg10,60723,ours-guard,256,2,55,0.9782,0.8000,0.00035,61.965,80.523,82.987,59.478,48717.9,0.0,121910.2,36750.9,11.0,11959.0,0.0,0.0,72751.7,0.0,0.00,pathseer:55
beir500k-f32,neg10_cat09,neg10,60723,ours-guard,256,3,55,0.9782,0.8000,0.00035,60.525,78.937,82.369,58.829,48717.9,0.0,121910.2,36750.9,11.0,11959.0,0.0,0.0,72751.7,0.0,0.00,pathseer:55
beir500k-f32,neg10_cat09,neg10,60723,ours-guard,512,1,55,0.9945,0.9455,0.00006,81.656,103.251,110.915,79.875,67673.9,0.0,157641.1,48493.6,24.0,17736.0,0.0,0.0,89168.1,0.0,0.00,pathseer:55
beir500k-f32,neg10_cat09,neg10,60723,ours-guard,512,2,55,0.9945,0.9455,0.00006,82.902,105.773,111.447,80.887,67673.9,0.0,157641.1,48493.6,24.0,17736.0,0.0,0.0,89168.1,0.0,0.00,pathseer:55
beir500k-f32,neg10_cat09,neg10,60723,ours-guard,512,3,55,0.9945,0.9455,0.00006,83.474,105.898,113.386,80.884,67673.9,0.0,157641.1,48493.6,24.0,17736.0,0.0,0.0,89168.1,0.0,0.00,pathseer:55
beir500k-f32,neg10_cat09,neg10,60723,acorn,64,1,55,0.7036,0.1455,0.00944,1.665,2.295,2.467,1.696,2101.7,10.0,14184.7,76.0,3.0,3.0,0.0,0.0,0.0,0.0,0.00,acorn:55
beir500k-f32,neg10_cat09,neg10,60723,acorn,64,2,55,0.7036,0.1455,0.00944,1.677,2.249,2.471,1.687,2101.7,10.0,14184.7,76.0,3.0,3.0,0.0,0.0,0.0,0.0,0.00,acorn:55
beir500k-f32,neg10_cat09,neg10,60723,acorn,64,3,55,0.7036,0.1455,0.00944,1.677,2.263,2.558,1.683,2101.7,10.0,14184.7,76.0,3.0,3.0,0.0,0.0,0.0,0.0,0.00,acorn:55
beir500k-f32,neg10_cat09,neg10,60723,acorn,128,1,55,0.7945,0.4000,0.00663,2.801,3.573,3.688,2.817,3486.1,10.0,22586.7,140.8,4.0,4.0,0.0,0.0,0.0,0.0,0.00,acorn:55
beir500k-f32,neg10_cat09,neg10,60723,acorn,128,2,55,0.7945,0.4000,0.00663,2.799,3.520,3.620,2.798,3486.1,10.0,22586.7,140.8,4.0,4.0,0.0,0.0,0.0,0.0,0.00,acorn:55
beir500k-f32,neg10_cat09,neg10,60723,acorn,128,3,55,0.7945,0.4000,0.00663,2.827,3.571,3.658,2.810,3486.1,10.0,22586.7,140.8,4.0,4.0,0.0,0.0,0.0,0.0,0.00,acorn:55
beir500k-f32,neg10_cat09,neg10,60723,acorn,256,1,55,0.8782,0.4727,0.00363,4.917,5.753,6.294,4.894,5922.7,10.0,36605.0,272.8,8.0,8.0,0.0,0.0,0.0,0.0,0.00,acorn:55
beir500k-f32,neg10_cat09,neg10,60723,acorn,256,2,55,0.8782,0.4727,0.00363,4.893,5.679,6.581,4.911,5922.7,10.0,36605.0,272.8,8.0,8.0,0.0,0.0,0.0,0.0,0.00,acorn:55
beir500k-f32,neg10_cat09,neg10,60723,acorn,256,3,55,0.8782,0.4727,0.00363,4.934,5.807,6.582,4.957,5922.7,10.0,36605.0,272.8,8.0,8.0,0.0,0.0,0.0,0.0,0.00,acorn:55
beir500k-f32,neg10_cat09,neg10,60723,acorn,512,1,55,0.9345,0.6364,0.00137,7.934,8.919,9.929,7.891,9449.1,10.0,55488.4,528.8,17.0,16.0,0.0,0.0,0.0,0.0,0.00,acorn:55
beir500k-f32,neg10_cat09,neg10,60723,acorn,512,2,55,0.9345,0.6364,0.00137,7.910,9.171,11.246,8.047,9449.1,10.0,55488.4,528.8,17.0,16.0,0.0,0.0,0.0,0.0,0.00,acorn:55
beir500k-f32,neg10_cat09,neg10,60723,acorn,512,3,55,0.9345,0.6364,0.00137,8.016,9.429,10.043,8.069,9449.1,10.0,55488.4,528.8,17.0,16.0,0.0,0.0,0.0,0.0,0.00,acorn:55
beir500k-f32,neg10_cat10,neg10,61023,sweeping,64,1,50,0.9900,0.9000,0.00012,48.018,80.880,92.722,47.656,72035.1,0.0,20715.1,14508.5,3.0,696.0,0.0,0.0,0.0,0.0,0.00,sweeping:50
beir500k-f32,neg10_cat10,neg10,61023,sweeping,64,2,50,0.9900,0.9000,0.00012,47.801,80.347,93.134,47.671,72035.1,0.0,20715.1,14508.5,3.0,696.0,0.0,0.0,0.0,0.0,0.00,sweeping:50
beir500k-f32,neg10_cat10,neg10,61023,sweeping,64,3,50,0.9900,0.9000,0.00012,47.492,80.572,92.683,47.611,72035.1,0.0,20715.1,14508.5,3.0,696.0,0.0,0.0,0.0,0.0,0.00,sweeping:50
beir500k-f32,neg10_cat10,neg10,61023,sweeping,128,1,50,1.0000,1.0000,0.00000,67.821,102.457,119.601,65.435,95518.9,0.0,30299.3,21276.8,6.0,1223.0,0.0,0.0,0.0,0.0,0.00,sweeping:50
beir500k-f32,neg10_cat10,neg10,61023,sweeping,128,2,50,1.0000,1.0000,0.00000,66.529,103.597,117.868,66.224,95518.9,0.0,30299.3,21276.8,6.0,1223.0,0.0,0.0,0.0,0.0,0.00,sweeping:50
beir500k-f32,neg10_cat10,neg10,61023,sweeping,128,3,50,1.0000,1.0000,0.00000,66.698,104.613,118.381,66.344,95518.9,0.0,30299.3,21276.8,6.0,1223.0,0.0,0.0,0.0,0.0,0.00,sweeping:50
beir500k-f32,neg10_cat10,neg10,61023,sweeping,256,1,50,1.0000,1.0000,0.00000,91.552,122.056,140.278,88.293,125209.9,0.0,43678.8,30573.0,11.0,2284.0,0.0,0.0,0.0,0.0,0.00,sweeping:50
beir500k-f32,neg10_cat10,neg10,61023,sweeping,256,2,50,1.0000,1.0000,0.00000,92.039,122.638,141.194,88.412,125209.9,0.0,43678.8,30573.0,11.0,2284.0,0.0,0.0,0.0,0.0,0.00,sweeping:50
beir500k-f32,neg10_cat10,neg10,61023,sweeping,256,3,50,1.0000,1.0000,0.00000,92.751,122.826,140.180,88.294,125209.9,0.0,43678.8,30573.0,11.0,2284.0,0.0,0.0,0.0,0.0,0.00,sweeping:50
beir500k-f32,neg10_cat10,neg10,61023,sweeping,512,1,50,1.0000,1.0000,0.00000,126.786,157.542,168.681,117.598,160919.2,0.0,62432.4,42662.0,22.0,4450.0,0.0,0.0,0.0,0.0,0.00,sweeping:50
beir500k-f32,neg10_cat10,neg10,61023,sweeping,512,2,50,1.0000,1.0000,0.00000,125.531,157.052,169.468,117.674,160919.2,0.0,62432.4,42662.0,22.0,4450.0,0.0,0.0,0.0,0.0,0.00,sweeping:50
beir500k-f32,neg10_cat10,neg10,61023,sweeping,512,3,50,1.0000,1.0000,0.00000,125.874,158.811,167.867,118.302,160919.2,0.0,62432.4,42662.0,22.0,4450.0,0.0,0.0,0.0,0.0,0.00,sweeping:50
beir500k-f32,neg10_cat10,neg10,61023,pathseer,64,1,50,0.9840,0.8400,0.00008,10.476,18.364,21.545,10.551,8954.9,0.0,45443.5,5974.1,3.0,696.0,151.0,3.6,31108.0,2.4,0.00,pathseer:50
beir500k-f32,neg10_cat10,neg10,61023,pathseer,64,2,50,0.9840,0.8400,0.00008,10.490,18.523,20.331,10.467,8954.9,0.0,45443.5,5974.1,3.0,696.0,151.0,3.6,31108.0,2.4,0.00,pathseer:50
beir500k-f32,neg10_cat10,neg10,61023,pathseer,64,3,50,0.9840,0.8400,0.00008,10.654,18.326,20.709,10.503,8954.9,0.0,45443.5,5974.1,3.0,696.0,151.0,3.6,31108.0,2.4,0.00,pathseer:50
beir500k-f32,neg10_cat10,neg10,61023,pathseer,128,1,50,0.9980,0.9800,0.00000,16.719,27.104,29.762,17.043,14637.4,0.0,64990.5,9714.5,5.0,1188.0,285.4,6.4,41745.6,4.5,0.00,pathseer:50
beir500k-f32,neg10_cat10,neg10,61023,pathseer,128,2,50,0.9980,0.9800,0.00000,17.058,28.370,29.701,17.118,14637.4,0.0,64990.5,9714.5,5.0,1188.0,285.4,6.4,41745.6,4.5,0.00,pathseer:50
beir500k-f32,neg10_cat10,neg10,61023,pathseer,128,3,50,0.9980,0.9800,0.00000,17.006,27.112,29.616,17.108,14637.4,0.0,64990.5,9714.5,5.0,1188.0,285.4,6.4,41745.6,4.5,0.00,pathseer:50
beir500k-f32,neg10_cat10,neg10,61023,pathseer,256,1,50,1.0000,1.0000,0.00000,28.025,42.495,44.470,27.735,24028.8,0.0,92381.2,15726.7,10.0,2248.0,596.5,12.3,54647.5,9.3,0.00,pathseer:50
beir500k-f32,neg10_cat10,neg10,61023,pathseer,256,2,50,1.0000,1.0000,0.00000,27.869,42.814,44.984,27.758,24028.8,0.0,92381.2,15726.7,10.0,2248.0,596.5,12.3,54647.5,9.3,0.00,pathseer:50
beir500k-f32,neg10_cat10,neg10,61023,pathseer,256,3,50,1.0000,1.0000,0.00000,28.054,42.710,45.107,27.772,24028.8,0.0,92381.2,15726.7,10.0,2248.0,596.5,12.3,54647.5,9.3,0.00,pathseer:50
beir500k-f32,neg10_cat10,neg10,61023,pathseer,512,1,50,1.0000,1.0000,0.00000,45.740,60.197,70.011,43.247,38273.6,0.0,128397.2,24335.6,21.0,4396.0,1305.6,23.4,69326.7,20.4,0.00,pathseer:50
beir500k-f32,neg10_cat10,neg10,61023,pathseer,512,2,50,1.0000,1.0000,0.00000,46.162,60.864,69.604,43.436,38273.6,0.0,128397.2,24335.6,21.0,4396.0,1305.6,23.4,69326.7,20.4,0.00,pathseer:50
beir500k-f32,neg10_cat10,neg10,61023,pathseer,512,3,50,1.0000,1.0000,0.00000,45.881,60.699,70.340,43.531,38273.6,0.0,128397.2,24335.6,21.0,4396.0,1305.6,23.4,69326.7,20.4,0.00,pathseer:50
beir500k-f32,neg10_cat10,neg10,61023,ours-no-twohop,64,1,50,0.9860,0.8600,0.00006,11.038,18.470,20.234,10.769,9155.5,0.0,46021.4,6077.9,3.0,696.0,0.0,0.0,31525.9,0.0,0.00,pathseer:50
beir500k-f32,neg10_cat10,neg10,61023,ours-no-twohop,64,2,50,0.9860,0.8600,0.00006,10.500,18.569,20.308,10.698,9155.5,0.0,46021.4,6077.9,3.0,696.0,0.0,0.0,31525.9,0.0,0.00,pathseer:50
beir500k-f32,neg10_cat10,neg10,61023,ours-no-twohop,64,3,50,0.9860,0.8600,0.00006,10.481,18.243,20.015,10.586,9155.5,0.0,46021.4,6077.9,3.0,696.0,0.0,0.0,31525.9,0.0,0.00,pathseer:50
beir500k-f32,neg10_cat10,neg10,61023,ours-no-twohop,128,1,50,0.9980,0.9800,0.00000,17.094,27.597,29.557,17.219,14867.6,0.0,65374.2,9838.3,6.0,1223.0,0.0,0.0,42046.8,0.0,0.00,pathseer:50
beir500k-f32,neg10_cat10,neg10,61023,ours-no-twohop,128,2,50,0.9980,0.9800,0.00000,17.679,27.677,29.690,17.399,14867.6,0.0,65374.2,9838.3,6.0,1223.0,0.0,0.0,42046.8,0.0,0.00,pathseer:50
beir500k-f32,neg10_cat10,neg10,61023,ours-no-twohop,128,3,50,0.9980,0.9800,0.00000,17.211,27.431,29.395,17.357,14867.6,0.0,65374.2,9838.3,6.0,1223.0,0.0,0.0,42046.8,0.0,0.00,pathseer:50
beir500k-f32,neg10_cat10,neg10,61023,ours-no-twohop,256,1,50,1.0000,1.0000,0.00000,28.582,42.916,44.871,28.025,24381.9,0.0,92717.2,15927.8,11.0,2284.0,0.0,0.0,54988.7,0.0,0.00,pathseer:50
beir500k-f32,neg10_cat10,neg10,61023,ours-no-twohop,256,2,50,1.0000,1.0000,0.00000,28.164,42.836,44.508,28.181,24381.9,0.0,92717.2,15927.8,11.0,2284.0,0.0,0.0,54988.7,0.0,0.00,pathseer:50
beir500k-f32,neg10_cat10,neg10,61023,ours-no-twohop,256,3,50,1.0000,1.0000,0.00000,28.086,43.508,44.749,28.177,24381.9,0.0,92717.2,15927.8,11.0,2284.0,0.0,0.0,54988.7,0.0,0.00,pathseer:50
beir500k-f32,neg10_cat10,neg10,61023,ours-no-twohop,512,1,50,1.0000,1.0000,0.00000,46.933,63.088,72.193,44.855,38723.7,0.0,128096.6,24589.4,22.0,4450.0,0.0,0.0,69507.7,0.0,0.00,pathseer:50
beir500k-f32,neg10_cat10,neg10,61023,ours-no-twohop,512,2,50,1.0000,1.0000,0.00000,46.443,61.788,71.141,44.079,38723.7,0.0,128096.6,24589.4,22.0,4450.0,0.0,0.0,69507.7,0.0,0.00,pathseer:50
beir500k-f32,neg10_cat10,neg10,61023,ours-no-twohop,512,3,50,1.0000,1.0000,0.00000,46.588,60.793,73.096,44.239,38723.7,0.0,128096.6,24589.4,22.0,4450.0,0.0,0.0,69507.7,0.0,0.00,pathseer:50
beir500k-f32,neg10_cat10,neg10,61023,ours-guard,64,1,50,0.9860,0.8600,0.00006,10.162,18.011,19.811,10.400,8913.8,0.0,40543.8,6061.8,3.0,696.0,0.0,0.0,31537.3,0.0,0.00,pathseer:50
beir500k-f32,neg10_cat10,neg10,61023,ours-guard,64,2,50,0.9860,0.8600,0.00006,10.170,18.166,19.846,10.603,8913.8,0.0,40543.8,6061.8,3.0,696.0,0.0,0.0,31537.3,0.0,0.00,pathseer:50
beir500k-f32,neg10_cat10,neg10,61023,ours-guard,64,3,50,0.9860,0.8600,0.00006,10.106,18.070,19.669,10.386,8913.8,0.0,40543.8,6061.8,3.0,696.0,0.0,0.0,31537.3,0.0,0.00,pathseer:50
beir500k-f32,neg10_cat10,neg10,61023,ours-guard,128,1,50,0.9960,0.9600,0.00001,17.278,27.555,29.213,17.150,14451.2,0.0,56734.1,9814.0,6.0,1223.0,0.0,0.0,42103.9,0.0,0.00,pathseer:50
beir500k-f32,neg10_cat10,neg10,61023,ours-guard,128,2,50,0.9960,0.9600,0.00001,17.038,27.206,29.551,17.012,14451.2,0.0,56734.1,9814.0,6.0,1223.0,0.0,0.0,42103.9,0.0,0.00,pathseer:50
beir500k-f32,neg10_cat10,neg10,61023,ours-guard,128,3,50,0.9960,0.9600,0.00001,17.178,27.317,29.274,16.955,14451.2,0.0,56734.1,9814.0,6.0,1223.0,0.0,0.0,42103.9,0.0,0.00,pathseer:50
beir500k-f32,neg10_cat10,neg10,61023,ours-guard,256,1,50,1.0000,1.0000,0.00000,27.517,42.199,43.843,27.597,23660.3,0.0,79148.3,15893.6,11.0,2284.0,0.0,0.0,55142.4,0.0,0.00,pathseer:50
beir500k-f32,neg10_cat10,neg10,61023,ours-guard,256,2,50,1.0000,1.0000,0.00000,27.212,42.120,44.102,27.603,23660.3,0.0,79148.3,15893.6,11.0,2284.0,0.0,0.0,55142.4,0.0,0.00,pathseer:50
beir500k-f32,neg10_cat10,neg10,61023,ours-guard,256,3,50,1.0000,1.0000,0.00000,27.655,42.887,44.165,27.594,23660.3,0.0,79148.3,15893.6,11.0,2284.0,0.0,0.0,55142.4,0.0,0.00,pathseer:50
beir500k-f32,neg10_cat10,neg10,61023,ours-guard,512,1,50,1.0000,1.0000,0.00000,45.371,59.625,74.323,42.896,37370.5,0.0,107854.5,24544.6,22.0,4450.0,0.0,0.0,69802.8,0.0,0.00,pathseer:50
beir500k-f32,neg10_cat10,neg10,61023,ours-guard,512,2,50,1.0000,1.0000,0.00000,45.509,59.031,70.436,42.763,37370.5,0.0,107854.5,24544.6,22.0,4450.0,0.0,0.0,69802.8,0.0,0.00,pathseer:50
beir500k-f32,neg10_cat10,neg10,61023,ours-guard,512,3,50,1.0000,1.0000,0.00000,45.316,59.335,70.312,42.694,37370.5,0.0,107854.5,24544.6,22.0,4450.0,0.0,0.0,69802.8,0.0,0.00,pathseer:50
beir500k-f32,neg10_cat10,neg10,61023,acorn,64,1,50,0.8780,0.3400,0.00206,1.564,2.020,2.171,1.541,1593.9,10.0,14449.5,68.5,4.0,4.0,0.0,0.0,0.0,0.0,0.00,acorn:50
beir500k-f32,neg10_cat10,neg10,61023,acorn,64,2,50,0.8780,0.3400,0.00206,1.576,2.043,2.118,1.594,1593.9,10.0,14449.5,68.5,4.0,4.0,0.0,0.0,0.0,0.0,0.00,acorn:50
beir500k-f32,neg10_cat10,neg10,61023,acorn,64,3,50,0.8780,0.3400,0.00206,1.550,2.220,2.266,1.550,1593.9,10.0,14449.5,68.5,4.0,4.0,0.0,0.0,0.0,0.0,0.00,acorn:50
beir500k-f32,neg10_cat10,neg10,61023,acorn,128,1,50,0.9420,0.6200,0.00097,2.631,3.194,3.746,2.620,2831.7,10.0,23090.0,131.2,6.0,6.0,0.0,0.0,0.0,0.0,0.00,acorn:50
beir500k-f32,neg10_cat10,neg10,61023,acorn,128,2,50,0.9420,0.6200,0.00097,2.644,3.304,3.739,2.639,2831.7,10.0,23090.0,131.2,6.0,6.0,0.0,0.0,0.0,0.0,0.00,acorn:50
beir500k-f32,neg10_cat10,neg10,61023,acorn,128,3,50,0.9420,0.6200,0.00097,2.626,3.186,3.728,2.605,2831.7,10.0,23090.0,131.2,6.0,6.0,0.0,0.0,0.0,0.0,0.00,acorn:50
beir500k-f32,neg10_cat10,neg10,61023,acorn,256,1,50,0.9640,0.7400,0.00071,4.776,6.113,6.460,4.625,5053.2,10.0,36922.6,258.9,11.0,11.0,0.0,0.0,0.0,0.0,0.00,acorn:50
beir500k-f32,neg10_cat10,neg10,61023,acorn,256,2,50,0.9640,0.7400,0.00071,4.747,5.417,6.242,4.558,5053.2,10.0,36922.6,258.9,11.0,11.0,0.0,0.0,0.0,0.0,0.00,acorn:50
beir500k-f32,neg10_cat10,neg10,61023,acorn,256,3,50,0.9640,0.7400,0.00071,4.741,5.342,6.095,4.528,5053.2,10.0,36922.6,258.9,11.0,11.0,0.0,0.0,0.0,0.0,0.00,acorn:50
beir500k-f32,neg10_cat10,neg10,61023,acorn,512,1,50,0.9780,0.8200,0.00039,8.075,9.291,10.143,8.040,8785.1,10.0,57857.6,514.7,23.0,21.0,0.0,0.0,0.0,0.0,0.00,acorn:50
beir500k-f32,neg10_cat10,neg10,61023,acorn,512,2,50,0.9780,0.8200,0.00039,8.146,9.389,10.324,8.013,8785.1,10.0,57857.6,514.7,23.0,21.0,0.0,0.0,0.0,0.0,0.00,acorn:50
beir500k-f32,neg10_cat10,neg10,61023,acorn,512,3,50,0.9780,0.8200,0.00039,7.975,9.295,10.176,7.975,8785.1,10.0,57857.6,514.7,23.0,21.0,0.0,0.0,0.0,0.0,0.00,acorn:50
beir500k-f32,neg10_cat11,neg10,58822,sweeping,64,1,32,0.9906,0.9375,0.00018,80.761,133.333,144.960,78.740,111348.6,0.0,42145.8,27735.5,4.0,2427.0,0.0,0.0,0.0,0.0,0.00,sweeping:32
beir500k-f32,neg10_cat11,neg10,58822,sweeping,64,2,32,0.9906,0.9375,0.00018,82.093,129.779,145.350,79.046,111348.6,0.0,42145.8,27735.5,4.0,2427.0,0.0,0.0,0.0,0.0,0.00,sweeping:32
beir500k-f32,neg10_cat11,neg10,58822,sweeping,64,3,32,0.9906,0.9375,0.00018,80.550,129.480,144.991,79.014,111348.6,0.0,42145.8,27735.5,4.0,2427.0,0.0,0.0,0.0,0.0,0.00,sweeping:32
beir500k-f32,neg10_cat11,neg10,58822,sweeping,128,1,32,0.9938,0.9688,0.00006,108.297,159.245,172.820,100.586,137566.7,0.0,55664.9,36066.4,6.0,4444.0,0.0,0.0,0.0,0.0,0.00,sweeping:32
beir500k-f32,neg10_cat11,neg10,58822,sweeping,128,2,32,0.9938,0.9688,0.00006,107.590,157.913,175.638,99.858,137566.7,0.0,55664.9,36066.4,6.0,4444.0,0.0,0.0,0.0,0.0,0.00,sweeping:32
beir500k-f32,neg10_cat11,neg10,58822,sweeping,128,3,32,0.9938,0.9688,0.00006,106.834,158.168,172.445,99.760,137566.7,0.0,55664.9,36066.4,6.0,4444.0,0.0,0.0,0.0,0.0,0.00,sweeping:32
beir500k-f32,neg10_cat11,neg10,58822,sweeping,256,1,32,0.9938,0.9688,0.00006,130.314,188.880,230.483,127.110,169761.9,0.0,73377.7,46906.7,11.0,7731.0,0.0,0.0,0.0,0.0,0.00,sweeping:32
beir500k-f32,neg10_cat11,neg10,58822,sweeping,256,2,32,0.9938,0.9688,0.00006,130.613,188.834,202.777,125.873,169761.9,0.0,73377.7,46906.7,11.0,7731.0,0.0,0.0,0.0,0.0,0.00,sweeping:32
beir500k-f32,neg10_cat11,neg10,58822,sweeping,256,3,32,0.9938,0.9688,0.00006,129.924,188.888,202.197,126.106,169761.9,0.0,73377.7,46906.7,11.0,7731.0,0.0,0.0,0.0,0.0,0.00,sweeping:32
beir500k-f32,neg10_cat11,neg10,58822,sweeping,512,1,32,0.9969,0.9688,0.00004,163.007,231.854,237.428,157.590,206747.9,0.0,96188.0,60195.8,23.0,12289.0,0.0,0.0,0.0,0.0,0.00,sweeping:32
beir500k-f32,neg10_cat11,neg10,58822,sweeping,512,2,32,0.9969,0.9688,0.00004,167.541,231.474,251.940,161.800,206747.9,0.0,96188.0,60195.8,23.0,12289.0,0.0,0.0,0.0,0.0,0.00,sweeping:32
beir500k-f32,neg10_cat11,neg10,58822,sweeping,512,3,32,0.9969,0.9688,0.00004,168.255,238.756,242.317,163.212,206747.9,0.0,96188.0,60195.8,23.0,12289.0,0.0,0.0,0.0,0.0,0.00,sweeping:32
beir500k-f32,neg10_cat11,neg10,58822,pathseer,64,1,32,0.9781,0.8125,0.00029,27.741,58.718,63.309,28.965,23712.8,0.0,93934.9,16769.5,4.0,2427.0,172.0,1.1,54254.2,2.7,0.00,pathseer:32
beir500k-f32,neg10_cat11,neg10,58822,pathseer,64,2,32,0.9781,0.8125,0.00029,27.321,58.474,60.232,28.885,23712.8,0.0,93934.9,16769.5,4.0,2427.0,172.0,1.1,54254.2,2.7,0.00,pathseer:32
beir500k-f32,neg10_cat11,neg10,58822,pathseer,64,3,32,0.9781,0.8125,0.00029,27.596,58.761,60.150,29.787,23712.8,0.0,93934.9,16769.5,4.0,2427.0,172.0,1.1,54254.2,2.7,0.00,pathseer:32
beir500k-f32,neg10_cat11,neg10,58822,pathseer,128,1,32,0.9906,0.9375,0.00017,40.236,75.426,81.845,41.174,35061.6,0.0,122906.6,24207.8,6.0,4434.0,318.0,1.8,65089.6,5.0,0.00,pathseer:32
beir500k-f32,neg10_cat11,neg10,58822,pathseer,128,2,32,0.9906,0.9375,0.00017,40.287,73.606,80.512,41.102,35061.6,0.0,122906.6,24207.8,6.0,4434.0,318.0,1.8,65089.6,5.0,0.00,pathseer:32
beir500k-f32,neg10_cat11,neg10,58822,pathseer,128,3,32,0.9906,0.9375,0.00017,40.536,73.047,80.258,40.972,35061.6,0.0,122906.6,24207.8,6.0,4434.0,318.0,1.8,65089.6,5.0,0.00,pathseer:32
beir500k-f32,neg10_cat11,neg10,58822,pathseer,256,1,32,0.9938,0.9688,0.00006,56.985,100.991,111.250,57.826,50240.7,0.0,158473.8,33818.1,11.0,7731.0,642.0,4.3,77026.1,10.0,0.00,pathseer:32
beir500k-f32,neg10_cat11,neg10,58822,pathseer,256,2,32,0.9938,0.9688,0.00006,55.978,102.716,125.350,58.640,50240.7,0.0,158473.8,33818.1,11.0,7731.0,642.0,4.3,77026.1,10.0,0.00,pathseer:32
beir500k-f32,neg10_cat11,neg10,58822,pathseer,256,3,32,0.9938,0.9688,0.00006,56.350,101.454,110.754,57.754,50240.7,0.0,158473.8,33818.1,11.0,7731.0,642.0,4.3,77026.1,10.0,0.00,pathseer:32
beir500k-f32,neg10_cat11,neg10,58822,pathseer,512,1,32,0.9969,0.9688,0.00004,80.460,133.806,156.906,81.543,72482.5,0.0,204549.5,46484.1,23.0,12289.0,1428.0,9.9,89892.2,22.3,0.00,pathseer:32
beir500k-f32,neg10_cat11,neg10,58822,pathseer,512,2,32,0.9969,0.9688,0.00004,81.862,135.631,154.176,82.380,72482.5,0.0,204549.5,46484.1,23.0,12289.0,1428.0,9.9,89892.2,22.3,0.00,pathseer:32
beir500k-f32,neg10_cat11,neg10,58822,pathseer,512,3,32,0.9969,0.9688,0.00004,80.181,132.243,154.242,81.212,72482.5,0.0,204549.5,46484.1,23.0,12289.0,1428.0,9.9,89892.2,22.3,0.00,pathseer:32
beir500k-f32,neg10_cat11,neg10,58822,ours-no-twohop,64,1,32,0.9812,0.8438,0.00027,27.159,57.599,61.868,28.304,23793.4,0.0,93977.9,16795.6,4.0,2427.0,0.0,0.0,54353.4,0.0,0.00,pathseer:32
beir500k-f32,neg10_cat11,neg10,58822,ours-no-twohop,64,2,32,0.9812,0.8438,0.00027,26.898,56.839,58.186,28.268,23793.4,0.0,93977.9,16795.6,4.0,2427.0,0.0,0.0,54353.4,0.0,0.00,pathseer:32
beir500k-f32,neg10_cat11,neg10,58822,ours-no-twohop,64,3,32,0.9812,0.8438,0.00027,26.720,56.907,58.944,28.361,23793.4,0.0,93977.9,16795.6,4.0,2427.0,0.0,0.0,54353.4,0.0,0.00,pathseer:32
beir500k-f32,neg10_cat11,neg10,58822,ours-no-twohop,128,1,32,0.9906,0.9375,0.00017,40.113,73.063,80.917,41.025,35149.0,0.0,122787.5,24240.7,6.0,4444.0,0.0,0.0,65152.5,0.0,0.00,pathseer:32
beir500k-f32,neg10_cat11,neg10,58822,ours-no-twohop,128,2,32,0.9906,0.9375,0.00017,40.284,72.992,80.108,40.987,35149.0,0.0,122787.5,24240.7,6.0,4444.0,0.0,0.0,65152.5,0.0,0.00,pathseer:32
beir500k-f32,neg10_cat11,neg10,58822,ours-no-twohop,128,3,32,0.9906,0.9375,0.00017,40.520,73.665,80.586,40.877,35149.0,0.0,122787.5,24240.7,6.0,4444.0,0.0,0.0,65152.5,0.0,0.00,pathseer:32
beir500k-f32,neg10_cat11,neg10,58822,ours-no-twohop,256,1,32,0.9938,0.9688,0.00006,56.221,102.067,112.405,59.014,50320.4,0.0,158007.3,33851.6,11.0,7731.0,0.0,0.0,77048.7,0.0,0.00,pathseer:32
beir500k-f32,neg10_cat11,neg10,58822,ours-no-twohop,256,2,32,0.9938,0.9688,0.00006,56.516,102.184,111.155,57.985,50320.4,0.0,158007.3,33851.6,11.0,7731.0,0.0,0.0,77048.7,0.0,0.00,pathseer:32
beir500k-f32,neg10_cat11,neg10,58822,ours-no-twohop,256,3,32,0.9938,0.9688,0.00006,56.380,101.553,111.288,57.772,50320.4,0.0,158007.3,33851.6,11.0,7731.0,0.0,0.0,77048.7,0.0,0.00,pathseer:32
beir500k-f32,neg10_cat11,neg10,58822,ours-no-twohop,512,1,32,0.9969,0.9688,0.00004,82.339,132.097,158.965,81.507,72732.4,0.0,203658.1,46583.6,23.0,12289.0,0.0,0.0,89954.9,0.0,0.00,pathseer:32
beir500k-f32,neg10_cat11,neg10,58822,ours-no-twohop,512,2,32,0.9969,0.9688,0.00004,82.368,136.169,153.293,81.822,72732.4,0.0,203658.1,46583.6,23.0,12289.0,0.0,0.0,89954.9,0.0,0.00,pathseer:32
beir500k-f32,neg10_cat11,neg10,58822,ours-no-twohop,512,3,32,0.9969,0.9688,0.00004,81.262,134.130,154.368,81.796,72732.4,0.0,203658.1,46583.6,23.0,12289.0,0.0,0.0,89954.9,0.0,0.00,pathseer:32
beir500k-f32,neg10_cat11,neg10,58822,ours-guard,64,1,32,0.9750,0.7812,0.00029,26.437,56.076,57.569,27.861,23397.9,0.0,78149.3,16812.1,4.0,2427.0,0.0,0.0,54657.6,0.0,0.00,pathseer:32
beir500k-f32,neg10_cat11,neg10,58822,ours-guard,64,2,32,0.9750,0.7812,0.00029,26.382,56.877,57.804,27.705,23397.9,0.0,78149.3,16812.1,4.0,2427.0,0.0,0.0,54657.6,0.0,0.00,pathseer:32
beir500k-f32,neg10_cat11,neg10,58822,ours-guard,64,3,32,0.9750,0.7812,0.00029,26.583,56.040,58.163,28.030,23397.9,0.0,78149.3,16812.1,4.0,2427.0,0.0,0.0,54657.6,0.0,0.00,pathseer:32
beir500k-f32,neg10_cat11,neg10,58822,ours-guard,128,1,32,0.9906,0.9375,0.00017,39.638,72.266,79.480,40.609,34501.8,0.0,100223.3,24248.6,6.0,4444.0,0.0,0.0,65540.6,0.0,0.00,pathseer:32
beir500k-f32,neg10_cat11,neg10,58822,ours-guard,128,2,32,0.9906,0.9375,0.00017,41.276,74.302,85.610,40.765,34501.8,0.0,100223.3,24248.6,6.0,4444.0,0.0,0.0,65540.6,0.0,0.00,pathseer:32
beir500k-f32,neg10_cat11,neg10,58822,ours-guard,128,3,32,0.9906,0.9375,0.00017,39.719,72.900,83.767,40.466,34501.8,0.0,100223.3,24248.6,6.0,4444.0,0.0,0.0,65540.6,0.0,0.00,pathseer:32
beir500k-f32,neg10_cat11,neg10,58822,ours-guard,256,1,32,0.9938,0.9688,0.00006,54.839,100.423,109.932,56.824,49309.8,0.0,127119.6,33811.5,11.0,7731.0,0.0,0.0,77459.3,0.0,0.00,pathseer:32
beir500k-f32,neg10_cat11,neg10,58822,ours-guard,256,2,32,0.9938,0.9688,0.00006,55.216,99.472,109.410,56.777,49309.8,0.0,127119.6,33811.5,11.0,7731.0,0.0,0.0,77459.3,0.0,0.00,pathseer:32
beir500k-f32,neg10_cat11,neg10,58822,ours-guard,256,3,32,0.9938,0.9688,0.00006,55.044,99.949,109.282,56.711,49309.8,0.0,127119.6,33811.5,11.0,7731.0,0.0,0.0,77459.3,0.0,0.00,pathseer:32
beir500k-f32,neg10_cat11,neg10,58822,ours-guard,512,1,32,0.9969,0.9688,0.00004,81.528,130.059,151.591,80.143,71268.2,0.0,162565.4,46530.2,23.0,12289.0,0.0,0.0,90608.8,0.0,0.00,pathseer:32
beir500k-f32,neg10_cat11,neg10,58822,ours-guard,512,2,32,0.9969,0.9688,0.00004,78.829,130.190,154.369,80.002,71268.2,0.0,162565.4,46530.2,23.0,12289.0,0.0,0.0,90608.8,0.0,0.00,pathseer:32
beir500k-f32,neg10_cat11,neg10,58822,ours-guard,512,3,32,0.9969,0.9688,0.00004,80.322,133.734,151.006,80.080,71268.2,0.0,162565.4,46530.2,23.0,12289.0,0.0,0.0,90608.8,0.0,0.00,pathseer:32
beir500k-f32,neg10_cat11,neg10,58822,acorn,64,1,32,0.9094,0.4375,0.00189,1.712,1.993,2.876,1.717,2027.2,10.0,17301.4,69.2,3.0,3.0,0.0,0.0,0.0,0.0,0.00,acorn:32
beir500k-f32,neg10_cat11,neg10,58822,acorn,64,2,32,0.9094,0.4375,0.00189,1.678,1.928,2.807,1.683,2027.2,10.0,17301.4,69.2,3.0,3.0,0.0,0.0,0.0,0.0,0.00,acorn:32
beir500k-f32,neg10_cat11,neg10,58822,acorn,64,3,32,0.9094,0.4375,0.00189,1.706,1.988,2.821,1.740,2027.2,10.0,17301.4,69.2,3.0,3.0,0.0,0.0,0.0,0.0,0.00,acorn:32
beir500k-f32,neg10_cat11,neg10,58822,acorn,128,1,32,0.9469,0.6250,0.00115,2.842,3.249,4.200,2.801,3262.1,10.0,25945.9,132.8,4.0,4.0,0.0,0.0,0.0,0.0,0.00,acorn:32
beir500k-f32,neg10_cat11,neg10,58822,acorn,128,2,32,0.9469,0.6250,0.00115,2.905,3.218,4.296,2.871,3262.1,10.0,25945.9,132.8,4.0,4.0,0.0,0.0,0.0,0.0,0.00,acorn:32
beir500k-f32,neg10_cat11,neg10,58822,acorn,128,3,32,0.9469,0.6250,0.00115,2.991,3.298,4.311,2.950,3262.1,10.0,25945.9,132.8,4.0,4.0,0.0,0.0,0.0,0.0,0.00,acorn:32
beir500k-f32,neg10_cat11,neg10,58822,acorn,256,1,32,0.9625,0.7188,0.00071,4.513,5.116,6.035,4.547,5338.8,10.0,38559.8,260.5,7.0,7.0,0.0,0.0,0.0,0.0,0.00,acorn:32
beir500k-f32,neg10_cat11,neg10,58822,acorn,256,2,32,0.9625,0.7188,0.00071,4.587,5.048,5.898,4.566,5338.8,10.0,38559.8,260.5,7.0,7.0,0.0,0.0,0.0,0.0,0.00,acorn:32
beir500k-f32,neg10_cat11,neg10,58822,acorn,256,3,32,0.9625,0.7188,0.00071,4.568,5.150,6.024,4.570,5338.8,10.0,38559.8,260.5,7.0,7.0,0.0,0.0,0.0,0.0,0.00,acorn:32
beir500k-f32,neg10_cat11,neg10,58822,acorn,512,1,32,0.9875,0.8750,0.00027,7.791,8.450,9.736,7.751,8636.5,10.0,55264.6,516.2,13.0,13.0,0.0,0.0,0.0,0.0,0.00,acorn:32
beir500k-f32,neg10_cat11,neg10,58822,acorn,512,2,32,0.9875,0.8750,0.00027,7.557,9.155,9.237,7.742,8636.5,10.0,55264.6,516.2,13.0,13.0,0.0,0.0,0.0,0.0,0.00,acorn:32
beir500k-f32,neg10_cat11,neg10,58822,acorn,512,3,32,0.9875,0.8750,0.00027,7.655,8.556,9.214,7.608,8636.5,10.0,55264.6,516.2,13.0,13.0,0.0,0.0,0.0,0.0,0.00,acorn:32
beir500k-f32,neg10_cat12,neg10,60873,sweeping,64,1,66,0.9667,0.7121,0.00056,68.751,103.116,110.512,65.891,86720.3,0.0,34664.9,27145.1,3.0,1470.0,0.0,0.0,0.0,0.0,0.00,sweeping:66
beir500k-f32,neg10_cat12,neg10,60873,sweeping,64,2,66,0.9667,0.7121,0.00056,67.818,100.834,109.745,65.785,86720.3,0.0,34664.9,27145.1,3.0,1470.0,0.0,0.0,0.0,0.0,0.00,sweeping:66
beir500k-f32,neg10_cat12,neg10,60873,sweeping,64,3,66,0.9667,0.7121,0.00056,68.308,101.161,110.145,65.730,86720.3,0.0,34664.9,27145.1,3.0,1470.0,0.0,0.0,0.0,0.0,0.00,sweeping:66
beir500k-f32,neg10_cat12,neg10,60873,sweeping,128,1,66,0.9848,0.8636,0.00034,81.607,116.723,127.356,78.670,103278.4,0.0,42487.7,32335.8,6.0,2884.0,0.0,0.0,0.0,0.0,0.00,sweeping:66
beir500k-f32,neg10_cat12,neg10,60873,sweeping,128,2,66,0.9848,0.8636,0.00034,81.206,116.819,128.875,78.896,103278.4,0.0,42487.7,32335.8,6.0,2884.0,0.0,0.0,0.0,0.0,0.00,sweeping:66
beir500k-f32,neg10_cat12,neg10,60873,sweeping,128,3,66,0.9848,0.8636,0.00034,81.052,120.858,126.804,78.656,103278.4,0.0,42487.7,32335.8,6.0,2884.0,0.0,0.0,0.0,0.0,0.00,sweeping:66
beir500k-f32,neg10_cat12,neg10,60873,sweeping,256,1,66,0.9894,0.8939,0.00031,97.162,136.550,146.052,96.094,124978.4,0.0,52693.8,39119.0,11.0,5298.0,0.0,0.0,0.0,0.0,0.00,sweeping:66
beir500k-f32,neg10_cat12,neg10,60873,sweeping,256,2,66,0.9894,0.8939,0.00031,97.197,137.931,146.084,95.923,124978.4,0.0,52693.8,39119.0,11.0,5298.0,0.0,0.0,0.0,0.0,0.00,sweeping:66
beir500k-f32,neg10_cat12,neg10,60873,sweeping,256,3,66,0.9894,0.8939,0.00031,96.516,138.988,146.637,96.270,124978.4,0.0,52693.8,39119.0,11.0,5298.0,0.0,0.0,0.0,0.0,0.00,sweeping:66
beir500k-f32,neg10_cat12,neg10,60873,sweeping,512,1,66,0.9939,0.9394,0.00025,117.178,164.971,173.950,117.668,152226.7,0.0,66280.6,48025.0,23.0,9451.0,0.0,0.0,0.0,0.0,0.00,sweeping:66
beir500k-f32,neg10_cat12,neg10,60873,sweeping,512,2,66,0.9939,0.9394,0.00025,117.565,162.637,171.515,117.728,152226.7,0.0,66280.6,48025.0,23.0,9451.0,0.0,0.0,0.0,0.0,0.00,sweeping:66
beir500k-f32,neg10_cat12,neg10,60873,sweeping,512,3,66,0.9939,0.9394,0.00025,117.622,162.627,170.961,117.738,152226.7,0.0,66280.6,48025.0,23.0,9451.0,0.0,0.0,0.0,0.0,0.00,sweeping:66
beir500k-f32,neg10_cat12,neg10,60873,pathseer,64,1,66,0.9455,0.5758,0.00078,19.630,34.066,34.861,18.824,15181.5,0.0,60196.9,12055.6,3.0,1447.0,164.8,3.0,33911.3,2.6,0.00,pathseer:66
beir500k-f32,neg10_cat12,neg10,60873,pathseer,64,2,66,0.9455,0.5758,0.00078,19.440,33.961,34.993,18.817,15181.5,0.0,60196.9,12055.6,3.0,1447.0,164.8,3.0,33911.3,2.6,0.00,pathseer:66
beir500k-f32,neg10_cat12,neg10,60873,pathseer,64,3,66,0.9455,0.5758,0.00078,19.282,33.648,34.928,18.836,15181.5,0.0,60196.9,12055.6,3.0,1447.0,164.8,3.0,33911.3,2.6,0.00,pathseer:66
beir500k-f32,neg10_cat12,neg10,60873,pathseer,128,1,66,0.9803,0.8182,0.00037,30.197,44.515,46.124,27.544,22711.1,0.0,78921.0,17386.9,6.0,2759.0,307.4,4.9,40552.4,4.8,0.00,pathseer:66
beir500k-f32,neg10_cat12,neg10,60873,pathseer,128,2,66,0.9803,0.8182,0.00037,29.813,44.525,46.734,27.551,22711.1,0.0,78921.0,17386.9,6.0,2759.0,307.4,4.9,40552.4,4.8,0.00,pathseer:66
beir500k-f32,neg10_cat12,neg10,60873,pathseer,128,3,66,0.9803,0.8182,0.00037,29.677,44.544,46.598,27.438,22711.1,0.0,78921.0,17386.9,6.0,2759.0,307.4,4.9,40552.4,4.8,0.00,pathseer:66
beir500k-f32,neg10_cat12,neg10,60873,pathseer,256,1,66,0.9879,0.8788,0.00032,43.364,56.748,58.016,39.183,32990.2,0.0,103020.0,24129.1,11.0,4969.0,653.6,9.6,48863.5,10.2,0.00,pathseer:66
beir500k-f32,neg10_cat12,neg10,60873,pathseer,256,2,66,0.9879,0.8788,0.00032,42.913,55.820,58.251,39.057,32990.2,0.0,103020.0,24129.1,11.0,4969.0,653.6,9.6,48863.5,10.2,0.00,pathseer:66
beir500k-f32,neg10_cat12,neg10,60873,pathseer,256,3,66,0.9879,0.8788,0.00032,43.126,57.200,58.877,39.537,32990.2,0.0,103020.0,24129.1,11.0,4969.0,653.6,9.6,48863.5,10.2,0.00,pathseer:66
beir500k-f32,neg10_cat12,neg10,60873,pathseer,512,1,66,0.9939,0.9394,0.00025,60.533,79.065,82.834,56.579,46998.8,0.0,134460.2,32517.7,23.0,9428.0,1462.1,18.1,59775.1,22.8,0.00,pathseer:66
beir500k-f32,neg10_cat12,neg10,60873,pathseer,512,2,66,0.9939,0.9394,0.00025,59.559,73.479,78.044,55.757,46998.8,0.0,134460.2,32517.7,23.0,9428.0,1462.1,18.1,59775.1,22.8,0.00,pathseer:66
beir500k-f32,neg10_cat12,neg10,60873,pathseer,512,3,66,0.9939,0.9394,0.00025,58.561,74.170,81.056,55.708,46998.8,0.0,134460.2,32517.7,23.0,9428.0,1462.1,18.1,59775.1,22.8,0.00,pathseer:66
beir500k-f32,neg10_cat12,neg10,60873,ours-no-twohop,64,1,66,0.9455,0.5758,0.00078,20.062,34.353,35.630,19.763,15493.9,0.0,61341.3,12292.5,3.0,1470.0,0.0,0.0,34662.6,0.0,0.00,pathseer:66
beir500k-f32,neg10_cat12,neg10,60873,ours-no-twohop,64,2,66,0.9455,0.5758,0.00078,20.003,35.702,37.731,19.806,15493.9,0.0,61341.3,12292.5,3.0,1470.0,0.0,0.0,34662.6,0.0,0.00,pathseer:66
beir500k-f32,neg10_cat12,neg10,60873,ours-no-twohop,64,3,66,0.9455,0.5758,0.00078,20.550,34.718,35.995,19.746,15493.9,0.0,61341.3,12292.5,3.0,1470.0,0.0,0.0,34662.6,0.0,0.00,pathseer:66
beir500k-f32,neg10_cat12,neg10,60873,ours-no-twohop,128,1,66,0.9803,0.8182,0.00037,30.650,46.105,48.716,28.844,23062.9,0.0,79533.5,17638.4,6.0,2884.0,0.0,0.0,40850.8,0.0,0.00,pathseer:66
beir500k-f32,neg10_cat12,neg10,60873,ours-no-twohop,128,2,66,0.9803,0.8182,0.00037,30.346,45.395,48.821,28.792,23062.9,0.0,79533.5,17638.4,6.0,2884.0,0.0,0.0,40850.8,0.0,0.00,pathseer:66
beir500k-f32,neg10_cat12,neg10,60873,ours-no-twohop,128,3,66,0.9803,0.8182,0.00037,30.282,45.463,49.268,28.741,23062.9,0.0,79533.5,17638.4,6.0,2884.0,0.0,0.0,40850.8,0.0,0.00,pathseer:66
beir500k-f32,neg10_cat12,neg10,60873,ours-no-twohop,256,1,66,0.9879,0.8788,0.00032,43.772,58.072,59.526,40.533,33399.2,0.0,103213.2,24399.7,11.0,5298.0,0.0,0.0,48985.0,0.0,0.00,pathseer:66
beir500k-f32,neg10_cat12,neg10,60873,ours-no-twohop,256,2,66,0.9879,0.8788,0.00032,44.499,59.211,61.377,40.686,33399.2,0.0,103213.2,24399.7,11.0,5298.0,0.0,0.0,48985.0,0.0,0.00,pathseer:66
beir500k-f32,neg10_cat12,neg10,60873,ours-no-twohop,256,3,66,0.9879,0.8788,0.00032,44.918,60.724,61.344,41.266,33399.2,0.0,103213.2,24399.7,11.0,5298.0,0.0,0.0,48985.0,0.0,0.00,pathseer:66
beir500k-f32,neg10_cat12,neg10,60873,ours-no-twohop,512,1,66,0.9939,0.9394,0.00025,59.410,74.142,81.542,56.656,47358.6,0.0,133816.8,32724.6,23.0,9451.0,0.0,0.0,59874.7,0.0,0.00,pathseer:66
beir500k-f32,neg10_cat12,neg10,60873,ours-no-twohop,512,2,66,0.9939,0.9394,0.00025,60.240,75.309,81.572,56.319,47358.6,0.0,133816.8,32724.6,23.0,9451.0,0.0,0.0,59874.7,0.0,0.00,pathseer:66
beir500k-f32,neg10_cat12,neg10,60873,ours-no-twohop,512,3,66,0.9939,0.9394,0.00025,59.416,75.809,90.073,56.950,47358.6,0.0,133816.8,32724.6,23.0,9451.0,0.0,0.0,59874.7,0.0,0.00,pathseer:66
beir500k-f32,neg10_cat12,neg10,60873,ours-guard,64,1,66,0.9409,0.5758,0.00084,20.499,34.504,37.204,19.672,15227.5,0.0,49975.8,12279.1,3.0,1470.0,0.0,0.0,34616.9,0.0,0.00,pathseer:66
beir500k-f32,neg10_cat12,neg10,60873,ours-guard,64,2,66,0.9409,0.5758,0.00084,20.272,34.966,36.301,19.619,15227.5,0.0,49975.8,12279.1,3.0,1470.0,0.0,0.0,34616.9,0.0,0.00,pathseer:66
beir500k-f32,neg10_cat12,neg10,60873,ours-guard,64,3,66,0.9409,0.5758,0.00084,20.171,35.627,35.966,19.771,15227.5,0.0,49975.8,12279.1,3.0,1470.0,0.0,0.0,34616.9,0.0,0.00,pathseer:66
beir500k-f32,neg10_cat12,neg10,60873,ours-guard,128,1,66,0.9803,0.8182,0.00037,30.562,45.935,48.164,28.695,22624.8,0.0,63694.9,17614.3,6.0,2884.0,0.0,0.0,40824.5,0.0,0.00,pathseer:66
beir500k-f32,neg10_cat12,neg10,60873,ours-guard,128,2,66,0.9803,0.8182,0.00037,30.465,46.319,47.091,28.658,22624.8,0.0,63694.9,17614.3,6.0,2884.0,0.0,0.0,40824.5,0.0,0.00,pathseer:66
beir500k-f32,neg10_cat12,neg10,60873,ours-guard,128,3,66,0.9803,0.8182,0.00037,31.236,45.677,47.084,28.545,22624.8,0.0,63694.9,17614.3,6.0,2884.0,0.0,0.0,40824.5,0.0,0.00,pathseer:66
beir500k-f32,neg10_cat12,neg10,60873,ours-guard,256,1,66,0.9879,0.8788,0.00032,43.290,56.714,57.120,39.381,32668.5,0.0,82191.5,24362.6,11.0,5298.0,0.0,0.0,49070.9,0.0,0.00,pathseer:66
beir500k-f32,neg10_cat12,neg10,60873,ours-guard,256,2,66,0.9879,0.8788,0.00032,42.745,56.778,57.539,39.224,32668.5,0.0,82191.5,24362.6,11.0,5298.0,0.0,0.0,49070.9,0.0,0.00,pathseer:66
beir500k-f32,neg10_cat12,neg10,60873,ours-guard,256,3,66,0.9879,0.8788,0.00032,42.804,56.835,57.457,39.182,32668.5,0.0,82191.5,24362.6,11.0,5298.0,0.0,0.0,49070.9,0.0,0.00,pathseer:66
beir500k-f32,neg10_cat12,neg10,60873,ours-guard,512,1,66,0.9939,0.9394,0.00025,57.102,71.029,76.538,53.853,46157.1,0.0,107127.5,32659.7,23.0,9451.0,0.0,0.0,60146.7,0.0,0.00,pathseer:66
beir500k-f32,neg10_cat12,neg10,60873,ours-guard,512,2,66,0.9939,0.9394,0.00025,57.323,71.923,80.660,54.183,46157.1,0.0,107127.5,32659.7,23.0,9451.0,0.0,0.0,60146.7,0.0,0.00,pathseer:66
beir500k-f32,neg10_cat12,neg10,60873,ours-guard,512,3,66,0.9939,0.9394,0.00025,57.588,72.380,77.167,53.758,46157.1,0.0,107127.5,32659.7,23.0,9451.0,0.0,0.0,60146.7,0.0,0.00,pathseer:66
beir500k-f32,neg10_cat12,neg10,60873,acorn,64,1,66,0.8470,0.2576,0.00342,1.591,1.911,1.974,1.586,2052.8,10.0,13437.7,70.4,4.0,4.0,0.0,0.0,0.0,0.0,0.00,acorn:66
beir500k-f32,neg10_cat12,neg10,60873,acorn,64,2,66,0.8470,0.2576,0.00342,1.626,1.899,1.946,1.580,2052.8,10.0,13437.7,70.4,4.0,4.0,0.0,0.0,0.0,0.0,0.00,acorn:66
beir500k-f32,neg10_cat12,neg10,60873,acorn,64,3,66,0.8470,0.2576,0.00342,1.593,1.862,1.942,1.558,2052.8,10.0,13437.7,70.4,4.0,4.0,0.0,0.0,0.0,0.0,0.00,acorn:66
beir500k-f32,neg10_cat12,neg10,60873,acorn,128,1,66,0.9136,0.4545,0.00175,2.684,3.071,3.161,2.627,3445.1,10.0,21234.5,132.9,5.0,5.0,0.0,0.0,0.0,0.0,0.00,acorn:66
beir500k-f32,neg10_cat12,neg10,60873,acorn,128,2,66,0.9136,0.4545,0.00175,2.722,3.126,3.261,2.679,3445.1,10.0,21234.5,132.9,5.0,5.0,0.0,0.0,0.0,0.0,0.00,acorn:66
beir500k-f32,neg10_cat12,neg10,60873,acorn,128,3,66,0.9136,0.4545,0.00175,2.753,3.098,3.254,2.669,3445.1,10.0,21234.5,132.9,5.0,5.0,0.0,0.0,0.0,0.0,0.00,acorn:66
beir500k-f32,neg10_cat12,neg10,60873,acorn,256,1,66,0.9545,0.6364,0.00098,4.571,5.294,5.502,4.528,5787.0,10.0,33796.9,260.4,8.0,8.0,0.0,0.0,0.0,0.0,0.00,acorn:66
beir500k-f32,neg10_cat12,neg10,60873,acorn,256,2,66,0.9545,0.6364,0.00098,4.623,5.303,5.343,4.530,5787.0,10.0,33796.9,260.4,8.0,8.0,0.0,0.0,0.0,0.0,0.00,acorn:66
beir500k-f32,neg10_cat12,neg10,60873,acorn,256,3,66,0.9545,0.6364,0.00098,4.703,5.575,5.717,4.620,5787.0,10.0,33796.9,260.4,8.0,8.0,0.0,0.0,0.0,0.0,0.00,acorn:66
beir500k-f32,neg10_cat12,neg10,60873,acorn,512,1,66,0.9803,0.8485,0.00053,7.867,9.082,9.319,7.695,9511.1,10.0,52553.2,515.6,15.0,15.0,0.0,0.0,0.0,0.0,0.00,acorn:66
beir500k-f32,neg10_cat12,neg10,60873,acorn,512,2,66,0.9803,0.8485,0.00053,7.742,8.983,9.311,7.724,9511.1,10.0,52553.2,515.6,15.0,15.0,0.0,0.0,0.0,0.0,0.00,acorn:66
beir500k-f32,neg10_cat12,neg10,60873,acorn,512,3,66,0.9803,0.8485,0.00053,7.807,9.045,9.361,7.760,9511.1,10.0,52553.2,515.6,15.0,15.0,0.0,0.0,0.0,0.0,0.00,acorn:66
beir500k-f32,neg10_cat13,neg10,62221,sweeping,64,1,54,0.9926,0.9444,0.00013,11.098,34.887,37.006,14.256,23735.4,0.0,5186.7,3068.3,3.0,105.0,0.0,0.0,0.0,0.0,0.00,sweeping:54
beir500k-f32,neg10_cat13,neg10,62221,sweeping,64,2,54,0.9926,0.9444,0.00013,11.110,33.298,35.059,13.746,23735.4,0.0,5186.7,3068.3,3.0,105.0,0.0,0.0,0.0,0.0,0.00,sweeping:54
beir500k-f32,neg10_cat13,neg10,62221,sweeping,64,3,54,0.9926,0.9444,0.00013,11.125,33.549,35.480,13.721,23735.4,0.0,5186.7,3068.3,3.0,105.0,0.0,0.0,0.0,0.0,0.00,sweeping:54
beir500k-f32,neg10_cat13,neg10,62221,sweeping,128,1,54,0.9981,0.9815,0.00001,16.978,46.341,53.152,20.415,34504.1,0.0,8005.9,4785.3,5.0,210.0,0.0,0.0,0.0,0.0,0.00,sweeping:54
beir500k-f32,neg10_cat13,neg10,62221,sweeping,128,2,54,0.9981,0.9815,0.00001,16.699,46.637,52.846,20.491,34504.1,0.0,8005.9,4785.3,5.0,210.0,0.0,0.0,0.0,0.0,0.00,sweeping:54
beir500k-f32,neg10_cat13,neg10,62221,sweeping,128,3,54,0.9981,0.9815,0.00001,16.885,45.912,52.609,20.362,34504.1,0.0,8005.9,4785.3,5.0,210.0,0.0,0.0,0.0,0.0,0.00,sweeping:54
beir500k-f32,neg10_cat13,neg10,62221,sweeping,256,1,54,0.9981,0.9815,0.00001,25.830,64.269,72.141,30.444,50058.7,0.0,12534.7,7492.7,10.0,509.0,0.0,0.0,0.0,0.0,0.00,sweeping:54
beir500k-f32,neg10_cat13,neg10,62221,sweeping,256,2,54,0.9981,0.9815,0.00001,25.733,64.822,72.294,30.423,50058.7,0.0,12534.7,7492.7,10.0,509.0,0.0,0.0,0.0,0.0,0.00,sweeping:54
beir500k-f32,neg10_cat13,neg10,62221,sweeping,256,3,54,0.9981,0.9815,0.00001,25.354,64.160,72.542,30.278,50058.7,0.0,12534.7,7492.7,10.0,509.0,0.0,0.0,0.0,0.0,0.00,sweeping:54
beir500k-f32,neg10_cat13,neg10,62221,sweeping,512,1,54,0.9981,0.9815,0.00001,39.138,94.411,99.507,45.630,73134.6,0.0,19859.7,11912.1,23.0,966.0,0.0,0.0,0.0,0.0,0.00,sweeping:54
beir500k-f32,neg10_cat13,neg10,62221,sweeping,512,2,54,0.9981,0.9815,0.00001,39.236,96.107,99.633,45.730,73134.6,0.0,19859.7,11912.1,23.0,966.0,0.0,0.0,0.0,0.0,0.00,sweeping:54
beir500k-f32,neg10_cat13,neg10,62221,sweeping,512,3,54,0.9981,0.9815,0.00001,39.459,94.647,99.797,45.627,73134.6,0.0,19859.7,11912.1,23.0,966.0,0.0,0.0,0.0,0.0,0.00,sweeping:54
beir500k-f32,neg10_cat13,neg10,62221,pathseer,64,1,54,0.9796,0.8889,0.00038,2.730,7.823,9.616,3.266,3540.6,0.0,14651.3,1488.5,3.0,98.0,143.4,9.8,10248.9,2.2,0.00,pathseer:54
beir500k-f32,neg10_cat13,neg10,62221,pathseer,64,2,54,0.9796,0.8889,0.00038,2.754,7.216,9.624,3.235,3540.6,0.0,14651.3,1488.5,3.0,98.0,143.4,9.8,10248.9,2.2,0.00,pathseer:54
beir500k-f32,neg10_cat13,neg10,62221,pathseer,64,3,54,0.9796,0.8889,0.00038,2.828,7.519,9.671,3.266,3540.6,0.0,14651.3,1488.5,3.0,98.0,143.4,9.8,10248.9,2.2,0.00,pathseer:54
beir500k-f32,neg10_cat13,neg10,62221,pathseer,128,1,54,0.9944,0.9630,0.00002,4.763,11.748,14.740,5.463,5941.1,0.0,22102.2,2499.7,5.0,208.0,253.6,16.0,14754.2,4.0,0.00,pathseer:54
beir500k-f32,neg10_cat13,neg10,62221,pathseer,128,2,54,0.9944,0.9630,0.00002,4.636,11.587,14.910,5.434,5941.1,0.0,22102.2,2499.7,5.0,208.0,253.6,16.0,14754.2,4.0,0.00,pathseer:54
beir500k-f32,neg10_cat13,neg10,62221,pathseer,128,3,54,0.9944,0.9630,0.00002,4.750,11.549,14.768,5.453,5941.1,0.0,22102.2,2499.7,5.0,208.0,253.6,16.0,14754.2,4.0,0.00,pathseer:54
beir500k-f32,neg10_cat13,neg10,62221,pathseer,256,1,54,0.9981,0.9815,0.00001,8.928,19.890,20.824,9.409,9971.5,0.0,33698.3,4205.5,9.0,477.0,544.0,29.6,21301.5,8.5,0.00,pathseer:54
beir500k-f32,neg10_cat13,neg10,62221,pathseer,256,2,54,0.9981,0.9815,0.00001,8.595,19.715,20.835,9.430,9971.5,0.0,33698.3,4205.5,9.0,477.0,544.0,29.6,21301.5,8.5,0.00,pathseer:54
beir500k-f32,neg10_cat13,neg10,62221,pathseer,256,3,54,0.9981,0.9815,0.00001,9.074,19.777,20.782,9.297,9971.5,0.0,33698.3,4205.5,9.0,477.0,544.0,29.6,21301.5,8.5,0.00,pathseer:54
beir500k-f32,neg10_cat13,neg10,62221,pathseer,512,1,54,0.9981,0.9815,0.00001,15.259,31.701,32.527,16.184,16605.2,0.0,51396.5,7082.3,20.0,913.0,1203.0,62.8,30515.2,18.8,0.00,pathseer:54
beir500k-f32,neg10_cat13,neg10,62221,pathseer,512,2,54,0.9981,0.9815,0.00001,14.954,30.604,31.862,15.670,16605.2,0.0,51396.5,7082.3,20.0,913.0,1203.0,62.8,30515.2,18.8,0.00,pathseer:54
beir500k-f32,neg10_cat13,neg10,62221,pathseer,512,3,54,0.9981,0.9815,0.00001,15.182,30.305,32.044,15.687,16605.2,0.0,51396.5,7082.3,20.0,913.0,1203.0,62.8,30515.2,18.8,0.00,pathseer:54
beir500k-f32,neg10_cat13,neg10,62221,ours-no-twohop,64,1,54,0.9796,0.8889,0.00038,2.860,7.334,9.670,3.355,3692.1,0.0,15085.3,1547.4,3.0,105.0,0.0,0.0,10602.4,0.0,0.00,pathseer:54
beir500k-f32,neg10_cat13,neg10,62221,ours-no-twohop,64,2,54,0.9796,0.8889,0.00038,2.920,7.306,9.652,3.442,3692.1,0.0,15085.3,1547.4,3.0,105.0,0.0,0.0,10602.4,0.0,0.00,pathseer:54
beir500k-f32,neg10_cat13,neg10,62221,ours-no-twohop,64,3,54,0.9796,0.8889,0.00038,2.792,7.549,9.648,3.418,3692.1,0.0,15085.3,1547.4,3.0,105.0,0.0,0.0,10602.4,0.0,0.00,pathseer:54
beir500k-f32,neg10_cat13,neg10,62221,ours-no-twohop,128,1,54,0.9944,0.9630,0.00002,5.169,12.093,14.943,5.683,6219.9,0.0,22671.2,2608.4,5.0,210.0,0.0,0.0,15164.7,0.0,0.00,pathseer:54
beir500k-f32,neg10_cat13,neg10,62221,ours-no-twohop,128,2,54,0.9944,0.9630,0.00002,5.550,12.197,15.297,5.872,6219.9,0.0,22671.2,2608.4,5.0,210.0,0.0,0.0,15164.7,0.0,0.00,pathseer:54
beir500k-f32,neg10_cat13,neg10,62221,ours-no-twohop,128,3,54,0.9944,0.9630,0.00002,5.268,12.351,15.279,5.805,6219.9,0.0,22671.2,2608.4,5.0,210.0,0.0,0.0,15164.7,0.0,0.00,pathseer:54
beir500k-f32,neg10_cat13,neg10,62221,ours-no-twohop,256,1,54,0.9981,0.9815,0.00001,9.085,19.780,21.002,9.507,10236.4,0.0,33810.4,4315.6,10.0,509.0,0.0,0.0,21541.7,0.0,0.00,pathseer:54
beir500k-f32,neg10_cat13,neg10,62221,ours-no-twohop,256,2,54,0.9981,0.9815,0.00001,8.679,19.693,20.891,9.452,10236.4,0.0,33810.4,4315.6,10.0,509.0,0.0,0.0,21541.7,0.0,0.00,pathseer:54
beir500k-f32,neg10_cat13,neg10,62221,ours-no-twohop,256,3,54,0.9981,0.9815,0.00001,9.134,20.251,21.387,9.645,10236.4,0.0,33810.4,4315.6,10.0,509.0,0.0,0.0,21541.7,0.0,0.00,pathseer:54
beir500k-f32,neg10_cat13,neg10,62221,ours-no-twohop,512,1,54,0.9981,0.9815,0.00001,15.396,30.712,32.193,15.972,17012.1,0.0,51220.6,7235.0,23.0,966.0,0.0,0.0,30869.2,0.0,0.00,pathseer:54
beir500k-f32,neg10_cat13,neg10,62221,ours-no-twohop,512,2,54,0.9981,0.9815,0.00001,15.148,30.633,31.822,15.924,17012.1,0.0,51220.6,7235.0,23.0,966.0,0.0,0.0,30869.2,0.0,0.00,pathseer:54
beir500k-f32,neg10_cat13,neg10,62221,ours-no-twohop,512,3,54,0.9981,0.9815,0.00001,15.305,30.349,31.982,15.944,17012.1,0.0,51220.6,7235.0,23.0,966.0,0.0,0.0,30869.2,0.0,0.00,pathseer:54
beir500k-f32,neg10_cat13,neg10,62221,ours-guard,64,1,54,0.9778,0.8889,0.00041,2.599,7.127,9.358,3.299,3391.0,0.0,14153.0,1531.7,3.0,105.0,0.0,0.0,10676.6,0.0,0.00,pathseer:54
beir500k-f32,neg10_cat13,neg10,62221,ours-guard,64,2,54,0.9778,0.8889,0.00041,2.681,7.340,9.431,3.242,3391.0,0.0,14153.0,1531.7,3.0,105.0,0.0,0.0,10676.6,0.0,0.00,pathseer:54
beir500k-f32,neg10_cat13,neg10,62221,ours-guard,64,3,54,0.9778,0.8889,0.00041,2.605,6.845,9.511,3.210,3391.0,0.0,14153.0,1531.7,3.0,105.0,0.0,0.0,10676.6,0.0,0.00,pathseer:54
beir500k-f32,neg10_cat13,neg10,62221,ours-guard,128,1,54,0.9944,0.9630,0.00002,4.951,11.838,14.869,5.437,5715.9,0.0,21194.8,2582.8,5.0,210.0,0.0,0.0,15320.8,0.0,0.00,pathseer:54
beir500k-f32,neg10_cat13,neg10,62221,ours-guard,128,2,54,0.9944,0.9630,0.00002,5.017,12.141,14.981,5.525,5715.9,0.0,21194.8,2582.8,5.0,210.0,0.0,0.0,15320.8,0.0,0.00,pathseer:54
beir500k-f32,neg10_cat13,neg10,62221,ours-guard,128,3,54,0.9944,0.9630,0.00002,4.997,11.662,14.877,5.421,5715.9,0.0,21194.8,2582.8,5.0,210.0,0.0,0.0,15320.8,0.0,0.00,pathseer:54
beir500k-f32,neg10_cat13,neg10,62221,ours-guard,256,1,54,0.9981,0.9815,0.00001,8.312,18.947,20.202,9.014,9387.8,0.0,31475.5,4270.0,10.0,509.0,0.0,0.0,21792.3,0.0,0.00,pathseer:54
beir500k-f32,neg10_cat13,neg10,62221,ours-guard,256,2,54,0.9981,0.9815,0.00001,8.222,18.546,20.503,8.989,9387.8,0.0,31475.5,4270.0,10.0,509.0,0.0,0.0,21792.3,0.0,0.00,pathseer:54
beir500k-f32,neg10_cat13,neg10,62221,ours-guard,256,3,54,0.9981,0.9815,0.00001,8.416,18.605,20.722,9.061,9387.8,0.0,31475.5,4270.0,10.0,509.0,0.0,0.0,21792.3,0.0,0.00,pathseer:54
beir500k-f32,neg10_cat13,neg10,62221,ours-guard,512,1,54,0.9981,0.9815,0.00001,14.524,29.728,31.215,15.180,15615.6,0.0,47484.3,7154.9,23.0,966.0,0.0,0.0,31323.3,0.0,0.00,pathseer:54
beir500k-f32,neg10_cat13,neg10,62221,ours-guard,512,2,54,0.9981,0.9815,0.00001,14.676,30.265,31.289,15.824,15615.6,0.0,47484.3,7154.9,23.0,966.0,0.0,0.0,31323.3,0.0,0.00,pathseer:54
beir500k-f32,neg10_cat13,neg10,62221,ours-guard,512,3,54,0.9981,0.9815,0.00001,14.742,29.482,31.299,15.256,15615.6,0.0,47484.3,7154.9,23.0,966.0,0.0,0.0,31323.3,0.0,0.00,pathseer:54
beir500k-f32,neg10_cat13,neg10,62221,acorn,64,1,54,0.9500,0.7222,0.00120,1.260,1.982,2.039,1.301,1419.6,10.0,10966.4,66.9,3.0,3.0,0.0,0.0,0.0,0.0,0.00,acorn:51|rre:3
beir500k-f32,neg10_cat13,neg10,62221,acorn,64,2,54,0.9500,0.7222,0.00120,1.228,1.929,2.026,1.250,1419.6,10.0,10966.4,66.9,3.0,3.0,0.0,0.0,0.0,0.0,0.00,acorn:51|rre:3
beir500k-f32,neg10_cat13,neg10,62221,acorn,64,3,54,0.9500,0.7222,0.00120,1.253,1.902,2.031,1.261,1419.6,10.0,10966.4,66.9,3.0,3.0,0.0,0.0,0.0,0.0,0.00,acorn:51|rre:3
beir500k-f32,neg10_cat13,neg10,62221,acorn,128,1,54,0.9722,0.8333,0.00064,2.122,3.144,3.961,2.094,2362.7,10.0,17193.5,131.0,6.0,5.0,0.0,0.0,0.0,0.0,0.00,acorn:51|rre:3
beir500k-f32,neg10_cat13,neg10,62221,acorn,128,2,54,0.9722,0.8333,0.00064,2.094,3.216,3.850,2.075,2362.7,10.0,17193.5,131.0,6.0,5.0,0.0,0.0,0.0,0.0,0.00,acorn:51|rre:3
beir500k-f32,neg10_cat13,neg10,62221,acorn,128,3,54,0.9722,0.8333,0.00064,2.089,3.236,3.952,2.092,2362.7,10.0,17193.5,131.0,6.0,5.0,0.0,0.0,0.0,0.0,0.00,acorn:51|rre:3
beir500k-f32,neg10_cat13,neg10,62221,acorn,256,1,54,0.9796,0.8704,0.00053,3.629,5.378,5.931,3.538,3879.7,10.0,26633.8,258.3,10.0,10.0,0.0,0.0,0.0,0.0,0.00,acorn:51|rre:3
beir500k-f32,neg10_cat13,neg10,62221,acorn,256,2,54,0.9796,0.8704,0.00053,3.508,5.301,5.756,3.444,3879.7,10.0,26633.8,258.3,10.0,10.0,0.0,0.0,0.0,0.0,0.00,acorn:51|rre:3
beir500k-f32,neg10_cat13,neg10,62221,acorn,256,3,54,0.9796,0.8704,0.00053,3.571,5.760,6.086,3.610,3879.7,10.0,26633.8,258.3,10.0,10.0,0.0,0.0,0.0,0.0,0.00,acorn:51|rre:3
beir500k-f32,neg10_cat13,neg10,62221,acorn,512,1,54,0.9870,0.9074,0.00042,5.996,8.348,9.138,5.903,6336.7,10.0,41284.9,514.0,22.0,21.0,0.0,0.0,0.0,0.0,0.00,acorn:51|rre:3
beir500k-f32,neg10_cat13,neg10,62221,acorn,512,2,54,0.9870,0.9074,0.00042,5.876,8.498,8.852,5.817,6336.7,10.0,41284.9,514.0,22.0,21.0,0.0,0.0,0.0,0.0,0.00,acorn:51|rre:3
beir500k-f32,neg10_cat13,neg10,62221,acorn,512,3,54,0.9870,0.9074,0.00042,5.937,8.359,9.056,5.818,6336.7,10.0,41284.9,514.0,22.0,21.0,0.0,0.0,0.0,0.0,0.00,acorn:51|rre:3
beir500k-f32,neg10_cat14,neg10,63772,sweeping,64,1,6,0.9500,0.6667,0.00059,35.198,46.183,46.183,31.472,48301.7,0.0,15987.8,9616.2,3.0,862.0,0.0,0.0,0.0,0.0,0.00,sweeping:6
beir500k-f32,neg10_cat14,neg10,63772,sweeping,64,2,6,0.9500,0.6667,0.00059,35.117,46.693,46.693,31.593,48301.7,0.0,15987.8,9616.2,3.0,862.0,0.0,0.0,0.0,0.0,0.00,sweeping:6
beir500k-f32,neg10_cat14,neg10,63772,sweeping,64,3,6,0.9500,0.6667,0.00059,35.035,47.926,47.926,32.398,48301.7,0.0,15987.8,9616.2,3.0,862.0,0.0,0.0,0.0,0.0,0.00,sweeping:6
beir500k-f32,neg10_cat14,neg10,63772,sweeping,128,1,6,0.9833,0.8333,0.00024,45.740,58.178,58.178,42.254,63186.8,0.0,22852.3,13591.2,5.0,1533.0,0.0,0.0,0.0,0.0,0.00,sweeping:6
beir500k-f32,neg10_cat14,neg10,63772,sweeping,128,2,6,0.9833,0.8333,0.00024,46.012,58.381,58.381,42.850,63186.8,0.0,22852.3,13591.2,5.0,1533.0,0.0,0.0,0.0,0.0,0.00,sweeping:6
beir500k-f32,neg10_cat14,neg10,63772,sweeping,128,3,6,0.9833,0.8333,0.00024,45.595,59.198,59.198,42.772,63186.8,0.0,22852.3,13591.2,5.0,1533.0,0.0,0.0,0.0,0.0,0.00,sweeping:6
beir500k-f32,neg10_cat14,neg10,63772,sweeping,256,1,6,0.9833,0.8333,0.00024,62.497,77.148,77.148,58.054,84783.8,0.0,32936.8,19345.7,13.0,3685.0,0.0,0.0,0.0,0.0,0.00,sweeping:6
beir500k-f32,neg10_cat14,neg10,63772,sweeping,256,2,6,0.9833,0.8333,0.00024,62.376,81.367,81.367,58.695,84783.8,0.0,32936.8,19345.7,13.0,3685.0,0.0,0.0,0.0,0.0,0.00,sweeping:6
beir500k-f32,neg10_cat14,neg10,63772,sweeping,256,3,6,0.9833,0.8333,0.00024,64.591,77.019,77.019,58.317,84783.8,0.0,32936.8,19345.7,13.0,3685.0,0.0,0.0,0.0,0.0,0.00,sweeping:6
beir500k-f32,neg10_cat14,neg10,63772,sweeping,512,1,6,0.9833,0.8333,0.00024,83.792,99.794,99.794,80.334,115288.7,0.0,46568.3,27118.8,23.0,6017.0,0.0,0.0,0.0,0.0,0.00,sweeping:6
beir500k-f32,neg10_cat14,neg10,63772,sweeping,512,2,6,0.9833,0.8333,0.00024,84.514,99.570,99.570,80.648,115288.7,0.0,46568.3,27118.8,23.0,6017.0,0.0,0.0,0.0,0.0,0.00,sweeping:6
beir500k-f32,neg10_cat14,neg10,63772,sweeping,512,3,6,0.9833,0.8333,0.00024,83.974,103.414,103.414,80.922,115288.7,0.0,46568.3,27118.8,23.0,6017.0,0.0,0.0,0.0,0.0,0.00,sweeping:6
beir500k-f32,neg10_cat14,neg10,63772,pathseer,64,1,6,0.9500,0.6667,0.00077,8.859,16.635,16.635,9.121,8644.5,0.0,36957.5,5266.0,3.0,826.0,138.7,7.0,23538.2,2.2,0.00,pathseer:6
beir500k-f32,neg10_cat14,neg10,63772,pathseer,64,2,6,0.9500,0.6667,0.00077,8.793,16.352,16.352,8.949,8644.5,0.0,36957.5,5266.0,3.0,826.0,138.7,7.0,23538.2,2.2,0.00,pathseer:6
beir500k-f32,neg10_cat14,neg10,63772,pathseer,64,3,6,0.9500,0.6667,0.00077,8.787,16.494,16.494,9.081,8644.5,0.0,36957.5,5266.0,3.0,826.0,138.7,7.0,23538.2,2.2,0.00,pathseer:6
beir500k-f32,neg10_cat14,neg10,63772,pathseer,128,1,6,0.9833,0.8333,0.00024,13.878,24.902,24.902,15.341,14278.2,0.0,52635.2,8649.0,5.0,1257.0,266.7,9.0,30549.8,4.2,0.00,pathseer:6
beir500k-f32,neg10_cat14,neg10,63772,pathseer,128,2,6,0.9833,0.8333,0.00024,13.742,24.410,24.410,15.277,14278.2,0.0,52635.2,8649.0,5.0,1257.0,266.7,9.0,30549.8,4.2,0.00,pathseer:6
beir500k-f32,neg10_cat14,neg10,63772,pathseer,128,3,6,0.9833,0.8333,0.00024,13.780,24.608,24.608,15.238,14278.2,0.0,52635.2,8649.0,5.0,1257.0,266.7,9.0,30549.8,4.2,0.00,pathseer:6
beir500k-f32,neg10_cat14,neg10,63772,pathseer,256,1,6,0.9833,0.8333,0.00024,23.468,36.503,36.503,25.142,23788.3,0.0,74656.3,13775.5,13.0,3454.0,618.7,16.3,38501.8,9.7,0.00,pathseer:6
beir500k-f32,neg10_cat14,neg10,63772,pathseer,256,2,6,0.9833,0.8333,0.00024,23.436,36.550,36.550,25.143,23788.3,0.0,74656.3,13775.5,13.0,3454.0,618.7,16.3,38501.8,9.7,0.00,pathseer:6
beir500k-f32,neg10_cat14,neg10,63772,pathseer,256,3,6,0.9833,0.8333,0.00024,23.565,36.557,36.557,25.041,23788.3,0.0,74656.3,13775.5,13.0,3454.0,618.7,16.3,38501.8,9.7,0.00,pathseer:6
beir500k-f32,neg10_cat14,neg10,63772,pathseer,512,1,6,0.9833,0.8333,0.00024,40.631,52.906,52.906,38.610,36991.0,0.0,104152.0,20551.8,22.0,6017.0,1408.0,23.3,49303.2,22.0,0.00,pathseer:6
beir500k-f32,neg10_cat14,neg10,63772,pathseer,512,2,6,0.9833,0.8333,0.00024,40.780,55.928,55.928,39.099,36991.0,0.0,104152.0,20551.8,22.0,6017.0,1408.0,23.3,49303.2,22.0,0.00,pathseer:6
beir500k-f32,neg10_cat14,neg10,63772,pathseer,512,3,6,0.9833,0.8333,0.00024,41.306,51.778,51.778,38.462,36991.0,0.0,104152.0,20551.8,22.0,6017.0,1408.0,23.3,49303.2,22.0,0.00,pathseer:6
beir500k-f32,neg10_cat14,neg10,63772,ours-no-twohop,64,1,6,0.9500,0.6667,0.00077,9.282,16.524,16.524,9.724,9257.0,0.0,38162.5,5635.8,3.0,862.0,0.0,0.0,23893.2,0.0,0.00,pathseer:6
beir500k-f32,neg10_cat14,neg10,63772,ours-no-twohop,64,2,6,0.9500,0.6667,0.00077,9.267,16.588,16.588,9.817,9257.0,0.0,38162.5,5635.8,3.0,862.0,0.0,0.0,23893.2,0.0,0.00,pathseer:6
beir500k-f32,neg10_cat14,neg10,63772,ours-no-twohop,64,3,6,0.9500,0.6667,0.00077,9.597,16.920,16.920,9.846,9257.0,0.0,38162.5,5635.8,3.0,862.0,0.0,0.0,23893.2,0.0,0.00,pathseer:6
beir500k-f32,neg10_cat14,neg10,63772,ours-no-twohop,128,1,6,0.9833,0.8333,0.00024,15.531,26.013,26.013,16.121,14661.7,0.0,52957.7,8822.5,5.0,1533.0,0.0,0.0,30572.3,0.0,0.00,pathseer:6
beir500k-f32,neg10_cat14,neg10,63772,ours-no-twohop,128,2,6,0.9833,0.8333,0.00024,14.974,24.996,24.996,15.945,14661.7,0.0,52957.7,8822.5,5.0,1533.0,0.0,0.0,30572.3,0.0,0.00,pathseer:6
beir500k-f32,neg10_cat14,neg10,63772,ours-no-twohop,128,3,6,0.9833,0.8333,0.00024,14.740,24.987,24.987,15.876,14661.7,0.0,52957.7,8822.5,5.0,1533.0,0.0,0.0,30572.3,0.0,0.00,pathseer:6
beir500k-f32,neg10_cat14,neg10,63772,ours-no-twohop,256,1,6,0.9833,0.8333,0.00024,25.410,37.355,37.355,25.815,24267.5,0.0,74867.0,13949.0,13.0,3685.0,0.0,0.0,38632.8,0.0,0.00,pathseer:6
beir500k-f32,neg10_cat14,neg10,63772,ours-no-twohop,256,2,6,0.9833,0.8333,0.00024,25.461,36.635,36.635,25.685,24267.5,0.0,74867.0,13949.0,13.0,3685.0,0.0,0.0,38632.8,0.0,0.00,pathseer:6
beir500k-f32,neg10_cat14,neg10,63772,ours-no-twohop,256,3,6,0.9833,0.8333,0.00024,25.077,36.490,36.490,25.504,24267.5,0.0,74867.0,13949.0,13.0,3685.0,0.0,0.0,38632.8,0.0,0.00,pathseer:6
beir500k-f32,neg10_cat14,neg10,63772,ours-no-twohop,512,1,6,0.9833,0.8333,0.00024,42.377,51.484,51.484,39.146,37244.7,0.0,103222.8,20625.3,23.0,6017.0,0.0,0.0,49301.7,0.0,0.00,pathseer:6
beir500k-f32,neg10_cat14,neg10,63772,ours-no-twohop,512,2,6,0.9833,0.8333,0.00024,40.914,51.503,51.503,38.494,37244.7,0.0,103222.8,20625.3,23.0,6017.0,0.0,0.0,49301.7,0.0,0.00,pathseer:6
beir500k-f32,neg10_cat14,neg10,63772,ours-no-twohop,512,3,6,0.9833,0.8333,0.00024,40.570,51.877,51.877,38.519,37244.7,0.0,103222.8,20625.3,23.0,6017.0,0.0,0.0,49301.7,0.0,0.00,pathseer:6
beir500k-f32,neg10_cat14,neg10,63772,ours-guard,64,1,6,0.9500,0.6667,0.00077,9.211,16.385,16.385,9.569,9031.0,0.0,33136.8,5623.0,3.0,862.0,0.0,0.0,24014.0,0.0,0.00,pathseer:6
beir500k-f32,neg10_cat14,neg10,63772,ours-guard,64,2,6,0.9500,0.6667,0.00077,8.973,16.269,16.269,9.452,9031.0,0.0,33136.8,5623.0,3.0,862.0,0.0,0.0,24014.0,0.0,0.00,pathseer:6
beir500k-f32,neg10_cat14,neg10,63772,ours-guard,64,3,6,0.9500,0.6667,0.00077,8.941,16.132,16.132,9.512,9031.0,0.0,33136.8,5623.0,3.0,862.0,0.0,0.0,24014.0,0.0,0.00,pathseer:6
beir500k-f32,neg10_cat14,neg10,63772,ours-guard,128,1,6,0.9833,0.8333,0.00024,14.443,24.451,24.451,15.464,14328.8,0.0,45253.8,8809.7,5.0,1533.0,0.0,0.0,30765.7,0.0,0.00,pathseer:6
beir500k-f32,neg10_cat14,neg10,63772,ours-guard,128,2,6,0.9833,0.8333,0.00024,14.461,24.438,24.438,15.417,14328.8,0.0,45253.8,8809.7,5.0,1533.0,0.0,0.0,30765.7,0.0,0.00,pathseer:6
beir500k-f32,neg10_cat14,neg10,63772,ours-guard,128,3,6,0.9833,0.8333,0.00024,14.273,24.334,24.334,15.299,14328.8,0.0,45253.8,8809.7,5.0,1533.0,0.0,0.0,30765.7,0.0,0.00,pathseer:6
beir500k-f32,neg10_cat14,neg10,63772,ours-guard,256,1,6,0.9833,0.8333,0.00024,24.964,35.847,35.847,25.109,23753.2,0.0,63009.2,13930.2,13.0,3685.0,0.0,0.0,38956.5,0.0,0.00,pathseer:6
beir500k-f32,neg10_cat14,neg10,63772,ours-guard,256,2,6,0.9833,0.8333,0.00024,24.721,36.273,36.273,25.068,23753.2,0.0,63009.2,13930.2,13.0,3685.0,0.0,0.0,38956.5,0.0,0.00,pathseer:6
beir500k-f32,neg10_cat14,neg10,63772,ours-guard,256,3,6,0.9833,0.8333,0.00024,24.928,35.750,35.750,24.994,23753.2,0.0,63009.2,13930.2,13.0,3685.0,0.0,0.0,38956.5,0.0,0.00,pathseer:6
beir500k-f32,neg10_cat14,neg10,63772,ours-guard,512,1,6,0.9833,0.8333,0.00024,40.272,50.749,50.749,38.512,36359.7,0.0,86723.5,20598.5,23.0,6017.0,0.0,0.0,49798.7,0.0,0.00,pathseer:6
beir500k-f32,neg10_cat14,neg10,63772,ours-guard,512,2,6,0.9833,0.8333,0.00024,40.186,50.966,50.966,37.916,36359.7,0.0,86723.5,20598.5,23.0,6017.0,0.0,0.0,49798.7,0.0,0.00,pathseer:6
beir500k-f32,neg10_cat14,neg10,63772,ours-guard,512,3,6,0.9833,0.8333,0.00024,40.084,51.219,51.219,37.804,36359.7,0.0,86723.5,20598.5,23.0,6017.0,0.0,0.0,49798.7,0.0,0.00,pathseer:6
beir500k-f32,neg10_cat14,neg10,63772,acorn,64,1,6,0.8833,0.3333,0.00549,0.979,1.307,1.307,1.019,1061.7,10.0,12848.8,66.5,4.0,4.0,0.0,0.0,0.0,0.0,0.00,acorn:6
beir500k-f32,neg10_cat14,neg10,63772,acorn,64,2,6,0.8833,0.3333,0.00549,0.984,1.206,1.206,1.000,1061.7,10.0,12848.8,66.5,4.0,4.0,0.0,0.0,0.0,0.0,0.00,acorn:6
beir500k-f32,neg10_cat14,neg10,63772,acorn,64,3,6,0.8833,0.3333,0.00549,1.253,1.461,1.461,1.245,1061.7,10.0,12848.8,66.5,4.0,4.0,0.0,0.0,0.0,0.0,0.00,acorn:6
beir500k-f32,neg10_cat14,neg10,63772,acorn,128,1,6,0.9167,0.3333,0.00149,1.765,2.220,2.220,1.765,1828.5,10.0,18928.7,130.7,7.0,7.0,0.0,0.0,0.0,0.0,0.00,acorn:6
beir500k-f32,neg10_cat14,neg10,63772,acorn,128,2,6,0.9167,0.3333,0.00149,1.715,2.149,2.149,1.746,1828.5,10.0,18928.7,130.7,7.0,7.0,0.0,0.0,0.0,0.0,0.00,acorn:6
beir500k-f32,neg10_cat14,neg10,63772,acorn,128,3,6,0.9167,0.3333,0.00149,1.631,2.170,2.170,1.679,1828.5,10.0,18928.7,130.7,7.0,7.0,0.0,0.0,0.0,0.0,0.00,acorn:6
beir500k-f32,neg10_cat14,neg10,63772,acorn,256,1,6,0.9167,0.3333,0.00149,2.959,3.593,3.593,2.888,3071.5,10.0,27583.0,258.2,13.0,13.0,0.0,0.0,0.0,0.0,0.00,acorn:6
beir500k-f32,neg10_cat14,neg10,63772,acorn,256,2,6,0.9167,0.3333,0.00149,3.038,3.616,3.616,2.937,3071.5,10.0,27583.0,258.2,13.0,13.0,0.0,0.0,0.0,0.0,0.00,acorn:6
beir500k-f32,neg10_cat14,neg10,63772,acorn,256,3,6,0.9167,0.3333,0.00149,3.036,3.687,3.687,2.944,3071.5,10.0,27583.0,258.2,13.0,13.0,0.0,0.0,0.0,0.0,0.00,acorn:6
beir500k-f32,neg10_cat14,neg10,63772,acorn,512,1,6,0.9333,0.5000,0.00120,5.509,6.323,6.323,5.441,5857.5,10.0,40666.3,514.5,28.0,28.0,0.0,0.0,0.0,0.0,0.00,acorn:6
beir500k-f32,neg10_cat14,neg10,63772,acorn,512,2,6,0.9333,0.5000,0.00120,5.543,6.265,6.265,5.454,5857.5,10.0,40666.3,514.5,28.0,28.0,0.0,0.0,0.0,0.0,0.00,acorn:6
beir500k-f32,neg10_cat14,neg10,63772,acorn,512,3,6,0.9333,0.5000,0.00120,5.392,6.492,6.492,5.537,5857.5,10.0,40666.3,514.5,28.0,28.0,0.0,0.0,0.0,0.0,0.00,acorn:6
beir500k-f32,neg10_cat15,neg10,63900,sweeping,64,1,84,0.9679,0.7500,0.00056,8.056,27.750,35.397,11.118,20041.0,0.0,4042.9,2038.5,4.0,58.0,0.0,0.0,0.0,0.0,0.00,sweeping:84
beir500k-f32,neg10_cat15,neg10,63900,sweeping,64,2,84,0.9679,0.7500,0.00056,8.135,27.471,35.834,11.079,20041.0,0.0,4042.9,2038.5,4.0,58.0,0.0,0.0,0.0,0.0,0.00,sweeping:84
beir500k-f32,neg10_cat15,neg10,63900,sweeping,64,3,84,0.9679,0.7500,0.00056,8.096,27.572,35.647,11.087,20041.0,0.0,4042.9,2038.5,4.0,58.0,0.0,0.0,0.0,0.0,0.00,sweeping:84
beir500k-f32,neg10_cat15,neg10,63900,sweeping,128,1,84,0.9869,0.8690,0.00013,12.570,42.690,56.515,16.777,29813.3,0.0,6485.1,3236.6,6.0,106.0,0.0,0.0,0.0,0.0,0.00,sweeping:84
beir500k-f32,neg10_cat15,neg10,63900,sweeping,128,2,84,0.9869,0.8690,0.00013,12.679,42.554,56.462,16.779,29813.3,0.0,6485.1,3236.6,6.0,106.0,0.0,0.0,0.0,0.0,0.00,sweeping:84
beir500k-f32,neg10_cat15,neg10,63900,sweeping,128,3,84,0.9869,0.8690,0.00013,12.826,42.835,56.106,16.716,29813.3,0.0,6485.1,3236.6,6.0,106.0,0.0,0.0,0.0,0.0,0.00,sweeping:84
beir500k-f32,neg10_cat15,neg10,63900,sweeping,256,1,84,0.9940,0.9405,0.00004,19.134,63.459,79.181,25.325,44082.8,0.0,10391.0,5144.5,12.0,212.0,0.0,0.0,0.0,0.0,0.00,sweeping:84
beir500k-f32,neg10_cat15,neg10,63900,sweeping,256,2,84,0.9940,0.9405,0.00004,19.745,63.554,79.786,25.251,44082.8,0.0,10391.0,5144.5,12.0,212.0,0.0,0.0,0.0,0.0,0.00,sweeping:84
beir500k-f32,neg10_cat15,neg10,63900,sweeping,256,3,84,0.9940,0.9405,0.00004,19.316,63.420,79.715,25.259,44082.8,0.0,10391.0,5144.5,12.0,212.0,0.0,0.0,0.0,0.0,0.00,sweeping:84
beir500k-f32,neg10_cat15,neg10,63900,sweeping,512,1,84,0.9976,0.9762,0.00002,31.416,92.535,116.352,37.959,64515.1,0.0,16564.5,8228.7,26.0,389.0,0.0,0.0,0.0,0.0,0.00,sweeping:84
beir500k-f32,neg10_cat15,neg10,63900,sweeping,512,2,84,0.9976,0.9762,0.00002,31.494,93.308,115.129,38.060,64515.1,0.0,16564.5,8228.7,26.0,389.0,0.0,0.0,0.0,0.0,0.00,sweeping:84
beir500k-f32,neg10_cat15,neg10,63900,sweeping,512,3,84,0.9976,0.9762,0.00002,31.521,92.864,118.196,38.093,64515.1,0.0,16564.5,8228.7,26.0,389.0,0.0,0.0,0.0,0.0,0.00,sweeping:84
beir500k-f32,neg10_cat15,neg10,63900,pathseer,64,1,84,0.9393,0.6429,0.00149,1.685,5.649,11.194,2.450,3050.5,0.0,10006.2,854.8,3.0,51.0,146.3,15.9,7005.9,2.3,0.00,pathseer:84
beir500k-f32,neg10_cat15,neg10,63900,pathseer,64,2,84,0.9393,0.6429,0.00149,1.707,5.507,11.214,2.444,3050.5,0.0,10006.2,854.8,3.0,51.0,146.3,15.9,7005.9,2.3,0.00,pathseer:84
beir500k-f32,neg10_cat15,neg10,63900,pathseer,64,3,84,0.9393,0.6429,0.00149,1.777,5.596,11.140,2.459,3050.5,0.0,10006.2,854.8,3.0,51.0,146.3,15.9,7005.9,2.3,0.00,pathseer:84
beir500k-f32,neg10_cat15,neg10,63900,pathseer,128,1,84,0.9786,0.8095,0.00035,3.018,8.002,18.190,4.198,5260.6,0.0,15653.1,1446.7,5.0,91.0,278.9,29.9,10580.9,4.4,0.00,pathseer:84
beir500k-f32,neg10_cat15,neg10,63900,pathseer,128,2,84,0.9786,0.8095,0.00035,2.995,7.996,19.280,4.193,5260.6,0.0,15653.1,1446.7,5.0,91.0,278.9,29.9,10580.9,4.4,0.00,pathseer:84
beir500k-f32,neg10_cat15,neg10,63900,pathseer,128,3,84,0.9786,0.8095,0.00035,3.040,8.080,18.088,4.164,5260.6,0.0,15653.1,1446.7,5.0,91.0,278.9,29.9,10580.9,4.4,0.00,pathseer:84
beir500k-f32,neg10_cat15,neg10,63900,pathseer,256,1,84,0.9929,0.9286,0.00008,5.654,13.221,27.491,7.112,9054.1,0.0,24723.4,2452.3,10.0,174.0,578.3,64.0,15994.3,9.0,0.00,pathseer:84
beir500k-f32,neg10_cat15,neg10,63900,pathseer,256,2,84,0.9929,0.9286,0.00008,5.675,13.304,27.353,7.174,9054.1,0.0,24723.4,2452.3,10.0,174.0,578.3,64.0,15994.3,9.0,0.00,pathseer:84
beir500k-f32,neg10_cat15,neg10,63900,pathseer,256,3,84,0.9929,0.9286,0.00008,5.580,13.319,27.220,7.083,9054.1,0.0,24723.4,2452.3,10.0,174.0,578.3,64.0,15994.3,9.0,0.00,pathseer:84
beir500k-f32,neg10_cat15,neg10,63900,pathseer,512,1,84,0.9964,0.9643,0.00005,9.986,23.708,40.726,12.064,15294.3,0.0,38954.8,4175.6,19.0,331.0,1231.0,131.6,24016.7,19.2,0.00,pathseer:84
beir500k-f32,neg10_cat15,neg10,63900,pathseer,512,2,84,0.9964,0.9643,0.00005,9.939,23.841,40.625,12.122,15294.3,0.0,38954.8,4175.6,19.0,331.0,1231.0,131.6,24016.7,19.2,0.00,pathseer:84
beir500k-f32,neg10_cat15,neg10,63900,pathseer,512,3,84,0.9964,0.9643,0.00005,10.051,23.836,40.681,12.071,15294.3,0.0,38954.8,4175.6,19.0,331.0,1231.0,131.6,24016.7,19.2,0.00,pathseer:84
beir500k-f32,neg10_cat15,neg10,63900,ours-no-twohop,64,1,84,0.9429,0.6548,0.00127,1.901,5.497,11.052,2.574,3216.4,0.0,10424.5,916.1,4.0,58.0,0.0,0.0,7332.6,0.0,0.00,pathseer:84
beir500k-f32,neg10_cat15,neg10,63900,ours-no-twohop,64,2,84,0.9429,0.6548,0.00127,1.948,5.525,11.312,2.582,3216.4,0.0,10424.5,916.1,4.0,58.0,0.0,0.0,7332.6,0.0,0.00,pathseer:84
beir500k-f32,neg10_cat15,neg10,63900,ours-no-twohop,64,3,84,0.9429,0.6548,0.00127,1.870,5.498,11.159,2.581,3216.4,0.0,10424.5,916.1,4.0,58.0,0.0,0.0,7332.6,0.0,0.00,pathseer:84
beir500k-f32,neg10_cat15,neg10,63900,ours-no-twohop,128,1,84,0.9810,0.8095,0.00030,3.299,9.271,18.980,4.517,5521.2,0.0,16144.6,1523.9,6.0,106.0,0.0,0.0,10995.6,0.0,0.00,pathseer:84
beir500k-f32,neg10_cat15,neg10,63900,ours-no-twohop,128,2,84,0.9810,0.8095,0.00030,3.254,8.907,18.986,4.485,5521.2,0.0,16144.6,1523.9,6.0,106.0,0.0,0.0,10995.6,0.0,0.00,pathseer:84
beir500k-f32,neg10_cat15,neg10,63900,ours-no-twohop,128,3,84,0.9810,0.8095,0.00030,3.294,8.640,18.153,4.441,5521.2,0.0,16144.6,1523.9,6.0,106.0,0.0,0.0,10995.6,0.0,0.00,pathseer:84
beir500k-f32,neg10_cat15,neg10,63900,ours-no-twohop,256,1,84,0.9929,0.9286,0.00008,6.293,14.833,28.462,7.612,9447.1,0.0,25279.3,2574.3,12.0,212.0,0.0,0.0,16564.4,0.0,0.00,pathseer:84
beir500k-f32,neg10_cat15,neg10,63900,ours-no-twohop,256,2,84,0.9929,0.9286,0.00008,6.260,14.307,27.608,7.546,9447.1,0.0,25279.3,2574.3,12.0,212.0,0.0,0.0,16564.4,0.0,0.00,pathseer:84
beir500k-f32,neg10_cat15,neg10,63900,ours-no-twohop,256,3,84,0.9929,0.9286,0.00008,6.153,14.509,28.241,7.546,9447.1,0.0,25279.3,2574.3,12.0,212.0,0.0,0.0,16564.4,0.0,0.00,pathseer:84
beir500k-f32,neg10_cat15,neg10,63900,ours-no-twohop,512,1,84,0.9964,0.9643,0.00005,10.816,23.647,40.818,12.709,16027.8,0.0,39793.8,4411.9,26.0,389.0,0.0,0.0,24985.9,0.0,0.00,pathseer:84
beir500k-f32,neg10_cat15,neg10,63900,ours-no-twohop,512,2,84,0.9964,0.9643,0.00005,10.794,23.553,41.083,12.697,16027.8,0.0,39793.8,4411.9,26.0,389.0,0.0,0.0,24985.9,0.0,0.00,pathseer:84
beir500k-f32,neg10_cat15,neg10,63900,ours-no-twohop,512,3,84,0.9964,0.9643,0.00005,10.889,23.703,41.244,12.697,16027.8,0.0,39793.8,4411.9,26.0,389.0,0.0,0.0,24985.9,0.0,0.00,pathseer:84
beir500k-f32,neg10_cat15,neg10,63900,ours-guard,64,1,84,0.9440,0.6429,0.00122,1.627,5.292,10.758,2.362,2769.4,0.0,10286.1,895.6,4.0,58.0,0.0,0.0,7410.6,0.0,0.00,pathseer:84
beir500k-f32,neg10_cat15,neg10,63900,ours-guard,64,2,84,0.9440,0.6429,0.00122,1.640,5.278,10.819,2.365,2769.4,0.0,10286.1,895.6,4.0,58.0,0.0,0.0,7410.6,0.0,0.00,pathseer:84
beir500k-f32,neg10_cat15,neg10,63900,ours-guard,64,3,84,0.9440,0.6429,0.00122,1.649,5.347,10.996,2.365,2769.4,0.0,10286.1,895.6,4.0,58.0,0.0,0.0,7410.6,0.0,0.00,pathseer:84
beir500k-f32,neg10_cat15,neg10,63900,ours-guard,128,1,84,0.9774,0.7976,0.00040,2.876,8.191,17.721,4.002,4764.8,0.0,16155.2,1490.0,6.0,106.0,0.0,0.0,11189.8,0.0,0.00,pathseer:84
beir500k-f32,neg10_cat15,neg10,63900,ours-guard,128,2,84,0.9774,0.7976,0.00040,2.794,8.133,17.718,3.974,4764.8,0.0,16155.2,1490.0,6.0,106.0,0.0,0.0,11189.8,0.0,0.00,pathseer:84
beir500k-f32,neg10_cat15,neg10,63900,ours-guard,128,3,84,0.9774,0.7976,0.00040,3.012,8.121,17.611,4.050,4764.8,0.0,16155.2,1490.0,6.0,106.0,0.0,0.0,11189.8,0.0,0.00,pathseer:84
beir500k-f32,neg10_cat15,neg10,63900,ours-guard,256,1,84,0.9917,0.9167,0.00014,5.319,13.186,26.415,6.788,8214.0,0.0,25569.5,2519.5,12.0,212.0,0.0,0.0,16973.4,0.0,0.00,pathseer:84
beir500k-f32,neg10_cat15,neg10,63900,ours-guard,256,2,84,0.9917,0.9167,0.00014,5.296,13.108,26.665,6.798,8214.0,0.0,25569.5,2519.5,12.0,212.0,0.0,0.0,16973.4,0.0,0.00,pathseer:84
beir500k-f32,neg10_cat15,neg10,63900,ours-guard,256,3,84,0.9917,0.9167,0.00014,5.445,13.067,28.772,6.879,8214.0,0.0,25569.5,2519.5,12.0,212.0,0.0,0.0,16973.4,0.0,0.00,pathseer:84
beir500k-f32,neg10_cat15,neg10,63900,ours-guard,512,1,84,0.9964,0.9643,0.00005,9.714,22.694,39.565,11.725,14057.3,0.0,40512.1,4314.7,26.0,389.0,0.0,0.0,25741.7,0.0,0.00,pathseer:84
beir500k-f32,neg10_cat15,neg10,63900,ours-guard,512,2,84,0.9964,0.9643,0.00005,9.729,22.901,39.819,11.718,14057.3,0.0,40512.1,4314.7,26.0,389.0,0.0,0.0,25741.7,0.0,0.00,pathseer:84
beir500k-f32,neg10_cat15,neg10,63900,ours-guard,512,3,84,0.9964,0.9643,0.00005,9.870,22.973,39.943,11.779,14057.3,0.0,40512.1,4314.7,26.0,389.0,0.0,0.0,25741.7,0.0,0.00,pathseer:84
beir500k-f32,neg10_cat15,neg10,63900,acorn,64,1,84,0.9000,0.5238,0.00285,1.805,2.498,2.997,1.756,2269.3,10.0,12094.8,67.6,3.0,3.0,0.0,0.0,0.0,0.0,0.00,acorn:76|rre:8
beir500k-f32,neg10_cat15,neg10,63900,acorn,64,2,84,0.9000,0.5238,0.00285,1.806,2.547,2.933,1.749,2269.3,10.0,12094.8,67.6,3.0,3.0,0.0,0.0,0.0,0.0,0.00,acorn:76|rre:8
beir500k-f32,neg10_cat15,neg10,63900,acorn,64,3,84,0.9000,0.5238,0.00285,1.783,2.454,2.896,1.726,2269.3,10.0,12094.8,67.6,3.0,3.0,0.0,0.0,0.0,0.0,0.00,acorn:76|rre:8
beir500k-f32,neg10_cat15,neg10,63900,acorn,128,1,84,0.9548,0.6905,0.00099,2.989,4.000,4.690,2.918,3824.8,10.0,19085.1,131.9,4.0,4.0,0.0,0.0,0.0,0.0,0.00,acorn:76|rre:8
beir500k-f32,neg10_cat15,neg10,63900,acorn,128,2,84,0.9548,0.6905,0.00099,2.975,3.856,4.417,2.881,3824.8,10.0,19085.1,131.9,4.0,4.0,0.0,0.0,0.0,0.0,0.00,acorn:76|rre:8
beir500k-f32,neg10_cat15,neg10,63900,acorn,128,3,84,0.9548,0.6905,0.00099,2.999,3.890,4.386,2.931,3824.8,10.0,19085.1,131.9,4.0,4.0,0.0,0.0,0.0,0.0,0.00,acorn:76|rre:8
beir500k-f32,neg10_cat15,neg10,63900,acorn,256,1,84,0.9810,0.8214,0.00023,4.939,6.260,6.843,4.677,6172.9,10.0,28788.8,258.4,7.0,6.0,0.0,0.0,0.0,0.0,0.00,acorn:76|rre:8
beir500k-f32,neg10_cat15,neg10,63900,acorn,256,2,84,0.9810,0.8214,0.00023,4.940,6.330,6.751,4.738,6172.9,10.0,28788.8,258.4,7.0,6.0,0.0,0.0,0.0,0.0,0.00,acorn:76|rre:8
beir500k-f32,neg10_cat15,neg10,63900,acorn,256,3,84,0.9810,0.8214,0.00023,4.949,6.259,6.725,4.694,6172.9,10.0,28788.8,258.4,7.0,6.0,0.0,0.0,0.0,0.0,0.00,acorn:76|rre:8
beir500k-f32,neg10_cat15,neg10,63900,acorn,512,1,84,0.9881,0.8929,0.00018,8.166,10.340,10.899,7.800,9894.6,10.0,43413.3,514.3,12.0,12.0,0.0,0.0,0.0,0.0,0.00,acorn:76|rre:8
beir500k-f32,neg10_cat15,neg10,63900,acorn,512,2,84,0.9881,0.8929,0.00018,8.071,10.087,10.568,7.730,9894.6,10.0,43413.3,514.3,12.0,12.0,0.0,0.0,0.0,0.0,0.00,acorn:76|rre:8
beir500k-f32,neg10_cat15,neg10,63900,acorn,512,3,84,0.9881,0.8929,0.00018,8.068,10.147,10.535,7.676,9894.6,10.0,43413.3,514.3,12.0,12.0,0.0,0.0,0.0,0.0,0.00,acorn:76|rre:8
beir500k-f32,neg10_cat16,neg10,51796,sweeping,64,1,42,0.9976,0.9762,0.00001,14.210,28.538,30.099,15.188,23399.4,0.0,7120.8,4910.7,4.0,195.0,0.0,0.0,0.0,0.0,0.00,sweeping:42
beir500k-f32,neg10_cat16,neg10,51796,sweeping,64,2,42,0.9976,0.9762,0.00001,14.211,28.051,29.846,15.100,23399.4,0.0,7120.8,4910.7,4.0,195.0,0.0,0.0,0.0,0.0,0.00,sweeping:42
beir500k-f32,neg10_cat16,neg10,51796,sweeping,64,3,42,0.9976,0.9762,0.00001,14.944,28.215,30.006,15.254,23399.4,0.0,7120.8,4910.7,4.0,195.0,0.0,0.0,0.0,0.0,0.00,sweeping:42
beir500k-f32,neg10_cat16,neg10,51796,sweeping,128,1,42,0.9976,0.9762,0.00001,19.444,34.316,38.228,20.046,29893.6,0.0,9985.2,6940.1,7.0,433.0,0.0,0.0,0.0,0.0,0.00,sweeping:42
beir500k-f32,neg10_cat16,neg10,51796,sweeping,128,2,42,0.9976,0.9762,0.00001,19.938,34.129,38.861,20.325,29893.6,0.0,9985.2,6940.1,7.0,433.0,0.0,0.0,0.0,0.0,0.00,sweeping:42
beir500k-f32,neg10_cat16,neg10,51796,sweeping,128,3,42,0.9976,0.9762,0.00001,19.417,34.086,37.327,20.051,29893.6,0.0,9985.2,6940.1,7.0,433.0,0.0,0.0,0.0,0.0,0.00,sweeping:42
beir500k-f32,neg10_cat16,neg10,51796,sweeping,256,1,42,1.0000,1.0000,0.00000,27.580,43.236,44.624,26.846,38520.2,0.0,14034.1,9790.4,15.0,810.0,0.0,0.0,0.0,0.0,0.00,sweeping:42
beir500k-f32,neg10_cat16,neg10,51796,sweeping,256,2,42,1.0000,1.0000,0.00000,27.585,44.247,46.936,27.030,38520.2,0.0,14034.1,9790.4,15.0,810.0,0.0,0.0,0.0,0.0,0.00,sweeping:42
beir500k-f32,neg10_cat16,neg10,51796,sweeping,256,3,42,1.0000,1.0000,0.00000,27.699,42.986,43.466,26.889,38520.2,0.0,14034.1,9790.4,15.0,810.0,0.0,0.0,0.0,0.0,0.00,sweeping:42
beir500k-f32,neg10_cat16,neg10,51796,sweeping,512,1,42,1.0000,1.0000,0.00000,36.386,53.101,55.411,36.724,50478.6,0.0,19656.1,13895.8,35.0,1564.0,0.0,0.0,0.0,0.0,0.00,sweeping:42
beir500k-f32,neg10_cat16,neg10,51796,sweeping,512,2,42,1.0000,1.0000,0.00000,37.525,52.938,55.300,37.245,50478.6,0.0,19656.1,13895.8,35.0,1564.0,0.0,0.0,0.0,0.0,0.00,sweeping:42
beir500k-f32,neg10_cat16,neg10,51796,sweeping,512,3,42,1.0000,1.0000,0.00000,36.772,53.330,56.139,36.681,50478.6,0.0,19656.1,13895.8,35.0,1564.0,0.0,0.0,0.0,0.0,0.00,sweeping:42
beir500k-f32,neg10_cat16,neg10,51796,pathseer,64,1,42,0.9929,0.9286,0.00008,3.172,6.657,7.732,3.658,3737.6,0.0,15771.9,1880.0,4.0,169.0,189.0,8.0,10631.0,3.0,0.00,pathseer:42
beir500k-f32,neg10_cat16,neg10,51796,pathseer,64,2,42,0.9929,0.9286,0.00008,3.121,6.775,7.658,3.624,3737.6,0.0,15771.9,1880.0,4.0,169.0,189.0,8.0,10631.0,3.0,0.00,pathseer:42
beir500k-f32,neg10_cat16,neg10,51796,pathseer,64,3,42,0.9929,0.9286,0.00008,3.140,6.892,7.837,3.633,3737.6,0.0,15771.9,1880.0,4.0,169.0,189.0,8.0,10631.0,3.0,0.00,pathseer:42
beir500k-f32,neg10_cat16,neg10,51796,pathseer,128,1,42,0.9976,0.9762,0.00001,5.694,10.161,12.242,6.085,6355.1,0.0,23175.5,3219.4,6.0,356.0,363.9,15.6,14394.0,5.7,0.00,pathseer:42
beir500k-f32,neg10_cat16,neg10,51796,pathseer,128,2,42,0.9976,0.9762,0.00001,5.864,10.144,12.259,6.134,6355.1,0.0,23175.5,3219.4,6.0,356.0,363.9,15.6,14394.0,5.7,0.00,pathseer:42
beir500k-f32,neg10_cat16,neg10,51796,pathseer,128,3,42,0.9976,0.9762,0.00001,5.762,10.185,12.408,6.126,6355.1,0.0,23175.5,3219.4,6.0,356.0,363.9,15.6,14394.0,5.7,0.00,pathseer:42
beir500k-f32,neg10_cat16,neg10,51796,pathseer,256,1,42,1.0000,1.0000,0.00000,9.493,16.162,19.298,10.314,10436.7,0.0,33090.0,5345.9,13.0,757.0,849.7,30.9,18508.7,13.3,0.00,pathseer:42
beir500k-f32,neg10_cat16,neg10,51796,pathseer,256,2,42,1.0000,1.0000,0.00000,9.785,16.166,18.028,10.155,10436.7,0.0,33090.0,5345.9,13.0,757.0,849.7,30.9,18508.7,13.3,0.00,pathseer:42
beir500k-f32,neg10_cat16,neg10,51796,pathseer,256,3,42,1.0000,1.0000,0.00000,9.497,16.476,18.269,10.205,10436.7,0.0,33090.0,5345.9,13.0,757.0,849.7,30.9,18508.7,13.3,0.00,pathseer:42
beir500k-f32,neg10_cat16,neg10,51796,pathseer,512,1,42,1.0000,1.0000,0.00000,16.025,26.040,27.554,16.704,16761.0,0.0,46663.4,8689.4,31.0,1466.0,1984.9,66.9,22939.0,31.0,0.00,pathseer:42
beir500k-f32,neg10_cat16,neg10,51796,pathseer,512,2,42,1.0000,1.0000,0.00000,16.274,26.172,26.844,16.586,16761.0,0.0,46663.4,8689.4,31.0,1466.0,1984.9,66.9,22939.0,31.0,0.00,pathseer:42
beir500k-f32,neg10_cat16,neg10,51796,pathseer,512,3,42,1.0000,1.0000,0.00000,16.232,25.901,26.432,16.638,16761.0,0.0,46663.4,8689.4,31.0,1466.0,1984.9,66.9,22939.0,31.0,0.00,pathseer:42
beir500k-f32,neg10_cat16,neg10,51796,ours-no-twohop,64,1,42,0.9929,0.9286,0.00008,3.728,7.068,7.640,3.895,4005.4,0.0,16381.5,2016.7,4.0,195.0,0.0,0.0,11009.0,0.0,0.00,pathseer:42
beir500k-f32,neg10_cat16,neg10,51796,ours-no-twohop,64,2,42,0.9929,0.9286,0.00008,3.698,7.267,7.664,3.891,4005.4,0.0,16381.5,2016.7,4.0,195.0,0.0,0.0,11009.0,0.0,0.00,pathseer:42
beir500k-f32,neg10_cat16,neg10,51796,ours-no-twohop,64,3,42,0.9929,0.9286,0.00008,3.674,7.010,7.778,3.946,4005.4,0.0,16381.5,2016.7,4.0,195.0,0.0,0.0,11009.0,0.0,0.00,pathseer:42
beir500k-f32,neg10_cat16,neg10,51796,ours-no-twohop,128,1,42,0.9976,0.9762,0.00001,5.929,10.492,12.416,6.301,6562.8,0.0,23311.4,3320.1,7.0,433.0,0.0,0.0,14556.9,0.0,0.00,pathseer:42
beir500k-f32,neg10_cat16,neg10,51796,ours-no-twohop,128,2,42,0.9976,0.9762,0.00001,5.922,10.382,12.203,6.265,6562.8,0.0,23311.4,3320.1,7.0,433.0,0.0,0.0,14556.9,0.0,0.00,pathseer:42
beir500k-f32,neg10_cat16,neg10,51796,ours-no-twohop,128,3,42,0.9976,0.9762,0.00001,5.946,10.353,12.344,6.253,6562.8,0.0,23311.4,3320.1,7.0,433.0,0.0,0.0,14556.9,0.0,0.00,pathseer:42
beir500k-f32,neg10_cat16,neg10,51796,ours-no-twohop,256,1,42,1.0000,1.0000,0.00000,9.891,16.496,18.163,10.398,10706.4,0.0,32840.7,5481.9,15.0,810.0,0.0,0.0,18605.0,0.0,0.00,pathseer:42
beir500k-f32,neg10_cat16,neg10,51796,ours-no-twohop,256,2,42,1.0000,1.0000,0.00000,9.980,16.375,18.190,10.477,10706.4,0.0,32840.7,5481.9,15.0,810.0,0.0,0.0,18605.0,0.0,0.00,pathseer:42
beir500k-f32,neg10_cat16,neg10,51796,ours-no-twohop,256,3,42,1.0000,1.0000,0.00000,9.952,16.494,18.438,10.395,10706.4,0.0,32840.7,5481.9,15.0,810.0,0.0,0.0,18605.0,0.0,0.00,pathseer:42
beir500k-f32,neg10_cat16,neg10,51796,ours-no-twohop,512,1,42,1.0000,1.0000,0.00000,16.333,26.276,44.029,17.343,17135.0,0.0,45557.3,8881.9,35.0,1564.0,0.0,0.0,22942.5,0.0,0.00,pathseer:42
beir500k-f32,neg10_cat16,neg10,51796,ours-no-twohop,512,2,42,1.0000,1.0000,0.00000,16.345,26.178,26.530,16.967,17135.0,0.0,45557.3,8881.9,35.0,1564.0,0.0,0.0,22942.5,0.0,0.00,pathseer:42
beir500k-f32,neg10_cat16,neg10,51796,ours-no-twohop,512,3,42,1.0000,1.0000,0.00000,17.065,26.548,27.304,17.181,17135.0,0.0,45557.3,8881.9,35.0,1564.0,0.0,0.0,22942.5,0.0,0.00,pathseer:42
beir500k-f32,neg10_cat16,neg10,51796,ours-guard,64,1,42,0.9929,0.9286,0.00008,3.334,6.909,7.378,3.671,3747.3,0.0,14962.4,2003.1,4.0,195.0,0.0,0.0,11122.6,0.0,0.00,pathseer:42
beir500k-f32,neg10_cat16,neg10,51796,ours-guard,64,2,42,0.9929,0.9286,0.00008,3.302,6.712,7.585,3.677,3747.3,0.0,14962.4,2003.1,4.0,195.0,0.0,0.0,11122.6,0.0,0.00,pathseer:42
beir500k-f32,neg10_cat16,neg10,51796,ours-guard,64,3,42,0.9929,0.9286,0.00008,3.415,6.786,7.443,3.679,3747.3,0.0,14962.4,2003.1,4.0,195.0,0.0,0.0,11122.6,0.0,0.00,pathseer:42
beir500k-f32,neg10_cat16,neg10,51796,ours-guard,128,1,42,0.9976,0.9762,0.00001,5.797,10.159,12.015,6.087,6121.9,0.0,21075.1,3298.5,7.0,433.0,0.0,0.0,14788.7,0.0,0.00,pathseer:42
beir500k-f32,neg10_cat16,neg10,51796,ours-guard,128,2,42,0.9976,0.9762,0.00001,5.703,10.217,11.907,6.027,6121.9,0.0,21075.1,3298.5,7.0,433.0,0.0,0.0,14788.7,0.0,0.00,pathseer:42
beir500k-f32,neg10_cat16,neg10,51796,ours-guard,128,3,42,0.9976,0.9762,0.00001,5.799,10.266,11.857,6.056,6121.9,0.0,21075.1,3298.5,7.0,433.0,0.0,0.0,14788.7,0.0,0.00,pathseer:42
beir500k-f32,neg10_cat16,neg10,51796,ours-guard,256,1,42,1.0000,1.0000,0.00000,9.520,16.392,18.988,10.046,9954.3,0.0,29249.3,5445.8,15.0,810.0,0.0,0.0,19001.4,0.0,0.00,pathseer:42
beir500k-f32,neg10_cat16,neg10,51796,ours-guard,256,2,42,1.0000,1.0000,0.00000,9.483,16.046,17.803,9.988,9954.3,0.0,29249.3,5445.8,15.0,810.0,0.0,0.0,19001.4,0.0,0.00,pathseer:42
beir500k-f32,neg10_cat16,neg10,51796,ours-guard,256,3,42,1.0000,1.0000,0.00000,9.282,15.951,17.794,9.987,9954.3,0.0,29249.3,5445.8,15.0,810.0,0.0,0.0,19001.4,0.0,0.00,pathseer:42
beir500k-f32,neg10_cat16,neg10,51796,ours-guard,512,1,42,1.0000,1.0000,0.00000,16.042,25.213,25.973,16.192,15852.9,0.0,40006.5,8819.5,35.0,1564.0,0.0,0.0,23644.2,0.0,0.00,pathseer:42
beir500k-f32,neg10_cat16,neg10,51796,ours-guard,512,2,42,1.0000,1.0000,0.00000,15.757,25.260,25.725,16.106,15852.9,0.0,40006.5,8819.5,35.0,1564.0,0.0,0.0,23644.2,0.0,0.00,pathseer:42
beir500k-f32,neg10_cat16,neg10,51796,ours-guard,512,3,42,1.0000,1.0000,0.00000,16.112,25.807,26.576,16.284,15852.9,0.0,40006.5,8819.5,35.0,1564.0,0.0,0.0,23644.2,0.0,0.00,pathseer:42
beir500k-f32,neg10_cat16,neg10,51796,acorn,64,1,42,0.9690,0.8095,0.00048,1.110,1.729,2.193,1.158,1563.1,10.0,9388.7,68.1,3.0,3.0,0.0,0.0,0.0,0.0,0.00,acorn:42
beir500k-f32,neg10_cat16,neg10,51796,acorn,64,2,42,0.9690,0.8095,0.00048,1.121,1.650,2.213,1.161,1563.1,10.0,9388.7,68.1,3.0,3.0,0.0,0.0,0.0,0.0,0.00,acorn:42
beir500k-f32,neg10_cat16,neg10,51796,acorn,64,3,42,0.9690,0.8095,0.00048,1.143,1.732,2.221,1.178,1563.1,10.0,9388.7,68.1,3.0,3.0,0.0,0.0,0.0,0.0,0.00,acorn:42
beir500k-f32,neg10_cat16,neg10,51796,acorn,128,1,42,0.9929,0.9524,0.00013,1.887,2.739,3.505,1.979,2524.2,10.0,14740.7,131.0,5.0,5.0,0.0,0.0,0.0,0.0,0.00,acorn:42
beir500k-f32,neg10_cat16,neg10,51796,acorn,128,2,42,0.9929,0.9524,0.00013,1.851,2.635,2.782,1.914,2524.2,10.0,14740.7,131.0,5.0,5.0,0.0,0.0,0.0,0.0,0.00,acorn:42
beir500k-f32,neg10_cat16,neg10,51796,acorn,128,3,42,0.9929,0.9524,0.00013,1.946,2.635,2.777,1.962,2524.2,10.0,14740.7,131.0,5.0,5.0,0.0,0.0,0.0,0.0,0.00,acorn:42
beir500k-f32,neg10_cat16,neg10,51796,acorn,256,1,42,0.9952,0.9762,0.00012,3.114,4.038,4.446,3.203,4079.5,10.0,23079.8,258.3,8.0,8.0,0.0,0.0,0.0,0.0,0.00,acorn:42
beir500k-f32,neg10_cat16,neg10,51796,acorn,256,2,42,0.9952,0.9762,0.00012,3.097,4.158,4.635,3.251,4079.5,10.0,23079.8,258.3,8.0,8.0,0.0,0.0,0.0,0.0,0.00,acorn:42
beir500k-f32,neg10_cat16,neg10,51796,acorn,256,3,42,0.9952,0.9762,0.00012,3.141,4.082,4.563,3.233,4079.5,10.0,23079.8,258.3,8.0,8.0,0.0,0.0,0.0,0.0,0.00,acorn:42
beir500k-f32,neg10_cat16,neg10,51796,acorn,512,1,42,0.9952,0.9762,0.00012,5.370,6.745,6.980,5.477,6573.1,10.0,36164.0,514.3,17.0,17.0,0.0,0.0,0.0,0.0,0.00,acorn:42
beir500k-f32,neg10_cat16,neg10,51796,acorn,512,2,42,0.9952,0.9762,0.00012,5.626,6.895,7.207,5.660,6573.1,10.0,36164.0,514.3,17.0,17.0,0.0,0.0,0.0,0.0,0.00,acorn:42
beir500k-f32,neg10_cat16,neg10,51796,acorn,512,3,42,0.9952,0.9762,0.00012,5.672,6.847,7.140,5.606,6573.1,10.0,36164.0,514.3,17.0,17.0,0.0,0.0,0.0,0.0,0.00,acorn:42
beir500k-f32,neg10_cat17,neg10,62171,sweeping,64,1,45,0.9533,0.6889,0.00076,27.996,59.626,66.303,28.716,48098.1,0.0,12414.3,6687.7,3.0,266.0,0.0,0.0,0.0,0.0,0.00,sweeping:45
beir500k-f32,neg10_cat17,neg10,62171,sweeping,64,2,45,0.9533,0.6889,0.00076,27.951,59.607,67.267,28.678,48098.1,0.0,12414.3,6687.7,3.0,266.0,0.0,0.0,0.0,0.0,0.00,sweeping:45
beir500k-f32,neg10_cat17,neg10,62171,sweeping,64,3,45,0.9533,0.6889,0.00076,27.907,59.937,67.822,28.631,48098.1,0.0,12414.3,6687.7,3.0,266.0,0.0,0.0,0.0,0.0,0.00,sweeping:45
beir500k-f32,neg10_cat17,neg10,62171,sweeping,128,1,45,0.9644,0.7556,0.00044,39.498,74.644,86.191,39.864,64202.7,0.0,18022.4,9444.0,6.0,563.0,0.0,0.0,0.0,0.0,0.00,sweeping:45
beir500k-f32,neg10_cat17,neg10,62171,sweeping,128,2,45,0.9644,0.7556,0.00044,40.625,76.352,87.131,39.738,64202.7,0.0,18022.4,9444.0,6.0,563.0,0.0,0.0,0.0,0.0,0.00,sweeping:45
beir500k-f32,neg10_cat17,neg10,62171,sweeping,128,3,45,0.9644,0.7556,0.00044,40.221,76.301,84.026,39.687,64202.7,0.0,18022.4,9444.0,6.0,563.0,0.0,0.0,0.0,0.0,0.00,sweeping:45
beir500k-f32,neg10_cat17,neg10,62171,sweeping,256,1,45,0.9778,0.9111,0.00011,54.708,100.350,109.842,53.811,86885.1,0.0,25972.3,13493.2,11.0,1058.0,0.0,0.0,0.0,0.0,0.00,sweeping:45
beir500k-f32,neg10_cat17,neg10,62171,sweeping,256,2,45,0.9778,0.9111,0.00011,54.737,98.797,107.366,53.592,86885.1,0.0,25972.3,13493.2,11.0,1058.0,0.0,0.0,0.0,0.0,0.00,sweeping:45
beir500k-f32,neg10_cat17,neg10,62171,sweeping,256,3,45,0.9778,0.9111,0.00011,54.560,99.382,108.003,53.787,86885.1,0.0,25972.3,13493.2,11.0,1058.0,0.0,0.0,0.0,0.0,0.00,sweeping:45
beir500k-f32,neg10_cat17,neg10,62171,sweeping,512,1,45,0.9911,0.9333,0.00002,77.564,129.587,134.133,75.423,117325.9,0.0,37259.4,19506.0,24.0,1769.0,0.0,0.0,0.0,0.0,0.00,sweeping:45
beir500k-f32,neg10_cat17,neg10,62171,sweeping,512,2,45,0.9911,0.9333,0.00002,75.751,126.472,138.700,74.385,117325.9,0.0,37259.4,19506.0,24.0,1769.0,0.0,0.0,0.0,0.0,0.00,sweeping:45
beir500k-f32,neg10_cat17,neg10,62171,sweeping,512,3,45,0.9911,0.9333,0.00002,75.764,126.262,136.060,74.257,117325.9,0.0,37259.4,19506.0,24.0,1769.0,0.0,0.0,0.0,0.0,0.00,sweeping:45
beir500k-f32,neg10_cat17,neg10,62171,pathseer,64,1,45,0.9111,0.5333,0.00118,5.799,16.946,27.334,6.697,6553.7,0.0,29452.6,3218.8,3.0,254.0,151.1,6.6,20529.4,2.4,0.00,pathseer:45
beir500k-f32,neg10_cat17,neg10,62171,pathseer,64,2,45,0.9111,0.5333,0.00118,5.691,16.865,27.105,6.626,6553.7,0.0,29452.6,3218.8,3.0,254.0,151.1,6.6,20529.4,2.4,0.00,pathseer:45
beir500k-f32,neg10_cat17,neg10,62171,pathseer,64,3,45,0.9111,0.5333,0.00118,5.767,16.788,27.074,6.622,6553.7,0.0,29452.6,3218.8,3.0,254.0,151.1,6.6,20529.4,2.4,0.00,pathseer:45
beir500k-f32,neg10_cat17,neg10,62171,pathseer,128,1,45,0.9444,0.6000,0.00083,9.938,23.920,34.111,10.924,11078.0,0.0,43176.0,5169.6,5.0,513.0,296.2,11.6,28464.0,4.6,0.00,pathseer:45
beir500k-f32,neg10_cat17,neg10,62171,pathseer,128,2,45,0.9444,0.6000,0.00083,10.018,24.483,34.952,11.136,11078.0,0.0,43176.0,5169.6,5.0,513.0,296.2,11.6,28464.0,4.6,0.00,pathseer:45
beir500k-f32,neg10_cat17,neg10,62171,pathseer,128,3,45,0.9444,0.6000,0.00083,9.951,24.077,34.557,11.010,11078.0,0.0,43176.0,5169.6,5.0,513.0,296.2,11.6,28464.0,4.6,0.00,pathseer:45
beir500k-f32,neg10_cat17,neg10,62171,pathseer,256,1,45,0.9711,0.8222,0.00032,16.888,32.062,48.655,17.782,18172.1,0.0,62219.6,8098.7,10.0,1021.0,654.6,23.8,38578.1,10.2,0.00,pathseer:45
beir500k-f32,neg10_cat17,neg10,62171,pathseer,256,2,45,0.9711,0.8222,0.00032,16.957,31.719,45.788,17.550,18172.1,0.0,62219.6,8098.7,10.0,1021.0,654.6,23.8,38578.1,10.2,0.00,pathseer:45
beir500k-f32,neg10_cat17,neg10,62171,pathseer,256,3,45,0.9711,0.8222,0.00032,16.939,33.371,46.151,17.664,18172.1,0.0,62219.6,8098.7,10.0,1021.0,654.6,23.8,38578.1,10.2,0.00,pathseer:45
beir500k-f32,neg10_cat17,neg10,62171,pathseer,512,1,45,0.9867,0.9111,0.00005,27.188,45.413,61.051,27.478,28937.7,0.0,88455.3,12413.2,22.0,1745.0,1458.8,47.6,51415.7,22.8,0.00,pathseer:45
beir500k-f32,neg10_cat17,neg10,62171,pathseer,512,2,45,0.9867,0.9111,0.00005,27.642,45.460,61.431,27.700,28937.7,0.0,88455.3,12413.2,22.0,1745.0,1458.8,47.6,51415.7,22.8,0.00,pathseer:45
beir500k-f32,neg10_cat17,neg10,62171,pathseer,512,3,45,0.9867,0.9111,0.00005,26.340,45.554,61.167,27.519,28937.7,0.0,88455.3,12413.2,22.0,1745.0,1458.8,47.6,51415.7,22.8,0.00,pathseer:45
beir500k-f32,neg10_cat17,neg10,62171,ours-no-twohop,64,1,45,0.9089,0.5333,0.00118,5.833,16.755,27.005,6.871,6805.8,0.0,30150.6,3328.0,3.0,266.0,0.0,0.0,21011.4,0.0,0.00,pathseer:45
beir500k-f32,neg10_cat17,neg10,62171,ours-no-twohop,64,2,45,0.9089,0.5333,0.00118,5.840,16.648,27.457,6.985,6805.8,0.0,30150.6,3328.0,3.0,266.0,0.0,0.0,21011.4,0.0,0.00,pathseer:45
beir500k-f32,neg10_cat17,neg10,62171,ours-no-twohop,64,3,45,0.9089,0.5333,0.00118,5.862,16.412,27.252,6.847,6805.8,0.0,30150.6,3328.0,3.0,266.0,0.0,0.0,21011.4,0.0,0.00,pathseer:45
beir500k-f32,neg10_cat17,neg10,62171,ours-no-twohop,128,1,45,0.9400,0.6000,0.00083,10.232,23.972,34.093,11.218,11427.2,0.0,43741.1,5294.0,6.0,563.0,0.0,0.0,28835.2,0.0,0.00,pathseer:45
beir500k-f32,neg10_cat17,neg10,62171,ours-no-twohop,128,2,45,0.9400,0.6000,0.00083,10.343,24.256,36.813,11.292,11427.2,0.0,43741.1,5294.0,6.0,563.0,0.0,0.0,28835.2,0.0,0.00,pathseer:45
beir500k-f32,neg10_cat17,neg10,62171,ours-no-twohop,128,3,45,0.9400,0.6000,0.00083,10.445,23.881,34.345,11.244,11427.2,0.0,43741.1,5294.0,6.0,563.0,0.0,0.0,28835.2,0.0,0.00,pathseer:45
beir500k-f32,neg10_cat17,neg10,62171,ours-no-twohop,256,1,45,0.9733,0.8222,0.00032,17.961,31.758,46.472,17.980,18617.0,0.0,62497.2,8240.7,11.0,1058.0,0.0,0.0,38870.6,0.0,0.00,pathseer:45
beir500k-f32,neg10_cat17,neg10,62171,ours-no-twohop,256,2,45,0.9733,0.8222,0.00032,17.355,31.658,47.247,17.953,18617.0,0.0,62497.2,8240.7,11.0,1058.0,0.0,0.0,38870.6,0.0,0.00,pathseer:45
beir500k-f32,neg10_cat17,neg10,62171,ours-no-twohop,256,3,45,0.9733,0.8222,0.00032,17.311,31.950,46.265,17.916,18617.0,0.0,62497.2,8240.7,11.0,1058.0,0.0,0.0,38870.6,0.0,0.00,pathseer:45
beir500k-f32,neg10_cat17,neg10,62171,ours-no-twohop,512,1,45,0.9822,0.9111,0.00005,27.225,46.062,63.259,27.995,29541.9,0.0,88264.1,12601.6,24.0,1769.0,0.0,0.0,51734.6,0.0,0.00,pathseer:45
beir500k-f32,neg10_cat17,neg10,62171,ours-no-twohop,512,2,45,0.9822,0.9111,0.00005,26.405,45.966,61.150,27.859,29541.9,0.0,88264.1,12601.6,24.0,1769.0,0.0,0.0,51734.6,0.0,0.00,pathseer:45
beir500k-f32,neg10_cat17,neg10,62171,ours-no-twohop,512,3,45,0.9822,0.9111,0.00005,27.126,45.479,61.079,27.925,29541.9,0.0,88264.1,12601.6,24.0,1769.0,0.0,0.0,51734.6,0.0,0.00,pathseer:45
beir500k-f32,neg10_cat17,neg10,62171,ours-guard,64,1,45,0.9044,0.5111,0.00127,5.592,16.611,27.190,6.672,6405.1,0.0,27595.8,3311.4,3.0,266.0,0.0,0.0,21079.2,0.0,0.00,pathseer:45
beir500k-f32,neg10_cat17,neg10,62171,ours-guard,64,2,45,0.9044,0.5111,0.00127,5.512,16.301,26.962,6.623,6405.1,0.0,27595.8,3311.4,3.0,266.0,0.0,0.0,21079.2,0.0,0.00,pathseer:45
beir500k-f32,neg10_cat17,neg10,62171,ours-guard,64,3,45,0.9044,0.5111,0.00127,5.664,16.347,26.926,6.621,6405.1,0.0,27595.8,3311.4,3.0,266.0,0.0,0.0,21079.2,0.0,0.00,pathseer:45
beir500k-f32,neg10_cat17,neg10,62171,ours-guard,128,1,45,0.9422,0.6000,0.00088,10.063,24.083,33.919,11.020,10776.5,0.0,40022.7,5271.9,6.0,563.0,0.0,0.0,29032.4,0.0,0.00,pathseer:45
beir500k-f32,neg10_cat17,neg10,62171,ours-guard,128,2,45,0.9422,0.6000,0.00088,9.886,23.554,33.701,10.811,10776.5,0.0,40022.7,5271.9,6.0,563.0,0.0,0.0,29032.4,0.0,0.00,pathseer:45
beir500k-f32,neg10_cat17,neg10,62171,ours-guard,128,3,45,0.9422,0.6000,0.00088,9.866,23.510,33.406,10.806,10776.5,0.0,40022.7,5271.9,6.0,563.0,0.0,0.0,29032.4,0.0,0.00,pathseer:45
beir500k-f32,neg10_cat17,neg10,62171,ours-guard,256,1,45,0.9756,0.8222,0.00032,16.813,31.101,45.582,17.394,17537.1,0.0,57067.8,8195.4,11.0,1058.0,0.0,0.0,39116.4,0.0,0.00,pathseer:45
beir500k-f32,neg10_cat17,neg10,62171,ours-guard,256,2,45,0.9756,0.8222,0.00032,16.675,30.749,45.125,17.203,17537.1,0.0,57067.8,8195.4,11.0,1058.0,0.0,0.0,39116.4,0.0,0.00,pathseer:45
beir500k-f32,neg10_cat17,neg10,62171,ours-guard,256,3,45,0.9756,0.8222,0.00032,16.872,31.040,45.297,17.402,17537.1,0.0,57067.8,8195.4,11.0,1058.0,0.0,0.0,39116.4,0.0,0.00,pathseer:45
beir500k-f32,neg10_cat17,neg10,62171,ours-guard,512,1,45,0.9867,0.8889,0.00014,25.807,44.281,60.110,27.030,27792.2,0.0,80761.2,12514.2,24.0,1769.0,0.0,0.0,52198.0,0.0,0.00,pathseer:45
beir500k-f32,neg10_cat17,neg10,62171,ours-guard,512,2,45,0.9867,0.8889,0.00014,25.517,44.443,60.514,26.999,27792.2,0.0,80761.2,12514.2,24.0,1769.0,0.0,0.0,52198.0,0.0,0.00,pathseer:45
beir500k-f32,neg10_cat17,neg10,62171,ours-guard,512,3,45,0.9867,0.8889,0.00014,26.002,56.080,69.595,27.696,27792.2,0.0,80761.2,12514.2,24.0,1769.0,0.0,0.0,52198.0,0.0,0.00,pathseer:45
beir500k-f32,neg10_cat17,neg10,62171,acorn,64,1,45,0.8600,0.3111,0.00237,1.900,2.486,2.693,1.875,2276.6,10.0,14789.7,69.4,3.0,3.0,0.0,0.0,0.0,0.0,0.00,acorn:45
beir500k-f32,neg10_cat17,neg10,62171,acorn,64,2,45,0.8600,0.3111,0.00237,1.821,2.507,2.670,1.847,2276.6,10.0,14789.7,69.4,3.0,3.0,0.0,0.0,0.0,0.0,0.00,acorn:45
beir500k-f32,neg10_cat17,neg10,62171,acorn,64,3,45,0.8600,0.3111,0.00237,1.878,2.542,2.686,1.894,2276.6,10.0,14789.7,69.4,3.0,3.0,0.0,0.0,0.0,0.0,0.00,acorn:45
beir500k-f32,neg10_cat17,neg10,62171,acorn,128,1,45,0.9133,0.5111,0.00164,3.247,4.118,4.209,3.157,3754.7,10.0,22579.7,131.4,4.0,4.0,0.0,0.0,0.0,0.0,0.00,acorn:45
beir500k-f32,neg10_cat17,neg10,62171,acorn,128,2,45,0.9133,0.5111,0.00164,3.105,3.863,4.507,3.059,3754.7,10.0,22579.7,131.4,4.0,4.0,0.0,0.0,0.0,0.0,0.00,acorn:45
beir500k-f32,neg10_cat17,neg10,62171,acorn,128,3,45,0.9133,0.5111,0.00164,3.170,3.884,3.913,3.035,3754.7,10.0,22579.7,131.4,4.0,4.0,0.0,0.0,0.0,0.0,0.00,acorn:45
beir500k-f32,neg10_cat17,neg10,62171,acorn,256,1,45,0.9578,0.6667,0.00068,5.178,6.576,6.742,5.133,6239.8,10.0,35156.2,258.8,7.0,7.0,0.0,0.0,0.0,0.0,0.00,acorn:45
beir500k-f32,neg10_cat17,neg10,62171,acorn,256,2,45,0.9578,0.6667,0.00068,5.112,6.277,6.532,5.055,6239.8,10.0,35156.2,258.8,7.0,7.0,0.0,0.0,0.0,0.0,0.00,acorn:45
beir500k-f32,neg10_cat17,neg10,62171,acorn,256,3,45,0.9578,0.6667,0.00068,5.036,6.271,6.487,5.052,6239.8,10.0,35156.2,258.8,7.0,7.0,0.0,0.0,0.0,0.0,0.00,acorn:45
beir500k-f32,neg10_cat17,neg10,62171,acorn,512,1,45,0.9711,0.8000,0.00048,8.576,10.553,11.281,8.491,10109.0,10.0,53736.0,514.7,14.0,14.0,0.0,0.0,0.0,0.0,0.00,acorn:45
beir500k-f32,neg10_cat17,neg10,62171,acorn,512,2,45,0.9711,0.8000,0.00048,8.561,10.719,11.192,8.626,10109.0,10.0,53736.0,514.7,14.0,14.0,0.0,0.0,0.0,0.0,0.00,acorn:45
beir500k-f32,neg10_cat17,neg10,62171,acorn,512,3,45,0.9711,0.8000,0.00048,8.683,10.581,11.070,8.507,10109.0,10.0,53736.0,514.7,14.0,14.0,0.0,0.0,0.0,0.0,0.00,acorn:45
beir500k-f32,neg10_cat18,neg10,61365,sweeping,64,1,10,1.0000,1.0000,0.00000,1.047,1.327,1.327,0.999,2163.5,0.0,343.4,144.8,4.0,6.0,0.0,0.0,0.0,0.0,0.00,sweeping:10
beir500k-f32,neg10_cat18,neg10,61365,sweeping,64,2,10,1.0000,1.0000,0.00000,1.072,1.431,1.431,1.030,2163.5,0.0,343.4,144.8,4.0,6.0,0.0,0.0,0.0,0.0,0.00,sweeping:10
beir500k-f32,neg10_cat18,neg10,61365,sweeping,64,3,10,1.0000,1.0000,0.00000,1.090,1.452,1.452,1.039,2163.5,0.0,343.4,144.8,4.0,6.0,0.0,0.0,0.0,0.0,0.00,sweeping:10
beir500k-f32,neg10_cat18,neg10,61365,sweeping,128,1,10,1.0000,1.0000,0.00000,1.792,2.069,2.069,1.578,3342.0,0.0,578.0,258.2,6.0,11.0,0.0,0.0,0.0,0.0,0.00,sweeping:10
beir500k-f32,neg10_cat18,neg10,61365,sweeping,128,2,10,1.0000,1.0000,0.00000,1.790,2.078,2.078,1.595,3342.0,0.0,578.0,258.2,6.0,11.0,0.0,0.0,0.0,0.0,0.00,sweeping:10
beir500k-f32,neg10_cat18,neg10,61365,sweeping,128,3,10,1.0000,1.0000,0.00000,1.714,2.071,2.071,1.562,3342.0,0.0,578.0,258.2,6.0,11.0,0.0,0.0,0.0,0.0,0.00,sweeping:10
beir500k-f32,neg10_cat18,neg10,61365,sweeping,256,1,10,1.0000,1.0000,0.00000,2.676,4.411,4.411,2.688,5443.5,0.0,996.0,489.3,10.0,18.0,0.0,0.0,0.0,0.0,0.00,sweeping:10
beir500k-f32,neg10_cat18,neg10,61365,sweeping,256,2,10,1.0000,1.0000,0.00000,2.732,4.410,4.410,2.704,5443.5,0.0,996.0,489.3,10.0,18.0,0.0,0.0,0.0,0.0,0.00,sweeping:10
beir500k-f32,neg10_cat18,neg10,61365,sweeping,256,3,10,1.0000,1.0000,0.00000,2.677,4.513,4.513,2.700,5443.5,0.0,996.0,489.3,10.0,18.0,0.0,0.0,0.0,0.0,0.00,sweeping:10
beir500k-f32,neg10_cat18,neg10,61365,sweeping,512,1,10,1.0000,1.0000,0.00000,4.137,9.484,9.484,4.642,8842.2,0.0,1757.1,929.8,23.0,46.0,0.0,0.0,0.0,0.0,0.00,sweeping:10
beir500k-f32,neg10_cat18,neg10,61365,sweeping,512,2,10,1.0000,1.0000,0.00000,4.136,9.405,9.405,4.616,8842.2,0.0,1757.1,929.8,23.0,46.0,0.0,0.0,0.0,0.0,0.00,sweeping:10
beir500k-f32,neg10_cat18,neg10,61365,sweeping,512,3,10,1.0000,1.0000,0.00000,4.134,9.387,9.387,4.613,8842.2,0.0,1757.1,929.8,23.0,46.0,0.0,0.0,0.0,0.0,0.00,sweeping:10
beir500k-f32,neg10_cat18,neg10,61365,pathseer,64,1,10,1.0000,1.0000,0.00000,0.682,0.821,0.821,0.667,1503.0,0.0,1104.6,104.0,2.0,3.0,89.6,45.3,340.2,1.4,0.00,pathseer:10
beir500k-f32,neg10_cat18,neg10,61365,pathseer,64,2,10,1.0000,1.0000,0.00000,0.720,0.870,0.870,0.693,1503.0,0.0,1104.6,104.0,2.0,3.0,89.6,45.3,340.2,1.4,0.00,pathseer:10
beir500k-f32,neg10_cat18,neg10,61365,pathseer,64,3,10,1.0000,1.0000,0.00000,0.702,0.801,0.801,0.680,1503.0,0.0,1104.6,104.0,2.0,3.0,89.6,45.3,340.2,1.4,0.00,pathseer:10
beir500k-f32,neg10_cat18,neg10,61365,pathseer,128,1,10,1.0000,1.0000,0.00000,1.265,1.514,1.514,1.204,2432.6,0.0,1752.4,197.5,3.0,4.0,153.6,81.9,499.9,2.4,0.00,pathseer:10
beir500k-f32,neg10_cat18,neg10,61365,pathseer,128,2,10,1.0000,1.0000,0.00000,1.245,1.468,1.468,1.206,2432.6,0.0,1752.4,197.5,3.0,4.0,153.6,81.9,499.9,2.4,0.00,pathseer:10
beir500k-f32,neg10_cat18,neg10,61365,pathseer,128,3,10,1.0000,1.0000,0.00000,1.258,1.483,1.483,1.196,2432.6,0.0,1752.4,197.5,3.0,4.0,153.6,81.9,499.9,2.4,0.00,pathseer:10
beir500k-f32,neg10_cat18,neg10,61365,pathseer,256,1,10,1.0000,1.0000,0.00000,2.113,2.526,2.526,2.014,3926.8,0.0,2867.6,381.4,6.0,9.0,300.8,159.5,746.6,4.7,0.00,pathseer:10
beir500k-f32,neg10_cat18,neg10,61365,pathseer,256,2,10,1.0000,1.0000,0.00000,2.096,2.542,2.542,2.014,3926.8,0.0,2867.6,381.4,6.0,9.0,300.8,159.5,746.6,4.7,0.00,pathseer:10
beir500k-f32,neg10_cat18,neg10,61365,pathseer,256,3,10,1.0000,1.0000,0.00000,2.085,2.560,2.560,2.037,3926.8,0.0,2867.6,381.4,6.0,9.0,300.8,159.5,746.6,4.7,0.00,pathseer:10
beir500k-f32,neg10_cat18,neg10,61365,pathseer,512,1,10,1.0000,1.0000,0.00000,3.589,4.263,4.263,3.458,6322.1,0.0,4831.5,740.6,10.0,22.0,595.2,297.9,1131.9,9.3,0.00,pathseer:10
beir500k-f32,neg10_cat18,neg10,61365,pathseer,512,2,10,1.0000,1.0000,0.00000,3.516,4.376,4.376,3.470,6322.1,0.0,4831.5,740.6,10.0,22.0,595.2,297.9,1131.9,9.3,0.00,pathseer:10
beir500k-f32,neg10_cat18,neg10,61365,pathseer,512,3,10,1.0000,1.0000,0.00000,3.497,4.331,4.331,3.446,6322.1,0.0,4831.5,740.6,10.0,22.0,595.2,297.9,1131.9,9.3,0.00,pathseer:10
beir500k-f32,neg10_cat18,neg10,61365,ours-no-twohop,64,1,10,1.0000,1.0000,0.00000,0.668,0.820,0.820,0.658,1505.9,0.0,1047.4,110.0,4.0,6.0,0.0,0.0,354.8,0.0,0.00,pathseer:10
beir500k-f32,neg10_cat18,neg10,61365,ours-no-twohop,64,2,10,1.0000,1.0000,0.00000,0.680,0.805,0.805,0.659,1505.9,0.0,1047.4,110.0,4.0,6.0,0.0,0.0,354.8,0.0,0.00,pathseer:10
beir500k-f32,neg10_cat18,neg10,61365,ours-no-twohop,64,3,10,1.0000,1.0000,0.00000,0.681,0.846,0.846,0.668,1505.9,0.0,1047.4,110.0,4.0,6.0,0.0,0.0,354.8,0.0,0.00,pathseer:10
beir500k-f32,neg10_cat18,neg10,61365,ours-no-twohop,128,1,10,1.0000,1.0000,0.00000,1.254,1.516,1.516,1.208,2463.2,0.0,1689.2,212.4,6.0,11.0,0.0,0.0,535.1,0.0,0.00,pathseer:10
beir500k-f32,neg10_cat18,neg10,61365,ours-no-twohop,128,2,10,1.0000,1.0000,0.00000,1.263,1.501,1.501,1.197,2463.2,0.0,1689.2,212.4,6.0,11.0,0.0,0.0,535.1,0.0,0.00,pathseer:10
beir500k-f32,neg10_cat18,neg10,61365,ours-no-twohop,128,3,10,1.0000,1.0000,0.00000,1.238,1.525,1.525,1.203,2463.2,0.0,1689.2,212.4,6.0,11.0,0.0,0.0,535.1,0.0,0.00,pathseer:10
beir500k-f32,neg10_cat18,neg10,61365,ours-no-twohop,256,1,10,1.0000,1.0000,0.00000,2.143,2.535,2.535,2.057,3984.3,0.0,2707.6,408.8,10.0,18.0,0.0,0.0,771.8,0.0,0.00,pathseer:10
beir500k-f32,neg10_cat18,neg10,61365,ours-no-twohop,256,2,10,1.0000,1.0000,0.00000,2.131,2.628,2.628,2.064,3984.3,0.0,2707.6,408.8,10.0,18.0,0.0,0.0,771.8,0.0,0.00,pathseer:10
beir500k-f32,neg10_cat18,neg10,61365,ours-no-twohop,256,3,10,1.0000,1.0000,0.00000,2.099,2.613,2.613,2.081,3984.3,0.0,2707.6,408.8,10.0,18.0,0.0,0.0,771.8,0.0,0.00,pathseer:10
beir500k-f32,neg10_cat18,neg10,61365,ours-no-twohop,512,1,10,1.0000,1.0000,0.00000,3.640,4.364,4.364,3.502,6389.5,0.0,4420.1,788.6,23.0,46.0,0.0,0.0,1150.8,0.0,0.00,pathseer:10
beir500k-f32,neg10_cat18,neg10,61365,ours-no-twohop,512,2,10,1.0000,1.0000,0.00000,3.618,4.397,4.397,3.517,6389.5,0.0,4420.1,788.6,23.0,46.0,0.0,0.0,1150.8,0.0,0.00,pathseer:10
beir500k-f32,neg10_cat18,neg10,61365,ours-no-twohop,512,3,10,1.0000,1.0000,0.00000,3.571,4.411,4.411,3.509,6389.5,0.0,4420.1,788.6,23.0,46.0,0.0,0.0,1150.8,0.0,0.00,pathseer:10
beir500k-f32,neg10_cat18,neg10,61365,ours-guard,64,1,10,0.9700,0.7000,0.00084,0.483,0.598,0.598,0.477,1100.2,0.0,1716.0,90.8,4.0,6.0,0.0,0.0,511.5,0.0,0.00,pathseer:10
beir500k-f32,neg10_cat18,neg10,61365,ours-guard,64,2,10,0.9700,0.7000,0.00084,0.490,0.688,0.688,0.505,1100.2,0.0,1716.0,90.8,4.0,6.0,0.0,0.0,511.5,0.0,0.00,pathseer:10
beir500k-f32,neg10_cat18,neg10,61365,ours-guard,64,3,10,0.9700,0.7000,0.00084,0.504,0.637,0.637,0.524,1100.2,0.0,1716.0,90.8,4.0,6.0,0.0,0.0,511.5,0.0,0.00,pathseer:10
beir500k-f32,neg10_cat18,neg10,61365,ours-guard,128,1,10,0.9900,0.9000,0.00020,0.957,1.151,1.151,0.947,1901.5,0.0,2921.7,186.6,6.0,11.0,0.0,0.0,853.3,0.0,0.00,pathseer:10
beir500k-f32,neg10_cat18,neg10,61365,ours-guard,128,2,10,0.9900,0.9000,0.00020,0.985,1.165,1.165,0.953,1901.5,0.0,2921.7,186.6,6.0,11.0,0.0,0.0,853.3,0.0,0.00,pathseer:10
beir500k-f32,neg10_cat18,neg10,61365,ours-guard,128,3,10,0.9900,0.9000,0.00020,1.020,1.304,1.304,1.025,1901.5,0.0,2921.7,186.6,6.0,11.0,0.0,0.0,853.3,0.0,0.00,pathseer:10
beir500k-f32,neg10_cat18,neg10,61365,ours-guard,256,1,10,1.0000,1.0000,0.00000,1.773,2.054,2.054,1.703,3181.8,0.0,4766.6,372.7,10.0,18.0,0.0,0.0,1299.2,0.0,0.00,pathseer:10
beir500k-f32,neg10_cat18,neg10,61365,ours-guard,256,2,10,1.0000,1.0000,0.00000,1.771,2.079,2.079,1.680,3181.8,0.0,4766.6,372.7,10.0,18.0,0.0,0.0,1299.2,0.0,0.00,pathseer:10
beir500k-f32,neg10_cat18,neg10,61365,ours-guard,256,3,10,1.0000,1.0000,0.00000,1.737,2.063,2.063,1.677,3181.8,0.0,4766.6,372.7,10.0,18.0,0.0,0.0,1299.2,0.0,0.00,pathseer:10
beir500k-f32,neg10_cat18,neg10,61365,ours-guard,512,1,10,1.0000,1.0000,0.00000,3.120,3.739,3.739,3.000,5211.7,0.0,7662.0,734.4,23.0,46.0,0.0,0.0,1963.2,0.0,0.00,pathseer:10
beir500k-f32,neg10_cat18,neg10,61365,ours-guard,512,2,10,1.0000,1.0000,0.00000,3.110,3.624,3.624,3.026,5211.7,0.0,7662.0,734.4,23.0,46.0,0.0,0.0,1963.2,0.0,0.00,pathseer:10
beir500k-f32,neg10_cat18,neg10,61365,ours-guard,512,3,10,1.0000,1.0000,0.00000,3.110,3.699,3.699,2.996,5211.7,0.0,7662.0,734.4,23.0,46.0,0.0,0.0,1963.2,0.0,0.00,pathseer:10
beir500k-f32,neg10_cat18,neg10,61365,acorn,64,1,10,0.9600,0.6000,0.00106,0.475,1.140,1.140,0.582,1241.5,10.0,1999.1,66.2,4.0,4.0,0.0,0.0,0.0,0.0,0.00,acorn:2|rre:8
beir500k-f32,neg10_cat18,neg10,61365,acorn,64,2,10,0.9600,0.6000,0.00106,0.499,1.250,1.250,0.610,1241.5,10.0,1999.1,66.2,4.0,4.0,0.0,0.0,0.0,0.0,0.00,acorn:2|rre:8
beir500k-f32,neg10_cat18,neg10,61365,acorn,64,3,10,0.9600,0.6000,0.00106,0.547,1.271,1.271,0.638,1241.5,10.0,1999.1,66.2,4.0,4.0,0.0,0.0,0.0,0.0,0.00,acorn:2|rre:8
beir500k-f32,neg10_cat18,neg10,61365,acorn,128,1,10,0.9800,0.8000,0.00043,0.947,2.045,2.045,1.062,1949.0,10.0,3028.1,129.8,7.0,6.0,0.0,0.0,0.0,0.0,0.00,acorn:2|rre:8
beir500k-f32,neg10_cat18,neg10,61365,acorn,128,2,10,0.9800,0.8000,0.00043,0.999,2.170,2.170,1.188,1949.0,10.0,3028.1,129.8,7.0,6.0,0.0,0.0,0.0,0.0,0.00,acorn:2|rre:8
beir500k-f32,neg10_cat18,neg10,61365,acorn,128,3,10,0.9800,0.8000,0.00043,0.949,2.321,2.321,1.129,1949.0,10.0,3028.1,129.8,7.0,6.0,0.0,0.0,0.0,0.0,0.00,acorn:2|rre:8
beir500k-f32,neg10_cat18,neg10,61365,acorn,256,1,10,0.9900,0.9000,0.00023,1.656,3.004,3.004,1.843,3093.9,10.0,4660.2,257.3,14.0,14.0,0.0,0.0,0.0,0.0,0.00,acorn:2|rre:8
beir500k-f32,neg10_cat18,neg10,61365,acorn,256,2,10,0.9900,0.9000,0.00023,1.551,2.900,2.900,1.753,3093.9,10.0,4660.2,257.3,14.0,14.0,0.0,0.0,0.0,0.0,0.00,acorn:2|rre:8
beir500k-f32,neg10_cat18,neg10,61365,acorn,256,3,10,0.9900,0.9000,0.00023,1.595,2.962,2.962,1.716,3093.9,10.0,4660.2,257.3,14.0,14.0,0.0,0.0,0.0,0.0,0.00,acorn:2|rre:8
beir500k-f32,neg10_cat18,neg10,61365,acorn,512,1,10,1.0000,1.0000,0.00000,2.908,4.740,4.740,3.050,4951.7,10.0,7450.2,513.3,31.0,29.0,0.0,0.0,0.0,0.0,0.00,acorn:2|rre:8
beir500k-f32,neg10_cat18,neg10,61365,acorn,512,2,10,1.0000,1.0000,0.00000,2.898,4.702,4.702,3.028,4951.7,10.0,7450.2,513.3,31.0,29.0,0.0,0.0,0.0,0.0,0.00,acorn:2|rre:8
beir500k-f32,neg10_cat18,neg10,61365,acorn,512,3,10,1.0000,1.0000,0.00000,2.835,4.692,4.692,3.103,4951.7,10.0,7450.2,513.3,31.0,29.0,0.0,0.0,0.0,0.0,0.00,acorn:2|rre:8
beir500k-f32,neg10_cat19,neg10,52824,sweeping,64,1,60,0.9517,0.6500,0.00087,23.079,44.939,52.417,24.185,34751.5,0.0,13751.7,8177.2,4.0,1112.0,0.0,0.0,0.0,0.0,0.00,sweeping:60
beir500k-f32,neg10_cat19,neg10,52824,sweeping,64,2,60,0.9517,0.6500,0.00087,22.991,44.155,51.682,24.169,34751.5,0.0,13751.7,8177.2,4.0,1112.0,0.0,0.0,0.0,0.0,0.00,sweeping:60
beir500k-f32,neg10_cat19,neg10,52824,sweeping,64,3,60,0.9517,0.6500,0.00087,22.550,45.002,52.868,23.916,34751.5,0.0,13751.7,8177.2,4.0,1112.0,0.0,0.0,0.0,0.0,0.00,sweeping:60
beir500k-f32,neg10_cat19,neg10,52824,sweeping,128,1,60,0.9800,0.8333,0.00024,26.535,58.745,63.539,30.348,44389.4,0.0,17949.1,10263.7,7.0,1926.0,0.0,0.0,0.0,0.0,0.00,sweeping:60
beir500k-f32,neg10_cat19,neg10,52824,sweeping,128,2,60,0.9800,0.8333,0.00024,26.774,58.069,61.300,30.367,44389.4,0.0,17949.1,10263.7,7.0,1926.0,0.0,0.0,0.0,0.0,0.00,sweeping:60
beir500k-f32,neg10_cat19,neg10,52824,sweeping,128,3,60,0.9800,0.8333,0.00024,27.429,58.044,61.668,30.241,44389.4,0.0,17949.1,10263.7,7.0,1926.0,0.0,0.0,0.0,0.0,0.00,sweeping:60
beir500k-f32,neg10_cat19,neg10,52824,sweeping,256,1,60,0.9900,0.9167,0.00010,35.089,79.078,83.354,39.674,58516.5,0.0,23428.4,13080.0,14.0,3116.0,0.0,0.0,0.0,0.0,0.00,sweeping:60
beir500k-f32,neg10_cat19,neg10,52824,sweeping,256,2,60,0.9900,0.9167,0.00010,35.201,79.425,82.456,39.779,58516.5,0.0,23428.4,13080.0,14.0,3116.0,0.0,0.0,0.0,0.0,0.00,sweeping:60
beir500k-f32,neg10_cat19,neg10,52824,sweeping,256,3,60,0.9900,0.9167,0.00010,34.974,79.549,83.964,39.816,58516.5,0.0,23428.4,13080.0,14.0,3116.0,0.0,0.0,0.0,0.0,0.00,sweeping:60
beir500k-f32,neg10_cat19,neg10,52824,sweeping,512,1,60,0.9950,0.9500,0.00005,48.122,105.818,119.887,53.457,79001.4,0.0,30586.2,16955.3,30.0,5091.0,0.0,0.0,0.0,0.0,0.00,sweeping:60
beir500k-f32,neg10_cat19,neg10,52824,sweeping,512,2,60,0.9950,0.9500,0.00005,46.762,105.981,120.883,53.841,79001.4,0.0,30586.2,16955.3,30.0,5091.0,0.0,0.0,0.0,0.0,0.00,sweeping:60
beir500k-f32,neg10_cat19,neg10,52824,sweeping,512,3,60,0.9950,0.9500,0.00005,47.045,105.108,120.725,53.299,79001.4,0.0,30586.2,16955.3,30.0,5091.0,0.0,0.0,0.0,0.0,0.00,sweeping:60
beir500k-f32,neg10_cat19,neg10,52824,pathseer,64,1,60,0.9250,0.5500,0.00146,9.879,17.785,23.558,9.691,9333.1,0.0,30093.7,5607.3,4.0,1112.0,198.4,6.3,16000.3,3.1,0.00,pathseer:60
beir500k-f32,neg10_cat19,neg10,52824,pathseer,64,2,60,0.9250,0.5500,0.00146,10.372,17.938,23.531,9.815,9333.1,0.0,30093.7,5607.3,4.0,1112.0,198.4,6.3,16000.3,3.1,0.00,pathseer:60
beir500k-f32,neg10_cat19,neg10,52824,pathseer,64,3,60,0.9250,0.5500,0.00146,9.932,22.061,27.279,9.991,9333.1,0.0,30093.7,5607.3,4.0,1112.0,198.4,6.3,16000.3,3.1,0.00,pathseer:60
beir500k-f32,neg10_cat19,neg10,52824,pathseer,128,1,60,0.9750,0.7833,0.00030,14.150,27.287,30.350,14.140,13990.8,0.0,39268.6,7634.4,7.0,1926.0,402.1,9.8,19228.8,6.3,0.00,pathseer:60
beir500k-f32,neg10_cat19,neg10,52824,pathseer,128,2,60,0.9750,0.7833,0.00030,14.033,24.784,30.195,14.008,13990.8,0.0,39268.6,7634.4,7.0,1926.0,402.1,9.8,19228.8,6.3,0.00,pathseer:60
beir500k-f32,neg10_cat19,neg10,52824,pathseer,128,3,60,0.9750,0.7833,0.00030,13.994,27.594,33.295,14.498,13990.8,0.0,39268.6,7634.4,7.0,1926.0,402.1,9.8,19228.8,6.3,0.00,pathseer:60
beir500k-f32,neg10_cat19,neg10,52824,pathseer,256,1,60,0.9883,0.9167,0.00012,19.094,34.945,41.957,19.855,20468.4,0.0,51126.8,10259.8,13.0,3116.0,870.4,18.9,23169.8,13.6,0.00,pathseer:60
beir500k-f32,neg10_cat19,neg10,52824,pathseer,256,2,60,0.9883,0.9167,0.00012,18.979,35.245,41.764,19.764,20468.4,0.0,51126.8,10259.8,13.0,3116.0,870.4,18.9,23169.8,13.6,0.00,pathseer:60
beir500k-f32,neg10_cat19,neg10,52824,pathseer,256,3,60,0.9883,0.9167,0.00012,19.038,35.208,42.444,19.872,20468.4,0.0,51126.8,10259.8,13.0,3116.0,870.4,18.9,23169.8,13.6,0.00,pathseer:60
beir500k-f32,neg10_cat19,neg10,52824,pathseer,512,1,60,0.9950,0.9500,0.00005,27.246,47.050,51.654,27.544,29309.1,0.0,66965.5,13522.8,29.0,5084.0,2036.0,38.0,28576.2,31.8,0.00,pathseer:60
beir500k-f32,neg10_cat19,neg10,52824,pathseer,512,2,60,0.9950,0.9500,0.00005,26.997,44.944,51.432,27.531,29309.1,0.0,66965.5,13522.8,29.0,5084.0,2036.0,38.0,28576.2,31.8,0.00,pathseer:60
beir500k-f32,neg10_cat19,neg10,52824,pathseer,512,3,60,0.9950,0.9500,0.00005,26.786,46.443,52.174,27.601,29309.1,0.0,66965.5,13522.8,29.0,5084.0,2036.0,38.0,28576.2,31.8,0.00,pathseer:60
beir500k-f32,neg10_cat19,neg10,52824,ours-no-twohop,64,1,60,0.9267,0.5500,0.00137,10.166,19.829,23.383,10.070,9586.9,0.0,30342.5,5710.1,4.0,1112.0,0.0,0.0,16078.0,0.0,0.00,pathseer:60
beir500k-f32,neg10_cat19,neg10,52824,ours-no-twohop,64,2,60,0.9267,0.5500,0.00137,9.929,17.817,23.423,9.956,9586.9,0.0,30342.5,5710.1,4.0,1112.0,0.0,0.0,16078.0,0.0,0.00,pathseer:60
beir500k-f32,neg10_cat19,neg10,52824,ours-no-twohop,64,3,60,0.9267,0.5500,0.00137,10.045,17.793,23.474,9.907,9586.9,0.0,30342.5,5710.1,4.0,1112.0,0.0,0.0,16078.0,0.0,0.00,pathseer:60
beir500k-f32,neg10_cat19,neg10,52824,ours-no-twohop,128,1,60,0.9750,0.7833,0.00030,14.047,24.901,30.509,14.065,14119.0,0.0,39079.7,7672.2,7.0,1926.0,0.0,0.0,19242.2,0.0,0.00,pathseer:60
beir500k-f32,neg10_cat19,neg10,52824,ours-no-twohop,128,2,60,0.9750,0.7833,0.00030,14.020,24.598,30.563,14.059,14119.0,0.0,39079.7,7672.2,7.0,1926.0,0.0,0.0,19242.2,0.0,0.00,pathseer:60
beir500k-f32,neg10_cat19,neg10,52824,ours-no-twohop,128,3,60,0.9750,0.7833,0.00030,14.038,24.581,30.542,14.140,14119.0,0.0,39079.7,7672.2,7.0,1926.0,0.0,0.0,19242.2,0.0,0.00,pathseer:60
beir500k-f32,neg10_cat19,neg10,52824,ours-no-twohop,256,1,60,0.9883,0.9167,0.00012,19.513,35.206,41.589,20.285,20668.0,0.0,50818.7,10316.4,14.0,3116.0,0.0,0.0,23365.2,0.0,0.00,pathseer:60
beir500k-f32,neg10_cat19,neg10,52824,ours-no-twohop,256,2,60,0.9883,0.9167,0.00012,20.071,36.710,42.986,20.532,20668.0,0.0,50818.7,10316.4,14.0,3116.0,0.0,0.0,23365.2,0.0,0.00,pathseer:60
beir500k-f32,neg10_cat19,neg10,52824,ours-no-twohop,256,3,60,0.9883,0.9167,0.00012,19.582,35.920,42.930,20.341,20668.0,0.0,50818.7,10316.4,14.0,3116.0,0.0,0.0,23365.2,0.0,0.00,pathseer:60
beir500k-f32,neg10_cat19,neg10,52824,ours-no-twohop,512,1,60,0.9950,0.9500,0.00005,27.381,45.926,52.122,27.984,29568.4,0.0,65721.1,13588.8,30.0,5091.0,0.0,0.0,28662.1,0.0,0.00,pathseer:60
beir500k-f32,neg10_cat19,neg10,52824,ours-no-twohop,512,2,60,0.9950,0.9500,0.00005,28.019,45.675,51.559,27.808,29568.4,0.0,65721.1,13588.8,30.0,5091.0,0.0,0.0,28662.1,0.0,0.00,pathseer:60
beir500k-f32,neg10_cat19,neg10,52824,ours-no-twohop,512,3,60,0.9950,0.9500,0.00005,27.495,44.922,51.643,27.759,29568.4,0.0,65721.1,13588.8,30.0,5091.0,0.0,0.0,28662.1,0.0,0.00,pathseer:60
beir500k-f32,neg10_cat19,neg10,52824,ours-guard,64,1,60,0.9217,0.5500,0.00149,9.786,17.740,23.222,9.721,9390.1,0.0,25675.2,5707.9,4.0,1112.0,0.0,0.0,16175.0,0.0,0.00,pathseer:60
beir500k-f32,neg10_cat19,neg10,52824,ours-guard,64,2,60,0.9217,0.5500,0.00149,10.030,17.886,23.525,9.860,9390.1,0.0,25675.2,5707.9,4.0,1112.0,0.0,0.0,16175.0,0.0,0.00,pathseer:60
beir500k-f32,neg10_cat19,neg10,52824,ours-guard,64,3,60,0.9217,0.5500,0.00149,9.805,19.194,23.727,9.881,9390.1,0.0,25675.2,5707.9,4.0,1112.0,0.0,0.0,16175.0,0.0,0.00,pathseer:60
beir500k-f32,neg10_cat19,neg10,52824,ours-guard,128,1,60,0.9733,0.7667,0.00033,13.867,24.428,31.191,13.882,13777.5,0.0,33370.4,7665.0,7.0,1926.0,0.0,0.0,19385.7,0.0,0.00,pathseer:60
beir500k-f32,neg10_cat19,neg10,52824,ours-guard,128,2,60,0.9733,0.7667,0.00033,13.959,24.503,29.851,13.914,13777.5,0.0,33370.4,7665.0,7.0,1926.0,0.0,0.0,19385.7,0.0,0.00,pathseer:60
beir500k-f32,neg10_cat19,neg10,52824,ours-guard,128,3,60,0.9733,0.7667,0.00033,13.915,24.515,30.192,13.850,13777.5,0.0,33370.4,7665.0,7.0,1926.0,0.0,0.0,19385.7,0.0,0.00,pathseer:60
beir500k-f32,neg10_cat19,neg10,52824,ours-guard,256,1,60,0.9883,0.9167,0.00012,18.812,35.068,41.810,19.548,20076.2,0.0,44085.8,10299.5,14.0,3116.0,0.0,0.0,23610.7,0.0,0.00,pathseer:60
beir500k-f32,neg10_cat19,neg10,52824,ours-guard,256,2,60,0.9883,0.9167,0.00012,19.435,34.942,41.669,19.715,20076.2,0.0,44085.8,10299.5,14.0,3116.0,0.0,0.0,23610.7,0.0,0.00,pathseer:60
beir500k-f32,neg10_cat19,neg10,52824,ours-guard,256,3,60,0.9883,0.9167,0.00012,19.213,35.887,41.815,19.732,20076.2,0.0,44085.8,10299.5,14.0,3116.0,0.0,0.0,23610.7,0.0,0.00,pathseer:60
beir500k-f32,neg10_cat19,neg10,52824,ours-guard,512,1,60,0.9933,0.9333,0.00006,26.908,45.021,50.797,27.249,28597.4,0.0,58386.0,13560.1,30.0,5091.0,0.0,0.0,29044.3,0.0,0.00,pathseer:60
beir500k-f32,neg10_cat19,neg10,52824,ours-guard,512,2,60,0.9933,0.9333,0.00006,27.002,45.531,50.954,27.187,28597.4,0.0,58386.0,13560.1,30.0,5091.0,0.0,0.0,29044.3,0.0,0.00,pathseer:60
beir500k-f32,neg10_cat19,neg10,52824,ours-guard,512,3,60,0.9933,0.9333,0.00006,26.698,47.795,67.092,27.617,28597.4,0.0,58386.0,13560.1,30.0,5091.0,0.0,0.0,29044.3,0.0,0.00,pathseer:60
beir500k-f32,neg10_cat19,neg10,52824,acorn,64,1,60,0.8733,0.4167,0.00273,1.270,1.864,1.937,1.314,1925.3,10.0,9161.6,69.0,3.0,3.0,0.0,0.0,0.0,0.0,0.00,acorn:59|rre:1
beir500k-f32,neg10_cat19,neg10,52824,acorn,64,2,60,0.8733,0.4167,0.00273,1.313,1.923,1.958,1.332,1925.3,10.0,9161.6,69.0,3.0,3.0,0.0,0.0,0.0,0.0,0.00,acorn:59|rre:1
beir500k-f32,neg10_cat19,neg10,52824,acorn,64,3,60,0.8733,0.4167,0.00273,1.277,1.929,2.011,1.333,1925.3,10.0,9161.6,69.0,3.0,3.0,0.0,0.0,0.0,0.0,0.00,acorn:59|rre:1
beir500k-f32,neg10_cat19,neg10,52824,acorn,128,1,60,0.9233,0.6000,0.00140,2.198,3.130,3.141,2.295,3312.4,10.0,14192.1,132.3,4.0,4.0,0.0,0.0,0.0,0.0,0.00,acorn:59|rre:1
beir500k-f32,neg10_cat19,neg10,52824,acorn,128,2,60,0.9233,0.6000,0.00140,2.118,3.126,3.202,2.253,3312.4,10.0,14192.1,132.3,4.0,4.0,0.0,0.0,0.0,0.0,0.00,acorn:59|rre:1
beir500k-f32,neg10_cat19,neg10,52824,acorn,128,3,60,0.9233,0.6000,0.00140,2.139,3.139,3.212,2.265,3312.4,10.0,14192.1,132.3,4.0,4.0,0.0,0.0,0.0,0.0,0.00,acorn:59|rre:1
beir500k-f32,neg10_cat19,neg10,52824,acorn,256,1,60,0.9683,0.7500,0.00063,3.779,5.054,5.360,3.852,5591.1,10.0,22073.6,259.7,8.0,8.0,0.0,0.0,0.0,0.0,0.00,acorn:59|rre:1
beir500k-f32,neg10_cat19,neg10,52824,acorn,256,2,60,0.9683,0.7500,0.00063,3.872,5.356,5.517,3.946,5591.1,10.0,22073.6,259.7,8.0,8.0,0.0,0.0,0.0,0.0,0.00,acorn:59|rre:1
beir500k-f32,neg10_cat19,neg10,52824,acorn,256,3,60,0.9683,0.7500,0.00063,3.836,4.987,5.422,3.884,5591.1,10.0,22073.6,259.7,8.0,8.0,0.0,0.0,0.0,0.0,0.00,acorn:59|rre:1
beir500k-f32,neg10_cat19,neg10,52824,acorn,512,1,60,0.9783,0.8000,0.00047,6.417,8.278,9.056,6.532,9240.2,10.0,34395.0,515.3,16.0,16.0,0.0,0.0,0.0,0.0,0.00,acorn:59|rre:1
beir500k-f32,neg10_cat19,neg10,52824,acorn,512,2,60,0.9783,0.8000,0.00047,6.568,8.347,9.053,6.682,9240.2,10.0,34395.0,515.3,16.0,16.0,0.0,0.0,0.0,0.0,0.00,acorn:59|rre:1
beir500k-f32,neg10_cat19,neg10,52824,acorn,512,3,60,0.9783,0.8000,0.00047,6.574,8.270,9.035,6.667,9240.2,10.0,34395.0,515.3,16.0,16.0,0.0,0.0,0.0,0.0,0.00,acorn:59|rre:1
beir500k-f32,neg10_cat20,neg10,52122,sweeping,64,1,67,0.9881,0.9104,0.00018,8.462,32.869,45.748,11.545,19904.0,0.0,4456.7,2642.4,4.0,70.0,0.0,0.0,0.0,0.0,0.00,sweeping:67
beir500k-f32,neg10_cat20,neg10,52122,sweeping,64,2,67,0.9881,0.9104,0.00018,8.392,32.827,45.932,11.620,19904.0,0.0,4456.7,2642.4,4.0,70.0,0.0,0.0,0.0,0.0,0.00,sweeping:67
beir500k-f32,neg10_cat20,neg10,52122,sweeping,64,3,67,0.9881,0.9104,0.00018,8.334,33.377,45.735,11.460,19904.0,0.0,4456.7,2642.4,4.0,70.0,0.0,0.0,0.0,0.0,0.00,sweeping:67
beir500k-f32,neg10_cat20,neg10,52122,sweeping,128,1,67,1.0000,1.0000,0.00000,14.026,45.794,57.159,17.045,28679.7,0.0,6768.8,3982.2,6.0,156.0,0.0,0.0,0.0,0.0,0.00,sweeping:67
beir500k-f32,neg10_cat20,neg10,52122,sweeping,128,2,67,1.0000,1.0000,0.00000,13.842,46.103,57.480,16.907,28679.7,0.0,6768.8,3982.2,6.0,156.0,0.0,0.0,0.0,0.0,0.00,sweeping:67
beir500k-f32,neg10_cat20,neg10,52122,sweeping,128,3,67,1.0000,1.0000,0.00000,13.851,46.364,56.693,16.809,28679.7,0.0,6768.8,3982.2,6.0,156.0,0.0,0.0,0.0,0.0,0.00,sweeping:67
beir500k-f32,neg10_cat20,neg10,52122,sweeping,256,1,67,1.0000,1.0000,0.00000,21.464,63.909,71.263,25.084,41646.8,0.0,10484.0,6105.0,12.0,305.0,0.0,0.0,0.0,0.0,0.00,sweeping:67
beir500k-f32,neg10_cat20,neg10,52122,sweeping,256,2,67,1.0000,1.0000,0.00000,21.402,64.055,71.638,25.000,41646.8,0.0,10484.0,6105.0,12.0,305.0,0.0,0.0,0.0,0.0,0.00,sweeping:67
beir500k-f32,neg10_cat20,neg10,52122,sweeping,256,3,67,1.0000,1.0000,0.00000,21.329,62.555,71.294,24.924,41646.8,0.0,10484.0,6105.0,12.0,305.0,0.0,0.0,0.0,0.0,0.00,sweeping:67
beir500k-f32,neg10_cat20,neg10,52122,sweeping,512,1,67,1.0000,1.0000,0.00000,31.465,86.894,96.077,37.291,60103.2,0.0,16341.8,9479.5,27.0,624.0,0.0,0.0,0.0,0.0,0.00,sweeping:67
beir500k-f32,neg10_cat20,neg10,52122,sweeping,512,2,67,1.0000,1.0000,0.00000,31.591,86.576,92.551,37.191,60103.2,0.0,16341.8,9479.5,27.0,624.0,0.0,0.0,0.0,0.0,0.00,sweeping:67
beir500k-f32,neg10_cat20,neg10,52122,sweeping,512,3,67,1.0000,1.0000,0.00000,31.348,86.852,93.990,37.106,60103.2,0.0,16341.8,9479.5,27.0,624.0,0.0,0.0,0.0,0.0,0.00,sweeping:67
beir500k-f32,neg10_cat20,neg10,52122,pathseer,64,1,67,0.9746,0.7910,0.00039,1.930,7.018,10.697,2.591,3017.0,0.0,10678.8,1034.5,4.0,53.0,176.7,14.9,7313.1,2.8,0.00,pathseer:67
beir500k-f32,neg10_cat20,neg10,52122,pathseer,64,2,67,0.9746,0.7910,0.00039,1.985,6.947,10.949,2.592,3017.0,0.0,10678.8,1034.5,4.0,53.0,176.7,14.9,7313.1,2.8,0.00,pathseer:67
beir500k-f32,neg10_cat20,neg10,52122,pathseer,64,3,67,0.9746,0.7910,0.00039,1.941,7.344,10.638,2.669,3017.0,0.0,10678.8,1034.5,4.0,53.0,176.7,14.9,7313.1,2.8,0.00,pathseer:67
beir500k-f32,neg10_cat20,neg10,52122,pathseer,128,1,67,0.9910,0.9104,0.00010,3.259,10.467,14.824,4.254,5060.0,0.0,16268.2,1696.2,6.0,119.0,321.0,26.7,10723.8,5.0,0.00,pathseer:67
beir500k-f32,neg10_cat20,neg10,52122,pathseer,128,2,67,0.9910,0.9104,0.00010,3.261,10.527,15.108,4.251,5060.0,0.0,16268.2,1696.2,6.0,119.0,321.0,26.7,10723.8,5.0,0.00,pathseer:67
beir500k-f32,neg10_cat20,neg10,52122,pathseer,128,3,67,0.9910,0.9104,0.00010,3.229,10.491,14.878,4.224,5060.0,0.0,16268.2,1696.2,6.0,119.0,321.0,26.7,10723.8,5.0,0.00,pathseer:67
beir500k-f32,neg10_cat20,neg10,52122,pathseer,256,1,67,0.9955,0.9552,0.00001,5.919,16.293,20.061,7.260,8602.7,0.0,24983.9,2863.9,10.0,285.0,661.0,49.9,15556.7,10.3,0.00,pathseer:67
beir500k-f32,neg10_cat20,neg10,52122,pathseer,256,2,67,0.9955,0.9552,0.00001,5.893,16.195,20.239,7.196,8602.7,0.0,24983.9,2863.9,10.0,285.0,661.0,49.9,15556.7,10.3,0.00,pathseer:67
beir500k-f32,neg10_cat20,neg10,52122,pathseer,256,3,67,0.9955,0.9552,0.00001,5.947,16.338,20.275,7.237,8602.7,0.0,24983.9,2863.9,10.0,285.0,661.0,49.9,15556.7,10.3,0.00,pathseer:67
beir500k-f32,neg10_cat20,neg10,52122,pathseer,512,1,67,0.9985,0.9851,0.00000,10.817,24.152,28.553,12.088,14276.1,0.0,38245.8,4763.6,20.0,525.0,1572.9,110.9,22376.8,24.6,0.00,pathseer:67
beir500k-f32,neg10_cat20,neg10,52122,pathseer,512,2,67,0.9985,0.9851,0.00000,10.918,24.161,28.458,12.140,14276.1,0.0,38245.8,4763.6,20.0,525.0,1572.9,110.9,22376.8,24.6,0.00,pathseer:67
beir500k-f32,neg10_cat20,neg10,52122,pathseer,512,3,67,0.9985,0.9851,0.00000,11.076,24.875,28.751,12.194,14276.1,0.0,38245.8,4763.6,20.0,525.0,1572.9,110.9,22376.8,24.6,0.00,pathseer:67
beir500k-f32,neg10_cat20,neg10,52122,ours-no-twohop,64,1,67,0.9776,0.8060,0.00038,1.991,6.928,11.249,2.733,3212.3,0.0,11209.5,1109.8,4.0,70.0,0.0,0.0,7731.6,0.0,0.00,pathseer:67
beir500k-f32,neg10_cat20,neg10,52122,ours-no-twohop,64,2,67,0.9776,0.8060,0.00038,2.031,7.061,11.062,2.746,3212.3,0.0,11209.5,1109.8,4.0,70.0,0.0,0.0,7731.6,0.0,0.00,pathseer:67
beir500k-f32,neg10_cat20,neg10,52122,ours-no-twohop,64,3,67,0.9776,0.8060,0.00038,1.973,6.907,10.962,2.725,3212.3,0.0,11209.5,1109.8,4.0,70.0,0.0,0.0,7731.6,0.0,0.00,pathseer:67
beir500k-f32,neg10_cat20,neg10,52122,ours-no-twohop,128,1,67,0.9910,0.9104,0.00010,3.660,10.741,15.223,4.532,5342.7,0.0,16794.9,1809.4,6.0,156.0,0.0,0.0,11144.3,0.0,0.00,pathseer:67
beir500k-f32,neg10_cat20,neg10,52122,ours-no-twohop,128,2,67,0.9910,0.9104,0.00010,3.763,10.823,14.963,4.484,5342.7,0.0,16794.9,1809.4,6.0,156.0,0.0,0.0,11144.3,0.0,0.00,pathseer:67
beir500k-f32,neg10_cat20,neg10,52122,ours-no-twohop,128,3,67,0.9910,0.9104,0.00010,3.763,11.274,15.074,4.546,5342.7,0.0,16794.9,1809.4,6.0,156.0,0.0,0.0,11144.3,0.0,0.00,pathseer:67
beir500k-f32,neg10_cat20,neg10,52122,ours-no-twohop,256,1,67,0.9955,0.9552,0.00001,6.696,16.297,20.093,7.498,8982.0,0.0,25304.8,3005.4,12.0,305.0,0.0,0.0,15941.8,0.0,0.00,pathseer:67
beir500k-f32,neg10_cat20,neg10,52122,ours-no-twohop,256,2,67,0.9955,0.9552,0.00001,6.675,16.974,20.079,7.525,8982.0,0.0,25304.8,3005.4,12.0,305.0,0.0,0.0,15941.8,0.0,0.00,pathseer:67
beir500k-f32,neg10_cat20,neg10,52122,ours-no-twohop,256,3,67,0.9955,0.9552,0.00001,6.813,16.310,20.375,7.554,8982.0,0.0,25304.8,3005.4,12.0,305.0,0.0,0.0,15941.8,0.0,0.00,pathseer:67
beir500k-f32,neg10_cat20,neg10,52122,ours-no-twohop,512,1,67,0.9985,0.9851,0.00000,11.252,24.246,29.379,12.470,14848.2,0.0,38151.0,4973.8,27.0,624.0,0.0,0.0,22807.4,0.0,0.00,pathseer:67
beir500k-f32,neg10_cat20,neg10,52122,ours-no-twohop,512,2,67,0.9985,0.9851,0.00000,12.026,25.111,29.254,12.837,14848.2,0.0,38151.0,4973.8,27.0,624.0,0.0,0.0,22807.4,0.0,0.00,pathseer:67
beir500k-f32,neg10_cat20,neg10,52122,ours-no-twohop,512,3,67,0.9985,0.9851,0.00000,11.736,24.522,29.790,12.788,14848.2,0.0,38151.0,4973.8,27.0,624.0,0.0,0.0,22807.4,0.0,0.00,pathseer:67
beir500k-f32,neg10_cat20,neg10,52122,ours-guard,64,1,67,0.9776,0.7910,0.00038,1.870,6.881,11.004,2.606,2830.2,0.0,10771.3,1093.2,4.0,70.0,0.0,0.0,7845.3,0.0,0.00,pathseer:67
beir500k-f32,neg10_cat20,neg10,52122,ours-guard,64,2,67,0.9776,0.7910,0.00038,2.005,6.885,11.165,2.599,2830.2,0.0,10771.3,1093.2,4.0,70.0,0.0,0.0,7845.3,0.0,0.00,pathseer:67
beir500k-f32,neg10_cat20,neg10,52122,ours-guard,64,3,67,0.9776,0.7910,0.00038,1.998,6.852,11.123,2.665,2830.2,0.0,10771.3,1093.2,4.0,70.0,0.0,0.0,7845.3,0.0,0.00,pathseer:67
beir500k-f32,neg10_cat20,neg10,52122,ours-guard,128,1,67,0.9896,0.8955,0.00019,3.593,10.749,14.907,4.286,4693.0,0.0,16224.0,1780.9,6.0,156.0,0.0,0.0,11351.1,0.0,0.00,pathseer:67
beir500k-f32,neg10_cat20,neg10,52122,ours-guard,128,2,67,0.9896,0.8955,0.00019,3.641,10.750,14.787,4.338,4693.0,0.0,16224.0,1780.9,6.0,156.0,0.0,0.0,11351.1,0.0,0.00,pathseer:67
beir500k-f32,neg10_cat20,neg10,52122,ours-guard,128,3,67,0.9896,0.8955,0.00019,3.518,10.679,14.717,4.255,4693.0,0.0,16224.0,1780.9,6.0,156.0,0.0,0.0,11351.1,0.0,0.00,pathseer:67
beir500k-f32,neg10_cat20,neg10,52122,ours-guard,256,1,67,0.9955,0.9552,0.00001,6.372,16.057,19.293,7.176,7893.5,0.0,24502.1,2951.4,12.0,305.0,0.0,0.0,16260.9,0.0,0.00,pathseer:67
beir500k-f32,neg10_cat20,neg10,52122,ours-guard,256,2,67,0.9955,0.9552,0.00001,6.189,15.953,20.084,7.108,7893.5,0.0,24502.1,2951.4,12.0,305.0,0.0,0.0,16260.9,0.0,0.00,pathseer:67
beir500k-f32,neg10_cat20,neg10,52122,ours-guard,256,3,67,0.9955,0.9552,0.00001,6.408,16.072,19.767,7.183,7893.5,0.0,24502.1,2951.4,12.0,305.0,0.0,0.0,16260.9,0.0,0.00,pathseer:67
beir500k-f32,neg10_cat20,neg10,52122,ours-guard,512,1,67,0.9985,0.9851,0.00000,10.507,23.431,27.904,11.768,13054.4,0.0,37046.1,4874.9,27.0,624.0,0.0,0.0,23341.1,0.0,0.00,pathseer:67
beir500k-f32,neg10_cat20,neg10,52122,ours-guard,512,2,67,0.9985,0.9851,0.00000,10.487,23.899,27.906,11.685,13054.4,0.0,37046.1,4874.9,27.0,624.0,0.0,0.0,23341.1,0.0,0.00,pathseer:67
beir500k-f32,neg10_cat20,neg10,52122,ours-guard,512,3,67,0.9985,0.9851,0.00000,10.423,23.393,28.975,11.756,13054.4,0.0,37046.1,4874.9,27.0,624.0,0.0,0.0,23341.1,0.0,0.00,pathseer:67
beir500k-f32,neg10_cat20,neg10,52122,acorn,64,1,67,0.9507,0.6716,0.00076,1.400,2.148,2.150,1.466,1794.7,10.0,11128.9,66.9,3.0,3.0,0.0,0.0,0.0,0.0,0.00,acorn:64|rre:3
beir500k-f32,neg10_cat20,neg10,52122,acorn,64,2,67,0.9507,0.6716,0.00076,1.386,2.124,2.171,1.466,1794.7,10.0,11128.9,66.9,3.0,3.0,0.0,0.0,0.0,0.0,0.00,acorn:64|rre:3
beir500k-f32,neg10_cat20,neg10,52122,acorn,64,3,67,0.9507,0.6716,0.00076,1.395,2.144,2.258,1.477,1794.7,10.0,11128.9,66.9,3.0,3.0,0.0,0.0,0.0,0.0,0.00,acorn:64|rre:3
beir500k-f32,neg10_cat20,neg10,52122,acorn,128,1,67,0.9731,0.8358,0.00051,2.474,3.435,3.592,2.444,2989.3,10.0,17824.7,130.9,4.0,4.0,0.0,0.0,0.0,0.0,0.00,acorn:64|rre:3
beir500k-f32,neg10_cat20,neg10,52122,acorn,128,2,67,0.9731,0.8358,0.00051,2.544,3.502,3.612,2.474,2989.3,10.0,17824.7,130.9,4.0,4.0,0.0,0.0,0.0,0.0,0.00,acorn:64|rre:3
beir500k-f32,neg10_cat20,neg10,52122,acorn,128,3,67,0.9731,0.8358,0.00051,2.432,3.459,3.648,2.436,2989.3,10.0,17824.7,130.9,4.0,4.0,0.0,0.0,0.0,0.0,0.00,acorn:64|rre:3
beir500k-f32,neg10_cat20,neg10,52122,acorn,256,1,67,0.9896,0.9254,0.00015,4.264,5.458,5.668,4.054,4877.1,10.0,27650.9,258.4,7.0,7.0,0.0,0.0,0.0,0.0,0.00,acorn:64|rre:3
beir500k-f32,neg10_cat20,neg10,52122,acorn,256,2,67,0.9896,0.9254,0.00015,4.346,5.585,6.006,4.143,4877.1,10.0,27650.9,258.4,7.0,7.0,0.0,0.0,0.0,0.0,0.00,acorn:64|rre:3
beir500k-f32,neg10_cat20,neg10,52122,acorn,256,3,67,0.9896,0.9254,0.00015,4.241,5.573,5.646,4.075,4877.1,10.0,27650.9,258.4,7.0,7.0,0.0,0.0,0.0,0.0,0.00,acorn:64|rre:3
beir500k-f32,neg10_cat20,neg10,52122,acorn,512,1,67,0.9970,0.9701,0.00007,6.990,8.654,9.001,6.704,7775.1,10.0,42283.3,514.3,15.0,15.0,0.0,0.0,0.0,0.0,0.00,acorn:64|rre:3
beir500k-f32,neg10_cat20,neg10,52122,acorn,512,2,67,0.9970,0.9701,0.00007,7.057,8.615,9.045,6.741,7775.1,10.0,42283.3,514.3,15.0,15.0,0.0,0.0,0.0,0.0,0.00,acorn:64|rre:3
beir500k-f32,neg10_cat20,neg10,52122,acorn,512,3,67,0.9970,0.9701,0.00007,7.015,8.594,9.127,6.745,7775.1,10.0,42283.3,514.3,15.0,15.0,0.0,0.0,0.0,0.0,0.00,acorn:64|rre:3
beir500k-f32,neg10_cat21,neg10,74356,sweeping,64,1,61,0.9820,0.8525,0.00015,21.157,46.138,52.823,22.662,37877.7,0.0,8493.9,5346.4,4.0,146.0,0.0,0.0,0.0,0.0,0.00,sweeping:61
beir500k-f32,neg10_cat21,neg10,74356,sweeping,64,2,61,0.9820,0.8525,0.00015,21.091,46.445,53.990,22.888,37877.7,0.0,8493.9,5346.4,4.0,146.0,0.0,0.0,0.0,0.0,0.00,sweeping:61
beir500k-f32,neg10_cat21,neg10,74356,sweeping,64,3,61,0.9820,0.8525,0.00015,21.549,46.971,54.922,23.193,37877.7,0.0,8493.9,5346.4,4.0,146.0,0.0,0.0,0.0,0.0,0.00,sweeping:61
beir500k-f32,neg10_cat21,neg10,74356,sweeping,128,1,61,0.9885,0.9016,0.00012,30.489,61.875,75.221,33.782,54303.2,0.0,13029.5,8188.8,6.0,282.0,0.0,0.0,0.0,0.0,0.00,sweeping:61
beir500k-f32,neg10_cat21,neg10,74356,sweeping,128,2,61,0.9885,0.9016,0.00012,30.394,59.574,72.808,33.342,54303.2,0.0,13029.5,8188.8,6.0,282.0,0.0,0.0,0.0,0.0,0.00,sweeping:61
beir500k-f32,neg10_cat21,neg10,74356,sweeping,128,3,61,0.9885,0.9016,0.00012,30.348,60.039,71.523,33.134,54303.2,0.0,13029.5,8188.8,6.0,282.0,0.0,0.0,0.0,0.0,0.00,sweeping:61
beir500k-f32,neg10_cat21,neg10,74356,sweeping,256,1,61,0.9984,0.9836,0.00001,46.530,81.749,90.511,48.700,77048.1,0.0,19924.8,12436.1,12.0,562.0,0.0,0.0,0.0,0.0,0.00,sweeping:61
beir500k-f32,neg10_cat21,neg10,74356,sweeping,256,2,61,0.9984,0.9836,0.00001,46.779,81.840,90.048,48.257,77048.1,0.0,19924.8,12436.1,12.0,562.0,0.0,0.0,0.0,0.0,0.00,sweeping:61
beir500k-f32,neg10_cat21,neg10,74356,sweeping,256,3,61,0.9984,0.9836,0.00001,46.576,80.260,91.531,48.299,77048.1,0.0,19924.8,12436.1,12.0,562.0,0.0,0.0,0.0,0.0,0.00,sweeping:61
beir500k-f32,neg10_cat21,neg10,74356,sweeping,512,1,61,1.0000,1.0000,0.00000,70.463,108.567,115.008,69.609,108198.0,0.0,30470.7,18948.8,27.0,1101.0,0.0,0.0,0.0,0.0,0.00,sweeping:61
beir500k-f32,neg10_cat21,neg10,74356,sweeping,512,2,61,1.0000,1.0000,0.00000,69.576,106.117,113.149,68.972,108198.0,0.0,30470.7,18948.8,27.0,1101.0,0.0,0.0,0.0,0.0,0.00,sweeping:61
beir500k-f32,neg10_cat21,neg10,74356,sweeping,512,3,61,1.0000,1.0000,0.00000,69.605,105.134,114.058,69.185,108198.0,0.0,30470.7,18948.8,27.0,1101.0,0.0,0.0,0.0,0.0,0.00,sweeping:61
beir500k-f32,neg10_cat21,neg10,74356,pathseer,64,1,61,0.9721,0.7869,0.00029,3.067,9.084,10.047,3.892,4010.2,0.0,18499.4,1826.9,3.0,120.0,161.6,11.0,13314.4,2.5,0.00,pathseer:61
beir500k-f32,neg10_cat21,neg10,74356,pathseer,64,2,61,0.9721,0.7869,0.00029,3.077,9.235,10.089,3.905,4010.2,0.0,18499.4,1826.9,3.0,120.0,161.6,11.0,13314.4,2.5,0.00,pathseer:61
beir500k-f32,neg10_cat21,neg10,74356,pathseer,64,3,61,0.9721,0.7869,0.00029,3.259,9.517,10.477,3.990,4010.2,0.0,18499.4,1826.9,3.0,120.0,161.6,11.0,13314.4,2.5,0.00,pathseer:61
beir500k-f32,neg10_cat21,neg10,74356,pathseer,128,1,61,0.9869,0.8852,0.00013,5.753,14.624,14.872,6.778,6988.1,0.0,28730.6,3143.3,6.0,263.0,313.7,21.4,19797.5,4.9,0.00,pathseer:61
beir500k-f32,neg10_cat21,neg10,74356,pathseer,128,2,61,0.9869,0.8852,0.00013,5.595,14.650,14.886,6.728,6988.1,0.0,28730.6,3143.3,6.0,263.0,313.7,21.4,19797.5,4.9,0.00,pathseer:61
beir500k-f32,neg10_cat21,neg10,74356,pathseer,128,3,61,0.9869,0.8852,0.00013,5.819,14.697,14.726,6.774,6988.1,0.0,28730.6,3143.3,6.0,263.0,313.7,21.4,19797.5,4.9,0.00,pathseer:61
beir500k-f32,neg10_cat21,neg10,74356,pathseer,256,1,61,0.9951,0.9508,0.00008,9.575,21.981,22.662,11.301,11818.3,0.0,43562.1,5204.1,11.0,511.0,655.7,40.5,28636.0,10.2,0.00,pathseer:61
beir500k-f32,neg10_cat21,neg10,74356,pathseer,256,2,61,0.9951,0.9508,0.00008,9.527,21.890,23.219,11.314,11818.3,0.0,43562.1,5204.1,11.0,511.0,655.7,40.5,28636.0,10.2,0.00,pathseer:61
beir500k-f32,neg10_cat21,neg10,74356,pathseer,256,3,61,0.9951,0.9508,0.00008,9.756,21.945,22.883,11.350,11818.3,0.0,43562.1,5204.1,11.0,511.0,655.7,40.5,28636.0,10.2,0.00,pathseer:61
beir500k-f32,neg10_cat21,neg10,74356,pathseer,512,1,61,0.9984,0.9836,0.00004,16.337,33.936,35.333,18.989,19827.7,0.0,66278.0,8632.3,23.0,969.0,1437.4,88.8,41286.5,22.5,0.00,pathseer:61
beir500k-f32,neg10_cat21,neg10,74356,pathseer,512,2,61,0.9984,0.9836,0.00004,16.367,34.194,35.004,18.993,19827.7,0.0,66278.0,8632.3,23.0,969.0,1437.4,88.8,41286.5,22.5,0.00,pathseer:61
beir500k-f32,neg10_cat21,neg10,74356,pathseer,512,3,61,0.9984,0.9836,0.00004,17.162,34.161,36.177,19.211,19827.7,0.0,66278.0,8632.3,23.0,969.0,1437.4,88.8,41286.5,22.5,0.00,pathseer:61
beir500k-f32,neg10_cat21,neg10,74356,ours-no-twohop,64,1,61,0.9721,0.7869,0.00029,3.275,9.736,10.058,4.166,4303.3,0.0,19517.4,1978.7,4.0,146.0,0.0,0.0,14032.4,0.0,0.00,pathseer:61
beir500k-f32,neg10_cat21,neg10,74356,ours-no-twohop,64,2,61,0.9721,0.7869,0.00029,3.288,9.107,10.128,4.141,4303.3,0.0,19517.4,1978.7,4.0,146.0,0.0,0.0,14032.4,0.0,0.00,pathseer:61
beir500k-f32,neg10_cat21,neg10,74356,ours-no-twohop,64,3,61,0.9721,0.7869,0.00029,3.296,9.090,9.968,4.145,4303.3,0.0,19517.4,1978.7,4.0,146.0,0.0,0.0,14032.4,0.0,0.00,pathseer:61
beir500k-f32,neg10_cat21,neg10,74356,ours-no-twohop,128,1,61,0.9869,0.8852,0.00013,5.849,14.866,15.371,7.085,7350.3,0.0,29771.4,3321.4,6.0,282.0,0.0,0.0,20578.8,0.0,0.00,pathseer:61
beir500k-f32,neg10_cat21,neg10,74356,ours-no-twohop,128,2,61,0.9869,0.8852,0.00013,5.817,14.582,15.478,7.170,7350.3,0.0,29771.4,3321.4,6.0,282.0,0.0,0.0,20578.8,0.0,0.00,pathseer:61
beir500k-f32,neg10_cat21,neg10,74356,ours-no-twohop,128,3,61,0.9869,0.8852,0.00013,6.031,15.290,15.544,7.303,7350.3,0.0,29771.4,3321.4,6.0,282.0,0.0,0.0,20578.8,0.0,0.00,pathseer:61
beir500k-f32,neg10_cat21,neg10,74356,ours-no-twohop,256,1,61,0.9951,0.9508,0.00008,10.213,22.272,23.003,11.999,12332.7,0.0,44733.0,5468.2,12.0,562.0,0.0,0.0,29613.6,0.0,0.00,pathseer:61
beir500k-f32,neg10_cat21,neg10,74356,ours-no-twohop,256,2,61,0.9951,0.9508,0.00008,10.035,22.502,23.675,11.984,12332.7,0.0,44733.0,5468.2,12.0,562.0,0.0,0.0,29613.6,0.0,0.00,pathseer:61
beir500k-f32,neg10_cat21,neg10,74356,ours-no-twohop,256,3,61,0.9951,0.9508,0.00008,10.467,22.875,22.928,12.070,12332.7,0.0,44733.0,5468.2,12.0,562.0,0.0,0.0,29613.6,0.0,0.00,pathseer:61
beir500k-f32,neg10_cat21,neg10,74356,ours-no-twohop,512,1,61,0.9967,0.9672,0.00006,17.879,34.776,35.454,19.897,20681.8,0.0,67511.8,9063.7,27.0,1101.0,0.0,0.0,42487.3,0.0,0.00,pathseer:61
beir500k-f32,neg10_cat21,neg10,74356,ours-no-twohop,512,2,61,0.9967,0.9672,0.00006,17.658,34.404,35.371,19.881,20681.8,0.0,67511.8,9063.7,27.0,1101.0,0.0,0.0,42487.3,0.0,0.00,pathseer:61
beir500k-f32,neg10_cat21,neg10,74356,ours-no-twohop,512,3,61,0.9967,0.9672,0.00006,17.605,34.239,35.272,19.738,20681.8,0.0,67511.8,9063.7,27.0,1101.0,0.0,0.0,42487.3,0.0,0.00,pathseer:61
beir500k-f32,neg10_cat21,neg10,74356,ours-guard,64,1,61,0.9672,0.7705,0.00033,3.191,9.194,9.697,4.001,4007.2,0.0,18061.5,1956.9,4.0,146.0,0.0,0.0,13955.6,0.0,0.00,pathseer:61
beir500k-f32,neg10_cat21,neg10,74356,ours-guard,64,2,61,0.9672,0.7705,0.00033,3.291,9.279,10.049,4.029,4007.2,0.0,18061.5,1956.9,4.0,146.0,0.0,0.0,13955.6,0.0,0.00,pathseer:61
beir500k-f32,neg10_cat21,neg10,74356,ours-guard,64,3,61,0.9672,0.7705,0.00033,3.260,9.816,10.671,4.131,4007.2,0.0,18061.5,1956.9,4.0,146.0,0.0,0.0,13955.6,0.0,0.00,pathseer:61
beir500k-f32,neg10_cat21,neg10,74356,ours-guard,128,1,61,0.9787,0.8525,0.00028,5.568,14.037,14.700,6.694,6828.1,0.0,27498.7,3284.2,6.0,282.0,0.0,0.0,20481.0,0.0,0.00,pathseer:61
beir500k-f32,neg10_cat21,neg10,74356,ours-guard,128,2,61,0.9787,0.8525,0.00028,5.609,14.457,17.333,7.201,6828.1,0.0,27498.7,3284.2,6.0,282.0,0.0,0.0,20481.0,0.0,0.00,pathseer:61
beir500k-f32,neg10_cat21,neg10,74356,ours-guard,128,3,61,0.9787,0.8525,0.00028,5.623,14.166,14.891,6.759,6828.1,0.0,27498.7,3284.2,6.0,282.0,0.0,0.0,20481.0,0.0,0.00,pathseer:61
beir500k-f32,neg10_cat21,neg10,74356,ours-guard,256,1,61,0.9934,0.9344,0.00010,9.434,21.454,22.267,11.215,11417.5,0.0,41233.3,5399.9,12.0,562.0,0.0,0.0,29447.5,0.0,0.00,pathseer:61
beir500k-f32,neg10_cat21,neg10,74356,ours-guard,256,2,61,0.9934,0.9344,0.00010,9.417,21.288,22.505,11.216,11417.5,0.0,41233.3,5399.9,12.0,562.0,0.0,0.0,29447.5,0.0,0.00,pathseer:61
beir500k-f32,neg10_cat21,neg10,74356,ours-guard,256,3,61,0.9934,0.9344,0.00010,9.646,21.435,22.146,11.309,11417.5,0.0,41233.3,5399.9,12.0,562.0,0.0,0.0,29447.5,0.0,0.00,pathseer:61
beir500k-f32,neg10_cat21,neg10,74356,ours-guard,512,1,61,0.9967,0.9672,0.00006,16.474,33.180,34.027,18.909,19127.1,0.0,62113.3,8943.3,27.0,1101.0,0.0,0.0,42273.2,0.0,0.00,pathseer:61
beir500k-f32,neg10_cat21,neg10,74356,ours-guard,512,2,61,0.9967,0.9672,0.00006,16.753,33.884,34.300,18.951,19127.1,0.0,62113.3,8943.3,27.0,1101.0,0.0,0.0,42273.2,0.0,0.00,pathseer:61
beir500k-f32,neg10_cat21,neg10,74356,ours-guard,512,3,61,0.9967,0.9672,0.00006,17.223,33.289,34.120,18.863,19127.1,0.0,62113.3,8943.3,27.0,1101.0,0.0,0.0,42273.2,0.0,0.00,pathseer:61
beir500k-f32,neg10_cat21,neg10,74356,acorn,64,1,61,0.9098,0.6230,0.00279,1.438,1.978,2.134,1.398,1641.3,10.0,11289.4,67.9,3.0,3.0,0.0,0.0,0.0,0.0,0.00,acorn:59|rre:2
beir500k-f32,neg10_cat21,neg10,74356,acorn,64,2,61,0.9098,0.6230,0.00279,1.424,1.971,2.106,1.380,1641.3,10.0,11289.4,67.9,3.0,3.0,0.0,0.0,0.0,0.0,0.00,acorn:59|rre:2
beir500k-f32,neg10_cat21,neg10,74356,acorn,64,3,61,0.9098,0.6230,0.00279,1.429,1.984,2.123,1.381,1641.3,10.0,11289.4,67.9,3.0,3.0,0.0,0.0,0.0,0.0,0.00,acorn:59|rre:2
beir500k-f32,neg10_cat21,neg10,74356,acorn,128,1,61,0.9361,0.7049,0.00219,2.722,3.538,3.864,2.586,2920.2,10.0,18916.8,132.0,5.0,5.0,0.0,0.0,0.0,0.0,0.00,acorn:59|rre:2
beir500k-f32,neg10_cat21,neg10,74356,acorn,128,2,61,0.9361,0.7049,0.00219,2.628,3.306,3.602,2.426,2920.2,10.0,18916.8,132.0,5.0,5.0,0.0,0.0,0.0,0.0,0.00,acorn:59|rre:2
beir500k-f32,neg10_cat21,neg10,74356,acorn,128,3,61,0.9361,0.7049,0.00219,2.581,3.249,3.451,2.429,2920.2,10.0,18916.8,132.0,5.0,5.0,0.0,0.0,0.0,0.0,0.00,acorn:59|rre:2
beir500k-f32,neg10_cat21,neg10,74356,acorn,256,1,61,0.9689,0.8361,0.00143,4.468,5.672,5.933,4.301,5043.3,10.0,31015.3,260.1,10.0,10.0,0.0,0.0,0.0,0.0,0.00,acorn:59|rre:2
beir500k-f32,neg10_cat21,neg10,74356,acorn,256,2,61,0.9689,0.8361,0.00143,4.538,5.629,5.853,4.308,5043.3,10.0,31015.3,260.1,10.0,10.0,0.0,0.0,0.0,0.0,0.00,acorn:59|rre:2
beir500k-f32,neg10_cat21,neg10,74356,acorn,256,3,61,0.9689,0.8361,0.00143,4.442,5.766,5.904,4.243,5043.3,10.0,31015.3,260.1,10.0,10.0,0.0,0.0,0.0,0.0,0.00,acorn:59|rre:2
beir500k-f32,neg10_cat21,neg10,74356,acorn,512,1,61,0.9934,0.9344,0.00020,7.718,9.634,9.902,7.444,8562.1,10.0,49895.7,519.7,22.0,21.0,0.0,0.0,0.0,0.0,0.00,acorn:59|rre:2
beir500k-f32,neg10_cat21,neg10,74356,acorn,512,2,61,0.9934,0.9344,0.00020,7.844,9.558,9.777,7.502,8562.1,10.0,49895.7,519.7,22.0,21.0,0.0,0.0,0.0,0.0,0.00,acorn:59|rre:2
beir500k-f32,neg10_cat21,neg10,74356,acorn,512,3,61,0.9934,0.9344,0.00020,7.730,9.630,9.943,7.399,8562.1,10.0,49895.7,519.7,22.0,21.0,0.0,0.0,0.0,0.0,0.00,acorn:59|rre:2
beir500k-f32,neg40_cat00,neg40,210687,sweeping,64,1,12,1.0000,1.0000,0.00000,1.447,1.991,2.450,1.495,2726.5,0.0,399.6,144.5,4.0,7.0,0.0,0.0,0.0,0.0,0.00,sweeping:12
beir500k-f32,neg40_cat00,neg40,210687,sweeping,64,2,12,1.0000,1.0000,0.00000,1.435,1.629,2.296,1.385,2726.5,0.0,399.6,144.5,4.0,7.0,0.0,0.0,0.0,0.0,0.00,sweeping:12
beir500k-f32,neg40_cat00,neg40,210687,sweeping,64,3,12,1.0000,1.0000,0.00000,1.431,1.634,2.253,1.390,2726.5,0.0,399.6,144.5,4.0,7.0,0.0,0.0,0.0,0.0,0.00,sweeping:12
beir500k-f32,neg40_cat00,neg40,210687,sweeping,128,1,12,1.0000,1.0000,0.00000,2.507,3.593,4.059,2.488,4864.3,0.0,706.3,286.4,6.0,13.0,0.0,0.0,0.0,0.0,0.00,sweeping:12
beir500k-f32,neg40_cat00,neg40,210687,sweeping,128,2,12,1.0000,1.0000,0.00000,2.507,3.674,3.987,2.480,4864.3,0.0,706.3,286.4,6.0,13.0,0.0,0.0,0.0,0.0,0.00,sweeping:12
beir500k-f32,neg40_cat00,neg40,210687,sweeping,128,3,12,1.0000,1.0000,0.00000,2.567,3.685,4.046,2.503,4864.3,0.0,706.3,286.4,6.0,13.0,0.0,0.0,0.0,0.0,0.00,sweeping:12
beir500k-f32,neg40_cat00,neg40,210687,sweeping,256,1,12,1.0000,1.0000,0.00000,4.564,6.881,7.218,4.413,8356.2,0.0,1291.7,552.9,11.0,23.0,0.0,0.0,0.0,0.0,0.00,sweeping:12
beir500k-f32,neg40_cat00,neg40,210687,sweeping,256,2,12,1.0000,1.0000,0.00000,4.544,6.834,7.282,4.398,8356.2,0.0,1291.7,552.9,11.0,23.0,0.0,0.0,0.0,0.0,0.00,sweeping:12
beir500k-f32,neg40_cat00,neg40,210687,sweeping,256,3,12,1.0000,1.0000,0.00000,4.517,6.761,7.230,4.372,8356.2,0.0,1291.7,552.9,11.0,23.0,0.0,0.0,0.0,0.0,0.00,sweeping:12
beir500k-f32,neg40_cat00,neg40,210687,sweeping,512,1,12,1.0000,1.0000,0.00000,7.407,11.968,12.108,7.535,14214.9,0.0,2419.8,1094.0,24.0,49.0,0.0,0.0,0.0,0.0,0.00,sweeping:12
beir500k-f32,neg40_cat00,neg40,210687,sweeping,512,2,12,1.0000,1.0000,0.00000,7.502,11.892,12.274,7.583,14214.9,0.0,2419.8,1094.0,24.0,49.0,0.0,0.0,0.0,0.0,0.00,sweeping:12
beir500k-f32,neg40_cat00,neg40,210687,sweeping,512,3,12,1.0000,1.0000,0.00000,7.535,11.941,12.293,7.576,14214.9,0.0,2419.8,1094.0,24.0,49.0,0.0,0.0,0.0,0.0,0.00,sweeping:12
beir500k-f32,neg40_cat00,neg40,210687,pathseer,64,1,12,0.9917,0.9167,0.00008,0.813,0.935,1.053,0.813,1547.2,0.0,1173.4,98.9,3.0,3.0,112.0,52.2,486.2,1.8,0.00,pathseer:12
beir500k-f32,neg40_cat00,neg40,210687,pathseer,64,2,12,0.9917,0.9167,0.00008,0.821,1.017,1.022,0.833,1547.2,0.0,1173.4,98.9,3.0,3.0,112.0,52.2,486.2,1.8,0.00,pathseer:12
beir500k-f32,neg40_cat00,neg40,210687,pathseer,64,3,12,0.9917,0.9167,0.00008,0.832,0.941,1.020,0.835,1547.2,0.0,1173.4,98.9,3.0,3.0,112.0,52.2,486.2,1.8,0.00,pathseer:12
beir500k-f32,neg40_cat00,neg40,210687,pathseer,128,1,12,1.0000,1.0000,0.00000,1.502,1.671,1.795,1.491,2767.2,0.0,2137.4,195.8,4.0,5.0,186.7,87.4,899.1,2.9,0.00,pathseer:12
beir500k-f32,neg40_cat00,neg40,210687,pathseer,128,2,12,1.0000,1.0000,0.00000,1.496,1.662,1.818,1.480,2767.2,0.0,2137.4,195.8,4.0,5.0,186.7,87.4,899.1,2.9,0.00,pathseer:12
beir500k-f32,neg40_cat00,neg40,210687,pathseer,128,3,12,1.0000,1.0000,0.00000,1.485,1.684,1.815,1.482,2767.2,0.0,2137.4,195.8,4.0,5.0,186.7,87.4,899.1,2.9,0.00,pathseer:12
beir500k-f32,neg40_cat00,neg40,210687,pathseer,256,1,12,1.0000,1.0000,0.00000,2.772,3.051,3.159,2.661,4816.2,0.0,3897.4,391.7,6.0,11.0,325.3,146.2,1686.2,5.1,0.00,pathseer:12
beir500k-f32,neg40_cat00,neg40,210687,pathseer,256,2,12,1.0000,1.0000,0.00000,2.749,3.036,3.150,2.664,4816.2,0.0,3897.4,391.7,6.0,11.0,325.3,146.2,1686.2,5.1,0.00,pathseer:12
beir500k-f32,neg40_cat00,neg40,210687,pathseer,256,3,12,1.0000,1.0000,0.00000,2.828,3.137,3.223,2.698,4816.2,0.0,3897.4,391.7,6.0,11.0,325.3,146.2,1686.2,5.1,0.00,pathseer:12
beir500k-f32,neg40_cat00,neg40,210687,pathseer,512,1,12,1.0000,1.0000,0.00000,4.765,5.460,5.656,4.696,8208.7,0.0,7235.2,784.2,11.0,22.0,661.3,295.6,3133.9,10.3,0.00,pathseer:12
beir500k-f32,neg40_cat00,neg40,210687,pathseer,512,2,12,1.0000,1.0000,0.00000,4.793,5.503,5.562,4.710,8208.7,0.0,7235.2,784.2,11.0,22.0,661.3,295.6,3133.9,10.3,0.00,pathseer:12
beir500k-f32,neg40_cat00,neg40,210687,pathseer,512,3,12,1.0000,1.0000,0.00000,4.905,5.466,5.711,4.771,8208.7,0.0,7235.2,784.2,11.0,22.0,661.3,295.6,3133.9,10.3,0.00,pathseer:12
beir500k-f32,neg40_cat00,neg40,210687,ours-no-twohop,64,1,12,0.9917,0.9167,0.00008,0.958,1.130,1.140,0.954,1605.4,0.0,1221.0,109.4,4.0,7.0,0.0,0.0,572.0,0.0,0.00,pathseer:12
beir500k-f32,neg40_cat00,neg40,210687,ours-no-twohop,64,2,12,0.9917,0.9167,0.00008,0.941,1.096,1.135,0.927,1605.4,0.0,1221.0,109.4,4.0,7.0,0.0,0.0,572.0,0.0,0.00,pathseer:12
beir500k-f32,neg40_cat00,neg40,210687,ours-no-twohop,64,3,12,0.9917,0.9167,0.00008,1.000,1.099,1.147,0.962,1605.4,0.0,1221.0,109.4,4.0,7.0,0.0,0.0,572.0,0.0,0.00,pathseer:12
beir500k-f32,neg40_cat00,neg40,210687,ours-no-twohop,128,1,12,1.0000,1.0000,0.00000,1.647,1.766,1.871,1.551,2835.9,0.0,2183.4,214.3,6.0,13.0,0.0,0.0,1032.8,0.0,0.00,pathseer:12
beir500k-f32,neg40_cat00,neg40,210687,ours-no-twohop,128,2,12,1.0000,1.0000,0.00000,1.593,1.714,1.810,1.532,2835.9,0.0,2183.4,214.3,6.0,13.0,0.0,0.0,1032.8,0.0,0.00,pathseer:12
beir500k-f32,neg40_cat00,neg40,210687,ours-no-twohop,128,3,12,1.0000,1.0000,0.00000,1.601,1.737,1.817,1.528,2835.9,0.0,2183.4,214.3,6.0,13.0,0.0,0.0,1032.8,0.0,0.00,pathseer:12
beir500k-f32,neg40_cat00,neg40,210687,ours-no-twohop,256,1,12,1.0000,1.0000,0.00000,2.785,3.102,3.247,2.708,4881.2,0.0,3864.5,419.4,11.0,23.0,0.0,0.0,1855.8,0.0,0.00,pathseer:12
beir500k-f32,neg40_cat00,neg40,210687,ours-no-twohop,256,2,12,1.0000,1.0000,0.00000,2.821,3.077,3.200,2.685,4881.2,0.0,3864.5,419.4,11.0,23.0,0.0,0.0,1855.8,0.0,0.00,pathseer:12
beir500k-f32,neg40_cat00,neg40,210687,ours-no-twohop,256,3,12,1.0000,1.0000,0.00000,2.841,3.106,3.216,2.711,4881.2,0.0,3864.5,419.4,11.0,23.0,0.0,0.0,1855.8,0.0,0.00,pathseer:12
beir500k-f32,neg40_cat00,neg40,210687,ours-no-twohop,512,1,12,1.0000,1.0000,0.00000,4.832,5.747,5.766,4.817,8299.4,0.0,7049.6,832.3,24.0,49.0,0.0,0.0,3390.8,0.0,0.00,pathseer:12
beir500k-f32,neg40_cat00,neg40,210687,ours-no-twohop,512,2,12,1.0000,1.0000,0.00000,4.848,5.633,5.998,4.815,8299.4,0.0,7049.6,832.3,24.0,49.0,0.0,0.0,3390.8,0.0,0.00,pathseer:12
beir500k-f32,neg40_cat00,neg40,210687,ours-no-twohop,512,3,12,1.0000,1.0000,0.00000,4.827,5.662,5.724,4.746,8299.4,0.0,7049.6,832.3,24.0,49.0,0.0,0.0,3390.8,0.0,0.00,pathseer:12
beir500k-f32,neg40_cat00,neg40,210687,ours-guard,64,1,12,0.9917,0.9167,0.00008,0.666,0.742,0.854,0.656,1209.4,0.0,1993.0,93.5,4.0,7.0,0.0,0.0,681.2,0.0,0.00,pathseer:12
beir500k-f32,neg40_cat00,neg40,210687,ours-guard,64,2,12,0.9917,0.9167,0.00008,0.662,0.717,0.802,0.640,1209.4,0.0,1993.0,93.5,4.0,7.0,0.0,0.0,681.2,0.0,0.00,pathseer:12
beir500k-f32,neg40_cat00,neg40,210687,ours-guard,64,3,12,0.9917,0.9167,0.00008,0.659,0.713,0.797,0.641,1209.4,0.0,1993.0,93.5,4.0,7.0,0.0,0.0,681.2,0.0,0.00,pathseer:12
beir500k-f32,neg40_cat00,neg40,210687,ours-guard,128,1,12,1.0000,1.0000,0.00000,1.248,1.438,1.487,1.239,2167.6,0.0,3611.8,187.9,6.0,13.0,0.0,0.0,1261.2,0.0,0.00,pathseer:12
beir500k-f32,neg40_cat00,neg40,210687,ours-guard,128,2,12,1.0000,1.0000,0.00000,1.237,1.500,1.508,1.250,2167.6,0.0,3611.8,187.9,6.0,13.0,0.0,0.0,1261.2,0.0,0.00,pathseer:12
beir500k-f32,neg40_cat00,neg40,210687,ours-guard,128,3,12,1.0000,1.0000,0.00000,1.240,1.461,1.526,1.240,2167.6,0.0,3611.8,187.9,6.0,13.0,0.0,0.0,1261.2,0.0,0.00,pathseer:12
beir500k-f32,neg40_cat00,neg40,210687,ours-guard,256,1,12,1.0000,1.0000,0.00000,2.215,2.482,2.762,2.232,3770.7,0.0,6391.6,372.4,11.0,23.0,0.0,0.0,2288.3,0.0,0.00,pathseer:12
beir500k-f32,neg40_cat00,neg40,210687,ours-guard,256,2,12,1.0000,1.0000,0.00000,2.224,2.458,2.775,2.216,3770.7,0.0,6391.6,372.4,11.0,23.0,0.0,0.0,2288.3,0.0,0.00,pathseer:12
beir500k-f32,neg40_cat00,neg40,210687,ours-guard,256,3,12,1.0000,1.0000,0.00000,2.250,2.484,2.782,2.242,3770.7,0.0,6391.6,372.4,11.0,23.0,0.0,0.0,2288.3,0.0,0.00,pathseer:12
beir500k-f32,neg40_cat00,neg40,210687,ours-guard,512,1,12,1.0000,1.0000,0.00000,4.052,4.487,4.705,4.015,6521.9,0.0,11287.0,750.3,24.0,49.0,0.0,0.0,4146.5,0.0,0.00,pathseer:12
beir500k-f32,neg40_cat00,neg40,210687,ours-guard,512,2,12,1.0000,1.0000,0.00000,4.051,4.578,4.810,4.004,6521.9,0.0,11287.0,750.3,24.0,49.0,0.0,0.0,4146.5,0.0,0.00,pathseer:12
beir500k-f32,neg40_cat00,neg40,210687,ours-guard,512,3,12,1.0000,1.0000,0.00000,4.059,4.514,4.730,4.003,6521.9,0.0,11287.0,750.3,24.0,49.0,0.0,0.0,4146.5,0.0,0.00,pathseer:12
beir500k-f32,neg40_cat00,neg40,210687,ours-puredos,64,1,9,0.8778,0.7778,0.00011,0.429,0.509,0.509,0.388,857.6,0.0,1400.6,59.1,5.0,5.0,0.0,0.0,375.2,0.0,0.00,pathseer:9
beir500k-f32,neg40_cat00,neg40,210687,ours-puredos,64,2,9,0.8778,0.7778,0.00011,0.462,0.578,0.578,0.421,857.6,0.0,1400.6,59.1,5.0,5.0,0.0,0.0,375.2,0.0,0.00,pathseer:9
beir500k-f32,neg40_cat00,neg40,210687,ours-puredos,64,3,9,0.8778,0.7778,0.00011,0.431,0.508,0.508,0.394,857.6,0.0,1400.6,59.1,5.0,5.0,0.0,0.0,375.2,0.0,0.00,pathseer:9
beir500k-f32,neg40_cat00,neg40,210687,ours-puredos,128,1,9,0.8889,0.8889,0.00000,0.903,1.089,1.089,0.846,1530.8,0.0,2502.8,115.9,9.0,8.0,0.0,0.0,674.9,0.0,0.00,pathseer:9
beir500k-f32,neg40_cat00,neg40,210687,ours-puredos,128,2,9,0.8889,0.8889,0.00000,0.908,1.072,1.072,0.838,1530.8,0.0,2502.8,115.9,9.0,8.0,0.0,0.0,674.9,0.0,0.00,pathseer:9
beir500k-f32,neg40_cat00,neg40,210687,ours-puredos,128,3,9,0.8889,0.8889,0.00000,0.904,1.078,1.078,0.840,1530.8,0.0,2502.8,115.9,9.0,8.0,0.0,0.0,674.9,0.0,0.00,pathseer:9
beir500k-f32,neg40_cat00,neg40,210687,ours-puredos,256,1,9,0.8889,0.8889,0.00000,1.757,2.033,2.033,1.570,2684.6,0.0,4428.4,229.3,16.0,15.0,0.0,0.0,1200.4,0.0,0.00,pathseer:9
beir500k-f32,neg40_cat00,neg40,210687,ours-puredos,256,2,9,0.8889,0.8889,0.00000,1.779,2.002,2.002,1.568,2684.6,0.0,4428.4,229.3,16.0,15.0,0.0,0.0,1200.4,0.0,0.00,pathseer:9
beir500k-f32,neg40_cat00,neg40,210687,ours-puredos,256,3,9,0.8889,0.8889,0.00000,1.797,1.997,1.997,1.586,2684.6,0.0,4428.4,229.3,16.0,15.0,0.0,0.0,1200.4,0.0,0.00,pathseer:9
beir500k-f32,neg40_cat00,neg40,210687,ours-puredos,512,1,9,0.8889,0.8889,0.00000,3.083,3.558,3.558,2.820,4680.9,0.0,7750.7,456.8,37.0,35.0,0.0,0.0,2079.4,0.0,0.00,pathseer:9
beir500k-f32,neg40_cat00,neg40,210687,ours-puredos,512,2,9,0.8889,0.8889,0.00000,3.070,3.497,3.497,2.771,4680.9,0.0,7750.7,456.8,37.0,35.0,0.0,0.0,2079.4,0.0,0.00,pathseer:9
beir500k-f32,neg40_cat00,neg40,210687,ours-puredos,512,3,9,0.8889,0.8889,0.00000,3.065,3.483,3.483,2.780,4680.9,0.0,7750.7,456.8,37.0,35.0,0.0,0.0,2079.4,0.0,0.00,pathseer:9
beir500k-f32,neg40_cat01,neg40,224458,sweeping,64,1,22,0.9864,0.8636,0.00020,8.795,17.030,17.033,9.057,15476.5,0.0,3653.2,2254.5,3.0,59.0,0.0,0.0,0.0,0.0,0.00,sweeping:22
beir500k-f32,neg40_cat01,neg40,224458,sweeping,64,2,22,0.9864,0.8636,0.00020,8.698,16.849,16.907,8.919,15476.5,0.0,3653.2,2254.5,3.0,59.0,0.0,0.0,0.0,0.0,0.00,sweeping:22
beir500k-f32,neg40_cat01,neg40,224458,sweeping,64,3,22,0.9864,0.8636,0.00020,8.638,16.880,16.983,8.928,15476.5,0.0,3653.2,2254.5,3.0,59.0,0.0,0.0,0.0,0.0,0.00,sweeping:22
beir500k-f32,neg40_cat01,neg40,224458,sweeping,128,1,22,0.9955,0.9545,0.00004,11.294,20.359,20.979,12.015,20086.7,0.0,5262.7,3183.9,6.0,120.0,0.0,0.0,0.0,0.0,0.00,sweeping:22
beir500k-f32,neg40_cat01,neg40,224458,sweeping,128,2,22,0.9955,0.9545,0.00004,11.737,21.056,21.541,12.183,20086.7,0.0,5262.7,3183.9,6.0,120.0,0.0,0.0,0.0,0.0,0.00,sweeping:22
beir500k-f32,neg40_cat01,neg40,224458,sweeping,128,3,22,0.9955,0.9545,0.00004,11.296,20.246,21.161,11.980,20086.7,0.0,5262.7,3183.9,6.0,120.0,0.0,0.0,0.0,0.0,0.00,sweeping:22
beir500k-f32,neg40_cat01,neg40,224458,sweeping,256,1,22,1.0000,1.0000,0.00000,15.145,26.089,26.567,16.407,26474.2,0.0,7493.1,4520.2,11.0,216.0,0.0,0.0,0.0,0.0,0.00,sweeping:22
beir500k-f32,neg40_cat01,neg40,224458,sweeping,256,2,22,1.0000,1.0000,0.00000,15.516,26.481,26.697,16.671,26474.2,0.0,7493.1,4520.2,11.0,216.0,0.0,0.0,0.0,0.0,0.00,sweeping:22
beir500k-f32,neg40_cat01,neg40,224458,sweeping,256,3,22,1.0000,1.0000,0.00000,15.407,26.282,26.562,16.565,26474.2,0.0,7493.1,4520.2,11.0,216.0,0.0,0.0,0.0,0.0,0.00,sweeping:22
beir500k-f32,neg40_cat01,neg40,224458,sweeping,512,1,22,1.0000,1.0000,0.00000,21.861,32.823,33.518,22.344,35108.8,0.0,10607.8,6323.0,24.0,415.0,0.0,0.0,0.0,0.0,0.00,sweeping:22
beir500k-f32,neg40_cat01,neg40,224458,sweeping,512,2,22,1.0000,1.0000,0.00000,20.942,32.861,33.663,22.287,35108.8,0.0,10607.8,6323.0,24.0,415.0,0.0,0.0,0.0,0.0,0.00,sweeping:22
beir500k-f32,neg40_cat01,neg40,224458,sweeping,512,3,22,1.0000,1.0000,0.00000,20.554,35.159,35.332,22.620,35108.8,0.0,10607.8,6323.0,24.0,415.0,0.0,0.0,0.0,0.0,0.00,sweeping:22
beir500k-f32,neg40_cat01,neg40,224458,pathseer,64,1,22,0.9682,0.7727,0.00037,1.816,4.324,4.332,2.084,2799.5,0.0,8264.8,728.6,3.0,39.0,128.0,23.6,5625.5,2.0,0.00,pathseer:22
beir500k-f32,neg40_cat01,neg40,224458,pathseer,64,2,22,0.9682,0.7727,0.00037,1.897,4.240,4.348,2.077,2799.5,0.0,8264.8,728.6,3.0,39.0,128.0,23.6,5625.5,2.0,0.00,pathseer:22
beir500k-f32,neg40_cat01,neg40,224458,pathseer,64,3,22,0.9682,0.7727,0.00037,1.871,4.262,4.443,2.094,2799.5,0.0,8264.8,728.6,3.0,39.0,128.0,23.6,5625.5,2.0,0.00,pathseer:22
beir500k-f32,neg40_cat01,neg40,224458,pathseer,128,1,22,1.0000,1.0000,0.00000,3.135,6.917,7.278,3.707,5029.5,0.0,12585.3,1314.5,4.0,80.0,221.1,42.6,7954.6,3.5,0.00,pathseer:22
beir500k-f32,neg40_cat01,neg40,224458,pathseer,128,2,22,1.0000,1.0000,0.00000,3.123,7.063,7.328,3.730,5029.5,0.0,12585.3,1314.5,4.0,80.0,221.1,42.6,7954.6,3.5,0.00,pathseer:22
beir500k-f32,neg40_cat01,neg40,224458,pathseer,128,3,22,1.0000,1.0000,0.00000,3.115,6.989,7.311,3.724,5029.5,0.0,12585.3,1314.5,4.0,80.0,221.1,42.6,7954.6,3.5,0.00,pathseer:22
beir500k-f32,neg40_cat01,neg40,224458,pathseer,256,1,22,1.0000,1.0000,0.00000,5.761,10.810,11.138,6.414,8640.6,0.0,18089.1,2199.0,8.0,161.0,462.5,81.6,10342.3,7.2,0.00,pathseer:22
beir500k-f32,neg40_cat01,neg40,224458,pathseer,256,2,22,1.0000,1.0000,0.00000,5.681,10.690,11.074,6.350,8640.6,0.0,18089.1,2199.0,8.0,161.0,462.5,81.6,10342.3,7.2,0.00,pathseer:22
beir500k-f32,neg40_cat01,neg40,224458,pathseer,256,3,22,1.0000,1.0000,0.00000,6.256,11.063,11.232,6.482,8640.6,0.0,18089.1,2199.0,8.0,161.0,462.5,81.6,10342.3,7.2,0.00,pathseer:22
beir500k-f32,neg40_cat01,neg40,224458,pathseer,512,1,22,1.0000,1.0000,0.00000,9.891,16.794,17.045,10.760,14584.0,0.0,25711.1,3620.8,17.0,294.0,1003.6,168.3,12905.1,15.7,0.00,pathseer:22
beir500k-f32,neg40_cat01,neg40,224458,pathseer,512,2,22,1.0000,1.0000,0.00000,9.939,16.516,17.135,10.750,14584.0,0.0,25711.1,3620.8,17.0,294.0,1003.6,168.3,12905.1,15.7,0.00,pathseer:22
beir500k-f32,neg40_cat01,neg40,224458,pathseer,512,3,22,1.0000,1.0000,0.00000,10.308,17.442,17.559,11.071,14584.0,0.0,25711.1,3620.8,17.0,294.0,1003.6,168.3,12905.1,15.7,0.00,pathseer:22
beir500k-f32,neg40_cat01,neg40,224458,ours-no-twohop,64,1,22,0.9818,0.8636,0.00025,2.209,4.251,4.327,2.420,3197.3,0.0,9617.6,898.5,3.0,59.0,0.0,0.0,6530.7,0.0,0.00,pathseer:22
beir500k-f32,neg40_cat01,neg40,224458,ours-no-twohop,64,2,22,0.9818,0.8636,0.00025,2.263,4.225,4.295,2.410,3197.3,0.0,9617.6,898.5,3.0,59.0,0.0,0.0,6530.7,0.0,0.00,pathseer:22
beir500k-f32,neg40_cat01,neg40,224458,ours-no-twohop,64,3,22,0.9818,0.8636,0.00025,2.259,4.209,4.422,2.429,3197.3,0.0,9617.6,898.5,3.0,59.0,0.0,0.0,6530.7,0.0,0.00,pathseer:22
beir500k-f32,neg40_cat01,neg40,224458,ours-no-twohop,128,1,22,1.0000,1.0000,0.00000,3.888,7.072,7.514,4.071,5436.7,0.0,13497.0,1483.5,6.0,120.0,0.0,0.0,8478.9,0.0,0.00,pathseer:22
beir500k-f32,neg40_cat01,neg40,224458,ours-no-twohop,128,2,22,1.0000,1.0000,0.00000,3.895,7.184,7.341,4.073,5436.7,0.0,13497.0,1483.5,6.0,120.0,0.0,0.0,8478.9,0.0,0.00,pathseer:22
beir500k-f32,neg40_cat01,neg40,224458,ours-no-twohop,128,3,22,1.0000,1.0000,0.00000,3.860,7.119,7.313,4.065,5436.7,0.0,13497.0,1483.5,6.0,120.0,0.0,0.0,8478.9,0.0,0.00,pathseer:22
beir500k-f32,neg40_cat01,neg40,224458,ours-no-twohop,256,1,22,1.0000,1.0000,0.00000,6.212,11.190,11.296,6.986,9343.0,0.0,19108.5,2488.7,11.0,216.0,0.0,0.0,10783.5,0.0,0.00,pathseer:22
beir500k-f32,neg40_cat01,neg40,224458,ours-no-twohop,256,2,22,1.0000,1.0000,0.00000,6.204,11.198,11.325,7.012,9343.0,0.0,19108.5,2488.7,11.0,216.0,0.0,0.0,10783.5,0.0,0.00,pathseer:22
beir500k-f32,neg40_cat01,neg40,224458,ours-no-twohop,256,3,22,1.0000,1.0000,0.00000,6.148,11.137,11.188,7.035,9343.0,0.0,19108.5,2488.7,11.0,216.0,0.0,0.0,10783.5,0.0,0.00,pathseer:22
beir500k-f32,neg40_cat01,neg40,224458,ours-no-twohop,512,1,22,1.0000,1.0000,0.00000,10.654,16.998,17.822,11.619,15570.9,0.0,26535.2,4039.1,24.0,415.0,0.0,0.0,13210.8,0.0,0.00,pathseer:22
beir500k-f32,neg40_cat01,neg40,224458,ours-no-twohop,512,2,22,1.0000,1.0000,0.00000,10.625,17.813,18.046,11.799,15570.9,0.0,26535.2,4039.1,24.0,415.0,0.0,0.0,13210.8,0.0,0.00,pathseer:22
beir500k-f32,neg40_cat01,neg40,224458,ours-no-twohop,512,3,22,1.0000,1.0000,0.00000,10.664,17.054,17.588,11.609,15570.9,0.0,26535.2,4039.1,24.0,415.0,0.0,0.0,13210.8,0.0,0.00,pathseer:22
beir500k-f32,neg40_cat01,neg40,224458,ours-guard,64,1,22,0.9773,0.8182,0.00032,2.136,4.119,4.404,2.343,2942.8,0.0,9668.5,885.7,3.0,59.0,0.0,0.0,6612.4,0.0,0.00,pathseer:22
beir500k-f32,neg40_cat01,neg40,224458,ours-guard,64,2,22,0.9773,0.8182,0.00032,2.090,4.144,4.268,2.318,2942.8,0.0,9668.5,885.7,3.0,59.0,0.0,0.0,6612.4,0.0,0.00,pathseer:22
beir500k-f32,neg40_cat01,neg40,224458,ours-guard,64,3,22,0.9773,0.8182,0.00032,2.104,4.091,4.220,2.283,2942.8,0.0,9668.5,885.7,3.0,59.0,0.0,0.0,6612.4,0.0,0.00,pathseer:22
beir500k-f32,neg40_cat01,neg40,224458,ours-guard,128,1,22,0.9955,0.9545,0.00004,3.687,6.903,7.236,3.913,5055.7,0.0,13930.5,1468.5,6.0,120.0,0.0,0.0,8668.4,0.0,0.00,pathseer:22
beir500k-f32,neg40_cat01,neg40,224458,ours-guard,128,2,22,0.9955,0.9545,0.00004,3.711,6.850,7.442,3.930,5055.7,0.0,13930.5,1468.5,6.0,120.0,0.0,0.0,8668.4,0.0,0.00,pathseer:22
beir500k-f32,neg40_cat01,neg40,224458,ours-guard,128,3,22,0.9955,0.9545,0.00004,3.718,6.887,7.190,3.874,5055.7,0.0,13930.5,1468.5,6.0,120.0,0.0,0.0,8668.4,0.0,0.00,pathseer:22
beir500k-f32,neg40_cat01,neg40,224458,ours-guard,256,1,22,0.9955,0.9545,0.00004,5.893,10.873,10.923,6.691,8715.6,0.0,20232.4,2464.5,11.0,216.0,0.0,0.0,11122.0,0.0,0.00,pathseer:22
beir500k-f32,neg40_cat01,neg40,224458,ours-guard,256,2,22,0.9955,0.9545,0.00004,5.908,10.835,10.891,6.684,8715.6,0.0,20232.4,2464.5,11.0,216.0,0.0,0.0,11122.0,0.0,0.00,pathseer:22
beir500k-f32,neg40_cat01,neg40,224458,ours-guard,256,3,22,0.9955,0.9545,0.00004,5.922,11.039,11.098,6.689,8715.6,0.0,20232.4,2464.5,11.0,216.0,0.0,0.0,11122.0,0.0,0.00,pathseer:22
beir500k-f32,neg40_cat01,neg40,224458,ours-guard,512,1,22,1.0000,1.0000,0.00000,10.334,16.492,17.468,11.204,14594.0,0.0,29100.9,3999.7,24.0,415.0,0.0,0.0,13750.0,0.0,0.00,pathseer:22
beir500k-f32,neg40_cat01,neg40,224458,ours-guard,512,2,22,1.0000,1.0000,0.00000,11.304,17.574,17.868,11.491,14594.0,0.0,29100.9,3999.7,24.0,415.0,0.0,0.0,13750.0,0.0,0.00,pathseer:22
beir500k-f32,neg40_cat01,neg40,224458,ours-guard,512,3,22,1.0000,1.0000,0.00000,10.594,16.686,17.362,11.239,14594.0,0.0,29100.9,3999.7,24.0,415.0,0.0,0.0,13750.0,0.0,0.00,pathseer:22
beir500k-f32,neg40_cat01,neg40,224458,ours-puredos,64,1,9,0.5000,0.1111,0.00114,0.369,0.503,0.503,0.254,642.8,0.0,1045.3,41.4,5.0,5.0,0.0,0.0,258.9,0.0,0.00,pathseer:9
beir500k-f32,neg40_cat01,neg40,224458,ours-puredos,64,2,9,0.5000,0.1111,0.00114,0.369,0.501,0.501,0.253,642.8,0.0,1045.3,41.4,5.0,5.0,0.0,0.0,258.9,0.0,0.00,pathseer:9
beir500k-f32,neg40_cat01,neg40,224458,ours-puredos,64,3,9,0.5000,0.1111,0.00114,0.378,0.541,0.541,0.272,642.8,0.0,1045.3,41.4,5.0,5.0,0.0,0.0,258.9,0.0,0.00,pathseer:9
beir500k-f32,neg40_cat01,neg40,224458,ours-puredos,128,1,9,0.5333,0.4444,0.00045,0.716,0.889,0.889,0.474,1117.6,0.0,1747.1,75.4,10.0,9.0,0.0,0.0,387.9,0.0,0.00,pathseer:9
beir500k-f32,neg40_cat01,neg40,224458,ours-puredos,128,2,9,0.5333,0.4444,0.00045,0.685,0.910,0.910,0.473,1117.6,0.0,1747.1,75.4,10.0,9.0,0.0,0.0,387.9,0.0,0.00,pathseer:9
beir500k-f32,neg40_cat01,neg40,224458,ours-puredos,128,3,9,0.5333,0.4444,0.00045,0.683,0.893,0.893,0.470,1117.6,0.0,1747.1,75.4,10.0,9.0,0.0,0.0,387.9,0.0,0.00,pathseer:9
beir500k-f32,neg40_cat01,neg40,224458,ours-puredos,256,1,9,0.5444,0.4444,0.00038,1.788,2.116,2.116,1.117,2120.4,0.0,3173.3,146.0,16.0,15.0,0.0,0.0,649.7,0.0,0.00,pathseer:9
beir500k-f32,neg40_cat01,neg40,224458,ours-puredos,256,2,9,0.5444,0.4444,0.00038,1.802,2.160,2.160,1.131,2120.4,0.0,3173.3,146.0,16.0,15.0,0.0,0.0,649.7,0.0,0.00,pathseer:9
beir500k-f32,neg40_cat01,neg40,224458,ours-puredos,256,3,9,0.5444,0.4444,0.00038,1.808,2.127,2.127,1.126,2120.4,0.0,3173.3,146.0,16.0,15.0,0.0,0.0,649.7,0.0,0.00,pathseer:9
beir500k-f32,neg40_cat01,neg40,224458,ours-puredos,512,1,9,0.5556,0.5556,0.00000,3.724,4.413,4.413,2.256,3991.8,0.0,5771.2,287.6,31.0,30.0,0.0,0.0,1059.0,0.0,0.00,pathseer:9
beir500k-f32,neg40_cat01,neg40,224458,ours-puredos,512,2,9,0.5556,0.5556,0.00000,3.877,4.875,4.875,2.362,3991.8,0.0,5771.2,287.6,31.0,30.0,0.0,0.0,1059.0,0.0,0.00,pathseer:9
beir500k-f32,neg40_cat01,neg40,224458,ours-puredos,512,3,9,0.5556,0.5556,0.00000,3.658,4.325,4.325,2.230,3991.8,0.0,5771.2,287.6,31.0,30.0,0.0,0.0,1059.0,0.0,0.00,pathseer:9
beir500k-f32,neg40_cat02,neg40,201752,sweeping,64,1,60,0.9450,0.7000,0.00075,12.014,23.818,25.988,12.952,22322.8,0.0,5350.6,2788.9,3.0,66.0,0.0,0.0,0.0,0.0,0.00,sweeping:60
beir500k-f32,neg40_cat02,neg40,201752,sweeping,64,2,60,0.9450,0.7000,0.00075,11.806,23.923,24.434,12.845,22322.8,0.0,5350.6,2788.9,3.0,66.0,0.0,0.0,0.0,0.0,0.00,sweeping:60
beir500k-f32,neg40_cat02,neg40,201752,sweeping,64,3,60,0.9450,0.7000,0.00075,11.772,23.680,24.448,12.732,22322.8,0.0,5350.6,2788.9,3.0,66.0,0.0,0.0,0.0,0.0,0.00,sweeping:60
beir500k-f32,neg40_cat02,neg40,201752,sweeping,128,1,60,0.9667,0.7833,0.00050,16.739,30.143,31.436,16.941,28648.4,0.0,7573.3,3991.9,5.0,135.0,0.0,0.0,0.0,0.0,0.00,sweeping:60
beir500k-f32,neg40_cat02,neg40,201752,sweeping,128,2,60,0.9667,0.7833,0.00050,16.563,31.585,33.471,17.036,28648.4,0.0,7573.3,3991.9,5.0,135.0,0.0,0.0,0.0,0.0,0.00,sweeping:60
beir500k-f32,neg40_cat02,neg40,201752,sweeping,128,3,60,0.9667,0.7833,0.00050,16.618,29.797,31.218,16.945,28648.4,0.0,7573.3,3991.9,5.0,135.0,0.0,0.0,0.0,0.0,0.00,sweeping:60
beir500k-f32,neg40_cat02,neg40,201752,sweeping,256,1,60,0.9817,0.8667,0.00022,22.386,38.283,41.758,22.765,37033.2,0.0,10598.6,5647.4,9.0,240.0,0.0,0.0,0.0,0.0,0.00,sweeping:60
beir500k-f32,neg40_cat02,neg40,201752,sweeping,256,2,60,0.9817,0.8667,0.00022,22.346,38.636,42.079,22.647,37033.2,0.0,10598.6,5647.4,9.0,240.0,0.0,0.0,0.0,0.0,0.00,sweeping:60
beir500k-f32,neg40_cat02,neg40,201752,sweeping,256,3,60,0.9817,0.8667,0.00022,22.069,37.612,41.483,22.648,37033.2,0.0,10598.6,5647.4,9.0,240.0,0.0,0.0,0.0,0.0,0.00,sweeping:60
beir500k-f32,neg40_cat02,neg40,201752,sweeping,512,1,60,0.9917,0.9333,0.00012,29.522,48.733,51.378,30.431,48530.8,0.0,14687.2,7909.9,17.0,495.0,0.0,0.0,0.0,0.0,0.00,sweeping:60
beir500k-f32,neg40_cat02,neg40,201752,sweeping,512,2,60,0.9917,0.9333,0.00012,29.425,49.313,51.621,30.388,48530.8,0.0,14687.2,7909.9,17.0,495.0,0.0,0.0,0.0,0.0,0.00,sweeping:60
beir500k-f32,neg40_cat02,neg40,201752,sweeping,512,3,60,0.9917,0.9333,0.00012,29.475,48.909,51.285,30.353,48530.8,0.0,14687.2,7909.9,17.0,495.0,0.0,0.0,0.0,0.0,0.00,sweeping:60
beir500k-f32,neg40_cat02,neg40,201752,pathseer,64,1,60,0.9133,0.5500,0.00116,2.851,6.694,10.764,3.420,3778.8,0.0,12923.9,1017.4,3.0,51.0,124.8,16.9,9277.0,1.9,0.00,pathseer:60
beir500k-f32,neg40_cat02,neg40,201752,pathseer,64,2,60,0.9133,0.5500,0.00116,2.723,5.415,6.811,2.892,3778.8,0.0,12923.9,1017.4,3.0,51.0,124.8,16.9,9277.0,1.9,0.00,pathseer:60
beir500k-f32,neg40_cat02,neg40,201752,pathseer,64,3,60,0.9133,0.5500,0.00116,2.730,5.408,6.679,2.896,3778.8,0.0,12923.9,1017.4,3.0,51.0,124.8,16.9,9277.0,1.9,0.00,pathseer:60
beir500k-f32,neg40_cat02,neg40,201752,pathseer,128,1,60,0.9550,0.7167,0.00053,4.784,9.129,10.186,5.030,6561.8,0.0,18753.6,1786.8,4.0,108.0,217.6,30.8,12525.8,3.4,0.00,pathseer:60
beir500k-f32,neg40_cat02,neg40,201752,pathseer,128,2,60,0.9550,0.7167,0.00053,5.090,8.989,10.595,5.118,6561.8,0.0,18753.6,1786.8,4.0,108.0,217.6,30.8,12525.8,3.4,0.00,pathseer:60
beir500k-f32,neg40_cat02,neg40,201752,pathseer,128,3,60,0.9550,0.7167,0.00053,4.833,8.964,10.149,5.011,6561.8,0.0,18753.6,1786.8,4.0,108.0,217.6,30.8,12525.8,3.4,0.00,pathseer:60
beir500k-f32,neg40_cat02,neg40,201752,pathseer,256,1,60,0.9750,0.8167,0.00030,8.911,14.768,15.317,8.796,11345.6,0.0,26734.4,3116.2,8.0,232.0,429.9,55.0,16040.8,6.7,0.00,pathseer:60
beir500k-f32,neg40_cat02,neg40,201752,pathseer,256,2,60,0.9750,0.8167,0.00030,8.822,14.752,15.337,8.794,11345.6,0.0,26734.4,3116.2,8.0,232.0,429.9,55.0,16040.8,6.7,0.00,pathseer:60
beir500k-f32,neg40_cat02,neg40,201752,pathseer,256,3,60,0.9750,0.8167,0.00030,8.954,14.970,15.491,8.852,11345.6,0.0,26734.4,3116.2,8.0,232.0,429.9,55.0,16040.8,6.7,0.00,pathseer:60
beir500k-f32,neg40_cat02,neg40,201752,pathseer,512,1,60,0.9850,0.8667,0.00017,15.075,23.684,24.773,14.745,18737.8,0.0,36558.9,5081.8,14.0,417.0,859.7,104.0,19316.1,13.4,0.00,pathseer:60
beir500k-f32,neg40_cat02,neg40,201752,pathseer,512,2,60,0.9850,0.8667,0.00017,15.310,23.844,26.527,14.840,18737.8,0.0,36558.9,5081.8,14.0,417.0,859.7,104.0,19316.1,13.4,0.00,pathseer:60
beir500k-f32,neg40_cat02,neg40,201752,pathseer,512,3,60,0.9850,0.8667,0.00017,15.088,23.548,24.955,14.766,18737.8,0.0,36558.9,5081.8,14.0,417.0,859.7,104.0,19316.1,13.4,0.00,pathseer:60
beir500k-f32,neg40_cat02,neg40,201752,ours-no-twohop,64,1,60,0.9217,0.5833,0.00103,2.979,6.262,6.993,3.250,4090.0,0.0,13883.5,1138.7,3.0,66.0,0.0,0.0,9913.0,0.0,0.00,pathseer:60
beir500k-f32,neg40_cat02,neg40,201752,ours-no-twohop,64,2,60,0.9217,0.5833,0.00103,2.952,6.585,7.184,3.264,4090.0,0.0,13883.5,1138.7,3.0,66.0,0.0,0.0,9913.0,0.0,0.00,pathseer:60
beir500k-f32,neg40_cat02,neg40,201752,ours-no-twohop,64,3,60,0.9217,0.5833,0.00103,2.990,6.611,7.052,3.322,4090.0,0.0,13883.5,1138.7,3.0,66.0,0.0,0.0,9913.0,0.0,0.00,pathseer:60
beir500k-f32,neg40_cat02,neg40,201752,ours-no-twohop,128,1,60,0.9633,0.7833,0.00048,5.348,9.805,10.568,5.608,7053.7,0.0,19798.0,1972.5,5.0,135.0,0.0,0.0,13090.0,0.0,0.00,pathseer:60
beir500k-f32,neg40_cat02,neg40,201752,ours-no-twohop,128,2,60,0.9633,0.7833,0.00048,5.296,9.876,10.837,5.568,7053.7,0.0,19798.0,1972.5,5.0,135.0,0.0,0.0,13090.0,0.0,0.00,pathseer:60
beir500k-f32,neg40_cat02,neg40,201752,ours-no-twohop,128,3,60,0.9633,0.7833,0.00048,5.231,9.445,10.410,5.442,7053.7,0.0,19798.0,1972.5,5.0,135.0,0.0,0.0,13090.0,0.0,0.00,pathseer:60
beir500k-f32,neg40_cat02,neg40,201752,ours-no-twohop,256,1,60,0.9767,0.8333,0.00030,9.097,15.560,16.419,9.290,11843.9,0.0,27328.1,3307.2,9.0,240.0,0.0,0.0,16336.3,0.0,0.00,pathseer:60
beir500k-f32,neg40_cat02,neg40,201752,ours-no-twohop,256,2,60,0.9767,0.8333,0.00030,9.015,15.402,16.067,9.196,11843.9,0.0,27328.1,3307.2,9.0,240.0,0.0,0.0,16336.3,0.0,0.00,pathseer:60
beir500k-f32,neg40_cat02,neg40,201752,ours-no-twohop,256,3,60,0.9767,0.8333,0.00030,9.160,15.762,16.934,9.415,11843.9,0.0,27328.1,3307.2,9.0,240.0,0.0,0.0,16336.3,0.0,0.00,pathseer:60
beir500k-f32,neg40_cat02,neg40,201752,ours-no-twohop,512,1,60,0.9850,0.8667,0.00017,15.388,23.357,25.049,15.040,19404.5,0.0,36838.9,5339.5,17.0,495.0,0.0,0.0,19458.3,0.0,0.00,pathseer:60
beir500k-f32,neg40_cat02,neg40,201752,ours-no-twohop,512,2,60,0.9850,0.8667,0.00017,15.718,23.355,25.308,15.283,19404.5,0.0,36838.9,5339.5,17.0,495.0,0.0,0.0,19458.3,0.0,0.00,pathseer:60
beir500k-f32,neg40_cat02,neg40,201752,ours-no-twohop,512,3,60,0.9850,0.8667,0.00017,15.326,23.390,24.890,15.054,19404.5,0.0,36838.9,5339.5,17.0,495.0,0.0,0.0,19458.3,0.0,0.00,pathseer:60
beir500k-f32,neg40_cat02,neg40,201752,ours-guard,64,1,60,0.8983,0.5000,0.00158,2.635,5.787,6.678,2.977,3688.7,0.0,13859.7,1123.9,3.0,66.0,0.0,0.0,10042.5,0.0,0.00,pathseer:60
beir500k-f32,neg40_cat02,neg40,201752,ours-guard,64,2,60,0.8983,0.5000,0.00158,2.634,6.075,6.794,2.976,3688.7,0.0,13859.7,1123.9,3.0,66.0,0.0,0.0,10042.5,0.0,0.00,pathseer:60
beir500k-f32,neg40_cat02,neg40,201752,ours-guard,64,3,60,0.8983,0.5000,0.00158,2.674,5.816,6.753,2.974,3688.7,0.0,13859.7,1123.9,3.0,66.0,0.0,0.0,10042.5,0.0,0.00,pathseer:60
beir500k-f32,neg40_cat02,neg40,201752,ours-guard,128,1,60,0.9617,0.7667,0.00045,5.022,9.014,10.106,5.143,6418.1,0.0,19964.5,1947.6,5.0,135.0,0.0,0.0,13309.5,0.0,0.00,pathseer:60
beir500k-f32,neg40_cat02,neg40,201752,ours-guard,128,2,60,0.9617,0.7667,0.00045,5.012,8.984,10.470,5.147,6418.1,0.0,19964.5,1947.6,5.0,135.0,0.0,0.0,13309.5,0.0,0.00,pathseer:60
beir500k-f32,neg40_cat02,neg40,201752,ours-guard,128,3,60,0.9617,0.7667,0.00045,5.014,8.936,10.217,5.132,6418.1,0.0,19964.5,1947.6,5.0,135.0,0.0,0.0,13309.5,0.0,0.00,pathseer:60
beir500k-f32,neg40_cat02,neg40,201752,ours-guard,256,1,60,0.9750,0.8333,0.00034,8.734,14.766,15.624,8.709,10872.2,0.0,28035.5,3266.8,9.0,240.0,0.0,0.0,16720.7,0.0,0.00,pathseer:60
beir500k-f32,neg40_cat02,neg40,201752,ours-guard,256,2,60,0.9750,0.8333,0.00034,8.850,15.000,15.923,8.942,10872.2,0.0,28035.5,3266.8,9.0,240.0,0.0,0.0,16720.7,0.0,0.00,pathseer:60
beir500k-f32,neg40_cat02,neg40,201752,ours-guard,256,3,60,0.9750,0.8333,0.00034,8.872,15.034,15.814,8.900,10872.2,0.0,28035.5,3266.8,9.0,240.0,0.0,0.0,16720.7,0.0,0.00,pathseer:60
beir500k-f32,neg40_cat02,neg40,201752,ours-guard,512,1,60,0.9850,0.8667,0.00017,14.894,22.833,24.216,14.388,17891.0,0.0,38871.2,5280.2,17.0,495.0,0.0,0.0,20165.5,0.0,0.00,pathseer:60
beir500k-f32,neg40_cat02,neg40,201752,ours-guard,512,2,60,0.9850,0.8667,0.00017,15.032,22.987,24.206,14.464,17891.0,0.0,38871.2,5280.2,17.0,495.0,0.0,0.0,20165.5,0.0,0.00,pathseer:60
beir500k-f32,neg40_cat02,neg40,201752,ours-guard,512,3,60,0.9850,0.8667,0.00017,14.785,22.911,24.331,14.427,17891.0,0.0,38871.2,5280.2,17.0,495.0,0.0,0.0,20165.5,0.0,0.00,pathseer:60
beir500k-f32,neg40_cat02,neg40,201752,ours-puredos,64,1,9,0.3333,0.1111,0.01068,0.488,0.600,0.600,0.321,762.2,0.0,1225.2,41.0,6.0,5.0,0.0,0.0,337.1,0.0,0.00,pathseer:9
beir500k-f32,neg40_cat02,neg40,201752,ours-puredos,64,2,9,0.3333,0.1111,0.01068,0.489,0.548,0.548,0.309,762.2,0.0,1225.2,41.0,6.0,5.0,0.0,0.0,337.1,0.0,0.00,pathseer:9
beir500k-f32,neg40_cat02,neg40,201752,ours-puredos,64,3,9,0.3333,0.1111,0.01068,0.487,0.554,0.554,0.311,762.2,0.0,1225.2,41.0,6.0,5.0,0.0,0.0,337.1,0.0,0.00,pathseer:9
beir500k-f32,neg40_cat02,neg40,201752,ours-puredos,128,1,9,0.4111,0.1111,0.00454,1.056,1.647,1.647,0.752,1494.3,0.0,2436.1,84.3,8.0,8.0,0.0,0.0,697.1,0.0,0.00,pathseer:9
beir500k-f32,neg40_cat02,neg40,201752,ours-puredos,128,2,9,0.4111,0.1111,0.00454,1.085,1.655,1.655,0.756,1494.3,0.0,2436.1,84.3,8.0,8.0,0.0,0.0,697.1,0.0,0.00,pathseer:9
beir500k-f32,neg40_cat02,neg40,201752,ours-puredos,128,3,9,0.4111,0.1111,0.00454,1.055,1.742,1.742,0.760,1494.3,0.0,2436.1,84.3,8.0,8.0,0.0,0.0,697.1,0.0,0.00,pathseer:9
beir500k-f32,neg40_cat02,neg40,201752,ours-puredos,256,1,9,0.4222,0.2222,0.00399,2.163,2.631,2.631,1.332,2475.8,0.0,3977.6,145.9,15.0,15.0,0.0,0.0,1056.6,0.0,0.00,pathseer:9
beir500k-f32,neg40_cat02,neg40,201752,ours-puredos,256,2,9,0.4222,0.2222,0.00399,2.192,2.653,2.653,1.347,2475.8,0.0,3977.6,145.9,15.0,15.0,0.0,0.0,1056.6,0.0,0.00,pathseer:9
beir500k-f32,neg40_cat02,neg40,201752,ours-puredos,256,3,9,0.4222,0.2222,0.00399,2.223,2.666,2.666,1.348,2475.8,0.0,3977.6,145.9,15.0,15.0,0.0,0.0,1056.6,0.0,0.00,pathseer:9
beir500k-f32,neg40_cat02,neg40,201752,ours-puredos,512,1,9,0.4444,0.2222,0.00266,4.511,4.751,4.751,2.569,4613.0,0.0,7149.3,286.8,26.0,24.0,0.0,0.0,1716.8,0.0,0.00,pathseer:9
beir500k-f32,neg40_cat02,neg40,201752,ours-puredos,512,2,9,0.4444,0.2222,0.00266,4.517,4.717,4.717,2.571,4613.0,0.0,7149.3,286.8,26.0,24.0,0.0,0.0,1716.8,0.0,0.00,pathseer:9
beir500k-f32,neg40_cat02,neg40,201752,ours-puredos,512,3,9,0.4444,0.2222,0.00266,4.487,4.753,4.753,2.604,4613.0,0.0,7149.3,286.8,26.0,24.0,0.0,0.0,1716.8,0.0,0.00,pathseer:9
beir500k-f32,neg40_cat03,neg40,212381,sweeping,64,1,55,0.9145,0.5818,0.00166,11.578,21.604,22.451,11.113,20009.3,0.0,4856.0,2064.6,3.0,59.0,0.0,0.0,0.0,0.0,0.00,sweeping:55
beir500k-f32,neg40_cat03,neg40,212381,sweeping,64,2,55,0.9145,0.5818,0.00166,12.001,21.846,22.285,11.258,20009.3,0.0,4856.0,2064.6,3.0,59.0,0.0,0.0,0.0,0.0,0.00,sweeping:55
beir500k-f32,neg40_cat03,neg40,212381,sweeping,64,3,55,0.9145,0.5818,0.00166,11.540,21.615,22.420,11.051,20009.3,0.0,4856.0,2064.6,3.0,59.0,0.0,0.0,0.0,0.0,0.00,sweeping:55
beir500k-f32,neg40_cat03,neg40,212381,sweeping,128,1,55,0.9527,0.7091,0.00087,15.996,25.867,30.153,14.564,25611.9,0.0,6840.3,2796.4,5.0,98.0,0.0,0.0,0.0,0.0,0.00,sweeping:55
beir500k-f32,neg40_cat03,neg40,212381,sweeping,128,2,55,0.9527,0.7091,0.00087,15.130,25.929,30.161,14.455,25611.9,0.0,6840.3,2796.4,5.0,98.0,0.0,0.0,0.0,0.0,0.00,sweeping:55
beir500k-f32,neg40_cat03,neg40,212381,sweeping,128,3,55,0.9527,0.7091,0.00087,15.107,25.570,30.090,14.509,25611.9,0.0,6840.3,2796.4,5.0,98.0,0.0,0.0,0.0,0.0,0.00,sweeping:55
beir500k-f32,neg40_cat03,neg40,212381,sweeping,256,1,55,0.9745,0.8364,0.00030,19.788,35.220,42.043,19.770,34294.9,0.0,9615.6,3953.1,10.0,190.0,0.0,0.0,0.0,0.0,0.00,sweeping:55
beir500k-f32,neg40_cat03,neg40,212381,sweeping,256,2,55,0.9745,0.8364,0.00030,19.686,34.998,39.857,19.812,34294.9,0.0,9615.6,3953.1,10.0,190.0,0.0,0.0,0.0,0.0,0.00,sweeping:55
beir500k-f32,neg40_cat03,neg40,212381,sweeping,256,3,55,0.9745,0.8364,0.00030,20.646,35.018,39.605,19.745,34294.9,0.0,9615.6,3953.1,10.0,190.0,0.0,0.0,0.0,0.0,0.00,sweeping:55
beir500k-f32,neg40_cat03,neg40,212381,sweeping,512,1,55,0.9782,0.8364,0.00022,27.158,45.736,54.049,27.151,46366.5,0.0,13512.9,5562.2,20.0,413.0,0.0,0.0,0.0,0.0,0.00,sweeping:55
beir500k-f32,neg40_cat03,neg40,212381,sweeping,512,2,55,0.9782,0.8364,0.00022,27.083,45.559,54.068,27.141,46366.5,0.0,13512.9,5562.2,20.0,413.0,0.0,0.0,0.0,0.0,0.00,sweeping:55
beir500k-f32,neg40_cat03,neg40,212381,sweeping,512,3,55,0.9782,0.8364,0.00022,27.733,45.905,55.577,27.324,46366.5,0.0,13512.9,5562.2,20.0,413.0,0.0,0.0,0.0,0.0,0.00,sweeping:55
beir500k-f32,neg40_cat03,neg40,212381,pathseer,64,1,55,0.8455,0.4182,0.00405,2.493,5.130,6.234,2.677,3507.4,0.0,11085.6,838.6,3.0,36.0,115.2,19.6,7897.7,1.8,0.00,pathseer:55
beir500k-f32,neg40_cat03,neg40,212381,pathseer,64,2,55,0.8455,0.4182,0.00405,2.517,5.442,6.331,2.700,3507.4,0.0,11085.6,838.6,3.0,36.0,115.2,19.6,7897.7,1.8,0.00,pathseer:55
beir500k-f32,neg40_cat03,neg40,212381,pathseer,64,3,55,0.8455,0.4182,0.00405,2.524,5.139,6.194,2.691,3507.4,0.0,11085.6,838.6,3.0,36.0,115.2,19.6,7897.7,1.8,0.00,pathseer:55
beir500k-f32,neg40_cat03,neg40,212381,pathseer,128,1,55,0.9091,0.6727,0.00236,4.131,8.227,9.280,4.526,6149.4,0.0,15982.3,1406.3,4.0,76.0,207.1,36.8,10540.1,3.2,0.00,pathseer:55
beir500k-f32,neg40_cat03,neg40,212381,pathseer,128,2,55,0.9091,0.6727,0.00236,4.401,8.797,9.528,4.654,6149.4,0.0,15982.3,1406.3,4.0,76.0,207.1,36.8,10540.1,3.2,0.00,pathseer:55
beir500k-f32,neg40_cat03,neg40,212381,pathseer,128,3,55,0.9091,0.6727,0.00236,4.160,8.411,9.196,4.558,6149.4,0.0,15982.3,1406.3,4.0,76.0,207.1,36.8,10540.1,3.2,0.00,pathseer:55
beir500k-f32,neg40_cat03,neg40,212381,pathseer,256,1,55,0.9655,0.8000,0.00037,7.042,14.137,14.784,7.742,10529.4,0.0,22598.7,2312.8,7.0,152.0,410.8,70.1,13574.5,6.4,0.00,pathseer:55
beir500k-f32,neg40_cat03,neg40,212381,pathseer,256,2,55,0.9655,0.8000,0.00037,7.080,14.294,15.062,7.819,10529.4,0.0,22598.7,2312.8,7.0,152.0,410.8,70.1,13574.5,6.4,0.00,pathseer:55
beir500k-f32,neg40_cat03,neg40,212381,pathseer,256,3,55,0.9655,0.8000,0.00037,6.821,14.202,14.666,7.657,10529.4,0.0,22598.7,2312.8,7.0,152.0,410.8,70.1,13574.5,6.4,0.00,pathseer:55
beir500k-f32,neg40_cat03,neg40,212381,pathseer,512,1,55,0.9764,0.8364,0.00027,12.733,22.351,22.999,12.945,17720.3,0.0,31595.1,3730.8,14.0,322.0,884.4,131.6,16804.3,13.8,0.00,pathseer:55
beir500k-f32,neg40_cat03,neg40,212381,pathseer,512,2,55,0.9764,0.8364,0.00027,12.790,21.606,24.498,12.860,17720.3,0.0,31595.1,3730.8,14.0,322.0,884.4,131.6,16804.3,13.8,0.00,pathseer:55
beir500k-f32,neg40_cat03,neg40,212381,pathseer,512,3,55,0.9764,0.8364,0.00027,12.910,21.712,25.918,13.430,17720.3,0.0,31595.1,3730.8,14.0,322.0,884.4,131.6,16804.3,13.8,0.00,pathseer:55
beir500k-f32,neg40_cat03,neg40,212381,ours-no-twohop,64,1,55,0.8782,0.4545,0.00256,2.714,5.887,6.290,2.999,3906.3,0.0,12294.8,970.7,3.0,59.0,0.0,0.0,8672.2,0.0,0.00,pathseer:55
beir500k-f32,neg40_cat03,neg40,212381,ours-no-twohop,64,2,55,0.8782,0.4545,0.00256,2.725,5.751,6.362,2.991,3906.3,0.0,12294.8,970.7,3.0,59.0,0.0,0.0,8672.2,0.0,0.00,pathseer:55
beir500k-f32,neg40_cat03,neg40,212381,ours-no-twohop,64,3,55,0.8782,0.4545,0.00256,2.722,5.815,6.276,2.993,3906.3,0.0,12294.8,970.7,3.0,59.0,0.0,0.0,8672.2,0.0,0.00,pathseer:55
beir500k-f32,neg40_cat03,neg40,212381,ours-no-twohop,128,1,55,0.9291,0.7091,0.00126,4.212,9.637,10.018,4.896,6578.9,0.0,16880.5,1546.0,5.0,98.0,0.0,0.0,11054.2,0.0,0.00,pathseer:55
beir500k-f32,neg40_cat03,neg40,212381,ours-no-twohop,128,2,55,0.9291,0.7091,0.00126,4.266,9.656,9.967,4.924,6578.9,0.0,16880.5,1546.0,5.0,98.0,0.0,0.0,11054.2,0.0,0.00,pathseer:55
beir500k-f32,neg40_cat03,neg40,212381,ours-no-twohop,128,3,55,0.9291,0.7091,0.00126,4.196,9.568,9.939,4.882,6578.9,0.0,16880.5,1546.0,5.0,98.0,0.0,0.0,11054.2,0.0,0.00,pathseer:55
beir500k-f32,neg40_cat03,neg40,212381,ours-no-twohop,256,1,55,0.9655,0.8000,0.00037,7.745,14.557,15.516,8.139,11171.1,0.0,23397.6,2495.0,10.0,190.0,0.0,0.0,13938.3,0.0,0.00,pathseer:55
beir500k-f32,neg40_cat03,neg40,212381,ours-no-twohop,256,2,55,0.9655,0.8000,0.00037,7.686,14.478,15.564,8.167,11171.1,0.0,23397.6,2495.0,10.0,190.0,0.0,0.0,13938.3,0.0,0.00,pathseer:55
beir500k-f32,neg40_cat03,neg40,212381,ours-no-twohop,256,3,55,0.9655,0.8000,0.00037,7.607,14.268,15.637,8.139,11171.1,0.0,23397.6,2495.0,10.0,190.0,0.0,0.0,13938.3,0.0,0.00,pathseer:55
beir500k-f32,neg40_cat03,neg40,212381,ours-no-twohop,512,1,55,0.9764,0.8364,0.00027,14.308,22.099,22.772,13.321,18565.1,0.0,31972.1,3938.0,20.0,413.0,0.0,0.0,16967.5,0.0,0.00,pathseer:55
beir500k-f32,neg40_cat03,neg40,212381,ours-no-twohop,512,2,55,0.9764,0.8364,0.00027,14.319,22.008,22.867,13.339,18565.1,0.0,31972.1,3938.0,20.0,413.0,0.0,0.0,16967.5,0.0,0.00,pathseer:55
beir500k-f32,neg40_cat03,neg40,212381,ours-no-twohop,512,3,55,0.9764,0.8364,0.00027,14.285,22.223,22.648,13.442,18565.1,0.0,31972.1,3938.0,20.0,413.0,0.0,0.0,16967.5,0.0,0.00,pathseer:55
beir500k-f32,neg40_cat03,neg40,212381,ours-guard,64,1,55,0.8636,0.4364,0.00285,2.648,5.691,6.355,2.919,3580.5,0.0,12454.5,959.9,3.0,59.0,0.0,0.0,8732.9,0.0,0.00,pathseer:55
beir500k-f32,neg40_cat03,neg40,212381,ours-guard,64,2,55,0.8636,0.4364,0.00285,2.554,5.579,6.267,2.859,3580.5,0.0,12454.5,959.9,3.0,59.0,0.0,0.0,8732.9,0.0,0.00,pathseer:55
beir500k-f32,neg40_cat03,neg40,212381,ours-guard,64,3,55,0.8636,0.4364,0.00285,2.566,5.605,6.328,2.849,3580.5,0.0,12454.5,959.9,3.0,59.0,0.0,0.0,8732.9,0.0,0.00,pathseer:55
beir500k-f32,neg40_cat03,neg40,212381,ours-guard,128,1,55,0.9255,0.6727,0.00125,4.081,9.474,9.640,4.653,6035.4,0.0,17466.4,1527.1,5.0,98.0,0.0,0.0,11153.1,0.0,0.00,pathseer:55
beir500k-f32,neg40_cat03,neg40,212381,ours-guard,128,2,55,0.9255,0.6727,0.00125,4.050,9.325,9.544,4.643,6035.4,0.0,17466.4,1527.1,5.0,98.0,0.0,0.0,11153.1,0.0,0.00,pathseer:55
beir500k-f32,neg40_cat03,neg40,212381,ours-guard,128,3,55,0.9255,0.6727,0.00125,3.992,9.298,9.582,4.661,6035.4,0.0,17466.4,1527.1,5.0,98.0,0.0,0.0,11153.1,0.0,0.00,pathseer:55
beir500k-f32,neg40_cat03,neg40,212381,ours-guard,256,1,55,0.9618,0.7818,0.00043,7.246,13.958,15.094,7.722,10255.8,0.0,24911.9,2458.2,10.0,190.0,0.0,0.0,14130.3,0.0,0.00,pathseer:55
beir500k-f32,neg40_cat03,neg40,212381,ours-guard,256,2,55,0.9618,0.7818,0.00043,7.314,14.024,15.122,7.817,10255.8,0.0,24911.9,2458.2,10.0,190.0,0.0,0.0,14130.3,0.0,0.00,pathseer:55
beir500k-f32,neg40_cat03,neg40,212381,ours-guard,256,3,55,0.9618,0.7818,0.00043,7.301,14.514,15.194,7.770,10255.8,0.0,24911.9,2458.2,10.0,190.0,0.0,0.0,14130.3,0.0,0.00,pathseer:55
beir500k-f32,neg40_cat03,neg40,212381,ours-guard,512,1,55,0.9764,0.8364,0.00027,13.184,21.151,21.736,12.671,17081.4,0.0,35349.0,3874.7,20.0,413.0,0.0,0.0,17288.9,0.0,0.00,pathseer:55
beir500k-f32,neg40_cat03,neg40,212381,ours-guard,512,2,55,0.9764,0.8364,0.00027,13.138,21.317,21.799,12.669,17081.4,0.0,35349.0,3874.7,20.0,413.0,0.0,0.0,17288.9,0.0,0.00,pathseer:55
beir500k-f32,neg40_cat03,neg40,212381,ours-guard,512,3,55,0.9764,0.8364,0.00027,13.235,20.982,21.720,12.782,17081.4,0.0,35349.0,3874.7,20.0,413.0,0.0,0.0,17288.9,0.0,0.00,pathseer:55
beir500k-f32,neg40_cat03,neg40,212381,ours-puredos,64,1,9,0.2333,0.1111,0.00200,0.041,0.652,0.652,0.194,450.4,0.0,660.7,23.4,4.0,4.0,0.0,0.0,131.8,0.0,0.00,pathseer:9
beir500k-f32,neg40_cat03,neg40,212381,ours-puredos,64,2,9,0.2333,0.1111,0.00200,0.043,0.637,0.637,0.192,450.4,0.0,660.7,23.4,4.0,4.0,0.0,0.0,131.8,0.0,0.00,pathseer:9
beir500k-f32,neg40_cat03,neg40,212381,ours-puredos,64,3,9,0.2333,0.1111,0.00200,0.040,0.635,0.635,0.192,450.4,0.0,660.7,23.4,4.0,4.0,0.0,0.0,131.8,0.0,0.00,pathseer:9
beir500k-f32,neg40_cat03,neg40,212381,ours-puredos,128,1,9,0.2667,0.1111,0.00115,0.046,1.135,1.135,0.327,781.6,0.0,1131.7,44.3,7.0,7.0,0.0,0.0,217.4,0.0,0.00,pathseer:9
beir500k-f32,neg40_cat03,neg40,212381,ours-puredos,128,2,9,0.2667,0.1111,0.00115,0.046,1.234,1.234,0.345,781.6,0.0,1131.7,44.3,7.0,7.0,0.0,0.0,217.4,0.0,0.00,pathseer:9
beir500k-f32,neg40_cat03,neg40,212381,ours-puredos,128,3,9,0.2667,0.1111,0.00115,0.047,1.177,1.177,0.326,781.6,0.0,1131.7,44.3,7.0,7.0,0.0,0.0,217.4,0.0,0.00,pathseer:9
beir500k-f32,neg40_cat03,neg40,212381,ours-puredos,256,1,9,0.3000,0.1111,0.00034,0.057,2.607,2.607,0.711,1414.3,0.0,2005.9,87.1,12.0,11.0,0.0,0.0,352.0,0.0,0.00,pathseer:9
beir500k-f32,neg40_cat03,neg40,212381,ours-puredos,256,2,9,0.3000,0.1111,0.00034,0.057,2.782,2.782,0.753,1414.3,0.0,2005.9,87.1,12.0,11.0,0.0,0.0,352.0,0.0,0.00,pathseer:9
beir500k-f32,neg40_cat03,neg40,212381,ours-puredos,256,3,9,0.3000,0.1111,0.00034,0.056,2.722,2.722,0.741,1414.3,0.0,2005.9,87.1,12.0,11.0,0.0,0.0,352.0,0.0,0.00,pathseer:9
beir500k-f32,neg40_cat03,neg40,212381,ours-puredos,512,1,9,0.3111,0.1111,0.00031,0.066,5.364,5.364,1.414,2469.6,0.0,3465.6,172.1,21.0,20.0,0.0,0.0,577.0,0.0,0.00,pathseer:9
beir500k-f32,neg40_cat03,neg40,212381,ours-puredos,512,2,9,0.3111,0.1111,0.00031,0.066,5.454,5.454,1.411,2469.6,0.0,3465.6,172.1,21.0,20.0,0.0,0.0,577.0,0.0,0.00,pathseer:9
beir500k-f32,neg40_cat03,neg40,212381,ours-puredos,512,3,9,0.3111,0.1111,0.00031,0.062,5.301,5.301,1.392,2469.6,0.0,3465.6,172.1,21.0,20.0,0.0,0.0,577.0,0.0,0.00,pathseer:9
beir500k-f32,neg40_cat04,neg40,219419,sweeping,64,1,57,0.9614,0.7193,0.00053,15.114,22.476,25.716,14.752,22838.5,0.0,8171.9,4550.4,3.0,170.0,0.0,0.0,0.0,0.0,0.00,sweeping:57
beir500k-f32,neg40_cat04,neg40,219419,sweeping,64,2,57,0.9614,0.7193,0.00053,14.997,22.387,25.093,14.685,22838.5,0.0,8171.9,4550.4,3.0,170.0,0.0,0.0,0.0,0.0,0.00,sweeping:57
beir500k-f32,neg40_cat04,neg40,219419,sweeping,64,3,57,0.9614,0.7193,0.00053,14.861,22.564,25.120,14.643,22838.5,0.0,8171.9,4550.4,3.0,170.0,0.0,0.0,0.0,0.0,0.00,sweeping:57
beir500k-f32,neg40_cat04,neg40,219419,sweeping,128,1,57,0.9842,0.8772,0.00030,18.910,26.594,28.628,18.408,27721.2,0.0,10647.8,5960.5,6.0,322.0,0.0,0.0,0.0,0.0,0.00,sweeping:57
beir500k-f32,neg40_cat04,neg40,219419,sweeping,128,2,57,0.9842,0.8772,0.00030,18.937,26.809,28.507,18.439,27721.2,0.0,10647.8,5960.5,6.0,322.0,0.0,0.0,0.0,0.0,0.00,sweeping:57
beir500k-f32,neg40_cat04,neg40,219419,sweeping,128,3,57,0.9842,0.8772,0.00030,18.864,26.689,28.632,18.483,27721.2,0.0,10647.8,5960.5,6.0,322.0,0.0,0.0,0.0,0.0,0.00,sweeping:57
beir500k-f32,neg40_cat04,neg40,219419,sweeping,256,1,57,0.9947,0.9474,0.00004,24.155,32.487,33.975,23.305,34131.7,0.0,13700.2,7738.6,11.0,626.0,0.0,0.0,0.0,0.0,0.00,sweeping:57
beir500k-f32,neg40_cat04,neg40,219419,sweeping,256,2,57,0.9947,0.9474,0.00004,24.123,32.271,35.940,23.310,34131.7,0.0,13700.2,7738.6,11.0,626.0,0.0,0.0,0.0,0.0,0.00,sweeping:57
beir500k-f32,neg40_cat04,neg40,219419,sweeping,256,3,57,0.9947,0.9474,0.00004,24.062,32.324,33.938,23.327,34131.7,0.0,13700.2,7738.6,11.0,626.0,0.0,0.0,0.0,0.0,0.00,sweeping:57
beir500k-f32,neg40_cat04,neg40,219419,sweeping,512,1,57,0.9982,0.9825,0.00002,30.875,38.563,42.373,29.844,42996.6,0.0,17497.8,10047.4,22.0,1159.0,0.0,0.0,0.0,0.0,0.00,sweeping:57
beir500k-f32,neg40_cat04,neg40,219419,sweeping,512,2,57,0.9982,0.9825,0.00002,30.810,38.963,41.216,29.785,42996.6,0.0,17497.8,10047.4,22.0,1159.0,0.0,0.0,0.0,0.0,0.00,sweeping:57
beir500k-f32,neg40_cat04,neg40,219419,sweeping,512,3,57,0.9982,0.9825,0.00002,30.873,38.939,44.474,29.863,42996.6,0.0,17497.8,10047.4,22.0,1159.0,0.0,0.0,0.0,0.0,0.00,sweeping:57
beir500k-f32,neg40_cat04,neg40,219419,pathseer,64,1,57,0.9439,0.6491,0.00098,4.034,6.733,7.478,4.220,4598.8,0.0,16516.8,1945.5,3.0,138.0,149.3,11.9,10845.1,2.3,0.00,pathseer:57
beir500k-f32,neg40_cat04,neg40,219419,pathseer,64,2,57,0.9439,0.6491,0.00098,4.090,6.777,7.532,4.110,4598.8,0.0,16516.8,1945.5,3.0,138.0,149.3,11.9,10845.1,2.3,0.00,pathseer:57
beir500k-f32,neg40_cat04,neg40,219419,pathseer,64,3,57,0.9439,0.6491,0.00098,4.067,6.667,7.504,4.101,4598.8,0.0,16516.8,1945.5,3.0,138.0,149.3,11.9,10845.1,2.3,0.00,pathseer:57
beir500k-f32,neg40_cat04,neg40,219419,pathseer,128,1,57,0.9754,0.8070,0.00050,6.726,10.918,12.294,6.876,7700.1,0.0,22409.7,3163.6,5.0,279.0,258.2,19.4,13156.2,4.0,0.00,pathseer:57
beir500k-f32,neg40_cat04,neg40,219419,pathseer,128,2,57,0.9754,0.8070,0.00050,6.653,10.881,12.118,6.788,7700.1,0.0,22409.7,3163.6,5.0,279.0,258.2,19.4,13156.2,4.0,0.00,pathseer:57
beir500k-f32,neg40_cat04,neg40,219419,pathseer,128,3,57,0.9754,0.8070,0.00050,6.732,11.173,13.430,6.941,7700.1,0.0,22409.7,3163.6,5.0,279.0,258.2,19.4,13156.2,4.0,0.00,pathseer:57
beir500k-f32,neg40_cat04,neg40,219419,pathseer,256,1,57,0.9947,0.9474,0.00004,11.161,16.872,17.662,10.867,12424.9,0.0,29600.2,4898.3,9.0,541.0,530.0,42.5,15122.9,8.3,0.00,pathseer:57
beir500k-f32,neg40_cat04,neg40,219419,pathseer,256,2,57,0.9947,0.9474,0.00004,11.297,16.627,17.623,10.840,12424.9,0.0,29600.2,4898.3,9.0,541.0,530.0,42.5,15122.9,8.3,0.00,pathseer:57
beir500k-f32,neg40_cat04,neg40,219419,pathseer,256,3,57,0.9947,0.9474,0.00004,11.390,16.793,17.662,11.073,12424.9,0.0,29600.2,4898.3,9.0,541.0,530.0,42.5,15122.9,8.3,0.00,pathseer:57
beir500k-f32,neg40_cat04,neg40,219419,pathseer,512,1,57,0.9982,0.9825,0.00002,17.087,23.248,25.556,17.036,19645.1,0.0,38895.5,7364.7,19.0,974.0,1126.2,87.4,16688.9,17.6,0.00,pathseer:57
beir500k-f32,neg40_cat04,neg40,219419,pathseer,512,2,57,0.9982,0.9825,0.00002,16.936,23.073,25.824,16.977,19645.1,0.0,38895.5,7364.7,19.0,974.0,1126.2,87.4,16688.9,17.6,0.00,pathseer:57
beir500k-f32,neg40_cat04,neg40,219419,pathseer,512,3,57,0.9982,0.9825,0.00002,17.212,23.257,25.490,16.966,19645.1,0.0,38895.5,7364.7,19.0,974.0,1126.2,87.4,16688.9,17.6,0.00,pathseer:57
beir500k-f32,neg40_cat04,neg40,219419,ours-no-twohop,64,1,57,0.9456,0.6667,0.00094,4.524,6.725,7.744,4.446,4903.6,0.0,17294.4,2105.9,3.0,170.0,0.0,0.0,11300.7,0.0,0.00,pathseer:57
beir500k-f32,neg40_cat04,neg40,219419,ours-no-twohop,64,2,57,0.9456,0.6667,0.00094,4.490,6.849,7.519,4.442,4903.6,0.0,17294.4,2105.9,3.0,170.0,0.0,0.0,11300.7,0.0,0.00,pathseer:57
beir500k-f32,neg40_cat04,neg40,219419,ours-no-twohop,64,3,57,0.9456,0.6667,0.00094,4.541,6.944,7.698,4.459,4903.6,0.0,17294.4,2105.9,3.0,170.0,0.0,0.0,11300.7,0.0,0.00,pathseer:57
beir500k-f32,neg40_cat04,neg40,219419,ours-no-twohop,128,1,57,0.9754,0.8070,0.00050,7.090,11.565,13.508,7.255,8079.4,0.0,22943.2,3338.0,6.0,322.0,0.0,0.0,13380.5,0.0,0.00,pathseer:57
beir500k-f32,neg40_cat04,neg40,219419,ours-no-twohop,128,2,57,0.9754,0.8070,0.00050,6.902,11.393,12.362,7.116,8079.4,0.0,22943.2,3338.0,6.0,322.0,0.0,0.0,13380.5,0.0,0.00,pathseer:57
beir500k-f32,neg40_cat04,neg40,219419,ours-no-twohop,128,3,57,0.9754,0.8070,0.00050,6.847,11.305,12.405,7.116,8079.4,0.0,22943.2,3338.0,6.0,322.0,0.0,0.0,13380.5,0.0,0.00,pathseer:57
beir500k-f32,neg40_cat04,neg40,219419,ours-no-twohop,256,1,57,0.9947,0.9474,0.00004,11.871,18.250,21.768,11.942,12980.6,0.0,30023.3,5135.7,11.0,626.0,0.0,0.0,15244.2,0.0,0.00,pathseer:57
beir500k-f32,neg40_cat04,neg40,219419,ours-no-twohop,256,2,57,0.9947,0.9474,0.00004,11.456,17.213,17.852,11.322,12980.6,0.0,30023.3,5135.7,11.0,626.0,0.0,0.0,15244.2,0.0,0.00,pathseer:57
beir500k-f32,neg40_cat04,neg40,219419,ours-no-twohop,256,3,57,0.9947,0.9474,0.00004,11.496,17.022,18.026,11.350,12980.6,0.0,30023.3,5135.7,11.0,626.0,0.0,0.0,15244.2,0.0,0.00,pathseer:57
beir500k-f32,neg40_cat04,neg40,219419,ours-no-twohop,512,1,57,0.9982,0.9825,0.00002,17.996,23.821,25.802,17.419,20311.1,0.0,38746.2,7627.6,22.0,1159.0,0.0,0.0,16630.1,0.0,0.00,pathseer:57
beir500k-f32,neg40_cat04,neg40,219419,ours-no-twohop,512,2,57,0.9982,0.9825,0.00002,17.836,24.353,26.871,17.526,20311.1,0.0,38746.2,7627.6,22.0,1159.0,0.0,0.0,16630.1,0.0,0.00,pathseer:57
beir500k-f32,neg40_cat04,neg40,219419,ours-no-twohop,512,3,57,0.9982,0.9825,0.00002,18.088,23.629,25.828,17.577,20311.1,0.0,38746.2,7627.6,22.0,1159.0,0.0,0.0,16630.1,0.0,0.00,pathseer:57
beir500k-f32,neg40_cat04,neg40,219419,ours-guard,64,1,57,0.9439,0.6491,0.00094,4.351,6.726,7.332,4.246,4642.7,0.0,16160.2,2094.9,3.0,170.0,0.0,0.0,11372.5,0.0,0.00,pathseer:57
beir500k-f32,neg40_cat04,neg40,219419,ours-guard,64,2,57,0.9439,0.6491,0.00094,4.320,6.994,7.530,4.272,4642.7,0.0,16160.2,2094.9,3.0,170.0,0.0,0.0,11372.5,0.0,0.00,pathseer:57
beir500k-f32,neg40_cat04,neg40,219419,ours-guard,64,3,57,0.9439,0.6491,0.00094,4.315,7.034,7.252,4.293,4642.7,0.0,16160.2,2094.9,3.0,170.0,0.0,0.0,11372.5,0.0,0.00,pathseer:57
beir500k-f32,neg40_cat04,neg40,219419,ours-guard,128,1,57,0.9754,0.8070,0.00050,6.672,11.484,12.192,6.914,7666.1,0.0,21454.3,3320.9,6.0,322.0,0.0,0.0,13514.5,0.0,0.00,pathseer:57
beir500k-f32,neg40_cat04,neg40,219419,ours-guard,128,2,57,0.9754,0.8070,0.00050,6.645,11.539,12.017,6.900,7666.1,0.0,21454.3,3320.9,6.0,322.0,0.0,0.0,13514.5,0.0,0.00,pathseer:57
beir500k-f32,neg40_cat04,neg40,219419,ours-guard,128,3,57,0.9754,0.8070,0.00050,6.676,11.272,11.999,6.907,7666.1,0.0,21454.3,3320.9,6.0,322.0,0.0,0.0,13514.5,0.0,0.00,pathseer:57
beir500k-f32,neg40_cat04,neg40,219419,ours-guard,256,1,57,0.9930,0.9298,0.00013,11.485,17.338,17.999,11.308,12312.7,0.0,28301.9,5107.4,11.0,626.0,0.0,0.0,15478.0,0.0,0.00,pathseer:57
beir500k-f32,neg40_cat04,neg40,219419,ours-guard,256,2,57,0.9930,0.9298,0.00013,11.428,17.460,17.982,11.323,12312.7,0.0,28301.9,5107.4,11.0,626.0,0.0,0.0,15478.0,0.0,0.00,pathseer:57
beir500k-f32,neg40_cat04,neg40,219419,ours-guard,256,3,57,0.9930,0.9298,0.00013,11.090,17.009,17.725,11.161,12312.7,0.0,28301.9,5107.4,11.0,626.0,0.0,0.0,15478.0,0.0,0.00,pathseer:57
beir500k-f32,neg40_cat04,neg40,219419,ours-guard,512,1,57,0.9965,0.9649,0.00011,17.747,23.551,25.957,17.129,19246.7,0.0,37260.4,7582.4,22.0,1159.0,0.0,0.0,17069.5,0.0,0.00,pathseer:57
beir500k-f32,neg40_cat04,neg40,219419,ours-guard,512,2,57,0.9965,0.9649,0.00011,17.326,23.135,25.200,16.999,19246.7,0.0,37260.4,7582.4,22.0,1159.0,0.0,0.0,17069.5,0.0,0.00,pathseer:57
beir500k-f32,neg40_cat04,neg40,219419,ours-guard,512,3,57,0.9965,0.9649,0.00011,17.424,23.711,25.195,16.934,19246.7,0.0,37260.4,7582.4,22.0,1159.0,0.0,0.0,17069.5,0.0,0.00,pathseer:57
beir500k-f32,neg40_cat04,neg40,219419,ours-puredos,64,1,9,0.2222,0.2222,0.00000,0.044,0.543,0.543,0.150,274.2,0.0,400.0,15.9,5.0,5.0,0.0,0.0,77.2,0.0,0.00,pathseer:9
beir500k-f32,neg40_cat04,neg40,219419,ours-puredos,64,2,9,0.2222,0.2222,0.00000,0.046,0.524,0.524,0.147,274.2,0.0,400.0,15.9,5.0,5.0,0.0,0.0,77.2,0.0,0.00,pathseer:9
beir500k-f32,neg40_cat04,neg40,219419,ours-puredos,64,3,9,0.2222,0.2222,0.00000,0.041,0.505,0.505,0.141,274.2,0.0,400.0,15.9,5.0,5.0,0.0,0.0,77.2,0.0,0.00,pathseer:9
beir500k-f32,neg40_cat04,neg40,219419,ours-puredos,128,1,9,0.2222,0.2222,0.00000,0.043,0.942,0.942,0.237,490.3,0.0,683.0,29.8,7.0,7.0,0.0,0.0,111.9,0.0,0.00,pathseer:9
beir500k-f32,neg40_cat04,neg40,219419,ours-puredos,128,2,9,0.2222,0.2222,0.00000,0.044,1.034,1.034,0.246,490.3,0.0,683.0,29.8,7.0,7.0,0.0,0.0,111.9,0.0,0.00,pathseer:9
beir500k-f32,neg40_cat04,neg40,219419,ours-puredos,128,3,9,0.2222,0.2222,0.00000,0.040,0.887,0.887,0.220,490.3,0.0,683.0,29.8,7.0,7.0,0.0,0.0,111.9,0.0,0.00,pathseer:9
beir500k-f32,neg40_cat04,neg40,219419,ours-puredos,256,1,9,0.2222,0.2222,0.00000,0.045,1.778,1.778,0.408,868.9,0.0,1198.7,58.1,13.0,13.0,0.0,0.0,188.1,0.0,0.00,pathseer:9
beir500k-f32,neg40_cat04,neg40,219419,ours-puredos,256,2,9,0.2222,0.2222,0.00000,0.043,1.667,1.667,0.395,868.9,0.0,1198.7,58.1,13.0,13.0,0.0,0.0,188.1,0.0,0.00,pathseer:9
beir500k-f32,neg40_cat04,neg40,219419,ours-puredos,256,3,9,0.2222,0.2222,0.00000,0.044,1.769,1.769,0.409,868.9,0.0,1198.7,58.1,13.0,13.0,0.0,0.0,188.1,0.0,0.00,pathseer:9
beir500k-f32,neg40_cat04,neg40,219419,ours-puredos,512,1,9,0.2222,0.2222,0.00000,0.051,3.825,3.825,0.860,1500.8,0.0,2091.0,115.1,26.0,24.0,0.0,0.0,327.4,0.0,0.00,pathseer:9
beir500k-f32,neg40_cat04,neg40,219419,ours-puredos,512,2,9,0.2222,0.2222,0.00000,0.051,3.824,3.824,0.863,1500.8,0.0,2091.0,115.1,26.0,24.0,0.0,0.0,327.4,0.0,0.00,pathseer:9
beir500k-f32,neg40_cat04,neg40,219419,ours-puredos,512,3,9,0.2222,0.2222,0.00000,0.061,4.069,4.069,0.945,1500.8,0.0,2091.0,115.1,26.0,24.0,0.0,0.0,327.4,0.0,0.00,pathseer:9
beir500k-f32,neg40_cat05,neg40,210419,sweeping,64,1,20,0.9800,0.8000,0.00043,4.283,7.383,8.172,3.773,7272.9,0.0,1465.6,688.9,3.0,17.0,0.0,0.0,0.0,0.0,0.00,sweeping:20
beir500k-f32,neg40_cat05,neg40,210419,sweeping,64,2,20,0.9800,0.8000,0.00043,4.335,7.263,7.860,3.724,7272.9,0.0,1465.6,688.9,3.0,17.0,0.0,0.0,0.0,0.0,0.00,sweeping:20
beir500k-f32,neg40_cat05,neg40,210419,sweeping,64,3,20,0.9800,0.8000,0.00043,4.221,7.298,7.985,3.732,7272.9,0.0,1465.6,688.9,3.0,17.0,0.0,0.0,0.0,0.0,0.00,sweeping:20
beir500k-f32,neg40_cat05,neg40,210419,sweeping,128,1,20,1.0000,1.0000,0.00000,6.303,9.633,10.429,5.384,9933.9,0.0,2144.4,996.8,5.0,35.0,0.0,0.0,0.0,0.0,0.00,sweeping:20
beir500k-f32,neg40_cat05,neg40,210419,sweeping,128,2,20,1.0000,1.0000,0.00000,6.307,9.593,9.948,5.290,9933.9,0.0,2144.4,996.8,5.0,35.0,0.0,0.0,0.0,0.0,0.00,sweeping:20
beir500k-f32,neg40_cat05,neg40,210419,sweeping,128,3,20,1.0000,1.0000,0.00000,6.310,9.604,9.922,5.306,9933.9,0.0,2144.4,996.8,5.0,35.0,0.0,0.0,0.0,0.0,0.00,sweeping:20
beir500k-f32,neg40_cat05,neg40,210419,sweeping,256,1,20,1.0000,1.0000,0.00000,8.340,12.946,13.534,7.700,14044.2,0.0,3114.2,1510.0,11.0,74.0,0.0,0.0,0.0,0.0,0.00,sweeping:20
beir500k-f32,neg40_cat05,neg40,210419,sweeping,256,2,20,1.0000,1.0000,0.00000,8.268,13.182,13.882,7.828,14044.2,0.0,3114.2,1510.0,11.0,74.0,0.0,0.0,0.0,0.0,0.00,sweeping:20
beir500k-f32,neg40_cat05,neg40,210419,sweeping,256,3,20,1.0000,1.0000,0.00000,8.218,13.171,13.642,7.688,14044.2,0.0,3114.2,1510.0,11.0,74.0,0.0,0.0,0.0,0.0,0.00,sweeping:20
beir500k-f32,neg40_cat05,neg40,210419,sweeping,512,1,20,1.0000,1.0000,0.00000,12.136,16.649,19.016,11.437,20191.3,0.0,4624.6,2310.7,23.0,136.0,0.0,0.0,0.0,0.0,0.00,sweeping:20
beir500k-f32,neg40_cat05,neg40,210419,sweeping,512,2,20,1.0000,1.0000,0.00000,12.165,18.088,18.718,11.664,20191.3,0.0,4624.6,2310.7,23.0,136.0,0.0,0.0,0.0,0.0,0.00,sweeping:20
beir500k-f32,neg40_cat05,neg40,210419,sweeping,512,3,20,1.0000,1.0000,0.00000,12.061,16.994,18.849,11.512,20191.3,0.0,4624.6,2310.7,23.0,136.0,0.0,0.0,0.0,0.0,0.00,sweeping:20
beir500k-f32,neg40_cat05,neg40,210419,pathseer,64,1,20,0.9550,0.7500,0.00035,1.076,2.001,2.512,1.212,2032.0,0.0,3207.2,255.6,3.0,7.0,108.8,33.1,1913.9,1.7,0.00,pathseer:20
beir500k-f32,neg40_cat05,neg40,210419,pathseer,64,2,20,0.9550,0.7500,0.00035,1.071,2.021,2.469,1.203,2032.0,0.0,3207.2,255.6,3.0,7.0,108.8,33.1,1913.9,1.7,0.00,pathseer:20
beir500k-f32,neg40_cat05,neg40,210419,pathseer,64,3,20,0.9550,0.7500,0.00035,1.058,2.003,2.471,1.198,2032.0,0.0,3207.2,255.6,3.0,7.0,108.8,33.1,1913.9,1.7,0.00,pathseer:20
beir500k-f32,neg40_cat05,neg40,210419,pathseer,128,1,20,0.9750,0.8500,0.00021,1.959,3.452,4.060,2.157,3518.8,0.0,5137.4,475.9,4.0,18.0,188.8,60.5,2847.7,3.0,0.00,pathseer:20
beir500k-f32,neg40_cat05,neg40,210419,pathseer,128,2,20,0.9750,0.8500,0.00021,1.932,3.480,3.867,2.150,3518.8,0.0,5137.4,475.9,4.0,18.0,188.8,60.5,2847.7,3.0,0.00,pathseer:20
beir500k-f32,neg40_cat05,neg40,210419,pathseer,128,3,20,0.9750,0.8500,0.00021,1.941,3.441,3.848,2.138,3518.8,0.0,5137.4,475.9,4.0,18.0,188.8,60.5,2847.7,3.0,0.00,pathseer:20
beir500k-f32,neg40_cat05,neg40,210419,pathseer,256,1,20,0.9900,0.9000,0.00012,3.161,6.439,6.668,3.807,6151.4,0.0,8116.1,888.5,7.0,38.0,361.6,109.0,4000.3,5.7,0.00,pathseer:20
beir500k-f32,neg40_cat05,neg40,210419,pathseer,256,2,20,0.9900,0.9000,0.00012,3.194,6.441,6.744,3.792,6151.4,0.0,8116.1,888.5,7.0,38.0,361.6,109.0,4000.3,5.7,0.00,pathseer:20
beir500k-f32,neg40_cat05,neg40,210419,pathseer,256,3,20,0.9900,0.9000,0.00012,3.190,6.493,6.692,3.818,6151.4,0.0,8116.1,888.5,7.0,38.0,361.6,109.0,4000.3,5.7,0.00,pathseer:20
beir500k-f32,neg40_cat05,neg40,210419,pathseer,512,1,20,1.0000,1.0000,0.00000,6.643,9.693,10.230,6.423,10188.0,0.0,12248.5,1518.2,13.0,69.0,755.2,222.5,5430.3,11.8,0.00,pathseer:20
beir500k-f32,neg40_cat05,neg40,210419,pathseer,512,2,20,1.0000,1.0000,0.00000,6.718,10.426,10.444,6.541,10188.0,0.0,12248.5,1518.2,13.0,69.0,755.2,222.5,5430.3,11.8,0.00,pathseer:20
beir500k-f32,neg40_cat05,neg40,210419,pathseer,512,3,20,1.0000,1.0000,0.00000,6.544,9.697,10.344,6.417,10188.0,0.0,12248.5,1518.2,13.0,69.0,755.2,222.5,5430.3,11.8,0.00,pathseer:20
beir500k-f32,neg40_cat05,neg40,210419,ours-no-twohop,64,1,20,0.9600,0.7500,0.00029,1.490,2.188,2.490,1.408,2281.1,0.0,3947.4,328.7,3.0,17.0,0.0,0.0,2420.7,0.0,0.00,pathseer:20
beir500k-f32,neg40_cat05,neg40,210419,ours-no-twohop,64,2,20,0.9600,0.7500,0.00029,1.460,2.194,2.531,1.389,2281.1,0.0,3947.4,328.7,3.0,17.0,0.0,0.0,2420.7,0.0,0.00,pathseer:20
beir500k-f32,neg40_cat05,neg40,210419,ours-no-twohop,64,3,20,0.9600,0.7500,0.00029,1.520,2.218,2.546,1.428,2281.1,0.0,3947.4,328.7,3.0,17.0,0.0,0.0,2420.7,0.0,0.00,pathseer:20
beir500k-f32,neg40_cat05,neg40,210419,ours-no-twohop,128,1,20,0.9900,0.9000,0.00002,2.665,4.221,4.729,2.495,3983.6,0.0,6100.8,611.9,5.0,35.0,0.0,0.0,3368.8,0.0,0.00,pathseer:20
beir500k-f32,neg40_cat05,neg40,210419,ours-no-twohop,128,2,20,0.9900,0.9000,0.00002,2.669,4.195,4.466,2.485,3983.6,0.0,6100.8,611.9,5.0,35.0,0.0,0.0,3368.8,0.0,0.00,pathseer:20
beir500k-f32,neg40_cat05,neg40,210419,ours-no-twohop,128,3,20,0.9900,0.9000,0.00002,2.621,4.216,4.464,2.511,3983.6,0.0,6100.8,611.9,5.0,35.0,0.0,0.0,3368.8,0.0,0.00,pathseer:20
beir500k-f32,neg40_cat05,neg40,210419,ours-no-twohop,256,1,20,0.9950,0.9500,0.00002,4.818,6.818,6.858,4.147,6568.9,0.0,8770.8,1019.1,11.0,74.0,0.0,0.0,4430.1,0.0,0.00,pathseer:20
beir500k-f32,neg40_cat05,neg40,210419,ours-no-twohop,256,2,20,0.9950,0.9500,0.00002,4.772,6.776,6.968,4.167,6568.9,0.0,8770.8,1019.1,11.0,74.0,0.0,0.0,4430.1,0.0,0.00,pathseer:20
beir500k-f32,neg40_cat05,neg40,210419,ours-no-twohop,256,3,20,0.9950,0.9500,0.00002,5.065,6.910,7.177,4.279,6568.9,0.0,8770.8,1019.1,11.0,74.0,0.0,0.0,4430.1,0.0,0.00,pathseer:20
beir500k-f32,neg40_cat05,neg40,210419,ours-no-twohop,512,1,20,1.0000,1.0000,0.00000,7.934,10.518,10.781,6.928,10759.8,0.0,12677.8,1701.3,23.0,136.0,0.0,0.0,5790.6,0.0,0.00,pathseer:20
beir500k-f32,neg40_cat05,neg40,210419,ours-no-twohop,512,2,20,1.0000,1.0000,0.00000,7.808,10.749,11.065,6.957,10759.8,0.0,12677.8,1701.3,23.0,136.0,0.0,0.0,5790.6,0.0,0.00,pathseer:20
beir500k-f32,neg40_cat05,neg40,210419,ours-no-twohop,512,3,20,1.0000,1.0000,0.00000,7.678,10.386,10.825,6.890,10759.8,0.0,12677.8,1701.3,23.0,136.0,0.0,0.0,5790.6,0.0,0.00,pathseer:20
beir500k-f32,neg40_cat05,neg40,210419,ours-guard,64,1,20,0.9500,0.7500,0.00042,1.359,2.177,2.454,1.319,2080.8,0.0,4639.1,319.2,3.0,17.0,0.0,0.0,2426.9,0.0,0.00,pathseer:20
beir500k-f32,neg40_cat05,neg40,210419,ours-guard,64,2,20,0.9500,0.7500,0.00042,1.417,2.178,2.463,1.353,2080.8,0.0,4639.1,319.2,3.0,17.0,0.0,0.0,2426.9,0.0,0.00,pathseer:20
beir500k-f32,neg40_cat05,neg40,210419,ours-guard,64,3,20,0.9500,0.7500,0.00042,1.392,2.183,2.530,1.335,2080.8,0.0,4639.1,319.2,3.0,17.0,0.0,0.0,2426.9,0.0,0.00,pathseer:20
beir500k-f32,neg40_cat05,neg40,210419,ours-guard,128,1,20,0.9850,0.9000,0.00005,2.501,4.119,4.434,2.390,3698.9,0.0,7333.4,598.0,5.0,35.0,0.0,0.0,3403.7,0.0,0.00,pathseer:20
beir500k-f32,neg40_cat05,neg40,210419,ours-guard,128,2,20,0.9850,0.9000,0.00005,2.468,4.037,4.435,2.372,3698.9,0.0,7333.4,598.0,5.0,35.0,0.0,0.0,3403.7,0.0,0.00,pathseer:20
beir500k-f32,neg40_cat05,neg40,210419,ours-guard,128,3,20,0.9850,0.9000,0.00005,2.487,4.080,4.457,2.385,3698.9,0.0,7333.4,598.0,5.0,35.0,0.0,0.0,3403.7,0.0,0.00,pathseer:20
beir500k-f32,neg40_cat05,neg40,210419,ours-guard,256,1,20,0.9950,0.9500,0.00002,4.482,6.675,6.763,3.948,6130.4,0.0,11087.3,998.2,11.0,74.0,0.0,0.0,4549.9,0.0,0.00,pathseer:20
beir500k-f32,neg40_cat05,neg40,210419,ours-guard,256,2,20,0.9950,0.9500,0.00002,4.519,6.663,6.795,3.963,6130.4,0.0,11087.3,998.2,11.0,74.0,0.0,0.0,4549.9,0.0,0.00,pathseer:20
beir500k-f32,neg40_cat05,neg40,210419,ours-guard,256,3,20,0.9950,0.9500,0.00002,4.453,6.633,6.735,3.924,6130.4,0.0,11087.3,998.2,11.0,74.0,0.0,0.0,4549.9,0.0,0.00,pathseer:20
beir500k-f32,neg40_cat05,neg40,210419,ours-guard,512,1,20,1.0000,1.0000,0.00000,7.380,10.319,10.633,6.648,10053.8,0.0,16842.2,1671.3,23.0,136.0,0.0,0.0,6074.4,0.0,0.00,pathseer:20
beir500k-f32,neg40_cat05,neg40,210419,ours-guard,512,2,20,1.0000,1.0000,0.00000,7.286,10.289,10.521,6.581,10053.8,0.0,16842.2,1671.3,23.0,136.0,0.0,0.0,6074.4,0.0,0.00,pathseer:20
beir500k-f32,neg40_cat05,neg40,210419,ours-guard,512,3,20,1.0000,1.0000,0.00000,7.362,10.354,10.591,6.608,10053.8,0.0,16842.2,1671.3,23.0,136.0,0.0,0.0,6074.4,0.0,0.00,pathseer:20
beir500k-f32,neg40_cat05,neg40,210419,ours-puredos,64,1,9,0.9556,0.5556,0.00023,0.583,0.651,0.651,0.555,1225.7,0.0,1736.4,69.3,5.0,4.0,0.0,0.0,293.6,0.0,0.00,pathseer:9
beir500k-f32,neg40_cat05,neg40,210419,ours-puredos,64,2,9,0.9556,0.5556,0.00023,0.575,0.639,0.639,0.553,1225.7,0.0,1736.4,69.3,5.0,4.0,0.0,0.0,293.6,0.0,0.00,pathseer:9
beir500k-f32,neg40_cat05,neg40,210419,ours-puredos,64,3,9,0.9556,0.5556,0.00023,0.584,0.632,0.632,0.550,1225.7,0.0,1736.4,69.3,5.0,4.0,0.0,0.0,293.6,0.0,0.00,pathseer:9
beir500k-f32,neg40_cat05,neg40,210419,ours-puredos,128,1,9,0.9778,0.7778,0.00009,1.186,1.267,1.267,1.127,2159.2,0.0,2999.7,131.0,6.0,6.0,0.0,0.0,462.3,0.0,0.00,pathseer:9
beir500k-f32,neg40_cat05,neg40,210419,ours-puredos,128,2,9,0.9778,0.7778,0.00009,1.187,1.288,1.288,1.132,2159.2,0.0,2999.7,131.0,6.0,6.0,0.0,0.0,462.3,0.0,0.00,pathseer:9
beir500k-f32,neg40_cat05,neg40,210419,ours-puredos,128,3,9,0.9778,0.7778,0.00009,1.188,1.286,1.286,1.121,2159.2,0.0,2999.7,131.0,6.0,6.0,0.0,0.0,462.3,0.0,0.00,pathseer:9
beir500k-f32,neg40_cat05,neg40,210419,ours-puredos,256,1,9,0.9889,0.8889,0.00003,2.178,2.386,2.386,2.108,3923.0,0.0,5386.4,258.4,15.0,14.0,0.0,0.0,797.9,0.0,0.00,pathseer:9
beir500k-f32,neg40_cat05,neg40,210419,ours-puredos,256,2,9,0.9889,0.8889,0.00003,2.187,2.387,2.387,2.097,3923.0,0.0,5386.4,258.4,15.0,14.0,0.0,0.0,797.9,0.0,0.00,pathseer:9
beir500k-f32,neg40_cat05,neg40,210419,ours-puredos,256,3,9,0.9889,0.8889,0.00003,2.166,2.407,2.407,2.098,3923.0,0.0,5386.4,258.4,15.0,14.0,0.0,0.0,797.9,0.0,0.00,pathseer:9
beir500k-f32,neg40_cat05,neg40,210419,ours-puredos,512,1,9,0.9889,0.8889,0.00003,4.026,4.462,4.462,3.804,6838.6,0.0,9432.9,514.1,30.0,28.0,0.0,0.0,1374.4,0.0,0.00,pathseer:9
beir500k-f32,neg40_cat05,neg40,210419,ours-puredos,512,2,9,0.9889,0.8889,0.00003,4.002,4.425,4.425,3.760,6838.6,0.0,9432.9,514.1,30.0,28.0,0.0,0.0,1374.4,0.0,0.00,pathseer:9
beir500k-f32,neg40_cat05,neg40,210419,ours-puredos,512,3,9,0.9889,0.8889,0.00003,4.023,4.403,4.403,3.755,6838.6,0.0,9432.9,514.1,30.0,28.0,0.0,0.0,1374.4,0.0,0.00,pathseer:9
beir500k-f32,neg40_cat06,neg40,214755,sweeping,64,1,49,0.9653,0.7347,0.00056,14.544,31.539,36.072,15.643,25540.2,0.0,6976.8,4325.9,3.0,180.0,0.0,0.0,0.0,0.0,0.00,sweeping:49
beir500k-f32,neg40_cat06,neg40,214755,sweeping,64,2,49,0.9653,0.7347,0.00056,14.674,32.021,37.140,15.909,25540.2,0.0,6976.8,4325.9,3.0,180.0,0.0,0.0,0.0,0.0,0.00,sweeping:49
beir500k-f32,neg40_cat06,neg40,214755,sweeping,64,3,49,0.9653,0.7347,0.00056,14.563,31.442,37.519,15.723,25540.2,0.0,6976.8,4325.9,3.0,180.0,0.0,0.0,0.0,0.0,0.00,sweeping:49
beir500k-f32,neg40_cat06,neg40,214755,sweeping,128,1,49,0.9857,0.8571,0.00019,20.440,41.808,46.078,21.653,34027.1,0.0,10105.6,6191.7,6.0,324.0,0.0,0.0,0.0,0.0,0.00,sweeping:49
beir500k-f32,neg40_cat06,neg40,214755,sweeping,128,2,49,0.9857,0.8571,0.00019,20.399,41.632,47.016,21.573,34027.1,0.0,10105.6,6191.7,6.0,324.0,0.0,0.0,0.0,0.0,0.00,sweeping:49
beir500k-f32,neg40_cat06,neg40,214755,sweeping,128,3,49,0.9857,0.8571,0.00019,20.372,41.528,45.908,21.604,34027.1,0.0,10105.6,6191.7,6.0,324.0,0.0,0.0,0.0,0.0,0.00,sweeping:49
beir500k-f32,neg40_cat06,neg40,214755,sweeping,256,1,49,0.9939,0.9388,0.00015,29.048,51.782,59.561,29.381,45470.3,0.0,14451.8,8781.3,11.0,552.0,0.0,0.0,0.0,0.0,0.00,sweeping:49
beir500k-f32,neg40_cat06,neg40,214755,sweeping,256,2,49,0.9939,0.9388,0.00015,29.024,51.996,59.541,29.498,45470.3,0.0,14451.8,8781.3,11.0,552.0,0.0,0.0,0.0,0.0,0.00,sweeping:49
beir500k-f32,neg40_cat06,neg40,214755,sweeping,256,3,49,0.9939,0.9388,0.00015,29.148,53.137,59.625,29.642,45470.3,0.0,14451.8,8781.3,11.0,552.0,0.0,0.0,0.0,0.0,0.00,sweeping:49
beir500k-f32,neg40_cat06,neg40,214755,sweeping,512,1,49,0.9980,0.9796,0.00000,38.711,72.044,75.032,40.160,60680.4,0.0,20506.4,12237.7,22.0,1122.0,0.0,0.0,0.0,0.0,0.00,sweeping:49
beir500k-f32,neg40_cat06,neg40,214755,sweeping,512,2,49,0.9980,0.9796,0.00000,38.856,69.571,74.271,40.240,60680.4,0.0,20506.4,12237.7,22.0,1122.0,0.0,0.0,0.0,0.0,0.00,sweeping:49
beir500k-f32,neg40_cat06,neg40,214755,sweeping,512,3,49,0.9980,0.9796,0.00000,38.823,70.503,74.091,40.225,60680.4,0.0,20506.4,12237.7,22.0,1122.0,0.0,0.0,0.0,0.0,0.00,sweeping:49
beir500k-f32,neg40_cat06,neg40,214755,pathseer,64,1,49,0.9449,0.6735,0.00122,3.594,12.498,13.496,4.366,4500.0,0.0,17323.2,2231.6,3.0,147.0,148.9,12.3,11285.0,2.3,0.00,pathseer:49
beir500k-f32,neg40_cat06,neg40,214755,pathseer,64,2,49,0.9449,0.6735,0.00122,3.542,12.303,12.658,4.354,4500.0,0.0,17323.2,2231.6,3.0,147.0,148.9,12.3,11285.0,2.3,0.00,pathseer:49
beir500k-f32,neg40_cat06,neg40,214755,pathseer,64,3,49,0.9449,0.6735,0.00122,3.533,12.301,12.714,4.334,4500.0,0.0,17323.2,2231.6,3.0,147.0,148.9,12.3,11285.0,2.3,0.00,pathseer:49
beir500k-f32,neg40_cat06,neg40,214755,pathseer,128,1,49,0.9776,0.8163,0.00041,6.281,17.048,17.428,7.260,7528.3,0.0,24777.3,3546.4,5.0,283.0,267.8,17.7,15009.6,4.2,0.00,pathseer:49
beir500k-f32,neg40_cat06,neg40,214755,pathseer,128,2,49,0.9776,0.8163,0.00041,6.202,16.823,18.585,7.186,7528.3,0.0,24777.3,3546.4,5.0,283.0,267.8,17.7,15009.6,4.2,0.00,pathseer:49
beir500k-f32,neg40_cat06,neg40,214755,pathseer,128,3,49,0.9776,0.8163,0.00041,6.256,16.604,17.209,7.083,7528.3,0.0,24777.3,3546.4,5.0,283.0,267.8,17.7,15009.6,4.2,0.00,pathseer:49
beir500k-f32,neg40_cat06,neg40,214755,pathseer,256,1,49,0.9898,0.8980,0.00023,10.247,22.867,24.612,11.438,12291.2,0.0,34721.3,5495.8,9.0,545.0,551.2,37.0,19326.3,8.6,0.00,pathseer:49
beir500k-f32,neg40_cat06,neg40,214755,pathseer,256,2,49,0.9898,0.8980,0.00023,10.178,24.177,24.999,11.601,12291.2,0.0,34721.3,5495.8,9.0,545.0,551.2,37.0,19326.3,8.6,0.00,pathseer:49
beir500k-f32,neg40_cat06,neg40,214755,pathseer,256,3,49,0.9898,0.8980,0.00023,10.782,24.165,35.562,12.013,12291.2,0.0,34721.3,5495.8,9.0,545.0,551.2,37.0,19326.3,8.6,0.00,pathseer:49
beir500k-f32,neg40_cat06,neg40,214755,pathseer,512,1,49,0.9959,0.9592,0.00007,17.449,34.265,37.177,18.559,19853.6,0.0,48450.2,8345.1,19.0,1053.0,1172.9,75.6,24524.0,18.3,0.00,pathseer:49
beir500k-f32,neg40_cat06,neg40,214755,pathseer,512,2,49,0.9959,0.9592,0.00007,18.036,33.721,36.246,18.652,19853.6,0.0,48450.2,8345.1,19.0,1053.0,1172.9,75.6,24524.0,18.3,0.00,pathseer:49
beir500k-f32,neg40_cat06,neg40,214755,pathseer,512,3,49,0.9959,0.9592,0.00007,17.979,35.589,36.209,18.636,19853.6,0.0,48450.2,8345.1,19.0,1053.0,1172.9,75.6,24524.0,18.3,0.00,pathseer:49
beir500k-f32,neg40_cat06,neg40,214755,ours-no-twohop,64,1,49,0.9449,0.6735,0.00117,4.197,12.476,13.413,4.795,4756.0,0.0,17998.0,2355.2,3.0,180.0,0.0,0.0,11718.2,0.0,0.00,pathseer:49
beir500k-f32,neg40_cat06,neg40,214755,ours-no-twohop,64,2,49,0.9449,0.6735,0.00117,4.161,12.776,13.314,4.665,4756.0,0.0,17998.0,2355.2,3.0,180.0,0.0,0.0,11718.2,0.0,0.00,pathseer:49
beir500k-f32,neg40_cat06,neg40,214755,ours-no-twohop,64,3,49,0.9449,0.6735,0.00117,4.147,12.475,13.581,4.703,4756.0,0.0,17998.0,2355.2,3.0,180.0,0.0,0.0,11718.2,0.0,0.00,pathseer:49
beir500k-f32,neg40_cat06,neg40,214755,ours-no-twohop,128,1,49,0.9755,0.7959,0.00041,7.152,17.286,17.676,7.600,7847.0,0.0,25295.3,3698.3,6.0,324.0,0.0,0.0,15307.8,0.0,0.00,pathseer:49
beir500k-f32,neg40_cat06,neg40,214755,ours-no-twohop,128,2,49,0.9755,0.7959,0.00041,7.149,17.049,17.733,7.650,7847.0,0.0,25295.3,3698.3,6.0,324.0,0.0,0.0,15307.8,0.0,0.00,pathseer:49
beir500k-f32,neg40_cat06,neg40,214755,ours-no-twohop,128,3,49,0.9755,0.7959,0.00041,6.823,17.393,17.633,7.564,7847.0,0.0,25295.3,3698.3,6.0,324.0,0.0,0.0,15307.8,0.0,0.00,pathseer:49
beir500k-f32,neg40_cat06,neg40,214755,ours-no-twohop,256,1,49,0.9878,0.8776,0.00024,11.397,23.954,27.990,12.643,12707.7,0.0,35062.7,5674.1,11.0,552.0,0.0,0.0,19585.3,0.0,0.00,pathseer:49
beir500k-f32,neg40_cat06,neg40,214755,ours-no-twohop,256,2,49,0.9878,0.8776,0.00024,11.108,23.279,24.790,12.064,12707.7,0.0,35062.7,5674.1,11.0,552.0,0.0,0.0,19585.3,0.0,0.00,pathseer:49
beir500k-f32,neg40_cat06,neg40,214755,ours-no-twohop,256,3,49,0.9878,0.8776,0.00024,11.126,23.335,25.649,11.866,12707.7,0.0,35062.7,5674.1,11.0,552.0,0.0,0.0,19585.3,0.0,0.00,pathseer:49
beir500k-f32,neg40_cat06,neg40,214755,ours-no-twohop,512,1,49,0.9939,0.9388,0.00008,18.132,33.827,35.101,18.708,20416.0,0.0,48385.8,8562.6,22.0,1122.0,0.0,0.0,24737.6,0.0,0.00,pathseer:49
beir500k-f32,neg40_cat06,neg40,214755,ours-no-twohop,512,2,49,0.9939,0.9388,0.00008,18.226,33.319,35.694,18.700,20416.0,0.0,48385.8,8562.6,22.0,1122.0,0.0,0.0,24737.6,0.0,0.00,pathseer:49
beir500k-f32,neg40_cat06,neg40,214755,ours-no-twohop,512,3,49,0.9939,0.9388,0.00008,17.908,33.456,35.042,18.710,20416.0,0.0,48385.8,8562.6,22.0,1122.0,0.0,0.0,24737.6,0.0,0.00,pathseer:49
beir500k-f32,neg40_cat06,neg40,214755,ours-guard,64,1,49,0.9408,0.6531,0.00122,3.846,11.898,12.297,4.343,4397.8,0.0,16318.9,2339.0,3.0,180.0,0.0,0.0,11822.6,0.0,0.00,pathseer:49
beir500k-f32,neg40_cat06,neg40,214755,ours-guard,64,2,49,0.9408,0.6531,0.00122,3.967,12.110,12.455,4.441,4397.8,0.0,16318.9,2339.0,3.0,180.0,0.0,0.0,11822.6,0.0,0.00,pathseer:49
beir500k-f32,neg40_cat06,neg40,214755,ours-guard,64,3,49,0.9408,0.6531,0.00122,3.849,12.118,12.492,4.347,4397.8,0.0,16318.9,2339.0,3.0,180.0,0.0,0.0,11822.6,0.0,0.00,pathseer:49
beir500k-f32,neg40_cat06,neg40,214755,ours-guard,128,1,49,0.9735,0.7755,0.00044,6.226,16.389,17.867,7.055,7255.1,0.0,22989.4,3676.6,6.0,324.0,0.0,0.0,15543.9,0.0,0.00,pathseer:49
beir500k-f32,neg40_cat06,neg40,214755,ours-guard,128,2,49,0.9735,0.7755,0.00044,6.302,16.743,18.212,7.190,7255.1,0.0,22989.4,3676.6,6.0,324.0,0.0,0.0,15543.9,0.0,0.00,pathseer:49
beir500k-f32,neg40_cat06,neg40,214755,ours-guard,128,3,49,0.9735,0.7755,0.00044,6.308,16.235,16.786,7.028,7255.1,0.0,22989.4,3676.6,6.0,324.0,0.0,0.0,15543.9,0.0,0.00,pathseer:49
beir500k-f32,neg40_cat06,neg40,214755,ours-guard,256,1,49,0.9878,0.8776,0.00024,10.350,22.651,24.001,11.271,11730.6,0.0,32023.0,5634.2,11.0,552.0,0.0,0.0,19926.8,0.0,0.00,pathseer:49
beir500k-f32,neg40_cat06,neg40,214755,ours-guard,256,2,49,0.9878,0.8776,0.00024,10.763,22.748,24.016,11.432,11730.6,0.0,32023.0,5634.2,11.0,552.0,0.0,0.0,19926.8,0.0,0.00,pathseer:49
beir500k-f32,neg40_cat06,neg40,214755,ours-guard,256,3,49,0.9878,0.8776,0.00024,10.186,22.513,24.166,11.275,11730.6,0.0,32023.0,5634.2,11.0,552.0,0.0,0.0,19926.8,0.0,0.00,pathseer:49
beir500k-f32,neg40_cat06,neg40,214755,ours-guard,512,1,49,0.9939,0.9388,0.00008,17.230,32.547,34.268,17.846,18835.2,0.0,44844.8,8493.7,22.0,1122.0,0.0,0.0,25307.5,0.0,0.00,pathseer:49
beir500k-f32,neg40_cat06,neg40,214755,ours-guard,512,2,49,0.9939,0.9388,0.00008,17.197,32.414,34.435,17.734,18835.2,0.0,44844.8,8493.7,22.0,1122.0,0.0,0.0,25307.5,0.0,0.00,pathseer:49
beir500k-f32,neg40_cat06,neg40,214755,ours-guard,512,3,49,0.9939,0.9388,0.00008,17.328,32.960,34.643,17.975,18835.2,0.0,44844.8,8493.7,22.0,1122.0,0.0,0.0,25307.5,0.0,0.00,pathseer:49
beir500k-f32,neg40_cat06,neg40,214755,ours-puredos,64,1,9,0.3000,0.1111,0.00106,0.031,0.314,0.314,0.108,223.9,0.0,587.0,24.0,10.0,9.0,0.0,0.0,306.0,0.0,0.00,pathseer:9
beir500k-f32,neg40_cat06,neg40,214755,ours-puredos,64,2,9,0.3000,0.1111,0.00106,0.030,0.333,0.333,0.109,223.9,0.0,587.0,24.0,10.0,9.0,0.0,0.0,306.0,0.0,0.00,pathseer:9
beir500k-f32,neg40_cat06,neg40,214755,ours-puredos,64,3,9,0.3000,0.1111,0.00106,0.032,0.315,0.315,0.108,223.9,0.0,587.0,24.0,10.0,9.0,0.0,0.0,306.0,0.0,0.00,pathseer:9
beir500k-f32,neg40_cat06,neg40,214755,ours-puredos,128,1,9,0.3111,0.2222,0.00044,0.036,0.676,0.676,0.208,443.8,0.0,1057.3,44.4,21.0,17.0,0.0,0.0,510.8,0.0,0.00,pathseer:9
beir500k-f32,neg40_cat06,neg40,214755,ours-puredos,128,2,9,0.3111,0.2222,0.00044,0.036,0.664,0.664,0.207,443.8,0.0,1057.3,44.4,21.0,17.0,0.0,0.0,510.8,0.0,0.00,pathseer:9
beir500k-f32,neg40_cat06,neg40,214755,ours-puredos,128,3,9,0.3111,0.2222,0.00044,0.037,0.663,0.663,0.209,443.8,0.0,1057.3,44.4,21.0,17.0,0.0,0.0,510.8,0.0,0.00,pathseer:9
beir500k-f32,neg40_cat06,neg40,214755,ours-puredos,256,1,9,0.3111,0.2222,0.00044,0.050,1.388,1.388,0.447,902.2,0.0,1927.2,86.7,39.0,33.0,0.0,0.0,818.7,0.0,0.00,pathseer:9
beir500k-f32,neg40_cat06,neg40,214755,ours-puredos,256,2,9,0.3111,0.2222,0.00044,0.046,1.523,1.523,0.450,902.2,0.0,1927.2,86.7,39.0,33.0,0.0,0.0,818.7,0.0,0.00,pathseer:9
beir500k-f32,neg40_cat06,neg40,214755,ours-puredos,256,3,9,0.3111,0.2222,0.00044,0.043,1.371,1.371,0.416,902.2,0.0,1927.2,86.7,39.0,33.0,0.0,0.0,818.7,0.0,0.00,pathseer:9
beir500k-f32,neg40_cat06,neg40,214755,ours-puredos,512,1,9,0.3333,0.3333,0.00000,0.053,3.182,3.182,0.991,1714.8,0.0,3506.7,172.0,58.0,55.0,0.0,0.0,1386.9,0.0,0.00,pathseer:9
beir500k-f32,neg40_cat06,neg40,214755,ours-puredos,512,2,9,0.3333,0.3333,0.00000,0.060,3.389,3.389,1.021,1714.8,0.0,3506.7,172.0,58.0,55.0,0.0,0.0,1386.9,0.0,0.00,pathseer:9
beir500k-f32,neg40_cat06,neg40,214755,ours-puredos,512,3,9,0.3333,0.3333,0.00000,0.053,3.236,3.236,0.996,1714.8,0.0,3506.7,172.0,58.0,55.0,0.0,0.0,1386.9,0.0,0.00,pathseer:9
beir500k-f32,neg40_cat07,neg40,227993,sweeping,64,1,41,0.9927,0.9268,0.00023,5.209,12.066,14.614,6.087,11561.8,0.0,1953.1,983.6,3.0,25.0,0.0,0.0,0.0,0.0,0.00,sweeping:41
beir500k-f32,neg40_cat07,neg40,227993,sweeping,64,2,41,0.9927,0.9268,0.00023,5.196,12.124,14.692,6.091,11561.8,0.0,1953.1,983.6,3.0,25.0,0.0,0.0,0.0,0.0,0.00,sweeping:41
beir500k-f32,neg40_cat07,neg40,227993,sweeping,64,3,41,0.9927,0.9268,0.00023,5.180,11.947,14.926,6.090,11561.8,0.0,1953.1,983.6,3.0,25.0,0.0,0.0,0.0,0.0,0.00,sweeping:41
beir500k-f32,neg40_cat07,neg40,227993,sweeping,128,1,41,0.9976,0.9756,0.00009,8.676,17.489,20.047,9.293,16954.9,0.0,3084.0,1546.8,5.0,44.0,0.0,0.0,0.0,0.0,0.00,sweeping:41
beir500k-f32,neg40_cat07,neg40,227993,sweeping,128,2,41,0.9976,0.9756,0.00009,8.719,19.615,28.866,10.015,16954.9,0.0,3084.0,1546.8,5.0,44.0,0.0,0.0,0.0,0.0,0.00,sweeping:41
beir500k-f32,neg40_cat07,neg40,227993,sweeping,128,3,41,0.9976,0.9756,0.00009,8.703,17.333,20.267,9.192,16954.9,0.0,3084.0,1546.8,5.0,44.0,0.0,0.0,0.0,0.0,0.00,sweeping:41
beir500k-f32,neg40_cat07,neg40,227993,sweeping,256,1,41,1.0000,1.0000,0.00000,12.880,23.779,29.265,13.730,24887.1,0.0,4910.9,2444.3,10.0,80.0,0.0,0.0,0.0,0.0,0.00,sweeping:41
beir500k-f32,neg40_cat07,neg40,227993,sweeping,256,2,41,1.0000,1.0000,0.00000,13.352,24.017,29.099,13.817,24887.1,0.0,4910.9,2444.3,10.0,80.0,0.0,0.0,0.0,0.0,0.00,sweeping:41
beir500k-f32,neg40_cat07,neg40,227993,sweeping,256,3,41,1.0000,1.0000,0.00000,12.908,24.211,29.024,13.830,24887.1,0.0,4910.9,2444.3,10.0,80.0,0.0,0.0,0.0,0.0,0.00,sweeping:41
beir500k-f32,neg40_cat07,neg40,227993,sweeping,512,1,41,1.0000,1.0000,0.00000,19.495,34.014,39.890,20.656,36456.3,0.0,7774.8,3853.4,20.0,192.0,0.0,0.0,0.0,0.0,0.00,sweeping:41
beir500k-f32,neg40_cat07,neg40,227993,sweeping,512,2,41,1.0000,1.0000,0.00000,19.486,34.109,40.539,20.739,36456.3,0.0,7774.8,3853.4,20.0,192.0,0.0,0.0,0.0,0.0,0.00,sweeping:41
beir500k-f32,neg40_cat07,neg40,227993,sweeping,512,3,41,1.0000,1.0000,0.00000,19.549,33.638,40.043,20.616,36456.3,0.0,7774.8,3853.4,20.0,192.0,0.0,0.0,0.0,0.0,0.00,sweeping:41
beir500k-f32,neg40_cat07,neg40,227993,pathseer,64,1,41,0.9659,0.7561,0.00067,1.385,2.913,3.205,1.592,2384.1,0.0,5468.2,388.6,3.0,12.0,114.0,28.9,3713.2,1.8,0.00,pathseer:41
beir500k-f32,neg40_cat07,neg40,227993,pathseer,64,2,41,0.9659,0.7561,0.00067,1.413,2.893,3.184,1.598,2384.1,0.0,5468.2,388.6,3.0,12.0,114.0,28.9,3713.2,1.8,0.00,pathseer:41
beir500k-f32,neg40_cat07,neg40,227993,pathseer,64,3,41,0.9659,0.7561,0.00067,1.370,2.882,3.091,1.580,2384.1,0.0,5468.2,388.6,3.0,12.0,114.0,28.9,3713.2,1.8,0.00,pathseer:41
beir500k-f32,neg40_cat07,neg40,227993,pathseer,128,1,41,0.9805,0.8537,0.00042,2.611,4.697,5.382,2.846,4294.3,0.0,8789.9,709.7,4.0,25.0,199.8,49.1,5667.7,3.1,0.00,pathseer:41
beir500k-f32,neg40_cat07,neg40,227993,pathseer,128,2,41,0.9805,0.8537,0.00042,2.571,4.731,5.295,2.839,4294.3,0.0,8789.9,709.7,4.0,25.0,199.8,49.1,5667.7,3.1,0.00,pathseer:41
beir500k-f32,neg40_cat07,neg40,227993,pathseer,128,3,41,0.9805,0.8537,0.00042,2.574,4.718,5.243,2.831,4294.3,0.0,8789.9,709.7,4.0,25.0,199.8,49.1,5667.7,3.1,0.00,pathseer:41
beir500k-f32,neg40_cat07,neg40,227993,pathseer,256,1,41,0.9976,0.9756,0.00004,4.670,8.321,8.556,5.028,7502.3,0.0,13848.7,1251.4,7.0,64.0,398.0,91.5,8438.9,6.2,0.00,pathseer:41
beir500k-f32,neg40_cat07,neg40,227993,pathseer,256,2,41,0.9976,0.9756,0.00004,4.770,8.073,8.549,5.013,7502.3,0.0,13848.7,1251.4,7.0,64.0,398.0,91.5,8438.9,6.2,0.00,pathseer:41
beir500k-f32,neg40_cat07,neg40,227993,pathseer,256,3,41,0.9976,0.9756,0.00004,4.819,8.214,8.518,5.077,7502.3,0.0,13848.7,1251.4,7.0,64.0,398.0,91.5,8438.9,6.2,0.00,pathseer:41
beir500k-f32,neg40_cat07,neg40,227993,pathseer,512,1,41,1.0000,1.0000,0.00000,8.348,13.591,14.359,8.657,12846.3,0.0,21383.5,2163.6,14.0,114.0,833.6,182.4,12166.1,13.0,0.00,pathseer:41
beir500k-f32,neg40_cat07,neg40,227993,pathseer,512,2,41,1.0000,1.0000,0.00000,8.311,13.219,13.885,8.603,12846.3,0.0,21383.5,2163.6,14.0,114.0,833.6,182.4,12166.1,13.0,0.00,pathseer:41
beir500k-f32,neg40_cat07,neg40,227993,pathseer,512,3,41,1.0000,1.0000,0.00000,8.312,13.068,13.914,8.592,12846.3,0.0,21383.5,2163.6,14.0,114.0,833.6,182.4,12166.1,13.0,0.00,pathseer:41
beir500k-f32,neg40_cat07,neg40,227993,ours-no-twohop,64,1,41,0.9756,0.8049,0.00054,1.644,3.182,3.540,1.787,2584.4,0.0,6085.0,453.3,3.0,25.0,0.0,0.0,4168.6,0.0,0.00,pathseer:41
beir500k-f32,neg40_cat07,neg40,227993,ours-no-twohop,64,2,41,0.9756,0.8049,0.00054,1.639,3.086,3.325,1.745,2584.4,0.0,6085.0,453.3,3.0,25.0,0.0,0.0,4168.6,0.0,0.00,pathseer:41
beir500k-f32,neg40_cat07,neg40,227993,ours-no-twohop,64,3,41,0.9756,0.8049,0.00054,1.624,3.107,3.351,1.754,2584.4,0.0,6085.0,453.3,3.0,25.0,0.0,0.0,4168.6,0.0,0.00,pathseer:41
beir500k-f32,neg40_cat07,neg40,227993,ours-no-twohop,128,1,41,0.9902,0.9268,0.00020,2.908,5.180,5.432,3.082,4591.1,0.0,9571.4,801.6,5.0,44.0,0.0,0.0,6225.5,0.0,0.00,pathseer:41
beir500k-f32,neg40_cat07,neg40,227993,ours-no-twohop,128,2,41,0.9902,0.9268,0.00020,2.869,5.032,5.465,3.071,4591.1,0.0,9571.4,801.6,5.0,44.0,0.0,0.0,6225.5,0.0,0.00,pathseer:41
beir500k-f32,neg40_cat07,neg40,227993,ours-no-twohop,128,3,41,0.9902,0.9268,0.00020,2.860,5.088,5.515,3.085,4591.1,0.0,9571.4,801.6,5.0,44.0,0.0,0.0,6225.5,0.0,0.00,pathseer:41
beir500k-f32,neg40_cat07,neg40,227993,ours-no-twohop,256,1,41,0.9976,0.9756,0.00004,5.200,8.698,8.768,5.379,7908.2,0.0,14648.7,1389.0,10.0,80.0,0.0,0.0,9037.1,0.0,0.00,pathseer:41
beir500k-f32,neg40_cat07,neg40,227993,ours-no-twohop,256,2,41,0.9976,0.9756,0.00004,5.145,8.523,8.745,5.315,7908.2,0.0,14648.7,1389.0,10.0,80.0,0.0,0.0,9037.1,0.0,0.00,pathseer:41
beir500k-f32,neg40_cat07,neg40,227993,ours-no-twohop,256,3,41,0.9976,0.9756,0.00004,5.145,8.693,8.895,5.388,7908.2,0.0,14648.7,1389.0,10.0,80.0,0.0,0.0,9037.1,0.0,0.00,pathseer:41
beir500k-f32,neg40_cat07,neg40,227993,ours-no-twohop,512,1,41,1.0000,1.0000,0.00000,9.108,13.745,14.538,9.187,13576.5,0.0,22429.1,2406.1,20.0,192.0,0.0,0.0,12950.6,0.0,0.00,pathseer:41
beir500k-f32,neg40_cat07,neg40,227993,ours-no-twohop,512,2,41,1.0000,1.0000,0.00000,9.002,13.788,15.859,9.255,13576.5,0.0,22429.1,2406.1,20.0,192.0,0.0,0.0,12950.6,0.0,0.00,pathseer:41
beir500k-f32,neg40_cat07,neg40,227993,ours-no-twohop,512,3,41,1.0000,1.0000,0.00000,9.140,14.124,14.528,9.301,13576.5,0.0,22429.1,2406.1,20.0,192.0,0.0,0.0,12950.6,0.0,0.00,pathseer:41
beir500k-f32,neg40_cat07,neg40,227993,ours-guard,64,1,41,0.9634,0.7561,0.00077,1.537,2.936,3.323,1.551,2160.6,0.0,6414.6,430.2,3.0,25.0,0.0,0.0,4142.8,0.0,0.00,pathseer:41
beir500k-f32,neg40_cat07,neg40,227993,ours-guard,64,2,41,0.9634,0.7561,0.00077,1.507,2.940,3.196,1.551,2160.6,0.0,6414.6,430.2,3.0,25.0,0.0,0.0,4142.8,0.0,0.00,pathseer:41
beir500k-f32,neg40_cat07,neg40,227993,ours-guard,64,3,41,0.9634,0.7561,0.00077,1.500,2.944,3.177,1.541,2160.6,0.0,6414.6,430.2,3.0,25.0,0.0,0.0,4142.8,0.0,0.00,pathseer:41
beir500k-f32,neg40_cat07,neg40,227993,ours-guard,128,1,41,0.9878,0.9024,0.00020,2.674,4.833,5.321,2.790,3921.3,0.0,10460.0,767.5,5.0,44.0,0.0,0.0,6327.2,0.0,0.00,pathseer:41
beir500k-f32,neg40_cat07,neg40,227993,ours-guard,128,2,41,0.9878,0.9024,0.00020,2.664,4.787,5.328,2.775,3921.3,0.0,10460.0,767.5,5.0,44.0,0.0,0.0,6327.2,0.0,0.00,pathseer:41
beir500k-f32,neg40_cat07,neg40,227993,ours-guard,128,3,41,0.9878,0.9024,0.00020,2.707,4.998,5.335,2.816,3921.3,0.0,10460.0,767.5,5.0,44.0,0.0,0.0,6327.2,0.0,0.00,pathseer:41
beir500k-f32,neg40_cat07,neg40,227993,ours-guard,256,1,41,0.9951,0.9512,0.00008,4.704,8.037,8.482,4.844,6856.7,0.0,16635.7,1339.5,10.0,80.0,0.0,0.0,9381.6,0.0,0.00,pathseer:41
beir500k-f32,neg40_cat07,neg40,227993,ours-guard,256,2,41,0.9951,0.9512,0.00008,4.755,8.074,8.455,4.841,6856.7,0.0,16635.7,1339.5,10.0,80.0,0.0,0.0,9381.6,0.0,0.00,pathseer:41
beir500k-f32,neg40_cat07,neg40,227993,ours-guard,256,3,41,0.9951,0.9512,0.00008,4.747,8.110,8.457,4.829,6856.7,0.0,16635.7,1339.5,10.0,80.0,0.0,0.0,9381.6,0.0,0.00,pathseer:41
beir500k-f32,neg40_cat07,neg40,227993,ours-guard,512,1,41,0.9976,0.9756,0.00005,8.187,13.125,13.915,8.472,11945.7,0.0,26291.1,2331.3,20.0,192.0,0.0,0.0,13610.3,0.0,0.00,pathseer:41
beir500k-f32,neg40_cat07,neg40,227993,ours-guard,512,2,41,0.9976,0.9756,0.00005,8.244,12.978,14.009,8.475,11945.7,0.0,26291.1,2331.3,20.0,192.0,0.0,0.0,13610.3,0.0,0.00,pathseer:41
beir500k-f32,neg40_cat07,neg40,227993,ours-guard,512,3,41,0.9976,0.9756,0.00005,8.425,13.762,14.623,8.638,11945.7,0.0,26291.1,2331.3,20.0,192.0,0.0,0.0,13610.3,0.0,0.00,pathseer:41
beir500k-f32,neg40_cat07,neg40,227993,ours-puredos,64,1,9,0.5889,0.1111,0.00773,0.493,0.664,0.664,0.439,970.7,0.0,1597.3,55.6,6.0,6.0,0.0,0.0,456.1,0.0,0.00,pathseer:9
beir500k-f32,neg40_cat07,neg40,227993,ours-puredos,64,2,9,0.5889,0.1111,0.00773,0.500,0.646,0.646,0.438,970.7,0.0,1597.3,55.6,6.0,6.0,0.0,0.0,456.1,0.0,0.00,pathseer:9
beir500k-f32,neg40_cat07,neg40,227993,ours-puredos,64,3,9,0.5889,0.1111,0.00773,0.509,0.647,0.647,0.432,970.7,0.0,1597.3,55.6,6.0,6.0,0.0,0.0,456.1,0.0,0.00,pathseer:9
beir500k-f32,neg40_cat07,neg40,227993,ours-puredos,128,1,9,0.6778,0.1111,0.00258,1.108,1.448,1.448,0.944,1754.3,0.0,2899.3,105.4,9.0,9.0,0.0,0.0,827.4,0.0,0.00,pathseer:9
beir500k-f32,neg40_cat07,neg40,227993,ours-puredos,128,2,9,0.6778,0.1111,0.00258,1.095,1.446,1.446,0.940,1754.3,0.0,2899.3,105.4,9.0,9.0,0.0,0.0,827.4,0.0,0.00,pathseer:9
beir500k-f32,neg40_cat07,neg40,227993,ours-puredos,128,3,9,0.6778,0.1111,0.00258,1.117,1.431,1.431,0.943,1754.3,0.0,2899.3,105.4,9.0,9.0,0.0,0.0,827.4,0.0,0.00,pathseer:9
beir500k-f32,neg40_cat07,neg40,227993,ours-puredos,256,1,9,0.6889,0.2222,0.00209,2.004,2.799,2.799,1.748,3061.6,0.0,5046.6,202.6,17.0,15.0,0.0,0.0,1404.0,0.0,0.00,pathseer:9
beir500k-f32,neg40_cat07,neg40,227993,ours-puredos,256,2,9,0.6889,0.2222,0.00209,1.952,2.813,2.813,1.733,3061.6,0.0,5046.6,202.6,17.0,15.0,0.0,0.0,1404.0,0.0,0.00,pathseer:9
beir500k-f32,neg40_cat07,neg40,227993,ours-puredos,256,3,9,0.6889,0.2222,0.00209,1.946,2.777,2.777,1.711,3061.6,0.0,5046.6,202.6,17.0,15.0,0.0,0.0,1404.0,0.0,0.00,pathseer:9
beir500k-f32,neg40_cat07,neg40,227993,ours-puredos,512,1,9,0.7222,0.3333,0.00145,3.391,5.056,5.056,3.095,5428.0,0.0,8783.0,401.4,30.0,29.0,0.0,0.0,2312.1,0.0,0.00,pathseer:9
beir500k-f32,neg40_cat07,neg40,227993,ours-puredos,512,2,9,0.7222,0.3333,0.00145,3.406,5.146,5.146,3.101,5428.0,0.0,8783.0,401.4,30.0,29.0,0.0,0.0,2312.1,0.0,0.00,pathseer:9
beir500k-f32,neg40_cat07,neg40,227993,ours-puredos,512,3,9,0.7222,0.3333,0.00145,3.388,5.041,5.041,3.074,5428.0,0.0,8783.0,401.4,30.0,29.0,0.0,0.0,2312.1,0.0,0.00,pathseer:9
beir500k-f32,neg40_cat08,neg40,220050,sweeping,64,1,52,0.9904,0.9231,0.00015,11.122,21.997,22.388,12.171,19749.1,0.0,5324.3,3295.9,3.0,78.0,0.0,0.0,0.0,0.0,0.00,sweeping:52
beir500k-f32,neg40_cat08,neg40,220050,sweeping,64,2,52,0.9904,0.9231,0.00015,11.045,21.868,22.301,12.024,19749.1,0.0,5324.3,3295.9,3.0,78.0,0.0,0.0,0.0,0.0,0.00,sweeping:52
beir500k-f32,neg40_cat08,neg40,220050,sweeping,64,3,52,0.9904,0.9231,0.00015,11.010,21.993,22.816,12.121,19749.1,0.0,5324.3,3295.9,3.0,78.0,0.0,0.0,0.0,0.0,0.00,sweeping:52
beir500k-f32,neg40_cat08,neg40,220050,sweeping,128,1,52,0.9981,0.9808,0.00003,15.020,26.112,27.153,15.908,25080.2,0.0,7523.0,4697.5,5.0,145.0,0.0,0.0,0.0,0.0,0.00,sweeping:52
beir500k-f32,neg40_cat08,neg40,220050,sweeping,128,2,52,0.9981,0.9808,0.00003,16.179,26.830,27.697,16.111,25080.2,0.0,7523.0,4697.5,5.0,145.0,0.0,0.0,0.0,0.0,0.00,sweeping:52
beir500k-f32,neg40_cat08,neg40,220050,sweeping,128,3,52,0.9981,0.9808,0.00003,14.999,25.934,27.259,16.024,25080.2,0.0,7523.0,4697.5,5.0,145.0,0.0,0.0,0.0,0.0,0.00,sweeping:52
beir500k-f32,neg40_cat08,neg40,220050,sweeping,256,1,52,1.0000,1.0000,0.00000,21.821,32.896,33.781,21.276,32335.2,0.0,10472.7,6648.6,10.0,320.0,0.0,0.0,0.0,0.0,0.00,sweeping:52
beir500k-f32,neg40_cat08,neg40,220050,sweeping,256,2,52,1.0000,1.0000,0.00000,21.976,33.625,33.766,21.346,32335.2,0.0,10472.7,6648.6,10.0,320.0,0.0,0.0,0.0,0.0,0.00,sweeping:52
beir500k-f32,neg40_cat08,neg40,220050,sweeping,256,3,52,1.0000,1.0000,0.00000,21.729,32.501,34.451,21.378,32335.2,0.0,10472.7,6648.6,10.0,320.0,0.0,0.0,0.0,0.0,0.00,sweeping:52
beir500k-f32,neg40_cat08,neg40,220050,sweeping,512,1,52,1.0000,1.0000,0.00000,28.928,40.186,41.627,28.730,42339.8,0.0,14428.1,9264.4,20.0,635.0,0.0,0.0,0.0,0.0,0.00,sweeping:52
beir500k-f32,neg40_cat08,neg40,220050,sweeping,512,2,52,1.0000,1.0000,0.00000,28.503,39.851,41.229,28.647,42339.8,0.0,14428.1,9264.4,20.0,635.0,0.0,0.0,0.0,0.0,0.00,sweeping:52
beir500k-f32,neg40_cat08,neg40,220050,sweeping,512,3,52,1.0000,1.0000,0.00000,28.651,40.252,40.858,28.659,42339.8,0.0,14428.1,9264.4,20.0,635.0,0.0,0.0,0.0,0.0,0.00,sweeping:52
beir500k-f32,neg40_cat08,neg40,220050,pathseer,64,1,52,0.9827,0.8846,0.00017,2.645,6.712,7.079,3.189,3716.7,0.0,13318.8,1390.3,3.0,65.0,128.0,15.9,9020.8,2.0,0.00,pathseer:52
beir500k-f32,neg40_cat08,neg40,220050,pathseer,64,2,52,0.9827,0.8846,0.00017,2.697,6.921,6.970,3.238,3716.7,0.0,13318.8,1390.3,3.0,65.0,128.0,15.9,9020.8,2.0,0.00,pathseer:52
beir500k-f32,neg40_cat08,neg40,220050,pathseer,64,3,52,0.9827,0.8846,0.00017,2.691,6.860,7.041,3.269,3716.7,0.0,13318.8,1390.3,3.0,65.0,128.0,15.9,9020.8,2.0,0.00,pathseer:52
beir500k-f32,neg40_cat08,neg40,220050,pathseer,128,1,52,0.9962,0.9615,0.00004,4.794,10.408,11.583,5.428,6311.2,0.0,18585.0,2350.7,4.0,117.0,222.8,28.7,11404.4,3.5,0.00,pathseer:52
beir500k-f32,neg40_cat08,neg40,220050,pathseer,128,2,52,0.9962,0.9615,0.00004,4.780,10.445,11.516,5.419,6311.2,0.0,18585.0,2350.7,4.0,117.0,222.8,28.7,11404.4,3.5,0.00,pathseer:52
beir500k-f32,neg40_cat08,neg40,220050,pathseer,128,3,52,0.9962,0.9615,0.00004,4.831,10.509,11.546,5.405,6311.2,0.0,18585.0,2350.7,4.0,117.0,222.8,28.7,11404.4,3.5,0.00,pathseer:52
beir500k-f32,neg40_cat08,neg40,220050,pathseer,256,1,52,1.0000,1.0000,0.00000,7.849,16.162,16.735,8.975,10488.5,0.0,25733.9,3838.3,8.0,244.0,438.2,57.9,14063.7,6.8,0.00,pathseer:52
beir500k-f32,neg40_cat08,neg40,220050,pathseer,256,2,52,1.0000,1.0000,0.00000,7.854,16.420,17.108,9.091,10488.5,0.0,25733.9,3838.3,8.0,244.0,438.2,57.9,14063.7,6.8,0.00,pathseer:52
beir500k-f32,neg40_cat08,neg40,220050,pathseer,256,3,52,1.0000,1.0000,0.00000,7.909,16.151,17.419,9.028,10488.5,0.0,25733.9,3838.3,8.0,244.0,438.2,57.9,14063.7,6.8,0.00,pathseer:52
beir500k-f32,neg40_cat08,neg40,220050,pathseer,512,1,52,1.0000,1.0000,0.00000,13.314,24.631,25.475,14.561,17076.8,0.0,35328.2,6084.8,16.0,525.0,944.0,113.7,16795.9,14.8,0.00,pathseer:52
beir500k-f32,neg40_cat08,neg40,220050,pathseer,512,2,52,1.0000,1.0000,0.00000,13.553,24.062,24.613,14.536,17076.8,0.0,35328.2,6084.8,16.0,525.0,944.0,113.7,16795.9,14.8,0.00,pathseer:52
beir500k-f32,neg40_cat08,neg40,220050,pathseer,512,3,52,1.0000,1.0000,0.00000,13.577,24.320,24.699,14.585,17076.8,0.0,35328.2,6084.8,16.0,525.0,944.0,113.7,16795.9,14.8,0.00,pathseer:52
beir500k-f32,neg40_cat08,neg40,220050,ours-no-twohop,64,1,52,0.9827,0.8846,0.00018,2.685,6.662,7.094,3.415,3914.9,0.0,13844.8,1479.1,3.0,78.0,0.0,0.0,9368.1,0.0,0.00,pathseer:52
beir500k-f32,neg40_cat08,neg40,220050,ours-no-twohop,64,2,52,0.9827,0.8846,0.00018,2.748,6.775,6.982,3.414,3914.9,0.0,13844.8,1479.1,3.0,78.0,0.0,0.0,9368.1,0.0,0.00,pathseer:52
beir500k-f32,neg40_cat08,neg40,220050,ours-no-twohop,64,3,52,0.9827,0.8846,0.00018,2.678,6.651,6.912,3.368,3914.9,0.0,13844.8,1479.1,3.0,78.0,0.0,0.0,9368.1,0.0,0.00,pathseer:52
beir500k-f32,neg40_cat08,neg40,220050,ours-no-twohop,128,1,52,0.9962,0.9615,0.00004,5.097,11.500,12.243,5.966,6650.4,0.0,19320.9,2505.2,5.0,145.0,0.0,0.0,11842.3,0.0,0.00,pathseer:52
beir500k-f32,neg40_cat08,neg40,220050,ours-no-twohop,128,2,52,0.9962,0.9615,0.00004,5.327,11.507,12.660,6.019,6650.4,0.0,19320.9,2505.2,5.0,145.0,0.0,0.0,11842.3,0.0,0.00,pathseer:52
beir500k-f32,neg40_cat08,neg40,220050,ours-no-twohop,128,3,52,0.9962,0.9615,0.00004,5.264,11.248,12.095,5.987,6650.4,0.0,19320.9,2505.2,5.0,145.0,0.0,0.0,11842.3,0.0,0.00,pathseer:52
beir500k-f32,neg40_cat08,neg40,220050,ours-no-twohop,256,1,52,1.0000,1.0000,0.00000,8.747,17.011,17.713,9.704,11028.0,0.0,26568.3,4070.6,10.0,320.0,0.0,0.0,14520.7,0.0,0.00,pathseer:52
beir500k-f32,neg40_cat08,neg40,220050,ours-no-twohop,256,2,52,1.0000,1.0000,0.00000,8.790,16.640,17.706,9.694,11028.0,0.0,26568.3,4070.6,10.0,320.0,0.0,0.0,14520.7,0.0,0.00,pathseer:52
beir500k-f32,neg40_cat08,neg40,220050,ours-no-twohop,256,3,52,1.0000,1.0000,0.00000,8.979,17.013,17.291,9.685,11028.0,0.0,26568.3,4070.6,10.0,320.0,0.0,0.0,14520.7,0.0,0.00,pathseer:52
beir500k-f32,neg40_cat08,neg40,220050,ours-no-twohop,512,1,52,1.0000,1.0000,0.00000,14.718,24.607,25.231,15.505,17821.5,0.0,35782.8,6408.2,20.0,635.0,0.0,0.0,17030.8,0.0,0.00,pathseer:52
beir500k-f32,neg40_cat08,neg40,220050,ours-no-twohop,512,2,52,1.0000,1.0000,0.00000,14.988,24.895,25.698,15.487,17821.5,0.0,35782.8,6408.2,20.0,635.0,0.0,0.0,17030.8,0.0,0.00,pathseer:52
beir500k-f32,neg40_cat08,neg40,220050,ours-no-twohop,512,3,52,1.0000,1.0000,0.00000,14.560,24.276,25.675,15.313,17821.5,0.0,35782.8,6408.2,20.0,635.0,0.0,0.0,17030.8,0.0,0.00,pathseer:52
beir500k-f32,neg40_cat08,neg40,220050,ours-guard,64,1,52,0.9769,0.8462,0.00033,2.540,6.273,6.898,3.148,3538.5,0.0,13094.5,1458.3,3.0,78.0,0.0,0.0,9448.7,0.0,0.00,pathseer:52
beir500k-f32,neg40_cat08,neg40,220050,ours-guard,64,2,52,0.9769,0.8462,0.00033,2.522,6.651,7.277,3.235,3538.5,0.0,13094.5,1458.3,3.0,78.0,0.0,0.0,9448.7,0.0,0.00,pathseer:52
beir500k-f32,neg40_cat08,neg40,220050,ours-guard,64,3,52,0.9769,0.8462,0.00033,2.464,6.495,6.747,3.161,3538.5,0.0,13094.5,1458.3,3.0,78.0,0.0,0.0,9448.7,0.0,0.00,pathseer:52
beir500k-f32,neg40_cat08,neg40,220050,ours-guard,128,1,52,0.9942,0.9423,0.00005,4.646,10.672,11.710,5.416,6066.3,0.0,18316.5,2475.3,5.0,145.0,0.0,0.0,12049.8,0.0,0.00,pathseer:52
beir500k-f32,neg40_cat08,neg40,220050,ours-guard,128,2,52,0.9942,0.9423,0.00005,4.581,11.052,11.876,5.571,6066.3,0.0,18316.5,2475.3,5.0,145.0,0.0,0.0,12049.8,0.0,0.00,pathseer:52
beir500k-f32,neg40_cat08,neg40,220050,ours-guard,128,3,52,0.9942,0.9423,0.00005,4.691,10.427,11.582,5.434,6066.3,0.0,18316.5,2475.3,5.0,145.0,0.0,0.0,12049.8,0.0,0.00,pathseer:52
beir500k-f32,neg40_cat08,neg40,220050,ours-guard,256,1,52,1.0000,1.0000,0.00000,8.155,16.468,17.468,9.081,10131.3,0.0,25430.7,4029.1,10.0,320.0,0.0,0.0,14931.2,0.0,0.00,pathseer:52
beir500k-f32,neg40_cat08,neg40,220050,ours-guard,256,2,52,1.0000,1.0000,0.00000,8.247,16.156,17.087,9.038,10131.3,0.0,25430.7,4029.1,10.0,320.0,0.0,0.0,14931.2,0.0,0.00,pathseer:52
beir500k-f32,neg40_cat08,neg40,220050,ours-guard,256,3,52,1.0000,1.0000,0.00000,8.376,16.044,17.195,9.080,10131.3,0.0,25430.7,4029.1,10.0,320.0,0.0,0.0,14931.2,0.0,0.00,pathseer:52
beir500k-f32,neg40_cat08,neg40,220050,ours-guard,512,1,52,1.0000,1.0000,0.00000,13.613,23.529,24.235,14.467,16392.1,0.0,34760.8,6341.7,20.0,635.0,0.0,0.0,17684.1,0.0,0.00,pathseer:52
beir500k-f32,neg40_cat08,neg40,220050,ours-guard,512,2,52,1.0000,1.0000,0.00000,13.603,24.054,24.452,14.486,16392.1,0.0,34760.8,6341.7,20.0,635.0,0.0,0.0,17684.1,0.0,0.00,pathseer:52
beir500k-f32,neg40_cat08,neg40,220050,ours-guard,512,3,52,1.0000,1.0000,0.00000,14.539,23.721,24.498,14.487,16392.1,0.0,34760.8,6341.7,20.0,635.0,0.0,0.0,17684.1,0.0,0.00,pathseer:52
beir500k-f32,neg40_cat08,neg40,220050,ours-puredos,64,1,9,0.6000,0.3333,0.00272,0.433,0.534,0.534,0.321,704.0,0.0,1278.2,46.1,5.0,5.0,0.0,0.0,444.1,0.0,0.00,pathseer:9
beir500k-f32,neg40_cat08,neg40,220050,ours-puredos,64,2,9,0.6000,0.3333,0.00272,0.436,0.570,0.570,0.326,704.0,0.0,1278.2,46.1,5.0,5.0,0.0,0.0,444.1,0.0,0.00,pathseer:9
beir500k-f32,neg40_cat08,neg40,220050,ours-puredos,64,3,9,0.6000,0.3333,0.00272,0.398,0.503,0.503,0.300,704.0,0.0,1278.2,46.1,5.0,5.0,0.0,0.0,444.1,0.0,0.00,pathseer:9
beir500k-f32,neg40_cat08,neg40,220050,ours-puredos,128,1,9,0.6222,0.3333,0.00241,0.816,1.025,1.025,0.601,1280.2,0.0,2255.7,88.6,8.0,7.0,0.0,0.0,734.1,0.0,0.00,pathseer:9
beir500k-f32,neg40_cat08,neg40,220050,ours-puredos,128,2,9,0.6222,0.3333,0.00241,0.839,1.089,1.089,0.640,1280.2,0.0,2255.7,88.6,8.0,7.0,0.0,0.0,734.1,0.0,0.00,pathseer:9
beir500k-f32,neg40_cat08,neg40,220050,ours-puredos,128,3,9,0.6222,0.3333,0.00241,0.811,1.062,1.062,0.612,1280.2,0.0,2255.7,88.6,8.0,7.0,0.0,0.0,734.1,0.0,0.00,pathseer:9
beir500k-f32,neg40_cat08,neg40,220050,ours-puredos,256,1,9,0.6222,0.3333,0.00241,1.641,2.071,2.071,1.207,2204.8,0.0,3829.1,173.4,18.0,15.0,0.0,0.0,1202.2,0.0,0.00,pathseer:9
beir500k-f32,neg40_cat08,neg40,220050,ours-puredos,256,2,9,0.6222,0.3333,0.00241,1.664,2.038,2.038,1.217,2204.8,0.0,3829.1,173.4,18.0,15.0,0.0,0.0,1202.2,0.0,0.00,pathseer:9
beir500k-f32,neg40_cat08,neg40,220050,ours-puredos,256,3,9,0.6222,0.3333,0.00241,1.643,2.125,2.125,1.211,2204.8,0.0,3829.1,173.4,18.0,15.0,0.0,0.0,1202.2,0.0,0.00,pathseer:9
beir500k-f32,neg40_cat08,neg40,220050,ours-puredos,512,1,9,0.6444,0.4444,0.00114,2.909,3.523,3.523,2.118,3751.7,0.0,6545.6,345.3,35.0,32.0,0.0,0.0,2026.3,0.0,0.00,pathseer:9
beir500k-f32,neg40_cat08,neg40,220050,ours-puredos,512,2,9,0.6444,0.4444,0.00114,2.903,3.546,3.546,2.116,3751.7,0.0,6545.6,345.3,35.0,32.0,0.0,0.0,2026.3,0.0,0.00,pathseer:9
beir500k-f32,neg40_cat08,neg40,220050,ours-puredos,512,3,9,0.6444,0.4444,0.00114,2.948,3.569,3.569,2.138,3751.7,0.0,6545.6,345.3,35.0,32.0,0.0,0.0,2026.3,0.0,0.00,pathseer:9
beir500k-f32,neg40_cat09,neg40,211545,sweeping,64,1,55,0.9964,0.9636,0.00004,21.105,32.785,37.028,20.098,30029.5,0.0,9567.9,6734.8,3.0,224.0,0.0,0.0,0.0,0.0,0.00,sweeping:55
beir500k-f32,neg40_cat09,neg40,211545,sweeping,64,2,55,0.9964,0.9636,0.00004,21.136,32.571,38.104,20.242,30029.5,0.0,9567.9,6734.8,3.0,224.0,0.0,0.0,0.0,0.0,0.00,sweeping:55
beir500k-f32,neg40_cat09,neg40,211545,sweeping,64,3,55,0.9964,0.9636,0.00004,21.338,34.576,38.338,20.635,30029.5,0.0,9567.9,6734.8,3.0,224.0,0.0,0.0,0.0,0.0,0.00,sweeping:55
beir500k-f32,neg40_cat09,neg40,211545,sweeping,128,1,55,1.0000,1.0000,0.00000,28.754,42.949,43.999,26.454,37099.7,0.0,12912.9,9081.9,6.0,406.0,0.0,0.0,0.0,0.0,0.00,sweeping:55
beir500k-f32,neg40_cat09,neg40,211545,sweeping,128,2,55,1.0000,1.0000,0.00000,27.889,41.265,43.765,26.147,37099.7,0.0,12912.9,9081.9,6.0,406.0,0.0,0.0,0.0,0.0,0.00,sweeping:55
beir500k-f32,neg40_cat09,neg40,211545,sweeping,128,3,55,1.0000,1.0000,0.00000,27.652,39.873,42.738,25.833,37099.7,0.0,12912.9,9081.9,6.0,406.0,0.0,0.0,0.0,0.0,0.00,sweeping:55
beir500k-f32,neg40_cat09,neg40,211545,sweeping,256,1,55,1.0000,1.0000,0.00000,34.546,48.312,48.978,33.014,45948.1,0.0,17117.3,12105.7,11.0,760.0,0.0,0.0,0.0,0.0,0.00,sweeping:55
beir500k-f32,neg40_cat09,neg40,211545,sweeping,256,2,55,1.0000,1.0000,0.00000,34.407,48.573,49.052,32.864,45948.1,0.0,17117.3,12105.7,11.0,760.0,0.0,0.0,0.0,0.0,0.00,sweeping:55
beir500k-f32,neg40_cat09,neg40,211545,sweeping,256,3,55,1.0000,1.0000,0.00000,34.200,49.171,50.610,32.979,45948.1,0.0,17117.3,12105.7,11.0,760.0,0.0,0.0,0.0,0.0,0.00,sweeping:55
beir500k-f32,neg40_cat09,neg40,211545,sweeping,512,1,55,1.0000,1.0000,0.00000,43.346,58.185,58.511,41.751,57157.8,0.0,22326.0,15745.6,24.0,1489.0,0.0,0.0,0.0,0.0,0.00,sweeping:55
beir500k-f32,neg40_cat09,neg40,211545,sweeping,512,2,55,1.0000,1.0000,0.00000,43.261,58.185,58.494,41.899,57157.8,0.0,22326.0,15745.6,24.0,1489.0,0.0,0.0,0.0,0.0,0.00,sweeping:55
beir500k-f32,neg40_cat09,neg40,211545,sweeping,512,3,55,1.0000,1.0000,0.00000,43.836,58.914,61.723,41.967,57157.8,0.0,22326.0,15745.6,24.0,1489.0,0.0,0.0,0.0,0.0,0.00,sweeping:55
beir500k-f32,neg40_cat09,neg40,211545,pathseer,64,1,55,0.9745,0.7818,0.00040,4.492,9.367,10.692,4.958,5033.2,0.0,19862.7,2508.9,3.0,212.0,151.3,11.6,13074.3,2.4,0.00,pathseer:55
beir500k-f32,neg40_cat09,neg40,211545,pathseer,64,2,55,0.9745,0.7818,0.00040,4.498,9.312,10.587,5.003,5033.2,0.0,19862.7,2508.9,3.0,212.0,151.3,11.6,13074.3,2.4,0.00,pathseer:55
beir500k-f32,neg40_cat09,neg40,211545,pathseer,64,3,55,0.9745,0.7818,0.00040,4.500,9.413,10.457,4.909,5033.2,0.0,19862.7,2508.9,3.0,212.0,151.3,11.6,13074.3,2.4,0.00,pathseer:55
beir500k-f32,neg40_cat09,neg40,211545,pathseer,128,1,55,0.9927,0.9273,0.00011,7.245,14.471,15.449,7.865,8145.8,0.0,26978.5,3905.6,5.0,382.0,272.3,18.7,16338.6,4.3,0.00,pathseer:55
beir500k-f32,neg40_cat09,neg40,211545,pathseer,128,2,55,0.9927,0.9273,0.00011,7.314,14.149,14.623,7.809,8145.8,0.0,26978.5,3905.6,5.0,382.0,272.3,18.7,16338.6,4.3,0.00,pathseer:55
beir500k-f32,neg40_cat09,neg40,211545,pathseer,128,3,55,0.9927,0.9273,0.00011,7.273,14.152,14.530,7.798,8145.8,0.0,26978.5,3905.6,5.0,382.0,272.3,18.7,16338.6,4.3,0.00,pathseer:55
beir500k-f32,neg40_cat09,neg40,211545,pathseer,256,1,55,0.9982,0.9818,0.00002,12.098,20.706,20.939,12.489,13114.1,0.0,36120.2,6058.8,9.0,740.0,534.1,37.9,19513.3,8.3,0.00,pathseer:55
beir500k-f32,neg40_cat09,neg40,211545,pathseer,256,2,55,0.9982,0.9818,0.00002,12.417,20.284,21.033,12.412,13114.1,0.0,36120.2,6058.8,9.0,740.0,534.1,37.9,19513.3,8.3,0.00,pathseer:55
beir500k-f32,neg40_cat09,neg40,211545,pathseer,256,3,55,0.9982,0.9818,0.00002,12.685,20.332,21.136,12.434,13114.1,0.0,36120.2,6058.8,9.0,740.0,534.1,37.9,19513.3,8.3,0.00,pathseer:55
beir500k-f32,neg40_cat09,neg40,211545,pathseer,512,1,55,0.9982,0.9818,0.00002,20.839,29.998,30.924,19.806,21159.3,0.0,48565.2,9405.8,20.0,1405.0,1184.6,72.3,22393.5,18.5,0.00,pathseer:55
beir500k-f32,neg40_cat09,neg40,211545,pathseer,512,2,55,0.9982,0.9818,0.00002,20.961,29.889,30.230,19.629,21159.3,0.0,48565.2,9405.8,20.0,1405.0,1184.6,72.3,22393.5,18.5,0.00,pathseer:55
beir500k-f32,neg40_cat09,neg40,211545,pathseer,512,3,55,0.9982,0.9818,0.00002,20.545,30.206,31.777,19.797,21159.3,0.0,48565.2,9405.8,20.0,1405.0,1184.6,72.3,22393.5,18.5,0.00,pathseer:55
beir500k-f32,neg40_cat09,neg40,211545,ours-no-twohop,64,1,55,0.9745,0.7818,0.00040,4.999,9.556,10.649,5.199,5286.6,0.0,20564.4,2643.3,3.0,224.0,0.0,0.0,13526.3,0.0,0.00,pathseer:55
beir500k-f32,neg40_cat09,neg40,211545,ours-no-twohop,64,2,55,0.9745,0.7818,0.00040,5.065,9.414,10.659,5.161,5286.6,0.0,20564.4,2643.3,3.0,224.0,0.0,0.0,13526.3,0.0,0.00,pathseer:55
beir500k-f32,neg40_cat09,neg40,211545,ours-no-twohop,64,3,55,0.9745,0.7818,0.00040,4.997,9.358,10.510,5.179,5286.6,0.0,20564.4,2643.3,3.0,224.0,0.0,0.0,13526.3,0.0,0.00,pathseer:55
beir500k-f32,neg40_cat09,neg40,211545,ours-no-twohop,128,1,55,0.9927,0.9273,0.00011,7.741,14.585,14.923,8.121,8482.5,0.0,27527.9,4101.9,6.0,406.0,0.0,0.0,16605.2,0.0,0.00,pathseer:55
beir500k-f32,neg40_cat09,neg40,211545,ours-no-twohop,128,2,55,0.9927,0.9273,0.00011,7.838,14.564,14.737,8.146,8482.5,0.0,27527.9,4101.9,6.0,406.0,0.0,0.0,16605.2,0.0,0.00,pathseer:55
beir500k-f32,neg40_cat09,neg40,211545,ours-no-twohop,128,3,55,0.9927,0.9273,0.00011,7.842,14.438,14.962,8.187,8482.5,0.0,27527.9,4101.9,6.0,406.0,0.0,0.0,16605.2,0.0,0.00,pathseer:55
beir500k-f32,neg40_cat09,neg40,211545,ours-no-twohop,256,1,55,0.9982,0.9818,0.00002,12.448,20.545,20.908,12.998,13623.4,0.0,36713.6,6327.2,11.0,760.0,0.0,0.0,19808.5,0.0,0.00,pathseer:55
beir500k-f32,neg40_cat09,neg40,211545,ours-no-twohop,256,2,55,0.9982,0.9818,0.00002,12.222,20.526,20.957,12.840,13623.4,0.0,36713.6,6327.2,11.0,760.0,0.0,0.0,19808.5,0.0,0.00,pathseer:55
beir500k-f32,neg40_cat09,neg40,211545,ours-no-twohop,256,3,55,0.9982,0.9818,0.00002,12.488,20.434,21.042,12.965,13623.4,0.0,36713.6,6327.2,11.0,760.0,0.0,0.0,19808.5,0.0,0.00,pathseer:55
beir500k-f32,neg40_cat09,neg40,211545,ours-no-twohop,512,1,55,0.9982,0.9818,0.00002,21.219,29.937,30.934,20.353,21775.9,0.0,48577.2,9720.8,24.0,1489.0,0.0,0.0,22519.7,0.0,0.00,pathseer:55
beir500k-f32,neg40_cat09,neg40,211545,ours-no-twohop,512,2,55,0.9982,0.9818,0.00002,21.247,29.921,30.946,20.194,21775.9,0.0,48577.2,9720.8,24.0,1489.0,0.0,0.0,22519.7,0.0,0.00,pathseer:55
beir500k-f32,neg40_cat09,neg40,211545,ours-no-twohop,512,3,55,0.9982,0.9818,0.00002,21.292,30.261,31.023,20.297,21775.9,0.0,48577.2,9720.8,24.0,1489.0,0.0,0.0,22519.7,0.0,0.00,pathseer:55
beir500k-f32,neg40_cat09,neg40,211545,ours-guard,64,1,55,0.9764,0.7818,0.00040,4.883,9.242,10.432,5.026,4988.0,0.0,18662.2,2624.1,3.0,224.0,0.0,0.0,13558.9,0.0,0.00,pathseer:55
beir500k-f32,neg40_cat09,neg40,211545,ours-guard,64,2,55,0.9764,0.7818,0.00040,4.968,9.234,10.418,5.080,4988.0,0.0,18662.2,2624.1,3.0,224.0,0.0,0.0,13558.9,0.0,0.00,pathseer:55
beir500k-f32,neg40_cat09,neg40,211545,ours-guard,64,3,55,0.9764,0.7818,0.00040,4.793,9.230,10.256,4.997,4988.0,0.0,18662.2,2624.1,3.0,224.0,0.0,0.0,13558.9,0.0,0.00,pathseer:55
beir500k-f32,neg40_cat09,neg40,211545,ours-guard,128,1,55,0.9927,0.9273,0.00011,7.590,14.135,14.667,7.875,8007.4,0.0,24919.0,4072.4,6.0,406.0,0.0,0.0,16691.3,0.0,0.00,pathseer:55
beir500k-f32,neg40_cat09,neg40,211545,ours-guard,128,2,55,0.9927,0.9273,0.00011,7.332,14.072,14.499,7.824,8007.4,0.0,24919.0,4072.4,6.0,406.0,0.0,0.0,16691.3,0.0,0.00,pathseer:55
beir500k-f32,neg40_cat09,neg40,211545,ours-guard,128,3,55,0.9927,0.9273,0.00011,7.296,14.123,14.345,7.832,8007.4,0.0,24919.0,4072.4,6.0,406.0,0.0,0.0,16691.3,0.0,0.00,pathseer:55
beir500k-f32,neg40_cat09,neg40,211545,ours-guard,256,1,55,0.9982,0.9818,0.00002,12.141,20.697,21.211,12.853,12893.9,0.0,33323.9,6282.7,11.0,760.0,0.0,0.0,20016.5,0.0,0.00,pathseer:55
beir500k-f32,neg40_cat09,neg40,211545,ours-guard,256,2,55,0.9982,0.9818,0.00002,12.128,20.754,21.244,12.762,12893.9,0.0,33323.9,6282.7,11.0,760.0,0.0,0.0,20016.5,0.0,0.00,pathseer:55
beir500k-f32,neg40_cat09,neg40,211545,ours-guard,256,3,55,0.9982,0.9818,0.00002,11.934,20.513,21.255,12.792,12893.9,0.0,33323.9,6282.7,11.0,760.0,0.0,0.0,20016.5,0.0,0.00,pathseer:55
beir500k-f32,neg40_cat09,neg40,211545,ours-guard,512,1,55,0.9982,0.9818,0.00002,21.180,30.289,33.406,20.442,20657.2,0.0,44346.3,9656.8,24.0,1489.0,0.0,0.0,22914.1,0.0,0.00,pathseer:55
beir500k-f32,neg40_cat09,neg40,211545,ours-guard,512,2,55,0.9982,0.9818,0.00002,20.624,30.013,30.431,19.908,20657.2,0.0,44346.3,9656.8,24.0,1489.0,0.0,0.0,22914.1,0.0,0.00,pathseer:55
beir500k-f32,neg40_cat09,neg40,211545,ours-guard,512,3,55,0.9982,0.9818,0.00002,20.696,29.841,31.047,19.757,20657.2,0.0,44346.3,9656.8,24.0,1489.0,0.0,0.0,22914.1,0.0,0.00,pathseer:55
beir500k-f32,neg40_cat09,neg40,211545,ours-puredos,64,1,9,0.0333,0.0000,0.00244,0.029,0.302,0.302,0.059,93.2,0.0,203.9,8.2,6.0,6.0,0.0,0.0,86.6,0.0,0.00,pathseer:9
beir500k-f32,neg40_cat09,neg40,211545,ours-puredos,64,2,9,0.0333,0.0000,0.00244,0.028,0.295,0.295,0.059,93.2,0.0,203.9,8.2,6.0,6.0,0.0,0.0,86.6,0.0,0.00,pathseer:9
beir500k-f32,neg40_cat09,neg40,211545,ours-puredos,64,3,9,0.0333,0.0000,0.00244,0.028,0.277,0.277,0.055,93.2,0.0,203.9,8.2,6.0,6.0,0.0,0.0,86.6,0.0,0.00,pathseer:9
beir500k-f32,neg40_cat09,neg40,211545,ours-puredos,128,1,9,0.0667,0.0000,0.00096,0.036,0.661,0.661,0.106,181.0,0.0,365.0,15.3,13.0,13.0,0.0,0.0,140.2,0.0,0.00,pathseer:9
beir500k-f32,neg40_cat09,neg40,211545,ours-puredos,128,2,9,0.0667,0.0000,0.00096,0.052,0.752,0.752,0.123,181.0,0.0,365.0,15.3,13.0,13.0,0.0,0.0,140.2,0.0,0.00,pathseer:9
beir500k-f32,neg40_cat09,neg40,211545,ours-puredos,128,3,9,0.0667,0.0000,0.00096,0.039,0.705,0.705,0.112,181.0,0.0,365.0,15.3,13.0,13.0,0.0,0.0,140.2,0.0,0.00,pathseer:9
beir500k-f32,neg40_cat09,neg40,211545,ours-puredos,256,1,9,0.0889,0.0000,0.00037,0.036,1.361,1.361,0.183,342.8,0.0,633.4,29.8,26.0,23.0,0.0,0.0,213.8,0.0,0.00,pathseer:9
beir500k-f32,neg40_cat09,neg40,211545,ours-puredos,256,2,9,0.0889,0.0000,0.00037,0.036,1.379,1.379,0.186,342.8,0.0,633.4,29.8,26.0,23.0,0.0,0.0,213.8,0.0,0.00,pathseer:9
beir500k-f32,neg40_cat09,neg40,211545,ours-puredos,256,3,9,0.0889,0.0000,0.00037,0.040,1.454,1.454,0.196,342.8,0.0,633.4,29.8,26.0,23.0,0.0,0.0,213.8,0.0,0.00,pathseer:9
beir500k-f32,neg40_cat09,neg40,211545,ours-puredos,512,1,9,0.0889,0.0000,0.00037,0.038,2.514,2.514,0.313,603.9,0.0,1063.4,58.0,44.0,41.0,0.0,0.0,329.9,0.0,0.00,pathseer:9
beir500k-f32,neg40_cat09,neg40,211545,ours-puredos,512,2,9,0.0889,0.0000,0.00037,0.040,2.556,2.556,0.319,603.9,0.0,1063.4,58.0,44.0,41.0,0.0,0.0,329.9,0.0,0.00,pathseer:9
beir500k-f32,neg40_cat09,neg40,211545,ours-puredos,512,3,9,0.0889,0.0000,0.00037,0.039,2.432,2.432,0.305,603.9,0.0,1063.4,58.0,44.0,41.0,0.0,0.0,329.9,0.0,0.00,pathseer:9
beir500k-f32,neg40_cat10,neg40,228898,sweeping,64,1,50,0.9800,0.8000,0.00014,5.601,11.428,14.394,6.081,11492.0,0.0,2144.9,1110.8,3.0,28.0,0.0,0.0,0.0,0.0,0.00,sweeping:50
beir500k-f32,neg40_cat10,neg40,228898,sweeping,64,2,50,0.9800,0.8000,0.00014,6.109,11.693,14.141,6.206,11492.0,0.0,2144.9,1110.8,3.0,28.0,0.0,0.0,0.0,0.0,0.00,sweeping:50
beir500k-f32,neg40_cat10,neg40,228898,sweeping,64,3,50,0.9800,0.8000,0.00014,5.718,11.502,14.333,6.098,11492.0,0.0,2144.9,1110.8,3.0,28.0,0.0,0.0,0.0,0.0,0.00,sweeping:50
beir500k-f32,neg40_cat10,neg40,228898,sweeping,128,1,50,0.9940,0.9400,0.00007,8.670,15.453,18.562,8.879,16066.8,0.0,3304.4,1751.5,6.0,58.0,0.0,0.0,0.0,0.0,0.00,sweeping:50
beir500k-f32,neg40_cat10,neg40,228898,sweeping,128,2,50,0.9940,0.9400,0.00007,8.567,15.515,18.410,8.836,16066.8,0.0,3304.4,1751.5,6.0,58.0,0.0,0.0,0.0,0.0,0.00,sweeping:50
beir500k-f32,neg40_cat10,neg40,228898,sweeping,128,3,50,0.9940,0.9400,0.00007,8.488,15.343,18.843,8.878,16066.8,0.0,3304.4,1751.5,6.0,58.0,0.0,0.0,0.0,0.0,0.00,sweeping:50
beir500k-f32,neg40_cat10,neg40,228898,sweeping,256,1,50,0.9980,0.9800,0.00004,12.561,20.271,23.302,12.851,22438.3,0.0,5096.6,2742.7,11.0,104.0,0.0,0.0,0.0,0.0,0.00,sweeping:50
beir500k-f32,neg40_cat10,neg40,228898,sweeping,256,2,50,0.9980,0.9800,0.00004,12.557,20.036,23.102,12.804,22438.3,0.0,5096.6,2742.7,11.0,104.0,0.0,0.0,0.0,0.0,0.00,sweeping:50
beir500k-f32,neg40_cat10,neg40,228898,sweeping,256,3,50,0.9980,0.9800,0.00004,12.541,20.184,25.459,12.911,22438.3,0.0,5096.6,2742.7,11.0,104.0,0.0,0.0,0.0,0.0,0.00,sweeping:50
beir500k-f32,neg40_cat10,neg40,228898,sweeping,512,1,50,1.0000,1.0000,0.00000,18.553,28.913,30.309,18.840,31574.0,0.0,7867.2,4358.3,22.0,235.0,0.0,0.0,0.0,0.0,0.00,sweeping:50
beir500k-f32,neg40_cat10,neg40,228898,sweeping,512,2,50,1.0000,1.0000,0.00000,18.679,26.722,30.194,18.801,31574.0,0.0,7867.2,4358.3,22.0,235.0,0.0,0.0,0.0,0.0,0.00,sweeping:50
beir500k-f32,neg40_cat10,neg40,228898,sweeping,512,3,50,1.0000,1.0000,0.00000,18.613,26.926,30.328,18.775,31574.0,0.0,7867.2,4358.3,22.0,235.0,0.0,0.0,0.0,0.0,0.00,sweeping:50
beir500k-f32,neg40_cat10,neg40,228898,pathseer,64,1,50,0.9640,0.7200,0.00040,1.531,2.488,2.901,1.565,2307.8,0.0,5462.5,372.9,3.0,16.0,124.2,25.9,3724.8,1.9,0.00,pathseer:50
beir500k-f32,neg40_cat10,neg40,228898,pathseer,64,2,50,0.9640,0.7200,0.00040,1.509,2.561,2.874,1.571,2307.8,0.0,5462.5,372.9,3.0,16.0,124.2,25.9,3724.8,1.9,0.00,pathseer:50
beir500k-f32,neg40_cat10,neg40,228898,pathseer,64,3,50,0.9640,0.7200,0.00040,1.533,2.610,3.280,1.636,2307.8,0.0,5462.5,372.9,3.0,16.0,124.2,25.9,3724.8,1.9,0.00,pathseer:50
beir500k-f32,neg40_cat10,neg40,228898,pathseer,128,1,50,0.9900,0.9200,0.00010,2.711,4.497,4.720,2.793,4113.1,0.0,9002.8,733.6,4.0,34.0,211.2,45.2,5812.8,3.3,0.00,pathseer:50
beir500k-f32,neg40_cat10,neg40,228898,pathseer,128,2,50,0.9900,0.9200,0.00010,2.757,4.499,4.952,2.822,4113.1,0.0,9002.8,733.6,4.0,34.0,211.2,45.2,5812.8,3.3,0.00,pathseer:50
beir500k-f32,neg40_cat10,neg40,228898,pathseer,128,3,50,0.9900,0.9200,0.00010,2.723,4.523,4.656,2.813,4113.1,0.0,9002.8,733.6,4.0,34.0,211.2,45.2,5812.8,3.3,0.00,pathseer:50
beir500k-f32,neg40_cat10,neg40,228898,pathseer,256,1,50,0.9980,0.9800,0.00004,4.813,7.391,8.245,4.901,7071.5,0.0,13781.5,1320.2,8.0,73.0,425.0,84.1,8251.3,6.6,0.00,pathseer:50
beir500k-f32,neg40_cat10,neg40,228898,pathseer,256,2,50,0.9980,0.9800,0.00004,4.895,7.380,8.124,4.872,7071.5,0.0,13781.5,1320.2,8.0,73.0,425.0,84.1,8251.3,6.6,0.00,pathseer:50
beir500k-f32,neg40_cat10,neg40,228898,pathseer,256,3,50,0.9980,0.9800,0.00004,4.697,7.314,8.120,4.818,7071.5,0.0,13781.5,1320.2,8.0,73.0,425.0,84.1,8251.3,6.6,0.00,pathseer:50
beir500k-f32,neg40_cat10,neg40,228898,pathseer,512,1,50,1.0000,1.0000,0.00000,8.652,12.199,13.847,8.537,12043.2,0.0,20961.7,2388.7,14.0,150.0,879.4,170.4,11384.1,13.7,0.00,pathseer:50
beir500k-f32,neg40_cat10,neg40,228898,pathseer,512,2,50,1.0000,1.0000,0.00000,8.485,12.215,13.799,8.424,12043.2,0.0,20961.7,2388.7,14.0,150.0,879.4,170.4,11384.1,13.7,0.00,pathseer:50
beir500k-f32,neg40_cat10,neg40,228898,pathseer,512,3,50,1.0000,1.0000,0.00000,8.601,12.250,13.718,8.471,12043.2,0.0,20961.7,2388.7,14.0,150.0,879.4,170.4,11384.1,13.7,0.00,pathseer:50
beir500k-f32,neg40_cat10,neg40,228898,ours-no-twohop,64,1,50,0.9780,0.7800,0.00018,1.824,3.028,3.266,1.824,2592.8,0.0,6412.4,474.8,3.0,28.0,0.0,0.0,4382.1,0.0,0.00,pathseer:50
beir500k-f32,neg40_cat10,neg40,228898,ours-no-twohop,64,2,50,0.9780,0.7800,0.00018,1.767,3.088,3.266,1.798,2592.8,0.0,6412.4,474.8,3.0,28.0,0.0,0.0,4382.1,0.0,0.00,pathseer:50
beir500k-f32,neg40_cat10,neg40,228898,ours-no-twohop,64,3,50,0.9780,0.7800,0.00018,1.757,3.036,3.312,1.775,2592.8,0.0,6412.4,474.8,3.0,28.0,0.0,0.0,4382.1,0.0,0.00,pathseer:50
beir500k-f32,neg40_cat10,neg40,228898,ours-no-twohop,128,1,50,0.9940,0.9400,0.00007,3.097,4.806,5.415,3.054,4458.0,0.0,9776.2,848.3,6.0,58.0,0.0,0.0,6315.7,0.0,0.00,pathseer:50
beir500k-f32,neg40_cat10,neg40,228898,ours-no-twohop,128,2,50,0.9940,0.9400,0.00007,3.082,4.736,5.359,3.075,4458.0,0.0,9776.2,848.3,6.0,58.0,0.0,0.0,6315.7,0.0,0.00,pathseer:50
beir500k-f32,neg40_cat10,neg40,228898,ours-no-twohop,128,3,50,0.9940,0.9400,0.00007,3.110,4.764,5.273,3.103,4458.0,0.0,9776.2,848.3,6.0,58.0,0.0,0.0,6315.7,0.0,0.00,pathseer:50
beir500k-f32,neg40_cat10,neg40,228898,ours-no-twohop,256,1,50,0.9980,0.9800,0.00004,5.173,8.407,8.924,5.242,7554.4,0.0,14536.8,1490.8,11.0,104.0,0.0,0.0,8731.3,0.0,0.00,pathseer:50
beir500k-f32,neg40_cat10,neg40,228898,ours-no-twohop,256,2,50,0.9980,0.9800,0.00004,5.165,8.281,8.969,5.203,7554.4,0.0,14536.8,1490.8,11.0,104.0,0.0,0.0,8731.3,0.0,0.00,pathseer:50
beir500k-f32,neg40_cat10,neg40,228898,ours-no-twohop,256,3,50,0.9980,0.9800,0.00004,5.306,8.407,8.933,5.267,7554.4,0.0,14536.8,1490.8,11.0,104.0,0.0,0.0,8731.3,0.0,0.00,pathseer:50
beir500k-f32,neg40_cat10,neg40,228898,ours-no-twohop,512,1,50,1.0000,1.0000,0.00000,9.159,14.224,14.375,9.218,12899.3,0.0,21886.7,2716.8,22.0,235.0,0.0,0.0,11881.9,0.0,0.00,pathseer:50
beir500k-f32,neg40_cat10,neg40,228898,ours-no-twohop,512,2,50,1.0000,1.0000,0.00000,9.301,13.883,14.100,9.163,12899.3,0.0,21886.7,2716.8,22.0,235.0,0.0,0.0,11881.9,0.0,0.00,pathseer:50
beir500k-f32,neg40_cat10,neg40,228898,ours-no-twohop,512,3,50,1.0000,1.0000,0.00000,9.104,13.736,14.430,9.107,12899.3,0.0,21886.7,2716.8,22.0,235.0,0.0,0.0,11881.9,0.0,0.00,pathseer:50
beir500k-f32,neg40_cat10,neg40,228898,ours-guard,64,1,50,0.9700,0.7400,0.00031,1.615,2.984,3.142,1.630,2232.2,0.0,6758.8,454.0,3.0,28.0,0.0,0.0,4416.3,0.0,0.00,pathseer:50
beir500k-f32,neg40_cat10,neg40,228898,ours-guard,64,2,50,0.9700,0.7400,0.00031,1.619,3.041,3.173,1.627,2232.2,0.0,6758.8,454.0,3.0,28.0,0.0,0.0,4416.3,0.0,0.00,pathseer:50
beir500k-f32,neg40_cat10,neg40,228898,ours-guard,64,3,50,0.9700,0.7400,0.00031,1.653,2.970,3.167,1.652,2232.2,0.0,6758.8,454.0,3.0,28.0,0.0,0.0,4416.3,0.0,0.00,pathseer:50
beir500k-f32,neg40_cat10,neg40,228898,ours-guard,128,1,50,0.9940,0.9400,0.00008,2.872,4.724,5.301,2.897,3909.2,0.0,10560.3,816.8,6.0,58.0,0.0,0.0,6448.1,0.0,0.00,pathseer:50
beir500k-f32,neg40_cat10,neg40,228898,ours-guard,128,2,50,0.9940,0.9400,0.00008,2.917,4.762,5.321,2.878,3909.2,0.0,10560.3,816.8,6.0,58.0,0.0,0.0,6448.1,0.0,0.00,pathseer:50
beir500k-f32,neg40_cat10,neg40,228898,ours-guard,128,3,50,0.9940,0.9400,0.00008,2.874,4.660,5.390,2.853,3909.2,0.0,10560.3,816.8,6.0,58.0,0.0,0.0,6448.1,0.0,0.00,pathseer:50
beir500k-f32,neg40_cat10,neg40,228898,ours-guard,256,1,50,0.9980,0.9800,0.00004,4.874,8.195,8.681,4.856,6720.2,0.0,16130.0,1445.7,11.0,104.0,0.0,0.0,9042.3,0.0,0.00,pathseer:50
beir500k-f32,neg40_cat10,neg40,228898,ours-guard,256,2,50,0.9980,0.9800,0.00004,4.880,8.365,8.627,4.889,6720.2,0.0,16130.0,1445.7,11.0,104.0,0.0,0.0,9042.3,0.0,0.00,pathseer:50
beir500k-f32,neg40_cat10,neg40,228898,ours-guard,256,3,50,0.9980,0.9800,0.00004,4.915,8.082,8.467,4.859,6720.2,0.0,16130.0,1445.7,11.0,104.0,0.0,0.0,9042.3,0.0,0.00,pathseer:50
beir500k-f32,neg40_cat10,neg40,228898,ours-guard,512,1,50,0.9980,0.9800,0.00004,8.750,13.181,13.829,8.565,11640.0,0.0,24727.0,2645.9,22.0,235.0,0.0,0.0,12412.2,0.0,0.00,pathseer:50
beir500k-f32,neg40_cat10,neg40,228898,ours-guard,512,2,50,0.9980,0.9800,0.00004,8.866,13.490,13.680,8.664,11640.0,0.0,24727.0,2645.9,22.0,235.0,0.0,0.0,12412.2,0.0,0.00,pathseer:50
beir500k-f32,neg40_cat10,neg40,228898,ours-guard,512,3,50,0.9980,0.9800,0.00004,8.844,13.754,13.991,8.717,11640.0,0.0,24727.0,2645.9,22.0,235.0,0.0,0.0,12412.2,0.0,0.00,pathseer:50
beir500k-f32,neg40_cat10,neg40,228898,ours-puredos,64,1,9,0.5778,0.2222,0.00124,0.520,0.738,0.738,0.424,899.3,0.0,1478.7,46.1,6.0,5.0,0.0,0.0,430.7,0.0,0.00,pathseer:9
beir500k-f32,neg40_cat10,neg40,228898,ours-puredos,64,2,9,0.5778,0.2222,0.00124,0.610,0.700,0.700,0.435,899.3,0.0,1478.7,46.1,6.0,5.0,0.0,0.0,430.7,0.0,0.00,pathseer:9
beir500k-f32,neg40_cat10,neg40,228898,ours-puredos,64,3,9,0.5778,0.2222,0.00124,0.519,0.730,0.730,0.420,899.3,0.0,1478.7,46.1,6.0,5.0,0.0,0.0,430.7,0.0,0.00,pathseer:9
beir500k-f32,neg40_cat10,neg40,228898,ours-puredos,128,1,9,0.5778,0.2222,0.00117,1.006,1.477,1.477,0.847,1592.7,0.0,2551.8,87.6,7.0,7.0,0.0,0.0,695.2,0.0,0.00,pathseer:9
beir500k-f32,neg40_cat10,neg40,228898,ours-puredos,128,2,9,0.5778,0.2222,0.00117,1.012,1.466,1.466,0.847,1592.7,0.0,2551.8,87.6,7.0,7.0,0.0,0.0,695.2,0.0,0.00,pathseer:9
beir500k-f32,neg40_cat10,neg40,228898,ours-puredos,128,3,9,0.5778,0.2222,0.00117,1.023,1.460,1.460,0.857,1592.7,0.0,2551.8,87.6,7.0,7.0,0.0,0.0,695.2,0.0,0.00,pathseer:9
beir500k-f32,neg40_cat10,neg40,228898,ours-puredos,256,1,9,0.6111,0.3333,0.00090,2.002,2.725,2.725,1.571,2897.0,0.0,4568.1,172.6,13.0,12.0,0.0,0.0,1194.7,0.0,0.00,pathseer:9
beir500k-f32,neg40_cat10,neg40,228898,ours-puredos,256,2,9,0.6111,0.3333,0.00090,1.972,2.711,2.711,1.560,2897.0,0.0,4568.1,172.6,13.0,12.0,0.0,0.0,1194.7,0.0,0.00,pathseer:9
beir500k-f32,neg40_cat10,neg40,228898,ours-puredos,256,3,9,0.6111,0.3333,0.00090,1.996,2.772,2.772,1.577,2897.0,0.0,4568.1,172.6,13.0,12.0,0.0,0.0,1194.7,0.0,0.00,pathseer:9
beir500k-f32,neg40_cat10,neg40,228898,ours-puredos,512,1,9,0.6333,0.4444,0.00068,3.883,5.048,5.048,2.903,5214.7,0.0,8170.9,343.1,25.0,24.0,0.0,0.0,2070.4,0.0,0.00,pathseer:9
beir500k-f32,neg40_cat10,neg40,228898,ours-puredos,512,2,9,0.6333,0.4444,0.00068,3.900,5.117,5.117,2.904,5214.7,0.0,8170.9,343.1,25.0,24.0,0.0,0.0,2070.4,0.0,0.00,pathseer:9
beir500k-f32,neg40_cat10,neg40,228898,ours-puredos,512,3,9,0.6333,0.4444,0.00068,3.885,5.119,5.119,2.919,5214.7,0.0,8170.9,343.1,25.0,24.0,0.0,0.0,2070.4,0.0,0.00,pathseer:9
beir500k-f32,neg40_cat11,neg40,203547,sweeping,64,1,32,0.9906,0.9062,0.00012,12.482,25.312,30.004,12.449,21042.5,0.0,4792.3,3085.3,4.0,93.0,0.0,0.0,0.0,0.0,0.00,sweeping:32
beir500k-f32,neg40_cat11,neg40,203547,sweeping,64,2,32,0.9906,0.9062,0.00012,12.488,25.917,30.312,12.624,21042.5,0.0,4792.3,3085.3,4.0,93.0,0.0,0.0,0.0,0.0,0.00,sweeping:32
beir500k-f32,neg40_cat11,neg40,203547,sweeping,64,3,32,0.9906,0.9062,0.00012,12.720,25.779,30.032,12.641,21042.5,0.0,4792.3,3085.3,4.0,93.0,0.0,0.0,0.0,0.0,0.00,sweeping:32
beir500k-f32,neg40_cat11,neg40,203547,sweeping,128,1,32,0.9969,0.9688,0.00006,18.607,33.303,39.759,17.623,28853.2,0.0,7156.7,4683.2,6.0,171.0,0.0,0.0,0.0,0.0,0.00,sweeping:32
beir500k-f32,neg40_cat11,neg40,203547,sweeping,128,2,32,0.9969,0.9688,0.00006,18.516,33.252,39.863,17.564,28853.2,0.0,7156.7,4683.2,6.0,171.0,0.0,0.0,0.0,0.0,0.00,sweeping:32
beir500k-f32,neg40_cat11,neg40,203547,sweeping,128,3,32,0.9969,0.9688,0.00006,18.947,33.451,39.905,17.774,28853.2,0.0,7156.7,4683.2,6.0,171.0,0.0,0.0,0.0,0.0,0.00,sweeping:32
beir500k-f32,neg40_cat11,neg40,203547,sweeping,256,1,32,0.9969,0.9688,0.00006,26.223,42.953,50.836,25.066,39665.3,0.0,10733.8,7038.7,11.0,396.0,0.0,0.0,0.0,0.0,0.00,sweeping:32
beir500k-f32,neg40_cat11,neg40,203547,sweeping,256,2,32,0.9969,0.9688,0.00006,26.728,42.608,51.430,24.982,39665.3,0.0,10733.8,7038.7,11.0,396.0,0.0,0.0,0.0,0.0,0.00,sweeping:32
beir500k-f32,neg40_cat11,neg40,203547,sweeping,256,3,32,0.9969,0.9688,0.00006,26.786,42.222,50.736,25.082,39665.3,0.0,10733.8,7038.7,11.0,396.0,0.0,0.0,0.0,0.0,0.00,sweeping:32
beir500k-f32,neg40_cat11,neg40,203547,sweeping,512,1,32,1.0000,1.0000,0.00000,38.464,63.704,81.758,36.052,54009.3,0.0,16073.7,10451.3,23.0,672.0,0.0,0.0,0.0,0.0,0.00,sweeping:32
beir500k-f32,neg40_cat11,neg40,203547,sweeping,512,2,32,1.0000,1.0000,0.00000,38.507,55.138,64.342,35.258,54009.3,0.0,16073.7,10451.3,23.0,672.0,0.0,0.0,0.0,0.0,0.00,sweeping:32
beir500k-f32,neg40_cat11,neg40,203547,sweeping,512,3,32,1.0000,1.0000,0.00000,38.138,54.171,64.811,35.014,54009.3,0.0,16073.7,10451.3,23.0,672.0,0.0,0.0,0.0,0.0,0.00,sweeping:32
beir500k-f32,neg40_cat11,neg40,203547,pathseer,64,1,32,0.9812,0.8438,0.00028,2.638,5.203,7.495,2.725,3292.7,0.0,11815.4,1141.5,3.0,79.0,144.0,19.5,8191.2,2.2,0.00,pathseer:32
beir500k-f32,neg40_cat11,neg40,203547,pathseer,64,2,32,0.9812,0.8438,0.00028,2.753,5.890,7.712,2.826,3292.7,0.0,11815.4,1141.5,3.0,79.0,144.0,19.5,8191.2,2.2,0.00,pathseer:32
beir500k-f32,neg40_cat11,neg40,203547,pathseer,64,3,32,0.9812,0.8438,0.00028,2.779,5.069,7.525,2.735,3292.7,0.0,11815.4,1141.5,3.0,79.0,144.0,19.5,8191.2,2.2,0.00,pathseer:32
beir500k-f32,neg40_cat11,neg40,203547,pathseer,128,1,32,0.9938,0.9375,0.00010,4.393,8.526,10.537,4.572,5579.1,0.0,17598.9,1919.9,5.0,149.0,260.0,29.3,11593.7,4.1,0.00,pathseer:32
beir500k-f32,neg40_cat11,neg40,203547,pathseer,128,2,32,0.9938,0.9375,0.00010,4.347,8.477,10.799,4.589,5579.1,0.0,17598.9,1919.9,5.0,149.0,260.0,29.3,11593.7,4.1,0.00,pathseer:32
beir500k-f32,neg40_cat11,neg40,203547,pathseer,128,3,32,0.9938,0.9375,0.00010,4.373,8.587,10.525,4.573,5579.1,0.0,17598.9,1919.9,5.0,149.0,260.0,29.3,11593.7,4.1,0.00,pathseer:32
beir500k-f32,neg40_cat11,neg40,203547,pathseer,256,1,32,0.9938,0.9375,0.00010,7.449,14.378,16.363,7.759,9343.8,0.0,25642.7,3132.7,9.0,362.0,516.0,59.3,15939.8,8.1,0.00,pathseer:32
beir500k-f32,neg40_cat11,neg40,203547,pathseer,256,2,32,0.9938,0.9375,0.00010,7.275,14.148,16.279,7.714,9343.8,0.0,25642.7,3132.7,9.0,362.0,516.0,59.3,15939.8,8.1,0.00,pathseer:32
beir500k-f32,neg40_cat11,neg40,203547,pathseer,256,3,32,0.9938,0.9375,0.00010,7.270,14.280,16.010,7.714,9343.8,0.0,25642.7,3132.7,9.0,362.0,516.0,59.3,15939.8,8.1,0.00,pathseer:32
beir500k-f32,neg40_cat11,neg40,203547,pathseer,512,1,32,1.0000,1.0000,0.00000,13.387,22.841,26.462,13.184,15812.6,0.0,37803.2,5240.9,17.0,650.0,1086.0,122.2,21686.5,17.0,0.00,pathseer:32
beir500k-f32,neg40_cat11,neg40,203547,pathseer,512,2,32,1.0000,1.0000,0.00000,13.493,22.739,26.493,13.112,15812.6,0.0,37803.2,5240.9,17.0,650.0,1086.0,122.2,21686.5,17.0,0.00,pathseer:32
beir500k-f32,neg40_cat11,neg40,203547,pathseer,512,3,32,1.0000,1.0000,0.00000,13.365,23.006,28.075,13.234,15812.6,0.0,37803.2,5240.9,17.0,650.0,1086.0,122.2,21686.5,17.0,0.00,pathseer:32
beir500k-f32,neg40_cat11,neg40,203547,ours-no-twohop,64,1,32,0.9781,0.8438,0.00030,2.852,5.177,7.336,2.869,3461.9,0.0,12337.8,1221.4,4.0,93.0,0.0,0.0,8589.5,0.0,0.00,pathseer:32
beir500k-f32,neg40_cat11,neg40,203547,ours-no-twohop,64,2,32,0.9781,0.8438,0.00030,2.825,5.341,7.386,2.872,3461.9,0.0,12337.8,1221.4,4.0,93.0,0.0,0.0,8589.5,0.0,0.00,pathseer:32
beir500k-f32,neg40_cat11,neg40,203547,ours-no-twohop,64,3,32,0.9781,0.8438,0.00030,2.824,5.218,7.499,2.872,3461.9,0.0,12337.8,1221.4,4.0,93.0,0.0,0.0,8589.5,0.0,0.00,pathseer:32
beir500k-f32,neg40_cat11,neg40,203547,ours-no-twohop,128,1,32,0.9938,0.9375,0.00010,4.413,9.365,10.838,4.861,5836.5,0.0,18187.2,2030.3,6.0,171.0,0.0,0.0,12059.4,0.0,0.00,pathseer:32
beir500k-f32,neg40_cat11,neg40,203547,ours-no-twohop,128,2,32,0.9938,0.9375,0.00010,4.559,8.708,11.046,4.838,5836.5,0.0,18187.2,2030.3,6.0,171.0,0.0,0.0,12059.4,0.0,0.00,pathseer:32
beir500k-f32,neg40_cat11,neg40,203547,ours-no-twohop,128,3,32,0.9938,0.9375,0.00010,4.390,8.918,10.478,4.795,5836.5,0.0,18187.2,2030.3,6.0,171.0,0.0,0.0,12059.4,0.0,0.00,pathseer:32
beir500k-f32,neg40_cat11,neg40,203547,ours-no-twohop,256,1,32,0.9938,0.9375,0.00010,7.422,14.578,16.271,8.082,9753.9,0.0,26270.1,3326.9,11.0,396.0,0.0,0.0,16432.6,0.0,0.00,pathseer:32
beir500k-f32,neg40_cat11,neg40,203547,ours-no-twohop,256,2,32,0.9938,0.9375,0.00010,7.527,14.443,16.503,8.074,9753.9,0.0,26270.1,3326.9,11.0,396.0,0.0,0.0,16432.6,0.0,0.00,pathseer:32
beir500k-f32,neg40_cat11,neg40,203547,ours-no-twohop,256,3,32,0.9938,0.9375,0.00010,7.619,15.316,16.919,8.212,9753.9,0.0,26270.1,3326.9,11.0,396.0,0.0,0.0,16432.6,0.0,0.00,pathseer:32
beir500k-f32,neg40_cat11,neg40,203547,ours-no-twohop,512,1,32,1.0000,1.0000,0.00000,14.656,25.524,27.664,13.930,16570.7,0.0,38740.2,5611.4,23.0,672.0,0.0,0.0,22455.5,0.0,0.00,pathseer:32
beir500k-f32,neg40_cat11,neg40,203547,ours-no-twohop,512,2,32,1.0000,1.0000,0.00000,14.557,24.182,27.675,13.832,16570.7,0.0,38740.2,5611.4,23.0,672.0,0.0,0.0,22455.5,0.0,0.00,pathseer:32
beir500k-f32,neg40_cat11,neg40,203547,ours-no-twohop,512,3,32,1.0000,1.0000,0.00000,14.370,24.370,27.480,13.782,16570.7,0.0,38740.2,5611.4,23.0,672.0,0.0,0.0,22455.5,0.0,0.00,pathseer:32
beir500k-f32,neg40_cat11,neg40,203547,ours-guard,64,1,32,0.9750,0.8125,0.00031,2.709,5.139,7.210,2.679,3107.4,0.0,11867.8,1201.0,4.0,93.0,0.0,0.0,8658.8,0.0,0.00,pathseer:32
beir500k-f32,neg40_cat11,neg40,203547,ours-guard,64,2,32,0.9750,0.8125,0.00031,2.706,5.028,7.270,2.674,3107.4,0.0,11867.8,1201.0,4.0,93.0,0.0,0.0,8658.8,0.0,0.00,pathseer:32
beir500k-f32,neg40_cat11,neg40,203547,ours-guard,64,3,32,0.9750,0.8125,0.00031,2.765,4.980,7.443,2.700,3107.4,0.0,11867.8,1201.0,4.0,93.0,0.0,0.0,8658.8,0.0,0.00,pathseer:32
beir500k-f32,neg40_cat11,neg40,203547,ours-guard,128,1,32,0.9938,0.9375,0.00010,4.315,8.384,10.374,4.578,5281.5,0.0,17682.8,1998.8,6.0,171.0,0.0,0.0,12215.4,0.0,0.00,pathseer:32
beir500k-f32,neg40_cat11,neg40,203547,ours-guard,128,2,32,0.9938,0.9375,0.00010,4.143,8.535,10.684,4.578,5281.5,0.0,17682.8,1998.8,6.0,171.0,0.0,0.0,12215.4,0.0,0.00,pathseer:32
beir500k-f32,neg40_cat11,neg40,203547,ours-guard,128,3,32,0.9938,0.9375,0.00010,4.373,9.306,11.921,4.799,5281.5,0.0,17682.8,1998.8,6.0,171.0,0.0,0.0,12215.4,0.0,0.00,pathseer:32
beir500k-f32,neg40_cat11,neg40,203547,ours-guard,256,1,32,0.9938,0.9375,0.00010,6.988,13.829,16.051,7.594,8847.2,0.0,25921.5,3276.6,11.0,396.0,0.0,0.0,16731.0,0.0,0.00,pathseer:32
beir500k-f32,neg40_cat11,neg40,203547,ours-guard,256,2,32,0.9938,0.9375,0.00010,7.006,13.754,15.663,7.593,8847.2,0.0,25921.5,3276.6,11.0,396.0,0.0,0.0,16731.0,0.0,0.00,pathseer:32
beir500k-f32,neg40_cat11,neg40,203547,ours-guard,256,3,32,0.9938,0.9375,0.00010,7.067,13.920,16.165,7.737,8847.2,0.0,25921.5,3276.6,11.0,396.0,0.0,0.0,16731.0,0.0,0.00,pathseer:32
beir500k-f32,neg40_cat11,neg40,203547,ours-guard,512,1,32,1.0000,1.0000,0.00000,13.728,23.682,26.866,13.215,15150.4,0.0,38823.7,5532.4,23.0,672.0,0.0,0.0,23021.8,0.0,0.00,pathseer:32
beir500k-f32,neg40_cat11,neg40,203547,ours-guard,512,2,32,1.0000,1.0000,0.00000,13.854,24.822,26.332,13.589,15150.4,0.0,38823.7,5532.4,23.0,672.0,0.0,0.0,23021.8,0.0,0.00,pathseer:32
beir500k-f32,neg40_cat11,neg40,203547,ours-guard,512,3,32,1.0000,1.0000,0.00000,13.773,23.746,26.549,13.154,15150.4,0.0,38823.7,5532.4,23.0,672.0,0.0,0.0,23021.8,0.0,0.00,pathseer:32
beir500k-f32,neg40_cat11,neg40,203547,ours-puredos,64,1,9,0.5111,0.2222,0.00147,0.234,0.457,0.457,0.222,512.6,0.0,984.4,38.4,5.0,5.0,0.0,0.0,366.6,0.0,0.00,pathseer:9
beir500k-f32,neg40_cat11,neg40,203547,ours-puredos,64,2,9,0.5111,0.2222,0.00147,0.233,0.456,0.456,0.220,512.6,0.0,984.4,38.4,5.0,5.0,0.0,0.0,366.6,0.0,0.00,pathseer:9
beir500k-f32,neg40_cat11,neg40,203547,ours-puredos,64,3,9,0.5111,0.2222,0.00147,0.231,0.464,0.464,0.223,512.6,0.0,984.4,38.4,5.0,5.0,0.0,0.0,366.6,0.0,0.00,pathseer:9
beir500k-f32,neg40_cat11,neg40,203547,ours-puredos,128,1,9,0.5111,0.2222,0.00147,0.429,0.892,0.892,0.417,939.3,0.0,1755.4,73.3,9.0,9.0,0.0,0.0,632.7,0.0,0.00,pathseer:9
beir500k-f32,neg40_cat11,neg40,203547,ours-puredos,128,2,9,0.5111,0.2222,0.00147,0.421,0.869,0.869,0.410,939.3,0.0,1755.4,73.3,9.0,9.0,0.0,0.0,632.7,0.0,0.00,pathseer:9
beir500k-f32,neg40_cat11,neg40,203547,ours-puredos,128,3,9,0.5111,0.2222,0.00147,0.403,0.877,0.877,0.408,939.3,0.0,1755.4,73.3,9.0,9.0,0.0,0.0,632.7,0.0,0.00,pathseer:9
beir500k-f32,neg40_cat11,neg40,203547,ours-puredos,256,1,9,0.5333,0.3333,0.00079,0.939,2.123,2.123,0.964,1787.7,0.0,3233.3,144.2,17.0,15.0,0.0,0.0,1102.6,0.0,0.00,pathseer:9
beir500k-f32,neg40_cat11,neg40,203547,ours-puredos,256,2,9,0.5333,0.3333,0.00079,0.951,1.990,1.990,0.951,1787.7,0.0,3233.3,144.2,17.0,15.0,0.0,0.0,1102.6,0.0,0.00,pathseer:9
beir500k-f32,neg40_cat11,neg40,203547,ours-puredos,256,3,9,0.5333,0.3333,0.00079,0.941,2.213,2.213,0.981,1787.7,0.0,3233.3,144.2,17.0,15.0,0.0,0.0,1102.6,0.0,0.00,pathseer:9
beir500k-f32,neg40_cat11,neg40,203547,ours-puredos,512,1,9,0.5556,0.5556,0.00000,2.328,3.947,3.947,1.948,3411.4,0.0,5883.3,286.1,37.0,32.0,0.0,0.0,1828.7,0.0,0.00,pathseer:9
beir500k-f32,neg40_cat11,neg40,203547,ours-puredos,512,2,9,0.5556,0.5556,0.00000,2.197,3.949,3.949,1.934,3411.4,0.0,5883.3,286.1,37.0,32.0,0.0,0.0,1828.7,0.0,0.00,pathseer:9
beir500k-f32,neg40_cat11,neg40,203547,ours-puredos,512,3,9,0.5556,0.5556,0.00000,2.222,3.885,3.885,1.936,3411.4,0.0,5883.3,286.1,37.0,32.0,0.0,0.0,1828.7,0.0,0.00,pathseer:9
beir500k-f32,neg40_cat12,neg40,222191,sweeping,64,1,66,0.9788,0.8636,0.00029,12.259,28.675,30.125,14.079,21431.1,0.0,6457.9,4481.5,3.0,100.0,0.0,0.0,0.0,0.0,0.00,sweeping:66
beir500k-f32,neg40_cat12,neg40,222191,sweeping,64,2,66,0.9788,0.8636,0.00029,12.345,29.605,31.309,14.411,21431.1,0.0,6457.9,4481.5,3.0,100.0,0.0,0.0,0.0,0.0,0.00,sweeping:66
beir500k-f32,neg40_cat12,neg40,222191,sweeping,64,3,66,0.9788,0.8636,0.00029,12.542,27.961,32.657,14.414,21431.1,0.0,6457.9,4481.5,3.0,100.0,0.0,0.0,0.0,0.0,0.00,sweeping:66
beir500k-f32,neg40_cat12,neg40,222191,sweeping,128,1,66,0.9909,0.9242,0.00004,16.032,31.513,35.174,17.900,26570.2,0.0,8770.2,6047.5,6.0,178.0,0.0,0.0,0.0,0.0,0.00,sweeping:66
beir500k-f32,neg40_cat12,neg40,222191,sweeping,128,2,66,0.9909,0.9242,0.00004,16.124,32.201,35.573,17.948,26570.2,0.0,8770.2,6047.5,6.0,178.0,0.0,0.0,0.0,0.0,0.00,sweeping:66
beir500k-f32,neg40_cat12,neg40,222191,sweeping,128,3,66,0.9909,0.9242,0.00004,16.328,31.292,35.235,17.985,26570.2,0.0,8770.2,6047.5,6.0,178.0,0.0,0.0,0.0,0.0,0.00,sweeping:66
beir500k-f32,neg40_cat12,neg40,222191,sweeping,256,1,66,0.9939,0.9394,0.00003,22.482,36.569,41.965,22.984,33080.5,0.0,11873.2,8160.6,11.0,390.0,0.0,0.0,0.0,0.0,0.00,sweeping:66
beir500k-f32,neg40_cat12,neg40,222191,sweeping,256,2,66,0.9939,0.9394,0.00003,22.539,36.315,40.562,22.894,33080.5,0.0,11873.2,8160.6,11.0,390.0,0.0,0.0,0.0,0.0,0.00,sweeping:66
beir500k-f32,neg40_cat12,neg40,222191,sweeping,256,3,66,0.9939,0.9394,0.00003,22.766,36.391,40.610,22.969,33080.5,0.0,11873.2,8160.6,11.0,390.0,0.0,0.0,0.0,0.0,0.00,sweeping:66
beir500k-f32,neg40_cat12,neg40,222191,sweeping,512,1,66,0.9970,0.9697,0.00001,31.616,44.644,46.687,30.484,41349.8,0.0,15959.7,11037.0,23.0,698.0,0.0,0.0,0.0,0.0,0.00,sweeping:66
beir500k-f32,neg40_cat12,neg40,222191,sweeping,512,2,66,0.9970,0.9697,0.00001,31.351,44.470,46.803,30.299,41349.8,0.0,15959.7,11037.0,23.0,698.0,0.0,0.0,0.0,0.0,0.00,sweeping:66
beir500k-f32,neg40_cat12,neg40,222191,sweeping,512,3,66,0.9970,0.9697,0.00001,31.334,43.211,45.867,30.205,41349.8,0.0,15959.7,11037.0,23.0,698.0,0.0,0.0,0.0,0.0,0.00,sweeping:66
beir500k-f32,neg40_cat12,neg40,222191,pathseer,64,1,66,0.9652,0.7727,0.00047,2.490,8.761,9.738,3.583,3963.1,0.0,14294.5,1737.2,3.0,85.0,141.6,14.6,9340.4,2.2,0.00,pathseer:66
beir500k-f32,neg40_cat12,neg40,222191,pathseer,64,2,66,0.9652,0.7727,0.00047,2.535,8.867,9.749,3.597,3963.1,0.0,14294.5,1737.2,3.0,85.0,141.6,14.6,9340.4,2.2,0.00,pathseer:66
beir500k-f32,neg40_cat12,neg40,222191,pathseer,64,3,66,0.9652,0.7727,0.00047,2.643,8.873,9.894,3.632,3963.1,0.0,14294.5,1737.2,3.0,85.0,141.6,14.6,9340.4,2.2,0.00,pathseer:66
beir500k-f32,neg40_cat12,neg40,222191,pathseer,128,1,66,0.9879,0.8939,0.00006,4.589,13.289,14.539,5.799,6485.4,0.0,19730.6,2760.4,5.0,149.0,257.9,27.8,11799.3,4.0,0.00,pathseer:66
beir500k-f32,neg40_cat12,neg40,222191,pathseer,128,2,66,0.9879,0.8939,0.00006,4.567,13.274,14.570,5.796,6485.4,0.0,19730.6,2760.4,5.0,149.0,257.9,27.8,11799.3,4.0,0.00,pathseer:66
beir500k-f32,neg40_cat12,neg40,222191,pathseer,128,3,66,0.9879,0.8939,0.00006,4.575,13.220,14.728,5.933,6485.4,0.0,19730.6,2760.4,5.0,149.0,257.9,27.8,11799.3,4.0,0.00,pathseer:66
beir500k-f32,neg40_cat12,neg40,222191,pathseer,256,1,66,0.9955,0.9545,0.00003,7.679,19.169,20.770,9.435,10434.9,0.0,26931.7,4311.9,9.0,322.0,530.4,54.3,14424.9,8.3,0.00,pathseer:66
beir500k-f32,neg40_cat12,neg40,222191,pathseer,256,2,66,0.9955,0.9545,0.00003,7.635,19.830,20.665,9.310,10434.9,0.0,26931.7,4311.9,9.0,322.0,530.4,54.3,14424.9,8.3,0.00,pathseer:66
beir500k-f32,neg40_cat12,neg40,222191,pathseer,256,3,66,0.9955,0.9545,0.00003,7.714,19.121,20.658,9.268,10434.9,0.0,26931.7,4311.9,9.0,322.0,530.4,54.3,14424.9,8.3,0.00,pathseer:66
beir500k-f32,neg40_cat12,neg40,222191,pathseer,512,1,66,0.9970,0.9697,0.00001,13.192,27.335,29.571,14.778,16508.0,0.0,36455.6,6674.5,18.0,611.0,1131.6,117.3,16927.4,17.7,0.00,pathseer:66
beir500k-f32,neg40_cat12,neg40,222191,pathseer,512,2,66,0.9970,0.9697,0.00001,12.962,27.765,29.010,14.658,16508.0,0.0,36455.6,6674.5,18.0,611.0,1131.6,117.3,16927.4,17.7,0.00,pathseer:66
beir500k-f32,neg40_cat12,neg40,222191,pathseer,512,3,66,0.9970,0.9697,0.00001,13.637,27.487,29.282,14.661,16508.0,0.0,36455.6,6674.5,18.0,611.0,1131.6,117.3,16927.4,17.7,0.00,pathseer:66
beir500k-f32,neg40_cat12,neg40,222191,ours-no-twohop,64,1,66,0.9667,0.7879,0.00046,3.148,9.564,10.532,4.295,4197.0,0.0,14994.4,1847.7,3.0,100.0,0.0,0.0,9815.7,0.0,0.00,pathseer:66
beir500k-f32,neg40_cat12,neg40,222191,ours-no-twohop,64,2,66,0.9667,0.7879,0.00046,3.151,9.099,9.913,3.899,4197.0,0.0,14994.4,1847.7,3.0,100.0,0.0,0.0,9815.7,0.0,0.00,pathseer:66
beir500k-f32,neg40_cat12,neg40,222191,ours-no-twohop,64,3,66,0.9667,0.7879,0.00046,3.145,8.988,9.752,3.811,4197.0,0.0,14994.4,1847.7,3.0,100.0,0.0,0.0,9815.7,0.0,0.00,pathseer:66
beir500k-f32,neg40_cat12,neg40,222191,ours-no-twohop,128,1,66,0.9879,0.8939,0.00006,4.988,13.570,14.842,6.135,6799.8,0.0,20380.5,2911.9,6.0,178.0,0.0,0.0,12214.3,0.0,0.00,pathseer:66
beir500k-f32,neg40_cat12,neg40,222191,ours-no-twohop,128,2,66,0.9879,0.8939,0.00006,5.096,13.508,14.712,6.106,6799.8,0.0,20380.5,2911.9,6.0,178.0,0.0,0.0,12214.3,0.0,0.00,pathseer:66
beir500k-f32,neg40_cat12,neg40,222191,ours-no-twohop,128,3,66,0.9879,0.8939,0.00006,4.984,13.690,14.559,6.109,6799.8,0.0,20380.5,2911.9,6.0,178.0,0.0,0.0,12214.3,0.0,0.00,pathseer:66
beir500k-f32,neg40_cat12,neg40,222191,ours-no-twohop,256,1,66,0.9955,0.9545,0.00003,8.741,19.230,21.903,9.818,10908.1,0.0,27549.3,4543.5,11.0,390.0,0.0,0.0,14810.9,0.0,0.00,pathseer:66
beir500k-f32,neg40_cat12,neg40,222191,ours-no-twohop,256,2,66,0.9955,0.9545,0.00003,8.660,19.103,20.781,9.713,10908.1,0.0,27549.3,4543.5,11.0,390.0,0.0,0.0,14810.9,0.0,0.00,pathseer:66
beir500k-f32,neg40_cat12,neg40,222191,ours-no-twohop,256,3,66,0.9955,0.9545,0.00003,8.663,19.406,20.863,9.861,10908.1,0.0,27549.3,4543.5,11.0,390.0,0.0,0.0,14810.9,0.0,0.00,pathseer:66
beir500k-f32,neg40_cat12,neg40,222191,ours-no-twohop,512,1,66,0.9970,0.9697,0.00001,14.550,27.812,29.367,15.451,17278.2,0.0,36946.7,7063.9,23.0,698.0,0.0,0.0,17232.0,0.0,0.00,pathseer:66
beir500k-f32,neg40_cat12,neg40,222191,ours-no-twohop,512,2,66,0.9970,0.9697,0.00001,14.422,28.081,29.429,15.364,17278.2,0.0,36946.7,7063.9,23.0,698.0,0.0,0.0,17232.0,0.0,0.00,pathseer:66
beir500k-f32,neg40_cat12,neg40,222191,ours-no-twohop,512,3,66,0.9970,0.9697,0.00001,14.545,28.012,29.152,15.370,17278.2,0.0,36946.7,7063.9,23.0,698.0,0.0,0.0,17232.0,0.0,0.00,pathseer:66
beir500k-f32,neg40_cat12,neg40,222191,ours-guard,64,1,66,0.9636,0.7576,0.00048,2.935,8.658,9.513,3.576,3792.8,0.0,13836.6,1823.7,3.0,100.0,0.0,0.0,9935.8,0.0,0.00,pathseer:66
beir500k-f32,neg40_cat12,neg40,222191,ours-guard,64,2,66,0.9636,0.7576,0.00048,2.964,8.745,9.509,3.592,3792.8,0.0,13836.6,1823.7,3.0,100.0,0.0,0.0,9935.8,0.0,0.00,pathseer:66
beir500k-f32,neg40_cat12,neg40,222191,ours-guard,64,3,66,0.9636,0.7576,0.00048,2.915,8.773,9.690,3.574,3792.8,0.0,13836.6,1823.7,3.0,100.0,0.0,0.0,9935.8,0.0,0.00,pathseer:66
beir500k-f32,neg40_cat12,neg40,222191,ours-guard,128,1,66,0.9879,0.8939,0.00006,4.956,13.229,15.297,5.832,6183.0,0.0,18846.5,2877.6,6.0,178.0,0.0,0.0,12466.5,0.0,0.00,pathseer:66
beir500k-f32,neg40_cat12,neg40,222191,ours-guard,128,2,66,0.9879,0.8939,0.00006,4.680,13.401,14.519,5.744,6183.0,0.0,18846.5,2877.6,6.0,178.0,0.0,0.0,12466.5,0.0,0.00,pathseer:66
beir500k-f32,neg40_cat12,neg40,222191,ours-guard,128,3,66,0.9879,0.8939,0.00006,4.812,13.139,14.614,5.810,6183.0,0.0,18846.5,2877.6,6.0,178.0,0.0,0.0,12466.5,0.0,0.00,pathseer:66
beir500k-f32,neg40_cat12,neg40,222191,ours-guard,256,1,66,0.9955,0.9545,0.00003,8.145,19.179,20.153,9.285,9985.9,0.0,25652.3,4494.1,11.0,390.0,0.0,0.0,15292.9,0.0,0.00,pathseer:66
beir500k-f32,neg40_cat12,neg40,222191,ours-guard,256,2,66,0.9955,0.9545,0.00003,8.084,19.876,20.362,9.335,9985.9,0.0,25652.3,4494.1,11.0,390.0,0.0,0.0,15292.9,0.0,0.00,pathseer:66
beir500k-f32,neg40_cat12,neg40,222191,ours-guard,256,3,66,0.9955,0.9545,0.00003,8.198,18.756,20.283,9.334,9985.9,0.0,25652.3,4494.1,11.0,390.0,0.0,0.0,15292.9,0.0,0.00,pathseer:66
beir500k-f32,neg40_cat12,neg40,222191,ours-guard,512,1,66,0.9970,0.9697,0.00001,13.530,27.473,28.572,14.668,15933.6,0.0,34680.5,6993.1,23.0,698.0,0.0,0.0,18060.3,0.0,0.00,pathseer:66
beir500k-f32,neg40_cat12,neg40,222191,ours-guard,512,2,66,0.9970,0.9697,0.00001,13.571,27.194,28.481,14.740,15933.6,0.0,34680.5,6993.1,23.0,698.0,0.0,0.0,18060.3,0.0,0.00,pathseer:66
beir500k-f32,neg40_cat12,neg40,222191,ours-guard,512,3,66,0.9970,0.9697,0.00001,13.459,27.305,28.438,14.611,15933.6,0.0,34680.5,6993.1,23.0,698.0,0.0,0.0,18060.3,0.0,0.00,pathseer:66
beir500k-f32,neg40_cat12,neg40,222191,ours-puredos,64,1,9,0.3111,0.2222,0.00056,0.051,0.378,0.378,0.139,263.3,0.0,552.4,22.7,5.0,5.0,0.0,0.0,232.7,0.0,0.00,pathseer:9
beir500k-f32,neg40_cat12,neg40,222191,ours-puredos,64,2,9,0.3111,0.2222,0.00056,0.049,0.361,0.361,0.137,263.3,0.0,552.4,22.7,5.0,5.0,0.0,0.0,232.7,0.0,0.00,pathseer:9
beir500k-f32,neg40_cat12,neg40,222191,ours-puredos,64,3,9,0.3111,0.2222,0.00056,0.050,0.367,0.367,0.136,263.3,0.0,552.4,22.7,5.0,5.0,0.0,0.0,232.7,0.0,0.00,pathseer:9
beir500k-f32,neg40_cat12,neg40,222191,ours-puredos,128,1,9,0.3222,0.2222,0.00023,0.055,0.724,0.724,0.230,483.6,0.0,952.0,44.2,8.0,8.0,0.0,0.0,367.2,0.0,0.00,pathseer:9
beir500k-f32,neg40_cat12,neg40,222191,ours-puredos,128,2,9,0.3222,0.2222,0.00023,0.053,0.724,0.724,0.231,483.6,0.0,952.0,44.2,8.0,8.0,0.0,0.0,367.2,0.0,0.00,pathseer:9
beir500k-f32,neg40_cat12,neg40,222191,ours-puredos,128,3,9,0.3222,0.2222,0.00023,0.054,0.720,0.720,0.229,483.6,0.0,952.0,44.2,8.0,8.0,0.0,0.0,367.2,0.0,0.00,pathseer:9
beir500k-f32,neg40_cat12,neg40,222191,ours-puredos,256,1,9,0.3333,0.3333,0.00000,0.058,1.567,1.567,0.437,887.7,0.0,1705.4,86.8,24.0,23.0,0.0,0.0,637.7,0.0,0.00,pathseer:9
beir500k-f32,neg40_cat12,neg40,222191,ours-puredos,256,2,9,0.3333,0.3333,0.00000,0.057,1.523,1.523,0.427,887.7,0.0,1705.4,86.8,24.0,23.0,0.0,0.0,637.7,0.0,0.00,pathseer:9
beir500k-f32,neg40_cat12,neg40,222191,ours-puredos,256,3,9,0.3333,0.3333,0.00000,0.056,1.459,1.459,0.430,887.7,0.0,1705.4,86.8,24.0,23.0,0.0,0.0,637.7,0.0,0.00,pathseer:9
beir500k-f32,neg40_cat12,neg40,222191,ours-puredos,512,1,9,0.3333,0.3333,0.00000,0.075,3.386,3.386,0.900,1560.1,0.0,2951.4,172.0,49.0,43.0,0.0,0.0,1052.9,0.0,0.00,pathseer:9
beir500k-f32,neg40_cat12,neg40,222191,ours-puredos,512,2,9,0.3333,0.3333,0.00000,0.077,3.253,3.253,0.895,1560.1,0.0,2951.4,172.0,49.0,43.0,0.0,0.0,1052.9,0.0,0.00,pathseer:9
beir500k-f32,neg40_cat12,neg40,222191,ours-puredos,512,3,9,0.3333,0.3333,0.00000,0.069,3.329,3.329,0.875,1560.1,0.0,2951.4,172.0,49.0,43.0,0.0,0.0,1052.9,0.0,0.00,pathseer:9
beir500k-f32,neg40_cat13,neg40,231299,sweeping,64,1,54,0.9796,0.8519,0.00026,6.947,13.101,13.286,6.877,12341.3,0.0,2585.9,1462.2,3.0,28.0,0.0,0.0,0.0,0.0,0.00,sweeping:54
beir500k-f32,neg40_cat13,neg40,231299,sweeping,64,2,54,0.9796,0.8519,0.00026,7.089,12.900,14.501,6.946,12341.3,0.0,2585.9,1462.2,3.0,28.0,0.0,0.0,0.0,0.0,0.00,sweeping:54
beir500k-f32,neg40_cat13,neg40,231299,sweeping,64,3,54,0.9796,0.8519,0.00026,6.965,12.850,13.378,6.905,12341.3,0.0,2585.9,1462.2,3.0,28.0,0.0,0.0,0.0,0.0,0.00,sweeping:54
beir500k-f32,neg40_cat13,neg40,231299,sweeping,128,1,54,0.9926,0.9444,0.00008,10.422,16.961,18.015,9.906,17206.3,0.0,3884.1,2223.0,5.0,63.0,0.0,0.0,0.0,0.0,0.00,sweeping:54
beir500k-f32,neg40_cat13,neg40,231299,sweeping,128,2,54,0.9926,0.9444,0.00008,10.422,17.069,19.117,9.942,17206.3,0.0,3884.1,2223.0,5.0,63.0,0.0,0.0,0.0,0.0,0.00,sweeping:54
beir500k-f32,neg40_cat13,neg40,231299,sweeping,128,3,54,0.9926,0.9444,0.00008,10.403,17.005,17.894,9.895,17206.3,0.0,3884.1,2223.0,5.0,63.0,0.0,0.0,0.0,0.0,0.00,sweeping:54
beir500k-f32,neg40_cat13,neg40,231299,sweeping,256,1,54,0.9963,0.9815,0.00003,15.399,23.076,24.199,14.170,23943.7,0.0,5836.3,3319.1,10.0,120.0,0.0,0.0,0.0,0.0,0.00,sweeping:54
beir500k-f32,neg40_cat13,neg40,231299,sweeping,256,2,54,0.9963,0.9815,0.00003,15.370,23.095,24.460,14.215,23943.7,0.0,5836.3,3319.1,10.0,120.0,0.0,0.0,0.0,0.0,0.00,sweeping:54
beir500k-f32,neg40_cat13,neg40,231299,sweeping,256,3,54,0.9963,0.9815,0.00003,15.011,23.030,24.006,14.112,23943.7,0.0,5836.3,3319.1,10.0,120.0,0.0,0.0,0.0,0.0,0.00,sweeping:54
beir500k-f32,neg40_cat13,neg40,231299,sweeping,512,1,54,0.9963,0.9815,0.00003,22.145,30.137,31.930,20.301,33588.1,0.0,8760.1,4931.4,23.0,243.0,0.0,0.0,0.0,0.0,0.00,sweeping:54
beir500k-f32,neg40_cat13,neg40,231299,sweeping,512,2,54,0.9963,0.9815,0.00003,22.174,30.356,31.880,20.427,33588.1,0.0,8760.1,4931.4,23.0,243.0,0.0,0.0,0.0,0.0,0.00,sweeping:54
beir500k-f32,neg40_cat13,neg40,231299,sweeping,512,3,54,0.9963,0.9815,0.00003,21.819,30.137,31.715,20.273,33588.1,0.0,8760.1,4931.4,23.0,243.0,0.0,0.0,0.0,0.0,0.00,sweeping:54
beir500k-f32,neg40_cat13,neg40,231299,pathseer,64,1,54,0.9593,0.7407,0.00052,1.664,3.692,4.143,1.787,2435.9,0.0,6079.6,504.8,3.0,19.0,115.0,26.4,4021.9,1.8,0.00,pathseer:54
beir500k-f32,neg40_cat13,neg40,231299,pathseer,64,2,54,0.9593,0.7407,0.00052,1.588,3.360,3.780,1.714,2435.9,0.0,6079.6,504.8,3.0,19.0,115.0,26.4,4021.9,1.8,0.00,pathseer:54
beir500k-f32,neg40_cat13,neg40,231299,pathseer,64,3,54,0.9593,0.7407,0.00052,1.620,3.283,3.941,1.749,2435.9,0.0,6079.6,504.8,3.0,19.0,115.0,26.4,4021.9,1.8,0.00,pathseer:54
beir500k-f32,neg40_cat13,neg40,231299,pathseer,128,1,54,0.9833,0.8889,0.00018,3.084,5.722,5.929,3.032,4277.0,0.0,9591.9,904.8,4.0,37.0,206.2,47.6,6021.2,3.2,0.00,pathseer:54
beir500k-f32,neg40_cat13,neg40,231299,pathseer,128,2,54,0.9833,0.8889,0.00018,3.120,5.627,6.367,3.130,4277.0,0.0,9591.9,904.8,4.0,37.0,206.2,47.6,6021.2,3.2,0.00,pathseer:54
beir500k-f32,neg40_cat13,neg40,231299,pathseer,128,3,54,0.9833,0.8889,0.00018,2.985,5.450,6.924,3.222,4277.0,0.0,9591.9,904.8,4.0,37.0,206.2,47.6,6021.2,3.2,0.00,pathseer:54
beir500k-f32,neg40_cat13,neg40,231299,pathseer,256,1,54,0.9963,0.9815,0.00003,5.359,8.333,8.946,5.440,7672.6,0.0,15041.2,1650.2,7.0,82.0,407.7,88.9,8662.0,6.4,0.00,pathseer:54
beir500k-f32,neg40_cat13,neg40,231299,pathseer,256,2,54,0.9963,0.9815,0.00003,5.451,8.524,8.858,5.411,7672.6,0.0,15041.2,1650.2,7.0,82.0,407.7,88.9,8662.0,6.4,0.00,pathseer:54
beir500k-f32,neg40_cat13,neg40,231299,pathseer,256,3,54,0.9963,0.9815,0.00003,5.470,8.740,9.112,5.484,7672.6,0.0,15041.2,1650.2,7.0,82.0,407.7,88.9,8662.0,6.4,0.00,pathseer:54
beir500k-f32,neg40_cat13,neg40,231299,pathseer,512,1,54,0.9963,0.9815,0.00003,9.723,14.418,14.777,9.343,13224.6,0.0,22369.9,2803.9,14.0,181.0,885.3,185.2,11554.5,13.8,0.00,pathseer:54
beir500k-f32,neg40_cat13,neg40,231299,pathseer,512,2,54,0.9963,0.9815,0.00003,9.832,14.444,14.987,9.392,13224.6,0.0,22369.9,2803.9,14.0,181.0,885.3,185.2,11554.5,13.8,0.00,pathseer:54
beir500k-f32,neg40_cat13,neg40,231299,pathseer,512,3,54,0.9963,0.9815,0.00003,9.867,14.499,14.741,9.412,13224.6,0.0,22369.9,2803.9,14.0,181.0,885.3,185.2,11554.5,13.8,0.00,pathseer:54
beir500k-f32,neg40_cat13,neg40,231299,ours-no-twohop,64,1,54,0.9722,0.7963,0.00034,2.000,3.687,4.012,1.953,2698.0,0.0,6973.0,608.6,3.0,28.0,0.0,0.0,4643.2,0.0,0.00,pathseer:54
beir500k-f32,neg40_cat13,neg40,231299,ours-no-twohop,64,2,54,0.9722,0.7963,0.00034,1.944,3.515,3.894,1.919,2698.0,0.0,6973.0,608.6,3.0,28.0,0.0,0.0,4643.2,0.0,0.00,pathseer:54
beir500k-f32,neg40_cat13,neg40,231299,ours-no-twohop,64,3,54,0.9722,0.7963,0.00034,2.014,3.594,4.024,1.978,2698.0,0.0,6973.0,608.6,3.0,28.0,0.0,0.0,4643.2,0.0,0.00,pathseer:54
beir500k-f32,neg40_cat13,neg40,231299,ours-no-twohop,128,1,54,0.9852,0.9074,0.00017,3.470,5.619,6.078,3.413,4715.3,0.0,10723.9,1078.2,5.0,63.0,0.0,0.0,6701.6,0.0,0.00,pathseer:54
beir500k-f32,neg40_cat13,neg40,231299,ours-no-twohop,128,2,54,0.9852,0.9074,0.00017,3.414,5.601,6.052,3.367,4715.3,0.0,10723.9,1078.2,5.0,63.0,0.0,0.0,6701.6,0.0,0.00,pathseer:54
beir500k-f32,neg40_cat13,neg40,231299,ours-no-twohop,128,3,54,0.9852,0.9074,0.00017,3.434,5.465,6.071,3.371,4715.3,0.0,10723.9,1078.2,5.0,63.0,0.0,0.0,6701.6,0.0,0.00,pathseer:54
beir500k-f32,neg40_cat13,neg40,231299,ours-no-twohop,256,1,54,0.9963,0.9815,0.00003,5.954,9.566,9.964,5.931,8215.3,0.0,15940.4,1856.3,10.0,120.0,0.0,0.0,9165.9,0.0,0.00,pathseer:54
beir500k-f32,neg40_cat13,neg40,231299,ours-no-twohop,256,2,54,0.9963,0.9815,0.00003,6.341,9.818,10.190,6.026,8215.3,0.0,15940.4,1856.3,10.0,120.0,0.0,0.0,9165.9,0.0,0.00,pathseer:54
beir500k-f32,neg40_cat13,neg40,231299,ours-no-twohop,256,3,54,0.9963,0.9815,0.00003,6.020,9.332,9.865,5.901,8215.3,0.0,15940.4,1856.3,10.0,120.0,0.0,0.0,9165.9,0.0,0.00,pathseer:54
beir500k-f32,neg40_cat13,neg40,231299,ours-no-twohop,512,1,54,0.9963,0.9815,0.00003,10.433,15.218,15.942,10.076,13992.7,0.0,23080.8,3095.6,23.0,243.0,0.0,0.0,11966.6,0.0,0.00,pathseer:54
beir500k-f32,neg40_cat13,neg40,231299,ours-no-twohop,512,2,54,0.9963,0.9815,0.00003,10.512,14.764,15.296,9.984,13992.7,0.0,23080.8,3095.6,23.0,243.0,0.0,0.0,11966.6,0.0,0.00,pathseer:54
beir500k-f32,neg40_cat13,neg40,231299,ours-no-twohop,512,3,54,0.9963,0.9815,0.00003,10.544,15.201,15.318,10.096,13992.7,0.0,23080.8,3095.6,23.0,243.0,0.0,0.0,11966.6,0.0,0.00,pathseer:54
beir500k-f32,neg40_cat13,neg40,231299,ours-guard,64,1,54,0.9611,0.7407,0.00054,1.556,3.341,3.788,1.755,2328.4,0.0,7143.9,588.9,3.0,28.0,0.0,0.0,4701.7,0.0,0.00,pathseer:54
beir500k-f32,neg40_cat13,neg40,231299,ours-guard,64,2,54,0.9611,0.7407,0.00054,1.638,3.325,3.823,1.761,2328.4,0.0,7143.9,588.9,3.0,28.0,0.0,0.0,4701.7,0.0,0.00,pathseer:54
beir500k-f32,neg40_cat13,neg40,231299,ours-guard,64,3,54,0.9611,0.7407,0.00054,1.525,3.337,3.723,1.738,2328.4,0.0,7143.9,588.9,3.0,28.0,0.0,0.0,4701.7,0.0,0.00,pathseer:54
beir500k-f32,neg40_cat13,neg40,231299,ours-guard,128,1,54,0.9833,0.8889,0.00020,3.132,5.257,5.857,3.115,4133.3,0.0,11210.9,1048.4,5.0,63.0,0.0,0.0,6866.3,0.0,0.00,pathseer:54
beir500k-f32,neg40_cat13,neg40,231299,ours-guard,128,2,54,0.9833,0.8889,0.00020,3.115,5.196,5.808,3.082,4133.3,0.0,11210.9,1048.4,5.0,63.0,0.0,0.0,6866.3,0.0,0.00,pathseer:54
beir500k-f32,neg40_cat13,neg40,231299,ours-guard,128,3,54,0.9833,0.8889,0.00020,3.132,5.560,5.924,3.146,4133.3,0.0,11210.9,1048.4,5.0,63.0,0.0,0.0,6866.3,0.0,0.00,pathseer:54
beir500k-f32,neg40_cat13,neg40,231299,ours-guard,256,1,54,0.9963,0.9815,0.00003,5.551,8.984,9.375,5.535,7261.4,0.0,17165.8,1806.7,10.0,120.0,0.0,0.0,9507.3,0.0,0.00,pathseer:54
beir500k-f32,neg40_cat13,neg40,231299,ours-guard,256,2,54,0.9963,0.9815,0.00003,5.726,9.137,9.615,5.586,7261.4,0.0,17165.8,1806.7,10.0,120.0,0.0,0.0,9507.3,0.0,0.00,pathseer:54
beir500k-f32,neg40_cat13,neg40,231299,ours-guard,256,3,54,0.9963,0.9815,0.00003,5.523,8.924,9.394,5.463,7261.4,0.0,17165.8,1806.7,10.0,120.0,0.0,0.0,9507.3,0.0,0.00,pathseer:54
beir500k-f32,neg40_cat13,neg40,231299,ours-guard,512,1,54,0.9963,0.9815,0.00003,9.840,14.300,14.578,9.267,12470.2,0.0,25767.5,3013.2,23.0,243.0,0.0,0.0,12546.4,0.0,0.00,pathseer:54
beir500k-f32,neg40_cat13,neg40,231299,ours-guard,512,2,54,0.9963,0.9815,0.00003,9.810,14.467,14.725,9.424,12470.2,0.0,25767.5,3013.2,23.0,243.0,0.0,0.0,12546.4,0.0,0.00,pathseer:54
beir500k-f32,neg40_cat13,neg40,231299,ours-guard,512,3,54,0.9963,0.9815,0.00003,9.793,14.345,14.697,9.287,12470.2,0.0,25767.5,3013.2,23.0,243.0,0.0,0.0,12546.4,0.0,0.00,pathseer:54
beir500k-f32,neg40_cat13,neg40,231299,ours-puredos,64,1,9,0.5667,0.3333,0.00372,0.366,0.480,0.480,0.283,665.8,0.0,1226.7,45.0,7.0,7.0,0.0,0.0,418.1,0.0,0.00,pathseer:9
beir500k-f32,neg40_cat13,neg40,231299,ours-puredos,64,2,9,0.5667,0.3333,0.00372,0.394,0.501,0.501,0.306,665.8,0.0,1226.7,45.0,7.0,7.0,0.0,0.0,418.1,0.0,0.00,pathseer:9
beir500k-f32,neg40_cat13,neg40,231299,ours-puredos,64,3,9,0.5667,0.3333,0.00372,0.380,0.478,0.478,0.286,665.8,0.0,1226.7,45.0,7.0,7.0,0.0,0.0,418.1,0.0,0.00,pathseer:9
beir500k-f32,neg40_cat13,neg40,231299,ours-puredos,128,1,9,0.6222,0.3333,0.00179,0.886,1.123,1.123,0.635,1236.6,0.0,2287.0,87.6,10.0,10.0,0.0,0.0,775.7,0.0,0.00,pathseer:9
beir500k-f32,neg40_cat13,neg40,231299,ours-puredos,128,2,9,0.6222,0.3333,0.00179,0.856,1.109,1.109,0.618,1236.6,0.0,2287.0,87.6,10.0,10.0,0.0,0.0,775.7,0.0,0.00,pathseer:9
beir500k-f32,neg40_cat13,neg40,231299,ours-puredos,128,3,9,0.6222,0.3333,0.00179,0.847,1.239,1.239,0.640,1236.6,0.0,2287.0,87.6,10.0,10.0,0.0,0.0,775.7,0.0,0.00,pathseer:9
beir500k-f32,neg40_cat13,neg40,231299,ours-puredos,256,1,9,0.6667,0.6667,0.00000,1.725,2.395,2.395,1.272,2273.7,0.0,4159.7,172.8,18.0,17.0,0.0,0.0,1390.6,0.0,0.00,pathseer:9
beir500k-f32,neg40_cat13,neg40,231299,ours-puredos,256,2,9,0.6667,0.6667,0.00000,1.816,2.428,2.428,1.300,2273.7,0.0,4159.7,172.8,18.0,17.0,0.0,0.0,1390.6,0.0,0.00,pathseer:9
beir500k-f32,neg40_cat13,neg40,231299,ours-puredos,256,3,9,0.6667,0.6667,0.00000,1.725,2.399,2.399,1.274,2273.7,0.0,4159.7,172.8,18.0,17.0,0.0,0.0,1390.6,0.0,0.00,pathseer:9
beir500k-f32,neg40_cat13,neg40,231299,ours-puredos,512,1,9,0.6667,0.6667,0.00000,3.460,4.663,4.663,2.468,4251.7,0.0,7415.4,343.2,40.0,38.0,0.0,0.0,2277.4,0.0,0.00,pathseer:9
beir500k-f32,neg40_cat13,neg40,231299,ours-puredos,512,2,9,0.6667,0.6667,0.00000,3.478,4.642,4.642,2.480,4251.7,0.0,7415.4,343.2,40.0,38.0,0.0,0.0,2277.4,0.0,0.00,pathseer:9
beir500k-f32,neg40_cat13,neg40,231299,ours-puredos,512,3,9,0.6667,0.6667,0.00000,3.463,4.666,4.666,2.448,4251.7,0.0,7415.4,343.2,40.0,38.0,0.0,0.0,2277.4,0.0,0.00,pathseer:9
beir500k-f32,neg40_cat14,neg40,212386,sweeping,64,1,6,1.0000,1.0000,0.00000,3.726,13.382,13.382,4.482,5720.7,0.0,957.0,488.8,3.0,17.0,0.0,0.0,0.0,0.0,0.00,sweeping:6
beir500k-f32,neg40_cat14,neg40,212386,sweeping,64,2,6,1.0000,1.0000,0.00000,3.967,11.935,11.935,4.458,5720.7,0.0,957.0,488.8,3.0,17.0,0.0,0.0,0.0,0.0,0.00,sweeping:6
beir500k-f32,neg40_cat14,neg40,212386,sweeping,64,3,6,1.0000,1.0000,0.00000,3.408,5.215,5.215,2.984,5720.7,0.0,957.0,488.8,3.0,17.0,0.0,0.0,0.0,0.0,0.00,sweeping:6
beir500k-f32,neg40_cat14,neg40,212386,sweeping,128,1,6,1.0000,1.0000,0.00000,5.652,8.159,8.159,4.867,9312.7,0.0,1688.3,931.2,5.0,41.0,0.0,0.0,0.0,0.0,0.00,sweeping:6
beir500k-f32,neg40_cat14,neg40,212386,sweeping,128,2,6,1.0000,1.0000,0.00000,5.609,8.205,8.205,4.847,9312.7,0.0,1688.3,931.2,5.0,41.0,0.0,0.0,0.0,0.0,0.00,sweeping:6
beir500k-f32,neg40_cat14,neg40,212386,sweeping,128,3,6,1.0000,1.0000,0.00000,5.542,8.185,8.185,4.812,9312.7,0.0,1688.3,931.2,5.0,41.0,0.0,0.0,0.0,0.0,0.00,sweeping:6
beir500k-f32,neg40_cat14,neg40,212386,sweeping,256,1,6,1.0000,1.0000,0.00000,8.665,13.224,13.224,8.308,15144.3,0.0,3033.0,1760.5,13.0,83.0,0.0,0.0,0.0,0.0,0.00,sweeping:6
beir500k-f32,neg40_cat14,neg40,212386,sweeping,256,2,6,1.0000,1.0000,0.00000,8.962,13.027,13.027,8.353,15144.3,0.0,3033.0,1760.5,13.0,83.0,0.0,0.0,0.0,0.0,0.00,sweeping:6
beir500k-f32,neg40_cat14,neg40,212386,sweeping,256,3,6,1.0000,1.0000,0.00000,8.737,13.035,13.035,8.348,15144.3,0.0,3033.0,1760.5,13.0,83.0,0.0,0.0,0.0,0.0,0.00,sweeping:6
beir500k-f32,neg40_cat14,neg40,212386,sweeping,512,1,6,1.0000,1.0000,0.00000,13.294,21.640,21.640,14.194,24254.7,0.0,5576.3,3340.8,23.0,186.0,0.0,0.0,0.0,0.0,0.00,sweeping:6
beir500k-f32,neg40_cat14,neg40,212386,sweeping,512,2,6,1.0000,1.0000,0.00000,13.448,21.499,21.499,14.105,24254.7,0.0,5576.3,3340.8,23.0,186.0,0.0,0.0,0.0,0.0,0.00,sweeping:6
beir500k-f32,neg40_cat14,neg40,212386,sweeping,512,3,6,1.0000,1.0000,0.00000,13.511,21.706,21.706,14.234,24254.7,0.0,5576.3,3340.8,23.0,186.0,0.0,0.0,0.0,0.0,0.00,sweeping:6
beir500k-f32,neg40_cat14,neg40,212386,pathseer,64,1,6,1.0000,1.0000,0.00000,0.917,1.083,1.083,0.853,1661.7,0.0,3427.2,244.5,3.0,17.0,128.0,30.0,2173.2,2.0,0.00,pathseer:6
beir500k-f32,neg40_cat14,neg40,212386,pathseer,64,2,6,1.0000,1.0000,0.00000,0.877,1.024,1.024,0.817,1661.7,0.0,3427.2,244.5,3.0,17.0,128.0,30.0,2173.2,2.0,0.00,pathseer:6
beir500k-f32,neg40_cat14,neg40,212386,pathseer,64,3,6,1.0000,1.0000,0.00000,0.868,0.996,0.996,0.808,1661.7,0.0,3427.2,244.5,3.0,17.0,128.0,30.0,2173.2,2.0,0.00,pathseer:6
beir500k-f32,neg40_cat14,neg40,212386,pathseer,128,1,6,1.0000,1.0000,0.00000,1.915,2.115,2.115,1.693,2785.2,0.0,5918.2,494.7,4.0,29.0,192.0,42.5,3675.3,3.0,0.00,pathseer:6
beir500k-f32,neg40_cat14,neg40,212386,pathseer,128,2,6,1.0000,1.0000,0.00000,1.900,2.055,2.055,1.649,2785.2,0.0,5918.2,494.7,4.0,29.0,192.0,42.5,3675.3,3.0,0.00,pathseer:6
beir500k-f32,neg40_cat14,neg40,212386,pathseer,128,3,6,1.0000,1.0000,0.00000,1.874,2.041,2.041,1.649,2785.2,0.0,5918.2,494.7,4.0,29.0,192.0,42.5,3675.3,3.0,0.00,pathseer:6
beir500k-f32,neg40_cat14,neg40,212386,pathseer,256,1,6,1.0000,1.0000,0.00000,3.368,4.038,4.038,3.123,4669.2,0.0,10171.5,993.8,8.0,63.0,426.7,83.7,6060.3,6.7,0.00,pathseer:6
beir500k-f32,neg40_cat14,neg40,212386,pathseer,256,2,6,1.0000,1.0000,0.00000,3.423,3.999,3.999,3.146,4669.2,0.0,10171.5,993.8,8.0,63.0,426.7,83.7,6060.3,6.7,0.00,pathseer:6
beir500k-f32,neg40_cat14,neg40,212386,pathseer,256,3,6,1.0000,1.0000,0.00000,3.348,4.057,4.057,3.126,4669.2,0.0,10171.5,993.8,8.0,63.0,426.7,83.7,6060.3,6.7,0.00,pathseer:6
beir500k-f32,neg40_cat14,neg40,212386,pathseer,512,1,6,1.0000,1.0000,0.00000,5.613,7.763,7.763,5.732,7943.2,0.0,17345.8,1969.5,17.0,132.0,970.7,161.2,9806.3,15.2,0.00,pathseer:6
beir500k-f32,neg40_cat14,neg40,212386,pathseer,512,2,6,1.0000,1.0000,0.00000,5.601,7.850,7.850,5.737,7943.2,0.0,17345.8,1969.5,17.0,132.0,970.7,161.2,9806.3,15.2,0.00,pathseer:6
beir500k-f32,neg40_cat14,neg40,212386,pathseer,512,3,6,1.0000,1.0000,0.00000,5.539,7.478,7.478,5.617,7943.2,0.0,17345.8,1969.5,17.0,132.0,970.7,161.2,9806.3,15.2,0.00,pathseer:6
beir500k-f32,neg40_cat14,neg40,212386,ours-no-twohop,64,1,6,1.0000,1.0000,0.00000,0.912,1.099,1.099,0.861,1765.7,0.0,3652.8,279.5,3.0,17.0,0.0,0.0,2376.7,0.0,0.00,pathseer:6
beir500k-f32,neg40_cat14,neg40,212386,ours-no-twohop,64,2,6,1.0000,1.0000,0.00000,0.892,1.140,1.140,0.861,1765.7,0.0,3652.8,279.5,3.0,17.0,0.0,0.0,2376.7,0.0,0.00,pathseer:6
beir500k-f32,neg40_cat14,neg40,212386,ours-no-twohop,64,3,6,1.0000,1.0000,0.00000,0.875,1.117,1.117,0.844,1765.7,0.0,3652.8,279.5,3.0,17.0,0.0,0.0,2376.7,0.0,0.00,pathseer:6
beir500k-f32,neg40_cat14,neg40,212386,ours-no-twohop,128,1,6,1.0000,1.0000,0.00000,1.881,2.133,2.133,1.661,2920.7,0.0,6124.2,553.2,5.0,41.0,0.0,0.0,3848.7,0.0,0.00,pathseer:6
beir500k-f32,neg40_cat14,neg40,212386,ours-no-twohop,128,2,6,1.0000,1.0000,0.00000,1.887,2.236,2.236,1.683,2920.7,0.0,6124.2,553.2,5.0,41.0,0.0,0.0,3848.7,0.0,0.00,pathseer:6
beir500k-f32,neg40_cat14,neg40,212386,ours-no-twohop,128,3,6,1.0000,1.0000,0.00000,1.931,2.126,2.126,1.681,2920.7,0.0,6124.2,553.2,5.0,41.0,0.0,0.0,3848.7,0.0,0.00,pathseer:6
beir500k-f32,neg40_cat14,neg40,212386,ours-no-twohop,256,1,6,1.0000,1.0000,0.00000,3.343,4.154,4.154,3.172,4858.5,0.0,10315.8,1071.7,13.0,83.0,0.0,0.0,6303.0,0.0,0.00,pathseer:6
beir500k-f32,neg40_cat14,neg40,212386,ours-no-twohop,256,2,6,1.0000,1.0000,0.00000,3.577,4.085,4.085,3.170,4858.5,0.0,10315.8,1071.7,13.0,83.0,0.0,0.0,6303.0,0.0,0.00,pathseer:6
beir500k-f32,neg40_cat14,neg40,212386,ours-no-twohop,256,3,6,1.0000,1.0000,0.00000,3.381,4.331,4.331,3.173,4858.5,0.0,10315.8,1071.7,13.0,83.0,0.0,0.0,6303.0,0.0,0.00,pathseer:6
beir500k-f32,neg40_cat14,neg40,212386,ours-no-twohop,512,1,6,1.0000,1.0000,0.00000,6.153,9.069,9.069,6.705,8351.7,0.0,17545.2,2149.7,23.0,186.0,0.0,0.0,10216.3,0.0,0.00,pathseer:6
beir500k-f32,neg40_cat14,neg40,212386,ours-no-twohop,512,2,6,1.0000,1.0000,0.00000,5.886,9.186,9.186,6.350,8351.7,0.0,17545.2,2149.7,23.0,186.0,0.0,0.0,10216.3,0.0,0.00,pathseer:6
beir500k-f32,neg40_cat14,neg40,212386,ours-no-twohop,512,3,6,1.0000,1.0000,0.00000,6.033,8.135,8.135,6.101,8351.7,0.0,17545.2,2149.7,23.0,186.0,0.0,0.0,10216.3,0.0,0.00,pathseer:6
beir500k-f32,neg40_cat14,neg40,212386,ours-guard,64,1,6,1.0000,1.0000,0.00000,0.669,0.895,0.895,0.637,1097.0,0.0,3829.7,243.3,3.0,17.0,0.0,0.0,2653.8,0.0,0.00,pathseer:6
beir500k-f32,neg40_cat14,neg40,212386,ours-guard,64,2,6,1.0000,1.0000,0.00000,0.630,0.911,0.911,0.621,1097.0,0.0,3829.7,243.3,3.0,17.0,0.0,0.0,2653.8,0.0,0.00,pathseer:6
beir500k-f32,neg40_cat14,neg40,212386,ours-guard,64,3,6,1.0000,1.0000,0.00000,0.620,0.898,0.898,0.598,1097.0,0.0,3829.7,243.3,3.0,17.0,0.0,0.0,2653.8,0.0,0.00,pathseer:6
beir500k-f32,neg40_cat14,neg40,212386,ours-guard,128,1,6,1.0000,1.0000,0.00000,1.431,1.947,1.947,1.298,1929.2,0.0,6359.0,496.0,5.0,41.0,0.0,0.0,4301.7,0.0,0.00,pathseer:6
beir500k-f32,neg40_cat14,neg40,212386,ours-guard,128,2,6,1.0000,1.0000,0.00000,1.296,1.737,1.737,1.190,1929.2,0.0,6359.0,496.0,5.0,41.0,0.0,0.0,4301.7,0.0,0.00,pathseer:6
beir500k-f32,neg40_cat14,neg40,212386,ours-guard,128,3,6,1.0000,1.0000,0.00000,1.429,1.724,1.724,1.236,1929.2,0.0,6359.0,496.0,5.0,41.0,0.0,0.0,4301.7,0.0,0.00,pathseer:6
beir500k-f32,neg40_cat14,neg40,212386,ours-guard,256,1,6,1.0000,1.0000,0.00000,2.296,3.366,3.366,2.283,3355.3,0.0,10620.5,966.3,13.0,83.0,0.0,0.0,7035.3,0.0,0.00,pathseer:6
beir500k-f32,neg40_cat14,neg40,212386,ours-guard,256,2,6,1.0000,1.0000,0.00000,2.311,3.329,3.329,2.282,3355.3,0.0,10620.5,966.3,13.0,83.0,0.0,0.0,7035.3,0.0,0.00,pathseer:6
beir500k-f32,neg40_cat14,neg40,212386,ours-guard,256,3,6,1.0000,1.0000,0.00000,2.358,3.358,3.358,2.304,3355.3,0.0,10620.5,966.3,13.0,83.0,0.0,0.0,7035.3,0.0,0.00,pathseer:6
beir500k-f32,neg40_cat14,neg40,212386,ours-guard,512,1,6,1.0000,1.0000,0.00000,4.765,7.061,7.061,4.948,6147.5,0.0,17910.7,1958.2,23.0,186.0,0.0,0.0,11353.3,0.0,0.00,pathseer:6
beir500k-f32,neg40_cat14,neg40,212386,ours-guard,512,2,6,1.0000,1.0000,0.00000,4.993,6.975,6.975,5.013,6147.5,0.0,17910.7,1958.2,23.0,186.0,0.0,0.0,11353.3,0.0,0.00,pathseer:6
beir500k-f32,neg40_cat14,neg40,212386,ours-guard,512,3,6,1.0000,1.0000,0.00000,4.680,7.202,7.202,4.993,6147.5,0.0,17910.7,1958.2,23.0,186.0,0.0,0.0,11353.3,0.0,0.00,pathseer:6
beir500k-f32,neg40_cat14,neg40,212386,ours-puredos,64,1,6,0.8833,0.3333,0.00434,0.254,0.297,0.297,0.254,483.3,0.0,1657.7,68.5,9.0,8.0,0.0,0.0,1011.7,0.0,0.00,pathseer:6
beir500k-f32,neg40_cat14,neg40,212386,ours-puredos,64,2,6,0.8833,0.3333,0.00434,0.247,0.303,0.303,0.254,483.3,0.0,1657.7,68.5,9.0,8.0,0.0,0.0,1011.7,0.0,0.00,pathseer:6
beir500k-f32,neg40_cat14,neg40,212386,ours-puredos,64,3,6,0.8833,0.3333,0.00434,0.246,0.292,0.292,0.250,483.3,0.0,1657.7,68.5,9.0,8.0,0.0,0.0,1011.7,0.0,0.00,pathseer:6
beir500k-f32,neg40_cat14,neg40,212386,ours-puredos,128,1,6,0.9333,0.6667,0.00308,0.500,0.589,0.589,0.489,830.3,0.0,2829.8,130.8,20.0,18.0,0.0,0.0,1717.5,0.0,0.00,pathseer:6
beir500k-f32,neg40_cat14,neg40,212386,ours-puredos,128,2,6,0.9333,0.6667,0.00308,0.453,0.466,0.466,0.427,830.3,0.0,2829.8,130.8,20.0,18.0,0.0,0.0,1717.5,0.0,0.00,pathseer:6
beir500k-f32,neg40_cat14,neg40,212386,ours-puredos,128,3,6,0.9333,0.6667,0.00308,0.400,0.460,0.460,0.402,830.3,0.0,2829.8,130.8,20.0,18.0,0.0,0.0,1717.5,0.0,0.00,pathseer:6
beir500k-f32,neg40_cat14,neg40,212386,ours-puredos,256,1,6,0.9667,0.6667,0.00212,0.897,0.983,0.983,0.844,1509.8,0.0,4950.8,258.0,36.0,31.0,0.0,0.0,2928.8,0.0,0.00,pathseer:6
beir500k-f32,neg40_cat14,neg40,212386,ours-puredos,256,2,6,0.9667,0.6667,0.00212,0.876,1.000,1.000,0.842,1509.8,0.0,4950.8,258.0,36.0,31.0,0.0,0.0,2928.8,0.0,0.00,pathseer:6
beir500k-f32,neg40_cat14,neg40,212386,ours-puredos,256,3,6,0.9667,0.6667,0.00212,0.901,0.993,0.993,0.835,1509.8,0.0,4950.8,258.0,36.0,31.0,0.0,0.0,2928.8,0.0,0.00,pathseer:6
beir500k-f32,neg40_cat14,neg40,212386,ours-puredos,512,1,6,0.9667,0.6667,0.00212,1.775,2.715,2.715,1.986,2911.2,0.0,8871.5,514.3,98.0,76.0,0.0,0.0,5007.8,0.0,0.00,pathseer:6
beir500k-f32,neg40_cat14,neg40,212386,ours-puredos,512,2,6,0.9667,0.6667,0.00212,1.544,2.304,2.304,1.718,2911.2,0.0,8871.5,514.3,98.0,76.0,0.0,0.0,5007.8,0.0,0.00,pathseer:6
beir500k-f32,neg40_cat14,neg40,212386,ours-puredos,512,3,6,0.9667,0.6667,0.00212,1.527,2.214,2.214,1.653,2911.2,0.0,8871.5,514.3,98.0,76.0,0.0,0.0,5007.8,0.0,0.00,pathseer:6
beir500k-f32,neg40_cat15,neg40,220102,sweeping,64,1,84,0.9524,0.7024,0.00104,4.347,12.698,15.072,5.358,10133.1,0.0,1909.9,794.6,4.0,39.0,0.0,0.0,0.0,0.0,0.00,sweeping:84
beir500k-f32,neg40_cat15,neg40,220102,sweeping,64,2,84,0.9524,0.7024,0.00104,4.226,12.561,14.862,5.313,10133.1,0.0,1909.9,794.6,4.0,39.0,0.0,0.0,0.0,0.0,0.00,sweeping:84
beir500k-f32,neg40_cat15,neg40,220102,sweeping,64,3,84,0.9524,0.7024,0.00104,4.227,12.879,14.862,5.388,10133.1,0.0,1909.9,794.6,4.0,39.0,0.0,0.0,0.0,0.0,0.00,sweeping:84
beir500k-f32,neg40_cat15,neg40,220102,sweeping,128,1,84,0.9786,0.7976,0.00036,6.653,18.182,21.080,8.077,15033.4,0.0,3041.2,1257.2,6.0,67.0,0.0,0.0,0.0,0.0,0.00,sweeping:84
beir500k-f32,neg40_cat15,neg40,220102,sweeping,128,2,84,0.9786,0.7976,0.00036,6.728,18.516,21.276,8.056,15033.4,0.0,3041.2,1257.2,6.0,67.0,0.0,0.0,0.0,0.0,0.00,sweeping:84
beir500k-f32,neg40_cat15,neg40,220102,sweeping,128,3,84,0.9786,0.7976,0.00036,6.695,18.491,21.326,8.040,15033.4,0.0,3041.2,1257.2,6.0,67.0,0.0,0.0,0.0,0.0,0.00,sweeping:84
beir500k-f32,neg40_cat15,neg40,220102,sweeping,256,1,84,0.9857,0.8690,0.00019,11.000,27.334,28.638,12.437,22730.7,0.0,4909.0,2066.8,12.0,120.0,0.0,0.0,0.0,0.0,0.00,sweeping:84
beir500k-f32,neg40_cat15,neg40,220102,sweeping,256,2,84,0.9857,0.8690,0.00019,11.092,27.404,28.523,12.398,22730.7,0.0,4909.0,2066.8,12.0,120.0,0.0,0.0,0.0,0.0,0.00,sweeping:84
beir500k-f32,neg40_cat15,neg40,220102,sweeping,256,3,84,0.9857,0.8690,0.00019,11.025,27.247,28.478,12.438,22730.7,0.0,4909.0,2066.8,12.0,120.0,0.0,0.0,0.0,0.0,0.00,sweeping:84
beir500k-f32,neg40_cat15,neg40,220102,sweeping,512,1,84,0.9929,0.9286,0.00010,18.099,41.226,41.707,19.232,34322.3,0.0,7903.5,3399.5,26.0,205.0,0.0,0.0,0.0,0.0,0.00,sweeping:84
beir500k-f32,neg40_cat15,neg40,220102,sweeping,512,2,84,0.9929,0.9286,0.00010,18.247,38.467,41.383,19.227,34322.3,0.0,7903.5,3399.5,26.0,205.0,0.0,0.0,0.0,0.0,0.00,sweeping:84
beir500k-f32,neg40_cat15,neg40,220102,sweeping,512,3,84,0.9929,0.9286,0.00010,18.066,38.765,43.433,19.225,34322.3,0.0,7903.5,3399.5,26.0,205.0,0.0,0.0,0.0,0.0,0.00,sweeping:84
beir500k-f32,neg40_cat15,neg40,220102,pathseer,64,1,84,0.9369,0.6548,0.00131,1.404,2.847,3.673,1.482,2206.8,0.0,4939.9,349.3,3.0,25.0,131.0,30.2,3324.2,2.0,0.00,pathseer:84
beir500k-f32,neg40_cat15,neg40,220102,pathseer,64,2,84,0.9369,0.6548,0.00131,1.353,2.878,3.632,1.485,2206.8,0.0,4939.9,349.3,3.0,25.0,131.0,30.2,3324.2,2.0,0.00,pathseer:84
beir500k-f32,neg40_cat15,neg40,220102,pathseer,64,3,84,0.9369,0.6548,0.00131,1.382,3.024,3.623,1.518,2206.8,0.0,4939.9,349.3,3.0,25.0,131.0,30.2,3324.2,2.0,0.00,pathseer:84
beir500k-f32,neg40_cat15,neg40,220102,pathseer,128,1,84,0.9619,0.7619,0.00087,2.565,4.851,5.698,2.666,3895.9,0.0,7922.8,615.9,5.0,48.0,236.2,50.8,5126.4,3.7,0.00,pathseer:84
beir500k-f32,neg40_cat15,neg40,220102,pathseer,128,2,84,0.9619,0.7619,0.00087,2.479,4.589,5.587,2.593,3895.9,0.0,7922.8,615.9,5.0,48.0,236.2,50.8,5126.4,3.7,0.00,pathseer:84
beir500k-f32,neg40_cat15,neg40,220102,pathseer,128,3,84,0.9619,0.7619,0.00087,2.477,4.627,5.639,2.592,3895.9,0.0,7922.8,615.9,5.0,48.0,236.2,50.8,5126.4,3.7,0.00,pathseer:84
beir500k-f32,neg40_cat15,neg40,220102,pathseer,256,1,84,0.9702,0.8095,0.00063,4.427,7.660,10.045,4.545,6819.2,0.0,12810.0,1096.2,8.0,90.0,481.5,99.2,7901.3,7.5,0.00,pathseer:84
beir500k-f32,neg40_cat15,neg40,220102,pathseer,256,2,84,0.9702,0.8095,0.00063,4.344,7.510,9.887,4.523,6819.2,0.0,12810.0,1096.2,8.0,90.0,481.5,99.2,7901.3,7.5,0.00,pathseer:84
beir500k-f32,neg40_cat15,neg40,220102,pathseer,256,3,84,0.9702,0.8095,0.00063,4.384,7.543,10.426,4.578,6819.2,0.0,12810.0,1096.2,8.0,90.0,481.5,99.2,7901.3,7.5,0.00,pathseer:84
beir500k-f32,neg40_cat15,neg40,220102,pathseer,512,1,84,0.9893,0.9048,0.00013,7.627,12.757,16.658,7.955,11883.9,0.0,20443.5,1952.1,16.0,152.0,1029.3,192.7,11795.8,16.1,0.00,pathseer:84
beir500k-f32,neg40_cat15,neg40,220102,pathseer,512,2,84,0.9893,0.9048,0.00013,7.725,12.932,16.981,7.983,11883.9,0.0,20443.5,1952.1,16.0,152.0,1029.3,192.7,11795.8,16.1,0.00,pathseer:84
beir500k-f32,neg40_cat15,neg40,220102,pathseer,512,3,84,0.9893,0.9048,0.00013,7.606,13.391,16.913,8.090,11883.9,0.0,20443.5,1952.1,16.0,152.0,1029.3,192.7,11795.8,16.1,0.00,pathseer:84
beir500k-f32,neg40_cat15,neg40,220102,ours-no-twohop,64,1,84,0.9405,0.6786,0.00124,1.539,3.066,3.629,1.642,2417.8,0.0,5542.7,410.3,4.0,39.0,0.0,0.0,3770.8,0.0,0.00,pathseer:84
beir500k-f32,neg40_cat15,neg40,220102,ours-no-twohop,64,2,84,0.9405,0.6786,0.00124,1.591,3.112,3.635,1.658,2417.8,0.0,5542.7,410.3,4.0,39.0,0.0,0.0,3770.8,0.0,0.00,pathseer:84
beir500k-f32,neg40_cat15,neg40,220102,ours-no-twohop,64,3,84,0.9405,0.6786,0.00124,1.562,3.103,3.593,1.643,2417.8,0.0,5542.7,410.3,4.0,39.0,0.0,0.0,3770.8,0.0,0.00,pathseer:84
beir500k-f32,neg40_cat15,neg40,220102,ours-no-twohop,128,1,84,0.9631,0.7738,0.00086,2.755,5.270,5.717,2.866,4234.1,0.0,8658.4,700.8,6.0,67.0,0.0,0.0,5657.6,0.0,0.00,pathseer:84
beir500k-f32,neg40_cat15,neg40,220102,ours-no-twohop,128,2,84,0.9631,0.7738,0.00086,2.776,5.235,5.801,2.858,4234.1,0.0,8658.4,700.8,6.0,67.0,0.0,0.0,5657.6,0.0,0.00,pathseer:84
beir500k-f32,neg40_cat15,neg40,220102,ours-no-twohop,128,3,84,0.9631,0.7738,0.00086,2.787,5.279,5.639,2.890,4234.1,0.0,8658.4,700.8,6.0,67.0,0.0,0.0,5657.6,0.0,0.00,pathseer:84
beir500k-f32,neg40_cat15,neg40,220102,ours-no-twohop,256,1,84,0.9810,0.8452,0.00030,4.569,7.962,10.475,4.847,7253.7,0.0,13417.2,1207.2,12.0,120.0,0.0,0.0,8406.4,0.0,0.00,pathseer:84
beir500k-f32,neg40_cat15,neg40,220102,ours-no-twohop,256,2,84,0.9810,0.8452,0.00030,4.557,8.015,10.121,4.838,7253.7,0.0,13417.2,1207.2,12.0,120.0,0.0,0.0,8406.4,0.0,0.00,pathseer:84
beir500k-f32,neg40_cat15,neg40,220102,ours-no-twohop,256,3,84,0.9810,0.8452,0.00030,4.552,7.992,10.246,4.855,7253.7,0.0,13417.2,1207.2,12.0,120.0,0.0,0.0,8406.4,0.0,0.00,pathseer:84
beir500k-f32,neg40_cat15,neg40,220102,ours-no-twohop,512,1,84,0.9905,0.9167,0.00011,8.072,13.923,16.682,8.429,12544.3,0.0,20959.7,2113.4,26.0,205.0,0.0,0.0,12406.3,0.0,0.00,pathseer:84
beir500k-f32,neg40_cat15,neg40,220102,ours-no-twohop,512,2,84,0.9905,0.9167,0.00011,8.006,13.832,16.736,8.386,12544.3,0.0,20959.7,2113.4,26.0,205.0,0.0,0.0,12406.3,0.0,0.00,pathseer:84
beir500k-f32,neg40_cat15,neg40,220102,ours-no-twohop,512,3,84,0.9905,0.9167,0.00011,8.290,13.951,16.729,8.516,12544.3,0.0,20959.7,2113.4,26.0,205.0,0.0,0.0,12406.3,0.0,0.00,pathseer:84
beir500k-f32,neg40_cat15,neg40,220102,ours-guard,64,1,84,0.9298,0.6190,0.00153,1.407,2.889,3.466,1.485,2074.8,0.0,6008.7,392.8,4.0,39.0,0.0,0.0,3815.0,0.0,0.00,pathseer:84
beir500k-f32,neg40_cat15,neg40,220102,ours-guard,64,2,84,0.9298,0.6190,0.00153,1.460,2.880,3.535,1.500,2074.8,0.0,6008.7,392.8,4.0,39.0,0.0,0.0,3815.0,0.0,0.00,pathseer:84
beir500k-f32,neg40_cat15,neg40,220102,ours-guard,64,3,84,0.9298,0.6190,0.00153,1.499,3.210,3.694,1.567,2074.8,0.0,6008.7,392.8,4.0,39.0,0.0,0.0,3815.0,0.0,0.00,pathseer:84
beir500k-f32,neg40_cat15,neg40,220102,ours-guard,128,1,84,0.9607,0.7500,0.00092,2.454,4.772,5.505,2.592,3660.2,0.0,9658.2,671.5,6.0,67.0,0.0,0.0,5775.7,0.0,0.00,pathseer:84
beir500k-f32,neg40_cat15,neg40,220102,ours-guard,128,2,84,0.9607,0.7500,0.00092,2.465,4.742,5.450,2.584,3660.2,0.0,9658.2,671.5,6.0,67.0,0.0,0.0,5775.7,0.0,0.00,pathseer:84
beir500k-f32,neg40_cat15,neg40,220102,ours-guard,128,3,84,0.9607,0.7500,0.00092,2.456,4.768,5.523,2.594,3660.2,0.0,9658.2,671.5,6.0,67.0,0.0,0.0,5775.7,0.0,0.00,pathseer:84
beir500k-f32,neg40_cat15,neg40,220102,ours-guard,256,1,84,0.9786,0.8214,0.00031,4.113,7.686,9.472,4.440,6333.0,0.0,15414.4,1159.6,12.0,120.0,0.0,0.0,8665.7,0.0,0.00,pathseer:84
beir500k-f32,neg40_cat15,neg40,220102,ours-guard,256,2,84,0.9786,0.8214,0.00031,4.104,7.850,9.220,4.447,6333.0,0.0,15414.4,1159.6,12.0,120.0,0.0,0.0,8665.7,0.0,0.00,pathseer:84
beir500k-f32,neg40_cat15,neg40,220102,ours-guard,256,3,84,0.9786,0.8214,0.00031,4.208,7.772,9.276,4.465,6333.0,0.0,15414.4,1159.6,12.0,120.0,0.0,0.0,8665.7,0.0,0.00,pathseer:84
beir500k-f32,neg40_cat15,neg40,220102,ours-guard,512,1,84,0.9893,0.9167,0.00014,7.362,13.182,15.768,7.838,11051.6,0.0,24773.2,2037.1,26.0,205.0,0.0,0.0,12939.3,0.0,0.00,pathseer:84
beir500k-f32,neg40_cat15,neg40,220102,ours-guard,512,2,84,0.9893,0.9167,0.00014,7.220,13.103,15.666,7.768,11051.6,0.0,24773.2,2037.1,26.0,205.0,0.0,0.0,12939.3,0.0,0.00,pathseer:84
beir500k-f32,neg40_cat15,neg40,220102,ours-guard,512,3,84,0.9893,0.9167,0.00014,7.254,13.143,15.685,7.803,11051.6,0.0,24773.2,2037.1,26.0,205.0,0.0,0.0,12939.3,0.0,0.00,pathseer:84
beir500k-f32,neg40_cat15,neg40,220102,ours-puredos,64,1,9,0.5556,0.2222,0.00270,0.356,0.523,0.523,0.299,697.0,0.0,1173.0,48.4,5.0,5.0,0.0,0.0,317.1,0.0,0.00,pathseer:9
beir500k-f32,neg40_cat15,neg40,220102,ours-puredos,64,2,9,0.5556,0.2222,0.00270,0.358,0.522,0.522,0.297,697.0,0.0,1173.0,48.4,5.0,5.0,0.0,0.0,317.1,0.0,0.00,pathseer:9
beir500k-f32,neg40_cat15,neg40,220102,ours-puredos,64,3,9,0.5556,0.2222,0.00270,0.363,0.522,0.522,0.295,697.0,0.0,1173.0,48.4,5.0,5.0,0.0,0.0,317.1,0.0,0.00,pathseer:9
beir500k-f32,neg40_cat15,neg40,220102,ours-puredos,128,1,9,0.5889,0.3333,0.00205,0.832,1.090,1.090,0.642,1243.0,0.0,2007.2,88.3,8.0,8.0,0.0,0.0,496.6,0.0,0.00,pathseer:9
beir500k-f32,neg40_cat15,neg40,220102,ours-puredos,128,2,9,0.5889,0.3333,0.00205,0.814,1.158,1.158,0.624,1243.0,0.0,2007.2,88.3,8.0,8.0,0.0,0.0,496.6,0.0,0.00,pathseer:9
beir500k-f32,neg40_cat15,neg40,220102,ours-puredos,128,3,9,0.5889,0.3333,0.00205,0.900,1.148,1.148,0.670,1243.0,0.0,2007.2,88.3,8.0,8.0,0.0,0.0,496.6,0.0,0.00,pathseer:9
beir500k-f32,neg40_cat15,neg40,220102,ours-puredos,256,1,9,0.5889,0.3333,0.00194,1.742,2.351,2.351,1.371,2435.6,0.0,3793.9,177.6,16.0,16.0,0.0,0.0,866.0,0.0,0.00,pathseer:9
beir500k-f32,neg40_cat15,neg40,220102,ours-puredos,256,2,9,0.5889,0.3333,0.00194,1.708,2.391,2.391,1.374,2435.6,0.0,3793.9,177.6,16.0,16.0,0.0,0.0,866.0,0.0,0.00,pathseer:9
beir500k-f32,neg40_cat15,neg40,220102,ours-puredos,256,3,9,0.5889,0.3333,0.00194,1.750,2.382,2.382,1.393,2435.6,0.0,3793.9,177.6,16.0,16.0,0.0,0.0,866.0,0.0,0.00,pathseer:9
beir500k-f32,neg40_cat15,neg40,220102,ours-puredos,512,1,9,0.6333,0.5556,0.00093,3.613,4.672,4.672,2.731,4412.7,0.0,6766.6,344.3,34.0,32.0,0.0,0.0,1437.2,0.0,0.00,pathseer:9
beir500k-f32,neg40_cat15,neg40,220102,ours-puredos,512,2,9,0.6333,0.5556,0.00093,3.332,4.416,4.416,2.589,4412.7,0.0,6766.6,344.3,34.0,32.0,0.0,0.0,1437.2,0.0,0.00,pathseer:9
beir500k-f32,neg40_cat15,neg40,220102,ours-puredos,512,3,9,0.6333,0.5556,0.00093,3.460,4.391,4.391,2.561,4412.7,0.0,6766.6,344.3,34.0,32.0,0.0,0.0,1437.2,0.0,0.00,pathseer:9
beir500k-f32,neg40_cat16,neg40,209134,sweeping,64,1,42,0.9952,0.9524,0.00004,26.427,41.696,46.562,27.341,38289.2,0.0,13170.8,10008.7,4.0,440.0,0.0,0.0,0.0,0.0,0.00,sweeping:42
beir500k-f32,neg40_cat16,neg40,209134,sweeping,64,2,42,0.9952,0.9524,0.00004,26.907,41.248,46.068,26.887,38289.2,0.0,13170.8,10008.7,4.0,440.0,0.0,0.0,0.0,0.0,0.00,sweeping:42
beir500k-f32,neg40_cat16,neg40,209134,sweeping,64,3,42,0.9952,0.9524,0.00004,26.146,41.370,46.463,26.952,38289.2,0.0,13170.8,10008.7,4.0,440.0,0.0,0.0,0.0,0.0,0.00,sweeping:42
beir500k-f32,neg40_cat16,neg40,209134,sweeping,128,1,42,0.9976,0.9762,0.00002,35.556,49.639,52.868,34.892,48341.5,0.0,17841.4,13469.2,7.0,748.0,0.0,0.0,0.0,0.0,0.00,sweeping:42
beir500k-f32,neg40_cat16,neg40,209134,sweeping,128,2,42,0.9976,0.9762,0.00002,36.120,49.991,52.671,35.135,48341.5,0.0,17841.4,13469.2,7.0,748.0,0.0,0.0,0.0,0.0,0.00,sweeping:42
beir500k-f32,neg40_cat16,neg40,209134,sweeping,128,3,42,0.9976,0.9762,0.00002,35.056,48.249,52.862,34.953,48341.5,0.0,17841.4,13469.2,7.0,748.0,0.0,0.0,0.0,0.0,0.00,sweeping:42
beir500k-f32,neg40_cat16,neg40,209134,sweeping,256,1,42,1.0000,1.0000,0.00000,47.683,57.797,61.553,45.442,61455.5,0.0,24039.7,18048.3,15.0,1406.0,0.0,0.0,0.0,0.0,0.00,sweeping:42
beir500k-f32,neg40_cat16,neg40,209134,sweeping,256,2,42,1.0000,1.0000,0.00000,48.112,58.792,78.657,46.148,61455.5,0.0,24039.7,18048.3,15.0,1406.0,0.0,0.0,0.0,0.0,0.00,sweeping:42
beir500k-f32,neg40_cat16,neg40,209134,sweeping,256,3,42,1.0000,1.0000,0.00000,46.784,58.039,61.162,45.586,61455.5,0.0,24039.7,18048.3,15.0,1406.0,0.0,0.0,0.0,0.0,0.00,sweeping:42
beir500k-f32,neg40_cat16,neg40,209134,sweeping,512,1,42,1.0000,1.0000,0.00000,62.821,73.090,74.506,59.930,79550.6,0.0,32505.9,24028.0,35.0,2616.0,0.0,0.0,0.0,0.0,0.00,sweeping:42
beir500k-f32,neg40_cat16,neg40,209134,sweeping,512,2,42,1.0000,1.0000,0.00000,62.182,72.811,100.437,60.466,79550.6,0.0,32505.9,24028.0,35.0,2616.0,0.0,0.0,0.0,0.0,0.00,sweeping:42
beir500k-f32,neg40_cat16,neg40,209134,sweeping,512,3,42,1.0000,1.0000,0.00000,62.600,72.408,74.128,59.912,79550.6,0.0,32505.9,24028.0,35.0,2616.0,0.0,0.0,0.0,0.0,0.00,sweeping:42
beir500k-f32,neg40_cat16,neg40,209134,pathseer,64,1,42,0.9905,0.9048,0.00022,5.571,9.006,11.455,5.684,5425.6,0.0,24840.4,3272.3,4.0,400.0,187.4,6.6,16688.9,2.9,0.00,pathseer:42
beir500k-f32,neg40_cat16,neg40,209134,pathseer,64,2,42,0.9905,0.9048,0.00022,5.913,9.148,13.354,5.932,5425.6,0.0,24840.4,3272.3,4.0,400.0,187.4,6.6,16688.9,2.9,0.00,pathseer:42
beir500k-f32,neg40_cat16,neg40,209134,pathseer,64,3,42,0.9905,0.9048,0.00022,5.573,9.089,11.162,5.694,5425.6,0.0,24840.4,3272.3,4.0,400.0,187.4,6.6,16688.9,2.9,0.00,pathseer:42
beir500k-f32,neg40_cat16,neg40,209134,pathseer,128,1,42,0.9952,0.9524,0.00010,9.559,16.126,16.719,9.783,9207.2,0.0,35439.1,5542.6,6.0,724.0,379.1,13.6,21652.5,5.9,0.00,pathseer:42
beir500k-f32,neg40_cat16,neg40,209134,pathseer,128,2,42,0.9952,0.9524,0.00010,9.477,15.276,16.310,9.721,9207.2,0.0,35439.1,5542.6,6.0,724.0,379.1,13.6,21652.5,5.9,0.00,pathseer:42
beir500k-f32,neg40_cat16,neg40,209134,pathseer,128,3,42,0.9952,0.9524,0.00010,9.584,15.271,16.477,9.739,9207.2,0.0,35439.1,5542.6,6.0,724.0,379.1,13.6,21652.5,5.9,0.00,pathseer:42
beir500k-f32,neg40_cat16,neg40,209134,pathseer,256,1,42,0.9976,0.9762,0.00009,15.884,23.948,24.492,15.865,14917.6,0.0,49344.6,8919.7,13.0,1320.0,875.6,23.5,27029.3,13.7,0.00,pathseer:42
beir500k-f32,neg40_cat16,neg40,209134,pathseer,256,2,42,0.9976,0.9762,0.00009,15.705,23.897,24.972,15.914,14917.6,0.0,49344.6,8919.7,13.0,1320.0,875.6,23.5,27029.3,13.7,0.00,pathseer:42
beir500k-f32,neg40_cat16,neg40,209134,pathseer,256,3,42,0.9976,0.9762,0.00009,15.884,23.638,25.903,15.996,14917.6,0.0,49344.6,8919.7,13.0,1320.0,875.6,23.5,27029.3,13.7,0.00,pathseer:42
beir500k-f32,neg40_cat16,neg40,209134,pathseer,512,1,42,1.0000,1.0000,0.00000,25.715,35.111,37.160,25.154,23775.5,0.0,67754.3,13952.2,31.0,2495.0,2042.8,52.6,32514.7,31.9,0.00,pathseer:42
beir500k-f32,neg40_cat16,neg40,209134,pathseer,512,2,42,1.0000,1.0000,0.00000,25.611,35.436,37.545,25.098,23775.5,0.0,67754.3,13952.2,31.0,2495.0,2042.8,52.6,32514.7,31.9,0.00,pathseer:42
beir500k-f32,neg40_cat16,neg40,209134,pathseer,512,3,42,1.0000,1.0000,0.00000,26.042,36.007,37.202,25.431,23775.5,0.0,67754.3,13952.2,31.0,2495.0,2042.8,52.6,32514.7,31.9,0.00,pathseer:42
beir500k-f32,neg40_cat16,neg40,209134,ours-no-twohop,64,1,42,0.9905,0.9048,0.00022,6.177,9.133,11.133,5.994,5733.2,0.0,25609.6,3460.8,4.0,440.0,0.0,0.0,17138.0,0.0,0.00,pathseer:42
beir500k-f32,neg40_cat16,neg40,209134,ours-no-twohop,64,2,42,0.9905,0.9048,0.00022,6.157,9.354,11.277,6.119,5733.2,0.0,25609.6,3460.8,4.0,440.0,0.0,0.0,17138.0,0.0,0.00,pathseer:42
beir500k-f32,neg40_cat16,neg40,209134,ours-no-twohop,64,3,42,0.9905,0.9048,0.00022,6.577,14.865,16.800,6.947,5733.2,0.0,25609.6,3460.8,4.0,440.0,0.0,0.0,17138.0,0.0,0.00,pathseer:42
beir500k-f32,neg40_cat16,neg40,209134,ours-no-twohop,128,1,42,0.9952,0.9524,0.00010,9.856,15.233,16.351,10.051,9574.5,0.0,35995.8,5755.3,7.0,748.0,0.0,0.0,21979.5,0.0,0.00,pathseer:42
beir500k-f32,neg40_cat16,neg40,209134,ours-no-twohop,128,2,42,0.9952,0.9524,0.00010,9.939,15.167,16.411,10.138,9574.5,0.0,35995.8,5755.3,7.0,748.0,0.0,0.0,21979.5,0.0,0.00,pathseer:42
beir500k-f32,neg40_cat16,neg40,209134,ours-no-twohop,128,3,42,0.9952,0.9524,0.00010,9.977,15.345,16.593,10.268,9574.5,0.0,35995.8,5755.3,7.0,748.0,0.0,0.0,21979.5,0.0,0.00,pathseer:42
beir500k-f32,neg40_cat16,neg40,209134,ours-no-twohop,256,1,42,0.9976,0.9762,0.00009,15.984,23.752,24.802,16.271,15259.0,0.0,49255.7,9132.3,15.0,1406.0,0.0,0.0,27159.3,0.0,0.00,pathseer:42
beir500k-f32,neg40_cat16,neg40,209134,ours-no-twohop,256,2,42,0.9976,0.9762,0.00009,15.754,23.919,24.745,16.281,15259.0,0.0,49255.7,9132.3,15.0,1406.0,0.0,0.0,27159.3,0.0,0.00,pathseer:42
beir500k-f32,neg40_cat16,neg40,209134,ours-no-twohop,256,3,42,0.9976,0.9762,0.00009,15.936,24.036,24.786,16.374,15259.0,0.0,49255.7,9132.3,15.0,1406.0,0.0,0.0,27159.3,0.0,0.00,pathseer:42
beir500k-f32,neg40_cat16,neg40,209134,ours-no-twohop,512,1,42,1.0000,1.0000,0.00000,26.436,35.220,36.309,25.732,24325.4,0.0,66988.6,14279.6,35.0,2616.0,0.0,0.0,32595.0,0.0,0.00,pathseer:42
beir500k-f32,neg40_cat16,neg40,209134,ours-no-twohop,512,2,42,1.0000,1.0000,0.00000,26.517,35.206,36.338,25.604,24325.4,0.0,66988.6,14279.6,35.0,2616.0,0.0,0.0,32595.0,0.0,0.00,pathseer:42
beir500k-f32,neg40_cat16,neg40,209134,ours-no-twohop,512,3,42,1.0000,1.0000,0.00000,26.050,35.801,36.102,25.744,24325.4,0.0,66988.6,14279.6,35.0,2616.0,0.0,0.0,32595.0,0.0,0.00,pathseer:42
beir500k-f32,neg40_cat16,neg40,209134,ours-guard,64,1,42,0.9905,0.9048,0.00022,5.964,9.021,10.947,5.965,5450.6,0.0,22700.2,3443.2,4.0,440.0,0.0,0.0,17146.1,0.0,0.00,pathseer:42
beir500k-f32,neg40_cat16,neg40,209134,ours-guard,64,2,42,0.9905,0.9048,0.00022,5.945,9.054,11.147,5.901,5450.6,0.0,22700.2,3443.2,4.0,440.0,0.0,0.0,17146.1,0.0,0.00,pathseer:42
beir500k-f32,neg40_cat16,neg40,209134,ours-guard,64,3,42,0.9905,0.9048,0.00022,5.794,8.936,11.265,5.841,5450.6,0.0,22700.2,3443.2,4.0,440.0,0.0,0.0,17146.1,0.0,0.00,pathseer:42
beir500k-f32,neg40_cat16,neg40,209134,ours-guard,128,1,42,0.9929,0.9286,0.00013,9.477,14.974,16.130,9.880,9080.0,0.0,31290.2,5727.1,7.0,748.0,0.0,0.0,22021.9,0.0,0.00,pathseer:42
beir500k-f32,neg40_cat16,neg40,209134,ours-guard,128,2,42,0.9929,0.9286,0.00013,9.579,14.867,16.148,9.784,9080.0,0.0,31290.2,5727.1,7.0,748.0,0.0,0.0,22021.9,0.0,0.00,pathseer:42
beir500k-f32,neg40_cat16,neg40,209134,ours-guard,128,3,42,0.9929,0.9286,0.00013,9.432,15.192,16.189,9.832,9080.0,0.0,31290.2,5727.1,7.0,748.0,0.0,0.0,22021.9,0.0,0.00,pathseer:42
beir500k-f32,neg40_cat16,neg40,209134,ours-guard,256,1,42,0.9976,0.9762,0.00009,15.420,23.417,24.007,15.775,14404.2,0.0,41959.7,9075.6,15.0,1406.0,0.0,0.0,27202.0,0.0,0.00,pathseer:42
beir500k-f32,neg40_cat16,neg40,209134,ours-guard,256,2,42,0.9976,0.9762,0.00009,15.392,23.175,23.800,15.665,14404.2,0.0,41959.7,9075.6,15.0,1406.0,0.0,0.0,27202.0,0.0,0.00,pathseer:42
beir500k-f32,neg40_cat16,neg40,209134,ours-guard,256,3,42,0.9976,0.9762,0.00009,15.258,22.967,24.117,15.710,14404.2,0.0,41959.7,9075.6,15.0,1406.0,0.0,0.0,27202.0,0.0,0.00,pathseer:42
beir500k-f32,neg40_cat16,neg40,209134,ours-guard,512,1,42,1.0000,1.0000,0.00000,25.618,33.990,35.186,24.702,22859.1,0.0,56188.0,14174.6,35.0,2616.0,0.0,0.0,32651.9,0.0,0.00,pathseer:42
beir500k-f32,neg40_cat16,neg40,209134,ours-guard,512,2,42,1.0000,1.0000,0.00000,24.794,33.966,35.106,24.785,22859.1,0.0,56188.0,14174.6,35.0,2616.0,0.0,0.0,32651.9,0.0,0.00,pathseer:42
beir500k-f32,neg40_cat16,neg40,209134,ours-guard,512,3,42,1.0000,1.0000,0.00000,24.718,34.569,35.491,24.749,22859.1,0.0,56188.0,14174.6,35.0,2616.0,0.0,0.0,32651.9,0.0,0.00,pathseer:42
beir500k-f32,neg40_cat16,neg40,209134,ours-puredos,64,1,9,0.1889,0.1111,0.00020,0.032,0.392,0.392,0.107,196.9,0.0,437.9,16.8,10.0,9.0,0.0,0.0,193.7,0.0,0.00,pathseer:9
beir500k-f32,neg40_cat16,neg40,209134,ours-puredos,64,2,9,0.1889,0.1111,0.00020,0.031,0.381,0.381,0.098,196.9,0.0,437.9,16.8,10.0,9.0,0.0,0.0,193.7,0.0,0.00,pathseer:9
beir500k-f32,neg40_cat16,neg40,209134,ours-puredos,64,3,9,0.1889,0.1111,0.00020,0.028,0.357,0.357,0.093,196.9,0.0,437.9,16.8,10.0,9.0,0.0,0.0,193.7,0.0,0.00,pathseer:9
beir500k-f32,neg40_cat16,neg40,209134,ours-puredos,128,1,9,0.2000,0.1111,0.00014,0.033,0.630,0.630,0.163,342.8,0.0,740.0,30.2,16.0,13.0,0.0,0.0,313.1,0.0,0.00,pathseer:9
beir500k-f32,neg40_cat16,neg40,209134,ours-puredos,128,2,9,0.2000,0.1111,0.00014,0.031,0.638,0.638,0.160,342.8,0.0,740.0,30.2,16.0,13.0,0.0,0.0,313.1,0.0,0.00,pathseer:9
beir500k-f32,neg40_cat16,neg40,209134,ours-puredos,128,3,9,0.2000,0.1111,0.00014,0.032,0.652,0.652,0.162,342.8,0.0,740.0,30.2,16.0,13.0,0.0,0.0,313.1,0.0,0.00,pathseer:9
beir500k-f32,neg40_cat16,neg40,209134,ours-puredos,256,1,9,0.2000,0.1111,0.00014,0.032,1.229,1.229,0.283,619.0,0.0,1309.1,58.6,24.0,24.0,0.0,0.0,537.7,0.0,0.00,pathseer:9
beir500k-f32,neg40_cat16,neg40,209134,ours-puredos,256,2,9,0.2000,0.1111,0.00014,0.032,1.214,1.214,0.281,619.0,0.0,1309.1,58.6,24.0,24.0,0.0,0.0,537.7,0.0,0.00,pathseer:9
beir500k-f32,neg40_cat16,neg40,209134,ours-puredos,256,3,9,0.2000,0.1111,0.00014,0.032,1.231,1.231,0.284,619.0,0.0,1309.1,58.6,24.0,24.0,0.0,0.0,537.7,0.0,0.00,pathseer:9
beir500k-f32,neg40_cat16,neg40,209134,ours-puredos,512,1,9,0.2000,0.1111,0.00010,0.042,3.869,3.869,0.747,1351.1,0.0,2543.7,119.0,51.0,48.0,0.0,0.0,892.3,0.0,0.00,pathseer:9
beir500k-f32,neg40_cat16,neg40,209134,ours-puredos,512,2,9,0.2000,0.1111,0.00010,0.046,3.807,3.807,0.768,1351.1,0.0,2543.7,119.0,51.0,48.0,0.0,0.0,892.3,0.0,0.00,pathseer:9
beir500k-f32,neg40_cat16,neg40,209134,ours-puredos,512,3,9,0.2000,0.1111,0.00010,0.046,4.159,4.159,0.794,1351.1,0.0,2543.7,119.0,51.0,48.0,0.0,0.0,892.3,0.0,0.00,pathseer:9
beir500k-f32,neg40_cat17,neg40,224270,sweeping,64,1,45,0.9867,0.8889,0.00030,2.456,4.796,6.829,2.667,5258.0,0.0,812.6,383.4,3.0,10.0,0.0,0.0,0.0,0.0,0.00,sweeping:45
beir500k-f32,neg40_cat17,neg40,224270,sweeping,64,2,45,0.9867,0.8889,0.00030,2.498,4.685,6.875,2.654,5258.0,0.0,812.6,383.4,3.0,10.0,0.0,0.0,0.0,0.0,0.00,sweeping:45
beir500k-f32,neg40_cat17,neg40,224270,sweeping,64,3,45,0.9867,0.8889,0.00030,2.482,4.680,6.768,2.664,5258.0,0.0,812.6,383.4,3.0,10.0,0.0,0.0,0.0,0.0,0.00,sweeping:45
beir500k-f32,neg40_cat17,neg40,224270,sweeping,128,1,45,0.9956,0.9778,0.00009,3.890,7.365,9.319,4.247,8171.9,0.0,1353.8,637.2,6.0,20.0,0.0,0.0,0.0,0.0,0.00,sweeping:45
beir500k-f32,neg40_cat17,neg40,224270,sweeping,128,2,45,0.9956,0.9778,0.00009,3.725,7.323,9.428,4.218,8171.9,0.0,1353.8,637.2,6.0,20.0,0.0,0.0,0.0,0.0,0.00,sweeping:45
beir500k-f32,neg40_cat17,neg40,224270,sweeping,128,3,45,0.9956,0.9778,0.00009,3.727,7.328,9.238,4.289,8171.9,0.0,1353.8,637.2,6.0,20.0,0.0,0.0,0.0,0.0,0.00,sweeping:45
beir500k-f32,neg40_cat17,neg40,224270,sweeping,256,1,45,1.0000,1.0000,0.00000,6.337,12.302,12.919,6.984,12919.6,0.0,2271.4,1083.9,11.0,44.0,0.0,0.0,0.0,0.0,0.00,sweeping:45
beir500k-f32,neg40_cat17,neg40,224270,sweeping,256,2,45,1.0000,1.0000,0.00000,6.163,11.702,12.758,6.845,12919.6,0.0,2271.4,1083.9,11.0,44.0,0.0,0.0,0.0,0.0,0.00,sweeping:45
beir500k-f32,neg40_cat17,neg40,224270,sweeping,256,3,45,1.0000,1.0000,0.00000,6.176,11.873,12.665,6.933,12919.6,0.0,2271.4,1083.9,11.0,44.0,0.0,0.0,0.0,0.0,0.00,sweeping:45
beir500k-f32,neg40_cat17,neg40,224270,sweeping,512,1,45,1.0000,1.0000,0.00000,10.128,18.631,19.380,11.022,20195.6,0.0,3846.8,1853.4,24.0,77.0,0.0,0.0,0.0,0.0,0.00,sweeping:45
beir500k-f32,neg40_cat17,neg40,224270,sweeping,512,2,45,1.0000,1.0000,0.00000,10.320,19.352,19.548,11.085,20195.6,0.0,3846.8,1853.4,24.0,77.0,0.0,0.0,0.0,0.0,0.00,sweeping:45
beir500k-f32,neg40_cat17,neg40,224270,sweeping,512,3,45,1.0000,1.0000,0.00000,10.188,18.773,19.439,11.029,20195.6,0.0,3846.8,1853.4,24.0,77.0,0.0,0.0,0.0,0.0,0.00,sweeping:45
beir500k-f32,neg40_cat17,neg40,224270,pathseer,64,1,45,0.9800,0.8444,0.00042,1.059,1.342,2.154,1.090,1903.1,0.0,2440.7,177.8,3.0,4.0,117.0,41.8,1327.3,1.8,0.00,pathseer:45
beir500k-f32,neg40_cat17,neg40,224270,pathseer,64,2,45,0.9800,0.8444,0.00042,1.152,1.422,2.130,1.138,1903.1,0.0,2440.7,177.8,3.0,4.0,117.0,41.8,1327.3,1.8,0.00,pathseer:45
beir500k-f32,neg40_cat17,neg40,224270,pathseer,64,3,45,0.9800,0.8444,0.00042,1.110,1.458,2.335,1.138,1903.1,0.0,2440.7,177.8,3.0,4.0,117.0,41.8,1327.3,1.8,0.00,pathseer:45
beir500k-f32,neg40_cat17,neg40,224270,pathseer,128,1,45,0.9911,0.9333,0.00010,1.896,2.429,3.261,1.953,3336.0,0.0,4039.9,334.9,4.0,11.0,188.1,65.5,2111.6,3.0,0.00,pathseer:45
beir500k-f32,neg40_cat17,neg40,224270,pathseer,128,2,45,0.9911,0.9333,0.00010,1.879,2.449,3.238,1.919,3336.0,0.0,4039.9,334.9,4.0,11.0,188.1,65.5,2111.6,3.0,0.00,pathseer:45
beir500k-f32,neg40_cat17,neg40,224270,pathseer,128,3,45,0.9911,0.9333,0.00010,1.851,2.453,3.333,1.914,3336.0,0.0,4039.9,334.9,4.0,11.0,188.1,65.5,2111.6,3.0,0.00,pathseer:45
beir500k-f32,neg40_cat17,neg40,224270,pathseer,256,1,45,0.9978,0.9778,0.00001,3.410,4.431,5.336,3.406,5834.6,0.0,6609.2,616.0,6.0,22.0,367.3,129.6,3257.3,5.8,0.00,pathseer:45
beir500k-f32,neg40_cat17,neg40,224270,pathseer,256,2,45,0.9978,0.9778,0.00001,3.434,4.456,5.338,3.400,5834.6,0.0,6609.2,616.0,6.0,22.0,367.3,129.6,3257.3,5.8,0.00,pathseer:45
beir500k-f32,neg40_cat17,neg40,224270,pathseer,256,3,45,0.9978,0.9778,0.00001,3.428,4.438,5.443,3.405,5834.6,0.0,6609.2,616.0,6.0,22.0,367.3,129.6,3257.3,5.8,0.00,pathseer:45
beir500k-f32,neg40_cat17,neg40,224270,pathseer,512,1,45,1.0000,1.0000,0.00000,6.217,7.784,8.730,6.111,10094.9,0.0,10866.0,1149.4,11.0,43.0,749.8,259.5,4964.6,11.7,0.00,pathseer:45
beir500k-f32,neg40_cat17,neg40,224270,pathseer,512,2,45,1.0000,1.0000,0.00000,6.022,7.718,8.722,6.043,10094.9,0.0,10866.0,1149.4,11.0,43.0,749.8,259.5,4964.6,11.7,0.00,pathseer:45
beir500k-f32,neg40_cat17,neg40,224270,pathseer,512,3,45,1.0000,1.0000,0.00000,6.220,8.213,8.896,6.148,10094.9,0.0,10866.0,1149.4,11.0,43.0,749.8,259.5,4964.6,11.7,0.00,pathseer:45
beir500k-f32,neg40_cat17,neg40,224270,ours-no-twohop,64,1,45,0.9822,0.8444,0.00031,1.133,1.555,2.280,1.163,2019.2,0.0,2690.0,211.1,3.0,10.0,0.0,0.0,1528.7,0.0,0.00,pathseer:45
beir500k-f32,neg40_cat17,neg40,224270,ours-no-twohop,64,2,45,0.9822,0.8444,0.00031,1.142,1.569,2.288,1.171,2019.2,0.0,2690.0,211.1,3.0,10.0,0.0,0.0,1528.7,0.0,0.00,pathseer:45
beir500k-f32,neg40_cat17,neg40,224270,ours-no-twohop,64,3,45,0.9822,0.8444,0.00031,1.137,1.572,2.310,1.171,2019.2,0.0,2690.0,211.1,3.0,10.0,0.0,0.0,1528.7,0.0,0.00,pathseer:45
beir500k-f32,neg40_cat17,neg40,224270,ours-no-twohop,128,1,45,0.9933,0.9556,0.00010,2.040,2.713,3.343,2.035,3503.5,0.0,4322.3,383.0,6.0,20.0,0.0,0.0,2340.0,0.0,0.00,pathseer:45
beir500k-f32,neg40_cat17,neg40,224270,ours-no-twohop,128,2,45,0.9933,0.9556,0.00010,2.048,2.926,3.503,2.085,3503.5,0.0,4322.3,383.0,6.0,20.0,0.0,0.0,2340.0,0.0,0.00,pathseer:45
beir500k-f32,neg40_cat17,neg40,224270,ours-no-twohop,128,3,45,0.9933,0.9556,0.00010,2.006,2.747,3.384,2.044,3503.5,0.0,4322.3,383.0,6.0,20.0,0.0,0.0,2340.0,0.0,0.00,pathseer:45
beir500k-f32,neg40_cat17,neg40,224270,ours-no-twohop,256,1,45,0.9978,0.9778,0.00001,3.679,4.800,5.709,3.637,6145.0,0.0,7006.0,708.4,11.0,44.0,0.0,0.0,3564.3,0.0,0.00,pathseer:45
beir500k-f32,neg40_cat17,neg40,224270,ours-no-twohop,256,2,45,0.9978,0.9778,0.00001,3.691,4.749,5.582,3.645,6145.0,0.0,7006.0,708.4,11.0,44.0,0.0,0.0,3564.3,0.0,0.00,pathseer:45
beir500k-f32,neg40_cat17,neg40,224270,ours-no-twohop,256,3,45,0.9978,0.9778,0.00001,3.662,4.902,5.531,3.639,6145.0,0.0,7006.0,708.4,11.0,44.0,0.0,0.0,3564.3,0.0,0.00,pathseer:45
beir500k-f32,neg40_cat17,neg40,224270,ours-no-twohop,512,1,45,1.0000,1.0000,0.00000,6.557,8.332,9.299,6.442,10566.8,0.0,11293.8,1296.5,24.0,77.0,0.0,0.0,5411.0,0.0,0.00,pathseer:45
beir500k-f32,neg40_cat17,neg40,224270,ours-no-twohop,512,2,45,1.0000,1.0000,0.00000,6.499,8.593,9.259,6.486,10566.8,0.0,11293.8,1296.5,24.0,77.0,0.0,0.0,5411.0,0.0,0.00,pathseer:45
beir500k-f32,neg40_cat17,neg40,224270,ours-no-twohop,512,3,45,1.0000,1.0000,0.00000,6.404,8.199,9.252,6.384,10566.8,0.0,11293.8,1296.5,24.0,77.0,0.0,0.0,5411.0,0.0,0.00,pathseer:45
beir500k-f32,neg40_cat17,neg40,224270,ours-guard,64,1,45,0.9600,0.7556,0.00085,0.905,1.363,2.013,0.942,1527.7,0.0,3243.3,185.9,3.0,10.0,0.0,0.0,1606.2,0.0,0.00,pathseer:45
beir500k-f32,neg40_cat17,neg40,224270,ours-guard,64,2,45,0.9600,0.7556,0.00085,0.895,1.385,2.014,0.947,1527.7,0.0,3243.3,185.9,3.0,10.0,0.0,0.0,1606.2,0.0,0.00,pathseer:45
beir500k-f32,neg40_cat17,neg40,224270,ours-guard,64,3,45,0.9600,0.7556,0.00085,0.901,1.343,2.004,0.936,1527.7,0.0,3243.3,185.9,3.0,10.0,0.0,0.0,1606.2,0.0,0.00,pathseer:45
beir500k-f32,neg40_cat17,neg40,224270,ours-guard,128,1,45,0.9867,0.9333,0.00021,1.658,2.339,3.152,1.712,2750.2,0.0,5508.9,347.2,6.0,20.0,0.0,0.0,2560.0,0.0,0.00,pathseer:45
beir500k-f32,neg40_cat17,neg40,224270,ours-guard,128,2,45,0.9867,0.9333,0.00021,1.647,2.454,3.088,1.741,2750.2,0.0,5508.9,347.2,6.0,20.0,0.0,0.0,2560.0,0.0,0.00,pathseer:45
beir500k-f32,neg40_cat17,neg40,224270,ours-guard,128,3,45,0.9867,0.9333,0.00021,1.607,2.361,3.163,1.707,2750.2,0.0,5508.9,347.2,6.0,20.0,0.0,0.0,2560.0,0.0,0.00,pathseer:45
beir500k-f32,neg40_cat17,neg40,224270,ours-guard,256,1,45,0.9978,0.9778,0.00001,3.076,4.357,5.115,3.126,5004.1,0.0,9386.1,657.4,11.0,44.0,0.0,0.0,4019.8,0.0,0.00,pathseer:45
beir500k-f32,neg40_cat17,neg40,224270,ours-guard,256,2,45,0.9978,0.9778,0.00001,3.040,4.231,5.155,3.120,5004.1,0.0,9386.1,657.4,11.0,44.0,0.0,0.0,4019.8,0.0,0.00,pathseer:45
beir500k-f32,neg40_cat17,neg40,224270,ours-guard,256,3,45,0.9978,0.9778,0.00001,3.058,4.180,5.044,3.115,5004.1,0.0,9386.1,657.4,11.0,44.0,0.0,0.0,4019.8,0.0,0.00,pathseer:45
beir500k-f32,neg40_cat17,neg40,224270,ours-guard,512,1,45,1.0000,1.0000,0.00000,5.597,7.355,8.500,5.585,8802.7,0.0,15664.1,1215.4,24.0,77.0,0.0,0.0,6196.7,0.0,0.00,pathseer:45
beir500k-f32,neg40_cat17,neg40,224270,ours-guard,512,2,45,1.0000,1.0000,0.00000,5.667,8.077,8.841,5.767,8802.7,0.0,15664.1,1215.4,24.0,77.0,0.0,0.0,6196.7,0.0,0.00,pathseer:45
beir500k-f32,neg40_cat17,neg40,224270,ours-guard,512,3,45,1.0000,1.0000,0.00000,5.599,7.411,8.560,5.622,8802.7,0.0,15664.1,1215.4,24.0,77.0,0.0,0.0,6196.7,0.0,0.00,pathseer:45
beir500k-f32,neg40_cat17,neg40,224270,ours-puredos,64,1,9,0.5667,0.2222,0.00370,0.390,0.490,0.490,0.302,697.7,0.0,1217.9,45.8,6.0,6.0,0.0,0.0,377.6,0.0,0.00,pathseer:9
beir500k-f32,neg40_cat17,neg40,224270,ours-puredos,64,2,9,0.5667,0.2222,0.00370,0.387,0.499,0.499,0.298,697.7,0.0,1217.9,45.8,6.0,6.0,0.0,0.0,377.6,0.0,0.00,pathseer:9
beir500k-f32,neg40_cat17,neg40,224270,ours-puredos,64,3,9,0.5667,0.2222,0.00370,0.387,0.504,0.504,0.301,697.7,0.0,1217.9,45.8,6.0,6.0,0.0,0.0,377.6,0.0,0.00,pathseer:9
beir500k-f32,neg40_cat17,neg40,224270,ours-puredos,128,1,9,0.6000,0.3333,0.00148,0.921,1.126,1.126,0.663,1275.2,0.0,2127.2,88.3,9.0,9.0,0.0,0.0,606.3,0.0,0.00,pathseer:9
beir500k-f32,neg40_cat17,neg40,224270,ours-puredos,128,2,9,0.6000,0.3333,0.00148,0.919,1.157,1.157,0.672,1275.2,0.0,2127.2,88.3,9.0,9.0,0.0,0.0,606.3,0.0,0.00,pathseer:9
beir500k-f32,neg40_cat17,neg40,224270,ours-puredos,128,3,9,0.6000,0.3333,0.00148,0.970,1.151,1.151,0.692,1275.2,0.0,2127.2,88.3,9.0,9.0,0.0,0.0,606.3,0.0,0.00,pathseer:9
beir500k-f32,neg40_cat17,neg40,224270,ours-puredos,256,1,9,0.6111,0.3333,0.00113,1.912,2.313,2.313,1.361,2309.2,0.0,3732.3,173.0,21.0,20.0,0.0,0.0,980.2,0.0,0.00,pathseer:9
beir500k-f32,neg40_cat17,neg40,224270,ours-puredos,256,2,9,0.6111,0.3333,0.00113,1.854,2.338,2.338,1.344,2309.2,0.0,3732.3,173.0,21.0,20.0,0.0,0.0,980.2,0.0,0.00,pathseer:9
beir500k-f32,neg40_cat17,neg40,224270,ours-puredos,256,3,9,0.6111,0.3333,0.00113,1.822,2.361,2.361,1.325,2309.2,0.0,3732.3,173.0,21.0,20.0,0.0,0.0,980.2,0.0,0.00,pathseer:9
beir500k-f32,neg40_cat17,neg40,224270,ours-puredos,512,1,9,0.6333,0.4444,0.00039,3.271,4.035,4.035,2.418,4142.6,0.0,6577.4,343.4,40.0,37.0,0.0,0.0,1615.6,0.0,0.00,pathseer:9
beir500k-f32,neg40_cat17,neg40,224270,ours-puredos,512,2,9,0.6333,0.4444,0.00039,3.284,4.065,4.065,2.445,4142.6,0.0,6577.4,343.4,40.0,37.0,0.0,0.0,1615.6,0.0,0.00,pathseer:9
beir500k-f32,neg40_cat17,neg40,224270,ours-puredos,512,3,9,0.6333,0.4444,0.00039,3.287,4.073,4.073,2.426,4142.6,0.0,6577.4,343.4,40.0,37.0,0.0,0.0,1615.6,0.0,0.00,pathseer:9
beir500k-f32,neg40_cat18,neg40,205532,sweeping,64,1,10,0.9900,0.9000,0.00019,16.516,23.521,23.521,14.913,22546.8,0.0,7066.9,5133.4,4.0,245.0,0.0,0.0,0.0,0.0,0.00,sweeping:10
beir500k-f32,neg40_cat18,neg40,205532,sweeping,64,2,10,0.9900,0.9000,0.00019,16.636,24.210,24.210,15.496,22546.8,0.0,7066.9,5133.4,4.0,245.0,0.0,0.0,0.0,0.0,0.00,sweeping:10
beir500k-f32,neg40_cat18,neg40,205532,sweeping,64,3,10,0.9900,0.9000,0.00019,17.041,23.621,23.621,15.163,22546.8,0.0,7066.9,5133.4,4.0,245.0,0.0,0.0,0.0,0.0,0.00,sweeping:10
beir500k-f32,neg40_cat18,neg40,205532,sweeping,128,1,10,1.0000,1.0000,0.00000,22.451,34.217,34.217,20.735,30235.2,0.0,10131.0,7379.1,6.0,487.0,0.0,0.0,0.0,0.0,0.00,sweeping:10
beir500k-f32,neg40_cat18,neg40,205532,sweeping,128,2,10,1.0000,1.0000,0.00000,22.573,34.268,34.268,20.738,30235.2,0.0,10131.0,7379.1,6.0,487.0,0.0,0.0,0.0,0.0,0.00,sweeping:10
beir500k-f32,neg40_cat18,neg40,205532,sweeping,128,3,10,1.0000,1.0000,0.00000,22.484,34.005,34.005,20.852,30235.2,0.0,10131.0,7379.1,6.0,487.0,0.0,0.0,0.0,0.0,0.00,sweeping:10
beir500k-f32,neg40_cat18,neg40,205532,sweeping,256,1,10,1.0000,1.0000,0.00000,30.644,45.525,45.525,28.159,40546.1,0.0,14246.9,9953.4,10.0,967.0,0.0,0.0,0.0,0.0,0.00,sweeping:10
beir500k-f32,neg40_cat18,neg40,205532,sweeping,256,2,10,1.0000,1.0000,0.00000,30.760,45.428,45.428,28.061,40546.1,0.0,14246.9,9953.4,10.0,967.0,0.0,0.0,0.0,0.0,0.00,sweeping:10
beir500k-f32,neg40_cat18,neg40,205532,sweeping,256,3,10,1.0000,1.0000,0.00000,30.418,44.874,44.874,28.024,40546.1,0.0,14246.9,9953.4,10.0,967.0,0.0,0.0,0.0,0.0,0.00,sweeping:10
beir500k-f32,neg40_cat18,neg40,205532,sweeping,512,1,10,1.0000,1.0000,0.00000,42.040,59.717,59.717,37.799,54799.1,0.0,20033.1,13084.7,23.0,1918.0,0.0,0.0,0.0,0.0,0.00,sweeping:10
beir500k-f32,neg40_cat18,neg40,205532,sweeping,512,2,10,1.0000,1.0000,0.00000,42.201,62.365,62.365,38.433,54799.1,0.0,20033.1,13084.7,23.0,1918.0,0.0,0.0,0.0,0.0,0.00,sweeping:10
beir500k-f32,neg40_cat18,neg40,205532,sweeping,512,3,10,1.0000,1.0000,0.00000,42.220,59.359,59.359,37.955,54799.1,0.0,20033.1,13084.7,23.0,1918.0,0.0,0.0,0.0,0.0,0.00,sweeping:10
beir500k-f32,neg40_cat18,neg40,205532,pathseer,64,1,10,0.9900,0.9000,0.00019,4.438,5.354,5.354,3.589,3888.3,0.0,15366.0,2089.1,3.0,238.0,147.2,6.3,9885.2,2.3,0.00,pathseer:10
beir500k-f32,neg40_cat18,neg40,205532,pathseer,64,2,10,0.9900,0.9000,0.00019,4.388,5.551,5.551,3.640,3888.3,0.0,15366.0,2089.1,3.0,238.0,147.2,6.3,9885.2,2.3,0.00,pathseer:10
beir500k-f32,neg40_cat18,neg40,205532,pathseer,64,3,10,0.9900,0.9000,0.00019,4.429,5.575,5.575,3.653,3888.3,0.0,15366.0,2089.1,3.0,238.0,147.2,6.3,9885.2,2.3,0.00,pathseer:10
beir500k-f32,neg40_cat18,neg40,205532,pathseer,128,1,10,1.0000,1.0000,0.00000,6.851,9.348,9.348,6.167,6610.3,0.0,22141.8,3511.2,6.0,475.0,281.6,18.2,12999.0,4.4,0.00,pathseer:10
beir500k-f32,neg40_cat18,neg40,205532,pathseer,128,2,10,1.0000,1.0000,0.00000,6.848,9.296,9.296,6.225,6610.3,0.0,22141.8,3511.2,6.0,475.0,281.6,18.2,12999.0,4.4,0.00,pathseer:10
beir500k-f32,neg40_cat18,neg40,205532,pathseer,128,3,10,1.0000,1.0000,0.00000,6.872,9.258,9.258,6.186,6610.3,0.0,22141.8,3511.2,6.0,475.0,281.6,18.2,12999.0,4.4,0.00,pathseer:10
beir500k-f32,neg40_cat18,neg40,205532,pathseer,256,1,10,1.0000,1.0000,0.00000,11.515,14.667,14.667,10.509,11100.3,0.0,30649.0,5534.2,10.0,907.0,582.4,29.3,16115.2,9.1,0.00,pathseer:10
beir500k-f32,neg40_cat18,neg40,205532,pathseer,256,2,10,1.0000,1.0000,0.00000,11.657,14.783,14.783,10.579,11100.3,0.0,30649.0,5534.2,10.0,907.0,582.4,29.3,16115.2,9.1,0.00,pathseer:10
beir500k-f32,neg40_cat18,neg40,205532,pathseer,256,3,10,1.0000,1.0000,0.00000,12.517,15.340,15.340,10.857,11100.3,0.0,30649.0,5534.2,10.0,907.0,582.4,29.3,16115.2,9.1,0.00,pathseer:10
beir500k-f32,neg40_cat18,neg40,205532,pathseer,512,1,10,1.0000,1.0000,0.00000,18.387,23.595,23.595,17.014,18337.1,0.0,42065.6,8329.2,21.0,1822.0,1267.2,60.9,19623.7,19.8,0.00,pathseer:10
beir500k-f32,neg40_cat18,neg40,205532,pathseer,512,2,10,1.0000,1.0000,0.00000,18.561,23.784,23.784,16.988,18337.1,0.0,42065.6,8329.2,21.0,1822.0,1267.2,60.9,19623.7,19.8,0.00,pathseer:10
beir500k-f32,neg40_cat18,neg40,205532,pathseer,512,3,10,1.0000,1.0000,0.00000,18.864,23.591,23.591,17.359,18337.1,0.0,42065.6,8329.2,21.0,1822.0,1267.2,60.9,19623.7,19.8,0.00,pathseer:10
beir500k-f32,neg40_cat18,neg40,205532,ours-no-twohop,64,1,10,0.9900,0.9000,0.00019,4.504,5.356,5.356,3.789,4038.9,0.0,15729.7,2168.1,4.0,245.0,0.0,0.0,10158.2,0.0,0.00,pathseer:10
beir500k-f32,neg40_cat18,neg40,205532,ours-no-twohop,64,2,10,0.9900,0.9000,0.00019,4.539,5.346,5.346,3.738,4038.9,0.0,15729.7,2168.1,4.0,245.0,0.0,0.0,10158.2,0.0,0.00,pathseer:10
beir500k-f32,neg40_cat18,neg40,205532,ours-no-twohop,64,3,10,0.9900,0.9000,0.00019,4.510,5.368,5.368,3.748,4038.9,0.0,15729.7,2168.1,4.0,245.0,0.0,0.0,10158.2,0.0,0.00,pathseer:10
beir500k-f32,neg40_cat18,neg40,205532,ours-no-twohop,128,1,10,1.0000,1.0000,0.00000,7.032,9.458,9.458,6.418,6881.0,0.0,22539.1,3662.0,6.0,487.0,0.0,0.0,13225.1,0.0,0.00,pathseer:10
beir500k-f32,neg40_cat18,neg40,205532,ours-no-twohop,128,2,10,1.0000,1.0000,0.00000,6.979,9.248,9.248,6.359,6881.0,0.0,22539.1,3662.0,6.0,487.0,0.0,0.0,13225.1,0.0,0.00,pathseer:10
beir500k-f32,neg40_cat18,neg40,205532,ours-no-twohop,128,3,10,1.0000,1.0000,0.00000,7.162,9.312,9.312,6.435,6881.0,0.0,22539.1,3662.0,6.0,487.0,0.0,0.0,13225.1,0.0,0.00,pathseer:10
beir500k-f32,neg40_cat18,neg40,205532,ours-no-twohop,256,1,10,1.0000,1.0000,0.00000,11.785,14.956,14.956,10.876,11439.8,0.0,30769.3,5701.7,10.0,967.0,0.0,0.0,16262.9,0.0,0.00,pathseer:10
beir500k-f32,neg40_cat18,neg40,205532,ours-no-twohop,256,2,10,1.0000,1.0000,0.00000,11.938,14.928,14.928,10.802,11439.8,0.0,30769.3,5701.7,10.0,967.0,0.0,0.0,16262.9,0.0,0.00,pathseer:10
beir500k-f32,neg40_cat18,neg40,205532,ours-no-twohop,256,3,10,1.0000,1.0000,0.00000,11.673,14.821,14.821,10.820,11439.8,0.0,30769.3,5701.7,10.0,967.0,0.0,0.0,16262.9,0.0,0.00,pathseer:10
beir500k-f32,neg40_cat18,neg40,205532,ours-no-twohop,512,1,10,1.0000,1.0000,0.00000,18.527,23.780,23.780,17.391,18886.3,0.0,41798.3,8512.3,23.0,1918.0,0.0,0.0,19743.0,0.0,0.00,pathseer:10
beir500k-f32,neg40_cat18,neg40,205532,ours-no-twohop,512,2,10,1.0000,1.0000,0.00000,18.609,23.884,23.884,17.408,18886.3,0.0,41798.3,8512.3,23.0,1918.0,0.0,0.0,19743.0,0.0,0.00,pathseer:10
beir500k-f32,neg40_cat18,neg40,205532,ours-no-twohop,512,3,10,1.0000,1.0000,0.00000,18.542,23.792,23.792,17.322,18886.3,0.0,41798.3,8512.3,23.0,1918.0,0.0,0.0,19743.0,0.0,0.00,pathseer:10
beir500k-f32,neg40_cat18,neg40,205532,ours-guard,64,1,10,0.9900,0.9000,0.00019,4.814,5.698,5.698,3.982,3839.7,0.0,14118.8,2153.1,4.0,245.0,0.0,0.0,10185.8,0.0,0.00,pathseer:10
beir500k-f32,neg40_cat18,neg40,205532,ours-guard,64,2,10,0.9900,0.9000,0.00019,4.446,5.295,5.295,3.645,3839.7,0.0,14118.8,2153.1,4.0,245.0,0.0,0.0,10185.8,0.0,0.00,pathseer:10
beir500k-f32,neg40_cat18,neg40,205532,ours-guard,64,3,10,0.9900,0.9000,0.00019,4.455,5.156,5.156,3.691,3839.7,0.0,14118.8,2153.1,4.0,245.0,0.0,0.0,10185.8,0.0,0.00,pathseer:10
beir500k-f32,neg40_cat18,neg40,205532,ours-guard,128,1,10,1.0000,1.0000,0.00000,6.873,9.144,9.144,6.170,6531.4,0.0,20027.5,3637.6,6.0,487.0,0.0,0.0,13308.1,0.0,0.00,pathseer:10
beir500k-f32,neg40_cat18,neg40,205532,ours-guard,128,2,10,1.0000,1.0000,0.00000,6.812,8.883,8.883,6.134,6531.4,0.0,20027.5,3637.6,6.0,487.0,0.0,0.0,13308.1,0.0,0.00,pathseer:10
beir500k-f32,neg40_cat18,neg40,205532,ours-guard,128,3,10,1.0000,1.0000,0.00000,7.203,9.041,9.041,6.313,6531.4,0.0,20027.5,3637.6,6.0,487.0,0.0,0.0,13308.1,0.0,0.00,pathseer:10
beir500k-f32,neg40_cat18,neg40,205532,ours-guard,256,1,10,1.0000,1.0000,0.00000,12.069,14.276,14.276,10.619,10763.7,0.0,27553.1,5661.1,10.0,967.0,0.0,0.0,16422.7,0.0,0.00,pathseer:10
beir500k-f32,neg40_cat18,neg40,205532,ours-guard,256,2,10,1.0000,1.0000,0.00000,11.353,14.224,14.224,10.391,10763.7,0.0,27553.1,5661.1,10.0,967.0,0.0,0.0,16422.7,0.0,0.00,pathseer:10
beir500k-f32,neg40_cat18,neg40,205532,ours-guard,256,3,10,1.0000,1.0000,0.00000,11.345,14.308,14.308,10.452,10763.7,0.0,27553.1,5661.1,10.0,967.0,0.0,0.0,16422.7,0.0,0.00,pathseer:10
beir500k-f32,neg40_cat18,neg40,205532,ours-guard,512,1,10,1.0000,1.0000,0.00000,18.186,22.608,22.608,16.701,17591.3,0.0,38176.1,8439.1,23.0,1918.0,0.0,0.0,19825.7,0.0,0.00,pathseer:10
beir500k-f32,neg40_cat18,neg40,205532,ours-guard,512,2,10,1.0000,1.0000,0.00000,18.096,23.038,23.038,16.973,17591.3,0.0,38176.1,8439.1,23.0,1918.0,0.0,0.0,19825.7,0.0,0.00,pathseer:10
beir500k-f32,neg40_cat18,neg40,205532,ours-guard,512,3,10,1.0000,1.0000,0.00000,18.145,22.572,22.572,16.735,17591.3,0.0,38176.1,8439.1,23.0,1918.0,0.0,0.0,19825.7,0.0,0.00,pathseer:10
beir500k-f32,neg40_cat18,neg40,205532,ours-puredos,64,1,9,0.1889,0.0000,0.00038,0.040,0.570,0.570,0.139,287.7,0.0,482.6,16.8,6.0,6.0,0.0,0.0,136.4,0.0,0.00,pathseer:9
beir500k-f32,neg40_cat18,neg40,205532,ours-puredos,64,2,9,0.1889,0.0000,0.00038,0.038,0.566,0.566,0.139,287.7,0.0,482.6,16.8,6.0,6.0,0.0,0.0,136.4,0.0,0.00,pathseer:9
beir500k-f32,neg40_cat18,neg40,205532,ours-puredos,64,3,9,0.1889,0.0000,0.00038,0.037,0.568,0.568,0.138,287.7,0.0,482.6,16.8,6.0,6.0,0.0,0.0,136.4,0.0,0.00,pathseer:9
beir500k-f32,neg40_cat18,neg40,205532,ours-puredos,128,1,9,0.2111,0.1111,0.00012,0.039,1.013,1.013,0.231,525.2,0.0,837.7,30.4,10.0,10.0,0.0,0.0,212.3,0.0,0.00,pathseer:9
beir500k-f32,neg40_cat18,neg40,205532,ours-puredos,128,2,9,0.2111,0.1111,0.00012,0.038,0.977,0.977,0.228,525.2,0.0,837.7,30.4,10.0,10.0,0.0,0.0,212.3,0.0,0.00,pathseer:9
beir500k-f32,neg40_cat18,neg40,205532,ours-puredos,128,3,9,0.2111,0.1111,0.00012,0.038,0.975,0.975,0.230,525.2,0.0,837.7,30.4,10.0,10.0,0.0,0.0,212.3,0.0,0.00,pathseer:9
beir500k-f32,neg40_cat18,neg40,205532,ours-puredos,256,1,9,0.2111,0.1111,0.00012,0.042,1.835,1.835,0.410,902.8,0.0,1387.7,58.1,18.0,16.0,0.0,0.0,317.1,0.0,0.00,pathseer:9
beir500k-f32,neg40_cat18,neg40,205532,ours-puredos,256,2,9,0.2111,0.1111,0.00012,0.041,1.797,1.797,0.406,902.8,0.0,1387.7,58.1,18.0,16.0,0.0,0.0,317.1,0.0,0.00,pathseer:9
beir500k-f32,neg40_cat18,neg40,205532,ours-puredos,256,3,9,0.2111,0.1111,0.00012,0.041,1.828,1.828,0.411,902.8,0.0,1387.7,58.1,18.0,16.0,0.0,0.0,317.1,0.0,0.00,pathseer:9
beir500k-f32,neg40_cat18,neg40,205532,ours-puredos,512,1,9,0.2222,0.2222,0.00000,0.051,4.233,4.233,0.911,1600.1,0.0,2447.4,115.0,37.0,32.0,0.0,0.0,541.2,0.0,0.00,pathseer:9
beir500k-f32,neg40_cat18,neg40,205532,ours-puredos,512,2,9,0.2222,0.2222,0.00000,0.058,4.260,4.260,0.919,1600.1,0.0,2447.4,115.0,37.0,32.0,0.0,0.0,541.2,0.0,0.00,pathseer:9
beir500k-f32,neg40_cat18,neg40,205532,ours-puredos,512,3,9,0.2222,0.2222,0.00000,0.049,4.349,4.349,0.929,1600.1,0.0,2447.4,115.0,37.0,32.0,0.0,0.0,541.2,0.0,0.00,pathseer:9
beir500k-f32,neg40_cat19,neg40,204140,sweeping,64,1,60,0.9383,0.7667,0.00016,8.748,17.399,19.284,9.419,14479.9,0.0,4446.6,3031.1,4.0,119.0,0.0,0.0,0.0,0.0,0.00,sweeping:60
beir500k-f32,neg40_cat19,neg40,204140,sweeping,64,2,60,0.9383,0.7667,0.00016,8.544,17.481,18.270,9.260,14479.9,0.0,4446.6,3031.1,4.0,119.0,0.0,0.0,0.0,0.0,0.00,sweeping:60
beir500k-f32,neg40_cat19,neg40,204140,sweeping,64,3,60,0.9383,0.7667,0.00016,8.573,17.752,18.586,9.342,14479.9,0.0,4446.6,3031.1,4.0,119.0,0.0,0.0,0.0,0.0,0.00,sweeping:60
beir500k-f32,neg40_cat19,neg40,204140,sweeping,128,1,60,0.9467,0.8000,0.00010,12.678,21.913,22.694,12.573,19368.1,0.0,6049.6,4046.3,7.0,233.0,0.0,0.0,0.0,0.0,0.00,sweeping:60
beir500k-f32,neg40_cat19,neg40,204140,sweeping,128,2,60,0.9467,0.8000,0.00010,12.180,21.983,22.719,12.483,19368.1,0.0,6049.6,4046.3,7.0,233.0,0.0,0.0,0.0,0.0,0.00,sweeping:60
beir500k-f32,neg40_cat19,neg40,204140,sweeping,128,3,60,0.9467,0.8000,0.00010,12.318,21.959,22.794,12.547,19368.1,0.0,6049.6,4046.3,7.0,233.0,0.0,0.0,0.0,0.0,0.00,sweeping:60
beir500k-f32,neg40_cat19,neg40,204140,sweeping,256,1,60,0.9517,0.8333,0.00007,18.093,26.566,28.785,17.201,26363.0,0.0,8364.3,5455.0,14.0,449.0,0.0,0.0,0.0,0.0,0.00,sweeping:60
beir500k-f32,neg40_cat19,neg40,204140,sweeping,256,2,60,0.9517,0.8333,0.00007,17.845,27.923,32.908,17.578,26363.0,0.0,8364.3,5455.0,14.0,449.0,0.0,0.0,0.0,0.0,0.00,sweeping:60
beir500k-f32,neg40_cat19,neg40,204140,sweeping,256,3,60,0.9517,0.8333,0.00007,17.933,28.232,28.393,17.189,26363.0,0.0,8364.3,5455.0,14.0,449.0,0.0,0.0,0.0,0.0,0.00,sweeping:60
beir500k-f32,neg40_cat19,neg40,204140,sweeping,512,1,60,0.9550,0.8333,0.00007,24.975,35.432,39.624,23.939,36466.7,0.0,11724.6,7498.9,30.0,1082.0,0.0,0.0,0.0,0.0,0.00,sweeping:60
beir500k-f32,neg40_cat19,neg40,204140,sweeping,512,2,60,0.9550,0.8333,0.00007,25.042,35.080,35.634,23.918,36466.7,0.0,11724.6,7498.9,30.0,1082.0,0.0,0.0,0.0,0.0,0.00,sweeping:60
beir500k-f32,neg40_cat19,neg40,204140,sweeping,512,3,60,0.9550,0.8333,0.00007,25.390,35.190,35.722,23.845,36466.7,0.0,11724.6,7498.9,30.0,1082.0,0.0,0.0,0.0,0.0,0.00,sweeping:60
beir500k-f32,neg40_cat19,neg40,204140,pathseer,64,1,60,0.9133,0.6833,0.00120,2.373,6.171,6.350,2.713,3068.5,0.0,9449.4,1265.9,4.0,86.0,176.0,19.4,5768.4,2.8,0.00,pathseer:60
beir500k-f32,neg40_cat19,neg40,204140,pathseer,64,2,60,0.9133,0.6833,0.00120,2.343,5.724,6.078,2.604,3068.5,0.0,9449.4,1265.9,4.0,86.0,176.0,19.4,5768.4,2.8,0.00,pathseer:60
beir500k-f32,neg40_cat19,neg40,204140,pathseer,64,3,60,0.9133,0.6833,0.00120,2.318,5.776,5.976,2.592,3068.5,0.0,9449.4,1265.9,4.0,86.0,176.0,19.4,5768.4,2.8,0.00,pathseer:60
beir500k-f32,neg40_cat19,neg40,204140,pathseer,128,1,60,0.9483,0.8167,0.00009,3.959,8.217,8.778,4.248,5105.6,0.0,13611.9,1986.9,6.0,178.0,328.5,33.3,7732.8,5.1,0.00,pathseer:60
beir500k-f32,neg40_cat19,neg40,204140,pathseer,128,2,60,0.9483,0.8167,0.00009,3.975,8.221,8.660,4.251,5105.6,0.0,13611.9,1986.9,6.0,178.0,328.5,33.3,7732.8,5.1,0.00,pathseer:60
beir500k-f32,neg40_cat19,neg40,204140,pathseer,128,3,60,0.9483,0.8167,0.00009,4.011,8.152,8.489,4.247,5105.6,0.0,13611.9,1986.9,6.0,178.0,328.5,33.3,7732.8,5.1,0.00,pathseer:60
beir500k-f32,neg40_cat19,neg40,204140,pathseer,256,1,60,0.9450,0.8333,0.00007,7.170,12.532,13.242,7.239,8576.5,0.0,19973.0,3201.2,12.0,469.0,727.5,61.8,10267.5,11.4,0.00,pathseer:60
beir500k-f32,neg40_cat19,neg40,204140,pathseer,256,2,60,0.9450,0.8333,0.00007,7.230,12.431,13.125,7.235,8576.5,0.0,19973.0,3201.2,12.0,469.0,727.5,61.8,10267.5,11.4,0.00,pathseer:60
beir500k-f32,neg40_cat19,neg40,204140,pathseer,256,3,60,0.9450,0.8333,0.00007,7.113,12.434,13.101,7.208,8576.5,0.0,19973.0,3201.2,12.0,469.0,727.5,61.8,10267.5,11.4,0.00,pathseer:60
beir500k-f32,neg40_cat19,neg40,204140,pathseer,512,1,60,0.9467,0.8333,0.00007,12.035,18.165,19.231,11.631,13939.2,0.0,28999.3,4920.0,23.0,855.0,1666.9,126.1,13547.4,26.1,0.00,pathseer:60
beir500k-f32,neg40_cat19,neg40,204140,pathseer,512,2,60,0.9467,0.8333,0.00007,11.428,18.586,19.079,11.545,13939.2,0.0,28999.3,4920.0,23.0,855.0,1666.9,126.1,13547.4,26.1,0.00,pathseer:60
beir500k-f32,neg40_cat19,neg40,204140,pathseer,512,3,60,0.9467,0.8333,0.00007,11.601,18.373,19.246,11.605,13939.2,0.0,28999.3,4920.0,23.0,855.0,1666.9,126.1,13547.4,26.1,0.00,pathseer:60
beir500k-f32,neg40_cat19,neg40,204140,ours-no-twohop,64,1,60,0.9133,0.6833,0.00113,2.504,5.832,6.201,2.878,3238.5,0.0,9796.2,1357.1,4.0,119.0,0.0,0.0,6005.8,0.0,0.00,pathseer:60
beir500k-f32,neg40_cat19,neg40,204140,ours-no-twohop,64,2,60,0.9133,0.6833,0.00113,2.394,5.615,6.111,2.742,3238.5,0.0,9796.2,1357.1,4.0,119.0,0.0,0.0,6005.8,0.0,0.00,pathseer:60
beir500k-f32,neg40_cat19,neg40,204140,ours-no-twohop,64,3,60,0.9133,0.6833,0.00113,2.382,5.666,5.970,2.742,3238.5,0.0,9796.2,1357.1,4.0,119.0,0.0,0.0,6005.8,0.0,0.00,pathseer:60
beir500k-f32,neg40_cat19,neg40,204140,ours-no-twohop,128,1,60,0.9483,0.8167,0.00009,4.027,8.505,8.678,4.475,5308.6,0.0,13802.2,2091.8,7.0,233.0,0.0,0.0,7901.9,0.0,0.00,pathseer:60
beir500k-f32,neg40_cat19,neg40,204140,ours-no-twohop,128,2,60,0.9483,0.8167,0.00009,4.076,8.585,8.916,4.494,5308.6,0.0,13802.2,2091.8,7.0,233.0,0.0,0.0,7901.9,0.0,0.00,pathseer:60
beir500k-f32,neg40_cat19,neg40,204140,ours-no-twohop,128,3,60,0.9483,0.8167,0.00009,4.077,8.494,8.739,4.493,5308.6,0.0,13802.2,2091.8,7.0,233.0,0.0,0.0,7901.9,0.0,0.00,pathseer:60
beir500k-f32,neg40_cat19,neg40,204140,ours-no-twohop,256,1,60,0.9533,0.8333,0.00007,7.386,12.351,12.876,7.432,8850.8,0.0,20017.0,3342.8,14.0,449.0,0.0,0.0,10513.1,0.0,0.00,pathseer:60
beir500k-f32,neg40_cat19,neg40,204140,ours-no-twohop,256,2,60,0.9533,0.8333,0.00007,7.275,12.755,13.225,7.415,8850.8,0.0,20017.0,3342.8,14.0,449.0,0.0,0.0,10513.1,0.0,0.00,pathseer:60
beir500k-f32,neg40_cat19,neg40,204140,ours-no-twohop,256,3,60,0.9533,0.8333,0.00007,7.214,12.409,12.919,7.361,8850.8,0.0,20017.0,3342.8,14.0,449.0,0.0,0.0,10513.1,0.0,0.00,pathseer:60
beir500k-f32,neg40_cat19,neg40,204140,ours-no-twohop,512,1,60,0.9500,0.8500,0.00007,12.259,19.002,19.152,12.162,14501.0,0.0,28906.8,5249.1,30.0,1082.0,0.0,0.0,13876.5,0.0,0.00,pathseer:60
beir500k-f32,neg40_cat19,neg40,204140,ours-no-twohop,512,2,60,0.9500,0.8500,0.00007,12.297,18.828,19.013,12.091,14501.0,0.0,28906.8,5249.1,30.0,1082.0,0.0,0.0,13876.5,0.0,0.00,pathseer:60
beir500k-f32,neg40_cat19,neg40,204140,ours-no-twohop,512,3,60,0.9500,0.8500,0.00007,12.368,18.855,19.137,12.139,14501.0,0.0,28906.8,5249.1,30.0,1082.0,0.0,0.0,13876.5,0.0,0.00,pathseer:60
beir500k-f32,neg40_cat19,neg40,204140,ours-guard,64,1,60,0.8817,0.6667,0.00422,2.166,5.451,5.689,2.514,2763.7,0.0,8816.2,1313.7,4.0,119.0,0.0,0.0,5938.6,0.0,0.00,pathseer:60
beir500k-f32,neg40_cat19,neg40,204140,ours-guard,64,2,60,0.8817,0.6667,0.00422,2.200,5.426,5.929,2.508,2763.7,0.0,8816.2,1313.7,4.0,119.0,0.0,0.0,5938.6,0.0,0.00,pathseer:60
beir500k-f32,neg40_cat19,neg40,204140,ours-guard,64,3,60,0.8817,0.6667,0.00422,2.193,5.334,5.693,2.505,2763.7,0.0,8816.2,1313.7,4.0,119.0,0.0,0.0,5938.6,0.0,0.00,pathseer:60
beir500k-f32,neg40_cat19,neg40,204140,ours-guard,128,1,60,0.9400,0.7833,0.00038,3.650,8.031,8.250,4.074,4553.4,0.0,12697.5,2026.6,7.0,233.0,0.0,0.0,7935.0,0.0,0.00,pathseer:60
beir500k-f32,neg40_cat19,neg40,204140,ours-guard,128,2,60,0.9400,0.7833,0.00038,3.693,8.002,8.080,3.999,4553.4,0.0,12697.5,2026.6,7.0,233.0,0.0,0.0,7935.0,0.0,0.00,pathseer:60
beir500k-f32,neg40_cat19,neg40,204140,ours-guard,128,3,60,0.9400,0.7833,0.00038,3.614,7.840,8.205,3.995,4553.4,0.0,12697.5,2026.6,7.0,233.0,0.0,0.0,7935.0,0.0,0.00,pathseer:60
beir500k-f32,neg40_cat19,neg40,204140,ours-guard,256,1,60,0.9483,0.8000,0.00021,6.501,12.012,12.468,6.895,7680.0,0.0,18940.0,3260.0,14.0,449.0,0.0,0.0,10886.6,0.0,0.00,pathseer:60
beir500k-f32,neg40_cat19,neg40,204140,ours-guard,256,2,60,0.9483,0.8000,0.00021,6.681,11.830,12.345,6.807,7680.0,0.0,18940.0,3260.0,14.0,449.0,0.0,0.0,10886.6,0.0,0.00,pathseer:60
beir500k-f32,neg40_cat19,neg40,204140,ours-guard,256,3,60,0.9483,0.8000,0.00021,6.555,11.678,12.409,6.839,7680.0,0.0,18940.0,3260.0,14.0,449.0,0.0,0.0,10886.6,0.0,0.00,pathseer:60
beir500k-f32,neg40_cat19,neg40,204140,ours-guard,512,1,60,0.9583,0.8333,0.00007,11.638,17.476,18.751,11.252,12674.2,0.0,27954.9,5129.3,30.0,1082.0,0.0,0.0,14633.0,0.0,0.00,pathseer:60
beir500k-f32,neg40_cat19,neg40,204140,ours-guard,512,2,60,0.9583,0.8333,0.00007,11.463,17.877,17.990,11.209,12674.2,0.0,27954.9,5129.3,30.0,1082.0,0.0,0.0,14633.0,0.0,0.00,pathseer:60
beir500k-f32,neg40_cat19,neg40,204140,ours-guard,512,3,60,0.9583,0.8333,0.00007,10.896,17.513,18.113,11.159,12674.2,0.0,27954.9,5129.3,30.0,1082.0,0.0,0.0,14633.0,0.0,0.00,pathseer:60
beir500k-f32,neg40_cat19,neg40,204140,ours-puredos,64,1,9,0.2778,0.0000,0.00065,0.039,0.579,0.579,0.136,261.4,0.0,604.2,23.8,16.0,13.0,0.0,0.0,282.2,0.0,0.00,pathseer:9
beir500k-f32,neg40_cat19,neg40,204140,ours-puredos,64,2,9,0.2778,0.0000,0.00065,0.038,0.592,0.592,0.138,261.4,0.0,604.2,23.8,16.0,13.0,0.0,0.0,282.2,0.0,0.00,pathseer:9
beir500k-f32,neg40_cat19,neg40,204140,ours-puredos,64,3,9,0.2778,0.0000,0.00065,0.039,0.574,0.574,0.136,261.4,0.0,604.2,23.8,16.0,13.0,0.0,0.0,282.2,0.0,0.00,pathseer:9
beir500k-f32,neg40_cat19,neg40,204140,ours-puredos,128,1,9,0.2889,0.1111,0.00045,0.043,1.038,1.038,0.233,478.9,0.0,1062.2,44.3,26.0,22.0,0.0,0.0,475.6,0.0,0.00,pathseer:9
beir500k-f32,neg40_cat19,neg40,204140,ours-puredos,128,2,9,0.2889,0.1111,0.00045,0.041,1.031,1.031,0.230,478.9,0.0,1062.2,44.3,26.0,22.0,0.0,0.0,475.6,0.0,0.00,pathseer:9
beir500k-f32,neg40_cat19,neg40,204140,ours-puredos,128,3,9,0.2889,0.1111,0.00045,0.042,1.033,1.033,0.231,478.9,0.0,1062.2,44.3,26.0,22.0,0.0,0.0,475.6,0.0,0.00,pathseer:9
beir500k-f32,neg40_cat19,neg40,204140,ours-puredos,256,1,9,0.2889,0.1111,0.00045,0.044,2.081,2.081,0.440,845.6,0.0,1869.7,87.2,47.0,40.0,0.0,0.0,832.0,0.0,0.00,pathseer:9
beir500k-f32,neg40_cat19,neg40,204140,ours-puredos,256,2,9,0.2889,0.1111,0.00045,0.043,1.973,1.973,0.422,845.6,0.0,1869.7,87.2,47.0,40.0,0.0,0.0,832.0,0.0,0.00,pathseer:9
beir500k-f32,neg40_cat19,neg40,204140,ours-puredos,256,3,9,0.2889,0.1111,0.00045,0.044,1.949,1.949,0.416,845.6,0.0,1869.7,87.2,47.0,40.0,0.0,0.0,832.0,0.0,0.00,pathseer:9
beir500k-f32,neg40_cat19,neg40,204140,ours-puredos,512,1,9,0.2889,0.1111,0.00045,0.058,4.331,4.331,0.907,1485.2,0.0,3215.6,172.1,103.0,80.0,0.0,0.0,1378.4,0.0,0.00,pathseer:9
beir500k-f32,neg40_cat19,neg40,204140,ours-puredos,512,2,9,0.2889,0.1111,0.00045,0.056,4.349,4.349,0.907,1485.2,0.0,3215.6,172.1,103.0,80.0,0.0,0.0,1378.4,0.0,0.00,pathseer:9
beir500k-f32,neg40_cat19,neg40,204140,ours-puredos,512,3,9,0.2889,0.1111,0.00045,0.054,4.313,4.313,0.904,1485.2,0.0,3215.6,172.1,103.0,80.0,0.0,0.0,1378.4,0.0,0.00,pathseer:9
beir500k-f32,neg40_cat20,neg40,212946,sweeping,64,1,67,0.9761,0.8209,0.00036,12.018,24.487,26.555,11.959,20740.2,0.0,4358.7,2709.5,4.0,60.0,0.0,0.0,0.0,0.0,0.00,sweeping:67
beir500k-f32,neg40_cat20,neg40,212946,sweeping,64,2,67,0.9761,0.8209,0.00036,12.073,24.588,26.654,12.065,20740.2,0.0,4358.7,2709.5,4.0,60.0,0.0,0.0,0.0,0.0,0.00,sweeping:67
beir500k-f32,neg40_cat20,neg40,212946,sweeping,64,3,67,0.9761,0.8209,0.00036,11.985,24.174,26.538,11.909,20740.2,0.0,4358.7,2709.5,4.0,60.0,0.0,0.0,0.0,0.0,0.00,sweeping:67
beir500k-f32,neg40_cat20,neg40,212946,sweeping,128,1,67,0.9806,0.8358,0.00029,17.808,32.798,33.688,17.215,29328.3,0.0,6662.3,4054.0,6.0,122.0,0.0,0.0,0.0,0.0,0.00,sweeping:67
beir500k-f32,neg40_cat20,neg40,212946,sweeping,128,2,67,0.9806,0.8358,0.00029,17.742,32.649,33.831,17.280,29328.3,0.0,6662.3,4054.0,6.0,122.0,0.0,0.0,0.0,0.0,0.00,sweeping:67
beir500k-f32,neg40_cat20,neg40,212946,sweeping,128,3,67,0.9806,0.8358,0.00029,17.622,32.731,34.084,17.181,29328.3,0.0,6662.3,4054.0,6.0,122.0,0.0,0.0,0.0,0.0,0.00,sweeping:67
beir500k-f32,neg40_cat20,neg40,212946,sweeping,256,1,67,0.9896,0.9104,0.00021,26.197,44.331,45.611,24.549,40890.0,0.0,10208.9,6043.1,12.0,232.0,0.0,0.0,0.0,0.0,0.00,sweeping:67
beir500k-f32,neg40_cat20,neg40,212946,sweeping,256,2,67,0.9896,0.9104,0.00021,25.402,44.455,46.289,24.580,40890.0,0.0,10208.9,6043.1,12.0,232.0,0.0,0.0,0.0,0.0,0.00,sweeping:67
beir500k-f32,neg40_cat20,neg40,212946,sweeping,256,3,67,0.9896,0.9104,0.00021,25.454,44.394,45.867,24.517,40890.0,0.0,10208.9,6043.1,12.0,232.0,0.0,0.0,0.0,0.0,0.00,sweeping:67
beir500k-f32,neg40_cat20,neg40,212946,sweeping,512,1,67,0.9955,0.9552,0.00006,37.349,59.806,62.060,35.749,57683.5,0.0,15735.8,9318.8,27.0,467.0,0.0,0.0,0.0,0.0,0.00,sweeping:67
beir500k-f32,neg40_cat20,neg40,212946,sweeping,512,2,67,0.9955,0.9552,0.00006,37.506,61.853,68.681,36.155,57683.5,0.0,15735.8,9318.8,27.0,467.0,0.0,0.0,0.0,0.0,0.00,sweeping:67
beir500k-f32,neg40_cat20,neg40,212946,sweeping,512,3,67,0.9955,0.9552,0.00006,37.792,60.654,62.773,35.813,57683.5,0.0,15735.8,9318.8,27.0,467.0,0.0,0.0,0.0,0.0,0.00,sweeping:67
beir500k-f32,neg40_cat20,neg40,212946,pathseer,64,1,67,0.9463,0.6567,0.00065,1.926,4.403,4.782,2.210,2792.6,0.0,9126.7,813.1,3.0,38.0,157.6,22.5,6351.5,2.5,0.00,pathseer:67
beir500k-f32,neg40_cat20,neg40,212946,pathseer,64,2,67,0.9463,0.6567,0.00065,1.928,4.451,4.740,2.202,2792.6,0.0,9126.7,813.1,3.0,38.0,157.6,22.5,6351.5,2.5,0.00,pathseer:67
beir500k-f32,neg40_cat20,neg40,212946,pathseer,64,3,67,0.9463,0.6567,0.00065,1.934,4.499,4.754,2.214,2792.6,0.0,9126.7,813.1,3.0,38.0,157.6,22.5,6351.5,2.5,0.00,pathseer:67
beir500k-f32,neg40_cat20,neg40,212946,pathseer,128,1,67,0.9687,0.7761,0.00045,3.719,7.346,7.796,3.907,4861.3,0.0,14394.9,1407.1,5.0,94.0,297.1,37.1,9580.1,4.6,0.00,pathseer:67
beir500k-f32,neg40_cat20,neg40,212946,pathseer,128,2,67,0.9687,0.7761,0.00045,3.688,7.234,7.639,3.845,4861.3,0.0,14394.9,1407.1,5.0,94.0,297.1,37.1,9580.1,4.6,0.00,pathseer:67
beir500k-f32,neg40_cat20,neg40,212946,pathseer,128,3,67,0.9687,0.7761,0.00045,3.592,7.251,7.625,3.833,4861.3,0.0,14394.9,1407.1,5.0,94.0,297.1,37.1,9580.1,4.6,0.00,pathseer:67
beir500k-f32,neg40_cat20,neg40,212946,pathseer,256,1,67,0.9866,0.8955,0.00024,6.215,11.764,12.218,6.636,8410.0,0.0,22304.2,2382.2,10.0,193.0,611.3,73.1,14069.6,9.6,0.00,pathseer:67
beir500k-f32,neg40_cat20,neg40,212946,pathseer,256,2,67,0.9866,0.8955,0.00024,6.289,11.887,12.232,6.737,8410.0,0.0,22304.2,2382.2,10.0,193.0,611.3,73.1,14069.6,9.6,0.00,pathseer:67
beir500k-f32,neg40_cat20,neg40,212946,pathseer,256,3,67,0.9866,0.8955,0.00024,6.150,12.137,12.796,6.658,8410.0,0.0,22304.2,2382.2,10.0,193.0,611.3,73.1,14069.6,9.6,0.00,pathseer:67
beir500k-f32,neg40_cat20,neg40,212946,pathseer,512,1,67,0.9955,0.9552,0.00005,11.356,19.011,20.506,11.419,14428.3,0.0,34597.4,4081.3,19.0,372.0,1385.3,152.1,20366.1,21.7,0.00,pathseer:67
beir500k-f32,neg40_cat20,neg40,212946,pathseer,512,2,67,0.9955,0.9552,0.00005,11.619,19.445,20.421,11.507,14428.3,0.0,34597.4,4081.3,19.0,372.0,1385.3,152.1,20366.1,21.7,0.00,pathseer:67
beir500k-f32,neg40_cat20,neg40,212946,pathseer,512,3,67,0.9955,0.9552,0.00005,11.612,19.306,20.274,11.384,14428.3,0.0,34597.4,4081.3,19.0,372.0,1385.3,152.1,20366.1,21.7,0.00,pathseer:67
beir500k-f32,neg40_cat20,neg40,212946,ours-no-twohop,64,1,67,0.9522,0.6716,0.00059,2.281,4.611,4.848,2.441,3016.5,0.0,9835.5,908.5,4.0,60.0,0.0,0.0,6888.9,0.0,0.00,pathseer:67
beir500k-f32,neg40_cat20,neg40,212946,ours-no-twohop,64,2,67,0.9522,0.6716,0.00059,2.262,4.594,4.789,2.407,3016.5,0.0,9835.5,908.5,4.0,60.0,0.0,0.0,6888.9,0.0,0.00,pathseer:67
beir500k-f32,neg40_cat20,neg40,212946,ours-no-twohop,64,3,67,0.9522,0.6716,0.00059,2.282,4.791,5.235,2.500,3016.5,0.0,9835.5,908.5,4.0,60.0,0.0,0.0,6888.9,0.0,0.00,pathseer:67
beir500k-f32,neg40_cat20,neg40,212946,ours-no-twohop,128,1,67,0.9791,0.8209,0.00032,4.089,7.325,7.938,4.145,5215.3,0.0,15194.1,1536.2,6.0,122.0,0.0,0.0,10188.1,0.0,0.00,pathseer:67
beir500k-f32,neg40_cat20,neg40,212946,ours-no-twohop,128,2,67,0.9791,0.8209,0.00032,4.107,7.383,7.711,4.148,5215.3,0.0,15194.1,1536.2,6.0,122.0,0.0,0.0,10188.1,0.0,0.00,pathseer:67
beir500k-f32,neg40_cat20,neg40,212946,ours-no-twohop,128,3,67,0.9791,0.8209,0.00032,4.140,7.346,7.738,4.211,5215.3,0.0,15194.1,1536.2,6.0,122.0,0.0,0.0,10188.1,0.0,0.00,pathseer:67
beir500k-f32,neg40_cat20,neg40,212946,ours-no-twohop,256,1,67,0.9896,0.9104,0.00022,6.828,12.172,12.524,7.129,8911.2,0.0,23188.8,2580.1,12.0,232.0,0.0,0.0,14800.6,0.0,0.00,pathseer:67
beir500k-f32,neg40_cat20,neg40,212946,ours-no-twohop,256,2,67,0.9896,0.9104,0.00022,6.887,11.880,12.656,7.026,8911.2,0.0,23188.8,2580.1,12.0,232.0,0.0,0.0,14800.6,0.0,0.00,pathseer:67
beir500k-f32,neg40_cat20,neg40,212946,ours-no-twohop,256,3,67,0.9896,0.9104,0.00022,6.769,12.070,12.358,7.039,8911.2,0.0,23188.8,2580.1,12.0,232.0,0.0,0.0,14800.6,0.0,0.00,pathseer:67
beir500k-f32,neg40_cat20,neg40,212946,ours-no-twohop,512,1,67,0.9955,0.9552,0.00005,12.312,20.589,21.256,12.241,15306.5,0.0,35743.9,4455.7,27.0,467.0,0.0,0.0,21398.2,0.0,0.00,pathseer:67
beir500k-f32,neg40_cat20,neg40,212946,ours-no-twohop,512,2,67,0.9955,0.9552,0.00005,12.290,20.295,20.594,12.207,15306.5,0.0,35743.9,4455.7,27.0,467.0,0.0,0.0,21398.2,0.0,0.00,pathseer:67
beir500k-f32,neg40_cat20,neg40,212946,ours-no-twohop,512,3,67,0.9955,0.9552,0.00005,12.253,20.313,20.653,12.243,15306.5,0.0,35743.9,4455.7,27.0,467.0,0.0,0.0,21398.2,0.0,0.00,pathseer:67
beir500k-f32,neg40_cat20,neg40,212946,ours-guard,64,1,67,0.9507,0.6866,0.00072,2.045,4.281,4.517,2.228,2674.4,0.0,9653.4,887.9,4.0,60.0,0.0,0.0,6861.5,0.0,0.00,pathseer:67
beir500k-f32,neg40_cat20,neg40,212946,ours-guard,64,2,67,0.9507,0.6866,0.00072,2.071,4.259,4.552,2.233,2674.4,0.0,9653.4,887.9,4.0,60.0,0.0,0.0,6861.5,0.0,0.00,pathseer:67
beir500k-f32,neg40_cat20,neg40,212946,ours-guard,64,3,67,0.9507,0.6866,0.00072,2.083,4.242,4.507,2.221,2674.4,0.0,9653.4,887.9,4.0,60.0,0.0,0.0,6861.5,0.0,0.00,pathseer:67
beir500k-f32,neg40_cat20,neg40,212946,ours-guard,128,1,67,0.9776,0.8209,0.00035,3.767,7.267,7.717,3.876,4628.5,0.0,15044.3,1501.9,6.0,122.0,0.0,0.0,10192.7,0.0,0.00,pathseer:67
beir500k-f32,neg40_cat20,neg40,212946,ours-guard,128,2,67,0.9776,0.8209,0.00035,3.655,6.880,7.445,3.825,4628.5,0.0,15044.3,1501.9,6.0,122.0,0.0,0.0,10192.7,0.0,0.00,pathseer:67
beir500k-f32,neg40_cat20,neg40,212946,ours-guard,128,3,67,0.9776,0.8209,0.00035,3.685,6.968,7.530,3.821,4628.5,0.0,15044.3,1501.9,6.0,122.0,0.0,0.0,10192.7,0.0,0.00,pathseer:67
beir500k-f32,neg40_cat20,neg40,212946,ours-guard,256,1,67,0.9866,0.8955,0.00026,6.450,11.321,11.826,6.550,7934.3,0.0,23228.7,2523.8,12.0,232.0,0.0,0.0,14872.7,0.0,0.00,pathseer:67
beir500k-f32,neg40_cat20,neg40,212946,ours-guard,256,2,67,0.9866,0.8955,0.00026,6.277,11.389,11.702,6.532,7934.3,0.0,23228.7,2523.8,12.0,232.0,0.0,0.0,14872.7,0.0,0.00,pathseer:67
beir500k-f32,neg40_cat20,neg40,212946,ours-guard,256,3,67,0.9866,0.8955,0.00026,6.298,11.296,11.680,6.560,7934.3,0.0,23228.7,2523.8,12.0,232.0,0.0,0.0,14872.7,0.0,0.00,pathseer:67
beir500k-f32,neg40_cat20,neg40,212946,ours-guard,512,1,67,0.9925,0.9403,0.00009,11.585,19.782,19.990,11.499,13717.5,0.0,36206.6,4363.8,27.0,467.0,0.0,0.0,21705.0,0.0,0.00,pathseer:67
beir500k-f32,neg40_cat20,neg40,212946,ours-guard,512,2,67,0.9925,0.9403,0.00009,11.420,19.511,19.772,11.400,13717.5,0.0,36206.6,4363.8,27.0,467.0,0.0,0.0,21705.0,0.0,0.00,pathseer:67
beir500k-f32,neg40_cat20,neg40,212946,ours-guard,512,3,67,0.9925,0.9403,0.00009,11.516,19.674,20.461,11.445,13717.5,0.0,36206.6,4363.8,27.0,467.0,0.0,0.0,21705.0,0.0,0.00,pathseer:67
beir500k-f32,neg40_cat20,neg40,212946,ours-puredos,64,1,9,0.2556,0.1111,0.00187,0.045,0.419,0.419,0.140,278.3,0.0,561.7,23.7,8.0,7.0,0.0,0.0,225.0,0.0,0.00,pathseer:9
beir500k-f32,neg40_cat20,neg40,212946,ours-puredos,64,2,9,0.2556,0.1111,0.00187,0.045,0.450,0.450,0.143,278.3,0.0,561.7,23.7,8.0,7.0,0.0,0.0,225.0,0.0,0.00,pathseer:9
beir500k-f32,neg40_cat20,neg40,212946,ours-puredos,64,3,9,0.2556,0.1111,0.00187,0.055,0.464,0.464,0.151,278.3,0.0,561.7,23.7,8.0,7.0,0.0,0.0,225.0,0.0,0.00,pathseer:9
beir500k-f32,neg40_cat20,neg40,212946,ours-puredos,128,1,9,0.2778,0.2222,0.00147,0.046,0.697,0.697,0.226,472.9,0.0,940.9,44.2,10.0,10.0,0.0,0.0,362.3,0.0,0.00,pathseer:9
beir500k-f32,neg40_cat20,neg40,212946,ours-puredos,128,2,9,0.2778,0.2222,0.00147,0.046,0.718,0.718,0.224,472.9,0.0,940.9,44.2,10.0,10.0,0.0,0.0,362.3,0.0,0.00,pathseer:9
beir500k-f32,neg40_cat20,neg40,212946,ours-puredos,128,3,9,0.2778,0.2222,0.00147,0.046,0.714,0.714,0.224,472.9,0.0,940.9,44.2,10.0,10.0,0.0,0.0,362.3,0.0,0.00,pathseer:9
beir500k-f32,neg40_cat20,neg40,212946,ours-puredos,256,1,9,0.3222,0.2222,0.00023,0.053,1.297,1.297,0.420,862.2,0.0,1728.9,86.8,24.0,22.0,0.0,0.0,672.1,0.0,0.00,pathseer:9
beir500k-f32,neg40_cat20,neg40,212946,ours-puredos,256,2,9,0.3222,0.2222,0.00023,0.049,1.299,1.299,0.418,862.2,0.0,1728.9,86.8,24.0,22.0,0.0,0.0,672.1,0.0,0.00,pathseer:9
beir500k-f32,neg40_cat20,neg40,212946,ours-puredos,256,3,9,0.3222,0.2222,0.00023,0.053,1.285,1.285,0.416,862.2,0.0,1728.9,86.8,24.0,22.0,0.0,0.0,672.1,0.0,0.00,pathseer:9
beir500k-f32,neg40_cat20,neg40,212946,ours-puredos,512,1,9,0.3222,0.2222,0.00023,0.066,3.173,3.173,1.028,1684.9,0.0,3261.0,172.0,56.0,46.0,0.0,0.0,1212.6,0.0,0.00,pathseer:9
beir500k-f32,neg40_cat20,neg40,212946,ours-puredos,512,2,9,0.3222,0.2222,0.00023,0.065,3.108,3.108,1.019,1684.9,0.0,3261.0,172.0,56.0,46.0,0.0,0.0,1212.6,0.0,0.00,pathseer:9
beir500k-f32,neg40_cat20,neg40,212946,ours-puredos,512,3,9,0.3222,0.2222,0.00023,0.068,3.134,3.134,1.017,1684.9,0.0,3261.0,172.0,56.0,46.0,0.0,0.0,1212.6,0.0,0.00,pathseer:9
beir500k-f32,neg40_cat21,neg40,200035,sweeping,64,1,61,0.9803,0.8525,0.00014,12.662,22.869,26.686,12.310,20896.9,0.0,4751.9,2919.9,4.0,76.0,0.0,0.0,0.0,0.0,0.00,sweeping:61
beir500k-f32,neg40_cat21,neg40,200035,sweeping,64,2,61,0.9803,0.8525,0.00014,12.189,23.019,25.893,12.159,20896.9,0.0,4751.9,2919.9,4.0,76.0,0.0,0.0,0.0,0.0,0.00,sweeping:61
beir500k-f32,neg40_cat21,neg40,200035,sweeping,64,3,61,0.9803,0.8525,0.00014,12.156,22.994,26.345,12.207,20896.9,0.0,4751.9,2919.9,4.0,76.0,0.0,0.0,0.0,0.0,0.00,sweeping:61
beir500k-f32,neg40_cat21,neg40,200035,sweeping,128,1,61,0.9852,0.8852,0.00011,17.069,29.741,33.505,16.708,28280.1,0.0,6785.6,4063.5,6.0,149.0,0.0,0.0,0.0,0.0,0.00,sweeping:61
beir500k-f32,neg40_cat21,neg40,200035,sweeping,128,2,61,0.9852,0.8852,0.00011,17.133,29.805,34.583,16.885,28280.1,0.0,6785.6,4063.5,6.0,149.0,0.0,0.0,0.0,0.0,0.00,sweeping:61
beir500k-f32,neg40_cat21,neg40,200035,sweeping,128,3,61,0.9852,0.8852,0.00011,17.177,29.843,33.540,16.686,28280.1,0.0,6785.6,4063.5,6.0,149.0,0.0,0.0,0.0,0.0,0.00,sweeping:61
beir500k-f32,neg40_cat21,neg40,200035,sweeping,256,1,61,0.9852,0.9344,0.00006,23.510,39.979,44.624,23.009,38296.5,0.0,9695.4,5659.1,12.0,263.0,0.0,0.0,0.0,0.0,0.00,sweeping:61
beir500k-f32,neg40_cat21,neg40,200035,sweeping,256,2,61,0.9852,0.9344,0.00006,23.669,40.186,44.452,22.930,38296.5,0.0,9695.4,5659.1,12.0,263.0,0.0,0.0,0.0,0.0,0.00,sweeping:61
beir500k-f32,neg40_cat21,neg40,200035,sweeping,256,3,61,0.9852,0.9344,0.00006,23.628,40.068,45.010,23.006,38296.5,0.0,9695.4,5659.1,12.0,263.0,0.0,0.0,0.0,0.0,0.00,sweeping:61
beir500k-f32,neg40_cat21,neg40,200035,sweeping,512,1,61,0.9902,0.9508,0.00003,33.127,53.104,59.320,31.854,52135.2,0.0,13949.8,7956.5,27.0,539.0,0.0,0.0,0.0,0.0,0.00,sweeping:61
beir500k-f32,neg40_cat21,neg40,200035,sweeping,512,2,61,0.9902,0.9508,0.00003,32.726,53.062,59.433,31.761,52135.2,0.0,13949.8,7956.5,27.0,539.0,0.0,0.0,0.0,0.0,0.00,sweeping:61
beir500k-f32,neg40_cat21,neg40,200035,sweeping,512,3,61,0.9902,0.9508,0.00003,32.946,53.262,59.489,31.807,52135.2,0.0,13949.8,7956.5,27.0,539.0,0.0,0.0,0.0,0.0,0.00,sweeping:61
beir500k-f32,neg40_cat21,neg40,200035,pathseer,64,1,61,0.9623,0.7541,0.00043,2.129,7.282,7.470,2.940,3515.6,0.0,11325.1,1225.4,3.0,54.0,143.7,20.2,7543.0,2.2,0.00,pathseer:61
beir500k-f32,neg40_cat21,neg40,200035,pathseer,64,2,61,0.9623,0.7541,0.00043,2.094,6.751,7.208,2.880,3515.6,0.0,11325.1,1225.4,3.0,54.0,143.7,20.2,7543.0,2.2,0.00,pathseer:61
beir500k-f32,neg40_cat21,neg40,200035,pathseer,64,3,61,0.9623,0.7541,0.00043,2.123,6.916,7.441,2.923,3515.6,0.0,11325.1,1225.4,3.0,54.0,143.7,20.2,7543.0,2.2,0.00,pathseer:61
beir500k-f32,neg40_cat21,neg40,200035,pathseer,128,1,61,0.9820,0.8689,0.00016,3.923,10.130,10.434,4.825,6028.0,0.0,17003.8,1964.6,5.0,100.0,282.2,32.1,10753.7,4.4,0.00,pathseer:61
beir500k-f32,neg40_cat21,neg40,200035,pathseer,128,2,61,0.9820,0.8689,0.00016,4.210,10.290,11.750,4.986,6028.0,0.0,17003.8,1964.6,5.0,100.0,282.2,32.1,10753.7,4.4,0.00,pathseer:61
beir500k-f32,neg40_cat21,neg40,200035,pathseer,128,3,61,0.9820,0.8689,0.00016,4.090,10.142,10.517,4.851,6028.0,0.0,17003.8,1964.6,5.0,100.0,282.2,32.1,10753.7,4.4,0.00,pathseer:61
beir500k-f32,neg40_cat21,neg40,200035,pathseer,256,1,61,0.9852,0.9016,0.00007,7.130,15.565,16.016,8.000,10059.4,0.0,24827.4,3037.6,9.0,234.0,597.0,63.5,14809.7,9.3,0.00,pathseer:61
beir500k-f32,neg40_cat21,neg40,200035,pathseer,256,2,61,0.9852,0.9016,0.00007,7.094,15.347,15.920,7.951,10059.4,0.0,24827.4,3037.6,9.0,234.0,597.0,63.5,14809.7,9.3,0.00,pathseer:61
beir500k-f32,neg40_cat21,neg40,200035,pathseer,256,3,61,0.9852,0.9016,0.00007,7.195,15.485,15.795,8.088,10059.4,0.0,24827.4,3037.6,9.0,234.0,597.0,63.5,14809.7,9.3,0.00,pathseer:61
beir500k-f32,neg40_cat21,neg40,200035,pathseer,512,1,61,0.9902,0.9344,0.00003,12.512,22.399,23.437,13.039,16549.6,0.0,35963.5,4710.1,20.0,473.0,1298.9,134.4,19972.5,20.3,0.00,pathseer:61
beir500k-f32,neg40_cat21,neg40,200035,pathseer,512,2,61,0.9902,0.9344,0.00003,12.510,22.809,23.630,13.042,16549.6,0.0,35963.5,4710.1,20.0,473.0,1298.9,134.4,19972.5,20.3,0.00,pathseer:61
beir500k-f32,neg40_cat21,neg40,200035,pathseer,512,3,61,0.9902,0.9344,0.00003,12.901,23.399,23.690,13.269,16549.6,0.0,35963.5,4710.1,20.0,473.0,1298.9,134.4,19972.5,20.3,0.00,pathseer:61
beir500k-f32,neg40_cat21,neg40,200035,ours-no-twohop,64,1,61,0.9656,0.7541,0.00037,2.561,7.500,8.221,3.377,3849.1,0.0,12343.6,1369.3,4.0,76.0,0.0,0.0,8209.6,0.0,0.00,pathseer:61
beir500k-f32,neg40_cat21,neg40,200035,ours-no-twohop,64,2,61,0.9656,0.7541,0.00037,2.490,7.463,9.487,3.322,3849.1,0.0,12343.6,1369.3,4.0,76.0,0.0,0.0,8209.6,0.0,0.00,pathseer:61
beir500k-f32,neg40_cat21,neg40,200035,ours-no-twohop,64,3,61,0.9656,0.7541,0.00037,2.487,7.133,8.124,3.261,3849.1,0.0,12343.6,1369.3,4.0,76.0,0.0,0.0,8209.6,0.0,0.00,pathseer:61
beir500k-f32,neg40_cat21,neg40,200035,ours-no-twohop,128,1,61,0.9820,0.8689,0.00016,4.527,10.634,13.382,5.682,6383.1,0.0,17818.2,2099.7,6.0,149.0,0.0,0.0,11330.6,0.0,0.00,pathseer:61
beir500k-f32,neg40_cat21,neg40,200035,ours-no-twohop,128,2,61,0.9820,0.8689,0.00016,4.507,10.557,11.864,5.369,6383.1,0.0,17818.2,2099.7,6.0,149.0,0.0,0.0,11330.6,0.0,0.00,pathseer:61
beir500k-f32,neg40_cat21,neg40,200035,ours-no-twohop,128,3,61,0.9820,0.8689,0.00016,4.496,10.477,11.896,5.330,6383.1,0.0,17818.2,2099.7,6.0,149.0,0.0,0.0,11330.6,0.0,0.00,pathseer:61
beir500k-f32,neg40_cat21,neg40,200035,ours-no-twohop,256,1,61,0.9820,0.9016,0.00007,8.155,16.128,17.360,8.569,10522.3,0.0,25512.7,3214.9,12.0,263.0,0.0,0.0,15386.0,0.0,0.00,pathseer:61
beir500k-f32,neg40_cat21,neg40,200035,ours-no-twohop,256,2,61,0.9820,0.9016,0.00007,8.130,15.916,16.482,8.525,10522.3,0.0,25512.7,3214.9,12.0,263.0,0.0,0.0,15386.0,0.0,0.00,pathseer:61
beir500k-f32,neg40_cat21,neg40,200035,ours-no-twohop,256,3,61,0.9820,0.9016,0.00007,7.936,16.114,16.866,8.532,10522.3,0.0,25512.7,3214.9,12.0,263.0,0.0,0.0,15386.0,0.0,0.00,pathseer:61
beir500k-f32,neg40_cat21,neg40,200035,ours-no-twohop,512,1,61,0.9869,0.9344,0.00003,13.382,22.612,26.161,13.611,17221.1,0.0,36245.9,4963.8,27.0,539.0,0.0,0.0,20471.1,0.0,0.00,pathseer:61
beir500k-f32,neg40_cat21,neg40,200035,ours-no-twohop,512,2,61,0.9869,0.9344,0.00003,13.676,23.210,24.478,13.897,17221.1,0.0,36245.9,4963.8,27.0,539.0,0.0,0.0,20471.1,0.0,0.00,pathseer:61
beir500k-f32,neg40_cat21,neg40,200035,ours-no-twohop,512,3,61,0.9869,0.9344,0.00003,13.903,23.357,24.052,13.908,17221.1,0.0,36245.9,4963.8,27.0,539.0,0.0,0.0,20471.1,0.0,0.00,pathseer:61
beir500k-f32,neg40_cat21,neg40,200035,ours-guard,64,1,61,0.9639,0.7541,0.00051,2.211,7.319,7.884,3.090,3483.7,0.0,11893.8,1352.1,4.0,76.0,0.0,0.0,8298.6,0.0,0.00,pathseer:61
beir500k-f32,neg40_cat21,neg40,200035,ours-guard,64,2,61,0.9639,0.7541,0.00051,2.276,6.981,7.760,3.090,3483.7,0.0,11893.8,1352.1,4.0,76.0,0.0,0.0,8298.6,0.0,0.00,pathseer:61
beir500k-f32,neg40_cat21,neg40,200035,ours-guard,64,3,61,0.9639,0.7541,0.00051,2.319,7.151,8.442,3.147,3483.7,0.0,11893.8,1352.1,4.0,76.0,0.0,0.0,8298.6,0.0,0.00,pathseer:61
beir500k-f32,neg40_cat21,neg40,200035,ours-guard,128,1,61,0.9770,0.8525,0.00030,4.301,9.980,10.344,4.992,5773.2,0.0,17511.2,2072.8,6.0,149.0,0.0,0.0,11529.2,0.0,0.00,pathseer:61
beir500k-f32,neg40_cat21,neg40,200035,ours-guard,128,2,61,0.9770,0.8525,0.00030,4.205,10.093,10.506,4.950,5773.2,0.0,17511.2,2072.8,6.0,149.0,0.0,0.0,11529.2,0.0,0.00,pathseer:61
beir500k-f32,neg40_cat21,neg40,200035,ours-guard,128,3,61,0.9770,0.8525,0.00030,4.378,10.318,10.963,5.067,5773.2,0.0,17511.2,2072.8,6.0,149.0,0.0,0.0,11529.2,0.0,0.00,pathseer:61
beir500k-f32,neg40_cat21,neg40,200035,ours-guard,256,1,61,0.9836,0.8852,0.00008,7.510,15.635,16.541,8.058,9520.2,0.0,25703.0,3173.4,12.0,263.0,0.0,0.0,15782.9,0.0,0.00,pathseer:61
beir500k-f32,neg40_cat21,neg40,200035,ours-guard,256,2,61,0.9836,0.8852,0.00008,7.536,15.396,15.822,8.124,9520.2,0.0,25703.0,3173.4,12.0,263.0,0.0,0.0,15782.9,0.0,0.00,pathseer:61
beir500k-f32,neg40_cat21,neg40,200035,ours-guard,256,3,61,0.9836,0.8852,0.00008,7.347,14.851,15.499,7.913,9520.2,0.0,25703.0,3173.4,12.0,263.0,0.0,0.0,15782.9,0.0,0.00,pathseer:61
beir500k-f32,neg40_cat21,neg40,200035,ours-guard,512,1,61,0.9918,0.9344,0.00003,12.785,21.635,22.899,13.236,15579.4,0.0,37503.2,4893.0,27.0,539.0,0.0,0.0,21179.2,0.0,0.00,pathseer:61
beir500k-f32,neg40_cat21,neg40,200035,ours-guard,512,2,61,0.9918,0.9344,0.00003,12.658,21.834,22.868,12.888,15579.4,0.0,37503.2,4893.0,27.0,539.0,0.0,0.0,21179.2,0.0,0.00,pathseer:61
beir500k-f32,neg40_cat21,neg40,200035,ours-guard,512,3,61,0.9918,0.9344,0.00003,12.472,21.607,22.839,12.723,15579.4,0.0,37503.2,4893.0,27.0,539.0,0.0,0.0,21179.2,0.0,0.00,pathseer:61
beir500k-f32,neg40_cat21,neg40,200035,ours-puredos,64,1,9,0.1444,0.1111,0.00172,0.041,0.576,0.576,0.136,280.1,0.0,525.8,17.3,8.0,8.0,0.0,0.0,186.7,0.0,0.00,pathseer:9
beir500k-f32,neg40_cat21,neg40,200035,ours-puredos,64,2,9,0.1444,0.1111,0.00172,0.042,0.568,0.568,0.136,280.1,0.0,525.8,17.3,8.0,8.0,0.0,0.0,186.7,0.0,0.00,pathseer:9
beir500k-f32,neg40_cat21,neg40,200035,ours-puredos,64,3,9,0.1444,0.1111,0.00172,0.041,0.564,0.564,0.133,280.1,0.0,525.8,17.3,8.0,8.0,0.0,0.0,186.7,0.0,0.00,pathseer:9
beir500k-f32,neg40_cat21,neg40,200035,ours-puredos,128,1,9,0.2222,0.2222,0.00000,0.046,1.251,1.251,0.253,572.3,0.0,997.6,35.3,12.0,11.0,0.0,0.0,317.0,0.0,0.00,pathseer:9
beir500k-f32,neg40_cat21,neg40,200035,ours-puredos,128,2,9,0.2222,0.2222,0.00000,0.047,1.237,1.237,0.252,572.3,0.0,997.6,35.3,12.0,11.0,0.0,0.0,317.0,0.0,0.00,pathseer:9
beir500k-f32,neg40_cat21,neg40,200035,ours-puredos,128,3,9,0.2222,0.2222,0.00000,0.044,1.225,1.225,0.249,572.3,0.0,997.6,35.3,12.0,11.0,0.0,0.0,317.0,0.0,0.00,pathseer:9
beir500k-f32,neg40_cat21,neg40,200035,ours-puredos,256,1,9,0.2222,0.2222,0.00000,0.050,1.980,1.980,0.426,880.0,0.0,1535.7,59.4,23.0,21.0,0.0,0.0,469.6,0.0,0.00,pathseer:9
beir500k-f32,neg40_cat21,neg40,200035,ours-puredos,256,2,9,0.2222,0.2222,0.00000,0.052,2.070,2.070,0.437,880.0,0.0,1535.7,59.4,23.0,21.0,0.0,0.0,469.6,0.0,0.00,pathseer:9
beir500k-f32,neg40_cat21,neg40,200035,ours-puredos,256,3,9,0.2222,0.2222,0.00000,0.049,1.975,1.975,0.423,880.0,0.0,1535.7,59.4,23.0,21.0,0.0,0.0,469.6,0.0,0.00,pathseer:9
beir500k-f32,neg40_cat21,neg40,200035,ours-puredos,512,1,9,0.2222,0.2222,0.00000,0.063,4.617,4.617,0.964,1589.7,0.0,2662.8,116.1,38.0,36.0,0.0,0.0,755.0,0.0,0.00,pathseer:9
beir500k-f32,neg40_cat21,neg40,200035,ours-puredos,512,2,9,0.2222,0.2222,0.00000,0.060,4.545,4.545,0.953,1589.7,0.0,2662.8,116.1,38.0,36.0,0.0,0.0,755.0,0.0,0.00,pathseer:9
beir500k-f32,neg40_cat21,neg40,200035,ours-puredos,512,3,9,0.2222,0.2222,0.00000,0.060,4.434,4.434,0.930,1589.7,0.0,2662.8,116.1,38.0,36.0,0.0,0.0,755.0,0.0,0.00,pathseer:9
