dataset,filter,family,size,strategy,ef,pass,queries,recall_at_10,perfect_frac,sim_regret,p50_ms,p95_ms,p99_ms,mean_ms,mean_dist_comps,mean_seed_dist_comps,mean_filter_checks,mean_nodes_popped,median_pop_idx_cand_full,median_pop_idx_results_full,mean_twohop_examined,mean_twohop_appended,mean_prefilter_skips,mean_secondorder_allocs,mean_reencountered_burned,strategy_used
wikidpr10m-rq1,conj_topical1m_a_idlo,conjunction,531538,sweeping,64,1,1000,0.8227,0.2960,0.00133,16.291,57.104,79.559,21.030,74986.6,0.0,10686.4,4113.2,3.0,83.0,0.0,0.0,0.0,0.0,0.00,sweeping:1000
wikidpr10m-rq1,conj_topical1m_a_idlo,conjunction,531538,sweeping,64,2,1000,0.8226,0.2950,0.00133,16.167,55.804,82.430,20.840,74986.6,0.0,10686.4,4113.2,3.0,83.0,0.0,0.0,0.0,0.0,0.00,sweeping:1000
wikidpr10m-rq1,conj_topical1m_a_idlo,conjunction,531538,sweeping,64,3,1000,0.8226,0.2950,0.00133,16.070,55.456,83.582,20.887,74986.6,0.0,10686.4,4113.2,3.0,83.0,0.0,0.0,0.0,0.0,0.00,sweeping:1000
wikidpr10m-rq1,conj_topical1m_a_idlo,conjunction,531538,sweeping,128,1,1000,0.9007,0.5120,0.00069,29.382,91.128,126.574,35.930,124446.7,0.0,18729.4,7299.0,4.0,168.0,0.0,0.0,0.0,0.0,0.00,sweeping:1000
wikidpr10m-rq1,conj_topical1m_a_idlo,conjunction,531538,sweeping,128,2,1000,0.9007,0.5120,0.00069,29.387,92.173,125.475,35.884,124446.7,0.0,18729.4,7299.0,4.0,168.0,0.0,0.0,0.0,0.0,0.00,sweeping:1000
wikidpr10m-rq1,conj_topical1m_a_idlo,conjunction,531538,sweeping,128,3,1000,0.9008,0.5130,0.00069,29.330,92.042,123.177,35.815,124446.7,0.0,18729.4,7299.0,4.0,168.0,0.0,0.0,0.0,0.0,0.00,sweeping:1000
wikidpr10m-rq1,conj_topical1m_a_idlo,conjunction,531538,sweeping,256,1,1000,0.9497,0.7040,0.00032,52.637,147.524,181.578,61.478,205594.4,0.0,32793.3,12882.7,8.0,354.0,0.0,0.0,0.0,0.0,0.00,sweeping:1000
wikidpr10m-rq1,conj_topical1m_a_idlo,conjunction,531538,sweeping,256,2,1000,0.9497,0.7040,0.00032,53.263,147.732,182.031,61.764,205594.4,0.0,32793.3,12882.7,8.0,354.0,0.0,0.0,0.0,0.0,0.00,sweeping:1000
wikidpr10m-rq1,conj_topical1m_a_idlo,conjunction,531538,sweeping,256,3,1000,0.9496,0.7030,0.00032,52.994,149.854,182.145,61.899,205594.4,0.0,32793.3,12882.7,8.0,354.0,0.0,0.0,0.0,0.0,0.00,sweeping:1000
wikidpr10m-rq1,conj_topical1m_a_idlo,conjunction,531538,sweeping,512,1,1000,0.9751,0.8340,0.00018,102.166,254.396,299.674,110.757,338600.4,0.0,57319.0,22782.7,15.0,738.0,0.0,0.0,0.0,0.0,0.00,sweeping:1000
wikidpr10m-rq1,conj_topical1m_a_idlo,conjunction,531538,sweeping,512,2,1000,0.9750,0.8330,0.00018,97.638,243.266,286.712,107.224,338600.4,0.0,57319.0,22782.7,15.0,738.0,0.0,0.0,0.0,0.0,0.00,sweeping:1000
wikidpr10m-rq1,conj_topical1m_a_idlo,conjunction,531538,sweeping,512,3,1000,0.9750,0.8330,0.00018,97.273,238.215,280.223,106.156,338600.4,0.0,57319.0,22782.7,15.0,738.0,0.0,0.0,0.0,0.0,0.00,sweeping:1000
wikidpr10m-rq1,conj_topical1m_a_idlo,conjunction,531538,pathseer,64,1,1000,0.8006,0.2980,0.00190,3.149,12.879,23.927,4.505,6099.8,0.0,31808.3,1629.7,3.0,79.0,118.7,4.9,25397.9,1.9,0.00,pathseer:1000
wikidpr10m-rq1,conj_topical1m_a_idlo,conjunction,531538,pathseer,64,2,1000,0.8006,0.2980,0.00190,3.209,12.743,23.939,4.545,6099.8,0.0,31808.3,1629.7,3.0,79.0,118.7,4.9,25397.9,1.9,0.00,pathseer:1000
wikidpr10m-rq1,conj_topical1m_a_idlo,conjunction,531538,pathseer,64,3,1000,0.8007,0.2990,0.00190,3.136,12.706,23.183,4.464,6099.8,0.0,31808.3,1629.7,3.0,79.0,118.7,4.9,25397.9,1.9,0.00,pathseer:1000
wikidpr10m-rq1,conj_topical1m_a_idlo,conjunction,531538,pathseer,128,1,1000,0.8843,0.4950,0.00098,6.243,23.614,40.865,8.443,11387.0,0.0,56195.0,3171.7,4.0,158.0,212.9,8.7,44053.3,3.3,0.00,pathseer:1000
wikidpr10m-rq1,conj_topical1m_a_idlo,conjunction,531538,pathseer,128,2,1000,0.8844,0.4960,0.00098,6.249,24.304,43.513,8.478,11387.0,0.0,56195.0,3171.7,4.0,158.0,212.9,8.7,44053.3,3.3,0.00,pathseer:1000
wikidpr10m-rq1,conj_topical1m_a_idlo,conjunction,531538,pathseer,128,3,1000,0.8843,0.4950,0.00098,6.135,24.106,42.387,8.455,11387.0,0.0,56195.0,3171.7,4.0,158.0,212.9,8.7,44053.3,3.3,0.00,pathseer:1000
wikidpr10m-rq1,conj_topical1m_a_idlo,conjunction,531538,pathseer,256,1,1000,0.9362,0.6700,0.00053,11.947,41.807,69.104,15.799,21125.0,0.0,98098.3,6078.4,7.0,337.0,411.4,17.0,75279.7,6.4,0.00,pathseer:1000
wikidpr10m-rq1,conj_topical1m_a_idlo,conjunction,531538,pathseer,256,2,1000,0.9362,0.6700,0.00053,11.828,41.792,68.416,15.719,21125.0,0.0,98098.3,6078.4,7.0,337.0,411.4,17.0,75279.7,6.4,0.00,pathseer:1000
wikidpr10m-rq1,conj_topical1m_a_idlo,conjunction,531538,pathseer,256,3,1000,0.9362,0.6700,0.00053,11.911,41.431,69.413,15.742,21125.0,0.0,98098.3,6078.4,7.0,337.0,411.4,17.0,75279.7,6.4,0.00,pathseer:1000
wikidpr10m-rq1,conj_topical1m_a_idlo,conjunction,531538,pathseer,512,1,1000,0.9694,0.8150,0.00022,23.489,71.568,112.552,29.204,38904.8,0.0,169105.7,11362.7,14.0,712.0,854.3,34.2,126717.3,13.3,0.00,pathseer:1000
wikidpr10m-rq1,conj_topical1m_a_idlo,conjunction,531538,pathseer,512,2,1000,0.9694,0.8150,0.00022,23.307,74.860,113.641,29.405,38904.8,0.0,169105.7,11362.7,14.0,712.0,854.3,34.2,126717.3,13.3,0.00,pathseer:1000
wikidpr10m-rq1,conj_topical1m_a_idlo,conjunction,531538,pathseer,512,3,1000,0.9694,0.8150,0.00022,23.398,73.476,113.694,29.212,38904.8,0.0,169105.7,11362.7,14.0,712.0,854.3,34.2,126717.3,13.3,0.00,pathseer:1000
wikidpr10m-rq1,conj_topical1m_a_idlo,conjunction,531538,ours-no-twohop,64,1,1000,0.8051,0.3000,0.00182,3.208,12.657,22.714,4.520,6210.5,0.0,32117.8,1655.1,3.0,83.0,0.0,0.0,25683.5,0.0,0.00,pathseer:1000
wikidpr10m-rq1,conj_topical1m_a_idlo,conjunction,531538,ours-no-twohop,64,2,1000,0.8052,0.3010,0.00182,3.177,12.823,24.156,4.550,6210.5,0.0,32117.8,1655.1,3.0,83.0,0.0,0.0,25683.5,0.0,0.00,pathseer:1000
wikidpr10m-rq1,conj_topical1m_a_idlo,conjunction,531538,ours-no-twohop,64,3,1000,0.8051,0.3000,0.00182,3.166,12.774,23.105,4.508,6210.5,0.0,32117.8,1655.1,3.0,83.0,0.0,0.0,25683.5,0.0,0.00,pathseer:1000
wikidpr10m-rq1,conj_topical1m_a_idlo,conjunction,531538,ours-no-twohop,128,1,1000,0.8854,0.4990,0.00096,6.259,23.987,41.739,8.538,11603.5,0.0,56837.3,3233.2,4.0,168.0,0.0,0.0,44619.2,0.0,0.00,pathseer:1000
wikidpr10m-rq1,conj_topical1m_a_idlo,conjunction,531538,ours-no-twohop,128,2,1000,0.8854,0.4990,0.00096,6.298,24.494,42.744,8.576,11603.5,0.0,56837.3,3233.2,4.0,168.0,0.0,0.0,44619.2,0.0,0.00,pathseer:1000
wikidpr10m-rq1,conj_topical1m_a_idlo,conjunction,531538,ours-no-twohop,128,3,1000,0.8854,0.4990,0.00096,6.395,24.625,41.229,8.667,11603.5,0.0,56837.3,3233.2,4.0,168.0,0.0,0.0,44619.2,0.0,0.00,pathseer:1000
wikidpr10m-rq1,conj_topical1m_a_idlo,conjunction,531538,ours-no-twohop,256,1,1000,0.9391,0.6740,0.00041,12.521,42.981,77.193,16.541,21488.5,0.0,98934.5,6171.2,8.0,354.0,0.0,0.0,76044.5,0.0,0.00,pathseer:1000
wikidpr10m-rq1,conj_topical1m_a_idlo,conjunction,531538,ours-no-twohop,256,2,1000,0.9391,0.6740,0.00041,12.209,41.113,72.349,16.097,21488.5,0.0,98934.5,6171.2,8.0,354.0,0.0,0.0,76044.5,0.0,0.00,pathseer:1000
wikidpr10m-rq1,conj_topical1m_a_idlo,conjunction,531538,ours-no-twohop,256,3,1000,0.9391,0.6740,0.00041,12.154,41.459,70.317,16.077,21488.5,0.0,98934.5,6171.2,8.0,354.0,0.0,0.0,76044.5,0.0,0.00,pathseer:1000
wikidpr10m-rq1,conj_topical1m_a_idlo,conjunction,531538,ours-no-twohop,512,1,1000,0.9692,0.8140,0.00022,23.552,73.817,116.573,29.595,39539.5,0.0,170120.8,11506.4,15.0,738.0,0.0,0.0,127752.4,0.0,0.00,pathseer:1000
wikidpr10m-rq1,conj_topical1m_a_idlo,conjunction,531538,ours-no-twohop,512,2,1000,0.9692,0.8140,0.00022,23.758,74.505,124.346,29.941,39539.5,0.0,170120.8,11506.4,15.0,738.0,0.0,0.0,127752.4,0.0,0.00,pathseer:1000
wikidpr10m-rq1,conj_topical1m_a_idlo,conjunction,531538,ours-no-twohop,512,3,1000,0.9693,0.8150,0.00022,23.701,75.141,119.133,29.601,39539.5,0.0,170120.8,11506.4,15.0,738.0,0.0,0.0,127752.4,0.0,0.00,pathseer:1000
wikidpr10m-rq1,conj_topical1m_a_idlo,conjunction,531538,ours-guard,64,1,1000,0.7861,0.2810,0.00242,2.704,12.257,22.846,4.035,4663.4,0.0,30203.6,1597.9,3.0,83.0,0.0,0.0,25439.5,0.0,0.00,pathseer:1000
wikidpr10m-rq1,conj_topical1m_a_idlo,conjunction,531538,ours-guard,64,2,1000,0.7862,0.2820,0.00242,2.719,12.227,22.368,4.034,4663.4,0.0,30203.6,1597.9,3.0,83.0,0.0,0.0,25439.5,0.0,0.00,pathseer:1000
wikidpr10m-rq1,conj_topical1m_a_idlo,conjunction,531538,ours-guard,64,3,1000,0.7861,0.2810,0.00242,2.710,12.220,22.988,4.055,4663.4,0.0,30203.6,1597.9,3.0,83.0,0.0,0.0,25439.5,0.0,0.00,pathseer:1000
wikidpr10m-rq1,conj_topical1m_a_idlo,conjunction,531538,ours-guard,128,1,1000,0.8767,0.4710,0.00120,5.372,23.753,42.213,7.721,8791.3,0.0,53410.5,3138.7,4.0,168.0,0.0,0.0,44430.2,0.0,0.00,pathseer:1000
wikidpr10m-rq1,conj_topical1m_a_idlo,conjunction,531538,ours-guard,128,2,1000,0.8767,0.4710,0.00120,5.335,23.489,39.723,7.667,8791.3,0.0,53410.5,3138.7,4.0,168.0,0.0,0.0,44430.2,0.0,0.00,pathseer:1000
wikidpr10m-rq1,conj_topical1m_a_idlo,conjunction,531538,ours-guard,128,3,1000,0.8768,0.4720,0.00120,5.319,23.696,41.019,7.760,8791.3,0.0,53410.5,3138.7,4.0,168.0,0.0,0.0,44430.2,0.0,0.00,pathseer:1000
wikidpr10m-rq1,conj_topical1m_a_idlo,conjunction,531538,ours-guard,256,1,1000,0.9349,0.6630,0.00057,10.773,41.252,72.220,14.658,16398.7,0.0,92837.5,6012.8,8.0,354.0,0.0,0.0,76080.0,0.0,0.00,pathseer:1000
wikidpr10m-rq1,conj_topical1m_a_idlo,conjunction,531538,ours-guard,256,2,1000,0.9349,0.6630,0.00057,10.427,40.027,69.302,14.454,16398.7,0.0,92837.5,6012.8,8.0,354.0,0.0,0.0,76080.0,0.0,0.00,pathseer:1000
wikidpr10m-rq1,conj_topical1m_a_idlo,conjunction,531538,ours-guard,256,3,1000,0.9349,0.6630,0.00057,10.251,38.991,68.817,14.391,16398.7,0.0,92837.5,6012.8,8.0,354.0,0.0,0.0,76080.0,0.0,0.00,pathseer:1000
wikidpr10m-rq1,conj_topical1m_a_idlo,conjunction,531538,ours-guard,512,1,1000,0.9666,0.8130,0.00032,20.429,71.373,113.452,26.722,30324.0,0.0,159416.2,11255.7,15.0,738.0,0.0,0.0,128406.8,0.0,0.00,pathseer:1000
wikidpr10m-rq1,conj_topical1m_a_idlo,conjunction,531538,ours-guard,512,2,1000,0.9666,0.8130,0.00032,20.859,71.373,113.832,27.197,30324.0,0.0,159416.2,11255.7,15.0,738.0,0.0,0.0,128406.8,0.0,0.00,pathseer:1000
wikidpr10m-rq1,conj_topical1m_a_idlo,conjunction,531538,ours-guard,512,3,1000,0.9665,0.8120,0.00032,20.851,71.629,112.270,27.092,30324.0,0.0,159416.2,11255.7,15.0,738.0,0.0,0.0,128406.8,0.0,0.00,pathseer:1000
wikidpr10m-rq1,conj_topical1m_a_idmid,conjunction,238360,sweeping,64,1,200,0.8225,0.2700,0.00120,31.462,97.402,117.403,39.478,139003.7,0.0,21673.6,8304.9,3.0,200.0,0.0,0.0,0.0,0.0,0.00,sweeping:200
wikidpr10m-rq1,conj_topical1m_a_idmid,conjunction,238360,sweeping,64,2,200,0.8225,0.2700,0.00120,31.913,95.459,117.690,39.672,139003.7,0.0,21673.6,8304.9,3.0,200.0,0.0,0.0,0.0,0.0,0.00,sweeping:200
wikidpr10m-rq1,conj_topical1m_a_idmid,conjunction,238360,sweeping,64,3,200,0.8225,0.2700,0.00120,31.980,97.882,119.318,39.942,139003.7,0.0,21673.6,8304.9,3.0,200.0,0.0,0.0,0.0,0.0,0.00,sweeping:200
wikidpr10m-rq1,conj_topical1m_a_idmid,conjunction,238360,sweeping,128,1,200,0.9055,0.4550,0.00053,57.807,150.402,176.108,68.003,228079.6,0.0,37322.6,14673.8,4.0,406.0,0.0,0.0,0.0,0.0,0.00,sweeping:200
wikidpr10m-rq1,conj_topical1m_a_idmid,conjunction,238360,sweeping,128,2,200,0.9055,0.4550,0.00053,59.336,149.062,175.536,67.903,228079.6,0.0,37322.6,14673.8,4.0,406.0,0.0,0.0,0.0,0.0,0.00,sweeping:200
wikidpr10m-rq1,conj_topical1m_a_idmid,conjunction,238360,sweeping,128,3,200,0.9055,0.4550,0.00053,58.634,149.685,183.283,68.025,228079.6,0.0,37322.6,14673.8,4.0,406.0,0.0,0.0,0.0,0.0,0.00,sweeping:200
wikidpr10m-rq1,conj_topical1m_a_idmid,conjunction,238360,pathseer,64,1,1000,0.8029,0.2670,0.00167,5.693,23.660,41.634,7.965,9591.0,0.0,57463.9,3219.3,3.0,182.0,122.2,2.2,45778.3,1.9,0.00,pathseer:1000
wikidpr10m-rq1,conj_topical1m_a_idmid,conjunction,238360,pathseer,64,2,1000,0.8029,0.2670,0.00167,5.609,22.980,40.823,7.733,9591.0,0.0,57463.9,3219.3,3.0,182.0,122.2,2.2,45778.3,1.9,0.00,pathseer:1000
wikidpr10m-rq1,conj_topical1m_a_idmid,conjunction,238360,pathseer,64,3,1000,0.8029,0.2670,0.00167,5.524,23.904,40.761,7.704,9591.0,0.0,57463.9,3219.3,3.0,182.0,122.2,2.2,45778.3,1.9,0.00,pathseer:1000
wikidpr10m-rq1,conj_topical1m_a_idmid,conjunction,238360,pathseer,128,1,1000,0.8951,0.4740,0.00069,10.907,40.494,68.426,14.498,17833.0,0.0,100143.9,6173.2,4.0,378.0,222.1,4.0,78199.9,3.5,0.00,pathseer:1000
wikidpr10m-rq1,conj_topical1m_a_idmid,conjunction,238360,pathseer,128,2,1000,0.8951,0.4740,0.00069,10.854,41.438,66.165,14.504,17833.0,0.0,100143.9,6173.2,4.0,378.0,222.1,4.0,78199.9,3.5,0.00,pathseer:1000
wikidpr10m-rq1,conj_topical1m_a_idmid,conjunction,238360,pathseer,128,3,1000,0.8951,0.4740,0.00069,10.881,40.901,67.781,14.505,17833.0,0.0,100143.9,6173.2,4.0,378.0,222.1,4.0,78199.9,3.5,0.00,pathseer:1000
wikidpr10m-rq1,conj_topical1m_a_idmid,conjunction,238360,pathseer,256,1,1000,0.9498,0.6970,0.00029,21.970,70.243,118.909,27.901,32796.6,0.0,172038.2,11551.5,7.0,795.0,428.2,7.8,131442.9,6.7,0.00,pathseer:1000
wikidpr10m-rq1,conj_topical1m_a_idmid,conjunction,238360,pathseer,256,2,1000,0.9498,0.6970,0.00029,21.170,68.762,113.459,27.078,32796.6,0.0,172038.2,11551.5,7.0,795.0,428.2,7.8,131442.9,6.7,0.00,pathseer:1000
wikidpr10m-rq1,conj_topical1m_a_idmid,conjunction,238360,pathseer,256,3,1000,0.9498,0.6970,0.00029,21.190,70.254,113.602,27.028,32796.6,0.0,172038.2,11551.5,7.0,795.0,428.2,7.8,131442.9,6.7,0.00,pathseer:1000
wikidpr10m-rq1,conj_topical1m_a_idmid,conjunction,238360,pathseer,512,1,1000,0.9780,0.8410,0.00014,41.820,121.502,184.002,50.282,59790.7,0.0,292991.7,21301.8,14.0,1657.0,892.0,15.6,218649.4,13.9,0.00,pathseer:1000
wikidpr10m-rq1,conj_topical1m_a_idmid,conjunction,238360,pathseer,512,2,1000,0.9780,0.8410,0.00014,41.328,121.428,178.959,49.628,59790.7,0.0,292991.7,21301.8,14.0,1657.0,892.0,15.6,218649.4,13.9,0.00,pathseer:1000
wikidpr10m-rq1,conj_topical1m_a_idmid,conjunction,238360,pathseer,512,3,1000,0.9780,0.8410,0.00014,41.492,121.959,178.576,49.871,59790.7,0.0,292991.7,21301.8,14.0,1657.0,892.0,15.6,218649.4,13.9,0.00,pathseer:1000
wikidpr10m-rq1,conj_topical1m_a_idmid,conjunction,238360,ours-no-twohop,64,1,1000,0.8034,0.2630,0.00165,5.634,23.109,40.265,7.779,9715.1,0.0,57844.7,3253.1,3.0,187.0,0.0,0.0,46119.7,0.0,0.00,pathseer:1000
wikidpr10m-rq1,conj_topical1m_a_idmid,conjunction,238360,ours-no-twohop,64,2,1000,0.8034,0.2630,0.00165,5.581,23.532,41.060,7.769,9715.1,0.0,57844.7,3253.1,3.0,187.0,0.0,0.0,46119.7,0.0,0.00,pathseer:1000
wikidpr10m-rq1,conj_topical1m_a_idmid,conjunction,238360,ours-no-twohop,64,3,1000,0.8034,0.2630,0.00165,5.551,23.717,40.139,7.765,9715.1,0.0,57844.7,3253.1,3.0,187.0,0.0,0.0,46119.7,0.0,0.00,pathseer:1000
wikidpr10m-rq1,conj_topical1m_a_idmid,conjunction,238360,ours-no-twohop,128,1,1000,0.8962,0.4770,0.00068,10.947,41.125,67.295,14.602,18068.2,0.0,100697.7,6234.9,4.0,385.0,0.0,0.0,78669.6,0.0,0.00,pathseer:1000
wikidpr10m-rq1,conj_topical1m_a_idmid,conjunction,238360,ours-no-twohop,128,2,1000,0.8962,0.4770,0.00068,10.944,41.970,67.064,14.712,18068.2,0.0,100697.7,6234.9,4.0,385.0,0.0,0.0,78669.6,0.0,0.00,pathseer:1000
wikidpr10m-rq1,conj_topical1m_a_idmid,conjunction,238360,ours-no-twohop,128,3,1000,0.8962,0.4770,0.00068,11.003,40.849,67.908,14.654,18068.2,0.0,100697.7,6234.9,4.0,385.0,0.0,0.0,78669.6,0.0,0.00,pathseer:1000
wikidpr10m-rq1,conj_topical1m_a_idmid,conjunction,238360,ours-no-twohop,256,1,1000,0.9497,0.6940,0.00029,21.261,70.100,115.985,27.220,33154.6,0.0,172709.4,11635.7,8.0,809.0,0.0,0.0,132078.9,0.0,0.00,pathseer:1000
wikidpr10m-rq1,conj_topical1m_a_idmid,conjunction,238360,ours-no-twohop,256,2,1000,0.9497,0.6940,0.00029,20.960,69.352,115.948,27.106,33154.6,0.0,172709.4,11635.7,8.0,809.0,0.0,0.0,132078.9,0.0,0.00,pathseer:1000
wikidpr10m-rq1,conj_topical1m_a_idmid,conjunction,238360,ours-no-twohop,256,3,1000,0.9497,0.6940,0.00029,21.168,68.561,116.358,27.116,33154.6,0.0,172709.4,11635.7,8.0,809.0,0.0,0.0,132078.9,0.0,0.00,pathseer:1000
wikidpr10m-rq1,conj_topical1m_a_idmid,conjunction,238360,ours-no-twohop,512,1,1000,0.9785,0.8410,0.00013,41.043,118.158,178.404,49.767,60338.3,0.0,293633.8,21421.4,15.0,1685.0,0.0,0.0,219470.1,0.0,0.00,pathseer:1000
wikidpr10m-rq1,conj_topical1m_a_idmid,conjunction,238360,ours-no-twohop,512,2,1000,0.9785,0.8410,0.00013,42.365,122.043,180.556,50.829,60338.3,0.0,293633.8,21421.4,15.0,1685.0,0.0,0.0,219470.1,0.0,0.00,pathseer:1000
wikidpr10m-rq1,conj_topical1m_a_idmid,conjunction,238360,ours-no-twohop,512,3,1000,0.9785,0.8410,0.00013,41.598,121.804,179.824,50.330,60338.3,0.0,293633.8,21421.4,15.0,1685.0,0.0,0.0,219470.1,0.0,0.00,pathseer:1000
wikidpr10m-rq1,conj_topical1m_a_idmid,conjunction,238360,ours-guard,64,1,1000,0.7934,0.2540,0.00187,5.131,23.087,40.395,7.358,8318.3,0.0,54407.4,3209.2,3.0,187.0,0.0,0.0,45993.7,0.0,0.00,pathseer:1000
wikidpr10m-rq1,conj_topical1m_a_idmid,conjunction,238360,ours-guard,64,2,1000,0.7934,0.2540,0.00187,5.172,23.230,40.747,7.335,8318.3,0.0,54407.4,3209.2,3.0,187.0,0.0,0.0,45993.7,0.0,0.00,pathseer:1000
wikidpr10m-rq1,conj_topical1m_a_idmid,conjunction,238360,ours-guard,64,3,1000,0.7934,0.2540,0.00187,5.194,23.351,40.193,7.433,8318.3,0.0,54407.4,3209.2,3.0,187.0,0.0,0.0,45993.7,0.0,0.00,pathseer:1000
wikidpr10m-rq1,conj_topical1m_a_idmid,conjunction,238360,ours-guard,128,1,1000,0.8917,0.4780,0.00076,10.136,40.246,69.035,13.850,15515.3,0.0,94352.3,6170.2,4.0,385.0,0.0,0.0,78656.6,0.0,0.00,pathseer:1000
wikidpr10m-rq1,conj_topical1m_a_idmid,conjunction,238360,ours-guard,128,2,1000,0.8917,0.4780,0.00076,10.211,41.470,72.452,14.176,15515.3,0.0,94352.3,6170.2,4.0,385.0,0.0,0.0,78656.6,0.0,0.00,pathseer:1000
wikidpr10m-rq1,conj_topical1m_a_idmid,conjunction,238360,ours-guard,128,3,1000,0.8917,0.4780,0.00076,10.082,40.752,66.580,13.796,15515.3,0.0,94352.3,6170.2,4.0,385.0,0.0,0.0,78656.6,0.0,0.00,pathseer:1000
wikidpr10m-rq1,conj_topical1m_a_idmid,conjunction,238360,ours-guard,256,1,1000,0.9481,0.6910,0.00031,19.826,66.688,111.286,25.548,28482.2,0.0,161283.7,11559.9,8.0,809.0,0.0,0.0,132458.1,0.0,0.00,pathseer:1000
wikidpr10m-rq1,conj_topical1m_a_idmid,conjunction,238360,ours-guard,256,2,1000,0.9481,0.6910,0.00031,19.771,68.929,113.780,25.596,28482.2,0.0,161283.7,11559.9,8.0,809.0,0.0,0.0,132458.1,0.0,0.00,pathseer:1000
wikidpr10m-rq1,conj_topical1m_a_idmid,conjunction,238360,ours-guard,256,3,1000,0.9481,0.6910,0.00031,19.771,68.463,113.829,25.858,28482.2,0.0,161283.7,11559.9,8.0,809.0,0.0,0.0,132458.1,0.0,0.00,pathseer:1000
wikidpr10m-rq1,conj_topical1m_a_idmid,conjunction,238360,ours-guard,512,1,1000,0.9766,0.8310,0.00014,38.573,122.417,182.300,47.178,51785.9,0.0,272845.7,21325.8,15.0,1685.0,0.0,0.0,220404.6,0.0,0.00,pathseer:1000
wikidpr10m-rq1,conj_topical1m_a_idmid,conjunction,238360,ours-guard,512,2,1000,0.9766,0.8310,0.00014,38.708,122.091,178.284,47.383,51785.9,0.0,272845.7,21325.8,15.0,1685.0,0.0,0.0,220404.6,0.0,0.00,pathseer:1000
wikidpr10m-rq1,conj_topical1m_a_idmid,conjunction,238360,ours-guard,512,3,1000,0.9766,0.8310,0.00014,38.502,122.770,179.131,47.430,51785.9,0.0,272845.7,21325.8,15.0,1685.0,0.0,0.0,220404.6,0.0,0.00,pathseer:1000
wikidpr10m-rq1,random_10k,random,10000,sweeping,64,1,200,0.8990,0.4000,0.00061,307.844,399.252,407.611,298.999,882558.9,0.0,142570.5,65220.4,3.0,2971.0,0.0,0.0,0.0,0.0,0.00,sweeping:200
wikidpr10m-rq1,random_10k,random,10000,sweeping,64,2,200,0.8990,0.4000,0.00061,307.096,403.891,416.020,299.769,882558.9,0.0,142570.5,65220.4,3.0,2971.0,0.0,0.0,0.0,0.0,0.00,sweeping:200
wikidpr10m-rq1,random_10k,random,10000,sweeping,64,3,200,0.8990,0.4000,0.00061,306.722,396.285,414.087,299.877,882558.9,0.0,142570.5,65220.4,3.0,2971.0,0.0,0.0,0.0,0.0,0.00,sweeping:200
wikidpr10m-rq1,random_10k,random,10000,sweeping,128,1,200,0.9625,0.7100,0.00018,558.456,704.687,756.995,565.179,1557128.8,0.0,274934.3,129724.2,4.0,6628.0,0.0,0.0,0.0,0.0,0.00,sweeping:200
wikidpr10m-rq1,random_10k,random,10000,sweeping,128,2,200,0.9625,0.7100,0.00018,564.380,696.643,774.728,565.757,1557128.8,0.0,274934.3,129724.2,4.0,6628.0,0.0,0.0,0.0,0.0,0.00,sweeping:200
wikidpr10m-rq1,random_10k,random,10000,sweeping,128,3,200,0.9625,0.7100,0.00018,551.630,687.054,740.234,558.270,1557128.8,0.0,274934.3,129724.2,4.0,6628.0,0.0,0.0,0.0,0.0,0.00,sweeping:200
wikidpr10m-rq1,random_10k,random,10000,pathseer,64,1,1000,0.9083,0.4730,0.00057,83.727,101.792,107.811,84.047,65596.4,0.0,418308.8,29102.6,3.0,2935.0,125.1,0.1,324295.4,2.0,0.00,pathseer:1000
wikidpr10m-rq1,random_10k,random,10000,pathseer,64,2,1000,0.9083,0.4730,0.00057,84.611,102.814,109.662,84.542,65596.4,0.0,418308.8,29102.6,3.0,2935.0,125.1,0.1,324295.4,2.0,0.00,pathseer:1000
wikidpr10m-rq1,random_10k,random,10000,pathseer,64,3,1000,0.9083,0.4730,0.00057,84.615,103.262,111.075,84.657,65596.4,0.0,418308.8,29102.6,3.0,2935.0,125.1,0.1,324295.4,2.0,0.00,pathseer:1000
wikidpr10m-rq1,random_10k,random,10000,pathseer,128,1,1000,0.9639,0.7300,0.00019,170.195,197.842,210.635,170.527,130499.4,0.0,773286.4,61151.8,4.0,6558.0,227.5,0.2,582829.5,3.6,0.00,pathseer:1000
wikidpr10m-rq1,random_10k,random,10000,pathseer,128,2,1000,0.9639,0.7300,0.00019,172.420,204.300,222.660,173.477,130499.4,0.0,773286.4,61151.8,4.0,6558.0,227.5,0.2,582829.5,3.6,0.00,pathseer:1000
wikidpr10m-rq1,random_10k,random,10000,pathseer,128,3,1000,0.9639,0.7300,0.00019,170.820,200.171,212.152,171.686,130499.4,0.0,773286.4,61151.8,4.0,6558.0,227.5,0.2,582829.5,3.6,0.00,pathseer:1000
wikidpr10m-rq1,random_10k,random,10000,pathseer,256,1,1000,0.9883,0.9000,0.00006,343.821,399.187,427.765,347.586,259526.5,0.0,1420394.4,127764.0,8.0,14630.0,441.7,0.4,1035115.7,6.9,0.00,pathseer:1000
wikidpr10m-rq1,random_10k,random,10000,pathseer,256,2,1000,0.9883,0.9000,0.00006,345.533,395.829,417.763,347.556,259526.5,0.0,1420394.4,127764.0,8.0,14630.0,441.7,0.4,1035115.7,6.9,0.00,pathseer:1000
wikidpr10m-rq1,random_10k,random,10000,pathseer,256,3,1000,0.9883,0.9000,0.00006,345.528,396.325,413.852,348.549,259526.5,0.0,1420394.4,127764.0,8.0,14630.0,441.7,0.4,1035115.7,6.9,0.00,pathseer:1000
wikidpr10m-rq1,random_10k,random,10000,pathseer,512,1,1000,0.9974,0.9740,0.00001,712.108,793.040,840.309,717.579,516620.7,0.0,2579165.7,268157.0,15.0,33130.0,921.8,0.8,1797479.1,14.4,0.00,pathseer:1000
wikidpr10m-rq1,random_10k,random,10000,pathseer,512,2,1000,0.9974,0.9740,0.00001,715.067,803.974,842.676,719.765,516620.7,0.0,2579165.7,268157.0,15.0,33130.0,921.8,0.8,1797479.1,14.4,0.00,pathseer:1000
wikidpr10m-rq1,random_10k,random,10000,pathseer,512,3,1000,0.9974,0.9740,0.00001,710.908,795.825,847.490,717.383,516620.7,0.0,2579165.7,268157.0,15.0,33130.0,921.8,0.8,1797479.1,14.4,0.00,pathseer:1000
wikidpr10m-rq1,random_10k,random,10000,ours-no-twohop,64,1,1000,0.9083,0.4730,0.00057,83.575,101.812,107.752,84.213,65665.8,0.0,418403.2,29118.8,3.0,2951.0,0.0,0.0,324426.0,0.0,0.00,pathseer:1000
wikidpr10m-rq1,random_10k,random,10000,ours-no-twohop,64,2,1000,0.9083,0.4730,0.00057,85.029,102.674,108.698,84.709,65665.8,0.0,418403.2,29118.8,3.0,2951.0,0.0,0.0,324426.0,0.0,0.00,pathseer:1000
wikidpr10m-rq1,random_10k,random,10000,ours-no-twohop,64,3,1000,0.9083,0.4730,0.00057,84.993,102.283,110.095,85.030,65665.8,0.0,418403.2,29118.8,3.0,2951.0,0.0,0.0,324426.0,0.0,0.00,pathseer:1000
wikidpr10m-rq1,random_10k,random,10000,ours-no-twohop,128,1,1000,0.9640,0.7310,0.00019,172.930,200.547,212.525,173.105,130593.5,0.0,773315.3,61174.7,4.0,6564.0,0.0,0.0,582962.1,0.0,0.00,pathseer:1000
wikidpr10m-rq1,random_10k,random,10000,ours-no-twohop,128,2,1000,0.9640,0.7310,0.00019,171.913,202.085,218.719,172.924,130593.5,0.0,773315.3,61174.7,4.0,6564.0,0.0,0.0,582962.1,0.0,0.00,pathseer:1000
wikidpr10m-rq1,random_10k,random,10000,ours-no-twohop,128,3,1000,0.9640,0.7310,0.00019,171.539,200.471,213.761,172.307,130593.5,0.0,773315.3,61174.7,4.0,6564.0,0.0,0.0,582962.1,0.0,0.00,pathseer:1000
wikidpr10m-rq1,random_10k,random,10000,ours-no-twohop,256,1,1000,0.9883,0.9000,0.00006,346.569,395.903,417.610,348.997,259669.5,0.0,1420330.2,127801.4,8.0,14636.0,0.0,0.0,1035297.7,0.0,0.00,pathseer:1000
wikidpr10m-rq1,random_10k,random,10000,ours-no-twohop,256,2,1000,0.9883,0.9000,0.00006,344.776,396.508,422.104,347.789,259669.5,0.0,1420330.2,127801.4,8.0,14636.0,0.0,0.0,1035297.7,0.0,0.00,pathseer:1000
wikidpr10m-rq1,random_10k,random,10000,ours-no-twohop,256,3,1000,0.9883,0.9000,0.00006,348.503,397.395,423.200,350.309,259669.5,0.0,1420330.2,127801.4,8.0,14636.0,0.0,0.0,1035297.7,0.0,0.00,pathseer:1000
wikidpr10m-rq1,random_10k,random,10000,ours-no-twohop,512,1,1000,0.9974,0.9740,0.00001,705.455,790.267,848.461,711.862,516785.6,0.0,2578661.0,268201.4,15.0,33130.0,0.0,0.0,1797650.4,0.0,0.00,pathseer:1000
wikidpr10m-rq1,random_10k,random,10000,ours-no-twohop,512,2,1000,0.9974,0.9740,0.00001,706.514,785.204,834.483,711.789,516785.6,0.0,2578661.0,268201.4,15.0,33130.0,0.0,0.0,1797650.4,0.0,0.00,pathseer:1000
wikidpr10m-rq1,random_10k,random,10000,ours-no-twohop,512,3,1000,0.9974,0.9740,0.00001,708.349,789.267,839.041,712.634,516785.6,0.0,2578661.0,268201.4,15.0,33130.0,0.0,0.0,1797650.4,0.0,0.00,pathseer:1000
wikidpr10m-rq1,random_10k,random,10000,ours-guard,64,1,1000,0.9082,0.4720,0.00057,83.179,100.816,108.753,83.489,64660.1,0.0,388741.8,29052.8,3.0,2951.0,0.0,0.0,324016.9,0.0,0.00,pathseer:1000
wikidpr10m-rq1,random_10k,random,10000,ours-guard,64,2,1000,0.9082,0.4720,0.00057,83.264,101.710,114.471,83.674,64660.1,0.0,388741.8,29052.8,3.0,2951.0,0.0,0.0,324016.9,0.0,0.00,pathseer:1000
wikidpr10m-rq1,random_10k,random,10000,ours-guard,64,3,1000,0.9082,0.4720,0.00057,82.754,99.370,107.951,82.364,64660.1,0.0,388741.8,29052.8,3.0,2951.0,0.0,0.0,324016.9,0.0,0.00,pathseer:1000
wikidpr10m-rq1,random_10k,random,10000,ours-guard,128,1,1000,0.9642,0.7320,0.00019,168.461,197.390,209.092,169.203,128802.8,0.0,711122.6,61060.5,4.0,6564.0,0.0,0.0,582196.6,0.0,0.00,pathseer:1000
wikidpr10m-rq1,random_10k,random,10000,ours-guard,128,2,1000,0.9642,0.7320,0.00019,166.297,193.388,207.408,166.842,128802.8,0.0,711122.6,61060.5,4.0,6564.0,0.0,0.0,582196.6,0.0,0.00,pathseer:1000
wikidpr10m-rq1,random_10k,random,10000,ours-guard,128,3,1000,0.9642,0.7320,0.00019,167.789,197.454,212.354,168.992,128802.8,0.0,711122.6,61060.5,4.0,6564.0,0.0,0.0,582196.6,0.0,0.00,pathseer:1000
wikidpr10m-rq1,random_10k,random,10000,ours-guard,256,1,1000,0.9883,0.9000,0.00006,335.444,382.011,404.413,337.665,256521.9,0.0,1290669.2,127582.9,8.0,14636.0,0.0,0.0,1033914.8,0.0,0.00,pathseer:1000
wikidpr10m-rq1,random_10k,random,10000,ours-guard,256,2,1000,0.9883,0.9000,0.00006,334.271,382.782,397.700,336.458,256521.9,0.0,1290669.2,127582.9,8.0,14636.0,0.0,0.0,1033914.8,0.0,0.00,pathseer:1000
wikidpr10m-rq1,random_10k,random,10000,ours-guard,256,3,1000,0.9883,0.9000,0.00006,336.356,382.769,401.808,337.690,256521.9,0.0,1290669.2,127582.9,8.0,14636.0,0.0,0.0,1033914.8,0.0,0.00,pathseer:1000
wikidpr10m-rq1,random_10k,random,10000,ours-guard,512,1,1000,0.9973,0.9730,0.00001,685.962,763.945,815.329,692.063,511502.8,0.0,2307635.7,267812.5,15.0,33130.0,0.0,0.0,1795704.0,0.0,0.00,pathseer:1000
wikidpr10m-rq1,random_10k,random,10000,ours-guard,512,2,1000,0.9973,0.9730,0.00001,688.698,772.626,822.805,694.543,511502.8,0.0,2307635.7,267812.5,15.0,33130.0,0.0,0.0,1795704.0,0.0,0.00,pathseer:1000
wikidpr10m-rq1,random_10k,random,10000,ours-guard,512,3,1000,0.9973,0.9730,0.00001,687.258,764.992,804.302,691.964,511502.8,0.0,2307635.7,267812.5,15.0,33130.0,0.0,0.0,1795704.0,0.0,0.00,pathseer:1000
wikidpr10m-rq1,random_10k,random,10000,ours-puredos,64,1,200,0.0005,0.0000,0.00000,0.042,0.059,0.068,0.043,0.0,0.0,46.1,1.0,0.0,0.0,0.0,0.0,46.1,0.0,0.00,pathseer:200
wikidpr10m-rq1,random_10k,random,10000,ours-puredos,64,2,200,0.0005,0.0000,0.00000,0.043,0.061,0.066,0.044,0.0,0.0,46.1,1.0,0.0,0.0,0.0,0.0,46.1,0.0,0.00,pathseer:200
wikidpr10m-rq1,random_10k,random,10000,ours-puredos,64,3,200,0.0005,0.0000,0.00000,0.044,0.062,0.071,0.045,0.0,0.0,46.1,1.0,0.0,0.0,0.0,0.0,46.1,0.0,0.00,pathseer:200
wikidpr10m-rq1,random_10k,random,10000,ours-puredos,128,1,200,0.0005,0.0000,0.00000,0.046,0.066,0.072,0.046,0.0,0.0,46.1,1.0,0.0,0.0,0.0,0.0,46.1,0.0,0.00,pathseer:200
wikidpr10m-rq1,random_10k,random,10000,ours-puredos,128,2,200,0.0005,0.0000,0.00000,0.043,0.060,0.066,0.043,0.0,0.0,46.1,1.0,0.0,0.0,0.0,0.0,46.1,0.0,0.00,pathseer:200
wikidpr10m-rq1,random_10k,random,10000,ours-puredos,128,3,200,0.0005,0.0000,0.00000,0.043,0.061,0.068,0.044,0.0,0.0,46.1,1.0,0.0,0.0,0.0,0.0,46.1,0.0,0.00,pathseer:200
wikidpr10m-rq1,random_10k,random,10000,ours-puredos,256,1,200,0.0005,0.0000,0.00000,0.045,0.063,0.084,0.046,0.0,0.0,46.1,1.0,0.0,0.0,0.0,0.0,46.1,0.0,0.00,pathseer:200
wikidpr10m-rq1,random_10k,random,10000,ours-puredos,256,2,200,0.0005,0.0000,0.00000,0.045,0.063,0.067,0.046,0.0,0.0,46.1,1.0,0.0,0.0,0.0,0.0,46.1,0.0,0.00,pathseer:200
wikidpr10m-rq1,random_10k,random,10000,ours-puredos,256,3,200,0.0005,0.0000,0.00000,0.044,0.064,0.073,0.046,0.0,0.0,46.1,1.0,0.0,0.0,0.0,0.0,46.1,0.0,0.00,pathseer:200
wikidpr10m-rq1,random_10k,random,10000,ours-puredos,512,1,200,0.0005,0.0000,0.00000,0.043,0.060,0.067,0.044,0.0,0.0,46.1,1.0,0.0,0.0,0.0,0.0,46.1,0.0,0.00,pathseer:200
wikidpr10m-rq1,random_10k,random,10000,ours-puredos,512,2,200,0.0005,0.0000,0.00000,0.043,0.061,0.066,0.044,0.0,0.0,46.1,1.0,0.0,0.0,0.0,0.0,46.1,0.0,0.00,pathseer:200
wikidpr10m-rq1,random_10k,random,10000,ours-puredos,512,3,200,0.0005,0.0000,0.00000,0.043,0.058,0.065,0.043,0.0,0.0,46.1,1.0,0.0,0.0,0.0,0.0,46.1,0.0,0.00,pathseer:200
wikidpr10m-rq1,topical_2m_b,topical,2000000,sweeping,64,1,1000,0.8635,0.4130,0.00101,2.475,8.092,10.453,3.215,11584.6,0.0,1394.3,432.4,3.0,10.0,0.0,0.0,0.0,0.0,0.00,sweeping:1000
wikidpr10m-rq1,topical_2m_b,topical,2000000,sweeping,64,2,1000,0.8635,0.4130,0.00101,2.490,8.263,10.248,3.252,11584.6,0.0,1394.3,432.4,3.0,10.0,0.0,0.0,0.0,0.0,0.00,sweeping:1000
wikidpr10m-rq1,topical_2m_b,topical,2000000,sweeping,64,3,1000,0.8635,0.4130,0.00101,2.432,8.258,10.293,3.217,11584.6,0.0,1394.3,432.4,3.0,10.0,0.0,0.0,0.0,0.0,0.00,sweeping:1000
wikidpr10m-rq1,topical_2m_b,topical,2000000,sweeping,128,1,1000,0.9241,0.6230,0.00049,4.434,13.738,16.997,5.619,20771.4,0.0,2469.1,832.1,4.0,18.0,0.0,0.0,0.0,0.0,0.00,sweeping:1000
wikidpr10m-rq1,topical_2m_b,topical,2000000,sweeping,128,2,1000,0.9242,0.6240,0.00049,4.644,14.632,19.145,5.937,20771.4,0.0,2469.1,832.1,4.0,18.0,0.0,0.0,0.0,0.0,0.00,sweeping:1000
wikidpr10m-rq1,topical_2m_b,topical,2000000,sweeping,128,3,1000,0.9241,0.6230,0.00049,4.378,13.377,17.458,5.635,20771.4,0.0,2469.1,832.1,4.0,18.0,0.0,0.0,0.0,0.0,0.00,sweeping:1000
wikidpr10m-rq1,topical_2m_b,topical,2000000,sweeping,256,1,1000,0.9640,0.7840,0.00021,8.192,24.002,29.511,10.227,37170.6,0.0,4496.1,1608.4,8.0,38.0,0.0,0.0,0.0,0.0,0.00,sweeping:1000
wikidpr10m-rq1,topical_2m_b,topical,2000000,sweeping,256,2,1000,0.9639,0.7830,0.00021,8.252,24.251,29.322,10.234,37170.6,0.0,4496.1,1608.4,8.0,38.0,0.0,0.0,0.0,0.0,0.00,sweeping:1000
wikidpr10m-rq1,topical_2m_b,topical,2000000,sweeping,256,3,1000,0.9640,0.7840,0.00021,8.136,23.907,29.257,10.252,37170.6,0.0,4496.1,1608.4,8.0,38.0,0.0,0.0,0.0,0.0,0.00,sweeping:1000
wikidpr10m-rq1,topical_2m_b,topical,2000000,sweeping,512,1,1000,0.9817,0.8610,0.00009,15.417,41.838,50.900,18.969,66443.8,0.0,8339.9,3138.3,15.0,81.0,0.0,0.0,0.0,0.0,0.00,sweeping:1000
wikidpr10m-rq1,topical_2m_b,topical,2000000,sweeping,512,2,1000,0.9818,0.8620,0.00009,15.441,42.317,49.519,18.942,66443.8,0.0,8339.9,3138.3,15.0,81.0,0.0,0.0,0.0,0.0,0.00,sweeping:1000
wikidpr10m-rq1,topical_2m_b,topical,2000000,sweeping,512,3,1000,0.9818,0.8620,0.00009,15.732,43.286,51.008,19.329,66443.8,0.0,8339.9,3138.3,15.0,81.0,0.0,0.0,0.0,0.0,0.00,sweeping:1000
wikidpr10m-rq1,topical_2m_b,topical,2000000,pathseer,64,1,1000,0.8322,0.3860,0.00171,1.117,1.964,2.487,1.203,2892.0,0.0,4585.5,192.0,3.0,7.0,101.8,19.7,3054.4,1.6,0.00,pathseer:1000
wikidpr10m-rq1,topical_2m_b,topical,2000000,pathseer,64,2,1000,0.8321,0.3850,0.00171,1.120,1.976,2.495,1.208,2892.0,0.0,4585.5,192.0,3.0,7.0,101.8,19.7,3054.4,1.6,0.00,pathseer:1000
wikidpr10m-rq1,topical_2m_b,topical,2000000,pathseer,64,3,1000,0.8322,0.3860,0.00171,1.119,1.974,2.483,1.211,2892.0,0.0,4585.5,192.0,3.0,7.0,101.8,19.7,3054.4,1.6,0.00,pathseer:1000
wikidpr10m-rq1,topical_2m_b,topical,2000000,pathseer,128,1,1000,0.9066,0.5970,0.00075,2.053,3.728,4.531,2.240,5320.4,0.0,8634.5,387.3,4.0,14.0,179.3,35.1,5812.5,2.8,0.00,pathseer:1000
wikidpr10m-rq1,topical_2m_b,topical,2000000,pathseer,128,2,1000,0.9066,0.5970,0.00075,2.024,3.669,4.377,2.212,5320.4,0.0,8634.5,387.3,4.0,14.0,179.3,35.1,5812.5,2.8,0.00,pathseer:1000
wikidpr10m-rq1,topical_2m_b,topical,2000000,pathseer,128,3,1000,0.9066,0.5970,0.00075,2.031,3.684,4.617,2.221,5320.4,0.0,8634.5,387.3,4.0,14.0,179.3,35.1,5812.5,2.8,0.00,pathseer:1000
wikidpr10m-rq1,topical_2m_b,topical,2000000,pathseer,256,1,1000,0.9473,0.7300,0.00037,3.884,6.991,8.195,4.239,9892.5,0.0,16235.8,785.0,6.0,28.0,336.6,67.1,10908.7,5.3,0.00,pathseer:1000
wikidpr10m-rq1,topical_2m_b,topical,2000000,pathseer,256,2,1000,0.9475,0.7320,0.00037,3.915,7.071,8.383,4.238,9892.5,0.0,16235.8,785.0,6.0,28.0,336.6,67.1,10908.7,5.3,0.00,pathseer:1000
wikidpr10m-rq1,topical_2m_b,topical,2000000,pathseer,256,3,1000,0.9474,0.7310,0.00037,4.061,7.294,8.429,4.390,9892.5,0.0,16235.8,785.0,6.0,28.0,336.6,67.1,10908.7,5.3,0.00,pathseer:1000
wikidpr10m-rq1,topical_2m_b,topical,2000000,pathseer,512,1,1000,0.9692,0.8120,0.00022,7.628,13.603,15.989,8.260,18363.5,0.0,30367.2,1595.2,11.0,59.0,671.3,135.9,20197.6,10.5,0.00,pathseer:1000
wikidpr10m-rq1,topical_2m_b,topical,2000000,pathseer,512,2,1000,0.9695,0.8150,0.00022,7.638,13.535,16.195,8.297,18363.5,0.0,30367.2,1595.2,11.0,59.0,671.3,135.9,20197.6,10.5,0.00,pathseer:1000
wikidpr10m-rq1,topical_2m_b,topical,2000000,pathseer,512,3,1000,0.9693,0.8130,0.00022,7.544,13.584,16.016,8.212,18363.5,0.0,30367.2,1595.2,11.0,59.0,671.3,135.9,20197.6,10.5,0.00,pathseer:1000
wikidpr10m-rq1,topical_2m_b,topical,2000000,ours-no-twohop,64,1,1000,0.8353,0.3910,0.00165,1.139,2.086,2.598,1.246,2943.6,0.0,4652.8,200.6,3.0,10.0,0.0,0.0,3162.6,0.0,0.00,pathseer:1000
wikidpr10m-rq1,topical_2m_b,topical,2000000,ours-no-twohop,64,2,1000,0.8354,0.3920,0.00165,1.136,2.040,2.577,1.235,2943.6,0.0,4652.8,200.6,3.0,10.0,0.0,0.0,3162.6,0.0,0.00,pathseer:1000
wikidpr10m-rq1,topical_2m_b,topical,2000000,ours-no-twohop,64,3,1000,0.8353,0.3910,0.00165,1.142,2.086,2.575,1.241,2943.6,0.0,4652.8,200.6,3.0,10.0,0.0,0.0,3162.6,0.0,0.00,pathseer:1000
wikidpr10m-rq1,topical_2m_b,topical,2000000,ours-no-twohop,128,1,1000,0.9080,0.6050,0.00074,2.067,3.833,4.622,2.279,5417.7,0.0,8757.2,403.8,4.0,18.0,0.0,0.0,5997.6,0.0,0.00,pathseer:1000
wikidpr10m-rq1,topical_2m_b,topical,2000000,ours-no-twohop,128,2,1000,0.9081,0.6060,0.00074,2.114,3.822,4.683,2.295,5417.7,0.0,8757.2,403.8,4.0,18.0,0.0,0.0,5997.6,0.0,0.00,pathseer:1000
wikidpr10m-rq1,topical_2m_b,topical,2000000,ours-no-twohop,128,3,1000,0.9082,0.6070,0.00074,2.086,3.856,4.592,2.280,5417.7,0.0,8757.2,403.8,4.0,18.0,0.0,0.0,5997.6,0.0,0.00,pathseer:1000
wikidpr10m-rq1,topical_2m_b,topical,2000000,ours-no-twohop,256,1,1000,0.9491,0.7380,0.00036,3.949,7.291,8.646,4.308,10075.3,0.0,16473.2,819.1,8.0,38.0,0.0,0.0,11241.7,0.0,0.00,pathseer:1000
wikidpr10m-rq1,topical_2m_b,topical,2000000,ours-no-twohop,256,2,1000,0.9491,0.7380,0.00036,3.969,7.228,8.395,4.306,10075.3,0.0,16473.2,819.1,8.0,38.0,0.0,0.0,11241.7,0.0,0.00,pathseer:1000
wikidpr10m-rq1,topical_2m_b,topical,2000000,ours-no-twohop,256,3,1000,0.9491,0.7380,0.00036,3.939,7.154,8.650,4.299,10075.3,0.0,16473.2,819.1,8.0,38.0,0.0,0.0,11241.7,0.0,0.00,pathseer:1000
wikidpr10m-rq1,topical_2m_b,topical,2000000,ours-no-twohop,512,1,1000,0.9691,0.8140,0.00022,7.586,13.630,16.121,8.211,18722.9,0.0,30759.7,1665.6,15.0,81.0,0.0,0.0,20758.9,0.0,0.00,pathseer:1000
wikidpr10m-rq1,topical_2m_b,topical,2000000,ours-no-twohop,512,2,1000,0.9691,0.8140,0.00022,7.772,14.121,17.025,8.453,18722.9,0.0,30759.7,1665.6,15.0,81.0,0.0,0.0,20758.9,0.0,0.00,pathseer:1000
wikidpr10m-rq1,topical_2m_b,topical,2000000,ours-no-twohop,512,3,1000,0.9692,0.8150,0.00022,7.581,13.601,16.460,8.230,18722.9,0.0,30759.7,1665.6,15.0,81.0,0.0,0.0,20758.9,0.0,0.00,pathseer:1000
wikidpr10m-rq1,topical_2m_b,topical,2000000,ours-guard,64,1,1000,0.7807,0.3370,0.00316,0.694,1.421,1.939,0.791,1344.5,0.0,4515.5,143.8,3.0,10.0,0.0,0.0,3031.7,0.0,0.00,pathseer:1000
wikidpr10m-rq1,topical_2m_b,topical,2000000,ours-guard,64,2,1000,0.7806,0.3360,0.00316,0.698,1.404,1.958,0.797,1344.5,0.0,4515.5,143.8,3.0,10.0,0.0,0.0,3031.7,0.0,0.00,pathseer:1000
wikidpr10m-rq1,topical_2m_b,topical,2000000,ours-guard,64,3,1000,0.7806,0.3360,0.00316,0.715,1.453,2.110,0.815,1344.5,0.0,4515.5,143.8,3.0,10.0,0.0,0.0,3031.7,0.0,0.00,pathseer:1000
wikidpr10m-rq1,topical_2m_b,topical,2000000,ours-guard,128,1,1000,0.8856,0.5660,0.00123,1.345,2.664,3.697,1.524,2536.9,0.0,8769.7,302.9,4.0,18.0,0.0,0.0,5998.5,0.0,0.00,pathseer:1000
wikidpr10m-rq1,topical_2m_b,topical,2000000,ours-guard,128,2,1000,0.8857,0.5670,0.00123,1.334,2.716,3.535,1.510,2536.9,0.0,8769.7,302.9,4.0,18.0,0.0,0.0,5998.5,0.0,0.00,pathseer:1000
wikidpr10m-rq1,topical_2m_b,topical,2000000,ours-guard,128,3,1000,0.8855,0.5650,0.00123,1.333,2.731,3.605,1.511,2536.9,0.0,8769.7,302.9,4.0,18.0,0.0,0.0,5998.5,0.0,0.00,pathseer:1000
wikidpr10m-rq1,topical_2m_b,topical,2000000,ours-guard,256,1,1000,0.9364,0.7200,0.00064,2.630,5.028,6.566,2.926,4854.7,0.0,16880.0,637.7,8.0,38.0,0.0,0.0,11606.0,0.0,0.00,pathseer:1000
wikidpr10m-rq1,topical_2m_b,topical,2000000,ours-guard,256,2,1000,0.9363,0.7190,0.00064,2.667,5.063,6.584,2.925,4854.7,0.0,16880.0,637.7,8.0,38.0,0.0,0.0,11606.0,0.0,0.00,pathseer:1000
wikidpr10m-rq1,topical_2m_b,topical,2000000,ours-guard,256,3,1000,0.9364,0.7200,0.00064,2.671,4.985,6.733,2.937,4854.7,0.0,16880.0,637.7,8.0,38.0,0.0,0.0,11606.0,0.0,0.00,pathseer:1000
wikidpr10m-rq1,topical_2m_b,topical,2000000,ours-guard,512,1,1000,0.9627,0.7940,0.00030,5.203,9.831,12.674,5.737,9260.1,0.0,31875.3,1329.8,15.0,81.0,0.0,0.0,21841.8,0.0,0.00,pathseer:1000
wikidpr10m-rq1,topical_2m_b,topical,2000000,ours-guard,512,2,1000,0.9627,0.7940,0.00030,5.221,9.551,12.629,5.727,9260.1,0.0,31875.3,1329.8,15.0,81.0,0.0,0.0,21841.8,0.0,0.00,pathseer:1000
wikidpr10m-rq1,topical_2m_b,topical,2000000,ours-guard,512,3,1000,0.9628,0.7950,0.00030,5.349,9.806,13.071,5.839,9260.1,0.0,31875.3,1329.8,15.0,81.0,0.0,0.0,21841.8,0.0,0.00,pathseer:1000
wikidpr10m-rq1,topical_5m_b,topical,5000010,sweeping,64,1,1000,0.8646,0.4120,0.00111,1.423,2.955,4.949,1.627,5683.3,0.0,728.3,216.2,3.0,4.0,0.0,0.0,0.0,0.0,0.00,sweeping:1000
wikidpr10m-rq1,topical_5m_b,topical,5000010,sweeping,64,2,1000,0.8646,0.4120,0.00111,1.399,2.923,5.215,1.606,5683.3,0.0,728.3,216.2,3.0,4.0,0.0,0.0,0.0,0.0,0.00,sweeping:1000
wikidpr10m-rq1,topical_5m_b,topical,5000010,sweeping,64,3,1000,0.8646,0.4120,0.00111,1.396,2.886,5.096,1.597,5683.3,0.0,728.3,216.2,3.0,4.0,0.0,0.0,0.0,0.0,0.00,sweeping:1000
wikidpr10m-rq1,topical_5m_b,topical,5000010,sweeping,128,1,1000,0.9256,0.6170,0.00057,2.470,4.822,8.102,2.801,9962.4,0.0,1228.5,397.5,4.0,8.0,0.0,0.0,0.0,0.0,0.00,sweeping:1000
wikidpr10m-rq1,topical_5m_b,topical,5000010,sweeping,128,2,1000,0.9254,0.6150,0.00057,2.476,4.726,8.015,2.794,9962.4,0.0,1228.5,397.5,4.0,8.0,0.0,0.0,0.0,0.0,0.00,sweeping:1000
wikidpr10m-rq1,topical_5m_b,topical,5000010,sweeping,128,3,1000,0.9256,0.6170,0.00057,2.475,4.840,8.117,2.785,9962.4,0.0,1228.5,397.5,4.0,8.0,0.0,0.0,0.0,0.0,0.00,sweeping:1000
wikidpr10m-rq1,topical_5m_b,topical,5000010,sweeping,256,1,1000,0.9598,0.7740,0.00031,4.492,8.176,13.433,4.967,17687.5,0.0,2141.4,745.1,8.0,16.0,0.0,0.0,0.0,0.0,0.00,sweeping:1000
wikidpr10m-rq1,topical_5m_b,topical,5000010,sweeping,256,2,1000,0.9599,0.7750,0.00031,4.505,8.212,14.047,4.972,17687.5,0.0,2141.4,745.1,8.0,16.0,0.0,0.0,0.0,0.0,0.00,sweeping:1000
wikidpr10m-rq1,topical_5m_b,topical,5000010,sweeping,256,3,1000,0.9599,0.7750,0.00031,4.530,8.169,13.444,4.966,17687.5,0.0,2141.4,745.1,8.0,16.0,0.0,0.0,0.0,0.0,0.00,sweeping:1000
wikidpr10m-rq1,topical_5m_b,topical,5000010,sweeping,512,1,1000,0.9775,0.8560,0.00016,8.295,14.099,22.985,8.962,31474.1,0.0,3841.7,1404.2,15.0,35.0,0.0,0.0,0.0,0.0,0.00,sweeping:1000
wikidpr10m-rq1,topical_5m_b,topical,5000010,sweeping,512,2,1000,0.9774,0.8550,0.00016,8.536,14.795,23.681,9.278,31474.1,0.0,3841.7,1404.2,15.0,35.0,0.0,0.0,0.0,0.0,0.00,sweeping:1000
wikidpr10m-rq1,topical_5m_b,topical,5000010,sweeping,512,3,1000,0.9775,0.8560,0.00016,8.240,14.245,23.705,8.985,31474.1,0.0,3841.7,1404.2,15.0,35.0,0.0,0.0,0.0,0.0,0.00,sweeping:1000
wikidpr10m-rq1,topical_5m_b,topical,5000010,pathseer,64,1,1000,0.8355,0.3720,0.00191,0.995,1.387,1.652,1.027,2872.1,0.0,2341.6,129.1,2.0,3.0,81.3,38.1,1070.2,1.3,0.00,pathseer:1000
wikidpr10m-rq1,topical_5m_b,topical,5000010,pathseer,64,2,1000,0.8355,0.3720,0.00191,1.004,1.404,1.637,1.033,2872.1,0.0,2341.6,129.1,2.0,3.0,81.3,38.1,1070.2,1.3,0.00,pathseer:1000
wikidpr10m-rq1,topical_5m_b,topical,5000010,pathseer,64,3,1000,0.8354,0.3710,0.00191,1.014,1.389,1.627,1.035,2872.1,0.0,2341.6,129.1,2.0,3.0,81.3,38.1,1070.2,1.3,0.00,pathseer:1000
wikidpr10m-rq1,topical_5m_b,topical,5000010,pathseer,128,1,1000,0.9055,0.5770,0.00098,1.784,2.484,3.016,1.832,5231.7,0.0,4178.6,243.0,3.0,4.0,145.6,67.4,1900.2,2.3,0.00,pathseer:1000
wikidpr10m-rq1,topical_5m_b,topical,5000010,pathseer,128,2,1000,0.9055,0.5770,0.00098,1.816,2.565,3.068,1.864,5231.7,0.0,4178.6,243.0,3.0,4.0,145.6,67.4,1900.2,2.3,0.00,pathseer:1000
wikidpr10m-rq1,topical_5m_b,topical,5000010,pathseer,128,3,1000,0.9055,0.5770,0.00098,1.779,2.495,3.046,1.832,5231.7,0.0,4178.6,243.0,3.0,4.0,145.6,67.4,1900.2,2.3,0.00,pathseer:1000
wikidpr10m-rq1,topical_5m_b,topical,5000010,pathseer,256,1,1000,0.9482,0.7500,0.00049,3.303,4.538,5.349,3.380,9670.6,0.0,7568.9,474.7,5.0,8.0,265.1,118.9,3411.0,4.1,0.00,pathseer:1000
wikidpr10m-rq1,topical_5m_b,topical,5000010,pathseer,256,2,1000,0.9481,0.7490,0.00049,3.288,4.535,5.384,3.376,9670.6,0.0,7568.9,474.7,5.0,8.0,265.1,118.9,3411.0,4.1,0.00,pathseer:1000
wikidpr10m-rq1,topical_5m_b,topical,5000010,pathseer,256,3,1000,0.9481,0.7490,0.00049,3.299,4.536,5.388,3.363,9670.6,0.0,7568.9,474.7,5.0,8.0,265.1,118.9,3411.0,4.1,0.00,pathseer:1000
wikidpr10m-rq1,topical_5m_b,topical,5000010,pathseer,512,1,1000,0.9720,0.8420,0.00024,6.198,8.460,9.776,6.297,17905.1,0.0,13869.5,939.2,9.0,18.0,520.0,228.8,6130.7,8.1,0.00,pathseer:1000
wikidpr10m-rq1,topical_5m_b,topical,5000010,pathseer,512,2,1000,0.9719,0.8410,0.00024,6.197,8.422,9.734,6.335,17905.1,0.0,13869.5,939.2,9.0,18.0,520.0,228.8,6130.7,8.1,0.00,pathseer:1000
wikidpr10m-rq1,topical_5m_b,topical,5000010,pathseer,512,3,1000,0.9718,0.8400,0.00024,6.267,8.608,9.632,6.375,17905.1,0.0,13869.5,939.2,9.0,18.0,520.0,228.8,6130.7,8.1,0.00,pathseer:1000
wikidpr10m-rq1,topical_5m_b,topical,5000010,ours-no-twohop,64,1,1000,0.8368,0.3860,0.00188,0.988,1.399,1.637,1.021,2873.6,0.0,2310.5,133.0,3.0,4.0,0.0,0.0,1102.8,0.0,0.00,pathseer:1000
wikidpr10m-rq1,topical_5m_b,topical,5000010,ours-no-twohop,64,2,1000,0.8368,0.3860,0.00188,1.001,1.432,1.688,1.032,2873.6,0.0,2310.5,133.0,3.0,4.0,0.0,0.0,1102.8,0.0,0.00,pathseer:1000
wikidpr10m-rq1,topical_5m_b,topical,5000010,ours-no-twohop,64,3,1000,0.8367,0.3850,0.00188,0.991,1.397,1.582,1.018,2873.6,0.0,2310.5,133.0,3.0,4.0,0.0,0.0,1102.8,0.0,0.00,pathseer:1000
wikidpr10m-rq1,topical_5m_b,topical,5000010,ours-no-twohop,128,1,1000,0.9081,0.5910,0.00096,1.775,2.522,2.962,1.836,5259.5,0.0,4157.6,252.6,4.0,8.0,0.0,0.0,1979.3,0.0,0.00,pathseer:1000
wikidpr10m-rq1,topical_5m_b,topical,5000010,ours-no-twohop,128,2,1000,0.9081,0.5910,0.00096,1.787,2.544,2.947,1.846,5259.5,0.0,4157.6,252.6,4.0,8.0,0.0,0.0,1979.3,0.0,0.00,pathseer:1000
wikidpr10m-rq1,topical_5m_b,topical,5000010,ours-no-twohop,128,3,1000,0.9082,0.5920,0.00096,1.776,2.555,3.015,1.844,5259.5,0.0,4157.6,252.6,4.0,8.0,0.0,0.0,1979.3,0.0,0.00,pathseer:1000
wikidpr10m-rq1,topical_5m_b,topical,5000010,ours-no-twohop,256,1,1000,0.9498,0.7480,0.00046,3.294,4.631,5.708,3.391,9749.2,0.0,7567.2,496.9,8.0,16.0,0.0,0.0,3561.6,0.0,0.00,pathseer:1000
wikidpr10m-rq1,topical_5m_b,topical,5000010,ours-no-twohop,256,2,1000,0.9497,0.7470,0.00046,3.291,4.605,5.543,3.386,9749.2,0.0,7567.2,496.9,8.0,16.0,0.0,0.0,3561.6,0.0,0.00,pathseer:1000
wikidpr10m-rq1,topical_5m_b,topical,5000010,ours-no-twohop,256,3,1000,0.9497,0.7470,0.00046,3.284,4.579,5.607,3.378,9749.2,0.0,7567.2,496.9,8.0,16.0,0.0,0.0,3561.6,0.0,0.00,pathseer:1000
wikidpr10m-rq1,topical_5m_b,topical,5000010,ours-no-twohop,512,1,1000,0.9736,0.8480,0.00022,6.215,8.493,10.170,6.358,18073.4,0.0,13854.9,983.7,15.0,35.0,0.0,0.0,6376.7,0.0,0.00,pathseer:1000
wikidpr10m-rq1,topical_5m_b,topical,5000010,ours-no-twohop,512,2,1000,0.9736,0.8480,0.00022,6.274,8.590,10.995,6.411,18073.4,0.0,13854.9,983.7,15.0,35.0,0.0,0.0,6376.7,0.0,0.00,pathseer:1000
wikidpr10m-rq1,topical_5m_b,topical,5000010,ours-no-twohop,512,3,1000,0.9735,0.8470,0.00022,6.206,8.480,10.415,6.329,18073.4,0.0,13854.9,983.7,15.0,35.0,0.0,0.0,6376.7,0.0,0.00,pathseer:1000
wikidpr10m-rq1,topical_5m_b,topical,5000010,ours-guard,64,1,1000,0.7778,0.3100,0.00321,0.800,1.212,1.565,0.833,1579.5,0.0,3127.4,96.3,3.0,4.0,0.0,0.0,1360.9,0.0,0.00,pathseer:1000
wikidpr10m-rq1,topical_5m_b,topical,5000010,ours-guard,64,2,1000,0.7778,0.3100,0.00321,0.861,1.233,1.673,0.898,1579.5,0.0,3127.4,96.3,3.0,4.0,0.0,0.0,1360.9,0.0,0.00,pathseer:1000
wikidpr10m-rq1,topical_5m_b,topical,5000010,ours-guard,64,3,1000,0.7778,0.3100,0.00321,0.705,1.026,1.350,0.740,1579.5,0.0,3127.4,96.3,3.0,4.0,0.0,0.0,1360.9,0.0,0.00,pathseer:1000
wikidpr10m-rq1,topical_5m_b,topical,5000010,ours-guard,128,1,1000,0.8725,0.5280,0.00167,1.288,1.878,2.501,1.359,2914.2,0.0,5754.4,185.9,4.0,8.0,0.0,0.0,2530.0,0.0,0.00,pathseer:1000
wikidpr10m-rq1,topical_5m_b,topical,5000010,ours-guard,128,2,1000,0.8725,0.5280,0.00167,1.270,1.787,2.317,1.315,2914.2,0.0,5754.4,185.9,4.0,8.0,0.0,0.0,2530.0,0.0,0.00,pathseer:1000
wikidpr10m-rq1,topical_5m_b,topical,5000010,ours-guard,128,3,1000,0.8725,0.5280,0.00167,1.280,1.832,2.348,1.329,2914.2,0.0,5754.4,185.9,4.0,8.0,0.0,0.0,2530.0,0.0,0.00,pathseer:1000
wikidpr10m-rq1,topical_5m_b,topical,5000010,ours-guard,256,1,1000,0.9293,0.7020,0.00086,2.456,3.355,4.402,2.515,5567.5,0.0,10911.9,381.8,8.0,16.0,0.0,0.0,4817.8,0.0,0.00,pathseer:1000
wikidpr10m-rq1,topical_5m_b,topical,5000010,ours-guard,256,2,1000,0.9292,0.7010,0.00086,2.439,3.398,4.369,2.503,5567.5,0.0,10911.9,381.8,8.0,16.0,0.0,0.0,4817.8,0.0,0.00,pathseer:1000
wikidpr10m-rq1,topical_5m_b,topical,5000010,ours-guard,256,3,1000,0.9292,0.7010,0.00086,2.486,3.442,4.494,2.558,5567.5,0.0,10911.9,381.8,8.0,16.0,0.0,0.0,4817.8,0.0,0.00,pathseer:1000
wikidpr10m-rq1,topical_5m_b,topical,5000010,ours-guard,512,1,1000,0.9662,0.8250,0.00033,4.728,6.308,8.093,4.800,10636.3,0.0,20557.5,783.1,15.0,35.0,0.0,0.0,8984.6,0.0,0.00,pathseer:1000
wikidpr10m-rq1,topical_5m_b,topical,5000010,ours-guard,512,2,1000,0.9662,0.8250,0.00033,4.706,6.291,8.571,4.820,10636.3,0.0,20557.5,783.1,15.0,35.0,0.0,0.0,8984.6,0.0,0.00,pathseer:1000
wikidpr10m-rq1,topical_5m_b,topical,5000010,ours-guard,512,3,1000,0.9662,0.8250,0.00033,4.782,6.475,8.288,4.854,10636.3,0.0,20557.5,783.1,15.0,35.0,0.0,0.0,8984.6,0.0,0.00,pathseer:1000
wikidpr10m-rq1,anticorr_q0041_tau0.01,anticorr,9900239,sweeping,64,1,1,0.0000,0.0000,0.01232,8.509,8.509,8.509,8.509,40327.0,0.0,5228.0,2713.0,3.0,38.0,0.0,0.0,0.0,0.0,0.00,sweeping:1
wikidpr10m-rq1,anticorr_q0041_tau0.01,anticorr,9900239,sweeping,64,2,1,0.0000,0.0000,0.01232,8.598,8.598,8.598,8.598,40327.0,0.0,5228.0,2713.0,3.0,38.0,0.0,0.0,0.0,0.0,0.00,sweeping:1
wikidpr10m-rq1,anticorr_q0041_tau0.01,anticorr,9900239,sweeping,64,3,1,0.0000,0.0000,0.01232,8.237,8.237,8.237,8.237,40327.0,0.0,5228.0,2713.0,3.0,38.0,0.0,0.0,0.0,0.0,0.00,sweeping:1
wikidpr10m-rq1,anticorr_q0041_tau0.01,anticorr,9900239,sweeping,128,1,1,0.2000,0.0000,0.00676,11.569,11.569,11.569,11.569,53129.0,0.0,6977.0,3733.0,4.0,63.0,0.0,0.0,0.0,0.0,0.00,sweeping:1
wikidpr10m-rq1,anticorr_q0041_tau0.01,anticorr,9900239,sweeping,128,2,1,0.2000,0.0000,0.00676,11.566,11.566,11.566,11.566,53129.0,0.0,6977.0,3733.0,4.0,63.0,0.0,0.0,0.0,0.0,0.00,sweeping:1
wikidpr10m-rq1,anticorr_q0041_tau0.01,anticorr,9900239,sweeping,128,3,1,0.2000,0.0000,0.00676,11.368,11.368,11.368,11.368,53129.0,0.0,6977.0,3733.0,4.0,63.0,0.0,0.0,0.0,0.0,0.00,sweeping:1
wikidpr10m-rq1,anticorr_q0041_tau0.01,anticorr,9900239,sweeping,256,1,1,0.3000,0.0000,0.00507,17.027,17.027,17.027,17.027,66843.0,0.0,9405.0,4861.0,7.0,117.0,0.0,0.0,0.0,0.0,0.00,sweeping:1
wikidpr10m-rq1,anticorr_q0041_tau0.01,anticorr,9900239,sweeping,256,2,1,0.3000,0.0000,0.00507,17.263,17.263,17.263,17.263,66843.0,0.0,9405.0,4861.0,7.0,117.0,0.0,0.0,0.0,0.0,0.00,sweeping:1
wikidpr10m-rq1,anticorr_q0041_tau0.01,anticorr,9900239,sweeping,256,3,1,0.3000,0.0000,0.00507,16.527,16.527,16.527,16.527,66843.0,0.0,9405.0,4861.0,7.0,117.0,0.0,0.0,0.0,0.0,0.00,sweeping:1
wikidpr10m-rq1,anticorr_q0041_tau0.01,anticorr,9900239,sweeping,512,1,1,0.3000,0.0000,0.00483,25.147,25.147,25.147,25.147,88856.0,0.0,12890.0,6671.0,17.0,204.0,0.0,0.0,0.0,0.0,0.00,sweeping:1
wikidpr10m-rq1,anticorr_q0041_tau0.01,anticorr,9900239,sweeping,512,2,1,0.3000,0.0000,0.00483,25.531,25.531,25.531,25.531,88856.0,0.0,12890.0,6671.0,17.0,204.0,0.0,0.0,0.0,0.0,0.00,sweeping:1
wikidpr10m-rq1,anticorr_q0041_tau0.01,anticorr,9900239,sweeping,512,3,1,0.3000,0.0000,0.00483,24.770,24.770,24.770,24.770,88856.0,0.0,12890.0,6671.0,17.0,204.0,0.0,0.0,0.0,0.0,0.00,sweeping:1
wikidpr10m-rq1,anticorr_q0041_tau0.01,anticorr,9900239,pathseer,64,1,1,0.2000,0.0000,0.00935,1.201,1.201,1.201,1.201,5212.0,0.0,9795.0,411.0,2.0,8.0,64.0,43.0,5914.0,1.0,0.00,pathseer:1
wikidpr10m-rq1,anticorr_q0041_tau0.01,anticorr,9900239,pathseer,64,2,1,0.2000,0.0000,0.00935,1.294,1.294,1.294,1.294,5212.0,0.0,9795.0,411.0,2.0,8.0,64.0,43.0,5914.0,1.0,0.00,pathseer:1
wikidpr10m-rq1,anticorr_q0041_tau0.01,anticorr,9900239,pathseer,64,3,1,0.2000,0.0000,0.00935,1.182,1.182,1.182,1.182,5212.0,0.0,9795.0,411.0,2.0,8.0,64.0,43.0,5914.0,1.0,0.00,pathseer:1
wikidpr10m-rq1,anticorr_q0041_tau0.01,anticorr,9900239,pathseer,128,1,1,0.3000,0.0000,0.00604,2.445,2.445,2.445,2.445,9368.0,0.0,15200.0,762.0,3.0,22.0,128.0,88.0,8499.0,2.0,0.00,pathseer:1
wikidpr10m-rq1,anticorr_q0041_tau0.01,anticorr,9900239,pathseer,128,2,1,0.3000,0.0000,0.00604,2.480,2.480,2.480,2.480,9368.0,0.0,15200.0,762.0,3.0,22.0,128.0,88.0,8499.0,2.0,0.00,pathseer:1
wikidpr10m-rq1,anticorr_q0041_tau0.01,anticorr,9900239,pathseer,128,3,1,0.3000,0.0000,0.00604,2.365,2.365,2.365,2.365,9368.0,0.0,15200.0,762.0,3.0,22.0,128.0,88.0,8499.0,2.0,0.00,pathseer:1
wikidpr10m-rq1,anticorr_q0041_tau0.01,anticorr,9900239,pathseer,256,1,1,0.3000,0.0000,0.00488,6.210,6.210,6.210,6.210,17685.0,0.0,26140.0,1563.0,4.0,73.0,192.0,113.0,12779.0,3.0,0.00,pathseer:1
wikidpr10m-rq1,anticorr_q0041_tau0.01,anticorr,9900239,pathseer,256,2,1,0.3000,0.0000,0.00488,5.206,5.206,5.206,5.206,17685.0,0.0,26140.0,1563.0,4.0,73.0,192.0,113.0,12779.0,3.0,0.00,pathseer:1
wikidpr10m-rq1,anticorr_q0041_tau0.01,anticorr,9900239,pathseer,256,3,1,0.3000,0.0000,0.00488,6.184,6.184,6.184,6.184,17685.0,0.0,26140.0,1563.0,4.0,73.0,192.0,113.0,12779.0,3.0,0.00,pathseer:1
wikidpr10m-rq1,anticorr_q0041_tau0.01,anticorr,9900239,pathseer,512,1,1,0.4000,0.0000,0.00421,10.700,10.700,10.700,10.700,31092.0,0.0,39427.0,2662.0,9.0,146.0,512.0,191.0,16247.0,8.0,0.00,pathseer:1
wikidpr10m-rq1,anticorr_q0041_tau0.01,anticorr,9900239,pathseer,512,2,1,0.4000,0.0000,0.00421,9.604,9.604,9.604,9.604,31092.0,0.0,39427.0,2662.0,9.0,146.0,512.0,191.0,16247.0,8.0,0.00,pathseer:1
wikidpr10m-rq1,anticorr_q0041_tau0.01,anticorr,9900239,pathseer,512,3,1,0.4000,0.0000,0.00421,10.105,10.105,10.105,10.105,31092.0,0.0,39427.0,2662.0,9.0,146.0,512.0,191.0,16247.0,8.0,0.00,pathseer:1
wikidpr10m-rq1,anticorr_q0041_tau0.01,anticorr,9900239,ours-no-twohop,64,1,1,0.2000,0.0000,0.00801,2.631,2.631,2.631,2.631,6638.0,0.0,14060.0,743.0,3.0,38.0,0.0,0.0,8255.0,0.0,0.00,pathseer:1
wikidpr10m-rq1,anticorr_q0041_tau0.01,anticorr,9900239,ours-no-twohop,64,2,1,0.2000,0.0000,0.00801,2.197,2.197,2.197,2.197,6638.0,0.0,14060.0,743.0,3.0,38.0,0.0,0.0,8255.0,0.0,0.00,pathseer:1
wikidpr10m-rq1,anticorr_q0041_tau0.01,anticorr,9900239,ours-no-twohop,64,3,1,0.2000,0.0000,0.00801,1.859,1.859,1.859,1.859,6638.0,0.0,14060.0,743.0,3.0,38.0,0.0,0.0,8255.0,0.0,0.00,pathseer:1
wikidpr10m-rq1,anticorr_q0041_tau0.01,anticorr,9900239,ours-no-twohop,128,1,1,0.3000,0.0000,0.00507,3.510,3.510,3.510,3.510,11127.0,0.0,19714.0,1123.0,4.0,63.0,0.0,0.0,10650.0,0.0,0.00,pathseer:1
wikidpr10m-rq1,anticorr_q0041_tau0.01,anticorr,9900239,ours-no-twohop,128,2,1,0.3000,0.0000,0.00507,3.298,3.298,3.298,3.298,11127.0,0.0,19714.0,1123.0,4.0,63.0,0.0,0.0,10650.0,0.0,0.00,pathseer:1
wikidpr10m-rq1,anticorr_q0041_tau0.01,anticorr,9900239,ours-no-twohop,128,3,1,0.3000,0.0000,0.00507,3.287,3.287,3.287,3.287,11127.0,0.0,19714.0,1123.0,4.0,63.0,0.0,0.0,10650.0,0.0,0.00,pathseer:1
wikidpr10m-rq1,anticorr_q0041_tau0.01,anticorr,9900239,ours-no-twohop,256,1,1,0.3000,0.0000,0.00507,6.173,6.173,6.173,6.173,19437.0,0.0,29408.0,1863.0,7.0,117.0,0.0,0.0,13949.0,0.0,0.00,pathseer:1
wikidpr10m-rq1,anticorr_q0041_tau0.01,anticorr,9900239,ours-no-twohop,256,2,1,0.3000,0.0000,0.00507,6.830,6.830,6.830,6.830,19437.0,0.0,29408.0,1863.0,7.0,117.0,0.0,0.0,13949.0,0.0,0.00,pathseer:1
wikidpr10m-rq1,anticorr_q0041_tau0.01,anticorr,9900239,ours-no-twohop,256,3,1,0.3000,0.0000,0.00507,6.136,6.136,6.136,6.136,19437.0,0.0,29408.0,1863.0,7.0,117.0,0.0,0.0,13949.0,0.0,0.00,pathseer:1
wikidpr10m-rq1,anticorr_q0041_tau0.01,anticorr,9900239,ours-no-twohop,512,1,1,0.4000,0.0000,0.00421,10.351,10.351,10.351,10.351,33539.0,0.0,43007.0,3062.0,17.0,204.0,0.0,0.0,17124.0,0.0,0.00,pathseer:1
wikidpr10m-rq1,anticorr_q0041_tau0.01,anticorr,9900239,ours-no-twohop,512,2,1,0.4000,0.0000,0.00421,10.458,10.458,10.458,10.458,33539.0,0.0,43007.0,3062.0,17.0,204.0,0.0,0.0,17124.0,0.0,0.00,pathseer:1
wikidpr10m-rq1,anticorr_q0041_tau0.01,anticorr,9900239,ours-no-twohop,512,3,1,0.4000,0.0000,0.00421,10.774,10.774,10.774,10.774,33539.0,0.0,43007.0,3062.0,17.0,204.0,0.0,0.0,17124.0,0.0,0.00,pathseer:1
wikidpr10m-rq1,anticorr_q0041_tau0.01,anticorr,9900239,ours-guard,64,1,1,0.1000,0.0000,0.01020,2.592,2.592,2.592,2.592,5103.0,0.0,13587.0,680.0,3.0,38.0,0.0,0.0,8298.0,0.0,0.00,pathseer:1
wikidpr10m-rq1,anticorr_q0041_tau0.01,anticorr,9900239,ours-guard,64,2,1,0.1000,0.0000,0.01020,1.619,1.619,1.619,1.619,5103.0,0.0,13587.0,680.0,3.0,38.0,0.0,0.0,8298.0,0.0,0.00,pathseer:1
wikidpr10m-rq1,anticorr_q0041_tau0.01,anticorr,9900239,ours-guard,64,3,1,0.1000,0.0000,0.01020,1.606,1.606,1.606,1.606,5103.0,0.0,13587.0,680.0,3.0,38.0,0.0,0.0,8298.0,0.0,0.00,pathseer:1
wikidpr10m-rq1,anticorr_q0041_tau0.01,anticorr,9900239,ours-guard,128,1,1,0.1000,0.0000,0.00671,2.682,2.682,2.682,2.682,8200.0,0.0,19439.0,1013.0,4.0,63.0,0.0,0.0,10885.0,0.0,0.00,pathseer:1
wikidpr10m-rq1,anticorr_q0041_tau0.01,anticorr,9900239,ours-guard,128,2,1,0.1000,0.0000,0.00671,2.723,2.723,2.723,2.723,8200.0,0.0,19439.0,1013.0,4.0,63.0,0.0,0.0,10885.0,0.0,0.00,pathseer:1
wikidpr10m-rq1,anticorr_q0041_tau0.01,anticorr,9900239,ours-guard,128,3,1,0.1000,0.0000,0.00671,2.761,2.761,2.761,2.761,8200.0,0.0,19439.0,1013.0,4.0,63.0,0.0,0.0,10885.0,0.0,0.00,pathseer:1
wikidpr10m-rq1,anticorr_q0041_tau0.01,anticorr,9900239,ours-guard,256,1,1,0.2000,0.0000,0.00513,5.366,5.366,5.366,5.366,14764.0,0.0,30196.0,1680.0,7.0,117.0,0.0,0.0,14762.0,0.0,0.00,pathseer:1
wikidpr10m-rq1,anticorr_q0041_tau0.01,anticorr,9900239,ours-guard,256,2,1,0.2000,0.0000,0.00513,5.395,5.395,5.395,5.395,14764.0,0.0,30196.0,1680.0,7.0,117.0,0.0,0.0,14762.0,0.0,0.00,pathseer:1
wikidpr10m-rq1,anticorr_q0041_tau0.01,anticorr,9900239,ours-guard,256,3,1,0.2000,0.0000,0.00513,5.527,5.527,5.527,5.527,14764.0,0.0,30196.0,1680.0,7.0,117.0,0.0,0.0,14762.0,0.0,0.00,pathseer:1
wikidpr10m-rq1,anticorr_q0041_tau0.01,anticorr,9900239,ours-guard,512,1,1,0.3000,0.0000,0.00442,9.148,9.148,9.148,9.148,25583.0,0.0,45620.0,2769.0,17.0,204.0,0.0,0.0,18785.0,0.0,0.00,pathseer:1
wikidpr10m-rq1,anticorr_q0041_tau0.01,anticorr,9900239,ours-guard,512,2,1,0.3000,0.0000,0.00442,9.748,9.748,9.748,9.748,25583.0,0.0,45620.0,2769.0,17.0,204.0,0.0,0.0,18785.0,0.0,0.00,pathseer:1
wikidpr10m-rq1,anticorr_q0041_tau0.01,anticorr,9900239,ours-guard,512,3,1,0.3000,0.0000,0.00442,9.445,9.445,9.445,9.445,25583.0,0.0,45620.0,2769.0,17.0,204.0,0.0,0.0,18785.0,0.0,0.00,pathseer:1
wikidpr10m-rq1,anticorr_q0041_tau0.03,anticorr,9900507,sweeping,64,1,1,1.0000,1.0000,0.00000,0.705,0.705,0.705,0.705,4648.0,0.0,522.0,243.0,3.0,3.0,0.0,0.0,0.0,0.0,0.00,sweeping:1
wikidpr10m-rq1,anticorr_q0041_tau0.03,anticorr,9900507,sweeping,64,2,1,1.0000,1.0000,0.00000,0.595,0.595,0.595,0.595,4648.0,0.0,522.0,243.0,3.0,3.0,0.0,0.0,0.0,0.0,0.00,sweeping:1
wikidpr10m-rq1,anticorr_q0041_tau0.03,anticorr,9900507,sweeping,64,3,1,1.0000,1.0000,0.00000,0.554,0.554,0.554,0.554,4648.0,0.0,522.0,243.0,3.0,3.0,0.0,0.0,0.0,0.0,0.00,sweeping:1
wikidpr10m-rq1,anticorr_q0041_tau0.03,anticorr,9900507,sweeping,128,1,1,1.0000,1.0000,0.00000,0.953,0.953,0.953,0.953,6953.0,0.0,776.0,376.0,4.0,7.0,0.0,0.0,0.0,0.0,0.00,sweeping:1
wikidpr10m-rq1,anticorr_q0041_tau0.03,anticorr,9900507,sweeping,128,2,1,1.0000,1.0000,0.00000,0.873,0.873,0.873,0.873,6953.0,0.0,776.0,376.0,4.0,7.0,0.0,0.0,0.0,0.0,0.00,sweeping:1
wikidpr10m-rq1,anticorr_q0041_tau0.03,anticorr,9900507,sweeping,128,3,1,1.0000,1.0000,0.00000,0.912,0.912,0.912,0.912,6953.0,0.0,776.0,376.0,4.0,7.0,0.0,0.0,0.0,0.0,0.00,sweeping:1
wikidpr10m-rq1,anticorr_q0041_tau0.03,anticorr,9900507,sweeping,256,1,1,1.0000,1.0000,0.00000,2.276,2.276,2.276,2.276,10736.0,0.0,1354.0,607.0,7.0,13.0,0.0,0.0,0.0,0.0,0.00,sweeping:1
wikidpr10m-rq1,anticorr_q0041_tau0.03,anticorr,9900507,sweeping,256,2,1,1.0000,1.0000,0.00000,1.922,1.922,1.922,1.922,10736.0,0.0,1354.0,607.0,7.0,13.0,0.0,0.0,0.0,0.0,0.00,sweeping:1
wikidpr10m-rq1,anticorr_q0041_tau0.03,anticorr,9900507,sweeping,256,3,1,1.0000,1.0000,0.00000,1.651,1.651,1.651,1.651,10736.0,0.0,1354.0,607.0,7.0,13.0,0.0,0.0,0.0,0.0,0.00,sweeping:1
wikidpr10m-rq1,anticorr_q0041_tau0.03,anticorr,9900507,sweeping,512,1,1,1.0000,1.0000,0.00000,4.006,4.006,4.006,4.006,17939.0,0.0,2289.0,1037.0,17.0,36.0,0.0,0.0,0.0,0.0,0.00,sweeping:1
wikidpr10m-rq1,anticorr_q0041_tau0.03,anticorr,9900507,sweeping,512,2,1,1.0000,1.0000,0.00000,3.958,3.958,3.958,3.958,17939.0,0.0,2289.0,1037.0,17.0,36.0,0.0,0.0,0.0,0.0,0.00,sweeping:1
wikidpr10m-rq1,anticorr_q0041_tau0.03,anticorr,9900507,sweeping,512,3,1,1.0000,1.0000,0.00000,3.947,3.947,3.947,3.947,17939.0,0.0,2289.0,1037.0,17.0,36.0,0.0,0.0,0.0,0.0,0.00,sweeping:1
wikidpr10m-rq1,anticorr_q0041_tau0.03,anticorr,9900507,pathseer,64,1,1,1.0000,1.0000,0.00000,0.487,0.487,0.487,0.487,2503.0,0.0,1862.0,133.0,2.0,2.0,64.0,59.0,453.0,1.0,0.00,pathseer:1
wikidpr10m-rq1,anticorr_q0041_tau0.03,anticorr,9900507,pathseer,64,2,1,1.0000,1.0000,0.00000,0.465,0.465,0.465,0.465,2503.0,0.0,1862.0,133.0,2.0,2.0,64.0,59.0,453.0,1.0,0.00,pathseer:1
wikidpr10m-rq1,anticorr_q0041_tau0.03,anticorr,9900507,pathseer,64,3,1,1.0000,1.0000,0.00000,0.407,0.407,0.407,0.407,2503.0,0.0,1862.0,133.0,2.0,2.0,64.0,59.0,453.0,1.0,0.00,pathseer:1
wikidpr10m-rq1,anticorr_q0041_tau0.03,anticorr,9900507,pathseer,128,1,1,1.0000,1.0000,0.00000,0.728,0.728,0.728,0.728,4554.0,0.0,2968.0,233.0,3.0,3.0,128.0,117.0,607.0,2.0,0.00,pathseer:1
wikidpr10m-rq1,anticorr_q0041_tau0.03,anticorr,9900507,pathseer,128,2,1,1.0000,1.0000,0.00000,0.761,0.761,0.761,0.761,4554.0,0.0,2968.0,233.0,3.0,3.0,128.0,117.0,607.0,2.0,0.00,pathseer:1
wikidpr10m-rq1,anticorr_q0041_tau0.03,anticorr,9900507,pathseer,128,3,1,1.0000,1.0000,0.00000,1.212,1.212,1.212,1.212,4554.0,0.0,2968.0,233.0,3.0,3.0,128.0,117.0,607.0,2.0,0.00,pathseer:1
wikidpr10m-rq1,anticorr_q0041_tau0.03,anticorr,9900507,pathseer,256,1,1,1.0000,1.0000,0.00000,1.456,1.456,1.456,1.456,8069.0,0.0,4798.0,425.0,4.0,4.0,192.0,169.0,792.0,3.0,0.00,pathseer:1
wikidpr10m-rq1,anticorr_q0041_tau0.03,anticorr,9900507,pathseer,256,2,1,1.0000,1.0000,0.00000,1.496,1.496,1.496,1.496,8069.0,0.0,4798.0,425.0,4.0,4.0,192.0,169.0,792.0,3.0,0.00,pathseer:1
wikidpr10m-rq1,anticorr_q0041_tau0.03,anticorr,9900507,pathseer,256,3,1,1.0000,1.0000,0.00000,1.386,1.386,1.386,1.386,8069.0,0.0,4798.0,425.0,4.0,4.0,192.0,169.0,792.0,3.0,0.00,pathseer:1
wikidpr10m-rq1,anticorr_q0041_tau0.03,anticorr,9900507,pathseer,512,1,1,1.0000,1.0000,0.00000,3.437,3.437,3.437,3.437,14688.0,0.0,8117.0,793.0,7.0,10.0,384.0,313.0,1045.0,6.0,0.00,pathseer:1
wikidpr10m-rq1,anticorr_q0041_tau0.03,anticorr,9900507,pathseer,512,2,1,1.0000,1.0000,0.00000,3.346,3.346,3.346,3.346,14688.0,0.0,8117.0,793.0,7.0,10.0,384.0,313.0,1045.0,6.0,0.00,pathseer:1
wikidpr10m-rq1,anticorr_q0041_tau0.03,anticorr,9900507,pathseer,512,3,1,1.0000,1.0000,0.00000,3.442,3.442,3.442,3.442,14688.0,0.0,8117.0,793.0,7.0,10.0,384.0,313.0,1045.0,6.0,0.00,pathseer:1
wikidpr10m-rq1,anticorr_q0041_tau0.03,anticorr,9900507,ours-no-twohop,64,1,1,1.0000,1.0000,0.00000,0.609,0.609,0.609,0.609,2481.0,0.0,1750.0,132.0,3.0,3.0,0.0,0.0,459.0,0.0,0.00,pathseer:1
wikidpr10m-rq1,anticorr_q0041_tau0.03,anticorr,9900507,ours-no-twohop,64,2,1,1.0000,1.0000,0.00000,0.424,0.424,0.424,0.424,2481.0,0.0,1750.0,132.0,3.0,3.0,0.0,0.0,459.0,0.0,0.00,pathseer:1
wikidpr10m-rq1,anticorr_q0041_tau0.03,anticorr,9900507,ours-no-twohop,64,3,1,1.0000,1.0000,0.00000,0.402,0.402,0.402,0.402,2481.0,0.0,1750.0,132.0,3.0,3.0,0.0,0.0,459.0,0.0,0.00,pathseer:1
wikidpr10m-rq1,anticorr_q0041_tau0.03,anticorr,9900507,ours-no-twohop,128,1,1,0.9000,0.0000,0.00003,0.759,0.759,0.759,0.759,4469.0,0.0,2715.0,238.0,4.0,7.0,0.0,0.0,588.0,0.0,0.00,pathseer:1
wikidpr10m-rq1,anticorr_q0041_tau0.03,anticorr,9900507,ours-no-twohop,128,2,1,0.9000,0.0000,0.00003,0.662,0.662,0.662,0.662,4469.0,0.0,2715.0,238.0,4.0,7.0,0.0,0.0,588.0,0.0,0.00,pathseer:1
wikidpr10m-rq1,anticorr_q0041_tau0.03,anticorr,9900507,ours-no-twohop,128,3,1,0.9000,0.0000,0.00003,0.698,0.698,0.698,0.698,4469.0,0.0,2715.0,238.0,4.0,7.0,0.0,0.0,588.0,0.0,0.00,pathseer:1
wikidpr10m-rq1,anticorr_q0041_tau0.03,anticorr,9900507,ours-no-twohop,256,1,1,1.0000,1.0000,0.00000,1.470,1.470,1.470,1.470,8210.0,0.0,5041.0,461.0,7.0,13.0,0.0,0.0,832.0,0.0,0.00,pathseer:1
wikidpr10m-rq1,anticorr_q0041_tau0.03,anticorr,9900507,ours-no-twohop,256,2,1,1.0000,1.0000,0.00000,1.947,1.947,1.947,1.947,8210.0,0.0,5041.0,461.0,7.0,13.0,0.0,0.0,832.0,0.0,0.00,pathseer:1
wikidpr10m-rq1,anticorr_q0041_tau0.03,anticorr,9900507,ours-no-twohop,256,3,1,1.0000,1.0000,0.00000,2.096,2.096,2.096,2.096,8210.0,0.0,5041.0,461.0,7.0,13.0,0.0,0.0,832.0,0.0,0.00,pathseer:1
wikidpr10m-rq1,anticorr_q0041_tau0.03,anticorr,9900507,ours-no-twohop,512,1,1,1.0000,1.0000,0.00000,3.533,3.533,3.533,3.533,14970.0,0.0,8327.0,871.0,17.0,36.0,0.0,0.0,1063.0,0.0,0.00,pathseer:1
wikidpr10m-rq1,anticorr_q0041_tau0.03,anticorr,9900507,ours-no-twohop,512,2,1,1.0000,1.0000,0.00000,3.818,3.818,3.818,3.818,14970.0,0.0,8327.0,871.0,17.0,36.0,0.0,0.0,1063.0,0.0,0.00,pathseer:1
wikidpr10m-rq1,anticorr_q0041_tau0.03,anticorr,9900507,ours-no-twohop,512,3,1,1.0000,1.0000,0.00000,3.441,3.441,3.441,3.441,14970.0,0.0,8327.0,871.0,17.0,36.0,0.0,0.0,1063.0,0.0,0.00,pathseer:1
wikidpr10m-rq1,anticorr_q0041_tau0.03,anticorr,9900507,ours-guard,64,1,1,0.9000,0.0000,0.00003,0.311,0.311,0.311,0.311,1360.0,0.0,2087.0,69.0,3.0,3.0,0.0,0.0,569.0,0.0,0.00,pathseer:1
wikidpr10m-rq1,anticorr_q0041_tau0.03,anticorr,9900507,ours-guard,64,2,1,0.9000,0.0000,0.00003,0.307,0.307,0.307,0.307,1360.0,0.0,2087.0,69.0,3.0,3.0,0.0,0.0,569.0,0.0,0.00,pathseer:1
wikidpr10m-rq1,anticorr_q0041_tau0.03,anticorr,9900507,ours-guard,64,3,1,0.9000,0.0000,0.00003,0.289,0.289,0.289,0.289,1360.0,0.0,2087.0,69.0,3.0,3.0,0.0,0.0,569.0,0.0,0.00,pathseer:1
wikidpr10m-rq1,anticorr_q0041_tau0.03,anticorr,9900507,ours-guard,128,1,1,0.9000,0.0000,0.00003,0.829,0.829,0.829,0.829,3529.0,0.0,4896.0,202.0,4.0,7.0,0.0,0.0,1153.0,0.0,0.00,pathseer:1
wikidpr10m-rq1,anticorr_q0041_tau0.03,anticorr,9900507,ours-guard,128,2,1,0.9000,0.0000,0.00003,0.717,0.717,0.717,0.717,3529.0,0.0,4896.0,202.0,4.0,7.0,0.0,0.0,1153.0,0.0,0.00,pathseer:1
wikidpr10m-rq1,anticorr_q0041_tau0.03,anticorr,9900507,ours-guard,128,3,1,0.9000,0.0000,0.00003,0.697,0.697,0.697,0.697,3529.0,0.0,4896.0,202.0,4.0,7.0,0.0,0.0,1153.0,0.0,0.00,pathseer:1
wikidpr10m-rq1,anticorr_q0041_tau0.03,anticorr,9900507,ours-guard,256,1,1,1.0000,1.0000,0.00000,1.968,1.968,1.968,1.968,6409.0,0.0,8502.0,386.0,7.0,13.0,0.0,0.0,1635.0,0.0,0.00,pathseer:1
wikidpr10m-rq1,anticorr_q0041_tau0.03,anticorr,9900507,ours-guard,256,2,1,1.0000,1.0000,0.00000,1.403,1.403,1.403,1.403,6409.0,0.0,8502.0,386.0,7.0,13.0,0.0,0.0,1635.0,0.0,0.00,pathseer:1
wikidpr10m-rq1,anticorr_q0041_tau0.03,anticorr,9900507,ours-guard,256,3,1,1.0000,1.0000,0.00000,1.339,1.339,1.339,1.339,6409.0,0.0,8502.0,386.0,7.0,13.0,0.0,0.0,1635.0,0.0,0.00,pathseer:1
wikidpr10m-rq1,anticorr_q0041_tau0.03,anticorr,9900507,ours-guard,512,1,1,1.0000,1.0000,0.00000,3.417,3.417,3.417,3.417,12275.0,0.0,15473.0,759.0,17.0,36.0,0.0,0.0,2356.0,0.0,0.00,pathseer:1
wikidpr10m-rq1,anticorr_q0041_tau0.03,anticorr,9900507,ours-guard,512,2,1,1.0000,1.0000,0.00000,3.413,3.413,3.413,3.413,12275.0,0.0,15473.0,759.0,17.0,36.0,0.0,0.0,2356.0,0.0,0.00,pathseer:1
wikidpr10m-rq1,anticorr_q0041_tau0.03,anticorr,9900507,ours-guard,512,3,1,1.0000,1.0000,0.00000,3.737,3.737,3.737,3.737,12275.0,0.0,15473.0,759.0,17.0,36.0,0.0,0.0,2356.0,0.0,0.00,pathseer:1
wikidpr10m-rq1,anticorr_q0059_tau0.01,anticorr,9899959,sweeping,64,1,1,0.4000,0.0000,0.00550,9.223,9.223,9.223,9.223,43919.0,0.0,5498.0,2541.0,2.0,2.0,0.0,0.0,0.0,0.0,0.00,sweeping:1
wikidpr10m-rq1,anticorr_q0059_tau0.01,anticorr,9899959,sweeping,64,2,1,0.4000,0.0000,0.00550,8.788,8.788,8.788,8.788,43919.0,0.0,5498.0,2541.0,2.0,2.0,0.0,0.0,0.0,0.0,0.00,sweeping:1
wikidpr10m-rq1,anticorr_q0059_tau0.01,anticorr,9899959,sweeping,64,3,1,0.4000,0.0000,0.00550,8.937,8.937,8.937,8.937,43919.0,0.0,5498.0,2541.0,2.0,2.0,0.0,0.0,0.0,0.0,0.00,sweeping:1
wikidpr10m-rq1,anticorr_q0059_tau0.01,anticorr,9899959,sweeping,128,1,1,0.4000,0.0000,0.00300,13.569,13.569,13.569,13.569,58009.0,0.0,7574.0,3654.0,4.0,4.0,0.0,0.0,0.0,0.0,0.00,sweeping:1
wikidpr10m-rq1,anticorr_q0059_tau0.01,anticorr,9899959,sweeping,128,2,1,0.4000,0.0000,0.00300,14.003,14.003,14.003,14.003,58009.0,0.0,7574.0,3654.0,4.0,4.0,0.0,0.0,0.0,0.0,0.00,sweeping:1
wikidpr10m-rq1,anticorr_q0059_tau0.01,anticorr,9899959,sweeping,128,3,1,0.4000,0.0000,0.00300,13.772,13.772,13.772,13.772,58009.0,0.0,7574.0,3654.0,4.0,4.0,0.0,0.0,0.0,0.0,0.00,sweeping:1
wikidpr10m-rq1,anticorr_q0059_tau0.01,anticorr,9899959,sweeping,256,1,1,0.4000,0.0000,0.00264,17.866,17.866,17.866,17.866,75080.0,0.0,10210.0,5157.0,6.0,6.0,0.0,0.0,0.0,0.0,0.00,sweeping:1
wikidpr10m-rq1,anticorr_q0059_tau0.01,anticorr,9899959,sweeping,256,2,1,0.4000,0.0000,0.00264,17.337,17.337,17.337,17.337,75080.0,0.0,10210.0,5157.0,6.0,6.0,0.0,0.0,0.0,0.0,0.00,sweeping:1
wikidpr10m-rq1,anticorr_q0059_tau0.01,anticorr,9899959,sweeping,256,3,1,0.4000,0.0000,0.00264,18.236,18.236,18.236,18.236,75080.0,0.0,10210.0,5157.0,6.0,6.0,0.0,0.0,0.0,0.0,0.00,sweeping:1
wikidpr10m-rq1,anticorr_q0059_tau0.01,anticorr,9899959,sweeping,512,1,1,0.6000,0.0000,0.00129,26.607,26.607,26.607,26.607,96829.0,0.0,13862.0,7123.0,12.0,73.0,0.0,0.0,0.0,0.0,0.00,sweeping:1
wikidpr10m-rq1,anticorr_q0059_tau0.01,anticorr,9899959,sweeping,512,2,1,0.6000,0.0000,0.00129,25.618,25.618,25.618,25.618,96829.0,0.0,13862.0,7123.0,12.0,73.0,0.0,0.0,0.0,0.0,0.00,sweeping:1
wikidpr10m-rq1,anticorr_q0059_tau0.01,anticorr,9899959,sweeping,512,3,1,0.6000,0.0000,0.00129,25.602,25.602,25.602,25.602,96829.0,0.0,13862.0,7123.0,12.0,73.0,0.0,0.0,0.0,0.0,0.00,sweeping:1
wikidpr10m-rq1,anticorr_q0059_tau0.01,anticorr,9899959,pathseer,64,1,1,0.1000,0.0000,0.01159,1.422,1.422,1.422,1.422,6405.0,0.0,9479.0,329.0,2.0,2.0,64.0,62.0,5071.0,1.0,0.00,pathseer:1
wikidpr10m-rq1,anticorr_q0059_tau0.01,anticorr,9899959,pathseer,64,2,1,0.1000,0.0000,0.01159,1.407,1.407,1.407,1.407,6405.0,0.0,9479.0,329.0,2.0,2.0,64.0,62.0,5071.0,1.0,0.00,pathseer:1
wikidpr10m-rq1,anticorr_q0059_tau0.01,anticorr,9899959,pathseer,64,3,1,0.1000,0.0000,0.01159,1.287,1.287,1.287,1.287,6405.0,0.0,9479.0,329.0,2.0,2.0,64.0,62.0,5071.0,1.0,0.00,pathseer:1
wikidpr10m-rq1,anticorr_q0059_tau0.01,anticorr,9899959,pathseer,128,1,1,0.1000,0.0000,0.00890,3.093,3.093,3.093,3.093,10137.0,0.0,14309.0,536.0,3.0,3.0,128.0,124.0,7256.0,2.0,0.00,pathseer:1
wikidpr10m-rq1,anticorr_q0059_tau0.01,anticorr,9899959,pathseer,128,2,1,0.1000,0.0000,0.00890,2.673,2.673,2.673,2.673,10137.0,0.0,14309.0,536.0,3.0,3.0,128.0,124.0,7256.0,2.0,0.00,pathseer:1
wikidpr10m-rq1,anticorr_q0059_tau0.01,anticorr,9899959,pathseer,128,3,1,0.1000,0.0000,0.00890,2.383,2.383,2.383,2.383,10137.0,0.0,14309.0,536.0,3.0,3.0,128.0,124.0,7256.0,2.0,0.00,pathseer:1
wikidpr10m-rq1,anticorr_q0059_tau0.01,anticorr,9899959,pathseer,256,1,1,0.2000,0.0000,0.00453,4.472,4.472,4.472,4.472,16254.0,0.0,21747.0,920.0,4.0,4.0,192.0,186.0,10215.0,3.0,0.00,pathseer:1
wikidpr10m-rq1,anticorr_q0059_tau0.01,anticorr,9899959,pathseer,256,2,1,0.2000,0.0000,0.00453,4.654,4.654,4.654,4.654,16254.0,0.0,21747.0,920.0,4.0,4.0,192.0,186.0,10215.0,3.0,0.00,pathseer:1
wikidpr10m-rq1,anticorr_q0059_tau0.01,anticorr,9899959,pathseer,256,3,1,0.2000,0.0000,0.00453,4.475,4.475,4.475,4.475,16254.0,0.0,21747.0,920.0,4.0,4.0,192.0,186.0,10215.0,3.0,0.00,pathseer:1
wikidpr10m-rq1,anticorr_q0059_tau0.01,anticorr,9899959,pathseer,512,1,1,0.4000,0.0000,0.00237,8.401,8.401,8.401,8.401,28631.0,0.0,34911.0,1687.0,6.0,6.0,320.0,301.0,14570.0,5.0,0.00,pathseer:1
wikidpr10m-rq1,anticorr_q0059_tau0.01,anticorr,9899959,pathseer,512,2,1,0.4000,0.0000,0.00237,8.765,8.765,8.765,8.765,28631.0,0.0,34911.0,1687.0,6.0,6.0,320.0,301.0,14570.0,5.0,0.00,pathseer:1
wikidpr10m-rq1,anticorr_q0059_tau0.01,anticorr,9899959,pathseer,512,3,1,0.4000,0.0000,0.00237,9.297,9.297,9.297,9.297,28631.0,0.0,34911.0,1687.0,6.0,6.0,320.0,301.0,14570.0,5.0,0.00,pathseer:1
wikidpr10m-rq1,anticorr_q0059_tau0.01,anticorr,9899959,ours-no-twohop,64,1,1,0.1000,0.0000,0.01301,1.141,1.141,1.141,1.141,5514.0,0.0,8803.0,303.0,2.0,2.0,0.0,0.0,4877.0,0.0,0.00,pathseer:1
wikidpr10m-rq1,anticorr_q0059_tau0.01,anticorr,9899959,ours-no-twohop,64,2,1,0.1000,0.0000,0.01301,1.246,1.246,1.246,1.246,5514.0,0.0,8803.0,303.0,2.0,2.0,0.0,0.0,4877.0,0.0,0.00,pathseer:1
wikidpr10m-rq1,anticorr_q0059_tau0.01,anticorr,9899959,ours-no-twohop,64,3,1,0.1000,0.0000,0.01301,1.100,1.100,1.100,1.100,5514.0,0.0,8803.0,303.0,2.0,2.0,0.0,0.0,4877.0,0.0,0.00,pathseer:1
wikidpr10m-rq1,anticorr_q0059_tau0.01,anticorr,9899959,ours-no-twohop,128,1,1,0.1000,0.0000,0.00995,2.112,2.112,2.112,2.112,9104.0,0.0,13326.0,510.0,4.0,4.0,0.0,0.0,7048.0,0.0,0.00,pathseer:1
wikidpr10m-rq1,anticorr_q0059_tau0.01,anticorr,9899959,ours-no-twohop,128,2,1,0.1000,0.0000,0.00995,2.091,2.091,2.091,2.091,9104.0,0.0,13326.0,510.0,4.0,4.0,0.0,0.0,7048.0,0.0,0.00,pathseer:1
wikidpr10m-rq1,anticorr_q0059_tau0.01,anticorr,9899959,ours-no-twohop,128,3,1,0.1000,0.0000,0.00995,2.202,2.202,2.202,2.202,9104.0,0.0,13326.0,510.0,4.0,4.0,0.0,0.0,7048.0,0.0,0.00,pathseer:1
wikidpr10m-rq1,anticorr_q0059_tau0.01,anticorr,9899959,ours-no-twohop,256,1,1,0.2000,0.0000,0.00510,4.834,4.834,4.834,4.834,15289.0,0.0,20693.0,901.0,6.0,6.0,0.0,0.0,10057.0,0.0,0.00,pathseer:1
wikidpr10m-rq1,anticorr_q0059_tau0.01,anticorr,9899959,ours-no-twohop,256,2,1,0.2000,0.0000,0.00510,5.025,5.025,5.025,5.025,15289.0,0.0,20693.0,901.0,6.0,6.0,0.0,0.0,10057.0,0.0,0.00,pathseer:1
wikidpr10m-rq1,anticorr_q0059_tau0.01,anticorr,9899959,ours-no-twohop,256,3,1,0.2000,0.0000,0.00510,4.212,4.212,4.212,4.212,15289.0,0.0,20693.0,901.0,6.0,6.0,0.0,0.0,10057.0,0.0,0.00,pathseer:1
wikidpr10m-rq1,anticorr_q0059_tau0.01,anticorr,9899959,ours-no-twohop,512,1,1,0.5000,0.0000,0.00224,9.871,9.871,9.871,9.871,29957.0,0.0,39238.0,2274.0,12.0,73.0,0.0,0.0,17339.0,0.0,0.00,pathseer:1
wikidpr10m-rq1,anticorr_q0059_tau0.01,anticorr,9899959,ours-no-twohop,512,2,1,0.5000,0.0000,0.00224,9.463,9.463,9.463,9.463,29957.0,0.0,39238.0,2274.0,12.0,73.0,0.0,0.0,17339.0,0.0,0.00,pathseer:1
wikidpr10m-rq1,anticorr_q0059_tau0.01,anticorr,9899959,ours-no-twohop,512,3,1,0.5000,0.0000,0.00224,9.836,9.836,9.836,9.836,29957.0,0.0,39238.0,2274.0,12.0,73.0,0.0,0.0,17339.0,0.0,0.00,pathseer:1
wikidpr10m-rq1,anticorr_q0059_tau0.01,anticorr,9899959,ours-guard,64,1,1,0.0000,0.0000,0.02212,0.453,0.453,0.453,0.453,1729.0,0.0,3481.0,76.0,2.0,2.0,0.0,0.0,1427.0,0.0,0.00,pathseer:1
wikidpr10m-rq1,anticorr_q0059_tau0.01,anticorr,9899959,ours-guard,64,2,1,0.0000,0.0000,0.02212,0.437,0.437,0.437,0.437,1729.0,0.0,3481.0,76.0,2.0,2.0,0.0,0.0,1427.0,0.0,0.00,pathseer:1
wikidpr10m-rq1,anticorr_q0059_tau0.01,anticorr,9899959,ours-guard,64,3,1,0.0000,0.0000,0.02212,0.455,0.455,0.455,0.455,1729.0,0.0,3481.0,76.0,2.0,2.0,0.0,0.0,1427.0,0.0,0.00,pathseer:1
wikidpr10m-rq1,anticorr_q0059_tau0.01,anticorr,9899959,ours-guard,128,1,1,0.1000,0.0000,0.01604,0.892,0.892,0.892,0.892,3530.0,0.0,6638.0,144.0,4.0,4.0,0.0,0.0,2537.0,0.0,0.00,pathseer:1
wikidpr10m-rq1,anticorr_q0059_tau0.01,anticorr,9899959,ours-guard,128,2,1,0.1000,0.0000,0.01604,0.906,0.906,0.906,0.906,3530.0,0.0,6638.0,144.0,4.0,4.0,0.0,0.0,2537.0,0.0,0.00,pathseer:1
wikidpr10m-rq1,anticorr_q0059_tau0.01,anticorr,9899959,ours-guard,128,3,1,0.1000,0.0000,0.01604,0.817,0.817,0.817,0.817,3530.0,0.0,6638.0,144.0,4.0,4.0,0.0,0.0,2537.0,0.0,0.00,pathseer:1
wikidpr10m-rq1,anticorr_q0059_tau0.01,anticorr,9899959,ours-guard,256,1,1,0.2000,0.0000,0.01366,1.729,1.729,1.729,1.729,6238.0,0.0,11683.0,271.0,6.0,6.0,0.0,0.0,4404.0,0.0,0.00,pathseer:1
wikidpr10m-rq1,anticorr_q0059_tau0.01,anticorr,9899959,ours-guard,256,2,1,0.2000,0.0000,0.01366,2.403,2.403,2.403,2.403,6238.0,0.0,11683.0,271.0,6.0,6.0,0.0,0.0,4404.0,0.0,0.00,pathseer:1
wikidpr10m-rq1,anticorr_q0059_tau0.01,anticorr,9899959,ours-guard,256,3,1,0.2000,0.0000,0.01366,1.521,1.521,1.521,1.521,6238.0,0.0,11683.0,271.0,6.0,6.0,0.0,0.0,4404.0,0.0,0.00,pathseer:1
wikidpr10m-rq1,anticorr_q0059_tau0.01,anticorr,9899959,ours-guard,512,1,1,0.4000,0.0000,0.00287,6.707,6.707,6.707,6.707,18068.0,0.0,36708.0,1621.0,12.0,73.0,0.0,0.0,17053.0,0.0,0.00,pathseer:1
wikidpr10m-rq1,anticorr_q0059_tau0.01,anticorr,9899959,ours-guard,512,2,1,0.4000,0.0000,0.00287,7.365,7.365,7.365,7.365,18068.0,0.0,36708.0,1621.0,12.0,73.0,0.0,0.0,17053.0,0.0,0.00,pathseer:1
wikidpr10m-rq1,anticorr_q0059_tau0.01,anticorr,9899959,ours-guard,512,3,1,0.4000,0.0000,0.00287,6.634,6.634,6.634,6.634,18068.0,0.0,36708.0,1621.0,12.0,73.0,0.0,0.0,17053.0,0.0,0.00,pathseer:1
wikidpr10m-rq1,anticorr_q0059_tau0.03,anticorr,9899896,sweeping,64,1,1,0.7000,0.0000,0.00062,0.670,0.670,0.670,0.670,5069.0,0.0,721.0,192.0,2.0,2.0,0.0,0.0,0.0,0.0,0.00,sweeping:1
wikidpr10m-rq1,anticorr_q0059_tau0.03,anticorr,9899896,sweeping,64,2,1,0.7000,0.0000,0.00062,0.709,0.709,0.709,0.709,5069.0,0.0,721.0,192.0,2.0,2.0,0.0,0.0,0.0,0.0,0.00,sweeping:1
wikidpr10m-rq1,anticorr_q0059_tau0.03,anticorr,9899896,sweeping,64,3,1,0.7000,0.0000,0.00062,0.611,0.611,0.611,0.611,5069.0,0.0,721.0,192.0,2.0,2.0,0.0,0.0,0.0,0.0,0.00,sweeping:1
wikidpr10m-rq1,anticorr_q0059_tau0.03,anticorr,9899896,sweeping,128,1,1,0.9000,0.0000,0.00002,1.115,1.115,1.115,1.115,7933.0,0.0,1073.0,320.0,4.0,4.0,0.0,0.0,0.0,0.0,0.00,sweeping:1
wikidpr10m-rq1,anticorr_q0059_tau0.03,anticorr,9899896,sweeping,128,2,1,0.9000,0.0000,0.00002,1.132,1.132,1.132,1.132,7933.0,0.0,1073.0,320.0,4.0,4.0,0.0,0.0,0.0,0.0,0.00,sweeping:1
wikidpr10m-rq1,anticorr_q0059_tau0.03,anticorr,9899896,sweeping,128,3,1,0.9000,0.0000,0.00002,1.079,1.079,1.079,1.079,7933.0,0.0,1073.0,320.0,4.0,4.0,0.0,0.0,0.0,0.0,0.00,sweeping:1
wikidpr10m-rq1,anticorr_q0059_tau0.03,anticorr,9899896,sweeping,256,1,1,1.0000,1.0000,0.00000,2.331,2.331,2.331,2.331,12166.0,0.0,1707.0,549.0,6.0,6.0,0.0,0.0,0.0,0.0,0.00,sweeping:1
wikidpr10m-rq1,anticorr_q0059_tau0.03,anticorr,9899896,sweeping,256,2,1,1.0000,1.0000,0.00000,3.082,3.082,3.082,3.082,12166.0,0.0,1707.0,549.0,6.0,6.0,0.0,0.0,0.0,0.0,0.00,sweeping:1
wikidpr10m-rq1,anticorr_q0059_tau0.03,anticorr,9899896,sweeping,256,3,1,1.0000,1.0000,0.00000,2.076,2.076,2.076,2.076,12166.0,0.0,1707.0,549.0,6.0,6.0,0.0,0.0,0.0,0.0,0.00,sweeping:1
wikidpr10m-rq1,anticorr_q0059_tau0.03,anticorr,9899896,sweeping,512,1,1,1.0000,1.0000,0.00000,4.350,4.350,4.350,4.350,19842.0,0.0,2711.0,978.0,12.0,16.0,0.0,0.0,0.0,0.0,0.00,sweeping:1
wikidpr10m-rq1,anticorr_q0059_tau0.03,anticorr,9899896,sweeping,512,2,1,1.0000,1.0000,0.00000,4.574,4.574,4.574,4.574,19842.0,0.0,2711.0,978.0,12.0,16.0,0.0,0.0,0.0,0.0,0.00,sweeping:1
wikidpr10m-rq1,anticorr_q0059_tau0.03,anticorr,9899896,sweeping,512,3,1,1.0000,1.0000,0.00000,4.279,4.279,4.279,4.279,19842.0,0.0,2711.0,978.0,12.0,16.0,0.0,0.0,0.0,0.0,0.00,sweeping:1
wikidpr10m-rq1,anticorr_q0059_tau0.03,anticorr,9899896,pathseer,64,1,1,0.8000,0.0000,0.00034,0.571,0.571,0.571,0.571,3675.0,0.0,2199.0,127.0,2.0,2.0,64.0,62.0,370.0,1.0,0.00,pathseer:1
wikidpr10m-rq1,anticorr_q0059_tau0.03,anticorr,9899896,pathseer,64,2,1,0.8000,0.0000,0.00034,0.629,0.629,0.629,0.629,3675.0,0.0,2199.0,127.0,2.0,2.0,64.0,62.0,370.0,1.0,0.00,pathseer:1
wikidpr10m-rq1,anticorr_q0059_tau0.03,anticorr,9899896,pathseer,64,3,1,0.8000,0.0000,0.00034,0.545,0.545,0.545,0.545,3675.0,0.0,2199.0,127.0,2.0,2.0,64.0,62.0,370.0,1.0,0.00,pathseer:1
wikidpr10m-rq1,anticorr_q0059_tau0.03,anticorr,9899896,pathseer,128,1,1,1.0000,1.0000,0.00000,1.016,1.016,1.016,1.016,6331.0,0.0,3775.0,233.0,3.0,3.0,128.0,123.0,582.0,2.0,0.00,pathseer:1
wikidpr10m-rq1,anticorr_q0059_tau0.03,anticorr,9899896,pathseer,128,2,1,1.0000,1.0000,0.00000,0.936,0.936,0.936,0.936,6331.0,0.0,3775.0,233.0,3.0,3.0,128.0,123.0,582.0,2.0,0.00,pathseer:1
wikidpr10m-rq1,anticorr_q0059_tau0.03,anticorr,9899896,pathseer,128,3,1,1.0000,1.0000,0.00000,0.955,0.955,0.955,0.955,6331.0,0.0,3775.0,233.0,3.0,3.0,128.0,123.0,582.0,2.0,0.00,pathseer:1
wikidpr10m-rq1,anticorr_q0059_tau0.03,anticorr,9899896,pathseer,256,1,1,1.0000,1.0000,0.00000,2.528,2.528,2.528,2.528,9864.0,0.0,5871.0,419.0,4.0,4.0,192.0,185.0,792.0,3.0,0.00,pathseer:1
wikidpr10m-rq1,anticorr_q0059_tau0.03,anticorr,9899896,pathseer,256,2,1,1.0000,1.0000,0.00000,2.743,2.743,2.743,2.743,9864.0,0.0,5871.0,419.0,4.0,4.0,192.0,185.0,792.0,3.0,0.00,pathseer:1
wikidpr10m-rq1,anticorr_q0059_tau0.03,anticorr,9899896,pathseer,256,3,1,1.0000,1.0000,0.00000,1.856,1.856,1.856,1.856,9864.0,0.0,5871.0,419.0,4.0,4.0,192.0,185.0,792.0,3.0,0.00,pathseer:1
wikidpr10m-rq1,anticorr_q0059_tau0.03,anticorr,9899896,pathseer,512,1,1,1.0000,1.0000,0.00000,4.558,4.558,4.558,4.558,17294.0,0.0,9798.0,787.0,6.0,6.0,320.0,303.0,1110.0,5.0,0.00,pathseer:1
wikidpr10m-rq1,anticorr_q0059_tau0.03,anticorr,9899896,pathseer,512,2,1,1.0000,1.0000,0.00000,4.838,4.838,4.838,4.838,17294.0,0.0,9798.0,787.0,6.0,6.0,320.0,303.0,1110.0,5.0,0.00,pathseer:1
wikidpr10m-rq1,anticorr_q0059_tau0.03,anticorr,9899896,pathseer,512,3,1,1.0000,1.0000,0.00000,4.877,4.877,4.877,4.877,17294.0,0.0,9798.0,787.0,6.0,6.0,320.0,303.0,1110.0,5.0,0.00,pathseer:1
wikidpr10m-rq1,anticorr_q0059_tau0.03,anticorr,9899896,ours-no-twohop,64,1,1,0.7000,0.0000,0.00126,0.667,0.667,0.667,0.667,3408.0,0.0,2180.0,126.0,2.0,2.0,0.0,0.0,392.0,0.0,0.00,pathseer:1
wikidpr10m-rq1,anticorr_q0059_tau0.03,anticorr,9899896,ours-no-twohop,64,2,1,0.7000,0.0000,0.00126,0.685,0.685,0.685,0.685,3408.0,0.0,2180.0,126.0,2.0,2.0,0.0,0.0,392.0,0.0,0.00,pathseer:1
wikidpr10m-rq1,anticorr_q0059_tau0.03,anticorr,9899896,ours-no-twohop,64,3,1,0.7000,0.0000,0.00126,1.027,1.027,1.027,1.027,3408.0,0.0,2180.0,126.0,2.0,2.0,0.0,0.0,392.0,0.0,0.00,pathseer:1
wikidpr10m-rq1,anticorr_q0059_tau0.03,anticorr,9899896,ours-no-twohop,128,1,1,1.0000,1.0000,0.00000,1.511,1.511,1.511,1.511,5888.0,0.0,3570.0,229.0,4.0,4.0,0.0,0.0,599.0,0.0,0.00,pathseer:1
wikidpr10m-rq1,anticorr_q0059_tau0.03,anticorr,9899896,ours-no-twohop,128,2,1,1.0000,1.0000,0.00000,1.172,1.172,1.172,1.172,5888.0,0.0,3570.0,229.0,4.0,4.0,0.0,0.0,599.0,0.0,0.00,pathseer:1
wikidpr10m-rq1,anticorr_q0059_tau0.03,anticorr,9899896,ours-no-twohop,128,3,1,1.0000,1.0000,0.00000,1.073,1.073,1.073,1.073,5888.0,0.0,3570.0,229.0,4.0,4.0,0.0,0.0,599.0,0.0,0.00,pathseer:1
wikidpr10m-rq1,anticorr_q0059_tau0.03,anticorr,9899896,ours-no-twohop,256,1,1,1.0000,1.0000,0.00000,2.754,2.754,2.754,2.754,9398.0,0.0,5456.0,414.0,6.0,6.0,0.0,0.0,802.0,0.0,0.00,pathseer:1
wikidpr10m-rq1,anticorr_q0059_tau0.03,anticorr,9899896,ours-no-twohop,256,2,1,1.0000,1.0000,0.00000,2.013,2.013,2.013,2.013,9398.0,0.0,5456.0,414.0,6.0,6.0,0.0,0.0,802.0,0.0,0.00,pathseer:1
wikidpr10m-rq1,anticorr_q0059_tau0.03,anticorr,9899896,ours-no-twohop,256,3,1,1.0000,1.0000,0.00000,3.116,3.116,3.116,3.116,9398.0,0.0,5456.0,414.0,6.0,6.0,0.0,0.0,802.0,0.0,0.00,pathseer:1
wikidpr10m-rq1,anticorr_q0059_tau0.03,anticorr,9899896,ours-no-twohop,512,1,1,1.0000,1.0000,0.00000,5.047,5.047,5.047,5.047,16274.0,0.0,8780.0,798.0,12.0,16.0,0.0,0.0,1126.0,0.0,0.00,pathseer:1
wikidpr10m-rq1,anticorr_q0059_tau0.03,anticorr,9899896,ours-no-twohop,512,2,1,1.0000,1.0000,0.00000,4.776,4.776,4.776,4.776,16274.0,0.0,8780.0,798.0,12.0,16.0,0.0,0.0,1126.0,0.0,0.00,pathseer:1
wikidpr10m-rq1,anticorr_q0059_tau0.03,anticorr,9899896,ours-no-twohop,512,3,1,1.0000,1.0000,0.00000,4.563,4.563,4.563,4.563,16274.0,0.0,8780.0,798.0,12.0,16.0,0.0,0.0,1126.0,0.0,0.00,pathseer:1
wikidpr10m-rq1,anticorr_q0059_tau0.03,anticorr,9899896,ours-guard,64,1,1,0.6000,0.0000,0.00213,0.443,0.443,0.443,0.443,2110.0,0.0,3163.0,81.0,2.0,2.0,0.0,0.0,621.0,0.0,0.00,pathseer:1
wikidpr10m-rq1,anticorr_q0059_tau0.03,anticorr,9899896,ours-guard,64,2,1,0.6000,0.0000,0.00213,0.485,0.485,0.485,0.485,2110.0,0.0,3163.0,81.0,2.0,2.0,0.0,0.0,621.0,0.0,0.00,pathseer:1
wikidpr10m-rq1,anticorr_q0059_tau0.03,anticorr,9899896,ours-guard,64,3,1,0.6000,0.0000,0.00213,0.450,0.450,0.450,0.450,2110.0,0.0,3163.0,81.0,2.0,2.0,0.0,0.0,621.0,0.0,0.00,pathseer:1
wikidpr10m-rq1,anticorr_q0059_tau0.03,anticorr,9899896,ours-guard,128,1,1,1.0000,1.0000,0.00000,0.870,0.870,0.870,0.870,3584.0,0.0,5233.0,142.0,4.0,4.0,0.0,0.0,1058.0,0.0,0.00,pathseer:1
wikidpr10m-rq1,anticorr_q0059_tau0.03,anticorr,9899896,ours-guard,128,2,1,1.0000,1.0000,0.00000,0.741,0.741,0.741,0.741,3584.0,0.0,5233.0,142.0,4.0,4.0,0.0,0.0,1058.0,0.0,0.00,pathseer:1
wikidpr10m-rq1,anticorr_q0059_tau0.03,anticorr,9899896,ours-guard,128,3,1,1.0000,1.0000,0.00000,0.813,0.813,0.813,0.813,3584.0,0.0,5233.0,142.0,4.0,4.0,0.0,0.0,1058.0,0.0,0.00,pathseer:1
wikidpr10m-rq1,anticorr_q0059_tau0.03,anticorr,9899896,ours-guard,256,1,1,1.0000,1.0000,0.00000,1.760,1.760,1.760,1.760,5989.0,0.0,8573.0,266.0,6.0,6.0,0.0,0.0,1630.0,0.0,0.00,pathseer:1
wikidpr10m-rq1,anticorr_q0059_tau0.03,anticorr,9899896,ours-guard,256,2,1,1.0000,1.0000,0.00000,1.407,1.407,1.407,1.407,5989.0,0.0,8573.0,266.0,6.0,6.0,0.0,0.0,1630.0,0.0,0.00,pathseer:1
wikidpr10m-rq1,anticorr_q0059_tau0.03,anticorr,9899896,ours-guard,256,3,1,1.0000,1.0000,0.00000,1.320,1.320,1.320,1.320,5989.0,0.0,8573.0,266.0,6.0,6.0,0.0,0.0,1630.0,0.0,0.00,pathseer:1
wikidpr10m-rq1,anticorr_q0059_tau0.03,anticorr,9899896,ours-guard,512,1,1,1.0000,1.0000,0.00000,3.539,3.539,3.539,3.539,11391.0,0.0,15218.0,589.0,12.0,16.0,0.0,0.0,2557.0,0.0,0.00,pathseer:1
wikidpr10m-rq1,anticorr_q0059_tau0.03,anticorr,9899896,ours-guard,512,2,1,1.0000,1.0000,0.00000,3.299,3.299,3.299,3.299,11391.0,0.0,15218.0,589.0,12.0,16.0,0.0,0.0,2557.0,0.0,0.00,pathseer:1
wikidpr10m-rq1,anticorr_q0059_tau0.03,anticorr,9899896,ours-guard,512,3,1,1.0000,1.0000,0.00000,3.251,3.251,3.251,3.251,11391.0,0.0,15218.0,589.0,12.0,16.0,0.0,0.0,2557.0,0.0,0.00,pathseer:1
wikidpr10m-rq1,anticorr_q0064_tau0.01,anticorr,9900317,sweeping,64,1,1,0.4000,0.0000,0.00584,10.456,10.456,10.456,10.456,52970.0,0.0,4522.0,2272.0,2.0,3.0,0.0,0.0,0.0,0.0,0.00,sweeping:1
wikidpr10m-rq1,anticorr_q0064_tau0.01,anticorr,9900317,sweeping,64,2,1,0.4000,0.0000,0.00584,10.296,10.296,10.296,10.296,52970.0,0.0,4522.0,2272.0,2.0,3.0,0.0,0.0,0.0,0.0,0.00,sweeping:1
wikidpr10m-rq1,anticorr_q0064_tau0.01,anticorr,9900317,sweeping,64,3,1,0.4000,0.0000,0.00584,10.213,10.213,10.213,10.213,52970.0,0.0,4522.0,2272.0,2.0,3.0,0.0,0.0,0.0,0.0,0.00,sweeping:1
wikidpr10m-rq1,anticorr_q0064_tau0.01,anticorr,9900317,sweeping,128,1,1,0.6000,0.0000,0.00262,14.990,14.990,14.990,14.990,70987.0,0.0,6327.0,3148.0,4.0,6.0,0.0,0.0,0.0,0.0,0.00,sweeping:1
wikidpr10m-rq1,anticorr_q0064_tau0.01,anticorr,9900317,sweeping,128,2,1,0.6000,0.0000,0.00262,14.664,14.664,14.664,14.664,70987.0,0.0,6327.0,3148.0,4.0,6.0,0.0,0.0,0.0,0.0,0.00,sweeping:1
wikidpr10m-rq1,anticorr_q0064_tau0.01,anticorr,9900317,sweeping,128,3,1,0.6000,0.0000,0.00262,16.256,16.256,16.256,16.256,70987.0,0.0,6327.0,3148.0,4.0,6.0,0.0,0.0,0.0,0.0,0.00,sweeping:1
wikidpr10m-rq1,anticorr_q0064_tau0.01,anticorr,9900317,sweeping,256,1,1,0.7000,0.0000,0.00149,22.852,22.852,22.852,22.852,95591.0,0.0,9002.0,4475.0,7.0,29.0,0.0,0.0,0.0,0.0,0.00,sweeping:1
wikidpr10m-rq1,anticorr_q0064_tau0.01,anticorr,9900317,sweeping,256,2,1,0.7000,0.0000,0.00149,24.229,24.229,24.229,24.229,95591.0,0.0,9002.0,4475.0,7.0,29.0,0.0,0.0,0.0,0.0,0.00,sweeping:1
wikidpr10m-rq1,anticorr_q0064_tau0.01,anticorr,9900317,sweeping,256,3,1,0.7000,0.0000,0.00149,22.712,22.712,22.712,22.712,95591.0,0.0,9002.0,4475.0,7.0,29.0,0.0,0.0,0.0,0.0,0.00,sweeping:1
wikidpr10m-rq1,anticorr_q0064_tau0.01,anticorr,9900317,sweeping,512,1,1,0.8000,0.0000,0.00128,35.001,35.001,35.001,35.001,128789.0,0.0,12861.0,6412.0,16.0,70.0,0.0,0.0,0.0,0.0,0.00,sweeping:1
wikidpr10m-rq1,anticorr_q0064_tau0.01,anticorr,9900317,sweeping,512,2,1,0.8000,0.0000,0.00128,35.653,35.653,35.653,35.653,128789.0,0.0,12861.0,6412.0,16.0,70.0,0.0,0.0,0.0,0.0,0.00,sweeping:1
wikidpr10m-rq1,anticorr_q0064_tau0.01,anticorr,9900317,sweeping,512,3,1,0.8000,0.0000,0.00128,35.905,35.905,35.905,35.905,128789.0,0.0,12861.0,6412.0,16.0,70.0,0.0,0.0,0.0,0.0,0.00,sweeping:1
wikidpr10m-rq1,anticorr_q0064_tau0.01,anticorr,9900317,pathseer,64,1,1,0.1000,0.0000,0.01701,1.732,1.732,1.732,1.732,6144.0,0.0,8487.0,281.0,2.0,2.0,64.0,60.0,4037.0,1.0,0.00,pathseer:1
wikidpr10m-rq1,anticorr_q0064_tau0.01,anticorr,9900317,pathseer,64,2,1,0.1000,0.0000,0.01701,1.340,1.340,1.340,1.340,6144.0,0.0,8487.0,281.0,2.0,2.0,64.0,60.0,4037.0,1.0,0.00,pathseer:1
wikidpr10m-rq1,anticorr_q0064_tau0.01,anticorr,9900317,pathseer,64,3,1,0.1000,0.0000,0.01701,1.150,1.150,1.150,1.150,6144.0,0.0,8487.0,281.0,2.0,2.0,64.0,60.0,4037.0,1.0,0.00,pathseer:1
wikidpr10m-rq1,anticorr_q0064_tau0.01,anticorr,9900317,pathseer,128,1,1,0.2000,0.0000,0.00966,2.905,2.905,2.905,2.905,12028.0,0.0,15816.0,524.0,3.0,3.0,128.0,117.0,7095.0,2.0,0.00,pathseer:1
wikidpr10m-rq1,anticorr_q0064_tau0.01,anticorr,9900317,pathseer,128,2,1,0.2000,0.0000,0.00966,3.684,3.684,3.684,3.684,12028.0,0.0,15816.0,524.0,3.0,3.0,128.0,117.0,7095.0,2.0,0.00,pathseer:1
wikidpr10m-rq1,anticorr_q0064_tau0.01,anticorr,9900317,pathseer,128,3,1,0.2000,0.0000,0.00966,3.599,3.599,3.599,3.599,12028.0,0.0,15816.0,524.0,3.0,3.0,128.0,117.0,7095.0,2.0,0.00,pathseer:1
wikidpr10m-rq1,anticorr_q0064_tau0.01,anticorr,9900317,pathseer,256,1,1,0.3000,0.0000,0.00739,5.814,5.814,5.814,5.814,20691.0,0.0,24252.0,905.0,4.0,4.0,192.0,175.0,10038.0,3.0,0.00,pathseer:1
wikidpr10m-rq1,anticorr_q0064_tau0.01,anticorr,9900317,pathseer,256,2,1,0.3000,0.0000,0.00739,5.823,5.823,5.823,5.823,20691.0,0.0,24252.0,905.0,4.0,4.0,192.0,175.0,10038.0,3.0,0.00,pathseer:1
wikidpr10m-rq1,anticorr_q0064_tau0.01,anticorr,9900317,pathseer,256,3,1,0.3000,0.0000,0.00739,5.582,5.582,5.582,5.582,20691.0,0.0,24252.0,905.0,4.0,4.0,192.0,175.0,10038.0,3.0,0.00,pathseer:1
wikidpr10m-rq1,anticorr_q0064_tau0.01,anticorr,9900317,pathseer,512,1,1,0.7000,0.0000,0.00177,11.259,11.259,11.259,11.259,40024.0,0.0,43680.0,1856.0,6.0,26.0,320.0,286.0,16197.0,5.0,0.00,pathseer:1
wikidpr10m-rq1,anticorr_q0064_tau0.01,anticorr,9900317,pathseer,512,2,1,0.7000,0.0000,0.00177,10.993,10.993,10.993,10.993,40024.0,0.0,43680.0,1856.0,6.0,26.0,320.0,286.0,16197.0,5.0,0.00,pathseer:1
wikidpr10m-rq1,anticorr_q0064_tau0.01,anticorr,9900317,pathseer,512,3,1,0.7000,0.0000,0.00177,12.756,12.756,12.756,12.756,40024.0,0.0,43680.0,1856.0,6.0,26.0,320.0,286.0,16197.0,5.0,0.00,pathseer:1
wikidpr10m-rq1,anticorr_q0064_tau0.01,anticorr,9900317,ours-no-twohop,64,1,1,0.1000,0.0000,0.01576,2.312,2.312,2.312,2.312,6708.0,0.0,9186.0,292.0,2.0,3.0,0.0,0.0,4282.0,0.0,0.00,pathseer:1
wikidpr10m-rq1,anticorr_q0064_tau0.01,anticorr,9900317,ours-no-twohop,64,2,1,0.1000,0.0000,0.01576,2.286,2.286,2.286,2.286,6708.0,0.0,9186.0,292.0,2.0,3.0,0.0,0.0,4282.0,0.0,0.00,pathseer:1
wikidpr10m-rq1,anticorr_q0064_tau0.01,anticorr,9900317,ours-no-twohop,64,3,1,0.1000,0.0000,0.01576,1.461,1.461,1.461,1.461,6708.0,0.0,9186.0,292.0,2.0,3.0,0.0,0.0,4282.0,0.0,0.00,pathseer:1
wikidpr10m-rq1,anticorr_q0064_tau0.01,anticorr,9900317,ours-no-twohop,128,1,1,0.1000,0.0000,0.01301,2.935,2.935,2.935,2.935,11935.0,0.0,14542.0,499.0,4.0,6.0,0.0,0.0,6310.0,0.0,0.00,pathseer:1
wikidpr10m-rq1,anticorr_q0064_tau0.01,anticorr,9900317,ours-no-twohop,128,2,1,0.1000,0.0000,0.01301,3.093,3.093,3.093,3.093,11935.0,0.0,14542.0,499.0,4.0,6.0,0.0,0.0,6310.0,0.0,0.00,pathseer:1
wikidpr10m-rq1,anticorr_q0064_tau0.01,anticorr,9900317,ours-no-twohop,128,3,1,0.1000,0.0000,0.01301,2.839,2.839,2.839,2.839,11935.0,0.0,14542.0,499.0,4.0,6.0,0.0,0.0,6310.0,0.0,0.00,pathseer:1
wikidpr10m-rq1,anticorr_q0064_tau0.01,anticorr,9900317,ours-no-twohop,256,1,1,0.4000,0.0000,0.00373,6.265,6.265,6.265,6.265,23553.0,0.0,29162.0,1166.0,7.0,29.0,0.0,0.0,12324.0,0.0,0.00,pathseer:1
wikidpr10m-rq1,anticorr_q0064_tau0.01,anticorr,9900317,ours-no-twohop,256,2,1,0.4000,0.0000,0.00373,6.534,6.534,6.534,6.534,23553.0,0.0,29162.0,1166.0,7.0,29.0,0.0,0.0,12324.0,0.0,0.00,pathseer:1
wikidpr10m-rq1,anticorr_q0064_tau0.01,anticorr,9900317,ours-no-twohop,256,3,1,0.4000,0.0000,0.00373,7.136,7.136,7.136,7.136,23553.0,0.0,29162.0,1166.0,7.0,29.0,0.0,0.0,12324.0,0.0,0.00,pathseer:1
wikidpr10m-rq1,anticorr_q0064_tau0.01,anticorr,9900317,ours-no-twohop,512,1,1,0.7000,0.0000,0.00153,12.215,12.215,12.215,12.215,42012.0,0.0,47752.0,2207.0,16.0,70.0,0.0,0.0,17882.0,0.0,0.00,pathseer:1
wikidpr10m-rq1,anticorr_q0064_tau0.01,anticorr,9900317,ours-no-twohop,512,2,1,0.7000,0.0000,0.00153,11.990,11.990,11.990,11.990,42012.0,0.0,47752.0,2207.0,16.0,70.0,0.0,0.0,17882.0,0.0,0.00,pathseer:1
wikidpr10m-rq1,anticorr_q0064_tau0.01,anticorr,9900317,ours-no-twohop,512,3,1,0.7000,0.0000,0.00153,12.390,12.390,12.390,12.390,42012.0,0.0,47752.0,2207.0,16.0,70.0,0.0,0.0,17882.0,0.0,0.00,pathseer:1
wikidpr10m-rq1,anticorr_q0064_tau0.01,anticorr,9900317,ours-guard,64,1,1,0.0000,0.0000,0.02719,0.553,0.553,0.553,0.553,2363.0,0.0,3737.0,83.0,2.0,3.0,0.0,0.0,1170.0,0.0,0.00,pathseer:1
wikidpr10m-rq1,anticorr_q0064_tau0.01,anticorr,9900317,ours-guard,64,2,1,0.0000,0.0000,0.02719,0.550,0.550,0.550,0.550,2363.0,0.0,3737.0,83.0,2.0,3.0,0.0,0.0,1170.0,0.0,0.00,pathseer:1
wikidpr10m-rq1,anticorr_q0064_tau0.01,anticorr,9900317,ours-guard,64,3,1,0.0000,0.0000,0.02719,0.471,0.471,0.471,0.471,2363.0,0.0,3737.0,83.0,2.0,3.0,0.0,0.0,1170.0,0.0,0.00,pathseer:1
wikidpr10m-rq1,anticorr_q0064_tau0.01,anticorr,9900317,ours-guard,128,1,1,0.1000,0.0000,0.01669,1.186,1.186,1.186,1.186,5251.0,0.0,8364.0,186.0,4.0,6.0,0.0,0.0,2704.0,0.0,0.00,pathseer:1
wikidpr10m-rq1,anticorr_q0064_tau0.01,anticorr,9900317,ours-guard,128,2,1,0.1000,0.0000,0.01669,1.131,1.131,1.131,1.131,5251.0,0.0,8364.0,186.0,4.0,6.0,0.0,0.0,2704.0,0.0,0.00,pathseer:1
wikidpr10m-rq1,anticorr_q0064_tau0.01,anticorr,9900317,ours-guard,128,3,1,0.1000,0.0000,0.01669,1.055,1.055,1.055,1.055,5251.0,0.0,8364.0,186.0,4.0,6.0,0.0,0.0,2704.0,0.0,0.00,pathseer:1
wikidpr10m-rq1,anticorr_q0064_tau0.01,anticorr,9900317,ours-guard,256,1,1,0.3000,0.0000,0.00757,4.911,4.911,4.911,4.911,13481.0,0.0,24802.0,759.0,7.0,29.0,0.0,0.0,10540.0,0.0,0.00,pathseer:1
wikidpr10m-rq1,anticorr_q0064_tau0.01,anticorr,9900317,ours-guard,256,2,1,0.3000,0.0000,0.00757,5.152,5.152,5.152,5.152,13481.0,0.0,24802.0,759.0,7.0,29.0,0.0,0.0,10540.0,0.0,0.00,pathseer:1
wikidpr10m-rq1,anticorr_q0064_tau0.01,anticorr,9900317,ours-guard,256,3,1,0.3000,0.0000,0.00757,4.368,4.368,4.368,4.368,13481.0,0.0,24802.0,759.0,7.0,29.0,0.0,0.0,10540.0,0.0,0.00,pathseer:1
wikidpr10m-rq1,anticorr_q0064_tau0.01,anticorr,9900317,ours-guard,512,1,1,0.6000,0.0000,0.00332,9.402,9.402,9.402,9.402,26918.0,0.0,45994.0,1611.0,16.0,70.0,0.0,0.0,17622.0,0.0,0.00,pathseer:1
wikidpr10m-rq1,anticorr_q0064_tau0.01,anticorr,9900317,ours-guard,512,2,1,0.6000,0.0000,0.00332,8.578,8.578,8.578,8.578,26918.0,0.0,45994.0,1611.0,16.0,70.0,0.0,0.0,17622.0,0.0,0.00,pathseer:1
wikidpr10m-rq1,anticorr_q0064_tau0.01,anticorr,9900317,ours-guard,512,3,1,0.6000,0.0000,0.00332,8.571,8.571,8.571,8.571,26918.0,0.0,45994.0,1611.0,16.0,70.0,0.0,0.0,17622.0,0.0,0.00,pathseer:1
wikidpr10m-rq1,anticorr_q0064_tau0.03,anticorr,9899835,sweeping,64,1,1,0.8000,0.0000,0.00153,0.609,0.609,0.609,0.609,4084.0,0.0,531.0,136.0,2.0,3.0,0.0,0.0,0.0,0.0,0.00,sweeping:1
wikidpr10m-rq1,anticorr_q0064_tau0.03,anticorr,9899835,sweeping,64,2,1,0.8000,0.0000,0.00153,0.531,0.531,0.531,0.531,4084.0,0.0,531.0,136.0,2.0,3.0,0.0,0.0,0.0,0.0,0.00,sweeping:1
wikidpr10m-rq1,anticorr_q0064_tau0.03,anticorr,9899835,sweeping,64,3,1,0.8000,0.0000,0.00153,0.559,0.559,0.559,0.559,4084.0,0.0,531.0,136.0,2.0,3.0,0.0,0.0,0.0,0.0,0.00,sweeping:1
wikidpr10m-rq1,anticorr_q0064_tau0.03,anticorr,9899835,sweeping,128,1,1,0.9000,0.0000,0.00018,1.164,1.164,1.164,1.164,7480.0,0.0,812.0,259.0,4.0,4.0,0.0,0.0,0.0,0.0,0.00,sweeping:1
wikidpr10m-rq1,anticorr_q0064_tau0.03,anticorr,9899835,sweeping,128,2,1,0.9000,0.0000,0.00018,0.973,0.973,0.973,0.973,7480.0,0.0,812.0,259.0,4.0,4.0,0.0,0.0,0.0,0.0,0.00,sweeping:1
wikidpr10m-rq1,anticorr_q0064_tau0.03,anticorr,9899835,sweeping,128,3,1,0.9000,0.0000,0.00018,0.899,0.899,0.899,0.899,7480.0,0.0,812.0,259.0,4.0,4.0,0.0,0.0,0.0,0.0,0.00,sweeping:1
wikidpr10m-rq1,anticorr_q0064_tau0.03,anticorr,9899835,sweeping,256,1,1,0.9000,0.0000,0.00018,2.677,2.677,2.677,2.677,13041.0,0.0,1367.0,476.0,7.0,8.0,0.0,0.0,0.0,0.0,0.00,sweeping:1
wikidpr10m-rq1,anticorr_q0064_tau0.03,anticorr,9899835,sweeping,256,2,1,0.9000,0.0000,0.00018,2.334,2.334,2.334,2.334,13041.0,0.0,1367.0,476.0,7.0,8.0,0.0,0.0,0.0,0.0,0.00,sweeping:1
wikidpr10m-rq1,anticorr_q0064_tau0.03,anticorr,9899835,sweeping,256,3,1,0.9000,0.0000,0.00018,3.234,3.234,3.234,3.234,13041.0,0.0,1367.0,476.0,7.0,8.0,0.0,0.0,0.0,0.0,0.00,sweeping:1
wikidpr10m-rq1,anticorr_q0064_tau0.03,anticorr,9899835,sweeping,512,1,1,0.9000,0.0000,0.00018,4.939,4.939,4.939,4.939,23432.0,0.0,2404.0,892.0,16.0,20.0,0.0,0.0,0.0,0.0,0.00,sweeping:1
wikidpr10m-rq1,anticorr_q0064_tau0.03,anticorr,9899835,sweeping,512,2,1,0.9000,0.0000,0.00018,4.849,4.849,4.849,4.849,23432.0,0.0,2404.0,892.0,16.0,20.0,0.0,0.0,0.0,0.0,0.00,sweeping:1
wikidpr10m-rq1,anticorr_q0064_tau0.03,anticorr,9899835,sweeping,512,3,1,0.9000,0.0000,0.00018,5.033,5.033,5.033,5.033,23432.0,0.0,2404.0,892.0,16.0,20.0,0.0,0.0,0.0,0.0,0.00,sweeping:1
wikidpr10m-rq1,anticorr_q0064_tau0.03,anticorr,9899835,pathseer,64,1,1,0.9000,0.0000,0.00020,0.471,0.471,0.471,0.471,3152.0,0.0,1807.0,107.0,2.0,2.0,64.0,61.0,296.0,1.0,0.00,pathseer:1
wikidpr10m-rq1,anticorr_q0064_tau0.03,anticorr,9899835,pathseer,64,2,1,0.9000,0.0000,0.00020,0.451,0.451,0.451,0.451,3152.0,0.0,1807.0,107.0,2.0,2.0,64.0,61.0,296.0,1.0,0.00,pathseer:1
wikidpr10m-rq1,anticorr_q0064_tau0.03,anticorr,9899835,pathseer,64,3,1,0.9000,0.0000,0.00020,0.445,0.445,0.445,0.445,3152.0,0.0,1807.0,107.0,2.0,2.0,64.0,61.0,296.0,1.0,0.00,pathseer:1
wikidpr10m-rq1,anticorr_q0064_tau0.03,anticorr,9899835,pathseer,128,1,1,0.9000,0.0000,0.00018,0.945,0.945,0.945,0.945,5977.0,0.0,3353.0,211.0,3.0,3.0,128.0,121.0,465.0,2.0,0.00,pathseer:1
wikidpr10m-rq1,anticorr_q0064_tau0.03,anticorr,9899835,pathseer,128,2,1,0.9000,0.0000,0.00018,0.889,0.889,0.889,0.889,5977.0,0.0,3353.0,211.0,3.0,3.0,128.0,121.0,465.0,2.0,0.00,pathseer:1
wikidpr10m-rq1,anticorr_q0064_tau0.03,anticorr,9899835,pathseer,128,3,1,0.9000,0.0000,0.00018,0.868,0.868,0.868,0.868,5977.0,0.0,3353.0,211.0,3.0,3.0,128.0,121.0,465.0,2.0,0.00,pathseer:1
wikidpr10m-rq1,anticorr_q0064_tau0.03,anticorr,9899835,pathseer,256,1,1,0.9000,0.0000,0.00018,2.078,2.078,2.078,2.078,10945.0,0.0,5515.0,393.0,4.0,4.0,192.0,182.0,663.0,3.0,0.00,pathseer:1
wikidpr10m-rq1,anticorr_q0064_tau0.03,anticorr,9899835,pathseer,256,2,1,0.9000,0.0000,0.00018,2.006,2.006,2.006,2.006,10945.0,0.0,5515.0,393.0,4.0,4.0,192.0,182.0,663.0,3.0,0.00,pathseer:1
wikidpr10m-rq1,anticorr_q0064_tau0.03,anticorr,9899835,pathseer,256,3,1,0.9000,0.0000,0.00018,2.029,2.029,2.029,2.029,10945.0,0.0,5515.0,393.0,4.0,4.0,192.0,182.0,663.0,3.0,0.00,pathseer:1
wikidpr10m-rq1,anticorr_q0064_tau0.03,anticorr,9899835,pathseer,512,1,1,0.9000,0.0000,0.00018,4.757,4.757,4.757,4.757,20310.0,0.0,9467.0,757.0,6.0,7.0,320.0,301.0,955.0,5.0,0.00,pathseer:1
wikidpr10m-rq1,anticorr_q0064_tau0.03,anticorr,9899835,pathseer,512,2,1,0.9000,0.0000,0.00018,4.840,4.840,4.840,4.840,20310.0,0.0,9467.0,757.0,6.0,7.0,320.0,301.0,955.0,5.0,0.00,pathseer:1
wikidpr10m-rq1,anticorr_q0064_tau0.03,anticorr,9899835,pathseer,512,3,1,0.9000,0.0000,0.00018,4.547,4.547,4.547,4.547,20310.0,0.0,9467.0,757.0,6.0,7.0,320.0,301.0,955.0,5.0,0.00,pathseer:1
wikidpr10m-rq1,anticorr_q0064_tau0.03,anticorr,9899835,ours-no-twohop,64,1,1,0.9000,0.0000,0.00020,0.488,0.488,0.488,0.488,3091.0,0.0,1712.0,107.0,2.0,3.0,0.0,0.0,296.0,0.0,0.00,pathseer:1
wikidpr10m-rq1,anticorr_q0064_tau0.03,anticorr,9899835,ours-no-twohop,64,2,1,0.9000,0.0000,0.00020,0.482,0.482,0.482,0.482,3091.0,0.0,1712.0,107.0,2.0,3.0,0.0,0.0,296.0,0.0,0.00,pathseer:1
wikidpr10m-rq1,anticorr_q0064_tau0.03,anticorr,9899835,ours-no-twohop,64,3,1,0.9000,0.0000,0.00020,0.449,0.449,0.449,0.449,3091.0,0.0,1712.0,107.0,2.0,3.0,0.0,0.0,296.0,0.0,0.00,pathseer:1
wikidpr10m-rq1,anticorr_q0064_tau0.03,anticorr,9899835,ours-no-twohop,128,1,1,0.9000,0.0000,0.00018,0.839,0.839,0.839,0.839,5868.0,0.0,3086.0,211.0,4.0,4.0,0.0,0.0,453.0,0.0,0.00,pathseer:1
wikidpr10m-rq1,anticorr_q0064_tau0.03,anticorr,9899835,ours-no-twohop,128,2,1,0.9000,0.0000,0.00018,0.906,0.906,0.906,0.906,5868.0,0.0,3086.0,211.0,4.0,4.0,0.0,0.0,453.0,0.0,0.00,pathseer:1
wikidpr10m-rq1,anticorr_q0064_tau0.03,anticorr,9899835,ours-no-twohop,128,3,1,0.9000,0.0000,0.00018,0.833,0.833,0.833,0.833,5868.0,0.0,3086.0,211.0,4.0,4.0,0.0,0.0,453.0,0.0,0.00,pathseer:1
wikidpr10m-rq1,anticorr_q0064_tau0.03,anticorr,9899835,ours-no-twohop,256,1,1,0.9000,0.0000,0.00018,2.737,2.737,2.737,2.737,10791.0,0.0,5043.0,396.0,7.0,8.0,0.0,0.0,632.0,0.0,0.00,pathseer:1
wikidpr10m-rq1,anticorr_q0064_tau0.03,anticorr,9899835,ours-no-twohop,256,2,1,0.9000,0.0000,0.00018,2.436,2.436,2.436,2.436,10791.0,0.0,5043.0,396.0,7.0,8.0,0.0,0.0,632.0,0.0,0.00,pathseer:1
wikidpr10m-rq1,anticorr_q0064_tau0.03,anticorr,9899835,ours-no-twohop,256,3,1,0.9000,0.0000,0.00018,2.003,2.003,2.003,2.003,10791.0,0.0,5043.0,396.0,7.0,8.0,0.0,0.0,632.0,0.0,0.00,pathseer:1
wikidpr10m-rq1,anticorr_q0064_tau0.03,anticorr,9899835,ours-no-twohop,512,1,1,0.9000,0.0000,0.00018,4.568,4.568,4.568,4.568,20176.0,0.0,9075.0,776.0,16.0,20.0,0.0,0.0,989.0,0.0,0.00,pathseer:1
wikidpr10m-rq1,anticorr_q0064_tau0.03,anticorr,9899835,ours-no-twohop,512,2,1,0.9000,0.0000,0.00018,4.567,4.567,4.567,4.567,20176.0,0.0,9075.0,776.0,16.0,20.0,0.0,0.0,989.0,0.0,0.00,pathseer:1
wikidpr10m-rq1,anticorr_q0064_tau0.03,anticorr,9899835,ours-no-twohop,512,3,1,0.9000,0.0000,0.00018,4.427,4.427,4.427,4.427,20176.0,0.0,9075.0,776.0,16.0,20.0,0.0,0.0,989.0,0.0,0.00,pathseer:1
wikidpr10m-rq1,anticorr_q0064_tau0.03,anticorr,9899835,ours-guard,64,1,1,0.8000,0.0000,0.00052,0.401,0.401,0.401,0.401,1935.0,0.0,2773.0,70.0,2.0,3.0,0.0,0.0,581.0,0.0,0.00,pathseer:1
wikidpr10m-rq1,anticorr_q0064_tau0.03,anticorr,9899835,ours-guard,64,2,1,0.8000,0.0000,0.00052,0.646,0.646,0.646,0.646,1935.0,0.0,2773.0,70.0,2.0,3.0,0.0,0.0,581.0,0.0,0.00,pathseer:1
wikidpr10m-rq1,anticorr_q0064_tau0.03,anticorr,9899835,ours-guard,64,3,1,0.8000,0.0000,0.00052,0.391,0.391,0.391,0.391,1935.0,0.0,2773.0,70.0,2.0,3.0,0.0,0.0,581.0,0.0,0.00,pathseer:1
wikidpr10m-rq1,anticorr_q0064_tau0.03,anticorr,9899835,ours-guard,128,1,1,0.9000,0.0000,0.00018,0.751,0.751,0.751,0.751,3733.0,0.0,5151.0,136.0,4.0,4.0,0.0,0.0,953.0,0.0,0.00,pathseer:1
wikidpr10m-rq1,anticorr_q0064_tau0.03,anticorr,9899835,ours-guard,128,2,1,0.9000,0.0000,0.00018,0.707,0.707,0.707,0.707,3733.0,0.0,5151.0,136.0,4.0,4.0,0.0,0.0,953.0,0.0,0.00,pathseer:1
wikidpr10m-rq1,anticorr_q0064_tau0.03,anticorr,9899835,ours-guard,128,3,1,0.9000,0.0000,0.00018,0.691,0.691,0.691,0.691,3733.0,0.0,5151.0,136.0,4.0,4.0,0.0,0.0,953.0,0.0,0.00,pathseer:1
wikidpr10m-rq1,anticorr_q0064_tau0.03,anticorr,9899835,ours-guard,256,1,1,0.9000,0.0000,0.00018,1.611,1.611,1.611,1.611,7348.0,0.0,9564.0,271.0,7.0,8.0,0.0,0.0,1595.0,0.0,0.00,pathseer:1
wikidpr10m-rq1,anticorr_q0064_tau0.03,anticorr,9899835,ours-guard,256,2,1,0.9000,0.0000,0.00018,1.760,1.760,1.760,1.760,7348.0,0.0,9564.0,271.0,7.0,8.0,0.0,0.0,1595.0,0.0,0.00,pathseer:1
wikidpr10m-rq1,anticorr_q0064_tau0.03,anticorr,9899835,ours-guard,256,3,1,0.9000,0.0000,0.00018,1.591,1.591,1.591,1.591,7348.0,0.0,9564.0,271.0,7.0,8.0,0.0,0.0,1595.0,0.0,0.00,pathseer:1
wikidpr10m-rq1,anticorr_q0064_tau0.03,anticorr,9899835,ours-guard,512,1,1,0.9000,0.0000,0.00018,3.962,3.962,3.962,3.962,15017.0,0.0,18667.0,599.0,16.0,20.0,0.0,0.0,2596.0,0.0,0.00,pathseer:1
wikidpr10m-rq1,anticorr_q0064_tau0.03,anticorr,9899835,ours-guard,512,2,1,0.9000,0.0000,0.00018,3.862,3.862,3.862,3.862,15017.0,0.0,18667.0,599.0,16.0,20.0,0.0,0.0,2596.0,0.0,0.00,pathseer:1
wikidpr10m-rq1,anticorr_q0064_tau0.03,anticorr,9899835,ours-guard,512,3,1,0.9000,0.0000,0.00018,3.964,3.964,3.964,3.964,15017.0,0.0,18667.0,599.0,16.0,20.0,0.0,0.0,2596.0,0.0,0.00,pathseer:1
wikidpr10m-rq1,anticorr_q0073_tau0.01,anticorr,9899943,sweeping,64,1,1,0.4000,0.0000,0.00420,11.422,11.422,11.422,11.422,49919.0,0.0,5427.0,3155.0,4.0,4.0,0.0,0.0,0.0,0.0,0.00,sweeping:1
wikidpr10m-rq1,anticorr_q0073_tau0.01,anticorr,9899943,sweeping,64,2,1,0.4000,0.0000,0.00420,10.410,10.410,10.410,10.410,49919.0,0.0,5427.0,3155.0,4.0,4.0,0.0,0.0,0.0,0.0,0.00,sweeping:1
wikidpr10m-rq1,anticorr_q0073_tau0.01,anticorr,9899943,sweeping,64,3,1,0.4000,0.0000,0.00420,10.436,10.436,10.436,10.436,49919.0,0.0,5427.0,3155.0,4.0,4.0,0.0,0.0,0.0,0.0,0.00,sweeping:1
wikidpr10m-rq1,anticorr_q0073_tau0.01,anticorr,9899943,sweeping,128,1,1,0.4000,0.0000,0.00420,13.725,13.725,13.725,13.725,61829.0,0.0,7557.0,4102.0,5.0,5.0,0.0,0.0,0.0,0.0,0.00,sweeping:1
wikidpr10m-rq1,anticorr_q0073_tau0.01,anticorr,9899943,sweeping,128,2,1,0.4000,0.0000,0.00420,14.228,14.228,14.228,14.228,61829.0,0.0,7557.0,4102.0,5.0,5.0,0.0,0.0,0.0,0.0,0.00,sweeping:1
wikidpr10m-rq1,anticorr_q0073_tau0.01,anticorr,9899943,sweeping,128,3,1,0.4000,0.0000,0.00420,13.554,13.554,13.554,13.554,61829.0,0.0,7557.0,4102.0,5.0,5.0,0.0,0.0,0.0,0.0,0.00,sweeping:1
wikidpr10m-rq1,anticorr_q0073_tau0.01,anticorr,9899943,sweeping,256,1,1,0.4000,0.0000,0.00360,20.962,20.962,20.962,20.962,80953.0,0.0,10444.0,5558.0,7.0,7.0,0.0,0.0,0.0,0.0,0.00,sweeping:1
wikidpr10m-rq1,anticorr_q0073_tau0.01,anticorr,9899943,sweeping,256,2,1,0.4000,0.0000,0.00360,19.640,19.640,19.640,19.640,80953.0,0.0,10444.0,5558.0,7.0,7.0,0.0,0.0,0.0,0.0,0.00,sweeping:1
wikidpr10m-rq1,anticorr_q0073_tau0.01,anticorr,9899943,sweeping,256,3,1,0.4000,0.0000,0.00360,19.100,19.100,19.100,19.100,80953.0,0.0,10444.0,5558.0,7.0,7.0,0.0,0.0,0.0,0.0,0.00,sweeping:1
wikidpr10m-rq1,anticorr_q0073_tau0.01,anticorr,9899943,sweeping,512,1,1,0.6000,0.0000,0.00223,30.732,30.732,30.732,30.732,106162.0,0.0,14376.0,7684.0,12.0,12.0,0.0,0.0,0.0,0.0,0.00,sweeping:1
wikidpr10m-rq1,anticorr_q0073_tau0.01,anticorr,9899943,sweeping,512,2,1,0.6000,0.0000,0.00223,29.182,29.182,29.182,29.182,106162.0,0.0,14376.0,7684.0,12.0,12.0,0.0,0.0,0.0,0.0,0.00,sweeping:1
wikidpr10m-rq1,anticorr_q0073_tau0.01,anticorr,9899943,sweeping,512,3,1,0.6000,0.0000,0.00223,28.589,28.589,28.589,28.589,106162.0,0.0,14376.0,7684.0,12.0,12.0,0.0,0.0,0.0,0.0,0.00,sweeping:1
wikidpr10m-rq1,anticorr_q0073_tau0.01,anticorr,9899943,pathseer,64,1,1,0.2000,0.0000,0.00959,1.354,1.354,1.354,1.354,6584.0,0.0,9879.0,359.0,2.0,2.0,64.0,63.0,5343.0,1.0,0.00,pathseer:1
wikidpr10m-rq1,anticorr_q0073_tau0.01,anticorr,9899943,pathseer,64,2,1,0.2000,0.0000,0.00959,1.450,1.450,1.450,1.450,6584.0,0.0,9879.0,359.0,2.0,2.0,64.0,63.0,5343.0,1.0,0.00,pathseer:1
wikidpr10m-rq1,anticorr_q0073_tau0.01,anticorr,9899943,pathseer,64,3,1,0.2000,0.0000,0.00959,1.624,1.624,1.624,1.624,6584.0,0.0,9879.0,359.0,2.0,2.0,64.0,63.0,5343.0,1.0,0.00,pathseer:1
wikidpr10m-rq1,anticorr_q0073_tau0.01,anticorr,9899943,pathseer,128,1,1,0.2000,0.0000,0.00781,2.831,2.831,2.831,2.831,10751.0,0.0,15278.0,593.0,3.0,3.0,128.0,126.0,7651.0,2.0,0.00,pathseer:1
wikidpr10m-rq1,anticorr_q0073_tau0.01,anticorr,9899943,pathseer,128,2,1,0.2000,0.0000,0.00781,2.700,2.700,2.700,2.700,10751.0,0.0,15278.0,593.0,3.0,3.0,128.0,126.0,7651.0,2.0,0.00,pathseer:1
wikidpr10m-rq1,anticorr_q0073_tau0.01,anticorr,9899943,pathseer,128,3,1,0.2000,0.0000,0.00781,2.644,2.644,2.644,2.644,10751.0,0.0,15278.0,593.0,3.0,3.0,128.0,126.0,7651.0,2.0,0.00,pathseer:1
wikidpr10m-rq1,anticorr_q0073_tau0.01,anticorr,9899943,pathseer,256,1,1,0.4000,0.0000,0.00519,5.425,5.425,5.425,5.425,18298.0,0.0,23954.0,1045.0,4.0,4.0,192.0,187.0,10925.0,3.0,0.00,pathseer:1
wikidpr10m-rq1,anticorr_q0073_tau0.01,anticorr,9899943,pathseer,256,2,1,0.4000,0.0000,0.00519,5.325,5.325,5.325,5.325,18298.0,0.0,23954.0,1045.0,4.0,4.0,192.0,187.0,10925.0,3.0,0.00,pathseer:1
wikidpr10m-rq1,anticorr_q0073_tau0.01,anticorr,9899943,pathseer,256,3,1,0.4000,0.0000,0.00519,5.091,5.091,5.091,5.091,18298.0,0.0,23954.0,1045.0,4.0,4.0,192.0,187.0,10925.0,3.0,0.00,pathseer:1
wikidpr10m-rq1,anticorr_q0073_tau0.01,anticorr,9899943,pathseer,512,1,1,0.4000,0.0000,0.00429,8.692,8.692,8.692,8.692,30788.0,0.0,36327.0,1789.0,6.0,6.0,320.0,311.0,14584.0,5.0,0.00,pathseer:1
wikidpr10m-rq1,anticorr_q0073_tau0.01,anticorr,9899943,pathseer,512,2,1,0.4000,0.0000,0.00429,8.629,8.629,8.629,8.629,30788.0,0.0,36327.0,1789.0,6.0,6.0,320.0,311.0,14584.0,5.0,0.00,pathseer:1
wikidpr10m-rq1,anticorr_q0073_tau0.01,anticorr,9899943,pathseer,512,3,1,0.4000,0.0000,0.00429,8.655,8.655,8.655,8.655,30788.0,0.0,36327.0,1789.0,6.0,6.0,320.0,311.0,14584.0,5.0,0.00,pathseer:1
wikidpr10m-rq1,anticorr_q0073_tau0.01,anticorr,9899943,ours-no-twohop,64,1,1,0.2000,0.0000,0.00959,1.342,1.342,1.342,1.342,6527.0,0.0,9798.0,359.0,4.0,4.0,0.0,0.0,5343.0,0.0,0.00,pathseer:1
wikidpr10m-rq1,anticorr_q0073_tau0.01,anticorr,9899943,ours-no-twohop,64,2,1,0.2000,0.0000,0.00959,1.291,1.291,1.291,1.291,6527.0,0.0,9798.0,359.0,4.0,4.0,0.0,0.0,5343.0,0.0,0.00,pathseer:1
wikidpr10m-rq1,anticorr_q0073_tau0.01,anticorr,9899943,ours-no-twohop,64,3,1,0.2000,0.0000,0.00959,1.238,1.238,1.238,1.238,6527.0,0.0,9798.0,359.0,4.0,4.0,0.0,0.0,5343.0,0.0,0.00,pathseer:1
wikidpr10m-rq1,anticorr_q0073_tau0.01,anticorr,9899943,ours-no-twohop,128,1,1,0.2000,0.0000,0.00781,2.557,2.557,2.557,2.557,10631.0,0.0,15122.0,593.0,5.0,5.0,0.0,0.0,7651.0,0.0,0.00,pathseer:1
wikidpr10m-rq1,anticorr_q0073_tau0.01,anticorr,9899943,ours-no-twohop,128,2,1,0.2000,0.0000,0.00781,2.546,2.546,2.546,2.546,10631.0,0.0,15122.0,593.0,5.0,5.0,0.0,0.0,7651.0,0.0,0.00,pathseer:1
wikidpr10m-rq1,anticorr_q0073_tau0.01,anticorr,9899943,ours-no-twohop,128,3,1,0.2000,0.0000,0.00781,2.591,2.591,2.591,2.591,10631.0,0.0,15122.0,593.0,5.0,5.0,0.0,0.0,7651.0,0.0,0.00,pathseer:1
wikidpr10m-rq1,anticorr_q0073_tau0.01,anticorr,9899943,ours-no-twohop,256,1,1,0.4000,0.0000,0.00519,5.837,5.837,5.837,5.837,18119.0,0.0,23655.0,1045.0,7.0,7.0,0.0,0.0,10925.0,0.0,0.00,pathseer:1
wikidpr10m-rq1,anticorr_q0073_tau0.01,anticorr,9899943,ours-no-twohop,256,2,1,0.4000,0.0000,0.00519,5.686,5.686,5.686,5.686,18119.0,0.0,23655.0,1045.0,7.0,7.0,0.0,0.0,10925.0,0.0,0.00,pathseer:1
wikidpr10m-rq1,anticorr_q0073_tau0.01,anticorr,9899943,ours-no-twohop,256,3,1,0.4000,0.0000,0.00519,5.234,5.234,5.234,5.234,18119.0,0.0,23655.0,1045.0,7.0,7.0,0.0,0.0,10925.0,0.0,0.00,pathseer:1
wikidpr10m-rq1,anticorr_q0073_tau0.01,anticorr,9899943,ours-no-twohop,512,1,1,0.4000,0.0000,0.00429,8.621,8.621,8.621,8.621,30485.0,0.0,35794.0,1789.0,12.0,12.0,0.0,0.0,14584.0,0.0,0.00,pathseer:1
wikidpr10m-rq1,anticorr_q0073_tau0.01,anticorr,9899943,ours-no-twohop,512,2,1,0.4000,0.0000,0.00429,9.432,9.432,9.432,9.432,30485.0,0.0,35794.0,1789.0,12.0,12.0,0.0,0.0,14584.0,0.0,0.00,pathseer:1
wikidpr10m-rq1,anticorr_q0073_tau0.01,anticorr,9899943,ours-no-twohop,512,3,1,0.4000,0.0000,0.00429,9.088,9.088,9.088,9.088,30485.0,0.0,35794.0,1789.0,12.0,12.0,0.0,0.0,14584.0,0.0,0.00,pathseer:1
wikidpr10m-rq1,anticorr_q0073_tau0.01,anticorr,9899943,ours-guard,64,1,1,0.0000,0.0000,0.02544,0.654,0.654,0.654,0.654,3317.0,0.0,4927.0,108.0,4.0,4.0,0.0,0.0,1243.0,0.0,0.00,pathseer:1
wikidpr10m-rq1,anticorr_q0073_tau0.01,anticorr,9899943,ours-guard,64,2,1,0.0000,0.0000,0.02544,0.641,0.641,0.641,0.641,3317.0,0.0,4927.0,108.0,4.0,4.0,0.0,0.0,1243.0,0.0,0.00,pathseer:1
wikidpr10m-rq1,anticorr_q0073_tau0.01,anticorr,9899943,ours-guard,64,3,1,0.0000,0.0000,0.02544,0.684,0.684,0.684,0.684,3317.0,0.0,4927.0,108.0,4.0,4.0,0.0,0.0,1243.0,0.0,0.00,pathseer:1
wikidpr10m-rq1,anticorr_q0073_tau0.01,anticorr,9899943,ours-guard,128,1,1,0.0000,0.0000,0.02044,1.091,1.091,1.091,1.091,5034.0,0.0,8496.0,184.0,5.0,5.0,0.0,0.0,2723.0,0.0,0.00,pathseer:1
wikidpr10m-rq1,anticorr_q0073_tau0.01,anticorr,9899943,ours-guard,128,2,1,0.0000,0.0000,0.02044,1.006,1.006,1.006,1.006,5034.0,0.0,8496.0,184.0,5.0,5.0,0.0,0.0,2723.0,0.0,0.00,pathseer:1
wikidpr10m-rq1,anticorr_q0073_tau0.01,anticorr,9899943,ours-guard,128,3,1,0.0000,0.0000,0.02044,1.070,1.070,1.070,1.070,5034.0,0.0,8496.0,184.0,5.0,5.0,0.0,0.0,2723.0,0.0,0.00,pathseer:1
wikidpr10m-rq1,anticorr_q0073_tau0.01,anticorr,9899943,ours-guard,256,1,1,0.0000,0.0000,0.01654,2.087,2.087,2.087,2.087,7389.0,0.0,12920.0,286.0,7.0,7.0,0.0,0.0,4238.0,0.0,0.00,pathseer:1
wikidpr10m-rq1,anticorr_q0073_tau0.01,anticorr,9899943,ours-guard,256,2,1,0.0000,0.0000,0.01654,2.327,2.327,2.327,2.327,7389.0,0.0,12920.0,286.0,7.0,7.0,0.0,0.0,4238.0,0.0,0.00,pathseer:1
wikidpr10m-rq1,anticorr_q0073_tau0.01,anticorr,9899943,ours-guard,256,3,1,0.0000,0.0000,0.01654,2.442,2.442,2.442,2.442,7389.0,0.0,12920.0,286.0,7.0,7.0,0.0,0.0,4238.0,0.0,0.00,pathseer:1
wikidpr10m-rq1,anticorr_q0073_tau0.01,anticorr,9899943,ours-guard,512,1,1,0.1000,0.0000,0.00969,4.662,4.662,4.662,4.662,13096.0,0.0,22501.0,538.0,12.0,12.0,0.0,0.0,7207.0,0.0,0.00,pathseer:1
wikidpr10m-rq1,anticorr_q0073_tau0.01,anticorr,9899943,ours-guard,512,2,1,0.1000,0.0000,0.00969,4.220,4.220,4.220,4.220,13096.0,0.0,22501.0,538.0,12.0,12.0,0.0,0.0,7207.0,0.0,0.00,pathseer:1
wikidpr10m-rq1,anticorr_q0073_tau0.01,anticorr,9899943,ours-guard,512,3,1,0.1000,0.0000,0.00969,4.371,4.371,4.371,4.371,13096.0,0.0,22501.0,538.0,12.0,12.0,0.0,0.0,7207.0,0.0,0.00,pathseer:1
wikidpr10m-rq1,anticorr_q0073_tau0.03,anticorr,9899919,sweeping,64,1,1,0.9000,0.0000,0.00015,0.977,0.977,0.977,0.977,6341.0,0.0,832.0,247.0,4.0,4.0,0.0,0.0,0.0,0.0,0.00,sweeping:1
wikidpr10m-rq1,anticorr_q0073_tau0.03,anticorr,9899919,sweeping,64,2,1,0.9000,0.0000,0.00015,0.883,0.883,0.883,0.883,6341.0,0.0,832.0,247.0,4.0,4.0,0.0,0.0,0.0,0.0,0.00,sweeping:1
wikidpr10m-rq1,anticorr_q0073_tau0.03,anticorr,9899919,sweeping,64,3,1,0.9000,0.0000,0.00015,0.844,0.844,0.844,0.844,6341.0,0.0,832.0,247.0,4.0,4.0,0.0,0.0,0.0,0.0,0.00,sweeping:1
wikidpr10m-rq1,anticorr_q0073_tau0.03,anticorr,9899919,sweeping,128,1,1,0.9000,0.0000,0.00015,1.406,1.406,1.406,1.406,8872.0,0.0,1353.0,399.0,5.0,5.0,0.0,0.0,0.0,0.0,0.00,sweeping:1
wikidpr10m-rq1,anticorr_q0073_tau0.03,anticorr,9899919,sweeping,128,2,1,0.9000,0.0000,0.00015,1.205,1.205,1.205,1.205,8872.0,0.0,1353.0,399.0,5.0,5.0,0.0,0.0,0.0,0.0,0.00,sweeping:1
wikidpr10m-rq1,anticorr_q0073_tau0.03,anticorr,9899919,sweeping,128,3,1,0.9000,0.0000,0.00015,1.202,1.202,1.202,1.202,8872.0,0.0,1353.0,399.0,5.0,5.0,0.0,0.0,0.0,0.0,0.00,sweeping:1
wikidpr10m-rq1,anticorr_q0073_tau0.03,anticorr,9899919,sweeping,256,1,1,0.9000,0.0000,0.00015,2.696,2.696,2.696,2.696,13790.0,0.0,2101.0,678.0,7.0,7.0,0.0,0.0,0.0,0.0,0.00,sweeping:1
wikidpr10m-rq1,anticorr_q0073_tau0.03,anticorr,9899919,sweeping,256,2,1,0.9000,0.0000,0.00015,3.610,3.610,3.610,3.610,13790.0,0.0,2101.0,678.0,7.0,7.0,0.0,0.0,0.0,0.0,0.00,sweeping:1
wikidpr10m-rq1,anticorr_q0073_tau0.03,anticorr,9899919,sweeping,256,3,1,0.9000,0.0000,0.00015,3.409,3.409,3.409,3.409,13790.0,0.0,2101.0,678.0,7.0,7.0,0.0,0.0,0.0,0.0,0.00,sweeping:1
wikidpr10m-rq1,anticorr_q0073_tau0.03,anticorr,9899919,sweeping,512,1,1,0.9000,0.0000,0.00015,5.194,5.194,5.194,5.194,21854.0,0.0,3258.0,1141.0,12.0,12.0,0.0,0.0,0.0,0.0,0.00,sweeping:1
wikidpr10m-rq1,anticorr_q0073_tau0.03,anticorr,9899919,sweeping,512,2,1,0.9000,0.0000,0.00015,5.113,5.113,5.113,5.113,21854.0,0.0,3258.0,1141.0,12.0,12.0,0.0,0.0,0.0,0.0,0.00,sweeping:1
wikidpr10m-rq1,anticorr_q0073_tau0.03,anticorr,9899919,sweeping,512,3,1,0.9000,0.0000,0.00015,5.597,5.597,5.597,5.597,21854.0,0.0,3258.0,1141.0,12.0,12.0,0.0,0.0,0.0,0.0,0.00,sweeping:1
wikidpr10m-rq1,anticorr_q0073_tau0.03,anticorr,9899919,pathseer,64,1,1,0.9000,0.0000,0.00015,0.746,0.746,0.746,0.746,4035.0,0.0,2686.0,149.0,2.0,2.0,64.0,63.0,583.0,1.0,0.00,pathseer:1
wikidpr10m-rq1,anticorr_q0073_tau0.03,anticorr,9899919,pathseer,64,2,1,0.9000,0.0000,0.00015,0.649,0.649,0.649,0.649,4035.0,0.0,2686.0,149.0,2.0,2.0,64.0,63.0,583.0,1.0,0.00,pathseer:1
wikidpr10m-rq1,anticorr_q0073_tau0.03,anticorr,9899919,pathseer,64,3,1,0.9000,0.0000,0.00015,0.599,0.599,0.599,0.599,4035.0,0.0,2686.0,149.0,2.0,2.0,64.0,63.0,583.0,1.0,0.00,pathseer:1
wikidpr10m-rq1,anticorr_q0073_tau0.03,anticorr,9899919,pathseer,128,1,1,0.9000,0.0000,0.00015,1.123,1.123,1.123,1.123,6012.0,0.0,4136.0,251.0,3.0,3.0,128.0,125.0,785.0,2.0,0.00,pathseer:1
wikidpr10m-rq1,anticorr_q0073_tau0.03,anticorr,9899919,pathseer,128,2,1,0.9000,0.0000,0.00015,1.029,1.029,1.029,1.029,6012.0,0.0,4136.0,251.0,3.0,3.0,128.0,125.0,785.0,2.0,0.00,pathseer:1
wikidpr10m-rq1,anticorr_q0073_tau0.03,anticorr,9899919,pathseer,128,3,1,0.9000,0.0000,0.00015,0.974,0.974,0.974,0.974,6012.0,0.0,4136.0,251.0,3.0,3.0,128.0,125.0,785.0,2.0,0.00,pathseer:1
wikidpr10m-rq1,anticorr_q0073_tau0.03,anticorr,9899919,pathseer,256,1,1,0.9000,0.0000,0.00015,2.886,2.886,2.886,2.886,10052.0,0.0,6717.0,455.0,4.0,4.0,192.0,186.0,1032.0,3.0,0.00,pathseer:1
wikidpr10m-rq1,anticorr_q0073_tau0.03,anticorr,9899919,pathseer,256,2,1,0.9000,0.0000,0.00015,1.955,1.955,1.955,1.955,10052.0,0.0,6717.0,455.0,4.0,4.0,192.0,186.0,1032.0,3.0,0.00,pathseer:1
wikidpr10m-rq1,anticorr_q0073_tau0.03,anticorr,9899919,pathseer,256,3,1,0.9000,0.0000,0.00015,2.572,2.572,2.572,2.572,10052.0,0.0,6717.0,455.0,4.0,4.0,192.0,186.0,1032.0,3.0,0.00,pathseer:1
wikidpr10m-rq1,anticorr_q0073_tau0.03,anticorr,9899919,pathseer,512,1,1,0.9000,0.0000,0.00015,4.097,4.097,4.097,4.097,16913.0,0.0,10258.0,810.0,6.0,6.0,320.0,309.0,1343.0,5.0,0.00,pathseer:1
wikidpr10m-rq1,anticorr_q0073_tau0.03,anticorr,9899919,pathseer,512,2,1,0.9000,0.0000,0.00015,4.043,4.043,4.043,4.043,16913.0,0.0,10258.0,810.0,6.0,6.0,320.0,309.0,1343.0,5.0,0.00,pathseer:1
wikidpr10m-rq1,anticorr_q0073_tau0.03,anticorr,9899919,pathseer,512,3,1,0.9000,0.0000,0.00015,4.152,4.152,4.152,4.152,16913.0,0.0,10258.0,810.0,6.0,6.0,320.0,309.0,1343.0,5.0,0.00,pathseer:1
wikidpr10m-rq1,anticorr_q0073_tau0.03,anticorr,9899919,ours-no-twohop,64,1,1,0.9000,0.0000,0.00015,1.225,1.225,1.225,1.225,3978.0,0.0,2605.0,149.0,4.0,4.0,0.0,0.0,583.0,0.0,0.00,pathseer:1
wikidpr10m-rq1,anticorr_q0073_tau0.03,anticorr,9899919,ours-no-twohop,64,2,1,0.9000,0.0000,0.00015,0.832,0.832,0.832,0.832,3978.0,0.0,2605.0,149.0,4.0,4.0,0.0,0.0,583.0,0.0,0.00,pathseer:1
wikidpr10m-rq1,anticorr_q0073_tau0.03,anticorr,9899919,ours-no-twohop,64,3,1,0.9000,0.0000,0.00015,0.660,0.660,0.660,0.660,3978.0,0.0,2605.0,149.0,4.0,4.0,0.0,0.0,583.0,0.0,0.00,pathseer:1
wikidpr10m-rq1,anticorr_q0073_tau0.03,anticorr,9899919,ours-no-twohop,128,1,1,0.9000,0.0000,0.00015,1.015,1.015,1.015,1.015,5893.0,0.0,3980.0,251.0,5.0,5.0,0.0,0.0,785.0,0.0,0.00,pathseer:1
wikidpr10m-rq1,anticorr_q0073_tau0.03,anticorr,9899919,ours-no-twohop,128,2,1,0.9000,0.0000,0.00015,0.935,0.935,0.935,0.935,5893.0,0.0,3980.0,251.0,5.0,5.0,0.0,0.0,785.0,0.0,0.00,pathseer:1
wikidpr10m-rq1,anticorr_q0073_tau0.03,anticorr,9899919,ours-no-twohop,128,3,1,0.9000,0.0000,0.00015,0.977,0.977,0.977,0.977,5893.0,0.0,3980.0,251.0,5.0,5.0,0.0,0.0,785.0,0.0,0.00,pathseer:1
wikidpr10m-rq1,anticorr_q0073_tau0.03,anticorr,9899919,ours-no-twohop,256,1,1,0.9000,0.0000,0.00015,2.396,2.396,2.396,2.396,9874.0,0.0,6416.0,455.0,7.0,7.0,0.0,0.0,1032.0,0.0,0.00,pathseer:1
wikidpr10m-rq1,anticorr_q0073_tau0.03,anticorr,9899919,ours-no-twohop,256,2,1,0.9000,0.0000,0.00015,2.807,2.807,2.807,2.807,9874.0,0.0,6416.0,455.0,7.0,7.0,0.0,0.0,1032.0,0.0,0.00,pathseer:1
wikidpr10m-rq1,anticorr_q0073_tau0.03,anticorr,9899919,ours-no-twohop,256,3,1,0.9000,0.0000,0.00015,3.069,3.069,3.069,3.069,9874.0,0.0,6416.0,455.0,7.0,7.0,0.0,0.0,1032.0,0.0,0.00,pathseer:1
wikidpr10m-rq1,anticorr_q0073_tau0.03,anticorr,9899919,ours-no-twohop,512,1,1,0.9000,0.0000,0.00015,4.984,4.984,4.984,4.984,16612.0,0.0,9715.0,810.0,12.0,12.0,0.0,0.0,1343.0,0.0,0.00,pathseer:1
wikidpr10m-rq1,anticorr_q0073_tau0.03,anticorr,9899919,ours-no-twohop,512,2,1,0.9000,0.0000,0.00015,4.619,4.619,4.619,4.619,16612.0,0.0,9715.0,810.0,12.0,12.0,0.0,0.0,1343.0,0.0,0.00,pathseer:1
wikidpr10m-rq1,anticorr_q0073_tau0.03,anticorr,9899919,ours-no-twohop,512,3,1,0.9000,0.0000,0.00015,5.331,5.331,5.331,5.331,16612.0,0.0,9715.0,810.0,12.0,12.0,0.0,0.0,1343.0,0.0,0.00,pathseer:1
wikidpr10m-rq1,anticorr_q0073_tau0.03,anticorr,9899919,ours-guard,64,1,1,0.9000,0.0000,0.00015,0.542,0.542,0.542,0.542,2281.0,0.0,3394.0,85.0,4.0,4.0,0.0,0.0,674.0,0.0,0.00,pathseer:1
wikidpr10m-rq1,anticorr_q0073_tau0.03,anticorr,9899919,ours-guard,64,2,1,0.9000,0.0000,0.00015,0.918,0.918,0.918,0.918,2281.0,0.0,3394.0,85.0,4.0,4.0,0.0,0.0,674.0,0.0,0.00,pathseer:1
wikidpr10m-rq1,anticorr_q0073_tau0.03,anticorr,9899919,ours-guard,64,3,1,0.9000,0.0000,0.00015,0.531,0.531,0.531,0.531,2281.0,0.0,3394.0,85.0,4.0,4.0,0.0,0.0,674.0,0.0,0.00,pathseer:1
wikidpr10m-rq1,anticorr_q0073_tau0.03,anticorr,9899919,ours-guard,128,1,1,0.9000,0.0000,0.00015,1.194,1.194,1.194,1.194,3610.0,0.0,5406.0,148.0,5.0,5.0,0.0,0.0,1056.0,0.0,0.00,pathseer:1
wikidpr10m-rq1,anticorr_q0073_tau0.03,anticorr,9899919,ours-guard,128,2,1,0.9000,0.0000,0.00015,0.911,0.911,0.911,0.911,3610.0,0.0,5406.0,148.0,5.0,5.0,0.0,0.0,1056.0,0.0,0.00,pathseer:1
wikidpr10m-rq1,anticorr_q0073_tau0.03,anticorr,9899919,ours-guard,128,3,1,0.9000,0.0000,0.00015,0.926,0.926,0.926,0.926,3610.0,0.0,5406.0,148.0,5.0,5.0,0.0,0.0,1056.0,0.0,0.00,pathseer:1
wikidpr10m-rq1,anticorr_q0073_tau0.03,anticorr,9899919,ours-guard,256,1,1,0.9000,0.0000,0.00015,1.773,1.773,1.773,1.773,6181.0,0.0,9013.0,275.0,7.0,7.0,0.0,0.0,1654.0,0.0,0.00,pathseer:1
wikidpr10m-rq1,anticorr_q0073_tau0.03,anticorr,9899919,ours-guard,256,2,1,0.9000,0.0000,0.00015,2.106,2.106,2.106,2.106,6181.0,0.0,9013.0,275.0,7.0,7.0,0.0,0.0,1654.0,0.0,0.00,pathseer:1
wikidpr10m-rq1,anticorr_q0073_tau0.03,anticorr,9899919,ours-guard,256,3,1,0.9000,0.0000,0.00015,1.748,1.748,1.748,1.748,6181.0,0.0,9013.0,275.0,7.0,7.0,0.0,0.0,1654.0,0.0,0.00,pathseer:1
wikidpr10m-rq1,anticorr_q0073_tau0.03,anticorr,9899919,ours-guard,512,1,1,1.0000,1.0000,0.00000,3.959,3.959,3.959,3.959,10964.0,0.0,15253.0,531.0,12.0,12.0,0.0,0.0,2574.0,0.0,0.00,pathseer:1
wikidpr10m-rq1,anticorr_q0073_tau0.03,anticorr,9899919,ours-guard,512,2,1,1.0000,1.0000,0.00000,3.819,3.819,3.819,3.819,10964.0,0.0,15253.0,531.0,12.0,12.0,0.0,0.0,2574.0,0.0,0.00,pathseer:1
wikidpr10m-rq1,anticorr_q0073_tau0.03,anticorr,9899919,ours-guard,512,3,1,1.0000,1.0000,0.00000,3.859,3.859,3.859,3.859,10964.0,0.0,15253.0,531.0,12.0,12.0,0.0,0.0,2574.0,0.0,0.00,pathseer:1
wikidpr10m-rq1,anticorr_q0077_tau0.01,anticorr,9899838,sweeping,64,1,1,0.3000,0.0000,0.00889,5.290,5.290,5.290,5.290,22776.0,0.0,1670.0,663.0,2.0,2.0,0.0,0.0,0.0,0.0,0.00,sweeping:1
wikidpr10m-rq1,anticorr_q0077_tau0.01,anticorr,9899838,sweeping,64,2,1,0.3000,0.0000,0.00889,4.296,4.296,4.296,4.296,22776.0,0.0,1670.0,663.0,2.0,2.0,0.0,0.0,0.0,0.0,0.00,sweeping:1
wikidpr10m-rq1,anticorr_q0077_tau0.01,anticorr,9899838,sweeping,64,3,1,0.3000,0.0000,0.00889,4.079,4.079,4.079,4.079,22776.0,0.0,1670.0,663.0,2.0,2.0,0.0,0.0,0.0,0.0,0.00,sweeping:1
wikidpr10m-rq1,anticorr_q0077_tau0.01,anticorr,9899838,sweeping,128,1,1,0.3000,0.0000,0.00666,6.374,6.374,6.374,6.374,33322.0,0.0,2586.0,973.0,4.0,4.0,0.0,0.0,0.0,0.0,0.00,sweeping:1
wikidpr10m-rq1,anticorr_q0077_tau0.01,anticorr,9899838,sweeping,128,2,1,0.3000,0.0000,0.00666,6.114,6.114,6.114,6.114,33322.0,0.0,2586.0,973.0,4.0,4.0,0.0,0.0,0.0,0.0,0.00,sweeping:1
wikidpr10m-rq1,anticorr_q0077_tau0.01,anticorr,9899838,sweeping,128,3,1,0.3000,0.0000,0.00666,6.348,6.348,6.348,6.348,33322.0,0.0,2586.0,973.0,4.0,4.0,0.0,0.0,0.0,0.0,0.00,sweeping:1
wikidpr10m-rq1,anticorr_q0077_tau0.01,anticorr,9899838,sweeping,256,1,1,0.3000,0.0000,0.00623,10.330,10.330,10.330,10.330,49696.0,0.0,4047.0,1437.0,6.0,7.0,0.0,0.0,0.0,0.0,0.00,sweeping:1
wikidpr10m-rq1,anticorr_q0077_tau0.01,anticorr,9899838,sweeping,256,2,1,0.3000,0.0000,0.00623,10.386,10.386,10.386,10.386,49696.0,0.0,4047.0,1437.0,6.0,7.0,0.0,0.0,0.0,0.0,0.00,sweeping:1
wikidpr10m-rq1,anticorr_q0077_tau0.01,anticorr,9899838,sweeping,256,3,1,0.3000,0.0000,0.00623,9.844,9.844,9.844,9.844,49696.0,0.0,4047.0,1437.0,6.0,7.0,0.0,0.0,0.0,0.0,0.00,sweeping:1
wikidpr10m-rq1,anticorr_q0077_tau0.01,anticorr,9899838,sweeping,512,1,1,0.4000,0.0000,0.00334,18.703,18.703,18.703,18.703,76538.0,0.0,6375.0,2303.0,13.0,23.0,0.0,0.0,0.0,0.0,0.00,sweeping:1
wikidpr10m-rq1,anticorr_q0077_tau0.01,anticorr,9899838,sweeping,512,2,1,0.4000,0.0000,0.00334,22.324,22.324,22.324,22.324,76538.0,0.0,6375.0,2303.0,13.0,23.0,0.0,0.0,0.0,0.0,0.00,sweeping:1
wikidpr10m-rq1,anticorr_q0077_tau0.01,anticorr,9899838,sweeping,512,3,1,0.4000,0.0000,0.00334,22.102,22.102,22.102,22.102,76538.0,0.0,6375.0,2303.0,13.0,23.0,0.0,0.0,0.0,0.0,0.00,sweeping:1
wikidpr10m-rq1,anticorr_q0077_tau0.01,anticorr,9899838,pathseer,64,1,1,0.1000,0.0000,0.01601,1.028,1.028,1.028,1.028,6941.0,0.0,5071.0,181.0,2.0,2.0,64.0,60.0,1344.0,1.0,0.00,pathseer:1
wikidpr10m-rq1,anticorr_q0077_tau0.01,anticorr,9899838,pathseer,64,2,1,0.1000,0.0000,0.01601,1.100,1.100,1.100,1.100,6941.0,0.0,5071.0,181.0,2.0,2.0,64.0,60.0,1344.0,1.0,0.00,pathseer:1
wikidpr10m-rq1,anticorr_q0077_tau0.01,anticorr,9899838,pathseer,64,3,1,0.1000,0.0000,0.01601,1.057,1.057,1.057,1.057,6941.0,0.0,5071.0,181.0,2.0,2.0,64.0,60.0,1344.0,1.0,0.00,pathseer:1
wikidpr10m-rq1,anticorr_q0077_tau0.01,anticorr,9899838,pathseer,128,1,1,0.2000,0.0000,0.00952,2.205,2.205,2.205,2.205,11142.0,0.0,8207.0,296.0,3.0,3.0,128.0,113.0,2027.0,2.0,0.00,pathseer:1
wikidpr10m-rq1,anticorr_q0077_tau0.01,anticorr,9899838,pathseer,128,2,1,0.2000,0.0000,0.00952,2.326,2.326,2.326,2.326,11142.0,0.0,8207.0,296.0,3.0,3.0,128.0,113.0,2027.0,2.0,0.00,pathseer:1
wikidpr10m-rq1,anticorr_q0077_tau0.01,anticorr,9899838,pathseer,128,3,1,0.2000,0.0000,0.00952,2.300,2.300,2.300,2.300,11142.0,0.0,8207.0,296.0,3.0,3.0,128.0,113.0,2027.0,2.0,0.00,pathseer:1
wikidpr10m-rq1,anticorr_q0077_tau0.01,anticorr,9899838,pathseer,256,1,1,0.2000,0.0000,0.00866,4.669,4.669,4.669,4.669,20699.0,0.0,14178.0,553.0,4.0,4.0,192.0,172.0,3127.0,3.0,0.00,pathseer:1
wikidpr10m-rq1,anticorr_q0077_tau0.01,anticorr,9899838,pathseer,256,2,1,0.2000,0.0000,0.00866,4.742,4.742,4.742,4.742,20699.0,0.0,14178.0,553.0,4.0,4.0,192.0,172.0,3127.0,3.0,0.00,pathseer:1
wikidpr10m-rq1,anticorr_q0077_tau0.01,anticorr,9899838,pathseer,256,3,1,0.2000,0.0000,0.00866,4.606,4.606,4.606,4.606,20699.0,0.0,14178.0,553.0,4.0,4.0,192.0,172.0,3127.0,3.0,0.00,pathseer:1
wikidpr10m-rq1,anticorr_q0077_tau0.01,anticorr,9899838,pathseer,512,1,1,0.4000,0.0000,0.00429,8.659,8.659,8.659,8.659,37467.0,0.0,23607.0,1013.0,6.0,6.0,320.0,286.0,4546.0,5.0,0.00,pathseer:1
wikidpr10m-rq1,anticorr_q0077_tau0.01,anticorr,9899838,pathseer,512,2,1,0.4000,0.0000,0.00429,8.655,8.655,8.655,8.655,37467.0,0.0,23607.0,1013.0,6.0,6.0,320.0,286.0,4546.0,5.0,0.00,pathseer:1
wikidpr10m-rq1,anticorr_q0077_tau0.01,anticorr,9899838,pathseer,512,3,1,0.4000,0.0000,0.00429,8.724,8.724,8.724,8.724,37467.0,0.0,23607.0,1013.0,6.0,6.0,320.0,286.0,4546.0,5.0,0.00,pathseer:1
wikidpr10m-rq1,anticorr_q0077_tau0.01,anticorr,9899838,ours-no-twohop,64,1,1,0.0000,0.0000,0.02162,1.716,1.716,1.716,1.716,6169.0,0.0,4026.0,152.0,2.0,2.0,0.0,0.0,932.0,0.0,0.00,pathseer:1
wikidpr10m-rq1,anticorr_q0077_tau0.01,anticorr,9899838,ours-no-twohop,64,2,1,0.0000,0.0000,0.02162,0.887,0.887,0.887,0.887,6169.0,0.0,4026.0,152.0,2.0,2.0,0.0,0.0,932.0,0.0,0.00,pathseer:1
wikidpr10m-rq1,anticorr_q0077_tau0.01,anticorr,9899838,ours-no-twohop,64,3,1,0.0000,0.0000,0.02162,0.915,0.915,0.915,0.915,6169.0,0.0,4026.0,152.0,2.0,2.0,0.0,0.0,932.0,0.0,0.00,pathseer:1
wikidpr10m-rq1,anticorr_q0077_tau0.01,anticorr,9899838,ours-no-twohop,128,1,1,0.1000,0.0000,0.01228,2.163,2.163,2.163,2.163,11139.0,0.0,7933.0,296.0,4.0,4.0,0.0,0.0,1934.0,0.0,0.00,pathseer:1
wikidpr10m-rq1,anticorr_q0077_tau0.01,anticorr,9899838,ours-no-twohop,128,2,1,0.1000,0.0000,0.01228,2.257,2.257,2.257,2.257,11139.0,0.0,7933.0,296.0,4.0,4.0,0.0,0.0,1934.0,0.0,0.00,pathseer:1
wikidpr10m-rq1,anticorr_q0077_tau0.01,anticorr,9899838,ours-no-twohop,128,3,1,0.1000,0.0000,0.01228,2.133,2.133,2.133,2.133,11139.0,0.0,7933.0,296.0,4.0,4.0,0.0,0.0,1934.0,0.0,0.00,pathseer:1
wikidpr10m-rq1,anticorr_q0077_tau0.01,anticorr,9899838,ours-no-twohop,256,1,1,0.2000,0.0000,0.00872,4.852,4.852,4.852,4.852,21240.0,0.0,13877.0,567.0,6.0,7.0,0.0,0.0,3062.0,0.0,0.00,pathseer:1
wikidpr10m-rq1,anticorr_q0077_tau0.01,anticorr,9899838,ours-no-twohop,256,2,1,0.2000,0.0000,0.00872,4.979,4.979,4.979,4.979,21240.0,0.0,13877.0,567.0,6.0,7.0,0.0,0.0,3062.0,0.0,0.00,pathseer:1
wikidpr10m-rq1,anticorr_q0077_tau0.01,anticorr,9899838,ours-no-twohop,256,3,1,0.2000,0.0000,0.00872,4.810,4.810,4.810,4.810,21240.0,0.0,13877.0,567.0,6.0,7.0,0.0,0.0,3062.0,0.0,0.00,pathseer:1
wikidpr10m-rq1,anticorr_q0077_tau0.01,anticorr,9899838,ours-no-twohop,512,1,1,0.4000,0.0000,0.00375,10.676,10.676,10.676,10.676,38752.0,0.0,25824.0,1143.0,13.0,23.0,0.0,0.0,5574.0,0.0,0.00,pathseer:1
wikidpr10m-rq1,anticorr_q0077_tau0.01,anticorr,9899838,ours-no-twohop,512,2,1,0.4000,0.0000,0.00375,10.115,10.115,10.115,10.115,38752.0,0.0,25824.0,1143.0,13.0,23.0,0.0,0.0,5574.0,0.0,0.00,pathseer:1
wikidpr10m-rq1,anticorr_q0077_tau0.01,anticorr,9899838,ours-no-twohop,512,3,1,0.4000,0.0000,0.00375,9.961,9.961,9.961,9.961,38752.0,0.0,25824.0,1143.0,13.0,23.0,0.0,0.0,5574.0,0.0,0.00,pathseer:1
wikidpr10m-rq1,anticorr_q0077_tau0.01,anticorr,9899838,ours-guard,64,1,1,0.0000,0.0000,0.02218,0.635,0.635,0.635,0.635,3012.0,0.0,3907.0,75.0,2.0,2.0,0.0,0.0,614.0,0.0,0.00,pathseer:1
wikidpr10m-rq1,anticorr_q0077_tau0.01,anticorr,9899838,ours-guard,64,2,1,0.0000,0.0000,0.02218,0.575,0.575,0.575,0.575,3012.0,0.0,3907.0,75.0,2.0,2.0,0.0,0.0,614.0,0.0,0.00,pathseer:1
wikidpr10m-rq1,anticorr_q0077_tau0.01,anticorr,9899838,ours-guard,64,3,1,0.0000,0.0000,0.02218,0.554,0.554,0.554,0.554,3012.0,0.0,3907.0,75.0,2.0,2.0,0.0,0.0,614.0,0.0,0.00,pathseer:1
wikidpr10m-rq1,anticorr_q0077_tau0.01,anticorr,9899838,ours-guard,128,1,1,0.0000,0.0000,0.02323,1.430,1.430,1.430,1.430,6707.0,0.0,8205.0,160.0,4.0,4.0,0.0,0.0,1016.0,0.0,0.00,pathseer:1
wikidpr10m-rq1,anticorr_q0077_tau0.01,anticorr,9899838,ours-guard,128,2,1,0.0000,0.0000,0.02323,1.176,1.176,1.176,1.176,6707.0,0.0,8205.0,160.0,4.0,4.0,0.0,0.0,1016.0,0.0,0.00,pathseer:1
wikidpr10m-rq1,anticorr_q0077_tau0.01,anticorr,9899838,ours-guard,128,3,1,0.0000,0.0000,0.02323,1.161,1.161,1.161,1.161,6707.0,0.0,8205.0,160.0,4.0,4.0,0.0,0.0,1016.0,0.0,0.00,pathseer:1
wikidpr10m-rq1,anticorr_q0077_tau0.01,anticorr,9899838,ours-guard,256,1,1,0.0000,0.0000,0.01440,2.774,2.774,2.774,2.774,11052.0,0.0,14191.0,286.0,6.0,7.0,0.0,0.0,2248.0,0.0,0.00,pathseer:1
wikidpr10m-rq1,anticorr_q0077_tau0.01,anticorr,9899838,ours-guard,256,2,1,0.0000,0.0000,0.01440,2.732,2.732,2.732,2.732,11052.0,0.0,14191.0,286.0,6.0,7.0,0.0,0.0,2248.0,0.0,0.00,pathseer:1
wikidpr10m-rq1,anticorr_q0077_tau0.01,anticorr,9899838,ours-guard,256,3,1,0.0000,0.0000,0.01440,2.594,2.594,2.594,2.594,11052.0,0.0,14191.0,286.0,6.0,7.0,0.0,0.0,2248.0,0.0,0.00,pathseer:1
wikidpr10m-rq1,anticorr_q0077_tau0.01,anticorr,9899838,ours-guard,512,1,1,0.2000,0.0000,0.00765,7.684,7.684,7.684,7.684,24834.0,0.0,32579.0,755.0,13.0,23.0,0.0,0.0,6175.0,0.0,0.00,pathseer:1
wikidpr10m-rq1,anticorr_q0077_tau0.01,anticorr,9899838,ours-guard,512,2,1,0.2000,0.0000,0.00765,6.961,6.961,6.961,6.961,24834.0,0.0,32579.0,755.0,13.0,23.0,0.0,0.0,6175.0,0.0,0.00,pathseer:1
wikidpr10m-rq1,anticorr_q0077_tau0.01,anticorr,9899838,ours-guard,512,3,1,0.2000,0.0000,0.00765,7.769,7.769,7.769,7.769,24834.0,0.0,32579.0,755.0,13.0,23.0,0.0,0.0,6175.0,0.0,0.00,pathseer:1
wikidpr10m-rq1,anticorr_q0077_tau0.03,anticorr,9900809,sweeping,64,1,1,1.0000,1.0000,0.00000,0.579,0.579,0.579,0.579,3720.0,0.0,457.0,109.0,2.0,2.0,0.0,0.0,0.0,0.0,0.00,sweeping:1
wikidpr10m-rq1,anticorr_q0077_tau0.03,anticorr,9900809,sweeping,64,2,1,1.0000,1.0000,0.00000,0.452,0.452,0.452,0.452,3720.0,0.0,457.0,109.0,2.0,2.0,0.0,0.0,0.0,0.0,0.00,sweeping:1
wikidpr10m-rq1,anticorr_q0077_tau0.03,anticorr,9900809,sweeping,64,3,1,1.0000,1.0000,0.00000,0.475,0.475,0.475,0.475,3720.0,0.0,457.0,109.0,2.0,2.0,0.0,0.0,0.0,0.0,0.00,sweeping:1
wikidpr10m-rq1,anticorr_q0077_tau0.03,anticorr,9900809,sweeping,128,1,1,1.0000,1.0000,0.00000,0.928,0.928,0.928,0.928,6655.0,0.0,752.0,196.0,4.0,4.0,0.0,0.0,0.0,0.0,0.00,sweeping:1
wikidpr10m-rq1,anticorr_q0077_tau0.03,anticorr,9900809,sweeping,128,2,1,1.0000,1.0000,0.00000,0.993,0.993,0.993,0.993,6655.0,0.0,752.0,196.0,4.0,4.0,0.0,0.0,0.0,0.0,0.00,sweeping:1
wikidpr10m-rq1,anticorr_q0077_tau0.03,anticorr,9900809,sweeping,128,3,1,1.0000,1.0000,0.00000,1.811,1.811,1.811,1.811,6655.0,0.0,752.0,196.0,4.0,4.0,0.0,0.0,0.0,0.0,0.00,sweeping:1
wikidpr10m-rq1,anticorr_q0077_tau0.03,anticorr,9900809,sweeping,256,1,1,1.0000,1.0000,0.00000,2.981,2.981,2.981,2.981,12250.0,0.0,1199.0,361.0,6.0,6.0,0.0,0.0,0.0,0.0,0.00,sweeping:1
wikidpr10m-rq1,anticorr_q0077_tau0.03,anticorr,9900809,sweeping,256,2,1,1.0000,1.0000,0.00000,2.359,2.359,2.359,2.359,12250.0,0.0,1199.0,361.0,6.0,6.0,0.0,0.0,0.0,0.0,0.00,sweeping:1
wikidpr10m-rq1,anticorr_q0077_tau0.03,anticorr,9900809,sweeping,256,3,1,1.0000,1.0000,0.00000,2.360,2.360,2.360,2.360,12250.0,0.0,1199.0,361.0,6.0,6.0,0.0,0.0,0.0,0.0,0.00,sweeping:1
wikidpr10m-rq1,anticorr_q0077_tau0.03,anticorr,9900809,sweeping,512,1,1,1.0000,1.0000,0.00000,5.243,5.243,5.243,5.243,23131.0,0.0,2181.0,676.0,13.0,14.0,0.0,0.0,0.0,0.0,0.00,sweeping:1
wikidpr10m-rq1,anticorr_q0077_tau0.03,anticorr,9900809,sweeping,512,2,1,1.0000,1.0000,0.00000,4.927,4.927,4.927,4.927,23131.0,0.0,2181.0,676.0,13.0,14.0,0.0,0.0,0.0,0.0,0.00,sweeping:1
wikidpr10m-rq1,anticorr_q0077_tau0.03,anticorr,9900809,sweeping,512,3,1,1.0000,1.0000,0.00000,4.837,4.837,4.837,4.837,23131.0,0.0,2181.0,676.0,13.0,14.0,0.0,0.0,0.0,0.0,0.00,sweeping:1
wikidpr10m-rq1,anticorr_q0077_tau0.03,anticorr,9900809,pathseer,64,1,1,0.9000,0.0000,0.00106,0.501,0.501,0.501,0.501,3710.0,0.0,1370.0,98.0,2.0,2.0,64.0,62.0,93.0,1.0,0.00,pathseer:1
wikidpr10m-rq1,anticorr_q0077_tau0.03,anticorr,9900809,pathseer,64,2,1,0.9000,0.0000,0.00106,0.492,0.492,0.492,0.492,3710.0,0.0,1370.0,98.0,2.0,2.0,64.0,62.0,93.0,1.0,0.00,pathseer:1
wikidpr10m-rq1,anticorr_q0077_tau0.03,anticorr,9900809,pathseer,64,3,1,0.9000,0.0000,0.00106,0.539,0.539,0.539,0.539,3710.0,0.0,1370.0,98.0,2.0,2.0,64.0,62.0,93.0,1.0,0.00,pathseer:1
wikidpr10m-rq1,anticorr_q0077_tau0.03,anticorr,9900809,pathseer,128,1,1,0.9000,0.0000,0.00106,1.055,1.055,1.055,1.055,6819.0,0.0,2580.0,185.0,3.0,3.0,128.0,121.0,154.0,2.0,0.00,pathseer:1
wikidpr10m-rq1,anticorr_q0077_tau0.03,anticorr,9900809,pathseer,128,2,1,0.9000,0.0000,0.00106,1.071,1.071,1.071,1.071,6819.0,0.0,2580.0,185.0,3.0,3.0,128.0,121.0,154.0,2.0,0.00,pathseer:1
wikidpr10m-rq1,anticorr_q0077_tau0.03,anticorr,9900809,pathseer,128,3,1,0.9000,0.0000,0.00106,0.934,0.934,0.934,0.934,6819.0,0.0,2580.0,185.0,3.0,3.0,128.0,121.0,154.0,2.0,0.00,pathseer:1
wikidpr10m-rq1,anticorr_q0077_tau0.03,anticorr,9900809,pathseer,256,1,1,1.0000,1.0000,0.00000,3.313,3.313,3.313,3.313,11705.0,0.0,4063.0,331.0,4.0,4.0,192.0,184.0,194.0,3.0,0.00,pathseer:1
wikidpr10m-rq1,anticorr_q0077_tau0.03,anticorr,9900809,pathseer,256,2,1,1.0000,1.0000,0.00000,2.691,2.691,2.691,2.691,11705.0,0.0,4063.0,331.0,4.0,4.0,192.0,184.0,194.0,3.0,0.00,pathseer:1
wikidpr10m-rq1,anticorr_q0077_tau0.03,anticorr,9900809,pathseer,256,3,1,1.0000,1.0000,0.00000,2.511,2.511,2.511,2.511,11705.0,0.0,4063.0,331.0,4.0,4.0,192.0,184.0,194.0,3.0,0.00,pathseer:1
wikidpr10m-rq1,anticorr_q0077_tau0.03,anticorr,9900809,pathseer,512,1,1,1.0000,1.0000,0.00000,4.827,4.827,4.827,4.827,21851.0,0.0,7048.0,628.0,6.0,6.0,320.0,302.0,303.0,5.0,0.00,pathseer:1
wikidpr10m-rq1,anticorr_q0077_tau0.03,anticorr,9900809,pathseer,512,2,1,1.0000,1.0000,0.00000,4.762,4.762,4.762,4.762,21851.0,0.0,7048.0,628.0,6.0,6.0,320.0,302.0,303.0,5.0,0.00,pathseer:1
wikidpr10m-rq1,anticorr_q0077_tau0.03,anticorr,9900809,pathseer,512,3,1,1.0000,1.0000,0.00000,4.835,4.835,4.835,4.835,21851.0,0.0,7048.0,628.0,6.0,6.0,320.0,302.0,303.0,5.0,0.00,pathseer:1
wikidpr10m-rq1,anticorr_q0077_tau0.03,anticorr,9900809,ours-no-twohop,64,1,1,1.0000,1.0000,0.00000,0.459,0.459,0.459,0.459,3160.0,0.0,1337.0,93.0,2.0,2.0,0.0,0.0,95.0,0.0,0.00,pathseer:1
wikidpr10m-rq1,anticorr_q0077_tau0.03,anticorr,9900809,ours-no-twohop,64,2,1,1.0000,1.0000,0.00000,0.440,0.440,0.440,0.440,3160.0,0.0,1337.0,93.0,2.0,2.0,0.0,0.0,95.0,0.0,0.00,pathseer:1
wikidpr10m-rq1,anticorr_q0077_tau0.03,anticorr,9900809,ours-no-twohop,64,3,1,1.0000,1.0000,0.00000,0.858,0.858,0.858,0.858,3160.0,0.0,1337.0,93.0,2.0,2.0,0.0,0.0,95.0,0.0,0.00,pathseer:1
wikidpr10m-rq1,anticorr_q0077_tau0.03,anticorr,9900809,ours-no-twohop,128,1,1,1.0000,1.0000,0.00000,0.911,0.911,0.911,0.911,6067.0,0.0,2238.0,177.0,4.0,4.0,0.0,0.0,141.0,0.0,0.00,pathseer:1
wikidpr10m-rq1,anticorr_q0077_tau0.03,anticorr,9900809,ours-no-twohop,128,2,1,1.0000,1.0000,0.00000,0.781,0.781,0.781,0.781,6067.0,0.0,2238.0,177.0,4.0,4.0,0.0,0.0,141.0,0.0,0.00,pathseer:1
wikidpr10m-rq1,anticorr_q0077_tau0.03,anticorr,9900809,ours-no-twohop,128,3,1,1.0000,1.0000,0.00000,0.915,0.915,0.915,0.915,6067.0,0.0,2238.0,177.0,4.0,4.0,0.0,0.0,141.0,0.0,0.00,pathseer:1
wikidpr10m-rq1,anticorr_q0077_tau0.03,anticorr,9900809,ours-no-twohop,256,1,1,1.0000,1.0000,0.00000,2.250,2.250,2.250,2.250,11077.0,0.0,3595.0,328.0,6.0,6.0,0.0,0.0,189.0,0.0,0.00,pathseer:1
wikidpr10m-rq1,anticorr_q0077_tau0.03,anticorr,9900809,ours-no-twohop,256,2,1,1.0000,1.0000,0.00000,2.073,2.073,2.073,2.073,11077.0,0.0,3595.0,328.0,6.0,6.0,0.0,0.0,189.0,0.0,0.00,pathseer:1
wikidpr10m-rq1,anticorr_q0077_tau0.03,anticorr,9900809,ours-no-twohop,256,3,1,1.0000,1.0000,0.00000,1.983,1.983,1.983,1.983,11077.0,0.0,3595.0,328.0,6.0,6.0,0.0,0.0,189.0,0.0,0.00,pathseer:1
wikidpr10m-rq1,anticorr_q0077_tau0.03,anticorr,9900809,ours-no-twohop,512,1,1,1.0000,1.0000,0.00000,4.618,4.618,4.618,4.618,21772.0,0.0,6539.0,642.0,13.0,14.0,0.0,0.0,310.0,0.0,0.00,pathseer:1
wikidpr10m-rq1,anticorr_q0077_tau0.03,anticorr,9900809,ours-no-twohop,512,2,1,1.0000,1.0000,0.00000,4.768,4.768,4.768,4.768,21772.0,0.0,6539.0,642.0,13.0,14.0,0.0,0.0,310.0,0.0,0.00,pathseer:1
wikidpr10m-rq1,anticorr_q0077_tau0.03,anticorr,9900809,ours-no-twohop,512,3,1,1.0000,1.0000,0.00000,4.715,4.715,4.715,4.715,21772.0,0.0,6539.0,642.0,13.0,14.0,0.0,0.0,310.0,0.0,0.00,pathseer:1
wikidpr10m-rq1,anticorr_q0077_tau0.03,anticorr,9900809,ours-guard,64,1,1,0.8000,0.0000,0.00174,0.548,0.548,0.548,0.548,2835.0,0.0,3529.0,80.0,2.0,2.0,0.0,0.0,324.0,0.0,0.00,pathseer:1
wikidpr10m-rq1,anticorr_q0077_tau0.03,anticorr,9900809,ours-guard,64,2,1,0.8000,0.0000,0.00174,0.539,0.539,0.539,0.539,2835.0,0.0,3529.0,80.0,2.0,2.0,0.0,0.0,324.0,0.0,0.00,pathseer:1
wikidpr10m-rq1,anticorr_q0077_tau0.03,anticorr,9900809,ours-guard,64,3,1,0.8000,0.0000,0.00174,0.499,0.499,0.499,0.499,2835.0,0.0,3529.0,80.0,2.0,2.0,0.0,0.0,324.0,0.0,0.00,pathseer:1
wikidpr10m-rq1,anticorr_q0077_tau0.03,anticorr,9900809,ours-guard,128,1,1,0.9000,0.0000,0.00106,0.894,0.894,0.894,0.894,4803.0,0.0,5844.0,138.0,4.0,4.0,0.0,0.0,493.0,0.0,0.00,pathseer:1
wikidpr10m-rq1,anticorr_q0077_tau0.03,anticorr,9900809,ours-guard,128,2,1,0.9000,0.0000,0.00106,0.861,0.861,0.861,0.861,4803.0,0.0,5844.0,138.0,4.0,4.0,0.0,0.0,493.0,0.0,0.00,pathseer:1
wikidpr10m-rq1,anticorr_q0077_tau0.03,anticorr,9900809,ours-guard,128,3,1,0.9000,0.0000,0.00106,0.829,0.829,0.829,0.829,4803.0,0.0,5844.0,138.0,4.0,4.0,0.0,0.0,493.0,0.0,0.00,pathseer:1
wikidpr10m-rq1,anticorr_q0077_tau0.03,anticorr,9900809,ours-guard,256,1,1,1.0000,1.0000,0.00000,1.722,1.722,1.722,1.722,8693.0,0.0,10396.0,261.0,6.0,6.0,0.0,0.0,816.0,0.0,0.00,pathseer:1
wikidpr10m-rq1,anticorr_q0077_tau0.03,anticorr,9900809,ours-guard,256,2,1,1.0000,1.0000,0.00000,1.884,1.884,1.884,1.884,8693.0,0.0,10396.0,261.0,6.0,6.0,0.0,0.0,816.0,0.0,0.00,pathseer:1
wikidpr10m-rq1,anticorr_q0077_tau0.03,anticorr,9900809,ours-guard,256,3,1,1.0000,1.0000,0.00000,1.805,1.805,1.805,1.805,8693.0,0.0,10396.0,261.0,6.0,6.0,0.0,0.0,816.0,0.0,0.00,pathseer:1
wikidpr10m-rq1,anticorr_q0077_tau0.03,anticorr,9900809,ours-guard,512,1,1,1.0000,1.0000,0.00000,4.675,4.675,4.675,4.675,17961.0,0.0,20576.0,549.0,13.0,14.0,0.0,0.0,1327.0,0.0,0.00,pathseer:1
wikidpr10m-rq1,anticorr_q0077_tau0.03,anticorr,9900809,ours-guard,512,2,1,1.0000,1.0000,0.00000,5.160,5.160,5.160,5.160,17961.0,0.0,20576.0,549.0,13.0,14.0,0.0,0.0,1327.0,0.0,0.00,pathseer:1
wikidpr10m-rq1,anticorr_q0077_tau0.03,anticorr,9900809,ours-guard,512,3,1,1.0000,1.0000,0.00000,4.482,4.482,4.482,4.482,17961.0,0.0,20576.0,549.0,13.0,14.0,0.0,0.0,1327.0,0.0,0.00,pathseer:1
wikidpr10m-rq1,anticorr_q0080_tau0.01,anticorr,9900207,sweeping,64,1,1,0.5000,0.0000,0.00140,10.544,10.544,10.544,10.544,46702.0,0.0,6942.0,3745.0,3.0,28.0,0.0,0.0,0.0,0.0,0.00,sweeping:1
wikidpr10m-rq1,anticorr_q0080_tau0.01,anticorr,9900207,sweeping,64,2,1,0.5000,0.0000,0.00140,10.890,10.890,10.890,10.890,46702.0,0.0,6942.0,3745.0,3.0,28.0,0.0,0.0,0.0,0.0,0.00,sweeping:1
wikidpr10m-rq1,anticorr_q0080_tau0.01,anticorr,9900207,sweeping,64,3,1,0.5000,0.0000,0.00140,10.384,10.384,10.384,10.384,46702.0,0.0,6942.0,3745.0,3.0,28.0,0.0,0.0,0.0,0.0,0.00,sweeping:1
wikidpr10m-rq1,anticorr_q0080_tau0.01,anticorr,9900207,sweeping,128,1,1,0.7000,0.0000,0.00072,15.186,15.186,15.186,15.186,63055.0,0.0,9668.0,5652.0,5.0,50.0,0.0,0.0,0.0,0.0,0.00,sweeping:1
wikidpr10m-rq1,anticorr_q0080_tau0.01,anticorr,9900207,sweeping,128,2,1,0.7000,0.0000,0.00072,15.602,15.602,15.602,15.602,63055.0,0.0,9668.0,5652.0,5.0,50.0,0.0,0.0,0.0,0.0,0.00,sweeping:1
wikidpr10m-rq1,anticorr_q0080_tau0.01,anticorr,9900207,sweeping,128,3,1,0.7000,0.0000,0.00072,16.696,16.696,16.696,16.696,63055.0,0.0,9668.0,5652.0,5.0,50.0,0.0,0.0,0.0,0.0,0.00,sweeping:1
wikidpr10m-rq1,anticorr_q0080_tau0.01,anticorr,9900207,sweeping,256,1,1,0.8000,0.0000,0.00068,22.420,22.420,22.420,22.420,76632.0,0.0,12920.0,7371.0,8.0,101.0,0.0,0.0,0.0,0.0,0.00,sweeping:1
wikidpr10m-rq1,anticorr_q0080_tau0.01,anticorr,9900207,sweeping,256,2,1,0.8000,0.0000,0.00068,21.306,21.306,21.306,21.306,76632.0,0.0,12920.0,7371.0,8.0,101.0,0.0,0.0,0.0,0.0,0.00,sweeping:1
wikidpr10m-rq1,anticorr_q0080_tau0.01,anticorr,9900207,sweeping,256,3,1,0.8000,0.0000,0.00068,20.343,20.343,20.343,20.343,76632.0,0.0,12920.0,7371.0,8.0,101.0,0.0,0.0,0.0,0.0,0.00,sweeping:1
wikidpr10m-rq1,anticorr_q0080_tau0.01,anticorr,9900207,sweeping,512,1,1,0.8000,0.0000,0.00068,29.626,29.626,29.626,29.626,96137.0,0.0,17455.0,9936.0,17.0,181.0,0.0,0.0,0.0,0.0,0.00,sweeping:1
wikidpr10m-rq1,anticorr_q0080_tau0.01,anticorr,9900207,sweeping,512,2,1,0.8000,0.0000,0.00068,30.330,30.330,30.330,30.330,96137.0,0.0,17455.0,9936.0,17.0,181.0,0.0,0.0,0.0,0.0,0.00,sweeping:1
wikidpr10m-rq1,anticorr_q0080_tau0.01,anticorr,9900207,sweeping,512,3,1,0.8000,0.0000,0.00068,31.529,31.529,31.529,31.529,96137.0,0.0,17455.0,9936.0,17.0,181.0,0.0,0.0,0.0,0.0,0.00,sweeping:1
wikidpr10m-rq1,anticorr_q0080_tau0.01,anticorr,9900207,pathseer,64,1,1,0.3000,0.0000,0.00674,1.454,1.454,1.454,1.454,4921.0,0.0,11354.0,416.0,2.0,2.0,64.0,54.0,7603.0,1.0,0.00,pathseer:1
wikidpr10m-rq1,anticorr_q0080_tau0.01,anticorr,9900207,pathseer,64,2,1,0.3000,0.0000,0.00674,1.347,1.347,1.347,1.347,4921.0,0.0,11354.0,416.0,2.0,2.0,64.0,54.0,7603.0,1.0,0.00,pathseer:1
wikidpr10m-rq1,anticorr_q0080_tau0.01,anticorr,9900207,pathseer,64,3,1,0.3000,0.0000,0.00674,1.299,1.299,1.299,1.299,4921.0,0.0,11354.0,416.0,2.0,2.0,64.0,54.0,7603.0,1.0,0.00,pathseer:1
wikidpr10m-rq1,anticorr_q0080_tau0.01,anticorr,9900207,pathseer,128,1,1,0.5000,0.0000,0.00210,3.434,3.434,3.434,3.434,9136.0,0.0,19026.0,780.0,3.0,7.0,128.0,102.0,11747.0,2.0,0.00,pathseer:1
wikidpr10m-rq1,anticorr_q0080_tau0.01,anticorr,9900207,pathseer,128,2,1,0.5000,0.0000,0.00210,2.952,2.952,2.952,2.952,9136.0,0.0,19026.0,780.0,3.0,7.0,128.0,102.0,11747.0,2.0,0.00,pathseer:1
wikidpr10m-rq1,anticorr_q0080_tau0.01,anticorr,9900207,pathseer,128,3,1,0.5000,0.0000,0.00210,3.056,3.056,3.056,3.056,9136.0,0.0,19026.0,780.0,3.0,7.0,128.0,102.0,11747.0,2.0,0.00,pathseer:1
wikidpr10m-rq1,anticorr_q0080_tau0.01,anticorr,9900207,pathseer,256,1,1,0.6000,0.0000,0.00181,7.939,7.939,7.939,7.939,15831.0,0.0,31026.0,1777.0,5.0,50.0,256.0,130.0,17816.0,4.0,0.00,pathseer:1
wikidpr10m-rq1,anticorr_q0080_tau0.01,anticorr,9900207,pathseer,256,2,1,0.6000,0.0000,0.00181,6.612,6.612,6.612,6.612,15831.0,0.0,31026.0,1777.0,5.0,50.0,256.0,130.0,17816.0,4.0,0.00,pathseer:1
wikidpr10m-rq1,anticorr_q0080_tau0.01,anticorr,9900207,pathseer,256,3,1,0.6000,0.0000,0.00181,5.826,5.826,5.826,5.826,15831.0,0.0,31026.0,1777.0,5.0,50.0,256.0,130.0,17816.0,4.0,0.00,pathseer:1
wikidpr10m-rq1,anticorr_q0080_tau0.01,anticorr,9900207,pathseer,512,1,1,0.8000,0.0000,0.00073,11.345,11.345,11.345,11.345,28556.0,0.0,47410.0,3242.0,10.0,119.0,576.0,200.0,23368.0,9.0,0.00,pathseer:1
wikidpr10m-rq1,anticorr_q0080_tau0.01,anticorr,9900207,pathseer,512,2,1,0.8000,0.0000,0.00073,10.142,10.142,10.142,10.142,28556.0,0.0,47410.0,3242.0,10.0,119.0,576.0,200.0,23368.0,9.0,0.00,pathseer:1
wikidpr10m-rq1,anticorr_q0080_tau0.01,anticorr,9900207,pathseer,512,3,1,0.8000,0.0000,0.00073,10.101,10.101,10.101,10.101,28556.0,0.0,47410.0,3242.0,10.0,119.0,576.0,200.0,23368.0,9.0,0.00,pathseer:1
wikidpr10m-rq1,anticorr_q0080_tau0.01,anticorr,9900207,ours-no-twohop,64,1,1,0.5000,0.0000,0.00229,2.113,2.113,2.113,2.113,6527.0,0.0,17661.0,818.0,3.0,28.0,0.0,0.0,11725.0,0.0,0.00,pathseer:1
wikidpr10m-rq1,anticorr_q0080_tau0.01,anticorr,9900207,ours-no-twohop,64,2,1,0.5000,0.0000,0.00229,2.202,2.202,2.202,2.202,6527.0,0.0,17661.0,818.0,3.0,28.0,0.0,0.0,11725.0,0.0,0.00,pathseer:1
wikidpr10m-rq1,anticorr_q0080_tau0.01,anticorr,9900207,ours-no-twohop,64,3,1,0.5000,0.0000,0.00229,1.946,1.946,1.946,1.946,6527.0,0.0,17661.0,818.0,3.0,28.0,0.0,0.0,11725.0,0.0,0.00,pathseer:1
wikidpr10m-rq1,anticorr_q0080_tau0.01,anticorr,9900207,ours-no-twohop,128,1,1,0.6000,0.0000,0.00186,3.851,3.851,3.851,3.851,11103.0,0.0,25374.0,1376.0,5.0,50.0,0.0,0.0,15565.0,0.0,0.00,pathseer:1
wikidpr10m-rq1,anticorr_q0080_tau0.01,anticorr,9900207,ours-no-twohop,128,2,1,0.6000,0.0000,0.00186,3.960,3.960,3.960,3.960,11103.0,0.0,25374.0,1376.0,5.0,50.0,0.0,0.0,15565.0,0.0,0.00,pathseer:1
wikidpr10m-rq1,anticorr_q0080_tau0.01,anticorr,9900207,ours-no-twohop,128,3,1,0.6000,0.0000,0.00186,3.756,3.756,3.756,3.756,11103.0,0.0,25374.0,1376.0,5.0,50.0,0.0,0.0,15565.0,0.0,0.00,pathseer:1
wikidpr10m-rq1,anticorr_q0080_tau0.01,anticorr,9900207,ours-no-twohop,256,1,1,0.6000,0.0000,0.00181,6.933,6.933,6.933,6.933,18400.0,0.0,36224.0,2293.0,8.0,101.0,0.0,0.0,20047.0,0.0,0.00,pathseer:1
wikidpr10m-rq1,anticorr_q0080_tau0.01,anticorr,9900207,ours-no-twohop,256,2,1,0.6000,0.0000,0.00181,6.563,6.563,6.563,6.563,18400.0,0.0,36224.0,2293.0,8.0,101.0,0.0,0.0,20047.0,0.0,0.00,pathseer:1
wikidpr10m-rq1,anticorr_q0080_tau0.01,anticorr,9900207,ours-no-twohop,256,3,1,0.6000,0.0000,0.00181,6.887,6.887,6.887,6.887,18400.0,0.0,36224.0,2293.0,8.0,101.0,0.0,0.0,20047.0,0.0,0.00,pathseer:1
wikidpr10m-rq1,anticorr_q0080_tau0.01,anticorr,9900207,ours-no-twohop,512,1,1,0.7000,0.0000,0.00116,11.158,11.158,11.158,11.158,30647.0,0.0,50475.0,3852.0,17.0,181.0,0.0,0.0,24087.0,0.0,0.00,pathseer:1
wikidpr10m-rq1,anticorr_q0080_tau0.01,anticorr,9900207,ours-no-twohop,512,2,1,0.7000,0.0000,0.00116,11.255,11.255,11.255,11.255,30647.0,0.0,50475.0,3852.0,17.0,181.0,0.0,0.0,24087.0,0.0,0.00,pathseer:1
wikidpr10m-rq1,anticorr_q0080_tau0.01,anticorr,9900207,ours-no-twohop,512,3,1,0.7000,0.0000,0.00116,12.028,12.028,12.028,12.028,30647.0,0.0,50475.0,3852.0,17.0,181.0,0.0,0.0,24087.0,0.0,0.00,pathseer:1
wikidpr10m-rq1,anticorr_q0080_tau0.01,anticorr,9900207,ours-guard,64,1,1,0.5000,0.0000,0.00229,2.496,2.496,2.496,2.496,4507.0,0.0,15888.0,697.0,3.0,28.0,0.0,0.0,11188.0,0.0,0.00,pathseer:1
wikidpr10m-rq1,anticorr_q0080_tau0.01,anticorr,9900207,ours-guard,64,2,1,0.5000,0.0000,0.00229,2.224,2.224,2.224,2.224,4507.0,0.0,15888.0,697.0,3.0,28.0,0.0,0.0,11188.0,0.0,0.00,pathseer:1
wikidpr10m-rq1,anticorr_q0080_tau0.01,anticorr,9900207,ours-guard,64,3,1,0.5000,0.0000,0.00229,1.896,1.896,1.896,1.896,4507.0,0.0,15888.0,697.0,3.0,28.0,0.0,0.0,11188.0,0.0,0.00,pathseer:1
wikidpr10m-rq1,anticorr_q0080_tau0.01,anticorr,9900207,ours-guard,128,1,1,0.6000,0.0000,0.00186,3.109,3.109,3.109,3.109,7847.0,0.0,23581.0,1200.0,5.0,50.0,0.0,0.0,15401.0,0.0,0.00,pathseer:1
wikidpr10m-rq1,anticorr_q0080_tau0.01,anticorr,9900207,ours-guard,128,2,1,0.6000,0.0000,0.00186,3.009,3.009,3.009,3.009,7847.0,0.0,23581.0,1200.0,5.0,50.0,0.0,0.0,15401.0,0.0,0.00,pathseer:1
wikidpr10m-rq1,anticorr_q0080_tau0.01,anticorr,9900207,ours-guard,128,3,1,0.6000,0.0000,0.00186,3.006,3.006,3.006,3.006,7847.0,0.0,23581.0,1200.0,5.0,50.0,0.0,0.0,15401.0,0.0,0.00,pathseer:1
wikidpr10m-rq1,anticorr_q0080_tau0.01,anticorr,9900207,ours-guard,256,1,1,0.6000,0.0000,0.00181,5.601,5.601,5.601,5.601,13654.0,0.0,34634.0,2028.0,8.0,101.0,0.0,0.0,20338.0,0.0,0.00,pathseer:1
wikidpr10m-rq1,anticorr_q0080_tau0.01,anticorr,9900207,ours-guard,256,2,1,0.6000,0.0000,0.00181,6.510,6.510,6.510,6.510,13654.0,0.0,34634.0,2028.0,8.0,101.0,0.0,0.0,20338.0,0.0,0.00,pathseer:1
wikidpr10m-rq1,anticorr_q0080_tau0.01,anticorr,9900207,ours-guard,256,3,1,0.6000,0.0000,0.00181,5.579,5.579,5.579,5.579,13654.0,0.0,34634.0,2028.0,8.0,101.0,0.0,0.0,20338.0,0.0,0.00,pathseer:1
wikidpr10m-rq1,anticorr_q0080_tau0.01,anticorr,9900207,ours-guard,512,1,1,0.8000,0.0000,0.00073,9.776,9.776,9.776,9.776,23217.0,0.0,49781.0,3471.0,17.0,181.0,0.0,0.0,25402.0,0.0,0.00,pathseer:1
wikidpr10m-rq1,anticorr_q0080_tau0.01,anticorr,9900207,ours-guard,512,2,1,0.8000,0.0000,0.00073,9.440,9.440,9.440,9.440,23217.0,0.0,49781.0,3471.0,17.0,181.0,0.0,0.0,25402.0,0.0,0.00,pathseer:1
wikidpr10m-rq1,anticorr_q0080_tau0.01,anticorr,9900207,ours-guard,512,3,1,0.8000,0.0000,0.00073,9.330,9.330,9.330,9.330,23217.0,0.0,49781.0,3471.0,17.0,181.0,0.0,0.0,25402.0,0.0,0.00,pathseer:1
wikidpr10m-rq1,anticorr_q0080_tau0.03,anticorr,9899376,sweeping,64,1,1,0.8000,0.0000,0.00133,0.633,0.633,0.633,0.633,4812.0,0.0,559.0,185.0,3.0,4.0,0.0,0.0,0.0,0.0,0.00,sweeping:1
wikidpr10m-rq1,anticorr_q0080_tau0.03,anticorr,9899376,sweeping,64,2,1,0.8000,0.0000,0.00133,0.559,0.559,0.559,0.559,4812.0,0.0,559.0,185.0,3.0,4.0,0.0,0.0,0.0,0.0,0.00,sweeping:1
wikidpr10m-rq1,anticorr_q0080_tau0.03,anticorr,9899376,sweeping,64,3,1,0.8000,0.0000,0.00133,0.578,0.578,0.578,0.578,4812.0,0.0,559.0,185.0,3.0,4.0,0.0,0.0,0.0,0.0,0.00,sweeping:1
wikidpr10m-rq1,anticorr_q0080_tau0.03,anticorr,9899376,sweeping,128,1,1,1.0000,1.0000,0.00000,1.143,1.143,1.143,1.143,7447.0,0.0,882.0,334.0,5.0,7.0,0.0,0.0,0.0,0.0,0.00,sweeping:1
wikidpr10m-rq1,anticorr_q0080_tau0.03,anticorr,9899376,sweeping,128,2,1,1.0000,1.0000,0.00000,1.169,1.169,1.169,1.169,7447.0,0.0,882.0,334.0,5.0,7.0,0.0,0.0,0.0,0.0,0.00,sweeping:1
wikidpr10m-rq1,anticorr_q0080_tau0.03,anticorr,9899376,sweeping,128,3,1,1.0000,1.0000,0.00000,0.988,0.988,0.988,0.988,7447.0,0.0,882.0,334.0,5.0,7.0,0.0,0.0,0.0,0.0,0.00,sweeping:1
wikidpr10m-rq1,anticorr_q0080_tau0.03,anticorr,9899376,sweeping,256,1,1,1.0000,1.0000,0.00000,2.155,2.155,2.155,2.155,11581.0,0.0,1415.0,574.0,8.0,13.0,0.0,0.0,0.0,0.0,0.00,sweeping:1
wikidpr10m-rq1,anticorr_q0080_tau0.03,anticorr,9899376,sweeping,256,2,1,1.0000,1.0000,0.00000,2.167,2.167,2.167,2.167,11581.0,0.0,1415.0,574.0,8.0,13.0,0.0,0.0,0.0,0.0,0.00,sweeping:1
wikidpr10m-rq1,anticorr_q0080_tau0.03,anticorr,9899376,sweeping,256,3,1,1.0000,1.0000,0.00000,1.906,1.906,1.906,1.906,11581.0,0.0,1415.0,574.0,8.0,13.0,0.0,0.0,0.0,0.0,0.00,sweeping:1
wikidpr10m-rq1,anticorr_q0080_tau0.03,anticorr,9899376,sweeping,512,1,1,1.0000,1.0000,0.00000,3.757,3.757,3.757,3.757,17855.0,0.0,2430.0,1041.0,17.0,25.0,0.0,0.0,0.0,0.0,0.00,sweeping:1
wikidpr10m-rq1,anticorr_q0080_tau0.03,anticorr,9899376,sweeping,512,2,1,1.0000,1.0000,0.00000,3.681,3.681,3.681,3.681,17855.0,0.0,2430.0,1041.0,17.0,25.0,0.0,0.0,0.0,0.0,0.00,sweeping:1
wikidpr10m-rq1,anticorr_q0080_tau0.03,anticorr,9899376,sweeping,512,3,1,1.0000,1.0000,0.00000,3.749,3.749,3.749,3.749,17855.0,0.0,2430.0,1041.0,17.0,25.0,0.0,0.0,0.0,0.0,0.00,sweeping:1
wikidpr10m-rq1,anticorr_q0080_tau0.03,anticorr,9899376,pathseer,64,1,1,0.8000,0.0000,0.00114,0.519,0.519,0.519,0.519,3235.0,0.0,2384.0,128.0,2.0,2.0,64.0,59.0,567.0,1.0,0.00,pathseer:1
wikidpr10m-rq1,anticorr_q0080_tau0.03,anticorr,9899376,pathseer,64,2,1,0.8000,0.0000,0.00114,0.548,0.548,0.548,0.548,3235.0,0.0,2384.0,128.0,2.0,2.0,64.0,59.0,567.0,1.0,0.00,pathseer:1
wikidpr10m-rq1,anticorr_q0080_tau0.03,anticorr,9899376,pathseer,64,3,1,0.8000,0.0000,0.00114,0.483,0.483,0.483,0.483,3235.0,0.0,2384.0,128.0,2.0,2.0,64.0,59.0,567.0,1.0,0.00,pathseer:1
wikidpr10m-rq1,anticorr_q0080_tau0.03,anticorr,9899376,pathseer,128,1,1,1.0000,1.0000,0.00000,0.875,0.875,0.875,0.875,5362.0,0.0,3789.0,236.0,3.0,3.0,128.0,121.0,826.0,2.0,0.00,pathseer:1
wikidpr10m-rq1,anticorr_q0080_tau0.03,anticorr,9899376,pathseer,128,2,1,1.0000,1.0000,0.00000,0.838,0.838,0.838,0.838,5362.0,0.0,3789.0,236.0,3.0,3.0,128.0,121.0,826.0,2.0,0.00,pathseer:1
wikidpr10m-rq1,anticorr_q0080_tau0.03,anticorr,9899376,pathseer,128,3,1,1.0000,1.0000,0.00000,0.897,0.897,0.897,0.897,5362.0,0.0,3789.0,236.0,3.0,3.0,128.0,121.0,826.0,2.0,0.00,pathseer:1
wikidpr10m-rq1,anticorr_q0080_tau0.03,anticorr,9899376,pathseer,256,1,1,1.0000,1.0000,0.00000,1.597,1.597,1.597,1.597,8832.0,0.0,5557.0,417.0,4.0,5.0,192.0,175.0,1051.0,3.0,0.00,pathseer:1
wikidpr10m-rq1,anticorr_q0080_tau0.03,anticorr,9899376,pathseer,256,2,1,1.0000,1.0000,0.00000,1.500,1.500,1.500,1.500,8832.0,0.0,5557.0,417.0,4.0,5.0,192.0,175.0,1051.0,3.0,0.00,pathseer:1
wikidpr10m-rq1,anticorr_q0080_tau0.03,anticorr,9899376,pathseer,256,3,1,1.0000,1.0000,0.00000,1.701,1.701,1.701,1.701,8832.0,0.0,5557.0,417.0,4.0,5.0,192.0,175.0,1051.0,3.0,0.00,pathseer:1
wikidpr10m-rq1,anticorr_q0080_tau0.03,anticorr,9899376,pathseer,512,1,1,1.0000,1.0000,0.00000,4.062,4.062,4.062,4.062,14271.0,0.0,8829.0,802.0,7.0,9.0,384.0,326.0,1423.0,6.0,0.00,pathseer:1
wikidpr10m-rq1,anticorr_q0080_tau0.03,anticorr,9899376,pathseer,512,2,1,1.0000,1.0000,0.00000,3.775,3.775,3.775,3.775,14271.0,0.0,8829.0,802.0,7.0,9.0,384.0,326.0,1423.0,6.0,0.00,pathseer:1
wikidpr10m-rq1,anticorr_q0080_tau0.03,anticorr,9899376,pathseer,512,3,1,1.0000,1.0000,0.00000,3.459,3.459,3.459,3.459,14271.0,0.0,8829.0,802.0,7.0,9.0,384.0,326.0,1423.0,6.0,0.00,pathseer:1
wikidpr10m-rq1,anticorr_q0080_tau0.03,anticorr,9899376,ours-no-twohop,64,1,1,0.8000,0.0000,0.00114,0.532,0.532,0.532,0.532,3398.0,0.0,2460.0,135.0,3.0,4.0,0.0,0.0,613.0,0.0,0.00,pathseer:1
wikidpr10m-rq1,anticorr_q0080_tau0.03,anticorr,9899376,ours-no-twohop,64,2,1,0.8000,0.0000,0.00114,0.491,0.491,0.491,0.491,3398.0,0.0,2460.0,135.0,3.0,4.0,0.0,0.0,613.0,0.0,0.00,pathseer:1
wikidpr10m-rq1,anticorr_q0080_tau0.03,anticorr,9899376,ours-no-twohop,64,3,1,0.8000,0.0000,0.00114,0.494,0.494,0.494,0.494,3398.0,0.0,2460.0,135.0,3.0,4.0,0.0,0.0,613.0,0.0,0.00,pathseer:1
wikidpr10m-rq1,anticorr_q0080_tau0.03,anticorr,9899376,ours-no-twohop,128,1,1,1.0000,1.0000,0.00000,0.911,0.911,0.911,0.911,5346.0,0.0,3677.0,242.0,5.0,7.0,0.0,0.0,843.0,0.0,0.00,pathseer:1
wikidpr10m-rq1,anticorr_q0080_tau0.03,anticorr,9899376,ours-no-twohop,128,2,1,1.0000,1.0000,0.00000,0.825,0.825,0.825,0.825,5346.0,0.0,3677.0,242.0,5.0,7.0,0.0,0.0,843.0,0.0,0.00,pathseer:1
wikidpr10m-rq1,anticorr_q0080_tau0.03,anticorr,9899376,ours-no-twohop,128,3,1,1.0000,1.0000,0.00000,0.836,0.836,0.836,0.836,5346.0,0.0,3677.0,242.0,5.0,7.0,0.0,0.0,843.0,0.0,0.00,pathseer:1
wikidpr10m-rq1,anticorr_q0080_tau0.03,anticorr,9899376,ours-no-twohop,256,1,1,1.0000,1.0000,0.00000,1.789,1.789,1.789,1.789,8883.0,0.0,5517.0,441.0,8.0,13.0,0.0,0.0,1102.0,0.0,0.00,pathseer:1
wikidpr10m-rq1,anticorr_q0080_tau0.03,anticorr,9899376,ours-no-twohop,256,2,1,1.0000,1.0000,0.00000,1.745,1.745,1.745,1.745,8883.0,0.0,5517.0,441.0,8.0,13.0,0.0,0.0,1102.0,0.0,0.00,pathseer:1
wikidpr10m-rq1,anticorr_q0080_tau0.03,anticorr,9899376,ours-no-twohop,256,3,1,1.0000,1.0000,0.00000,1.604,1.604,1.604,1.604,8883.0,0.0,5517.0,441.0,8.0,13.0,0.0,0.0,1102.0,0.0,0.00,pathseer:1
wikidpr10m-rq1,anticorr_q0080_tau0.03,anticorr,9899376,ours-no-twohop,512,1,1,1.0000,1.0000,0.00000,3.295,3.295,3.295,3.295,14322.0,0.0,8569.0,843.0,17.0,25.0,0.0,0.0,1406.0,0.0,0.00,pathseer:1
wikidpr10m-rq1,anticorr_q0080_tau0.03,anticorr,9899376,ours-no-twohop,512,2,1,1.0000,1.0000,0.00000,3.436,3.436,3.436,3.436,14322.0,0.0,8569.0,843.0,17.0,25.0,0.0,0.0,1406.0,0.0,0.00,pathseer:1
wikidpr10m-rq1,anticorr_q0080_tau0.03,anticorr,9899376,ours-no-twohop,512,3,1,1.0000,1.0000,0.00000,3.055,3.055,3.055,3.055,14322.0,0.0,8569.0,843.0,17.0,25.0,0.0,0.0,1406.0,0.0,0.00,pathseer:1
wikidpr10m-rq1,anticorr_q0080_tau0.03,anticorr,9899376,ours-guard,64,1,1,0.6000,0.0000,0.00443,0.740,0.740,0.740,0.740,1906.0,0.0,2862.0,76.0,3.0,4.0,0.0,0.0,775.0,0.0,0.00,pathseer:1
wikidpr10m-rq1,anticorr_q0080_tau0.03,anticorr,9899376,ours-guard,64,2,1,0.6000,0.0000,0.00443,0.391,0.391,0.391,0.391,1906.0,0.0,2862.0,76.0,3.0,4.0,0.0,0.0,775.0,0.0,0.00,pathseer:1
wikidpr10m-rq1,anticorr_q0080_tau0.03,anticorr,9899376,ours-guard,64,3,1,0.6000,0.0000,0.00443,0.395,0.395,0.395,0.395,1906.0,0.0,2862.0,76.0,3.0,4.0,0.0,0.0,775.0,0.0,0.00,pathseer:1
wikidpr10m-rq1,anticorr_q0080_tau0.03,anticorr,9899376,ours-guard,128,1,1,1.0000,1.0000,0.00000,0.685,0.685,0.685,0.685,3418.0,0.0,4993.0,163.0,5.0,7.0,0.0,0.0,1274.0,0.0,0.00,pathseer:1
wikidpr10m-rq1,anticorr_q0080_tau0.03,anticorr,9899376,ours-guard,128,2,1,1.0000,1.0000,0.00000,0.661,0.661,0.661,0.661,3418.0,0.0,4993.0,163.0,5.0,7.0,0.0,0.0,1274.0,0.0,0.00,pathseer:1
wikidpr10m-rq1,anticorr_q0080_tau0.03,anticorr,9899376,ours-guard,128,3,1,1.0000,1.0000,0.00000,0.675,0.675,0.675,0.675,3418.0,0.0,4993.0,163.0,5.0,7.0,0.0,0.0,1274.0,0.0,0.00,pathseer:1
wikidpr10m-rq1,anticorr_q0080_tau0.03,anticorr,9899376,ours-guard,256,1,1,1.0000,1.0000,0.00000,1.593,1.593,1.593,1.593,6191.0,0.0,8734.0,337.0,8.0,13.0,0.0,0.0,2053.0,0.0,0.00,pathseer:1
wikidpr10m-rq1,anticorr_q0080_tau0.03,anticorr,9899376,ours-guard,256,2,1,1.0000,1.0000,0.00000,1.416,1.416,1.416,1.416,6191.0,0.0,8734.0,337.0,8.0,13.0,0.0,0.0,2053.0,0.0,0.00,pathseer:1
wikidpr10m-rq1,anticorr_q0080_tau0.03,anticorr,9899376,ours-guard,256,3,1,1.0000,1.0000,0.00000,1.377,1.377,1.377,1.377,6191.0,0.0,8734.0,337.0,8.0,13.0,0.0,0.0,2053.0,0.0,0.00,pathseer:1
wikidpr10m-rq1,anticorr_q0080_tau0.03,anticorr,9899376,ours-guard,512,1,1,1.0000,1.0000,0.00000,2.910,2.910,2.910,2.910,10694.0,0.0,14605.0,676.0,17.0,25.0,0.0,0.0,3030.0,0.0,0.00,pathseer:1
wikidpr10m-rq1,anticorr_q0080_tau0.03,anticorr,9899376,ours-guard,512,2,1,1.0000,1.0000,0.00000,2.831,2.831,2.831,2.831,10694.0,0.0,14605.0,676.0,17.0,25.0,0.0,0.0,3030.0,0.0,0.00,pathseer:1
wikidpr10m-rq1,anticorr_q0080_tau0.03,anticorr,9899376,ours-guard,512,3,1,1.0000,1.0000,0.00000,2.932,2.932,2.932,2.932,10694.0,0.0,14605.0,676.0,17.0,25.0,0.0,0.0,3030.0,0.0,0.00,pathseer:1
wikidpr10m-rq1,anticorr_q0085_tau0.01,anticorr,9899881,sweeping,64,1,1,0.3000,0.0000,0.00748,9.179,9.179,9.179,9.179,43083.0,0.0,3519.0,1837.0,2.0,3.0,0.0,0.0,0.0,0.0,0.00,sweeping:1
wikidpr10m-rq1,anticorr_q0085_tau0.01,anticorr,9899881,sweeping,64,2,1,0.3000,0.0000,0.00748,8.074,8.074,8.074,8.074,43083.0,0.0,3519.0,1837.0,2.0,3.0,0.0,0.0,0.0,0.0,0.00,sweeping:1
wikidpr10m-rq1,anticorr_q0085_tau0.01,anticorr,9899881,sweeping,64,3,1,0.3000,0.0000,0.00748,8.030,8.030,8.030,8.030,43083.0,0.0,3519.0,1837.0,2.0,3.0,0.0,0.0,0.0,0.0,0.00,sweeping:1
wikidpr10m-rq1,anticorr_q0085_tau0.01,anticorr,9899881,sweeping,128,1,1,0.3000,0.0000,0.00748,11.313,11.313,11.313,11.313,57188.0,0.0,4865.0,2444.0,4.0,7.0,0.0,0.0,0.0,0.0,0.00,sweeping:1
wikidpr10m-rq1,anticorr_q0085_tau0.01,anticorr,9899881,sweeping,128,2,1,0.3000,0.0000,0.00748,11.461,11.461,11.461,11.461,57188.0,0.0,4865.0,2444.0,4.0,7.0,0.0,0.0,0.0,0.0,0.00,sweeping:1
wikidpr10m-rq1,anticorr_q0085_tau0.01,anticorr,9899881,sweeping,128,3,1,0.3000,0.0000,0.00748,12.572,12.572,12.572,12.572,57188.0,0.0,4865.0,2444.0,4.0,7.0,0.0,0.0,0.0,0.0,0.00,sweeping:1
wikidpr10m-rq1,anticorr_q0085_tau0.01,anticorr,9899881,sweeping,256,1,1,0.5000,0.0000,0.00405,18.981,18.981,18.981,18.981,80424.0,0.0,6927.0,3438.0,7.0,44.0,0.0,0.0,0.0,0.0,0.00,sweeping:1
wikidpr10m-rq1,anticorr_q0085_tau0.01,anticorr,9899881,sweeping,256,2,1,0.5000,0.0000,0.00405,18.527,18.527,18.527,18.527,80424.0,0.0,6927.0,3438.0,7.0,44.0,0.0,0.0,0.0,0.0,0.00,sweeping:1
wikidpr10m-rq1,anticorr_q0085_tau0.01,anticorr,9899881,sweeping,256,3,1,0.5000,0.0000,0.00405,18.956,18.956,18.956,18.956,80424.0,0.0,6927.0,3438.0,7.0,44.0,0.0,0.0,0.0,0.0,0.00,sweeping:1
wikidpr10m-rq1,anticorr_q0085_tau0.01,anticorr,9899881,sweeping,512,1,1,0.7000,0.0000,0.00057,29.142,29.142,29.142,29.142,112294.0,0.0,9976.0,4887.0,17.0,85.0,0.0,0.0,0.0,0.0,0.00,sweeping:1
wikidpr10m-rq1,anticorr_q0085_tau0.01,anticorr,9899881,sweeping,512,2,1,0.7000,0.0000,0.00057,28.246,28.246,28.246,28.246,112294.0,0.0,9976.0,4887.0,17.0,85.0,0.0,0.0,0.0,0.0,0.00,sweeping:1
wikidpr10m-rq1,anticorr_q0085_tau0.01,anticorr,9899881,sweeping,512,3,1,0.7000,0.0000,0.00057,29.068,29.068,29.068,29.068,112294.0,0.0,9976.0,4887.0,17.0,85.0,0.0,0.0,0.0,0.0,0.00,sweeping:1
wikidpr10m-rq1,anticorr_q0085_tau0.01,anticorr,9899881,pathseer,64,1,1,0.0000,0.0000,0.02094,1.258,1.258,1.258,1.258,6619.0,0.0,6954.0,241.0,2.0,2.0,64.0,64.0,2562.0,1.0,0.00,pathseer:1
wikidpr10m-rq1,anticorr_q0085_tau0.01,anticorr,9899881,pathseer,64,2,1,0.0000,0.0000,0.02094,1.097,1.097,1.097,1.097,6619.0,0.0,6954.0,241.0,2.0,2.0,64.0,64.0,2562.0,1.0,0.00,pathseer:1
wikidpr10m-rq1,anticorr_q0085_tau0.01,anticorr,9899881,pathseer,64,3,1,0.0000,0.0000,0.02094,1.063,1.063,1.063,1.063,6619.0,0.0,6954.0,241.0,2.0,2.0,64.0,64.0,2562.0,1.0,0.00,pathseer:1
wikidpr10m-rq1,anticorr_q0085_tau0.01,anticorr,9899881,pathseer,128,1,1,0.1000,0.0000,0.00832,2.611,2.611,2.611,2.611,11990.0,0.0,11894.0,443.0,2.0,3.0,64.0,64.0,4049.0,1.0,0.00,pathseer:1
wikidpr10m-rq1,anticorr_q0085_tau0.01,anticorr,9899881,pathseer,128,2,1,0.1000,0.0000,0.00832,2.974,2.974,2.974,2.974,11990.0,0.0,11894.0,443.0,2.0,3.0,64.0,64.0,4049.0,1.0,0.00,pathseer:1
wikidpr10m-rq1,anticorr_q0085_tau0.01,anticorr,9899881,pathseer,128,3,1,0.1000,0.0000,0.00832,2.999,2.999,2.999,2.999,11990.0,0.0,11894.0,443.0,2.0,3.0,64.0,64.0,4049.0,1.0,0.00,pathseer:1
wikidpr10m-rq1,anticorr_q0085_tau0.01,anticorr,9899881,pathseer,256,1,1,0.5000,0.0000,0.00155,5.379,5.379,5.379,5.379,20834.0,0.0,19590.0,782.0,4.0,4.0,192.0,178.0,6196.0,3.0,0.00,pathseer:1
wikidpr10m-rq1,anticorr_q0085_tau0.01,anticorr,9899881,pathseer,256,2,1,0.5000,0.0000,0.00155,5.112,5.112,5.112,5.112,20834.0,0.0,19590.0,782.0,4.0,4.0,192.0,178.0,6196.0,3.0,0.00,pathseer:1
wikidpr10m-rq1,anticorr_q0085_tau0.01,anticorr,9899881,pathseer,256,3,1,0.5000,0.0000,0.00155,5.704,5.704,5.704,5.704,20834.0,0.0,19590.0,782.0,4.0,4.0,192.0,178.0,6196.0,3.0,0.00,pathseer:1
wikidpr10m-rq1,anticorr_q0085_tau0.01,anticorr,9899881,pathseer,512,1,1,0.7000,0.0000,0.00018,10.163,10.163,10.163,10.163,39888.0,0.0,35935.0,1653.0,7.0,34.0,384.0,333.0,10622.0,6.0,0.00,pathseer:1
wikidpr10m-rq1,anticorr_q0085_tau0.01,anticorr,9899881,pathseer,512,2,1,0.7000,0.0000,0.00018,9.954,9.954,9.954,9.954,39888.0,0.0,35935.0,1653.0,7.0,34.0,384.0,333.0,10622.0,6.0,0.00,pathseer:1
wikidpr10m-rq1,anticorr_q0085_tau0.01,anticorr,9899881,pathseer,512,3,1,0.7000,0.0000,0.00018,9.814,9.814,9.814,9.814,39888.0,0.0,35935.0,1653.0,7.0,34.0,384.0,333.0,10622.0,6.0,0.00,pathseer:1
wikidpr10m-rq1,anticorr_q0085_tau0.01,anticorr,9899881,ours-no-twohop,64,1,1,0.0000,0.0000,0.01995,1.306,1.306,1.306,1.306,6871.0,0.0,7185.0,258.0,2.0,3.0,0.0,0.0,2725.0,0.0,0.00,pathseer:1
wikidpr10m-rq1,anticorr_q0085_tau0.01,anticorr,9899881,ours-no-twohop,64,2,1,0.0000,0.0000,0.01995,1.146,1.146,1.146,1.146,6871.0,0.0,7185.0,258.0,2.0,3.0,0.0,0.0,2725.0,0.0,0.00,pathseer:1
wikidpr10m-rq1,anticorr_q0085_tau0.01,anticorr,9899881,ours-no-twohop,64,3,1,0.0000,0.0000,0.01995,1.268,1.268,1.268,1.268,6871.0,0.0,7185.0,258.0,2.0,3.0,0.0,0.0,2725.0,0.0,0.00,pathseer:1
wikidpr10m-rq1,anticorr_q0085_tau0.01,anticorr,9899881,ours-no-twohop,128,1,1,0.2000,0.0000,0.00953,2.670,2.670,2.670,2.670,12199.0,0.0,12409.0,481.0,4.0,7.0,0.0,0.0,4404.0,0.0,0.00,pathseer:1
wikidpr10m-rq1,anticorr_q0085_tau0.01,anticorr,9899881,ours-no-twohop,128,2,1,0.2000,0.0000,0.00953,2.668,2.668,2.668,2.668,12199.0,0.0,12409.0,481.0,4.0,7.0,0.0,0.0,4404.0,0.0,0.00,pathseer:1
wikidpr10m-rq1,anticorr_q0085_tau0.01,anticorr,9899881,ours-no-twohop,128,3,1,0.2000,0.0000,0.00953,2.668,2.668,2.668,2.668,12199.0,0.0,12409.0,481.0,4.0,7.0,0.0,0.0,4404.0,0.0,0.00,pathseer:1
wikidpr10m-rq1,anticorr_q0085_tau0.01,anticorr,9899881,ours-no-twohop,256,1,1,0.6000,0.0000,0.00172,6.221,6.221,6.221,6.221,24630.0,0.0,25946.0,1176.0,7.0,44.0,0.0,0.0,8788.0,0.0,0.00,pathseer:1
wikidpr10m-rq1,anticorr_q0085_tau0.01,anticorr,9899881,ours-no-twohop,256,2,1,0.6000,0.0000,0.00172,6.231,6.231,6.231,6.231,24630.0,0.0,25946.0,1176.0,7.0,44.0,0.0,0.0,8788.0,0.0,0.00,pathseer:1
wikidpr10m-rq1,anticorr_q0085_tau0.01,anticorr,9899881,ours-no-twohop,256,3,1,0.6000,0.0000,0.00172,6.361,6.361,6.361,6.361,24630.0,0.0,25946.0,1176.0,7.0,44.0,0.0,0.0,8788.0,0.0,0.00,pathseer:1
wikidpr10m-rq1,anticorr_q0085_tau0.01,anticorr,9899881,ours-no-twohop,512,1,1,0.8000,0.0000,0.00005,12.217,12.217,12.217,12.217,43355.0,0.0,41209.0,2026.0,17.0,85.0,0.0,0.0,11948.0,0.0,0.00,pathseer:1
wikidpr10m-rq1,anticorr_q0085_tau0.01,anticorr,9899881,ours-no-twohop,512,2,1,0.8000,0.0000,0.00005,11.030,11.030,11.030,11.030,43355.0,0.0,41209.0,2026.0,17.0,85.0,0.0,0.0,11948.0,0.0,0.00,pathseer:1
wikidpr10m-rq1,anticorr_q0085_tau0.01,anticorr,9899881,ours-no-twohop,512,3,1,0.8000,0.0000,0.00005,11.591,11.591,11.591,11.591,43355.0,0.0,41209.0,2026.0,17.0,85.0,0.0,0.0,11948.0,0.0,0.00,pathseer:1
wikidpr10m-rq1,anticorr_q0085_tau0.01,anticorr,9899881,ours-guard,64,1,1,0.0000,0.0000,0.01991,0.449,0.449,0.449,0.449,2217.0,0.0,3231.0,69.0,2.0,3.0,0.0,0.0,837.0,0.0,0.00,pathseer:1
wikidpr10m-rq1,anticorr_q0085_tau0.01,anticorr,9899881,ours-guard,64,2,1,0.0000,0.0000,0.01991,0.459,0.459,0.459,0.459,2217.0,0.0,3231.0,69.0,2.0,3.0,0.0,0.0,837.0,0.0,0.00,pathseer:1
wikidpr10m-rq1,anticorr_q0085_tau0.01,anticorr,9899881,ours-guard,64,3,1,0.0000,0.0000,0.01991,0.443,0.443,0.443,0.443,2217.0,0.0,3231.0,69.0,2.0,3.0,0.0,0.0,837.0,0.0,0.00,pathseer:1
wikidpr10m-rq1,anticorr_q0085_tau0.01,anticorr,9899881,ours-guard,128,1,1,0.2000,0.0000,0.00985,1.283,1.283,1.283,1.283,5695.0,0.0,9015.0,229.0,4.0,7.0,0.0,0.0,2940.0,0.0,0.00,pathseer:1
wikidpr10m-rq1,anticorr_q0085_tau0.01,anticorr,9899881,ours-guard,128,2,1,0.2000,0.0000,0.00985,1.124,1.124,1.124,1.124,5695.0,0.0,9015.0,229.0,4.0,7.0,0.0,0.0,2940.0,0.0,0.00,pathseer:1
wikidpr10m-rq1,anticorr_q0085_tau0.01,anticorr,9899881,ours-guard,128,3,1,0.2000,0.0000,0.00985,1.270,1.270,1.270,1.270,5695.0,0.0,9015.0,229.0,4.0,7.0,0.0,0.0,2940.0,0.0,0.00,pathseer:1
wikidpr10m-rq1,anticorr_q0085_tau0.01,anticorr,9899881,ours-guard,256,1,1,0.6000,0.0000,0.00179,5.028,5.028,5.028,5.028,17044.0,0.0,26717.0,922.0,7.0,44.0,0.0,0.0,8907.0,0.0,0.00,pathseer:1
wikidpr10m-rq1,anticorr_q0085_tau0.01,anticorr,9899881,ours-guard,256,2,1,0.6000,0.0000,0.00179,4.857,4.857,4.857,4.857,17044.0,0.0,26717.0,922.0,7.0,44.0,0.0,0.0,8907.0,0.0,0.00,pathseer:1
wikidpr10m-rq1,anticorr_q0085_tau0.01,anticorr,9899881,ours-guard,256,3,1,0.6000,0.0000,0.00179,4.845,4.845,4.845,4.845,17044.0,0.0,26717.0,922.0,7.0,44.0,0.0,0.0,8907.0,0.0,0.00,pathseer:1
wikidpr10m-rq1,anticorr_q0085_tau0.01,anticorr,9899881,ours-guard,512,1,1,0.6000,0.0000,0.00125,9.131,9.131,9.131,9.131,30982.0,0.0,45064.0,1608.0,17.0,85.0,0.0,0.0,12673.0,0.0,0.00,pathseer:1
wikidpr10m-rq1,anticorr_q0085_tau0.01,anticorr,9899881,ours-guard,512,2,1,0.6000,0.0000,0.00125,9.338,9.338,9.338,9.338,30982.0,0.0,45064.0,1608.0,17.0,85.0,0.0,0.0,12673.0,0.0,0.00,pathseer:1
wikidpr10m-rq1,anticorr_q0085_tau0.01,anticorr,9899881,ours-guard,512,3,1,0.6000,0.0000,0.00125,9.901,9.901,9.901,9.901,30982.0,0.0,45064.0,1608.0,17.0,85.0,0.0,0.0,12673.0,0.0,0.00,pathseer:1
wikidpr10m-rq1,anticorr_q0085_tau0.03,anticorr,9899588,sweeping,64,1,1,1.0000,1.0000,0.00000,0.720,0.720,0.720,0.720,4543.0,0.0,549.0,198.0,2.0,2.0,0.0,0.0,0.0,0.0,0.00,sweeping:1
wikidpr10m-rq1,anticorr_q0085_tau0.03,anticorr,9899588,sweeping,64,2,1,1.0000,1.0000,0.00000,0.666,0.666,0.666,0.666,4543.0,0.0,549.0,198.0,2.0,2.0,0.0,0.0,0.0,0.0,0.00,sweeping:1
wikidpr10m-rq1,anticorr_q0085_tau0.03,anticorr,9899588,sweeping,64,3,1,1.0000,1.0000,0.00000,0.569,0.569,0.569,0.569,4543.0,0.0,549.0,198.0,2.0,2.0,0.0,0.0,0.0,0.0,0.00,sweeping:1
wikidpr10m-rq1,anticorr_q0085_tau0.03,anticorr,9899588,sweeping,128,1,1,1.0000,1.0000,0.00000,1.839,1.839,1.839,1.839,7720.0,0.0,842.0,329.0,4.0,4.0,0.0,0.0,0.0,0.0,0.00,sweeping:1
wikidpr10m-rq1,anticorr_q0085_tau0.03,anticorr,9899588,sweeping,128,2,1,1.0000,1.0000,0.00000,1.129,1.129,1.129,1.129,7720.0,0.0,842.0,329.0,4.0,4.0,0.0,0.0,0.0,0.0,0.00,sweeping:1
wikidpr10m-rq1,anticorr_q0085_tau0.03,anticorr,9899588,sweeping,128,3,1,1.0000,1.0000,0.00000,1.099,1.099,1.099,1.099,7720.0,0.0,842.0,329.0,4.0,4.0,0.0,0.0,0.0,0.0,0.00,sweeping:1
wikidpr10m-rq1,anticorr_q0085_tau0.03,anticorr,9899588,sweeping,256,1,1,1.0000,1.0000,0.00000,2.594,2.594,2.594,2.594,13569.0,0.0,1326.0,560.0,7.0,10.0,0.0,0.0,0.0,0.0,0.00,sweeping:1
wikidpr10m-rq1,anticorr_q0085_tau0.03,anticorr,9899588,sweeping,256,2,1,1.0000,1.0000,0.00000,2.461,2.461,2.461,2.461,13569.0,0.0,1326.0,560.0,7.0,10.0,0.0,0.0,0.0,0.0,0.00,sweeping:1
wikidpr10m-rq1,anticorr_q0085_tau0.03,anticorr,9899588,sweeping,256,3,1,1.0000,1.0000,0.00000,2.377,2.377,2.377,2.377,13569.0,0.0,1326.0,560.0,7.0,10.0,0.0,0.0,0.0,0.0,0.00,sweeping:1
wikidpr10m-rq1,anticorr_q0085_tau0.03,anticorr,9899588,sweeping,512,1,1,1.0000,1.0000,0.00000,4.960,4.960,4.960,4.960,23077.0,0.0,2218.0,960.0,17.0,28.0,0.0,0.0,0.0,0.0,0.00,sweeping:1
wikidpr10m-rq1,anticorr_q0085_tau0.03,anticorr,9899588,sweeping,512,2,1,1.0000,1.0000,0.00000,5.439,5.439,5.439,5.439,23077.0,0.0,2218.0,960.0,17.0,28.0,0.0,0.0,0.0,0.0,0.00,sweeping:1
wikidpr10m-rq1,anticorr_q0085_tau0.03,anticorr,9899588,sweeping,512,3,1,1.0000,1.0000,0.00000,5.604,5.604,5.604,5.604,23077.0,0.0,2218.0,960.0,17.0,28.0,0.0,0.0,0.0,0.0,0.00,sweeping:1
wikidpr10m-rq1,anticorr_q0085_tau0.03,anticorr,9899588,pathseer,64,1,1,1.0000,1.0000,0.00000,0.494,0.494,0.494,0.494,3067.0,0.0,2105.0,121.0,2.0,2.0,64.0,64.0,355.0,1.0,0.00,pathseer:1
wikidpr10m-rq1,anticorr_q0085_tau0.03,anticorr,9899588,pathseer,64,2,1,1.0000,1.0000,0.00000,1.054,1.054,1.054,1.054,3067.0,0.0,2105.0,121.0,2.0,2.0,64.0,64.0,355.0,1.0,0.00,pathseer:1
wikidpr10m-rq1,anticorr_q0085_tau0.03,anticorr,9899588,pathseer,64,3,1,1.0000,1.0000,0.00000,0.544,0.544,0.544,0.544,3067.0,0.0,2105.0,121.0,2.0,2.0,64.0,64.0,355.0,1.0,0.00,pathseer:1
wikidpr10m-rq1,anticorr_q0085_tau0.03,anticorr,9899588,pathseer,128,1,1,1.0000,1.0000,0.00000,0.907,0.907,0.907,0.907,5857.0,0.0,3568.0,225.0,2.0,2.0,64.0,64.0,500.0,1.0,0.00,pathseer:1
wikidpr10m-rq1,anticorr_q0085_tau0.03,anticorr,9899588,pathseer,128,2,1,1.0000,1.0000,0.00000,0.865,0.865,0.865,0.865,5857.0,0.0,3568.0,225.0,2.0,2.0,64.0,64.0,500.0,1.0,0.00,pathseer:1
wikidpr10m-rq1,anticorr_q0085_tau0.03,anticorr,9899588,pathseer,128,3,1,1.0000,1.0000,0.00000,0.937,0.937,0.937,0.937,5857.0,0.0,3568.0,225.0,2.0,2.0,64.0,64.0,500.0,1.0,0.00,pathseer:1
wikidpr10m-rq1,anticorr_q0085_tau0.03,anticorr,9899588,pathseer,256,1,1,1.0000,1.0000,0.00000,1.952,1.952,1.952,1.952,10780.0,0.0,5781.0,408.0,4.0,4.0,192.0,189.0,649.0,3.0,0.00,pathseer:1
wikidpr10m-rq1,anticorr_q0085_tau0.03,anticorr,9899588,pathseer,256,2,1,1.0000,1.0000,0.00000,2.542,2.542,2.542,2.542,10780.0,0.0,5781.0,408.0,4.0,4.0,192.0,189.0,649.0,3.0,0.00,pathseer:1
wikidpr10m-rq1,anticorr_q0085_tau0.03,anticorr,9899588,pathseer,256,3,1,1.0000,1.0000,0.00000,1.955,1.955,1.955,1.955,10780.0,0.0,5781.0,408.0,4.0,4.0,192.0,189.0,649.0,3.0,0.00,pathseer:1
wikidpr10m-rq1,anticorr_q0085_tau0.03,anticorr,9899588,pathseer,512,1,1,1.0000,1.0000,0.00000,4.486,4.486,4.486,4.486,19200.0,0.0,8869.0,745.0,6.0,7.0,320.0,307.0,802.0,5.0,0.00,pathseer:1
wikidpr10m-rq1,anticorr_q0085_tau0.03,anticorr,9899588,pathseer,512,2,1,1.0000,1.0000,0.00000,4.394,4.394,4.394,4.394,19200.0,0.0,8869.0,745.0,6.0,7.0,320.0,307.0,802.0,5.0,0.00,pathseer:1
wikidpr10m-rq1,anticorr_q0085_tau0.03,anticorr,9899588,pathseer,512,3,1,1.0000,1.0000,0.00000,4.856,4.856,4.856,4.856,19200.0,0.0,8869.0,745.0,6.0,7.0,320.0,307.0,802.0,5.0,0.00,pathseer:1
wikidpr10m-rq1,anticorr_q0085_tau0.03,anticorr,9899588,ours-no-twohop,64,1,1,1.0000,1.0000,0.00000,0.474,0.474,0.474,0.474,3003.0,0.0,2020.0,121.0,2.0,2.0,0.0,0.0,355.0,0.0,0.00,pathseer:1
wikidpr10m-rq1,anticorr_q0085_tau0.03,anticorr,9899588,ours-no-twohop,64,2,1,1.0000,1.0000,0.00000,0.467,0.467,0.467,0.467,3003.0,0.0,2020.0,121.0,2.0,2.0,0.0,0.0,355.0,0.0,0.00,pathseer:1
wikidpr10m-rq1,anticorr_q0085_tau0.03,anticorr,9899588,ours-no-twohop,64,3,1,1.0000,1.0000,0.00000,0.504,0.504,0.504,0.504,3003.0,0.0,2020.0,121.0,2.0,2.0,0.0,0.0,355.0,0.0,0.00,pathseer:1
wikidpr10m-rq1,anticorr_q0085_tau0.03,anticorr,9899588,ours-no-twohop,128,1,1,1.0000,1.0000,0.00000,0.914,0.914,0.914,0.914,5717.0,0.0,3358.0,222.0,4.0,4.0,0.0,0.0,494.0,0.0,0.00,pathseer:1
wikidpr10m-rq1,anticorr_q0085_tau0.03,anticorr,9899588,ours-no-twohop,128,2,1,1.0000,1.0000,0.00000,0.890,0.890,0.890,0.890,5717.0,0.0,3358.0,222.0,4.0,4.0,0.0,0.0,494.0,0.0,0.00,pathseer:1
wikidpr10m-rq1,anticorr_q0085_tau0.03,anticorr,9899588,ours-no-twohop,128,3,1,1.0000,1.0000,0.00000,0.810,0.810,0.810,0.810,5717.0,0.0,3358.0,222.0,4.0,4.0,0.0,0.0,494.0,0.0,0.00,pathseer:1
wikidpr10m-rq1,anticorr_q0085_tau0.03,anticorr,9899588,ours-no-twohop,256,1,1,1.0000,1.0000,0.00000,1.821,1.821,1.821,1.821,10571.0,0.0,5323.0,420.0,7.0,10.0,0.0,0.0,639.0,0.0,0.00,pathseer:1
wikidpr10m-rq1,anticorr_q0085_tau0.03,anticorr,9899588,ours-no-twohop,256,2,1,1.0000,1.0000,0.00000,2.022,2.022,2.022,2.022,10571.0,0.0,5323.0,420.0,7.0,10.0,0.0,0.0,639.0,0.0,0.00,pathseer:1
wikidpr10m-rq1,anticorr_q0085_tau0.03,anticorr,9899588,ours-no-twohop,256,3,1,1.0000,1.0000,0.00000,1.880,1.880,1.880,1.880,10571.0,0.0,5323.0,420.0,7.0,10.0,0.0,0.0,639.0,0.0,0.00,pathseer:1
wikidpr10m-rq1,anticorr_q0085_tau0.03,anticorr,9899588,ours-no-twohop,512,1,1,1.0000,1.0000,0.00000,4.724,4.724,4.724,4.724,19680.0,0.0,9087.0,807.0,17.0,28.0,0.0,0.0,861.0,0.0,0.00,pathseer:1
wikidpr10m-rq1,anticorr_q0085_tau0.03,anticorr,9899588,ours-no-twohop,512,2,1,1.0000,1.0000,0.00000,4.953,4.953,4.953,4.953,19680.0,0.0,9087.0,807.0,17.0,28.0,0.0,0.0,861.0,0.0,0.00,pathseer:1
wikidpr10m-rq1,anticorr_q0085_tau0.03,anticorr,9899588,ours-no-twohop,512,3,1,1.0000,1.0000,0.00000,4.770,4.770,4.770,4.770,19680.0,0.0,9087.0,807.0,17.0,28.0,0.0,0.0,861.0,0.0,0.00,pathseer:1
wikidpr10m-rq1,anticorr_q0085_tau0.03,anticorr,9899588,ours-guard,64,1,1,0.8000,0.0000,0.00442,0.402,0.402,0.402,0.402,1807.0,0.0,2575.0,70.0,2.0,2.0,0.0,0.0,478.0,0.0,0.00,pathseer:1
wikidpr10m-rq1,anticorr_q0085_tau0.03,anticorr,9899588,ours-guard,64,2,1,0.8000,0.0000,0.00442,0.376,0.376,0.376,0.376,1807.0,0.0,2575.0,70.0,2.0,2.0,0.0,0.0,478.0,0.0,0.00,pathseer:1
wikidpr10m-rq1,anticorr_q0085_tau0.03,anticorr,9899588,ours-guard,64,3,1,0.8000,0.0000,0.00442,0.375,0.375,0.375,0.375,1807.0,0.0,2575.0,70.0,2.0,2.0,0.0,0.0,478.0,0.0,0.00,pathseer:1
wikidpr10m-rq1,anticorr_q0085_tau0.03,anticorr,9899588,ours-guard,128,1,1,0.9000,0.0000,0.00034,0.728,0.728,0.728,0.728,3724.0,0.0,4877.0,135.0,4.0,4.0,0.0,0.0,769.0,0.0,0.00,pathseer:1
wikidpr10m-rq1,anticorr_q0085_tau0.03,anticorr,9899588,ours-guard,128,2,1,0.9000,0.0000,0.00034,0.678,0.678,0.678,0.678,3724.0,0.0,4877.0,135.0,4.0,4.0,0.0,0.0,769.0,0.0,0.00,pathseer:1
wikidpr10m-rq1,anticorr_q0085_tau0.03,anticorr,9899588,ours-guard,128,3,1,0.9000,0.0000,0.00034,0.746,0.746,0.746,0.746,3724.0,0.0,4877.0,135.0,4.0,4.0,0.0,0.0,769.0,0.0,0.00,pathseer:1
wikidpr10m-rq1,anticorr_q0085_tau0.03,anticorr,9899588,ours-guard,256,1,1,1.0000,1.0000,0.00000,1.577,1.577,1.577,1.577,7970.0,0.0,9810.0,333.0,7.0,10.0,0.0,0.0,1291.0,0.0,0.00,pathseer:1
wikidpr10m-rq1,anticorr_q0085_tau0.03,anticorr,9899588,ours-guard,256,2,1,1.0000,1.0000,0.00000,2.018,2.018,2.018,2.018,7970.0,0.0,9810.0,333.0,7.0,10.0,0.0,0.0,1291.0,0.0,0.00,pathseer:1
wikidpr10m-rq1,anticorr_q0085_tau0.03,anticorr,9899588,ours-guard,256,3,1,1.0000,1.0000,0.00000,1.584,1.584,1.584,1.584,7970.0,0.0,9810.0,333.0,7.0,10.0,0.0,0.0,1291.0,0.0,0.00,pathseer:1
wikidpr10m-rq1,anticorr_q0085_tau0.03,anticorr,9899588,ours-guard,512,1,1,1.0000,1.0000,0.00000,4.432,4.432,4.432,4.432,16010.0,0.0,18930.0,700.0,17.0,28.0,0.0,0.0,1982.0,0.0,0.00,pathseer:1
wikidpr10m-rq1,anticorr_q0085_tau0.03,anticorr,9899588,ours-guard,512,2,1,1.0000,1.0000,0.00000,4.304,4.304,4.304,4.304,16010.0,0.0,18930.0,700.0,17.0,28.0,0.0,0.0,1982.0,0.0,0.00,pathseer:1
wikidpr10m-rq1,anticorr_q0085_tau0.03,anticorr,9899588,ours-guard,512,3,1,1.0000,1.0000,0.00000,4.617,4.617,4.617,4.617,16010.0,0.0,18930.0,700.0,17.0,28.0,0.0,0.0,1982.0,0.0,0.00,pathseer:1
wikidpr10m-rq1,anticorr_q0095_tau0.01,anticorr,9899707,sweeping,64,1,1,0.5000,0.0000,0.00375,3.108,3.108,3.108,3.108,17190.0,0.0,1305.0,501.0,3.0,5.0,0.0,0.0,0.0,0.0,0.00,sweeping:1
wikidpr10m-rq1,anticorr_q0095_tau0.01,anticorr,9899707,sweeping,64,2,1,0.5000,0.0000,0.00375,2.867,2.867,2.867,2.867,17190.0,0.0,1305.0,501.0,3.0,5.0,0.0,0.0,0.0,0.0,0.00,sweeping:1
wikidpr10m-rq1,anticorr_q0095_tau0.01,anticorr,9899707,sweeping,64,3,1,0.5000,0.0000,0.00375,2.790,2.790,2.790,2.790,17190.0,0.0,1305.0,501.0,3.0,5.0,0.0,0.0,0.0,0.0,0.00,sweeping:1
wikidpr10m-rq1,anticorr_q0095_tau0.01,anticorr,9899707,sweeping,128,1,1,0.5000,0.0000,0.00354,4.810,4.810,4.810,4.810,26307.0,0.0,2203.0,824.0,5.0,9.0,0.0,0.0,0.0,0.0,0.00,sweeping:1
wikidpr10m-rq1,anticorr_q0095_tau0.01,anticorr,9899707,sweeping,128,2,1,0.5000,0.0000,0.00354,4.902,4.902,4.902,4.902,26307.0,0.0,2203.0,824.0,5.0,9.0,0.0,0.0,0.0,0.0,0.00,sweeping:1
wikidpr10m-rq1,anticorr_q0095_tau0.01,anticorr,9899707,sweeping,128,3,1,0.5000,0.0000,0.00354,4.761,4.761,4.761,4.761,26307.0,0.0,2203.0,824.0,5.0,9.0,0.0,0.0,0.0,0.0,0.00,sweeping:1
wikidpr10m-rq1,anticorr_q0095_tau0.01,anticorr,9899707,sweeping,256,1,1,0.5000,0.0000,0.00250,8.174,8.174,8.174,8.174,38821.0,0.0,3628.0,1330.0,8.0,19.0,0.0,0.0,0.0,0.0,0.00,sweeping:1
wikidpr10m-rq1,anticorr_q0095_tau0.01,anticorr,9899707,sweeping,256,2,1,0.5000,0.0000,0.00250,7.274,7.274,7.274,7.274,38821.0,0.0,3628.0,1330.0,8.0,19.0,0.0,0.0,0.0,0.0,0.00,sweeping:1
wikidpr10m-rq1,anticorr_q0095_tau0.01,anticorr,9899707,sweeping,256,3,1,0.5000,0.0000,0.00250,7.304,7.304,7.304,7.304,38821.0,0.0,3628.0,1330.0,8.0,19.0,0.0,0.0,0.0,0.0,0.00,sweeping:1
wikidpr10m-rq1,anticorr_q0095_tau0.01,anticorr,9899707,sweeping,512,1,1,0.5000,0.0000,0.00231,12.645,12.645,12.645,12.645,60102.0,0.0,6034.0,2193.0,16.0,30.0,0.0,0.0,0.0,0.0,0.00,sweeping:1
wikidpr10m-rq1,anticorr_q0095_tau0.01,anticorr,9899707,sweeping,512,2,1,0.5000,0.0000,0.00231,13.253,13.253,13.253,13.253,60102.0,0.0,6034.0,2193.0,16.0,30.0,0.0,0.0,0.0,0.0,0.00,sweeping:1
wikidpr10m-rq1,anticorr_q0095_tau0.01,anticorr,9899707,sweeping,512,3,1,0.5000,0.0000,0.00231,13.880,13.880,13.880,13.880,60102.0,0.0,6034.0,2193.0,16.0,30.0,0.0,0.0,0.0,0.0,0.00,sweeping:1
wikidpr10m-rq1,anticorr_q0095_tau0.01,anticorr,9899707,pathseer,64,1,1,0.3000,0.0000,0.00768,1.008,1.008,1.008,1.008,5556.0,0.0,5365.0,188.0,2.0,2.0,64.0,51.0,2034.0,1.0,0.00,pathseer:1
wikidpr10m-rq1,anticorr_q0095_tau0.01,anticorr,9899707,pathseer,64,2,1,0.3000,0.0000,0.00768,0.905,0.905,0.905,0.905,5556.0,0.0,5365.0,188.0,2.0,2.0,64.0,51.0,2034.0,1.0,0.00,pathseer:1
wikidpr10m-rq1,anticorr_q0095_tau0.01,anticorr,9899707,pathseer,64,3,1,0.3000,0.0000,0.00768,0.850,0.850,0.850,0.850,5556.0,0.0,5365.0,188.0,2.0,2.0,64.0,51.0,2034.0,1.0,0.00,pathseer:1
wikidpr10m-rq1,anticorr_q0095_tau0.01,anticorr,9899707,pathseer,128,1,1,0.3000,0.0000,0.00539,1.867,1.867,1.867,1.867,9897.0,0.0,8737.0,339.0,3.0,3.0,128.0,94.0,3043.0,2.0,0.00,pathseer:1
wikidpr10m-rq1,anticorr_q0095_tau0.01,anticorr,9899707,pathseer,128,2,1,0.3000,0.0000,0.00539,2.027,2.027,2.027,2.027,9897.0,0.0,8737.0,339.0,3.0,3.0,128.0,94.0,3043.0,2.0,0.00,pathseer:1
wikidpr10m-rq1,anticorr_q0095_tau0.01,anticorr,9899707,pathseer,128,3,1,0.3000,0.0000,0.00539,2.149,2.149,2.149,2.149,9897.0,0.0,8737.0,339.0,3.0,3.0,128.0,94.0,3043.0,2.0,0.00,pathseer:1
wikidpr10m-rq1,anticorr_q0095_tau0.01,anticorr,9899707,pathseer,256,1,1,0.3000,0.0000,0.00476,3.745,3.745,3.745,3.745,16613.0,0.0,13741.0,589.0,5.0,5.0,256.0,177.0,4261.0,4.0,0.00,pathseer:1
wikidpr10m-rq1,anticorr_q0095_tau0.01,anticorr,9899707,pathseer,256,2,1,0.3000,0.0000,0.00476,3.878,3.878,3.878,3.878,16613.0,0.0,13741.0,589.0,5.0,5.0,256.0,177.0,4261.0,4.0,0.00,pathseer:1
wikidpr10m-rq1,anticorr_q0095_tau0.01,anticorr,9899707,pathseer,256,3,1,0.3000,0.0000,0.00476,4.557,4.557,4.557,4.557,16613.0,0.0,13741.0,589.0,5.0,5.0,256.0,177.0,4261.0,4.0,0.00,pathseer:1
wikidpr10m-rq1,anticorr_q0095_tau0.01,anticorr,9899707,pathseer,512,1,1,0.5000,0.0000,0.00231,7.533,7.533,7.533,7.533,30246.0,0.0,23343.0,1136.0,8.0,16.0,448.0,315.0,6436.0,7.0,0.00,pathseer:1
wikidpr10m-rq1,anticorr_q0095_tau0.01,anticorr,9899707,pathseer,512,2,1,0.5000,0.0000,0.00231,7.633,7.633,7.633,7.633,30246.0,0.0,23343.0,1136.0,8.0,16.0,448.0,315.0,6436.0,7.0,0.00,pathseer:1
wikidpr10m-rq1,anticorr_q0095_tau0.01,anticorr,9899707,pathseer,512,3,1,0.5000,0.0000,0.00231,8.113,8.113,8.113,8.113,30246.0,0.0,23343.0,1136.0,8.0,16.0,448.0,315.0,6436.0,7.0,0.00,pathseer:1
wikidpr10m-rq1,anticorr_q0095_tau0.01,anticorr,9899707,ours-no-twohop,64,1,1,0.3000,0.0000,0.00768,0.949,0.949,0.949,0.949,5512.0,0.0,5267.0,188.0,3.0,5.0,0.0,0.0,2031.0,0.0,0.00,pathseer:1
wikidpr10m-rq1,anticorr_q0095_tau0.01,anticorr,9899707,ours-no-twohop,64,2,1,0.3000,0.0000,0.00768,0.831,0.831,0.831,0.831,5512.0,0.0,5267.0,188.0,3.0,5.0,0.0,0.0,2031.0,0.0,0.00,pathseer:1
wikidpr10m-rq1,anticorr_q0095_tau0.01,anticorr,9899707,ours-no-twohop,64,3,1,0.3000,0.0000,0.00768,0.886,0.886,0.886,0.886,5512.0,0.0,5267.0,188.0,3.0,5.0,0.0,0.0,2031.0,0.0,0.00,pathseer:1
wikidpr10m-rq1,anticorr_q0095_tau0.01,anticorr,9899707,ours-no-twohop,128,1,1,0.3000,0.0000,0.00619,1.831,1.831,1.831,1.831,9691.0,0.0,8541.0,339.0,5.0,9.0,0.0,0.0,3032.0,0.0,0.00,pathseer:1
wikidpr10m-rq1,anticorr_q0095_tau0.01,anticorr,9899707,ours-no-twohop,128,2,1,0.3000,0.0000,0.00619,1.705,1.705,1.705,1.705,9691.0,0.0,8541.0,339.0,5.0,9.0,0.0,0.0,3032.0,0.0,0.00,pathseer:1
wikidpr10m-rq1,anticorr_q0095_tau0.01,anticorr,9899707,ours-no-twohop,128,3,1,0.3000,0.0000,0.00619,1.908,1.908,1.908,1.908,9691.0,0.0,8541.0,339.0,5.0,9.0,0.0,0.0,3032.0,0.0,0.00,pathseer:1
wikidpr10m-rq1,anticorr_q0095_tau0.01,anticorr,9899707,ours-no-twohop,256,1,1,0.5000,0.0000,0.00241,4.767,4.767,4.767,4.767,17457.0,0.0,14700.0,647.0,8.0,19.0,0.0,0.0,4655.0,0.0,0.00,pathseer:1
wikidpr10m-rq1,anticorr_q0095_tau0.01,anticorr,9899707,ours-no-twohop,256,2,1,0.5000,0.0000,0.00241,3.855,3.855,3.855,3.855,17457.0,0.0,14700.0,647.0,8.0,19.0,0.0,0.0,4655.0,0.0,0.00,pathseer:1
wikidpr10m-rq1,anticorr_q0095_tau0.01,anticorr,9899707,ours-no-twohop,256,3,1,0.5000,0.0000,0.00241,3.799,3.799,3.799,3.799,17457.0,0.0,14700.0,647.0,8.0,19.0,0.0,0.0,4655.0,0.0,0.00,pathseer:1
wikidpr10m-rq1,anticorr_q0095_tau0.01,anticorr,9899707,ours-no-twohop,512,1,1,0.5000,0.0000,0.00231,8.171,8.171,8.171,8.171,30351.0,0.0,23229.0,1166.0,16.0,30.0,0.0,0.0,6513.0,0.0,0.00,pathseer:1
wikidpr10m-rq1,anticorr_q0095_tau0.01,anticorr,9899707,ours-no-twohop,512,2,1,0.5000,0.0000,0.00231,7.730,7.730,7.730,7.730,30351.0,0.0,23229.0,1166.0,16.0,30.0,0.0,0.0,6513.0,0.0,0.00,pathseer:1
wikidpr10m-rq1,anticorr_q0095_tau0.01,anticorr,9899707,ours-no-twohop,512,3,1,0.5000,0.0000,0.00231,7.110,7.110,7.110,7.110,30351.0,0.0,23229.0,1166.0,16.0,30.0,0.0,0.0,6513.0,0.0,0.00,pathseer:1
wikidpr10m-rq1,anticorr_q0095_tau0.01,anticorr,9899707,ours-guard,64,1,1,0.1000,0.0000,0.01487,0.523,0.523,0.523,0.523,2622.0,0.0,4186.0,93.0,3.0,5.0,0.0,0.0,1371.0,0.0,0.00,pathseer:1
wikidpr10m-rq1,anticorr_q0095_tau0.01,anticorr,9899707,ours-guard,64,2,1,0.1000,0.0000,0.01487,0.500,0.500,0.500,0.500,2622.0,0.0,4186.0,93.0,3.0,5.0,0.0,0.0,1371.0,0.0,0.00,pathseer:1
wikidpr10m-rq1,anticorr_q0095_tau0.01,anticorr,9899707,ours-guard,64,3,1,0.1000,0.0000,0.01487,0.531,0.531,0.531,0.531,2622.0,0.0,4186.0,93.0,3.0,5.0,0.0,0.0,1371.0,0.0,0.00,pathseer:1
wikidpr10m-rq1,anticorr_q0095_tau0.01,anticorr,9899707,ours-guard,128,1,1,0.1000,0.0000,0.01082,0.969,0.969,0.969,0.969,4757.0,0.0,7767.0,177.0,5.0,9.0,0.0,0.0,2668.0,0.0,0.00,pathseer:1
wikidpr10m-rq1,anticorr_q0095_tau0.01,anticorr,9899707,ours-guard,128,2,1,0.1000,0.0000,0.01082,0.946,0.946,0.946,0.946,4757.0,0.0,7767.0,177.0,5.0,9.0,0.0,0.0,2668.0,0.0,0.00,pathseer:1
wikidpr10m-rq1,anticorr_q0095_tau0.01,anticorr,9899707,ours-guard,128,3,1,0.1000,0.0000,0.01082,0.924,0.924,0.924,0.924,4757.0,0.0,7767.0,177.0,5.0,9.0,0.0,0.0,2668.0,0.0,0.00,pathseer:1
wikidpr10m-rq1,anticorr_q0095_tau0.01,anticorr,9899707,ours-guard,256,1,1,0.4000,0.0000,0.00444,2.777,2.777,2.777,2.777,9464.0,0.0,14982.0,382.0,8.0,19.0,0.0,0.0,4787.0,0.0,0.00,pathseer:1
wikidpr10m-rq1,anticorr_q0095_tau0.01,anticorr,9899707,ours-guard,256,2,1,0.4000,0.0000,0.00444,2.224,2.224,2.224,2.224,9464.0,0.0,14982.0,382.0,8.0,19.0,0.0,0.0,4787.0,0.0,0.00,pathseer:1
wikidpr10m-rq1,anticorr_q0095_tau0.01,anticorr,9899707,ours-guard,256,3,1,0.4000,0.0000,0.00444,2.135,2.135,2.135,2.135,9464.0,0.0,14982.0,382.0,8.0,19.0,0.0,0.0,4787.0,0.0,0.00,pathseer:1
wikidpr10m-rq1,anticorr_q0095_tau0.01,anticorr,9899707,ours-guard,512,1,1,0.5000,0.0000,0.00193,5.040,5.040,5.040,5.040,17076.0,0.0,25911.0,719.0,16.0,30.0,0.0,0.0,7478.0,0.0,0.00,pathseer:1
wikidpr10m-rq1,anticorr_q0095_tau0.01,anticorr,9899707,ours-guard,512,2,1,0.5000,0.0000,0.00193,4.930,4.930,4.930,4.930,17076.0,0.0,25911.0,719.0,16.0,30.0,0.0,0.0,7478.0,0.0,0.00,pathseer:1
wikidpr10m-rq1,anticorr_q0095_tau0.01,anticorr,9899707,ours-guard,512,3,1,0.5000,0.0000,0.00193,4.848,4.848,4.848,4.848,17076.0,0.0,25911.0,719.0,16.0,30.0,0.0,0.0,7478.0,0.0,0.00,pathseer:1
wikidpr10m-rq1,anticorr_q0095_tau0.03,anticorr,9899770,sweeping,64,1,1,0.7000,0.0000,0.00260,0.654,0.654,0.654,0.654,3490.0,0.0,378.0,91.0,3.0,4.0,0.0,0.0,0.0,0.0,0.00,sweeping:1
wikidpr10m-rq1,anticorr_q0095_tau0.03,anticorr,9899770,sweeping,64,2,1,0.7000,0.0000,0.00260,0.419,0.419,0.419,0.419,3490.0,0.0,378.0,91.0,3.0,4.0,0.0,0.0,0.0,0.0,0.00,sweeping:1
wikidpr10m-rq1,anticorr_q0095_tau0.03,anticorr,9899770,sweeping,64,3,1,0.7000,0.0000,0.00260,0.495,0.495,0.495,0.495,3490.0,0.0,378.0,91.0,3.0,4.0,0.0,0.0,0.0,0.0,0.00,sweeping:1
wikidpr10m-rq1,anticorr_q0095_tau0.03,anticorr,9899770,sweeping,128,1,1,0.7000,0.0000,0.00231,0.895,0.895,0.895,0.895,6465.0,0.0,642.0,167.0,5.0,5.0,0.0,0.0,0.0,0.0,0.00,sweeping:1
wikidpr10m-rq1,anticorr_q0095_tau0.03,anticorr,9899770,sweeping,128,2,1,0.7000,0.0000,0.00231,0.896,0.896,0.896,0.896,6465.0,0.0,642.0,167.0,5.0,5.0,0.0,0.0,0.0,0.0,0.00,sweeping:1
wikidpr10m-rq1,anticorr_q0095_tau0.03,anticorr,9899770,sweeping,128,3,1,0.7000,0.0000,0.00231,0.731,0.731,0.731,0.731,6465.0,0.0,642.0,167.0,5.0,5.0,0.0,0.0,0.0,0.0,0.00,sweeping:1
wikidpr10m-rq1,anticorr_q0095_tau0.03,anticorr,9899770,sweeping,256,1,1,0.8000,0.0000,0.00196,2.182,2.182,2.182,2.182,12052.0,0.0,1144.0,335.0,8.0,9.0,0.0,0.0,0.0,0.0,0.00,sweeping:1
wikidpr10m-rq1,anticorr_q0095_tau0.03,anticorr,9899770,sweeping,256,2,1,0.8000,0.0000,0.00196,2.061,2.061,2.061,2.061,12052.0,0.0,1144.0,335.0,8.0,9.0,0.0,0.0,0.0,0.0,0.00,sweeping:1
wikidpr10m-rq1,anticorr_q0095_tau0.03,anticorr,9899770,sweeping,256,3,1,0.8000,0.0000,0.00196,2.006,2.006,2.006,2.006,12052.0,0.0,1144.0,335.0,8.0,9.0,0.0,0.0,0.0,0.0,0.00,sweeping:1
wikidpr10m-rq1,anticorr_q0095_tau0.03,anticorr,9899770,sweeping,512,1,1,0.8000,0.0000,0.00196,4.355,4.355,4.355,4.355,21332.0,0.0,2154.0,637.0,16.0,18.0,0.0,0.0,0.0,0.0,0.00,sweeping:1
wikidpr10m-rq1,anticorr_q0095_tau0.03,anticorr,9899770,sweeping,512,2,1,0.8000,0.0000,0.00196,4.481,4.481,4.481,4.481,21332.0,0.0,2154.0,637.0,16.0,18.0,0.0,0.0,0.0,0.0,0.00,sweeping:1
wikidpr10m-rq1,anticorr_q0095_tau0.03,anticorr,9899770,sweeping,512,3,1,0.8000,0.0000,0.00196,4.450,4.450,4.450,4.450,21332.0,0.0,2154.0,637.0,16.0,18.0,0.0,0.0,0.0,0.0,0.00,sweeping:1
wikidpr10m-rq1,anticorr_q0095_tau0.03,anticorr,9899770,pathseer,64,1,1,0.7000,0.0000,0.00260,0.427,0.427,0.427,0.427,3195.0,0.0,1022.0,82.0,2.0,2.0,64.0,59.0,55.0,1.0,0.00,pathseer:1
wikidpr10m-rq1,anticorr_q0095_tau0.03,anticorr,9899770,pathseer,64,2,1,0.7000,0.0000,0.00260,0.459,0.459,0.459,0.459,3195.0,0.0,1022.0,82.0,2.0,2.0,64.0,59.0,55.0,1.0,0.00,pathseer:1
wikidpr10m-rq1,anticorr_q0095_tau0.03,anticorr,9899770,pathseer,64,3,1,0.7000,0.0000,0.00260,0.488,0.488,0.488,0.488,3195.0,0.0,1022.0,82.0,2.0,2.0,64.0,59.0,55.0,1.0,0.00,pathseer:1
wikidpr10m-rq1,anticorr_q0095_tau0.03,anticorr,9899770,pathseer,128,1,1,0.7000,0.0000,0.00231,0.846,0.846,0.846,0.846,6187.0,0.0,1970.0,161.0,3.0,3.0,128.0,113.0,92.0,2.0,0.00,pathseer:1
wikidpr10m-rq1,anticorr_q0095_tau0.03,anticorr,9899770,pathseer,128,2,1,0.7000,0.0000,0.00231,0.773,0.773,0.773,0.773,6187.0,0.0,1970.0,161.0,3.0,3.0,128.0,113.0,92.0,2.0,0.00,pathseer:1
wikidpr10m-rq1,anticorr_q0095_tau0.03,anticorr,9899770,pathseer,128,3,1,0.7000,0.0000,0.00231,0.777,0.777,0.777,0.777,6187.0,0.0,1970.0,161.0,3.0,3.0,128.0,113.0,92.0,2.0,0.00,pathseer:1
wikidpr10m-rq1,anticorr_q0095_tau0.03,anticorr,9899770,pathseer,256,1,1,0.8000,0.0000,0.00196,2.031,2.031,2.031,2.031,11337.0,0.0,3663.0,317.0,4.0,4.0,192.0,175.0,179.0,3.0,0.00,pathseer:1
wikidpr10m-rq1,anticorr_q0095_tau0.03,anticorr,9899770,pathseer,256,2,1,0.8000,0.0000,0.00196,2.070,2.070,2.070,2.070,11337.0,0.0,3663.0,317.0,4.0,4.0,192.0,175.0,179.0,3.0,0.00,pathseer:1
wikidpr10m-rq1,anticorr_q0095_tau0.03,anticorr,9899770,pathseer,256,3,1,0.8000,0.0000,0.00196,2.173,2.173,2.173,2.173,11337.0,0.0,3663.0,317.0,4.0,4.0,192.0,175.0,179.0,3.0,0.00,pathseer:1
wikidpr10m-rq1,anticorr_q0095_tau0.03,anticorr,9899770,pathseer,512,1,1,0.8000,0.0000,0.00196,4.377,4.377,4.377,4.377,20268.0,0.0,6004.0,601.0,6.0,6.0,320.0,299.0,230.0,5.0,0.00,pathseer:1
wikidpr10m-rq1,anticorr_q0095_tau0.03,anticorr,9899770,pathseer,512,2,1,0.8000,0.0000,0.00196,4.274,4.274,4.274,4.274,20268.0,0.0,6004.0,601.0,6.0,6.0,320.0,299.0,230.0,5.0,0.00,pathseer:1
wikidpr10m-rq1,anticorr_q0095_tau0.03,anticorr,9899770,pathseer,512,3,1,0.8000,0.0000,0.00196,4.209,4.209,4.209,4.209,20268.0,0.0,6004.0,601.0,6.0,6.0,320.0,299.0,230.0,5.0,0.00,pathseer:1
wikidpr10m-rq1,anticorr_q0095_tau0.03,anticorr,9899770,ours-no-twohop,64,1,1,0.7000,0.0000,0.00260,0.414,0.414,0.414,0.414,3163.0,0.0,944.0,83.0,3.0,4.0,0.0,0.0,57.0,0.0,0.00,pathseer:1
wikidpr10m-rq1,anticorr_q0095_tau0.03,anticorr,9899770,ours-no-twohop,64,2,1,0.7000,0.0000,0.00260,0.461,0.461,0.461,0.461,3163.0,0.0,944.0,83.0,3.0,4.0,0.0,0.0,57.0,0.0,0.00,pathseer:1
wikidpr10m-rq1,anticorr_q0095_tau0.03,anticorr,9899770,ours-no-twohop,64,3,1,0.7000,0.0000,0.00260,0.394,0.394,0.394,0.394,3163.0,0.0,944.0,83.0,3.0,4.0,0.0,0.0,57.0,0.0,0.00,pathseer:1
wikidpr10m-rq1,anticorr_q0095_tau0.03,anticorr,9899770,ours-no-twohop,128,1,1,0.7000,0.0000,0.00231,0.960,0.960,0.960,0.960,5924.0,0.0,1735.0,159.0,5.0,5.0,0.0,0.0,94.0,0.0,0.00,pathseer:1
wikidpr10m-rq1,anticorr_q0095_tau0.03,anticorr,9899770,ours-no-twohop,128,2,1,0.7000,0.0000,0.00231,1.313,1.313,1.313,1.313,5924.0,0.0,1735.0,159.0,5.0,5.0,0.0,0.0,94.0,0.0,0.00,pathseer:1
wikidpr10m-rq1,anticorr_q0095_tau0.03,anticorr,9899770,ours-no-twohop,128,3,1,0.7000,0.0000,0.00231,1.043,1.043,1.043,1.043,5924.0,0.0,1735.0,159.0,5.0,5.0,0.0,0.0,94.0,0.0,0.00,pathseer:1
wikidpr10m-rq1,anticorr_q0095_tau0.03,anticorr,9899770,ours-no-twohop,256,1,1,0.8000,0.0000,0.00196,1.890,1.890,1.890,1.890,11140.0,0.0,3267.0,315.0,8.0,9.0,0.0,0.0,180.0,0.0,0.00,pathseer:1
wikidpr10m-rq1,anticorr_q0095_tau0.03,anticorr,9899770,ours-no-twohop,256,2,1,0.8000,0.0000,0.00196,1.924,1.924,1.924,1.924,11140.0,0.0,3267.0,315.0,8.0,9.0,0.0,0.0,180.0,0.0,0.00,pathseer:1
wikidpr10m-rq1,anticorr_q0095_tau0.03,anticorr,9899770,ours-no-twohop,256,3,1,0.8000,0.0000,0.00196,1.895,1.895,1.895,1.895,11140.0,0.0,3267.0,315.0,8.0,9.0,0.0,0.0,180.0,0.0,0.00,pathseer:1
wikidpr10m-rq1,anticorr_q0095_tau0.03,anticorr,9899770,ours-no-twohop,512,1,1,0.8000,0.0000,0.00196,4.209,4.209,4.209,4.209,20100.0,0.0,5321.0,603.0,16.0,18.0,0.0,0.0,226.0,0.0,0.00,pathseer:1
wikidpr10m-rq1,anticorr_q0095_tau0.03,anticorr,9899770,ours-no-twohop,512,2,1,0.8000,0.0000,0.00196,4.307,4.307,4.307,4.307,20100.0,0.0,5321.0,603.0,16.0,18.0,0.0,0.0,226.0,0.0,0.00,pathseer:1
wikidpr10m-rq1,anticorr_q0095_tau0.03,anticorr,9899770,ours-no-twohop,512,3,1,0.8000,0.0000,0.00196,4.423,4.423,4.423,4.423,20100.0,0.0,5321.0,603.0,16.0,18.0,0.0,0.0,226.0,0.0,0.00,pathseer:1
wikidpr10m-rq1,anticorr_q0095_tau0.03,anticorr,9899770,ours-guard,64,1,1,0.7000,0.0000,0.00260,0.440,0.440,0.440,0.440,2443.0,0.0,2937.0,68.0,3.0,4.0,0.0,0.0,268.0,0.0,0.00,pathseer:1
wikidpr10m-rq1,anticorr_q0095_tau0.03,anticorr,9899770,ours-guard,64,2,1,0.7000,0.0000,0.00260,0.892,0.892,0.892,0.892,2443.0,0.0,2937.0,68.0,3.0,4.0,0.0,0.0,268.0,0.0,0.00,pathseer:1
wikidpr10m-rq1,anticorr_q0095_tau0.03,anticorr,9899770,ours-guard,64,3,1,0.7000,0.0000,0.00260,0.431,0.431,0.431,0.431,2443.0,0.0,2937.0,68.0,3.0,4.0,0.0,0.0,268.0,0.0,0.00,pathseer:1
wikidpr10m-rq1,anticorr_q0095_tau0.03,anticorr,9899770,ours-guard,128,1,1,0.8000,0.0000,0.00196,0.846,0.846,0.846,0.846,4702.0,0.0,5585.0,135.0,5.0,5.0,0.0,0.0,476.0,0.0,0.00,pathseer:1
wikidpr10m-rq1,anticorr_q0095_tau0.03,anticorr,9899770,ours-guard,128,2,1,0.8000,0.0000,0.00196,0.773,0.773,0.773,0.773,4702.0,0.0,5585.0,135.0,5.0,5.0,0.0,0.0,476.0,0.0,0.00,pathseer:1
wikidpr10m-rq1,anticorr_q0095_tau0.03,anticorr,9899770,ours-guard,128,3,1,0.8000,0.0000,0.00196,0.763,0.763,0.763,0.763,4702.0,0.0,5585.0,135.0,5.0,5.0,0.0,0.0,476.0,0.0,0.00,pathseer:1
wikidpr10m-rq1,anticorr_q0095_tau0.03,anticorr,9899770,ours-guard,256,1,1,0.8000,0.0000,0.00196,1.811,1.811,1.811,1.811,9079.0,0.0,10578.0,265.0,8.0,9.0,0.0,0.0,803.0,0.0,0.00,pathseer:1
wikidpr10m-rq1,anticorr_q0095_tau0.03,anticorr,9899770,ours-guard,256,2,1,0.8000,0.0000,0.00196,1.950,1.950,1.950,1.950,9079.0,0.0,10578.0,265.0,8.0,9.0,0.0,0.0,803.0,0.0,0.00,pathseer:1
wikidpr10m-rq1,anticorr_q0095_tau0.03,anticorr,9899770,ours-guard,256,3,1,0.8000,0.0000,0.00196,2.403,2.403,2.403,2.403,9079.0,0.0,10578.0,265.0,8.0,9.0,0.0,0.0,803.0,0.0,0.00,pathseer:1
wikidpr10m-rq1,anticorr_q0095_tau0.03,anticorr,9899770,ours-guard,512,1,1,0.8000,0.0000,0.00196,4.139,4.139,4.139,4.139,16844.0,0.0,19488.0,530.0,16.0,18.0,0.0,0.0,1362.0,0.0,0.00,pathseer:1
wikidpr10m-rq1,anticorr_q0095_tau0.03,anticorr,9899770,ours-guard,512,2,1,0.8000,0.0000,0.00196,4.373,4.373,4.373,4.373,16844.0,0.0,19488.0,530.0,16.0,18.0,0.0,0.0,1362.0,0.0,0.00,pathseer:1
wikidpr10m-rq1,anticorr_q0095_tau0.03,anticorr,9899770,ours-guard,512,3,1,0.8000,0.0000,0.00196,4.639,4.639,4.639,4.639,16844.0,0.0,19488.0,530.0,16.0,18.0,0.0,0.0,1362.0,0.0,0.00,pathseer:1
wikidpr10m-rq1,anticorr_q0117_tau0.01,anticorr,9900126,sweeping,64,1,1,0.3000,0.0000,0.00864,6.482,6.482,6.482,6.482,28403.0,0.0,2635.0,1079.0,3.0,5.0,0.0,0.0,0.0,0.0,0.00,sweeping:1
wikidpr10m-rq1,anticorr_q0117_tau0.01,anticorr,9900126,sweeping,64,2,1,0.3000,0.0000,0.00864,5.471,5.471,5.471,5.471,28403.0,0.0,2635.0,1079.0,3.0,5.0,0.0,0.0,0.0,0.0,0.00,sweeping:1
wikidpr10m-rq1,anticorr_q0117_tau0.01,anticorr,9900126,sweeping,64,3,1,0.3000,0.0000,0.00864,5.478,5.478,5.478,5.478,28403.0,0.0,2635.0,1079.0,3.0,5.0,0.0,0.0,0.0,0.0,0.00,sweeping:1
wikidpr10m-rq1,anticorr_q0117_tau0.01,anticorr,9900126,sweeping,128,1,1,0.4000,0.0000,0.00642,9.021,9.021,9.021,9.021,42749.0,0.0,4030.0,1736.0,5.0,9.0,0.0,0.0,0.0,0.0,0.00,sweeping:1
wikidpr10m-rq1,anticorr_q0117_tau0.01,anticorr,9900126,sweeping,128,2,1,0.4000,0.0000,0.00642,8.438,8.438,8.438,8.438,42749.0,0.0,4030.0,1736.0,5.0,9.0,0.0,0.0,0.0,0.0,0.00,sweeping:1
wikidpr10m-rq1,anticorr_q0117_tau0.01,anticorr,9900126,sweeping,128,3,1,0.4000,0.0000,0.00642,8.185,8.185,8.185,8.185,42749.0,0.0,4030.0,1736.0,5.0,9.0,0.0,0.0,0.0,0.0,0.00,sweeping:1
wikidpr10m-rq1,anticorr_q0117_tau0.01,anticorr,9900126,sweeping,256,1,1,0.6000,0.0000,0.00411,17.682,17.682,17.682,17.682,59949.0,0.0,6174.0,2553.0,7.0,25.0,0.0,0.0,0.0,0.0,0.00,sweeping:1
wikidpr10m-rq1,anticorr_q0117_tau0.01,anticorr,9900126,sweeping,256,2,1,0.6000,0.0000,0.00411,14.443,14.443,14.443,14.443,59949.0,0.0,6174.0,2553.0,7.0,25.0,0.0,0.0,0.0,0.0,0.00,sweeping:1
wikidpr10m-rq1,anticorr_q0117_tau0.01,anticorr,9900126,sweeping,256,3,1,0.6000,0.0000,0.00411,13.502,13.502,13.502,13.502,59949.0,0.0,6174.0,2553.0,7.0,25.0,0.0,0.0,0.0,0.0,0.00,sweeping:1
wikidpr10m-rq1,anticorr_q0117_tau0.01,anticorr,9900126,sweeping,512,1,1,0.6000,0.0000,0.00410,22.672,22.672,22.672,22.672,86013.0,0.0,9471.0,4008.0,15.0,53.0,0.0,0.0,0.0,0.0,0.00,sweeping:1
wikidpr10m-rq1,anticorr_q0117_tau0.01,anticorr,9900126,sweeping,512,2,1,0.6000,0.0000,0.00410,22.847,22.847,22.847,22.847,86013.0,0.0,9471.0,4008.0,15.0,53.0,0.0,0.0,0.0,0.0,0.00,sweeping:1
wikidpr10m-rq1,anticorr_q0117_tau0.01,anticorr,9900126,sweeping,512,3,1,0.6000,0.0000,0.00410,21.521,21.521,21.521,21.521,86013.0,0.0,9471.0,4008.0,15.0,53.0,0.0,0.0,0.0,0.0,0.00,sweeping:1
wikidpr10m-rq1,anticorr_q0117_tau0.01,anticorr,9900126,pathseer,64,1,1,0.1000,0.0000,0.01403,0.980,0.980,0.980,0.980,5186.0,0.0,5711.0,217.0,2.0,3.0,64.0,47.0,2412.0,1.0,0.00,pathseer:1
wikidpr10m-rq1,anticorr_q0117_tau0.01,anticorr,9900126,pathseer,64,2,1,0.1000,0.0000,0.01403,0.882,0.882,0.882,0.882,5186.0,0.0,5711.0,217.0,2.0,3.0,64.0,47.0,2412.0,1.0,0.00,pathseer:1
wikidpr10m-rq1,anticorr_q0117_tau0.01,anticorr,9900126,pathseer,64,3,1,0.1000,0.0000,0.01403,0.822,0.822,0.822,0.822,5186.0,0.0,5711.0,217.0,2.0,3.0,64.0,47.0,2412.0,1.0,0.00,pathseer:1
wikidpr10m-rq1,anticorr_q0117_tau0.01,anticorr,9900126,pathseer,128,1,1,0.1000,0.0000,0.01266,1.610,1.610,1.610,1.610,9050.0,0.0,9068.0,372.0,3.0,3.0,128.0,106.0,3606.0,2.0,0.00,pathseer:1
wikidpr10m-rq1,anticorr_q0117_tau0.01,anticorr,9900126,pathseer,128,2,1,0.1000,0.0000,0.01266,1.870,1.870,1.870,1.870,9050.0,0.0,9068.0,372.0,3.0,3.0,128.0,106.0,3606.0,2.0,0.00,pathseer:1
wikidpr10m-rq1,anticorr_q0117_tau0.01,anticorr,9900126,pathseer,128,3,1,0.1000,0.0000,0.01266,1.677,1.677,1.677,1.677,9050.0,0.0,9068.0,372.0,3.0,3.0,128.0,106.0,3606.0,2.0,0.00,pathseer:1
wikidpr10m-rq1,anticorr_q0117_tau0.01,anticorr,9900126,pathseer,256,1,1,0.2000,0.0000,0.01012,4.013,4.013,4.013,4.013,16387.0,0.0,15883.0,708.0,5.0,6.0,256.0,176.0,5961.0,4.0,0.00,pathseer:1
wikidpr10m-rq1,anticorr_q0117_tau0.01,anticorr,9900126,pathseer,256,2,1,0.2000,0.0000,0.01012,4.741,4.741,4.741,4.741,16387.0,0.0,15883.0,708.0,5.0,6.0,256.0,176.0,5961.0,4.0,0.00,pathseer:1
wikidpr10m-rq1,anticorr_q0117_tau0.01,anticorr,9900126,pathseer,256,3,1,0.2000,0.0000,0.01012,3.899,3.899,3.899,3.899,16387.0,0.0,15883.0,708.0,5.0,6.0,256.0,176.0,5961.0,4.0,0.00,pathseer:1
wikidpr10m-rq1,anticorr_q0117_tau0.01,anticorr,9900126,pathseer,512,1,1,0.5000,0.0000,0.00448,8.557,8.557,8.557,8.557,32095.0,0.0,30222.0,1481.0,7.0,24.0,384.0,267.0,10620.0,6.0,0.00,pathseer:1
wikidpr10m-rq1,anticorr_q0117_tau0.01,anticorr,9900126,pathseer,512,2,1,0.5000,0.0000,0.00448,9.238,9.238,9.238,9.238,32095.0,0.0,30222.0,1481.0,7.0,24.0,384.0,267.0,10620.0,6.0,0.00,pathseer:1
wikidpr10m-rq1,anticorr_q0117_tau0.01,anticorr,9900126,pathseer,512,3,1,0.5000,0.0000,0.00448,11.820,11.820,11.820,11.820,32095.0,0.0,30222.0,1481.0,7.0,24.0,384.0,267.0,10620.0,6.0,0.00,pathseer:1
wikidpr10m-rq1,anticorr_q0117_tau0.01,anticorr,9900126,ours-no-twohop,64,1,1,0.1000,0.0000,0.01392,1.175,1.175,1.175,1.175,5134.0,0.0,5835.0,227.0,3.0,5.0,0.0,0.0,2620.0,0.0,0.00,pathseer:1
wikidpr10m-rq1,anticorr_q0117_tau0.01,anticorr,9900126,ours-no-twohop,64,2,1,0.1000,0.0000,0.01392,1.205,1.205,1.205,1.205,5134.0,0.0,5835.0,227.0,3.0,5.0,0.0,0.0,2620.0,0.0,0.00,pathseer:1
wikidpr10m-rq1,anticorr_q0117_tau0.01,anticorr,9900126,ours-no-twohop,64,3,1,0.1000,0.0000,0.01392,1.749,1.749,1.749,1.749,5134.0,0.0,5835.0,227.0,3.0,5.0,0.0,0.0,2620.0,0.0,0.00,pathseer:1
wikidpr10m-rq1,anticorr_q0117_tau0.01,anticorr,9900126,ours-no-twohop,128,1,1,0.1000,0.0000,0.01266,2.942,2.942,2.942,2.942,9230.0,0.0,9619.0,402.0,5.0,9.0,0.0,0.0,4026.0,0.0,0.00,pathseer:1
wikidpr10m-rq1,anticorr_q0117_tau0.01,anticorr,9900126,ours-no-twohop,128,2,1,0.1000,0.0000,0.01266,3.022,3.022,3.022,3.022,9230.0,0.0,9619.0,402.0,5.0,9.0,0.0,0.0,4026.0,0.0,0.00,pathseer:1
wikidpr10m-rq1,anticorr_q0117_tau0.01,anticorr,9900126,ours-no-twohop,128,3,1,0.1000,0.0000,0.01266,2.605,2.605,2.605,2.605,9230.0,0.0,9619.0,402.0,5.0,9.0,0.0,0.0,4026.0,0.0,0.00,pathseer:1
wikidpr10m-rq1,anticorr_q0117_tau0.01,anticorr,9900126,ours-no-twohop,256,1,1,0.2000,0.0000,0.00885,5.824,5.824,5.824,5.824,17926.0,0.0,18718.0,872.0,7.0,25.0,0.0,0.0,7427.0,0.0,0.00,pathseer:1
wikidpr10m-rq1,anticorr_q0117_tau0.01,anticorr,9900126,ours-no-twohop,256,2,1,0.2000,0.0000,0.00885,5.220,5.220,5.220,5.220,17926.0,0.0,18718.0,872.0,7.0,25.0,0.0,0.0,7427.0,0.0,0.00,pathseer:1
wikidpr10m-rq1,anticorr_q0117_tau0.01,anticorr,9900126,ours-no-twohop,256,3,1,0.2000,0.0000,0.00885,4.916,4.916,4.916,4.916,17926.0,0.0,18718.0,872.0,7.0,25.0,0.0,0.0,7427.0,0.0,0.00,pathseer:1
wikidpr10m-rq1,anticorr_q0117_tau0.01,anticorr,9900126,ours-no-twohop,512,1,1,0.5000,0.0000,0.00446,8.653,8.653,8.653,8.653,33468.0,0.0,32014.0,1630.0,15.0,53.0,0.0,0.0,11018.0,0.0,0.00,pathseer:1
wikidpr10m-rq1,anticorr_q0117_tau0.01,anticorr,9900126,ours-no-twohop,512,2,1,0.5000,0.0000,0.00446,8.678,8.678,8.678,8.678,33468.0,0.0,32014.0,1630.0,15.0,53.0,0.0,0.0,11018.0,0.0,0.00,pathseer:1
wikidpr10m-rq1,anticorr_q0117_tau0.01,anticorr,9900126,ours-no-twohop,512,3,1,0.5000,0.0000,0.00446,8.804,8.804,8.804,8.804,33468.0,0.0,32014.0,1630.0,15.0,53.0,0.0,0.0,11018.0,0.0,0.00,pathseer:1
wikidpr10m-rq1,anticorr_q0117_tau0.01,anticorr,9900126,ours-guard,64,1,1,0.1000,0.0000,0.01490,0.505,0.505,0.505,0.505,2428.0,0.0,4273.0,107.0,3.0,5.0,0.0,0.0,1663.0,0.0,0.00,pathseer:1
wikidpr10m-rq1,anticorr_q0117_tau0.01,anticorr,9900126,ours-guard,64,2,1,0.1000,0.0000,0.01490,0.584,0.584,0.584,0.584,2428.0,0.0,4273.0,107.0,3.0,5.0,0.0,0.0,1663.0,0.0,0.00,pathseer:1
wikidpr10m-rq1,anticorr_q0117_tau0.01,anticorr,9900126,ours-guard,64,3,1,0.1000,0.0000,0.01490,0.491,0.491,0.491,0.491,2428.0,0.0,4273.0,107.0,3.0,5.0,0.0,0.0,1663.0,0.0,0.00,pathseer:1
wikidpr10m-rq1,anticorr_q0117_tau0.01,anticorr,9900126,ours-guard,128,1,1,0.1000,0.0000,0.01313,0.976,0.976,0.976,0.976,4566.0,0.0,8028.0,226.0,5.0,9.0,0.0,0.0,3101.0,0.0,0.00,pathseer:1
wikidpr10m-rq1,anticorr_q0117_tau0.01,anticorr,9900126,ours-guard,128,2,1,0.1000,0.0000,0.01313,0.939,0.939,0.939,0.939,4566.0,0.0,8028.0,226.0,5.0,9.0,0.0,0.0,3101.0,0.0,0.00,pathseer:1
wikidpr10m-rq1,anticorr_q0117_tau0.01,anticorr,9900126,ours-guard,128,3,1,0.1000,0.0000,0.01313,0.984,0.984,0.984,0.984,4566.0,0.0,8028.0,226.0,5.0,9.0,0.0,0.0,3101.0,0.0,0.00,pathseer:1
wikidpr10m-rq1,anticorr_q0117_tau0.01,anticorr,9900126,ours-guard,256,1,1,0.2000,0.0000,0.00890,3.824,3.824,3.824,3.824,10795.0,0.0,18306.0,582.0,7.0,25.0,0.0,0.0,6754.0,0.0,0.00,pathseer:1
wikidpr10m-rq1,anticorr_q0117_tau0.01,anticorr,9900126,ours-guard,256,2,1,0.2000,0.0000,0.00890,3.292,3.292,3.292,3.292,10795.0,0.0,18306.0,582.0,7.0,25.0,0.0,0.0,6754.0,0.0,0.00,pathseer:1
wikidpr10m-rq1,anticorr_q0117_tau0.01,anticorr,9900126,ours-guard,256,3,1,0.2000,0.0000,0.00890,3.034,3.034,3.034,3.034,10795.0,0.0,18306.0,582.0,7.0,25.0,0.0,0.0,6754.0,0.0,0.00,pathseer:1
wikidpr10m-rq1,anticorr_q0117_tau0.01,anticorr,9900126,ours-guard,512,1,1,0.3000,0.0000,0.00558,6.113,6.113,6.113,6.113,20186.0,0.0,32015.0,1113.0,15.0,53.0,0.0,0.0,10426.0,0.0,0.00,pathseer:1
wikidpr10m-rq1,anticorr_q0117_tau0.01,anticorr,9900126,ours-guard,512,2,1,0.3000,0.0000,0.00558,6.659,6.659,6.659,6.659,20186.0,0.0,32015.0,1113.0,15.0,53.0,0.0,0.0,10426.0,0.0,0.00,pathseer:1
wikidpr10m-rq1,anticorr_q0117_tau0.01,anticorr,9900126,ours-guard,512,3,1,0.3000,0.0000,0.00558,6.320,6.320,6.320,6.320,20186.0,0.0,32015.0,1113.0,15.0,53.0,0.0,0.0,10426.0,0.0,0.00,pathseer:1
wikidpr10m-rq1,anticorr_q0117_tau0.03,anticorr,9900642,sweeping,64,1,1,0.6000,0.0000,0.00180,0.532,0.532,0.532,0.532,3669.0,0.0,405.0,108.0,3.0,3.0,0.0,0.0,0.0,0.0,0.00,sweeping:1
wikidpr10m-rq1,anticorr_q0117_tau0.03,anticorr,9900642,sweeping,64,2,1,0.6000,0.0000,0.00180,0.502,0.502,0.502,0.502,3669.0,0.0,405.0,108.0,3.0,3.0,0.0,0.0,0.0,0.0,0.00,sweeping:1
wikidpr10m-rq1,anticorr_q0117_tau0.03,anticorr,9900642,sweeping,64,3,1,0.6000,0.0000,0.00180,0.500,0.500,0.500,0.500,3669.0,0.0,405.0,108.0,3.0,3.0,0.0,0.0,0.0,0.0,0.00,sweeping:1
wikidpr10m-rq1,anticorr_q0117_tau0.03,anticorr,9900642,sweeping,128,1,1,0.8000,0.0000,0.00068,0.990,0.990,0.990,0.990,6842.0,0.0,725.0,214.0,5.0,5.0,0.0,0.0,0.0,0.0,0.00,sweeping:1
wikidpr10m-rq1,anticorr_q0117_tau0.03,anticorr,9900642,sweeping,128,2,1,0.8000,0.0000,0.00068,0.810,0.810,0.810,0.810,6842.0,0.0,725.0,214.0,5.0,5.0,0.0,0.0,0.0,0.0,0.00,sweeping:1
wikidpr10m-rq1,anticorr_q0117_tau0.03,anticorr,9900642,sweeping,128,3,1,0.8000,0.0000,0.00068,0.767,0.767,0.767,0.767,6842.0,0.0,725.0,214.0,5.0,5.0,0.0,0.0,0.0,0.0,0.00,sweeping:1
wikidpr10m-rq1,anticorr_q0117_tau0.03,anticorr,9900642,sweeping,256,1,1,0.8000,0.0000,0.00064,2.184,2.184,2.184,2.184,11831.0,0.0,1221.0,396.0,7.0,8.0,0.0,0.0,0.0,0.0,0.00,sweeping:1
wikidpr10m-rq1,anticorr_q0117_tau0.03,anticorr,9900642,sweeping,256,2,1,0.8000,0.0000,0.00064,2.967,2.967,2.967,2.967,11831.0,0.0,1221.0,396.0,7.0,8.0,0.0,0.0,0.0,0.0,0.00,sweeping:1
wikidpr10m-rq1,anticorr_q0117_tau0.03,anticorr,9900642,sweeping,256,3,1,0.8000,0.0000,0.00064,2.921,2.921,2.921,2.921,11831.0,0.0,1221.0,396.0,7.0,8.0,0.0,0.0,0.0,0.0,0.00,sweeping:1
wikidpr10m-rq1,anticorr_q0117_tau0.03,anticorr,9900642,sweeping,512,1,1,0.8000,0.0000,0.00064,4.614,4.614,4.614,4.614,20445.0,0.0,2194.0,737.0,15.0,18.0,0.0,0.0,0.0,0.0,0.00,sweeping:1
wikidpr10m-rq1,anticorr_q0117_tau0.03,anticorr,9900642,sweeping,512,2,1,0.8000,0.0000,0.00064,4.684,4.684,4.684,4.684,20445.0,0.0,2194.0,737.0,15.0,18.0,0.0,0.0,0.0,0.0,0.00,sweeping:1
wikidpr10m-rq1,anticorr_q0117_tau0.03,anticorr,9900642,sweeping,512,3,1,0.8000,0.0000,0.00064,5.140,5.140,5.140,5.140,20445.0,0.0,2194.0,737.0,15.0,18.0,0.0,0.0,0.0,0.0,0.00,sweeping:1
wikidpr10m-rq1,anticorr_q0117_tau0.03,anticorr,9900642,pathseer,64,1,1,0.6000,0.0000,0.00180,1.004,1.004,1.004,1.004,3320.0,0.0,1570.0,95.0,2.0,2.0,64.0,59.0,142.0,1.0,0.00,pathseer:1
wikidpr10m-rq1,anticorr_q0117_tau0.03,anticorr,9900642,pathseer,64,2,1,0.6000,0.0000,0.00180,0.643,0.643,0.643,0.643,3320.0,0.0,1570.0,95.0,2.0,2.0,64.0,59.0,142.0,1.0,0.00,pathseer:1
wikidpr10m-rq1,anticorr_q0117_tau0.03,anticorr,9900642,pathseer,64,3,1,0.6000,0.0000,0.00180,0.558,0.558,0.558,0.558,3320.0,0.0,1570.0,95.0,2.0,2.0,64.0,59.0,142.0,1.0,0.00,pathseer:1
wikidpr10m-rq1,anticorr_q0117_tau0.03,anticorr,9900642,pathseer,128,1,1,0.8000,0.0000,0.00068,1.509,1.509,1.509,1.509,6060.0,0.0,2867.0,185.0,3.0,3.0,128.0,121.0,266.0,2.0,0.00,pathseer:1
wikidpr10m-rq1,anticorr_q0117_tau0.03,anticorr,9900642,pathseer,128,2,1,0.8000,0.0000,0.00068,1.341,1.341,1.341,1.341,6060.0,0.0,2867.0,185.0,3.0,3.0,128.0,121.0,266.0,2.0,0.00,pathseer:1
wikidpr10m-rq1,anticorr_q0117_tau0.03,anticorr,9900642,pathseer,128,3,1,0.8000,0.0000,0.00068,0.944,0.944,0.944,0.944,6060.0,0.0,2867.0,185.0,3.0,3.0,128.0,121.0,266.0,2.0,0.00,pathseer:1
wikidpr10m-rq1,anticorr_q0117_tau0.03,anticorr,9900642,pathseer,256,1,1,0.8000,0.0000,0.00064,2.038,2.038,2.038,2.038,10802.0,0.0,4688.0,350.0,4.0,4.0,192.0,173.0,419.0,3.0,0.00,pathseer:1
wikidpr10m-rq1,anticorr_q0117_tau0.03,anticorr,9900642,pathseer,256,2,1,0.8000,0.0000,0.00064,1.959,1.959,1.959,1.959,10802.0,0.0,4688.0,350.0,4.0,4.0,192.0,173.0,419.0,3.0,0.00,pathseer:1
wikidpr10m-rq1,anticorr_q0117_tau0.03,anticorr,9900642,pathseer,256,3,1,0.8000,0.0000,0.00064,2.191,2.191,2.191,2.191,10802.0,0.0,4688.0,350.0,4.0,4.0,192.0,173.0,419.0,3.0,0.00,pathseer:1
wikidpr10m-rq1,anticorr_q0117_tau0.03,anticorr,9900642,pathseer,512,1,1,0.8000,0.0000,0.00064,4.250,4.250,4.250,4.250,19269.0,0.0,7913.0,677.0,7.0,7.0,384.0,348.0,571.0,6.0,0.00,pathseer:1
wikidpr10m-rq1,anticorr_q0117_tau0.03,anticorr,9900642,pathseer,512,2,1,0.8000,0.0000,0.00064,4.216,4.216,4.216,4.216,19269.0,0.0,7913.0,677.0,7.0,7.0,384.0,348.0,571.0,6.0,0.00,pathseer:1
wikidpr10m-rq1,anticorr_q0117_tau0.03,anticorr,9900642,pathseer,512,3,1,0.8000,0.0000,0.00064,4.709,4.709,4.709,4.709,19269.0,0.0,7913.0,677.0,7.0,7.0,384.0,348.0,571.0,6.0,0.00,pathseer:1
wikidpr10m-rq1,anticorr_q0117_tau0.03,anticorr,9900642,ours-no-twohop,64,1,1,0.6000,0.0000,0.00180,0.451,0.451,0.451,0.451,3265.0,0.0,1484.0,95.0,3.0,3.0,0.0,0.0,142.0,0.0,0.00,pathseer:1
wikidpr10m-rq1,anticorr_q0117_tau0.03,anticorr,9900642,ours-no-twohop,64,2,1,0.6000,0.0000,0.00180,0.916,0.916,0.916,0.916,3265.0,0.0,1484.0,95.0,3.0,3.0,0.0,0.0,142.0,0.0,0.00,pathseer:1
wikidpr10m-rq1,anticorr_q0117_tau0.03,anticorr,9900642,ours-no-twohop,64,3,1,0.6000,0.0000,0.00180,0.439,0.439,0.439,0.439,3265.0,0.0,1484.0,95.0,3.0,3.0,0.0,0.0,142.0,0.0,0.00,pathseer:1
wikidpr10m-rq1,anticorr_q0117_tau0.03,anticorr,9900642,ours-no-twohop,128,1,1,0.8000,0.0000,0.00068,0.824,0.824,0.824,0.824,5988.0,0.0,2740.0,187.0,5.0,5.0,0.0,0.0,281.0,0.0,0.00,pathseer:1
wikidpr10m-rq1,anticorr_q0117_tau0.03,anticorr,9900642,ours-no-twohop,128,2,1,0.8000,0.0000,0.00068,0.799,0.799,0.799,0.799,5988.0,0.0,2740.0,187.0,5.0,5.0,0.0,0.0,281.0,0.0,0.00,pathseer:1
wikidpr10m-rq1,anticorr_q0117_tau0.03,anticorr,9900642,ours-no-twohop,128,3,1,0.8000,0.0000,0.00068,0.801,0.801,0.801,0.801,5988.0,0.0,2740.0,187.0,5.0,5.0,0.0,0.0,281.0,0.0,0.00,pathseer:1
wikidpr10m-rq1,anticorr_q0117_tau0.03,anticorr,9900642,ours-no-twohop,256,1,1,0.8000,0.0000,0.00064,1.767,1.767,1.767,1.767,10712.0,0.0,4346.0,352.0,7.0,8.0,0.0,0.0,396.0,0.0,0.00,pathseer:1
wikidpr10m-rq1,anticorr_q0117_tau0.03,anticorr,9900642,ours-no-twohop,256,2,1,0.8000,0.0000,0.00064,1.791,1.791,1.791,1.791,10712.0,0.0,4346.0,352.0,7.0,8.0,0.0,0.0,396.0,0.0,0.00,pathseer:1
wikidpr10m-rq1,anticorr_q0117_tau0.03,anticorr,9900642,ours-no-twohop,256,3,1,0.8000,0.0000,0.00064,1.788,1.788,1.788,1.788,10712.0,0.0,4346.0,352.0,7.0,8.0,0.0,0.0,396.0,0.0,0.00,pathseer:1
wikidpr10m-rq1,anticorr_q0117_tau0.03,anticorr,9900642,ours-no-twohop,512,1,1,0.8000,0.0000,0.00064,4.126,4.126,4.126,4.126,19053.0,0.0,7241.0,686.0,15.0,18.0,0.0,0.0,542.0,0.0,0.00,pathseer:1
wikidpr10m-rq1,anticorr_q0117_tau0.03,anticorr,9900642,ours-no-twohop,512,2,1,0.8000,0.0000,0.00064,4.178,4.178,4.178,4.178,19053.0,0.0,7241.0,686.0,15.0,18.0,0.0,0.0,542.0,0.0,0.00,pathseer:1
wikidpr10m-rq1,anticorr_q0117_tau0.03,anticorr,9900642,ours-no-twohop,512,3,1,0.8000,0.0000,0.00064,4.327,4.327,4.327,4.327,19053.0,0.0,7241.0,686.0,15.0,18.0,0.0,0.0,542.0,0.0,0.00,pathseer:1
wikidpr10m-rq1,anticorr_q0117_tau0.03,anticorr,9900642,ours-guard,64,1,1,0.5000,0.0000,0.00299,0.362,0.362,0.362,0.362,2019.0,0.0,2569.0,68.0,3.0,3.0,0.0,0.0,348.0,0.0,0.00,pathseer:1
wikidpr10m-rq1,anticorr_q0117_tau0.03,anticorr,9900642,ours-guard,64,2,1,0.5000,0.0000,0.00299,0.371,0.371,0.371,0.371,2019.0,0.0,2569.0,68.0,3.0,3.0,0.0,0.0,348.0,0.0,0.00,pathseer:1
wikidpr10m-rq1,anticorr_q0117_tau0.03,anticorr,9900642,ours-guard,64,3,1,0.5000,0.0000,0.00299,0.352,0.352,0.352,0.352,2019.0,0.0,2569.0,68.0,3.0,3.0,0.0,0.0,348.0,0.0,0.00,pathseer:1
wikidpr10m-rq1,anticorr_q0117_tau0.03,anticorr,9900642,ours-guard,128,1,1,0.6000,0.0000,0.00158,0.724,0.724,0.724,0.724,4036.0,0.0,5029.0,140.0,5.0,5.0,0.0,0.0,619.0,0.0,0.00,pathseer:1
wikidpr10m-rq1,anticorr_q0117_tau0.03,anticorr,9900642,ours-guard,128,2,1,0.6000,0.0000,0.00158,0.674,0.674,0.674,0.674,4036.0,0.0,5029.0,140.0,5.0,5.0,0.0,0.0,619.0,0.0,0.00,pathseer:1
wikidpr10m-rq1,anticorr_q0117_tau0.03,anticorr,9900642,ours-guard,128,3,1,0.6000,0.0000,0.00158,0.691,0.691,0.691,0.691,4036.0,0.0,5029.0,140.0,5.0,5.0,0.0,0.0,619.0,0.0,0.00,pathseer:1
wikidpr10m-rq1,anticorr_q0117_tau0.03,anticorr,9900642,ours-guard,256,1,1,0.6000,0.0000,0.00158,1.441,1.441,1.441,1.441,7707.0,0.0,9378.0,274.0,7.0,8.0,0.0,0.0,988.0,0.0,0.00,pathseer:1
wikidpr10m-rq1,anticorr_q0117_tau0.03,anticorr,9900642,ours-guard,256,2,1,0.6000,0.0000,0.00158,1.420,1.420,1.420,1.420,7707.0,0.0,9378.0,274.0,7.0,8.0,0.0,0.0,988.0,0.0,0.00,pathseer:1
wikidpr10m-rq1,anticorr_q0117_tau0.03,anticorr,9900642,ours-guard,256,3,1,0.6000,0.0000,0.00158,1.527,1.527,1.527,1.527,7707.0,0.0,9378.0,274.0,7.0,8.0,0.0,0.0,988.0,0.0,0.00,pathseer:1
wikidpr10m-rq1,anticorr_q0117_tau0.03,anticorr,9900642,ours-guard,512,1,1,0.8000,0.0000,0.00064,3.645,3.645,3.645,3.645,14541.0,0.0,17384.0,556.0,15.0,18.0,0.0,0.0,1695.0,0.0,0.00,pathseer:1
wikidpr10m-rq1,anticorr_q0117_tau0.03,anticorr,9900642,ours-guard,512,2,1,0.8000,0.0000,0.00064,3.783,3.783,3.783,3.783,14541.0,0.0,17384.0,556.0,15.0,18.0,0.0,0.0,1695.0,0.0,0.00,pathseer:1
wikidpr10m-rq1,anticorr_q0117_tau0.03,anticorr,9900642,ours-guard,512,3,1,0.8000,0.0000,0.00064,4.133,4.133,4.133,4.133,14541.0,0.0,17384.0,556.0,15.0,18.0,0.0,0.0,1695.0,0.0,0.00,pathseer:1
wikidpr10m-rq1,anticorr_q0126_tau0.01,anticorr,9900093,sweeping,64,1,1,0.5000,0.0000,0.00282,7.659,7.659,7.659,7.659,37044.0,0.0,5780.0,2621.0,2.0,3.0,0.0,0.0,0.0,0.0,0.00,sweeping:1
wikidpr10m-rq1,anticorr_q0126_tau0.01,anticorr,9900093,sweeping,64,2,1,0.5000,0.0000,0.00282,7.406,7.406,7.406,7.406,37044.0,0.0,5780.0,2621.0,2.0,3.0,0.0,0.0,0.0,0.0,0.00,sweeping:1
wikidpr10m-rq1,anticorr_q0126_tau0.01,anticorr,9900093,sweeping,64,3,1,0.5000,0.0000,0.00282,7.582,7.582,7.582,7.582,37044.0,0.0,5780.0,2621.0,2.0,3.0,0.0,0.0,0.0,0.0,0.00,sweeping:1
wikidpr10m-rq1,anticorr_q0126_tau0.01,anticorr,9900093,sweeping,128,1,1,0.7000,0.0000,0.00129,10.400,10.400,10.400,10.400,46669.0,0.0,8103.0,3692.0,4.0,5.0,0.0,0.0,0.0,0.0,0.00,sweeping:1
wikidpr10m-rq1,anticorr_q0126_tau0.01,anticorr,9900093,sweeping,128,2,1,0.7000,0.0000,0.00129,10.175,10.175,10.175,10.175,46669.0,0.0,8103.0,3692.0,4.0,5.0,0.0,0.0,0.0,0.0,0.00,sweeping:1
wikidpr10m-rq1,anticorr_q0126_tau0.01,anticorr,9900093,sweeping,128,3,1,0.7000,0.0000,0.00129,9.901,9.901,9.901,9.901,46669.0,0.0,8103.0,3692.0,4.0,5.0,0.0,0.0,0.0,0.0,0.00,sweeping:1
wikidpr10m-rq1,anticorr_q0126_tau0.01,anticorr,9900093,sweeping,256,1,1,0.7000,0.0000,0.00100,14.889,14.889,14.889,14.889,60521.0,0.0,11397.0,5288.0,6.0,50.0,0.0,0.0,0.0,0.0,0.00,sweeping:1
wikidpr10m-rq1,anticorr_q0126_tau0.01,anticorr,9900093,sweeping,256,2,1,0.7000,0.0000,0.00100,15.101,15.101,15.101,15.101,60521.0,0.0,11397.0,5288.0,6.0,50.0,0.0,0.0,0.0,0.0,0.00,sweeping:1
wikidpr10m-rq1,anticorr_q0126_tau0.01,anticorr,9900093,sweeping,256,3,1,0.7000,0.0000,0.00100,14.430,14.430,14.430,14.430,60521.0,0.0,11397.0,5288.0,6.0,50.0,0.0,0.0,0.0,0.0,0.00,sweeping:1
wikidpr10m-rq1,anticorr_q0126_tau0.01,anticorr,9900093,sweeping,512,1,1,0.8000,0.0000,0.00057,23.301,23.301,23.301,23.301,80996.0,0.0,15517.0,7699.0,13.0,118.0,0.0,0.0,0.0,0.0,0.00,sweeping:1
wikidpr10m-rq1,anticorr_q0126_tau0.01,anticorr,9900093,sweeping,512,2,1,0.8000,0.0000,0.00057,21.552,21.552,21.552,21.552,80996.0,0.0,15517.0,7699.0,13.0,118.0,0.0,0.0,0.0,0.0,0.00,sweeping:1
wikidpr10m-rq1,anticorr_q0126_tau0.01,anticorr,9900093,sweeping,512,3,1,0.8000,0.0000,0.00057,21.034,21.034,21.034,21.034,80996.0,0.0,15517.0,7699.0,13.0,118.0,0.0,0.0,0.0,0.0,0.00,sweeping:1
wikidpr10m-rq1,anticorr_q0126_tau0.01,anticorr,9900093,pathseer,64,1,1,0.3000,0.0000,0.00772,0.985,0.985,0.985,0.985,3975.0,0.0,8675.0,349.0,2.0,2.0,64.0,53.0,5649.0,1.0,0.00,pathseer:1
wikidpr10m-rq1,anticorr_q0126_tau0.01,anticorr,9900093,pathseer,64,2,1,0.3000,0.0000,0.00772,1.074,1.074,1.074,1.074,3975.0,0.0,8675.0,349.0,2.0,2.0,64.0,53.0,5649.0,1.0,0.00,pathseer:1
wikidpr10m-rq1,anticorr_q0126_tau0.01,anticorr,9900093,pathseer,64,3,1,0.3000,0.0000,0.00772,0.967,0.967,0.967,0.967,3975.0,0.0,8675.0,349.0,2.0,2.0,64.0,53.0,5649.0,1.0,0.00,pathseer:1
wikidpr10m-rq1,anticorr_q0126_tau0.01,anticorr,9900093,pathseer,128,1,1,0.4000,0.0000,0.00444,1.937,1.937,1.937,1.937,7830.0,0.0,14267.0,611.0,3.0,3.0,128.0,88.0,8687.0,2.0,0.00,pathseer:1
wikidpr10m-rq1,anticorr_q0126_tau0.01,anticorr,9900093,pathseer,128,2,1,0.4000,0.0000,0.00444,1.847,1.847,1.847,1.847,7830.0,0.0,14267.0,611.0,3.0,3.0,128.0,88.0,8687.0,2.0,0.00,pathseer:1
wikidpr10m-rq1,anticorr_q0126_tau0.01,anticorr,9900093,pathseer,128,3,1,0.4000,0.0000,0.00444,2.036,2.036,2.036,2.036,7830.0,0.0,14267.0,611.0,3.0,3.0,128.0,88.0,8687.0,2.0,0.00,pathseer:1
wikidpr10m-rq1,anticorr_q0126_tau0.01,anticorr,9900093,pathseer,256,1,1,0.7000,0.0000,0.00203,4.298,4.298,4.298,4.298,13895.0,0.0,22850.0,1093.0,4.0,4.0,192.0,146.0,12817.0,3.0,0.00,pathseer:1
wikidpr10m-rq1,anticorr_q0126_tau0.01,anticorr,9900093,pathseer,256,2,1,0.7000,0.0000,0.00203,4.185,4.185,4.185,4.185,13895.0,0.0,22850.0,1093.0,4.0,4.0,192.0,146.0,12817.0,3.0,0.00,pathseer:1
wikidpr10m-rq1,anticorr_q0126_tau0.01,anticorr,9900093,pathseer,256,3,1,0.7000,0.0000,0.00203,4.333,4.333,4.333,4.333,13895.0,0.0,22850.0,1093.0,4.0,4.0,192.0,146.0,12817.0,3.0,0.00,pathseer:1
wikidpr10m-rq1,anticorr_q0126_tau0.01,anticorr,9900093,pathseer,512,1,1,0.8000,0.0000,0.00160,8.361,8.361,8.361,8.361,26344.0,0.0,37468.0,2200.0,7.0,45.0,384.0,272.0,18828.0,6.0,0.00,pathseer:1
wikidpr10m-rq1,anticorr_q0126_tau0.01,anticorr,9900093,pathseer,512,2,1,0.8000,0.0000,0.00160,8.745,8.745,8.745,8.745,26344.0,0.0,37468.0,2200.0,7.0,45.0,384.0,272.0,18828.0,6.0,0.00,pathseer:1
wikidpr10m-rq1,anticorr_q0126_tau0.01,anticorr,9900093,pathseer,512,3,1,0.8000,0.0000,0.00160,8.055,8.055,8.055,8.055,26344.0,0.0,37468.0,2200.0,7.0,45.0,384.0,272.0,18828.0,6.0,0.00,pathseer:1
wikidpr10m-rq1,anticorr_q0126_tau0.01,anticorr,9900093,ours-no-twohop,64,1,1,0.3000,0.0000,0.00772,0.993,0.993,0.993,0.993,3923.0,0.0,8594.0,349.0,2.0,3.0,0.0,0.0,5649.0,0.0,0.00,pathseer:1
wikidpr10m-rq1,anticorr_q0126_tau0.01,anticorr,9900093,ours-no-twohop,64,2,1,0.3000,0.0000,0.00772,0.951,0.951,0.951,0.951,3923.0,0.0,8594.0,349.0,2.0,3.0,0.0,0.0,5649.0,0.0,0.00,pathseer:1
wikidpr10m-rq1,anticorr_q0126_tau0.01,anticorr,9900093,ours-no-twohop,64,3,1,0.3000,0.0000,0.00772,0.955,0.955,0.955,0.955,3923.0,0.0,8594.0,349.0,2.0,3.0,0.0,0.0,5649.0,0.0,0.00,pathseer:1
wikidpr10m-rq1,anticorr_q0126_tau0.01,anticorr,9900093,ours-no-twohop,128,1,1,0.4000,0.0000,0.00444,2.268,2.268,2.268,2.268,7852.0,0.0,14177.0,606.0,4.0,5.0,0.0,0.0,8660.0,0.0,0.00,pathseer:1
wikidpr10m-rq1,anticorr_q0126_tau0.01,anticorr,9900093,ours-no-twohop,128,2,1,0.4000,0.0000,0.00444,2.413,2.413,2.413,2.413,7852.0,0.0,14177.0,606.0,4.0,5.0,0.0,0.0,8660.0,0.0,0.00,pathseer:1
wikidpr10m-rq1,anticorr_q0126_tau0.01,anticorr,9900093,ours-no-twohop,128,3,1,0.4000,0.0000,0.00444,2.309,2.309,2.309,2.309,7852.0,0.0,14177.0,606.0,4.0,5.0,0.0,0.0,8660.0,0.0,0.00,pathseer:1
wikidpr10m-rq1,anticorr_q0126_tau0.01,anticorr,9900093,ours-no-twohop,256,1,1,0.7000,0.0000,0.00190,5.288,5.288,5.288,5.288,15749.0,0.0,27585.0,1524.0,6.0,50.0,0.0,0.0,15600.0,0.0,0.00,pathseer:1
wikidpr10m-rq1,anticorr_q0126_tau0.01,anticorr,9900093,ours-no-twohop,256,2,1,0.7000,0.0000,0.00190,4.984,4.984,4.984,4.984,15749.0,0.0,27585.0,1524.0,6.0,50.0,0.0,0.0,15600.0,0.0,0.00,pathseer:1
wikidpr10m-rq1,anticorr_q0126_tau0.01,anticorr,9900093,ours-no-twohop,256,3,1,0.7000,0.0000,0.00190,5.107,5.107,5.107,5.107,15749.0,0.0,27585.0,1524.0,6.0,50.0,0.0,0.0,15600.0,0.0,0.00,pathseer:1
wikidpr10m-rq1,anticorr_q0126_tau0.01,anticorr,9900093,ours-no-twohop,512,1,1,0.9000,0.0000,0.00037,9.174,9.174,9.174,9.174,27738.0,0.0,41312.0,2879.0,13.0,118.0,0.0,0.0,19982.0,0.0,0.00,pathseer:1
wikidpr10m-rq1,anticorr_q0126_tau0.01,anticorr,9900093,ours-no-twohop,512,2,1,0.9000,0.0000,0.00037,9.365,9.365,9.365,9.365,27738.0,0.0,41312.0,2879.0,13.0,118.0,0.0,0.0,19982.0,0.0,0.00,pathseer:1
wikidpr10m-rq1,anticorr_q0126_tau0.01,anticorr,9900093,ours-no-twohop,512,3,1,0.9000,0.0000,0.00037,10.638,10.638,10.638,10.638,27738.0,0.0,41312.0,2879.0,13.0,118.0,0.0,0.0,19982.0,0.0,0.00,pathseer:1
wikidpr10m-rq1,anticorr_q0126_tau0.01,anticorr,9900093,ours-guard,64,1,1,0.0000,0.0000,0.02146,0.533,0.533,0.533,0.533,1929.0,0.0,3939.0,95.0,2.0,3.0,0.0,0.0,1810.0,0.0,0.00,pathseer:1
wikidpr10m-rq1,anticorr_q0126_tau0.01,anticorr,9900093,ours-guard,64,2,1,0.0000,0.0000,0.02146,0.720,0.720,0.720,0.720,1929.0,0.0,3939.0,95.0,2.0,3.0,0.0,0.0,1810.0,0.0,0.00,pathseer:1
wikidpr10m-rq1,anticorr_q0126_tau0.01,anticorr,9900093,ours-guard,64,3,1,0.0000,0.0000,0.02146,0.607,0.607,0.607,0.607,1929.0,0.0,3939.0,95.0,2.0,3.0,0.0,0.0,1810.0,0.0,0.00,pathseer:1
wikidpr10m-rq1,anticorr_q0126_tau0.01,anticorr,9900093,ours-guard,128,1,1,0.0000,0.0000,0.01529,1.033,1.033,1.033,1.033,3353.0,0.0,6865.0,164.0,4.0,5.0,0.0,0.0,3094.0,0.0,0.00,pathseer:1
wikidpr10m-rq1,anticorr_q0126_tau0.01,anticorr,9900093,ours-guard,128,2,1,0.0000,0.0000,0.01529,0.801,0.801,0.801,0.801,3353.0,0.0,6865.0,164.0,4.0,5.0,0.0,0.0,3094.0,0.0,0.00,pathseer:1
wikidpr10m-rq1,anticorr_q0126_tau0.01,anticorr,9900093,ours-guard,128,3,1,0.0000,0.0000,0.01529,0.910,0.910,0.910,0.910,3353.0,0.0,6865.0,164.0,4.0,5.0,0.0,0.0,3094.0,0.0,0.00,pathseer:1
wikidpr10m-rq1,anticorr_q0126_tau0.01,anticorr,9900093,ours-guard,256,1,1,0.8000,0.0000,0.00163,3.327,3.327,3.327,3.327,9594.0,0.0,25423.0,1120.0,6.0,50.0,0.0,0.0,15103.0,0.0,0.00,pathseer:1
wikidpr10m-rq1,anticorr_q0126_tau0.01,anticorr,9900093,ours-guard,256,2,1,0.8000,0.0000,0.00163,4.585,4.585,4.585,4.585,9594.0,0.0,25423.0,1120.0,6.0,50.0,0.0,0.0,15103.0,0.0,0.00,pathseer:1
wikidpr10m-rq1,anticorr_q0126_tau0.01,anticorr,9900093,ours-guard,256,3,1,0.8000,0.0000,0.00163,3.975,3.975,3.975,3.975,9594.0,0.0,25423.0,1120.0,6.0,50.0,0.0,0.0,15103.0,0.0,0.00,pathseer:1
wikidpr10m-rq1,anticorr_q0126_tau0.01,anticorr,9900093,ours-guard,512,1,1,1.0000,1.0000,0.00000,8.123,8.123,8.123,8.123,19625.0,0.0,42510.0,2439.0,13.0,118.0,0.0,0.0,21608.0,0.0,0.00,pathseer:1
wikidpr10m-rq1,anticorr_q0126_tau0.01,anticorr,9900093,ours-guard,512,2,1,1.0000,1.0000,0.00000,8.054,8.054,8.054,8.054,19625.0,0.0,42510.0,2439.0,13.0,118.0,0.0,0.0,21608.0,0.0,0.00,pathseer:1
wikidpr10m-rq1,anticorr_q0126_tau0.01,anticorr,9900093,ours-guard,512,3,1,1.0000,1.0000,0.00000,7.898,7.898,7.898,7.898,19625.0,0.0,42510.0,2439.0,13.0,118.0,0.0,0.0,21608.0,0.0,0.00,pathseer:1
wikidpr10m-rq1,anticorr_q0126_tau0.03,anticorr,9900093,sweeping,64,1,1,0.9000,0.0000,0.00036,0.668,0.668,0.668,0.668,4032.0,0.0,598.0,133.0,2.0,2.0,0.0,0.0,0.0,0.0,0.00,sweeping:1
wikidpr10m-rq1,anticorr_q0126_tau0.03,anticorr,9900093,sweeping,64,2,1,0.9000,0.0000,0.00036,1.137,1.137,1.137,1.137,4032.0,0.0,598.0,133.0,2.0,2.0,0.0,0.0,0.0,0.0,0.00,sweeping:1
wikidpr10m-rq1,anticorr_q0126_tau0.03,anticorr,9900093,sweeping,64,3,1,0.9000,0.0000,0.00036,0.512,0.512,0.512,0.512,4032.0,0.0,598.0,133.0,2.0,2.0,0.0,0.0,0.0,0.0,0.00,sweeping:1
wikidpr10m-rq1,anticorr_q0126_tau0.03,anticorr,9900093,sweeping,128,1,1,1.0000,1.0000,0.00000,1.050,1.050,1.050,1.050,6586.0,0.0,940.0,236.0,4.0,4.0,0.0,0.0,0.0,0.0,0.00,sweeping:1
wikidpr10m-rq1,anticorr_q0126_tau0.03,anticorr,9900093,sweeping,128,2,1,1.0000,1.0000,0.00000,1.167,1.167,1.167,1.167,6586.0,0.0,940.0,236.0,4.0,4.0,0.0,0.0,0.0,0.0,0.00,sweeping:1
wikidpr10m-rq1,anticorr_q0126_tau0.03,anticorr,9900093,sweeping,128,3,1,1.0000,1.0000,0.00000,0.969,0.969,0.969,0.969,6586.0,0.0,940.0,236.0,4.0,4.0,0.0,0.0,0.0,0.0,0.00,sweeping:1
wikidpr10m-rq1,anticorr_q0126_tau0.03,anticorr,9900093,sweeping,256,1,1,1.0000,1.0000,0.00000,2.135,2.135,2.135,2.135,10969.0,0.0,1584.0,463.0,6.0,7.0,0.0,0.0,0.0,0.0,0.00,sweeping:1
wikidpr10m-rq1,anticorr_q0126_tau0.03,anticorr,9900093,sweeping,256,2,1,1.0000,1.0000,0.00000,2.185,2.185,2.185,2.185,10969.0,0.0,1584.0,463.0,6.0,7.0,0.0,0.0,0.0,0.0,0.00,sweeping:1
wikidpr10m-rq1,anticorr_q0126_tau0.03,anticorr,9900093,sweeping,256,3,1,1.0000,1.0000,0.00000,2.041,2.041,2.041,2.041,10969.0,0.0,1584.0,463.0,6.0,7.0,0.0,0.0,0.0,0.0,0.00,sweeping:1
wikidpr10m-rq1,anticorr_q0126_tau0.03,anticorr,9900093,sweeping,512,1,1,1.0000,1.0000,0.00000,3.641,3.641,3.641,3.641,17217.0,0.0,2636.0,866.0,13.0,16.0,0.0,0.0,0.0,0.0,0.00,sweeping:1
wikidpr10m-rq1,anticorr_q0126_tau0.03,anticorr,9900093,sweeping,512,2,1,1.0000,1.0000,0.00000,3.806,3.806,3.806,3.806,17217.0,0.0,2636.0,866.0,13.0,16.0,0.0,0.0,0.0,0.0,0.00,sweeping:1
wikidpr10m-rq1,anticorr_q0126_tau0.03,anticorr,9900093,sweeping,512,3,1,1.0000,1.0000,0.00000,3.339,3.339,3.339,3.339,17217.0,0.0,2636.0,866.0,13.0,16.0,0.0,0.0,0.0,0.0,0.00,sweeping:1
wikidpr10m-rq1,anticorr_q0126_tau0.03,anticorr,9900093,pathseer,64,1,1,0.8000,0.0000,0.00090,0.501,0.501,0.501,0.501,3307.0,0.0,1980.0,112.0,2.0,2.0,64.0,59.0,334.0,1.0,0.00,pathseer:1
wikidpr10m-rq1,anticorr_q0126_tau0.03,anticorr,9900093,pathseer,64,2,1,0.8000,0.0000,0.00090,0.975,0.975,0.975,0.975,3307.0,0.0,1980.0,112.0,2.0,2.0,64.0,59.0,334.0,1.0,0.00,pathseer:1
wikidpr10m-rq1,anticorr_q0126_tau0.03,anticorr,9900093,pathseer,64,3,1,0.8000,0.0000,0.00090,0.579,0.579,0.579,0.579,3307.0,0.0,1980.0,112.0,2.0,2.0,64.0,59.0,334.0,1.0,0.00,pathseer:1
wikidpr10m-rq1,anticorr_q0126_tau0.03,anticorr,9900093,pathseer,128,1,1,1.0000,1.0000,0.00000,1.043,1.043,1.043,1.043,5365.0,0.0,3145.0,202.0,3.0,3.0,128.0,118.0,476.0,2.0,0.00,pathseer:1
wikidpr10m-rq1,anticorr_q0126_tau0.03,anticorr,9900093,pathseer,128,2,1,1.0000,1.0000,0.00000,1.150,1.150,1.150,1.150,5365.0,0.0,3145.0,202.0,3.0,3.0,128.0,118.0,476.0,2.0,0.00,pathseer:1
wikidpr10m-rq1,anticorr_q0126_tau0.03,anticorr,9900093,pathseer,128,3,1,1.0000,1.0000,0.00000,1.061,1.061,1.061,1.061,5365.0,0.0,3145.0,202.0,3.0,3.0,128.0,118.0,476.0,2.0,0.00,pathseer:1
wikidpr10m-rq1,anticorr_q0126_tau0.03,anticorr,9900093,pathseer,256,1,1,1.0000,1.0000,0.00000,2.159,2.159,2.159,2.159,9287.0,0.0,4993.0,389.0,4.0,4.0,192.0,182.0,660.0,3.0,0.00,pathseer:1
wikidpr10m-rq1,anticorr_q0126_tau0.03,anticorr,9900093,pathseer,256,2,1,1.0000,1.0000,0.00000,1.931,1.931,1.931,1.931,9287.0,0.0,4993.0,389.0,4.0,4.0,192.0,182.0,660.0,3.0,0.00,pathseer:1
wikidpr10m-rq1,anticorr_q0126_tau0.03,anticorr,9900093,pathseer,256,3,1,1.0000,1.0000,0.00000,1.618,1.618,1.618,1.618,9287.0,0.0,4993.0,389.0,4.0,4.0,192.0,182.0,660.0,3.0,0.00,pathseer:1
wikidpr10m-rq1,anticorr_q0126_tau0.03,anticorr,9900093,pathseer,512,1,1,1.0000,1.0000,0.00000,3.586,3.586,3.586,3.586,14933.0,0.0,7824.0,729.0,6.0,6.0,320.0,296.0,885.0,5.0,0.00,pathseer:1
wikidpr10m-rq1,anticorr_q0126_tau0.03,anticorr,9900093,pathseer,512,2,1,1.0000,1.0000,0.00000,3.396,3.396,3.396,3.396,14933.0,0.0,7824.0,729.0,6.0,6.0,320.0,296.0,885.0,5.0,0.00,pathseer:1
wikidpr10m-rq1,anticorr_q0126_tau0.03,anticorr,9900093,pathseer,512,3,1,1.0000,1.0000,0.00000,3.489,3.489,3.489,3.489,14933.0,0.0,7824.0,729.0,6.0,6.0,320.0,296.0,885.0,5.0,0.00,pathseer:1
wikidpr10m-rq1,anticorr_q0126_tau0.03,anticorr,9900093,ours-no-twohop,64,1,1,0.8000,0.0000,0.00090,0.932,0.932,0.932,0.932,3248.0,0.0,1897.0,112.0,2.0,2.0,0.0,0.0,334.0,0.0,0.00,pathseer:1
wikidpr10m-rq1,anticorr_q0126_tau0.03,anticorr,9900093,ours-no-twohop,64,2,1,0.8000,0.0000,0.00090,0.522,0.522,0.522,0.522,3248.0,0.0,1897.0,112.0,2.0,2.0,0.0,0.0,334.0,0.0,0.00,pathseer:1
wikidpr10m-rq1,anticorr_q0126_tau0.03,anticorr,9900093,ours-no-twohop,64,3,1,0.8000,0.0000,0.00090,0.457,0.457,0.457,0.457,3248.0,0.0,1897.0,112.0,2.0,2.0,0.0,0.0,334.0,0.0,0.00,pathseer:1
wikidpr10m-rq1,anticorr_q0126_tau0.03,anticorr,9900093,ours-no-twohop,128,1,1,1.0000,1.0000,0.00000,0.821,0.821,0.821,0.821,5261.0,0.0,2917.0,202.0,4.0,4.0,0.0,0.0,469.0,0.0,0.00,pathseer:1
wikidpr10m-rq1,anticorr_q0126_tau0.03,anticorr,9900093,ours-no-twohop,128,2,1,1.0000,1.0000,0.00000,0.803,0.803,0.803,0.803,5261.0,0.0,2917.0,202.0,4.0,4.0,0.0,0.0,469.0,0.0,0.00,pathseer:1
wikidpr10m-rq1,anticorr_q0126_tau0.03,anticorr,9900093,ours-no-twohop,128,3,1,1.0000,1.0000,0.00000,0.750,0.750,0.750,0.750,5261.0,0.0,2917.0,202.0,4.0,4.0,0.0,0.0,469.0,0.0,0.00,pathseer:1
wikidpr10m-rq1,anticorr_q0126_tau0.03,anticorr,9900093,ours-no-twohop,256,1,1,1.0000,1.0000,0.00000,1.874,1.874,1.874,1.874,9204.0,0.0,4730.0,394.0,6.0,7.0,0.0,0.0,661.0,0.0,0.00,pathseer:1
wikidpr10m-rq1,anticorr_q0126_tau0.03,anticorr,9900093,ours-no-twohop,256,2,1,1.0000,1.0000,0.00000,1.633,1.633,1.633,1.633,9204.0,0.0,4730.0,394.0,6.0,7.0,0.0,0.0,661.0,0.0,0.00,pathseer:1
wikidpr10m-rq1,anticorr_q0126_tau0.03,anticorr,9900093,ours-no-twohop,256,3,1,1.0000,1.0000,0.00000,1.583,1.583,1.583,1.583,9204.0,0.0,4730.0,394.0,6.0,7.0,0.0,0.0,661.0,0.0,0.00,pathseer:1
wikidpr10m-rq1,anticorr_q0126_tau0.03,anticorr,9900093,ours-no-twohop,512,1,1,1.0000,1.0000,0.00000,3.242,3.242,3.242,3.242,14929.0,0.0,7460.0,751.0,13.0,16.0,0.0,0.0,880.0,0.0,0.00,pathseer:1
wikidpr10m-rq1,anticorr_q0126_tau0.03,anticorr,9900093,ours-no-twohop,512,2,1,1.0000,1.0000,0.00000,3.594,3.594,3.594,3.594,14929.0,0.0,7460.0,751.0,13.0,16.0,0.0,0.0,880.0,0.0,0.00,pathseer:1
wikidpr10m-rq1,anticorr_q0126_tau0.03,anticorr,9900093,ours-no-twohop,512,3,1,1.0000,1.0000,0.00000,3.367,3.367,3.367,3.367,14929.0,0.0,7460.0,751.0,13.0,16.0,0.0,0.0,880.0,0.0,0.00,pathseer:1
wikidpr10m-rq1,anticorr_q0126_tau0.03,anticorr,9900093,ours-guard,64,1,1,0.8000,0.0000,0.00064,0.550,0.550,0.550,0.550,2632.0,0.0,3796.0,100.0,2.0,2.0,0.0,0.0,821.0,0.0,0.00,pathseer:1
wikidpr10m-rq1,anticorr_q0126_tau0.03,anticorr,9900093,ours-guard,64,2,1,0.8000,0.0000,0.00064,0.479,0.479,0.479,0.479,2632.0,0.0,3796.0,100.0,2.0,2.0,0.0,0.0,821.0,0.0,0.00,pathseer:1
wikidpr10m-rq1,anticorr_q0126_tau0.03,anticorr,9900093,ours-guard,64,3,1,0.8000,0.0000,0.00064,0.485,0.485,0.485,0.485,2632.0,0.0,3796.0,100.0,2.0,2.0,0.0,0.0,821.0,0.0,0.00,pathseer:1
wikidpr10m-rq1,anticorr_q0126_tau0.03,anticorr,9900093,ours-guard,128,1,1,0.9000,0.0000,0.00019,0.688,0.688,0.688,0.688,3386.0,0.0,5007.0,138.0,4.0,4.0,0.0,0.0,1056.0,0.0,0.00,pathseer:1
wikidpr10m-rq1,anticorr_q0126_tau0.03,anticorr,9900093,ours-guard,128,2,1,0.9000,0.0000,0.00019,0.664,0.664,0.664,0.664,3386.0,0.0,5007.0,138.0,4.0,4.0,0.0,0.0,1056.0,0.0,0.00,pathseer:1
wikidpr10m-rq1,anticorr_q0126_tau0.03,anticorr,9900093,ours-guard,128,3,1,0.9000,0.0000,0.00019,0.665,0.665,0.665,0.665,3386.0,0.0,5007.0,138.0,4.0,4.0,0.0,0.0,1056.0,0.0,0.00,pathseer:1
wikidpr10m-rq1,anticorr_q0126_tau0.03,anticorr,9900093,ours-guard,256,1,1,1.0000,1.0000,0.00000,1.317,1.317,1.317,1.317,6241.0,0.0,8766.0,268.0,6.0,7.0,0.0,0.0,1706.0,0.0,0.00,pathseer:1
wikidpr10m-rq1,anticorr_q0126_tau0.03,anticorr,9900093,ours-guard,256,2,1,1.0000,1.0000,0.00000,1.282,1.282,1.282,1.282,6241.0,0.0,8766.0,268.0,6.0,7.0,0.0,0.0,1706.0,0.0,0.00,pathseer:1
wikidpr10m-rq1,anticorr_q0126_tau0.03,anticorr,9900093,ours-guard,256,3,1,1.0000,1.0000,0.00000,1.802,1.802,1.802,1.802,6241.0,0.0,8766.0,268.0,6.0,7.0,0.0,0.0,1706.0,0.0,0.00,pathseer:1
wikidpr10m-rq1,anticorr_q0126_tau0.03,anticorr,9900093,ours-guard,512,1,1,1.0000,1.0000,0.00000,3.031,3.031,3.031,3.031,10950.0,0.0,14827.0,560.0,13.0,16.0,0.0,0.0,2574.0,0.0,0.00,pathseer:1
wikidpr10m-rq1,anticorr_q0126_tau0.03,anticorr,9900093,ours-guard,512,2,1,1.0000,1.0000,0.00000,2.815,2.815,2.815,2.815,10950.0,0.0,14827.0,560.0,13.0,16.0,0.0,0.0,2574.0,0.0,0.00,pathseer:1
wikidpr10m-rq1,anticorr_q0126_tau0.03,anticorr,9900093,ours-guard,512,3,1,1.0000,1.0000,0.00000,2.921,2.921,2.921,2.921,10950.0,0.0,14827.0,560.0,13.0,16.0,0.0,0.0,2574.0,0.0,0.00,pathseer:1
wikidpr10m-rq1,subef_32,subef,32,ours-guard,64,1,5,1.0000,1.0000,0.00000,19289.171,19498.293,19498.293,19320.077,9999717.0,0.0,9999717.0,9999718.0,3.0,0.0,0.0,0.0,0.0,0.0,0.00,pathseer:5
