dataset,filter,family,size,strategy,ef,pass,queries,recall_at_10,perfect_frac,sim_regret,p50_ms,p95_ms,p99_ms,mean_ms,mean_dist_comps,mean_seed_dist_comps,mean_filter_checks,mean_nodes_popped,median_pop_idx_cand_full,median_pop_idx_results_full,mean_twohop_examined,mean_twohop_appended,mean_prefilter_skips,mean_secondorder_allocs,mean_reencountered_burned,strategy_used
beir500k-rq1,pos40_cat00,pos40,202630,sweeping,64,1,12,1.0000,1.0000,0.00000,0.707,1.121,1.145,0.699,3776.5,0.0,576.6,205.8,3.0,9.0,0.0,0.0,0.0,0.0,0.00,sweeping:12
beir500k-rq1,pos40_cat00,pos40,202630,sweeping,64,2,12,1.0000,1.0000,0.00000,0.758,1.074,1.370,0.732,3776.5,0.0,576.6,205.8,3.0,9.0,0.0,0.0,0.0,0.0,0.00,sweeping:12
beir500k-rq1,pos40_cat00,pos40,202630,sweeping,64,3,12,1.0000,1.0000,0.00000,0.732,0.896,0.964,0.639,3776.5,0.0,576.6,205.8,3.0,9.0,0.0,0.0,0.0,0.0,0.00,sweeping:12
beir500k-rq1,pos40_cat00,pos40,202630,sweeping,128,1,12,1.0000,1.0000,0.00000,1.506,2.280,2.691,1.436,7163.1,0.0,1127.2,442.1,5.0,19.0,0.0,0.0,0.0,0.0,0.00,sweeping:12
beir500k-rq1,pos40_cat00,pos40,202630,sweeping,128,2,12,1.0000,1.0000,0.00000,1.597,2.199,2.715,1.479,7163.1,0.0,1127.2,442.1,5.0,19.0,0.0,0.0,0.0,0.0,0.00,sweeping:12
beir500k-rq1,pos40_cat00,pos40,202630,sweeping,128,3,12,1.0000,1.0000,0.00000,1.146,2.543,2.783,1.457,7163.1,0.0,1127.2,442.1,5.0,19.0,0.0,0.0,0.0,0.0,0.00,sweeping:12
beir500k-rq1,pos40_cat00,pos40,202630,sweeping,256,1,12,1.0000,1.0000,0.00000,2.849,5.114,5.619,2.992,13300.1,0.0,2338.2,929.2,9.0,41.0,0.0,0.0,0.0,0.0,0.00,sweeping:12
beir500k-rq1,pos40_cat00,pos40,202630,sweeping,256,2,12,1.0000,1.0000,0.00000,3.007,5.074,5.960,3.055,13300.1,0.0,2338.2,929.2,9.0,41.0,0.0,0.0,0.0,0.0,0.00,sweeping:12
beir500k-rq1,pos40_cat00,pos40,202630,sweeping,256,3,12,1.0000,1.0000,0.00000,2.908,5.399,5.904,3.064,13300.1,0.0,2338.2,929.2,9.0,41.0,0.0,0.0,0.0,0.0,0.00,sweeping:12
beir500k-rq1,pos40_cat00,pos40,202630,sweeping,512,1,12,1.0000,1.0000,0.00000,5.992,11.954,13.491,6.679,24108.2,0.0,4731.6,1974.6,22.0,76.0,0.0,0.0,0.0,0.0,0.00,sweeping:12
beir500k-rq1,pos40_cat00,pos40,202630,sweeping,512,2,12,1.0000,1.0000,0.00000,5.854,12.414,12.498,6.328,24108.2,0.0,4731.6,1974.6,22.0,76.0,0.0,0.0,0.0,0.0,0.00,sweeping:12
beir500k-rq1,pos40_cat00,pos40,202630,sweeping,512,3,12,1.0000,1.0000,0.00000,5.364,10.889,12.239,5.874,24108.2,0.0,4731.6,1974.6,22.0,76.0,0.0,0.0,0.0,0.0,0.00,sweeping:12
beir500k-rq1,pos40_cat00,pos40,202630,pathseer,64,1,12,0.9917,0.9167,0.00004,0.377,0.492,0.502,0.389,1594.0,0.0,1899.8,129.0,3.0,7.0,112.0,22.9,1098.3,1.8,0.00,pathseer:12
beir500k-rq1,pos40_cat00,pos40,202630,pathseer,64,2,12,0.9917,0.9167,0.00004,0.368,0.431,0.486,0.363,1594.0,0.0,1899.8,129.0,3.0,7.0,112.0,22.9,1098.3,1.8,0.00,pathseer:12
beir500k-rq1,pos40_cat00,pos40,202630,pathseer,64,3,12,0.9917,0.9167,0.00004,0.365,0.444,0.472,0.360,1594.0,0.0,1899.8,129.0,3.0,7.0,112.0,22.9,1098.3,1.8,0.00,pathseer:12
beir500k-rq1,pos40_cat00,pos40,202630,pathseer,128,1,12,0.9917,0.9167,0.00004,0.663,0.835,0.969,0.678,2818.1,0.0,3563.7,263.2,4.0,11.0,213.3,38.8,2134.3,3.3,0.00,pathseer:12
beir500k-rq1,pos40_cat00,pos40,202630,pathseer,128,2,12,0.9917,0.9167,0.00004,0.654,0.819,0.961,0.661,2818.1,0.0,3563.7,263.2,4.0,11.0,213.3,38.8,2134.3,3.3,0.00,pathseer:12
beir500k-rq1,pos40_cat00,pos40,202630,pathseer,128,3,12,0.9917,0.9167,0.00004,0.646,0.815,0.955,0.663,2818.1,0.0,3563.7,263.2,4.0,11.0,213.3,38.8,2134.3,3.3,0.00,pathseer:12
beir500k-rq1,pos40_cat00,pos40,202630,pathseer,256,1,12,1.0000,1.0000,0.00000,1.478,1.916,2.331,1.516,5121.6,0.0,6895.2,552.2,6.0,27.0,384.0,85.7,4123.1,6.0,0.00,pathseer:12
beir500k-rq1,pos40_cat00,pos40,202630,pathseer,256,2,12,1.0000,1.0000,0.00000,1.553,2.103,2.367,1.558,5121.6,0.0,6895.2,552.2,6.0,27.0,384.0,85.7,4123.1,6.0,0.00,pathseer:12
beir500k-rq1,pos40_cat00,pos40,202630,pathseer,256,3,12,1.0000,1.0000,0.00000,1.466,2.145,2.359,1.541,5121.6,0.0,6895.2,552.2,6.0,27.0,384.0,85.7,4123.1,6.0,0.00,pathseer:12
beir500k-rq1,pos40_cat00,pos40,202630,pathseer,512,1,12,1.0000,1.0000,0.00000,2.707,4.617,4.700,3.011,9116.8,0.0,13289.7,1169.2,13.0,59.0,832.0,180.9,7809.4,13.0,0.00,pathseer:12
beir500k-rq1,pos40_cat00,pos40,202630,pathseer,512,2,12,1.0000,1.0000,0.00000,2.674,4.795,4.895,3.101,9116.8,0.0,13289.7,1169.2,13.0,59.0,832.0,180.9,7809.4,13.0,0.00,pathseer:12
beir500k-rq1,pos40_cat00,pos40,202630,pathseer,512,3,12,1.0000,1.0000,0.00000,2.770,4.756,4.766,3.123,9116.8,0.0,13289.7,1169.2,13.0,59.0,832.0,180.9,7809.4,13.0,0.00,pathseer:12
beir500k-rq1,pos40_cat00,pos40,202630,ours-no-twohop,64,1,12,0.9917,0.9167,0.00004,0.365,0.480,0.521,0.371,1597.8,0.0,1822.7,132.3,3.0,9.0,0.0,0.0,1116.8,0.0,0.00,pathseer:12
beir500k-rq1,pos40_cat00,pos40,202630,ours-no-twohop,64,2,12,0.9917,0.9167,0.00004,0.366,0.464,0.519,0.379,1597.8,0.0,1822.7,132.3,3.0,9.0,0.0,0.0,1116.8,0.0,0.00,pathseer:12
beir500k-rq1,pos40_cat00,pos40,202630,ours-no-twohop,64,3,12,0.9917,0.9167,0.00004,0.357,0.427,0.508,0.355,1597.8,0.0,1822.7,132.3,3.0,9.0,0.0,0.0,1116.8,0.0,0.00,pathseer:12
beir500k-rq1,pos40_cat00,pos40,202630,ours-no-twohop,128,1,12,0.9917,0.9167,0.00004,0.714,0.984,1.146,0.749,2869.9,0.0,3545.8,275.2,5.0,19.0,0.0,0.0,2246.7,0.0,0.00,pathseer:12
beir500k-rq1,pos40_cat00,pos40,202630,ours-no-twohop,128,2,12,0.9917,0.9167,0.00004,0.660,0.860,1.027,0.679,2869.9,0.0,3545.8,275.2,5.0,19.0,0.0,0.0,2246.7,0.0,0.00,pathseer:12
beir500k-rq1,pos40_cat00,pos40,202630,ours-no-twohop,128,3,12,0.9917,0.9167,0.00004,0.659,0.888,1.078,0.687,2869.9,0.0,3545.8,275.2,5.0,19.0,0.0,0.0,2246.7,0.0,0.00,pathseer:12
beir500k-rq1,pos40_cat00,pos40,202630,ours-no-twohop,256,1,12,1.0000,1.0000,0.00000,1.424,2.129,2.242,1.462,5228.9,0.0,6944.7,585.4,9.0,41.0,0.0,0.0,4359.1,0.0,0.00,pathseer:12
beir500k-rq1,pos40_cat00,pos40,202630,ours-no-twohop,256,2,12,1.0000,1.0000,0.00000,1.420,2.063,2.305,1.458,5228.9,0.0,6944.7,585.4,9.0,41.0,0.0,0.0,4359.1,0.0,0.00,pathseer:12
beir500k-rq1,pos40_cat00,pos40,202630,ours-no-twohop,256,3,12,1.0000,1.0000,0.00000,1.455,1.965,2.273,1.453,5228.9,0.0,6944.7,585.4,9.0,41.0,0.0,0.0,4359.1,0.0,0.00,pathseer:12
beir500k-rq1,pos40_cat00,pos40,202630,ours-no-twohop,512,1,12,1.0000,1.0000,0.00000,3.045,5.056,5.260,3.272,9545.7,0.0,13643.6,1284.5,22.0,76.0,0.0,0.0,8342.4,0.0,0.00,pathseer:12
beir500k-rq1,pos40_cat00,pos40,202630,ours-no-twohop,512,2,12,1.0000,1.0000,0.00000,3.187,5.156,5.192,3.256,9545.7,0.0,13643.6,1284.5,22.0,76.0,0.0,0.0,8342.4,0.0,0.00,pathseer:12
beir500k-rq1,pos40_cat00,pos40,202630,ours-no-twohop,512,3,12,1.0000,1.0000,0.00000,3.036,5.092,5.308,3.233,9545.7,0.0,13643.6,1284.5,22.0,76.0,0.0,0.0,8342.4,0.0,0.00,pathseer:12
beir500k-rq1,pos40_cat00,pos40,202630,ours-guard,64,1,12,0.9917,0.9167,0.00004,0.319,0.391,0.519,0.329,1008.8,0.0,2339.6,107.8,3.0,9.0,0.0,0.0,1245.7,0.0,0.00,pathseer:12
beir500k-rq1,pos40_cat00,pos40,202630,ours-guard,64,2,12,0.9917,0.9167,0.00004,0.284,0.382,0.464,0.306,1008.8,0.0,2339.6,107.8,3.0,9.0,0.0,0.0,1245.7,0.0,0.00,pathseer:12
beir500k-rq1,pos40_cat00,pos40,202630,ours-guard,64,3,12,0.9917,0.9167,0.00004,0.306,0.473,0.517,0.332,1008.8,0.0,2339.6,107.8,3.0,9.0,0.0,0.0,1245.7,0.0,0.00,pathseer:12
beir500k-rq1,pos40_cat00,pos40,202630,ours-guard,128,1,12,0.9917,0.9167,0.00004,0.575,0.739,0.993,0.615,1895.3,0.0,4573.3,233.8,5.0,19.0,0.0,0.0,2524.2,0.0,0.00,pathseer:12
beir500k-rq1,pos40_cat00,pos40,202630,ours-guard,128,2,12,0.9917,0.9167,0.00004,0.560,0.678,0.905,0.575,1895.3,0.0,4573.3,233.8,5.0,19.0,0.0,0.0,2524.2,0.0,0.00,pathseer:12
beir500k-rq1,pos40_cat00,pos40,202630,ours-guard,128,3,12,0.9917,0.9167,0.00004,0.538,0.749,0.878,0.573,1895.3,0.0,4573.3,233.8,5.0,19.0,0.0,0.0,2524.2,0.0,0.00,pathseer:12
beir500k-rq1,pos40_cat00,pos40,202630,ours-guard,256,1,12,1.0000,1.0000,0.00000,1.202,1.571,1.875,1.208,3609.8,0.0,8867.6,516.2,9.0,41.0,0.0,0.0,4945.6,0.0,0.00,pathseer:12
beir500k-rq1,pos40_cat00,pos40,202630,ours-guard,256,2,12,1.0000,1.0000,0.00000,1.245,1.492,2.029,1.262,3609.8,0.0,8867.6,516.2,9.0,41.0,0.0,0.0,4945.6,0.0,0.00,pathseer:12
beir500k-rq1,pos40_cat00,pos40,202630,ours-guard,256,3,12,1.0000,1.0000,0.00000,1.295,1.625,2.157,1.328,3609.8,0.0,8867.6,516.2,9.0,41.0,0.0,0.0,4945.6,0.0,0.00,pathseer:12
beir500k-rq1,pos40_cat00,pos40,202630,ours-guard,512,1,12,1.0000,1.0000,0.00000,2.778,4.532,4.601,2.931,7081.1,0.0,17053.8,1171.2,22.0,76.0,0.0,0.0,9372.5,0.0,0.00,pathseer:12
beir500k-rq1,pos40_cat00,pos40,202630,ours-guard,512,2,12,1.0000,1.0000,0.00000,2.721,4.596,4.823,2.951,7081.1,0.0,17053.8,1171.2,22.0,76.0,0.0,0.0,9372.5,0.0,0.00,pathseer:12
beir500k-rq1,pos40_cat00,pos40,202630,ours-guard,512,3,12,1.0000,1.0000,0.00000,2.689,4.560,4.567,2.914,7081.1,0.0,17053.8,1171.2,22.0,76.0,0.0,0.0,9372.5,0.0,0.00,pathseer:12
beir500k-rq1,pos40_cat01,pos40,222136,sweeping,64,1,22,0.9909,0.9091,0.00014,0.247,0.317,0.332,0.249,1370.7,0.0,223.1,69.0,4.0,4.0,0.0,0.0,0.0,0.0,0.00,sweeping:22
beir500k-rq1,pos40_cat01,pos40,222136,sweeping,64,2,22,0.9909,0.9091,0.00014,0.273,0.365,0.371,0.274,1370.7,0.0,223.1,69.0,4.0,4.0,0.0,0.0,0.0,0.0,0.00,sweeping:22
beir500k-rq1,pos40_cat01,pos40,222136,sweeping,64,3,22,0.9909,0.9091,0.00014,0.259,0.350,0.409,0.269,1370.7,0.0,223.1,69.0,4.0,4.0,0.0,0.0,0.0,0.0,0.00,sweeping:22
beir500k-rq1,pos40_cat01,pos40,222136,sweeping,128,1,22,1.0000,1.0000,0.00000,0.498,0.680,0.714,0.519,2386.9,0.0,368.3,137.5,6.0,7.0,0.0,0.0,0.0,0.0,0.00,sweeping:22
beir500k-rq1,pos40_cat01,pos40,222136,sweeping,128,2,22,1.0000,1.0000,0.00000,0.441,0.641,0.663,0.466,2386.9,0.0,368.3,137.5,6.0,7.0,0.0,0.0,0.0,0.0,0.00,sweeping:22
beir500k-rq1,pos40_cat01,pos40,222136,sweeping,128,3,22,1.0000,1.0000,0.00000,0.463,0.623,0.694,0.477,2386.9,0.0,368.3,137.5,6.0,7.0,0.0,0.0,0.0,0.0,0.00,sweeping:22
beir500k-rq1,pos40_cat01,pos40,222136,sweeping,256,1,22,1.0000,1.0000,0.00000,0.868,1.257,1.351,0.912,4256.6,0.0,645.5,278.4,11.0,13.0,0.0,0.0,0.0,0.0,0.00,sweeping:22
beir500k-rq1,pos40_cat01,pos40,222136,sweeping,256,2,22,1.0000,1.0000,0.00000,0.898,1.260,1.417,0.912,4256.6,0.0,645.5,278.4,11.0,13.0,0.0,0.0,0.0,0.0,0.00,sweeping:22
beir500k-rq1,pos40_cat01,pos40,222136,sweeping,256,3,22,1.0000,1.0000,0.00000,0.858,1.264,1.357,0.899,4256.6,0.0,645.5,278.4,11.0,13.0,0.0,0.0,0.0,0.0,0.00,sweeping:22
beir500k-rq1,pos40_cat01,pos40,222136,sweeping,512,1,22,1.0000,1.0000,0.00000,1.703,2.699,2.737,1.778,7550.3,0.0,1203.8,569.3,24.0,28.0,0.0,0.0,0.0,0.0,0.00,sweeping:22
beir500k-rq1,pos40_cat01,pos40,222136,sweeping,512,2,22,1.0000,1.0000,0.00000,1.699,2.647,2.931,1.851,7550.3,0.0,1203.8,569.3,24.0,28.0,0.0,0.0,0.0,0.0,0.00,sweeping:22
beir500k-rq1,pos40_cat01,pos40,222136,sweeping,512,3,22,1.0000,1.0000,0.00000,1.747,2.910,2.953,1.872,7550.3,0.0,1203.8,569.3,24.0,28.0,0.0,0.0,0.0,0.0,0.00,sweeping:22
beir500k-rq1,pos40_cat01,pos40,222136,pathseer,64,1,22,0.9909,0.9091,0.00014,0.250,0.329,0.330,0.255,1365.0,0.0,443.3,68.4,2.0,2.0,84.4,52.2,33.0,1.3,0.00,pathseer:22
beir500k-rq1,pos40_cat01,pos40,222136,pathseer,64,2,22,0.9909,0.9091,0.00014,0.251,0.324,0.337,0.257,1365.0,0.0,443.3,68.4,2.0,2.0,84.4,52.2,33.0,1.3,0.00,pathseer:22
beir500k-rq1,pos40_cat01,pos40,222136,pathseer,64,3,22,0.9909,0.9091,0.00014,0.253,0.317,0.337,0.257,1365.0,0.0,443.3,68.4,2.0,2.0,84.4,52.2,33.0,1.3,0.00,pathseer:22
beir500k-rq1,pos40_cat01,pos40,222136,pathseer,128,1,22,1.0000,1.0000,0.00000,0.462,0.571,0.584,0.462,2319.8,0.0,822.3,135.5,3.0,3.0,157.1,98.9,88.2,2.5,0.00,pathseer:22
beir500k-rq1,pos40_cat01,pos40,222136,pathseer,128,2,22,1.0000,1.0000,0.00000,0.458,0.580,0.613,0.465,2319.8,0.0,822.3,135.5,3.0,3.0,157.1,98.9,88.2,2.5,0.00,pathseer:22
beir500k-rq1,pos40_cat01,pos40,222136,pathseer,128,3,22,1.0000,1.0000,0.00000,0.450,0.550,0.570,0.456,2319.8,0.0,822.3,135.5,3.0,3.0,157.1,98.9,88.2,2.5,0.00,pathseer:22
beir500k-rq1,pos40_cat01,pos40,222136,pathseer,256,1,22,1.0000,1.0000,0.00000,0.843,1.079,1.111,0.875,3986.0,0.0,1527.3,272.0,5.0,6.0,267.6,169.1,223.7,4.2,0.00,pathseer:22
beir500k-rq1,pos40_cat01,pos40,222136,pathseer,256,2,22,1.0000,1.0000,0.00000,0.912,1.212,1.213,0.930,3986.0,0.0,1527.3,272.0,5.0,6.0,267.6,169.1,223.7,4.2,0.00,pathseer:22
beir500k-rq1,pos40_cat01,pos40,222136,pathseer,256,3,22,1.0000,1.0000,0.00000,0.884,1.216,1.226,0.926,3986.0,0.0,1527.3,272.0,5.0,6.0,267.6,169.1,223.7,4.2,0.00,pathseer:22
beir500k-rq1,pos40_cat01,pos40,222136,pathseer,512,1,22,1.0000,1.0000,0.00000,1.728,2.210,2.329,1.752,6824.1,0.0,2960.8,548.5,9.0,9.0,523.6,342.1,510.3,8.2,0.00,pathseer:22
beir500k-rq1,pos40_cat01,pos40,222136,pathseer,512,2,22,1.0000,1.0000,0.00000,1.707,2.277,2.298,1.740,6824.1,0.0,2960.8,548.5,9.0,9.0,523.6,342.1,510.3,8.2,0.00,pathseer:22
beir500k-rq1,pos40_cat01,pos40,222136,pathseer,512,3,22,1.0000,1.0000,0.00000,1.719,2.244,2.297,1.745,6824.1,0.0,2960.8,548.5,9.0,9.0,523.6,342.1,510.3,8.2,0.00,pathseer:22
beir500k-rq1,pos40_cat01,pos40,222136,ours-no-twohop,64,1,22,0.9909,0.9091,0.00014,0.254,0.347,0.375,0.269,1328.1,0.0,336.0,68.5,4.0,4.0,0.0,0.0,33.0,0.0,0.00,pathseer:22
beir500k-rq1,pos40_cat01,pos40,222136,ours-no-twohop,64,2,22,0.9909,0.9091,0.00014,0.287,0.382,0.395,0.287,1328.1,0.0,336.0,68.5,4.0,4.0,0.0,0.0,33.0,0.0,0.00,pathseer:22
beir500k-rq1,pos40_cat01,pos40,222136,ours-no-twohop,64,3,22,0.9909,0.9091,0.00014,0.277,0.331,0.339,0.269,1328.1,0.0,336.0,68.5,4.0,4.0,0.0,0.0,33.0,0.0,0.00,pathseer:22
beir500k-rq1,pos40_cat01,pos40,222136,ours-no-twohop,128,1,22,1.0000,1.0000,0.00000,0.532,0.687,0.714,0.528,2264.8,0.0,618.9,135.7,6.0,7.0,0.0,0.0,87.4,0.0,0.00,pathseer:22
beir500k-rq1,pos40_cat01,pos40,222136,ours-no-twohop,128,2,22,1.0000,1.0000,0.00000,0.542,0.653,0.732,0.534,2264.8,0.0,618.9,135.7,6.0,7.0,0.0,0.0,87.4,0.0,0.00,pathseer:22
beir500k-rq1,pos40_cat01,pos40,222136,ours-no-twohop,128,3,22,1.0000,1.0000,0.00000,0.536,0.680,0.710,0.547,2264.8,0.0,618.9,135.7,6.0,7.0,0.0,0.0,87.4,0.0,0.00,pathseer:22
beir500k-rq1,pos40_cat01,pos40,222136,ours-no-twohop,256,1,22,1.0000,1.0000,0.00000,0.892,1.201,1.239,0.912,3914.9,0.0,1204.9,272.8,11.0,13.0,0.0,0.0,235.4,0.0,0.00,pathseer:22
beir500k-rq1,pos40_cat01,pos40,222136,ours-no-twohop,256,2,22,1.0000,1.0000,0.00000,0.865,1.138,1.170,0.879,3914.9,0.0,1204.9,272.8,11.0,13.0,0.0,0.0,235.4,0.0,0.00,pathseer:22
beir500k-rq1,pos40_cat01,pos40,222136,ours-no-twohop,256,3,22,1.0000,1.0000,0.00000,0.853,1.152,1.256,0.880,3914.9,0.0,1204.9,272.8,11.0,13.0,0.0,0.0,235.4,0.0,0.00,pathseer:22
beir500k-rq1,pos40_cat01,pos40,222136,ours-no-twohop,512,1,22,1.0000,1.0000,0.00000,1.665,2.319,2.562,1.728,6727.0,0.0,2355.3,549.8,24.0,28.0,0.0,0.0,521.5,0.0,0.00,pathseer:22
beir500k-rq1,pos40_cat01,pos40,222136,ours-no-twohop,512,2,22,1.0000,1.0000,0.00000,1.729,2.233,2.286,1.765,6727.0,0.0,2355.3,549.8,24.0,28.0,0.0,0.0,521.5,0.0,0.00,pathseer:22
beir500k-rq1,pos40_cat01,pos40,222136,ours-no-twohop,512,3,22,1.0000,1.0000,0.00000,1.658,2.185,2.282,1.711,6727.0,0.0,2355.3,549.8,24.0,28.0,0.0,0.0,521.5,0.0,0.00,pathseer:22
beir500k-rq1,pos40_cat01,pos40,222136,ours-guard,64,1,22,0.9909,0.9091,0.00014,0.254,0.299,0.310,0.252,1164.8,0.0,1438.2,66.6,4.0,4.0,0.0,0.0,158.1,0.0,0.00,pathseer:22
beir500k-rq1,pos40_cat01,pos40,222136,ours-guard,64,2,22,0.9909,0.9091,0.00014,0.244,0.292,0.304,0.246,1164.8,0.0,1438.2,66.6,4.0,4.0,0.0,0.0,158.1,0.0,0.00,pathseer:22
beir500k-rq1,pos40_cat01,pos40,222136,ours-guard,64,3,22,0.9909,0.9091,0.00014,0.253,0.286,0.311,0.250,1164.8,0.0,1438.2,66.6,4.0,4.0,0.0,0.0,158.1,0.0,0.00,pathseer:22
beir500k-rq1,pos40_cat01,pos40,222136,ours-guard,128,1,22,1.0000,1.0000,0.00000,0.450,0.556,0.566,0.451,1965.5,0.0,2453.2,131.3,6.0,7.0,0.0,0.0,306.0,0.0,0.00,pathseer:22
beir500k-rq1,pos40_cat01,pos40,222136,ours-guard,128,2,22,1.0000,1.0000,0.00000,0.427,0.493,0.509,0.430,1965.5,0.0,2453.2,131.3,6.0,7.0,0.0,0.0,306.0,0.0,0.00,pathseer:22
beir500k-rq1,pos40_cat01,pos40,222136,ours-guard,128,3,22,1.0000,1.0000,0.00000,0.415,0.477,0.533,0.421,1965.5,0.0,2453.2,131.3,6.0,7.0,0.0,0.0,306.0,0.0,0.00,pathseer:22
beir500k-rq1,pos40_cat01,pos40,222136,ours-guard,256,1,22,1.0000,1.0000,0.00000,0.829,1.022,1.091,0.842,3368.9,0.0,4296.3,263.9,11.0,13.0,0.0,0.0,627.6,0.0,0.00,pathseer:22
beir500k-rq1,pos40_cat01,pos40,222136,ours-guard,256,2,22,1.0000,1.0000,0.00000,0.848,1.042,1.090,0.848,3368.9,0.0,4296.3,263.9,11.0,13.0,0.0,0.0,627.6,0.0,0.00,pathseer:22
beir500k-rq1,pos40_cat01,pos40,222136,ours-guard,256,3,22,1.0000,1.0000,0.00000,0.859,1.066,1.092,0.885,3368.9,0.0,4296.3,263.9,11.0,13.0,0.0,0.0,627.6,0.0,0.00,pathseer:22
beir500k-rq1,pos40_cat01,pos40,222136,ours-guard,512,1,22,1.0000,1.0000,0.00000,1.865,2.159,2.172,1.885,5693.0,0.0,7488.3,530.7,24.0,28.0,0.0,0.0,1269.1,0.0,0.00,pathseer:22
beir500k-rq1,pos40_cat01,pos40,222136,ours-guard,512,2,22,1.0000,1.0000,0.00000,1.586,1.946,1.974,1.614,5693.0,0.0,7488.3,530.7,24.0,28.0,0.0,0.0,1269.1,0.0,0.00,pathseer:22
beir500k-rq1,pos40_cat01,pos40,222136,ours-guard,512,3,22,1.0000,1.0000,0.00000,1.628,1.974,2.002,1.626,5693.0,0.0,7488.3,530.7,24.0,28.0,0.0,0.0,1269.1,0.0,0.00,pathseer:22
beir500k-rq1,pos40_cat02,pos40,209153,sweeping,64,1,60,0.9133,0.6000,0.00256,0.326,0.399,0.506,0.350,1933.7,0.0,258.0,75.2,3.0,4.0,0.0,0.0,0.0,0.0,0.00,sweeping:60
beir500k-rq1,pos40_cat02,pos40,209153,sweeping,64,2,60,0.9133,0.6000,0.00256,0.336,0.480,0.562,0.363,1933.7,0.0,258.0,75.2,3.0,4.0,0.0,0.0,0.0,0.0,0.00,sweeping:60
beir500k-rq1,pos40_cat02,pos40,209153,sweeping,64,3,60,0.9133,0.6000,0.00256,0.366,0.451,0.517,0.381,1933.7,0.0,258.0,75.2,3.0,4.0,0.0,0.0,0.0,0.0,0.00,sweeping:60
beir500k-rq1,pos40_cat02,pos40,209153,sweeping,128,1,60,0.9450,0.7167,0.00182,0.592,0.838,0.953,0.652,3468.9,0.0,466.3,151.0,5.0,5.0,0.0,0.0,0.0,0.0,0.00,sweeping:60
beir500k-rq1,pos40_cat02,pos40,209153,sweeping,128,2,60,0.9450,0.7167,0.00182,0.594,0.878,0.950,0.659,3468.9,0.0,466.3,151.0,5.0,5.0,0.0,0.0,0.0,0.0,0.00,sweeping:60
beir500k-rq1,pos40_cat02,pos40,209153,sweeping,128,3,60,0.9450,0.7167,0.00182,0.594,0.851,1.038,0.657,3468.9,0.0,466.3,151.0,5.0,5.0,0.0,0.0,0.0,0.0,0.00,sweeping:60
beir500k-rq1,pos40_cat02,pos40,209153,sweeping,256,1,60,0.9883,0.9000,0.00026,1.098,1.618,1.792,1.220,6060.9,0.0,838.8,304.2,9.0,9.0,0.0,0.0,0.0,0.0,0.00,sweeping:60
beir500k-rq1,pos40_cat02,pos40,209153,sweeping,256,2,60,0.9883,0.9000,0.00026,1.143,1.582,1.805,1.244,6060.9,0.0,838.8,304.2,9.0,9.0,0.0,0.0,0.0,0.0,0.00,sweeping:60
beir500k-rq1,pos40_cat02,pos40,209153,sweeping,256,3,60,0.9883,0.9000,0.00026,1.126,1.603,1.795,1.244,6060.9,0.0,838.8,304.2,9.0,9.0,0.0,0.0,0.0,0.0,0.00,sweeping:60
beir500k-rq1,pos40_cat02,pos40,209153,sweeping,512,1,60,0.9950,0.9500,0.00016,2.136,3.470,3.640,2.352,10194.3,0.0,1534.3,608.0,18.0,19.0,0.0,0.0,0.0,0.0,0.00,sweeping:60
beir500k-rq1,pos40_cat02,pos40,209153,sweeping,512,2,60,0.9950,0.9500,0.00016,2.100,3.367,3.647,2.298,10194.3,0.0,1534.3,608.0,18.0,19.0,0.0,0.0,0.0,0.0,0.00,sweeping:60
beir500k-rq1,pos40_cat02,pos40,209153,sweeping,512,3,60,0.9950,0.9500,0.00016,2.054,3.112,3.533,2.265,10194.3,0.0,1534.3,608.0,18.0,19.0,0.0,0.0,0.0,0.0,0.00,sweeping:60
beir500k-rq1,pos40_cat02,pos40,209153,pathseer,64,1,60,0.9133,0.6000,0.00267,0.331,0.390,0.406,0.333,1808.4,0.0,488.9,69.3,2.0,2.0,71.5,53.1,57.8,1.1,0.00,pathseer:60
beir500k-rq1,pos40_cat02,pos40,209153,pathseer,64,2,60,0.9133,0.6000,0.00267,0.322,0.373,0.417,0.325,1808.4,0.0,488.9,69.3,2.0,2.0,71.5,53.1,57.8,1.1,0.00,pathseer:60
beir500k-rq1,pos40_cat02,pos40,209153,pathseer,64,3,60,0.9133,0.6000,0.00267,0.317,0.375,0.377,0.317,1808.4,0.0,488.9,69.3,2.0,2.0,71.5,53.1,57.8,1.1,0.00,pathseer:60
beir500k-rq1,pos40_cat02,pos40,209153,pathseer,128,1,60,0.9467,0.7333,0.00180,0.617,0.770,0.815,0.631,3206.3,0.0,930.2,136.4,3.0,3.0,138.7,102.2,130.5,2.2,0.00,pathseer:60
beir500k-rq1,pos40_cat02,pos40,209153,pathseer,128,2,60,0.9467,0.7333,0.00180,0.603,0.743,0.800,0.610,3206.3,0.0,930.2,136.4,3.0,3.0,138.7,102.2,130.5,2.2,0.00,pathseer:60
beir500k-rq1,pos40_cat02,pos40,209153,pathseer,128,3,60,0.9467,0.7333,0.00180,0.580,0.687,0.744,0.581,3206.3,0.0,930.2,136.4,3.0,3.0,138.7,102.2,130.5,2.2,0.00,pathseer:60
beir500k-rq1,pos40_cat02,pos40,209153,pathseer,256,1,60,0.9817,0.8833,0.00047,1.129,1.329,1.547,1.138,5544.4,0.0,1673.8,270.8,5.0,5.0,237.9,172.8,234.3,3.7,0.00,pathseer:60
beir500k-rq1,pos40_cat02,pos40,209153,pathseer,256,2,60,0.9817,0.8833,0.00047,1.104,1.352,1.404,1.124,5544.4,0.0,1673.8,270.8,5.0,5.0,237.9,172.8,234.3,3.7,0.00,pathseer:60
beir500k-rq1,pos40_cat02,pos40,209153,pathseer,256,3,60,0.9817,0.8833,0.00047,1.139,1.365,1.499,1.142,5544.4,0.0,1673.8,270.8,5.0,5.0,237.9,172.8,234.3,3.7,0.00,pathseer:60
beir500k-rq1,pos40_cat02,pos40,209153,pathseer,512,1,60,0.9950,0.9500,0.00016,2.082,2.722,2.896,2.157,9256.0,0.0,3150.5,542.9,8.0,8.0,446.9,326.5,478.8,7.0,0.00,pathseer:60
beir500k-rq1,pos40_cat02,pos40,209153,pathseer,512,2,60,0.9950,0.9500,0.00016,2.230,2.761,3.075,2.283,9256.0,0.0,3150.5,542.9,8.0,8.0,446.9,326.5,478.8,7.0,0.00,pathseer:60
beir500k-rq1,pos40_cat02,pos40,209153,pathseer,512,3,60,0.9950,0.9500,0.00016,2.134,2.593,2.998,2.146,9256.0,0.0,3150.5,542.9,8.0,8.0,446.9,326.5,478.8,7.0,0.00,pathseer:60
beir500k-rq1,pos40_cat02,pos40,209153,ours-no-twohop,64,1,60,0.9117,0.5833,0.00269,0.310,0.357,0.372,0.309,1771.4,0.0,398.7,69.7,3.0,4.0,0.0,0.0,63.5,0.0,0.00,pathseer:60
beir500k-rq1,pos40_cat02,pos40,209153,ours-no-twohop,64,2,60,0.9117,0.5833,0.00269,0.318,0.375,0.391,0.320,1771.4,0.0,398.7,69.7,3.0,4.0,0.0,0.0,63.5,0.0,0.00,pathseer:60
beir500k-rq1,pos40_cat02,pos40,209153,ours-no-twohop,64,3,60,0.9117,0.5833,0.00269,0.333,0.399,0.429,0.337,1771.4,0.0,398.7,69.7,3.0,4.0,0.0,0.0,63.5,0.0,0.00,pathseer:60
beir500k-rq1,pos40_cat02,pos40,209153,ours-no-twohop,128,1,60,0.9450,0.7167,0.00182,0.655,0.765,0.933,0.657,3135.7,0.0,746.6,136.8,5.0,5.0,0.0,0.0,132.2,0.0,0.00,pathseer:60
beir500k-rq1,pos40_cat02,pos40,209153,ours-no-twohop,128,2,60,0.9450,0.7167,0.00182,0.581,0.713,0.757,0.590,3135.7,0.0,746.6,136.8,5.0,5.0,0.0,0.0,132.2,0.0,0.00,pathseer:60
beir500k-rq1,pos40_cat02,pos40,209153,ours-no-twohop,128,3,60,0.9450,0.7167,0.00182,0.592,0.729,0.839,0.597,3135.7,0.0,746.6,136.8,5.0,5.0,0.0,0.0,132.2,0.0,0.00,pathseer:60
beir500k-rq1,pos40_cat02,pos40,209153,ours-no-twohop,256,1,60,0.9817,0.8833,0.00047,1.092,1.367,1.533,1.118,5450.4,0.0,1381.8,273.1,9.0,9.0,0.0,0.0,256.0,0.0,0.00,pathseer:60
beir500k-rq1,pos40_cat02,pos40,209153,ours-no-twohop,256,2,60,0.9817,0.8833,0.00047,1.100,1.296,1.388,1.111,5450.4,0.0,1381.8,273.1,9.0,9.0,0.0,0.0,256.0,0.0,0.00,pathseer:60
beir500k-rq1,pos40_cat02,pos40,209153,ours-no-twohop,256,3,60,0.9817,0.8833,0.00047,1.120,1.322,1.477,1.123,5450.4,0.0,1381.8,273.1,9.0,9.0,0.0,0.0,256.0,0.0,0.00,pathseer:60
beir500k-rq1,pos40_cat02,pos40,209153,ours-no-twohop,512,1,60,0.9950,0.9500,0.00016,2.019,2.395,2.786,2.057,9132.0,0.0,2654.7,551.6,18.0,19.0,0.0,0.0,538.9,0.0,0.00,pathseer:60
beir500k-rq1,pos40_cat02,pos40,209153,ours-no-twohop,512,2,60,0.9950,0.9500,0.00016,1.960,2.477,2.587,2.042,9132.0,0.0,2654.7,551.6,18.0,19.0,0.0,0.0,538.9,0.0,0.00,pathseer:60
beir500k-rq1,pos40_cat02,pos40,209153,ours-no-twohop,512,3,60,0.9950,0.9500,0.00016,1.956,2.399,2.624,2.026,9132.0,0.0,2654.7,551.6,18.0,19.0,0.0,0.0,538.9,0.0,0.00,pathseer:60
beir500k-rq1,pos40_cat02,pos40,209153,ours-guard,64,1,60,0.9083,0.5667,0.00283,0.330,0.400,0.405,0.331,1645.9,0.0,1928.0,67.7,3.0,4.0,0.0,0.0,137.2,0.0,0.00,pathseer:60
beir500k-rq1,pos40_cat02,pos40,209153,ours-guard,64,2,60,0.9083,0.5667,0.00283,0.355,0.434,0.451,0.360,1645.9,0.0,1928.0,67.7,3.0,4.0,0.0,0.0,137.2,0.0,0.00,pathseer:60
beir500k-rq1,pos40_cat02,pos40,209153,ours-guard,64,3,60,0.9083,0.5667,0.00283,0.382,0.469,0.525,0.393,1645.9,0.0,1928.0,67.7,3.0,4.0,0.0,0.0,137.2,0.0,0.00,pathseer:60
beir500k-rq1,pos40_cat02,pos40,209153,ours-guard,128,1,60,0.9433,0.7000,0.00194,0.593,0.696,0.732,0.597,2903.2,0.0,3424.7,132.5,5.0,5.0,0.0,0.0,260.9,0.0,0.00,pathseer:60
beir500k-rq1,pos40_cat02,pos40,209153,ours-guard,128,2,60,0.9433,0.7000,0.00194,0.607,0.715,0.757,0.609,2903.2,0.0,3424.7,132.5,5.0,5.0,0.0,0.0,260.9,0.0,0.00,pathseer:60
beir500k-rq1,pos40_cat02,pos40,209153,ours-guard,128,3,60,0.9433,0.7000,0.00194,0.608,0.714,0.756,0.605,2903.2,0.0,3424.7,132.5,5.0,5.0,0.0,0.0,260.9,0.0,0.00,pathseer:60
beir500k-rq1,pos40_cat02,pos40,209153,ours-guard,256,1,60,0.9817,0.8833,0.00047,1.142,1.296,1.392,1.127,5006.0,0.0,5982.6,265.5,9.0,9.0,0.0,0.0,529.9,0.0,0.00,pathseer:60
beir500k-rq1,pos40_cat02,pos40,209153,ours-guard,256,2,60,0.9817,0.8833,0.00047,1.124,1.277,1.375,1.124,5006.0,0.0,5982.6,265.5,9.0,9.0,0.0,0.0,529.9,0.0,0.00,pathseer:60
beir500k-rq1,pos40_cat02,pos40,209153,ours-guard,256,3,60,0.9817,0.8833,0.00047,1.140,1.325,1.468,1.137,5006.0,0.0,5982.6,265.5,9.0,9.0,0.0,0.0,529.9,0.0,0.00,pathseer:60
beir500k-rq1,pos40_cat02,pos40,209153,ours-guard,512,1,60,0.9950,0.9500,0.00016,2.140,2.526,3.037,2.150,8303.5,0.0,10136.8,536.7,18.0,19.0,0.0,0.0,1059.0,0.0,0.00,pathseer:60
beir500k-rq1,pos40_cat02,pos40,209153,ours-guard,512,2,60,0.9950,0.9500,0.00016,2.122,2.663,2.889,2.187,8303.5,0.0,10136.8,536.7,18.0,19.0,0.0,0.0,1059.0,0.0,0.00,pathseer:60
beir500k-rq1,pos40_cat02,pos40,209153,ours-guard,512,3,60,0.9950,0.9500,0.00016,2.066,2.369,2.477,2.063,8303.5,0.0,10136.8,536.7,18.0,19.0,0.0,0.0,1059.0,0.0,0.00,pathseer:60
beir500k-rq1,pos40_cat03,pos40,220547,sweeping,64,1,55,0.9745,0.8000,0.00060,0.341,0.516,0.627,0.372,1844.3,0.0,262.9,76.9,3.0,4.0,0.0,0.0,0.0,0.0,0.00,sweeping:55
beir500k-rq1,pos40_cat03,pos40,220547,sweeping,64,2,55,0.9745,0.8000,0.00060,0.337,0.517,0.610,0.361,1844.3,0.0,262.9,76.9,3.0,4.0,0.0,0.0,0.0,0.0,0.00,sweeping:55
beir500k-rq1,pos40_cat03,pos40,220547,sweeping,64,3,55,0.9745,0.8000,0.00060,0.352,0.533,0.612,0.371,1844.3,0.0,262.9,76.9,3.0,4.0,0.0,0.0,0.0,0.0,0.00,sweeping:55
beir500k-rq1,pos40_cat03,pos40,220547,sweeping,128,1,55,0.9873,0.8909,0.00034,0.719,0.984,1.230,0.751,3260.6,0.0,450.9,150.3,5.0,6.0,0.0,0.0,0.0,0.0,0.00,sweeping:55
beir500k-rq1,pos40_cat03,pos40,220547,sweeping,128,2,55,0.9873,0.8909,0.00034,0.704,0.970,1.194,0.738,3260.6,0.0,450.9,150.3,5.0,6.0,0.0,0.0,0.0,0.0,0.00,sweeping:55
beir500k-rq1,pos40_cat03,pos40,220547,sweeping,128,3,55,0.9873,0.8909,0.00034,0.645,0.922,1.182,0.684,3260.6,0.0,450.9,150.3,5.0,6.0,0.0,0.0,0.0,0.0,0.00,sweeping:55
beir500k-rq1,pos40_cat03,pos40,220547,sweeping,256,1,55,0.9945,0.9455,0.00013,1.135,1.647,2.012,1.201,5788.4,0.0,786.6,299.7,10.0,10.0,0.0,0.0,0.0,0.0,0.00,sweeping:55
beir500k-rq1,pos40_cat03,pos40,220547,sweeping,256,2,55,0.9945,0.9455,0.00013,1.141,1.667,2.080,1.224,5788.4,0.0,786.6,299.7,10.0,10.0,0.0,0.0,0.0,0.0,0.00,sweeping:55
beir500k-rq1,pos40_cat03,pos40,220547,sweeping,256,3,55,0.9945,0.9455,0.00013,1.119,1.642,2.113,1.218,5788.4,0.0,786.6,299.7,10.0,10.0,0.0,0.0,0.0,0.0,0.00,sweeping:55
beir500k-rq1,pos40_cat03,pos40,220547,sweeping,512,1,55,0.9964,0.9636,0.00011,2.083,3.001,3.816,2.284,10178.2,0.0,1438.8,607.1,19.0,20.0,0.0,0.0,0.0,0.0,0.00,sweeping:55
beir500k-rq1,pos40_cat03,pos40,220547,sweeping,512,2,55,0.9964,0.9636,0.00011,2.128,3.175,3.788,2.307,10178.2,0.0,1438.8,607.1,19.0,20.0,0.0,0.0,0.0,0.0,0.00,sweeping:55
beir500k-rq1,pos40_cat03,pos40,220547,sweeping,512,3,55,0.9964,0.9636,0.00011,2.106,3.053,3.843,2.275,10178.2,0.0,1438.8,607.1,19.0,20.0,0.0,0.0,0.0,0.0,0.00,sweeping:55
beir500k-rq1,pos40_cat03,pos40,220547,pathseer,64,1,55,0.9745,0.8000,0.00060,0.372,0.454,0.470,0.379,1740.3,0.0,498.4,70.9,2.0,2.0,73.2,57.2,61.7,1.1,0.00,pathseer:55
beir500k-rq1,pos40_cat03,pos40,220547,pathseer,64,2,55,0.9745,0.8000,0.00060,0.431,0.570,0.593,0.448,1740.3,0.0,498.4,70.9,2.0,2.0,73.2,57.2,61.7,1.1,0.00,pathseer:55
beir500k-rq1,pos40_cat03,pos40,220547,pathseer,64,3,55,0.9745,0.8000,0.00060,0.394,0.499,0.547,0.404,1740.3,0.0,498.4,70.9,2.0,2.0,73.2,57.2,61.7,1.1,0.00,pathseer:55
beir500k-rq1,pos40_cat03,pos40,220547,pathseer,128,1,55,0.9873,0.8909,0.00034,0.653,0.774,0.848,0.656,3043.0,0.0,905.2,138.4,3.0,3.0,136.0,104.5,119.8,2.1,0.00,pathseer:55
beir500k-rq1,pos40_cat03,pos40,220547,pathseer,128,2,55,0.9873,0.8909,0.00034,0.645,0.745,0.782,0.643,3043.0,0.0,905.2,138.4,3.0,3.0,136.0,104.5,119.8,2.1,0.00,pathseer:55
beir500k-rq1,pos40_cat03,pos40,220547,pathseer,128,3,55,0.9873,0.8909,0.00034,0.637,0.751,0.801,0.644,3043.0,0.0,905.2,138.4,3.0,3.0,136.0,104.5,119.8,2.1,0.00,pathseer:55
beir500k-rq1,pos40_cat03,pos40,220547,pathseer,256,1,55,0.9945,0.9455,0.00013,1.160,1.371,1.597,1.174,5296.7,0.0,1636.3,273.2,5.0,5.0,236.1,176.4,234.3,3.7,0.00,pathseer:55
beir500k-rq1,pos40_cat03,pos40,220547,pathseer,256,2,55,0.9945,0.9455,0.00013,1.177,1.411,1.474,1.178,5296.7,0.0,1636.3,273.2,5.0,5.0,236.1,176.4,234.3,3.7,0.00,pathseer:55
beir500k-rq1,pos40_cat03,pos40,220547,pathseer,256,3,55,0.9945,0.9455,0.00013,1.157,1.348,1.384,1.160,5296.7,0.0,1636.3,273.2,5.0,5.0,236.1,176.4,234.3,3.7,0.00,pathseer:55
beir500k-rq1,pos40_cat03,pos40,220547,pathseer,512,1,55,0.9964,0.9636,0.00011,2.161,2.597,2.898,2.200,9116.9,0.0,3135.3,549.6,8.0,8.0,446.7,332.6,516.8,7.0,0.00,pathseer:55
beir500k-rq1,pos40_cat03,pos40,220547,pathseer,512,2,55,0.9964,0.9636,0.00011,2.238,2.603,2.795,2.254,9116.9,0.0,3135.3,549.6,8.0,8.0,446.7,332.6,516.8,7.0,0.00,pathseer:55
beir500k-rq1,pos40_cat03,pos40,220547,pathseer,512,3,55,0.9964,0.9636,0.00011,2.134,2.549,2.653,2.144,9116.9,0.0,3135.3,549.6,8.0,8.0,446.7,332.6,516.8,7.0,0.00,pathseer:55
beir500k-rq1,pos40_cat03,pos40,220547,ours-no-twohop,64,1,55,0.9745,0.8000,0.00060,0.326,0.398,0.442,0.335,1711.1,0.0,409.8,72.2,3.0,4.0,0.0,0.0,65.3,0.0,0.00,pathseer:55
beir500k-rq1,pos40_cat03,pos40,220547,ours-no-twohop,64,2,55,0.9745,0.8000,0.00060,0.318,0.371,0.430,0.322,1711.1,0.0,409.8,72.2,3.0,4.0,0.0,0.0,65.3,0.0,0.00,pathseer:55
beir500k-rq1,pos40_cat03,pos40,220547,ours-no-twohop,64,3,55,0.9745,0.8000,0.00060,0.315,0.374,0.409,0.317,1711.1,0.0,409.8,72.2,3.0,4.0,0.0,0.0,65.3,0.0,0.00,pathseer:55
beir500k-rq1,pos40_cat03,pos40,220547,ours-no-twohop,128,1,55,0.9873,0.8909,0.00034,0.587,0.712,0.862,0.599,2979.5,0.0,727.3,139.5,5.0,6.0,0.0,0.0,121.8,0.0,0.00,pathseer:55
beir500k-rq1,pos40_cat03,pos40,220547,ours-no-twohop,128,2,55,0.9873,0.8909,0.00034,0.571,0.677,0.722,0.580,2979.5,0.0,727.3,139.5,5.0,6.0,0.0,0.0,121.8,0.0,0.00,pathseer:55
beir500k-rq1,pos40_cat03,pos40,220547,ours-no-twohop,128,3,55,0.9873,0.8909,0.00034,0.581,0.691,0.717,0.583,2979.5,0.0,727.3,139.5,5.0,6.0,0.0,0.0,121.8,0.0,0.00,pathseer:55
beir500k-rq1,pos40_cat03,pos40,220547,ours-no-twohop,256,1,55,0.9945,0.9455,0.00013,1.125,1.414,1.499,1.147,5204.2,0.0,1354.1,277.0,10.0,10.0,0.0,0.0,263.3,0.0,0.00,pathseer:55
beir500k-rq1,pos40_cat03,pos40,220547,ours-no-twohop,256,2,55,0.9945,0.9455,0.00013,1.149,1.491,1.586,1.182,5204.2,0.0,1354.1,277.0,10.0,10.0,0.0,0.0,263.3,0.0,0.00,pathseer:55
beir500k-rq1,pos40_cat03,pos40,220547,ours-no-twohop,256,3,55,0.9945,0.9455,0.00013,1.147,1.389,1.441,1.148,5204.2,0.0,1354.1,277.0,10.0,10.0,0.0,0.0,263.3,0.0,0.00,pathseer:55
beir500k-rq1,pos40_cat03,pos40,220547,ours-no-twohop,512,1,55,0.9964,0.9636,0.00011,2.006,2.527,2.679,2.076,8978.2,0.0,2576.5,554.9,19.0,20.0,0.0,0.0,538.6,0.0,0.00,pathseer:55
beir500k-rq1,pos40_cat03,pos40,220547,ours-no-twohop,512,2,55,0.9964,0.9636,0.00011,2.109,2.608,2.916,2.184,8978.2,0.0,2576.5,554.9,19.0,20.0,0.0,0.0,538.6,0.0,0.00,pathseer:55
beir500k-rq1,pos40_cat03,pos40,220547,ours-no-twohop,512,3,55,0.9964,0.9636,0.00011,2.176,2.653,2.756,2.194,8978.2,0.0,2576.5,554.9,19.0,20.0,0.0,0.0,538.6,0.0,0.00,pathseer:55
beir500k-rq1,pos40_cat03,pos40,220547,ours-guard,64,1,55,0.9727,0.8000,0.00064,0.360,0.456,0.475,0.363,1600.8,0.0,1872.0,69.9,3.0,4.0,0.0,0.0,125.9,0.0,0.00,pathseer:55
beir500k-rq1,pos40_cat03,pos40,220547,ours-guard,64,2,55,0.9727,0.8000,0.00064,0.361,0.437,0.489,0.363,1600.8,0.0,1872.0,69.9,3.0,4.0,0.0,0.0,125.9,0.0,0.00,pathseer:55
beir500k-rq1,pos40_cat03,pos40,220547,ours-guard,64,3,55,0.9727,0.8000,0.00064,0.360,0.469,0.530,0.366,1600.8,0.0,1872.0,69.9,3.0,4.0,0.0,0.0,125.9,0.0,0.00,pathseer:55
beir500k-rq1,pos40_cat03,pos40,220547,ours-guard,128,1,55,0.9873,0.8909,0.00034,0.639,0.720,0.741,0.636,2772.7,0.0,3261.3,135.2,5.0,6.0,0.0,0.0,242.6,0.0,0.00,pathseer:55
beir500k-rq1,pos40_cat03,pos40,220547,ours-guard,128,2,55,0.9873,0.8909,0.00034,0.662,0.791,0.894,0.664,2772.7,0.0,3261.3,135.2,5.0,6.0,0.0,0.0,242.6,0.0,0.00,pathseer:55
beir500k-rq1,pos40_cat03,pos40,220547,ours-guard,128,3,55,0.9873,0.8909,0.00034,0.657,0.732,0.735,0.649,2772.7,0.0,3261.3,135.2,5.0,6.0,0.0,0.0,242.6,0.0,0.00,pathseer:55
beir500k-rq1,pos40_cat03,pos40,220547,ours-guard,256,1,55,0.9945,0.9455,0.00013,1.232,1.486,1.565,1.238,4808.4,0.0,5709.8,268.5,10.0,10.0,0.0,0.0,495.7,0.0,0.00,pathseer:55
beir500k-rq1,pos40_cat03,pos40,220547,ours-guard,256,2,55,0.9945,0.9455,0.00013,1.223,1.460,1.487,1.238,4808.4,0.0,5709.8,268.5,10.0,10.0,0.0,0.0,495.7,0.0,0.00,pathseer:55
beir500k-rq1,pos40_cat03,pos40,220547,ours-guard,256,3,55,0.9945,0.9455,0.00013,1.261,1.469,1.526,1.276,4808.4,0.0,5709.8,268.5,10.0,10.0,0.0,0.0,495.7,0.0,0.00,pathseer:55
beir500k-rq1,pos40_cat03,pos40,220547,ours-guard,512,1,55,0.9982,0.9818,0.00010,2.154,2.484,2.621,2.156,8224.2,0.0,9891.1,537.5,19.0,20.0,0.0,0.0,970.5,0.0,0.00,pathseer:55
beir500k-rq1,pos40_cat03,pos40,220547,ours-guard,512,2,55,0.9982,0.9818,0.00010,2.270,2.693,2.965,2.240,8224.2,0.0,9891.1,537.5,19.0,20.0,0.0,0.0,970.5,0.0,0.00,pathseer:55
beir500k-rq1,pos40_cat03,pos40,220547,ours-guard,512,3,55,0.9982,0.9818,0.00010,2.194,2.487,2.624,2.177,8224.2,0.0,9891.1,537.5,19.0,20.0,0.0,0.0,970.5,0.0,0.00,pathseer:55
beir500k-rq1,pos40_cat04,pos40,224049,sweeping,64,1,57,0.9895,0.9123,0.00011,0.300,0.404,0.446,0.307,1524.8,0.0,232.9,68.0,3.0,3.0,0.0,0.0,0.0,0.0,0.00,sweeping:57
beir500k-rq1,pos40_cat04,pos40,224049,sweeping,64,2,57,0.9895,0.9123,0.00011,0.310,0.410,0.450,0.319,1524.8,0.0,232.9,68.0,3.0,3.0,0.0,0.0,0.0,0.0,0.00,sweeping:57
beir500k-rq1,pos40_cat04,pos40,224049,sweeping,64,3,57,0.9895,0.9123,0.00011,0.307,0.414,0.464,0.316,1524.8,0.0,232.9,68.0,3.0,3.0,0.0,0.0,0.0,0.0,0.00,sweeping:57
beir500k-rq1,pos40_cat04,pos40,224049,sweeping,128,1,57,0.9982,0.9825,0.00002,0.524,0.691,0.769,0.540,2604.4,0.0,381.9,132.8,5.0,6.0,0.0,0.0,0.0,0.0,0.00,sweeping:57
beir500k-rq1,pos40_cat04,pos40,224049,sweeping,128,2,57,0.9982,0.9825,0.00002,0.519,0.702,0.751,0.534,2604.4,0.0,381.9,132.8,5.0,6.0,0.0,0.0,0.0,0.0,0.00,sweeping:57
beir500k-rq1,pos40_cat04,pos40,224049,sweeping,128,3,57,0.9982,0.9825,0.00002,0.525,0.697,0.730,0.537,2604.4,0.0,381.9,132.8,5.0,6.0,0.0,0.0,0.0,0.0,0.00,sweeping:57
beir500k-rq1,pos40_cat04,pos40,224049,sweeping,256,1,57,0.9982,0.9825,0.00002,0.998,1.389,1.492,1.029,4381.2,0.0,661.9,264.1,10.0,10.0,0.0,0.0,0.0,0.0,0.00,sweeping:57
beir500k-rq1,pos40_cat04,pos40,224049,sweeping,256,2,57,0.9982,0.9825,0.00002,0.993,1.321,1.454,1.011,4381.2,0.0,661.9,264.1,10.0,10.0,0.0,0.0,0.0,0.0,0.00,sweeping:57
beir500k-rq1,pos40_cat04,pos40,224049,sweeping,256,3,57,0.9982,0.9825,0.00002,1.006,1.350,1.416,1.021,4381.2,0.0,661.9,264.1,10.0,10.0,0.0,0.0,0.0,0.0,0.00,sweeping:57
beir500k-rq1,pos40_cat04,pos40,224049,sweeping,512,1,57,0.9982,0.9825,0.00002,1.744,2.481,2.681,1.795,7224.8,0.0,1191.0,527.6,21.0,22.0,0.0,0.0,0.0,0.0,0.00,sweeping:57
beir500k-rq1,pos40_cat04,pos40,224049,sweeping,512,2,57,0.9982,0.9825,0.00002,1.740,2.303,2.565,1.788,7224.8,0.0,1191.0,527.6,21.0,22.0,0.0,0.0,0.0,0.0,0.00,sweeping:57
beir500k-rq1,pos40_cat04,pos40,224049,sweeping,512,3,57,0.9982,0.9825,0.00002,1.731,2.344,2.716,1.781,7224.8,0.0,1191.0,527.6,21.0,22.0,0.0,0.0,0.0,0.0,0.00,sweeping:57
beir500k-rq1,pos40_cat04,pos40,224049,pathseer,64,1,57,0.9895,0.9123,0.00011,0.318,0.409,0.457,0.323,1544.5,0.0,417.1,67.4,2.0,2.0,74.1,56.3,11.2,1.2,0.00,pathseer:57
beir500k-rq1,pos40_cat04,pos40,224049,pathseer,64,2,57,0.9895,0.9123,0.00011,0.300,0.392,0.455,0.311,1544.5,0.0,417.1,67.4,2.0,2.0,74.1,56.3,11.2,1.2,0.00,pathseer:57
beir500k-rq1,pos40_cat04,pos40,224049,pathseer,64,3,57,0.9895,0.9123,0.00011,0.303,0.373,0.450,0.308,1544.5,0.0,417.1,67.4,2.0,2.0,74.1,56.3,11.2,1.2,0.00,pathseer:57
beir500k-rq1,pos40_cat04,pos40,224049,pathseer,128,1,57,0.9965,0.9649,0.00008,0.556,0.695,0.744,0.565,2632.4,0.0,732.8,131.6,3.0,3.0,135.9,107.9,20.9,2.1,0.00,pathseer:57
beir500k-rq1,pos40_cat04,pos40,224049,pathseer,128,2,57,0.9965,0.9649,0.00008,0.551,0.716,0.744,0.565,2632.4,0.0,732.8,131.6,3.0,3.0,135.9,107.9,20.9,2.1,0.00,pathseer:57
beir500k-rq1,pos40_cat04,pos40,224049,pathseer,128,3,57,0.9965,0.9649,0.00008,0.577,0.744,0.769,0.593,2632.4,0.0,732.8,131.6,3.0,3.0,135.9,107.9,20.9,2.1,0.00,pathseer:57
beir500k-rq1,pos40_cat04,pos40,224049,pathseer,256,1,57,0.9982,0.9825,0.00002,1.069,1.341,1.472,1.085,4379.4,0.0,1310.7,261.3,4.0,4.0,231.3,181.8,52.5,3.6,0.00,pathseer:57
beir500k-rq1,pos40_cat04,pos40,224049,pathseer,256,2,57,0.9982,0.9825,0.00002,1.010,1.236,1.348,1.017,4379.4,0.0,1310.7,261.3,4.0,4.0,231.3,181.8,52.5,3.6,0.00,pathseer:57
beir500k-rq1,pos40_cat04,pos40,224049,pathseer,256,3,57,0.9982,0.9825,0.00002,1.012,1.264,1.279,1.023,4379.4,0.0,1310.7,261.3,4.0,4.0,231.3,181.8,52.5,3.6,0.00,pathseer:57
beir500k-rq1,pos40_cat04,pos40,224049,pathseer,512,1,57,0.9982,0.9825,0.00002,1.899,2.275,2.327,1.896,7150.3,0.0,2434.8,520.9,8.0,8.0,451.4,353.3,106.9,7.1,0.00,pathseer:57
beir500k-rq1,pos40_cat04,pos40,224049,pathseer,512,2,57,0.9982,0.9825,0.00002,1.752,2.182,2.439,1.818,7150.3,0.0,2434.8,520.9,8.0,8.0,451.4,353.3,106.9,7.1,0.00,pathseer:57
beir500k-rq1,pos40_cat04,pos40,224049,pathseer,512,3,57,0.9982,0.9825,0.00002,1.779,2.245,2.399,1.823,7150.3,0.0,2434.8,520.9,8.0,8.0,451.4,353.3,106.9,7.1,0.00,pathseer:57
beir500k-rq1,pos40_cat04,pos40,224049,ours-no-twohop,64,1,57,0.9895,0.9123,0.00011,0.299,0.397,0.452,0.304,1502.3,0.0,314.9,67.5,3.0,3.0,0.0,0.0,11.1,0.0,0.00,pathseer:57
beir500k-rq1,pos40_cat04,pos40,224049,ours-no-twohop,64,2,57,0.9895,0.9123,0.00011,0.293,0.373,0.435,0.297,1502.3,0.0,314.9,67.5,3.0,3.0,0.0,0.0,11.1,0.0,0.00,pathseer:57
beir500k-rq1,pos40_cat04,pos40,224049,ours-no-twohop,64,3,57,0.9895,0.9123,0.00011,0.294,0.379,0.423,0.297,1502.3,0.0,314.9,67.5,3.0,3.0,0.0,0.0,11.1,0.0,0.00,pathseer:57
beir500k-rq1,pos40_cat04,pos40,224049,ours-no-twohop,128,1,57,0.9965,0.9649,0.00008,0.611,0.807,0.821,0.620,2565.1,0.0,540.0,131.7,5.0,6.0,0.0,0.0,20.8,0.0,0.00,pathseer:57
beir500k-rq1,pos40_cat04,pos40,224049,ours-no-twohop,128,2,57,0.9965,0.9649,0.00008,0.627,0.787,0.863,0.638,2565.1,0.0,540.0,131.7,5.0,6.0,0.0,0.0,20.8,0.0,0.00,pathseer:57
beir500k-rq1,pos40_cat04,pos40,224049,ours-no-twohop,128,3,57,0.9965,0.9649,0.00008,0.525,0.690,0.748,0.543,2565.1,0.0,540.0,131.7,5.0,6.0,0.0,0.0,20.8,0.0,0.00,pathseer:57
beir500k-rq1,pos40_cat04,pos40,224049,ours-no-twohop,256,1,57,0.9982,0.9825,0.00002,0.991,1.190,1.347,0.987,4288.8,0.0,988.1,261.6,10.0,10.0,0.0,0.0,53.5,0.0,0.00,pathseer:57
beir500k-rq1,pos40_cat04,pos40,224049,ours-no-twohop,256,2,57,0.9982,0.9825,0.00002,0.957,1.222,1.244,0.977,4288.8,0.0,988.1,261.6,10.0,10.0,0.0,0.0,53.5,0.0,0.00,pathseer:57
beir500k-rq1,pos40_cat04,pos40,224049,ours-no-twohop,256,3,57,0.9982,0.9825,0.00002,0.941,1.207,1.255,0.959,4288.8,0.0,988.1,261.6,10.0,10.0,0.0,0.0,53.5,0.0,0.00,pathseer:57
beir500k-rq1,pos40_cat04,pos40,224049,ours-no-twohop,512,1,57,0.9982,0.9825,0.00002,1.714,2.133,2.230,1.730,7030.5,0.0,1845.4,521.6,21.0,22.0,0.0,0.0,110.1,0.0,0.00,pathseer:57
beir500k-rq1,pos40_cat04,pos40,224049,ours-no-twohop,512,2,57,0.9982,0.9825,0.00002,1.861,2.244,2.626,1.882,7030.5,0.0,1845.4,521.6,21.0,22.0,0.0,0.0,110.1,0.0,0.00,pathseer:57
beir500k-rq1,pos40_cat04,pos40,224049,ours-no-twohop,512,3,57,0.9982,0.9825,0.00002,1.754,2.178,2.298,1.774,7030.5,0.0,1845.4,521.6,21.0,22.0,0.0,0.0,110.1,0.0,0.00,pathseer:57
beir500k-rq1,pos40_cat04,pos40,224049,ours-guard,64,1,57,0.9895,0.9123,0.00011,0.335,0.421,0.446,0.339,1443.4,0.0,1624.0,66.9,3.0,3.0,0.0,0.0,56.4,0.0,0.00,pathseer:57
beir500k-rq1,pos40_cat04,pos40,224049,ours-guard,64,2,57,0.9895,0.9123,0.00011,0.341,0.414,0.480,0.343,1443.4,0.0,1624.0,66.9,3.0,3.0,0.0,0.0,56.4,0.0,0.00,pathseer:57
beir500k-rq1,pos40_cat04,pos40,224049,ours-guard,64,3,57,0.9895,0.9123,0.00011,0.339,0.461,0.501,0.350,1443.4,0.0,1624.0,66.9,3.0,3.0,0.0,0.0,56.4,0.0,0.00,pathseer:57
beir500k-rq1,pos40_cat04,pos40,224049,ours-guard,128,1,57,0.9965,0.9649,0.00008,0.589,0.729,0.736,0.596,2460.3,0.0,2769.8,130.7,5.0,6.0,0.0,0.0,106.1,0.0,0.00,pathseer:57
beir500k-rq1,pos40_cat04,pos40,224049,ours-guard,128,2,57,0.9965,0.9649,0.00008,0.568,0.680,0.701,0.562,2460.3,0.0,2769.8,130.7,5.0,6.0,0.0,0.0,106.1,0.0,0.00,pathseer:57
beir500k-rq1,pos40_cat04,pos40,224049,ours-guard,128,3,57,0.9965,0.9649,0.00008,0.561,0.667,0.698,0.568,2460.3,0.0,2769.8,130.7,5.0,6.0,0.0,0.0,106.1,0.0,0.00,pathseer:57
beir500k-rq1,pos40_cat04,pos40,224049,ours-guard,256,1,57,0.9982,0.9825,0.00002,1.004,1.234,1.241,1.000,4091.1,0.0,4643.8,259.4,10.0,10.0,0.0,0.0,205.0,0.0,0.00,pathseer:57
beir500k-rq1,pos40_cat04,pos40,224049,ours-guard,256,2,57,0.9982,0.9825,0.00002,0.985,1.211,1.250,0.990,4091.1,0.0,4643.8,259.4,10.0,10.0,0.0,0.0,205.0,0.0,0.00,pathseer:57
beir500k-rq1,pos40_cat04,pos40,224049,ours-guard,256,3,57,0.9982,0.9825,0.00002,1.027,1.262,1.266,1.021,4091.1,0.0,4643.8,259.4,10.0,10.0,0.0,0.0,205.0,0.0,0.00,pathseer:57
beir500k-rq1,pos40_cat04,pos40,224049,ours-guard,512,1,57,0.9982,0.9825,0.00002,1.774,2.112,2.162,1.783,6655.6,0.0,7651.0,516.9,21.0,22.0,0.0,0.0,401.3,0.0,0.00,pathseer:57
beir500k-rq1,pos40_cat04,pos40,224049,ours-guard,512,2,57,0.9982,0.9825,0.00002,1.785,2.100,2.139,1.798,6655.6,0.0,7651.0,516.9,21.0,22.0,0.0,0.0,401.3,0.0,0.00,pathseer:57
beir500k-rq1,pos40_cat04,pos40,224049,ours-guard,512,3,57,0.9982,0.9825,0.00002,1.822,2.250,2.337,1.872,6655.6,0.0,7651.0,516.9,21.0,22.0,0.0,0.0,401.3,0.0,0.00,pathseer:57
beir500k-rq1,pos40_cat05,pos40,206003,sweeping,64,1,20,0.9900,0.9500,0.00020,0.295,0.595,0.754,0.358,1912.6,0.0,299.3,91.6,4.0,5.0,0.0,0.0,0.0,0.0,0.00,sweeping:20
beir500k-rq1,pos40_cat05,pos40,206003,sweeping,64,2,20,0.9900,0.9500,0.00020,0.290,0.597,0.710,0.354,1912.6,0.0,299.3,91.6,4.0,5.0,0.0,0.0,0.0,0.0,0.00,sweeping:20
beir500k-rq1,pos40_cat05,pos40,206003,sweeping,64,3,20,0.9900,0.9500,0.00020,0.301,0.591,0.631,0.356,1912.6,0.0,299.3,91.6,4.0,5.0,0.0,0.0,0.0,0.0,0.00,sweeping:20
beir500k-rq1,pos40_cat05,pos40,206003,sweeping,128,1,20,1.0000,1.0000,0.00000,0.540,1.112,1.218,0.671,3426.8,0.0,516.2,185.2,6.0,9.0,0.0,0.0,0.0,0.0,0.00,sweeping:20
beir500k-rq1,pos40_cat05,pos40,206003,sweeping,128,2,20,1.0000,1.0000,0.00000,0.546,1.103,1.141,0.660,3426.8,0.0,516.2,185.2,6.0,9.0,0.0,0.0,0.0,0.0,0.00,sweeping:20
beir500k-rq1,pos40_cat05,pos40,206003,sweeping,128,3,20,1.0000,1.0000,0.00000,0.491,1.081,1.107,0.623,3426.8,0.0,516.2,185.2,6.0,9.0,0.0,0.0,0.0,0.0,0.00,sweeping:20
beir500k-rq1,pos40_cat05,pos40,206003,sweeping,256,1,20,1.0000,1.0000,0.00000,1.067,2.093,2.155,1.280,6063.3,0.0,928.6,382.5,12.0,14.0,0.0,0.0,0.0,0.0,0.00,sweeping:20
beir500k-rq1,pos40_cat05,pos40,206003,sweeping,256,2,20,1.0000,1.0000,0.00000,1.056,2.183,2.196,1.283,6063.3,0.0,928.6,382.5,12.0,14.0,0.0,0.0,0.0,0.0,0.00,sweeping:20
beir500k-rq1,pos40_cat05,pos40,206003,sweeping,256,3,20,1.0000,1.0000,0.00000,1.100,2.147,2.209,1.296,6063.3,0.0,928.6,382.5,12.0,14.0,0.0,0.0,0.0,0.0,0.00,sweeping:20
beir500k-rq1,pos40_cat05,pos40,206003,sweeping,512,1,20,1.0000,1.0000,0.00000,2.039,4.234,4.498,2.503,10705.5,0.0,1753.8,798.1,23.0,29.0,0.0,0.0,0.0,0.0,0.00,sweeping:20
beir500k-rq1,pos40_cat05,pos40,206003,sweeping,512,2,20,1.0000,1.0000,0.00000,1.983,4.133,4.692,2.513,10705.5,0.0,1753.8,798.1,23.0,29.0,0.0,0.0,0.0,0.0,0.00,sweeping:20
beir500k-rq1,pos40_cat05,pos40,206003,sweeping,512,3,20,1.0000,1.0000,0.00000,2.211,4.231,4.651,2.530,10705.5,0.0,1753.8,798.1,23.0,29.0,0.0,0.0,0.0,0.0,0.00,sweeping:20
beir500k-rq1,pos40_cat05,pos40,206003,pathseer,64,1,20,0.9950,0.9500,0.00015,0.329,0.433,0.454,0.335,1486.0,0.0,715.6,77.5,3.0,3.0,105.6,43.9,216.2,1.6,0.00,pathseer:20
beir500k-rq1,pos40_cat05,pos40,206003,pathseer,64,2,20,0.9950,0.9500,0.00015,0.346,0.454,0.481,0.353,1486.0,0.0,715.6,77.5,3.0,3.0,105.6,43.9,216.2,1.6,0.00,pathseer:20
beir500k-rq1,pos40_cat05,pos40,206003,pathseer,64,3,20,0.9950,0.9500,0.00015,0.356,0.448,0.490,0.351,1486.0,0.0,715.6,77.5,3.0,3.0,105.6,43.9,216.2,1.6,0.00,pathseer:20
beir500k-rq1,pos40_cat05,pos40,206003,pathseer,128,1,20,1.0000,1.0000,0.00000,0.700,0.969,1.051,0.712,2567.8,0.0,1252.0,151.8,3.0,4.0,172.8,73.1,405.6,2.7,0.00,pathseer:20
beir500k-rq1,pos40_cat05,pos40,206003,pathseer,128,2,20,1.0000,1.0000,0.00000,0.645,0.827,0.885,0.664,2567.8,0.0,1252.0,151.8,3.0,4.0,172.8,73.1,405.6,2.7,0.00,pathseer:20
beir500k-rq1,pos40_cat05,pos40,206003,pathseer,128,3,20,1.0000,1.0000,0.00000,0.607,0.820,0.831,0.628,2567.8,0.0,1252.0,151.8,3.0,4.0,172.8,73.1,405.6,2.7,0.00,pathseer:20
beir500k-rq1,pos40_cat05,pos40,206003,pathseer,256,1,20,1.0000,1.0000,0.00000,0.984,1.338,1.363,1.025,4417.4,0.0,2339.2,307.9,5.0,6.0,310.4,151.2,796.5,4.8,0.00,pathseer:20
beir500k-rq1,pos40_cat05,pos40,206003,pathseer,256,2,20,1.0000,1.0000,0.00000,1.008,1.381,1.403,1.070,4417.4,0.0,2339.2,307.9,5.0,6.0,310.4,151.2,796.5,4.8,0.00,pathseer:20
beir500k-rq1,pos40_cat05,pos40,206003,pathseer,256,3,20,1.0000,1.0000,0.00000,1.018,1.409,1.433,1.050,4417.4,0.0,2339.2,307.9,5.0,6.0,310.4,151.2,796.5,4.8,0.00,pathseer:20
beir500k-rq1,pos40_cat05,pos40,206003,pathseer,512,1,20,1.0000,1.0000,0.00000,2.013,2.800,2.938,2.026,7508.4,0.0,4530.6,627.1,10.0,11.0,608.0,290.4,1610.8,9.5,0.00,pathseer:20
beir500k-rq1,pos40_cat05,pos40,206003,pathseer,512,2,20,1.0000,1.0000,0.00000,1.835,2.762,2.829,1.989,7508.4,0.0,4530.6,627.1,10.0,11.0,608.0,290.4,1610.8,9.5,0.00,pathseer:20
beir500k-rq1,pos40_cat05,pos40,206003,pathseer,512,3,20,1.0000,1.0000,0.00000,2.008,2.779,2.862,2.030,7508.4,0.0,4530.6,627.1,10.0,11.0,608.0,290.4,1610.8,9.5,0.00,pathseer:20
beir500k-rq1,pos40_cat05,pos40,206003,ours-no-twohop,64,1,20,0.9950,0.9500,0.00015,0.286,0.372,0.376,0.293,1457.0,0.0,598.0,78.0,4.0,5.0,0.0,0.0,221.9,0.0,0.00,pathseer:20
beir500k-rq1,pos40_cat05,pos40,206003,ours-no-twohop,64,2,20,0.9950,0.9500,0.00015,0.280,0.379,0.390,0.288,1457.0,0.0,598.0,78.0,4.0,5.0,0.0,0.0,221.9,0.0,0.00,pathseer:20
beir500k-rq1,pos40_cat05,pos40,206003,ours-no-twohop,64,3,20,0.9950,0.9500,0.00015,0.282,0.391,0.415,0.294,1457.0,0.0,598.0,78.0,4.0,5.0,0.0,0.0,221.9,0.0,0.00,pathseer:20
beir500k-rq1,pos40_cat05,pos40,206003,ours-no-twohop,128,1,20,1.0000,1.0000,0.00000,0.499,0.719,0.782,0.532,2557.6,0.0,1130.5,157.1,6.0,9.0,0.0,0.0,452.8,0.0,0.00,pathseer:20
beir500k-rq1,pos40_cat05,pos40,206003,ours-no-twohop,128,2,20,1.0000,1.0000,0.00000,0.505,0.699,0.740,0.523,2557.6,0.0,1130.5,157.1,6.0,9.0,0.0,0.0,452.8,0.0,0.00,pathseer:20
beir500k-rq1,pos40_cat05,pos40,206003,ours-no-twohop,128,3,20,1.0000,1.0000,0.00000,0.517,0.742,0.781,0.541,2557.6,0.0,1130.5,157.1,6.0,9.0,0.0,0.0,452.8,0.0,0.00,pathseer:20
beir500k-rq1,pos40_cat05,pos40,206003,ours-no-twohop,256,1,20,1.0000,1.0000,0.00000,0.925,1.441,1.543,1.014,4392.4,0.0,2108.6,317.0,12.0,14.0,0.0,0.0,876.8,0.0,0.00,pathseer:20
beir500k-rq1,pos40_cat05,pos40,206003,ours-no-twohop,256,2,20,1.0000,1.0000,0.00000,0.960,1.406,1.530,1.006,4392.4,0.0,2108.6,317.0,12.0,14.0,0.0,0.0,876.8,0.0,0.00,pathseer:20
beir500k-rq1,pos40_cat05,pos40,206003,ours-no-twohop,256,3,20,1.0000,1.0000,0.00000,0.987,1.493,1.730,1.045,4392.4,0.0,2108.6,317.0,12.0,14.0,0.0,0.0,876.8,0.0,0.00,pathseer:20
beir500k-rq1,pos40_cat05,pos40,206003,ours-no-twohop,512,1,20,1.0000,1.0000,0.00000,1.997,3.654,3.919,2.239,7494.8,0.0,4096.9,650.5,23.0,29.0,0.0,0.0,1739.4,0.0,0.00,pathseer:20
beir500k-rq1,pos40_cat05,pos40,206003,ours-no-twohop,512,2,20,1.0000,1.0000,0.00000,1.854,2.864,3.326,2.058,7494.8,0.0,4096.9,650.5,23.0,29.0,0.0,0.0,1739.4,0.0,0.00,pathseer:20
beir500k-rq1,pos40_cat05,pos40,206003,ours-no-twohop,512,3,20,1.0000,1.0000,0.00000,1.977,3.060,3.129,2.098,7494.8,0.0,4096.9,650.5,23.0,29.0,0.0,0.0,1739.4,0.0,0.00,pathseer:20
beir500k-rq1,pos40_cat05,pos40,206003,ours-guard,64,1,20,0.9850,0.9500,0.00025,0.304,0.391,0.404,0.309,1232.8,0.0,1649.6,72.2,4.0,5.0,0.0,0.0,311.2,0.0,0.00,pathseer:20
beir500k-rq1,pos40_cat05,pos40,206003,ours-guard,64,2,20,0.9850,0.9500,0.00025,0.286,0.355,0.416,0.284,1232.8,0.0,1649.6,72.2,4.0,5.0,0.0,0.0,311.2,0.0,0.00,pathseer:20
beir500k-rq1,pos40_cat05,pos40,206003,ours-guard,64,3,20,0.9850,0.9500,0.00025,0.281,0.361,0.418,0.290,1232.8,0.0,1649.6,72.2,4.0,5.0,0.0,0.0,311.2,0.0,0.00,pathseer:20
beir500k-rq1,pos40_cat05,pos40,206003,ours-guard,128,1,20,1.0000,1.0000,0.00000,0.481,0.632,0.736,0.503,2142.6,0.0,2993.7,147.3,6.0,9.0,0.0,0.0,671.6,0.0,0.00,pathseer:20
beir500k-rq1,pos40_cat05,pos40,206003,ours-guard,128,2,20,1.0000,1.0000,0.00000,0.525,0.674,0.800,0.533,2142.6,0.0,2993.7,147.3,6.0,9.0,0.0,0.0,671.6,0.0,0.00,pathseer:20
beir500k-rq1,pos40_cat05,pos40,206003,ours-guard,128,3,20,1.0000,1.0000,0.00000,0.512,0.708,0.816,0.550,2142.6,0.0,2993.7,147.3,6.0,9.0,0.0,0.0,671.6,0.0,0.00,pathseer:20
beir500k-rq1,pos40_cat05,pos40,206003,ours-guard,256,1,20,1.0000,1.0000,0.00000,0.935,1.236,1.444,0.976,3662.5,0.0,5254.8,297.6,12.0,14.0,0.0,0.0,1278.5,0.0,0.00,pathseer:20
beir500k-rq1,pos40_cat05,pos40,206003,ours-guard,256,2,20,1.0000,1.0000,0.00000,0.914,1.302,1.438,0.988,3662.5,0.0,5254.8,297.6,12.0,14.0,0.0,0.0,1278.5,0.0,0.00,pathseer:20
beir500k-rq1,pos40_cat05,pos40,206003,ours-guard,256,3,20,1.0000,1.0000,0.00000,0.948,1.329,1.433,0.988,3662.5,0.0,5254.8,297.6,12.0,14.0,0.0,0.0,1278.5,0.0,0.00,pathseer:20
beir500k-rq1,pos40_cat05,pos40,206003,ours-guard,512,1,20,1.0000,1.0000,0.00000,1.797,2.739,3.049,1.944,6167.6,0.0,9209.2,609.4,23.0,29.0,0.0,0.0,2476.9,0.0,0.00,pathseer:20
beir500k-rq1,pos40_cat05,pos40,206003,ours-guard,512,2,20,1.0000,1.0000,0.00000,1.878,2.583,2.937,1.920,6167.6,0.0,9209.2,609.4,23.0,29.0,0.0,0.0,2476.9,0.0,0.00,pathseer:20
beir500k-rq1,pos40_cat05,pos40,206003,ours-guard,512,3,20,1.0000,1.0000,0.00000,1.928,2.609,3.008,1.960,6167.6,0.0,9209.2,609.4,23.0,29.0,0.0,0.0,2476.9,0.0,0.00,pathseer:20
beir500k-rq1,pos40_cat06,pos40,210435,sweeping,64,1,49,0.9980,0.9796,0.00000,0.323,0.538,0.836,0.344,1525.5,0.0,240.2,74.0,3.0,3.0,0.0,0.0,0.0,0.0,0.00,sweeping:49
beir500k-rq1,pos40_cat06,pos40,210435,sweeping,64,2,49,0.9980,0.9796,0.00000,0.305,0.422,0.772,0.323,1525.5,0.0,240.2,74.0,3.0,3.0,0.0,0.0,0.0,0.0,0.00,sweeping:49
beir500k-rq1,pos40_cat06,pos40,210435,sweeping,64,3,49,0.9980,0.9796,0.00000,0.306,0.433,0.786,0.324,1525.5,0.0,240.2,74.0,3.0,3.0,0.0,0.0,0.0,0.0,0.00,sweeping:49
beir500k-rq1,pos40_cat06,pos40,210435,sweeping,128,1,49,1.0000,1.0000,0.00000,0.545,0.779,1.248,0.583,2582.9,0.0,403.8,142.3,6.0,6.0,0.0,0.0,0.0,0.0,0.00,sweeping:49
beir500k-rq1,pos40_cat06,pos40,210435,sweeping,128,2,49,1.0000,1.0000,0.00000,0.552,0.787,1.369,0.589,2582.9,0.0,403.8,142.3,6.0,6.0,0.0,0.0,0.0,0.0,0.00,sweeping:49
beir500k-rq1,pos40_cat06,pos40,210435,sweeping,128,3,49,1.0000,1.0000,0.00000,0.555,0.867,1.332,0.599,2582.9,0.0,403.8,142.3,6.0,6.0,0.0,0.0,0.0,0.0,0.00,sweeping:49
beir500k-rq1,pos40_cat06,pos40,210435,sweeping,256,1,49,1.0000,1.0000,0.00000,0.988,1.563,2.158,1.067,4421.6,0.0,696.0,280.8,11.0,11.0,0.0,0.0,0.0,0.0,0.00,sweeping:49
beir500k-rq1,pos40_cat06,pos40,210435,sweeping,256,2,49,1.0000,1.0000,0.00000,0.971,1.540,2.168,1.037,4421.6,0.0,696.0,280.8,11.0,11.0,0.0,0.0,0.0,0.0,0.00,sweeping:49
beir500k-rq1,pos40_cat06,pos40,210435,sweeping,256,3,49,1.0000,1.0000,0.00000,0.980,1.540,2.168,1.048,4421.6,0.0,696.0,280.8,11.0,11.0,0.0,0.0,0.0,0.0,0.00,sweeping:49
beir500k-rq1,pos40_cat06,pos40,210435,sweeping,512,1,49,1.0000,1.0000,0.00000,1.893,3.158,3.489,1.983,7500.5,0.0,1244.6,559.8,22.0,23.0,0.0,0.0,0.0,0.0,0.00,sweeping:49
beir500k-rq1,pos40_cat06,pos40,210435,sweeping,512,2,49,1.0000,1.0000,0.00000,1.864,3.289,3.624,2.016,7500.5,0.0,1244.6,559.8,22.0,23.0,0.0,0.0,0.0,0.0,0.00,sweeping:49
beir500k-rq1,pos40_cat06,pos40,210435,sweeping,512,3,49,1.0000,1.0000,0.00000,1.835,3.122,3.490,1.989,7500.5,0.0,1244.6,559.8,22.0,23.0,0.0,0.0,0.0,0.0,0.00,sweeping:49
beir500k-rq1,pos40_cat06,pos40,210435,pathseer,64,1,49,0.9959,0.9592,0.00014,0.333,0.423,0.486,0.343,1468.6,0.0,455.8,69.2,2.0,2.0,78.4,56.0,39.9,1.2,0.00,pathseer:49
beir500k-rq1,pos40_cat06,pos40,210435,pathseer,64,2,49,0.9959,0.9592,0.00014,0.342,0.417,0.476,0.346,1468.6,0.0,455.8,69.2,2.0,2.0,78.4,56.0,39.9,1.2,0.00,pathseer:49
beir500k-rq1,pos40_cat06,pos40,210435,pathseer,64,3,49,0.9959,0.9592,0.00014,0.359,0.466,0.564,0.366,1468.6,0.0,455.8,69.2,2.0,2.0,78.4,56.0,39.9,1.2,0.00,pathseer:49
beir500k-rq1,pos40_cat06,pos40,210435,pathseer,128,1,49,1.0000,1.0000,0.00000,0.559,0.703,0.809,0.579,2502.2,0.0,805.8,134.8,3.0,3.0,147.6,104.8,67.6,2.3,0.00,pathseer:49
beir500k-rq1,pos40_cat06,pos40,210435,pathseer,128,2,49,1.0000,1.0000,0.00000,0.557,0.711,0.768,0.578,2502.2,0.0,805.8,134.8,3.0,3.0,147.6,104.8,67.6,2.3,0.00,pathseer:49
beir500k-rq1,pos40_cat06,pos40,210435,pathseer,128,3,49,1.0000,1.0000,0.00000,0.551,0.692,0.732,0.577,2502.2,0.0,805.8,134.8,3.0,3.0,147.6,104.8,67.6,2.3,0.00,pathseer:49
beir500k-rq1,pos40_cat06,pos40,210435,pathseer,256,1,49,1.0000,1.0000,0.00000,1.090,1.368,1.544,1.088,4240.8,0.0,1455.9,268.5,5.0,5.0,248.2,177.0,137.5,3.9,0.00,pathseer:49
beir500k-rq1,pos40_cat06,pos40,210435,pathseer,256,2,49,1.0000,1.0000,0.00000,1.148,1.482,1.595,1.166,4240.8,0.0,1455.9,268.5,5.0,5.0,248.2,177.0,137.5,3.9,0.00,pathseer:49
beir500k-rq1,pos40_cat06,pos40,210435,pathseer,256,3,49,1.0000,1.0000,0.00000,1.032,1.287,1.404,1.050,4240.8,0.0,1455.9,268.5,5.0,5.0,248.2,177.0,137.5,3.9,0.00,pathseer:49
beir500k-rq1,pos40_cat06,pos40,210435,pathseer,512,1,49,1.0000,1.0000,0.00000,1.806,2.508,2.539,1.877,7065.8,0.0,2758.6,538.4,8.0,8.0,476.7,345.1,308.2,7.4,0.00,pathseer:49
beir500k-rq1,pos40_cat06,pos40,210435,pathseer,512,2,49,1.0000,1.0000,0.00000,1.881,2.878,3.100,2.041,7065.8,0.0,2758.6,538.4,8.0,8.0,476.7,345.1,308.2,7.4,0.00,pathseer:49
beir500k-rq1,pos40_cat06,pos40,210435,pathseer,512,3,49,1.0000,1.0000,0.00000,1.798,2.483,2.530,1.867,7065.8,0.0,2758.6,538.4,8.0,8.0,476.7,345.1,308.2,7.4,0.00,pathseer:49
beir500k-rq1,pos40_cat06,pos40,210435,ours-no-twohop,64,1,49,0.9959,0.9592,0.00014,0.303,0.369,0.481,0.308,1432.7,0.0,359.2,70.1,3.0,3.0,0.0,0.0,43.6,0.0,0.00,pathseer:49
beir500k-rq1,pos40_cat06,pos40,210435,ours-no-twohop,64,2,49,0.9959,0.9592,0.00014,0.303,0.354,0.486,0.306,1432.7,0.0,359.2,70.1,3.0,3.0,0.0,0.0,43.6,0.0,0.00,pathseer:49
beir500k-rq1,pos40_cat06,pos40,210435,ours-no-twohop,64,3,49,0.9959,0.9592,0.00014,0.312,0.390,0.595,0.317,1432.7,0.0,359.2,70.1,3.0,3.0,0.0,0.0,43.6,0.0,0.00,pathseer:49
beir500k-rq1,pos40_cat06,pos40,210435,ours-no-twohop,128,1,49,1.0000,1.0000,0.00000,0.531,0.690,0.872,0.549,2440.9,0.0,625.4,136.9,6.0,6.0,0.0,0.0,77.0,0.0,0.00,pathseer:49
beir500k-rq1,pos40_cat06,pos40,210435,ours-no-twohop,128,2,49,1.0000,1.0000,0.00000,0.541,0.653,0.845,0.545,2440.9,0.0,625.4,136.9,6.0,6.0,0.0,0.0,77.0,0.0,0.00,pathseer:49
beir500k-rq1,pos40_cat06,pos40,210435,ours-no-twohop,128,3,49,1.0000,1.0000,0.00000,0.523,0.636,0.841,0.540,2440.9,0.0,625.4,136.9,6.0,6.0,0.0,0.0,77.0,0.0,0.00,pathseer:49
beir500k-rq1,pos40_cat06,pos40,210435,ours-no-twohop,256,1,49,1.0000,1.0000,0.00000,1.076,1.420,1.606,1.086,4156.7,0.0,1156.8,272.3,11.0,11.0,0.0,0.0,161.3,0.0,0.00,pathseer:49
beir500k-rq1,pos40_cat06,pos40,210435,ours-no-twohop,256,2,49,1.0000,1.0000,0.00000,0.978,1.358,1.602,1.011,4156.7,0.0,1156.8,272.3,11.0,11.0,0.0,0.0,161.3,0.0,0.00,pathseer:49
beir500k-rq1,pos40_cat06,pos40,210435,ours-no-twohop,256,3,49,1.0000,1.0000,0.00000,0.980,1.340,1.597,1.015,4156.7,0.0,1156.8,272.3,11.0,11.0,0.0,0.0,161.3,0.0,0.00,pathseer:49
beir500k-rq1,pos40_cat06,pos40,210435,ours-no-twohop,512,1,49,1.0000,1.0000,0.00000,1.728,2.397,2.798,1.795,6938.6,0.0,2173.8,543.4,22.0,23.0,0.0,0.0,332.8,0.0,0.00,pathseer:49
beir500k-rq1,pos40_cat06,pos40,210435,ours-no-twohop,512,2,49,1.0000,1.0000,0.00000,1.766,2.421,2.774,1.834,6938.6,0.0,2173.8,543.4,22.0,23.0,0.0,0.0,332.8,0.0,0.00,pathseer:49
beir500k-rq1,pos40_cat06,pos40,210435,ours-no-twohop,512,3,49,1.0000,1.0000,0.00000,1.748,2.351,2.659,1.817,6938.6,0.0,2173.8,543.4,22.0,23.0,0.0,0.0,332.8,0.0,0.00,pathseer:49
beir500k-rq1,pos40_cat06,pos40,210435,ours-guard,64,1,49,0.9959,0.9592,0.00014,0.311,0.387,0.525,0.319,1347.8,0.0,1571.8,68.7,3.0,3.0,0.0,0.0,103.3,0.0,0.00,pathseer:49
beir500k-rq1,pos40_cat06,pos40,210435,ours-guard,64,2,49,0.9959,0.9592,0.00014,0.309,0.372,0.455,0.313,1347.8,0.0,1571.8,68.7,3.0,3.0,0.0,0.0,103.3,0.0,0.00,pathseer:49
beir500k-rq1,pos40_cat06,pos40,210435,ours-guard,64,3,49,0.9959,0.9592,0.00014,0.299,0.348,0.440,0.306,1347.8,0.0,1571.8,68.7,3.0,3.0,0.0,0.0,103.3,0.0,0.00,pathseer:49
beir500k-rq1,pos40_cat06,pos40,210435,ours-guard,128,1,49,1.0000,1.0000,0.00000,0.568,0.676,0.888,0.572,2289.7,0.0,2688.3,134.9,6.0,6.0,0.0,0.0,195.1,0.0,0.00,pathseer:49
beir500k-rq1,pos40_cat06,pos40,210435,ours-guard,128,2,49,1.0000,1.0000,0.00000,0.560,0.723,0.873,0.578,2289.7,0.0,2688.3,134.9,6.0,6.0,0.0,0.0,195.1,0.0,0.00,pathseer:49
beir500k-rq1,pos40_cat06,pos40,210435,ours-guard,128,3,49,1.0000,1.0000,0.00000,0.538,0.634,0.812,0.550,2289.7,0.0,2688.3,134.9,6.0,6.0,0.0,0.0,195.1,0.0,0.00,pathseer:49
beir500k-rq1,pos40_cat06,pos40,210435,ours-guard,256,1,49,1.0000,1.0000,0.00000,0.992,1.286,1.551,1.020,3879.4,0.0,4593.6,268.4,11.0,11.0,0.0,0.0,372.2,0.0,0.00,pathseer:49
beir500k-rq1,pos40_cat06,pos40,210435,ours-guard,256,2,49,1.0000,1.0000,0.00000,1.015,1.298,1.601,1.028,3879.4,0.0,4593.6,268.4,11.0,11.0,0.0,0.0,372.2,0.0,0.00,pathseer:49
beir500k-rq1,pos40_cat06,pos40,210435,ours-guard,256,3,49,1.0000,1.0000,0.00000,1.006,1.280,1.676,1.024,3879.4,0.0,4593.6,268.4,11.0,11.0,0.0,0.0,372.2,0.0,0.00,pathseer:49
beir500k-rq1,pos40_cat06,pos40,210435,ours-guard,512,1,49,1.0000,1.0000,0.00000,1.835,2.344,2.669,1.877,6422.8,0.0,7693.7,534.0,22.0,23.0,0.0,0.0,688.1,0.0,0.00,pathseer:49
beir500k-rq1,pos40_cat06,pos40,210435,ours-guard,512,2,49,1.0000,1.0000,0.00000,1.765,2.279,2.714,1.838,6422.8,0.0,7693.7,534.0,22.0,23.0,0.0,0.0,688.1,0.0,0.00,pathseer:49
beir500k-rq1,pos40_cat06,pos40,210435,ours-guard,512,3,49,1.0000,1.0000,0.00000,1.796,2.321,2.805,1.861,6422.8,0.0,7693.7,534.0,22.0,23.0,0.0,0.0,688.1,0.0,0.00,pathseer:49
beir500k-rq1,pos40_cat07,pos40,209279,sweeping,64,1,41,0.9902,0.9268,0.00016,0.466,1.386,1.943,0.580,2367.7,0.0,370.5,111.0,3.0,4.0,0.0,0.0,0.0,0.0,0.00,sweeping:41
beir500k-rq1,pos40_cat07,pos40,209279,sweeping,64,2,41,0.9902,0.9268,0.00016,0.476,1.575,2.145,0.614,2367.7,0.0,370.5,111.0,3.0,4.0,0.0,0.0,0.0,0.0,0.00,sweeping:41
beir500k-rq1,pos40_cat07,pos40,209279,sweeping,64,3,41,0.9902,0.9268,0.00016,0.424,1.332,2.099,0.547,2367.7,0.0,370.5,111.0,3.0,4.0,0.0,0.0,0.0,0.0,0.00,sweeping:41
beir500k-rq1,pos40_cat07,pos40,209279,sweeping,128,1,41,1.0000,1.0000,0.00000,0.689,2.358,3.100,0.900,4110.5,0.0,625.6,216.7,6.0,7.0,0.0,0.0,0.0,0.0,0.00,sweeping:41
beir500k-rq1,pos40_cat07,pos40,209279,sweeping,128,2,41,1.0000,1.0000,0.00000,0.660,2.327,3.030,0.879,4110.5,0.0,625.6,216.7,6.0,7.0,0.0,0.0,0.0,0.0,0.00,sweeping:41
beir500k-rq1,pos40_cat07,pos40,209279,sweeping,128,3,41,1.0000,1.0000,0.00000,0.670,2.274,2.983,0.865,4110.5,0.0,625.6,216.7,6.0,7.0,0.0,0.0,0.0,0.0,0.00,sweeping:41
beir500k-rq1,pos40_cat07,pos40,209279,sweeping,256,1,41,1.0000,1.0000,0.00000,1.261,3.848,4.908,1.622,7155.2,0.0,1087.2,431.5,10.0,13.0,0.0,0.0,0.0,0.0,0.00,sweeping:41
beir500k-rq1,pos40_cat07,pos40,209279,sweeping,256,2,41,1.0000,1.0000,0.00000,1.264,3.743,4.760,1.598,7155.2,0.0,1087.2,431.5,10.0,13.0,0.0,0.0,0.0,0.0,0.00,sweeping:41
beir500k-rq1,pos40_cat07,pos40,209279,sweeping,256,3,41,1.0000,1.0000,0.00000,1.235,3.812,4.840,1.611,7155.2,0.0,1087.2,431.5,10.0,13.0,0.0,0.0,0.0,0.0,0.00,sweeping:41
beir500k-rq1,pos40_cat07,pos40,209279,sweeping,512,1,41,1.0000,1.0000,0.00000,2.382,7.089,7.845,2.989,12390.4,0.0,1957.1,860.0,19.0,26.0,0.0,0.0,0.0,0.0,0.00,sweeping:41
beir500k-rq1,pos40_cat07,pos40,209279,sweeping,512,2,41,1.0000,1.0000,0.00000,2.416,6.424,7.888,2.942,12390.4,0.0,1957.1,860.0,19.0,26.0,0.0,0.0,0.0,0.0,0.00,sweeping:41
beir500k-rq1,pos40_cat07,pos40,209279,sweeping,512,3,41,1.0000,1.0000,0.00000,2.455,6.560,7.612,2.939,12390.4,0.0,1957.1,860.0,19.0,26.0,0.0,0.0,0.0,0.0,0.00,sweeping:41
beir500k-rq1,pos40_cat07,pos40,209279,pathseer,64,1,41,0.9854,0.9024,0.00019,0.343,0.458,0.523,0.350,1650.6,0.0,799.1,81.0,2.0,2.0,90.5,50.2,272.2,1.4,0.00,pathseer:41
beir500k-rq1,pos40_cat07,pos40,209279,pathseer,64,2,41,0.9854,0.9024,0.00019,0.353,0.457,0.513,0.361,1650.6,0.0,799.1,81.0,2.0,2.0,90.5,50.2,272.2,1.4,0.00,pathseer:41
beir500k-rq1,pos40_cat07,pos40,209279,pathseer,64,3,41,0.9854,0.9024,0.00019,0.349,0.482,0.545,0.361,1650.6,0.0,799.1,81.0,2.0,2.0,90.5,50.2,272.2,1.4,0.00,pathseer:41
beir500k-rq1,pos40_cat07,pos40,209279,pathseer,128,1,41,1.0000,1.0000,0.00000,0.633,0.881,1.027,0.653,2846.1,0.0,1430.7,158.1,3.0,4.0,151.4,83.9,507.5,2.4,0.00,pathseer:41
beir500k-rq1,pos40_cat07,pos40,209279,pathseer,128,2,41,1.0000,1.0000,0.00000,0.662,0.899,1.133,0.684,2846.1,0.0,1430.7,158.1,3.0,4.0,151.4,83.9,507.5,2.4,0.00,pathseer:41
beir500k-rq1,pos40_cat07,pos40,209279,pathseer,128,3,41,1.0000,1.0000,0.00000,0.664,1.002,1.161,0.691,2846.1,0.0,1430.7,158.1,3.0,4.0,151.4,83.9,507.5,2.4,0.00,pathseer:41
beir500k-rq1,pos40_cat07,pos40,209279,pathseer,256,1,41,1.0000,1.0000,0.00000,1.191,1.566,2.234,1.224,4921.9,0.0,2747.8,325.2,5.0,6.0,279.4,155.4,1043.0,4.4,0.00,pathseer:41
beir500k-rq1,pos40_cat07,pos40,209279,pathseer,256,2,41,1.0000,1.0000,0.00000,1.189,1.591,2.207,1.229,4921.9,0.0,2747.8,325.2,5.0,6.0,279.4,155.4,1043.0,4.4,0.00,pathseer:41
beir500k-rq1,pos40_cat07,pos40,209279,pathseer,256,3,41,1.0000,1.0000,0.00000,1.192,1.753,2.236,1.259,4921.9,0.0,2747.8,325.2,5.0,6.0,279.4,155.4,1043.0,4.4,0.00,pathseer:41
beir500k-rq1,pos40_cat07,pos40,209279,pathseer,512,1,41,1.0000,1.0000,0.00000,2.250,3.100,4.348,2.314,8430.2,0.0,5089.9,654.0,9.0,10.0,522.9,294.4,1940.0,8.2,0.00,pathseer:41
beir500k-rq1,pos40_cat07,pos40,209279,pathseer,512,2,41,1.0000,1.0000,0.00000,2.397,3.828,4.581,2.504,8430.2,0.0,5089.9,654.0,9.0,10.0,522.9,294.4,1940.0,8.2,0.00,pathseer:41
beir500k-rq1,pos40_cat07,pos40,209279,pathseer,512,3,41,1.0000,1.0000,0.00000,2.348,3.343,4.401,2.380,8430.2,0.0,5089.9,654.0,9.0,10.0,522.9,294.4,1940.0,8.2,0.00,pathseer:41
beir500k-rq1,pos40_cat07,pos40,209279,ours-no-twohop,64,1,41,0.9780,0.9024,0.00040,0.351,0.502,0.697,0.362,1625.6,0.0,762.4,84.9,3.0,4.0,0.0,0.0,319.3,0.0,0.00,pathseer:41
beir500k-rq1,pos40_cat07,pos40,209279,ours-no-twohop,64,2,41,0.9780,0.9024,0.00040,0.327,0.434,0.663,0.350,1625.6,0.0,762.4,84.9,3.0,4.0,0.0,0.0,319.3,0.0,0.00,pathseer:41
beir500k-rq1,pos40_cat07,pos40,209279,ours-no-twohop,64,3,41,0.9780,0.9024,0.00040,0.317,0.507,0.674,0.343,1625.6,0.0,762.4,84.9,3.0,4.0,0.0,0.0,319.3,0.0,0.00,pathseer:41
beir500k-rq1,pos40_cat07,pos40,209279,ours-no-twohop,128,1,41,0.9976,0.9756,0.00007,0.616,0.986,1.318,0.663,2841.8,0.0,1409.9,168.4,6.0,7.0,0.0,0.0,617.9,0.0,0.00,pathseer:41
beir500k-rq1,pos40_cat07,pos40,209279,ours-no-twohop,128,2,41,0.9976,0.9756,0.00007,0.606,0.977,1.232,0.646,2841.8,0.0,1409.9,168.4,6.0,7.0,0.0,0.0,617.9,0.0,0.00,pathseer:41
beir500k-rq1,pos40_cat07,pos40,209279,ours-no-twohop,128,3,41,0.9976,0.9756,0.00007,0.629,1.020,1.283,0.671,2841.8,0.0,1409.9,168.4,6.0,7.0,0.0,0.0,617.9,0.0,0.00,pathseer:41
beir500k-rq1,pos40_cat07,pos40,209279,ours-no-twohop,256,1,41,1.0000,1.0000,0.00000,1.178,1.936,2.460,1.264,4901.0,0.0,2603.1,339.2,10.0,13.0,0.0,0.0,1160.0,0.0,0.00,pathseer:41
beir500k-rq1,pos40_cat07,pos40,209279,ours-no-twohop,256,2,41,1.0000,1.0000,0.00000,1.390,2.274,2.755,1.407,4901.0,0.0,2603.1,339.2,10.0,13.0,0.0,0.0,1160.0,0.0,0.00,pathseer:41
beir500k-rq1,pos40_cat07,pos40,209279,ours-no-twohop,256,3,41,1.0000,1.0000,0.00000,1.206,2.072,2.443,1.287,4901.0,0.0,2603.1,339.2,10.0,13.0,0.0,0.0,1160.0,0.0,0.00,pathseer:41
beir500k-rq1,pos40_cat07,pos40,209279,ours-no-twohop,512,1,41,1.0000,1.0000,0.00000,2.118,3.709,4.797,2.301,8437.6,0.0,4873.2,691.4,19.0,26.0,0.0,0.0,2172.2,0.0,0.00,pathseer:41
beir500k-rq1,pos40_cat07,pos40,209279,ours-no-twohop,512,2,41,1.0000,1.0000,0.00000,2.137,3.795,4.914,2.293,8437.6,0.0,4873.2,691.4,19.0,26.0,0.0,0.0,2172.2,0.0,0.00,pathseer:41
beir500k-rq1,pos40_cat07,pos40,209279,ours-no-twohop,512,3,41,1.0000,1.0000,0.00000,2.120,3.774,4.692,2.286,8437.6,0.0,4873.2,691.4,19.0,26.0,0.0,0.0,2172.2,0.0,0.00,pathseer:41
beir500k-rq1,pos40_cat07,pos40,209279,ours-guard,64,1,41,0.9829,0.8537,0.00019,0.324,0.501,0.611,0.345,1365.7,0.0,1938.1,78.3,3.0,4.0,0.0,0.0,437.2,0.0,0.00,pathseer:41
beir500k-rq1,pos40_cat07,pos40,209279,ours-guard,64,2,41,0.9829,0.8537,0.00019,0.314,0.484,0.577,0.335,1365.7,0.0,1938.1,78.3,3.0,4.0,0.0,0.0,437.2,0.0,0.00,pathseer:41
beir500k-rq1,pos40_cat07,pos40,209279,ours-guard,64,3,41,0.9829,0.8537,0.00019,0.309,0.467,0.560,0.330,1365.7,0.0,1938.1,78.3,3.0,4.0,0.0,0.0,437.2,0.0,0.00,pathseer:41
beir500k-rq1,pos40_cat07,pos40,209279,ours-guard,128,1,41,0.9976,0.9756,0.00000,0.594,0.925,1.183,0.631,2354.6,0.0,3423.0,156.0,6.0,7.0,0.0,0.0,845.7,0.0,0.00,pathseer:41
beir500k-rq1,pos40_cat07,pos40,209279,ours-guard,128,2,41,0.9976,0.9756,0.00000,0.613,0.931,1.237,0.641,2354.6,0.0,3423.0,156.0,6.0,7.0,0.0,0.0,845.7,0.0,0.00,pathseer:41
beir500k-rq1,pos40_cat07,pos40,209279,ours-guard,128,3,41,0.9976,0.9756,0.00000,0.659,1.108,1.298,0.692,2354.6,0.0,3423.0,156.0,6.0,7.0,0.0,0.0,845.7,0.0,0.00,pathseer:41
beir500k-rq1,pos40_cat07,pos40,209279,ours-guard,256,1,41,1.0000,1.0000,0.00000,1.142,1.781,2.335,1.195,4035.7,0.0,5990.5,316.0,10.0,13.0,0.0,0.0,1591.3,0.0,0.00,pathseer:41
beir500k-rq1,pos40_cat07,pos40,209279,ours-guard,256,2,41,1.0000,1.0000,0.00000,1.084,1.799,2.359,1.154,4035.7,0.0,5990.5,316.0,10.0,13.0,0.0,0.0,1591.3,0.0,0.00,pathseer:41
beir500k-rq1,pos40_cat07,pos40,209279,ours-guard,256,3,41,1.0000,1.0000,0.00000,1.095,1.780,2.289,1.162,4035.7,0.0,5990.5,316.0,10.0,13.0,0.0,0.0,1591.3,0.0,0.00,pathseer:41
beir500k-rq1,pos40_cat07,pos40,209279,ours-guard,512,1,41,1.0000,1.0000,0.00000,2.024,3.496,4.519,2.144,6895.4,0.0,10499.2,649.1,19.0,26.0,0.0,0.0,2986.6,0.0,0.00,pathseer:41
beir500k-rq1,pos40_cat07,pos40,209279,ours-guard,512,2,41,1.0000,1.0000,0.00000,2.004,3.562,4.670,2.179,6895.4,0.0,10499.2,649.1,19.0,26.0,0.0,0.0,2986.6,0.0,0.00,pathseer:41
beir500k-rq1,pos40_cat07,pos40,209279,ours-guard,512,3,41,1.0000,1.0000,0.00000,1.972,3.579,4.681,2.141,6895.4,0.0,10499.2,649.1,19.0,26.0,0.0,0.0,2986.6,0.0,0.00,pathseer:41
beir500k-rq1,pos40_cat08,pos40,218758,sweeping,64,1,52,0.9827,0.8462,0.00032,0.319,0.360,0.387,0.317,1585.2,0.0,223.0,67.9,3.0,3.0,0.0,0.0,0.0,0.0,0.00,sweeping:52
beir500k-rq1,pos40_cat08,pos40,218758,sweeping,64,2,52,0.9827,0.8462,0.00032,0.308,0.353,0.365,0.310,1585.2,0.0,223.0,67.9,3.0,3.0,0.0,0.0,0.0,0.0,0.00,sweeping:52
beir500k-rq1,pos40_cat08,pos40,218758,sweeping,64,3,52,0.9827,0.8462,0.00032,0.309,0.373,0.384,0.315,1585.2,0.0,223.0,67.9,3.0,3.0,0.0,0.0,0.0,0.0,0.00,sweeping:52
beir500k-rq1,pos40_cat08,pos40,218758,sweeping,128,1,52,0.9942,0.9423,0.00012,0.602,0.743,0.922,0.612,2795.8,0.0,384.4,133.6,5.0,5.0,0.0,0.0,0.0,0.0,0.00,sweeping:52
beir500k-rq1,pos40_cat08,pos40,218758,sweeping,128,2,52,0.9942,0.9423,0.00012,0.575,0.657,0.762,0.576,2795.8,0.0,384.4,133.6,5.0,5.0,0.0,0.0,0.0,0.0,0.00,sweeping:52
beir500k-rq1,pos40_cat08,pos40,218758,sweeping,128,3,52,0.9942,0.9423,0.00012,0.573,0.632,0.752,0.573,2795.8,0.0,384.4,133.6,5.0,5.0,0.0,0.0,0.0,0.0,0.00,sweeping:52
beir500k-rq1,pos40_cat08,pos40,218758,sweeping,256,1,52,0.9981,0.9808,0.00003,1.103,1.261,1.498,1.107,4876.1,0.0,682.6,265.3,10.0,10.0,0.0,0.0,0.0,0.0,0.00,sweeping:52
beir500k-rq1,pos40_cat08,pos40,218758,sweeping,256,2,52,0.9981,0.9808,0.00003,1.071,1.324,1.470,1.107,4876.1,0.0,682.6,265.3,10.0,10.0,0.0,0.0,0.0,0.0,0.00,sweeping:52
beir500k-rq1,pos40_cat08,pos40,218758,sweeping,256,3,52,0.9981,0.9808,0.00003,1.070,1.262,1.488,1.081,4876.1,0.0,682.6,265.3,10.0,10.0,0.0,0.0,0.0,0.0,0.00,sweeping:52
beir500k-rq1,pos40_cat08,pos40,218758,sweeping,512,1,52,1.0000,1.0000,0.00000,1.976,2.325,2.474,1.942,8192.3,0.0,1244.4,530.2,20.0,21.0,0.0,0.0,0.0,0.0,0.00,sweeping:52
beir500k-rq1,pos40_cat08,pos40,218758,sweeping,512,2,52,1.0000,1.0000,0.00000,1.932,2.375,2.585,1.963,8192.3,0.0,1244.4,530.2,20.0,21.0,0.0,0.0,0.0,0.0,0.00,sweeping:52
beir500k-rq1,pos40_cat08,pos40,218758,sweeping,512,3,52,1.0000,1.0000,0.00000,2.001,2.449,2.598,2.046,8192.3,0.0,1244.4,530.2,20.0,21.0,0.0,0.0,0.0,0.0,0.00,sweeping:52
beir500k-rq1,pos40_cat08,pos40,218758,pathseer,64,1,52,0.9808,0.8269,0.00036,0.344,0.411,0.434,0.349,1598.6,0.0,408.0,67.2,2.0,2.0,65.2,55.6,13.5,1.0,0.00,pathseer:52
beir500k-rq1,pos40_cat08,pos40,218758,pathseer,64,2,52,0.9808,0.8269,0.00036,0.324,0.380,0.411,0.329,1598.6,0.0,408.0,67.2,2.0,2.0,65.2,55.6,13.5,1.0,0.00,pathseer:52
beir500k-rq1,pos40_cat08,pos40,218758,pathseer,64,3,52,0.9808,0.8269,0.00036,0.329,0.391,0.411,0.333,1598.6,0.0,408.0,67.2,2.0,2.0,65.2,55.6,13.5,1.0,0.00,pathseer:52
beir500k-rq1,pos40_cat08,pos40,218758,pathseer,128,1,52,0.9923,0.9231,0.00015,0.582,0.684,0.716,0.583,2809.8,0.0,755.1,132.1,3.0,3.0,131.7,108.1,32.5,2.1,0.00,pathseer:52
beir500k-rq1,pos40_cat08,pos40,218758,pathseer,128,2,52,0.9923,0.9231,0.00015,0.587,0.668,0.684,0.590,2809.8,0.0,755.1,132.1,3.0,3.0,131.7,108.1,32.5,2.1,0.00,pathseer:52
beir500k-rq1,pos40_cat08,pos40,218758,pathseer,128,3,52,0.9923,0.9231,0.00015,0.601,0.666,0.674,0.594,2809.8,0.0,755.1,132.1,3.0,3.0,131.7,108.1,32.5,2.1,0.00,pathseer:52
beir500k-rq1,pos40_cat08,pos40,218758,pathseer,256,1,52,0.9981,0.9808,0.00003,1.099,1.202,1.293,1.089,4863.0,0.0,1369.2,262.4,4.0,4.0,226.5,181.8,65.8,3.5,0.00,pathseer:52
beir500k-rq1,pos40_cat08,pos40,218758,pathseer,256,2,52,0.9981,0.9808,0.00003,1.086,1.220,1.251,1.082,4863.0,0.0,1369.2,262.4,4.0,4.0,226.5,181.8,65.8,3.5,0.00,pathseer:52
beir500k-rq1,pos40_cat08,pos40,218758,pathseer,256,3,52,0.9981,0.9808,0.00003,1.101,1.217,1.239,1.090,4863.0,0.0,1369.2,262.4,4.0,4.0,226.5,181.8,65.8,3.5,0.00,pathseer:52
beir500k-rq1,pos40_cat08,pos40,218758,pathseer,512,1,52,1.0000,1.0000,0.00000,2.086,2.405,2.587,2.084,8101.1,0.0,2606.1,525.0,8.0,8.0,435.7,348.6,157.0,6.8,0.00,pathseer:52
beir500k-rq1,pos40_cat08,pos40,218758,pathseer,512,2,52,1.0000,1.0000,0.00000,1.990,2.413,2.521,2.032,8101.1,0.0,2606.1,525.0,8.0,8.0,435.7,348.6,157.0,6.8,0.00,pathseer:52
beir500k-rq1,pos40_cat08,pos40,218758,pathseer,512,3,52,1.0000,1.0000,0.00000,2.023,2.289,2.372,1.994,8101.1,0.0,2606.1,525.0,8.0,8.0,435.7,348.6,157.0,6.8,0.00,pathseer:52
beir500k-rq1,pos40_cat08,pos40,218758,ours-no-twohop,64,1,52,0.9808,0.8269,0.00036,0.326,0.369,0.373,0.322,1555.7,0.0,317.1,67.3,3.0,3.0,0.0,0.0,14.4,0.0,0.00,pathseer:52
beir500k-rq1,pos40_cat08,pos40,218758,ours-no-twohop,64,2,52,0.9808,0.8269,0.00036,0.309,0.360,0.391,0.314,1555.7,0.0,317.1,67.3,3.0,3.0,0.0,0.0,14.4,0.0,0.00,pathseer:52
beir500k-rq1,pos40_cat08,pos40,218758,ours-no-twohop,64,3,52,0.9808,0.8269,0.00036,0.313,0.356,0.362,0.310,1555.7,0.0,317.1,67.3,3.0,3.0,0.0,0.0,14.4,0.0,0.00,pathseer:52
beir500k-rq1,pos40_cat08,pos40,218758,ours-no-twohop,128,1,52,0.9923,0.9231,0.00015,0.587,0.669,0.690,0.583,2734.6,0.0,572.0,132.4,5.0,5.0,0.0,0.0,34.8,0.0,0.00,pathseer:52
beir500k-rq1,pos40_cat08,pos40,218758,ours-no-twohop,128,2,52,0.9923,0.9231,0.00015,0.592,0.698,0.755,0.591,2734.6,0.0,572.0,132.4,5.0,5.0,0.0,0.0,34.8,0.0,0.00,pathseer:52
beir500k-rq1,pos40_cat08,pos40,218758,ours-no-twohop,128,3,52,0.9923,0.9231,0.00015,0.607,0.673,0.727,0.604,2734.6,0.0,572.0,132.4,5.0,5.0,0.0,0.0,34.8,0.0,0.00,pathseer:52
beir500k-rq1,pos40_cat08,pos40,218758,ours-no-twohop,256,1,52,0.9981,0.9808,0.00003,1.088,1.215,1.324,1.075,4760.6,0.0,1059.7,263.3,10.0,10.0,0.0,0.0,75.7,0.0,0.00,pathseer:52
beir500k-rq1,pos40_cat08,pos40,218758,ours-no-twohop,256,2,52,0.9981,0.9808,0.00003,1.082,1.207,1.266,1.076,4760.6,0.0,1059.7,263.3,10.0,10.0,0.0,0.0,75.7,0.0,0.00,pathseer:52
beir500k-rq1,pos40_cat08,pos40,218758,ours-no-twohop,256,3,52,0.9981,0.9808,0.00003,1.061,1.177,1.289,1.051,4760.6,0.0,1059.7,263.3,10.0,10.0,0.0,0.0,75.7,0.0,0.00,pathseer:52
beir500k-rq1,pos40_cat08,pos40,218758,ours-no-twohop,512,1,52,1.0000,1.0000,0.00000,1.945,2.320,2.400,1.949,7950.9,0.0,2013.2,525.9,20.0,21.0,0.0,0.0,164.2,0.0,0.00,pathseer:52
beir500k-rq1,pos40_cat08,pos40,218758,ours-no-twohop,512,2,52,1.0000,1.0000,0.00000,2.003,2.337,2.555,1.997,7950.9,0.0,2013.2,525.9,20.0,21.0,0.0,0.0,164.2,0.0,0.00,pathseer:52
beir500k-rq1,pos40_cat08,pos40,218758,ours-no-twohop,512,3,52,1.0000,1.0000,0.00000,1.943,2.274,2.335,1.942,7950.9,0.0,2013.2,525.9,20.0,21.0,0.0,0.0,164.2,0.0,0.00,pathseer:52
beir500k-rq1,pos40_cat08,pos40,218758,ours-guard,64,1,52,0.9808,0.8269,0.00036,0.326,0.370,0.376,0.324,1481.1,0.0,1681.4,66.3,3.0,3.0,0.0,0.0,69.1,0.0,0.00,pathseer:52
beir500k-rq1,pos40_cat08,pos40,218758,ours-guard,64,2,52,0.9808,0.8269,0.00036,0.324,0.361,0.368,0.324,1481.1,0.0,1681.4,66.3,3.0,3.0,0.0,0.0,69.1,0.0,0.00,pathseer:52
beir500k-rq1,pos40_cat08,pos40,218758,ours-guard,64,3,52,0.9808,0.8269,0.00036,0.320,0.358,0.365,0.321,1481.1,0.0,1681.4,66.3,3.0,3.0,0.0,0.0,69.1,0.0,0.00,pathseer:52
beir500k-rq1,pos40_cat08,pos40,218758,ours-guard,128,1,52,0.9923,0.9231,0.00015,0.621,0.694,0.735,0.616,2591.7,0.0,2953.2,130.7,5.0,5.0,0.0,0.0,139.1,0.0,0.00,pathseer:52
beir500k-rq1,pos40_cat08,pos40,218758,ours-guard,128,2,52,0.9923,0.9231,0.00015,0.595,0.677,0.725,0.600,2591.7,0.0,2953.2,130.7,5.0,5.0,0.0,0.0,139.1,0.0,0.00,pathseer:52
beir500k-rq1,pos40_cat08,pos40,218758,ours-guard,128,3,52,0.9923,0.9231,0.00015,0.593,0.676,0.686,0.593,2591.7,0.0,2953.2,130.7,5.0,5.0,0.0,0.0,139.1,0.0,0.00,pathseer:52
beir500k-rq1,pos40_cat08,pos40,218758,ours-guard,256,1,52,0.9981,0.9808,0.00003,1.182,1.396,1.535,1.198,4496.5,0.0,5154.1,260.0,10.0,10.0,0.0,0.0,279.1,0.0,0.00,pathseer:52
beir500k-rq1,pos40_cat08,pos40,218758,ours-guard,256,2,52,0.9981,0.9808,0.00003,1.148,1.389,1.438,1.150,4496.5,0.0,5154.1,260.0,10.0,10.0,0.0,0.0,279.1,0.0,0.00,pathseer:52
beir500k-rq1,pos40_cat08,pos40,218758,ours-guard,256,3,52,0.9981,0.9808,0.00003,1.100,1.196,1.261,1.087,4496.5,0.0,5154.1,260.0,10.0,10.0,0.0,0.0,279.1,0.0,0.00,pathseer:52
beir500k-rq1,pos40_cat08,pos40,218758,ours-guard,512,1,52,1.0000,1.0000,0.00000,1.948,2.172,2.242,1.951,7462.0,0.0,8643.9,519.3,20.0,21.0,0.0,0.0,527.8,0.0,0.00,pathseer:52
beir500k-rq1,pos40_cat08,pos40,218758,ours-guard,512,2,52,1.0000,1.0000,0.00000,1.962,2.249,2.285,1.975,7462.0,0.0,8643.9,519.3,20.0,21.0,0.0,0.0,527.8,0.0,0.00,pathseer:52
beir500k-rq1,pos40_cat08,pos40,218758,ours-guard,512,3,52,1.0000,1.0000,0.00000,2.016,2.446,2.802,2.055,7462.0,0.0,8643.9,519.3,20.0,21.0,0.0,0.0,527.8,0.0,0.00,pathseer:52
beir500k-rq1,pos40_cat09,pos40,222267,sweeping,64,1,55,0.9745,0.8182,0.00030,0.313,0.398,0.414,0.319,1383.6,0.0,203.0,66.9,3.0,3.0,0.0,0.0,0.0,0.0,0.00,sweeping:55
beir500k-rq1,pos40_cat09,pos40,222267,sweeping,64,2,55,0.9745,0.8182,0.00030,0.308,0.386,0.456,0.314,1383.6,0.0,203.0,66.9,3.0,3.0,0.0,0.0,0.0,0.0,0.00,sweeping:55
beir500k-rq1,pos40_cat09,pos40,222267,sweeping,64,3,55,0.9745,0.8182,0.00030,0.309,0.362,0.408,0.311,1383.6,0.0,203.0,66.9,3.0,3.0,0.0,0.0,0.0,0.0,0.00,sweeping:55
beir500k-rq1,pos40_cat09,pos40,222267,sweeping,128,1,55,0.9945,0.9636,0.00010,0.520,0.649,0.776,0.534,2389.7,0.0,351.7,132.3,6.0,6.0,0.0,0.0,0.0,0.0,0.00,sweeping:55
beir500k-rq1,pos40_cat09,pos40,222267,sweeping,128,2,55,0.9945,0.9636,0.00010,0.513,0.626,0.777,0.531,2389.7,0.0,351.7,132.3,6.0,6.0,0.0,0.0,0.0,0.0,0.00,sweeping:55
beir500k-rq1,pos40_cat09,pos40,222267,sweeping,128,3,55,0.9945,0.9636,0.00010,0.531,0.640,0.830,0.546,2389.7,0.0,351.7,132.3,6.0,6.0,0.0,0.0,0.0,0.0,0.00,sweeping:55
beir500k-rq1,pos40_cat09,pos40,222267,sweeping,256,1,55,0.9982,0.9818,0.00003,0.951,1.238,1.672,0.993,4081.2,0.0,625.1,264.1,10.0,10.0,0.0,0.0,0.0,0.0,0.00,sweeping:55
beir500k-rq1,pos40_cat09,pos40,222267,sweeping,256,2,55,0.9982,0.9818,0.00003,0.946,1.179,1.501,0.970,4081.2,0.0,625.1,264.1,10.0,10.0,0.0,0.0,0.0,0.0,0.00,sweeping:55
beir500k-rq1,pos40_cat09,pos40,222267,sweeping,256,3,55,0.9982,0.9818,0.00003,0.912,1.095,1.547,0.944,4081.2,0.0,625.1,264.1,10.0,10.0,0.0,0.0,0.0,0.0,0.00,sweeping:55
beir500k-rq1,pos40_cat09,pos40,222267,sweeping,512,1,55,0.9982,0.9818,0.00003,1.790,2.213,3.220,1.814,6849.2,0.0,1142.3,528.3,22.0,22.0,0.0,0.0,0.0,0.0,0.00,sweeping:55
beir500k-rq1,pos40_cat09,pos40,222267,sweeping,512,2,55,0.9982,0.9818,0.00003,1.734,2.186,3.027,1.811,6849.2,0.0,1142.3,528.3,22.0,22.0,0.0,0.0,0.0,0.0,0.00,sweeping:55
beir500k-rq1,pos40_cat09,pos40,222267,sweeping,512,3,55,0.9982,0.9818,0.00003,1.717,2.047,3.082,1.768,6849.2,0.0,1142.3,528.3,22.0,22.0,0.0,0.0,0.0,0.0,0.00,sweeping:55
beir500k-rq1,pos40_cat09,pos40,222267,pathseer,64,1,55,0.9727,0.8182,0.00033,0.353,0.502,0.570,0.372,1401.3,0.0,390.3,66.4,2.0,2.0,67.5,61.3,15.5,1.1,0.00,pathseer:55
beir500k-rq1,pos40_cat09,pos40,222267,pathseer,64,2,55,0.9727,0.8182,0.00033,0.326,0.393,0.426,0.333,1401.3,0.0,390.3,66.4,2.0,2.0,67.5,61.3,15.5,1.1,0.00,pathseer:55
beir500k-rq1,pos40_cat09,pos40,222267,pathseer,64,3,55,0.9727,0.8182,0.00033,0.326,0.381,0.387,0.329,1401.3,0.0,390.3,66.4,2.0,2.0,67.5,61.3,15.5,1.1,0.00,pathseer:55
beir500k-rq1,pos40_cat09,pos40,222267,pathseer,128,1,55,0.9945,0.9636,0.00010,0.547,0.683,0.716,0.564,2405.5,0.0,712.2,131.1,3.0,3.0,128.0,111.1,31.5,2.0,0.00,pathseer:55
beir500k-rq1,pos40_cat09,pos40,222267,pathseer,128,2,55,0.9945,0.9636,0.00010,0.536,0.654,0.682,0.546,2405.5,0.0,712.2,131.1,3.0,3.0,128.0,111.1,31.5,2.0,0.00,pathseer:55
beir500k-rq1,pos40_cat09,pos40,222267,pathseer,128,3,55,0.9945,0.9636,0.00010,0.555,0.677,0.697,0.559,2405.5,0.0,712.2,131.1,3.0,3.0,128.0,111.1,31.5,2.0,0.00,pathseer:55
beir500k-rq1,pos40_cat09,pos40,222267,pathseer,256,1,55,0.9982,0.9818,0.00003,1.007,1.184,1.305,1.008,4054.7,0.0,1289.3,261.2,4.0,4.0,217.6,182.3,71.1,3.4,0.00,pathseer:55
beir500k-rq1,pos40_cat09,pos40,222267,pathseer,256,2,55,0.9982,0.9818,0.00003,0.994,1.188,1.250,0.997,4054.7,0.0,1289.3,261.2,4.0,4.0,217.6,182.3,71.1,3.4,0.00,pathseer:55
beir500k-rq1,pos40_cat09,pos40,222267,pathseer,256,3,55,0.9982,0.9818,0.00003,1.008,1.195,1.270,1.018,4054.7,0.0,1289.3,261.2,4.0,4.0,217.6,182.3,71.1,3.4,0.00,pathseer:55
beir500k-rq1,pos40_cat09,pos40,222267,pathseer,512,1,55,0.9982,0.9818,0.00003,1.821,2.154,2.382,1.838,6738.6,0.0,2426.9,521.9,8.0,8.0,442.2,360.5,141.0,6.9,0.00,pathseer:55
beir500k-rq1,pos40_cat09,pos40,222267,pathseer,512,2,55,0.9982,0.9818,0.00003,1.880,2.465,2.573,1.939,6738.6,0.0,2426.9,521.9,8.0,8.0,442.2,360.5,141.0,6.9,0.00,pathseer:55
beir500k-rq1,pos40_cat09,pos40,222267,pathseer,512,3,55,0.9982,0.9818,0.00003,1.824,2.195,2.403,1.840,6738.6,0.0,2426.9,521.9,8.0,8.0,442.2,360.5,141.0,6.9,0.00,pathseer:55
beir500k-rq1,pos40_cat09,pos40,222267,ours-no-twohop,64,1,55,0.9745,0.8182,0.00030,0.286,0.335,0.345,0.286,1355.9,0.0,290.2,66.5,3.0,3.0,0.0,0.0,15.5,0.0,0.00,pathseer:55
beir500k-rq1,pos40_cat09,pos40,222267,ours-no-twohop,64,2,55,0.9745,0.8182,0.00030,0.288,0.338,0.351,0.288,1355.9,0.0,290.2,66.5,3.0,3.0,0.0,0.0,15.5,0.0,0.00,pathseer:55
beir500k-rq1,pos40_cat09,pos40,222267,ours-no-twohop,64,3,55,0.9745,0.8182,0.00030,0.282,0.329,0.335,0.284,1355.9,0.0,290.2,66.5,3.0,3.0,0.0,0.0,15.5,0.0,0.00,pathseer:55
beir500k-rq1,pos40_cat09,pos40,222267,ours-no-twohop,128,1,55,0.9945,0.9636,0.00010,0.527,0.647,0.718,0.540,2332.6,0.0,522.8,131.1,6.0,6.0,0.0,0.0,31.5,0.0,0.00,pathseer:55
beir500k-rq1,pos40_cat09,pos40,222267,ours-no-twohop,128,2,55,0.9945,0.9636,0.00010,0.547,0.662,0.680,0.554,2332.6,0.0,522.8,131.1,6.0,6.0,0.0,0.0,31.5,0.0,0.00,pathseer:55
beir500k-rq1,pos40_cat09,pos40,222267,ours-no-twohop,128,3,55,0.9945,0.9636,0.00010,0.592,0.737,0.838,0.607,2332.6,0.0,522.8,131.1,6.0,6.0,0.0,0.0,31.5,0.0,0.00,pathseer:55
beir500k-rq1,pos40_cat09,pos40,222267,ours-no-twohop,256,1,55,0.9982,0.9818,0.00003,0.955,1.155,1.236,0.972,3960.1,0.0,975.3,261.4,10.0,10.0,0.0,0.0,70.8,0.0,0.00,pathseer:55
beir500k-rq1,pos40_cat09,pos40,222267,ours-no-twohop,256,2,55,0.9982,0.9818,0.00003,0.955,1.142,1.329,0.971,3960.1,0.0,975.3,261.4,10.0,10.0,0.0,0.0,70.8,0.0,0.00,pathseer:55
beir500k-rq1,pos40_cat09,pos40,222267,ours-no-twohop,256,3,55,0.9982,0.9818,0.00003,0.981,1.194,1.272,0.988,3960.1,0.0,975.3,261.4,10.0,10.0,0.0,0.0,70.8,0.0,0.00,pathseer:55
beir500k-rq1,pos40_cat09,pos40,222267,ours-no-twohop,512,1,55,0.9982,0.9818,0.00003,1.744,2.111,2.389,1.767,6604.8,0.0,1841.5,522.3,22.0,22.0,0.0,0.0,145.5,0.0,0.00,pathseer:55
beir500k-rq1,pos40_cat09,pos40,222267,ours-no-twohop,512,2,55,0.9982,0.9818,0.00003,1.716,2.054,2.415,1.748,6604.8,0.0,1841.5,522.3,22.0,22.0,0.0,0.0,145.5,0.0,0.00,pathseer:55
beir500k-rq1,pos40_cat09,pos40,222267,ours-no-twohop,512,3,55,0.9982,0.9818,0.00003,1.752,2.032,2.505,1.767,6604.8,0.0,1841.5,522.3,22.0,22.0,0.0,0.0,145.5,0.0,0.00,pathseer:55
beir500k-rq1,pos40_cat09,pos40,222267,ours-guard,64,1,55,0.9745,0.8182,0.00030,0.305,0.351,0.371,0.306,1296.4,0.0,1465.1,65.7,3.0,3.0,0.0,0.0,53.8,0.0,0.00,pathseer:55
beir500k-rq1,pos40_cat09,pos40,222267,ours-guard,64,2,55,0.9745,0.8182,0.00030,0.313,0.357,0.369,0.311,1296.4,0.0,1465.1,65.7,3.0,3.0,0.0,0.0,53.8,0.0,0.00,pathseer:55
beir500k-rq1,pos40_cat09,pos40,222267,ours-guard,64,3,55,0.9745,0.8182,0.00030,0.315,0.356,0.390,0.312,1296.4,0.0,1465.1,65.7,3.0,3.0,0.0,0.0,53.8,0.0,0.00,pathseer:55
beir500k-rq1,pos40_cat09,pos40,222267,ours-guard,128,1,55,0.9945,0.9636,0.00010,0.539,0.627,0.645,0.542,2227.8,0.0,2533.4,129.8,6.0,6.0,0.0,0.0,104.7,0.0,0.00,pathseer:55
beir500k-rq1,pos40_cat09,pos40,222267,ours-guard,128,2,55,0.9945,0.9636,0.00010,0.552,0.665,0.750,0.560,2227.8,0.0,2533.4,129.8,6.0,6.0,0.0,0.0,104.7,0.0,0.00,pathseer:55
beir500k-rq1,pos40_cat09,pos40,222267,ours-guard,128,3,55,0.9945,0.9636,0.00010,0.562,0.647,0.696,0.565,2227.8,0.0,2533.4,129.8,6.0,6.0,0.0,0.0,104.7,0.0,0.00,pathseer:55
beir500k-rq1,pos40_cat09,pos40,222267,ours-guard,256,1,55,0.9982,0.9818,0.00003,1.034,1.259,1.508,1.067,3762.4,0.0,4306.5,258.5,10.0,10.0,0.0,0.0,209.9,0.0,0.00,pathseer:55
beir500k-rq1,pos40_cat09,pos40,222267,ours-guard,256,2,55,0.9982,0.9818,0.00003,1.020,1.179,1.341,1.020,3762.4,0.0,4306.5,258.5,10.0,10.0,0.0,0.0,209.9,0.0,0.00,pathseer:55
beir500k-rq1,pos40_cat09,pos40,222267,ours-guard,256,3,55,0.9982,0.9818,0.00003,1.007,1.191,1.325,1.009,3762.4,0.0,4306.5,258.5,10.0,10.0,0.0,0.0,209.9,0.0,0.00,pathseer:55
beir500k-rq1,pos40_cat09,pos40,222267,ours-guard,512,1,55,0.9982,0.9818,0.00003,1.830,2.156,2.276,1.817,6238.0,0.0,7229.1,517.1,22.0,22.0,0.0,0.0,420.9,0.0,0.00,pathseer:55
beir500k-rq1,pos40_cat09,pos40,222267,ours-guard,512,2,55,0.9982,0.9818,0.00003,1.786,2.068,2.136,1.774,6238.0,0.0,7229.1,517.1,22.0,22.0,0.0,0.0,420.9,0.0,0.00,pathseer:55
beir500k-rq1,pos40_cat09,pos40,222267,ours-guard,512,3,55,0.9982,0.9818,0.00003,1.833,2.182,2.238,1.813,6238.0,0.0,7229.1,517.1,22.0,22.0,0.0,0.0,420.9,0.0,0.00,pathseer:55
beir500k-rq1,pos40_cat10,pos40,207074,sweeping,64,1,50,0.9940,0.9400,0.00006,0.319,0.456,0.557,0.328,1594.9,0.0,237.9,72.1,3.0,4.0,0.0,0.0,0.0,0.0,0.00,sweeping:50
beir500k-rq1,pos40_cat10,pos40,207074,sweeping,64,2,50,0.9940,0.9400,0.00006,0.310,0.467,0.547,0.323,1594.9,0.0,237.9,72.1,3.0,4.0,0.0,0.0,0.0,0.0,0.00,sweeping:50
beir500k-rq1,pos40_cat10,pos40,207074,sweeping,64,3,50,0.9940,0.9400,0.00006,0.318,0.478,0.532,0.327,1594.9,0.0,237.9,72.1,3.0,4.0,0.0,0.0,0.0,0.0,0.00,sweeping:50
beir500k-rq1,pos40_cat10,pos40,207074,sweeping,128,1,50,1.0000,1.0000,0.00000,0.593,0.844,0.984,0.611,2789.3,0.0,406.3,142.2,5.0,6.0,0.0,0.0,0.0,0.0,0.00,sweeping:50
beir500k-rq1,pos40_cat10,pos40,207074,sweeping,128,2,50,1.0000,1.0000,0.00000,0.589,0.879,1.054,0.616,2789.3,0.0,406.3,142.2,5.0,6.0,0.0,0.0,0.0,0.0,0.00,sweeping:50
beir500k-rq1,pos40_cat10,pos40,207074,sweeping,128,3,50,1.0000,1.0000,0.00000,0.679,0.982,1.226,0.695,2789.3,0.0,406.3,142.2,5.0,6.0,0.0,0.0,0.0,0.0,0.00,sweeping:50
beir500k-rq1,pos40_cat10,pos40,207074,sweeping,256,1,50,1.0000,1.0000,0.00000,1.103,1.624,1.858,1.127,4904.2,0.0,719.6,284.7,10.0,11.0,0.0,0.0,0.0,0.0,0.00,sweeping:50
beir500k-rq1,pos40_cat10,pos40,207074,sweeping,256,2,50,1.0000,1.0000,0.00000,1.126,1.683,1.881,1.156,4904.2,0.0,719.6,284.7,10.0,11.0,0.0,0.0,0.0,0.0,0.00,sweeping:50
beir500k-rq1,pos40_cat10,pos40,207074,sweeping,256,3,50,1.0000,1.0000,0.00000,1.137,1.567,1.991,1.184,4904.2,0.0,719.6,284.7,10.0,11.0,0.0,0.0,0.0,0.0,0.00,sweeping:50
beir500k-rq1,pos40_cat10,pos40,207074,sweeping,512,1,50,1.0000,1.0000,0.00000,1.976,3.093,3.391,2.073,8509.7,0.0,1329.1,579.6,21.0,23.0,0.0,0.0,0.0,0.0,0.00,sweeping:50
beir500k-rq1,pos40_cat10,pos40,207074,sweeping,512,2,50,1.0000,1.0000,0.00000,2.016,3.119,3.481,2.071,8509.7,0.0,1329.1,579.6,21.0,23.0,0.0,0.0,0.0,0.0,0.00,sweeping:50
beir500k-rq1,pos40_cat10,pos40,207074,sweeping,512,3,50,1.0000,1.0000,0.00000,2.028,3.052,3.605,2.081,8509.7,0.0,1329.1,579.6,21.0,23.0,0.0,0.0,0.0,0.0,0.00,sweeping:50
beir500k-rq1,pos40_cat10,pos40,207074,pathseer,64,1,50,0.9920,0.9200,0.00007,0.321,0.405,0.430,0.325,1545.2,0.0,479.3,70.1,2.0,2.0,71.7,53.4,55.4,1.1,0.00,pathseer:50
beir500k-rq1,pos40_cat10,pos40,207074,pathseer,64,2,50,0.9920,0.9200,0.00007,0.325,0.392,0.435,0.326,1545.2,0.0,479.3,70.1,2.0,2.0,71.7,53.4,55.4,1.1,0.00,pathseer:50
beir500k-rq1,pos40_cat10,pos40,207074,pathseer,64,3,50,0.9920,0.9200,0.00007,0.326,0.408,0.482,0.333,1545.2,0.0,479.3,70.1,2.0,2.0,71.7,53.4,55.4,1.1,0.00,pathseer:50
beir500k-rq1,pos40_cat10,pos40,207074,pathseer,128,1,50,1.0000,1.0000,0.00000,0.613,0.758,0.878,0.617,2663.4,0.0,879.6,137.7,3.0,3.0,138.2,98.6,114.7,2.2,0.00,pathseer:50
beir500k-rq1,pos40_cat10,pos40,207074,pathseer,128,2,50,1.0000,1.0000,0.00000,0.584,0.723,0.811,0.590,2663.4,0.0,879.6,137.7,3.0,3.0,138.2,98.6,114.7,2.2,0.00,pathseer:50
beir500k-rq1,pos40_cat10,pos40,207074,pathseer,128,3,50,1.0000,1.0000,0.00000,0.590,0.745,0.750,0.595,2663.4,0.0,879.6,137.7,3.0,3.0,138.2,98.6,114.7,2.2,0.00,pathseer:50
beir500k-rq1,pos40_cat10,pos40,207074,pathseer,256,1,50,1.0000,1.0000,0.00000,1.112,1.342,1.641,1.128,4601.8,0.0,1620.7,274.2,5.0,5.0,240.6,170.1,240.2,3.8,0.00,pathseer:50
beir500k-rq1,pos40_cat10,pos40,207074,pathseer,256,2,50,1.0000,1.0000,0.00000,1.087,1.297,1.415,1.093,4601.8,0.0,1620.7,274.2,5.0,5.0,240.6,170.1,240.2,3.8,0.00,pathseer:50
beir500k-rq1,pos40_cat10,pos40,207074,pathseer,256,3,50,1.0000,1.0000,0.00000,1.193,1.752,1.944,1.250,4601.8,0.0,1620.7,274.2,5.0,5.0,240.6,170.1,240.2,3.8,0.00,pathseer:50
beir500k-rq1,pos40_cat10,pos40,207074,pathseer,512,1,50,1.0000,1.0000,0.00000,1.981,2.491,2.596,2.001,7743.1,0.0,3133.0,552.2,8.0,8.0,473.6,324.5,529.6,7.4,0.00,pathseer:50
beir500k-rq1,pos40_cat10,pos40,207074,pathseer,512,2,50,1.0000,1.0000,0.00000,2.092,2.488,2.640,2.070,7743.1,0.0,3133.0,552.2,8.0,8.0,473.6,324.5,529.6,7.4,0.00,pathseer:50
beir500k-rq1,pos40_cat10,pos40,207074,pathseer,512,3,50,1.0000,1.0000,0.00000,2.021,2.524,2.647,2.026,7743.1,0.0,3133.0,552.2,8.0,8.0,473.6,324.5,529.6,7.4,0.00,pathseer:50
beir500k-rq1,pos40_cat10,pos40,207074,ours-no-twohop,64,1,50,0.9940,0.9400,0.00006,0.326,0.420,0.532,0.335,1505.8,0.0,383.4,70.3,3.0,4.0,0.0,0.0,55.1,0.0,0.00,pathseer:50
beir500k-rq1,pos40_cat10,pos40,207074,ours-no-twohop,64,2,50,0.9940,0.9400,0.00006,0.352,0.474,0.540,0.362,1505.8,0.0,383.4,70.3,3.0,4.0,0.0,0.0,55.1,0.0,0.00,pathseer:50
beir500k-rq1,pos40_cat10,pos40,207074,ours-no-twohop,64,3,50,0.9940,0.9400,0.00006,0.328,0.437,0.472,0.332,1505.8,0.0,383.4,70.3,3.0,4.0,0.0,0.0,55.1,0.0,0.00,pathseer:50
beir500k-rq1,pos40_cat10,pos40,207074,ours-no-twohop,128,1,50,1.0000,1.0000,0.00000,0.565,0.721,0.747,0.572,2602.7,0.0,702.4,138.2,5.0,6.0,0.0,0.0,118.5,0.0,0.00,pathseer:50
beir500k-rq1,pos40_cat10,pos40,207074,ours-no-twohop,128,2,50,1.0000,1.0000,0.00000,0.554,0.693,0.734,0.570,2602.7,0.0,702.4,138.2,5.0,6.0,0.0,0.0,118.5,0.0,0.00,pathseer:50
beir500k-rq1,pos40_cat10,pos40,207074,ours-no-twohop,128,3,50,1.0000,1.0000,0.00000,0.560,0.721,0.772,0.575,2602.7,0.0,702.4,138.2,5.0,6.0,0.0,0.0,118.5,0.0,0.00,pathseer:50
beir500k-rq1,pos40_cat10,pos40,207074,ours-no-twohop,256,1,50,1.0000,1.0000,0.00000,1.089,1.361,1.575,1.087,4520.8,0.0,1311.0,275.3,10.0,11.0,0.0,0.0,242.2,0.0,0.00,pathseer:50
beir500k-rq1,pos40_cat10,pos40,207074,ours-no-twohop,256,2,50,1.0000,1.0000,0.00000,1.051,1.343,1.434,1.059,4520.8,0.0,1311.0,275.3,10.0,11.0,0.0,0.0,242.2,0.0,0.00,pathseer:50
beir500k-rq1,pos40_cat10,pos40,207074,ours-no-twohop,256,3,50,1.0000,1.0000,0.00000,1.056,1.298,1.379,1.052,4520.8,0.0,1311.0,275.3,10.0,11.0,0.0,0.0,242.2,0.0,0.00,pathseer:50
beir500k-rq1,pos40_cat10,pos40,207074,ours-no-twohop,512,1,50,1.0000,1.0000,0.00000,2.100,2.688,2.891,2.124,7637.1,0.0,2594.4,556.9,21.0,23.0,0.0,0.0,564.6,0.0,0.00,pathseer:50
beir500k-rq1,pos40_cat10,pos40,207074,ours-no-twohop,512,2,50,1.0000,1.0000,0.00000,2.041,3.101,3.745,2.146,7637.1,0.0,2594.4,556.9,21.0,23.0,0.0,0.0,564.6,0.0,0.00,pathseer:50
beir500k-rq1,pos40_cat10,pos40,207074,ours-no-twohop,512,3,50,1.0000,1.0000,0.00000,1.955,2.486,2.580,1.958,7637.1,0.0,2594.4,556.9,21.0,23.0,0.0,0.0,564.6,0.0,0.00,pathseer:50
beir500k-rq1,pos40_cat10,pos40,207074,ours-guard,64,1,50,0.9940,0.9400,0.00006,0.313,0.368,0.416,0.314,1336.5,0.0,1631.4,68.1,3.0,4.0,0.0,0.0,176.0,0.0,0.00,pathseer:50
beir500k-rq1,pos40_cat10,pos40,207074,ours-guard,64,2,50,0.9940,0.9400,0.00006,0.328,0.387,0.464,0.330,1336.5,0.0,1631.4,68.1,3.0,4.0,0.0,0.0,176.0,0.0,0.00,pathseer:50
beir500k-rq1,pos40_cat10,pos40,207074,ours-guard,64,3,50,0.9940,0.9400,0.00006,0.312,0.363,0.406,0.313,1336.5,0.0,1631.4,68.1,3.0,4.0,0.0,0.0,176.0,0.0,0.00,pathseer:50
beir500k-rq1,pos40_cat10,pos40,207074,ours-guard,128,1,50,1.0000,1.0000,0.00000,0.558,0.658,0.698,0.562,2297.0,0.0,2831.2,133.4,5.0,6.0,0.0,0.0,326.1,0.0,0.00,pathseer:50
beir500k-rq1,pos40_cat10,pos40,207074,ours-guard,128,2,50,1.0000,1.0000,0.00000,0.571,0.658,0.732,0.570,2297.0,0.0,2831.2,133.4,5.0,6.0,0.0,0.0,326.1,0.0,0.00,pathseer:50
beir500k-rq1,pos40_cat10,pos40,207074,ours-guard,128,3,50,1.0000,1.0000,0.00000,0.573,0.657,0.738,0.567,2297.0,0.0,2831.2,133.4,5.0,6.0,0.0,0.0,326.1,0.0,0.00,pathseer:50
beir500k-rq1,pos40_cat10,pos40,207074,ours-guard,256,1,50,1.0000,1.0000,0.00000,1.046,1.216,1.352,1.046,3980.6,0.0,4950.0,265.8,10.0,11.0,0.0,0.0,619.2,0.0,0.00,pathseer:50
beir500k-rq1,pos40_cat10,pos40,207074,ours-guard,256,2,50,1.0000,1.0000,0.00000,1.029,1.223,1.392,1.043,3980.6,0.0,4950.0,265.8,10.0,11.0,0.0,0.0,619.2,0.0,0.00,pathseer:50
beir500k-rq1,pos40_cat10,pos40,207074,ours-guard,256,3,50,1.0000,1.0000,0.00000,1.052,1.201,1.397,1.049,3980.6,0.0,4950.0,265.8,10.0,11.0,0.0,0.0,619.2,0.0,0.00,pathseer:50
beir500k-rq1,pos40_cat10,pos40,207074,ours-guard,512,1,50,1.0000,1.0000,0.00000,1.881,2.311,2.349,1.896,6668.7,0.0,8506.4,536.8,21.0,23.0,0.0,0.0,1226.9,0.0,0.00,pathseer:50
beir500k-rq1,pos40_cat10,pos40,207074,ours-guard,512,2,50,1.0000,1.0000,0.00000,1.968,2.373,2.543,1.983,6668.7,0.0,8506.4,536.8,21.0,23.0,0.0,0.0,1226.9,0.0,0.00,pathseer:50
beir500k-rq1,pos40_cat10,pos40,207074,ours-guard,512,3,50,1.0000,1.0000,0.00000,1.950,2.428,2.547,1.967,6668.7,0.0,8506.4,536.8,21.0,23.0,0.0,0.0,1226.9,0.0,0.00,pathseer:50
beir500k-rq1,pos40_cat11,pos40,211992,sweeping,64,1,32,0.9875,0.9062,0.00012,0.391,0.819,1.555,0.476,2440.6,0.0,365.1,128.3,4.0,5.0,0.0,0.0,0.0,0.0,0.00,sweeping:32
beir500k-rq1,pos40_cat11,pos40,211992,sweeping,64,2,32,0.9875,0.9062,0.00012,0.390,0.868,1.557,0.478,2440.6,0.0,365.1,128.3,4.0,5.0,0.0,0.0,0.0,0.0,0.00,sweeping:32
beir500k-rq1,pos40_cat11,pos40,211992,sweeping,64,3,32,0.9875,0.9062,0.00012,0.373,0.636,1.452,0.437,2440.6,0.0,365.1,128.3,4.0,5.0,0.0,0.0,0.0,0.0,0.00,sweeping:32
beir500k-rq1,pos40_cat11,pos40,211992,sweeping,128,1,32,0.9938,0.9688,0.00006,0.708,1.627,3.681,0.917,4475.6,0.0,664.8,276.8,6.0,9.0,0.0,0.0,0.0,0.0,0.00,sweeping:32
beir500k-rq1,pos40_cat11,pos40,211992,sweeping,128,2,32,0.9938,0.9688,0.00006,0.677,1.532,3.491,0.882,4475.6,0.0,664.8,276.8,6.0,9.0,0.0,0.0,0.0,0.0,0.00,sweeping:32
beir500k-rq1,pos40_cat11,pos40,211992,sweeping,128,3,32,0.9938,0.9688,0.00006,0.729,1.573,3.647,0.900,4475.6,0.0,664.8,276.8,6.0,9.0,0.0,0.0,0.0,0.0,0.00,sweeping:32
beir500k-rq1,pos40_cat11,pos40,211992,sweeping,256,1,32,0.9969,0.9688,0.00005,1.383,3.333,7.077,1.761,7909.1,0.0,1253.4,586.6,11.0,18.0,0.0,0.0,0.0,0.0,0.00,sweeping:32
beir500k-rq1,pos40_cat11,pos40,211992,sweeping,256,2,32,0.9969,0.9688,0.00005,1.295,3.319,7.216,1.744,7909.1,0.0,1253.4,586.6,11.0,18.0,0.0,0.0,0.0,0.0,0.00,sweeping:32
beir500k-rq1,pos40_cat11,pos40,211992,sweeping,256,3,32,0.9969,0.9688,0.00005,1.364,3.327,7.057,1.768,7909.1,0.0,1253.4,586.6,11.0,18.0,0.0,0.0,0.0,0.0,0.00,sweeping:32
beir500k-rq1,pos40_cat11,pos40,211992,sweeping,512,1,32,0.9969,0.9688,0.00005,2.615,6.361,13.087,3.323,13703.5,0.0,2408.0,1230.2,23.0,43.0,0.0,0.0,0.0,0.0,0.00,sweeping:32
beir500k-rq1,pos40_cat11,pos40,211992,sweeping,512,2,32,0.9969,0.9688,0.00005,2.817,6.440,12.519,3.346,13703.5,0.0,2408.0,1230.2,23.0,43.0,0.0,0.0,0.0,0.0,0.00,sweeping:32
beir500k-rq1,pos40_cat11,pos40,211992,sweeping,512,3,32,0.9969,0.9688,0.00005,2.673,6.453,12.598,3.319,13703.5,0.0,2408.0,1230.2,23.0,43.0,0.0,0.0,0.0,0.0,0.00,sweeping:32
beir500k-rq1,pos40_cat11,pos40,211992,pathseer,64,1,32,0.9750,0.8438,0.00034,0.336,0.427,0.499,0.328,1509.4,0.0,995.7,91.3,2.0,2.0,98.0,42.3,403.9,1.5,0.00,pathseer:32
beir500k-rq1,pos40_cat11,pos40,211992,pathseer,64,2,32,0.9750,0.8438,0.00034,0.327,0.419,0.499,0.328,1509.4,0.0,995.7,91.3,2.0,2.0,98.0,42.3,403.9,1.5,0.00,pathseer:32
beir500k-rq1,pos40_cat11,pos40,211992,pathseer,64,3,32,0.9750,0.8438,0.00034,0.340,0.492,0.593,0.349,1509.4,0.0,995.7,91.3,2.0,2.0,98.0,42.3,403.9,1.5,0.00,pathseer:32
beir500k-rq1,pos40_cat11,pos40,211992,pathseer,128,1,32,0.9875,0.9062,0.00013,0.653,0.976,1.061,0.663,2543.1,0.0,1841.1,180.9,4.0,4.0,178.0,77.7,797.1,2.8,0.00,pathseer:32
beir500k-rq1,pos40_cat11,pos40,211992,pathseer,128,2,32,0.9875,0.9062,0.00013,0.804,1.164,2.786,0.864,2543.1,0.0,1841.1,180.9,4.0,4.0,178.0,77.7,797.1,2.8,0.00,pathseer:32
beir500k-rq1,pos40_cat11,pos40,211992,pathseer,128,3,32,0.9875,0.9062,0.00013,0.724,0.989,1.000,0.738,2543.1,0.0,1841.1,180.9,4.0,4.0,178.0,77.7,797.1,2.8,0.00,pathseer:32
beir500k-rq1,pos40_cat11,pos40,211992,pathseer,256,1,32,0.9938,0.9375,0.00010,1.125,1.696,2.168,1.196,4354.0,0.0,3478.1,371.5,6.0,8.0,312.0,143.3,1580.8,4.9,0.00,pathseer:32
beir500k-rq1,pos40_cat11,pos40,211992,pathseer,256,2,32,0.9938,0.9375,0.00010,1.072,1.494,2.057,1.153,4354.0,0.0,3478.1,371.5,6.0,8.0,312.0,143.3,1580.8,4.9,0.00,pathseer:32
beir500k-rq1,pos40_cat11,pos40,211992,pathseer,256,3,32,0.9938,0.9375,0.00010,1.062,1.541,2.175,1.127,4354.0,0.0,3478.1,371.5,6.0,8.0,312.0,143.3,1580.8,4.9,0.00,pathseer:32
beir500k-rq1,pos40_cat11,pos40,211992,pathseer,512,1,32,0.9969,0.9688,0.00005,2.001,3.089,4.606,2.214,7372.4,0.0,6653.0,766.8,11.0,17.0,638.0,287.9,3069.3,10.0,0.00,pathseer:32
beir500k-rq1,pos40_cat11,pos40,211992,pathseer,512,2,32,0.9969,0.9688,0.00005,1.949,3.116,4.522,2.182,7372.4,0.0,6653.0,766.8,11.0,17.0,638.0,287.9,3069.3,10.0,0.00,pathseer:32
beir500k-rq1,pos40_cat11,pos40,211992,pathseer,512,3,32,0.9969,0.9688,0.00005,2.021,3.328,4.882,2.234,7372.4,0.0,6653.0,766.8,11.0,17.0,638.0,287.9,3069.3,10.0,0.00,pathseer:32
beir500k-rq1,pos40_cat11,pos40,211992,ours-no-twohop,64,1,32,0.9750,0.8438,0.00034,0.337,0.465,0.594,0.350,1498.0,0.0,945.9,94.5,4.0,5.0,0.0,0.0,451.1,0.0,0.00,pathseer:32
beir500k-rq1,pos40_cat11,pos40,211992,ours-no-twohop,64,2,32,0.9750,0.8438,0.00034,0.329,0.473,0.583,0.353,1498.0,0.0,945.9,94.5,4.0,5.0,0.0,0.0,451.1,0.0,0.00,pathseer:32
beir500k-rq1,pos40_cat11,pos40,211992,ours-no-twohop,64,3,32,0.9750,0.8438,0.00034,0.348,0.466,0.565,0.348,1498.0,0.0,945.9,94.5,4.0,5.0,0.0,0.0,451.1,0.0,0.00,pathseer:32
beir500k-rq1,pos40_cat11,pos40,211992,ours-no-twohop,128,1,32,0.9875,0.9062,0.00013,0.577,0.827,1.209,0.619,2545.2,0.0,1785.1,191.4,6.0,9.0,0.0,0.0,893.2,0.0,0.00,pathseer:32
beir500k-rq1,pos40_cat11,pos40,211992,ours-no-twohop,128,2,32,0.9875,0.9062,0.00013,0.589,0.753,1.220,0.614,2545.2,0.0,1785.1,191.4,6.0,9.0,0.0,0.0,893.2,0.0,0.00,pathseer:32
beir500k-rq1,pos40_cat11,pos40,211992,ours-no-twohop,128,3,32,0.9875,0.9062,0.00013,0.598,0.820,1.296,0.628,2545.2,0.0,1785.1,191.4,6.0,9.0,0.0,0.0,893.2,0.0,0.00,pathseer:32
beir500k-rq1,pos40_cat11,pos40,211992,ours-no-twohop,256,1,32,0.9938,0.9375,0.00010,1.094,1.635,2.524,1.206,4370.3,0.0,3345.2,388.8,11.0,18.0,0.0,0.0,1702.2,0.0,0.00,pathseer:32
beir500k-rq1,pos40_cat11,pos40,211992,ours-no-twohop,256,2,32,0.9938,0.9375,0.00010,1.057,1.621,2.425,1.178,4370.3,0.0,3345.2,388.8,11.0,18.0,0.0,0.0,1702.2,0.0,0.00,pathseer:32
beir500k-rq1,pos40_cat11,pos40,211992,ours-no-twohop,256,3,32,0.9938,0.9375,0.00010,1.048,1.579,2.449,1.154,4370.3,0.0,3345.2,388.8,11.0,18.0,0.0,0.0,1702.2,0.0,0.00,pathseer:32
beir500k-rq1,pos40_cat11,pos40,211992,ours-no-twohop,512,1,32,0.9969,0.9688,0.00005,2.228,3.338,5.637,2.347,7455.0,0.0,6498.9,825.4,23.0,43.0,0.0,0.0,3341.4,0.0,0.00,pathseer:32
beir500k-rq1,pos40_cat11,pos40,211992,ours-no-twohop,512,2,32,0.9969,0.9688,0.00005,2.068,3.290,5.647,2.282,7455.0,0.0,6498.9,825.4,23.0,43.0,0.0,0.0,3341.4,0.0,0.00,pathseer:32
beir500k-rq1,pos40_cat11,pos40,211992,ours-no-twohop,512,3,32,0.9969,0.9688,0.00005,1.931,3.062,5.230,2.248,7455.0,0.0,6498.9,825.4,23.0,43.0,0.0,0.0,3341.4,0.0,0.00,pathseer:32
beir500k-rq1,pos40_cat11,pos40,211992,ours-guard,64,1,32,0.9656,0.7812,0.00060,0.288,0.387,0.504,0.298,1117.3,0.0,1774.0,81.7,4.0,5.0,0.0,0.0,557.2,0.0,0.00,pathseer:32
beir500k-rq1,pos40_cat11,pos40,211992,ours-guard,64,2,32,0.9656,0.7812,0.00060,0.283,0.373,0.476,0.300,1117.3,0.0,1774.0,81.7,4.0,5.0,0.0,0.0,557.2,0.0,0.00,pathseer:32
beir500k-rq1,pos40_cat11,pos40,211992,ours-guard,64,3,32,0.9656,0.7812,0.00060,0.299,0.378,0.476,0.300,1117.3,0.0,1774.0,81.7,4.0,5.0,0.0,0.0,557.2,0.0,0.00,pathseer:32
beir500k-rq1,pos40_cat11,pos40,211992,ours-guard,128,1,32,0.9844,0.8750,0.00023,0.501,0.631,1.126,0.522,1909.5,0.0,3177.4,167.4,6.0,9.0,0.0,0.0,1095.8,0.0,0.00,pathseer:32
beir500k-rq1,pos40_cat11,pos40,211992,ours-guard,128,2,32,0.9844,0.8750,0.00023,0.501,0.665,1.092,0.528,1909.5,0.0,3177.4,167.4,6.0,9.0,0.0,0.0,1095.8,0.0,0.00,pathseer:32
beir500k-rq1,pos40_cat11,pos40,211992,ours-guard,128,3,32,0.9844,0.8750,0.00023,0.486,0.640,1.097,0.510,1909.5,0.0,3177.4,167.4,6.0,9.0,0.0,0.0,1095.8,0.0,0.00,pathseer:32
beir500k-rq1,pos40_cat11,pos40,211992,ours-guard,256,1,32,0.9906,0.9062,0.00012,0.970,1.304,2.254,1.014,3259.0,0.0,5681.8,344.1,11.0,18.0,0.0,0.0,2121.3,0.0,0.00,pathseer:32
beir500k-rq1,pos40_cat11,pos40,211992,ours-guard,256,2,32,0.9906,0.9062,0.00012,0.983,1.376,2.260,1.045,3259.0,0.0,5681.8,344.1,11.0,18.0,0.0,0.0,2121.3,0.0,0.00,pathseer:32
beir500k-rq1,pos40_cat11,pos40,211992,ours-guard,256,3,32,0.9906,0.9062,0.00012,1.039,1.380,2.338,1.069,3259.0,0.0,5681.8,344.1,11.0,18.0,0.0,0.0,2121.3,0.0,0.00,pathseer:32
beir500k-rq1,pos40_cat11,pos40,211992,ours-guard,512,1,32,0.9969,0.9688,0.00005,1.810,2.821,5.200,1.992,5576.9,0.0,10216.5,741.4,23.0,43.0,0.0,0.0,4118.8,0.0,0.00,pathseer:32
beir500k-rq1,pos40_cat11,pos40,211992,ours-guard,512,2,32,0.9969,0.9688,0.00005,1.807,2.927,5.130,2.020,5576.9,0.0,10216.5,741.4,23.0,43.0,0.0,0.0,4118.8,0.0,0.00,pathseer:32
beir500k-rq1,pos40_cat11,pos40,211992,ours-guard,512,3,32,0.9969,0.9688,0.00005,1.795,2.747,4.993,2.006,5576.9,0.0,10216.5,741.4,23.0,43.0,0.0,0.0,4118.8,0.0,0.00,pathseer:32
beir500k-rq1,pos40_cat12,pos40,216862,sweeping,64,1,66,0.9864,0.8788,0.00010,0.369,3.890,5.979,0.846,1428.9,0.0,216.8,70.5,3.0,3.0,0.0,0.0,0.0,0.0,0.00,sweeping:66
beir500k-rq1,pos40_cat12,pos40,216862,sweeping,64,2,66,0.9864,0.8788,0.00010,0.319,0.444,0.465,0.328,1428.9,0.0,216.8,70.5,3.0,3.0,0.0,0.0,0.0,0.0,0.00,sweeping:66
beir500k-rq1,pos40_cat12,pos40,216862,sweeping,64,3,66,0.9864,0.8788,0.00010,0.298,0.414,0.485,0.319,1428.9,0.0,216.8,70.5,3.0,3.0,0.0,0.0,0.0,0.0,0.00,sweeping:66
beir500k-rq1,pos40_cat12,pos40,216862,sweeping,128,1,66,1.0000,1.0000,0.00000,0.526,0.707,0.835,0.554,2492.9,0.0,373.9,139.1,5.0,6.0,0.0,0.0,0.0,0.0,0.00,sweeping:66
beir500k-rq1,pos40_cat12,pos40,216862,sweeping,128,2,66,1.0000,1.0000,0.00000,0.524,0.725,0.812,0.548,2492.9,0.0,373.9,139.1,5.0,6.0,0.0,0.0,0.0,0.0,0.00,sweeping:66
beir500k-rq1,pos40_cat12,pos40,216862,sweeping,128,3,66,1.0000,1.0000,0.00000,0.520,0.775,0.820,0.554,2492.9,0.0,373.9,139.1,5.0,6.0,0.0,0.0,0.0,0.0,0.00,sweeping:66
beir500k-rq1,pos40_cat12,pos40,216862,sweeping,256,1,66,1.0000,1.0000,0.00000,1.026,1.386,1.868,1.070,4353.2,0.0,671.4,278.8,11.0,11.0,0.0,0.0,0.0,0.0,0.00,sweeping:66
beir500k-rq1,pos40_cat12,pos40,216862,sweeping,256,2,66,1.0000,1.0000,0.00000,1.089,1.614,1.796,1.146,4353.2,0.0,671.4,278.8,11.0,11.0,0.0,0.0,0.0,0.0,0.00,sweeping:66
beir500k-rq1,pos40_cat12,pos40,216862,sweeping,256,3,66,1.0000,1.0000,0.00000,0.987,1.429,1.817,1.043,4353.2,0.0,671.4,278.8,11.0,11.0,0.0,0.0,0.0,0.0,0.00,sweeping:66
beir500k-rq1,pos40_cat12,pos40,216862,sweeping,512,1,66,1.0000,1.0000,0.00000,1.801,2.481,3.272,1.895,7505.2,0.0,1238.9,561.0,23.0,25.0,0.0,0.0,0.0,0.0,0.00,sweeping:66
beir500k-rq1,pos40_cat12,pos40,216862,sweeping,512,2,66,1.0000,1.0000,0.00000,1.787,2.471,3.222,1.878,7505.2,0.0,1238.9,561.0,23.0,25.0,0.0,0.0,0.0,0.0,0.00,sweeping:66
beir500k-rq1,pos40_cat12,pos40,216862,sweeping,512,3,66,1.0000,1.0000,0.00000,1.789,2.398,3.293,1.871,7505.2,0.0,1238.9,561.0,23.0,25.0,0.0,0.0,0.0,0.0,0.00,sweeping:66
beir500k-rq1,pos40_cat12,pos40,216862,pathseer,64,1,66,0.9864,0.8788,0.00010,0.318,0.385,0.405,0.322,1389.9,0.0,442.6,68.8,2.0,2.0,71.8,55.8,50.2,1.1,0.00,pathseer:66
beir500k-rq1,pos40_cat12,pos40,216862,pathseer,64,2,66,0.9864,0.8788,0.00010,0.308,0.356,0.395,0.309,1389.9,0.0,442.6,68.8,2.0,2.0,71.8,55.8,50.2,1.1,0.00,pathseer:66
beir500k-rq1,pos40_cat12,pos40,216862,pathseer,64,3,66,0.9864,0.8788,0.00010,0.299,0.366,0.465,0.312,1389.9,0.0,442.6,68.8,2.0,2.0,71.8,55.8,50.2,1.1,0.00,pathseer:66
beir500k-rq1,pos40_cat12,pos40,216862,pathseer,128,1,66,1.0000,1.0000,0.00000,0.571,0.684,0.734,0.574,2403.4,0.0,804.4,135.0,3.0,3.0,140.6,105.8,89.5,2.2,0.00,pathseer:66
beir500k-rq1,pos40_cat12,pos40,216862,pathseer,128,2,66,1.0000,1.0000,0.00000,0.613,0.748,0.779,0.620,2403.4,0.0,804.4,135.0,3.0,3.0,140.6,105.8,89.5,2.2,0.00,pathseer:66
beir500k-rq1,pos40_cat12,pos40,216862,pathseer,128,3,66,1.0000,1.0000,0.00000,0.580,0.698,0.731,0.582,2403.4,0.0,804.4,135.0,3.0,3.0,140.6,105.8,89.5,2.2,0.00,pathseer:66
beir500k-rq1,pos40_cat12,pos40,216862,pathseer,256,1,66,1.0000,1.0000,0.00000,1.012,1.195,1.305,1.014,4114.8,0.0,1473.6,269.3,5.0,5.0,234.7,177.3,182.3,3.7,0.00,pathseer:66
beir500k-rq1,pos40_cat12,pos40,216862,pathseer,256,2,66,1.0000,1.0000,0.00000,1.027,1.217,1.297,1.035,4114.8,0.0,1473.6,269.3,5.0,5.0,234.7,177.3,182.3,3.7,0.00,pathseer:66
beir500k-rq1,pos40_cat12,pos40,216862,pathseer,256,3,66,1.0000,1.0000,0.00000,0.995,1.232,1.393,1.013,4114.8,0.0,1473.6,269.3,5.0,5.0,234.7,177.3,182.3,3.7,0.00,pathseer:66
beir500k-rq1,pos40_cat12,pos40,216862,pathseer,512,1,66,1.0000,1.0000,0.00000,1.821,2.224,2.475,1.846,6973.0,0.0,2804.7,540.0,8.0,8.0,472.2,351.2,365.8,7.4,0.00,pathseer:66
beir500k-rq1,pos40_cat12,pos40,216862,pathseer,512,2,66,1.0000,1.0000,0.00000,1.823,2.345,2.425,1.853,6973.0,0.0,2804.7,540.0,8.0,8.0,472.2,351.2,365.8,7.4,0.00,pathseer:66
beir500k-rq1,pos40_cat12,pos40,216862,pathseer,512,3,66,1.0000,1.0000,0.00000,1.812,2.319,2.407,1.852,6973.0,0.0,2804.7,540.0,8.0,8.0,472.2,351.2,365.8,7.4,0.00,pathseer:66
beir500k-rq1,pos40_cat12,pos40,216862,ours-no-twohop,64,1,66,0.9864,0.8788,0.00010,0.300,0.379,0.402,0.302,1348.5,0.0,343.8,69.0,3.0,3.0,0.0,0.0,49.5,0.0,0.00,pathseer:66
beir500k-rq1,pos40_cat12,pos40,216862,ours-no-twohop,64,2,66,0.9864,0.8788,0.00010,0.298,0.359,0.439,0.301,1348.5,0.0,343.8,69.0,3.0,3.0,0.0,0.0,49.5,0.0,0.00,pathseer:66
beir500k-rq1,pos40_cat12,pos40,216862,ours-no-twohop,64,3,66,0.9864,0.8788,0.00010,0.300,0.349,0.376,0.300,1348.5,0.0,343.8,69.0,3.0,3.0,0.0,0.0,49.5,0.0,0.00,pathseer:66
beir500k-rq1,pos40_cat12,pos40,216862,ours-no-twohop,128,1,66,1.0000,1.0000,0.00000,0.557,0.674,0.784,0.565,2333.8,0.0,615.4,135.4,5.0,6.0,0.0,0.0,91.4,0.0,0.00,pathseer:66
beir500k-rq1,pos40_cat12,pos40,216862,ours-no-twohop,128,2,66,1.0000,1.0000,0.00000,0.581,0.739,0.802,0.594,2333.8,0.0,615.4,135.4,5.0,6.0,0.0,0.0,91.4,0.0,0.00,pathseer:66
beir500k-rq1,pos40_cat12,pos40,216862,ours-no-twohop,128,3,66,1.0000,1.0000,0.00000,0.553,0.682,0.720,0.554,2333.8,0.0,615.4,135.4,5.0,6.0,0.0,0.0,91.4,0.0,0.00,pathseer:66
beir500k-rq1,pos40_cat12,pos40,216862,ours-no-twohop,256,1,66,1.0000,1.0000,0.00000,0.968,1.162,1.353,0.973,4030.8,0.0,1179.9,271.3,11.0,11.0,0.0,0.0,198.8,0.0,0.00,pathseer:66
beir500k-rq1,pos40_cat12,pos40,216862,ours-no-twohop,256,2,66,1.0000,1.0000,0.00000,1.192,1.564,1.726,1.198,4030.8,0.0,1179.9,271.3,11.0,11.0,0.0,0.0,198.8,0.0,0.00,pathseer:66
beir500k-rq1,pos40_cat12,pos40,216862,ours-no-twohop,256,3,66,1.0000,1.0000,0.00000,0.970,1.195,1.386,0.974,4030.8,0.0,1179.9,271.3,11.0,11.0,0.0,0.0,198.8,0.0,0.00,pathseer:66
beir500k-rq1,pos40_cat12,pos40,216862,ours-no-twohop,512,1,66,1.0000,1.0000,0.00000,1.779,2.199,2.532,1.815,6852.8,0.0,2243.7,543.4,23.0,25.0,0.0,0.0,392.6,0.0,0.00,pathseer:66
beir500k-rq1,pos40_cat12,pos40,216862,ours-no-twohop,512,2,66,1.0000,1.0000,0.00000,1.797,2.417,2.445,1.839,6852.8,0.0,2243.7,543.4,23.0,25.0,0.0,0.0,392.6,0.0,0.00,pathseer:66
beir500k-rq1,pos40_cat12,pos40,216862,ours-no-twohop,512,3,66,1.0000,1.0000,0.00000,1.757,2.253,2.449,1.810,6852.8,0.0,2243.7,543.4,23.0,25.0,0.0,0.0,392.6,0.0,0.00,pathseer:66
beir500k-rq1,pos40_cat12,pos40,216862,ours-guard,64,1,66,0.9833,0.8788,0.00016,0.326,0.376,0.416,0.326,1246.7,0.0,1474.7,67.0,3.0,3.0,0.0,0.0,112.9,0.0,0.00,pathseer:66
beir500k-rq1,pos40_cat12,pos40,216862,ours-guard,64,2,66,0.9833,0.8788,0.00016,0.327,0.386,0.410,0.326,1246.7,0.0,1474.7,67.0,3.0,3.0,0.0,0.0,112.9,0.0,0.00,pathseer:66
beir500k-rq1,pos40_cat12,pos40,216862,ours-guard,64,3,66,0.9833,0.8788,0.00016,0.337,0.391,0.402,0.336,1246.7,0.0,1474.7,67.0,3.0,3.0,0.0,0.0,112.9,0.0,0.00,pathseer:66
beir500k-rq1,pos40_cat12,pos40,216862,ours-guard,128,1,66,1.0000,1.0000,0.00000,0.553,0.646,0.679,0.558,2151.9,0.0,2564.6,132.4,5.0,6.0,0.0,0.0,218.0,0.0,0.00,pathseer:66
beir500k-rq1,pos40_cat12,pos40,216862,ours-guard,128,2,66,1.0000,1.0000,0.00000,0.548,0.654,0.665,0.553,2151.9,0.0,2564.6,132.4,5.0,6.0,0.0,0.0,218.0,0.0,0.00,pathseer:66
beir500k-rq1,pos40_cat12,pos40,216862,ours-guard,128,3,66,1.0000,1.0000,0.00000,0.568,0.662,0.686,0.565,2151.9,0.0,2564.6,132.4,5.0,6.0,0.0,0.0,218.0,0.0,0.00,pathseer:66
beir500k-rq1,pos40_cat12,pos40,216862,ours-guard,256,1,66,1.0000,1.0000,0.00000,0.994,1.195,1.259,0.994,3698.5,0.0,4449.2,264.9,11.0,11.0,0.0,0.0,419.6,0.0,0.00,pathseer:66
beir500k-rq1,pos40_cat12,pos40,216862,ours-guard,256,2,66,1.0000,1.0000,0.00000,1.015,1.199,1.228,1.017,3698.5,0.0,4449.2,264.9,11.0,11.0,0.0,0.0,419.6,0.0,0.00,pathseer:66
beir500k-rq1,pos40_cat12,pos40,216862,ours-guard,256,3,66,1.0000,1.0000,0.00000,0.981,1.154,1.214,0.988,3698.5,0.0,4449.2,264.9,11.0,11.0,0.0,0.0,419.6,0.0,0.00,pathseer:66
beir500k-rq1,pos40_cat12,pos40,216862,ours-guard,512,1,66,1.0000,1.0000,0.00000,1.796,2.145,2.344,1.796,6261.5,0.0,7641.7,531.5,23.0,25.0,0.0,0.0,807.7,0.0,0.00,pathseer:66
beir500k-rq1,pos40_cat12,pos40,216862,ours-guard,512,2,66,1.0000,1.0000,0.00000,1.806,2.159,2.279,1.806,6261.5,0.0,7641.7,531.5,23.0,25.0,0.0,0.0,807.7,0.0,0.00,pathseer:66
beir500k-rq1,pos40_cat12,pos40,216862,ours-guard,512,3,66,1.0000,1.0000,0.00000,1.782,2.174,2.281,1.798,6261.5,0.0,7641.7,531.5,23.0,25.0,0.0,0.0,807.7,0.0,0.00,pathseer:66
beir500k-rq1,pos40_cat13,pos40,200600,sweeping,64,1,54,0.9796,0.8333,0.00024,0.371,0.476,0.899,0.396,1703.6,0.0,266.8,79.6,4.0,4.0,0.0,0.0,0.0,0.0,0.00,sweeping:54
beir500k-rq1,pos40_cat13,pos40,200600,sweeping,64,2,54,0.9796,0.8333,0.00024,0.373,0.538,1.033,0.411,1703.6,0.0,266.8,79.6,4.0,4.0,0.0,0.0,0.0,0.0,0.00,sweeping:54
beir500k-rq1,pos40_cat13,pos40,200600,sweeping,64,3,54,0.9796,0.8333,0.00024,0.400,0.535,0.925,0.422,1703.6,0.0,266.8,79.6,4.0,4.0,0.0,0.0,0.0,0.0,0.00,sweeping:54
beir500k-rq1,pos40_cat13,pos40,200600,sweeping,128,1,54,0.9833,0.8519,0.00018,0.632,0.879,1.503,0.670,2928.1,0.0,456.0,153.1,6.0,6.0,0.0,0.0,0.0,0.0,0.00,sweeping:54
beir500k-rq1,pos40_cat13,pos40,200600,sweeping,128,2,54,0.9833,0.8519,0.00018,0.637,0.877,1.460,0.663,2928.1,0.0,456.0,153.1,6.0,6.0,0.0,0.0,0.0,0.0,0.00,sweeping:54
beir500k-rq1,pos40_cat13,pos40,200600,sweeping,128,3,54,0.9833,0.8519,0.00018,0.658,0.874,1.423,0.674,2928.1,0.0,456.0,153.1,6.0,6.0,0.0,0.0,0.0,0.0,0.00,sweeping:54
beir500k-rq1,pos40_cat13,pos40,200600,sweeping,256,1,54,0.9963,0.9630,0.00003,1.081,1.624,2.509,1.174,5078.2,0.0,808.6,301.4,10.0,12.0,0.0,0.0,0.0,0.0,0.00,sweeping:54
beir500k-rq1,pos40_cat13,pos40,200600,sweeping,256,2,54,0.9963,0.9630,0.00003,1.196,1.746,2.925,1.251,5078.2,0.0,808.6,301.4,10.0,12.0,0.0,0.0,0.0,0.0,0.00,sweeping:54
beir500k-rq1,pos40_cat13,pos40,200600,sweeping,256,3,54,0.9963,0.9630,0.00003,1.204,1.744,2.536,1.280,5078.2,0.0,808.6,301.4,10.0,12.0,0.0,0.0,0.0,0.0,0.00,sweeping:54
beir500k-rq1,pos40_cat13,pos40,200600,sweeping,512,1,54,1.0000,1.0000,0.00000,1.989,2.923,4.390,2.179,8744.7,0.0,1450.4,602.6,22.0,25.0,0.0,0.0,0.0,0.0,0.00,sweeping:54
beir500k-rq1,pos40_cat13,pos40,200600,sweeping,512,2,54,1.0000,1.0000,0.00000,2.018,2.940,4.592,2.190,8744.7,0.0,1450.4,602.6,22.0,25.0,0.0,0.0,0.0,0.0,0.00,sweeping:54
beir500k-rq1,pos40_cat13,pos40,200600,sweeping,512,3,54,1.0000,1.0000,0.00000,2.054,2.906,4.513,2.177,8744.7,0.0,1450.4,602.6,22.0,25.0,0.0,0.0,0.0,0.0,0.00,sweeping:54
beir500k-rq1,pos40_cat13,pos40,200600,pathseer,64,1,54,0.9796,0.8333,0.00024,0.392,0.493,0.532,0.399,1534.8,0.0,554.4,72.9,2.0,2.0,78.2,56.8,96.6,1.2,0.00,pathseer:54
beir500k-rq1,pos40_cat13,pos40,200600,pathseer,64,2,54,0.9796,0.8333,0.00024,0.393,0.496,0.559,0.404,1534.8,0.0,554.4,72.9,2.0,2.0,78.2,56.8,96.6,1.2,0.00,pathseer:54
beir500k-rq1,pos40_cat13,pos40,200600,pathseer,64,3,54,0.9796,0.8333,0.00024,0.348,0.417,0.466,0.352,1534.8,0.0,554.4,72.9,2.0,2.0,78.2,56.8,96.6,1.2,0.00,pathseer:54
beir500k-rq1,pos40_cat13,pos40,200600,pathseer,128,1,54,0.9833,0.8519,0.00018,0.618,0.760,0.815,0.621,2617.5,0.0,969.3,140.6,3.0,3.0,141.0,97.4,163.1,2.2,0.00,pathseer:54
beir500k-rq1,pos40_cat13,pos40,200600,pathseer,128,2,54,0.9833,0.8519,0.00018,0.641,0.857,1.019,0.662,2617.5,0.0,969.3,140.6,3.0,3.0,141.0,97.4,163.1,2.2,0.00,pathseer:54
beir500k-rq1,pos40_cat13,pos40,200600,pathseer,128,3,54,0.9833,0.8519,0.00018,0.648,0.797,0.829,0.648,2617.5,0.0,969.3,140.6,3.0,3.0,141.0,97.4,163.1,2.2,0.00,pathseer:54
beir500k-rq1,pos40_cat13,pos40,200600,pathseer,256,1,54,0.9963,0.9630,0.00003,1.111,1.452,1.512,1.116,4503.3,0.0,1782.0,279.1,5.0,5.0,260.7,180.8,319.7,4.1,0.00,pathseer:54
beir500k-rq1,pos40_cat13,pos40,200600,pathseer,256,2,54,0.9963,0.9630,0.00003,1.135,1.389,1.577,1.119,4503.3,0.0,1782.0,279.1,5.0,5.0,260.7,180.8,319.7,4.1,0.00,pathseer:54
beir500k-rq1,pos40_cat13,pos40,200600,pathseer,256,3,54,0.9963,0.9630,0.00003,1.117,1.478,1.612,1.135,4503.3,0.0,1782.0,279.1,5.0,5.0,260.7,180.8,319.7,4.1,0.00,pathseer:54
beir500k-rq1,pos40_cat13,pos40,200600,pathseer,512,1,54,1.0000,1.0000,0.00000,2.030,2.584,3.004,2.062,7624.9,0.0,3315.9,557.2,9.0,9.0,499.0,341.6,624.1,7.8,0.00,pathseer:54
beir500k-rq1,pos40_cat13,pos40,200600,pathseer,512,2,54,1.0000,1.0000,0.00000,2.036,2.643,2.829,2.068,7624.9,0.0,3315.9,557.2,9.0,9.0,499.0,341.6,624.1,7.8,0.00,pathseer:54
beir500k-rq1,pos40_cat13,pos40,200600,pathseer,512,3,54,1.0000,1.0000,0.00000,2.082,2.635,2.859,2.083,7624.9,0.0,3315.9,557.2,9.0,9.0,499.0,341.6,624.1,7.8,0.00,pathseer:54
beir500k-rq1,pos40_cat13,pos40,200600,ours-no-twohop,64,1,54,0.9796,0.8333,0.00024,0.330,0.387,0.401,0.327,1493.5,0.0,448.6,73.1,4.0,4.0,0.0,0.0,95.6,0.0,0.00,pathseer:54
beir500k-rq1,pos40_cat13,pos40,200600,ours-no-twohop,64,2,54,0.9796,0.8333,0.00024,0.316,0.398,0.410,0.319,1493.5,0.0,448.6,73.1,4.0,4.0,0.0,0.0,95.6,0.0,0.00,pathseer:54
beir500k-rq1,pos40_cat13,pos40,200600,ours-no-twohop,64,3,54,0.9796,0.8333,0.00024,0.328,0.390,0.423,0.326,1493.5,0.0,448.6,73.1,4.0,4.0,0.0,0.0,95.6,0.0,0.00,pathseer:54
beir500k-rq1,pos40_cat13,pos40,200600,ours-no-twohop,128,1,54,0.9833,0.8519,0.00018,0.629,0.824,1.007,0.633,2570.0,0.0,802.5,142.2,6.0,6.0,0.0,0.0,171.9,0.0,0.00,pathseer:54
beir500k-rq1,pos40_cat13,pos40,200600,ours-no-twohop,128,2,54,0.9833,0.8519,0.00018,0.685,0.919,1.038,0.696,2570.0,0.0,802.5,142.2,6.0,6.0,0.0,0.0,171.9,0.0,0.00,pathseer:54
beir500k-rq1,pos40_cat13,pos40,200600,ours-no-twohop,128,3,54,0.9833,0.8519,0.00018,0.635,0.811,0.894,0.626,2570.0,0.0,802.5,142.2,6.0,6.0,0.0,0.0,171.9,0.0,0.00,pathseer:54
beir500k-rq1,pos40_cat13,pos40,200600,ours-no-twohop,256,1,54,0.9963,0.9630,0.00003,1.124,1.441,1.639,1.129,4432.5,0.0,1470.6,281.2,10.0,12.0,0.0,0.0,328.9,0.0,0.00,pathseer:54
beir500k-rq1,pos40_cat13,pos40,200600,ours-no-twohop,256,2,54,0.9963,0.9630,0.00003,1.067,1.402,1.699,1.104,4432.5,0.0,1470.6,281.2,10.0,12.0,0.0,0.0,328.9,0.0,0.00,pathseer:54
beir500k-rq1,pos40_cat13,pos40,200600,ours-no-twohop,256,3,54,0.9963,0.9630,0.00003,1.068,1.376,1.631,1.077,4432.5,0.0,1470.6,281.2,10.0,12.0,0.0,0.0,328.9,0.0,0.00,pathseer:54
beir500k-rq1,pos40_cat13,pos40,200600,ours-no-twohop,512,1,54,1.0000,1.0000,0.00000,2.034,2.580,2.931,2.031,7533.4,0.0,2778.8,564.4,22.0,25.0,0.0,0.0,669.6,0.0,0.00,pathseer:54
beir500k-rq1,pos40_cat13,pos40,200600,ours-no-twohop,512,2,54,1.0000,1.0000,0.00000,1.980,2.601,3.010,1.997,7533.4,0.0,2778.8,564.4,22.0,25.0,0.0,0.0,669.6,0.0,0.00,pathseer:54
beir500k-rq1,pos40_cat13,pos40,200600,ours-no-twohop,512,3,54,1.0000,1.0000,0.00000,1.896,2.480,3.027,1.962,7533.4,0.0,2778.8,564.4,22.0,25.0,0.0,0.0,669.6,0.0,0.00,pathseer:54
beir500k-rq1,pos40_cat13,pos40,200600,ours-guard,64,1,54,0.9759,0.7963,0.00047,0.324,0.399,0.418,0.328,1325.5,0.0,1634.6,68.6,4.0,4.0,0.0,0.0,175.1,0.0,0.00,pathseer:54
beir500k-rq1,pos40_cat13,pos40,200600,ours-guard,64,2,54,0.9759,0.7963,0.00047,0.344,0.399,0.406,0.336,1325.5,0.0,1634.6,68.6,4.0,4.0,0.0,0.0,175.1,0.0,0.00,pathseer:54
beir500k-rq1,pos40_cat13,pos40,200600,ours-guard,64,3,54,0.9759,0.7963,0.00047,0.336,0.392,0.404,0.335,1325.5,0.0,1634.6,68.6,4.0,4.0,0.0,0.0,175.1,0.0,0.00,pathseer:54
beir500k-rq1,pos40_cat13,pos40,200600,ours-guard,128,1,54,0.9833,0.8519,0.00018,0.597,0.710,0.818,0.588,2269.7,0.0,2834.8,135.4,6.0,6.0,0.0,0.0,341.2,0.0,0.00,pathseer:54
beir500k-rq1,pos40_cat13,pos40,200600,ours-guard,128,2,54,0.9833,0.8519,0.00018,0.594,0.705,0.801,0.583,2269.7,0.0,2834.8,135.4,6.0,6.0,0.0,0.0,341.2,0.0,0.00,pathseer:54
beir500k-rq1,pos40_cat13,pos40,200600,ours-guard,128,3,54,0.9833,0.8519,0.00018,0.589,0.711,0.793,0.582,2269.7,0.0,2834.8,135.4,6.0,6.0,0.0,0.0,341.2,0.0,0.00,pathseer:54
beir500k-rq1,pos40_cat13,pos40,200600,ours-guard,256,1,54,0.9926,0.9259,0.00006,1.128,1.367,1.563,1.129,3877.4,0.0,4906.0,268.1,10.0,12.0,0.0,0.0,645.2,0.0,0.00,pathseer:54
beir500k-rq1,pos40_cat13,pos40,200600,ours-guard,256,2,54,0.9926,0.9259,0.00006,1.106,1.292,1.537,1.087,3877.4,0.0,4906.0,268.1,10.0,12.0,0.0,0.0,645.2,0.0,0.00,pathseer:54
beir500k-rq1,pos40_cat13,pos40,200600,ours-guard,256,3,54,0.9926,0.9259,0.00006,1.066,1.320,1.555,1.071,3877.4,0.0,4906.0,268.1,10.0,12.0,0.0,0.0,645.2,0.0,0.00,pathseer:54
beir500k-rq1,pos40_cat13,pos40,200600,ours-guard,512,1,54,1.0000,1.0000,0.00000,1.891,2.376,2.862,1.958,6537.3,0.0,8497.3,542.7,22.0,25.0,0.0,0.0,1314.0,0.0,0.00,pathseer:54
beir500k-rq1,pos40_cat13,pos40,200600,ours-guard,512,2,54,1.0000,1.0000,0.00000,1.915,2.332,2.874,1.917,6537.3,0.0,8497.3,542.7,22.0,25.0,0.0,0.0,1314.0,0.0,0.00,pathseer:54
beir500k-rq1,pos40_cat13,pos40,200600,ours-guard,512,3,54,1.0000,1.0000,0.00000,1.919,2.469,3.058,1.943,6537.3,0.0,8497.3,542.7,22.0,25.0,0.0,0.0,1314.0,0.0,0.00,pathseer:54
beir500k-rq1,pos40_cat14,pos40,225031,sweeping,64,1,6,1.0000,1.0000,0.00000,0.264,0.697,0.697,0.328,1929.0,0.0,523.5,92.2,4.0,4.0,0.0,0.0,0.0,0.0,0.00,sweeping:6
beir500k-rq1,pos40_cat14,pos40,225031,sweeping,64,2,6,1.0000,1.0000,0.00000,0.264,0.714,0.714,0.325,1929.0,0.0,523.5,92.2,4.0,4.0,0.0,0.0,0.0,0.0,0.00,sweeping:6
beir500k-rq1,pos40_cat14,pos40,225031,sweeping,64,3,6,1.0000,1.0000,0.00000,0.261,0.661,0.661,0.321,1929.0,0.0,523.5,92.2,4.0,4.0,0.0,0.0,0.0,0.0,0.00,sweeping:6
beir500k-rq1,pos40_cat14,pos40,225031,sweeping,128,1,6,1.0000,1.0000,0.00000,0.467,0.987,0.987,0.560,2958.3,0.0,773.5,162.5,6.0,8.0,0.0,0.0,0.0,0.0,0.00,sweeping:6
beir500k-rq1,pos40_cat14,pos40,225031,sweeping,128,2,6,1.0000,1.0000,0.00000,0.539,0.944,0.944,0.566,2958.3,0.0,773.5,162.5,6.0,8.0,0.0,0.0,0.0,0.0,0.00,sweeping:6
beir500k-rq1,pos40_cat14,pos40,225031,sweeping,128,3,6,1.0000,1.0000,0.00000,0.510,0.956,0.956,0.557,2958.3,0.0,773.5,162.5,6.0,8.0,0.0,0.0,0.0,0.0,0.00,sweeping:6
beir500k-rq1,pos40_cat14,pos40,225031,sweeping,256,1,6,1.0000,1.0000,0.00000,0.921,1.469,1.469,0.962,4651.3,0.0,1139.0,307.2,12.0,13.0,0.0,0.0,0.0,0.0,0.00,sweeping:6
beir500k-rq1,pos40_cat14,pos40,225031,sweeping,256,2,6,1.0000,1.0000,0.00000,0.940,1.411,1.411,0.955,4651.3,0.0,1139.0,307.2,12.0,13.0,0.0,0.0,0.0,0.0,0.00,sweeping:6
beir500k-rq1,pos40_cat14,pos40,225031,sweeping,256,3,6,1.0000,1.0000,0.00000,0.916,1.380,1.380,0.905,4651.3,0.0,1139.0,307.2,12.0,13.0,0.0,0.0,0.0,0.0,0.00,sweeping:6
beir500k-rq1,pos40_cat14,pos40,225031,sweeping,512,1,6,1.0000,1.0000,0.00000,1.691,2.063,2.063,1.677,7419.7,0.0,1728.5,597.8,22.0,32.0,0.0,0.0,0.0,0.0,0.00,sweeping:6
beir500k-rq1,pos40_cat14,pos40,225031,sweeping,512,2,6,1.0000,1.0000,0.00000,1.607,2.199,2.199,1.640,7419.7,0.0,1728.5,597.8,22.0,32.0,0.0,0.0,0.0,0.0,0.00,sweeping:6
beir500k-rq1,pos40_cat14,pos40,225031,sweeping,512,3,6,1.0000,1.0000,0.00000,1.764,2.199,2.199,1.711,7419.7,0.0,1728.5,597.8,22.0,32.0,0.0,0.0,0.0,0.0,0.00,sweeping:6
beir500k-rq1,pos40_cat14,pos40,225031,pathseer,64,1,6,1.0000,1.0000,0.00000,0.323,0.441,0.441,0.323,1504.2,0.0,706.5,77.8,3.0,3.0,96.0,60.3,150.3,1.5,0.00,pathseer:6
beir500k-rq1,pos40_cat14,pos40,225031,pathseer,64,2,6,1.0000,1.0000,0.00000,0.254,0.412,0.412,0.268,1504.2,0.0,706.5,77.8,3.0,3.0,96.0,60.3,150.3,1.5,0.00,pathseer:6
beir500k-rq1,pos40_cat14,pos40,225031,pathseer,64,3,6,1.0000,1.0000,0.00000,0.241,0.437,0.437,0.268,1504.2,0.0,706.5,77.8,3.0,3.0,96.0,60.3,150.3,1.5,0.00,pathseer:6
beir500k-rq1,pos40_cat14,pos40,225031,pathseer,128,1,6,1.0000,1.0000,0.00000,0.480,0.811,0.811,0.507,2627.3,0.0,1247.3,153.7,3.0,3.0,149.3,81.8,203.3,2.3,0.00,pathseer:6
beir500k-rq1,pos40_cat14,pos40,225031,pathseer,128,2,6,1.0000,1.0000,0.00000,0.518,0.873,0.873,0.551,2627.3,0.0,1247.3,153.7,3.0,3.0,149.3,81.8,203.3,2.3,0.00,pathseer:6
beir500k-rq1,pos40_cat14,pos40,225031,pathseer,128,3,6,1.0000,1.0000,0.00000,0.527,0.754,0.754,0.517,2627.3,0.0,1247.3,153.7,3.0,3.0,149.3,81.8,203.3,2.3,0.00,pathseer:6
beir500k-rq1,pos40_cat14,pos40,225031,pathseer,256,1,6,0.8333,0.8333,0.04908,0.885,1.661,1.661,0.934,4489.0,0.0,2030.0,292.7,5.0,5.0,277.3,154.2,201.5,4.3,0.00,pathseer:6
beir500k-rq1,pos40_cat14,pos40,225031,pathseer,256,2,6,0.8333,0.8333,0.04908,0.908,1.540,1.540,0.989,4489.0,0.0,2030.0,292.7,5.0,5.0,277.3,154.2,201.5,4.3,0.00,pathseer:6
beir500k-rq1,pos40_cat14,pos40,225031,pathseer,256,3,6,0.8333,0.8333,0.04908,0.967,1.558,1.558,0.970,4489.0,0.0,2030.0,292.7,5.0,5.0,277.3,154.2,201.5,4.3,0.00,pathseer:6
beir500k-rq1,pos40_cat14,pos40,225031,pathseer,512,1,6,1.0000,1.0000,0.00000,1.772,2.289,2.289,1.678,6823.5,0.0,3468.5,571.5,9.0,9.0,544.0,293.2,375.2,8.5,0.00,pathseer:6
beir500k-rq1,pos40_cat14,pos40,225031,pathseer,512,2,6,1.0000,1.0000,0.00000,1.931,2.111,2.111,1.742,6823.5,0.0,3468.5,571.5,9.0,9.0,544.0,293.2,375.2,8.5,0.00,pathseer:6
beir500k-rq1,pos40_cat14,pos40,225031,pathseer,512,3,6,1.0000,1.0000,0.00000,1.906,2.625,2.625,1.965,6823.5,0.0,3468.5,571.5,9.0,9.0,544.0,293.2,375.2,8.5,0.00,pathseer:6
beir500k-rq1,pos40_cat14,pos40,225031,ours-no-twohop,64,1,6,1.0000,1.0000,0.00000,0.325,0.443,0.443,0.320,1506.8,0.0,661.2,81.3,4.0,4.0,0.0,0.0,181.2,0.0,0.00,pathseer:6
beir500k-rq1,pos40_cat14,pos40,225031,ours-no-twohop,64,2,6,1.0000,1.0000,0.00000,0.308,0.659,0.659,0.347,1506.8,0.0,661.2,81.3,4.0,4.0,0.0,0.0,181.2,0.0,0.00,pathseer:6
beir500k-rq1,pos40_cat14,pos40,225031,ours-no-twohop,64,3,6,1.0000,1.0000,0.00000,0.266,0.465,0.465,0.289,1506.8,0.0,661.2,81.3,4.0,4.0,0.0,0.0,181.2,0.0,0.00,pathseer:6
beir500k-rq1,pos40_cat14,pos40,225031,ours-no-twohop,128,1,6,0.8333,0.8333,0.04945,0.482,0.872,0.872,0.508,2634.0,0.0,1052.7,153.8,6.0,8.0,0.0,0.0,194.8,0.0,0.00,pathseer:6
beir500k-rq1,pos40_cat14,pos40,225031,ours-no-twohop,128,2,6,0.8333,0.8333,0.04945,0.495,0.848,0.848,0.509,2634.0,0.0,1052.7,153.8,6.0,8.0,0.0,0.0,194.8,0.0,0.00,pathseer:6
beir500k-rq1,pos40_cat14,pos40,225031,ours-no-twohop,128,3,6,0.8333,0.8333,0.04945,0.478,0.841,0.841,0.498,2634.0,0.0,1052.7,153.8,6.0,8.0,0.0,0.0,194.8,0.0,0.00,pathseer:6
beir500k-rq1,pos40_cat14,pos40,225031,ours-no-twohop,256,1,6,1.0000,1.0000,0.00000,0.942,1.389,1.389,0.903,4295.8,0.0,1699.8,295.5,12.0,13.0,0.0,0.0,182.5,0.0,0.00,pathseer:6
beir500k-rq1,pos40_cat14,pos40,225031,ours-no-twohop,256,2,6,1.0000,1.0000,0.00000,0.985,1.473,1.473,1.030,4295.8,0.0,1699.8,295.5,12.0,13.0,0.0,0.0,182.5,0.0,0.00,pathseer:6
beir500k-rq1,pos40_cat14,pos40,225031,ours-no-twohop,256,3,6,1.0000,1.0000,0.00000,0.947,1.623,1.623,1.002,4295.8,0.0,1699.8,295.5,12.0,13.0,0.0,0.0,182.5,0.0,0.00,pathseer:6
beir500k-rq1,pos40_cat14,pos40,225031,ours-no-twohop,512,1,6,1.0000,1.0000,0.00000,1.691,2.103,2.103,1.680,6740.2,0.0,2927.2,580.0,22.0,32.0,0.0,0.0,435.3,0.0,0.00,pathseer:6
beir500k-rq1,pos40_cat14,pos40,225031,ours-no-twohop,512,2,6,1.0000,1.0000,0.00000,1.730,2.236,2.236,1.661,6740.2,0.0,2927.2,580.0,22.0,32.0,0.0,0.0,435.3,0.0,0.00,pathseer:6
beir500k-rq1,pos40_cat14,pos40,225031,ours-no-twohop,512,3,6,1.0000,1.0000,0.00000,1.557,1.980,1.980,1.534,6740.2,0.0,2927.2,580.0,22.0,32.0,0.0,0.0,435.3,0.0,0.00,pathseer:6
beir500k-rq1,pos40_cat14,pos40,225031,ours-guard,64,1,6,1.0000,1.0000,0.00000,0.229,0.431,0.431,0.254,1331.2,0.0,1738.8,77.7,4.0,4.0,0.0,0.0,271.7,0.0,0.00,pathseer:6
beir500k-rq1,pos40_cat14,pos40,225031,ours-guard,64,2,6,1.0000,1.0000,0.00000,0.226,0.410,0.410,0.245,1331.2,0.0,1738.8,77.7,4.0,4.0,0.0,0.0,271.7,0.0,0.00,pathseer:6
beir500k-rq1,pos40_cat14,pos40,225031,ours-guard,64,3,6,1.0000,1.0000,0.00000,0.248,0.483,0.483,0.278,1331.2,0.0,1738.8,77.7,4.0,4.0,0.0,0.0,271.7,0.0,0.00,pathseer:6
beir500k-rq1,pos40_cat14,pos40,225031,ours-guard,128,1,6,0.8333,0.8333,0.04945,0.452,0.836,0.836,0.487,2389.0,0.0,2946.7,149.3,6.0,8.0,0.0,0.0,359.3,0.0,0.00,pathseer:6
beir500k-rq1,pos40_cat14,pos40,225031,ours-guard,128,2,6,0.8333,0.8333,0.04945,0.460,0.883,0.883,0.501,2389.0,0.0,2946.7,149.3,6.0,8.0,0.0,0.0,359.3,0.0,0.00,pathseer:6
beir500k-rq1,pos40_cat14,pos40,225031,ours-guard,128,3,6,0.8333,0.8333,0.04945,0.472,0.854,0.854,0.503,2389.0,0.0,2946.7,149.3,6.0,8.0,0.0,0.0,359.3,0.0,0.00,pathseer:6
beir500k-rq1,pos40_cat14,pos40,225031,ours-guard,256,1,6,1.0000,1.0000,0.00000,0.920,1.466,1.466,0.931,3893.7,0.0,4729.8,289.2,12.0,13.0,0.0,0.0,507.7,0.0,0.00,pathseer:6
beir500k-rq1,pos40_cat14,pos40,225031,ours-guard,256,2,6,1.0000,1.0000,0.00000,0.947,1.548,1.548,0.989,3893.7,0.0,4729.8,289.2,12.0,13.0,0.0,0.0,507.7,0.0,0.00,pathseer:6
beir500k-rq1,pos40_cat14,pos40,225031,ours-guard,256,3,6,1.0000,1.0000,0.00000,0.971,1.513,1.513,0.970,3893.7,0.0,4729.8,289.2,12.0,13.0,0.0,0.0,507.7,0.0,0.00,pathseer:6
beir500k-rq1,pos40_cat14,pos40,225031,ours-guard,512,1,6,1.0000,1.0000,0.00000,1.791,2.122,2.122,1.724,6051.5,0.0,7555.3,563.3,22.0,32.0,0.0,0.0,924.5,0.0,0.00,pathseer:6
beir500k-rq1,pos40_cat14,pos40,225031,ours-guard,512,2,6,1.0000,1.0000,0.00000,1.727,2.358,2.358,1.707,6051.5,0.0,7555.3,563.3,22.0,32.0,0.0,0.0,924.5,0.0,0.00,pathseer:6
beir500k-rq1,pos40_cat14,pos40,225031,ours-guard,512,3,6,1.0000,1.0000,0.00000,1.858,2.352,2.352,1.803,6051.5,0.0,7555.3,563.3,22.0,32.0,0.0,0.0,924.5,0.0,0.00,pathseer:6
beir500k-rq1,pos40_cat15,pos40,200325,sweeping,64,1,84,0.9821,0.8929,0.00059,0.387,0.849,1.277,0.504,2241.0,0.0,405.7,130.5,4.0,5.0,0.0,0.0,0.0,0.0,0.00,sweeping:84
beir500k-rq1,pos40_cat15,pos40,200325,sweeping,64,2,84,0.9821,0.8929,0.00059,0.408,0.894,1.293,0.521,2241.0,0.0,405.7,130.5,4.0,5.0,0.0,0.0,0.0,0.0,0.00,sweeping:84
beir500k-rq1,pos40_cat15,pos40,200325,sweeping,64,3,84,0.9821,0.8929,0.00059,0.373,0.846,1.262,0.502,2241.0,0.0,405.7,130.5,4.0,5.0,0.0,0.0,0.0,0.0,0.00,sweeping:84
beir500k-rq1,pos40_cat15,pos40,200325,sweeping,128,1,84,0.9929,0.9405,0.00026,0.725,2.064,2.257,0.962,4077.0,0.0,688.0,258.5,6.0,8.0,0.0,0.0,0.0,0.0,0.00,sweeping:84
beir500k-rq1,pos40_cat15,pos40,200325,sweeping,128,2,84,0.9929,0.9405,0.00026,0.710,1.574,2.188,0.915,4077.0,0.0,688.0,258.5,6.0,8.0,0.0,0.0,0.0,0.0,0.00,sweeping:84
beir500k-rq1,pos40_cat15,pos40,200325,sweeping,128,3,84,0.9929,0.9405,0.00026,0.784,1.793,2.078,1.011,4077.0,0.0,688.0,258.5,6.0,8.0,0.0,0.0,0.0,0.0,0.00,sweeping:84
beir500k-rq1,pos40_cat15,pos40,200325,sweeping,256,1,84,0.9964,0.9643,0.00016,1.376,3.351,4.080,1.713,7635.1,0.0,1264.9,528.4,11.0,17.0,0.0,0.0,0.0,0.0,0.00,sweeping:84
beir500k-rq1,pos40_cat15,pos40,200325,sweeping,256,2,84,0.9964,0.9643,0.00016,1.507,3.475,4.382,1.848,7635.1,0.0,1264.9,528.4,11.0,17.0,0.0,0.0,0.0,0.0,0.00,sweeping:84
beir500k-rq1,pos40_cat15,pos40,200325,sweeping,256,3,84,0.9964,0.9643,0.00016,1.390,3.572,4.118,1.768,7635.1,0.0,1264.9,528.4,11.0,17.0,0.0,0.0,0.0,0.0,0.00,sweeping:84
beir500k-rq1,pos40_cat15,pos40,200325,sweeping,512,1,84,1.0000,1.0000,0.00000,2.882,6.298,9.782,3.387,14340.4,0.0,2436.5,1089.0,25.0,39.0,0.0,0.0,0.0,0.0,0.00,sweeping:84
beir500k-rq1,pos40_cat15,pos40,200325,sweeping,512,2,84,1.0000,1.0000,0.00000,2.946,6.096,9.912,3.414,14340.4,0.0,2436.5,1089.0,25.0,39.0,0.0,0.0,0.0,0.0,0.00,sweeping:84
beir500k-rq1,pos40_cat15,pos40,200325,sweeping,512,3,84,1.0000,1.0000,0.00000,2.976,6.238,9.872,3.442,14340.4,0.0,2436.5,1089.0,25.0,39.0,0.0,0.0,0.0,0.0,0.00,sweeping:84
beir500k-rq1,pos40_cat15,pos40,200325,pathseer,64,1,84,0.9786,0.8571,0.00106,0.352,0.483,0.569,0.363,1459.4,0.0,913.7,89.5,2.0,3.0,96.8,42.5,349.5,1.5,0.00,pathseer:84
beir500k-rq1,pos40_cat15,pos40,200325,pathseer,64,2,84,0.9786,0.8571,0.00106,0.364,0.502,0.588,0.371,1459.4,0.0,913.7,89.5,2.0,3.0,96.8,42.5,349.5,1.5,0.00,pathseer:84
beir500k-rq1,pos40_cat15,pos40,200325,pathseer,64,3,84,0.9786,0.8571,0.00106,0.372,0.490,0.585,0.376,1459.4,0.0,913.7,89.5,2.0,3.0,96.8,42.5,349.5,1.5,0.00,pathseer:84
beir500k-rq1,pos40_cat15,pos40,200325,pathseer,128,1,84,0.9929,0.9405,0.00026,0.716,0.902,1.003,0.713,2603.8,0.0,1620.7,172.0,4.0,4.0,173.0,80.6,642.7,2.7,0.00,pathseer:84
beir500k-rq1,pos40_cat15,pos40,200325,pathseer,128,2,84,0.9929,0.9405,0.00026,0.682,0.999,1.224,0.720,2603.8,0.0,1620.7,172.0,4.0,4.0,173.0,80.6,642.7,2.7,0.00,pathseer:84
beir500k-rq1,pos40_cat15,pos40,200325,pathseer,128,3,84,0.9929,0.9405,0.00026,0.652,0.905,1.031,0.676,2603.8,0.0,1620.7,172.0,4.0,4.0,173.0,80.6,642.7,2.7,0.00,pathseer:84
beir500k-rq1,pos40_cat15,pos40,200325,pathseer,256,1,84,0.9964,0.9643,0.00016,1.244,1.637,2.055,1.280,4692.2,0.0,3128.2,353.1,6.0,6.0,326.1,150.1,1300.4,5.1,0.00,pathseer:84
beir500k-rq1,pos40_cat15,pos40,200325,pathseer,256,2,84,0.9964,0.9643,0.00016,1.245,1.737,2.110,1.299,4692.2,0.0,3128.2,353.1,6.0,6.0,326.1,150.1,1300.4,5.1,0.00,pathseer:84
beir500k-rq1,pos40_cat15,pos40,200325,pathseer,256,3,84,0.9964,0.9643,0.00016,1.249,1.622,2.031,1.274,4692.2,0.0,3128.2,353.1,6.0,6.0,326.1,150.1,1300.4,5.1,0.00,pathseer:84
beir500k-rq1,pos40_cat15,pos40,200325,pathseer,512,1,84,0.9988,0.9881,0.00005,2.307,3.259,3.752,2.407,8466.9,0.0,6199.5,735.3,11.0,12.0,649.1,295.8,2654.1,10.1,0.00,pathseer:84
beir500k-rq1,pos40_cat15,pos40,200325,pathseer,512,2,84,0.9988,0.9881,0.00005,2.296,3.249,3.671,2.393,8466.9,0.0,6199.5,735.3,11.0,12.0,649.1,295.8,2654.1,10.1,0.00,pathseer:84
beir500k-rq1,pos40_cat15,pos40,200325,pathseer,512,3,84,0.9988,0.9881,0.00005,2.295,3.168,3.686,2.385,8466.9,0.0,6199.5,735.3,11.0,12.0,649.1,295.8,2654.1,10.1,0.00,pathseer:84
beir500k-rq1,pos40_cat15,pos40,200325,ours-no-twohop,64,1,84,0.9786,0.8571,0.00106,0.367,0.533,0.601,0.381,1438.3,0.0,820.8,91.7,4.0,5.0,0.0,0.0,360.3,0.0,0.00,pathseer:84
beir500k-rq1,pos40_cat15,pos40,200325,ours-no-twohop,64,2,84,0.9786,0.8571,0.00106,0.384,0.557,0.681,0.400,1438.3,0.0,820.8,91.7,4.0,5.0,0.0,0.0,360.3,0.0,0.00,pathseer:84
beir500k-rq1,pos40_cat15,pos40,200325,ours-no-twohop,64,3,84,0.9786,0.8571,0.00106,0.360,0.543,0.631,0.379,1438.3,0.0,820.8,91.7,4.0,5.0,0.0,0.0,360.3,0.0,0.00,pathseer:84
beir500k-rq1,pos40_cat15,pos40,200325,ours-no-twohop,128,1,84,0.9929,0.9405,0.00026,0.631,0.909,1.080,0.646,2575.4,0.0,1484.6,178.1,6.0,8.0,0.0,0.0,685.2,0.0,0.00,pathseer:84
beir500k-rq1,pos40_cat15,pos40,200325,ours-no-twohop,128,2,84,0.9929,0.9405,0.00026,0.614,0.900,1.046,0.636,2575.4,0.0,1484.6,178.1,6.0,8.0,0.0,0.0,685.2,0.0,0.00,pathseer:84
beir500k-rq1,pos40_cat15,pos40,200325,ours-no-twohop,128,3,84,0.9929,0.9405,0.00026,0.633,0.897,1.051,0.645,2575.4,0.0,1484.6,178.1,6.0,8.0,0.0,0.0,685.2,0.0,0.00,pathseer:84
beir500k-rq1,pos40_cat15,pos40,200325,ours-no-twohop,256,1,84,0.9964,0.9643,0.00016,1.180,1.675,2.086,1.237,4677.1,0.0,2908.6,371.1,11.0,17.0,0.0,0.0,1377.9,0.0,0.00,pathseer:84
beir500k-rq1,pos40_cat15,pos40,200325,ours-no-twohop,256,2,84,0.9964,0.9643,0.00016,1.236,1.969,2.131,1.300,4677.1,0.0,2908.6,371.1,11.0,17.0,0.0,0.0,1377.9,0.0,0.00,pathseer:84
beir500k-rq1,pos40_cat15,pos40,200325,ours-no-twohop,256,3,84,0.9964,0.9643,0.00016,1.194,1.764,2.246,1.267,4677.1,0.0,2908.6,371.1,11.0,17.0,0.0,0.0,1377.9,0.0,0.00,pathseer:84
beir500k-rq1,pos40_cat15,pos40,200325,ours-no-twohop,512,1,84,1.0000,1.0000,0.00000,2.393,3.506,3.865,2.463,8467.3,0.0,5847.4,768.8,25.0,39.0,0.0,0.0,2837.2,0.0,0.00,pathseer:84
beir500k-rq1,pos40_cat15,pos40,200325,ours-no-twohop,512,2,84,1.0000,1.0000,0.00000,2.335,3.378,3.946,2.396,8467.3,0.0,5847.4,768.8,25.0,39.0,0.0,0.0,2837.2,0.0,0.00,pathseer:84
beir500k-rq1,pos40_cat15,pos40,200325,ours-no-twohop,512,3,84,1.0000,1.0000,0.00000,2.306,3.459,4.008,2.419,8467.3,0.0,5847.4,768.8,25.0,39.0,0.0,0.0,2837.2,0.0,0.00,pathseer:84
beir500k-rq1,pos40_cat15,pos40,200325,ours-guard,64,1,84,0.9798,0.8571,0.00105,0.325,0.466,0.566,0.338,1140.2,0.0,1739.0,83.0,4.0,5.0,0.0,0.0,484.0,0.0,0.00,pathseer:84
beir500k-rq1,pos40_cat15,pos40,200325,ours-guard,64,2,84,0.9798,0.8571,0.00105,0.344,0.482,0.585,0.359,1140.2,0.0,1739.0,83.0,4.0,5.0,0.0,0.0,484.0,0.0,0.00,pathseer:84
beir500k-rq1,pos40_cat15,pos40,200325,ours-guard,64,3,84,0.9798,0.8571,0.00105,0.349,0.473,0.583,0.359,1140.2,0.0,1739.0,83.0,4.0,5.0,0.0,0.0,484.0,0.0,0.00,pathseer:84
beir500k-rq1,pos40_cat15,pos40,200325,ours-guard,128,1,84,0.9929,0.9405,0.00079,0.584,0.827,0.976,0.609,2020.9,0.0,3117.0,160.4,6.0,8.0,0.0,0.0,900.4,0.0,0.00,pathseer:84
beir500k-rq1,pos40_cat15,pos40,200325,ours-guard,128,2,84,0.9929,0.9405,0.00079,0.588,0.818,0.982,0.613,2020.9,0.0,3117.0,160.4,6.0,8.0,0.0,0.0,900.4,0.0,0.00,pathseer:84
beir500k-rq1,pos40_cat15,pos40,200325,ours-guard,128,3,84,0.9929,0.9405,0.00079,0.603,0.837,0.993,0.625,2020.9,0.0,3117.0,160.4,6.0,8.0,0.0,0.0,900.4,0.0,0.00,pathseer:84
beir500k-rq1,pos40_cat15,pos40,200325,ours-guard,256,1,84,0.9964,0.9643,0.00016,1.146,1.697,2.122,1.207,3664.4,0.0,5828.7,339.3,11.0,17.0,0.0,0.0,1820.9,0.0,0.00,pathseer:84
beir500k-rq1,pos40_cat15,pos40,200325,ours-guard,256,2,84,0.9964,0.9643,0.00016,1.083,1.578,2.057,1.134,3664.4,0.0,5828.7,339.3,11.0,17.0,0.0,0.0,1820.9,0.0,0.00,pathseer:84
beir500k-rq1,pos40_cat15,pos40,200325,ours-guard,256,3,84,0.9964,0.9643,0.00016,1.071,1.580,1.953,1.139,3664.4,0.0,5828.7,339.3,11.0,17.0,0.0,0.0,1820.9,0.0,0.00,pathseer:84
beir500k-rq1,pos40_cat15,pos40,200325,ours-guard,512,1,84,1.0000,1.0000,0.00000,2.179,3.078,3.725,2.270,6639.2,0.0,10882.9,703.5,25.0,39.0,0.0,0.0,3607.1,0.0,0.00,pathseer:84
beir500k-rq1,pos40_cat15,pos40,200325,ours-guard,512,2,84,1.0000,1.0000,0.00000,2.091,2.986,3.599,2.189,6639.2,0.0,10882.9,703.5,25.0,39.0,0.0,0.0,3607.1,0.0,0.00,pathseer:84
beir500k-rq1,pos40_cat15,pos40,200325,ours-guard,512,3,84,1.0000,1.0000,0.00000,2.147,3.125,3.833,2.251,6639.2,0.0,10882.9,703.5,25.0,39.0,0.0,0.0,3607.1,0.0,0.00,pathseer:84
beir500k-rq1,pos40_cat16,pos40,219781,sweeping,64,1,42,0.9976,0.9762,0.00000,0.230,0.303,0.322,0.236,1028.1,0.0,195.6,67.8,4.0,4.0,0.0,0.0,0.0,0.0,0.00,sweeping:42
beir500k-rq1,pos40_cat16,pos40,219781,sweeping,64,2,42,0.9976,0.9762,0.00000,0.235,0.310,0.322,0.234,1028.1,0.0,195.6,67.8,4.0,4.0,0.0,0.0,0.0,0.0,0.00,sweeping:42
beir500k-rq1,pos40_cat16,pos40,219781,sweeping,64,3,42,0.9976,0.9762,0.00000,0.236,0.314,0.346,0.242,1028.1,0.0,195.6,67.8,4.0,4.0,0.0,0.0,0.0,0.0,0.00,sweeping:42
beir500k-rq1,pos40_cat16,pos40,219781,sweeping,128,1,42,1.0000,1.0000,0.00000,0.416,0.526,0.564,0.415,1768.6,0.0,329.9,133.6,7.0,8.0,0.0,0.0,0.0,0.0,0.00,sweeping:42
beir500k-rq1,pos40_cat16,pos40,219781,sweeping,128,2,42,1.0000,1.0000,0.00000,0.398,0.487,0.528,0.390,1768.6,0.0,329.9,133.6,7.0,8.0,0.0,0.0,0.0,0.0,0.00,sweeping:42
beir500k-rq1,pos40_cat16,pos40,219781,sweeping,128,3,42,1.0000,1.0000,0.00000,0.409,0.495,0.509,0.400,1768.6,0.0,329.9,133.6,7.0,8.0,0.0,0.0,0.0,0.0,0.00,sweeping:42
beir500k-rq1,pos40_cat16,pos40,219781,sweeping,256,1,42,0.9976,0.9762,0.00000,0.795,0.962,1.087,0.791,3086.5,0.0,586.3,267.2,15.0,16.0,0.0,0.0,0.0,0.0,0.00,sweeping:42
beir500k-rq1,pos40_cat16,pos40,219781,sweeping,256,2,42,0.9976,0.9762,0.00000,0.827,0.983,1.247,0.815,3086.5,0.0,586.3,267.2,15.0,16.0,0.0,0.0,0.0,0.0,0.00,sweeping:42
beir500k-rq1,pos40_cat16,pos40,219781,sweeping,256,3,42,0.9976,0.9762,0.00000,0.829,0.962,1.137,0.813,3086.5,0.0,586.3,267.2,15.0,16.0,0.0,0.0,0.0,0.0,0.00,sweeping:42
beir500k-rq1,pos40_cat16,pos40,219781,sweeping,512,1,42,1.0000,1.0000,0.00000,1.567,1.973,2.196,1.554,5456.5,0.0,1107.8,541.5,33.0,33.0,0.0,0.0,0.0,0.0,0.00,sweeping:42
beir500k-rq1,pos40_cat16,pos40,219781,sweeping,512,2,42,1.0000,1.0000,0.00000,1.549,2.002,2.194,1.560,5456.5,0.0,1107.8,541.5,33.0,33.0,0.0,0.0,0.0,0.0,0.00,sweeping:42
beir500k-rq1,pos40_cat16,pos40,219781,sweeping,512,3,42,1.0000,1.0000,0.00000,1.535,1.918,2.097,1.506,5456.5,0.0,1107.8,541.5,33.0,33.0,0.0,0.0,0.0,0.0,0.00,sweeping:42
beir500k-rq1,pos40_cat16,pos40,219781,pathseer,64,1,42,0.9976,0.9762,0.00000,0.242,0.294,0.346,0.240,1051.9,0.0,396.7,67.9,2.0,2.0,74.7,58.6,23.7,1.2,0.00,pathseer:42
beir500k-rq1,pos40_cat16,pos40,219781,pathseer,64,2,42,0.9976,0.9762,0.00000,0.233,0.291,0.356,0.237,1051.9,0.0,396.7,67.9,2.0,2.0,74.7,58.6,23.7,1.2,0.00,pathseer:42
beir500k-rq1,pos40_cat16,pos40,219781,pathseer,64,3,42,0.9976,0.9762,0.00000,0.230,0.288,0.340,0.236,1051.9,0.0,396.7,67.9,2.0,2.0,74.7,58.6,23.7,1.2,0.00,pathseer:42
beir500k-rq1,pos40_cat16,pos40,219781,pathseer,128,1,42,1.0000,1.0000,0.00000,0.435,0.510,0.603,0.424,1791.2,0.0,707.7,132.9,3.0,3.0,142.6,102.9,38.3,2.2,0.00,pathseer:42
beir500k-rq1,pos40_cat16,pos40,219781,pathseer,128,2,42,0.9976,0.9762,0.00000,0.460,0.541,0.623,0.452,1791.2,0.0,707.7,132.9,3.0,3.0,142.6,102.9,38.3,2.2,0.00,pathseer:42
beir500k-rq1,pos40_cat16,pos40,219781,pathseer,128,3,42,1.0000,1.0000,0.00000,0.477,0.545,0.653,0.466,1791.2,0.0,707.7,132.9,3.0,3.0,142.6,102.9,38.3,2.2,0.00,pathseer:42
beir500k-rq1,pos40_cat16,pos40,219781,pathseer,256,1,42,0.9976,0.9762,0.00000,0.902,1.068,1.074,0.895,3065.0,0.0,1300.0,263.8,5.0,5.0,272.1,194.7,74.6,4.3,0.00,pathseer:42
beir500k-rq1,pos40_cat16,pos40,219781,pathseer,256,2,42,1.0000,1.0000,0.00000,0.916,1.055,1.081,0.884,3065.0,0.0,1300.0,263.8,5.0,5.0,272.1,194.7,74.6,4.3,0.00,pathseer:42
beir500k-rq1,pos40_cat16,pos40,219781,pathseer,256,3,42,1.0000,1.0000,0.00000,0.922,1.041,1.153,0.891,3065.0,0.0,1300.0,263.8,5.0,5.0,272.1,194.7,74.6,4.3,0.00,pathseer:42
beir500k-rq1,pos40_cat16,pos40,219781,pathseer,512,1,42,0.9976,0.9762,0.00000,1.622,1.876,2.038,1.591,5257.5,0.0,2492.4,529.6,9.0,9.0,538.8,379.4,191.3,8.4,0.00,pathseer:42
beir500k-rq1,pos40_cat16,pos40,219781,pathseer,512,2,42,0.9976,0.9762,0.00000,1.644,2.016,2.161,1.629,5257.5,0.0,2492.4,529.6,9.0,9.0,538.8,379.4,191.3,8.4,0.00,pathseer:42
beir500k-rq1,pos40_cat16,pos40,219781,pathseer,512,3,42,0.9976,0.9762,0.00000,1.622,1.885,2.155,1.576,5257.5,0.0,2492.4,529.6,9.0,9.0,538.8,379.4,191.3,8.4,0.00,pathseer:42
beir500k-rq1,pos40_cat16,pos40,219781,ours-no-twohop,64,1,42,0.9976,0.9762,0.00000,0.224,0.266,0.332,0.224,1009.5,0.0,290.1,68.0,4.0,4.0,0.0,0.0,23.7,0.0,0.00,pathseer:42
beir500k-rq1,pos40_cat16,pos40,219781,ours-no-twohop,64,2,42,0.9976,0.9762,0.00000,0.225,0.266,0.326,0.222,1009.5,0.0,290.1,68.0,4.0,4.0,0.0,0.0,23.7,0.0,0.00,pathseer:42
beir500k-rq1,pos40_cat16,pos40,219781,ours-no-twohop,64,3,42,0.9976,0.9762,0.00000,0.226,0.265,0.329,0.221,1009.5,0.0,290.1,68.0,4.0,4.0,0.0,0.0,23.7,0.0,0.00,pathseer:42
beir500k-rq1,pos40_cat16,pos40,219781,ours-no-twohop,128,1,42,1.0000,1.0000,0.00000,0.425,0.505,0.519,0.415,1724.1,0.0,497.6,132.5,7.0,8.0,0.0,0.0,29.2,0.0,0.00,pathseer:42
beir500k-rq1,pos40_cat16,pos40,219781,ours-no-twohop,128,2,42,1.0000,1.0000,0.00000,0.403,0.469,0.479,0.390,1724.1,0.0,497.6,132.5,7.0,8.0,0.0,0.0,29.2,0.0,0.00,pathseer:42
beir500k-rq1,pos40_cat16,pos40,219781,ours-no-twohop,128,3,42,0.9976,0.9762,0.00000,0.408,0.467,0.483,0.396,1724.1,0.0,497.6,132.5,7.0,8.0,0.0,0.0,29.2,0.0,0.00,pathseer:42
beir500k-rq1,pos40_cat16,pos40,219781,ours-no-twohop,256,1,42,1.0000,1.0000,0.00000,0.814,0.945,1.032,0.796,2968.4,0.0,940.0,264.0,15.0,16.0,0.0,0.0,74.7,0.0,0.00,pathseer:42
beir500k-rq1,pos40_cat16,pos40,219781,ours-no-twohop,256,2,42,1.0000,1.0000,0.00000,0.798,0.916,0.970,0.779,2968.4,0.0,940.0,264.0,15.0,16.0,0.0,0.0,74.7,0.0,0.00,pathseer:42
beir500k-rq1,pos40_cat16,pos40,219781,ours-no-twohop,256,3,42,0.9976,0.9762,0.00000,0.790,0.927,0.947,0.765,2968.4,0.0,940.0,264.0,15.0,16.0,0.0,0.0,74.7,0.0,0.00,pathseer:42
beir500k-rq1,pos40_cat16,pos40,219781,ours-no-twohop,512,1,42,1.0000,1.0000,0.00000,1.497,1.773,1.962,1.499,5143.5,0.0,1865.4,531.1,33.0,33.0,0.0,0.0,197.5,0.0,0.00,pathseer:42
beir500k-rq1,pos40_cat16,pos40,219781,ours-no-twohop,512,2,42,0.9976,0.9762,0.00000,1.527,1.795,1.879,1.482,5143.5,0.0,1865.4,531.1,33.0,33.0,0.0,0.0,197.5,0.0,0.00,pathseer:42
beir500k-rq1,pos40_cat16,pos40,219781,ours-no-twohop,512,3,42,0.9976,0.9762,0.00000,1.538,1.727,1.981,1.490,5143.5,0.0,1865.4,531.1,33.0,33.0,0.0,0.0,197.5,0.0,0.00,pathseer:42
beir500k-rq1,pos40_cat16,pos40,219781,ours-guard,64,1,42,0.9976,0.9762,0.00000,0.319,0.395,0.471,0.318,932.9,0.0,1119.5,67.1,4.0,4.0,0.0,0.0,85.4,0.0,0.00,pathseer:42
beir500k-rq1,pos40_cat16,pos40,219781,ours-guard,64,2,42,0.9976,0.9762,0.00000,0.322,0.395,0.435,0.317,932.9,0.0,1119.5,67.1,4.0,4.0,0.0,0.0,85.4,0.0,0.00,pathseer:42
beir500k-rq1,pos40_cat16,pos40,219781,ours-guard,64,3,42,1.0000,1.0000,0.00000,0.321,0.416,0.429,0.320,932.9,0.0,1119.5,67.1,4.0,4.0,0.0,0.0,85.4,0.0,0.00,pathseer:42
beir500k-rq1,pos40_cat16,pos40,219781,ours-guard,128,1,42,1.0000,1.0000,0.00000,0.415,0.467,0.502,0.403,1590.7,0.0,1896.2,131.1,7.0,8.0,0.0,0.0,143.5,0.0,0.00,pathseer:42
beir500k-rq1,pos40_cat16,pos40,219781,ours-guard,128,2,42,1.0000,1.0000,0.00000,0.413,0.464,0.476,0.395,1590.7,0.0,1896.2,131.1,7.0,8.0,0.0,0.0,143.5,0.0,0.00,pathseer:42
beir500k-rq1,pos40_cat16,pos40,219781,ours-guard,128,3,42,1.0000,1.0000,0.00000,0.419,0.481,0.577,0.407,1590.7,0.0,1896.2,131.1,7.0,8.0,0.0,0.0,143.5,0.0,0.00,pathseer:42
beir500k-rq1,pos40_cat16,pos40,219781,ours-guard,256,1,42,1.0000,1.0000,0.00000,0.784,0.901,0.954,0.774,2722.5,0.0,3277.3,261.1,15.0,16.0,0.0,0.0,284.1,0.0,0.00,pathseer:42
beir500k-rq1,pos40_cat16,pos40,219781,ours-guard,256,2,42,1.0000,1.0000,0.00000,0.829,0.940,0.982,0.794,2722.5,0.0,3277.3,261.1,15.0,16.0,0.0,0.0,284.1,0.0,0.00,pathseer:42
beir500k-rq1,pos40_cat16,pos40,219781,ours-guard,256,3,42,0.9976,0.9762,0.00000,0.843,0.975,1.032,0.818,2722.5,0.0,3277.3,261.1,15.0,16.0,0.0,0.0,284.1,0.0,0.00,pathseer:42
beir500k-rq1,pos40_cat16,pos40,219781,ours-guard,512,1,42,1.0000,1.0000,0.00000,1.616,1.874,2.289,1.606,4684.8,0.0,5743.5,523.2,33.0,33.0,0.0,0.0,567.2,0.0,0.00,pathseer:42
beir500k-rq1,pos40_cat16,pos40,219781,ours-guard,512,2,42,1.0000,1.0000,0.00000,1.600,1.774,1.835,1.532,4684.8,0.0,5743.5,523.2,33.0,33.0,0.0,0.0,567.2,0.0,0.00,pathseer:42
beir500k-rq1,pos40_cat16,pos40,219781,ours-guard,512,3,42,1.0000,1.0000,0.00000,1.530,1.711,1.869,1.493,4684.8,0.0,5743.5,523.2,33.0,33.0,0.0,0.0,567.2,0.0,0.00,pathseer:42
beir500k-rq1,pos40_cat17,pos40,228068,sweeping,64,1,45,0.9933,0.9778,0.00018,0.334,1.633,2.824,0.490,2490.8,0.0,390.8,150.6,4.0,4.0,0.0,0.0,0.0,0.0,0.00,sweeping:45
beir500k-rq1,pos40_cat17,pos40,228068,sweeping,64,2,45,0.9933,0.9778,0.00018,0.348,1.601,2.905,0.494,2490.8,0.0,390.8,150.6,4.0,4.0,0.0,0.0,0.0,0.0,0.00,sweeping:45
beir500k-rq1,pos40_cat17,pos40,228068,sweeping,64,3,45,0.9933,0.9778,0.00018,0.351,1.717,2.966,0.517,2490.8,0.0,390.8,150.6,4.0,4.0,0.0,0.0,0.0,0.0,0.00,sweeping:45
beir500k-rq1,pos40_cat17,pos40,228068,sweeping,128,1,45,0.9956,0.9778,0.00017,0.632,3.307,4.669,0.958,4477.1,0.0,711.5,311.3,6.0,8.0,0.0,0.0,0.0,0.0,0.00,sweeping:45
beir500k-rq1,pos40_cat17,pos40,228068,sweeping,128,2,45,0.9956,0.9778,0.00017,0.628,3.296,4.833,0.965,4477.1,0.0,711.5,311.3,6.0,8.0,0.0,0.0,0.0,0.0,0.00,sweeping:45
beir500k-rq1,pos40_cat17,pos40,228068,sweeping,128,3,45,0.9956,0.9778,0.00017,0.650,3.439,4.806,0.991,4477.1,0.0,711.5,311.3,6.0,8.0,0.0,0.0,0.0,0.0,0.00,sweeping:45
beir500k-rq1,pos40_cat17,pos40,228068,sweeping,256,1,45,0.9956,0.9778,0.00017,1.197,5.836,7.464,1.838,7941.4,0.0,1365.3,649.6,11.0,16.0,0.0,0.0,0.0,0.0,0.00,sweeping:45
beir500k-rq1,pos40_cat17,pos40,228068,sweeping,256,2,45,0.9956,0.9778,0.00017,1.252,5.925,7.390,1.862,7941.4,0.0,1365.3,649.6,11.0,16.0,0.0,0.0,0.0,0.0,0.00,sweeping:45
beir500k-rq1,pos40_cat17,pos40,228068,sweeping,256,3,45,0.9956,0.9778,0.00017,1.163,5.849,7.218,1.822,7941.4,0.0,1365.3,649.6,11.0,16.0,0.0,0.0,0.0,0.0,0.00,sweeping:45
beir500k-rq1,pos40_cat17,pos40,228068,sweeping,512,1,45,1.0000,1.0000,0.00000,2.564,9.861,11.781,3.508,13981.0,0.0,2633.7,1320.1,24.0,33.0,0.0,0.0,0.0,0.0,0.00,sweeping:45
beir500k-rq1,pos40_cat17,pos40,228068,sweeping,512,2,45,1.0000,1.0000,0.00000,2.614,10.314,23.477,4.084,13981.0,0.0,2633.7,1320.1,24.0,33.0,0.0,0.0,0.0,0.0,0.00,sweeping:45
beir500k-rq1,pos40_cat17,pos40,228068,sweeping,512,3,45,1.0000,1.0000,0.00000,2.422,9.931,11.662,3.473,13981.0,0.0,2633.7,1320.1,24.0,33.0,0.0,0.0,0.0,0.0,0.00,sweeping:45
beir500k-rq1,pos40_cat17,pos40,228068,pathseer,64,1,45,0.9933,0.9778,0.00018,0.333,0.573,0.968,0.360,1537.0,0.0,1125.5,104.6,2.0,2.0,93.9,43.8,486.5,1.5,0.00,pathseer:45
beir500k-rq1,pos40_cat17,pos40,228068,pathseer,64,2,45,0.9933,0.9778,0.00018,0.330,0.611,1.055,0.366,1537.0,0.0,1125.5,104.6,2.0,2.0,93.9,43.8,486.5,1.5,0.00,pathseer:45
beir500k-rq1,pos40_cat17,pos40,228068,pathseer,64,3,45,0.9933,0.9778,0.00018,0.324,0.554,0.979,0.350,1537.0,0.0,1125.5,104.6,2.0,2.0,93.9,43.8,486.5,1.5,0.00,pathseer:45
beir500k-rq1,pos40_cat17,pos40,228068,pathseer,128,1,45,0.9956,0.9778,0.00017,0.592,1.182,1.923,0.661,2679.6,0.0,2031.7,205.2,3.0,4.0,167.8,77.3,907.0,2.6,0.00,pathseer:45
beir500k-rq1,pos40_cat17,pos40,228068,pathseer,128,2,45,0.9956,0.9778,0.00017,0.587,1.153,1.939,0.661,2679.6,0.0,2031.7,205.2,3.0,4.0,167.8,77.3,907.0,2.6,0.00,pathseer:45
beir500k-rq1,pos40_cat17,pos40,228068,pathseer,128,3,45,0.9956,0.9778,0.00017,0.582,1.154,1.878,0.649,2679.6,0.0,2031.7,205.2,3.0,4.0,167.8,77.3,907.0,2.6,0.00,pathseer:45
beir500k-rq1,pos40_cat17,pos40,228068,pathseer,256,1,45,0.9956,0.9778,0.00017,1.230,2.652,3.370,1.378,4693.7,0.0,3689.7,405.2,6.0,7.0,328.5,146.1,1623.3,5.1,0.00,pathseer:45
beir500k-rq1,pos40_cat17,pos40,228068,pathseer,256,2,45,0.9956,0.9778,0.00017,1.146,2.349,3.127,1.251,4693.7,0.0,3689.7,405.2,6.0,7.0,328.5,146.1,1623.3,5.1,0.00,pathseer:45
beir500k-rq1,pos40_cat17,pos40,228068,pathseer,256,3,45,0.9956,0.9778,0.00017,1.175,2.362,3.268,1.298,4693.7,0.0,3689.7,405.2,6.0,7.0,328.5,146.1,1623.3,5.1,0.00,pathseer:45
beir500k-rq1,pos40_cat17,pos40,228068,pathseer,512,1,45,1.0000,1.0000,0.00000,2.272,4.888,6.497,2.511,8251.1,0.0,6863.6,835.8,11.0,15.0,655.6,285.9,2928.3,10.2,0.00,pathseer:45
beir500k-rq1,pos40_cat17,pos40,228068,pathseer,512,2,45,1.0000,1.0000,0.00000,2.238,4.713,6.409,2.484,8251.1,0.0,6863.6,835.8,11.0,15.0,655.6,285.9,2928.3,10.2,0.00,pathseer:45
beir500k-rq1,pos40_cat17,pos40,228068,pathseer,512,3,45,1.0000,1.0000,0.00000,2.181,4.827,6.612,2.460,8251.1,0.0,6863.6,835.8,11.0,15.0,655.6,285.9,2928.3,10.2,0.00,pathseer:45
beir500k-rq1,pos40_cat17,pos40,228068,ours-no-twohop,64,1,45,0.9933,0.9778,0.00018,0.296,0.587,0.997,0.335,1526.1,0.0,1057.8,108.6,4.0,4.0,0.0,0.0,513.8,0.0,0.00,pathseer:45
beir500k-rq1,pos40_cat17,pos40,228068,ours-no-twohop,64,2,45,0.9933,0.9778,0.00018,0.300,0.599,1.028,0.338,1526.1,0.0,1057.8,108.6,4.0,4.0,0.0,0.0,513.8,0.0,0.00,pathseer:45
beir500k-rq1,pos40_cat17,pos40,228068,ours-no-twohop,64,3,45,0.9933,0.9778,0.00018,0.304,0.601,1.005,0.336,1526.1,0.0,1057.8,108.6,4.0,4.0,0.0,0.0,513.8,0.0,0.00,pathseer:45
beir500k-rq1,pos40_cat17,pos40,228068,ours-no-twohop,128,1,45,0.9956,0.9778,0.00017,0.557,1.262,1.897,0.633,2680.7,0.0,1935.6,214.8,6.0,8.0,0.0,0.0,961.1,0.0,0.00,pathseer:45
beir500k-rq1,pos40_cat17,pos40,228068,ours-no-twohop,128,2,45,0.9956,0.9778,0.00017,0.588,1.367,2.060,0.672,2680.7,0.0,1935.6,214.8,6.0,8.0,0.0,0.0,961.1,0.0,0.00,pathseer:45
beir500k-rq1,pos40_cat17,pos40,228068,ours-no-twohop,128,3,45,0.9956,0.9778,0.00017,0.619,1.371,1.995,0.683,2680.7,0.0,1935.6,214.8,6.0,8.0,0.0,0.0,961.1,0.0,0.00,pathseer:45
beir500k-rq1,pos40_cat17,pos40,228068,ours-no-twohop,256,1,45,0.9956,0.9778,0.00017,1.083,2.687,3.446,1.245,4694.2,0.0,3471.0,425.2,11.0,16.0,0.0,0.0,1696.0,0.0,0.00,pathseer:45
beir500k-rq1,pos40_cat17,pos40,228068,ours-no-twohop,256,2,45,0.9956,0.9778,0.00017,1.097,2.646,3.476,1.247,4694.2,0.0,3471.0,425.2,11.0,16.0,0.0,0.0,1696.0,0.0,0.00,pathseer:45
beir500k-rq1,pos40_cat17,pos40,228068,ours-no-twohop,256,3,45,0.9956,0.9778,0.00017,1.124,2.670,3.561,1.262,4694.2,0.0,3471.0,425.2,11.0,16.0,0.0,0.0,1696.0,0.0,0.00,pathseer:45
beir500k-rq1,pos40_cat17,pos40,228068,ours-no-twohop,512,1,45,1.0000,1.0000,0.00000,2.127,5.446,6.712,2.441,8289.2,0.0,6463.3,880.1,24.0,33.0,0.0,0.0,3064.2,0.0,0.00,pathseer:45
beir500k-rq1,pos40_cat17,pos40,228068,ours-no-twohop,512,2,45,1.0000,1.0000,0.00000,2.163,5.496,6.634,2.434,8289.2,0.0,6463.3,880.1,24.0,33.0,0.0,0.0,3064.2,0.0,0.00,pathseer:45
beir500k-rq1,pos40_cat17,pos40,228068,ours-no-twohop,512,3,45,1.0000,1.0000,0.00000,2.104,5.439,6.583,2.403,8289.2,0.0,6463.3,880.1,24.0,33.0,0.0,0.0,3064.2,0.0,0.00,pathseer:45
beir500k-rq1,pos40_cat17,pos40,228068,ours-guard,64,1,45,0.9689,0.9556,0.01190,0.269,0.471,0.910,0.300,1146.3,0.0,1945.8,96.4,4.0,4.0,0.0,0.0,690.0,0.0,0.00,pathseer:45
beir500k-rq1,pos40_cat17,pos40,228068,ours-guard,64,2,45,0.9689,0.9556,0.01190,0.267,0.472,0.897,0.300,1146.3,0.0,1945.8,96.4,4.0,4.0,0.0,0.0,690.0,0.0,0.00,pathseer:45
beir500k-rq1,pos40_cat17,pos40,228068,ours-guard,64,3,45,0.9689,0.9556,0.01190,0.279,0.474,0.910,0.308,1146.3,0.0,1945.8,96.4,4.0,4.0,0.0,0.0,690.0,0.0,0.00,pathseer:45
beir500k-rq1,pos40_cat17,pos40,228068,ours-guard,128,1,45,0.9911,0.9778,0.00023,0.555,1.179,1.856,0.639,2054.0,0.0,3505.4,194.0,6.0,8.0,0.0,0.0,1261.7,0.0,0.00,pathseer:45
beir500k-rq1,pos40_cat17,pos40,228068,ours-guard,128,2,45,0.9911,0.9778,0.00023,0.611,1.396,1.956,0.696,2054.0,0.0,3505.4,194.0,6.0,8.0,0.0,0.0,1261.7,0.0,0.00,pathseer:45
beir500k-rq1,pos40_cat17,pos40,228068,ours-guard,128,3,45,0.9911,0.9778,0.00023,0.539,1.186,1.763,0.614,2054.0,0.0,3505.4,194.0,6.0,8.0,0.0,0.0,1261.7,0.0,0.00,pathseer:45
beir500k-rq1,pos40_cat17,pos40,228068,ours-guard,256,1,45,0.9956,0.9778,0.00017,1.024,2.429,3.355,1.149,3586.0,0.0,6123.2,384.7,11.0,16.0,0.0,0.0,2208.6,0.0,0.00,pathseer:45
beir500k-rq1,pos40_cat17,pos40,228068,ours-guard,256,2,45,0.9956,0.9778,0.00017,1.034,2.434,3.272,1.144,3586.0,0.0,6123.2,384.7,11.0,16.0,0.0,0.0,2208.6,0.0,0.00,pathseer:45
beir500k-rq1,pos40_cat17,pos40,228068,ours-guard,256,3,45,0.9956,0.9778,0.00017,0.992,2.446,3.272,1.135,3586.0,0.0,6123.2,384.7,11.0,16.0,0.0,0.0,2208.6,0.0,0.00,pathseer:45
beir500k-rq1,pos40_cat17,pos40,228068,ours-guard,512,1,45,1.0000,1.0000,0.00000,2.078,5.389,6.977,2.347,6353.2,0.0,10887.0,802.3,24.0,33.0,0.0,0.0,3962.0,0.0,0.00,pathseer:45
beir500k-rq1,pos40_cat17,pos40,228068,ours-guard,512,2,45,1.0000,1.0000,0.00000,1.973,5.096,6.268,2.197,6353.2,0.0,10887.0,802.3,24.0,33.0,0.0,0.0,3962.0,0.0,0.00,pathseer:45
beir500k-rq1,pos40_cat17,pos40,228068,ours-guard,512,3,45,1.0000,1.0000,0.00000,1.917,5.202,6.178,2.188,6353.2,0.0,10887.0,802.3,24.0,33.0,0.0,0.0,3962.0,0.0,0.00,pathseer:45
beir500k-rq1,pos40_cat18,pos40,201873,sweeping,64,1,10,0.9900,0.9000,0.00050,0.230,0.308,0.308,0.236,1338.1,0.0,198.1,67.3,4.0,4.0,0.0,0.0,0.0,0.0,0.00,sweeping:10
beir500k-rq1,pos40_cat18,pos40,201873,sweeping,64,2,10,0.9900,0.9000,0.00050,0.236,0.304,0.304,0.237,1338.1,0.0,198.1,67.3,4.0,4.0,0.0,0.0,0.0,0.0,0.00,sweeping:10
beir500k-rq1,pos40_cat18,pos40,201873,sweeping,64,3,10,0.9900,0.9000,0.00050,0.253,0.364,0.364,0.252,1338.1,0.0,198.1,67.3,4.0,4.0,0.0,0.0,0.0,0.0,0.00,sweeping:10
beir500k-rq1,pos40_cat18,pos40,201873,sweeping,128,1,10,0.9900,0.9000,0.00050,0.421,0.575,0.575,0.429,2259.7,0.0,344.6,132.3,6.0,6.0,0.0,0.0,0.0,0.0,0.00,sweeping:10
beir500k-rq1,pos40_cat18,pos40,201873,sweeping,128,2,10,0.9900,0.9000,0.00050,0.424,0.579,0.579,0.428,2259.7,0.0,344.6,132.3,6.0,6.0,0.0,0.0,0.0,0.0,0.00,sweeping:10
beir500k-rq1,pos40_cat18,pos40,201873,sweeping,128,3,10,0.9900,0.9000,0.00050,0.435,0.547,0.547,0.435,2259.7,0.0,344.6,132.3,6.0,6.0,0.0,0.0,0.0,0.0,0.00,sweeping:10
beir500k-rq1,pos40_cat18,pos40,201873,sweeping,256,1,10,0.9900,0.9000,0.00050,0.807,1.003,1.003,0.818,3732.0,0.0,605.5,262.8,11.0,12.0,0.0,0.0,0.0,0.0,0.00,sweeping:10
beir500k-rq1,pos40_cat18,pos40,201873,sweeping,256,2,10,0.9900,0.9000,0.00050,0.814,1.004,1.004,0.809,3732.0,0.0,605.5,262.8,11.0,12.0,0.0,0.0,0.0,0.0,0.00,sweeping:10
beir500k-rq1,pos40_cat18,pos40,201873,sweeping,256,3,10,0.9900,0.9000,0.00050,0.784,1.092,1.092,0.790,3732.0,0.0,605.5,262.8,11.0,12.0,0.0,0.0,0.0,0.0,0.00,sweeping:10
beir500k-rq1,pos40_cat18,pos40,201873,sweeping,512,1,10,0.9900,0.9000,0.00050,1.436,2.196,2.196,1.551,6431.0,0.0,1122.5,541.2,22.0,23.0,0.0,0.0,0.0,0.0,0.00,sweeping:10
beir500k-rq1,pos40_cat18,pos40,201873,sweeping,512,2,10,0.9900,0.9000,0.00050,1.539,2.115,2.115,1.545,6431.0,0.0,1122.5,541.2,22.0,23.0,0.0,0.0,0.0,0.0,0.00,sweeping:10
beir500k-rq1,pos40_cat18,pos40,201873,sweeping,512,3,10,0.9900,0.9000,0.00050,1.507,2.014,2.014,1.526,6431.0,0.0,1122.5,541.2,22.0,23.0,0.0,0.0,0.0,0.0,0.00,sweeping:10
beir500k-rq1,pos40_cat18,pos40,201873,pathseer,64,1,10,0.9900,0.9000,0.00050,0.239,0.304,0.304,0.247,1356.6,0.0,390.3,66.6,2.0,2.0,64.0,60.9,13.6,1.0,0.00,pathseer:10
beir500k-rq1,pos40_cat18,pos40,201873,pathseer,64,2,10,0.9900,0.9000,0.00050,0.241,0.329,0.329,0.247,1356.6,0.0,390.3,66.6,2.0,2.0,64.0,60.9,13.6,1.0,0.00,pathseer:10
beir500k-rq1,pos40_cat18,pos40,201873,pathseer,64,3,10,0.9900,0.9000,0.00050,0.239,0.302,0.302,0.242,1356.6,0.0,390.3,66.6,2.0,2.0,64.0,60.9,13.6,1.0,0.00,pathseer:10
beir500k-rq1,pos40_cat18,pos40,201873,pathseer,128,1,10,0.9900,0.9000,0.00050,0.441,0.540,0.540,0.444,2288.9,0.0,699.6,131.2,3.0,3.0,128.0,117.8,24.0,2.0,0.00,pathseer:10
beir500k-rq1,pos40_cat18,pos40,201873,pathseer,128,2,10,0.9900,0.9000,0.00050,0.423,0.547,0.547,0.433,2288.9,0.0,699.6,131.2,3.0,3.0,128.0,117.8,24.0,2.0,0.00,pathseer:10
beir500k-rq1,pos40_cat18,pos40,201873,pathseer,128,3,10,0.9900,0.9000,0.00050,0.430,0.537,0.537,0.436,2288.9,0.0,699.6,131.2,3.0,3.0,128.0,117.8,24.0,2.0,0.00,pathseer:10
beir500k-rq1,pos40_cat18,pos40,201873,pathseer,256,1,10,0.9900,0.9000,0.00050,0.809,1.070,1.070,0.823,3761.7,0.0,1267.3,260.9,5.0,4.0,230.4,202.8,48.3,3.6,0.00,pathseer:10
beir500k-rq1,pos40_cat18,pos40,201873,pathseer,256,2,10,0.9900,0.9000,0.00050,0.776,0.950,0.950,0.773,3761.7,0.0,1267.3,260.9,5.0,4.0,230.4,202.8,48.3,3.6,0.00,pathseer:10
beir500k-rq1,pos40_cat18,pos40,201873,pathseer,256,3,10,0.9900,0.9000,0.00050,0.788,0.948,0.948,0.782,3761.7,0.0,1267.3,260.9,5.0,4.0,230.4,202.8,48.3,3.6,0.00,pathseer:10
beir500k-rq1,pos40_cat18,pos40,201873,pathseer,512,1,10,0.9900,0.9000,0.00050,1.468,1.863,1.863,1.499,6071.2,0.0,2338.8,520.9,8.0,8.0,422.4,365.8,104.2,6.6,0.00,pathseer:10
beir500k-rq1,pos40_cat18,pos40,201873,pathseer,512,2,10,0.9900,0.9000,0.00050,1.472,1.766,1.766,1.472,6071.2,0.0,2338.8,520.9,8.0,8.0,422.4,365.8,104.2,6.6,0.00,pathseer:10
beir500k-rq1,pos40_cat18,pos40,201873,pathseer,512,3,10,0.9900,0.9000,0.00050,1.438,1.842,1.842,1.454,6071.2,0.0,2338.8,520.9,8.0,8.0,422.4,365.8,104.2,6.6,0.00,pathseer:10
beir500k-rq1,pos40_cat18,pos40,201873,ours-no-twohop,64,1,10,0.9900,0.9000,0.00050,0.225,0.284,0.284,0.234,1310.5,0.0,288.7,66.8,4.0,4.0,0.0,0.0,15.0,0.0,0.00,pathseer:10
beir500k-rq1,pos40_cat18,pos40,201873,ours-no-twohop,64,2,10,0.9900,0.9000,0.00050,0.232,0.283,0.283,0.232,1310.5,0.0,288.7,66.8,4.0,4.0,0.0,0.0,15.0,0.0,0.00,pathseer:10
beir500k-rq1,pos40_cat18,pos40,201873,ours-no-twohop,64,3,10,0.9900,0.9000,0.00050,0.255,0.340,0.340,0.266,1310.5,0.0,288.7,66.8,4.0,4.0,0.0,0.0,15.0,0.0,0.00,pathseer:10
beir500k-rq1,pos40_cat18,pos40,201873,ours-no-twohop,128,1,10,0.9900,0.9000,0.00050,0.399,0.509,0.509,0.415,2214.6,0.0,511.8,131.2,6.0,6.0,0.0,0.0,24.0,0.0,0.00,pathseer:10
beir500k-rq1,pos40_cat18,pos40,201873,ours-no-twohop,128,2,10,0.9900,0.9000,0.00050,0.401,0.504,0.504,0.414,2214.6,0.0,511.8,131.2,6.0,6.0,0.0,0.0,24.0,0.0,0.00,pathseer:10
beir500k-rq1,pos40_cat18,pos40,201873,ours-no-twohop,128,3,10,0.9900,0.9000,0.00050,0.404,0.504,0.504,0.411,2214.6,0.0,511.8,131.2,6.0,6.0,0.0,0.0,24.0,0.0,0.00,pathseer:10
beir500k-rq1,pos40_cat18,pos40,201873,ours-no-twohop,256,1,10,0.9900,0.9000,0.00050,0.787,1.030,1.030,0.791,3659.4,0.0,931.2,261.2,11.0,12.0,0.0,0.0,48.9,0.0,0.00,pathseer:10
beir500k-rq1,pos40_cat18,pos40,201873,ours-no-twohop,256,2,10,0.9900,0.9000,0.00050,0.814,1.037,1.037,0.822,3659.4,0.0,931.2,261.2,11.0,12.0,0.0,0.0,48.9,0.0,0.00,pathseer:10
beir500k-rq1,pos40_cat18,pos40,201873,ours-no-twohop,256,3,10,0.9900,0.9000,0.00050,0.833,0.992,0.992,0.802,3659.4,0.0,931.2,261.2,11.0,12.0,0.0,0.0,48.9,0.0,0.00,pathseer:10
beir500k-rq1,pos40_cat18,pos40,201873,ours-no-twohop,512,1,10,0.9900,0.9000,0.00050,1.716,2.471,2.471,1.708,5959.4,0.0,1779.1,522.4,22.0,23.0,0.0,0.0,110.3,0.0,0.00,pathseer:10
beir500k-rq1,pos40_cat18,pos40,201873,ours-no-twohop,512,2,10,0.9900,0.9000,0.00050,1.575,2.042,2.042,1.605,5959.4,0.0,1779.1,522.4,22.0,23.0,0.0,0.0,110.3,0.0,0.00,pathseer:10
beir500k-rq1,pos40_cat18,pos40,201873,ours-no-twohop,512,3,10,0.9900,0.9000,0.00050,1.449,1.882,1.882,1.477,5959.4,0.0,1779.1,522.4,22.0,23.0,0.0,0.0,110.3,0.0,0.00,pathseer:10
beir500k-rq1,pos40_cat18,pos40,201873,ours-guard,64,1,10,0.9900,0.9000,0.00050,0.252,0.280,0.280,0.247,1271.5,0.0,1429.4,65.7,4.0,4.0,0.0,0.0,37.4,0.0,0.00,pathseer:10
beir500k-rq1,pos40_cat18,pos40,201873,ours-guard,64,2,10,0.9900,0.9000,0.00050,0.249,0.315,0.315,0.251,1271.5,0.0,1429.4,65.7,4.0,4.0,0.0,0.0,37.4,0.0,0.00,pathseer:10
beir500k-rq1,pos40_cat18,pos40,201873,ours-guard,64,3,10,0.9900,0.9000,0.00050,0.251,0.296,0.296,0.247,1271.5,0.0,1429.4,65.7,4.0,4.0,0.0,0.0,37.4,0.0,0.00,pathseer:10
beir500k-rq1,pos40_cat18,pos40,201873,ours-guard,128,1,10,0.9900,0.9000,0.00050,0.431,0.517,0.517,0.441,2147.7,0.0,2418.0,129.9,6.0,6.0,0.0,0.0,73.5,0.0,0.00,pathseer:10
beir500k-rq1,pos40_cat18,pos40,201873,ours-guard,128,2,10,0.9900,0.9000,0.00050,0.453,0.528,0.528,0.448,2147.7,0.0,2418.0,129.9,6.0,6.0,0.0,0.0,73.5,0.0,0.00,pathseer:10
beir500k-rq1,pos40_cat18,pos40,201873,ours-guard,128,3,10,0.9900,0.9000,0.00050,0.456,0.522,0.522,0.454,2147.7,0.0,2418.0,129.9,6.0,6.0,0.0,0.0,73.5,0.0,0.00,pathseer:10
beir500k-rq1,pos40_cat18,pos40,201873,ours-guard,256,1,10,0.9900,0.9000,0.00050,0.835,0.930,0.930,0.808,3533.3,0.0,3988.8,258.9,11.0,12.0,0.0,0.0,134.4,0.0,0.00,pathseer:10
beir500k-rq1,pos40_cat18,pos40,201873,ours-guard,256,2,10,0.9900,0.9000,0.00050,0.772,0.951,0.951,0.791,3533.3,0.0,3988.8,258.9,11.0,12.0,0.0,0.0,134.4,0.0,0.00,pathseer:10
beir500k-rq1,pos40_cat18,pos40,201873,ours-guard,256,3,10,0.9900,0.9000,0.00050,0.773,0.993,0.993,0.795,3533.3,0.0,3988.8,258.9,11.0,12.0,0.0,0.0,134.4,0.0,0.00,pathseer:10
beir500k-rq1,pos40_cat18,pos40,201873,ours-guard,512,1,10,0.9900,0.9000,0.00050,1.522,1.798,1.798,1.473,5726.1,0.0,6530.3,518.3,22.0,23.0,0.0,0.0,260.3,0.0,0.00,pathseer:10
beir500k-rq1,pos40_cat18,pos40,201873,ours-guard,512,2,10,0.9900,0.9000,0.00050,1.444,1.900,1.900,1.467,5726.1,0.0,6530.3,518.3,22.0,23.0,0.0,0.0,260.3,0.0,0.00,pathseer:10
beir500k-rq1,pos40_cat18,pos40,201873,ours-guard,512,3,10,0.9900,0.9000,0.00050,1.549,1.895,1.895,1.517,5726.1,0.0,6530.3,518.3,22.0,23.0,0.0,0.0,260.3,0.0,0.00,pathseer:10
beir500k-rq1,pos40_cat19,pos40,213280,sweeping,64,1,60,0.9733,0.9000,0.00276,0.270,0.653,0.961,0.327,1358.5,0.0,239.8,87.9,4.0,4.0,0.0,0.0,0.0,0.0,0.00,sweeping:60
beir500k-rq1,pos40_cat19,pos40,213280,sweeping,64,2,60,0.9733,0.9000,0.00276,0.261,0.655,0.875,0.315,1358.5,0.0,239.8,87.9,4.0,4.0,0.0,0.0,0.0,0.0,0.00,sweeping:60
beir500k-rq1,pos40_cat19,pos40,213280,sweeping,64,3,60,0.9733,0.9000,0.00276,0.262,0.662,0.875,0.312,1358.5,0.0,239.8,87.9,4.0,4.0,0.0,0.0,0.0,0.0,0.00,sweeping:60
beir500k-rq1,pos40_cat19,pos40,213280,sweeping,128,1,60,1.0000,1.0000,0.00000,0.450,1.194,1.819,0.562,2369.8,0.0,416.4,172.8,7.0,7.0,0.0,0.0,0.0,0.0,0.00,sweeping:60
beir500k-rq1,pos40_cat19,pos40,213280,sweeping,128,2,60,1.0000,1.0000,0.00000,0.462,1.182,1.844,0.576,2369.8,0.0,416.4,172.8,7.0,7.0,0.0,0.0,0.0,0.0,0.00,sweeping:60
beir500k-rq1,pos40_cat19,pos40,213280,sweeping,128,3,60,1.0000,1.0000,0.00000,0.456,1.179,1.840,0.578,2369.8,0.0,416.4,172.8,7.0,7.0,0.0,0.0,0.0,0.0,0.00,sweeping:60
beir500k-rq1,pos40_cat19,pos40,213280,sweeping,256,1,60,1.0000,1.0000,0.00000,0.841,2.039,3.211,1.029,4025.8,0.0,738.5,333.2,13.0,16.0,0.0,0.0,0.0,0.0,0.00,sweeping:60
beir500k-rq1,pos40_cat19,pos40,213280,sweeping,256,2,60,1.0000,1.0000,0.00000,0.861,1.973,3.221,1.040,4025.8,0.0,738.5,333.2,13.0,16.0,0.0,0.0,0.0,0.0,0.00,sweeping:60
beir500k-rq1,pos40_cat19,pos40,213280,sweeping,256,3,60,1.0000,1.0000,0.00000,0.812,1.944,3.223,1.011,4025.8,0.0,738.5,333.2,13.0,16.0,0.0,0.0,0.0,0.0,0.00,sweeping:60
beir500k-rq1,pos40_cat19,pos40,213280,sweeping,512,1,60,1.0000,1.0000,0.00000,1.551,3.808,5.764,1.900,6830.1,0.0,1364.1,657.8,29.0,35.0,0.0,0.0,0.0,0.0,0.00,sweeping:60
beir500k-rq1,pos40_cat19,pos40,213280,sweeping,512,2,60,1.0000,1.0000,0.00000,1.592,3.911,5.703,1.894,6830.1,0.0,1364.1,657.8,29.0,35.0,0.0,0.0,0.0,0.0,0.00,sweeping:60
beir500k-rq1,pos40_cat19,pos40,213280,sweeping,512,3,60,1.0000,1.0000,0.00000,1.579,3.852,5.642,1.898,6830.1,0.0,1364.1,657.8,29.0,35.0,0.0,0.0,0.0,0.0,0.00,sweeping:60
beir500k-rq1,pos40_cat19,pos40,213280,pathseer,64,1,60,0.9717,0.8833,0.00277,0.354,0.617,0.874,0.411,1151.6,0.0,550.0,75.1,2.0,2.0,73.6,52.1,109.4,1.1,0.00,pathseer:60
beir500k-rq1,pos40_cat19,pos40,213280,pathseer,64,2,60,0.9717,0.8833,0.00277,0.319,0.552,0.730,0.358,1151.6,0.0,550.0,75.1,2.0,2.0,73.6,52.1,109.4,1.1,0.00,pathseer:60
beir500k-rq1,pos40_cat19,pos40,213280,pathseer,64,3,60,0.9717,0.8833,0.00277,0.285,0.461,0.563,0.307,1151.6,0.0,550.0,75.1,2.0,2.0,73.6,52.1,109.4,1.1,0.00,pathseer:60
beir500k-rq1,pos40_cat19,pos40,213280,pathseer,128,1,60,0.9833,0.9833,0.00265,0.468,0.770,0.983,0.513,1975.2,0.0,984.2,145.8,3.0,3.0,148.3,100.8,195.2,2.3,0.00,pathseer:60
beir500k-rq1,pos40_cat19,pos40,213280,pathseer,128,2,60,0.9833,0.9833,0.00265,0.474,0.784,0.932,0.508,1975.2,0.0,984.2,145.8,3.0,3.0,148.3,100.8,195.2,2.3,0.00,pathseer:60
beir500k-rq1,pos40_cat19,pos40,213280,pathseer,128,3,60,0.9833,0.9833,0.00265,0.464,0.778,0.919,0.505,1975.2,0.0,984.2,145.8,3.0,3.0,148.3,100.8,195.2,2.3,0.00,pathseer:60
beir500k-rq1,pos40_cat19,pos40,213280,pathseer,256,1,60,1.0000,1.0000,0.00000,0.985,1.700,1.838,1.042,3396.8,0.0,1802.3,295.9,5.0,5.0,272.0,185.2,355.0,4.2,0.00,pathseer:60
beir500k-rq1,pos40_cat19,pos40,213280,pathseer,256,2,60,1.0000,1.0000,0.00000,0.933,1.560,1.966,1.015,3396.8,0.0,1802.3,295.9,5.0,5.0,272.0,185.2,355.0,4.2,0.00,pathseer:60
beir500k-rq1,pos40_cat19,pos40,213280,pathseer,256,3,60,1.0000,1.0000,0.00000,0.884,1.511,1.706,0.968,3396.8,0.0,1802.3,295.9,5.0,5.0,272.0,185.2,355.0,4.2,0.00,pathseer:60
beir500k-rq1,pos40_cat19,pos40,213280,pathseer,512,1,60,1.0000,1.0000,0.00000,1.650,2.853,3.236,1.774,5611.6,0.0,3335.0,590.2,9.0,10.0,556.8,362.8,644.7,8.7,0.00,pathseer:60
beir500k-rq1,pos40_cat19,pos40,213280,pathseer,512,2,60,1.0000,1.0000,0.00000,1.563,2.691,3.140,1.732,5611.6,0.0,3335.0,590.2,9.0,10.0,556.8,362.8,644.7,8.7,0.00,pathseer:60
beir500k-rq1,pos40_cat19,pos40,213280,pathseer,512,3,60,1.0000,1.0000,0.00000,1.590,2.723,3.171,1.728,5611.6,0.0,3335.0,590.2,9.0,10.0,556.8,362.8,644.7,8.7,0.00,pathseer:60
beir500k-rq1,pos40_cat19,pos40,213280,ours-no-twohop,64,1,60,0.9700,0.8667,0.00283,0.258,0.448,0.486,0.272,1122.9,0.0,458.6,76.1,4.0,4.0,0.0,0.0,114.3,0.0,0.00,pathseer:60
beir500k-rq1,pos40_cat19,pos40,213280,ours-no-twohop,64,2,60,0.9700,0.8667,0.00283,0.271,0.439,0.495,0.286,1122.9,0.0,458.6,76.1,4.0,4.0,0.0,0.0,114.3,0.0,0.00,pathseer:60
beir500k-rq1,pos40_cat19,pos40,213280,ours-no-twohop,64,3,60,0.9700,0.8667,0.00283,0.287,0.483,0.515,0.298,1122.9,0.0,458.6,76.1,4.0,4.0,0.0,0.0,114.3,0.0,0.00,pathseer:60
beir500k-rq1,pos40_cat19,pos40,213280,ours-no-twohop,128,1,60,0.9833,0.9833,0.00265,0.461,0.871,1.008,0.517,1937.1,0.0,827.2,150.8,7.0,7.0,0.0,0.0,211.4,0.0,0.00,pathseer:60
beir500k-rq1,pos40_cat19,pos40,213280,ours-no-twohop,128,2,60,0.9833,0.9833,0.00265,0.485,0.831,1.015,0.530,1937.1,0.0,827.2,150.8,7.0,7.0,0.0,0.0,211.4,0.0,0.00,pathseer:60
beir500k-rq1,pos40_cat19,pos40,213280,ours-no-twohop,128,3,60,0.9833,0.9833,0.00265,0.468,0.799,1.007,0.519,1937.1,0.0,827.2,150.8,7.0,7.0,0.0,0.0,211.4,0.0,0.00,pathseer:60
beir500k-rq1,pos40_cat19,pos40,213280,ours-no-twohop,256,1,60,1.0000,1.0000,0.00000,0.826,1.556,1.763,0.921,3341.2,0.0,1511.5,302.2,13.0,16.0,0.0,0.0,373.4,0.0,0.00,pathseer:60
beir500k-rq1,pos40_cat19,pos40,213280,ours-no-twohop,256,2,60,1.0000,1.0000,0.00000,0.879,1.568,1.708,0.949,3341.2,0.0,1511.5,302.2,13.0,16.0,0.0,0.0,373.4,0.0,0.00,pathseer:60
beir500k-rq1,pos40_cat19,pos40,213280,ours-no-twohop,256,3,60,1.0000,1.0000,0.00000,0.838,1.507,1.733,0.924,3341.2,0.0,1511.5,302.2,13.0,16.0,0.0,0.0,373.4,0.0,0.00,pathseer:60
beir500k-rq1,pos40_cat19,pos40,213280,ours-no-twohop,512,1,60,1.0000,1.0000,0.00000,1.498,2.775,3.542,1.708,5555.6,0.0,2811.5,600.5,29.0,35.0,0.0,0.0,688.6,0.0,0.00,pathseer:60
beir500k-rq1,pos40_cat19,pos40,213280,ours-no-twohop,512,2,60,1.0000,1.0000,0.00000,1.526,2.818,3.340,1.700,5555.6,0.0,2811.5,600.5,29.0,35.0,0.0,0.0,688.6,0.0,0.00,pathseer:60
beir500k-rq1,pos40_cat19,pos40,213280,ours-no-twohop,512,3,60,1.0000,1.0000,0.00000,1.568,2.758,3.399,1.730,5555.6,0.0,2811.5,600.5,29.0,35.0,0.0,0.0,688.6,0.0,0.00,pathseer:60
beir500k-rq1,pos40_cat19,pos40,213280,ours-guard,64,1,60,0.9683,0.8667,0.00283,0.264,0.349,0.415,0.266,963.2,0.0,1268.1,71.5,4.0,4.0,0.0,0.0,202.8,0.0,0.00,pathseer:60
beir500k-rq1,pos40_cat19,pos40,213280,ours-guard,64,2,60,0.9683,0.8667,0.00283,0.252,0.355,0.376,0.260,963.2,0.0,1268.1,71.5,4.0,4.0,0.0,0.0,202.8,0.0,0.00,pathseer:60
beir500k-rq1,pos40_cat19,pos40,213280,ours-guard,64,3,60,0.9683,0.8667,0.00283,0.256,0.362,0.374,0.261,963.2,0.0,1268.1,71.5,4.0,4.0,0.0,0.0,202.8,0.0,0.00,pathseer:60
beir500k-rq1,pos40_cat19,pos40,213280,ours-guard,128,1,60,0.9817,0.9667,0.00266,0.475,0.701,0.767,0.496,1653.8,0.0,2204.4,143.2,7.0,7.0,0.0,0.0,375.9,0.0,0.00,pathseer:60
beir500k-rq1,pos40_cat19,pos40,213280,ours-guard,128,2,60,0.9817,0.9667,0.00266,0.447,0.685,0.779,0.475,1653.8,0.0,2204.4,143.2,7.0,7.0,0.0,0.0,375.9,0.0,0.00,pathseer:60
beir500k-rq1,pos40_cat19,pos40,213280,ours-guard,128,3,60,0.9817,0.9667,0.00266,0.444,0.640,0.752,0.465,1653.8,0.0,2204.4,143.2,7.0,7.0,0.0,0.0,375.9,0.0,0.00,pathseer:60
beir500k-rq1,pos40_cat19,pos40,213280,ours-guard,256,1,60,1.0000,1.0000,0.00000,0.866,1.392,1.700,0.921,2850.0,0.0,3829.9,289.4,13.0,16.0,0.0,0.0,679.7,0.0,0.00,pathseer:60
beir500k-rq1,pos40_cat19,pos40,213280,ours-guard,256,2,60,1.0000,1.0000,0.00000,0.915,1.496,1.662,0.968,2850.0,0.0,3829.9,289.4,13.0,16.0,0.0,0.0,679.7,0.0,0.00,pathseer:60
beir500k-rq1,pos40_cat19,pos40,213280,ours-guard,256,3,60,1.0000,1.0000,0.00000,0.850,1.405,1.655,0.914,2850.0,0.0,3829.9,289.4,13.0,16.0,0.0,0.0,679.7,0.0,0.00,pathseer:60
beir500k-rq1,pos40_cat19,pos40,213280,ours-guard,512,1,60,1.0000,1.0000,0.00000,1.512,2.439,2.927,1.632,4725.6,0.0,6456.9,577.1,29.0,35.0,0.0,0.0,1217.0,0.0,0.00,pathseer:60
beir500k-rq1,pos40_cat19,pos40,213280,ours-guard,512,2,60,1.0000,1.0000,0.00000,1.627,2.619,3.308,1.773,4725.6,0.0,6456.9,577.1,29.0,35.0,0.0,0.0,1217.0,0.0,0.00,pathseer:60
beir500k-rq1,pos40_cat19,pos40,213280,ours-guard,512,3,60,1.0000,1.0000,0.00000,1.517,2.448,2.952,1.636,4725.6,0.0,6456.9,577.1,29.0,35.0,0.0,0.0,1217.0,0.0,0.00,pathseer:60
beir500k-rq1,pos40_cat20,pos40,204763,sweeping,64,1,67,0.9955,0.9552,0.00011,0.327,0.623,0.945,0.556,1953.5,0.0,487.6,223.8,4.0,4.0,0.0,0.0,0.0,0.0,0.00,sweeping:67
beir500k-rq1,pos40_cat20,pos40,204763,sweeping,64,2,67,0.9955,0.9552,0.00011,0.321,0.617,1.014,0.565,1953.5,0.0,487.6,223.8,4.0,4.0,0.0,0.0,0.0,0.0,0.00,sweeping:67
beir500k-rq1,pos40_cat20,pos40,204763,sweeping,64,3,67,0.9955,0.9552,0.00011,0.315,0.644,0.913,0.555,1953.5,0.0,487.6,223.8,4.0,4.0,0.0,0.0,0.0,0.0,0.00,sweeping:67
beir500k-rq1,pos40_cat20,pos40,204763,sweeping,128,1,67,0.9985,0.9851,0.00008,0.556,1.150,1.541,0.865,3211.3,0.0,718.4,345.7,6.0,7.0,0.0,0.0,0.0,0.0,0.00,sweeping:67
beir500k-rq1,pos40_cat20,pos40,204763,sweeping,128,2,67,0.9985,0.9851,0.00008,0.550,1.135,1.545,0.875,3211.3,0.0,718.4,345.7,6.0,7.0,0.0,0.0,0.0,0.0,0.00,sweeping:67
beir500k-rq1,pos40_cat20,pos40,204763,sweeping,128,3,67,0.9985,0.9851,0.00008,0.568,1.142,1.564,0.867,3211.3,0.0,718.4,345.7,6.0,7.0,0.0,0.0,0.0,0.0,0.00,sweeping:67
beir500k-rq1,pos40_cat20,pos40,204763,sweeping,256,1,67,1.0000,1.0000,0.00000,1.095,2.209,2.795,1.465,5436.8,0.0,1118.6,535.6,11.0,15.0,0.0,0.0,0.0,0.0,0.00,sweeping:67
beir500k-rq1,pos40_cat20,pos40,204763,sweeping,256,2,67,1.0000,1.0000,0.00000,1.094,2.200,2.661,1.508,5436.8,0.0,1118.6,535.6,11.0,15.0,0.0,0.0,0.0,0.0,0.00,sweeping:67
beir500k-rq1,pos40_cat20,pos40,204763,sweeping,256,3,67,1.0000,1.0000,0.00000,1.132,2.145,2.693,1.482,5436.8,0.0,1118.6,535.6,11.0,15.0,0.0,0.0,0.0,0.0,0.00,sweeping:67
beir500k-rq1,pos40_cat20,pos40,204763,sweeping,512,1,67,1.0000,1.0000,0.00000,2.114,4.035,4.688,2.561,9445.0,0.0,1880.7,907.8,25.0,33.0,0.0,0.0,0.0,0.0,0.00,sweeping:67
beir500k-rq1,pos40_cat20,pos40,204763,sweeping,512,2,67,1.0000,1.0000,0.00000,2.116,3.993,4.583,2.541,9445.0,0.0,1880.7,907.8,25.0,33.0,0.0,0.0,0.0,0.0,0.00,sweeping:67
beir500k-rq1,pos40_cat20,pos40,204763,sweeping,512,3,67,1.0000,1.0000,0.00000,2.122,4.000,4.620,2.551,9445.0,0.0,1880.7,907.8,25.0,33.0,0.0,0.0,0.0,0.0,0.00,sweeping:67
beir500k-rq1,pos40_cat20,pos40,204763,pathseer,64,1,67,0.9970,0.9701,0.00009,0.319,0.452,0.671,0.384,1362.1,0.0,905.3,116.1,2.0,2.0,91.7,49.1,327.6,1.4,0.00,pathseer:67
beir500k-rq1,pos40_cat20,pos40,204763,pathseer,64,2,67,0.9970,0.9701,0.00009,0.319,0.509,0.658,0.386,1362.1,0.0,905.3,116.1,2.0,2.0,91.7,49.1,327.6,1.4,0.00,pathseer:67
beir500k-rq1,pos40_cat20,pos40,204763,pathseer,64,3,67,0.9970,0.9701,0.00009,0.333,0.457,0.685,0.393,1362.1,0.0,905.3,116.1,2.0,2.0,91.7,49.1,327.6,1.4,0.00,pathseer:67
beir500k-rq1,pos40_cat20,pos40,204763,pathseer,128,1,67,0.9985,0.9851,0.00008,0.575,0.829,1.019,0.693,2417.7,0.0,1561.9,239.1,3.0,3.0,158.6,88.5,509.7,2.5,0.00,pathseer:67
beir500k-rq1,pos40_cat20,pos40,204763,pathseer,128,2,67,0.9985,0.9851,0.00008,0.570,0.799,0.959,0.688,2417.7,0.0,1561.9,239.1,3.0,3.0,158.6,88.5,509.7,2.5,0.00,pathseer:67
beir500k-rq1,pos40_cat20,pos40,204763,pathseer,128,3,67,0.9985,0.9851,0.00008,0.568,0.835,0.974,0.686,2417.7,0.0,1561.9,239.1,3.0,3.0,158.6,88.5,509.7,2.5,0.00,pathseer:67
beir500k-rq1,pos40_cat20,pos40,204763,pathseer,256,1,67,1.0000,1.0000,0.00000,1.084,1.478,1.865,1.253,4244.4,0.0,2588.2,430.8,5.0,5.0,279.9,159.9,762.6,4.4,0.00,pathseer:67
beir500k-rq1,pos40_cat20,pos40,204763,pathseer,256,2,67,1.0000,1.0000,0.00000,1.074,1.443,1.752,1.218,4244.4,0.0,2588.2,430.8,5.0,5.0,279.9,159.9,762.6,4.4,0.00,pathseer:67
beir500k-rq1,pos40_cat20,pos40,204763,pathseer,256,3,67,1.0000,1.0000,0.00000,1.078,1.545,1.799,1.253,4244.4,0.0,2588.2,430.8,5.0,5.0,279.9,159.9,762.6,4.4,0.00,pathseer:67
beir500k-rq1,pos40_cat20,pos40,204763,pathseer,512,1,67,1.0000,1.0000,0.00000,2.008,2.791,3.157,2.234,7417.0,0.0,4550.1,788.7,9.0,10.0,580.8,321.8,1222.6,9.1,0.00,pathseer:67
beir500k-rq1,pos40_cat20,pos40,204763,pathseer,512,2,67,1.0000,1.0000,0.00000,2.066,2.830,3.248,2.311,7417.0,0.0,4550.1,788.7,9.0,10.0,580.8,321.8,1222.6,9.1,0.00,pathseer:67
beir500k-rq1,pos40_cat20,pos40,204763,pathseer,512,3,67,1.0000,1.0000,0.00000,1.983,2.829,3.418,2.306,7417.0,0.0,4550.1,788.7,9.0,10.0,580.8,321.8,1222.6,9.1,0.00,pathseer:67
beir500k-rq1,pos40_cat20,pos40,204763,ours-no-twohop,64,1,67,0.9970,0.9701,0.00009,0.305,0.471,0.692,0.395,1348.1,0.0,847.4,128.4,4.0,4.0,0.0,0.0,349.7,0.0,0.00,pathseer:67
beir500k-rq1,pos40_cat20,pos40,204763,ours-no-twohop,64,2,67,0.9970,0.9701,0.00009,0.298,0.520,0.689,0.391,1348.1,0.0,847.4,128.4,4.0,4.0,0.0,0.0,349.7,0.0,0.00,pathseer:67
beir500k-rq1,pos40_cat20,pos40,204763,ours-no-twohop,64,3,67,0.9970,0.9701,0.00009,0.302,0.466,0.621,0.376,1348.1,0.0,847.4,128.4,4.0,4.0,0.0,0.0,349.7,0.0,0.00,pathseer:67
beir500k-rq1,pos40_cat20,pos40,204763,ours-no-twohop,128,1,67,0.9985,0.9851,0.00008,0.548,0.853,0.990,0.676,2366.0,0.0,1373.0,242.6,6.0,7.0,0.0,0.0,512.9,0.0,0.00,pathseer:67
beir500k-rq1,pos40_cat20,pos40,204763,ours-no-twohop,128,2,67,0.9985,0.9851,0.00008,0.540,0.792,0.975,0.662,2366.0,0.0,1373.0,242.6,6.0,7.0,0.0,0.0,512.9,0.0,0.00,pathseer:67
beir500k-rq1,pos40_cat20,pos40,204763,ours-no-twohop,128,3,67,0.9985,0.9851,0.00008,0.538,0.816,0.983,0.665,2366.0,0.0,1373.0,242.6,6.0,7.0,0.0,0.0,512.9,0.0,0.00,pathseer:67
beir500k-rq1,pos40_cat20,pos40,204763,ours-no-twohop,256,1,67,1.0000,1.0000,0.00000,1.046,1.490,1.746,1.186,4179.2,0.0,2284.5,437.4,11.0,15.0,0.0,0.0,781.7,0.0,0.00,pathseer:67
beir500k-rq1,pos40_cat20,pos40,204763,ours-no-twohop,256,2,67,1.0000,1.0000,0.00000,1.034,1.525,1.761,1.196,4179.2,0.0,2284.5,437.4,11.0,15.0,0.0,0.0,781.7,0.0,0.00,pathseer:67
beir500k-rq1,pos40_cat20,pos40,204763,ours-no-twohop,256,3,67,1.0000,1.0000,0.00000,1.027,1.513,1.714,1.205,4179.2,0.0,2284.5,437.4,11.0,15.0,0.0,0.0,781.7,0.0,0.00,pathseer:67
beir500k-rq1,pos40_cat20,pos40,204763,ours-no-twohop,512,1,67,1.0000,1.0000,0.00000,1.995,2.970,3.791,2.253,7332.8,0.0,3967.0,796.1,25.0,33.0,0.0,0.0,1259.4,0.0,0.00,pathseer:67
beir500k-rq1,pos40_cat20,pos40,204763,ours-no-twohop,512,2,67,1.0000,1.0000,0.00000,1.927,2.810,3.350,2.202,7332.8,0.0,3967.0,796.1,25.0,33.0,0.0,0.0,1259.4,0.0,0.00,pathseer:67
beir500k-rq1,pos40_cat20,pos40,204763,ours-no-twohop,512,3,67,1.0000,1.0000,0.00000,2.012,2.913,3.278,2.331,7332.8,0.0,3967.0,796.1,25.0,33.0,0.0,0.0,1259.4,0.0,0.00,pathseer:67
beir500k-rq1,pos40_cat20,pos40,204763,ours-guard,64,1,67,0.9970,0.9701,0.00009,0.292,0.496,0.712,0.375,1142.2,0.0,1737.0,123.9,4.0,4.0,0.0,0.0,480.6,0.0,0.00,pathseer:67
beir500k-rq1,pos40_cat20,pos40,204763,ours-guard,64,2,67,0.9970,0.9701,0.00009,0.295,0.487,0.634,0.369,1142.2,0.0,1737.0,123.9,4.0,4.0,0.0,0.0,480.6,0.0,0.00,pathseer:67
beir500k-rq1,pos40_cat20,pos40,204763,ours-guard,64,3,67,0.9970,0.9701,0.00009,0.296,0.509,0.649,0.373,1142.2,0.0,1737.0,123.9,4.0,4.0,0.0,0.0,480.6,0.0,0.00,pathseer:67
beir500k-rq1,pos40_cat20,pos40,204763,ours-guard,128,1,67,0.9985,0.9851,0.00008,0.542,0.757,0.946,0.666,1982.9,0.0,2923.5,234.2,6.0,7.0,0.0,0.0,758.1,0.0,0.00,pathseer:67
beir500k-rq1,pos40_cat20,pos40,204763,ours-guard,128,2,67,0.9985,0.9851,0.00008,0.526,0.800,0.973,0.651,1982.9,0.0,2923.5,234.2,6.0,7.0,0.0,0.0,758.1,0.0,0.00,pathseer:67
beir500k-rq1,pos40_cat20,pos40,204763,ours-guard,128,3,67,0.9985,0.9851,0.00008,0.515,0.701,0.923,0.639,1982.9,0.0,2923.5,234.2,6.0,7.0,0.0,0.0,758.1,0.0,0.00,pathseer:67
beir500k-rq1,pos40_cat20,pos40,204763,ours-guard,256,1,67,1.0000,1.0000,0.00000,0.990,1.320,1.615,1.143,3491.1,0.0,5030.8,421.5,11.0,15.0,0.0,0.0,1223.2,0.0,0.00,pathseer:67
beir500k-rq1,pos40_cat20,pos40,204763,ours-guard,256,2,67,1.0000,1.0000,0.00000,0.999,1.318,1.754,1.155,3491.1,0.0,5030.8,421.5,11.0,15.0,0.0,0.0,1223.2,0.0,0.00,pathseer:67
beir500k-rq1,pos40_cat20,pos40,204763,ours-guard,256,3,67,1.0000,1.0000,0.00000,1.009,1.436,1.669,1.179,3491.1,0.0,5030.8,421.5,11.0,15.0,0.0,0.0,1223.2,0.0,0.00,pathseer:67
beir500k-rq1,pos40_cat20,pos40,204763,ours-guard,512,1,67,1.0000,1.0000,0.00000,1.837,2.455,3.068,2.125,6075.3,0.0,8718.8,766.4,25.0,33.0,0.0,0.0,2067.4,0.0,0.00,pathseer:67
beir500k-rq1,pos40_cat20,pos40,204763,ours-guard,512,2,67,1.0000,1.0000,0.00000,1.897,2.462,3.141,2.090,6075.3,0.0,8718.8,766.4,25.0,33.0,0.0,0.0,2067.4,0.0,0.00,pathseer:67
beir500k-rq1,pos40_cat20,pos40,204763,ours-guard,512,3,67,1.0000,1.0000,0.00000,1.844,2.472,3.145,2.141,6075.3,0.0,8718.8,766.4,25.0,33.0,0.0,0.0,2067.4,0.0,0.00,pathseer:67
beir500k-rq1,pos40_cat21,pos40,209359,sweeping,64,1,61,0.9967,0.9672,0.00005,0.281,0.518,0.853,0.310,1369.1,0.0,211.8,74.5,4.0,4.0,0.0,0.0,0.0,0.0,0.00,sweeping:61
beir500k-rq1,pos40_cat21,pos40,209359,sweeping,64,2,61,0.9967,0.9672,0.00005,0.273,0.484,0.763,0.299,1369.1,0.0,211.8,74.5,4.0,4.0,0.0,0.0,0.0,0.0,0.00,sweeping:61
beir500k-rq1,pos40_cat21,pos40,209359,sweeping,64,3,61,0.9967,0.9672,0.00005,0.275,0.463,0.740,0.300,1369.1,0.0,211.8,74.5,4.0,4.0,0.0,0.0,0.0,0.0,0.00,sweeping:61
beir500k-rq1,pos40_cat21,pos40,209359,sweeping,128,1,61,0.9967,0.9672,0.00005,0.531,0.954,1.746,0.574,2456.0,0.0,382.8,149.4,7.0,7.0,0.0,0.0,0.0,0.0,0.00,sweeping:61
beir500k-rq1,pos40_cat21,pos40,209359,sweeping,128,2,61,0.9967,0.9672,0.00005,0.508,0.933,1.685,0.557,2456.0,0.0,382.8,149.4,7.0,7.0,0.0,0.0,0.0,0.0,0.00,sweeping:61
beir500k-rq1,pos40_cat21,pos40,209359,sweeping,128,3,61,0.9967,0.9672,0.00005,0.498,0.950,1.647,0.547,2456.0,0.0,382.8,149.4,7.0,7.0,0.0,0.0,0.0,0.0,0.00,sweeping:61
beir500k-rq1,pos40_cat21,pos40,209359,sweeping,256,1,61,0.9984,0.9836,0.00000,0.977,1.824,2.925,1.075,4377.0,0.0,711.7,299.1,13.0,14.0,0.0,0.0,0.0,0.0,0.00,sweeping:61
beir500k-rq1,pos40_cat21,pos40,209359,sweeping,256,2,61,0.9984,0.9836,0.00000,1.031,1.873,2.927,1.116,4377.0,0.0,711.7,299.1,13.0,14.0,0.0,0.0,0.0,0.0,0.00,sweeping:61
beir500k-rq1,pos40_cat21,pos40,209359,sweeping,256,3,61,0.9984,0.9836,0.00000,0.971,1.844,3.026,1.075,4377.0,0.0,711.7,299.1,13.0,14.0,0.0,0.0,0.0,0.0,0.00,sweeping:61
beir500k-rq1,pos40_cat21,pos40,209359,sweeping,512,1,61,0.9984,0.9836,0.00000,1.875,3.623,5.103,2.043,7616.0,0.0,1342.3,600.7,26.0,29.0,0.0,0.0,0.0,0.0,0.00,sweeping:61
beir500k-rq1,pos40_cat21,pos40,209359,sweeping,512,2,61,1.0000,1.0000,0.00000,1.835,3.614,5.054,1.993,7616.0,0.0,1342.3,600.7,26.0,29.0,0.0,0.0,0.0,0.0,0.00,sweeping:61
beir500k-rq1,pos40_cat21,pos40,209359,sweeping,512,3,61,0.9984,0.9836,0.00000,1.855,3.573,5.028,1.993,7616.0,0.0,1342.3,600.7,26.0,29.0,0.0,0.0,0.0,0.0,0.00,sweeping:61
beir500k-rq1,pos40_cat21,pos40,209359,pathseer,64,1,61,0.9951,0.9508,0.00005,0.277,0.363,0.394,0.284,1266.0,0.0,449.8,69.2,2.0,2.0,81.8,58.9,55.3,1.3,0.00,pathseer:61
beir500k-rq1,pos40_cat21,pos40,209359,pathseer,64,2,61,0.9951,0.9508,0.00005,0.285,0.371,0.377,0.287,1266.0,0.0,449.8,69.2,2.0,2.0,81.8,58.9,55.3,1.3,0.00,pathseer:61
beir500k-rq1,pos40_cat21,pos40,209359,pathseer,64,3,61,0.9951,0.9508,0.00005,0.275,0.354,0.387,0.280,1266.0,0.0,449.8,69.2,2.0,2.0,81.8,58.9,55.3,1.3,0.00,pathseer:61
beir500k-rq1,pos40_cat21,pos40,209359,pathseer,128,1,61,0.9967,0.9672,0.00005,0.530,0.733,0.796,0.542,2209.1,0.0,843.6,137.2,3.0,3.0,141.6,103.0,127.0,2.2,0.00,pathseer:61
beir500k-rq1,pos40_cat21,pos40,209359,pathseer,128,2,61,0.9967,0.9672,0.00005,0.506,0.685,0.795,0.524,2209.1,0.0,843.6,137.2,3.0,3.0,141.6,103.0,127.0,2.2,0.00,pathseer:61
beir500k-rq1,pos40_cat21,pos40,209359,pathseer,128,3,61,0.9967,0.9672,0.00005,0.509,0.666,0.756,0.520,2209.1,0.0,843.6,137.2,3.0,3.0,141.6,103.0,127.0,2.2,0.00,pathseer:61
beir500k-rq1,pos40_cat21,pos40,209359,pathseer,256,1,61,1.0000,1.0000,0.00000,0.978,1.283,1.301,0.994,3882.7,0.0,1602.5,275.2,5.0,5.0,263.3,184.9,264.2,4.1,0.00,pathseer:61
beir500k-rq1,pos40_cat21,pos40,209359,pathseer,256,2,61,1.0000,1.0000,0.00000,1.046,1.356,1.406,1.061,3882.7,0.0,1602.5,275.2,5.0,5.0,263.3,184.9,264.2,4.1,0.00,pathseer:61
beir500k-rq1,pos40_cat21,pos40,209359,pathseer,256,3,61,0.9984,0.9836,0.00000,0.989,1.247,1.352,1.014,3882.7,0.0,1602.5,275.2,5.0,5.0,263.3,184.9,264.2,4.1,0.00,pathseer:61
beir500k-rq1,pos40_cat21,pos40,209359,pathseer,512,1,61,0.9984,0.9836,0.00000,1.820,2.344,2.706,1.839,6663.6,0.0,3079.2,550.9,9.0,9.0,535.1,361.3,535.6,8.4,0.00,pathseer:61
beir500k-rq1,pos40_cat21,pos40,209359,pathseer,512,2,61,1.0000,1.0000,0.00000,1.832,2.404,2.616,1.869,6663.6,0.0,3079.2,550.9,9.0,9.0,535.1,361.3,535.6,8.4,0.00,pathseer:61
beir500k-rq1,pos40_cat21,pos40,209359,pathseer,512,3,61,1.0000,1.0000,0.00000,1.812,2.338,2.629,1.830,6663.6,0.0,3079.2,550.9,9.0,9.0,535.1,361.3,535.6,8.4,0.00,pathseer:61
beir500k-rq1,pos40_cat21,pos40,209359,ours-no-twohop,64,1,61,0.9967,0.9672,0.00005,0.272,0.393,0.424,0.287,1223.3,0.0,341.1,69.5,4.0,4.0,0.0,0.0,56.3,0.0,0.00,pathseer:61
beir500k-rq1,pos40_cat21,pos40,209359,ours-no-twohop,64,2,61,0.9967,0.9672,0.00005,0.268,0.355,0.432,0.280,1223.3,0.0,341.1,69.5,4.0,4.0,0.0,0.0,56.3,0.0,0.00,pathseer:61
beir500k-rq1,pos40_cat21,pos40,209359,ours-no-twohop,64,3,61,0.9967,0.9672,0.00005,0.262,0.365,0.370,0.274,1223.3,0.0,341.1,69.5,4.0,4.0,0.0,0.0,56.3,0.0,0.00,pathseer:61
beir500k-rq1,pos40_cat21,pos40,209359,ours-no-twohop,128,1,61,0.9967,0.9672,0.00005,0.482,0.652,0.703,0.495,2148.0,0.0,670.0,138.8,7.0,7.0,0.0,0.0,139.3,0.0,0.00,pathseer:61
beir500k-rq1,pos40_cat21,pos40,209359,ours-no-twohop,128,2,61,0.9967,0.9672,0.00005,0.480,0.645,0.702,0.493,2148.0,0.0,670.0,138.8,7.0,7.0,0.0,0.0,139.3,0.0,0.00,pathseer:61
beir500k-rq1,pos40_cat21,pos40,209359,ours-no-twohop,128,3,61,0.9967,0.9672,0.00005,0.480,0.652,0.714,0.492,2148.0,0.0,670.0,138.8,7.0,7.0,0.0,0.0,139.3,0.0,0.00,pathseer:61
beir500k-rq1,pos40_cat21,pos40,209359,ours-no-twohop,256,1,61,1.0000,1.0000,0.00000,0.925,1.220,1.288,0.944,3803.2,0.0,1300.5,278.1,13.0,14.0,0.0,0.0,291.1,0.0,0.00,pathseer:61
beir500k-rq1,pos40_cat21,pos40,209359,ours-no-twohop,256,2,61,0.9984,0.9836,0.00000,0.949,1.240,1.407,0.976,3803.2,0.0,1300.5,278.1,13.0,14.0,0.0,0.0,291.1,0.0,0.00,pathseer:61
beir500k-rq1,pos40_cat21,pos40,209359,ours-no-twohop,256,3,61,0.9984,0.9836,0.00000,0.967,1.282,1.335,0.995,3803.2,0.0,1300.5,278.1,13.0,14.0,0.0,0.0,291.1,0.0,0.00,pathseer:61
beir500k-rq1,pos40_cat21,pos40,209359,ours-no-twohop,512,1,61,0.9984,0.9836,0.00000,1.836,2.397,3.108,1.865,6558.4,0.0,2506.5,557.2,26.0,29.0,0.0,0.0,577.5,0.0,0.00,pathseer:61
beir500k-rq1,pos40_cat21,pos40,209359,ours-no-twohop,512,2,61,1.0000,1.0000,0.00000,1.825,2.446,2.678,1.826,6558.4,0.0,2506.5,557.2,26.0,29.0,0.0,0.0,577.5,0.0,0.00,pathseer:61
beir500k-rq1,pos40_cat21,pos40,209359,ours-no-twohop,512,3,61,1.0000,1.0000,0.00000,1.917,2.651,2.831,1.937,6558.4,0.0,2506.5,557.2,26.0,29.0,0.0,0.0,577.5,0.0,0.00,pathseer:61
beir500k-rq1,pos40_cat21,pos40,209359,ours-guard,64,1,61,0.9967,0.9672,0.00005,0.270,0.353,0.383,0.276,1092.4,0.0,1350.7,67.9,4.0,4.0,0.0,0.0,155.5,0.0,0.00,pathseer:61
beir500k-rq1,pos40_cat21,pos40,209359,ours-guard,64,2,61,0.9967,0.9672,0.00005,0.265,0.353,0.392,0.275,1092.4,0.0,1350.7,67.9,4.0,4.0,0.0,0.0,155.5,0.0,0.00,pathseer:61
beir500k-rq1,pos40_cat21,pos40,209359,ours-guard,64,3,61,0.9967,0.9672,0.00005,0.264,0.366,0.396,0.276,1092.4,0.0,1350.7,67.9,4.0,4.0,0.0,0.0,155.5,0.0,0.00,pathseer:61
beir500k-rq1,pos40_cat21,pos40,209359,ours-guard,128,1,61,0.9984,0.9836,0.00005,0.510,0.661,0.695,0.519,1899.6,0.0,2387.5,134.5,7.0,7.0,0.0,0.0,307.3,0.0,0.00,pathseer:61
beir500k-rq1,pos40_cat21,pos40,209359,ours-guard,128,2,61,0.9984,0.9836,0.00005,0.520,0.680,0.744,0.531,1899.6,0.0,2387.5,134.5,7.0,7.0,0.0,0.0,307.3,0.0,0.00,pathseer:61
beir500k-rq1,pos40_cat21,pos40,209359,ours-guard,128,3,61,0.9984,0.9836,0.00005,0.484,0.636,0.659,0.498,1899.6,0.0,2387.5,134.5,7.0,7.0,0.0,0.0,307.3,0.0,0.00,pathseer:61
beir500k-rq1,pos40_cat21,pos40,209359,ours-guard,256,1,61,0.9984,0.9836,0.00000,0.941,1.217,1.304,0.961,3335.3,0.0,4267.3,269.0,13.0,14.0,0.0,0.0,609.3,0.0,0.00,pathseer:61
beir500k-rq1,pos40_cat21,pos40,209359,ours-guard,256,2,61,0.9984,0.9836,0.00000,0.940,1.151,1.229,0.940,3335.3,0.0,4267.3,269.0,13.0,14.0,0.0,0.0,609.3,0.0,0.00,pathseer:61
beir500k-rq1,pos40_cat21,pos40,209359,ours-guard,256,3,61,1.0000,1.0000,0.00000,0.937,1.189,1.201,0.931,3335.3,0.0,4267.3,269.0,13.0,14.0,0.0,0.0,609.3,0.0,0.00,pathseer:61
beir500k-rq1,pos40_cat21,pos40,209359,ours-guard,512,1,61,1.0000,1.0000,0.00000,1.729,2.160,2.328,1.732,5692.4,0.0,7462.6,541.1,26.0,29.0,0.0,0.0,1194.9,0.0,0.00,pathseer:61
beir500k-rq1,pos40_cat21,pos40,209359,ours-guard,512,2,61,0.9984,0.9836,0.00000,1.783,2.381,2.500,1.835,5692.4,0.0,7462.6,541.1,26.0,29.0,0.0,0.0,1194.9,0.0,0.00,pathseer:61
beir500k-rq1,pos40_cat21,pos40,209359,ours-guard,512,3,61,0.9984,0.9836,0.00000,1.765,2.258,2.364,1.762,5692.4,0.0,7462.6,541.1,26.0,29.0,0.0,0.0,1194.9,0.0,0.00,pathseer:61
beir500k-rq1,neg10_cat00,neg10,63950,sweeping,64,1,12,1.0000,1.0000,0.00000,1.136,1.897,3.357,1.243,7318.4,0.0,1090.3,446.9,3.0,14.0,0.0,0.0,0.0,0.0,0.00,sweeping:12
beir500k-rq1,neg10_cat00,neg10,63950,sweeping,64,2,12,1.0000,1.0000,0.00000,1.133,1.840,3.190,1.206,7318.4,0.0,1090.3,446.9,3.0,14.0,0.0,0.0,0.0,0.0,0.00,sweeping:12
beir500k-rq1,neg10_cat00,neg10,63950,sweeping,64,3,12,1.0000,1.0000,0.00000,1.120,2.054,3.208,1.291,7318.4,0.0,1090.3,446.9,3.0,14.0,0.0,0.0,0.0,0.0,0.00,sweeping:12
beir500k-rq1,neg10_cat00,neg10,63950,sweeping,128,1,12,1.0000,1.0000,0.00000,2.000,3.103,6.287,2.266,11998.8,0.0,1994.7,833.8,5.0,27.0,0.0,0.0,0.0,0.0,0.00,sweeping:12
beir500k-rq1,neg10_cat00,neg10,63950,sweeping,128,2,12,1.0000,1.0000,0.00000,2.023,3.103,6.368,2.274,11998.8,0.0,1994.7,833.8,5.0,27.0,0.0,0.0,0.0,0.0,0.00,sweeping:12
beir500k-rq1,neg10_cat00,neg10,63950,sweeping,128,3,12,1.0000,1.0000,0.00000,2.065,3.114,6.379,2.286,11998.8,0.0,1994.7,833.8,5.0,27.0,0.0,0.0,0.0,0.0,0.00,sweeping:12
beir500k-rq1,neg10_cat00,neg10,63950,sweeping,256,1,12,1.0000,1.0000,0.00000,3.960,6.327,12.789,4.612,20618.2,0.0,3689.8,1652.9,9.0,60.0,0.0,0.0,0.0,0.0,0.00,sweeping:12
beir500k-rq1,neg10_cat00,neg10,63950,sweeping,256,2,12,1.0000,1.0000,0.00000,3.779,6.041,11.406,4.338,20618.2,0.0,3689.8,1652.9,9.0,60.0,0.0,0.0,0.0,0.0,0.00,sweeping:12
beir500k-rq1,neg10_cat00,neg10,63950,sweeping,256,3,12,1.0000,1.0000,0.00000,3.784,6.114,11.430,4.332,20618.2,0.0,3689.8,1652.9,9.0,60.0,0.0,0.0,0.0,0.0,0.00,sweeping:12
beir500k-rq1,neg10_cat00,neg10,63950,sweeping,512,1,12,1.0000,1.0000,0.00000,6.915,11.385,18.296,7.702,34007.6,0.0,6572.8,3119.3,22.0,120.0,0.0,0.0,0.0,0.0,0.00,sweeping:12
beir500k-rq1,neg10_cat00,neg10,63950,sweeping,512,2,12,1.0000,1.0000,0.00000,7.020,11.362,18.827,7.923,34007.6,0.0,6572.8,3119.3,22.0,120.0,0.0,0.0,0.0,0.0,0.00,sweeping:12
beir500k-rq1,neg10_cat00,neg10,63950,sweeping,512,3,12,1.0000,1.0000,0.00000,7.083,11.145,18.519,7.853,34007.6,0.0,6572.8,3119.3,22.0,120.0,0.0,0.0,0.0,0.0,0.00,sweeping:12
beir500k-rq1,neg10_cat00,neg10,63950,pathseer,64,1,12,0.9917,0.9167,0.00017,0.436,0.555,0.685,0.439,1769.6,0.0,2760.2,173.2,3.0,9.0,112.0,23.5,1793.8,1.8,0.00,pathseer:12
beir500k-rq1,neg10_cat00,neg10,63950,pathseer,64,2,12,0.9917,0.9167,0.00017,0.418,0.542,0.715,0.441,1769.6,0.0,2760.2,173.2,3.0,9.0,112.0,23.5,1793.8,1.8,0.00,pathseer:12
beir500k-rq1,neg10_cat00,neg10,63950,pathseer,64,3,12,0.9917,0.9167,0.00017,0.437,0.520,0.713,0.446,1769.6,0.0,2760.2,173.2,3.0,9.0,112.0,23.5,1793.8,1.8,0.00,pathseer:12
beir500k-rq1,neg10_cat00,neg10,63950,pathseer,128,1,12,0.9917,0.9167,0.00017,0.833,0.993,1.804,0.892,3164.5,0.0,5293.3,366.1,4.0,19.0,202.7,42.2,3445.2,3.2,0.00,pathseer:12
beir500k-rq1,neg10_cat00,neg10,63950,pathseer,128,2,12,0.9917,0.9167,0.00017,0.787,0.919,1.926,0.845,3164.5,0.0,5293.3,366.1,4.0,19.0,202.7,42.2,3445.2,3.2,0.00,pathseer:12
beir500k-rq1,neg10_cat00,neg10,63950,pathseer,128,3,12,0.9917,0.9167,0.00017,0.773,1.023,1.690,0.823,3164.5,0.0,5293.3,366.1,4.0,19.0,202.7,42.2,3445.2,3.2,0.00,pathseer:12
beir500k-rq1,neg10_cat00,neg10,63950,pathseer,256,1,12,0.9917,0.9167,0.00017,1.665,1.965,3.416,1.725,5463.1,0.0,9733.9,742.7,7.0,39.0,400.0,85.2,6324.1,6.2,0.00,pathseer:12
beir500k-rq1,neg10_cat00,neg10,63950,pathseer,256,2,12,0.9917,0.9167,0.00017,1.676,1.965,3.535,1.697,5463.1,0.0,9733.9,742.7,7.0,39.0,400.0,85.2,6324.1,6.2,0.00,pathseer:12
beir500k-rq1,neg10_cat00,neg10,63950,pathseer,256,3,12,0.9917,0.9167,0.00017,1.585,1.814,3.322,1.631,5463.1,0.0,9733.9,742.7,7.0,39.0,400.0,85.2,6324.1,6.2,0.00,pathseer:12
beir500k-rq1,neg10_cat00,neg10,63950,pathseer,512,1,12,1.0000,1.0000,0.00000,3.382,4.699,7.626,3.781,9778.5,0.0,18457.1,1586.0,14.0,83.0,821.3,167.9,11601.0,12.8,0.00,pathseer:12
beir500k-rq1,neg10_cat00,neg10,63950,pathseer,512,2,12,1.0000,1.0000,0.00000,3.457,4.505,7.239,3.725,9778.5,0.0,18457.1,1586.0,14.0,83.0,821.3,167.9,11601.0,12.8,0.00,pathseer:12
beir500k-rq1,neg10_cat00,neg10,63950,pathseer,512,3,12,1.0000,1.0000,0.00000,3.435,4.588,7.276,3.725,9778.5,0.0,18457.1,1586.0,14.0,83.0,821.3,167.9,11601.0,12.8,0.00,pathseer:12
beir500k-rq1,neg10_cat00,neg10,63950,ours-no-twohop,64,1,12,0.9917,0.9167,0.00018,0.580,0.703,0.886,0.579,1874.1,0.0,3028.6,195.3,3.0,14.0,0.0,0.0,2043.5,0.0,0.00,pathseer:12
beir500k-rq1,neg10_cat00,neg10,63950,ours-no-twohop,64,2,12,0.9917,0.9167,0.00018,0.555,0.704,0.815,0.537,1874.1,0.0,3028.6,195.3,3.0,14.0,0.0,0.0,2043.5,0.0,0.00,pathseer:12
beir500k-rq1,neg10_cat00,neg10,63950,ours-no-twohop,64,3,12,0.9917,0.9167,0.00018,0.511,0.690,0.884,0.549,1874.1,0.0,3028.6,195.3,3.0,14.0,0.0,0.0,2043.5,0.0,0.00,pathseer:12
beir500k-rq1,neg10_cat00,neg10,63950,ours-no-twohop,128,1,12,0.9917,0.9167,0.00017,1.079,1.279,2.384,1.135,3332.8,0.0,5740.4,408.5,5.0,27.0,0.0,0.0,3865.9,0.0,0.00,pathseer:12
beir500k-rq1,neg10_cat00,neg10,63950,ours-no-twohop,128,2,12,0.9917,0.9167,0.00017,0.854,0.980,1.952,0.909,3332.8,0.0,5740.4,408.5,5.0,27.0,0.0,0.0,3865.9,0.0,0.00,pathseer:12
beir500k-rq1,neg10_cat00,neg10,63950,ours-no-twohop,128,3,12,0.9917,0.9167,0.00017,0.841,0.965,1.786,0.863,3332.8,0.0,5740.4,408.5,5.0,27.0,0.0,0.0,3865.9,0.0,0.00,pathseer:12
beir500k-rq1,neg10_cat00,neg10,63950,ours-no-twohop,256,1,12,1.0000,1.0000,0.00000,1.783,2.434,4.134,1.985,5862.5,0.0,10739.2,855.2,9.0,60.0,0.0,0.0,7158.1,0.0,0.00,pathseer:12
beir500k-rq1,neg10_cat00,neg10,63950,ours-no-twohop,256,2,12,1.0000,1.0000,0.00000,1.761,2.356,3.970,1.888,5862.5,0.0,10739.2,855.2,9.0,60.0,0.0,0.0,7158.1,0.0,0.00,pathseer:12
beir500k-rq1,neg10_cat00,neg10,63950,ours-no-twohop,256,3,12,1.0000,1.0000,0.00000,1.863,2.420,3.873,1.911,5862.5,0.0,10739.2,855.2,9.0,60.0,0.0,0.0,7158.1,0.0,0.00,pathseer:12
beir500k-rq1,neg10_cat00,neg10,63950,ours-no-twohop,512,1,12,1.0000,1.0000,0.00000,3.440,4.914,7.133,3.752,10225.4,0.0,18947.3,1716.5,22.0,120.0,0.0,0.0,12238.8,0.0,0.00,pathseer:12
beir500k-rq1,neg10_cat00,neg10,63950,ours-no-twohop,512,2,12,1.0000,1.0000,0.00000,3.531,4.775,7.200,3.794,10225.4,0.0,18947.3,1716.5,22.0,120.0,0.0,0.0,12238.8,0.0,0.00,pathseer:12
beir500k-rq1,neg10_cat00,neg10,63950,ours-no-twohop,512,3,12,1.0000,1.0000,0.00000,3.623,4.747,8.309,3.898,10225.4,0.0,18947.3,1716.5,22.0,120.0,0.0,0.0,12238.8,0.0,0.00,pathseer:12
beir500k-rq1,neg10_cat00,neg10,63950,ours-guard,64,1,12,0.9833,0.8333,0.00020,0.387,0.572,0.643,0.406,1378.2,0.0,3536.8,170.1,3.0,14.0,0.0,0.0,2063.1,0.0,0.00,pathseer:12
beir500k-rq1,neg10_cat00,neg10,63950,ours-guard,64,2,12,0.9833,0.8333,0.00020,0.432,0.643,0.644,0.437,1378.2,0.0,3536.8,170.1,3.0,14.0,0.0,0.0,2063.1,0.0,0.00,pathseer:12
beir500k-rq1,neg10_cat00,neg10,63950,ours-guard,64,3,12,0.9833,0.8333,0.00020,0.412,0.569,0.671,0.425,1378.2,0.0,3536.8,170.1,3.0,14.0,0.0,0.0,2063.1,0.0,0.00,pathseer:12
beir500k-rq1,neg10_cat00,neg10,63950,ours-guard,128,1,12,0.9917,0.9167,0.00017,0.729,0.892,1.633,0.777,2516.4,0.0,6748.2,371.1,5.0,27.0,0.0,0.0,4059.5,0.0,0.00,pathseer:12
beir500k-rq1,neg10_cat00,neg10,63950,ours-guard,128,2,12,0.9917,0.9167,0.00017,0.739,0.875,1.634,0.778,2516.4,0.0,6748.2,371.1,5.0,27.0,0.0,0.0,4059.5,0.0,0.00,pathseer:12
beir500k-rq1,neg10_cat00,neg10,63950,ours-guard,128,3,12,0.9917,0.9167,0.00017,0.728,0.882,1.633,0.777,2516.4,0.0,6748.2,371.1,5.0,27.0,0.0,0.0,4059.5,0.0,0.00,pathseer:12
beir500k-rq1,neg10_cat00,neg10,63950,ours-guard,256,1,12,1.0000,1.0000,0.00000,1.453,2.000,3.246,1.563,4497.6,0.0,12376.4,786.2,9.0,60.0,0.0,0.0,7549.0,0.0,0.00,pathseer:12
beir500k-rq1,neg10_cat00,neg10,63950,ours-guard,256,2,12,1.0000,1.0000,0.00000,1.481,2.010,3.332,1.587,4497.6,0.0,12376.4,786.2,9.0,60.0,0.0,0.0,7549.0,0.0,0.00,pathseer:12
beir500k-rq1,neg10_cat00,neg10,63950,ours-guard,256,3,12,1.0000,1.0000,0.00000,1.602,2.164,3.430,1.660,4497.6,0.0,12376.4,786.2,9.0,60.0,0.0,0.0,7549.0,0.0,0.00,pathseer:12
beir500k-rq1,neg10_cat00,neg10,63950,ours-guard,512,1,12,1.0000,1.0000,0.00000,3.109,4.554,6.823,3.419,7971.5,0.0,21540.3,1592.0,22.0,120.0,0.0,0.0,12960.2,0.0,0.00,pathseer:12
beir500k-rq1,neg10_cat00,neg10,63950,ours-guard,512,2,12,1.0000,1.0000,0.00000,3.098,4.186,6.656,3.372,7971.5,0.0,21540.3,1592.0,22.0,120.0,0.0,0.0,12960.2,0.0,0.00,pathseer:12
beir500k-rq1,neg10_cat00,neg10,63950,ours-guard,512,3,12,1.0000,1.0000,0.00000,3.034,4.285,6.490,3.264,7971.5,0.0,21540.3,1592.0,22.0,120.0,0.0,0.0,12960.2,0.0,0.00,pathseer:12
beir500k-rq1,neg10_cat00,neg10,63950,acorn,64,1,12,0.9667,0.7500,0.00055,0.735,1.055,1.258,0.716,1672.2,10.0,8617.3,66.1,3.0,3.0,0.0,0.0,0.0,0.0,0.00,acorn:9|rre:3
beir500k-rq1,neg10_cat00,neg10,63950,acorn,64,2,12,0.9667,0.7500,0.00055,0.711,1.031,1.181,0.694,1672.2,10.0,8617.3,66.1,3.0,3.0,0.0,0.0,0.0,0.0,0.00,acorn:9|rre:3
beir500k-rq1,neg10_cat00,neg10,63950,acorn,64,3,12,0.9667,0.7500,0.00055,0.701,1.055,1.218,0.706,1672.2,10.0,8617.3,66.1,3.0,3.0,0.0,0.0,0.0,0.0,0.00,acorn:9|rre:3
beir500k-rq1,neg10_cat00,neg10,63950,acorn,128,1,12,0.9833,0.8333,0.00020,1.472,2.388,2.519,1.485,2719.8,10.0,13785.8,130.1,4.0,4.0,0.0,0.0,0.0,0.0,0.00,acorn:9|rre:3
beir500k-rq1,neg10_cat00,neg10,63950,acorn,128,2,12,0.9833,0.8333,0.00020,1.243,2.094,2.217,1.275,2719.8,10.0,13785.8,130.1,4.0,4.0,0.0,0.0,0.0,0.0,0.00,acorn:9|rre:3
beir500k-rq1,neg10_cat00,neg10,63950,acorn,128,3,12,0.9833,0.8333,0.00020,1.261,1.872,1.898,1.205,2719.8,10.0,13785.8,130.1,4.0,4.0,0.0,0.0,0.0,0.0,0.00,acorn:9|rre:3
beir500k-rq1,neg10_cat00,neg10,63950,acorn,256,1,12,0.9833,0.8333,0.00018,2.317,3.587,3.813,2.219,4426.5,10.0,21792.4,257.9,6.0,6.0,0.0,0.0,0.0,0.0,0.00,acorn:9|rre:3
beir500k-rq1,neg10_cat00,neg10,63950,acorn,256,2,12,0.9833,0.8333,0.00018,2.461,3.180,3.493,2.124,4426.5,10.0,21792.4,257.9,6.0,6.0,0.0,0.0,0.0,0.0,0.00,acorn:9|rre:3
beir500k-rq1,neg10_cat00,neg10,63950,acorn,256,3,12,0.9833,0.8333,0.00018,2.790,3.585,3.707,2.327,4426.5,10.0,21792.4,257.9,6.0,6.0,0.0,0.0,0.0,0.0,0.00,acorn:9|rre:3
beir500k-rq1,neg10_cat00,neg10,63950,acorn,512,1,12,0.9917,0.9167,0.00017,4.631,6.196,6.787,4.133,7333.9,10.0,34644.0,514.1,14.0,14.0,0.0,0.0,0.0,0.0,0.00,acorn:9|rre:3
beir500k-rq1,neg10_cat00,neg10,63950,acorn,512,2,12,0.9917,0.9167,0.00017,4.292,6.263,6.886,4.176,7333.9,10.0,34644.0,514.1,14.0,14.0,0.0,0.0,0.0,0.0,0.00,acorn:9|rre:3
beir500k-rq1,neg10_cat00,neg10,63950,acorn,512,3,12,0.9917,0.9167,0.00017,4.501,5.906,6.796,4.103,7333.9,10.0,34644.0,514.1,14.0,14.0,0.0,0.0,0.0,0.0,0.00,acorn:9|rre:3
beir500k-rq1,neg10_cat01,neg10,61585,sweeping,64,1,22,0.9818,0.8182,0.00025,11.465,18.667,20.348,11.428,42311.3,0.0,11379.0,6898.7,4.0,400.0,0.0,0.0,0.0,0.0,0.00,sweeping:22
beir500k-rq1,neg10_cat01,neg10,61585,sweeping,64,2,22,0.9818,0.8182,0.00025,11.578,17.098,20.484,11.258,42311.3,0.0,11379.0,6898.7,4.0,400.0,0.0,0.0,0.0,0.0,0.00,sweeping:22
beir500k-rq1,neg10_cat01,neg10,61585,sweeping,64,3,22,0.9818,0.8182,0.00025,10.978,17.233,20.319,11.252,42311.3,0.0,11379.0,6898.7,4.0,400.0,0.0,0.0,0.0,0.0,0.00,sweeping:22
beir500k-rq1,neg10_cat01,neg10,61585,sweeping,128,1,22,0.9909,0.9091,0.00006,15.153,24.405,28.431,15.814,57190.5,0.0,16079.8,9683.6,6.0,742.0,0.0,0.0,0.0,0.0,0.00,sweeping:22
beir500k-rq1,neg10_cat01,neg10,61585,sweeping,128,2,22,0.9909,0.9091,0.00006,15.329,25.538,26.778,15.933,57190.5,0.0,16079.8,9683.6,6.0,742.0,0.0,0.0,0.0,0.0,0.00,sweeping:22
beir500k-rq1,neg10_cat01,neg10,61585,sweeping,128,3,22,0.9909,0.9091,0.00006,15.572,26.291,27.794,16.450,57190.5,0.0,16079.8,9683.6,6.0,742.0,0.0,0.0,0.0,0.0,0.00,sweeping:22
beir500k-rq1,neg10_cat01,neg10,61585,sweeping,256,1,22,0.9955,0.9545,0.00006,23.897,37.927,38.039,24.101,78530.3,0.0,22831.2,13652.6,11.0,1340.0,0.0,0.0,0.0,0.0,0.00,sweeping:22
beir500k-rq1,neg10_cat01,neg10,61585,sweeping,256,2,22,0.9955,0.9545,0.00006,24.156,39.069,40.599,24.816,78530.3,0.0,22831.2,13652.6,11.0,1340.0,0.0,0.0,0.0,0.0,0.00,sweeping:22
beir500k-rq1,neg10_cat01,neg10,61585,sweeping,256,3,22,0.9955,0.9545,0.00006,24.680,37.752,38.051,25.078,78530.3,0.0,22831.2,13652.6,11.0,1340.0,0.0,0.0,0.0,0.0,0.00,sweeping:22
beir500k-rq1,neg10_cat01,neg10,61585,sweeping,512,1,22,0.9955,0.9545,0.00006,35.762,53.109,64.351,35.996,108739.6,0.0,32918.1,19544.2,24.0,2401.0,0.0,0.0,0.0,0.0,0.00,sweeping:22
beir500k-rq1,neg10_cat01,neg10,61585,sweeping,512,2,22,0.9955,0.9545,0.00006,35.565,51.783,58.352,35.779,108739.6,0.0,32918.1,19544.2,24.0,2401.0,0.0,0.0,0.0,0.0,0.00,sweeping:22
beir500k-rq1,neg10_cat01,neg10,61585,sweeping,512,3,22,0.9955,0.9545,0.00006,36.160,52.964,58.587,36.112,108739.6,0.0,32918.1,19544.2,24.0,2401.0,0.0,0.0,0.0,0.0,0.00,sweeping:22
beir500k-rq1,neg10_cat01,neg10,61585,pathseer,64,1,22,0.9773,0.8182,0.00028,4.113,7.042,7.682,4.073,6632.3,0.0,28177.8,3492.4,4.0,398.0,174.5,4.5,18847.6,2.7,0.00,pathseer:22
beir500k-rq1,neg10_cat01,neg10,61585,pathseer,64,2,22,0.9773,0.8182,0.00028,4.691,7.767,7.856,4.289,6632.3,0.0,28177.8,3492.4,4.0,398.0,174.5,4.5,18847.6,2.7,0.00,pathseer:22
beir500k-rq1,neg10_cat01,neg10,61585,pathseer,64,3,22,0.9773,0.8182,0.00028,4.539,7.306,7.309,4.092,6632.3,0.0,28177.8,3492.4,4.0,398.0,174.5,4.5,18847.6,2.7,0.00,pathseer:22
beir500k-rq1,neg10_cat01,neg10,61585,pathseer,128,1,22,0.9955,0.9545,0.00006,6.955,10.946,11.114,6.718,11009.2,0.0,40369.9,5606.3,5.0,742.0,314.2,6.4,25228.7,4.9,0.00,pathseer:22
beir500k-rq1,neg10_cat01,neg10,61585,pathseer,128,2,22,0.9955,0.9545,0.00006,6.911,11.792,12.255,6.913,11009.2,0.0,40369.9,5606.3,5.0,742.0,314.2,6.4,25228.7,4.9,0.00,pathseer:22
beir500k-rq1,neg10_cat01,neg10,61585,pathseer,128,3,22,0.9955,0.9545,0.00006,7.168,10.976,14.226,6.887,11009.2,0.0,40369.9,5606.3,5.0,742.0,314.2,6.4,25228.7,4.9,0.00,pathseer:22
beir500k-rq1,neg10_cat01,neg10,61585,pathseer,256,1,22,0.9955,0.9545,0.00006,12.168,18.389,18.731,11.557,17571.0,0.0,56977.0,8591.5,10.0,1324.0,640.0,13.6,33424.4,10.0,0.00,pathseer:22
beir500k-rq1,neg10_cat01,neg10,61585,pathseer,256,2,22,0.9955,0.9545,0.00006,12.932,18.133,20.939,12.135,17571.0,0.0,56977.0,8591.5,10.0,1324.0,640.0,13.6,33424.4,10.0,0.00,pathseer:22
beir500k-rq1,neg10_cat01,neg10,61585,pathseer,256,3,22,0.9955,0.9545,0.00006,12.692,18.237,18.729,11.858,17571.0,0.0,56977.0,8591.5,10.0,1324.0,640.0,13.6,33424.4,10.0,0.00,pathseer:22
beir500k-rq1,neg10_cat01,neg10,61585,pathseer,512,1,22,0.9955,0.9545,0.00006,19.039,24.986,29.719,17.968,27109.5,0.0,79615.1,12683.5,23.0,2253.0,1428.4,32.4,44187.0,22.3,0.00,pathseer:22
beir500k-rq1,neg10_cat01,neg10,61585,pathseer,512,2,22,0.9955,0.9545,0.00006,19.596,36.860,42.106,19.300,27109.5,0.0,79615.1,12683.5,23.0,2253.0,1428.4,32.4,44187.0,22.3,0.00,pathseer:22
beir500k-rq1,neg10_cat01,neg10,61585,pathseer,512,3,22,0.9955,0.9545,0.00006,19.449,25.846,26.572,17.944,27109.5,0.0,79615.1,12683.5,23.0,2253.0,1428.4,32.4,44187.0,22.3,0.00,pathseer:22
beir500k-rq1,neg10_cat01,neg10,61585,ours-no-twohop,64,1,22,0.9773,0.8182,0.00028,4.290,7.555,7.778,4.297,6807.4,0.0,28486.5,3568.2,4.0,400.0,0.0,0.0,19070.8,0.0,0.00,pathseer:22
beir500k-rq1,neg10_cat01,neg10,61585,ours-no-twohop,64,2,22,0.9773,0.8182,0.00028,4.089,7.226,7.796,4.133,6807.4,0.0,28486.5,3568.2,4.0,400.0,0.0,0.0,19070.8,0.0,0.00,pathseer:22
beir500k-rq1,neg10_cat01,neg10,61585,ours-no-twohop,64,3,22,0.9773,0.8182,0.00028,4.640,8.018,9.272,4.461,6807.4,0.0,28486.5,3568.2,4.0,400.0,0.0,0.0,19070.8,0.0,0.00,pathseer:22
beir500k-rq1,neg10_cat01,neg10,61585,ours-no-twohop,128,1,22,0.9955,0.9545,0.00006,6.881,11.988,13.324,6.959,11174.7,0.0,40454.0,5668.5,6.0,742.0,0.0,0.0,25384.0,0.0,0.00,pathseer:22
beir500k-rq1,neg10_cat01,neg10,61585,ours-no-twohop,128,2,22,0.9955,0.9545,0.00006,7.211,11.225,11.484,6.883,11174.7,0.0,40454.0,5668.5,6.0,742.0,0.0,0.0,25384.0,0.0,0.00,pathseer:22
beir500k-rq1,neg10_cat01,neg10,61585,ours-no-twohop,128,3,22,0.9955,0.9545,0.00006,7.106,11.621,12.525,7.055,11174.7,0.0,40454.0,5668.5,6.0,742.0,0.0,0.0,25384.0,0.0,0.00,pathseer:22
beir500k-rq1,neg10_cat01,neg10,61585,ours-no-twohop,256,1,22,0.9955,0.9545,0.00006,11.595,17.323,19.729,11.419,17803.3,0.0,56834.5,8679.7,11.0,1340.0,0.0,0.0,33555.7,0.0,0.00,pathseer:22
beir500k-rq1,neg10_cat01,neg10,61585,ours-no-twohop,256,2,22,0.9955,0.9545,0.00006,11.431,16.497,17.881,11.022,17803.3,0.0,56834.5,8679.7,11.0,1340.0,0.0,0.0,33555.7,0.0,0.00,pathseer:22
beir500k-rq1,neg10_cat01,neg10,61585,ours-no-twohop,256,3,22,0.9955,0.9545,0.00006,11.787,19.805,20.678,11.934,17803.3,0.0,56834.5,8679.7,11.0,1340.0,0.0,0.0,33555.7,0.0,0.00,pathseer:22
beir500k-rq1,neg10_cat01,neg10,61585,ours-no-twohop,512,1,22,0.9955,0.9545,0.00006,18.524,22.732,25.749,17.666,27480.9,0.0,79054.2,12823.3,24.0,2401.0,0.0,0.0,44407.0,0.0,0.00,pathseer:22
beir500k-rq1,neg10_cat01,neg10,61585,ours-no-twohop,512,2,22,0.9955,0.9545,0.00006,19.572,25.053,27.635,17.785,27480.9,0.0,79054.2,12823.3,24.0,2401.0,0.0,0.0,44407.0,0.0,0.00,pathseer:22
beir500k-rq1,neg10_cat01,neg10,61585,ours-no-twohop,512,3,22,0.9955,0.9545,0.00006,18.682,23.883,24.824,17.389,27480.9,0.0,79054.2,12823.3,24.0,2401.0,0.0,0.0,44407.0,0.0,0.00,pathseer:22
beir500k-rq1,neg10_cat01,neg10,61585,ours-guard,64,1,22,0.9773,0.7727,0.00023,4.203,8.604,9.347,4.561,6275.3,0.0,25639.8,3550.5,4.0,400.0,0.0,0.0,19262.9,0.0,0.00,pathseer:22
beir500k-rq1,neg10_cat01,neg10,61585,ours-guard,64,2,22,0.9773,0.7727,0.00023,4.140,8.077,9.235,4.251,6275.3,0.0,25639.8,3550.5,4.0,400.0,0.0,0.0,19262.9,0.0,0.00,pathseer:22
beir500k-rq1,neg10_cat01,neg10,61585,ours-guard,64,3,22,0.9773,0.7727,0.00023,4.631,8.978,9.060,4.420,6275.3,0.0,25639.8,3550.5,4.0,400.0,0.0,0.0,19262.9,0.0,0.00,pathseer:22
beir500k-rq1,neg10_cat01,neg10,61585,ours-guard,128,1,22,0.9909,0.9091,0.00007,6.530,10.628,10.652,6.618,10272.6,0.0,36228.0,5642.5,6.0,742.0,0.0,0.0,25766.1,0.0,0.00,pathseer:22
beir500k-rq1,neg10_cat01,neg10,61585,ours-guard,128,2,22,0.9909,0.9091,0.00007,7.315,10.401,12.088,6.722,10272.6,0.0,36228.0,5642.5,6.0,742.0,0.0,0.0,25766.1,0.0,0.00,pathseer:22
beir500k-rq1,neg10_cat01,neg10,61585,ours-guard,128,3,22,0.9909,0.9091,0.00007,6.662,10.277,10.707,6.477,10272.6,0.0,36228.0,5642.5,6.0,742.0,0.0,0.0,25766.1,0.0,0.00,pathseer:22
beir500k-rq1,neg10_cat01,neg10,61585,ours-guard,256,1,22,0.9955,0.9545,0.00006,11.225,15.427,16.313,10.849,16259.4,0.0,50751.2,8614.9,11.0,1340.0,0.0,0.0,34129.6,0.0,0.00,pathseer:22
beir500k-rq1,neg10_cat01,neg10,61585,ours-guard,256,2,22,0.9955,0.9545,0.00006,10.604,17.009,19.370,10.913,16259.4,0.0,50751.2,8614.9,11.0,1340.0,0.0,0.0,34129.6,0.0,0.00,pathseer:22
beir500k-rq1,neg10_cat01,neg10,61585,ours-guard,256,3,22,0.9955,0.9545,0.00006,10.408,16.085,17.173,10.372,16259.4,0.0,50751.2,8614.9,11.0,1340.0,0.0,0.0,34129.6,0.0,0.00,pathseer:22
beir500k-rq1,neg10_cat01,neg10,61585,ours-guard,512,1,22,0.9955,0.9545,0.00006,18.628,21.920,22.740,16.722,24937.9,0.0,70992.7,12713.8,24.0,2401.0,0.0,0.0,45372.5,0.0,0.00,pathseer:22
beir500k-rq1,neg10_cat01,neg10,61585,ours-guard,512,2,22,0.9955,0.9545,0.00006,16.894,23.203,25.607,16.492,24937.9,0.0,70992.7,12713.8,24.0,2401.0,0.0,0.0,45372.5,0.0,0.00,pathseer:22
beir500k-rq1,neg10_cat01,neg10,61585,ours-guard,512,3,22,0.9955,0.9545,0.00006,17.660,23.401,23.994,16.288,24937.9,0.0,70992.7,12713.8,24.0,2401.0,0.0,0.0,45372.5,0.0,0.00,pathseer:22
beir500k-rq1,neg10_cat01,neg10,61585,acorn,64,1,22,0.8273,0.0909,0.00388,1.474,1.728,1.805,1.453,2494.2,10.0,19466.7,67.5,3.0,3.0,0.0,0.0,0.0,0.0,0.00,acorn:22
beir500k-rq1,neg10_cat01,neg10,61585,acorn,64,2,22,0.8273,0.0909,0.00388,1.551,1.893,2.000,1.555,2494.2,10.0,19466.7,67.5,3.0,3.0,0.0,0.0,0.0,0.0,0.00,acorn:22
beir500k-rq1,neg10_cat01,neg10,61585,acorn,64,3,22,0.8273,0.0909,0.00388,1.347,1.603,1.759,1.348,2494.2,10.0,19466.7,67.5,3.0,3.0,0.0,0.0,0.0,0.0,0.00,acorn:22
beir500k-rq1,neg10_cat01,neg10,61585,acorn,128,1,22,0.9091,0.3636,0.00224,2.296,2.540,2.692,2.256,4089.4,10.0,30326.2,130.8,4.0,4.0,0.0,0.0,0.0,0.0,0.00,acorn:22
beir500k-rq1,neg10_cat01,neg10,61585,acorn,128,2,22,0.9091,0.3636,0.00224,2.409,2.594,2.656,2.332,4089.4,10.0,30326.2,130.8,4.0,4.0,0.0,0.0,0.0,0.0,0.00,acorn:22
beir500k-rq1,neg10_cat01,neg10,61585,acorn,128,3,22,0.9091,0.3636,0.00224,2.374,2.671,2.731,2.309,4089.4,10.0,30326.2,130.8,4.0,4.0,0.0,0.0,0.0,0.0,0.00,acorn:22
beir500k-rq1,neg10_cat01,neg10,61585,acorn,256,1,22,0.9591,0.6364,0.00100,3.864,4.271,4.363,3.809,6714.7,10.0,46383.5,258.7,6.0,6.0,0.0,0.0,0.0,0.0,0.00,acorn:22
beir500k-rq1,neg10_cat01,neg10,61585,acorn,256,2,22,0.9591,0.6364,0.00100,3.979,4.332,4.393,3.969,6714.7,10.0,46383.5,258.7,6.0,6.0,0.0,0.0,0.0,0.0,0.00,acorn:22
beir500k-rq1,neg10_cat01,neg10,61585,acorn,256,3,22,0.9591,0.6364,0.00100,3.841,4.281,4.359,3.813,6714.7,10.0,46383.5,258.7,6.0,6.0,0.0,0.0,0.0,0.0,0.00,acorn:22
beir500k-rq1,neg10_cat01,neg10,61585,acorn,512,1,22,0.9636,0.6818,0.00091,6.355,7.202,7.521,6.289,10455.5,10.0,68825.5,514.6,12.0,12.0,0.0,0.0,0.0,0.0,0.00,acorn:22
beir500k-rq1,neg10_cat01,neg10,61585,acorn,512,2,22,0.9636,0.6818,0.00091,6.392,7.300,7.368,6.451,10455.5,10.0,68825.5,514.6,12.0,12.0,0.0,0.0,0.0,0.0,0.00,acorn:22
beir500k-rq1,neg10_cat01,neg10,61585,acorn,512,3,22,0.9636,0.6818,0.00091,6.787,7.758,8.455,6.710,10455.5,10.0,68825.5,514.6,12.0,12.0,0.0,0.0,0.0,0.0,0.00,acorn:22
beir500k-rq1,neg10_cat02,neg10,55947,sweeping,64,1,60,0.9633,0.7000,0.00036,9.574,22.865,24.597,10.929,42039.5,0.0,10926.5,5778.3,3.0,127.0,0.0,0.0,0.0,0.0,0.00,sweeping:60
beir500k-rq1,neg10_cat02,neg10,55947,sweeping,64,2,60,0.9633,0.7000,0.00036,9.161,23.489,25.977,11.168,42039.5,0.0,10926.5,5778.3,3.0,127.0,0.0,0.0,0.0,0.0,0.00,sweeping:60
beir500k-rq1,neg10_cat02,neg10,55947,sweeping,64,3,60,0.9633,0.7000,0.00036,9.106,24.959,25.474,11.016,42039.5,0.0,10926.5,5778.3,3.0,127.0,0.0,0.0,0.0,0.0,0.00,sweeping:60
beir500k-rq1,neg10_cat02,neg10,55947,sweeping,128,1,60,0.9850,0.8500,0.00022,15.513,31.321,32.897,15.894,54730.9,0.0,15259.2,8123.9,5.0,262.0,0.0,0.0,0.0,0.0,0.00,sweeping:60
beir500k-rq1,neg10_cat02,neg10,55947,sweeping,128,2,60,0.9850,0.8500,0.00022,13.504,32.364,33.954,15.361,54730.9,0.0,15259.2,8123.9,5.0,262.0,0.0,0.0,0.0,0.0,0.00,sweeping:60
beir500k-rq1,neg10_cat02,neg10,55947,sweeping,128,3,60,0.9850,0.8500,0.00022,14.169,32.946,37.319,16.518,54730.9,0.0,15259.2,8123.9,5.0,262.0,0.0,0.0,0.0,0.0,0.00,sweeping:60
beir500k-rq1,neg10_cat02,neg10,55947,sweeping,256,1,60,0.9967,0.9667,0.00005,20.432,42.579,44.872,21.705,72665.1,0.0,21292.6,11534.7,9.0,526.0,0.0,0.0,0.0,0.0,0.00,sweeping:60
beir500k-rq1,neg10_cat02,neg10,55947,sweeping,256,2,60,0.9967,0.9667,0.00005,20.552,44.386,45.565,21.950,72665.1,0.0,21292.6,11534.7,9.0,526.0,0.0,0.0,0.0,0.0,0.00,sweeping:60
beir500k-rq1,neg10_cat02,neg10,55947,sweeping,256,3,60,0.9967,0.9667,0.00005,20.672,43.761,47.986,21.816,72665.1,0.0,21292.6,11534.7,9.0,526.0,0.0,0.0,0.0,0.0,0.00,sweeping:60
beir500k-rq1,neg10_cat02,neg10,55947,sweeping,512,1,60,0.9967,0.9667,0.00005,29.837,55.670,65.444,31.458,98627.1,0.0,29795.5,16571.1,18.0,1031.0,0.0,0.0,0.0,0.0,0.00,sweeping:60
beir500k-rq1,neg10_cat02,neg10,55947,sweeping,512,2,60,0.9967,0.9667,0.00005,29.740,56.046,62.973,31.055,98627.1,0.0,29795.5,16571.1,18.0,1031.0,0.0,0.0,0.0,0.0,0.00,sweeping:60
beir500k-rq1,neg10_cat02,neg10,55947,sweeping,512,3,60,0.9967,0.9667,0.00005,29.380,54.750,60.614,31.066,98627.1,0.0,29795.5,16571.1,18.0,1031.0,0.0,0.0,0.0,0.0,0.00,sweeping:60
beir500k-rq1,neg10_cat02,neg10,55947,pathseer,64,1,60,0.9283,0.5167,0.00091,2.555,7.323,9.615,3.325,5792.6,0.0,24350.1,2375.4,3.0,118.0,153.6,8.7,17234.5,2.4,0.00,pathseer:60
beir500k-rq1,neg10_cat02,neg10,55947,pathseer,64,2,60,0.9283,0.5167,0.00091,2.584,7.145,8.543,3.323,5792.6,0.0,24350.1,2375.4,3.0,118.0,153.6,8.7,17234.5,2.4,0.00,pathseer:60
beir500k-rq1,neg10_cat02,neg10,55947,pathseer,64,3,60,0.9283,0.5167,0.00091,2.442,7.287,9.865,3.333,5792.6,0.0,24350.1,2375.4,3.0,118.0,153.6,8.7,17234.5,2.4,0.00,pathseer:60
beir500k-rq1,neg10_cat02,neg10,55947,pathseer,128,1,60,0.9700,0.7333,0.00037,4.764,10.924,12.681,5.502,9619.3,0.0,34329.6,3937.0,5.0,243.0,256.0,13.6,22733.6,4.0,0.00,pathseer:60
beir500k-rq1,neg10_cat02,neg10,55947,pathseer,128,2,60,0.9700,0.7333,0.00037,4.837,12.567,13.732,5.630,9619.3,0.0,34329.6,3937.0,5.0,243.0,256.0,13.6,22733.6,4.0,0.00,pathseer:60
beir500k-rq1,neg10_cat02,neg10,55947,pathseer,128,3,60,0.9700,0.7333,0.00037,4.823,11.430,12.254,5.493,9619.3,0.0,34329.6,3937.0,5.0,243.0,256.0,13.6,22733.6,4.0,0.00,pathseer:60
beir500k-rq1,neg10_cat02,neg10,55947,pathseer,256,1,60,0.9950,0.9500,0.00007,7.677,16.694,19.176,8.890,16008.0,0.0,48121.2,6479.6,8.0,479.0,490.7,24.4,29146.7,7.7,0.00,pathseer:60
beir500k-rq1,neg10_cat02,neg10,55947,pathseer,256,2,60,0.9950,0.9500,0.00007,8.022,16.999,18.347,9.050,16008.0,0.0,48121.2,6479.6,8.0,479.0,490.7,24.4,29146.7,7.7,0.00,pathseer:60
beir500k-rq1,neg10_cat02,neg10,55947,pathseer,256,3,60,0.9950,0.9500,0.00007,7.692,17.102,18.361,8.953,16008.0,0.0,48121.2,6479.6,8.0,479.0,490.7,24.4,29146.7,7.7,0.00,pathseer:60
beir500k-rq1,neg10_cat02,neg10,55947,pathseer,512,1,60,0.9967,0.9667,0.00005,12.897,27.152,28.549,14.530,25710.5,0.0,68176.7,10329.9,17.0,985.0,1021.9,46.2,38135.3,16.0,0.00,pathseer:60
beir500k-rq1,neg10_cat02,neg10,55947,pathseer,512,2,60,0.9967,0.9667,0.00005,13.172,25.501,27.685,14.539,25710.5,0.0,68176.7,10329.9,17.0,985.0,1021.9,46.2,38135.3,16.0,0.00,pathseer:60
beir500k-rq1,neg10_cat02,neg10,55947,pathseer,512,3,60,0.9967,0.9667,0.00005,13.066,25.516,28.577,14.587,25710.5,0.0,68176.7,10329.9,17.0,985.0,1021.9,46.2,38135.3,16.0,0.00,pathseer:60
beir500k-rq1,neg10_cat02,neg10,55947,ours-no-twohop,64,1,60,0.9300,0.5333,0.00087,2.679,7.313,8.593,3.449,6035.5,0.0,25139.7,2469.9,3.0,127.0,0.0,0.0,17827.0,0.0,0.00,pathseer:60
beir500k-rq1,neg10_cat02,neg10,55947,ours-no-twohop,64,2,60,0.9300,0.5333,0.00087,2.807,7.454,8.768,3.455,6035.5,0.0,25139.7,2469.9,3.0,127.0,0.0,0.0,17827.0,0.0,0.00,pathseer:60
beir500k-rq1,neg10_cat02,neg10,55947,ours-no-twohop,64,3,60,0.9300,0.5333,0.00087,2.704,7.113,8.421,3.436,6035.5,0.0,25139.7,2469.9,3.0,127.0,0.0,0.0,17827.0,0.0,0.00,pathseer:60
beir500k-rq1,neg10_cat02,neg10,55947,ours-no-twohop,128,1,60,0.9700,0.7333,0.00037,4.937,10.885,13.660,5.634,9988.7,0.0,35140.4,4090.8,5.0,262.0,0.0,0.0,23258.7,0.0,0.00,pathseer:60
beir500k-rq1,neg10_cat02,neg10,55947,ours-no-twohop,128,2,60,0.9700,0.7333,0.00037,4.968,11.514,13.483,5.727,9988.7,0.0,35140.4,4090.8,5.0,262.0,0.0,0.0,23258.7,0.0,0.00,pathseer:60
beir500k-rq1,neg10_cat02,neg10,55947,ours-no-twohop,128,3,60,0.9700,0.7333,0.00037,4.873,11.649,11.960,5.594,9988.7,0.0,35140.4,4090.8,5.0,262.0,0.0,0.0,23258.7,0.0,0.00,pathseer:60
beir500k-rq1,neg10_cat02,neg10,55947,ours-no-twohop,256,1,60,0.9950,0.9500,0.00007,7.815,17.371,17.650,9.107,16538.3,0.0,48985.5,6706.1,9.0,526.0,0.0,0.0,29704.2,0.0,0.00,pathseer:60
beir500k-rq1,neg10_cat02,neg10,55947,ours-no-twohop,256,2,60,0.9950,0.9500,0.00007,7.835,17.103,20.509,9.226,16538.3,0.0,48985.5,6706.1,9.0,526.0,0.0,0.0,29704.2,0.0,0.00,pathseer:60
beir500k-rq1,neg10_cat02,neg10,55947,ours-no-twohop,256,3,60,0.9950,0.9500,0.00007,8.206,17.675,18.728,9.442,16538.3,0.0,48985.5,6706.1,9.0,526.0,0.0,0.0,29704.2,0.0,0.00,pathseer:60
beir500k-rq1,neg10_cat02,neg10,55947,ours-no-twohop,512,1,60,0.9967,0.9667,0.00005,13.163,25.145,27.958,14.928,26297.9,0.0,68391.5,10560.5,18.0,1031.0,0.0,0.0,38480.1,0.0,0.00,pathseer:60
beir500k-rq1,neg10_cat02,neg10,55947,ours-no-twohop,512,2,60,0.9967,0.9667,0.00005,13.598,25.212,28.181,14.783,26297.9,0.0,68391.5,10560.5,18.0,1031.0,0.0,0.0,38480.1,0.0,0.00,pathseer:60
beir500k-rq1,neg10_cat02,neg10,55947,ours-no-twohop,512,3,60,0.9967,0.9667,0.00005,13.967,24.558,28.056,14.909,26297.9,0.0,68391.5,10560.5,18.0,1031.0,0.0,0.0,38480.1,0.0,0.00,pathseer:60
beir500k-rq1,neg10_cat02,neg10,55947,ours-guard,64,1,60,0.9300,0.5333,0.00091,2.614,6.560,7.979,3.310,5618.1,0.0,23585.5,2450.4,3.0,127.0,0.0,0.0,17838.1,0.0,0.00,pathseer:60
beir500k-rq1,neg10_cat02,neg10,55947,ours-guard,64,2,60,0.9300,0.5333,0.00091,2.595,7.005,8.167,3.351,5618.1,0.0,23585.5,2450.4,3.0,127.0,0.0,0.0,17838.1,0.0,0.00,pathseer:60
beir500k-rq1,neg10_cat02,neg10,55947,ours-guard,64,3,60,0.9300,0.5333,0.00091,2.588,6.986,8.379,3.335,5618.1,0.0,23585.5,2450.4,3.0,127.0,0.0,0.0,17838.1,0.0,0.00,pathseer:60
beir500k-rq1,neg10_cat02,neg10,55947,ours-guard,128,1,60,0.9700,0.7333,0.00037,4.746,10.752,11.656,5.386,9328.7,0.0,32919.6,4060.8,5.0,262.0,0.0,0.0,23354.4,0.0,0.00,pathseer:60
beir500k-rq1,neg10_cat02,neg10,55947,ours-guard,128,2,60,0.9700,0.7333,0.00037,4.619,11.364,11.891,5.468,9328.7,0.0,32919.6,4060.8,5.0,262.0,0.0,0.0,23354.4,0.0,0.00,pathseer:60
beir500k-rq1,neg10_cat02,neg10,55947,ours-guard,128,3,60,0.9700,0.7333,0.00037,4.997,11.527,13.972,5.737,9328.7,0.0,32919.6,4060.8,5.0,262.0,0.0,0.0,23354.4,0.0,0.00,pathseer:60
beir500k-rq1,neg10_cat02,neg10,55947,ours-guard,256,1,60,0.9950,0.9500,0.00007,8.247,16.567,18.029,8.919,15497.3,0.0,45831.6,6654.8,9.0,526.0,0.0,0.0,29897.2,0.0,0.00,pathseer:60
beir500k-rq1,neg10_cat02,neg10,55947,ours-guard,256,2,60,0.9950,0.9500,0.00007,7.694,16.214,18.851,8.902,15497.3,0.0,45831.6,6654.8,9.0,526.0,0.0,0.0,29897.2,0.0,0.00,pathseer:60
beir500k-rq1,neg10_cat02,neg10,55947,ours-guard,256,3,60,0.9950,0.9500,0.00007,7.823,16.684,18.176,9.078,15497.3,0.0,45831.6,6654.8,9.0,526.0,0.0,0.0,29897.2,0.0,0.00,pathseer:60
beir500k-rq1,neg10_cat02,neg10,55947,ours-guard,512,1,60,0.9967,0.9667,0.00005,12.788,24.563,27.293,14.331,24626.3,0.0,64277.7,10472.5,18.0,1031.0,0.0,0.0,38852.8,0.0,0.00,pathseer:60
beir500k-rq1,neg10_cat02,neg10,55947,ours-guard,512,2,60,0.9967,0.9667,0.00005,12.975,26.163,27.756,14.461,24626.3,0.0,64277.7,10472.5,18.0,1031.0,0.0,0.0,38852.8,0.0,0.00,pathseer:60
beir500k-rq1,neg10_cat02,neg10,55947,ours-guard,512,3,60,0.9967,0.9667,0.00005,13.484,24.276,27.516,14.295,24626.3,0.0,64277.7,10472.5,18.0,1031.0,0.0,0.0,38852.8,0.0,0.00,pathseer:60
beir500k-rq1,neg10_cat02,neg10,55947,acorn,64,1,60,0.8650,0.3333,0.00263,1.242,1.454,1.596,1.220,2374.8,10.0,15473.9,67.8,3.0,3.0,0.0,0.0,0.0,0.0,0.00,acorn:59|rre:1
beir500k-rq1,neg10_cat02,neg10,55947,acorn,64,2,60,0.8650,0.3333,0.00263,1.211,1.418,1.537,1.202,2374.8,10.0,15473.9,67.8,3.0,3.0,0.0,0.0,0.0,0.0,0.00,acorn:59|rre:1
beir500k-rq1,neg10_cat02,neg10,55947,acorn,64,3,60,0.8650,0.3333,0.00263,1.194,1.469,1.583,1.177,2374.8,10.0,15473.9,67.8,3.0,3.0,0.0,0.0,0.0,0.0,0.00,acorn:59|rre:1
beir500k-rq1,neg10_cat02,neg10,55947,acorn,128,1,60,0.9250,0.5167,0.00127,2.101,2.643,2.826,2.096,3997.7,10.0,24001.6,131.1,4.0,4.0,0.0,0.0,0.0,0.0,0.00,acorn:59|rre:1
beir500k-rq1,neg10_cat02,neg10,55947,acorn,128,2,60,0.9250,0.5167,0.00127,1.986,2.329,2.399,1.962,3997.7,10.0,24001.6,131.1,4.0,4.0,0.0,0.0,0.0,0.0,0.00,acorn:59|rre:1
beir500k-rq1,neg10_cat02,neg10,55947,acorn,128,3,60,0.9250,0.5167,0.00127,1.918,2.221,2.273,1.877,3997.7,10.0,24001.6,131.1,4.0,4.0,0.0,0.0,0.0,0.0,0.00,acorn:59|rre:1
beir500k-rq1,neg10_cat02,neg10,55947,acorn,256,1,60,0.9683,0.7333,0.00036,3.288,3.765,3.826,3.253,6684.6,10.0,36724.8,258.6,6.0,6.0,0.0,0.0,0.0,0.0,0.00,acorn:59|rre:1
beir500k-rq1,neg10_cat02,neg10,55947,acorn,256,2,60,0.9683,0.7333,0.00036,3.291,3.830,4.160,3.263,6684.6,10.0,36724.8,258.6,6.0,6.0,0.0,0.0,0.0,0.0,0.00,acorn:59|rre:1
beir500k-rq1,neg10_cat02,neg10,55947,acorn,256,3,60,0.9683,0.7333,0.00036,3.356,4.008,4.541,3.382,6684.6,10.0,36724.8,258.6,6.0,6.0,0.0,0.0,0.0,0.0,0.00,acorn:59|rre:1
beir500k-rq1,neg10_cat02,neg10,55947,acorn,512,1,60,0.9917,0.9167,0.00004,5.532,6.203,6.636,5.476,10896.3,10.0,55506.1,514.3,12.0,12.0,0.0,0.0,0.0,0.0,0.00,acorn:59|rre:1
beir500k-rq1,neg10_cat02,neg10,55947,acorn,512,2,60,0.9917,0.9167,0.00004,5.561,6.502,6.653,5.523,10896.3,10.0,55506.1,514.3,12.0,12.0,0.0,0.0,0.0,0.0,0.00,acorn:59|rre:1
beir500k-rq1,neg10_cat02,neg10,55947,acorn,512,3,60,0.9917,0.9167,0.00004,5.488,6.077,6.231,5.410,10896.3,10.0,55506.1,514.3,12.0,12.0,0.0,0.0,0.0,0.0,0.00,acorn:59|rre:1
beir500k-rq1,neg10_cat03,neg10,66486,sweeping,64,1,55,0.7891,0.2727,0.00335,8.847,18.747,19.436,9.819,39849.8,0.0,12608.3,4280.8,3.0,306.0,0.0,0.0,0.0,0.0,0.00,sweeping:55
beir500k-rq1,neg10_cat03,neg10,66486,sweeping,64,2,55,0.7891,0.2727,0.00335,8.372,18.861,19.326,9.742,39849.8,0.0,12608.3,4280.8,3.0,306.0,0.0,0.0,0.0,0.0,0.00,sweeping:55
beir500k-rq1,neg10_cat03,neg10,66486,sweeping,64,3,55,0.7891,0.2727,0.00335,8.551,17.844,19.251,9.452,39849.8,0.0,12608.3,4280.8,3.0,306.0,0.0,0.0,0.0,0.0,0.00,sweeping:55
beir500k-rq1,neg10_cat03,neg10,66486,sweeping,128,1,55,0.8764,0.4182,0.00180,11.009,23.441,24.842,12.168,50280.6,0.0,17093.3,5628.9,5.0,471.0,0.0,0.0,0.0,0.0,0.00,sweeping:55
beir500k-rq1,neg10_cat03,neg10,66486,sweeping,128,2,55,0.8764,0.4182,0.00180,11.540,23.796,25.906,12.564,50280.6,0.0,17093.3,5628.9,5.0,471.0,0.0,0.0,0.0,0.0,0.00,sweeping:55
beir500k-rq1,neg10_cat03,neg10,66486,sweeping,128,3,55,0.8764,0.4182,0.00180,11.066,22.294,25.369,12.204,50280.6,0.0,17093.3,5628.9,5.0,471.0,0.0,0.0,0.0,0.0,0.00,sweeping:55
beir500k-rq1,neg10_cat03,neg10,66486,sweeping,256,1,55,0.9364,0.6000,0.00073,15.225,30.694,32.162,16.758,65254.4,0.0,23095.9,7668.3,10.0,774.0,0.0,0.0,0.0,0.0,0.00,sweeping:55
beir500k-rq1,neg10_cat03,neg10,66486,sweeping,256,2,55,0.9364,0.6000,0.00073,15.086,31.089,49.231,17.342,65254.4,0.0,23095.9,7668.3,10.0,774.0,0.0,0.0,0.0,0.0,0.00,sweeping:55
beir500k-rq1,neg10_cat03,neg10,66486,sweeping,256,3,55,0.9364,0.6000,0.00073,15.337,29.989,33.472,16.930,65254.4,0.0,23095.9,7668.3,10.0,774.0,0.0,0.0,0.0,0.0,0.00,sweeping:55
beir500k-rq1,neg10_cat03,neg10,66486,sweeping,512,1,55,0.9636,0.7273,0.00038,21.777,41.566,43.948,23.522,86768.6,0.0,30999.7,10821.2,19.0,1428.0,0.0,0.0,0.0,0.0,0.00,sweeping:55
beir500k-rq1,neg10_cat03,neg10,66486,sweeping,512,2,55,0.9636,0.7273,0.00038,21.812,41.397,43.718,23.450,86768.6,0.0,30999.7,10821.2,19.0,1428.0,0.0,0.0,0.0,0.0,0.00,sweeping:55
beir500k-rq1,neg10_cat03,neg10,66486,sweeping,512,3,55,0.9636,0.7273,0.00038,22.335,41.915,43.321,23.817,86768.6,0.0,30999.7,10821.2,19.0,1428.0,0.0,0.0,0.0,0.0,0.00,sweeping:55
beir500k-rq1,neg10_cat03,neg10,66486,pathseer,64,1,55,0.7545,0.1818,0.00408,3.915,8.564,8.955,4.005,7944.5,0.0,26104.4,2544.2,3.0,278.0,143.0,7.4,16806.8,2.2,0.00,pathseer:55
beir500k-rq1,neg10_cat03,neg10,66486,pathseer,64,2,55,0.7545,0.1818,0.00408,3.497,7.421,8.721,3.810,7944.5,0.0,26104.4,2544.2,3.0,278.0,143.0,7.4,16806.8,2.2,0.00,pathseer:55
beir500k-rq1,neg10_cat03,neg10,66486,pathseer,64,3,55,0.7545,0.1818,0.00408,3.479,7.636,8.826,3.874,7944.5,0.0,26104.4,2544.2,3.0,278.0,143.0,7.4,16806.8,2.2,0.00,pathseer:55
beir500k-rq1,neg10_cat03,neg10,66486,pathseer,128,1,55,0.8473,0.4182,0.00216,5.540,11.638,11.826,5.712,12250.5,0.0,33958.4,3573.0,5.0,450.0,254.7,15.3,20270.3,4.0,0.00,pathseer:55
beir500k-rq1,neg10_cat03,neg10,66486,pathseer,128,2,55,0.8473,0.4182,0.00216,5.492,11.420,11.579,5.633,12250.5,0.0,33958.4,3573.0,5.0,450.0,254.7,15.3,20270.3,4.0,0.00,pathseer:55
beir500k-rq1,neg10_cat03,neg10,66486,pathseer,128,3,55,0.8473,0.4182,0.00216,5.372,11.547,11.923,5.611,12250.5,0.0,33958.4,3573.0,5.0,450.0,254.7,15.3,20270.3,4.0,0.00,pathseer:55
beir500k-rq1,neg10_cat03,neg10,66486,pathseer,256,1,55,0.9255,0.5455,0.00093,8.371,15.527,15.994,8.352,19054.7,0.0,45920.8,5210.1,8.0,751.0,502.5,27.6,25398.1,7.9,0.00,pathseer:55
beir500k-rq1,neg10_cat03,neg10,66486,pathseer,256,2,55,0.9255,0.5455,0.00093,8.368,16.049,16.281,8.491,19054.7,0.0,45920.8,5210.1,8.0,751.0,502.5,27.6,25398.1,7.9,0.00,pathseer:55
beir500k-rq1,neg10_cat03,neg10,66486,pathseer,256,3,55,0.9255,0.5455,0.00093,8.271,16.138,17.356,8.522,19054.7,0.0,45920.8,5210.1,8.0,751.0,502.5,27.6,25398.1,7.9,0.00,pathseer:55
beir500k-rq1,neg10_cat03,neg10,66486,pathseer,512,1,55,0.9618,0.7091,0.00039,13.303,22.698,23.911,13.028,29509.1,0.0,64142.1,7814.3,18.0,1344.0,1082.0,47.2,33084.9,16.9,0.00,pathseer:55
beir500k-rq1,neg10_cat03,neg10,66486,pathseer,512,2,55,0.9618,0.7091,0.00039,13.447,24.683,27.836,13.801,29509.1,0.0,64142.1,7814.3,18.0,1344.0,1082.0,47.2,33084.9,16.9,0.00,pathseer:55
beir500k-rq1,neg10_cat03,neg10,66486,pathseer,512,3,55,0.9618,0.7091,0.00039,12.969,23.581,24.681,13.304,29509.1,0.0,64142.1,7814.3,18.0,1344.0,1082.0,47.2,33084.9,16.9,0.00,pathseer:55
beir500k-rq1,neg10_cat03,neg10,66486,ours-no-twohop,64,1,55,0.7582,0.2182,0.00401,3.533,8.090,8.554,3.995,8080.2,0.0,26269.4,2584.8,3.0,306.0,0.0,0.0,16930.1,0.0,0.00,pathseer:55
beir500k-rq1,neg10_cat03,neg10,66486,ours-no-twohop,64,2,55,0.7582,0.2182,0.00401,3.442,7.976,8.741,3.983,8080.2,0.0,26269.4,2584.8,3.0,306.0,0.0,0.0,16930.1,0.0,0.00,pathseer:55
beir500k-rq1,neg10_cat03,neg10,66486,ours-no-twohop,64,3,55,0.7582,0.2182,0.00401,3.508,8.203,8.755,3.974,8080.2,0.0,26269.4,2584.8,3.0,306.0,0.0,0.0,16930.1,0.0,0.00,pathseer:55
beir500k-rq1,neg10_cat03,neg10,66486,ours-no-twohop,128,1,55,0.8473,0.4182,0.00216,5.455,11.465,11.949,5.698,12499.5,0.0,34131.4,3633.7,5.0,471.0,0.0,0.0,20378.2,0.0,0.00,pathseer:55
beir500k-rq1,neg10_cat03,neg10,66486,ours-no-twohop,128,2,55,0.8473,0.4182,0.00216,5.425,10.990,12.436,5.733,12499.5,0.0,34131.4,3633.7,5.0,471.0,0.0,0.0,20378.2,0.0,0.00,pathseer:55
beir500k-rq1,neg10_cat03,neg10,66486,ours-no-twohop,128,3,55,0.8473,0.4182,0.00216,5.630,11.047,12.147,5.729,12499.5,0.0,34131.4,3633.7,5.0,471.0,0.0,0.0,20378.2,0.0,0.00,pathseer:55
beir500k-rq1,neg10_cat03,neg10,66486,ours-no-twohop,256,1,55,0.9273,0.5455,0.00088,8.690,15.719,17.852,8.646,19532.3,0.0,46121.0,5305.8,10.0,774.0,0.0,0.0,25508.2,0.0,0.00,pathseer:55
beir500k-rq1,neg10_cat03,neg10,66486,ours-no-twohop,256,2,55,0.9273,0.5455,0.00088,8.466,15.679,16.136,8.573,19532.3,0.0,46121.0,5305.8,10.0,774.0,0.0,0.0,25508.2,0.0,0.00,pathseer:55
beir500k-rq1,neg10_cat03,neg10,66486,ours-no-twohop,256,3,55,0.9273,0.5455,0.00088,8.523,16.376,18.025,8.821,19532.3,0.0,46121.0,5305.8,10.0,774.0,0.0,0.0,25508.2,0.0,0.00,pathseer:55
beir500k-rq1,neg10_cat03,neg10,66486,ours-no-twohop,512,1,55,0.9618,0.7091,0.00039,13.006,22.755,25.569,13.311,29970.9,0.0,63771.3,7895.6,19.0,1428.0,0.0,0.0,33180.4,0.0,0.00,pathseer:55
beir500k-rq1,neg10_cat03,neg10,66486,ours-no-twohop,512,2,55,0.9618,0.7091,0.00039,12.867,22.268,24.482,13.208,29970.9,0.0,63771.3,7895.6,19.0,1428.0,0.0,0.0,33180.4,0.0,0.00,pathseer:55
beir500k-rq1,neg10_cat03,neg10,66486,ours-no-twohop,512,3,55,0.9618,0.7091,0.00039,13.116,23.127,24.020,13.128,29970.9,0.0,63771.3,7895.6,19.0,1428.0,0.0,0.0,33180.4,0.0,0.00,pathseer:55
beir500k-rq1,neg10_cat03,neg10,66486,ours-guard,64,1,55,0.7564,0.2182,0.00405,3.464,7.699,8.162,3.749,7723.5,0.0,24880.5,2578.5,3.0,306.0,0.0,0.0,16995.3,0.0,0.00,pathseer:55
beir500k-rq1,neg10_cat03,neg10,66486,ours-guard,64,2,55,0.7564,0.2182,0.00405,3.398,7.873,9.218,3.895,7723.5,0.0,24880.5,2578.5,3.0,306.0,0.0,0.0,16995.3,0.0,0.00,pathseer:55
beir500k-rq1,neg10_cat03,neg10,66486,ours-guard,64,3,55,0.7564,0.2182,0.00405,3.523,8.073,8.604,4.041,7723.5,0.0,24880.5,2578.5,3.0,306.0,0.0,0.0,16995.3,0.0,0.00,pathseer:55
beir500k-rq1,neg10_cat03,neg10,66486,ours-guard,128,1,55,0.8418,0.4182,0.00232,5.486,11.523,12.132,5.720,11922.8,0.0,32744.7,3621.5,5.0,471.0,0.0,0.0,20518.2,0.0,0.00,pathseer:55
beir500k-rq1,neg10_cat03,neg10,66486,ours-guard,128,2,55,0.8418,0.4182,0.00232,5.621,11.413,11.729,5.735,11922.8,0.0,32744.7,3621.5,5.0,471.0,0.0,0.0,20518.2,0.0,0.00,pathseer:55
beir500k-rq1,neg10_cat03,neg10,66486,ours-guard,128,3,55,0.8418,0.4182,0.00232,5.154,10.996,11.607,5.600,11922.8,0.0,32744.7,3621.5,5.0,471.0,0.0,0.0,20518.2,0.0,0.00,pathseer:55
beir500k-rq1,neg10_cat03,neg10,66486,ours-guard,256,1,55,0.9236,0.5273,0.00090,8.580,15.845,17.103,8.617,18601.8,0.0,44892.6,5273.7,10.0,774.0,0.0,0.0,25732.9,0.0,0.00,pathseer:55
beir500k-rq1,neg10_cat03,neg10,66486,ours-guard,256,2,55,0.9236,0.5273,0.00090,8.364,15.133,16.448,8.268,18601.8,0.0,44892.6,5273.7,10.0,774.0,0.0,0.0,25732.9,0.0,0.00,pathseer:55
beir500k-rq1,neg10_cat03,neg10,66486,ours-guard,256,3,55,0.9236,0.5273,0.00090,8.530,15.310,17.896,8.467,18601.8,0.0,44892.6,5273.7,10.0,774.0,0.0,0.0,25732.9,0.0,0.00,pathseer:55
beir500k-rq1,neg10_cat03,neg10,66486,ours-guard,512,1,55,0.9618,0.7091,0.00039,12.414,23.373,24.533,13.064,28521.0,0.0,63161.8,7839.5,19.0,1428.0,0.0,0.0,33641.8,0.0,0.00,pathseer:55
beir500k-rq1,neg10_cat03,neg10,66486,ours-guard,512,2,55,0.9618,0.7091,0.00039,12.824,22.011,25.022,12.962,28521.0,0.0,63161.8,7839.5,19.0,1428.0,0.0,0.0,33641.8,0.0,0.00,pathseer:55
beir500k-rq1,neg10_cat03,neg10,66486,ours-guard,512,3,55,0.9618,0.7091,0.00039,12.971,22.813,24.535,13.043,28521.0,0.0,63161.8,7839.5,19.0,1428.0,0.0,0.0,33641.8,0.0,0.00,pathseer:55
beir500k-rq1,neg10_cat03,neg10,66486,acorn,64,1,55,0.7291,0.1818,0.00486,1.303,1.700,2.216,1.239,2423.0,10.0,11626.6,70.2,3.0,3.0,0.0,0.0,0.0,0.0,0.00,acorn:51|rre:4
beir500k-rq1,neg10_cat03,neg10,66486,acorn,64,2,55,0.7291,0.1818,0.00486,1.090,1.406,1.506,1.030,2423.0,10.0,11626.6,70.2,3.0,3.0,0.0,0.0,0.0,0.0,0.00,acorn:51|rre:4
beir500k-rq1,neg10_cat03,neg10,66486,acorn,64,3,55,0.7291,0.1818,0.00486,1.082,1.345,1.418,0.998,2423.0,10.0,11626.6,70.2,3.0,3.0,0.0,0.0,0.0,0.0,0.00,acorn:51|rre:4
beir500k-rq1,neg10_cat03,neg10,66486,acorn,128,1,55,0.8200,0.3636,0.00287,1.786,2.268,2.283,1.691,3986.0,10.0,17480.0,132.7,4.0,4.0,0.0,0.0,0.0,0.0,0.00,acorn:51|rre:4
beir500k-rq1,neg10_cat03,neg10,66486,acorn,128,2,55,0.8200,0.3636,0.00287,1.716,2.118,2.232,1.599,3986.0,10.0,17480.0,132.7,4.0,4.0,0.0,0.0,0.0,0.0,0.00,acorn:51|rre:4
beir500k-rq1,neg10_cat03,neg10,66486,acorn,128,3,55,0.8200,0.3636,0.00287,1.700,2.093,2.214,1.598,3986.0,10.0,17480.0,132.7,4.0,4.0,0.0,0.0,0.0,0.0,0.00,acorn:51|rre:4
beir500k-rq1,neg10_cat03,neg10,66486,acorn,256,1,55,0.9055,0.5091,0.00118,2.856,3.391,3.414,2.657,6591.2,10.0,26918.0,259.3,7.0,7.0,0.0,0.0,0.0,0.0,0.00,acorn:51|rre:4
beir500k-rq1,neg10_cat03,neg10,66486,acorn,256,2,55,0.9055,0.5091,0.00118,2.884,3.394,3.443,2.661,6591.2,10.0,26918.0,259.3,7.0,7.0,0.0,0.0,0.0,0.0,0.00,acorn:51|rre:4
beir500k-rq1,neg10_cat03,neg10,66486,acorn,256,3,55,0.9055,0.5091,0.00118,2.845,3.316,3.470,2.621,6591.2,10.0,26918.0,259.3,7.0,7.0,0.0,0.0,0.0,0.0,0.00,acorn:51|rre:4
beir500k-rq1,neg10_cat03,neg10,66486,acorn,512,1,55,0.9545,0.6727,0.00050,4.722,5.605,5.779,4.504,10691.3,10.0,40760.2,514.9,13.0,12.0,0.0,0.0,0.0,0.0,0.00,acorn:51|rre:4
beir500k-rq1,neg10_cat03,neg10,66486,acorn,512,2,55,0.9545,0.6727,0.00050,4.920,5.446,5.500,4.529,10691.3,10.0,40760.2,514.9,13.0,12.0,0.0,0.0,0.0,0.0,0.00,acorn:51|rre:4
beir500k-rq1,neg10_cat03,neg10,66486,acorn,512,3,55,0.9545,0.6727,0.00050,4.712,5.648,5.929,4.523,10691.3,10.0,40760.2,514.9,13.0,12.0,0.0,0.0,0.0,0.0,0.00,acorn:51|rre:4
beir500k-rq1,neg10_cat04,neg10,52652,sweeping,64,1,57,0.9404,0.6316,0.00054,8.740,15.322,17.073,8.810,31017.3,0.0,10993.9,6242.3,3.0,264.0,0.0,0.0,0.0,0.0,0.00,sweeping:57
beir500k-rq1,neg10_cat04,neg10,52652,sweeping,64,2,57,0.9404,0.6316,0.00054,8.829,14.523,16.883,8.893,31017.3,0.0,10993.9,6242.3,3.0,264.0,0.0,0.0,0.0,0.0,0.00,sweeping:57
beir500k-rq1,neg10_cat04,neg10,52652,sweeping,64,3,57,0.9404,0.6316,0.00054,8.994,16.701,20.502,9.254,31017.3,0.0,10993.9,6242.3,3.0,264.0,0.0,0.0,0.0,0.0,0.00,sweeping:57
beir500k-rq1,neg10_cat04,neg10,52652,sweeping,128,1,57,0.9772,0.8246,0.00021,11.576,20.055,21.577,11.760,37987.8,0.0,14123.6,7958.0,5.0,505.0,0.0,0.0,0.0,0.0,0.00,sweeping:57
beir500k-rq1,neg10_cat04,neg10,52652,sweeping,128,2,57,0.9772,0.8246,0.00021,11.431,18.910,20.356,11.323,37987.8,0.0,14123.6,7958.0,5.0,505.0,0.0,0.0,0.0,0.0,0.00,sweeping:57
beir500k-rq1,neg10_cat04,neg10,52652,sweeping,128,3,57,0.9772,0.8246,0.00021,11.937,19.014,20.730,11.872,37987.8,0.0,14123.6,7958.0,5.0,505.0,0.0,0.0,0.0,0.0,0.00,sweeping:57
beir500k-rq1,neg10_cat04,neg10,52652,sweeping,256,1,57,0.9895,0.8947,0.00014,15.559,25.150,27.905,15.354,47989.6,0.0,18076.4,10236.6,10.0,1009.0,0.0,0.0,0.0,0.0,0.00,sweeping:57
beir500k-rq1,neg10_cat04,neg10,52652,sweeping,256,2,57,0.9895,0.8947,0.00014,15.364,23.962,26.429,15.096,47989.6,0.0,18076.4,10236.6,10.0,1009.0,0.0,0.0,0.0,0.0,0.00,sweeping:57
beir500k-rq1,neg10_cat04,neg10,52652,sweeping,256,3,57,0.9895,0.8947,0.00014,15.407,22.553,27.929,15.389,47989.6,0.0,18076.4,10236.6,10.0,1009.0,0.0,0.0,0.0,0.0,0.00,sweeping:57
beir500k-rq1,neg10_cat04,neg10,52652,sweeping,512,1,57,0.9965,0.9649,0.00007,20.378,32.007,38.230,20.933,62038.3,0.0,23298.6,13285.8,21.0,1822.0,0.0,0.0,0.0,0.0,0.00,sweeping:57
beir500k-rq1,neg10_cat04,neg10,52652,sweeping,512,2,57,0.9965,0.9649,0.00007,21.190,30.305,37.427,20.541,62038.3,0.0,23298.6,13285.8,21.0,1822.0,0.0,0.0,0.0,0.0,0.00,sweeping:57
beir500k-rq1,neg10_cat04,neg10,52652,sweeping,512,3,57,0.9965,0.9649,0.00007,20.939,31.667,36.636,20.728,62038.3,0.0,23298.6,13285.8,21.0,1822.0,0.0,0.0,0.0,0.0,0.00,sweeping:57
beir500k-rq1,neg10_cat04,neg10,52652,pathseer,64,1,57,0.9175,0.5263,0.00101,3.690,6.209,6.651,3.588,6017.6,0.0,22293.6,2908.2,3.0,250.0,143.7,8.1,14317.5,2.2,0.00,pathseer:57
beir500k-rq1,neg10_cat04,neg10,52652,pathseer,64,2,57,0.9175,0.5263,0.00101,3.422,6.149,6.311,3.363,6017.6,0.0,22293.6,2908.2,3.0,250.0,143.7,8.1,14317.5,2.2,0.00,pathseer:57
beir500k-rq1,neg10_cat04,neg10,52652,pathseer,64,3,57,0.9175,0.5263,0.00101,3.402,5.675,6.362,3.297,6017.6,0.0,22293.6,2908.2,3.0,250.0,143.7,8.1,14317.5,2.2,0.00,pathseer:57
beir500k-rq1,neg10_cat04,neg10,52652,pathseer,128,1,57,0.9614,0.7368,0.00041,5.854,8.721,8.957,5.524,9705.1,0.0,29452.0,4522.4,5.0,457.0,272.8,14.4,16881.5,4.3,0.00,pathseer:57
beir500k-rq1,neg10_cat04,neg10,52652,pathseer,128,2,57,0.9614,0.7368,0.00041,5.872,8.854,10.989,5.641,9705.1,0.0,29452.0,4522.4,5.0,457.0,272.8,14.4,16881.5,4.3,0.00,pathseer:57
beir500k-rq1,neg10_cat04,neg10,52652,pathseer,128,3,57,0.9614,0.7368,0.00041,5.569,8.424,8.764,5.268,9705.1,0.0,29452.0,4522.4,5.0,457.0,272.8,14.4,16881.5,4.3,0.00,pathseer:57
beir500k-rq1,neg10_cat04,neg10,52652,pathseer,256,1,57,0.9860,0.8596,0.00024,8.303,13.835,24.706,8.723,15235.9,0.0,38709.9,6810.5,9.0,878.0,540.1,29.4,19543.7,8.4,0.00,pathseer:57
beir500k-rq1,neg10_cat04,neg10,52652,pathseer,256,2,57,0.9860,0.8596,0.00024,8.316,11.904,12.292,7.959,15235.9,0.0,38709.9,6810.5,9.0,878.0,540.1,29.4,19543.7,8.4,0.00,pathseer:57
beir500k-rq1,neg10_cat04,neg10,52652,pathseer,256,3,57,0.9860,0.8596,0.00024,8.534,12.565,13.476,8.312,15235.9,0.0,38709.9,6810.5,9.0,878.0,540.1,29.4,19543.7,8.4,0.00,pathseer:57
beir500k-rq1,neg10_cat04,neg10,52652,pathseer,512,1,57,0.9947,0.9474,0.00008,12.861,17.640,18.614,12.227,23156.1,0.0,51084.5,9813.3,19.0,1755.0,1172.2,54.9,22859.5,18.3,0.00,pathseer:57
beir500k-rq1,neg10_cat04,neg10,52652,pathseer,512,2,57,0.9947,0.9474,0.00008,12.006,19.144,19.463,12.482,23156.1,0.0,51084.5,9813.3,19.0,1755.0,1172.2,54.9,22859.5,18.3,0.00,pathseer:57
beir500k-rq1,neg10_cat04,neg10,52652,pathseer,512,3,57,0.9947,0.9474,0.00008,12.771,18.090,19.158,12.478,23156.1,0.0,51084.5,9813.3,19.0,1755.0,1172.2,54.9,22859.5,18.3,0.00,pathseer:57
beir500k-rq1,neg10_cat04,neg10,52652,ours-no-twohop,64,1,57,0.9158,0.5263,0.00102,3.471,6.355,6.838,3.520,6275.7,0.0,22771.0,3039.0,3.0,264.0,0.0,0.0,14537.5,0.0,0.00,pathseer:57
beir500k-rq1,neg10_cat04,neg10,52652,ours-no-twohop,64,2,57,0.9158,0.5263,0.00102,3.529,5.899,6.432,3.479,6275.7,0.0,22771.0,3039.0,3.0,264.0,0.0,0.0,14537.5,0.0,0.00,pathseer:57
beir500k-rq1,neg10_cat04,neg10,52652,ours-no-twohop,64,3,57,0.9158,0.5263,0.00102,3.566,6.088,6.428,3.489,6275.7,0.0,22771.0,3039.0,3.0,264.0,0.0,0.0,14537.5,0.0,0.00,pathseer:57
beir500k-rq1,neg10_cat04,neg10,52652,ours-no-twohop,128,1,57,0.9632,0.7368,0.00038,5.330,8.258,8.434,5.245,10015.2,0.0,29770.2,4658.4,5.0,505.0,0.0,0.0,17016.8,0.0,0.00,pathseer:57
beir500k-rq1,neg10_cat04,neg10,52652,ours-no-twohop,128,2,57,0.9632,0.7368,0.00038,5.370,8.397,8.786,5.307,10015.2,0.0,29770.2,4658.4,5.0,505.0,0.0,0.0,17016.8,0.0,0.00,pathseer:57
beir500k-rq1,neg10_cat04,neg10,52652,ours-no-twohop,128,3,57,0.9632,0.7368,0.00038,5.542,8.221,8.712,5.268,10015.2,0.0,29770.2,4658.4,5.0,505.0,0.0,0.0,17016.8,0.0,0.00,pathseer:57
beir500k-rq1,neg10_cat04,neg10,52652,ours-no-twohop,256,1,57,0.9860,0.8596,0.00024,8.656,13.222,13.573,8.470,15686.3,0.0,38958.5,6979.8,10.0,1009.0,0.0,0.0,19674.3,0.0,0.00,pathseer:57
beir500k-rq1,neg10_cat04,neg10,52652,ours-no-twohop,256,2,57,0.9860,0.8596,0.00024,8.581,12.475,12.983,8.298,15686.3,0.0,38958.5,6979.8,10.0,1009.0,0.0,0.0,19674.3,0.0,0.00,pathseer:57
beir500k-rq1,neg10_cat04,neg10,52652,ours-no-twohop,256,3,57,0.9860,0.8596,0.00024,8.483,12.315,13.407,8.340,15686.3,0.0,38958.5,6979.8,10.0,1009.0,0.0,0.0,19674.3,0.0,0.00,pathseer:57
beir500k-rq1,neg10_cat04,neg10,52652,ours-no-twohop,512,1,57,0.9947,0.9474,0.00008,12.391,19.395,21.057,13.056,23709.3,0.0,50821.6,10003.7,21.0,1822.0,0.0,0.0,22923.8,0.0,0.00,pathseer:57
beir500k-rq1,neg10_cat04,neg10,52652,ours-no-twohop,512,2,57,0.9947,0.9474,0.00008,12.609,17.653,18.569,12.483,23709.3,0.0,50821.6,10003.7,21.0,1822.0,0.0,0.0,22923.8,0.0,0.00,pathseer:57
beir500k-rq1,neg10_cat04,neg10,52652,ours-no-twohop,512,3,57,0.9947,0.9474,0.00008,12.887,17.362,17.882,12.319,23709.3,0.0,50821.6,10003.7,21.0,1822.0,0.0,0.0,22923.8,0.0,0.00,pathseer:57
beir500k-rq1,neg10_cat04,neg10,52652,ours-guard,64,1,57,0.9105,0.5088,0.00110,3.566,6.363,6.539,3.538,5931.1,0.0,20636.5,3026.7,3.0,264.0,0.0,0.0,14560.2,0.0,0.00,pathseer:57
beir500k-rq1,neg10_cat04,neg10,52652,ours-guard,64,2,57,0.9105,0.5088,0.00110,3.249,5.627,5.878,3.280,5931.1,0.0,20636.5,3026.7,3.0,264.0,0.0,0.0,14560.2,0.0,0.00,pathseer:57
beir500k-rq1,neg10_cat04,neg10,52652,ours-guard,64,3,57,0.9105,0.5088,0.00110,3.390,6.099,6.315,3.482,5931.1,0.0,20636.5,3026.7,3.0,264.0,0.0,0.0,14560.2,0.0,0.00,pathseer:57
beir500k-rq1,neg10_cat04,neg10,52652,ours-guard,128,1,57,0.9596,0.7368,0.00043,5.402,7.930,8.225,5.097,9451.6,0.0,26809.3,4636.9,5.0,505.0,0.0,0.0,17081.1,0.0,0.00,pathseer:57
beir500k-rq1,neg10_cat04,neg10,52652,ours-guard,128,2,57,0.9596,0.7368,0.00043,5.364,8.200,8.344,5.121,9451.6,0.0,26809.3,4636.9,5.0,505.0,0.0,0.0,17081.1,0.0,0.00,pathseer:57
beir500k-rq1,neg10_cat04,neg10,52652,ours-guard,128,3,57,0.9596,0.7368,0.00043,5.366,8.492,8.722,5.308,9451.6,0.0,26809.3,4636.9,5.0,505.0,0.0,0.0,17081.1,0.0,0.00,pathseer:57
beir500k-rq1,neg10_cat04,neg10,52652,ours-guard,256,1,57,0.9842,0.8421,0.00025,8.318,11.828,12.156,7.866,14776.0,0.0,35115.8,6936.7,10.0,1009.0,0.0,0.0,19833.4,0.0,0.00,pathseer:57
beir500k-rq1,neg10_cat04,neg10,52652,ours-guard,256,2,57,0.9842,0.8421,0.00025,8.423,12.251,13.068,8.092,14776.0,0.0,35115.8,6936.7,10.0,1009.0,0.0,0.0,19833.4,0.0,0.00,pathseer:57
beir500k-rq1,neg10_cat04,neg10,52652,ours-guard,256,3,57,0.9842,0.8421,0.00025,8.063,12.200,13.037,8.115,14776.0,0.0,35115.8,6936.7,10.0,1009.0,0.0,0.0,19833.4,0.0,0.00,pathseer:57
beir500k-rq1,neg10_cat04,neg10,52652,ours-guard,512,1,57,0.9947,0.9474,0.00008,12.738,16.552,17.936,12.126,22230.2,0.0,46441.6,9929.4,21.0,1822.0,0.0,0.0,23288.8,0.0,0.00,pathseer:57
beir500k-rq1,neg10_cat04,neg10,52652,ours-guard,512,2,57,0.9947,0.9474,0.00008,12.423,16.969,17.689,12.011,22230.2,0.0,46441.6,9929.4,21.0,1822.0,0.0,0.0,23288.8,0.0,0.00,pathseer:57
beir500k-rq1,neg10_cat04,neg10,52652,ours-guard,512,3,57,0.9947,0.9474,0.00008,12.049,17.956,18.590,12.195,22230.2,0.0,46441.6,9929.4,21.0,1822.0,0.0,0.0,23288.8,0.0,0.00,pathseer:57
beir500k-rq1,neg10_cat04,neg10,52652,acorn,64,1,57,0.8193,0.2807,0.00381,0.998,1.377,1.535,0.973,2172.9,10.0,11271.4,68.5,3.0,3.0,0.0,0.0,0.0,0.0,0.00,acorn:55|rre:2
beir500k-rq1,neg10_cat04,neg10,52652,acorn,64,2,57,0.8193,0.2807,0.00381,1.011,1.396,1.464,0.969,2172.9,10.0,11271.4,68.5,3.0,3.0,0.0,0.0,0.0,0.0,0.00,acorn:55|rre:2
beir500k-rq1,neg10_cat04,neg10,52652,acorn,64,3,57,0.8193,0.2807,0.00381,0.961,1.363,1.403,0.941,2172.9,10.0,11271.4,68.5,3.0,3.0,0.0,0.0,0.0,0.0,0.00,acorn:55|rre:2
beir500k-rq1,neg10_cat04,neg10,52652,acorn,128,1,57,0.8965,0.4561,0.00212,1.755,2.368,2.416,1.656,3613.4,10.0,17503.8,131.7,4.0,4.0,0.0,0.0,0.0,0.0,0.00,acorn:55|rre:2
beir500k-rq1,neg10_cat04,neg10,52652,acorn,128,2,57,0.8965,0.4561,0.00212,1.630,2.280,2.352,1.576,3613.4,10.0,17503.8,131.7,4.0,4.0,0.0,0.0,0.0,0.0,0.00,acorn:55|rre:2
beir500k-rq1,neg10_cat04,neg10,52652,acorn,128,3,57,0.8965,0.4561,0.00212,1.645,2.318,2.352,1.577,3613.4,10.0,17503.8,131.7,4.0,4.0,0.0,0.0,0.0,0.0,0.00,acorn:55|rre:2
beir500k-rq1,neg10_cat04,neg10,52652,acorn,256,1,57,0.9474,0.6316,0.00107,2.627,3.805,4.107,2.568,5929.4,10.0,26842.7,259.1,7.0,7.0,0.0,0.0,0.0,0.0,0.00,acorn:55|rre:2
beir500k-rq1,neg10_cat04,neg10,52652,acorn,256,2,57,0.9474,0.6316,0.00107,2.723,3.843,4.112,2.674,5929.4,10.0,26842.7,259.1,7.0,7.0,0.0,0.0,0.0,0.0,0.00,acorn:55|rre:2
beir500k-rq1,neg10_cat04,neg10,52652,acorn,256,3,57,0.9474,0.6316,0.00107,2.689,3.778,4.156,2.619,5929.4,10.0,26842.7,259.1,7.0,7.0,0.0,0.0,0.0,0.0,0.00,acorn:55|rre:2
beir500k-rq1,neg10_cat04,neg10,52652,acorn,512,1,57,0.9684,0.7544,0.00060,4.448,5.872,6.133,4.358,9548.8,10.0,40506.5,514.7,13.0,13.0,0.0,0.0,0.0,0.0,0.00,acorn:55|rre:2
beir500k-rq1,neg10_cat04,neg10,52652,acorn,512,2,57,0.9684,0.7544,0.00060,4.575,6.341,6.765,4.599,9548.8,10.0,40506.5,514.7,13.0,13.0,0.0,0.0,0.0,0.0,0.00,acorn:55|rre:2
beir500k-rq1,neg10_cat04,neg10,52652,acorn,512,3,57,0.9684,0.7544,0.00060,4.648,6.136,6.274,4.474,9548.8,10.0,40506.5,514.7,13.0,13.0,0.0,0.0,0.0,0.0,0.00,acorn:55|rre:2
beir500k-rq1,neg10_cat05,neg10,52680,sweeping,64,1,20,0.9850,0.8500,0.00008,11.433,29.058,30.578,12.785,44837.2,0.0,10665.1,7030.9,4.0,132.0,0.0,0.0,0.0,0.0,0.00,sweeping:20
beir500k-rq1,neg10_cat05,neg10,52680,sweeping,64,2,20,0.9850,0.8500,0.00008,12.481,29.709,31.470,12.694,44837.2,0.0,10665.1,7030.9,4.0,132.0,0.0,0.0,0.0,0.0,0.00,sweeping:20
beir500k-rq1,neg10_cat05,neg10,52680,sweeping,64,3,20,0.9850,0.8500,0.00008,12.390,29.387,29.935,12.705,44837.2,0.0,10665.1,7030.9,4.0,132.0,0.0,0.0,0.0,0.0,0.00,sweeping:20
beir500k-rq1,neg10_cat05,neg10,52680,sweeping,128,1,20,1.0000,1.0000,0.00000,17.672,39.963,42.665,19.049,61593.7,0.0,15810.8,10652.8,6.0,255.0,0.0,0.0,0.0,0.0,0.00,sweeping:20
beir500k-rq1,neg10_cat05,neg10,52680,sweeping,128,2,20,1.0000,1.0000,0.00000,18.402,39.755,41.987,18.754,61593.7,0.0,15810.8,10652.8,6.0,255.0,0.0,0.0,0.0,0.0,0.00,sweeping:20
beir500k-rq1,neg10_cat05,neg10,52680,sweeping,128,3,20,1.0000,1.0000,0.00000,17.869,38.689,42.164,18.730,61593.7,0.0,15810.8,10652.8,6.0,255.0,0.0,0.0,0.0,0.0,0.00,sweeping:20
beir500k-rq1,neg10_cat05,neg10,52680,sweeping,256,1,20,1.0000,1.0000,0.00000,28.364,50.013,56.541,27.102,83788.5,0.0,23339.8,15690.8,12.0,571.0,0.0,0.0,0.0,0.0,0.00,sweeping:20
beir500k-rq1,neg10_cat05,neg10,52680,sweeping,256,2,20,1.0000,1.0000,0.00000,29.703,55.524,57.193,27.645,83788.5,0.0,23339.8,15690.8,12.0,571.0,0.0,0.0,0.0,0.0,0.00,sweeping:20
beir500k-rq1,neg10_cat05,neg10,52680,sweeping,256,3,20,1.0000,1.0000,0.00000,27.637,51.329,54.420,26.788,83788.5,0.0,23339.8,15690.8,12.0,571.0,0.0,0.0,0.0,0.0,0.00,sweeping:20
beir500k-rq1,neg10_cat05,neg10,52680,sweeping,512,1,20,1.0000,1.0000,0.00000,41.150,69.550,72.704,39.199,114144.8,0.0,34532.5,23010.4,23.0,1062.0,0.0,0.0,0.0,0.0,0.00,sweeping:20
beir500k-rq1,neg10_cat05,neg10,52680,sweeping,512,2,20,1.0000,1.0000,0.00000,40.829,65.435,67.255,37.994,114144.8,0.0,34532.5,23010.4,23.0,1062.0,0.0,0.0,0.0,0.0,0.00,sweeping:20
beir500k-rq1,neg10_cat05,neg10,52680,sweeping,512,3,20,1.0000,1.0000,0.00000,39.677,65.764,68.563,38.104,114144.8,0.0,34532.5,23010.4,23.0,1062.0,0.0,0.0,0.0,0.0,0.00,sweeping:20
beir500k-rq1,neg10_cat05,neg10,52680,pathseer,64,1,20,0.9600,0.6500,0.00053,2.555,9.581,11.927,3.658,5213.1,0.0,24335.3,2568.9,3.0,113.0,156.8,8.7,17360.2,2.5,0.00,pathseer:20
beir500k-rq1,neg10_cat05,neg10,52680,pathseer,64,2,20,0.9600,0.6500,0.00053,2.266,9.151,10.683,3.281,5213.1,0.0,24335.3,2568.9,3.0,113.0,156.8,8.7,17360.2,2.5,0.00,pathseer:20
beir500k-rq1,neg10_cat05,neg10,52680,pathseer,64,3,20,0.9600,0.6500,0.00053,2.189,8.935,9.966,3.153,5213.1,0.0,24335.3,2568.9,3.0,113.0,156.8,8.7,17360.2,2.5,0.00,pathseer:20
beir500k-rq1,neg10_cat05,neg10,52680,pathseer,128,1,20,0.9950,0.9500,0.00003,4.328,15.354,15.734,5.618,8701.9,0.0,36303.3,4292.1,6.0,226.0,307.2,14.2,24707.2,4.8,0.00,pathseer:20
beir500k-rq1,neg10_cat05,neg10,52680,pathseer,128,2,20,0.9950,0.9500,0.00003,4.477,15.950,17.559,5.902,8701.9,0.0,36303.3,4292.1,6.0,226.0,307.2,14.2,24707.2,4.8,0.00,pathseer:20
beir500k-rq1,neg10_cat05,neg10,52680,pathseer,128,3,20,0.9950,0.9500,0.00003,4.138,13.722,16.384,5.490,8701.9,0.0,36303.3,4292.1,6.0,226.0,307.2,14.2,24707.2,4.8,0.00,pathseer:20
beir500k-rq1,neg10_cat05,neg10,52680,pathseer,256,1,20,0.9950,0.9500,0.00003,7.724,23.200,23.852,9.555,14725.4,0.0,54028.2,7251.2,9.0,547.0,572.8,29.9,34495.8,8.9,0.00,pathseer:20
beir500k-rq1,neg10_cat05,neg10,52680,pathseer,256,2,20,0.9950,0.9500,0.00003,7.622,22.630,23.271,9.328,14725.4,0.0,54028.2,7251.2,9.0,547.0,572.8,29.9,34495.8,8.9,0.00,pathseer:20
beir500k-rq1,neg10_cat05,neg10,52680,pathseer,256,3,20,0.9950,0.9500,0.00003,7.860,22.317,23.318,9.482,14725.4,0.0,54028.2,7251.2,9.0,547.0,572.8,29.9,34495.8,8.9,0.00,pathseer:20
beir500k-rq1,neg10_cat05,neg10,52680,pathseer,512,1,20,0.9950,0.9500,0.00003,13.832,31.110,33.562,15.141,23871.3,0.0,78441.8,11760.4,19.0,1040.0,1225.6,58.9,46850.1,19.1,0.00,pathseer:20
beir500k-rq1,neg10_cat05,neg10,52680,pathseer,512,2,20,0.9950,0.9500,0.00003,14.649,30.624,36.337,15.701,23871.3,0.0,78441.8,11760.4,19.0,1040.0,1225.6,58.9,46850.1,19.1,0.00,pathseer:20
beir500k-rq1,neg10_cat05,neg10,52680,pathseer,512,3,20,0.9950,0.9500,0.00003,14.576,32.741,33.130,15.436,23871.3,0.0,78441.8,11760.4,19.0,1040.0,1225.6,58.9,46850.1,19.1,0.00,pathseer:20
beir500k-rq1,neg10_cat05,neg10,52680,ours-no-twohop,64,1,20,0.9750,0.7500,0.00023,2.682,9.416,10.024,3.289,5437.2,0.0,25147.0,2687.2,4.0,132.0,0.0,0.0,17968.7,0.0,0.00,pathseer:20
beir500k-rq1,neg10_cat05,neg10,52680,ours-no-twohop,64,2,20,0.9750,0.7500,0.00023,2.640,9.851,10.641,3.438,5437.2,0.0,25147.0,2687.2,4.0,132.0,0.0,0.0,17968.7,0.0,0.00,pathseer:20
beir500k-rq1,neg10_cat05,neg10,52680,ours-no-twohop,64,3,20,0.9750,0.7500,0.00023,2.481,8.904,10.377,3.288,5437.2,0.0,25147.0,2687.2,4.0,132.0,0.0,0.0,17968.7,0.0,0.00,pathseer:20
beir500k-rq1,neg10_cat05,neg10,52680,ours-no-twohop,128,1,20,0.9950,0.9500,0.00003,4.148,13.659,16.194,5.472,8960.0,0.0,36903.6,4421.4,6.0,255.0,0.0,0.0,25199.9,0.0,0.00,pathseer:20
beir500k-rq1,neg10_cat05,neg10,52680,ours-no-twohop,128,2,20,0.9950,0.9500,0.00003,4.271,14.655,15.381,5.518,8960.0,0.0,36903.6,4421.4,6.0,255.0,0.0,0.0,25199.9,0.0,0.00,pathseer:20
beir500k-rq1,neg10_cat05,neg10,52680,ours-no-twohop,128,3,20,0.9950,0.9500,0.00003,4.380,13.997,15.871,5.478,8960.0,0.0,36903.6,4421.4,6.0,255.0,0.0,0.0,25199.9,0.0,0.00,pathseer:20
beir500k-rq1,neg10_cat05,neg10,52680,ours-no-twohop,256,1,20,0.9950,0.9500,0.00003,7.401,21.501,23.685,9.761,15240.2,0.0,54982.2,7511.6,12.0,571.0,0.0,0.0,35187.5,0.0,0.00,pathseer:20
beir500k-rq1,neg10_cat05,neg10,52680,ours-no-twohop,256,2,20,0.9950,0.9500,0.00003,7.562,22.299,23.187,9.517,15240.2,0.0,54982.2,7511.6,12.0,571.0,0.0,0.0,35187.5,0.0,0.00,pathseer:20
beir500k-rq1,neg10_cat05,neg10,52680,ours-no-twohop,256,3,20,0.9950,0.9500,0.00003,8.832,22.629,23.496,9.852,15240.2,0.0,54982.2,7511.6,12.0,571.0,0.0,0.0,35187.5,0.0,0.00,pathseer:20
beir500k-rq1,neg10_cat05,neg10,52680,ours-no-twohop,512,1,20,0.9950,0.9500,0.00003,14.491,32.461,34.997,15.965,24385.2,0.0,78673.4,12017.5,23.0,1062.0,0.0,0.0,47417.3,0.0,0.00,pathseer:20
beir500k-rq1,neg10_cat05,neg10,52680,ours-no-twohop,512,2,20,0.9950,0.9500,0.00003,14.070,31.939,33.059,15.518,24385.2,0.0,78673.4,12017.5,23.0,1062.0,0.0,0.0,47417.3,0.0,0.00,pathseer:20
beir500k-rq1,neg10_cat05,neg10,52680,ours-no-twohop,512,3,20,0.9950,0.9500,0.00003,14.116,31.929,38.412,15.799,24385.2,0.0,78673.4,12017.5,23.0,1062.0,0.0,0.0,47417.3,0.0,0.00,pathseer:20
beir500k-rq1,neg10_cat05,neg10,52680,ours-guard,64,1,20,0.9700,0.7000,0.00054,2.427,8.655,10.445,3.198,4902.6,0.0,23032.9,2663.8,4.0,132.0,0.0,0.0,18028.3,0.0,0.00,pathseer:20
beir500k-rq1,neg10_cat05,neg10,52680,ours-guard,64,2,20,0.9700,0.7000,0.00054,2.484,8.427,9.771,3.086,4902.6,0.0,23032.9,2663.8,4.0,132.0,0.0,0.0,18028.3,0.0,0.00,pathseer:20
beir500k-rq1,neg10_cat05,neg10,52680,ours-guard,64,3,20,0.9700,0.7000,0.00054,2.573,8.879,9.799,3.131,4902.6,0.0,23032.9,2663.8,4.0,132.0,0.0,0.0,18028.3,0.0,0.00,pathseer:20
beir500k-rq1,neg10_cat05,neg10,52680,ours-guard,128,1,20,0.9950,0.9500,0.00003,4.247,14.550,16.067,5.536,8061.2,0.0,33607.4,4379.2,6.0,255.0,0.0,0.0,25357.0,0.0,0.00,pathseer:20
beir500k-rq1,neg10_cat05,neg10,52680,ours-guard,128,2,20,0.9950,0.9500,0.00003,4.066,13.292,15.892,5.279,8061.2,0.0,33607.4,4379.2,6.0,255.0,0.0,0.0,25357.0,0.0,0.00,pathseer:20
beir500k-rq1,neg10_cat05,neg10,52680,ours-guard,128,3,20,0.9950,0.9500,0.00003,4.194,13.620,15.685,5.302,8061.2,0.0,33607.4,4379.2,6.0,255.0,0.0,0.0,25357.0,0.0,0.00,pathseer:20
beir500k-rq1,neg10_cat05,neg10,52680,ours-guard,256,1,20,0.9950,0.9500,0.00003,6.822,21.427,22.749,9.076,13709.6,0.0,49541.8,7434.4,12.0,571.0,0.0,0.0,35481.9,0.0,0.00,pathseer:20
beir500k-rq1,neg10_cat05,neg10,52680,ours-guard,256,2,20,0.9950,0.9500,0.00003,6.877,20.946,22.763,9.041,13709.6,0.0,49541.8,7434.4,12.0,571.0,0.0,0.0,35481.9,0.0,0.00,pathseer:20
beir500k-rq1,neg10_cat05,neg10,52680,ours-guard,256,3,20,0.9950,0.9500,0.00003,7.428,23.008,23.705,9.346,13709.6,0.0,49541.8,7434.4,12.0,571.0,0.0,0.0,35481.9,0.0,0.00,pathseer:20
beir500k-rq1,neg10_cat05,neg10,52680,ours-guard,512,1,20,0.9950,0.9500,0.00003,12.722,29.849,32.956,15.034,21902.4,0.0,70445.1,11875.5,23.0,1062.0,0.0,0.0,47889.5,0.0,0.00,pathseer:20
beir500k-rq1,neg10_cat05,neg10,52680,ours-guard,512,2,20,0.9950,0.9500,0.00003,13.449,30.658,32.003,14.687,21902.4,0.0,70445.1,11875.5,23.0,1062.0,0.0,0.0,47889.5,0.0,0.00,pathseer:20
beir500k-rq1,neg10_cat05,neg10,52680,ours-guard,512,3,20,0.9950,0.9500,0.00003,12.675,29.975,33.050,15.105,21902.4,0.0,70445.1,11875.5,23.0,1062.0,0.0,0.0,47889.5,0.0,0.00,pathseer:20
beir500k-rq1,neg10_cat05,neg10,52680,acorn,64,1,20,0.8850,0.3000,0.00371,1.263,1.523,1.663,1.240,2361.9,10.0,18252.2,67.1,3.0,3.0,0.0,0.0,0.0,0.0,0.00,acorn:20
beir500k-rq1,neg10_cat05,neg10,52680,acorn,64,2,20,0.8850,0.3000,0.00371,1.319,1.468,1.661,1.263,2361.9,10.0,18252.2,67.1,3.0,3.0,0.0,0.0,0.0,0.0,0.00,acorn:20
beir500k-rq1,neg10_cat05,neg10,52680,acorn,64,3,20,0.8850,0.3000,0.00371,1.337,1.472,1.655,1.258,2361.9,10.0,18252.2,67.1,3.0,3.0,0.0,0.0,0.0,0.0,0.00,acorn:20
beir500k-rq1,neg10_cat05,neg10,52680,acorn,128,1,20,0.9200,0.4000,0.00265,2.126,2.839,2.862,2.224,3897.7,10.0,29049.2,130.9,4.0,4.0,0.0,0.0,0.0,0.0,0.00,acorn:20
beir500k-rq1,neg10_cat05,neg10,52680,acorn,128,2,20,0.9200,0.4000,0.00265,2.488,3.355,3.378,2.554,3897.7,10.0,29049.2,130.9,4.0,4.0,0.0,0.0,0.0,0.0,0.00,acorn:20
beir500k-rq1,neg10_cat05,neg10,52680,acorn,128,3,20,0.9200,0.4000,0.00265,2.232,2.792,2.889,2.209,3897.7,10.0,29049.2,130.9,4.0,4.0,0.0,0.0,0.0,0.0,0.00,acorn:20
beir500k-rq1,neg10_cat05,neg10,52680,acorn,256,1,20,0.9400,0.5000,0.00207,3.654,4.181,4.580,3.529,6188.4,10.0,44528.1,258.7,6.0,6.0,0.0,0.0,0.0,0.0,0.00,acorn:20
beir500k-rq1,neg10_cat05,neg10,52680,acorn,256,2,20,0.9400,0.5000,0.00207,3.680,4.410,4.629,3.642,6188.4,10.0,44528.1,258.7,6.0,6.0,0.0,0.0,0.0,0.0,0.00,acorn:20
beir500k-rq1,neg10_cat05,neg10,52680,acorn,256,3,20,0.9400,0.5000,0.00207,3.711,4.332,4.684,3.701,6188.4,10.0,44528.1,258.7,6.0,6.0,0.0,0.0,0.0,0.0,0.00,acorn:20
beir500k-rq1,neg10_cat05,neg10,52680,acorn,512,1,20,0.9550,0.6000,0.00131,6.094,7.129,7.481,6.022,9536.0,10.0,66076.6,514.4,12.0,12.0,0.0,0.0,0.0,0.0,0.00,acorn:20
beir500k-rq1,neg10_cat05,neg10,52680,acorn,512,2,20,0.9550,0.6000,0.00131,6.202,7.159,7.750,6.042,9536.0,10.0,66076.6,514.4,12.0,12.0,0.0,0.0,0.0,0.0,0.00,acorn:20
beir500k-rq1,neg10_cat05,neg10,52680,acorn,512,3,20,0.9550,0.6000,0.00131,5.906,7.007,7.259,6.003,9536.0,10.0,66076.6,514.4,12.0,12.0,0.0,0.0,0.0,0.0,0.00,acorn:20
beir500k-rq1,neg10_cat06,neg10,73753,sweeping,64,1,49,0.9286,0.5714,0.00064,5.496,14.452,19.596,6.661,24856.1,0.0,7846.0,4196.6,3.0,216.0,0.0,0.0,0.0,0.0,0.00,sweeping:49
beir500k-rq1,neg10_cat06,neg10,73753,sweeping,64,2,49,0.9286,0.5714,0.00064,5.281,14.459,20.506,6.567,24856.1,0.0,7846.0,4196.6,3.0,216.0,0.0,0.0,0.0,0.0,0.00,sweeping:49
beir500k-rq1,neg10_cat06,neg10,73753,sweeping,64,3,49,0.9286,0.5714,0.00064,5.610,15.639,20.837,6.968,24856.1,0.0,7846.0,4196.6,3.0,216.0,0.0,0.0,0.0,0.0,0.00,sweeping:49
beir500k-rq1,neg10_cat06,neg10,73753,sweeping,128,1,49,0.9673,0.7551,0.00028,7.871,18.604,24.242,8.518,31360.5,0.0,10441.9,5377.6,6.0,327.0,0.0,0.0,0.0,0.0,0.00,sweeping:49
beir500k-rq1,neg10_cat06,neg10,73753,sweeping,128,2,49,0.9673,0.7551,0.00028,7.723,18.191,26.493,8.611,31360.5,0.0,10441.9,5377.6,6.0,327.0,0.0,0.0,0.0,0.0,0.00,sweeping:49
beir500k-rq1,neg10_cat06,neg10,73753,sweeping,128,3,49,0.9673,0.7551,0.00028,7.585,18.670,24.627,8.544,31360.5,0.0,10441.9,5377.6,6.0,327.0,0.0,0.0,0.0,0.0,0.00,sweeping:49
beir500k-rq1,neg10_cat06,neg10,73753,sweeping,256,1,49,0.9837,0.8571,0.00011,11.053,23.227,31.182,11.513,40631.0,0.0,13889.5,6976.3,11.0,662.0,0.0,0.0,0.0,0.0,0.00,sweeping:49
beir500k-rq1,neg10_cat06,neg10,73753,sweeping,256,2,49,0.9837,0.8571,0.00011,11.510,23.884,32.150,11.523,40631.0,0.0,13889.5,6976.3,11.0,662.0,0.0,0.0,0.0,0.0,0.00,sweeping:49
beir500k-rq1,neg10_cat06,neg10,73753,sweeping,256,3,49,0.9837,0.8571,0.00011,11.453,24.175,32.671,11.668,40631.0,0.0,13889.5,6976.3,11.0,662.0,0.0,0.0,0.0,0.0,0.00,sweeping:49
beir500k-rq1,neg10_cat06,neg10,73753,sweeping,512,1,49,0.9939,0.9592,0.00001,15.595,29.763,40.311,16.024,54497.4,0.0,18693.4,9273.7,22.0,1157.0,0.0,0.0,0.0,0.0,0.00,sweeping:49
beir500k-rq1,neg10_cat06,neg10,73753,sweeping,512,2,49,0.9939,0.9592,0.00001,17.197,30.113,39.438,16.899,54497.4,0.0,18693.4,9273.7,22.0,1157.0,0.0,0.0,0.0,0.0,0.00,sweeping:49
beir500k-rq1,neg10_cat06,neg10,73753,sweeping,512,3,49,0.9939,0.9592,0.00001,15.758,30.458,43.228,16.468,54497.4,0.0,18693.4,9273.7,22.0,1157.0,0.0,0.0,0.0,0.0,0.00,sweeping:49
beir500k-rq1,neg10_cat06,neg10,73753,pathseer,64,1,49,0.9020,0.4490,0.00137,2.356,6.198,8.464,2.698,5283.6,0.0,17881.9,2310.0,3.0,152.0,145.0,10.4,11300.9,2.3,0.00,pathseer:49
beir500k-rq1,neg10_cat06,neg10,73753,pathseer,64,2,49,0.9020,0.4490,0.00137,2.386,6.246,8.641,2.785,5283.6,0.0,17881.9,2310.0,3.0,152.0,145.0,10.4,11300.9,2.3,0.00,pathseer:49
beir500k-rq1,neg10_cat06,neg10,73753,pathseer,64,3,49,0.9020,0.4490,0.00137,2.365,6.564,8.964,2.822,5283.6,0.0,17881.9,2310.0,3.0,152.0,145.0,10.4,11300.9,2.3,0.00,pathseer:49
beir500k-rq1,neg10_cat06,neg10,73753,pathseer,128,1,49,0.9510,0.6735,0.00055,3.748,10.851,11.920,4.554,8480.1,0.0,23998.4,3465.2,5.0,310.0,267.8,20.0,13905.6,4.2,0.00,pathseer:49
beir500k-rq1,neg10_cat06,neg10,73753,pathseer,128,2,49,0.9510,0.6735,0.00055,3.735,9.360,12.298,4.248,8480.1,0.0,23998.4,3465.2,5.0,310.0,267.8,20.0,13905.6,4.2,0.00,pathseer:49
beir500k-rq1,neg10_cat06,neg10,73753,pathseer,128,3,49,0.9510,0.6735,0.00055,3.689,9.350,12.196,4.280,8480.1,0.0,23998.4,3465.2,5.0,310.0,267.8,20.0,13905.6,4.2,0.00,pathseer:49
beir500k-rq1,neg10_cat06,neg10,73753,pathseer,256,1,49,0.9837,0.8571,0.00012,5.964,13.603,17.414,6.748,13643.8,0.0,32360.3,5120.3,10.0,606.0,553.8,38.1,16889.9,8.7,0.00,pathseer:49
beir500k-rq1,neg10_cat06,neg10,73753,pathseer,256,2,49,0.9837,0.8571,0.00012,5.991,13.714,16.500,6.539,13643.8,0.0,32360.3,5120.3,10.0,606.0,553.8,38.1,16889.9,8.7,0.00,pathseer:49
beir500k-rq1,neg10_cat06,neg10,73753,pathseer,256,3,49,0.9837,0.8571,0.00012,5.938,12.887,17.071,6.571,13643.8,0.0,32360.3,5120.3,10.0,606.0,553.8,38.1,16889.9,8.7,0.00,pathseer:49
beir500k-rq1,neg10_cat06,neg10,73753,pathseer,512,1,49,0.9898,0.9184,0.00006,9.415,18.243,22.710,9.943,21140.5,0.0,43278.6,7318.6,19.0,1091.0,1153.3,71.7,20440.9,18.0,0.00,pathseer:49
beir500k-rq1,neg10_cat06,neg10,73753,pathseer,512,2,49,0.9898,0.9184,0.00006,9.351,18.302,23.326,10.134,21140.5,0.0,43278.6,7318.6,19.0,1091.0,1153.3,71.7,20440.9,18.0,0.00,pathseer:49
beir500k-rq1,neg10_cat06,neg10,73753,pathseer,512,3,49,0.9898,0.9184,0.00006,9.395,18.217,22.897,9.912,21140.5,0.0,43278.6,7318.6,19.0,1091.0,1153.3,71.7,20440.9,18.0,0.00,pathseer:49
beir500k-rq1,neg10_cat06,neg10,73753,ours-no-twohop,64,1,49,0.9082,0.4694,0.00114,2.456,6.660,8.562,2.886,5485.9,0.0,18377.3,2418.2,3.0,216.0,0.0,0.0,11623.8,0.0,0.00,pathseer:49
beir500k-rq1,neg10_cat06,neg10,73753,ours-no-twohop,64,2,49,0.9082,0.4694,0.00114,2.576,7.170,11.492,3.312,5485.9,0.0,18377.3,2418.2,3.0,216.0,0.0,0.0,11623.8,0.0,0.00,pathseer:49
beir500k-rq1,neg10_cat06,neg10,73753,ours-no-twohop,64,3,49,0.9082,0.4694,0.00114,2.394,6.195,9.594,2.973,5485.9,0.0,18377.3,2418.2,3.0,216.0,0.0,0.0,11623.8,0.0,0.00,pathseer:49
beir500k-rq1,neg10_cat06,neg10,73753,ours-no-twohop,128,1,49,0.9551,0.6939,0.00048,3.870,9.182,12.709,4.375,8837.1,0.0,24546.3,3623.9,6.0,327.0,0.0,0.0,14189.3,0.0,0.00,pathseer:49
beir500k-rq1,neg10_cat06,neg10,73753,ours-no-twohop,128,2,49,0.9551,0.6939,0.00048,3.788,9.357,13.160,4.383,8837.1,0.0,24546.3,3623.9,6.0,327.0,0.0,0.0,14189.3,0.0,0.00,pathseer:49
beir500k-rq1,neg10_cat06,neg10,73753,ours-no-twohop,128,3,49,0.9551,0.6939,0.00048,3.806,9.371,12.249,4.402,8837.1,0.0,24546.3,3623.9,6.0,327.0,0.0,0.0,14189.3,0.0,0.00,pathseer:49
beir500k-rq1,neg10_cat06,neg10,73753,ours-no-twohop,256,1,49,0.9816,0.8571,0.00018,6.047,13.751,17.202,6.714,13973.4,0.0,32255.0,5229.8,11.0,662.0,0.0,0.0,16860.7,0.0,0.00,pathseer:49
beir500k-rq1,neg10_cat06,neg10,73753,ours-no-twohop,256,2,49,0.9816,0.8571,0.00018,6.376,13.907,16.835,6.994,13973.4,0.0,32255.0,5229.8,11.0,662.0,0.0,0.0,16860.7,0.0,0.00,pathseer:49
beir500k-rq1,neg10_cat06,neg10,73753,ours-no-twohop,256,3,49,0.9816,0.8571,0.00018,6.490,13.733,18.511,6.961,13973.4,0.0,32255.0,5229.8,11.0,662.0,0.0,0.0,16860.7,0.0,0.00,pathseer:49
beir500k-rq1,neg10_cat06,neg10,73753,ours-no-twohop,512,1,49,0.9898,0.9184,0.00006,9.727,18.611,23.692,10.239,21568.7,0.0,42778.9,7422.3,22.0,1157.0,0.0,0.0,20458.2,0.0,0.00,pathseer:49
beir500k-rq1,neg10_cat06,neg10,73753,ours-no-twohop,512,2,49,0.9898,0.9184,0.00006,9.751,18.091,24.030,10.007,21568.7,0.0,42778.9,7422.3,22.0,1157.0,0.0,0.0,20458.2,0.0,0.00,pathseer:49
beir500k-rq1,neg10_cat06,neg10,73753,ours-no-twohop,512,3,49,0.9898,0.9184,0.00006,10.044,18.560,23.517,10.410,21568.7,0.0,42778.9,7422.3,22.0,1157.0,0.0,0.0,20458.2,0.0,0.00,pathseer:49
beir500k-rq1,neg10_cat06,neg10,73753,ours-guard,64,1,49,0.8939,0.4286,0.00152,2.441,6.451,8.438,2.940,5174.2,0.0,17026.9,2412.1,3.0,216.0,0.0,0.0,11727.6,0.0,0.00,pathseer:49
beir500k-rq1,neg10_cat06,neg10,73753,ours-guard,64,2,49,0.8939,0.4286,0.00152,2.418,6.630,9.540,3.039,5174.2,0.0,17026.9,2412.1,3.0,216.0,0.0,0.0,11727.6,0.0,0.00,pathseer:49
beir500k-rq1,neg10_cat06,neg10,73753,ours-guard,64,3,49,0.8939,0.4286,0.00152,2.408,6.434,8.450,2.837,5174.2,0.0,17026.9,2412.1,3.0,216.0,0.0,0.0,11727.6,0.0,0.00,pathseer:49
beir500k-rq1,neg10_cat06,neg10,73753,ours-guard,128,1,49,0.9490,0.6735,0.00062,3.659,9.341,11.515,4.284,8314.5,0.0,22909.9,3610.1,6.0,327.0,0.0,0.0,14359.1,0.0,0.00,pathseer:49
beir500k-rq1,neg10_cat06,neg10,73753,ours-guard,128,2,49,0.9490,0.6735,0.00062,3.864,9.455,13.447,4.494,8314.5,0.0,22909.9,3610.1,6.0,327.0,0.0,0.0,14359.1,0.0,0.00,pathseer:49
beir500k-rq1,neg10_cat06,neg10,73753,ours-guard,128,3,49,0.9490,0.6735,0.00062,3.678,9.261,11.636,4.292,8314.5,0.0,22909.9,3610.1,6.0,327.0,0.0,0.0,14359.1,0.0,0.00,pathseer:49
beir500k-rq1,neg10_cat06,neg10,73753,ours-guard,256,1,49,0.9796,0.8571,0.00021,6.138,13.795,15.804,6.610,13056.6,0.0,30685.0,5203.4,11.0,662.0,0.0,0.0,17184.3,0.0,0.00,pathseer:49
beir500k-rq1,neg10_cat06,neg10,73753,ours-guard,256,2,49,0.9796,0.8571,0.00021,5.991,12.759,17.340,6.674,13056.6,0.0,30685.0,5203.4,11.0,662.0,0.0,0.0,17184.3,0.0,0.00,pathseer:49
beir500k-rq1,neg10_cat06,neg10,73753,ours-guard,256,3,49,0.9796,0.8571,0.00021,5.770,13.002,16.065,6.535,13056.6,0.0,30685.0,5203.4,11.0,662.0,0.0,0.0,17184.3,0.0,0.00,pathseer:49
beir500k-rq1,neg10_cat06,neg10,73753,ours-guard,512,1,49,0.9898,0.9184,0.00006,9.561,18.653,22.153,10.060,20074.1,0.0,41941.2,7369.9,22.0,1157.0,0.0,0.0,21048.3,0.0,0.00,pathseer:49
beir500k-rq1,neg10_cat06,neg10,73753,ours-guard,512,2,49,0.9898,0.9184,0.00006,10.038,22.421,23.457,10.653,20074.1,0.0,41941.2,7369.9,22.0,1157.0,0.0,0.0,21048.3,0.0,0.00,pathseer:49
beir500k-rq1,neg10_cat06,neg10,73753,ours-guard,512,3,49,0.9898,0.9184,0.00006,9.611,18.469,23.627,10.078,20074.1,0.0,41941.2,7369.9,22.0,1157.0,0.0,0.0,21048.3,0.0,0.00,pathseer:49
beir500k-rq1,neg10_cat06,neg10,73753,acorn,64,1,49,0.7694,0.2449,0.00508,0.925,1.248,1.348,0.910,2263.9,10.0,10461.7,68.3,3.0,3.0,0.0,0.0,0.0,0.0,0.00,acorn:44|rre:5
beir500k-rq1,neg10_cat06,neg10,73753,acorn,64,2,49,0.7694,0.2449,0.00508,0.928,1.369,1.451,0.930,2263.9,10.0,10461.7,68.3,3.0,3.0,0.0,0.0,0.0,0.0,0.00,acorn:44|rre:5
beir500k-rq1,neg10_cat06,neg10,73753,acorn,64,3,49,0.7694,0.2449,0.00508,0.903,1.268,1.392,0.889,2263.9,10.0,10461.7,68.3,3.0,3.0,0.0,0.0,0.0,0.0,0.00,acorn:44|rre:5
beir500k-rq1,neg10_cat06,neg10,73753,acorn,128,1,49,0.8755,0.4286,0.00254,1.508,2.074,2.628,1.478,3823.4,10.0,16326.9,132.5,4.0,4.0,0.0,0.0,0.0,0.0,0.00,acorn:44|rre:5
beir500k-rq1,neg10_cat06,neg10,73753,acorn,128,2,49,0.8755,0.4286,0.00254,1.651,2.487,2.750,1.629,3823.4,10.0,16326.9,132.5,4.0,4.0,0.0,0.0,0.0,0.0,0.00,acorn:44|rre:5
beir500k-rq1,neg10_cat06,neg10,73753,acorn,128,3,49,0.8755,0.4286,0.00254,1.523,2.118,2.678,1.473,3823.4,10.0,16326.9,132.5,4.0,4.0,0.0,0.0,0.0,0.0,0.00,acorn:44|rre:5
beir500k-rq1,neg10_cat06,neg10,73753,acorn,256,1,49,0.9122,0.5918,0.00152,2.691,3.886,3.958,2.642,6323.9,10.0,25462.8,259.3,7.0,7.0,0.0,0.0,0.0,0.0,0.00,acorn:44|rre:5
beir500k-rq1,neg10_cat06,neg10,73753,acorn,256,2,49,0.9122,0.5918,0.00152,2.563,3.621,3.878,2.504,6323.9,10.0,25462.8,259.3,7.0,7.0,0.0,0.0,0.0,0.0,0.00,acorn:44|rre:5
beir500k-rq1,neg10_cat06,neg10,73753,acorn,256,3,49,0.9122,0.5918,0.00152,2.556,3.459,3.746,2.530,6323.9,10.0,25462.8,259.3,7.0,7.0,0.0,0.0,0.0,0.0,0.00,acorn:44|rre:5
beir500k-rq1,neg10_cat06,neg10,73753,acorn,512,1,49,0.9612,0.7347,0.00066,4.566,6.492,6.641,4.378,10204.7,10.0,38468.9,514.7,12.0,12.0,0.0,0.0,0.0,0.0,0.00,acorn:44|rre:5
beir500k-rq1,neg10_cat06,neg10,73753,acorn,512,2,49,0.9612,0.7347,0.00066,4.325,5.868,6.286,4.190,10204.7,10.0,38468.9,514.7,12.0,12.0,0.0,0.0,0.0,0.0,0.00,acorn:44|rre:5
beir500k-rq1,neg10_cat06,neg10,73753,acorn,512,3,49,0.9612,0.7347,0.00066,4.375,5.747,6.432,4.274,10204.7,10.0,38468.9,514.7,12.0,12.0,0.0,0.0,0.0,0.0,0.00,acorn:44|rre:5
beir500k-rq1,neg10_cat07,neg10,63741,sweeping,64,1,41,0.9244,0.6098,0.00145,7.936,21.117,30.764,9.484,40365.7,0.0,10443.6,4470.6,3.0,184.0,0.0,0.0,0.0,0.0,0.00,sweeping:41
beir500k-rq1,neg10_cat07,neg10,63741,sweeping,64,2,41,0.9244,0.6098,0.00145,7.774,22.858,31.509,9.702,40365.7,0.0,10443.6,4470.6,3.0,184.0,0.0,0.0,0.0,0.0,0.00,sweeping:41
beir500k-rq1,neg10_cat07,neg10,63741,sweeping,64,3,41,0.9244,0.6098,0.00145,8.289,21.376,34.949,9.764,40365.7,0.0,10443.6,4470.6,3.0,184.0,0.0,0.0,0.0,0.0,0.00,sweeping:41
beir500k-rq1,neg10_cat07,neg10,63741,sweeping,128,1,41,0.9732,0.8293,0.00054,12.100,27.133,43.055,14.257,54898.1,0.0,15081.8,6456.9,6.0,329.0,0.0,0.0,0.0,0.0,0.00,sweeping:41
beir500k-rq1,neg10_cat07,neg10,63741,sweeping,128,2,41,0.9732,0.8293,0.00054,11.316,25.491,40.035,13.475,54898.1,0.0,15081.8,6456.9,6.0,329.0,0.0,0.0,0.0,0.0,0.00,sweeping:41
beir500k-rq1,neg10_cat07,neg10,63741,sweeping,128,3,41,0.9732,0.8293,0.00054,11.891,25.612,45.473,13.916,54898.1,0.0,15081.8,6456.9,6.0,329.0,0.0,0.0,0.0,0.0,0.00,sweeping:41
beir500k-rq1,neg10_cat07,neg10,63741,sweeping,256,1,41,0.9829,0.9024,0.00036,17.287,36.033,55.231,19.847,73910.1,0.0,21632.5,9264.1,10.0,652.0,0.0,0.0,0.0,0.0,0.00,sweeping:41
beir500k-rq1,neg10_cat07,neg10,63741,sweeping,256,2,41,0.9829,0.9024,0.00036,16.404,37.684,53.397,19.286,73910.1,0.0,21632.5,9264.1,10.0,652.0,0.0,0.0,0.0,0.0,0.00,sweeping:41
beir500k-rq1,neg10_cat07,neg10,63741,sweeping,256,3,41,0.9829,0.9024,0.00036,16.495,35.372,53.302,19.164,73910.1,0.0,21632.5,9264.1,10.0,652.0,0.0,0.0,0.0,0.0,0.00,sweeping:41
beir500k-rq1,neg10_cat07,neg10,63741,sweeping,512,1,41,0.9902,0.9268,0.00022,24.334,51.942,71.756,27.494,99948.8,0.0,30948.3,13461.6,19.0,1175.0,0.0,0.0,0.0,0.0,0.00,sweeping:41
beir500k-rq1,neg10_cat07,neg10,63741,sweeping,512,2,41,0.9902,0.9268,0.00022,25.477,52.455,76.678,28.529,99948.8,0.0,30948.3,13461.6,19.0,1175.0,0.0,0.0,0.0,0.0,0.00,sweeping:41
beir500k-rq1,neg10_cat07,neg10,63741,sweeping,512,3,41,0.9902,0.9268,0.00022,25.613,51.015,76.280,28.768,99948.8,0.0,30948.3,13461.6,19.0,1175.0,0.0,0.0,0.0,0.0,0.00,sweeping:41
beir500k-rq1,neg10_cat07,neg10,63741,pathseer,64,1,41,0.9098,0.4878,0.00176,2.536,9.719,15.265,3.664,6522.8,0.0,25723.9,2440.7,3.0,184.0,154.5,5.4,17741.7,2.4,0.00,pathseer:41
beir500k-rq1,neg10_cat07,neg10,63741,pathseer,64,2,41,0.9098,0.4878,0.00176,2.568,10.014,15.208,3.659,6522.8,0.0,25723.9,2440.7,3.0,184.0,154.5,5.4,17741.7,2.4,0.00,pathseer:41
beir500k-rq1,neg10_cat07,neg10,63741,pathseer,64,3,41,0.9098,0.4878,0.00176,2.576,10.131,15.035,3.616,6522.8,0.0,25723.9,2440.7,3.0,184.0,154.5,5.4,17741.7,2.4,0.00,pathseer:41
beir500k-rq1,neg10_cat07,neg10,63741,pathseer,128,1,41,0.9707,0.8049,0.00055,4.165,13.320,20.582,5.870,10587.3,0.0,37489.3,3842.5,5.0,312.0,285.7,9.2,24794.3,4.5,0.00,pathseer:41
beir500k-rq1,neg10_cat07,neg10,63741,pathseer,128,2,41,0.9707,0.8049,0.00055,4.623,14.082,21.311,5.968,10587.3,0.0,37489.3,3842.5,5.0,312.0,285.7,9.2,24794.3,4.5,0.00,pathseer:41
beir500k-rq1,neg10_cat07,neg10,63741,pathseer,128,3,41,0.9707,0.8049,0.00055,4.239,13.748,20.301,5.735,10587.3,0.0,37489.3,3842.5,5.0,312.0,285.7,9.2,24794.3,4.5,0.00,pathseer:41
beir500k-rq1,neg10_cat07,neg10,63741,pathseer,256,1,41,0.9829,0.9024,0.00036,7.305,19.342,30.508,9.234,16987.3,0.0,53415.9,5973.9,9.0,614.0,547.9,20.8,33480.7,8.6,0.00,pathseer:41
beir500k-rq1,neg10_cat07,neg10,63741,pathseer,256,2,41,0.9829,0.9024,0.00036,7.568,19.489,29.476,9.211,16987.3,0.0,53415.9,5973.9,9.0,614.0,547.9,20.8,33480.7,8.6,0.00,pathseer:41
beir500k-rq1,neg10_cat07,neg10,63741,pathseer,256,3,41,0.9829,0.9024,0.00036,7.215,18.839,27.103,8.924,16987.3,0.0,53415.9,5973.9,9.0,614.0,547.9,20.8,33480.7,8.6,0.00,pathseer:41
beir500k-rq1,neg10_cat07,neg10,63741,pathseer,512,1,41,0.9902,0.9268,0.00022,12.016,29.713,39.204,14.341,26765.0,0.0,75123.0,9120.0,18.0,1151.0,1117.7,45.6,44298.0,17.5,0.00,pathseer:41
beir500k-rq1,neg10_cat07,neg10,63741,pathseer,512,2,41,0.9902,0.9268,0.00022,11.907,26.803,40.085,14.131,26765.0,0.0,75123.0,9120.0,18.0,1151.0,1117.7,45.6,44298.0,17.5,0.00,pathseer:41
beir500k-rq1,neg10_cat07,neg10,63741,pathseer,512,3,41,0.9902,0.9268,0.00022,11.386,26.325,38.801,13.957,26765.0,0.0,75123.0,9120.0,18.0,1151.0,1117.7,45.6,44298.0,17.5,0.00,pathseer:41
beir500k-rq1,neg10_cat07,neg10,63741,ours-no-twohop,64,1,41,0.9098,0.4878,0.00176,2.723,10.293,14.714,3.719,6675.8,0.0,26227.1,2497.6,3.0,184.0,0.0,0.0,18185.4,0.0,0.00,pathseer:41
beir500k-rq1,neg10_cat07,neg10,63741,ours-no-twohop,64,2,41,0.9098,0.4878,0.00176,2.779,10.297,14.845,3.718,6675.8,0.0,26227.1,2497.6,3.0,184.0,0.0,0.0,18185.4,0.0,0.00,pathseer:41
beir500k-rq1,neg10_cat07,neg10,63741,ours-no-twohop,64,3,41,0.9098,0.4878,0.00176,2.817,10.019,15.314,3.811,6675.8,0.0,26227.1,2497.6,3.0,184.0,0.0,0.0,18185.4,0.0,0.00,pathseer:41
beir500k-rq1,neg10_cat07,neg10,63741,ours-no-twohop,128,1,41,0.9707,0.8049,0.00055,4.388,13.568,20.106,5.788,10944.3,0.0,38201.0,3964.5,6.0,329.0,0.0,0.0,25296.5,0.0,0.00,pathseer:41
beir500k-rq1,neg10_cat07,neg10,63741,ours-no-twohop,128,2,41,0.9707,0.8049,0.00055,4.869,14.723,21.383,6.046,10944.3,0.0,38201.0,3964.5,6.0,329.0,0.0,0.0,25296.5,0.0,0.00,pathseer:41
beir500k-rq1,neg10_cat07,neg10,63741,ours-no-twohop,128,3,41,0.9707,0.8049,0.00055,4.659,13.796,19.873,5.821,10944.3,0.0,38201.0,3964.5,6.0,329.0,0.0,0.0,25296.5,0.0,0.00,pathseer:41
beir500k-rq1,neg10_cat07,neg10,63741,ours-no-twohop,256,1,41,0.9829,0.9024,0.00036,7.964,21.481,26.790,9.465,17386.3,0.0,53707.1,6074.8,10.0,652.0,0.0,0.0,33787.7,0.0,0.00,pathseer:41
beir500k-rq1,neg10_cat07,neg10,63741,ours-no-twohop,256,2,41,0.9829,0.9024,0.00036,8.056,21.704,28.597,9.667,17386.3,0.0,53707.1,6074.8,10.0,652.0,0.0,0.0,33787.7,0.0,0.00,pathseer:41
beir500k-rq1,neg10_cat07,neg10,63741,ours-no-twohop,256,3,41,0.9829,0.9024,0.00036,7.485,19.398,28.905,9.663,17386.3,0.0,53707.1,6074.8,10.0,652.0,0.0,0.0,33787.7,0.0,0.00,pathseer:41
beir500k-rq1,neg10_cat07,neg10,63741,ours-no-twohop,512,1,41,0.9902,0.9268,0.00022,12.487,28.688,41.020,14.663,27174.1,0.0,74809.6,9216.6,19.0,1175.0,0.0,0.0,44517.6,0.0,0.00,pathseer:41
beir500k-rq1,neg10_cat07,neg10,63741,ours-no-twohop,512,2,41,0.9902,0.9268,0.00022,12.320,27.005,41.541,14.787,27174.1,0.0,74809.6,9216.6,19.0,1175.0,0.0,0.0,44517.6,0.0,0.00,pathseer:41
beir500k-rq1,neg10_cat07,neg10,63741,ours-no-twohop,512,3,41,0.9902,0.9268,0.00022,12.112,27.690,40.084,14.675,27174.1,0.0,74809.6,9216.6,19.0,1175.0,0.0,0.0,44517.6,0.0,0.00,pathseer:41
beir500k-rq1,neg10_cat07,neg10,63741,ours-guard,64,1,41,0.9049,0.4634,0.00200,2.839,9.813,14.714,3.777,6327.9,0.0,24718.5,2487.0,3.0,184.0,0.0,0.0,18271.0,0.0,0.00,pathseer:41
beir500k-rq1,neg10_cat07,neg10,63741,ours-guard,64,2,41,0.9049,0.4634,0.00200,2.750,10.655,14.661,3.759,6327.9,0.0,24718.5,2487.0,3.0,184.0,0.0,0.0,18271.0,0.0,0.00,pathseer:41
beir500k-rq1,neg10_cat07,neg10,63741,ours-guard,64,3,41,0.9049,0.4634,0.00200,2.772,10.307,15.109,3.775,6327.9,0.0,24718.5,2487.0,3.0,184.0,0.0,0.0,18271.0,0.0,0.00,pathseer:41
beir500k-rq1,neg10_cat07,neg10,63741,ours-guard,128,1,41,0.9683,0.7805,0.00074,4.538,14.908,19.956,5.990,10380.6,0.0,36096.8,3945.8,6.0,329.0,0.0,0.0,25486.5,0.0,0.00,pathseer:41
beir500k-rq1,neg10_cat07,neg10,63741,ours-guard,128,2,41,0.9683,0.7805,0.00074,4.848,14.960,20.006,6.169,10380.6,0.0,36096.8,3945.8,6.0,329.0,0.0,0.0,25486.5,0.0,0.00,pathseer:41
beir500k-rq1,neg10_cat07,neg10,63741,ours-guard,128,3,41,0.9683,0.7805,0.00074,4.723,14.647,21.400,6.108,10380.6,0.0,36096.8,3945.8,6.0,329.0,0.0,0.0,25486.5,0.0,0.00,pathseer:41
beir500k-rq1,neg10_cat07,neg10,63741,ours-guard,256,1,41,0.9829,0.9024,0.00036,7.378,21.522,27.011,9.104,16445.6,0.0,51001.5,6044.1,10.0,652.0,0.0,0.0,34120.7,0.0,0.00,pathseer:41
beir500k-rq1,neg10_cat07,neg10,63741,ours-guard,256,2,41,0.9829,0.9024,0.00036,7.381,18.827,27.543,8.978,16445.6,0.0,51001.5,6044.1,10.0,652.0,0.0,0.0,34120.7,0.0,0.00,pathseer:41
beir500k-rq1,neg10_cat07,neg10,63741,ours-guard,256,3,41,0.9829,0.9024,0.00036,7.167,18.604,26.826,8.976,16445.6,0.0,51001.5,6044.1,10.0,652.0,0.0,0.0,34120.7,0.0,0.00,pathseer:41
beir500k-rq1,neg10_cat07,neg10,63741,ours-guard,512,1,41,0.9902,0.9268,0.00022,11.324,25.858,38.438,13.812,25640.5,0.0,71563.8,9156.5,19.0,1175.0,0.0,0.0,45114.2,0.0,0.00,pathseer:41
beir500k-rq1,neg10_cat07,neg10,63741,ours-guard,512,2,41,0.9902,0.9268,0.00022,11.782,26.943,38.851,14.260,25640.5,0.0,71563.8,9156.5,19.0,1175.0,0.0,0.0,45114.2,0.0,0.00,pathseer:41
beir500k-rq1,neg10_cat07,neg10,63741,ours-guard,512,3,41,0.9902,0.9268,0.00022,11.632,26.128,38.324,14.160,25640.5,0.0,71563.8,9156.5,19.0,1175.0,0.0,0.0,45114.2,0.0,0.00,pathseer:41
beir500k-rq1,neg10_cat07,neg10,63741,acorn,64,1,41,0.8512,0.3902,0.00299,0.996,1.519,1.568,0.987,1992.9,10.0,12369.9,69.1,4.0,4.0,0.0,0.0,0.0,0.0,0.00,acorn:39|rre:2
beir500k-rq1,neg10_cat07,neg10,63741,acorn,64,2,41,0.8512,0.3902,0.00299,0.947,1.465,1.557,0.954,1992.9,10.0,12369.9,69.1,4.0,4.0,0.0,0.0,0.0,0.0,0.00,acorn:39|rre:2
beir500k-rq1,neg10_cat07,neg10,63741,acorn,64,3,41,0.8512,0.3902,0.00299,0.985,1.448,1.564,0.979,1992.9,10.0,12369.9,69.1,4.0,4.0,0.0,0.0,0.0,0.0,0.00,acorn:39|rre:2
beir500k-rq1,neg10_cat07,neg10,63741,acorn,128,1,41,0.9195,0.5610,0.00182,1.703,2.208,2.534,1.618,3306.5,10.0,18963.8,131.1,5.0,5.0,0.0,0.0,0.0,0.0,0.00,acorn:39|rre:2
beir500k-rq1,neg10_cat07,neg10,63741,acorn,128,2,41,0.9195,0.5610,0.00182,1.695,2.357,2.664,1.652,3306.5,10.0,18963.8,131.1,5.0,5.0,0.0,0.0,0.0,0.0,0.00,acorn:39|rre:2
beir500k-rq1,neg10_cat07,neg10,63741,acorn,128,3,41,0.9195,0.5610,0.00182,1.623,2.170,2.457,1.569,3306.5,10.0,18963.8,131.1,5.0,5.0,0.0,0.0,0.0,0.0,0.00,acorn:39|rre:2
beir500k-rq1,neg10_cat07,neg10,63741,acorn,256,1,41,0.9488,0.6341,0.00105,2.758,4.150,9.208,3.003,5568.0,10.0,29840.6,259.3,8.0,8.0,0.0,0.0,0.0,0.0,0.00,acorn:39|rre:2
beir500k-rq1,neg10_cat07,neg10,63741,acorn,256,2,41,0.9488,0.6341,0.00105,2.632,3.597,4.104,2.660,5568.0,10.0,29840.6,259.3,8.0,8.0,0.0,0.0,0.0,0.0,0.00,acorn:39|rre:2
beir500k-rq1,neg10_cat07,neg10,63741,acorn,256,3,41,0.9488,0.6341,0.00105,2.747,3.523,4.119,2.685,5568.0,10.0,29840.6,259.3,8.0,8.0,0.0,0.0,0.0,0.0,0.00,acorn:39|rre:2
beir500k-rq1,neg10_cat07,neg10,63741,acorn,512,1,41,0.9683,0.7561,0.00051,4.848,6.033,6.844,4.670,9127.6,10.0,45768.1,514.7,16.0,15.0,0.0,0.0,0.0,0.0,0.00,acorn:39|rre:2
beir500k-rq1,neg10_cat07,neg10,63741,acorn,512,2,41,0.9683,0.7561,0.00051,4.569,5.987,6.534,4.529,9127.6,10.0,45768.1,514.7,16.0,15.0,0.0,0.0,0.0,0.0,0.00,acorn:39|rre:2
beir500k-rq1,neg10_cat07,neg10,63741,acorn,512,3,41,0.9683,0.7561,0.00051,4.569,6.008,6.514,4.497,9127.6,10.0,45768.1,514.7,16.0,15.0,0.0,0.0,0.0,0.0,0.00,acorn:39|rre:2
beir500k-rq1,neg10_cat08,neg10,63800,sweeping,64,1,52,0.9769,0.8269,0.00036,19.448,29.932,32.864,18.677,59198.5,0.0,19079.9,12402.8,3.0,603.0,0.0,0.0,0.0,0.0,0.00,sweeping:52
beir500k-rq1,neg10_cat08,neg10,63800,sweeping,64,2,52,0.9769,0.8269,0.00036,17.966,30.217,33.110,18.644,59198.5,0.0,19079.9,12402.8,3.0,603.0,0.0,0.0,0.0,0.0,0.00,sweeping:52
beir500k-rq1,neg10_cat08,neg10,63800,sweeping,64,3,52,0.9769,0.8269,0.00036,18.397,28.401,34.298,18.758,59198.5,0.0,19079.9,12402.8,3.0,603.0,0.0,0.0,0.0,0.0,0.00,sweeping:52
beir500k-rq1,neg10_cat08,neg10,63800,sweeping,128,1,52,0.9923,0.9423,0.00006,27.736,40.237,44.202,26.102,77813.6,0.0,25978.3,16746.0,5.0,1063.0,0.0,0.0,0.0,0.0,0.00,sweeping:52
beir500k-rq1,neg10_cat08,neg10,63800,sweeping,128,2,52,0.9923,0.9423,0.00006,27.025,42.121,43.589,25.622,77813.6,0.0,25978.3,16746.0,5.0,1063.0,0.0,0.0,0.0,0.0,0.00,sweeping:52
beir500k-rq1,neg10_cat08,neg10,63800,sweeping,128,3,52,0.9923,0.9423,0.00006,27.447,39.492,44.852,26.209,77813.6,0.0,25978.3,16746.0,5.0,1063.0,0.0,0.0,0.0,0.0,0.00,sweeping:52
beir500k-rq1,neg10_cat08,neg10,63800,sweeping,256,1,52,0.9962,0.9615,0.00003,36.920,56.662,63.037,36.417,105861.5,0.0,35853.5,23118.4,10.0,2323.0,0.0,0.0,0.0,0.0,0.00,sweeping:52
beir500k-rq1,neg10_cat08,neg10,63800,sweeping,256,2,52,0.9962,0.9615,0.00003,38.625,53.632,63.002,36.896,105861.5,0.0,35853.5,23118.4,10.0,2323.0,0.0,0.0,0.0,0.0,0.00,sweeping:52
beir500k-rq1,neg10_cat08,neg10,63800,sweeping,256,3,52,0.9962,0.9615,0.00003,36.886,53.134,64.443,36.614,105861.5,0.0,35853.5,23118.4,10.0,2323.0,0.0,0.0,0.0,0.0,0.00,sweeping:52
beir500k-rq1,neg10_cat08,neg10,63800,sweeping,512,1,52,0.9962,0.9615,0.00003,50.718,72.619,86.650,51.835,144996.9,0.0,50803.2,32337.2,20.0,4526.0,0.0,0.0,0.0,0.0,0.00,sweeping:52
beir500k-rq1,neg10_cat08,neg10,63800,sweeping,512,2,52,0.9962,0.9615,0.00003,50.685,74.943,87.281,52.435,144996.9,0.0,50803.2,32337.2,20.0,4526.0,0.0,0.0,0.0,0.0,0.00,sweeping:52
beir500k-rq1,neg10_cat08,neg10,63800,sweeping,512,3,52,0.9962,0.9615,0.00003,50.780,79.587,88.105,52.251,144996.9,0.0,50803.2,32337.2,20.0,4526.0,0.0,0.0,0.0,0.0,0.00,sweeping:52
beir500k-rq1,neg10_cat08,neg10,63800,pathseer,64,1,52,0.9692,0.7692,0.00039,6.906,12.658,12.823,7.111,10425.7,0.0,42599.8,6741.9,3.0,597.0,148.9,3.4,26061.8,2.3,0.00,pathseer:52
beir500k-rq1,neg10_cat08,neg10,63800,pathseer,64,2,52,0.9692,0.7692,0.00039,6.831,13.727,14.164,7.508,10425.7,0.0,42599.8,6741.9,3.0,597.0,148.9,3.4,26061.8,2.3,0.00,pathseer:52
beir500k-rq1,neg10_cat08,neg10,63800,pathseer,64,3,52,0.9692,0.7692,0.00039,6.874,12.650,14.204,7.272,10425.7,0.0,42599.8,6741.9,3.0,597.0,148.9,3.4,26061.8,2.3,0.00,pathseer:52
beir500k-rq1,neg10_cat08,neg10,63800,pathseer,128,1,52,0.9846,0.9038,0.00016,10.208,18.272,22.036,11.199,16358.0,0.0,58383.6,10309.0,5.0,1048.0,259.7,5.2,32848.4,4.1,0.00,pathseer:52
beir500k-rq1,neg10_cat08,neg10,63800,pathseer,128,2,52,0.9846,0.9038,0.00016,10.589,18.140,18.589,11.180,16358.0,0.0,58383.6,10309.0,5.0,1048.0,259.7,5.2,32848.4,4.1,0.00,pathseer:52
beir500k-rq1,neg10_cat08,neg10,63800,pathseer,128,3,52,0.9846,0.9038,0.00016,10.845,19.595,22.435,11.407,16358.0,0.0,58383.6,10309.0,5.0,1048.0,259.7,5.2,32848.4,4.1,0.00,pathseer:52
beir500k-rq1,neg10_cat08,neg10,63800,pathseer,256,1,52,0.9942,0.9423,0.00006,17.291,24.376,27.544,16.973,24845.6,0.0,80223.2,15212.6,9.0,2323.0,539.1,10.0,42107.5,8.4,0.00,pathseer:52
beir500k-rq1,neg10_cat08,neg10,63800,pathseer,256,2,52,0.9942,0.9423,0.00006,16.197,25.031,26.558,16.796,24845.6,0.0,80223.2,15212.6,9.0,2323.0,539.1,10.0,42107.5,8.4,0.00,pathseer:52
beir500k-rq1,neg10_cat08,neg10,63800,pathseer,256,3,52,0.9942,0.9423,0.00006,18.094,26.687,27.704,17.776,24845.6,0.0,80223.2,15212.6,9.0,2323.0,539.1,10.0,42107.5,8.4,0.00,pathseer:52
beir500k-rq1,neg10_cat08,neg10,63800,pathseer,512,1,52,0.9962,0.9615,0.00003,26.875,39.680,43.875,26.223,37278.6,0.0,111934.3,22038.7,20.0,4466.0,1192.6,19.9,55767.9,18.6,0.00,pathseer:52
beir500k-rq1,neg10_cat08,neg10,63800,pathseer,512,2,52,0.9962,0.9615,0.00003,26.648,38.182,39.944,26.287,37278.6,0.0,111934.3,22038.7,20.0,4466.0,1192.6,19.9,55767.9,18.6,0.00,pathseer:52
beir500k-rq1,neg10_cat08,neg10,63800,pathseer,512,3,52,0.9962,0.9615,0.00003,26.769,38.556,41.817,26.080,37278.6,0.0,111934.3,22038.7,20.0,4466.0,1192.6,19.9,55767.9,18.6,0.00,pathseer:52
beir500k-rq1,neg10_cat08,neg10,63800,ours-no-twohop,64,1,52,0.9673,0.7692,0.00040,6.946,12.710,12.727,7.372,10694.8,0.0,43195.4,6885.0,3.0,603.0,0.0,0.0,26384.0,0.0,0.00,pathseer:52
beir500k-rq1,neg10_cat08,neg10,63800,ours-no-twohop,64,2,52,0.9673,0.7692,0.00040,7.320,13.250,14.051,7.694,10694.8,0.0,43195.4,6885.0,3.0,603.0,0.0,0.0,26384.0,0.0,0.00,pathseer:52
beir500k-rq1,neg10_cat08,neg10,63800,ours-no-twohop,64,3,52,0.9673,0.7692,0.00040,6.611,12.119,13.464,7.203,10694.8,0.0,43195.4,6885.0,3.0,603.0,0.0,0.0,26384.0,0.0,0.00,pathseer:52
beir500k-rq1,neg10_cat08,neg10,63800,ours-no-twohop,128,1,52,0.9846,0.9038,0.00016,10.429,16.916,18.147,11.115,16583.4,0.0,58596.0,10418.6,5.0,1063.0,0.0,0.0,32971.1,0.0,0.00,pathseer:52
beir500k-rq1,neg10_cat08,neg10,63800,ours-no-twohop,128,2,52,0.9846,0.9038,0.00016,10.967,18.911,19.861,11.782,16583.4,0.0,58596.0,10418.6,5.0,1063.0,0.0,0.0,32971.1,0.0,0.00,pathseer:52
beir500k-rq1,neg10_cat08,neg10,63800,ours-no-twohop,128,3,52,0.9846,0.9038,0.00016,10.405,16.953,18.668,11.167,16583.4,0.0,58596.0,10418.6,5.0,1063.0,0.0,0.0,32971.1,0.0,0.00,pathseer:52
beir500k-rq1,neg10_cat08,neg10,63800,ours-no-twohop,256,1,52,0.9942,0.9423,0.00006,16.911,27.261,28.872,17.442,25065.3,0.0,80162.9,15311.8,10.0,2323.0,0.0,0.0,42236.8,0.0,0.00,pathseer:52
beir500k-rq1,neg10_cat08,neg10,63800,ours-no-twohop,256,2,52,0.9942,0.9423,0.00006,16.636,25.208,27.617,16.986,25065.3,0.0,80162.9,15311.8,10.0,2323.0,0.0,0.0,42236.8,0.0,0.00,pathseer:52
beir500k-rq1,neg10_cat08,neg10,63800,ours-no-twohop,256,3,52,0.9942,0.9423,0.00006,17.158,25.078,28.429,17.284,25065.3,0.0,80162.9,15311.8,10.0,2323.0,0.0,0.0,42236.8,0.0,0.00,pathseer:52
beir500k-rq1,neg10_cat08,neg10,63800,ours-no-twohop,512,1,52,0.9962,0.9615,0.00003,26.244,41.512,44.095,26.359,37613.0,0.0,111447.1,22164.9,20.0,4526.0,0.0,0.0,55926.7,0.0,0.00,pathseer:52
beir500k-rq1,neg10_cat08,neg10,63800,ours-no-twohop,512,2,52,0.9962,0.9615,0.00003,27.356,38.925,41.036,26.390,37613.0,0.0,111447.1,22164.9,20.0,4526.0,0.0,0.0,55926.7,0.0,0.00,pathseer:52
beir500k-rq1,neg10_cat08,neg10,63800,ours-no-twohop,512,3,52,0.9962,0.9615,0.00003,26.651,38.751,40.469,25.989,37613.0,0.0,111447.1,22164.9,20.0,4526.0,0.0,0.0,55926.7,0.0,0.00,pathseer:52
beir500k-rq1,neg10_cat08,neg10,63800,ours-guard,64,1,52,0.9673,0.7500,0.00042,6.439,11.904,12.866,6.982,10219.1,0.0,36988.3,6877.8,3.0,603.0,0.0,0.0,26671.7,0.0,0.00,pathseer:52
beir500k-rq1,neg10_cat08,neg10,63800,ours-guard,64,2,52,0.9673,0.7500,0.00042,6.720,12.082,14.256,7.144,10219.1,0.0,36988.3,6877.8,3.0,603.0,0.0,0.0,26671.7,0.0,0.00,pathseer:52
beir500k-rq1,neg10_cat08,neg10,63800,ours-guard,64,3,52,0.9673,0.7500,0.00042,6.531,12.121,13.234,7.079,10219.1,0.0,36988.3,6877.8,3.0,603.0,0.0,0.0,26671.7,0.0,0.00,pathseer:52
beir500k-rq1,neg10_cat08,neg10,63800,ours-guard,128,1,52,0.9846,0.9038,0.00016,11.017,17.555,19.178,11.285,15800.7,0.0,49385.2,10397.0,5.0,1063.0,0.0,0.0,33401.0,0.0,0.00,pathseer:52
beir500k-rq1,neg10_cat08,neg10,63800,ours-guard,128,2,52,0.9846,0.9038,0.00016,11.655,20.188,21.328,12.193,15800.7,0.0,49385.2,10397.0,5.0,1063.0,0.0,0.0,33401.0,0.0,0.00,pathseer:52
beir500k-rq1,neg10_cat08,neg10,63800,ours-guard,128,3,52,0.9846,0.9038,0.00016,11.594,19.375,22.487,12.009,15800.7,0.0,49385.2,10397.0,5.0,1063.0,0.0,0.0,33401.0,0.0,0.00,pathseer:52
beir500k-rq1,neg10_cat08,neg10,63800,ours-guard,256,1,52,0.9942,0.9423,0.00006,17.276,26.608,29.147,17.613,23814.3,0.0,67094.9,15276.2,10.0,2323.0,0.0,0.0,42938.8,0.0,0.00,pathseer:52
beir500k-rq1,neg10_cat08,neg10,63800,ours-guard,256,2,52,0.9942,0.9423,0.00006,17.270,28.836,30.880,17.879,23814.3,0.0,67094.9,15276.2,10.0,2323.0,0.0,0.0,42938.8,0.0,0.00,pathseer:52
beir500k-rq1,neg10_cat08,neg10,63800,ours-guard,256,3,52,0.9942,0.9423,0.00006,17.185,26.813,27.848,17.739,23814.3,0.0,67094.9,15276.2,10.0,2323.0,0.0,0.0,42938.8,0.0,0.00,pathseer:52
beir500k-rq1,neg10_cat08,neg10,63800,ours-guard,512,1,52,0.9962,0.9615,0.00003,27.091,40.399,43.426,27.135,35643.6,0.0,93251.5,22087.3,20.0,4526.0,0.0,0.0,56965.8,0.0,0.00,pathseer:52
beir500k-rq1,neg10_cat08,neg10,63800,ours-guard,512,2,52,0.9962,0.9615,0.00003,28.041,41.827,44.336,27.389,35643.6,0.0,93251.5,22087.3,20.0,4526.0,0.0,0.0,56965.8,0.0,0.00,pathseer:52
beir500k-rq1,neg10_cat08,neg10,63800,ours-guard,512,3,52,0.9962,0.9615,0.00003,26.941,39.353,44.387,27.651,35643.6,0.0,93251.5,22087.3,20.0,4526.0,0.0,0.0,56965.8,0.0,0.00,pathseer:52
beir500k-rq1,neg10_cat08,neg10,63800,acorn,64,1,52,0.8269,0.1923,0.00455,1.313,1.515,1.585,1.299,2105.5,10.0,17349.0,67.1,3.0,3.0,0.0,0.0,0.0,0.0,0.00,acorn:52
beir500k-rq1,neg10_cat08,neg10,63800,acorn,64,2,52,0.8269,0.1923,0.00455,1.255,1.526,1.651,1.286,2105.5,10.0,17349.0,67.1,3.0,3.0,0.0,0.0,0.0,0.0,0.00,acorn:52
beir500k-rq1,neg10_cat08,neg10,63800,acorn,64,3,52,0.8269,0.1923,0.00455,1.352,1.538,1.617,1.314,2105.5,10.0,17349.0,67.1,3.0,3.0,0.0,0.0,0.0,0.0,0.00,acorn:52
beir500k-rq1,neg10_cat08,neg10,63800,acorn,128,1,52,0.8885,0.4231,0.00306,2.056,2.419,2.496,2.042,3393.3,10.0,25999.0,130.5,4.0,4.0,0.0,0.0,0.0,0.0,0.00,acorn:52
beir500k-rq1,neg10_cat08,neg10,63800,acorn,128,2,52,0.8885,0.4231,0.00306,2.124,2.484,2.543,2.056,3393.3,10.0,25999.0,130.5,4.0,4.0,0.0,0.0,0.0,0.0,0.00,acorn:52
beir500k-rq1,neg10_cat08,neg10,63800,acorn,128,3,52,0.8885,0.4231,0.00306,2.224,2.898,3.033,2.289,3393.3,10.0,25999.0,130.5,4.0,4.0,0.0,0.0,0.0,0.0,0.00,acorn:52
beir500k-rq1,neg10_cat08,neg10,63800,acorn,256,1,52,0.9250,0.5192,0.00243,3.459,3.864,3.892,3.361,5410.7,10.0,38337.7,258.6,7.0,7.0,0.0,0.0,0.0,0.0,0.00,acorn:52
beir500k-rq1,neg10_cat08,neg10,63800,acorn,256,2,52,0.9250,0.5192,0.00243,3.328,3.856,4.007,3.304,5410.7,10.0,38337.7,258.6,7.0,7.0,0.0,0.0,0.0,0.0,0.00,acorn:52
beir500k-rq1,neg10_cat08,neg10,63800,acorn,256,3,52,0.9250,0.5192,0.00243,3.517,4.276,4.364,3.494,5410.7,10.0,38337.7,258.6,7.0,7.0,0.0,0.0,0.0,0.0,0.00,acorn:52
beir500k-rq1,neg10_cat08,neg10,63800,acorn,512,1,52,0.9385,0.5577,0.00209,5.375,5.908,6.040,5.316,8413.5,10.0,55143.7,514.6,14.0,14.0,0.0,0.0,0.0,0.0,0.00,acorn:52
beir500k-rq1,neg10_cat08,neg10,63800,acorn,512,2,52,0.9385,0.5577,0.00209,5.336,6.056,6.172,5.380,8413.5,10.0,55143.7,514.6,14.0,14.0,0.0,0.0,0.0,0.0,0.00,acorn:52
beir500k-rq1,neg10_cat08,neg10,63800,acorn,512,3,52,0.9385,0.5577,0.00209,5.267,5.985,6.326,5.275,8413.5,10.0,55143.7,514.6,14.0,14.0,0.0,0.0,0.0,0.0,0.00,acorn:52
beir500k-rq1,neg10_cat09,neg10,60723,sweeping,64,1,55,0.9073,0.4545,0.00093,54.877,86.985,101.863,57.008,126635.5,0.0,50040.3,35232.2,3.0,3754.0,0.0,0.0,0.0,0.0,0.00,sweeping:55
beir500k-rq1,neg10_cat09,neg10,60723,sweeping,64,2,55,0.9073,0.4545,0.00093,50.962,77.073,84.353,51.561,126635.5,0.0,50040.3,35232.2,3.0,3754.0,0.0,0.0,0.0,0.0,0.00,sweeping:55
beir500k-rq1,neg10_cat09,neg10,60723,sweeping,64,3,55,0.9073,0.4545,0.00093,54.457,81.070,85.693,54.160,126635.5,0.0,50040.3,35232.2,3.0,3754.0,0.0,0.0,0.0,0.0,0.00,sweeping:55
beir500k-rq1,neg10_cat09,neg10,60723,sweeping,128,1,55,0.9727,0.8182,0.00023,65.283,94.293,95.011,65.287,151291.7,0.0,62659.8,42767.2,6.0,6437.0,0.0,0.0,0.0,0.0,0.00,sweeping:55
beir500k-rq1,neg10_cat09,neg10,60723,sweeping,128,2,55,0.9727,0.8182,0.00023,64.724,97.592,100.161,65.547,151291.7,0.0,62659.8,42767.2,6.0,6437.0,0.0,0.0,0.0,0.0,0.00,sweeping:55
beir500k-rq1,neg10_cat09,neg10,60723,sweeping,128,3,55,0.9727,0.8182,0.00023,66.447,95.714,97.607,65.251,151291.7,0.0,62659.8,42767.2,6.0,6437.0,0.0,0.0,0.0,0.0,0.00,sweeping:55
beir500k-rq1,neg10_cat09,neg10,60723,sweeping,256,1,55,0.9873,0.9091,0.00014,83.226,111.483,119.211,80.880,181742.8,0.0,79165.6,52604.1,10.0,10172.0,0.0,0.0,0.0,0.0,0.00,sweeping:55
beir500k-rq1,neg10_cat09,neg10,60723,sweeping,256,2,55,0.9873,0.9091,0.00014,81.234,112.220,118.878,79.995,181742.8,0.0,79165.6,52604.1,10.0,10172.0,0.0,0.0,0.0,0.0,0.00,sweeping:55
beir500k-rq1,neg10_cat09,neg10,60723,sweeping,256,3,55,0.9873,0.9091,0.00014,80.165,108.143,114.118,78.798,181742.8,0.0,79165.6,52604.1,10.0,10172.0,0.0,0.0,0.0,0.0,0.00,sweeping:55
beir500k-rq1,neg10_cat09,neg10,60723,sweeping,512,1,55,0.9982,0.9818,0.00005,100.251,131.802,145.709,99.099,217955.4,0.0,100638.6,65446.3,22.0,15735.0,0.0,0.0,0.0,0.0,0.00,sweeping:55
beir500k-rq1,neg10_cat09,neg10,60723,sweeping,512,2,55,0.9982,0.9818,0.00005,98.022,129.754,138.403,98.092,217955.4,0.0,100638.6,65446.3,22.0,15735.0,0.0,0.0,0.0,0.0,0.00,sweeping:55
beir500k-rq1,neg10_cat09,neg10,60723,sweeping,512,3,55,0.9982,0.9818,0.00005,101.307,134.842,139.248,98.156,217955.4,0.0,100638.6,65446.3,22.0,15735.0,0.0,0.0,0.0,0.0,0.00,sweeping:55
beir500k-rq1,neg10_cat09,neg10,60723,pathseer,64,1,55,0.8727,0.3636,0.00163,22.492,32.453,37.650,21.179,24176.7,0.0,89053.3,19360.4,3.0,3754.0,161.7,1.0,46493.4,2.5,0.00,pathseer:55
beir500k-rq1,neg10_cat09,neg10,60723,pathseer,64,2,55,0.8727,0.3636,0.00163,21.345,30.944,32.218,20.329,24176.7,0.0,89053.3,19360.4,3.0,3754.0,161.7,1.0,46493.4,2.5,0.00,pathseer:55
beir500k-rq1,neg10_cat09,neg10,60723,pathseer,64,3,55,0.8727,0.3636,0.00163,21.734,31.094,34.465,20.201,24176.7,0.0,89053.3,19360.4,3.0,3754.0,161.7,1.0,46493.4,2.5,0.00,pathseer:55
beir500k-rq1,neg10_cat09,neg10,60723,pathseer,128,1,55,0.9327,0.5636,0.00082,29.942,41.677,42.799,28.967,34498.2,0.0,115679.5,26203.7,5.0,6437.0,300.2,1.8,56757.9,4.7,0.00,pathseer:55
beir500k-rq1,neg10_cat09,neg10,60723,pathseer,128,2,55,0.9327,0.5636,0.00082,31.177,41.091,44.898,28.776,34498.2,0.0,115679.5,26203.7,5.0,6437.0,300.2,1.8,56757.9,4.7,0.00,pathseer:55
beir500k-rq1,neg10_cat09,neg10,60723,pathseer,128,3,55,0.9327,0.5636,0.00082,30.284,40.706,45.416,29.144,34498.2,0.0,115679.5,26203.7,5.0,6437.0,300.2,1.8,56757.9,4.7,0.00,pathseer:55
beir500k-rq1,neg10_cat09,neg10,60723,pathseer,256,1,55,0.9764,0.8000,0.00036,41.243,54.291,56.863,39.453,47977.6,0.0,149343.7,34267.7,10.0,10172.0,613.2,4.0,70241.0,9.6,0.00,pathseer:55
beir500k-rq1,neg10_cat09,neg10,60723,pathseer,256,2,55,0.9764,0.8000,0.00036,41.282,53.715,59.885,40.005,47977.6,0.0,149343.7,34267.7,10.0,10172.0,613.2,4.0,70241.0,9.6,0.00,pathseer:55
beir500k-rq1,neg10_cat09,neg10,60723,pathseer,256,3,55,0.9764,0.8000,0.00036,42.449,55.106,62.520,40.121,47977.6,0.0,149343.7,34267.7,10.0,10172.0,613.2,4.0,70241.0,9.6,0.00,pathseer:55
beir500k-rq1,neg10_cat09,neg10,60723,pathseer,512,1,55,0.9964,0.9636,0.00010,56.903,72.952,83.091,53.891,67326.0,0.0,193806.3,45147.4,22.0,15735.0,1353.3,9.8,86573.4,21.1,0.00,pathseer:55
beir500k-rq1,neg10_cat09,neg10,60723,pathseer,512,2,55,0.9964,0.9636,0.00010,56.339,71.181,81.869,54.440,67326.0,0.0,193806.3,45147.4,22.0,15735.0,1353.3,9.8,86573.4,21.1,0.00,pathseer:55
beir500k-rq1,neg10_cat09,neg10,60723,pathseer,512,3,55,0.9964,0.9636,0.00010,57.231,69.863,79.407,54.746,67326.0,0.0,193806.3,45147.4,22.0,15735.0,1353.3,9.8,86573.4,21.1,0.00,pathseer:55
beir500k-rq1,neg10_cat09,neg10,60723,ours-no-twohop,64,1,55,0.8745,0.3636,0.00161,21.830,29.708,38.033,19.819,24216.7,0.0,89073.8,19374.8,3.0,3754.0,0.0,0.0,46611.8,0.0,0.00,pathseer:55
beir500k-rq1,neg10_cat09,neg10,60723,ours-no-twohop,64,2,55,0.8745,0.3636,0.00161,21.488,29.914,35.427,20.286,24216.7,0.0,89073.8,19374.8,3.0,3754.0,0.0,0.0,46611.8,0.0,0.00,pathseer:55
beir500k-rq1,neg10_cat09,neg10,60723,ours-no-twohop,64,3,55,0.8745,0.3636,0.00161,22.021,29.458,34.387,19.988,24216.7,0.0,89073.8,19374.8,3.0,3754.0,0.0,0.0,46611.8,0.0,0.00,pathseer:55
beir500k-rq1,neg10_cat09,neg10,60723,ours-no-twohop,128,1,55,0.9327,0.5636,0.00082,30.309,40.731,43.181,28.404,34586.8,0.0,115628.7,26245.2,6.0,6437.0,0.0,0.0,56862.1,0.0,0.00,pathseer:55
beir500k-rq1,neg10_cat09,neg10,60723,ours-no-twohop,128,2,55,0.9327,0.5636,0.00082,30.089,39.035,42.959,28.461,34586.8,0.0,115628.7,26245.2,6.0,6437.0,0.0,0.0,56862.1,0.0,0.00,pathseer:55
beir500k-rq1,neg10_cat09,neg10,60723,ours-no-twohop,128,3,55,0.9327,0.5636,0.00082,30.034,41.056,45.445,28.788,34586.8,0.0,115628.7,26245.2,6.0,6437.0,0.0,0.0,56862.1,0.0,0.00,pathseer:55
beir500k-rq1,neg10_cat09,neg10,60723,ours-no-twohop,256,1,55,0.9764,0.8000,0.00036,40.802,54.333,60.152,39.483,48080.8,0.0,149009.5,34315.5,10.0,10172.0,0.0,0.0,70331.9,0.0,0.00,pathseer:55
beir500k-rq1,neg10_cat09,neg10,60723,ours-no-twohop,256,2,55,0.9764,0.8000,0.00036,41.874,52.620,55.191,39.406,48080.8,0.0,149009.5,34315.5,10.0,10172.0,0.0,0.0,70331.9,0.0,0.00,pathseer:55
beir500k-rq1,neg10_cat09,neg10,60723,ours-no-twohop,256,3,55,0.9764,0.8000,0.00036,40.834,54.336,56.790,39.622,48080.8,0.0,149009.5,34315.5,10.0,10172.0,0.0,0.0,70331.9,0.0,0.00,pathseer:55
beir500k-rq1,neg10_cat09,neg10,60723,ours-no-twohop,512,1,55,0.9964,0.9636,0.00010,57.067,70.684,84.930,55.404,67602.0,0.0,193218.2,45289.7,22.0,15735.0,0.0,0.0,86787.4,0.0,0.00,pathseer:55
beir500k-rq1,neg10_cat09,neg10,60723,ours-no-twohop,512,2,55,0.9964,0.9636,0.00010,56.930,71.375,85.381,54.994,67602.0,0.0,193218.2,45289.7,22.0,15735.0,0.0,0.0,86787.4,0.0,0.00,pathseer:55
beir500k-rq1,neg10_cat09,neg10,60723,ours-no-twohop,512,3,55,0.9964,0.9636,0.00010,55.433,72.001,81.217,54.343,67602.0,0.0,193218.2,45289.7,22.0,15735.0,0.0,0.0,86787.4,0.0,0.00,pathseer:55
beir500k-rq1,neg10_cat09,neg10,60723,ours-guard,64,1,55,0.8691,0.3636,0.00167,22.255,32.426,36.772,20.539,23914.3,0.0,70569.7,19359.6,3.0,3754.0,0.0,0.0,46520.3,0.0,0.00,pathseer:55
beir500k-rq1,neg10_cat09,neg10,60723,ours-guard,64,2,55,0.8691,0.3636,0.00167,20.358,29.352,32.652,19.351,23914.3,0.0,70569.7,19359.6,3.0,3754.0,0.0,0.0,46520.3,0.0,0.00,pathseer:55
beir500k-rq1,neg10_cat09,neg10,60723,ours-guard,64,3,55,0.8691,0.3636,0.00167,21.563,30.119,32.026,19.723,23914.3,0.0,70569.7,19359.6,3.0,3754.0,0.0,0.0,46520.3,0.0,0.00,pathseer:55
beir500k-rq1,neg10_cat09,neg10,60723,ours-guard,128,1,55,0.9273,0.5636,0.00089,30.195,40.834,42.004,28.113,34088.5,0.0,91131.4,26221.6,6.0,6437.0,0.0,0.0,56782.4,0.0,0.00,pathseer:55
beir500k-rq1,neg10_cat09,neg10,60723,ours-guard,128,2,55,0.9273,0.5636,0.00089,29.214,41.027,44.068,28.518,34088.5,0.0,91131.4,26221.6,6.0,6437.0,0.0,0.0,56782.4,0.0,0.00,pathseer:55
beir500k-rq1,neg10_cat09,neg10,60723,ours-guard,128,3,55,0.9273,0.5636,0.00089,31.359,42.085,46.498,28.985,34088.5,0.0,91131.4,26221.6,6.0,6437.0,0.0,0.0,56782.4,0.0,0.00,pathseer:55
beir500k-rq1,neg10_cat09,neg10,60723,ours-guard,256,1,55,0.9745,0.8000,0.00039,40.578,53.408,54.020,38.796,47298.7,0.0,118133.5,34277.1,10.0,10172.0,0.0,0.0,70355.9,0.0,0.00,pathseer:55
beir500k-rq1,neg10_cat09,neg10,60723,ours-guard,256,2,55,0.9745,0.8000,0.00039,41.807,54.340,55.942,38.928,47298.7,0.0,118133.5,34277.1,10.0,10172.0,0.0,0.0,70355.9,0.0,0.00,pathseer:55
beir500k-rq1,neg10_cat09,neg10,60723,ours-guard,256,3,55,0.9745,0.8000,0.00039,40.971,53.186,56.529,38.792,47298.7,0.0,118133.5,34277.1,10.0,10172.0,0.0,0.0,70355.9,0.0,0.00,pathseer:55
beir500k-rq1,neg10_cat09,neg10,60723,ours-guard,512,1,55,0.9964,0.9636,0.00010,54.778,70.016,79.623,53.460,66373.7,0.0,154238.7,45223.8,22.0,15735.0,0.0,0.0,86990.9,0.0,0.00,pathseer:55
beir500k-rq1,neg10_cat09,neg10,60723,ours-guard,512,2,55,0.9964,0.9636,0.00010,56.239,68.946,78.301,53.846,66373.7,0.0,154238.7,45223.8,22.0,15735.0,0.0,0.0,86990.9,0.0,0.00,pathseer:55
beir500k-rq1,neg10_cat09,neg10,60723,ours-guard,512,3,55,0.9964,0.9636,0.00010,56.010,68.680,82.394,53.594,66373.7,0.0,154238.7,45223.8,22.0,15735.0,0.0,0.0,86990.9,0.0,0.00,pathseer:55
beir500k-rq1,neg10_cat09,neg10,60723,acorn,64,1,55,0.6564,0.1636,0.01386,1.087,1.370,1.552,1.076,2175.6,10.0,14741.7,74.9,4.0,4.0,0.0,0.0,0.0,0.0,0.00,acorn:55
beir500k-rq1,neg10_cat09,neg10,60723,acorn,64,2,55,0.6564,0.1636,0.01386,1.093,1.450,1.545,1.074,2175.6,10.0,14741.7,74.9,4.0,4.0,0.0,0.0,0.0,0.0,0.00,acorn:55
beir500k-rq1,neg10_cat09,neg10,60723,acorn,64,3,55,0.6564,0.1636,0.01386,1.080,1.439,1.509,1.073,2175.6,10.0,14741.7,74.9,4.0,4.0,0.0,0.0,0.0,0.0,0.00,acorn:55
beir500k-rq1,neg10_cat09,neg10,60723,acorn,128,1,55,0.7836,0.2727,0.00587,1.778,2.380,2.449,1.828,3777.1,10.0,24475.4,144.2,5.0,5.0,0.0,0.0,0.0,0.0,0.00,acorn:55
beir500k-rq1,neg10_cat09,neg10,60723,acorn,128,2,55,0.7836,0.2727,0.00587,1.794,2.200,2.349,1.819,3777.1,10.0,24475.4,144.2,5.0,5.0,0.0,0.0,0.0,0.0,0.00,acorn:55
beir500k-rq1,neg10_cat09,neg10,60723,acorn,128,3,55,0.7836,0.2727,0.00587,1.822,2.336,2.421,1.847,3777.1,10.0,24475.4,144.2,5.0,5.0,0.0,0.0,0.0,0.0,0.00,acorn:55
beir500k-rq1,neg10_cat09,neg10,60723,acorn,256,1,55,0.8818,0.4364,0.00229,3.065,3.543,3.780,3.115,6309.0,10.0,38607.8,275.0,9.0,8.0,0.0,0.0,0.0,0.0,0.00,acorn:55
beir500k-rq1,neg10_cat09,neg10,60723,acorn,256,2,55,0.8818,0.4364,0.00229,3.222,3.718,4.060,3.248,6309.0,10.0,38607.8,275.0,9.0,8.0,0.0,0.0,0.0,0.0,0.00,acorn:55
beir500k-rq1,neg10_cat09,neg10,60723,acorn,256,3,55,0.8818,0.4364,0.00229,3.101,3.592,3.838,3.134,6309.0,10.0,38607.8,275.0,9.0,8.0,0.0,0.0,0.0,0.0,0.00,acorn:55
beir500k-rq1,neg10_cat09,neg10,60723,acorn,512,1,55,0.9400,0.5818,0.00136,5.169,5.998,6.227,5.171,10125.1,10.0,58364.0,527.3,16.0,16.0,0.0,0.0,0.0,0.0,0.00,acorn:55
beir500k-rq1,neg10_cat09,neg10,60723,acorn,512,2,55,0.9400,0.5818,0.00136,5.445,6.524,7.462,5.568,10125.1,10.0,58364.0,527.3,16.0,16.0,0.0,0.0,0.0,0.0,0.00,acorn:55
beir500k-rq1,neg10_cat09,neg10,60723,acorn,512,3,55,0.9400,0.5818,0.00136,5.165,5.907,6.098,5.146,10125.1,10.0,58364.0,527.3,16.0,16.0,0.0,0.0,0.0,0.0,0.00,acorn:55
beir500k-rq1,neg10_cat10,neg10,61023,sweeping,64,1,50,0.9760,0.8200,0.00021,22.814,42.713,46.765,22.539,73524.3,0.0,20531.6,13448.8,3.0,548.0,0.0,0.0,0.0,0.0,0.00,sweeping:50
beir500k-rq1,neg10_cat10,neg10,61023,sweeping,64,2,50,0.9760,0.8200,0.00021,21.870,42.714,47.414,22.317,73524.3,0.0,20531.6,13448.8,3.0,548.0,0.0,0.0,0.0,0.0,0.00,sweeping:50
beir500k-rq1,neg10_cat10,neg10,61023,sweeping,64,3,50,0.9760,0.8200,0.00021,22.610,42.999,47.269,22.594,73524.3,0.0,20531.6,13448.8,3.0,548.0,0.0,0.0,0.0,0.0,0.00,sweeping:50
beir500k-rq1,neg10_cat10,neg10,61023,sweeping,128,1,50,0.9960,0.9600,0.00008,32.024,53.844,61.848,32.126,96815.5,0.0,29875.1,19482.8,5.0,1000.0,0.0,0.0,0.0,0.0,0.00,sweeping:50
beir500k-rq1,neg10_cat10,neg10,61023,sweeping,128,2,50,0.9960,0.9600,0.00008,33.161,50.829,62.781,32.066,96815.5,0.0,29875.1,19482.8,5.0,1000.0,0.0,0.0,0.0,0.0,0.00,sweeping:50
beir500k-rq1,neg10_cat10,neg10,61023,sweeping,128,3,50,0.9960,0.9600,0.00008,32.913,53.515,62.652,32.225,96815.5,0.0,29875.1,19482.8,5.0,1000.0,0.0,0.0,0.0,0.0,0.00,sweeping:50
beir500k-rq1,neg10_cat10,neg10,61023,sweeping,256,1,50,1.0000,1.0000,0.00000,47.303,68.284,79.325,44.739,126029.0,0.0,43209.6,27613.0,10.0,2008.0,0.0,0.0,0.0,0.0,0.00,sweeping:50
beir500k-rq1,neg10_cat10,neg10,61023,sweeping,256,2,50,1.0000,1.0000,0.00000,47.593,67.280,81.645,44.608,126029.0,0.0,43209.6,27613.0,10.0,2008.0,0.0,0.0,0.0,0.0,0.00,sweeping:50
beir500k-rq1,neg10_cat10,neg10,61023,sweeping,256,3,50,1.0000,1.0000,0.00000,47.514,67.961,81.597,44.482,126029.0,0.0,43209.6,27613.0,10.0,2008.0,0.0,0.0,0.0,0.0,0.00,sweeping:50
beir500k-rq1,neg10_cat10,neg10,61023,sweeping,512,1,50,1.0000,1.0000,0.00000,65.913,89.776,114.324,62.301,163217.6,0.0,61803.6,38773.3,21.0,3801.0,0.0,0.0,0.0,0.0,0.00,sweeping:50
beir500k-rq1,neg10_cat10,neg10,61023,sweeping,512,2,50,1.0000,1.0000,0.00000,67.303,87.640,95.794,62.003,163217.6,0.0,61803.6,38773.3,21.0,3801.0,0.0,0.0,0.0,0.0,0.00,sweeping:50
beir500k-rq1,neg10_cat10,neg10,61023,sweeping,512,3,50,1.0000,1.0000,0.00000,68.503,89.477,97.679,62.016,163217.6,0.0,61803.6,38773.3,21.0,3801.0,0.0,0.0,0.0,0.0,0.00,sweeping:50
beir500k-rq1,neg10_cat10,neg10,61023,pathseer,64,1,50,0.9720,0.7600,0.00023,6.280,10.977,12.931,6.238,8738.5,0.0,44180.0,5439.8,3.0,548.0,152.3,2.8,30644.7,2.4,0.00,pathseer:50
beir500k-rq1,neg10_cat10,neg10,61023,pathseer,64,2,50,0.9720,0.7600,0.00023,6.600,11.651,13.431,6.483,8738.5,0.0,44180.0,5439.8,3.0,548.0,152.3,2.8,30644.7,2.4,0.00,pathseer:50
beir500k-rq1,neg10_cat10,neg10,61023,pathseer,64,3,50,0.9720,0.7600,0.00023,6.456,11.055,13.089,6.466,8738.5,0.0,44180.0,5439.8,3.0,548.0,152.3,2.8,30644.7,2.4,0.00,pathseer:50
beir500k-rq1,neg10_cat10,neg10,61023,pathseer,128,1,50,0.9920,0.9200,0.00004,10.988,18.081,25.062,10.904,14473.0,0.0,62715.9,9002.1,5.0,1000.0,280.3,6.7,40453.5,4.4,0.00,pathseer:50
beir500k-rq1,neg10_cat10,neg10,61023,pathseer,128,2,50,0.9920,0.9200,0.00004,10.499,16.934,21.411,10.463,14473.0,0.0,62715.9,9002.1,5.0,1000.0,280.3,6.7,40453.5,4.4,0.00,pathseer:50
beir500k-rq1,neg10_cat10,neg10,61023,pathseer,128,3,50,0.9920,0.9200,0.00004,11.337,19.823,22.212,11.177,14473.0,0.0,62715.9,9002.1,5.0,1000.0,280.3,6.7,40453.5,4.4,0.00,pathseer:50
beir500k-rq1,neg10_cat10,neg10,61023,pathseer,256,1,50,1.0000,1.0000,0.00000,18.414,29.507,29.753,17.882,23822.6,0.0,89330.8,14507.3,10.0,1995.0,569.6,11.3,53250.2,8.9,0.00,pathseer:50
beir500k-rq1,neg10_cat10,neg10,61023,pathseer,256,2,50,1.0000,1.0000,0.00000,18.558,28.647,30.022,17.484,23822.6,0.0,89330.8,14507.3,10.0,1995.0,569.6,11.3,53250.2,8.9,0.00,pathseer:50
beir500k-rq1,neg10_cat10,neg10,61023,pathseer,256,3,50,1.0000,1.0000,0.00000,17.996,29.641,33.169,17.627,23822.6,0.0,89330.8,14507.3,10.0,1995.0,569.6,11.3,53250.2,8.9,0.00,pathseer:50
beir500k-rq1,neg10_cat10,neg10,61023,pathseer,512,1,50,1.0000,1.0000,0.00000,30.933,41.046,45.203,28.093,38264.9,0.0,124418.1,22549.2,20.0,3768.0,1245.4,24.2,67635.2,19.5,0.00,pathseer:50
beir500k-rq1,neg10_cat10,neg10,61023,pathseer,512,2,50,1.0000,1.0000,0.00000,30.289,43.426,47.989,28.446,38264.9,0.0,124418.1,22549.2,20.0,3768.0,1245.4,24.2,67635.2,19.5,0.00,pathseer:50
beir500k-rq1,neg10_cat10,neg10,61023,pathseer,512,3,50,1.0000,1.0000,0.00000,30.477,41.773,46.993,28.198,38264.9,0.0,124418.1,22549.2,20.0,3768.0,1245.4,24.2,67635.2,19.5,0.00,pathseer:50
beir500k-rq1,neg10_cat10,neg10,61023,ours-no-twohop,64,1,50,0.9720,0.7600,0.00023,6.606,10.962,13.022,6.443,8916.4,0.0,44658.9,5535.6,3.0,548.0,0.0,0.0,30994.9,0.0,0.00,pathseer:50
beir500k-rq1,neg10_cat10,neg10,61023,ours-no-twohop,64,2,50,0.9720,0.7600,0.00023,6.472,11.565,13.862,6.605,8916.4,0.0,44658.9,5535.6,3.0,548.0,0.0,0.0,30994.9,0.0,0.00,pathseer:50
beir500k-rq1,neg10_cat10,neg10,61023,ours-no-twohop,64,3,50,0.9720,0.7600,0.00023,6.575,10.609,12.920,6.440,8916.4,0.0,44658.9,5535.6,3.0,548.0,0.0,0.0,30994.9,0.0,0.00,pathseer:50
beir500k-rq1,neg10_cat10,neg10,61023,ours-no-twohop,128,1,50,0.9940,0.9400,0.00002,10.652,17.341,20.836,10.996,14813.1,0.0,63508.9,9162.0,5.0,1000.0,0.0,0.0,41012.5,0.0,0.00,pathseer:50
beir500k-rq1,neg10_cat10,neg10,61023,ours-no-twohop,128,2,50,0.9940,0.9400,0.00002,10.750,18.381,21.174,11.096,14813.1,0.0,63508.9,9162.0,5.0,1000.0,0.0,0.0,41012.5,0.0,0.00,pathseer:50
beir500k-rq1,neg10_cat10,neg10,61023,ours-no-twohop,128,3,50,0.9940,0.9400,0.00002,10.455,17.518,21.248,10.719,14813.1,0.0,63508.9,9162.0,5.0,1000.0,0.0,0.0,41012.5,0.0,0.00,pathseer:50
beir500k-rq1,neg10_cat10,neg10,61023,ours-no-twohop,256,1,50,1.0000,1.0000,0.00000,17.782,27.953,29.852,17.384,24152.2,0.0,89496.3,14655.0,10.0,2008.0,0.0,0.0,53476.5,0.0,0.00,pathseer:50
beir500k-rq1,neg10_cat10,neg10,61023,ours-no-twohop,256,2,50,1.0000,1.0000,0.00000,18.102,27.509,29.944,17.489,24152.2,0.0,89496.3,14655.0,10.0,2008.0,0.0,0.0,53476.5,0.0,0.00,pathseer:50
beir500k-rq1,neg10_cat10,neg10,61023,ours-no-twohop,256,3,50,1.0000,1.0000,0.00000,18.572,27.550,29.840,17.883,24152.2,0.0,89496.3,14655.0,10.0,2008.0,0.0,0.0,53476.5,0.0,0.00,pathseer:50
beir500k-rq1,neg10_cat10,neg10,61023,ours-no-twohop,512,1,50,1.0000,1.0000,0.00000,30.698,41.612,47.281,28.287,38784.1,0.0,124168.9,22777.9,21.0,3801.0,0.0,0.0,67788.9,0.0,0.00,pathseer:50
beir500k-rq1,neg10_cat10,neg10,61023,ours-no-twohop,512,2,50,1.0000,1.0000,0.00000,29.928,43.307,47.425,28.242,38784.1,0.0,124168.9,22777.9,21.0,3801.0,0.0,0.0,67788.9,0.0,0.00,pathseer:50
beir500k-rq1,neg10_cat10,neg10,61023,ours-no-twohop,512,3,50,1.0000,1.0000,0.00000,30.388,41.264,47.230,28.145,38784.1,0.0,124168.9,22777.9,21.0,3801.0,0.0,0.0,67788.9,0.0,0.00,pathseer:50
beir500k-rq1,neg10_cat10,neg10,61023,ours-guard,64,1,50,0.9680,0.7600,0.00025,6.466,11.030,13.391,6.711,8627.7,0.0,39740.1,5517.5,3.0,548.0,0.0,0.0,31010.2,0.0,0.00,pathseer:50
beir500k-rq1,neg10_cat10,neg10,61023,ours-guard,64,2,50,0.9680,0.7600,0.00025,6.387,10.310,13.137,6.322,8627.7,0.0,39740.1,5517.5,3.0,548.0,0.0,0.0,31010.2,0.0,0.00,pathseer:50
beir500k-rq1,neg10_cat10,neg10,61023,ours-guard,64,3,50,0.9680,0.7600,0.00025,6.162,10.604,13.040,6.222,8627.7,0.0,39740.1,5517.5,3.0,548.0,0.0,0.0,31010.2,0.0,0.00,pathseer:50
beir500k-rq1,neg10_cat10,neg10,61023,ours-guard,128,1,50,0.9940,0.9400,0.00002,10.371,17.308,20.695,10.366,14322.1,0.0,55603.3,9135.2,5.0,1000.0,0.0,0.0,41085.6,0.0,0.00,pathseer:50
beir500k-rq1,neg10_cat10,neg10,61023,ours-guard,128,2,50,0.9940,0.9400,0.00002,10.633,18.737,21.293,10.607,14322.1,0.0,55603.3,9135.2,5.0,1000.0,0.0,0.0,41085.6,0.0,0.00,pathseer:50
beir500k-rq1,neg10_cat10,neg10,61023,ours-guard,128,3,50,0.9940,0.9400,0.00002,10.261,17.850,21.033,10.387,14322.1,0.0,55603.3,9135.2,5.0,1000.0,0.0,0.0,41085.6,0.0,0.00,pathseer:50
beir500k-rq1,neg10_cat10,neg10,61023,ours-guard,256,1,50,1.0000,1.0000,0.00000,18.427,26.386,31.255,17.256,23267.7,0.0,77375.4,14643.4,10.0,2008.0,0.0,0.0,53729.2,0.0,0.00,pathseer:50
beir500k-rq1,neg10_cat10,neg10,61023,ours-guard,256,2,50,1.0000,1.0000,0.00000,18.050,26.453,29.147,17.199,23267.7,0.0,77375.4,14643.4,10.0,2008.0,0.0,0.0,53729.2,0.0,0.00,pathseer:50
beir500k-rq1,neg10_cat10,neg10,61023,ours-guard,256,3,50,1.0000,1.0000,0.00000,17.987,27.499,28.385,17.095,23267.7,0.0,77375.4,14643.4,10.0,2008.0,0.0,0.0,53729.2,0.0,0.00,pathseer:50
beir500k-rq1,neg10_cat10,neg10,61023,ours-guard,512,1,50,1.0000,1.0000,0.00000,29.371,39.451,45.953,27.408,37161.8,0.0,106017.3,22732.6,21.0,3801.0,0.0,0.0,68109.5,0.0,0.00,pathseer:50
beir500k-rq1,neg10_cat10,neg10,61023,ours-guard,512,2,50,1.0000,1.0000,0.00000,29.961,42.825,48.947,28.073,37161.8,0.0,106017.3,22732.6,21.0,3801.0,0.0,0.0,68109.5,0.0,0.00,pathseer:50
beir500k-rq1,neg10_cat10,neg10,61023,ours-guard,512,3,50,1.0000,1.0000,0.00000,30.431,42.527,48.081,27.879,37161.8,0.0,106017.3,22732.6,21.0,3801.0,0.0,0.0,68109.5,0.0,0.00,pathseer:50
beir500k-rq1,neg10_cat10,neg10,61023,acorn,64,1,50,0.8460,0.2800,0.00398,1.077,1.496,1.851,1.086,1726.5,10.0,15597.0,69.9,5.0,4.0,0.0,0.0,0.0,0.0,0.00,acorn:50
beir500k-rq1,neg10_cat10,neg10,61023,acorn,64,2,50,0.8460,0.2800,0.00398,1.120,1.531,1.973,1.134,1726.5,10.0,15597.0,69.9,5.0,4.0,0.0,0.0,0.0,0.0,0.00,acorn:50
beir500k-rq1,neg10_cat10,neg10,61023,acorn,64,3,50,0.8460,0.2800,0.00398,1.179,1.775,2.045,1.197,1726.5,10.0,15597.0,69.9,5.0,4.0,0.0,0.0,0.0,0.0,0.00,acorn:50
beir500k-rq1,neg10_cat10,neg10,61023,acorn,128,1,50,0.9220,0.5200,0.00156,1.870,2.343,2.878,1.854,3049.4,10.0,24610.2,132.6,7.0,7.0,0.0,0.0,0.0,0.0,0.00,acorn:50
beir500k-rq1,neg10_cat10,neg10,61023,acorn,128,2,50,0.9220,0.5200,0.00156,1.846,2.260,2.875,1.834,3049.4,10.0,24610.2,132.6,7.0,7.0,0.0,0.0,0.0,0.0,0.00,acorn:50
beir500k-rq1,neg10_cat10,neg10,61023,acorn,128,3,50,0.9220,0.5200,0.00156,1.873,2.347,2.771,1.846,3049.4,10.0,24610.2,132.6,7.0,7.0,0.0,0.0,0.0,0.0,0.00,acorn:50
beir500k-rq1,neg10_cat10,neg10,61023,acorn,256,1,50,0.9500,0.6400,0.00105,3.248,3.854,3.958,3.174,5464.0,10.0,39346.5,260.1,13.0,12.0,0.0,0.0,0.0,0.0,0.00,acorn:50
beir500k-rq1,neg10_cat10,neg10,61023,acorn,256,2,50,0.9500,0.6400,0.00105,3.310,4.824,19.522,3.817,5464.0,10.0,39346.5,260.1,13.0,12.0,0.0,0.0,0.0,0.0,0.00,acorn:50
beir500k-rq1,neg10_cat10,neg10,61023,acorn,256,3,50,0.9500,0.6400,0.00105,3.385,4.652,5.400,3.394,5464.0,10.0,39346.5,260.1,13.0,12.0,0.0,0.0,0.0,0.0,0.00,acorn:50
beir500k-rq1,neg10_cat10,neg10,61023,acorn,512,1,50,0.9700,0.7400,0.00062,5.563,6.759,6.964,5.564,9465.5,10.0,61264.8,514.9,24.0,23.0,0.0,0.0,0.0,0.0,0.00,acorn:50
beir500k-rq1,neg10_cat10,neg10,61023,acorn,512,2,50,0.9700,0.7400,0.00062,5.637,6.650,7.012,5.585,9465.5,10.0,61264.8,514.9,24.0,23.0,0.0,0.0,0.0,0.0,0.00,acorn:50
beir500k-rq1,neg10_cat10,neg10,61023,acorn,512,3,50,0.9700,0.7400,0.00062,5.722,7.040,7.153,5.628,9465.5,10.0,61264.8,514.9,24.0,23.0,0.0,0.0,0.0,0.0,0.00,acorn:50
beir500k-rq1,neg10_cat11,neg10,58822,sweeping,64,1,32,0.9688,0.7812,0.00057,39.754,72.337,81.579,40.324,113929.2,0.0,41905.2,25408.7,4.0,2268.0,0.0,0.0,0.0,0.0,0.00,sweeping:32
beir500k-rq1,neg10_cat11,neg10,58822,sweeping,64,2,32,0.9688,0.7812,0.00057,39.545,70.138,81.943,40.331,113929.2,0.0,41905.2,25408.7,4.0,2268.0,0.0,0.0,0.0,0.0,0.00,sweeping:32
beir500k-rq1,neg10_cat11,neg10,58822,sweeping,64,3,32,0.9688,0.7812,0.00057,39.683,69.059,81.481,40.169,113929.2,0.0,41905.2,25408.7,4.0,2268.0,0.0,0.0,0.0,0.0,0.00,sweeping:32
beir500k-rq1,neg10_cat11,neg10,58822,sweeping,128,1,32,0.9906,0.9062,0.00015,54.778,84.932,97.162,52.443,141031.5,0.0,55731.7,33095.8,6.0,4248.0,0.0,0.0,0.0,0.0,0.00,sweeping:32
beir500k-rq1,neg10_cat11,neg10,58822,sweeping,128,2,32,0.9906,0.9062,0.00015,54.901,83.639,97.768,52.724,141031.5,0.0,55731.7,33095.8,6.0,4248.0,0.0,0.0,0.0,0.0,0.00,sweeping:32
beir500k-rq1,neg10_cat11,neg10,58822,sweeping,128,3,32,0.9906,0.9062,0.00015,54.636,83.232,98.898,52.495,141031.5,0.0,55731.7,33095.8,6.0,4248.0,0.0,0.0,0.0,0.0,0.00,sweeping:32
beir500k-rq1,neg10_cat11,neg10,58822,sweeping,256,1,32,0.9938,0.9375,0.00014,71.959,100.286,117.677,67.438,173535.4,0.0,73988.5,42893.0,11.0,7257.0,0.0,0.0,0.0,0.0,0.00,sweeping:32
beir500k-rq1,neg10_cat11,neg10,58822,sweeping,256,2,32,0.9938,0.9375,0.00014,71.972,101.657,115.766,67.123,173535.4,0.0,73988.5,42893.0,11.0,7257.0,0.0,0.0,0.0,0.0,0.00,sweeping:32
beir500k-rq1,neg10_cat11,neg10,58822,sweeping,256,3,32,0.9938,0.9375,0.00014,71.678,102.966,117.230,67.397,173535.4,0.0,73988.5,42893.0,11.0,7257.0,0.0,0.0,0.0,0.0,0.00,sweeping:32
beir500k-rq1,neg10_cat11,neg10,58822,sweeping,512,1,32,0.9969,0.9688,0.00004,91.878,128.540,144.841,86.381,212199.2,0.0,97317.1,55516.5,23.0,11477.0,0.0,0.0,0.0,0.0,0.00,sweeping:32
beir500k-rq1,neg10_cat11,neg10,58822,sweeping,512,2,32,0.9969,0.9688,0.00004,91.583,127.642,139.116,86.799,212199.2,0.0,97317.1,55516.5,23.0,11477.0,0.0,0.0,0.0,0.0,0.00,sweeping:32
beir500k-rq1,neg10_cat11,neg10,58822,sweeping,512,3,32,0.9969,0.9688,0.00004,92.975,129.781,139.961,86.904,212199.2,0.0,97317.1,55516.5,23.0,11477.0,0.0,0.0,0.0,0.0,0.00,sweeping:32
beir500k-rq1,neg10_cat11,neg10,58822,pathseer,64,1,32,0.9625,0.7188,0.00065,17.550,37.860,42.527,17.837,23486.6,0.0,91328.0,15472.5,3.0,2268.0,162.0,2.7,53194.9,2.5,0.00,pathseer:32
beir500k-rq1,neg10_cat11,neg10,58822,pathseer,64,2,32,0.9625,0.7188,0.00065,17.260,35.563,41.850,17.701,23486.6,0.0,91328.0,15472.5,3.0,2268.0,162.0,2.7,53194.9,2.5,0.00,pathseer:32
beir500k-rq1,neg10_cat11,neg10,58822,pathseer,64,3,32,0.9625,0.7188,0.00065,16.552,37.416,43.033,17.697,23486.6,0.0,91328.0,15472.5,3.0,2268.0,162.0,2.7,53194.9,2.5,0.00,pathseer:32
beir500k-rq1,neg10_cat11,neg10,58822,pathseer,128,1,32,0.9875,0.9062,0.00027,25.933,50.749,57.967,26.767,35114.2,0.0,119754.5,22350.3,6.0,4248.0,308.0,3.1,63824.3,4.8,0.00,pathseer:32
beir500k-rq1,neg10_cat11,neg10,58822,pathseer,128,2,32,0.9875,0.9062,0.00027,26.464,50.104,59.674,27.119,35114.2,0.0,119754.5,22350.3,6.0,4248.0,308.0,3.1,63824.3,4.8,0.00,pathseer:32
beir500k-rq1,neg10_cat11,neg10,58822,pathseer,128,3,32,0.9875,0.9062,0.00027,24.582,51.311,60.275,26.517,35114.2,0.0,119754.5,22350.3,6.0,4248.0,308.0,3.1,63824.3,4.8,0.00,pathseer:32
beir500k-rq1,neg10_cat11,neg10,58822,pathseer,256,1,32,0.9906,0.9062,0.00020,36.729,66.916,84.787,37.954,50947.4,0.0,155053.7,31170.6,11.0,7245.0,630.0,6.9,75712.2,9.8,0.00,pathseer:32
beir500k-rq1,neg10_cat11,neg10,58822,pathseer,256,2,32,0.9906,0.9062,0.00020,38.005,66.922,82.641,38.751,50947.4,0.0,155053.7,31170.6,11.0,7245.0,630.0,6.9,75712.2,9.8,0.00,pathseer:32
beir500k-rq1,neg10_cat11,neg10,58822,pathseer,256,3,32,0.9906,0.9062,0.00020,38.376,68.111,80.047,38.030,50947.4,0.0,155053.7,31170.6,11.0,7245.0,630.0,6.9,75712.2,9.8,0.00,pathseer:32
beir500k-rq1,neg10_cat11,neg10,58822,pathseer,512,1,32,0.9969,0.9688,0.00004,52.748,88.145,102.527,53.784,73255.0,0.0,200233.0,42799.2,22.0,11477.0,1372.0,11.4,88874.6,21.4,0.00,pathseer:32
beir500k-rq1,neg10_cat11,neg10,58822,pathseer,512,2,32,0.9969,0.9688,0.00004,54.402,88.305,101.974,54.495,73255.0,0.0,200233.0,42799.2,22.0,11477.0,1372.0,11.4,88874.6,21.4,0.00,pathseer:32
beir500k-rq1,neg10_cat11,neg10,58822,pathseer,512,3,32,0.9969,0.9688,0.00004,54.468,88.240,103.410,53.833,73255.0,0.0,200233.0,42799.2,22.0,11477.0,1372.0,11.4,88874.6,21.4,0.00,pathseer:32
beir500k-rq1,neg10_cat11,neg10,58822,ours-no-twohop,64,1,32,0.9625,0.7188,0.00065,17.762,35.018,42.346,17.711,23551.1,0.0,91403.7,15491.4,4.0,2268.0,0.0,0.0,53340.2,0.0,0.00,pathseer:32
beir500k-rq1,neg10_cat11,neg10,58822,ours-no-twohop,64,2,32,0.9625,0.7188,0.00065,17.624,37.282,46.232,18.408,23551.1,0.0,91403.7,15491.4,4.0,2268.0,0.0,0.0,53340.2,0.0,0.00,pathseer:32
beir500k-rq1,neg10_cat11,neg10,58822,ours-no-twohop,64,3,32,0.9625,0.7188,0.00065,17.288,36.314,40.750,17.699,23551.1,0.0,91403.7,15491.4,4.0,2268.0,0.0,0.0,53340.2,0.0,0.00,pathseer:32
beir500k-rq1,neg10_cat11,neg10,58822,ours-no-twohop,128,1,32,0.9875,0.9062,0.00027,28.913,50.459,63.291,27.616,35195.1,0.0,119701.1,22378.9,6.0,4248.0,0.0,0.0,63952.8,0.0,0.00,pathseer:32
beir500k-rq1,neg10_cat11,neg10,58822,ours-no-twohop,128,2,32,0.9875,0.9062,0.00027,24.825,50.925,59.182,26.246,35195.1,0.0,119701.1,22378.9,6.0,4248.0,0.0,0.0,63952.8,0.0,0.00,pathseer:32
beir500k-rq1,neg10_cat11,neg10,58822,ours-no-twohop,128,3,32,0.9875,0.9062,0.00027,25.498,50.261,58.758,26.740,35195.1,0.0,119701.1,22378.9,6.0,4248.0,0.0,0.0,63952.8,0.0,0.00,pathseer:32
beir500k-rq1,neg10_cat11,neg10,58822,ours-no-twohop,256,1,32,0.9906,0.9062,0.00020,40.402,65.347,82.545,38.871,51110.3,0.0,154789.6,31240.0,11.0,7257.0,0.0,0.0,75806.2,0.0,0.00,pathseer:32
beir500k-rq1,neg10_cat11,neg10,58822,ours-no-twohop,256,2,32,0.9906,0.9062,0.00020,38.288,65.405,81.439,37.964,51110.3,0.0,154789.6,31240.0,11.0,7257.0,0.0,0.0,75806.2,0.0,0.00,pathseer:32
beir500k-rq1,neg10_cat11,neg10,58822,ours-no-twohop,256,3,32,0.9906,0.9062,0.00020,38.331,66.052,84.352,38.371,51110.3,0.0,154789.6,31240.0,11.0,7257.0,0.0,0.0,75806.2,0.0,0.00,pathseer:32
beir500k-rq1,neg10_cat11,neg10,58822,ours-no-twohop,512,1,32,0.9969,0.9688,0.00004,54.197,87.241,101.893,53.708,73368.8,0.0,199194.8,42840.8,23.0,11477.0,0.0,0.0,88931.0,0.0,0.00,pathseer:32
beir500k-rq1,neg10_cat11,neg10,58822,ours-no-twohop,512,2,32,0.9969,0.9688,0.00004,53.912,90.000,103.423,53.739,73368.8,0.0,199194.8,42840.8,23.0,11477.0,0.0,0.0,88931.0,0.0,0.00,pathseer:32
beir500k-rq1,neg10_cat11,neg10,58822,ours-no-twohop,512,3,32,0.9969,0.9688,0.00004,54.817,87.413,101.894,53.854,73368.8,0.0,199194.8,42840.8,23.0,11477.0,0.0,0.0,88931.0,0.0,0.00,pathseer:32
beir500k-rq1,neg10_cat11,neg10,58822,ours-guard,64,1,32,0.9656,0.7188,0.00050,17.460,35.877,42.016,17.431,23115.6,0.0,76913.6,15527.3,4.0,2268.0,0.0,0.0,53696.5,0.0,0.00,pathseer:32
beir500k-rq1,neg10_cat11,neg10,58822,ours-guard,64,2,32,0.9656,0.7188,0.00050,17.296,34.691,42.287,17.591,23115.6,0.0,76913.6,15527.3,4.0,2268.0,0.0,0.0,53696.5,0.0,0.00,pathseer:32
beir500k-rq1,neg10_cat11,neg10,58822,ours-guard,64,3,32,0.9656,0.7188,0.00050,16.529,35.345,41.547,17.649,23115.6,0.0,76913.6,15527.3,4.0,2268.0,0.0,0.0,53696.5,0.0,0.00,pathseer:32
beir500k-rq1,neg10_cat11,neg10,58822,ours-guard,128,1,32,0.9844,0.8750,0.00027,25.356,50.527,57.042,26.108,34488.0,0.0,99049.3,22412.1,6.0,4248.0,0.0,0.0,64367.3,0.0,0.00,pathseer:32
beir500k-rq1,neg10_cat11,neg10,58822,ours-guard,128,2,32,0.9844,0.8750,0.00027,25.785,53.052,56.946,26.636,34488.0,0.0,99049.3,22412.1,6.0,4248.0,0.0,0.0,64367.3,0.0,0.00,pathseer:32
beir500k-rq1,neg10_cat11,neg10,58822,ours-guard,128,3,32,0.9844,0.8750,0.00027,25.749,49.741,59.814,25.920,34488.0,0.0,99049.3,22412.1,6.0,4248.0,0.0,0.0,64367.3,0.0,0.00,pathseer:32
beir500k-rq1,neg10_cat11,neg10,58822,ours-guard,256,1,32,0.9875,0.8750,0.00021,39.001,64.603,78.467,37.517,50016.8,0.0,126744.1,31243.6,11.0,7257.0,0.0,0.0,76337.3,0.0,0.00,pathseer:32
beir500k-rq1,neg10_cat11,neg10,58822,ours-guard,256,2,32,0.9875,0.8750,0.00021,37.878,64.852,78.926,37.721,50016.8,0.0,126744.1,31243.6,11.0,7257.0,0.0,0.0,76337.3,0.0,0.00,pathseer:32
beir500k-rq1,neg10_cat11,neg10,58822,ours-guard,256,3,32,0.9875,0.8750,0.00021,36.717,64.866,78.840,37.544,50016.8,0.0,126744.1,31243.6,11.0,7257.0,0.0,0.0,76337.3,0.0,0.00,pathseer:32
beir500k-rq1,neg10_cat11,neg10,58822,ours-guard,512,1,32,0.9969,0.9688,0.00004,53.565,86.020,109.261,52.971,71766.8,0.0,162143.2,42793.8,23.0,11477.0,0.0,0.0,89620.7,0.0,0.00,pathseer:32
beir500k-rq1,neg10_cat11,neg10,58822,ours-guard,512,2,32,0.9969,0.9688,0.00004,53.705,85.493,105.869,52.964,71766.8,0.0,162143.2,42793.8,23.0,11477.0,0.0,0.0,89620.7,0.0,0.00,pathseer:32
beir500k-rq1,neg10_cat11,neg10,58822,ours-guard,512,3,32,0.9969,0.9688,0.00004,53.311,87.298,102.170,53.698,71766.8,0.0,162143.2,42793.8,23.0,11477.0,0.0,0.0,89620.7,0.0,0.00,pathseer:32
beir500k-rq1,neg10_cat11,neg10,58822,acorn,64,1,32,0.8469,0.2812,0.00391,1.127,1.347,1.443,1.130,2033.8,10.0,17485.3,68.3,3.0,3.0,0.0,0.0,0.0,0.0,0.00,acorn:32
beir500k-rq1,neg10_cat11,neg10,58822,acorn,64,2,32,0.8469,0.2812,0.00391,1.145,1.331,1.384,1.117,2033.8,10.0,17485.3,68.3,3.0,3.0,0.0,0.0,0.0,0.0,0.00,acorn:32
beir500k-rq1,neg10_cat11,neg10,58822,acorn,64,3,32,0.8469,0.2812,0.00391,1.136,1.337,1.371,1.118,2033.8,10.0,17485.3,68.3,3.0,3.0,0.0,0.0,0.0,0.0,0.00,acorn:32
beir500k-rq1,neg10_cat11,neg10,58822,acorn,128,1,32,0.9062,0.5000,0.00209,1.853,2.290,2.347,1.879,3379.9,10.0,26973.2,131.5,4.0,4.0,0.0,0.0,0.0,0.0,0.00,acorn:32
beir500k-rq1,neg10_cat11,neg10,58822,acorn,128,2,32,0.9062,0.5000,0.00209,1.815,2.151,2.346,1.834,3379.9,10.0,26973.2,131.5,4.0,4.0,0.0,0.0,0.0,0.0,0.00,acorn:32
beir500k-rq1,neg10_cat11,neg10,58822,acorn,128,3,32,0.9062,0.5000,0.00209,2.082,2.962,5.597,2.198,3379.9,10.0,26973.2,131.5,4.0,4.0,0.0,0.0,0.0,0.0,0.00,acorn:32
beir500k-rq1,neg10_cat11,neg10,58822,acorn,256,1,32,0.9344,0.5312,0.00133,3.175,3.586,3.772,3.093,5529.6,10.0,39644.7,259.2,7.0,7.0,0.0,0.0,0.0,0.0,0.00,acorn:32
beir500k-rq1,neg10_cat11,neg10,58822,acorn,256,2,32,0.9344,0.5312,0.00133,3.134,3.571,3.852,3.077,5529.6,10.0,39644.7,259.2,7.0,7.0,0.0,0.0,0.0,0.0,0.00,acorn:32
beir500k-rq1,neg10_cat11,neg10,58822,acorn,256,3,32,0.9344,0.5312,0.00133,3.163,3.544,3.703,3.114,5529.6,10.0,39644.7,259.2,7.0,7.0,0.0,0.0,0.0,0.0,0.00,acorn:32
beir500k-rq1,neg10_cat11,neg10,58822,acorn,512,1,32,0.9688,0.7188,0.00061,5.038,5.615,6.097,4.983,8998.6,10.0,56980.2,514.9,14.0,13.0,0.0,0.0,0.0,0.0,0.00,acorn:32
beir500k-rq1,neg10_cat11,neg10,58822,acorn,512,2,32,0.9688,0.7188,0.00061,4.976,5.569,6.107,4.959,8998.6,10.0,56980.2,514.9,14.0,13.0,0.0,0.0,0.0,0.0,0.00,acorn:32
beir500k-rq1,neg10_cat11,neg10,58822,acorn,512,3,32,0.9688,0.7188,0.00061,5.146,5.595,5.892,5.028,8998.6,10.0,56980.2,514.9,14.0,13.0,0.0,0.0,0.0,0.0,0.00,acorn:32
beir500k-rq1,neg10_cat12,neg10,60873,sweeping,64,1,66,0.9500,0.5909,0.00045,34.994,57.714,66.689,35.301,87387.0,0.0,33687.7,25167.3,3.0,1114.0,0.0,0.0,0.0,0.0,0.00,sweeping:66
beir500k-rq1,neg10_cat12,neg10,60873,sweeping,64,2,66,0.9500,0.5909,0.00045,38.583,56.416,59.793,35.785,87387.0,0.0,33687.7,25167.3,3.0,1114.0,0.0,0.0,0.0,0.0,0.00,sweeping:66
beir500k-rq1,neg10_cat12,neg10,60873,sweeping,64,3,66,0.9500,0.5909,0.00045,36.447,58.309,59.712,34.672,87387.0,0.0,33687.7,25167.3,3.0,1114.0,0.0,0.0,0.0,0.0,0.00,sweeping:66
beir500k-rq1,neg10_cat12,neg10,60873,sweeping,128,1,66,0.9848,0.8485,0.00013,44.688,65.864,71.913,43.257,104999.8,0.0,41546.5,30284.1,5.0,2394.0,0.0,0.0,0.0,0.0,0.00,sweeping:66
beir500k-rq1,neg10_cat12,neg10,60873,sweeping,128,2,66,0.9848,0.8485,0.00013,44.225,65.889,72.071,42.869,104999.8,0.0,41546.5,30284.1,5.0,2394.0,0.0,0.0,0.0,0.0,0.00,sweeping:66
beir500k-rq1,neg10_cat12,neg10,60873,sweeping,128,3,66,0.9848,0.8485,0.00013,44.187,64.528,68.122,42.501,104999.8,0.0,41546.5,30284.1,5.0,2394.0,0.0,0.0,0.0,0.0,0.00,sweeping:66
beir500k-rq1,neg10_cat12,neg10,60873,sweeping,256,1,66,0.9939,0.9394,0.00006,55.555,76.825,81.217,53.049,127133.3,0.0,51874.2,36732.8,11.0,4238.0,0.0,0.0,0.0,0.0,0.00,sweeping:66
beir500k-rq1,neg10_cat12,neg10,60873,sweeping,256,2,66,0.9939,0.9394,0.00006,53.804,80.203,86.845,53.313,127133.3,0.0,51874.2,36732.8,11.0,4238.0,0.0,0.0,0.0,0.0,0.00,sweeping:66
beir500k-rq1,neg10_cat12,neg10,60873,sweeping,256,3,66,0.9939,0.9394,0.00006,54.341,77.828,85.639,53.083,127133.3,0.0,51874.2,36732.8,11.0,4238.0,0.0,0.0,0.0,0.0,0.00,sweeping:66
beir500k-rq1,neg10_cat12,neg10,60873,sweeping,512,1,66,0.9985,0.9848,0.00003,67.222,93.479,97.780,66.023,155220.4,0.0,65667.8,45256.4,23.0,8011.0,0.0,0.0,0.0,0.0,0.00,sweeping:66
beir500k-rq1,neg10_cat12,neg10,60873,sweeping,512,2,66,0.9985,0.9848,0.00003,64.993,90.328,97.773,66.070,155220.4,0.0,65667.8,45256.4,23.0,8011.0,0.0,0.0,0.0,0.0,0.00,sweeping:66
beir500k-rq1,neg10_cat12,neg10,60873,sweeping,512,3,66,0.9985,0.9848,0.00003,66.446,90.588,96.539,65.523,155220.4,0.0,65667.8,45256.4,23.0,8011.0,0.0,0.0,0.0,0.0,0.00,sweeping:66
beir500k-rq1,neg10_cat12,neg10,60873,pathseer,64,1,66,0.9394,0.5606,0.00064,10.857,19.304,21.290,10.763,14076.4,0.0,57140.0,10689.6,3.0,1060.0,155.2,2.6,33413.7,2.4,0.00,pathseer:66
beir500k-rq1,neg10_cat12,neg10,60873,pathseer,64,2,66,0.9394,0.5606,0.00064,11.349,19.424,20.515,10.936,14076.4,0.0,57140.0,10689.6,3.0,1060.0,155.2,2.6,33413.7,2.4,0.00,pathseer:66
beir500k-rq1,neg10_cat12,neg10,60873,pathseer,64,3,66,0.9394,0.5606,0.00064,11.084,20.988,22.215,11.207,14076.4,0.0,57140.0,10689.6,3.0,1060.0,155.2,2.6,33413.7,2.4,0.00,pathseer:66
beir500k-rq1,neg10_cat12,neg10,60873,pathseer,128,1,66,0.9848,0.8485,0.00014,17.217,27.895,30.717,17.163,22034.0,0.0,76034.9,16071.7,5.0,2394.0,295.8,4.2,39832.9,4.6,0.00,pathseer:66
beir500k-rq1,neg10_cat12,neg10,60873,pathseer,128,2,66,0.9848,0.8485,0.00014,18.142,27.323,31.389,17.292,22034.0,0.0,76034.9,16071.7,5.0,2394.0,295.8,4.2,39832.9,4.6,0.00,pathseer:66
beir500k-rq1,neg10_cat12,neg10,60873,pathseer,128,3,66,0.9848,0.8485,0.00014,17.452,26.233,28.177,16.509,22034.0,0.0,76034.9,16071.7,5.0,2394.0,295.8,4.2,39832.9,4.6,0.00,pathseer:66
beir500k-rq1,neg10_cat12,neg10,60873,pathseer,256,1,66,0.9924,0.9242,0.00007,25.644,35.398,40.204,24.076,32416.0,0.0,99093.0,22518.6,11.0,4238.0,618.7,9.8,47482.4,9.7,0.00,pathseer:66
beir500k-rq1,neg10_cat12,neg10,60873,pathseer,256,2,66,0.9924,0.9242,0.00007,25.715,37.988,42.238,24.714,32416.0,0.0,99093.0,22518.6,11.0,4238.0,618.7,9.8,47482.4,9.7,0.00,pathseer:66
beir500k-rq1,neg10_cat12,neg10,60873,pathseer,256,3,66,0.9924,0.9242,0.00007,27.021,38.028,40.732,25.286,32416.0,0.0,99093.0,22518.6,11.0,4238.0,618.7,9.8,47482.4,9.7,0.00,pathseer:66
beir500k-rq1,neg10_cat12,neg10,60873,pathseer,512,1,66,0.9985,0.9848,0.00003,37.610,51.088,51.969,35.050,46676.6,0.0,129969.1,30561.9,22.0,7921.0,1385.7,18.0,58218.4,21.7,0.00,pathseer:66
beir500k-rq1,neg10_cat12,neg10,60873,pathseer,512,2,66,0.9985,0.9848,0.00003,36.009,48.437,50.566,35.077,46676.6,0.0,129969.1,30561.9,22.0,7921.0,1385.7,18.0,58218.4,21.7,0.00,pathseer:66
beir500k-rq1,neg10_cat12,neg10,60873,pathseer,512,3,66,0.9985,0.9848,0.00003,36.154,49.216,59.806,35.536,46676.6,0.0,129969.1,30561.9,22.0,7921.0,1385.7,18.0,58218.4,21.7,0.00,pathseer:66
beir500k-rq1,neg10_cat12,neg10,60873,ours-no-twohop,64,1,66,0.9409,0.5758,0.00063,11.451,20.150,21.282,11.196,14317.8,0.0,57656.0,10859.9,3.0,1114.0,0.0,0.0,33666.8,0.0,0.00,pathseer:66
beir500k-rq1,neg10_cat12,neg10,60873,ours-no-twohop,64,2,66,0.9409,0.5758,0.00063,11.040,19.400,20.271,10.909,14317.8,0.0,57656.0,10859.9,3.0,1114.0,0.0,0.0,33666.8,0.0,0.00,pathseer:66
beir500k-rq1,neg10_cat12,neg10,60873,ours-no-twohop,64,3,66,0.9409,0.5758,0.00063,10.868,19.605,21.532,11.081,14317.8,0.0,57656.0,10859.9,3.0,1114.0,0.0,0.0,33666.8,0.0,0.00,pathseer:66
beir500k-rq1,neg10_cat12,neg10,60873,ours-no-twohop,128,1,66,0.9848,0.8485,0.00014,17.090,28.634,32.046,16.826,22308.5,0.0,76359.6,16249.4,5.0,2394.0,0.0,0.0,39985.2,0.0,0.00,pathseer:66
beir500k-rq1,neg10_cat12,neg10,60873,ours-no-twohop,128,2,66,0.9848,0.8485,0.00014,17.362,26.313,30.800,16.737,22308.5,0.0,76359.6,16249.4,5.0,2394.0,0.0,0.0,39985.2,0.0,0.00,pathseer:66
beir500k-rq1,neg10_cat12,neg10,60873,ours-no-twohop,128,3,66,0.9848,0.8485,0.00014,17.810,27.499,29.343,16.955,22308.5,0.0,76359.6,16249.4,5.0,2394.0,0.0,0.0,39985.2,0.0,0.00,pathseer:66
beir500k-rq1,neg10_cat12,neg10,60873,ours-no-twohop,256,1,66,0.9924,0.9242,0.00007,25.712,37.692,41.664,24.451,32692.1,0.0,99050.0,22684.4,11.0,4238.0,0.0,0.0,47575.8,0.0,0.00,pathseer:66
beir500k-rq1,neg10_cat12,neg10,60873,ours-no-twohop,256,2,66,0.9924,0.9242,0.00007,25.672,38.735,40.794,25.136,32692.1,0.0,99050.0,22684.4,11.0,4238.0,0.0,0.0,47575.8,0.0,0.00,pathseer:66
beir500k-rq1,neg10_cat12,neg10,60873,ours-no-twohop,256,3,66,0.9924,0.9242,0.00007,26.405,35.916,38.405,24.873,32692.1,0.0,99050.0,22684.4,11.0,4238.0,0.0,0.0,47575.8,0.0,0.00,pathseer:66
beir500k-rq1,neg10_cat12,neg10,60873,ours-no-twohop,512,1,66,0.9985,0.9848,0.00003,36.872,50.295,54.933,35.463,47081.8,0.0,129466.4,30761.8,23.0,8011.0,0.0,0.0,58360.4,0.0,0.00,pathseer:66
beir500k-rq1,neg10_cat12,neg10,60873,ours-no-twohop,512,2,66,0.9985,0.9848,0.00003,37.949,48.666,51.824,35.748,47081.8,0.0,129466.4,30761.8,23.0,8011.0,0.0,0.0,58360.4,0.0,0.00,pathseer:66
beir500k-rq1,neg10_cat12,neg10,60873,ours-no-twohop,512,3,66,0.9985,0.9848,0.00003,36.711,49.510,50.802,35.472,47081.8,0.0,129466.4,30761.8,23.0,8011.0,0.0,0.0,58360.4,0.0,0.00,pathseer:66
beir500k-rq1,neg10_cat12,neg10,60873,ours-guard,64,1,66,0.9439,0.5758,0.00056,11.370,20.681,21.649,11.023,14023.8,0.0,47789.8,10847.5,3.0,1114.0,0.0,0.0,33629.7,0.0,0.00,pathseer:66
beir500k-rq1,neg10_cat12,neg10,60873,ours-guard,64,2,66,0.9439,0.5758,0.00056,10.945,19.062,20.324,10.660,14023.8,0.0,47789.8,10847.5,3.0,1114.0,0.0,0.0,33629.7,0.0,0.00,pathseer:66
beir500k-rq1,neg10_cat12,neg10,60873,ours-guard,64,3,66,0.9439,0.5758,0.00056,11.376,19.670,21.569,11.280,14023.8,0.0,47789.8,10847.5,3.0,1114.0,0.0,0.0,33629.7,0.0,0.00,pathseer:66
beir500k-rq1,neg10_cat12,neg10,60873,ours-guard,128,1,66,0.9848,0.8485,0.00014,17.539,27.361,30.802,17.172,21801.0,0.0,62029.7,16226.0,5.0,2394.0,0.0,0.0,39971.4,0.0,0.00,pathseer:66
beir500k-rq1,neg10_cat12,neg10,60873,ours-guard,128,2,66,0.9848,0.8485,0.00014,16.981,26.835,27.667,16.491,21801.0,0.0,62029.7,16226.0,5.0,2394.0,0.0,0.0,39971.4,0.0,0.00,pathseer:66
beir500k-rq1,neg10_cat12,neg10,60873,ours-guard,128,3,66,0.9848,0.8485,0.00014,17.787,27.483,27.921,16.742,21801.0,0.0,62029.7,16226.0,5.0,2394.0,0.0,0.0,39971.4,0.0,0.00,pathseer:66
beir500k-rq1,neg10_cat12,neg10,60873,ours-guard,256,1,66,0.9924,0.9242,0.00007,25.815,36.876,38.885,23.971,31844.1,0.0,79955.4,22646.0,11.0,4238.0,0.0,0.0,47632.0,0.0,0.00,pathseer:66
beir500k-rq1,neg10_cat12,neg10,60873,ours-guard,256,2,66,0.9924,0.9242,0.00007,25.919,37.294,38.035,23.932,31844.1,0.0,79955.4,22646.0,11.0,4238.0,0.0,0.0,47632.0,0.0,0.00,pathseer:66
beir500k-rq1,neg10_cat12,neg10,60873,ours-guard,256,3,66,0.9924,0.9242,0.00007,25.976,33.865,37.547,23.734,31844.1,0.0,79955.4,22646.0,11.0,4238.0,0.0,0.0,47632.0,0.0,0.00,pathseer:66
beir500k-rq1,neg10_cat12,neg10,60873,ours-guard,512,1,66,0.9985,0.9848,0.00003,36.116,47.189,52.597,34.615,45680.7,0.0,105148.8,30690.3,23.0,8011.0,0.0,0.0,58595.1,0.0,0.00,pathseer:66
beir500k-rq1,neg10_cat12,neg10,60873,ours-guard,512,2,66,0.9985,0.9848,0.00003,36.621,50.213,52.388,35.569,45680.7,0.0,105148.8,30690.3,23.0,8011.0,0.0,0.0,58595.1,0.0,0.00,pathseer:66
beir500k-rq1,neg10_cat12,neg10,60873,ours-guard,512,3,66,0.9985,0.9848,0.00003,37.847,50.319,55.681,35.757,45680.7,0.0,105148.8,30690.3,23.0,8011.0,0.0,0.0,58595.1,0.0,0.00,pathseer:66
beir500k-rq1,neg10_cat12,neg10,60873,acorn,64,1,66,0.7818,0.2273,0.00544,1.031,1.357,1.523,1.049,2249.8,10.0,14316.9,71.1,4.0,4.0,0.0,0.0,0.0,0.0,0.00,acorn:66
beir500k-rq1,neg10_cat12,neg10,60873,acorn,64,2,66,0.7818,0.2273,0.00544,1.038,1.439,1.564,1.067,2249.8,10.0,14316.9,71.1,4.0,4.0,0.0,0.0,0.0,0.0,0.00,acorn:66
beir500k-rq1,neg10_cat12,neg10,60873,acorn,64,3,66,0.7818,0.2273,0.00544,1.022,1.330,1.501,1.045,2249.8,10.0,14316.9,71.1,4.0,4.0,0.0,0.0,0.0,0.0,0.00,acorn:66
beir500k-rq1,neg10_cat12,neg10,60873,acorn,128,1,66,0.8924,0.4697,0.00240,1.729,2.015,2.152,1.730,3760.5,10.0,22997.3,133.2,5.0,5.0,0.0,0.0,0.0,0.0,0.00,acorn:66
beir500k-rq1,neg10_cat12,neg10,60873,acorn,128,2,66,0.8924,0.4697,0.00240,1.711,2.003,2.108,1.713,3760.5,10.0,22997.3,133.2,5.0,5.0,0.0,0.0,0.0,0.0,0.00,acorn:66
beir500k-rq1,neg10_cat12,neg10,60873,acorn,128,3,66,0.8924,0.4697,0.00240,1.724,2.069,2.156,1.731,3760.5,10.0,22997.3,133.2,5.0,5.0,0.0,0.0,0.0,0.0,0.00,acorn:66
beir500k-rq1,neg10_cat12,neg10,60873,acorn,256,1,66,0.9394,0.5606,0.00132,3.058,3.719,4.056,3.049,6280.4,10.0,36433.3,259.9,8.0,8.0,0.0,0.0,0.0,0.0,0.00,acorn:66
beir500k-rq1,neg10_cat12,neg10,60873,acorn,256,2,66,0.9394,0.5606,0.00132,2.983,3.307,3.550,2.939,6280.4,10.0,36433.3,259.9,8.0,8.0,0.0,0.0,0.0,0.0,0.00,acorn:66
beir500k-rq1,neg10_cat12,neg10,60873,acorn,256,3,66,0.9394,0.5606,0.00132,2.959,3.526,3.607,2.948,6280.4,10.0,36433.3,259.9,8.0,8.0,0.0,0.0,0.0,0.0,0.00,acorn:66
beir500k-rq1,neg10_cat12,neg10,60873,acorn,512,1,66,0.9758,0.8030,0.00058,5.355,6.438,7.165,5.259,10278.0,10.0,56659.4,515.4,15.0,15.0,0.0,0.0,0.0,0.0,0.00,acorn:66
beir500k-rq1,neg10_cat12,neg10,60873,acorn,512,2,66,0.9758,0.8030,0.00058,5.215,6.444,7.170,5.366,10278.0,10.0,56659.4,515.4,15.0,15.0,0.0,0.0,0.0,0.0,0.00,acorn:66
beir500k-rq1,neg10_cat12,neg10,60873,acorn,512,3,66,0.9758,0.8030,0.00058,5.047,6.083,6.270,5.060,10278.0,10.0,56659.4,515.4,15.0,15.0,0.0,0.0,0.0,0.0,0.00,acorn:66
beir500k-rq1,neg10_cat13,neg10,62221,sweeping,64,1,54,0.9852,0.8704,0.00010,4.382,12.536,16.058,5.697,23993.5,0.0,5201.8,2849.4,4.0,99.0,0.0,0.0,0.0,0.0,0.00,sweeping:54
beir500k-rq1,neg10_cat13,neg10,62221,sweeping,64,2,54,0.9852,0.8704,0.00010,4.383,12.139,15.279,5.539,23993.5,0.0,5201.8,2849.4,4.0,99.0,0.0,0.0,0.0,0.0,0.00,sweeping:54
beir500k-rq1,neg10_cat13,neg10,62221,sweeping,64,3,54,0.9852,0.8704,0.00010,4.522,12.755,15.015,5.556,23993.5,0.0,5201.8,2849.4,4.0,99.0,0.0,0.0,0.0,0.0,0.00,sweeping:54
beir500k-rq1,neg10_cat13,neg10,62221,sweeping,128,1,54,0.9963,0.9630,0.00003,6.712,19.766,21.702,8.449,34813.2,0.0,8077.9,4442.0,6.0,230.0,0.0,0.0,0.0,0.0,0.00,sweeping:54
beir500k-rq1,neg10_cat13,neg10,62221,sweeping,128,2,54,0.9963,0.9630,0.00003,6.682,18.251,23.241,8.561,34813.2,0.0,8077.9,4442.0,6.0,230.0,0.0,0.0,0.0,0.0,0.00,sweeping:54
beir500k-rq1,neg10_cat13,neg10,62221,sweeping,128,3,54,0.9963,0.9630,0.00003,6.902,18.856,22.213,8.409,34813.2,0.0,8077.9,4442.0,6.0,230.0,0.0,0.0,0.0,0.0,0.00,sweeping:54
beir500k-rq1,neg10_cat13,neg10,62221,sweeping,256,1,54,1.0000,1.0000,0.00000,10.895,30.397,31.279,13.311,51391.9,0.0,12584.3,7109.1,10.0,412.0,0.0,0.0,0.0,0.0,0.00,sweeping:54
beir500k-rq1,neg10_cat13,neg10,62221,sweeping,256,2,54,1.0000,1.0000,0.00000,11.101,29.293,32.431,13.453,51391.9,0.0,12584.3,7109.1,10.0,412.0,0.0,0.0,0.0,0.0,0.00,sweeping:54
beir500k-rq1,neg10_cat13,neg10,62221,sweeping,256,3,54,1.0000,1.0000,0.00000,11.132,30.635,33.134,13.859,51391.9,0.0,12584.3,7109.1,10.0,412.0,0.0,0.0,0.0,0.0,0.00,sweeping:54
beir500k-rq1,neg10_cat13,neg10,62221,sweeping,512,1,54,1.0000,1.0000,0.00000,17.874,47.287,50.594,21.424,75419.6,0.0,19901.3,11325.7,22.0,873.0,0.0,0.0,0.0,0.0,0.00,sweeping:54
beir500k-rq1,neg10_cat13,neg10,62221,sweeping,512,2,54,1.0000,1.0000,0.00000,18.252,46.209,47.913,21.364,75419.6,0.0,19901.3,11325.7,22.0,873.0,0.0,0.0,0.0,0.0,0.00,sweeping:54
beir500k-rq1,neg10_cat13,neg10,62221,sweeping,512,3,54,1.0000,1.0000,0.00000,17.881,46.208,47.676,21.475,75419.6,0.0,19901.3,11325.7,22.0,873.0,0.0,0.0,0.0,0.0,0.00,sweeping:54
beir500k-rq1,neg10_cat13,neg10,62221,pathseer,64,1,54,0.9722,0.8333,0.00028,1.503,4.119,5.273,1.867,3559.9,0.0,14040.7,1335.6,3.0,86.0,161.2,9.9,9829.7,2.5,0.00,pathseer:54
beir500k-rq1,neg10_cat13,neg10,62221,pathseer,64,2,54,0.9722,0.8333,0.00028,1.443,4.289,5.210,1.857,3559.9,0.0,14040.7,1335.6,3.0,86.0,161.2,9.9,9829.7,2.5,0.00,pathseer:54
beir500k-rq1,neg10_cat13,neg10,62221,pathseer,64,3,54,0.9722,0.8333,0.00028,1.520,4.125,5.175,1.852,3559.9,0.0,14040.7,1335.6,3.0,86.0,161.2,9.9,9829.7,2.5,0.00,pathseer:54
beir500k-rq1,neg10_cat13,neg10,62221,pathseer,128,1,54,0.9907,0.9444,0.00012,2.946,6.515,7.786,3.104,5954.5,0.0,21301.5,2267.0,6.0,174.0,295.1,16.1,14261.6,4.6,0.00,pathseer:54
beir500k-rq1,neg10_cat13,neg10,62221,pathseer,128,2,54,0.9907,0.9444,0.00012,3.088,6.282,9.333,3.440,5954.5,0.0,21301.5,2267.0,6.0,174.0,295.1,16.1,14261.6,4.6,0.00,pathseer:54
beir500k-rq1,neg10_cat13,neg10,62221,pathseer,128,3,54,0.9907,0.9444,0.00012,2.730,6.566,7.825,3.129,5954.5,0.0,21301.5,2267.0,6.0,174.0,295.1,16.1,14261.6,4.6,0.00,pathseer:54
beir500k-rq1,neg10_cat13,neg10,62221,pathseer,256,1,54,1.0000,1.0000,0.00000,4.834,9.717,13.215,5.367,9972.0,0.0,32260.4,3830.7,10.0,409.0,566.5,30.2,20486.2,8.9,0.00,pathseer:54
beir500k-rq1,neg10_cat13,neg10,62221,pathseer,256,2,54,1.0000,1.0000,0.00000,4.767,10.136,13.008,5.413,9972.0,0.0,32260.4,3830.7,10.0,409.0,566.5,30.2,20486.2,8.9,0.00,pathseer:54
beir500k-rq1,neg10_cat13,neg10,62221,pathseer,256,3,54,1.0000,1.0000,0.00000,4.801,9.884,12.274,5.341,9972.0,0.0,32260.4,3830.7,10.0,409.0,566.5,30.2,20486.2,8.9,0.00,pathseer:54
beir500k-rq1,neg10_cat13,neg10,62221,pathseer,512,1,54,1.0000,1.0000,0.00000,8.793,18.545,18.878,9.379,16548.4,0.0,48765.0,6413.3,19.0,796.0,1174.5,71.9,29124.0,18.4,0.00,pathseer:54
beir500k-rq1,neg10_cat13,neg10,62221,pathseer,512,2,54,1.0000,1.0000,0.00000,8.481,16.721,18.368,8.962,16548.4,0.0,48765.0,6413.3,19.0,796.0,1174.5,71.9,29124.0,18.4,0.00,pathseer:54
beir500k-rq1,neg10_cat13,neg10,62221,pathseer,512,3,54,1.0000,1.0000,0.00000,8.396,17.271,19.517,9.091,16548.4,0.0,48765.0,6413.3,19.0,796.0,1174.5,71.9,29124.0,18.4,0.00,pathseer:54
beir500k-rq1,neg10_cat13,neg10,62221,ours-no-twohop,64,1,54,0.9722,0.8333,0.00028,1.645,4.043,5.281,1.908,3764.7,0.0,14527.0,1411.4,4.0,99.0,0.0,0.0,10182.6,0.0,0.00,pathseer:54
beir500k-rq1,neg10_cat13,neg10,62221,ours-no-twohop,64,2,54,0.9722,0.8333,0.00028,1.666,4.294,5.440,1.972,3764.7,0.0,14527.0,1411.4,4.0,99.0,0.0,0.0,10182.6,0.0,0.00,pathseer:54
beir500k-rq1,neg10_cat13,neg10,62221,ours-no-twohop,64,3,54,0.9722,0.8333,0.00028,1.644,4.061,5.318,1.912,3764.7,0.0,14527.0,1411.4,4.0,99.0,0.0,0.0,10182.6,0.0,0.00,pathseer:54
beir500k-rq1,neg10_cat13,neg10,62221,ours-no-twohop,128,1,54,0.9907,0.9444,0.00012,3.081,6.387,8.596,3.335,6198.9,0.0,21717.1,2357.3,6.0,230.0,0.0,0.0,14613.2,0.0,0.00,pathseer:54
beir500k-rq1,neg10_cat13,neg10,62221,ours-no-twohop,128,2,54,0.9907,0.9444,0.00012,3.170,7.106,8.611,3.360,6198.9,0.0,21717.1,2357.3,6.0,230.0,0.0,0.0,14613.2,0.0,0.00,pathseer:54
beir500k-rq1,neg10_cat13,neg10,62221,ours-no-twohop,128,3,54,0.9907,0.9444,0.00012,2.948,6.334,8.724,3.390,6198.9,0.0,21717.1,2357.3,6.0,230.0,0.0,0.0,14613.2,0.0,0.00,pathseer:54
beir500k-rq1,neg10_cat13,neg10,62221,ours-no-twohop,256,1,54,1.0000,1.0000,0.00000,4.849,9.658,12.378,5.364,10289.6,0.0,32520.5,3942.0,10.0,412.0,0.0,0.0,20843.1,0.0,0.00,pathseer:54
beir500k-rq1,neg10_cat13,neg10,62221,ours-no-twohop,256,2,54,1.0000,1.0000,0.00000,5.029,9.953,12.436,5.381,10289.6,0.0,32520.5,3942.0,10.0,412.0,0.0,0.0,20843.1,0.0,0.00,pathseer:54
beir500k-rq1,neg10_cat13,neg10,62221,ours-no-twohop,256,3,54,1.0000,1.0000,0.00000,4.923,11.409,13.547,5.570,10289.6,0.0,32520.5,3942.0,10.0,412.0,0.0,0.0,20843.1,0.0,0.00,pathseer:54
beir500k-rq1,neg10_cat13,neg10,62221,ours-no-twohop,512,1,54,1.0000,1.0000,0.00000,9.072,16.993,19.759,9.479,17108.8,0.0,49000.3,6619.1,22.0,873.0,0.0,0.0,29646.4,0.0,0.00,pathseer:54
beir500k-rq1,neg10_cat13,neg10,62221,ours-no-twohop,512,2,54,1.0000,1.0000,0.00000,8.621,17.321,18.445,9.199,17108.8,0.0,49000.3,6619.1,22.0,873.0,0.0,0.0,29646.4,0.0,0.00,pathseer:54
beir500k-rq1,neg10_cat13,neg10,62221,ours-no-twohop,512,3,54,1.0000,1.0000,0.00000,8.847,17.848,20.717,9.444,17108.8,0.0,49000.3,6619.1,22.0,873.0,0.0,0.0,29646.4,0.0,0.00,pathseer:54
beir500k-rq1,neg10_cat13,neg10,62221,ours-guard,64,1,54,0.9722,0.8333,0.00028,1.745,4.385,6.059,2.068,3421.1,0.0,13752.2,1394.9,4.0,99.0,0.0,0.0,10237.3,0.0,0.00,pathseer:54
beir500k-rq1,neg10_cat13,neg10,62221,ours-guard,64,2,54,0.9722,0.8333,0.00028,1.719,4.042,5.670,1.978,3421.1,0.0,13752.2,1394.9,4.0,99.0,0.0,0.0,10237.3,0.0,0.00,pathseer:54
beir500k-rq1,neg10_cat13,neg10,62221,ours-guard,64,3,54,0.9722,0.8333,0.00028,1.776,4.667,5.921,2.075,3421.1,0.0,13752.2,1394.9,4.0,99.0,0.0,0.0,10237.3,0.0,0.00,pathseer:54
beir500k-rq1,neg10_cat13,neg10,62221,ours-guard,128,1,54,0.9907,0.9259,0.00010,2.691,6.086,7.793,3.089,5625.3,0.0,20545.5,2326.3,6.0,230.0,0.0,0.0,14743.2,0.0,0.00,pathseer:54
beir500k-rq1,neg10_cat13,neg10,62221,ours-guard,128,2,54,0.9907,0.9259,0.00010,2.656,6.310,7.774,3.090,5625.3,0.0,20545.5,2326.3,6.0,230.0,0.0,0.0,14743.2,0.0,0.00,pathseer:54
beir500k-rq1,neg10_cat13,neg10,62221,ours-guard,128,3,54,0.9907,0.9259,0.00010,2.631,6.162,8.092,3.145,5625.3,0.0,20545.5,2326.3,6.0,230.0,0.0,0.0,14743.2,0.0,0.00,pathseer:54
beir500k-rq1,neg10_cat13,neg10,62221,ours-guard,256,1,54,0.9981,0.9815,0.00000,4.743,10.247,12.535,5.361,9300.5,0.0,30669.1,3884.2,10.0,412.0,0.0,0.0,21041.7,0.0,0.00,pathseer:54
beir500k-rq1,neg10_cat13,neg10,62221,ours-guard,256,2,54,0.9981,0.9815,0.00000,4.736,9.470,11.898,5.140,9300.5,0.0,30669.1,3884.2,10.0,412.0,0.0,0.0,21041.7,0.0,0.00,pathseer:54
beir500k-rq1,neg10_cat13,neg10,62221,ours-guard,256,3,54,0.9981,0.9815,0.00000,4.710,9.598,12.647,5.275,9300.5,0.0,30669.1,3884.2,10.0,412.0,0.0,0.0,21041.7,0.0,0.00,pathseer:54
beir500k-rq1,neg10_cat13,neg10,62221,ours-guard,512,1,54,0.9981,0.9815,0.00000,8.555,16.633,19.295,9.030,15472.4,0.0,46174.1,6527.1,22.0,873.0,0.0,0.0,30099.4,0.0,0.00,pathseer:54
beir500k-rq1,neg10_cat13,neg10,62221,ours-guard,512,2,54,0.9981,0.9815,0.00000,8.742,16.894,19.150,9.205,15472.4,0.0,46174.1,6527.1,22.0,873.0,0.0,0.0,30099.4,0.0,0.00,pathseer:54
beir500k-rq1,neg10_cat13,neg10,62221,ours-guard,512,3,54,0.9981,0.9815,0.00000,8.445,16.809,18.468,8.973,15472.4,0.0,46174.1,6527.1,22.0,873.0,0.0,0.0,30099.4,0.0,0.00,pathseer:54
beir500k-rq1,neg10_cat13,neg10,62221,acorn,64,1,54,0.9352,0.5741,0.00105,0.963,1.237,1.843,0.960,1593.9,10.0,11969.6,68.3,3.0,3.0,0.0,0.0,0.0,0.0,0.00,acorn:53|rre:1
beir500k-rq1,neg10_cat13,neg10,62221,acorn,64,2,54,0.9352,0.5741,0.00105,0.975,1.298,1.843,0.967,1593.9,10.0,11969.6,68.3,3.0,3.0,0.0,0.0,0.0,0.0,0.00,acorn:53|rre:1
beir500k-rq1,neg10_cat13,neg10,62221,acorn,64,3,54,0.9352,0.5741,0.00105,0.981,1.260,1.898,0.996,1593.9,10.0,11969.6,68.3,3.0,3.0,0.0,0.0,0.0,0.0,0.00,acorn:53|rre:1
beir500k-rq1,neg10_cat13,neg10,62221,acorn,128,1,54,0.9630,0.7407,0.00057,1.621,2.222,2.610,1.652,2627.1,10.0,18543.8,131.6,5.0,5.0,0.0,0.0,0.0,0.0,0.00,acorn:53|rre:1
beir500k-rq1,neg10_cat13,neg10,62221,acorn,128,2,54,0.9630,0.7407,0.00057,1.612,2.298,2.554,1.615,2627.1,10.0,18543.8,131.6,5.0,5.0,0.0,0.0,0.0,0.0,0.00,acorn:53|rre:1
beir500k-rq1,neg10_cat13,neg10,62221,acorn,128,3,54,0.9630,0.7407,0.00057,1.600,2.318,2.520,1.636,2627.1,10.0,18543.8,131.6,5.0,5.0,0.0,0.0,0.0,0.0,0.00,acorn:53|rre:1
beir500k-rq1,neg10_cat13,neg10,62221,acorn,256,1,54,0.9833,0.8704,0.00025,2.625,3.490,3.950,2.565,4332.8,10.0,29222.1,258.6,10.0,9.0,0.0,0.0,0.0,0.0,0.00,acorn:53|rre:1
beir500k-rq1,neg10_cat13,neg10,62221,acorn,256,2,54,0.9833,0.8704,0.00025,2.585,3.475,3.931,2.551,4332.8,10.0,29222.1,258.6,10.0,9.0,0.0,0.0,0.0,0.0,0.00,acorn:53|rre:1
beir500k-rq1,neg10_cat13,neg10,62221,acorn,256,3,54,0.9833,0.8704,0.00025,2.649,3.704,5.735,2.754,4332.8,10.0,29222.1,258.6,10.0,9.0,0.0,0.0,0.0,0.0,0.00,acorn:53|rre:1
beir500k-rq1,neg10_cat13,neg10,62221,acorn,512,1,54,0.9889,0.9074,0.00017,4.540,5.937,6.434,4.489,7178.3,10.0,46225.5,515.0,20.0,20.0,0.0,0.0,0.0,0.0,0.00,acorn:53|rre:1
beir500k-rq1,neg10_cat13,neg10,62221,acorn,512,2,54,0.9889,0.9074,0.00017,4.551,5.929,6.627,4.602,7178.3,10.0,46225.5,515.0,20.0,20.0,0.0,0.0,0.0,0.0,0.00,acorn:53|rre:1
beir500k-rq1,neg10_cat13,neg10,62221,acorn,512,3,54,0.9889,0.9074,0.00017,4.513,6.277,6.483,4.499,7178.3,10.0,46225.5,515.0,20.0,20.0,0.0,0.0,0.0,0.0,0.00,acorn:53|rre:1
beir500k-rq1,neg10_cat14,neg10,63772,sweeping,64,1,6,0.9167,0.5000,0.00086,15.792,21.682,21.682,14.169,50272.5,0.0,16256.8,9206.2,4.0,714.0,0.0,0.0,0.0,0.0,0.00,sweeping:6
beir500k-rq1,neg10_cat14,neg10,63772,sweeping,64,2,6,0.9167,0.5000,0.00086,15.173,20.465,20.465,13.669,50272.5,0.0,16256.8,9206.2,4.0,714.0,0.0,0.0,0.0,0.0,0.00,sweeping:6
beir500k-rq1,neg10_cat14,neg10,63772,sweeping,64,3,6,0.9167,0.5000,0.00086,17.939,25.209,25.209,16.501,50272.5,0.0,16256.8,9206.2,4.0,714.0,0.0,0.0,0.0,0.0,0.00,sweeping:6
beir500k-rq1,neg10_cat14,neg10,63772,sweeping,128,1,6,0.9333,0.5000,0.00060,22.977,30.612,30.612,21.321,66754.5,0.0,23319.7,13155.3,6.0,1299.0,0.0,0.0,0.0,0.0,0.00,sweeping:6
beir500k-rq1,neg10_cat14,neg10,63772,sweeping,128,2,6,0.9333,0.5000,0.00060,22.674,31.282,31.282,21.751,66754.5,0.0,23319.7,13155.3,6.0,1299.0,0.0,0.0,0.0,0.0,0.00,sweeping:6
beir500k-rq1,neg10_cat14,neg10,63772,sweeping,128,3,6,0.9333,0.5000,0.00060,21.954,29.782,29.782,20.731,66754.5,0.0,23319.7,13155.3,6.0,1299.0,0.0,0.0,0.0,0.0,0.00,sweeping:6
beir500k-rq1,neg10_cat14,neg10,63772,sweeping,256,1,6,0.9667,0.6667,0.00025,30.724,37.204,37.204,28.831,87979.5,0.0,33268.5,18082.0,12.0,2819.0,0.0,0.0,0.0,0.0,0.00,sweeping:6
beir500k-rq1,neg10_cat14,neg10,63772,sweeping,256,2,6,0.9667,0.6667,0.00025,32.404,39.209,39.209,30.144,87979.5,0.0,33268.5,18082.0,12.0,2819.0,0.0,0.0,0.0,0.0,0.00,sweeping:6
beir500k-rq1,neg10_cat14,neg10,63772,sweeping,256,3,6,0.9667,0.6667,0.00025,31.489,37.209,37.209,28.672,87979.5,0.0,33268.5,18082.0,12.0,2819.0,0.0,0.0,0.0,0.0,0.00,sweeping:6
beir500k-rq1,neg10_cat14,neg10,63772,sweeping,512,1,6,1.0000,1.0000,0.00000,44.062,52.796,52.796,41.648,117658.2,0.0,47766.7,24772.8,22.0,5149.0,0.0,0.0,0.0,0.0,0.00,sweeping:6
beir500k-rq1,neg10_cat14,neg10,63772,sweeping,512,2,6,1.0000,1.0000,0.00000,42.495,49.938,49.938,39.965,117658.2,0.0,47766.7,24772.8,22.0,5149.0,0.0,0.0,0.0,0.0,0.00,sweeping:6
beir500k-rq1,neg10_cat14,neg10,63772,sweeping,512,3,6,1.0000,1.0000,0.00000,43.887,56.582,56.582,41.978,117658.2,0.0,47766.7,24772.8,22.0,5149.0,0.0,0.0,0.0,0.0,0.00,sweeping:6
beir500k-rq1,neg10_cat14,neg10,63772,pathseer,64,1,6,0.9167,0.5000,0.00086,5.047,9.260,9.260,5.515,9563.3,0.0,38773.5,5252.7,4.0,712.0,170.7,2.3,24447.8,2.7,0.00,pathseer:6
beir500k-rq1,neg10_cat14,neg10,63772,pathseer,64,2,6,0.9167,0.5000,0.00086,5.323,9.081,9.081,5.610,9563.3,0.0,38773.5,5252.7,4.0,712.0,170.7,2.3,24447.8,2.7,0.00,pathseer:6
beir500k-rq1,neg10_cat14,neg10,63772,pathseer,64,3,6,0.9167,0.5000,0.00086,5.011,9.100,9.100,5.424,9563.3,0.0,38773.5,5252.7,4.0,712.0,170.7,2.3,24447.8,2.7,0.00,pathseer:6
beir500k-rq1,neg10_cat14,neg10,63772,pathseer,128,1,6,0.9167,0.5000,0.00086,8.854,13.660,13.660,9.051,15112.2,0.0,53429.0,8279.8,6.0,1299.0,341.3,4.2,30884.8,5.3,0.00,pathseer:6
beir500k-rq1,neg10_cat14,neg10,63772,pathseer,128,2,6,0.9167,0.5000,0.00086,8.523,14.052,14.052,8.935,15112.2,0.0,53429.0,8279.8,6.0,1299.0,341.3,4.2,30884.8,5.3,0.00,pathseer:6
beir500k-rq1,neg10_cat14,neg10,63772,pathseer,128,3,6,0.9167,0.5000,0.00086,8.785,14.602,14.602,9.132,15112.2,0.0,53429.0,8279.8,6.0,1299.0,341.3,4.2,30884.8,5.3,0.00,pathseer:6
beir500k-rq1,neg10_cat14,neg10,63772,pathseer,256,1,6,0.9500,0.6667,0.00052,15.582,23.063,23.063,15.693,24189.7,0.0,72918.0,12744.5,11.0,2819.0,608.0,6.0,37722.3,9.5,0.00,pathseer:6
beir500k-rq1,neg10_cat14,neg10,63772,pathseer,256,2,6,0.9500,0.6667,0.00052,14.476,21.342,21.342,14.440,24189.7,0.0,72918.0,12744.5,11.0,2819.0,608.0,6.0,37722.3,9.5,0.00,pathseer:6
beir500k-rq1,neg10_cat14,neg10,63772,pathseer,256,3,6,0.9500,0.6667,0.00052,15.208,21.393,21.393,14.874,24189.7,0.0,72918.0,12744.5,11.0,2819.0,608.0,6.0,37722.3,9.5,0.00,pathseer:6
beir500k-rq1,neg10_cat14,neg10,63772,pathseer,512,1,6,0.9833,0.8333,0.00026,24.044,30.448,30.448,23.075,37933.3,0.0,100180.0,18401.3,21.0,5008.0,1280.0,21.7,47285.7,20.0,0.00,pathseer:6
beir500k-rq1,neg10_cat14,neg10,63772,pathseer,512,2,6,0.9833,0.8333,0.00026,24.223,30.068,30.068,22.820,37933.3,0.0,100180.0,18401.3,21.0,5008.0,1280.0,21.7,47285.7,20.0,0.00,pathseer:6
beir500k-rq1,neg10_cat14,neg10,63772,pathseer,512,3,6,0.9833,0.8333,0.00026,22.812,29.883,29.883,22.400,37933.3,0.0,100180.0,18401.3,21.0,5008.0,1280.0,21.7,47285.7,20.0,0.00,pathseer:6
beir500k-rq1,neg10_cat14,neg10,63772,ours-no-twohop,64,1,6,0.9167,0.5000,0.00086,5.283,9.593,9.593,5.688,9653.5,0.0,38744.2,5305.5,4.0,714.0,0.0,0.0,24438.5,0.0,0.00,pathseer:6
beir500k-rq1,neg10_cat14,neg10,63772,ours-no-twohop,64,2,6,0.9167,0.5000,0.00086,4.859,9.226,9.226,5.374,9653.5,0.0,38744.2,5305.5,4.0,714.0,0.0,0.0,24438.5,0.0,0.00,pathseer:6
beir500k-rq1,neg10_cat14,neg10,63772,ours-no-twohop,64,3,6,0.9167,0.5000,0.00086,4.881,8.788,8.788,5.286,9653.5,0.0,38744.2,5305.5,4.0,714.0,0.0,0.0,24438.5,0.0,0.00,pathseer:6
beir500k-rq1,neg10_cat14,neg10,63772,ours-no-twohop,128,1,6,0.9167,0.5000,0.00086,9.093,14.238,14.238,9.191,15210.3,0.0,53257.2,8312.2,6.0,1299.0,0.0,0.0,30909.8,0.0,0.00,pathseer:6
beir500k-rq1,neg10_cat14,neg10,63772,ours-no-twohop,128,2,6,0.9167,0.5000,0.00086,9.406,15.624,15.624,9.741,15210.3,0.0,53257.2,8312.2,6.0,1299.0,0.0,0.0,30909.8,0.0,0.00,pathseer:6
beir500k-rq1,neg10_cat14,neg10,63772,ours-no-twohop,128,3,6,0.9167,0.5000,0.00086,10.170,18.087,18.087,10.695,15210.3,0.0,53257.2,8312.2,6.0,1299.0,0.0,0.0,30909.8,0.0,0.00,pathseer:6
beir500k-rq1,neg10_cat14,neg10,63772,ours-no-twohop,256,1,6,0.9500,0.6667,0.00052,14.611,24.166,24.166,15.158,24288.7,0.0,72497.0,12776.5,12.0,2819.0,0.0,0.0,37732.7,0.0,0.00,pathseer:6
beir500k-rq1,neg10_cat14,neg10,63772,ours-no-twohop,256,2,6,0.9500,0.6667,0.00052,18.174,22.707,22.707,16.949,24288.7,0.0,72497.0,12776.5,12.0,2819.0,0.0,0.0,37732.7,0.0,0.00,pathseer:6
beir500k-rq1,neg10_cat14,neg10,63772,ours-no-twohop,256,3,6,0.9500,0.6667,0.00052,15.906,23.435,23.435,15.645,24288.7,0.0,72497.0,12776.5,12.0,2819.0,0.0,0.0,37732.7,0.0,0.00,pathseer:6
beir500k-rq1,neg10_cat14,neg10,63772,ours-no-twohop,512,1,6,0.9833,0.8333,0.00026,24.326,32.011,32.011,23.900,37315.2,0.0,98603.3,18552.0,22.0,5149.0,0.0,0.0,47343.5,0.0,0.00,pathseer:6
beir500k-rq1,neg10_cat14,neg10,63772,ours-no-twohop,512,2,6,0.9833,0.8333,0.00026,23.572,30.831,30.831,23.008,37315.2,0.0,98603.3,18552.0,22.0,5149.0,0.0,0.0,47343.5,0.0,0.00,pathseer:6
beir500k-rq1,neg10_cat14,neg10,63772,ours-no-twohop,512,3,6,0.9833,0.8333,0.00026,24.002,30.834,30.834,23.439,37315.2,0.0,98603.3,18552.0,22.0,5149.0,0.0,0.0,47343.5,0.0,0.00,pathseer:6
beir500k-rq1,neg10_cat14,neg10,63772,ours-guard,64,1,6,0.9167,0.5000,0.00086,5.484,10.339,10.339,5.892,9400.7,0.0,34028.2,5286.7,4.0,714.0,0.0,0.0,24539.5,0.0,0.00,pathseer:6
beir500k-rq1,neg10_cat14,neg10,63772,ours-guard,64,2,6,0.9167,0.5000,0.00086,5.426,9.714,9.714,5.691,9400.7,0.0,34028.2,5286.7,4.0,714.0,0.0,0.0,24539.5,0.0,0.00,pathseer:6
beir500k-rq1,neg10_cat14,neg10,63772,ours-guard,64,3,6,0.9167,0.5000,0.00086,5.609,9.824,9.824,5.828,9400.7,0.0,34028.2,5286.7,4.0,714.0,0.0,0.0,24539.5,0.0,0.00,pathseer:6
beir500k-rq1,neg10_cat14,neg10,63772,ours-guard,128,1,6,0.9167,0.5000,0.00086,9.181,14.449,14.449,9.412,14831.5,0.0,46115.8,8288.0,6.0,1299.0,0.0,0.0,31118.3,0.0,0.00,pathseer:6
beir500k-rq1,neg10_cat14,neg10,63772,ours-guard,128,2,6,0.9167,0.5000,0.00086,8.886,14.698,14.698,9.237,14831.5,0.0,46115.8,8288.0,6.0,1299.0,0.0,0.0,31118.3,0.0,0.00,pathseer:6
beir500k-rq1,neg10_cat14,neg10,63772,ours-guard,128,3,6,0.9167,0.5000,0.00086,8.842,13.932,13.932,8.966,14831.5,0.0,46115.8,8288.0,6.0,1299.0,0.0,0.0,31118.3,0.0,0.00,pathseer:6
beir500k-rq1,neg10_cat14,neg10,63772,ours-guard,256,1,6,0.9500,0.6667,0.00052,14.201,20.180,20.180,13.914,23678.7,0.0,62149.2,12758.2,12.0,2819.0,0.0,0.0,38148.3,0.0,0.00,pathseer:6
beir500k-rq1,neg10_cat14,neg10,63772,ours-guard,256,2,6,0.9500,0.6667,0.00052,14.937,20.822,20.822,14.467,23678.7,0.0,62149.2,12758.2,12.0,2819.0,0.0,0.0,38148.3,0.0,0.00,pathseer:6
beir500k-rq1,neg10_cat14,neg10,63772,ours-guard,256,3,6,0.9500,0.6667,0.00052,14.161,20.919,20.919,14.063,23678.7,0.0,62149.2,12758.2,12.0,2819.0,0.0,0.0,38148.3,0.0,0.00,pathseer:6
beir500k-rq1,neg10_cat14,neg10,63772,ours-guard,512,1,6,0.9833,0.8333,0.00026,23.421,28.719,28.719,22.111,36322.0,0.0,84891.2,18542.0,22.0,5149.0,0.0,0.0,47925.8,0.0,0.00,pathseer:6
beir500k-rq1,neg10_cat14,neg10,63772,ours-guard,512,2,6,0.9833,0.8333,0.00026,23.617,29.546,29.546,22.452,36322.0,0.0,84891.2,18542.0,22.0,5149.0,0.0,0.0,47925.8,0.0,0.00,pathseer:6
beir500k-rq1,neg10_cat14,neg10,63772,ours-guard,512,3,6,0.9833,0.8333,0.00026,24.741,33.743,33.743,24.564,36322.0,0.0,84891.2,18542.0,22.0,5149.0,0.0,0.0,47925.8,0.0,0.00,pathseer:6
beir500k-rq1,neg10_cat14,neg10,63772,acorn,64,1,6,0.8000,0.3333,0.00595,0.948,1.227,1.227,0.917,1377.7,10.0,14832.3,73.0,6.0,6.0,0.0,0.0,0.0,0.0,0.00,acorn:6
beir500k-rq1,neg10_cat14,neg10,63772,acorn,64,2,6,0.8000,0.3333,0.00595,0.942,1.243,1.243,0.902,1377.7,10.0,14832.3,73.0,6.0,6.0,0.0,0.0,0.0,0.0,0.00,acorn:6
beir500k-rq1,neg10_cat14,neg10,63772,acorn,64,3,6,0.8000,0.3333,0.00595,0.974,1.217,1.217,0.902,1377.7,10.0,14832.3,73.0,6.0,6.0,0.0,0.0,0.0,0.0,0.00,acorn:6
beir500k-rq1,neg10_cat14,neg10,63772,acorn,128,1,6,0.8333,0.3333,0.00528,1.426,1.688,1.688,1.363,2168.5,10.0,20952.5,136.2,10.0,8.0,0.0,0.0,0.0,0.0,0.00,acorn:6
beir500k-rq1,neg10_cat14,neg10,63772,acorn,128,2,6,0.8333,0.3333,0.00528,1.437,1.728,1.728,1.372,2168.5,10.0,20952.5,136.2,10.0,8.0,0.0,0.0,0.0,0.0,0.00,acorn:6
beir500k-rq1,neg10_cat14,neg10,63772,acorn,128,3,6,0.8333,0.3333,0.00528,1.487,1.700,1.700,1.389,2168.5,10.0,20952.5,136.2,10.0,8.0,0.0,0.0,0.0,0.0,0.00,acorn:6
beir500k-rq1,neg10_cat14,neg10,63772,acorn,256,1,6,0.8833,0.3333,0.00197,2.782,3.034,3.034,2.546,3639.3,10.0,30464.8,263.3,15.0,15.0,0.0,0.0,0.0,0.0,0.00,acorn:6
beir500k-rq1,neg10_cat14,neg10,63772,acorn,256,2,6,0.8833,0.3333,0.00197,2.786,3.477,3.477,2.817,3639.3,10.0,30464.8,263.3,15.0,15.0,0.0,0.0,0.0,0.0,0.00,acorn:6
beir500k-rq1,neg10_cat14,neg10,63772,acorn,256,3,6,0.8833,0.3333,0.00197,2.667,3.322,3.322,2.770,3639.3,10.0,30464.8,263.3,15.0,15.0,0.0,0.0,0.0,0.0,0.00,acorn:6
beir500k-rq1,neg10_cat14,neg10,63772,acorn,512,1,6,0.9500,0.6667,0.00051,3.947,4.393,4.393,3.894,6553.2,10.0,44459.5,519.8,31.0,27.0,0.0,0.0,0.0,0.0,0.00,acorn:6
beir500k-rq1,neg10_cat14,neg10,63772,acorn,512,2,6,0.9500,0.6667,0.00051,3.811,4.588,4.588,3.740,6553.2,10.0,44459.5,519.8,31.0,27.0,0.0,0.0,0.0,0.0,0.00,acorn:6
beir500k-rq1,neg10_cat14,neg10,63772,acorn,512,3,6,0.9500,0.6667,0.00051,3.860,4.288,4.288,3.726,6553.2,10.0,44459.5,519.8,31.0,27.0,0.0,0.0,0.0,0.0,0.00,acorn:6
beir500k-rq1,neg10_cat15,neg10,63900,sweeping,64,1,84,0.9488,0.6548,0.00100,3.188,11.879,15.172,4.647,20962.6,0.0,4119.3,1984.4,4.0,55.0,0.0,0.0,0.0,0.0,0.00,sweeping:84
beir500k-rq1,neg10_cat15,neg10,63900,sweeping,64,2,84,0.9488,0.6548,0.00100,3.226,12.115,15.626,4.745,20962.6,0.0,4119.3,1984.4,4.0,55.0,0.0,0.0,0.0,0.0,0.00,sweeping:84
beir500k-rq1,neg10_cat15,neg10,63900,sweeping,64,3,84,0.9488,0.6548,0.00100,3.110,12.333,15.560,4.662,20962.6,0.0,4119.3,1984.4,4.0,55.0,0.0,0.0,0.0,0.0,0.00,sweeping:84
beir500k-rq1,neg10_cat15,neg10,63900,sweeping,128,1,84,0.9726,0.8571,0.00057,4.917,16.955,24.633,7.036,30742.7,0.0,6592.2,3067.2,6.0,105.0,0.0,0.0,0.0,0.0,0.00,sweeping:84
beir500k-rq1,neg10_cat15,neg10,63900,sweeping,128,2,84,0.9726,0.8571,0.00057,4.898,16.985,24.345,7.134,30742.7,0.0,6592.2,3067.2,6.0,105.0,0.0,0.0,0.0,0.0,0.00,sweeping:84
beir500k-rq1,neg10_cat15,neg10,63900,sweeping,128,3,84,0.9726,0.8571,0.00057,5.205,17.307,24.837,7.120,30742.7,0.0,6592.2,3067.2,6.0,105.0,0.0,0.0,0.0,0.0,0.00,sweeping:84
beir500k-rq1,neg10_cat15,neg10,63900,sweeping,256,1,84,0.9917,0.9167,0.00022,7.509,25.648,37.154,10.900,45318.7,0.0,10554.1,4818.9,11.0,199.0,0.0,0.0,0.0,0.0,0.00,sweeping:84
beir500k-rq1,neg10_cat15,neg10,63900,sweeping,256,2,84,0.9917,0.9167,0.00022,8.269,27.637,37.505,11.191,45318.7,0.0,10554.1,4818.9,11.0,199.0,0.0,0.0,0.0,0.0,0.00,sweeping:84
beir500k-rq1,neg10_cat15,neg10,63900,sweeping,256,3,84,0.9917,0.9167,0.00022,7.730,26.629,36.457,10.875,45318.7,0.0,10554.1,4818.9,11.0,199.0,0.0,0.0,0.0,0.0,0.00,sweeping:84
beir500k-rq1,neg10_cat15,neg10,63900,sweeping,512,1,84,0.9976,0.9762,0.00003,13.314,40.334,76.214,17.424,66692.4,0.0,16884.3,7682.0,25.0,372.0,0.0,0.0,0.0,0.0,0.00,sweeping:84
beir500k-rq1,neg10_cat15,neg10,63900,sweeping,512,2,84,0.9976,0.9762,0.00003,13.361,40.962,54.353,17.045,66692.4,0.0,16884.3,7682.0,25.0,372.0,0.0,0.0,0.0,0.0,0.00,sweeping:84
beir500k-rq1,neg10_cat15,neg10,63900,sweeping,512,3,84,0.9976,0.9762,0.00003,13.988,45.081,55.907,17.758,66692.4,0.0,16884.3,7682.0,25.0,372.0,0.0,0.0,0.0,0.0,0.00,sweeping:84
beir500k-rq1,neg10_cat15,neg10,63900,pathseer,64,1,84,0.9262,0.5595,0.00165,1.053,3.462,7.796,1.563,3170.6,0.0,10048.2,838.3,3.0,46.0,154.7,14.2,6989.0,2.4,0.00,pathseer:84
beir500k-rq1,neg10_cat15,neg10,63900,pathseer,64,2,84,0.9262,0.5595,0.00165,1.056,3.451,7.764,1.576,3170.6,0.0,10048.2,838.3,3.0,46.0,154.7,14.2,6989.0,2.4,0.00,pathseer:84
beir500k-rq1,neg10_cat15,neg10,63900,pathseer,64,3,84,0.9262,0.5595,0.00165,1.029,3.164,7.436,1.547,3170.6,0.0,10048.2,838.3,3.0,46.0,154.7,14.2,6989.0,2.4,0.00,pathseer:84
beir500k-rq1,neg10_cat15,neg10,63900,pathseer,128,1,84,0.9655,0.7738,0.00062,1.995,5.486,12.222,2.637,5497.8,0.0,15795.3,1414.0,5.0,91.0,275.8,26.0,10602.1,4.3,0.00,pathseer:84
beir500k-rq1,neg10_cat15,neg10,63900,pathseer,128,2,84,0.9655,0.7738,0.00062,1.824,5.379,12.229,2.625,5497.8,0.0,15795.3,1414.0,5.0,91.0,275.8,26.0,10602.1,4.3,0.00,pathseer:84
beir500k-rq1,neg10_cat15,neg10,63900,pathseer,128,3,84,0.9655,0.7738,0.00062,1.837,5.277,12.761,2.593,5497.8,0.0,15795.3,1414.0,5.0,91.0,275.8,26.0,10602.1,4.3,0.00,pathseer:84
beir500k-rq1,neg10_cat15,neg10,63900,pathseer,256,1,84,0.9893,0.9048,0.00024,3.344,8.686,18.992,4.339,9400.7,0.0,24646.8,2350.5,9.0,188.0,566.1,50.3,15858.8,8.8,0.00,pathseer:84
beir500k-rq1,neg10_cat15,neg10,63900,pathseer,256,2,84,0.9893,0.9048,0.00024,3.175,8.585,18.608,4.347,9400.7,0.0,24646.8,2350.5,9.0,188.0,566.1,50.3,15858.8,8.8,0.00,pathseer:84
beir500k-rq1,neg10_cat15,neg10,63900,pathseer,256,3,84,0.9893,0.9048,0.00024,3.324,8.733,18.898,4.409,9400.7,0.0,24646.8,2350.5,9.0,188.0,566.1,50.3,15858.8,8.8,0.00,pathseer:84
beir500k-rq1,neg10_cat15,neg10,63900,pathseer,512,1,84,0.9964,0.9643,0.00003,5.764,15.597,27.082,7.357,15848.1,0.0,38648.8,3928.4,20.0,338.0,1209.9,117.2,23764.8,18.9,0.00,pathseer:84
beir500k-rq1,neg10_cat15,neg10,63900,pathseer,512,2,84,0.9964,0.9643,0.00003,5.724,14.483,27.004,7.271,15848.1,0.0,38648.8,3928.4,20.0,338.0,1209.9,117.2,23764.8,18.9,0.00,pathseer:84
beir500k-rq1,neg10_cat15,neg10,63900,pathseer,512,3,84,0.9964,0.9643,0.00003,5.667,14.485,26.238,7.318,15848.1,0.0,38648.8,3928.4,20.0,338.0,1209.9,117.2,23764.8,18.9,0.00,pathseer:84
beir500k-rq1,neg10_cat15,neg10,63900,ours-no-twohop,64,1,84,0.9238,0.5476,0.00185,1.061,3.197,7.475,1.555,3327.6,0.0,10403.1,882.0,4.0,55.0,0.0,0.0,7286.3,0.0,0.00,pathseer:84
beir500k-rq1,neg10_cat15,neg10,63900,ours-no-twohop,64,2,84,0.9238,0.5476,0.00185,1.105,3.295,7.501,1.551,3327.6,0.0,10403.1,882.0,4.0,55.0,0.0,0.0,7286.3,0.0,0.00,pathseer:84
beir500k-rq1,neg10_cat15,neg10,63900,ours-no-twohop,64,3,84,0.9238,0.5476,0.00185,1.072,3.295,7.478,1.589,3327.6,0.0,10403.1,882.0,4.0,55.0,0.0,0.0,7286.3,0.0,0.00,pathseer:84
beir500k-rq1,neg10_cat15,neg10,63900,ours-no-twohop,128,1,84,0.9655,0.7738,0.00062,1.908,5.294,11.916,2.586,5688.6,0.0,16038.8,1461.9,6.0,105.0,0.0,0.0,10865.4,0.0,0.00,pathseer:84
beir500k-rq1,neg10_cat15,neg10,63900,ours-no-twohop,128,2,84,0.9655,0.7738,0.00062,1.877,5.209,12.006,2.592,5688.6,0.0,16038.8,1461.9,6.0,105.0,0.0,0.0,10865.4,0.0,0.00,pathseer:84
beir500k-rq1,neg10_cat15,neg10,63900,ours-no-twohop,128,3,84,0.9655,0.7738,0.00062,1.961,5.589,12.779,2.728,5688.6,0.0,16038.8,1461.9,6.0,105.0,0.0,0.0,10865.4,0.0,0.00,pathseer:84
beir500k-rq1,neg10_cat15,neg10,63900,ours-no-twohop,256,1,84,0.9893,0.9048,0.00024,3.403,8.760,18.332,4.424,9741.9,0.0,24996.1,2437.5,11.0,199.0,0.0,0.0,16295.7,0.0,0.00,pathseer:84
beir500k-rq1,neg10_cat15,neg10,63900,ours-no-twohop,256,2,84,0.9893,0.9048,0.00024,3.323,8.319,18.189,4.329,9741.9,0.0,24996.1,2437.5,11.0,199.0,0.0,0.0,16295.7,0.0,0.00,pathseer:84
beir500k-rq1,neg10_cat15,neg10,63900,ours-no-twohop,256,3,84,0.9893,0.9048,0.00024,3.564,8.449,18.993,4.390,9741.9,0.0,24996.1,2437.5,11.0,199.0,0.0,0.0,16295.7,0.0,0.00,pathseer:84
beir500k-rq1,neg10_cat15,neg10,63900,ours-no-twohop,512,1,84,0.9964,0.9643,0.00003,6.224,15.488,25.955,7.621,16431.0,0.0,38962.3,4084.9,25.0,372.0,0.0,0.0,24420.9,0.0,0.00,pathseer:84
beir500k-rq1,neg10_cat15,neg10,63900,ours-no-twohop,512,2,84,0.9964,0.9643,0.00003,5.853,14.249,27.440,7.491,16431.0,0.0,38962.3,4084.9,25.0,372.0,0.0,0.0,24420.9,0.0,0.00,pathseer:84
beir500k-rq1,neg10_cat15,neg10,63900,ours-no-twohop,512,3,84,0.9964,0.9643,0.00003,6.016,14.641,26.471,7.478,16431.0,0.0,38962.3,4084.9,25.0,372.0,0.0,0.0,24420.9,0.0,0.00,pathseer:84
beir500k-rq1,neg10_cat15,neg10,63900,ours-guard,64,1,84,0.9214,0.5119,0.00191,1.080,3.439,7.626,1.562,2853.4,0.0,10354.6,861.7,4.0,55.0,0.0,0.0,7392.2,0.0,0.00,pathseer:84
beir500k-rq1,neg10_cat15,neg10,63900,ours-guard,64,2,84,0.9214,0.5119,0.00191,0.985,3.133,7.173,1.452,2853.4,0.0,10354.6,861.7,4.0,55.0,0.0,0.0,7392.2,0.0,0.00,pathseer:84
beir500k-rq1,neg10_cat15,neg10,63900,ours-guard,64,3,84,0.9214,0.5119,0.00191,1.012,3.116,7.323,1.485,2853.4,0.0,10354.6,861.7,4.0,55.0,0.0,0.0,7392.2,0.0,0.00,pathseer:84
beir500k-rq1,neg10_cat15,neg10,63900,ours-guard,128,1,84,0.9631,0.7500,0.00064,1.773,5.316,12.452,2.518,4885.5,0.0,16165.1,1428.6,6.0,105.0,0.0,0.0,11067.2,0.0,0.00,pathseer:84
beir500k-rq1,neg10_cat15,neg10,63900,ours-guard,128,2,84,0.9631,0.7500,0.00064,1.671,5.198,11.978,2.458,4885.5,0.0,16165.1,1428.6,6.0,105.0,0.0,0.0,11067.2,0.0,0.00,pathseer:84
beir500k-rq1,neg10_cat15,neg10,63900,ours-guard,128,3,84,0.9631,0.7500,0.00064,1.719,5.150,11.844,2.462,4885.5,0.0,16165.1,1428.6,6.0,105.0,0.0,0.0,11067.2,0.0,0.00,pathseer:84
beir500k-rq1,neg10_cat15,neg10,63900,ours-guard,256,1,84,0.9833,0.8571,0.00037,3.120,8.391,18.383,4.208,8419.9,0.0,25551.2,2384.0,11.0,199.0,0.0,0.0,16727.9,0.0,0.00,pathseer:84
beir500k-rq1,neg10_cat15,neg10,63900,ours-guard,256,2,84,0.9833,0.8571,0.00037,3.293,8.196,19.094,4.220,8419.9,0.0,25551.2,2384.0,11.0,199.0,0.0,0.0,16727.9,0.0,0.00,pathseer:84
beir500k-rq1,neg10_cat15,neg10,63900,ours-guard,256,3,84,0.9833,0.8571,0.00037,3.058,8.186,17.731,4.143,8419.9,0.0,25551.2,2384.0,11.0,199.0,0.0,0.0,16727.9,0.0,0.00,pathseer:84
beir500k-rq1,neg10_cat15,neg10,63900,ours-guard,512,1,84,0.9940,0.9405,0.00006,5.814,14.149,26.291,7.228,14272.3,0.0,40218.5,3984.2,25.0,372.0,0.0,0.0,25174.8,0.0,0.00,pathseer:84
beir500k-rq1,neg10_cat15,neg10,63900,ours-guard,512,2,84,0.9940,0.9405,0.00006,5.523,14.323,25.658,7.213,14272.3,0.0,40218.5,3984.2,25.0,372.0,0.0,0.0,25174.8,0.0,0.00,pathseer:84
beir500k-rq1,neg10_cat15,neg10,63900,ours-guard,512,3,84,0.9940,0.9405,0.00006,5.546,13.881,24.850,7.063,14272.3,0.0,40218.5,3984.2,25.0,372.0,0.0,0.0,25174.8,0.0,0.00,pathseer:84
beir500k-rq1,neg10_cat15,neg10,63900,acorn,64,1,84,0.8821,0.4524,0.00341,1.166,1.666,1.749,1.156,2494.4,10.0,13073.4,68.2,3.0,3.0,0.0,0.0,0.0,0.0,0.00,acorn:78|rre:6
beir500k-rq1,neg10_cat15,neg10,63900,acorn,64,2,84,0.8821,0.4524,0.00341,1.140,1.621,1.736,1.136,2494.4,10.0,13073.4,68.2,3.0,3.0,0.0,0.0,0.0,0.0,0.00,acorn:78|rre:6
beir500k-rq1,neg10_cat15,neg10,63900,acorn,64,3,84,0.8821,0.4524,0.00341,1.143,1.652,1.696,1.138,2494.4,10.0,13073.4,68.2,3.0,3.0,0.0,0.0,0.0,0.0,0.00,acorn:78|rre:6
beir500k-rq1,neg10_cat15,neg10,63900,acorn,128,1,84,0.9333,0.6190,0.00153,1.847,2.513,2.755,1.813,4088.7,10.0,20162.1,131.1,4.0,4.0,0.0,0.0,0.0,0.0,0.00,acorn:78|rre:6
beir500k-rq1,neg10_cat15,neg10,63900,acorn,128,2,84,0.9333,0.6190,0.00153,1.859,2.547,2.661,1.828,4088.7,10.0,20162.1,131.1,4.0,4.0,0.0,0.0,0.0,0.0,0.00,acorn:78|rre:6
beir500k-rq1,neg10_cat15,neg10,63900,acorn,128,3,84,0.9333,0.6190,0.00153,1.876,2.555,2.684,1.824,4088.7,10.0,20162.1,131.1,4.0,4.0,0.0,0.0,0.0,0.0,0.00,acorn:78|rre:6
beir500k-rq1,neg10_cat15,neg10,63900,acorn,256,1,84,0.9714,0.7619,0.00082,3.140,4.227,4.311,3.046,6671.0,10.0,31088.4,259.0,6.0,6.0,0.0,0.0,0.0,0.0,0.00,acorn:78|rre:6
beir500k-rq1,neg10_cat15,neg10,63900,acorn,256,2,84,0.9714,0.7619,0.00082,3.099,4.061,4.314,3.017,6671.0,10.0,31088.4,259.0,6.0,6.0,0.0,0.0,0.0,0.0,0.00,acorn:78|rre:6
beir500k-rq1,neg10_cat15,neg10,63900,acorn,256,3,84,0.9714,0.7619,0.00082,3.093,4.066,4.330,3.005,6671.0,10.0,31088.4,259.0,6.0,6.0,0.0,0.0,0.0,0.0,0.00,acorn:78|rre:6
beir500k-rq1,neg10_cat15,neg10,63900,acorn,512,1,84,0.9869,0.8810,0.00040,5.318,6.604,7.209,5.073,10669.2,10.0,46786.8,514.6,11.0,11.0,0.0,0.0,0.0,0.0,0.00,acorn:78|rre:6
beir500k-rq1,neg10_cat15,neg10,63900,acorn,512,2,84,0.9869,0.8810,0.00040,5.201,6.727,7.167,5.118,10669.2,10.0,46786.8,514.6,11.0,11.0,0.0,0.0,0.0,0.0,0.00,acorn:78|rre:6
beir500k-rq1,neg10_cat15,neg10,63900,acorn,512,3,84,0.9869,0.8810,0.00040,5.262,6.658,6.879,5.115,10669.2,10.0,46786.8,514.6,11.0,11.0,0.0,0.0,0.0,0.0,0.00,acorn:78|rre:6
beir500k-rq1,neg10_cat16,neg10,51796,sweeping,64,1,42,0.9714,0.8333,0.00033,5.860,12.846,14.261,6.634,24572.9,0.0,7244.0,4777.2,4.0,198.0,0.0,0.0,0.0,0.0,0.00,sweeping:42
beir500k-rq1,neg10_cat16,neg10,51796,sweeping,64,2,42,0.9714,0.8333,0.00033,6.124,13.063,14.211,6.580,24572.9,0.0,7244.0,4777.2,4.0,198.0,0.0,0.0,0.0,0.0,0.00,sweeping:42
beir500k-rq1,neg10_cat16,neg10,51796,sweeping,64,3,42,0.9714,0.8333,0.00033,6.151,13.437,14.709,6.916,24572.9,0.0,7244.0,4777.2,4.0,198.0,0.0,0.0,0.0,0.0,0.00,sweeping:42
beir500k-rq1,neg10_cat16,neg10,51796,sweeping,128,1,42,0.9929,0.9286,0.00008,9.569,16.445,17.940,9.175,31252.8,0.0,10174.7,6695.4,7.0,474.0,0.0,0.0,0.0,0.0,0.00,sweeping:42
beir500k-rq1,neg10_cat16,neg10,51796,sweeping,128,2,42,0.9929,0.9286,0.00008,9.218,17.186,18.578,9.433,31252.8,0.0,10174.7,6695.4,7.0,474.0,0.0,0.0,0.0,0.0,0.00,sweeping:42
beir500k-rq1,neg10_cat16,neg10,51796,sweeping,128,3,42,0.9929,0.9286,0.00008,9.034,17.146,19.318,9.315,31252.8,0.0,10174.7,6695.4,7.0,474.0,0.0,0.0,0.0,0.0,0.00,sweeping:42
beir500k-rq1,neg10_cat16,neg10,51796,sweeping,256,1,42,1.0000,1.0000,0.00000,13.841,22.924,25.076,13.357,40175.1,0.0,14291.6,9473.4,15.0,754.0,0.0,0.0,0.0,0.0,0.00,sweeping:42
beir500k-rq1,neg10_cat16,neg10,51796,sweeping,256,2,42,1.0000,1.0000,0.00000,13.168,21.507,22.923,12.778,40175.1,0.0,14291.6,9473.4,15.0,754.0,0.0,0.0,0.0,0.0,0.00,sweeping:42
beir500k-rq1,neg10_cat16,neg10,51796,sweeping,256,3,42,1.0000,1.0000,0.00000,14.488,23.101,24.467,13.505,40175.1,0.0,14291.6,9473.4,15.0,754.0,0.0,0.0,0.0,0.0,0.00,sweeping:42
beir500k-rq1,neg10_cat16,neg10,51796,sweeping,512,1,42,1.0000,1.0000,0.00000,19.849,28.038,30.575,18.653,52939.9,0.0,20084.4,13476.7,33.0,1464.0,0.0,0.0,0.0,0.0,0.00,sweeping:42
beir500k-rq1,neg10_cat16,neg10,51796,sweeping,512,2,42,1.0000,1.0000,0.00000,18.960,29.245,30.804,18.685,52939.9,0.0,20084.4,13476.7,33.0,1464.0,0.0,0.0,0.0,0.0,0.00,sweeping:42
beir500k-rq1,neg10_cat16,neg10,51796,sweeping,512,3,42,1.0000,1.0000,0.00000,19.356,30.253,30.945,19.010,52939.9,0.0,20084.4,13476.7,33.0,1464.0,0.0,0.0,0.0,0.0,0.00,sweeping:42
beir500k-rq1,neg10_cat16,neg10,51796,pathseer,64,1,42,0.9690,0.8095,0.00038,1.891,3.648,3.734,2.079,3799.7,0.0,15747.4,1774.4,4.0,174.0,197.5,6.6,10709.4,3.1,0.00,pathseer:42
beir500k-rq1,neg10_cat16,neg10,51796,pathseer,64,2,42,0.9690,0.8095,0.00038,1.990,3.793,3.916,2.186,3799.7,0.0,15747.4,1774.4,4.0,174.0,197.5,6.6,10709.4,3.1,0.00,pathseer:42
beir500k-rq1,neg10_cat16,neg10,51796,pathseer,64,3,42,0.9690,0.8095,0.00038,1.832,3.651,3.742,2.076,3799.7,0.0,15747.4,1774.4,4.0,174.0,197.5,6.6,10709.4,3.1,0.00,pathseer:42
beir500k-rq1,neg10_cat16,neg10,51796,pathseer,128,1,42,0.9929,0.9286,0.00009,3.531,6.169,6.260,3.650,6558.5,0.0,23410.3,3109.2,7.0,414.0,369.7,11.2,14639.3,5.8,0.00,pathseer:42
beir500k-rq1,neg10_cat16,neg10,51796,pathseer,128,2,42,0.9929,0.9286,0.00009,3.459,6.218,7.072,3.778,6558.5,0.0,23410.3,3109.2,7.0,414.0,369.7,11.2,14639.3,5.8,0.00,pathseer:42
beir500k-rq1,neg10_cat16,neg10,51796,pathseer,128,3,42,0.9929,0.9286,0.00009,3.613,6.622,7.113,3.833,6558.5,0.0,23410.3,3109.2,7.0,414.0,369.7,11.2,14639.3,5.8,0.00,pathseer:42
beir500k-rq1,neg10_cat16,neg10,51796,pathseer,256,1,42,0.9976,0.9762,0.00002,5.951,9.995,10.495,6.052,10736.0,0.0,33321.5,5176.3,14.0,708.0,816.1,27.1,18854.9,12.8,0.00,pathseer:42
beir500k-rq1,neg10_cat16,neg10,51796,pathseer,256,2,42,0.9976,0.9762,0.00002,6.312,10.112,11.718,6.288,10736.0,0.0,33321.5,5176.3,14.0,708.0,816.1,27.1,18854.9,12.8,0.00,pathseer:42
beir500k-rq1,neg10_cat16,neg10,51796,pathseer,256,3,42,0.9976,0.9762,0.00002,6.254,10.476,11.005,6.197,10736.0,0.0,33321.5,5176.3,14.0,708.0,816.1,27.1,18854.9,12.8,0.00,pathseer:42
beir500k-rq1,neg10_cat16,neg10,51796,pathseer,512,1,42,1.0000,1.0000,0.00000,9.728,15.927,16.411,9.953,17334.7,0.0,46966.5,8448.1,28.0,1365.0,1841.7,62.0,23374.1,28.8,0.00,pathseer:42
beir500k-rq1,neg10_cat16,neg10,51796,pathseer,512,2,42,1.0000,1.0000,0.00000,10.400,15.964,16.633,10.237,17334.7,0.0,46966.5,8448.1,28.0,1365.0,1841.7,62.0,23374.1,28.8,0.00,pathseer:42
beir500k-rq1,neg10_cat16,neg10,51796,pathseer,512,3,42,1.0000,1.0000,0.00000,10.297,16.456,16.648,10.281,17334.7,0.0,46966.5,8448.1,28.0,1365.0,1841.7,62.0,23374.1,28.8,0.00,pathseer:42
beir500k-rq1,neg10_cat16,neg10,51796,ours-no-twohop,64,1,42,0.9690,0.8095,0.00038,2.142,3.742,4.218,2.240,3964.0,0.0,16061.9,1860.0,4.0,198.0,0.0,0.0,10957.2,0.0,0.00,pathseer:42
beir500k-rq1,neg10_cat16,neg10,51796,ours-no-twohop,64,2,42,0.9690,0.8095,0.00038,2.107,3.781,4.053,2.195,3964.0,0.0,16061.9,1860.0,4.0,198.0,0.0,0.0,10957.2,0.0,0.00,pathseer:42
beir500k-rq1,neg10_cat16,neg10,51796,ours-no-twohop,64,3,42,0.9690,0.8095,0.00038,2.198,3.781,4.010,2.231,3964.0,0.0,16061.9,1860.0,4.0,198.0,0.0,0.0,10957.2,0.0,0.00,pathseer:42
beir500k-rq1,neg10_cat16,neg10,51796,ours-no-twohop,128,1,42,0.9929,0.9286,0.00009,3.664,6.696,7.299,3.932,6741.0,0.0,23501.1,3199.2,7.0,474.0,0.0,0.0,14797.1,0.0,0.00,pathseer:42
beir500k-rq1,neg10_cat16,neg10,51796,ours-no-twohop,128,2,42,0.9929,0.9286,0.00009,3.654,6.365,6.532,3.795,6741.0,0.0,23501.1,3199.2,7.0,474.0,0.0,0.0,14797.1,0.0,0.00,pathseer:42
beir500k-rq1,neg10_cat16,neg10,51796,ours-no-twohop,128,3,42,0.9929,0.9286,0.00009,3.651,6.016,6.514,3.757,6741.0,0.0,23501.1,3199.2,7.0,474.0,0.0,0.0,14797.1,0.0,0.00,pathseer:42
beir500k-rq1,neg10_cat16,neg10,51796,ours-no-twohop,256,1,42,0.9976,0.9762,0.00002,6.268,9.992,10.319,6.142,10968.1,0.0,33055.7,5281.2,15.0,754.0,0.0,0.0,18978.3,0.0,0.00,pathseer:42
beir500k-rq1,neg10_cat16,neg10,51796,ours-no-twohop,256,2,42,0.9976,0.9762,0.00002,6.391,10.777,12.069,6.464,10968.1,0.0,33055.7,5281.2,15.0,754.0,0.0,0.0,18978.3,0.0,0.00,pathseer:42
beir500k-rq1,neg10_cat16,neg10,51796,ours-no-twohop,256,3,42,0.9976,0.9762,0.00002,6.685,10.311,10.829,6.475,10968.1,0.0,33055.7,5281.2,15.0,754.0,0.0,0.0,18978.3,0.0,0.00,pathseer:42
beir500k-rq1,neg10_cat16,neg10,51796,ours-no-twohop,512,1,42,1.0000,1.0000,0.00000,10.408,16.525,17.875,10.441,17717.0,0.0,45967.6,8633.0,33.0,1464.0,0.0,0.0,23376.2,0.0,0.00,pathseer:42
beir500k-rq1,neg10_cat16,neg10,51796,ours-no-twohop,512,2,42,1.0000,1.0000,0.00000,10.305,15.972,17.860,10.425,17717.0,0.0,45967.6,8633.0,33.0,1464.0,0.0,0.0,23376.2,0.0,0.00,pathseer:42
beir500k-rq1,neg10_cat16,neg10,51796,ours-no-twohop,512,3,42,1.0000,1.0000,0.00000,10.901,16.885,18.455,10.596,17717.0,0.0,45967.6,8633.0,33.0,1464.0,0.0,0.0,23376.2,0.0,0.00,pathseer:42
beir500k-rq1,neg10_cat16,neg10,51796,ours-guard,64,1,42,0.9690,0.8095,0.00038,2.294,4.342,4.731,2.396,3660.0,0.0,14838.8,1845.2,4.0,198.0,0.0,0.0,11078.0,0.0,0.00,pathseer:42
beir500k-rq1,neg10_cat16,neg10,51796,ours-guard,64,2,42,0.9690,0.8095,0.00038,2.026,3.992,4.088,2.188,3660.0,0.0,14838.8,1845.2,4.0,198.0,0.0,0.0,11078.0,0.0,0.00,pathseer:42
beir500k-rq1,neg10_cat16,neg10,51796,ours-guard,64,3,42,0.9690,0.8095,0.00038,2.060,3.589,3.836,2.073,3660.0,0.0,14838.8,1845.2,4.0,198.0,0.0,0.0,11078.0,0.0,0.00,pathseer:42
beir500k-rq1,neg10_cat16,neg10,51796,ours-guard,128,1,42,0.9929,0.9286,0.00009,3.480,6.052,6.513,3.648,6238.6,0.0,21450.0,3177.0,7.0,474.0,0.0,0.0,15030.5,0.0,0.00,pathseer:42
beir500k-rq1,neg10_cat16,neg10,51796,ours-guard,128,2,42,0.9929,0.9286,0.00009,3.365,5.900,6.461,3.582,6238.6,0.0,21450.0,3177.0,7.0,474.0,0.0,0.0,15030.5,0.0,0.00,pathseer:42
beir500k-rq1,neg10_cat16,neg10,51796,ours-guard,128,3,42,0.9929,0.9286,0.00009,3.644,6.455,7.434,3.895,6238.6,0.0,21450.0,3177.0,7.0,474.0,0.0,0.0,15030.5,0.0,0.00,pathseer:42
beir500k-rq1,neg10_cat16,neg10,51796,ours-guard,256,1,42,0.9976,0.9762,0.00002,6.376,10.083,10.716,6.100,10105.4,0.0,29842.4,5242.4,15.0,754.0,0.0,0.0,19420.0,0.0,0.00,pathseer:42
beir500k-rq1,neg10_cat16,neg10,51796,ours-guard,256,2,42,0.9976,0.9762,0.00002,6.074,9.671,10.310,5.993,10105.4,0.0,29842.4,5242.4,15.0,754.0,0.0,0.0,19420.0,0.0,0.00,pathseer:42
beir500k-rq1,neg10_cat16,neg10,51796,ours-guard,256,3,42,0.9976,0.9762,0.00002,6.026,10.136,11.138,6.003,10105.4,0.0,29842.4,5242.4,15.0,754.0,0.0,0.0,19420.0,0.0,0.00,pathseer:42
beir500k-rq1,neg10_cat16,neg10,51796,ours-guard,512,1,42,1.0000,1.0000,0.00000,10.004,15.543,16.830,9.859,16247.2,0.0,40936.5,8564.9,33.0,1464.0,0.0,0.0,24129.8,0.0,0.00,pathseer:42
beir500k-rq1,neg10_cat16,neg10,51796,ours-guard,512,2,42,1.0000,1.0000,0.00000,10.547,16.382,17.270,10.310,16247.2,0.0,40936.5,8564.9,33.0,1464.0,0.0,0.0,24129.8,0.0,0.00,pathseer:42
beir500k-rq1,neg10_cat16,neg10,51796,ours-guard,512,3,42,1.0000,1.0000,0.00000,9.971,15.824,18.231,9.923,16247.2,0.0,40936.5,8564.9,33.0,1464.0,0.0,0.0,24129.8,0.0,0.00,pathseer:42
beir500k-rq1,neg10_cat16,neg10,51796,acorn,64,1,42,0.9452,0.6667,0.00072,0.854,1.173,1.337,0.884,1692.0,10.0,10204.7,67.1,3.0,3.0,0.0,0.0,0.0,0.0,0.00,acorn:42
beir500k-rq1,neg10_cat16,neg10,51796,acorn,64,2,42,0.9452,0.6667,0.00072,0.828,1.135,1.189,0.823,1692.0,10.0,10204.7,67.1,3.0,3.0,0.0,0.0,0.0,0.0,0.00,acorn:42
beir500k-rq1,neg10_cat16,neg10,51796,acorn,64,3,42,0.9452,0.6667,0.00072,0.828,1.139,1.270,0.832,1692.0,10.0,10204.7,67.1,3.0,3.0,0.0,0.0,0.0,0.0,0.00,acorn:42
beir500k-rq1,neg10_cat16,neg10,51796,acorn,128,1,42,0.9810,0.8571,0.00026,1.273,1.782,1.848,1.313,2765.0,10.0,16260.5,130.7,4.0,4.0,0.0,0.0,0.0,0.0,0.00,acorn:42
beir500k-rq1,neg10_cat16,neg10,51796,acorn,128,2,42,0.9810,0.8571,0.00026,1.380,1.852,2.105,1.411,2765.0,10.0,16260.5,130.7,4.0,4.0,0.0,0.0,0.0,0.0,0.00,acorn:42
beir500k-rq1,neg10_cat16,neg10,51796,acorn,128,3,42,0.9810,0.8571,0.00026,1.353,1.831,1.926,1.383,2765.0,10.0,16260.5,130.7,4.0,4.0,0.0,0.0,0.0,0.0,0.00,acorn:42
beir500k-rq1,neg10_cat16,neg10,51796,acorn,256,1,42,0.9952,0.9524,0.00010,2.701,3.480,3.603,2.728,4530.0,10.0,25711.6,258.9,8.0,8.0,0.0,0.0,0.0,0.0,0.00,acorn:42
beir500k-rq1,neg10_cat16,neg10,51796,acorn,256,2,42,0.9952,0.9524,0.00010,2.382,2.934,3.202,2.415,4530.0,10.0,25711.6,258.9,8.0,8.0,0.0,0.0,0.0,0.0,0.00,acorn:42
beir500k-rq1,neg10_cat16,neg10,51796,acorn,256,3,42,0.9952,0.9524,0.00010,2.301,3.101,3.191,2.394,4530.0,10.0,25711.6,258.9,8.0,8.0,0.0,0.0,0.0,0.0,0.00,acorn:42
beir500k-rq1,neg10_cat16,neg10,51796,acorn,512,1,42,0.9976,0.9762,0.00006,3.929,5.000,5.127,4.005,7246.8,10.0,39809.2,514.4,16.0,16.0,0.0,0.0,0.0,0.0,0.00,acorn:42
beir500k-rq1,neg10_cat16,neg10,51796,acorn,512,2,42,0.9976,0.9762,0.00006,3.991,4.901,5.194,4.017,7246.8,10.0,39809.2,514.4,16.0,16.0,0.0,0.0,0.0,0.0,0.00,acorn:42
beir500k-rq1,neg10_cat16,neg10,51796,acorn,512,3,42,0.9976,0.9762,0.00006,3.814,4.933,5.232,3.990,7246.8,10.0,39809.2,514.4,16.0,16.0,0.0,0.0,0.0,0.0,0.00,acorn:42
beir500k-rq1,neg10_cat17,neg10,62171,sweeping,64,1,45,0.9156,0.4444,0.00099,11.388,23.207,34.393,12.180,48003.6,0.0,12325.0,6045.6,4.0,251.0,0.0,0.0,0.0,0.0,0.00,sweeping:45
beir500k-rq1,neg10_cat17,neg10,62171,sweeping,64,2,45,0.9133,0.4444,0.00099,11.622,23.616,63.753,12.952,48003.6,0.0,12325.0,6045.6,4.0,251.0,0.0,0.0,0.0,0.0,0.00,sweeping:45
beir500k-rq1,neg10_cat17,neg10,62171,sweeping,64,3,45,0.9156,0.4444,0.00099,11.437,23.964,33.442,12.028,48003.6,0.0,12325.0,6045.6,4.0,251.0,0.0,0.0,0.0,0.0,0.00,sweeping:45
beir500k-rq1,neg10_cat17,neg10,62171,sweeping,128,1,45,0.9578,0.6667,0.00048,17.546,35.294,45.039,17.716,65005.2,0.0,17918.4,8622.8,6.0,493.0,0.0,0.0,0.0,0.0,0.00,sweeping:45
beir500k-rq1,neg10_cat17,neg10,62171,sweeping,128,2,45,0.9578,0.6667,0.00048,16.912,32.137,42.924,17.338,65005.2,0.0,17918.4,8622.8,6.0,493.0,0.0,0.0,0.0,0.0,0.00,sweeping:45
beir500k-rq1,neg10_cat17,neg10,62171,sweeping,128,3,45,0.9556,0.6667,0.00048,16.899,33.794,42.198,17.400,65005.2,0.0,17918.4,8622.8,6.0,493.0,0.0,0.0,0.0,0.0,0.00,sweeping:45
beir500k-rq1,neg10_cat17,neg10,62171,sweeping,256,1,45,0.9867,0.8889,0.00008,23.214,44.349,53.914,24.501,88376.9,0.0,25951.8,12354.9,11.0,947.0,0.0,0.0,0.0,0.0,0.00,sweeping:45
beir500k-rq1,neg10_cat17,neg10,62171,sweeping,256,2,45,0.9844,0.8889,0.00008,23.734,44.512,52.630,24.441,88376.9,0.0,25951.8,12354.9,11.0,947.0,0.0,0.0,0.0,0.0,0.00,sweeping:45
beir500k-rq1,neg10_cat17,neg10,62171,sweeping,256,3,45,0.9800,0.8889,0.00008,23.647,45.832,53.031,24.565,88376.9,0.0,25951.8,12354.9,11.0,947.0,0.0,0.0,0.0,0.0,0.00,sweeping:45
beir500k-rq1,neg10_cat17,neg10,62171,sweeping,512,1,45,0.9844,0.9556,0.00002,34.474,62.887,67.351,35.548,121506.5,0.0,37601.4,18167.0,24.0,1617.0,0.0,0.0,0.0,0.0,0.00,sweeping:45
beir500k-rq1,neg10_cat17,neg10,62171,sweeping,512,2,45,0.9844,0.9556,0.00002,34.400,63.881,70.290,35.736,121506.5,0.0,37601.4,18167.0,24.0,1617.0,0.0,0.0,0.0,0.0,0.00,sweeping:45
beir500k-rq1,neg10_cat17,neg10,62171,sweeping,512,3,45,0.9889,0.9556,0.00002,34.082,64.306,67.236,35.366,121506.5,0.0,37601.4,18167.0,24.0,1617.0,0.0,0.0,0.0,0.0,0.00,sweeping:45
beir500k-rq1,neg10_cat17,neg10,62171,pathseer,64,1,45,0.8889,0.4444,0.00140,3.373,10.151,17.174,4.219,6574.7,0.0,28309.0,2946.1,4.0,238.0,167.8,5.5,19697.1,2.6,0.00,pathseer:45
beir500k-rq1,neg10_cat17,neg10,62171,pathseer,64,2,45,0.8889,0.4444,0.00140,3.235,9.989,16.624,4.039,6574.7,0.0,28309.0,2946.1,4.0,238.0,167.8,5.5,19697.1,2.6,0.00,pathseer:45
beir500k-rq1,neg10_cat17,neg10,62171,pathseer,64,3,45,0.8911,0.4444,0.00140,3.266,10.138,16.029,4.027,6574.7,0.0,28309.0,2946.1,4.0,238.0,167.8,5.5,19697.1,2.6,0.00,pathseer:45
beir500k-rq1,neg10_cat17,neg10,62171,pathseer,128,1,45,0.9422,0.6000,0.00069,5.557,14.006,21.849,6.455,11062.3,0.0,41274.8,4704.2,6.0,481.0,301.5,10.6,27182.9,4.7,0.00,pathseer:45
beir500k-rq1,neg10_cat17,neg10,62171,pathseer,128,2,45,0.9378,0.6000,0.00069,5.881,14.974,22.909,6.843,11062.3,0.0,41274.8,4704.2,6.0,481.0,301.5,10.6,27182.9,4.7,0.00,pathseer:45
beir500k-rq1,neg10_cat17,neg10,62171,pathseer,128,3,45,0.9400,0.6000,0.00069,5.659,14.019,21.909,6.523,11062.3,0.0,41274.8,4704.2,6.0,481.0,301.5,10.6,27182.9,4.7,0.00,pathseer:45
beir500k-rq1,neg10_cat17,neg10,62171,pathseer,256,1,45,0.9756,0.8444,0.00016,9.718,20.763,30.393,10.493,18077.5,0.0,58991.4,7270.7,11.0,919.0,600.2,21.2,36619.2,9.4,0.00,pathseer:45
beir500k-rq1,neg10_cat17,neg10,62171,pathseer,256,2,45,0.9778,0.8444,0.00016,9.757,19.830,30.588,10.313,18077.5,0.0,58991.4,7270.7,11.0,919.0,600.2,21.2,36619.2,9.4,0.00,pathseer:45
beir500k-rq1,neg10_cat17,neg10,62171,pathseer,256,3,45,0.9822,0.8444,0.00016,10.217,22.068,32.514,10.609,18077.5,0.0,58991.4,7270.7,11.0,919.0,600.2,21.2,36619.2,9.4,0.00,pathseer:45
beir500k-rq1,neg10_cat17,neg10,62171,pathseer,512,1,45,0.9867,0.9333,0.00003,16.340,29.852,38.207,16.642,29174.2,0.0,85385.8,11254.0,22.0,1564.0,1356.8,43.0,49848.2,21.2,0.00,pathseer:45
beir500k-rq1,neg10_cat17,neg10,62171,pathseer,512,2,45,0.9822,0.9333,0.00003,16.128,31.476,41.362,16.763,29174.2,0.0,85385.8,11254.0,22.0,1564.0,1356.8,43.0,49848.2,21.2,0.00,pathseer:45
beir500k-rq1,neg10_cat17,neg10,62171,pathseer,512,3,45,0.9889,0.9333,0.00003,15.797,28.945,39.951,16.568,29174.2,0.0,85385.8,11254.0,22.0,1564.0,1356.8,43.0,49848.2,21.2,0.00,pathseer:45
beir500k-rq1,neg10_cat17,neg10,62171,ours-no-twohop,64,1,45,0.8933,0.4444,0.00140,3.383,10.367,19.323,4.237,6775.3,0.0,28858.6,3022.6,4.0,251.0,0.0,0.0,20127.6,0.0,0.00,pathseer:45
beir500k-rq1,neg10_cat17,neg10,62171,ours-no-twohop,64,2,45,0.8911,0.4444,0.00140,3.322,10.012,17.394,4.222,6775.3,0.0,28858.6,3022.6,4.0,251.0,0.0,0.0,20127.6,0.0,0.00,pathseer:45
beir500k-rq1,neg10_cat17,neg10,62171,ours-no-twohop,64,3,45,0.8933,0.4444,0.00140,3.343,9.945,17.608,4.209,6775.3,0.0,28858.6,3022.6,4.0,251.0,0.0,0.0,20127.6,0.0,0.00,pathseer:45
beir500k-rq1,neg10_cat17,neg10,62171,ours-no-twohop,128,1,45,0.9400,0.6000,0.00069,5.677,14.168,22.754,6.626,11397.8,0.0,41879.0,4808.7,6.0,493.0,0.0,0.0,27628.1,0.0,0.00,pathseer:45
beir500k-rq1,neg10_cat17,neg10,62171,ours-no-twohop,128,2,45,0.9378,0.6000,0.00069,5.903,14.361,24.513,6.799,11397.8,0.0,41879.0,4808.7,6.0,493.0,0.0,0.0,27628.1,0.0,0.00,pathseer:45
beir500k-rq1,neg10_cat17,neg10,62171,ours-no-twohop,128,3,45,0.9378,0.6000,0.00069,5.879,15.069,22.592,6.888,11397.8,0.0,41879.0,4808.7,6.0,493.0,0.0,0.0,27628.1,0.0,0.00,pathseer:45
beir500k-rq1,neg10_cat17,neg10,62171,ours-no-twohop,256,1,45,0.9756,0.8444,0.00016,10.288,21.226,31.018,11.123,18554.6,0.0,59531.8,7413.3,11.0,947.0,0.0,0.0,37090.9,0.0,0.00,pathseer:45
beir500k-rq1,neg10_cat17,neg10,62171,ours-no-twohop,256,2,45,0.9756,0.8444,0.00016,10.254,21.213,30.987,10.838,18554.6,0.0,59531.8,7413.3,11.0,947.0,0.0,0.0,37090.9,0.0,0.00,pathseer:45
beir500k-rq1,neg10_cat17,neg10,62171,ours-no-twohop,256,3,45,0.9778,0.8444,0.00016,9.966,19.892,31.169,10.671,18554.6,0.0,59531.8,7413.3,11.0,947.0,0.0,0.0,37090.9,0.0,0.00,pathseer:45
beir500k-rq1,neg10_cat17,neg10,62171,ours-no-twohop,512,1,45,0.9867,0.9333,0.00003,16.465,32.439,42.049,17.056,29660.6,0.0,85074.0,11396.7,24.0,1617.0,0.0,0.0,50145.8,0.0,0.00,pathseer:45
beir500k-rq1,neg10_cat17,neg10,62171,ours-no-twohop,512,2,45,0.9867,0.9333,0.00003,16.414,29.841,39.054,16.931,29660.6,0.0,85074.0,11396.7,24.0,1617.0,0.0,0.0,50145.8,0.0,0.00,pathseer:45
beir500k-rq1,neg10_cat17,neg10,62171,ours-no-twohop,512,3,45,0.9867,0.9333,0.00003,16.581,29.122,43.736,16.960,29660.6,0.0,85074.0,11396.7,24.0,1617.0,0.0,0.0,50145.8,0.0,0.00,pathseer:45
beir500k-rq1,neg10_cat17,neg10,62171,ours-guard,64,1,45,0.8844,0.4222,0.00142,3.280,9.642,16.783,3.986,6343.2,0.0,26672.1,3006.4,4.0,251.0,0.0,0.0,20209.6,0.0,0.00,pathseer:45
beir500k-rq1,neg10_cat17,neg10,62171,ours-guard,64,2,45,0.8844,0.4222,0.00142,3.241,9.586,16.427,3.980,6343.2,0.0,26672.1,3006.4,4.0,251.0,0.0,0.0,20209.6,0.0,0.00,pathseer:45
beir500k-rq1,neg10_cat17,neg10,62171,ours-guard,64,3,45,0.8867,0.4222,0.00142,3.362,10.157,17.340,4.190,6343.2,0.0,26672.1,3006.4,4.0,251.0,0.0,0.0,20209.6,0.0,0.00,pathseer:45
beir500k-rq1,neg10_cat17,neg10,62171,ours-guard,128,1,45,0.9333,0.6000,0.00068,5.593,13.445,21.837,6.498,10681.5,0.0,38728.6,4786.0,6.0,493.0,0.0,0.0,27815.9,0.0,0.00,pathseer:45
beir500k-rq1,neg10_cat17,neg10,62171,ours-guard,128,2,45,0.9333,0.6000,0.00068,5.667,14.363,22.599,6.612,10681.5,0.0,38728.6,4786.0,6.0,493.0,0.0,0.0,27815.9,0.0,0.00,pathseer:45
beir500k-rq1,neg10_cat17,neg10,62171,ours-guard,128,3,45,0.9333,0.6000,0.00068,5.709,14.183,21.963,6.698,10681.5,0.0,38728.6,4786.0,6.0,493.0,0.0,0.0,27815.9,0.0,0.00,pathseer:45
beir500k-rq1,neg10_cat17,neg10,62171,ours-guard,256,1,45,0.9800,0.8222,0.00025,9.804,19.836,31.113,10.293,17338.4,0.0,55135.0,7364.9,11.0,947.0,0.0,0.0,37357.3,0.0,0.00,pathseer:45
beir500k-rq1,neg10_cat17,neg10,62171,ours-guard,256,2,45,0.9800,0.8222,0.00025,9.919,20.485,32.089,10.541,17338.4,0.0,55135.0,7364.9,11.0,947.0,0.0,0.0,37357.3,0.0,0.00,pathseer:45
beir500k-rq1,neg10_cat17,neg10,62171,ours-guard,256,3,45,0.9756,0.8222,0.00025,9.916,20.897,29.822,10.584,17338.4,0.0,55135.0,7364.9,11.0,947.0,0.0,0.0,37357.3,0.0,0.00,pathseer:45
beir500k-rq1,neg10_cat17,neg10,62171,ours-guard,512,1,45,0.9822,0.8889,0.00013,16.138,30.413,37.543,16.423,27657.8,0.0,79052.0,11305.2,24.0,1617.0,0.0,0.0,50571.5,0.0,0.00,pathseer:45
beir500k-rq1,neg10_cat17,neg10,62171,ours-guard,512,2,45,0.9844,0.8889,0.00013,16.001,28.950,37.944,16.353,27657.8,0.0,79052.0,11305.2,24.0,1617.0,0.0,0.0,50571.5,0.0,0.00,pathseer:45
beir500k-rq1,neg10_cat17,neg10,62171,ours-guard,512,3,45,0.9800,0.8889,0.00013,16.287,28.806,42.702,16.590,27657.8,0.0,79052.0,11305.2,24.0,1617.0,0.0,0.0,50571.5,0.0,0.00,pathseer:45
beir500k-rq1,neg10_cat17,neg10,62171,acorn,64,1,45,0.8044,0.2222,0.00388,1.277,1.605,2.001,1.239,2450.6,10.0,15207.2,70.6,3.0,3.0,0.0,0.0,0.0,0.0,0.00,acorn:45
beir500k-rq1,neg10_cat17,neg10,62171,acorn,64,2,45,0.8022,0.2222,0.00388,1.235,1.669,1.939,1.212,2450.6,10.0,15207.2,70.6,3.0,3.0,0.0,0.0,0.0,0.0,0.00,acorn:45
beir500k-rq1,neg10_cat17,neg10,62171,acorn,64,3,45,0.8044,0.2222,0.00388,1.253,1.601,1.975,1.225,2450.6,10.0,15207.2,70.6,3.0,3.0,0.0,0.0,0.0,0.0,0.00,acorn:45
beir500k-rq1,neg10_cat17,neg10,62171,acorn,128,1,45,0.9111,0.4667,0.00158,2.050,2.574,2.603,2.033,4121.3,10.0,23699.2,134.0,4.0,4.0,0.0,0.0,0.0,0.0,0.00,acorn:45
beir500k-rq1,neg10_cat17,neg10,62171,acorn,128,2,45,0.9089,0.4667,0.00158,1.991,2.559,2.731,1.992,4121.3,10.0,23699.2,134.0,4.0,4.0,0.0,0.0,0.0,0.0,0.00,acorn:45
beir500k-rq1,neg10_cat17,neg10,62171,acorn,128,3,45,0.9111,0.4667,0.00158,1.966,2.500,2.576,1.982,4121.3,10.0,23699.2,134.0,4.0,4.0,0.0,0.0,0.0,0.0,0.00,acorn:45
beir500k-rq1,neg10_cat17,neg10,62171,acorn,256,1,45,0.9489,0.6889,0.00081,3.329,4.191,4.523,3.304,6737.7,10.0,36890.2,259.6,7.0,7.0,0.0,0.0,0.0,0.0,0.00,acorn:45
beir500k-rq1,neg10_cat17,neg10,62171,acorn,256,2,45,0.9489,0.6889,0.00081,3.278,4.150,4.569,3.296,6737.7,10.0,36890.2,259.6,7.0,7.0,0.0,0.0,0.0,0.0,0.00,acorn:45
beir500k-rq1,neg10_cat17,neg10,62171,acorn,256,3,45,0.9444,0.6889,0.00081,3.412,4.289,4.693,3.428,6737.7,10.0,36890.2,259.6,7.0,7.0,0.0,0.0,0.0,0.0,0.00,acorn:45
beir500k-rq1,neg10_cat17,neg10,62171,acorn,512,1,45,0.9711,0.7556,0.00044,5.689,7.129,7.400,5.652,10935.3,10.0,56924.0,514.9,12.0,12.0,0.0,0.0,0.0,0.0,0.00,acorn:45
beir500k-rq1,neg10_cat17,neg10,62171,acorn,512,2,45,0.9667,0.7556,0.00044,5.501,6.943,7.522,5.577,10935.3,10.0,56924.0,514.9,12.0,12.0,0.0,0.0,0.0,0.0,0.00,acorn:45
beir500k-rq1,neg10_cat17,neg10,62171,acorn,512,3,45,0.9689,0.7556,0.00044,5.647,7.220,7.402,5.621,10935.3,10.0,56924.0,514.9,12.0,12.0,0.0,0.0,0.0,0.0,0.00,acorn:45
beir500k-rq1,neg10_cat18,neg10,61365,sweeping,64,1,10,0.9700,0.7000,0.00007,0.416,0.588,0.588,0.405,2275.8,0.0,354.2,140.7,4.0,6.0,0.0,0.0,0.0,0.0,0.00,sweeping:10
beir500k-rq1,neg10_cat18,neg10,61365,sweeping,64,2,10,0.9700,0.7000,0.00007,0.410,0.519,0.519,0.380,2275.8,0.0,354.2,140.7,4.0,6.0,0.0,0.0,0.0,0.0,0.00,sweeping:10
beir500k-rq1,neg10_cat18,neg10,61365,sweeping,64,3,10,0.9700,0.7000,0.00007,0.406,0.515,0.515,0.385,2275.8,0.0,354.2,140.7,4.0,6.0,0.0,0.0,0.0,0.0,0.00,sweeping:10
beir500k-rq1,neg10_cat18,neg10,61365,sweeping,128,1,10,1.0000,1.0000,0.00000,0.677,0.813,0.813,0.616,3513.8,0.0,593.7,251.0,6.0,9.0,0.0,0.0,0.0,0.0,0.00,sweeping:10
beir500k-rq1,neg10_cat18,neg10,61365,sweeping,128,2,10,1.0000,1.0000,0.00000,0.674,0.823,0.823,0.619,3513.8,0.0,593.7,251.0,6.0,9.0,0.0,0.0,0.0,0.0,0.00,sweeping:10
beir500k-rq1,neg10_cat18,neg10,61365,sweeping,128,3,10,1.0000,1.0000,0.00000,0.683,0.841,0.841,0.622,3513.8,0.0,593.7,251.0,6.0,9.0,0.0,0.0,0.0,0.0,0.00,sweeping:10
beir500k-rq1,neg10_cat18,neg10,61365,sweeping,256,1,10,1.0000,1.0000,0.00000,1.147,1.482,1.482,1.094,5735.2,0.0,1027.8,476.8,11.0,20.0,0.0,0.0,0.0,0.0,0.00,sweeping:10
beir500k-rq1,neg10_cat18,neg10,61365,sweeping,256,2,10,1.0000,1.0000,0.00000,1.168,1.469,1.469,1.088,5735.2,0.0,1027.8,476.8,11.0,20.0,0.0,0.0,0.0,0.0,0.00,sweeping:10
beir500k-rq1,neg10_cat18,neg10,61365,sweeping,256,3,10,1.0000,1.0000,0.00000,1.162,1.445,1.445,1.089,5735.2,0.0,1027.8,476.8,11.0,20.0,0.0,0.0,0.0,0.0,0.00,sweeping:10
beir500k-rq1,neg10_cat18,neg10,61365,sweeping,512,1,10,1.0000,1.0000,0.00000,2.369,3.353,3.353,2.185,9231.0,0.0,1811.2,909.0,22.0,42.0,0.0,0.0,0.0,0.0,0.00,sweeping:10
beir500k-rq1,neg10_cat18,neg10,61365,sweeping,512,2,10,1.0000,1.0000,0.00000,2.113,3.618,3.618,2.154,9231.0,0.0,1811.2,909.0,22.0,42.0,0.0,0.0,0.0,0.0,0.00,sweeping:10
beir500k-rq1,neg10_cat18,neg10,61365,sweeping,512,3,10,1.0000,1.0000,0.00000,2.141,3.494,3.494,2.192,9231.0,0.0,1811.2,909.0,22.0,42.0,0.0,0.0,0.0,0.0,0.00,sweeping:10
beir500k-rq1,neg10_cat18,neg10,61365,pathseer,64,1,10,0.9700,0.7000,0.00028,0.324,0.358,0.358,0.313,1583.8,0.0,1109.3,100.1,3.0,3.0,96.0,51.0,347.2,1.5,0.00,pathseer:10
beir500k-rq1,neg10_cat18,neg10,61365,pathseer,64,2,10,0.9700,0.7000,0.00028,0.355,0.421,0.421,0.344,1583.8,0.0,1109.3,100.1,3.0,3.0,96.0,51.0,347.2,1.5,0.00,pathseer:10
beir500k-rq1,neg10_cat18,neg10,61365,pathseer,64,3,10,0.9700,0.7000,0.00028,0.328,0.352,0.352,0.309,1583.8,0.0,1109.3,100.1,3.0,3.0,96.0,51.0,347.2,1.5,0.00,pathseer:10
beir500k-rq1,neg10_cat18,neg10,61365,pathseer,128,1,10,0.9900,0.9000,0.00021,0.547,0.619,0.619,0.529,2602.2,0.0,1771.0,192.0,4.0,4.0,166.4,92.3,503.7,2.6,0.00,pathseer:10
beir500k-rq1,neg10_cat18,neg10,61365,pathseer,128,2,10,0.9900,0.9000,0.00021,0.549,0.616,0.616,0.530,2602.2,0.0,1771.0,192.0,4.0,4.0,166.4,92.3,503.7,2.6,0.00,pathseer:10
beir500k-rq1,neg10_cat18,neg10,61365,pathseer,128,3,10,0.9900,0.9000,0.00021,0.575,0.630,0.630,0.543,2602.2,0.0,1771.0,192.0,4.0,4.0,166.4,92.3,503.7,2.6,0.00,pathseer:10
beir500k-rq1,neg10_cat18,neg10,61365,pathseer,256,1,10,1.0000,1.0000,0.00000,0.974,1.063,1.063,0.927,4205.0,0.0,2897.6,373.2,6.0,7.0,307.2,169.4,754.1,4.8,0.00,pathseer:10
beir500k-rq1,neg10_cat18,neg10,61365,pathseer,256,2,10,1.0000,1.0000,0.00000,0.980,1.170,1.170,0.957,4205.0,0.0,2897.6,373.2,6.0,7.0,307.2,169.4,754.1,4.8,0.00,pathseer:10
beir500k-rq1,neg10_cat18,neg10,61365,pathseer,256,3,10,1.0000,1.0000,0.00000,0.963,1.083,1.083,0.942,4205.0,0.0,2897.6,373.2,6.0,7.0,307.2,169.4,754.1,4.8,0.00,pathseer:10
beir500k-rq1,neg10_cat18,neg10,61365,pathseer,512,1,10,1.0000,1.0000,0.00000,1.986,2.344,2.344,1.921,6728.9,0.0,4839.4,733.5,10.0,14.0,569.6,316.4,1106.0,8.9,0.00,pathseer:10
beir500k-rq1,neg10_cat18,neg10,61365,pathseer,512,2,10,1.0000,1.0000,0.00000,1.952,2.229,2.229,1.908,6728.9,0.0,4839.4,733.5,10.0,14.0,569.6,316.4,1106.0,8.9,0.00,pathseer:10
beir500k-rq1,neg10_cat18,neg10,61365,pathseer,512,3,10,1.0000,1.0000,0.00000,2.292,3.489,3.489,2.242,6728.9,0.0,4839.4,733.5,10.0,14.0,569.6,316.4,1106.0,8.9,0.00,pathseer:10
beir500k-rq1,neg10_cat18,neg10,61365,ours-no-twohop,64,1,10,0.9700,0.7000,0.00028,0.327,0.388,0.388,0.323,1586.3,0.0,1051.9,106.3,4.0,6.0,0.0,0.0,369.2,0.0,0.00,pathseer:10
beir500k-rq1,neg10_cat18,neg10,61365,ours-no-twohop,64,2,10,0.9700,0.7000,0.00028,0.326,0.368,0.368,0.311,1586.3,0.0,1051.9,106.3,4.0,6.0,0.0,0.0,369.2,0.0,0.00,pathseer:10
beir500k-rq1,neg10_cat18,neg10,61365,ours-no-twohop,64,3,10,0.9700,0.7000,0.00028,0.339,0.391,0.391,0.328,1586.3,0.0,1051.9,106.3,4.0,6.0,0.0,0.0,369.2,0.0,0.00,pathseer:10
beir500k-rq1,neg10_cat18,neg10,61365,ours-no-twohop,128,1,10,1.0000,1.0000,0.00000,0.550,0.643,0.643,0.528,2618.9,0.0,1650.2,203.4,6.0,9.0,0.0,0.0,515.4,0.0,0.00,pathseer:10
beir500k-rq1,neg10_cat18,neg10,61365,ours-no-twohop,128,2,10,1.0000,1.0000,0.00000,0.546,0.648,0.648,0.528,2618.9,0.0,1650.2,203.4,6.0,9.0,0.0,0.0,515.4,0.0,0.00,pathseer:10
beir500k-rq1,neg10_cat18,neg10,61365,ours-no-twohop,128,3,10,1.0000,1.0000,0.00000,0.586,0.681,0.681,0.542,2618.9,0.0,1650.2,203.4,6.0,9.0,0.0,0.0,515.4,0.0,0.00,pathseer:10
beir500k-rq1,neg10_cat18,neg10,61365,ours-no-twohop,256,1,10,1.0000,1.0000,0.00000,1.007,1.163,1.163,0.966,4258.0,0.0,2749.4,400.1,11.0,20.0,0.0,0.0,796.2,0.0,0.00,pathseer:10
beir500k-rq1,neg10_cat18,neg10,61365,ours-no-twohop,256,2,10,1.0000,1.0000,0.00000,1.116,1.199,1.199,1.028,4258.0,0.0,2749.4,400.1,11.0,20.0,0.0,0.0,796.2,0.0,0.00,pathseer:10
beir500k-rq1,neg10_cat18,neg10,61365,ours-no-twohop,256,3,10,1.0000,1.0000,0.00000,0.987,1.243,1.243,0.969,4258.0,0.0,2749.4,400.1,11.0,20.0,0.0,0.0,796.2,0.0,0.00,pathseer:10
beir500k-rq1,neg10_cat18,neg10,61365,ours-no-twohop,512,1,10,1.0000,1.0000,0.00000,1.938,2.226,2.226,1.841,6829.9,0.0,4498.8,781.3,22.0,42.0,0.0,0.0,1144.0,0.0,0.00,pathseer:10
beir500k-rq1,neg10_cat18,neg10,61365,ours-no-twohop,512,2,10,1.0000,1.0000,0.00000,1.829,2.030,2.030,1.756,6829.9,0.0,4498.8,781.3,22.0,42.0,0.0,0.0,1144.0,0.0,0.00,pathseer:10
beir500k-rq1,neg10_cat18,neg10,61365,ours-no-twohop,512,3,10,1.0000,1.0000,0.00000,1.875,2.016,2.016,1.740,6829.9,0.0,4498.8,781.3,22.0,42.0,0.0,0.0,1144.0,0.0,0.00,pathseer:10
beir500k-rq1,neg10_cat18,neg10,61365,ours-guard,64,1,10,0.9600,0.6000,0.00056,0.272,0.327,0.327,0.276,1149.2,0.0,1828.1,89.0,4.0,6.0,0.0,0.0,566.2,0.0,0.00,pathseer:10
beir500k-rq1,neg10_cat18,neg10,61365,ours-guard,64,2,10,0.9600,0.6000,0.00056,0.269,0.328,0.328,0.264,1149.2,0.0,1828.1,89.0,4.0,6.0,0.0,0.0,566.2,0.0,0.00,pathseer:10
beir500k-rq1,neg10_cat18,neg10,61365,ours-guard,64,3,10,0.9600,0.6000,0.00056,0.282,0.375,0.375,0.298,1149.2,0.0,1828.1,89.0,4.0,6.0,0.0,0.0,566.2,0.0,0.00,pathseer:10
beir500k-rq1,neg10_cat18,neg10,61365,ours-guard,128,1,10,1.0000,1.0000,0.00000,0.484,0.583,0.583,0.473,1986.1,0.0,3041.1,178.1,6.0,9.0,0.0,0.0,866.7,0.0,0.00,pathseer:10
beir500k-rq1,neg10_cat18,neg10,61365,ours-guard,128,2,10,1.0000,1.0000,0.00000,0.487,0.577,0.577,0.478,1986.1,0.0,3041.1,178.1,6.0,9.0,0.0,0.0,866.7,0.0,0.00,pathseer:10
beir500k-rq1,neg10_cat18,neg10,61365,ours-guard,128,3,10,1.0000,1.0000,0.00000,0.493,0.586,0.586,0.477,1986.1,0.0,3041.1,178.1,6.0,9.0,0.0,0.0,866.7,0.0,0.00,pathseer:10
beir500k-rq1,neg10_cat18,neg10,61365,ours-guard,256,1,10,1.0000,1.0000,0.00000,0.896,1.017,1.017,0.867,3352.9,0.0,5029.1,362.8,11.0,20.0,0.0,0.0,1368.8,0.0,0.00,pathseer:10
beir500k-rq1,neg10_cat18,neg10,61365,ours-guard,256,2,10,1.0000,1.0000,0.00000,0.922,1.073,1.073,0.913,3352.9,0.0,5029.1,362.8,11.0,20.0,0.0,0.0,1368.8,0.0,0.00,pathseer:10
beir500k-rq1,neg10_cat18,neg10,61365,ours-guard,256,3,10,1.0000,1.0000,0.00000,0.901,1.034,1.034,0.879,3352.9,0.0,5029.1,362.8,11.0,20.0,0.0,0.0,1368.8,0.0,0.00,pathseer:10
beir500k-rq1,neg10_cat18,neg10,61365,ours-guard,512,1,10,1.0000,1.0000,0.00000,1.768,2.032,2.032,1.730,5522.3,0.0,8110.1,724.3,22.0,42.0,0.0,0.0,2063.3,0.0,0.00,pathseer:10
beir500k-rq1,neg10_cat18,neg10,61365,ours-guard,512,2,10,1.0000,1.0000,0.00000,1.780,1.979,1.979,1.736,5522.3,0.0,8110.1,724.3,22.0,42.0,0.0,0.0,2063.3,0.0,0.00,pathseer:10
beir500k-rq1,neg10_cat18,neg10,61365,ours-guard,512,3,10,1.0000,1.0000,0.00000,1.693,1.940,1.940,1.621,5522.3,0.0,8110.1,724.3,22.0,42.0,0.0,0.0,2063.3,0.0,0.00,pathseer:10
beir500k-rq1,neg10_cat18,neg10,61365,acorn,64,1,10,0.9600,0.6000,0.00091,0.266,0.792,0.792,0.400,1666.1,10.0,3080.2,66.5,3.0,3.0,0.0,0.0,0.0,0.0,0.00,acorn:4|rre:6
beir500k-rq1,neg10_cat18,neg10,61365,acorn,64,2,10,0.9600,0.6000,0.00091,0.283,0.835,0.835,0.419,1666.1,10.0,3080.2,66.5,3.0,3.0,0.0,0.0,0.0,0.0,0.00,acorn:4|rre:6
beir500k-rq1,neg10_cat18,neg10,61365,acorn,64,3,10,0.9600,0.6000,0.00091,0.292,0.797,0.797,0.414,1666.1,10.0,3080.2,66.5,3.0,3.0,0.0,0.0,0.0,0.0,0.00,acorn:4|rre:6
beir500k-rq1,neg10_cat18,neg10,61365,acorn,128,1,10,0.9800,0.8000,0.00050,0.506,1.270,1.270,0.657,2569.0,10.0,4640.0,129.6,5.0,5.0,0.0,0.0,0.0,0.0,0.00,acorn:4|rre:6
beir500k-rq1,neg10_cat18,neg10,61365,acorn,128,2,10,0.9800,0.8000,0.00050,0.450,1.289,1.289,0.653,2569.0,10.0,4640.0,129.6,5.0,5.0,0.0,0.0,0.0,0.0,0.00,acorn:4|rre:6
beir500k-rq1,neg10_cat18,neg10,61365,acorn,128,3,10,0.9800,0.8000,0.00050,0.443,1.259,1.259,0.644,2569.0,10.0,4640.0,129.6,5.0,5.0,0.0,0.0,0.0,0.0,0.00,acorn:4|rre:6
beir500k-rq1,neg10_cat18,neg10,61365,acorn,256,1,10,1.0000,1.0000,0.00000,0.784,1.998,1.998,1.049,3913.6,10.0,6820.7,257.6,13.0,13.0,0.0,0.0,0.0,0.0,0.00,acorn:4|rre:6
beir500k-rq1,neg10_cat18,neg10,61365,acorn,256,2,10,1.0000,1.0000,0.00000,0.836,2.014,2.014,1.073,3913.6,10.0,6820.7,257.6,13.0,13.0,0.0,0.0,0.0,0.0,0.00,acorn:4|rre:6
beir500k-rq1,neg10_cat18,neg10,61365,acorn,256,3,10,1.0000,1.0000,0.00000,0.811,2.001,2.001,1.050,3913.6,10.0,6820.7,257.6,13.0,13.0,0.0,0.0,0.0,0.0,0.00,acorn:4|rre:6
beir500k-rq1,neg10_cat18,neg10,61365,acorn,512,1,10,1.0000,1.0000,0.00000,1.563,3.693,3.693,1.947,5892.8,10.0,10195.0,513.6,29.0,28.0,0.0,0.0,0.0,0.0,0.00,acorn:4|rre:6
beir500k-rq1,neg10_cat18,neg10,61365,acorn,512,2,10,1.0000,1.0000,0.00000,1.520,3.282,3.282,1.834,5892.8,10.0,10195.0,513.6,29.0,28.0,0.0,0.0,0.0,0.0,0.00,acorn:4|rre:6
beir500k-rq1,neg10_cat18,neg10,61365,acorn,512,3,10,1.0000,1.0000,0.00000,1.724,3.474,3.474,1.944,5892.8,10.0,10195.0,513.6,29.0,28.0,0.0,0.0,0.0,0.0,0.00,acorn:4|rre:6
beir500k-rq1,neg10_cat19,neg10,52824,sweeping,64,1,60,0.9300,0.5833,0.00120,10.849,21.289,28.192,11.534,36399.2,0.0,14011.5,7921.2,4.0,1018.0,0.0,0.0,0.0,0.0,0.00,sweeping:60
beir500k-rq1,neg10_cat19,neg10,52824,sweeping,64,2,60,0.9300,0.5833,0.00120,10.629,23.397,29.197,11.750,36399.2,0.0,14011.5,7921.2,4.0,1018.0,0.0,0.0,0.0,0.0,0.00,sweeping:60
beir500k-rq1,neg10_cat19,neg10,52824,sweeping,64,3,60,0.9300,0.5833,0.00120,10.772,21.545,28.030,11.625,36399.2,0.0,14011.5,7921.2,4.0,1018.0,0.0,0.0,0.0,0.0,0.00,sweeping:60
beir500k-rq1,neg10_cat19,neg10,52824,sweeping,128,1,60,0.9733,0.7667,0.00046,13.575,30.677,32.059,15.308,46718.2,0.0,18352.8,9938.6,7.0,1821.0,0.0,0.0,0.0,0.0,0.00,sweeping:60
beir500k-rq1,neg10_cat19,neg10,52824,sweeping,128,2,60,0.9733,0.7667,0.00046,13.974,31.921,34.384,15.337,46718.2,0.0,18352.8,9938.6,7.0,1821.0,0.0,0.0,0.0,0.0,0.00,sweeping:60
beir500k-rq1,neg10_cat19,neg10,52824,sweeping,128,3,60,0.9733,0.7667,0.00046,13.409,30.561,40.354,15.343,46718.2,0.0,18352.8,9938.6,7.0,1821.0,0.0,0.0,0.0,0.0,0.00,sweeping:60
beir500k-rq1,neg10_cat19,neg10,52824,sweeping,256,1,60,0.9867,0.8833,0.00027,17.729,42.372,48.619,21.119,61930.1,0.0,24027.5,12674.3,13.0,3142.0,0.0,0.0,0.0,0.0,0.00,sweeping:60
beir500k-rq1,neg10_cat19,neg10,52824,sweeping,256,2,60,0.9867,0.8833,0.00027,18.311,42.655,47.100,21.254,61930.1,0.0,24027.5,12674.3,13.0,3142.0,0.0,0.0,0.0,0.0,0.00,sweeping:60
beir500k-rq1,neg10_cat19,neg10,52824,sweeping,256,3,60,0.9867,0.8833,0.00027,18.107,43.391,44.394,21.058,61930.1,0.0,24027.5,12674.3,13.0,3142.0,0.0,0.0,0.0,0.0,0.00,sweeping:60
beir500k-rq1,neg10_cat19,neg10,52824,sweeping,512,1,60,0.9950,0.9500,0.00004,25.351,54.363,66.083,28.459,84127.2,0.0,31563.1,16478.5,29.0,4653.0,0.0,0.0,0.0,0.0,0.00,sweeping:60
beir500k-rq1,neg10_cat19,neg10,52824,sweeping,512,2,60,0.9950,0.9500,0.00004,25.611,54.480,64.729,28.748,84127.2,0.0,31563.1,16478.5,29.0,4653.0,0.0,0.0,0.0,0.0,0.00,sweeping:60
beir500k-rq1,neg10_cat19,neg10,52824,sweeping,512,3,60,0.9950,0.9500,0.00004,23.987,57.148,64.097,28.531,84127.2,0.0,31563.1,16478.5,29.0,4653.0,0.0,0.0,0.0,0.0,0.00,sweeping:60
beir500k-rq1,neg10_cat19,neg10,52824,pathseer,64,1,60,0.9100,0.4500,0.00153,5.650,12.269,16.317,6.149,9193.3,0.0,29331.6,5227.2,4.0,994.0,185.6,7.1,15850.4,2.9,0.00,pathseer:60
beir500k-rq1,neg10_cat19,neg10,52824,pathseer,64,2,60,0.9100,0.4500,0.00153,5.362,12.953,16.680,6.031,9193.3,0.0,29331.6,5227.2,4.0,994.0,185.6,7.1,15850.4,2.9,0.00,pathseer:60
beir500k-rq1,neg10_cat19,neg10,52824,pathseer,64,3,60,0.9100,0.4500,0.00153,5.687,11.924,15.908,5.922,9193.3,0.0,29331.6,5227.2,4.0,994.0,185.6,7.1,15850.4,2.9,0.00,pathseer:60
beir500k-rq1,neg10_cat19,neg10,52824,pathseer,128,1,60,0.9633,0.7167,0.00061,8.186,16.907,19.067,8.409,13891.9,0.0,38319.4,7165.3,6.0,1821.0,358.4,10.9,18971.9,5.6,0.00,pathseer:60
beir500k-rq1,neg10_cat19,neg10,52824,pathseer,128,2,60,0.9633,0.7167,0.00061,7.811,15.951,18.994,8.375,13891.9,0.0,38319.4,7165.3,6.0,1821.0,358.4,10.9,18971.9,5.6,0.00,pathseer:60
beir500k-rq1,neg10_cat19,neg10,52824,pathseer,128,3,60,0.9633,0.7167,0.00061,7.539,15.558,19.049,8.104,13891.9,0.0,38319.4,7165.3,6.0,1821.0,358.4,10.9,18971.9,5.6,0.00,pathseer:60
beir500k-rq1,neg10_cat19,neg10,52824,pathseer,256,1,60,0.9800,0.8333,0.00035,11.297,23.201,23.964,11.799,20506.3,0.0,50147.1,9627.0,13.0,3068.0,788.1,21.4,23012.2,12.3,0.00,pathseer:60
beir500k-rq1,neg10_cat19,neg10,52824,pathseer,256,2,60,0.9800,0.8333,0.00035,11.481,22.463,24.196,11.946,20506.3,0.0,50147.1,9627.0,13.0,3068.0,788.1,21.4,23012.2,12.3,0.00,pathseer:60
beir500k-rq1,neg10_cat19,neg10,52824,pathseer,256,3,60,0.9800,0.8333,0.00035,11.298,23.073,23.774,11.825,20506.3,0.0,50147.1,9627.0,13.0,3068.0,788.1,21.4,23012.2,12.3,0.00,pathseer:60
beir500k-rq1,neg10_cat19,neg10,52824,pathseer,512,1,60,0.9950,0.9500,0.00004,15.793,30.139,33.462,16.684,29749.2,0.0,66360.3,12868.2,26.0,4647.0,1861.2,39.1,28611.1,29.1,0.00,pathseer:60
beir500k-rq1,neg10_cat19,neg10,52824,pathseer,512,2,60,0.9950,0.9500,0.00004,15.659,28.932,34.318,16.673,29749.2,0.0,66360.3,12868.2,26.0,4647.0,1861.2,39.1,28611.1,29.1,0.00,pathseer:60
beir500k-rq1,neg10_cat19,neg10,52824,pathseer,512,3,60,0.9950,0.9500,0.00004,16.181,29.857,33.835,16.596,29749.2,0.0,66360.3,12868.2,26.0,4647.0,1861.2,39.1,28611.1,29.1,0.00,pathseer:60
beir500k-rq1,neg10_cat19,neg10,52824,ours-no-twohop,64,1,60,0.9117,0.4667,0.00145,5.734,12.884,14.153,5.990,9458.3,0.0,29724.9,5364.7,4.0,1018.0,0.0,0.0,16011.4,0.0,0.00,pathseer:60
beir500k-rq1,neg10_cat19,neg10,52824,ours-no-twohop,64,2,60,0.9117,0.4667,0.00145,6.354,11.942,16.459,6.021,9458.3,0.0,29724.9,5364.7,4.0,1018.0,0.0,0.0,16011.4,0.0,0.00,pathseer:60
beir500k-rq1,neg10_cat19,neg10,52824,ours-no-twohop,64,3,60,0.9117,0.4667,0.00145,5.675,11.538,15.595,5.866,9458.3,0.0,29724.9,5364.7,4.0,1018.0,0.0,0.0,16011.4,0.0,0.00,pathseer:60
beir500k-rq1,neg10_cat19,neg10,52824,ours-no-twohop,128,1,60,0.9633,0.7167,0.00062,8.082,16.392,18.037,8.416,14037.5,0.0,38311.2,7216.9,7.0,1821.0,0.0,0.0,19099.1,0.0,0.00,pathseer:60
beir500k-rq1,neg10_cat19,neg10,52824,ours-no-twohop,128,2,60,0.9633,0.7167,0.00062,7.621,15.977,18.535,8.381,14037.5,0.0,38311.2,7216.9,7.0,1821.0,0.0,0.0,19099.1,0.0,0.00,pathseer:60
beir500k-rq1,neg10_cat19,neg10,52824,ours-no-twohop,128,3,60,0.9633,0.7167,0.00062,8.318,16.191,19.374,8.528,14037.5,0.0,38311.2,7216.9,7.0,1821.0,0.0,0.0,19099.1,0.0,0.00,pathseer:60
beir500k-rq1,neg10_cat19,neg10,52824,ours-no-twohop,256,1,60,0.9817,0.8333,0.00031,11.110,23.283,27.802,12.072,20777.9,0.0,50040.4,9730.7,13.0,3142.0,0.0,0.0,23236.7,0.0,0.00,pathseer:60
beir500k-rq1,neg10_cat19,neg10,52824,ours-no-twohop,256,2,60,0.9817,0.8333,0.00031,11.236,23.403,24.178,11.871,20777.9,0.0,50040.4,9730.7,13.0,3142.0,0.0,0.0,23236.7,0.0,0.00,pathseer:60
beir500k-rq1,neg10_cat19,neg10,52824,ours-no-twohop,256,3,60,0.9817,0.8333,0.00031,10.978,23.484,23.759,11.638,20777.9,0.0,50040.4,9730.7,13.0,3142.0,0.0,0.0,23236.7,0.0,0.00,pathseer:60
beir500k-rq1,neg10_cat19,neg10,52824,ours-no-twohop,512,1,60,0.9950,0.9500,0.00004,15.578,30.304,34.540,16.676,30029.2,0.0,65199.5,12938.5,29.0,4653.0,0.0,0.0,28662.9,0.0,0.00,pathseer:60
beir500k-rq1,neg10_cat19,neg10,52824,ours-no-twohop,512,2,60,0.9950,0.9500,0.00004,15.429,30.398,35.666,16.672,30029.2,0.0,65199.5,12938.5,29.0,4653.0,0.0,0.0,28662.9,0.0,0.00,pathseer:60
beir500k-rq1,neg10_cat19,neg10,52824,ours-no-twohop,512,3,60,0.9950,0.9500,0.00004,15.619,29.341,33.678,16.607,30029.2,0.0,65199.5,12938.5,29.0,4653.0,0.0,0.0,28662.9,0.0,0.00,pathseer:60
beir500k-rq1,neg10_cat19,neg10,52824,ours-guard,64,1,60,0.9100,0.4500,0.00148,5.549,11.814,14.851,5.921,9235.7,0.0,25415.4,5358.6,4.0,1018.0,0.0,0.0,16059.0,0.0,0.00,pathseer:60
beir500k-rq1,neg10_cat19,neg10,52824,ours-guard,64,2,60,0.9100,0.4500,0.00148,6.051,11.994,14.783,6.028,9235.7,0.0,25415.4,5358.6,4.0,1018.0,0.0,0.0,16059.0,0.0,0.00,pathseer:60
beir500k-rq1,neg10_cat19,neg10,52824,ours-guard,64,3,60,0.9100,0.4500,0.00148,5.296,11.530,14.616,5.615,9235.7,0.0,25415.4,5358.6,4.0,1018.0,0.0,0.0,16059.0,0.0,0.00,pathseer:60
beir500k-rq1,neg10_cat19,neg10,52824,ours-guard,128,1,60,0.9633,0.7167,0.00062,7.627,14.774,17.328,8.138,13658.4,0.0,33131.7,7211.1,7.0,1821.0,0.0,0.0,19241.2,0.0,0.00,pathseer:60
beir500k-rq1,neg10_cat19,neg10,52824,ours-guard,128,2,60,0.9633,0.7167,0.00062,7.426,17.092,18.283,8.117,13658.4,0.0,33131.7,7211.1,7.0,1821.0,0.0,0.0,19241.2,0.0,0.00,pathseer:60
beir500k-rq1,neg10_cat19,neg10,52824,ours-guard,128,3,60,0.9633,0.7167,0.00062,7.880,15.874,19.180,8.173,13658.4,0.0,33131.7,7211.1,7.0,1821.0,0.0,0.0,19241.2,0.0,0.00,pathseer:60
beir500k-rq1,neg10_cat19,neg10,52824,ours-guard,256,1,60,0.9817,0.8333,0.00031,11.318,22.491,26.908,11.814,20119.4,0.0,44024.0,9715.7,13.0,3142.0,0.0,0.0,23466.8,0.0,0.00,pathseer:60
beir500k-rq1,neg10_cat19,neg10,52824,ours-guard,256,2,60,0.9817,0.8333,0.00031,11.058,22.127,23.821,11.594,20119.4,0.0,44024.0,9715.7,13.0,3142.0,0.0,0.0,23466.8,0.0,0.00,pathseer:60
beir500k-rq1,neg10_cat19,neg10,52824,ours-guard,256,3,60,0.9817,0.8333,0.00031,10.991,22.774,23.451,11.604,20119.4,0.0,44024.0,9715.7,13.0,3142.0,0.0,0.0,23466.8,0.0,0.00,pathseer:60
beir500k-rq1,neg10_cat19,neg10,52824,ours-guard,512,1,60,0.9950,0.9500,0.00004,15.633,30.909,32.352,16.567,28930.3,0.0,58751.2,12903.7,29.0,4653.0,0.0,0.0,29008.9,0.0,0.00,pathseer:60
beir500k-rq1,neg10_cat19,neg10,52824,ours-guard,512,2,60,0.9950,0.9500,0.00004,16.086,29.767,34.186,16.800,28930.3,0.0,58751.2,12903.7,29.0,4653.0,0.0,0.0,29008.9,0.0,0.00,pathseer:60
beir500k-rq1,neg10_cat19,neg10,52824,ours-guard,512,3,60,0.9950,0.9500,0.00004,15.526,29.396,32.705,16.425,28930.3,0.0,58751.2,12903.7,29.0,4653.0,0.0,0.0,29008.9,0.0,0.00,pathseer:60
beir500k-rq1,neg10_cat19,neg10,52824,acorn,64,1,60,0.8400,0.2500,0.00368,0.823,1.308,1.397,0.865,2108.1,10.0,9694.6,69.8,3.0,3.0,0.0,0.0,0.0,0.0,0.00,acorn:58|rre:2
beir500k-rq1,neg10_cat19,neg10,52824,acorn,64,2,60,0.8400,0.2500,0.00368,0.776,1.082,1.259,0.800,2108.1,10.0,9694.6,69.8,3.0,3.0,0.0,0.0,0.0,0.0,0.00,acorn:58|rre:2
beir500k-rq1,neg10_cat19,neg10,52824,acorn,64,3,60,0.8400,0.2500,0.00368,0.803,1.155,1.227,0.820,2108.1,10.0,9694.6,69.8,3.0,3.0,0.0,0.0,0.0,0.0,0.00,acorn:58|rre:2
beir500k-rq1,neg10_cat19,neg10,52824,acorn,128,1,60,0.9033,0.4500,0.00223,1.290,1.825,2.256,1.339,3508.7,10.0,14981.4,132.2,5.0,5.0,0.0,0.0,0.0,0.0,0.00,acorn:58|rre:2
beir500k-rq1,neg10_cat19,neg10,52824,acorn,128,2,60,0.9033,0.4500,0.00223,1.284,1.806,2.052,1.326,3508.7,10.0,14981.4,132.2,5.0,5.0,0.0,0.0,0.0,0.0,0.00,acorn:58|rre:2
beir500k-rq1,neg10_cat19,neg10,52824,acorn,128,3,60,0.9033,0.4500,0.00223,1.343,1.944,2.136,1.392,3508.7,10.0,14981.4,132.2,5.0,5.0,0.0,0.0,0.0,0.0,0.00,acorn:58|rre:2
beir500k-rq1,neg10_cat19,neg10,52824,acorn,256,1,60,0.9367,0.6000,0.00161,2.339,3.235,3.659,2.365,5873.6,10.0,23240.4,259.6,7.0,7.0,0.0,0.0,0.0,0.0,0.00,acorn:58|rre:2
beir500k-rq1,neg10_cat19,neg10,52824,acorn,256,2,60,0.9367,0.6000,0.00161,2.228,3.070,3.503,2.296,5873.6,10.0,23240.4,259.6,7.0,7.0,0.0,0.0,0.0,0.0,0.00,acorn:58|rre:2
beir500k-rq1,neg10_cat19,neg10,52824,acorn,256,3,60,0.9367,0.6000,0.00161,2.399,3.373,3.641,2.420,5873.6,10.0,23240.4,259.6,7.0,7.0,0.0,0.0,0.0,0.0,0.00,acorn:58|rre:2
beir500k-rq1,neg10_cat19,neg10,52824,acorn,512,1,60,0.9650,0.7500,0.00089,3.941,5.100,5.594,3.921,9700.9,10.0,36337.1,514.9,14.0,14.0,0.0,0.0,0.0,0.0,0.00,acorn:58|rre:2
beir500k-rq1,neg10_cat19,neg10,52824,acorn,512,2,60,0.9650,0.7500,0.00089,3.876,4.893,5.654,3.903,9700.9,10.0,36337.1,514.9,14.0,14.0,0.0,0.0,0.0,0.0,0.00,acorn:58|rre:2
beir500k-rq1,neg10_cat19,neg10,52824,acorn,512,3,60,0.9650,0.7500,0.00089,3.909,5.027,5.600,3.921,9700.9,10.0,36337.1,514.9,14.0,14.0,0.0,0.0,0.0,0.0,0.00,acorn:58|rre:2
beir500k-rq1,neg10_cat20,neg10,52122,sweeping,64,1,67,0.9657,0.7761,0.00032,3.490,13.755,19.359,4.801,20435.9,0.0,4506.7,2439.8,4.0,63.0,0.0,0.0,0.0,0.0,0.00,sweeping:67
beir500k-rq1,neg10_cat20,neg10,52122,sweeping,64,2,67,0.9657,0.7761,0.00032,3.394,13.566,19.119,4.819,20435.9,0.0,4506.7,2439.8,4.0,63.0,0.0,0.0,0.0,0.0,0.00,sweeping:67
beir500k-rq1,neg10_cat20,neg10,52122,sweeping,64,3,67,0.9657,0.7761,0.00032,3.604,13.864,20.395,4.858,20435.9,0.0,4506.7,2439.8,4.0,63.0,0.0,0.0,0.0,0.0,0.00,sweeping:67
beir500k-rq1,neg10_cat20,neg10,52122,sweeping,128,1,67,0.9896,0.9104,0.00005,5.947,20.366,27.650,7.403,29655.9,0.0,6848.6,3690.9,6.0,128.0,0.0,0.0,0.0,0.0,0.00,sweeping:67
beir500k-rq1,neg10_cat20,neg10,52122,sweeping,128,2,67,0.9896,0.9104,0.00005,5.553,23.369,32.004,8.115,29655.9,0.0,6848.6,3690.9,6.0,128.0,0.0,0.0,0.0,0.0,0.00,sweeping:67
beir500k-rq1,neg10_cat20,neg10,52122,sweeping,128,3,67,0.9896,0.9104,0.00005,5.526,20.143,25.831,7.253,29655.9,0.0,6848.6,3690.9,6.0,128.0,0.0,0.0,0.0,0.0,0.00,sweeping:67
beir500k-rq1,neg10_cat20,neg10,52122,sweeping,256,1,67,0.9985,0.9851,0.00000,9.148,31.924,36.905,11.395,43053.5,0.0,10585.3,5670.7,11.0,274.0,0.0,0.0,0.0,0.0,0.00,sweeping:67
beir500k-rq1,neg10_cat20,neg10,52122,sweeping,256,2,67,0.9985,0.9851,0.00000,9.226,28.101,34.718,11.048,43053.5,0.0,10585.3,5670.7,11.0,274.0,0.0,0.0,0.0,0.0,0.00,sweeping:67
beir500k-rq1,neg10_cat20,neg10,52122,sweeping,256,3,67,0.9985,0.9851,0.00000,9.127,28.504,36.200,11.160,43053.5,0.0,10585.3,5670.7,11.0,274.0,0.0,0.0,0.0,0.0,0.00,sweeping:67
beir500k-rq1,neg10_cat20,neg10,52122,sweeping,512,1,67,1.0000,1.0000,0.00000,14.281,39.543,46.872,17.250,62790.4,0.0,16528.9,8917.7,25.0,574.0,0.0,0.0,0.0,0.0,0.00,sweeping:67
beir500k-rq1,neg10_cat20,neg10,52122,sweeping,512,2,67,1.0000,1.0000,0.00000,14.435,40.708,46.574,17.524,62790.4,0.0,16528.9,8917.7,25.0,574.0,0.0,0.0,0.0,0.0,0.00,sweeping:67
beir500k-rq1,neg10_cat20,neg10,52122,sweeping,512,3,67,1.0000,1.0000,0.00000,14.045,39.492,48.536,17.507,62790.4,0.0,16528.9,8917.7,25.0,574.0,0.0,0.0,0.0,0.0,0.00,sweeping:67
beir500k-rq1,neg10_cat20,neg10,52122,pathseer,64,1,67,0.9522,0.7463,0.00056,1.171,3.771,7.191,1.468,3061.8,0.0,10234.2,947.4,3.0,46.0,156.7,13.4,6995.1,2.4,0.00,pathseer:67
beir500k-rq1,neg10_cat20,neg10,52122,pathseer,64,2,67,0.9522,0.7463,0.00056,1.150,3.731,6.673,1.455,3061.8,0.0,10234.2,947.4,3.0,46.0,156.7,13.4,6995.1,2.4,0.00,pathseer:67
beir500k-rq1,neg10_cat20,neg10,52122,pathseer,64,3,67,0.9522,0.7463,0.00056,1.179,3.718,7.003,1.471,3061.8,0.0,10234.2,947.4,3.0,46.0,156.7,13.4,6995.1,2.4,0.00,pathseer:67
beir500k-rq1,neg10_cat20,neg10,52122,pathseer,128,1,67,0.9836,0.8657,0.00018,2.099,6.677,9.818,2.586,5223.6,0.0,15817.6,1589.9,5.0,101.0,281.8,24.0,10373.4,4.4,0.00,pathseer:67
beir500k-rq1,neg10_cat20,neg10,52122,pathseer,128,2,67,0.9836,0.8657,0.00018,2.077,6.665,14.564,2.926,5223.6,0.0,15817.6,1589.9,5.0,101.0,281.8,24.0,10373.4,4.4,0.00,pathseer:67
beir500k-rq1,neg10_cat20,neg10,52122,pathseer,128,3,67,0.9836,0.8657,0.00018,1.972,6.113,9.673,2.453,5223.6,0.0,15817.6,1589.9,5.0,101.0,281.8,24.0,10373.4,4.4,0.00,pathseer:67
beir500k-rq1,neg10_cat20,neg10,52122,pathseer,256,1,67,0.9955,0.9552,0.00003,3.318,9.599,12.639,4.119,8795.8,0.0,24330.7,2630.8,10.0,251.0,597.0,47.2,15226.6,9.3,0.00,pathseer:67
beir500k-rq1,neg10_cat20,neg10,52122,pathseer,256,2,67,0.9955,0.9552,0.00003,3.293,9.919,14.895,4.249,8795.8,0.0,24330.7,2630.8,10.0,251.0,597.0,47.2,15226.6,9.3,0.00,pathseer:67
beir500k-rq1,neg10_cat20,neg10,52122,pathseer,256,3,67,0.9955,0.9552,0.00003,3.554,9.422,13.988,4.297,8795.8,0.0,24330.7,2630.8,10.0,251.0,597.0,47.2,15226.6,9.3,0.00,pathseer:67
beir500k-rq1,neg10_cat20,neg10,52122,pathseer,512,1,67,1.0000,1.0000,0.00000,5.963,15.349,17.788,7.259,14787.2,0.0,37561.6,4470.5,19.0,472.0,1367.9,100.0,22045.8,21.4,0.00,pathseer:67
beir500k-rq1,neg10_cat20,neg10,52122,pathseer,512,2,67,1.0000,1.0000,0.00000,6.024,14.913,17.748,7.101,14787.2,0.0,37561.6,4470.5,19.0,472.0,1367.9,100.0,22045.8,21.4,0.00,pathseer:67
beir500k-rq1,neg10_cat20,neg10,52122,pathseer,512,3,67,1.0000,1.0000,0.00000,6.618,16.692,18.071,7.465,14787.2,0.0,37561.6,4470.5,19.0,472.0,1367.9,100.0,22045.8,21.4,0.00,pathseer:67
beir500k-rq1,neg10_cat20,neg10,52122,ours-no-twohop,64,1,67,0.9552,0.7612,0.00050,1.208,4.029,6.693,1.542,3259.7,0.0,10836.0,1027.6,4.0,63.0,0.0,0.0,7459.2,0.0,0.00,pathseer:67
beir500k-rq1,neg10_cat20,neg10,52122,ours-no-twohop,64,2,67,0.9552,0.7612,0.00050,1.192,3.963,6.710,1.559,3259.7,0.0,10836.0,1027.6,4.0,63.0,0.0,0.0,7459.2,0.0,0.00,pathseer:67
beir500k-rq1,neg10_cat20,neg10,52122,ours-no-twohop,64,3,67,0.9552,0.7612,0.00050,1.225,3.941,6.713,1.540,3259.7,0.0,10836.0,1027.6,4.0,63.0,0.0,0.0,7459.2,0.0,0.00,pathseer:67
beir500k-rq1,neg10_cat20,neg10,52122,ours-no-twohop,128,1,67,0.9851,0.8806,0.00015,2.171,7.114,9.619,2.709,5515.6,0.0,16513.3,1707.5,6.0,128.0,0.0,0.0,10914.6,0.0,0.00,pathseer:67
beir500k-rq1,neg10_cat20,neg10,52122,ours-no-twohop,128,2,67,0.9851,0.8806,0.00015,2.128,6.779,9.489,2.683,5515.6,0.0,16513.3,1707.5,6.0,128.0,0.0,0.0,10914.6,0.0,0.00,pathseer:67
beir500k-rq1,neg10_cat20,neg10,52122,ours-no-twohop,128,3,67,0.9851,0.8806,0.00015,2.137,6.649,9.577,2.626,5515.6,0.0,16513.3,1707.5,6.0,128.0,0.0,0.0,10914.6,0.0,0.00,pathseer:67
beir500k-rq1,neg10_cat20,neg10,52122,ours-no-twohop,256,1,67,0.9970,0.9701,0.00003,3.856,9.377,12.493,4.321,9199.5,0.0,24785.2,2781.6,11.0,274.0,0.0,0.0,15664.5,0.0,0.00,pathseer:67
beir500k-rq1,neg10_cat20,neg10,52122,ours-no-twohop,256,2,67,0.9970,0.9701,0.00003,3.696,10.970,12.454,4.579,9199.5,0.0,24785.2,2781.6,11.0,274.0,0.0,0.0,15664.5,0.0,0.00,pathseer:67
beir500k-rq1,neg10_cat20,neg10,52122,ours-no-twohop,256,3,67,0.9970,0.9701,0.00003,3.810,9.389,12.598,4.327,9199.5,0.0,24785.2,2781.6,11.0,274.0,0.0,0.0,15664.5,0.0,0.00,pathseer:67
beir500k-rq1,neg10_cat20,neg10,52122,ours-no-twohop,512,1,67,1.0000,1.0000,0.00000,6.333,15.725,17.982,7.465,15321.9,0.0,37597.3,4651.6,25.0,574.0,0.0,0.0,22545.1,0.0,0.00,pathseer:67
beir500k-rq1,neg10_cat20,neg10,52122,ours-no-twohop,512,2,67,1.0000,1.0000,0.00000,6.486,15.244,17.881,7.310,15321.9,0.0,37597.3,4651.6,25.0,574.0,0.0,0.0,22545.1,0.0,0.00,pathseer:67
beir500k-rq1,neg10_cat20,neg10,52122,ours-no-twohop,512,3,67,1.0000,1.0000,0.00000,6.499,15.843,17.490,7.584,15321.9,0.0,37597.3,4651.6,25.0,574.0,0.0,0.0,22545.1,0.0,0.00,pathseer:67
beir500k-rq1,neg10_cat20,neg10,52122,ours-guard,64,1,67,0.9522,0.7612,0.00057,1.153,4.055,6.768,1.519,2841.8,0.0,10500.9,1010.4,4.0,63.0,0.0,0.0,7556.8,0.0,0.00,pathseer:67
beir500k-rq1,neg10_cat20,neg10,52122,ours-guard,64,2,67,0.9522,0.7612,0.00057,1.145,3.986,6.720,1.494,2841.8,0.0,10500.9,1010.4,4.0,63.0,0.0,0.0,7556.8,0.0,0.00,pathseer:67
beir500k-rq1,neg10_cat20,neg10,52122,ours-guard,64,3,67,0.9522,0.7612,0.00057,1.151,3.994,6.650,1.494,2841.8,0.0,10500.9,1010.4,4.0,63.0,0.0,0.0,7556.8,0.0,0.00,pathseer:67
beir500k-rq1,neg10_cat20,neg10,52122,ours-guard,128,1,67,0.9821,0.8806,0.00016,2.053,6.270,8.939,2.495,4804.1,0.0,16103.6,1675.9,6.0,128.0,0.0,0.0,11100.7,0.0,0.00,pathseer:67
beir500k-rq1,neg10_cat20,neg10,52122,ours-guard,128,2,67,0.9821,0.8806,0.00016,2.092,6.541,9.281,2.612,4804.1,0.0,16103.6,1675.9,6.0,128.0,0.0,0.0,11100.7,0.0,0.00,pathseer:67
beir500k-rq1,neg10_cat20,neg10,52122,ours-guard,128,3,67,0.9821,0.8806,0.00016,2.011,6.439,8.743,2.460,4804.1,0.0,16103.6,1675.9,6.0,128.0,0.0,0.0,11100.7,0.0,0.00,pathseer:67
beir500k-rq1,neg10_cat20,neg10,52122,ours-guard,256,1,67,0.9940,0.9403,0.00007,3.560,9.303,11.766,4.091,7995.4,0.0,24364.7,2725.5,11.0,274.0,0.0,0.0,15995.2,0.0,0.00,pathseer:67
beir500k-rq1,neg10_cat20,neg10,52122,ours-guard,256,2,67,0.9940,0.9403,0.00007,3.671,9.008,12.641,4.220,7995.4,0.0,24364.7,2725.5,11.0,274.0,0.0,0.0,15995.2,0.0,0.00,pathseer:67
beir500k-rq1,neg10_cat20,neg10,52122,ours-guard,256,3,67,0.9940,0.9403,0.00007,3.469,9.316,13.996,4.206,7995.4,0.0,24364.7,2725.5,11.0,274.0,0.0,0.0,15995.2,0.0,0.00,pathseer:67
beir500k-rq1,neg10_cat20,neg10,52122,ours-guard,512,1,67,0.9985,0.9851,0.00000,6.403,15.808,18.287,7.099,13323.1,0.0,37110.5,4545.4,25.0,574.0,0.0,0.0,23087.4,0.0,0.00,pathseer:67
beir500k-rq1,neg10_cat20,neg10,52122,ours-guard,512,2,67,0.9985,0.9851,0.00000,6.339,15.039,16.778,7.038,13323.1,0.0,37110.5,4545.4,25.0,574.0,0.0,0.0,23087.4,0.0,0.00,pathseer:67
beir500k-rq1,neg10_cat20,neg10,52122,ours-guard,512,3,67,0.9985,0.9851,0.00000,6.044,15.195,16.936,7.082,13323.1,0.0,37110.5,4545.4,25.0,574.0,0.0,0.0,23087.4,0.0,0.00,pathseer:67
beir500k-rq1,neg10_cat20,neg10,52122,acorn,64,1,67,0.9373,0.6716,0.00096,1.135,1.635,1.694,1.118,1939.5,10.0,11794.3,67.2,3.0,3.0,0.0,0.0,0.0,0.0,0.00,acorn:63|rre:4
beir500k-rq1,neg10_cat20,neg10,52122,acorn,64,2,67,0.9373,0.6716,0.00096,1.044,1.486,1.631,1.060,1939.5,10.0,11794.3,67.2,3.0,3.0,0.0,0.0,0.0,0.0,0.00,acorn:63|rre:4
beir500k-rq1,neg10_cat20,neg10,52122,acorn,64,3,67,0.9373,0.6716,0.00096,1.065,1.525,1.565,1.059,1939.5,10.0,11794.3,67.2,3.0,3.0,0.0,0.0,0.0,0.0,0.00,acorn:63|rre:4
beir500k-rq1,neg10_cat20,neg10,52122,acorn,128,1,67,0.9701,0.7910,0.00038,1.792,2.515,2.583,1.763,3215.0,10.0,18676.7,130.7,4.0,4.0,0.0,0.0,0.0,0.0,0.00,acorn:63|rre:4
beir500k-rq1,neg10_cat20,neg10,52122,acorn,128,2,67,0.9701,0.7910,0.00038,1.704,2.433,2.651,1.738,3215.0,10.0,18676.7,130.7,4.0,4.0,0.0,0.0,0.0,0.0,0.00,acorn:63|rre:4
beir500k-rq1,neg10_cat20,neg10,52122,acorn,128,3,67,0.9701,0.7910,0.00038,1.740,2.509,2.537,1.739,3215.0,10.0,18676.7,130.7,4.0,4.0,0.0,0.0,0.0,0.0,0.00,acorn:63|rre:4
beir500k-rq1,neg10_cat20,neg10,52122,acorn,256,1,67,0.9896,0.8955,0.00009,2.934,3.800,3.829,2.811,5258.0,10.0,28968.7,258.9,6.0,6.0,0.0,0.0,0.0,0.0,0.00,acorn:63|rre:4
beir500k-rq1,neg10_cat20,neg10,52122,acorn,256,2,67,0.9896,0.8955,0.00009,2.822,3.836,3.910,2.815,5258.0,10.0,28968.7,258.9,6.0,6.0,0.0,0.0,0.0,0.0,0.00,acorn:63|rre:4
beir500k-rq1,neg10_cat20,neg10,52122,acorn,256,3,67,0.9896,0.8955,0.00009,2.973,4.004,4.469,2.911,5258.0,10.0,28968.7,258.9,6.0,6.0,0.0,0.0,0.0,0.0,0.00,acorn:63|rre:4
beir500k-rq1,neg10_cat20,neg10,52122,acorn,512,1,67,0.9955,0.9552,0.00002,4.798,6.365,6.505,4.697,8349.5,10.0,44205.8,514.1,14.0,13.0,0.0,0.0,0.0,0.0,0.00,acorn:63|rre:4
beir500k-rq1,neg10_cat20,neg10,52122,acorn,512,2,67,0.9955,0.9552,0.00002,4.845,6.111,6.563,4.660,8349.5,10.0,44205.8,514.1,14.0,13.0,0.0,0.0,0.0,0.0,0.00,acorn:63|rre:4
beir500k-rq1,neg10_cat20,neg10,52122,acorn,512,3,67,0.9955,0.9552,0.00002,4.797,5.970,6.395,4.647,8349.5,10.0,44205.8,514.1,14.0,13.0,0.0,0.0,0.0,0.0,0.00,acorn:63|rre:4
beir500k-rq1,neg10_cat21,neg10,74356,sweeping,64,1,61,0.9770,0.8525,0.00031,8.598,24.357,25.030,10.031,38560.5,0.0,8354.4,5007.1,4.0,123.0,0.0,0.0,0.0,0.0,0.00,sweeping:61
beir500k-rq1,neg10_cat21,neg10,74356,sweeping,64,2,61,0.9770,0.8525,0.00031,8.693,21.844,25.192,9.816,38560.5,0.0,8354.4,5007.1,4.0,123.0,0.0,0.0,0.0,0.0,0.00,sweeping:61
beir500k-rq1,neg10_cat21,neg10,74356,sweeping,64,3,61,0.9770,0.8525,0.00031,8.037,22.398,24.303,9.704,38560.5,0.0,8354.4,5007.1,4.0,123.0,0.0,0.0,0.0,0.0,0.00,sweeping:61
beir500k-rq1,neg10_cat21,neg10,74356,sweeping,128,1,61,0.9869,0.9016,0.00021,13.329,29.649,30.496,14.334,55050.5,0.0,12865.1,7618.7,7.0,265.0,0.0,0.0,0.0,0.0,0.00,sweeping:61
beir500k-rq1,neg10_cat21,neg10,74356,sweeping,128,2,61,0.9869,0.9016,0.00021,12.997,29.072,31.175,14.317,55050.5,0.0,12865.1,7618.7,7.0,265.0,0.0,0.0,0.0,0.0,0.00,sweeping:61
beir500k-rq1,neg10_cat21,neg10,74356,sweeping,128,3,61,0.9869,0.9016,0.00021,13.595,28.567,31.723,14.508,55050.5,0.0,12865.1,7618.7,7.0,265.0,0.0,0.0,0.0,0.0,0.00,sweeping:61
beir500k-rq1,neg10_cat21,neg10,74356,sweeping,256,1,61,0.9967,0.9672,0.00005,20.794,36.752,41.629,21.492,78111.6,0.0,19807.9,11562.2,13.0,505.0,0.0,0.0,0.0,0.0,0.00,sweeping:61
beir500k-rq1,neg10_cat21,neg10,74356,sweeping,256,2,61,0.9967,0.9672,0.00005,22.098,36.230,42.606,21.842,78111.6,0.0,19807.9,11562.2,13.0,505.0,0.0,0.0,0.0,0.0,0.00,sweeping:61
beir500k-rq1,neg10_cat21,neg10,74356,sweeping,256,3,61,0.9967,0.9672,0.00005,20.803,38.522,42.145,21.883,78111.6,0.0,19807.9,11562.2,13.0,505.0,0.0,0.0,0.0,0.0,0.00,sweeping:61
beir500k-rq1,neg10_cat21,neg10,74356,sweeping,512,1,61,1.0000,1.0000,0.00000,34.163,50.111,57.086,33.050,110727.0,0.0,30373.6,17785.5,26.0,998.0,0.0,0.0,0.0,0.0,0.00,sweeping:61
beir500k-rq1,neg10_cat21,neg10,74356,sweeping,512,2,61,1.0000,1.0000,0.00000,32.117,50.699,56.653,32.622,110727.0,0.0,30373.6,17785.5,26.0,998.0,0.0,0.0,0.0,0.0,0.00,sweeping:61
beir500k-rq1,neg10_cat21,neg10,74356,sweeping,512,3,61,1.0000,1.0000,0.00000,33.902,53.991,57.844,32.837,110727.0,0.0,30373.6,17785.5,26.0,998.0,0.0,0.0,0.0,0.0,0.00,sweeping:61
beir500k-rq1,neg10_cat21,neg10,74356,pathseer,64,1,61,0.9557,0.7541,0.00070,2.109,5.843,7.168,2.484,4035.4,0.0,18122.9,1709.9,3.0,115.0,164.7,11.4,13079.6,2.6,0.00,pathseer:61
beir500k-rq1,neg10_cat21,neg10,74356,pathseer,64,2,61,0.9557,0.7541,0.00070,1.908,6.802,7.328,2.479,4035.4,0.0,18122.9,1709.9,3.0,115.0,164.7,11.4,13079.6,2.6,0.00,pathseer:61
beir500k-rq1,neg10_cat21,neg10,74356,pathseer,64,3,61,0.9557,0.7541,0.00070,1.876,5.965,6.278,2.352,4035.4,0.0,18122.9,1709.9,3.0,115.0,164.7,11.4,13079.6,2.6,0.00,pathseer:61
beir500k-rq1,neg10_cat21,neg10,74356,pathseer,128,1,61,0.9787,0.8361,0.00028,3.279,8.186,9.289,3.874,6891.7,0.0,27683.9,2856.8,6.0,253.0,323.1,19.4,19239.7,5.0,0.00,pathseer:61
beir500k-rq1,neg10_cat21,neg10,74356,pathseer,128,2,61,0.9787,0.8361,0.00028,3.290,8.308,9.297,3.824,6891.7,0.0,27683.9,2856.8,6.0,253.0,323.1,19.4,19239.7,5.0,0.00,pathseer:61
beir500k-rq1,neg10_cat21,neg10,74356,pathseer,128,3,61,0.9787,0.8361,0.00028,3.337,8.454,9.308,3.956,6891.7,0.0,27683.9,2856.8,6.0,253.0,323.1,19.4,19239.7,5.0,0.00,pathseer:61
beir500k-rq1,neg10_cat21,neg10,74356,pathseer,256,1,61,0.9934,0.9508,0.00007,5.788,13.872,14.488,6.648,11686.3,0.0,41783.4,4727.5,11.0,437.0,655.7,41.5,27678.8,10.2,0.00,pathseer:61
beir500k-rq1,neg10_cat21,neg10,74356,pathseer,256,2,61,0.9934,0.9508,0.00007,5.698,12.654,14.115,6.736,11686.3,0.0,41783.4,4727.5,11.0,437.0,655.7,41.5,27678.8,10.2,0.00,pathseer:61
beir500k-rq1,neg10_cat21,neg10,74356,pathseer,256,3,61,0.9934,0.9508,0.00007,5.738,12.303,13.718,6.521,11686.3,0.0,41783.4,4727.5,11.0,437.0,655.7,41.5,27678.8,10.2,0.00,pathseer:61
beir500k-rq1,neg10_cat21,neg10,74356,pathseer,512,1,61,1.0000,1.0000,0.00000,10.253,20.593,22.676,11.375,19919.1,0.0,64226.1,7969.9,22.0,913.0,1384.9,82.1,40270.5,21.6,0.00,pathseer:61
beir500k-rq1,neg10_cat21,neg10,74356,pathseer,512,2,61,1.0000,1.0000,0.00000,10.551,19.020,21.178,11.323,19919.1,0.0,64226.1,7969.9,22.0,913.0,1384.9,82.1,40270.5,21.6,0.00,pathseer:61
beir500k-rq1,neg10_cat21,neg10,74356,pathseer,512,3,61,1.0000,1.0000,0.00000,10.251,19.278,21.284,11.300,19919.1,0.0,64226.1,7969.9,22.0,913.0,1384.9,82.1,40270.5,21.6,0.00,pathseer:61
beir500k-rq1,neg10_cat21,neg10,74356,ours-no-twohop,64,1,61,0.9557,0.7541,0.00078,1.916,5.692,6.305,2.416,4250.8,0.0,18860.6,1807.8,4.0,123.0,0.0,0.0,13658.5,0.0,0.00,pathseer:61
beir500k-rq1,neg10_cat21,neg10,74356,ours-no-twohop,64,2,61,0.9557,0.7541,0.00078,2.125,6.593,7.287,2.612,4250.8,0.0,18860.6,1807.8,4.0,123.0,0.0,0.0,13658.5,0.0,0.00,pathseer:61
beir500k-rq1,neg10_cat21,neg10,74356,ours-no-twohop,64,3,61,0.9557,0.7541,0.00078,1.893,5.812,6.092,2.428,4250.8,0.0,18860.6,1807.8,4.0,123.0,0.0,0.0,13658.5,0.0,0.00,pathseer:61
beir500k-rq1,neg10_cat21,neg10,74356,ours-no-twohop,128,1,61,0.9770,0.8361,0.00037,3.295,8.359,9.445,4.027,7212.2,0.0,28531.9,3007.5,7.0,265.0,0.0,0.0,19910.9,0.0,0.00,pathseer:61
beir500k-rq1,neg10_cat21,neg10,74356,ours-no-twohop,128,2,61,0.9770,0.8361,0.00037,3.399,8.679,9.822,4.148,7212.2,0.0,28531.9,3007.5,7.0,265.0,0.0,0.0,19910.9,0.0,0.00,pathseer:61
beir500k-rq1,neg10_cat21,neg10,74356,ours-no-twohop,128,3,61,0.9770,0.8361,0.00037,3.374,8.464,9.234,4.058,7212.2,0.0,28531.9,3007.5,7.0,265.0,0.0,0.0,19910.9,0.0,0.00,pathseer:61
beir500k-rq1,neg10_cat21,neg10,74356,ours-no-twohop,256,1,61,0.9934,0.9508,0.00007,5.556,13.302,14.483,7.001,12239.0,0.0,42994.3,5000.0,13.0,505.0,0.0,0.0,28646.1,0.0,0.00,pathseer:61
beir500k-rq1,neg10_cat21,neg10,74356,ours-no-twohop,256,2,61,0.9934,0.9508,0.00007,6.251,14.500,14.944,7.268,12239.0,0.0,42994.3,5000.0,13.0,505.0,0.0,0.0,28646.1,0.0,0.00,pathseer:61
beir500k-rq1,neg10_cat21,neg10,74356,ours-no-twohop,256,3,61,0.9934,0.9508,0.00007,6.138,13.415,14.596,7.180,12239.0,0.0,42994.3,5000.0,13.0,505.0,0.0,0.0,28646.1,0.0,0.00,pathseer:61
beir500k-rq1,neg10_cat21,neg10,74356,ours-no-twohop,512,1,61,1.0000,1.0000,0.00000,10.748,20.826,22.358,12.296,20815.2,0.0,65479.0,8406.3,26.0,998.0,0.0,0.0,41396.6,0.0,0.00,pathseer:61
beir500k-rq1,neg10_cat21,neg10,74356,ours-no-twohop,512,2,61,1.0000,1.0000,0.00000,11.894,22.707,23.201,12.931,20815.2,0.0,65479.0,8406.3,26.0,998.0,0.0,0.0,41396.6,0.0,0.00,pathseer:61
beir500k-rq1,neg10_cat21,neg10,74356,ours-no-twohop,512,3,61,1.0000,1.0000,0.00000,11.502,21.529,22.550,12.685,20815.2,0.0,65479.0,8406.3,26.0,998.0,0.0,0.0,41396.6,0.0,0.00,pathseer:61
beir500k-rq1,neg10_cat21,neg10,74356,ours-guard,64,1,61,0.9459,0.7377,0.00096,1.981,5.852,6.633,2.546,3920.7,0.0,17634.6,1787.6,4.0,123.0,0.0,0.0,13608.9,0.0,0.00,pathseer:61
beir500k-rq1,neg10_cat21,neg10,74356,ours-guard,64,2,61,0.9459,0.7377,0.00096,1.866,5.833,6.010,2.415,3920.7,0.0,17634.6,1787.6,4.0,123.0,0.0,0.0,13608.9,0.0,0.00,pathseer:61
beir500k-rq1,neg10_cat21,neg10,74356,ours-guard,64,3,61,0.9459,0.7377,0.00096,1.932,5.895,6.586,2.482,3920.7,0.0,17634.6,1787.6,4.0,123.0,0.0,0.0,13608.9,0.0,0.00,pathseer:61
beir500k-rq1,neg10_cat21,neg10,74356,ours-guard,128,1,61,0.9738,0.8197,0.00035,3.295,8.221,9.584,3.990,6613.6,0.0,26615.3,2966.7,7.0,265.0,0.0,0.0,19800.2,0.0,0.00,pathseer:61
beir500k-rq1,neg10_cat21,neg10,74356,ours-guard,128,2,61,0.9738,0.8197,0.00035,3.428,8.248,9.323,4.013,6613.6,0.0,26615.3,2966.7,7.0,265.0,0.0,0.0,19800.2,0.0,0.00,pathseer:61
beir500k-rq1,neg10_cat21,neg10,74356,ours-guard,128,3,61,0.9738,0.8197,0.00035,3.330,8.376,8.870,3.984,6613.6,0.0,26615.3,2966.7,7.0,265.0,0.0,0.0,19800.2,0.0,0.00,pathseer:61
beir500k-rq1,neg10_cat21,neg10,74356,ours-guard,256,1,61,0.9902,0.9180,0.00011,5.900,12.080,14.644,6.882,11210.7,0.0,40145.4,4932.4,13.0,505.0,0.0,0.0,28541.6,0.0,0.00,pathseer:61
beir500k-rq1,neg10_cat21,neg10,74356,ours-guard,256,2,61,0.9902,0.9180,0.00011,5.913,12.216,13.942,6.733,11210.7,0.0,40145.4,4932.4,13.0,505.0,0.0,0.0,28541.6,0.0,0.00,pathseer:61
beir500k-rq1,neg10_cat21,neg10,74356,ours-guard,256,3,61,0.9902,0.9180,0.00011,5.897,13.426,14.470,6.888,11210.7,0.0,40145.4,4932.4,13.0,505.0,0.0,0.0,28541.6,0.0,0.00,pathseer:61
beir500k-rq1,neg10_cat21,neg10,74356,ours-guard,512,1,61,0.9984,0.9836,0.00002,11.123,20.831,21.267,12.037,19051.5,0.0,60996.1,8279.8,26.0,998.0,0.0,0.0,41181.1,0.0,0.00,pathseer:61
beir500k-rq1,neg10_cat21,neg10,74356,ours-guard,512,2,61,0.9984,0.9836,0.00002,10.745,21.034,21.948,11.921,19051.5,0.0,60996.1,8279.8,26.0,998.0,0.0,0.0,41181.1,0.0,0.00,pathseer:61
beir500k-rq1,neg10_cat21,neg10,74356,ours-guard,512,3,61,0.9984,0.9836,0.00002,11.579,23.553,25.454,13.261,19051.5,0.0,60996.1,8279.8,26.0,998.0,0.0,0.0,41181.1,0.0,0.00,pathseer:61
beir500k-rq1,neg10_cat21,neg10,74356,acorn,64,1,61,0.8869,0.6066,0.00348,1.241,1.770,3.372,1.295,1711.1,10.0,11879.3,67.5,3.0,3.0,0.0,0.0,0.0,0.0,0.00,acorn:59|rre:2
beir500k-rq1,neg10_cat21,neg10,74356,acorn,64,2,61,0.8869,0.6066,0.00348,1.166,1.621,1.834,1.141,1711.1,10.0,11879.3,67.5,3.0,3.0,0.0,0.0,0.0,0.0,0.00,acorn:59|rre:2
beir500k-rq1,neg10_cat21,neg10,74356,acorn,64,3,61,0.8869,0.6066,0.00348,1.103,1.523,1.542,1.050,1711.1,10.0,11879.3,67.5,3.0,3.0,0.0,0.0,0.0,0.0,0.00,acorn:59|rre:2
beir500k-rq1,neg10_cat21,neg10,74356,acorn,128,1,61,0.9311,0.7705,0.00248,1.905,2.570,2.671,1.816,3076.4,10.0,20190.5,132.3,5.0,5.0,0.0,0.0,0.0,0.0,0.00,acorn:59|rre:2
beir500k-rq1,neg10_cat21,neg10,74356,acorn,128,2,61,0.9311,0.7705,0.00248,2.011,2.499,2.752,1.852,3076.4,10.0,20190.5,132.3,5.0,5.0,0.0,0.0,0.0,0.0,0.00,acorn:59|rre:2
beir500k-rq1,neg10_cat21,neg10,74356,acorn,128,3,61,0.9311,0.7705,0.00248,1.826,2.498,2.887,1.854,3076.4,10.0,20190.5,132.3,5.0,5.0,0.0,0.0,0.0,0.0,0.00,acorn:59|rre:2
beir500k-rq1,neg10_cat21,neg10,74356,acorn,256,1,61,0.9754,0.9016,0.00076,3.287,4.201,4.463,3.209,5464.1,10.0,33352.0,261.7,9.0,9.0,0.0,0.0,0.0,0.0,0.00,acorn:59|rre:2
beir500k-rq1,neg10_cat21,neg10,74356,acorn,256,2,61,0.9754,0.9016,0.00076,3.261,4.230,4.476,3.236,5464.1,10.0,33352.0,261.7,9.0,9.0,0.0,0.0,0.0,0.0,0.00,acorn:59|rre:2
beir500k-rq1,neg10_cat21,neg10,74356,acorn,256,3,61,0.9754,0.9016,0.00076,3.199,4.361,4.538,3.231,5464.1,10.0,33352.0,261.7,9.0,9.0,0.0,0.0,0.0,0.0,0.00,acorn:59|rre:2
beir500k-rq1,neg10_cat21,neg10,74356,acorn,512,1,61,0.9967,0.9672,0.00006,5.786,6.893,7.073,5.562,9156.1,10.0,53048.2,515.3,21.0,19.0,0.0,0.0,0.0,0.0,0.00,acorn:59|rre:2
beir500k-rq1,neg10_cat21,neg10,74356,acorn,512,2,61,0.9967,0.9672,0.00006,5.614,6.964,7.123,5.471,9156.1,10.0,53048.2,515.3,21.0,19.0,0.0,0.0,0.0,0.0,0.00,acorn:59|rre:2
beir500k-rq1,neg10_cat21,neg10,74356,acorn,512,3,61,0.9967,0.9672,0.00006,5.731,7.067,7.638,5.700,9156.1,10.0,53048.2,515.3,21.0,19.0,0.0,0.0,0.0,0.0,0.00,acorn:59|rre:2
beir500k-rq1,neg40_cat00,neg40,210687,sweeping,64,1,12,1.0000,1.0000,0.00000,0.654,0.791,1.113,0.654,2974.0,0.0,451.2,147.4,3.0,5.0,0.0,0.0,0.0,0.0,0.00,sweeping:12
beir500k-rq1,neg40_cat00,neg40,210687,sweeping,64,2,12,1.0000,1.0000,0.00000,0.571,0.860,0.904,0.580,2974.0,0.0,451.2,147.4,3.0,5.0,0.0,0.0,0.0,0.0,0.00,sweeping:12
beir500k-rq1,neg40_cat00,neg40,210687,sweeping,64,3,12,1.0000,1.0000,0.00000,0.558,0.731,0.848,0.551,2974.0,0.0,451.2,147.4,3.0,5.0,0.0,0.0,0.0,0.0,0.00,sweeping:12
beir500k-rq1,neg40_cat00,neg40,210687,sweeping,128,1,12,1.0000,1.0000,0.00000,1.210,1.970,2.223,1.254,5210.7,0.0,770.5,286.7,5.0,9.0,0.0,0.0,0.0,0.0,0.00,sweeping:12
beir500k-rq1,neg40_cat00,neg40,210687,sweeping,128,2,12,1.0000,1.0000,0.00000,1.561,1.941,2.194,1.474,5210.7,0.0,770.5,286.7,5.0,9.0,0.0,0.0,0.0,0.0,0.00,sweeping:12
beir500k-rq1,neg40_cat00,neg40,210687,sweeping,128,3,12,1.0000,1.0000,0.00000,1.282,1.983,2.097,1.320,5210.7,0.0,770.5,286.7,5.0,9.0,0.0,0.0,0.0,0.0,0.00,sweeping:12
beir500k-rq1,neg40_cat00,neg40,210687,sweeping,256,1,12,1.0000,1.0000,0.00000,2.211,3.268,3.373,2.164,8826.6,0.0,1399.0,549.8,9.0,20.0,0.0,0.0,0.0,0.0,0.00,sweeping:12
beir500k-rq1,neg40_cat00,neg40,210687,sweeping,256,2,12,1.0000,1.0000,0.00000,2.089,3.321,3.501,2.136,8826.6,0.0,1399.0,549.8,9.0,20.0,0.0,0.0,0.0,0.0,0.00,sweeping:12
beir500k-rq1,neg40_cat00,neg40,210687,sweeping,256,3,12,1.0000,1.0000,0.00000,3.424,7.728,21.492,4.983,8826.6,0.0,1399.0,549.8,9.0,20.0,0.0,0.0,0.0,0.0,0.00,sweeping:12
beir500k-rq1,neg40_cat00,neg40,210687,sweeping,512,1,12,1.0000,1.0000,0.00000,4.134,6.744,8.939,4.858,15149.1,0.0,2602.6,1093.8,22.0,43.0,0.0,0.0,0.0,0.0,0.00,sweeping:12
beir500k-rq1,neg40_cat00,neg40,210687,sweeping,512,2,12,1.0000,1.0000,0.00000,4.871,6.748,8.287,4.832,15149.1,0.0,2602.6,1093.8,22.0,43.0,0.0,0.0,0.0,0.0,0.00,sweeping:12
beir500k-rq1,neg40_cat00,neg40,210687,sweeping,512,3,12,1.0000,1.0000,0.00000,4.336,7.798,7.915,4.574,15149.1,0.0,2602.6,1093.8,22.0,43.0,0.0,0.0,0.0,0.0,0.00,sweeping:12
beir500k-rq1,neg40_cat00,neg40,210687,pathseer,64,1,12,1.0000,1.0000,0.00000,0.546,0.638,0.646,0.563,1677.6,0.0,1230.9,97.3,3.0,3.0,101.3,44.8,519.0,1.6,0.00,pathseer:12
beir500k-rq1,neg40_cat00,neg40,210687,pathseer,64,2,12,1.0000,1.0000,0.00000,0.640,0.876,0.989,0.683,1677.6,0.0,1230.9,97.3,3.0,3.0,101.3,44.8,519.0,1.6,0.00,pathseer:12
beir500k-rq1,neg40_cat00,neg40,210687,pathseer,64,3,12,1.0000,1.0000,0.00000,0.545,0.629,0.723,0.563,1677.6,0.0,1230.9,97.3,3.0,3.0,101.3,44.8,519.0,1.6,0.00,pathseer:12
beir500k-rq1,neg40_cat00,neg40,210687,pathseer,128,1,12,1.0000,1.0000,0.00000,0.988,1.171,1.439,1.027,2984.7,0.0,2247.4,193.8,4.0,4.0,170.7,78.8,961.0,2.7,0.00,pathseer:12
beir500k-rq1,neg40_cat00,neg40,210687,pathseer,128,2,12,1.0000,1.0000,0.00000,0.932,1.111,1.141,0.965,2984.7,0.0,2247.4,193.8,4.0,4.0,170.7,78.8,961.0,2.7,0.00,pathseer:12
beir500k-rq1,neg40_cat00,neg40,210687,pathseer,128,3,12,1.0000,1.0000,0.00000,0.887,1.067,1.226,0.923,2984.7,0.0,2247.4,193.8,4.0,4.0,170.7,78.8,961.0,2.7,0.00,pathseer:12
beir500k-rq1,neg40_cat00,neg40,210687,pathseer,256,1,12,1.0000,1.0000,0.00000,1.629,1.937,2.315,1.647,5153.0,0.0,4025.8,385.8,5.0,10.0,282.7,130.5,1744.3,4.4,0.00,pathseer:12
beir500k-rq1,neg40_cat00,neg40,210687,pathseer,256,2,12,1.0000,1.0000,0.00000,1.504,1.725,1.883,1.500,5153.0,0.0,4025.8,385.8,5.0,10.0,282.7,130.5,1744.3,4.4,0.00,pathseer:12
beir500k-rq1,neg40_cat00,neg40,210687,pathseer,256,3,12,1.0000,1.0000,0.00000,1.588,1.822,1.859,1.550,5153.0,0.0,4025.8,385.8,5.0,10.0,282.7,130.5,1744.3,4.4,0.00,pathseer:12
beir500k-rq1,neg40_cat00,neg40,210687,pathseer,512,1,12,1.0000,1.0000,0.00000,2.750,3.211,3.254,2.781,8803.8,0.0,7402.2,777.6,10.0,22.0,592.0,266.1,3189.6,9.2,0.00,pathseer:12
beir500k-rq1,neg40_cat00,neg40,210687,pathseer,512,2,12,1.0000,1.0000,0.00000,2.765,3.078,3.277,2.669,8803.8,0.0,7402.2,777.6,10.0,22.0,592.0,266.1,3189.6,9.2,0.00,pathseer:12
beir500k-rq1,neg40_cat00,neg40,210687,pathseer,512,3,12,1.0000,1.0000,0.00000,2.707,3.026,3.083,2.620,8803.8,0.0,7402.2,777.6,10.0,22.0,592.0,266.1,3189.6,9.2,0.00,pathseer:12
beir500k-rq1,neg40_cat00,neg40,210687,ours-no-twohop,64,1,12,1.0000,1.0000,0.00000,0.393,0.438,0.479,0.384,1705.8,0.0,1201.9,101.7,3.0,5.0,0.0,0.0,544.7,0.0,0.00,pathseer:12
beir500k-rq1,neg40_cat00,neg40,210687,ours-no-twohop,64,2,12,1.0000,1.0000,0.00000,0.429,0.455,0.561,0.416,1705.8,0.0,1201.9,101.7,3.0,5.0,0.0,0.0,544.7,0.0,0.00,pathseer:12
beir500k-rq1,neg40_cat00,neg40,210687,ours-no-twohop,64,3,12,1.0000,1.0000,0.00000,0.430,0.528,0.587,0.442,1705.8,0.0,1201.9,101.7,3.0,5.0,0.0,0.0,544.7,0.0,0.00,pathseer:12
beir500k-rq1,neg40_cat00,neg40,210687,ours-no-twohop,128,1,12,1.0000,1.0000,0.00000,0.745,0.834,0.994,0.743,3009.5,0.0,2161.0,204.0,5.0,9.0,0.0,0.0,1013.4,0.0,0.00,pathseer:12
beir500k-rq1,neg40_cat00,neg40,210687,ours-no-twohop,128,2,12,1.0000,1.0000,0.00000,0.664,0.785,0.890,0.660,3009.5,0.0,2161.0,204.0,5.0,9.0,0.0,0.0,1013.4,0.0,0.00,pathseer:12
beir500k-rq1,neg40_cat00,neg40,210687,ours-no-twohop,128,3,12,1.0000,1.0000,0.00000,0.713,0.802,0.848,0.711,3009.5,0.0,2161.0,204.0,5.0,9.0,0.0,0.0,1013.4,0.0,0.00,pathseer:12
beir500k-rq1,neg40_cat00,neg40,210687,ours-no-twohop,256,1,12,1.0000,1.0000,0.00000,1.363,1.665,1.747,1.373,5207.2,0.0,3926.2,409.6,9.0,20.0,0.0,0.0,1839.6,0.0,0.00,pathseer:12
beir500k-rq1,neg40_cat00,neg40,210687,ours-no-twohop,256,2,12,1.0000,1.0000,0.00000,1.378,1.618,1.667,1.365,5207.2,0.0,3926.2,409.6,9.0,20.0,0.0,0.0,1839.6,0.0,0.00,pathseer:12
beir500k-rq1,neg40_cat00,neg40,210687,ours-no-twohop,256,3,12,1.0000,1.0000,0.00000,1.366,1.605,1.686,1.328,5207.2,0.0,3926.2,409.6,9.0,20.0,0.0,0.0,1839.6,0.0,0.00,pathseer:12
beir500k-rq1,neg40_cat00,neg40,210687,ours-no-twohop,512,1,12,1.0000,1.0000,0.00000,2.649,3.044,3.087,2.542,8894.7,0.0,7220.5,822.6,22.0,43.0,0.0,0.0,3413.6,0.0,0.00,pathseer:12
beir500k-rq1,neg40_cat00,neg40,210687,ours-no-twohop,512,2,12,1.0000,1.0000,0.00000,2.518,2.931,3.024,2.501,8894.7,0.0,7220.5,822.6,22.0,43.0,0.0,0.0,3413.6,0.0,0.00,pathseer:12
beir500k-rq1,neg40_cat00,neg40,210687,ours-no-twohop,512,3,12,1.0000,1.0000,0.00000,2.609,3.183,3.222,2.558,8894.7,0.0,7220.5,822.6,22.0,43.0,0.0,0.0,3413.6,0.0,0.00,pathseer:12
beir500k-rq1,neg40_cat00,neg40,210687,ours-guard,64,1,12,0.9750,0.8333,0.00047,0.312,0.333,0.335,0.309,1235.9,0.0,1948.2,80.8,3.0,5.0,0.0,0.0,583.8,0.0,0.00,pathseer:12
beir500k-rq1,neg40_cat00,neg40,210687,ours-guard,64,2,12,0.9750,0.8333,0.00047,0.328,0.390,0.390,0.330,1235.9,0.0,1948.2,80.8,3.0,5.0,0.0,0.0,583.8,0.0,0.00,pathseer:12
beir500k-rq1,neg40_cat00,neg40,210687,ours-guard,64,3,12,0.9750,0.8333,0.00047,0.313,0.365,0.376,0.318,1235.9,0.0,1948.2,80.8,3.0,5.0,0.0,0.0,583.8,0.0,0.00,pathseer:12
beir500k-rq1,neg40_cat00,neg40,210687,ours-guard,128,1,12,0.9833,0.9167,0.00038,0.622,0.668,0.709,0.611,2228.1,0.0,3618.0,169.4,5.0,9.0,0.0,0.0,1173.7,0.0,0.00,pathseer:12
beir500k-rq1,neg40_cat00,neg40,210687,ours-guard,128,2,12,0.9833,0.9167,0.00038,0.590,0.642,0.650,0.577,2228.1,0.0,3618.0,169.4,5.0,9.0,0.0,0.0,1173.7,0.0,0.00,pathseer:12
beir500k-rq1,neg40_cat00,neg40,210687,ours-guard,128,3,12,0.9833,0.9167,0.00038,0.607,0.644,0.677,0.594,2228.1,0.0,3618.0,169.4,5.0,9.0,0.0,0.0,1173.7,0.0,0.00,pathseer:12
beir500k-rq1,neg40_cat00,neg40,210687,ours-guard,256,1,12,1.0000,1.0000,0.00000,1.177,1.277,1.277,1.147,3976.4,0.0,6660.4,359.1,9.0,20.0,0.0,0.0,2298.1,0.0,0.00,pathseer:12
beir500k-rq1,neg40_cat00,neg40,210687,ours-guard,256,2,12,1.0000,1.0000,0.00000,1.135,1.282,1.327,1.123,3976.4,0.0,6660.4,359.1,9.0,20.0,0.0,0.0,2298.1,0.0,0.00,pathseer:12
beir500k-rq1,neg40_cat00,neg40,210687,ours-guard,256,3,12,1.0000,1.0000,0.00000,1.088,1.226,1.229,1.084,3976.4,0.0,6660.4,359.1,9.0,20.0,0.0,0.0,2298.1,0.0,0.00,pathseer:12
beir500k-rq1,neg40_cat00,neg40,210687,ours-guard,512,1,12,1.0000,1.0000,0.00000,2.268,2.489,2.508,2.213,6876.9,0.0,11732.0,731.1,22.0,43.0,0.0,0.0,4167.9,0.0,0.00,pathseer:12
beir500k-rq1,neg40_cat00,neg40,210687,ours-guard,512,2,12,1.0000,1.0000,0.00000,2.454,2.649,2.785,2.429,6876.9,0.0,11732.0,731.1,22.0,43.0,0.0,0.0,4167.9,0.0,0.00,pathseer:12
beir500k-rq1,neg40_cat00,neg40,210687,ours-guard,512,3,12,1.0000,1.0000,0.00000,2.704,2.958,3.373,2.666,6876.9,0.0,11732.0,731.1,22.0,43.0,0.0,0.0,4167.9,0.0,0.00,pathseer:12
beir500k-rq1,neg40_cat00,neg40,210687,ours-puredos,64,1,9,0.9889,0.8889,0.00011,0.331,0.416,0.416,0.329,1094.1,0.0,1770.9,67.2,4.0,4.0,0.0,0.0,456.1,0.0,0.00,pathseer:9
beir500k-rq1,neg40_cat00,neg40,210687,ours-puredos,64,2,9,0.9889,0.8889,0.00011,0.324,0.384,0.384,0.328,1094.1,0.0,1770.9,67.2,4.0,4.0,0.0,0.0,456.1,0.0,0.00,pathseer:9
beir500k-rq1,neg40_cat00,neg40,210687,ours-puredos,64,3,9,0.9889,0.8889,0.00011,0.325,0.432,0.432,0.337,1094.1,0.0,1770.9,67.2,4.0,4.0,0.0,0.0,456.1,0.0,0.00,pathseer:9
beir500k-rq1,neg40_cat00,neg40,210687,ours-puredos,128,1,9,1.0000,1.0000,0.00000,0.646,0.794,0.794,0.655,1924.7,0.0,3120.3,131.4,8.0,7.0,0.0,0.0,814.0,0.0,0.00,pathseer:9
beir500k-rq1,neg40_cat00,neg40,210687,ours-puredos,128,2,9,1.0000,1.0000,0.00000,0.565,0.652,0.652,0.567,1924.7,0.0,3120.3,131.4,8.0,7.0,0.0,0.0,814.0,0.0,0.00,pathseer:9
beir500k-rq1,neg40_cat00,neg40,210687,ours-puredos,128,3,9,1.0000,1.0000,0.00000,0.505,0.633,0.633,0.519,1924.7,0.0,3120.3,131.4,8.0,7.0,0.0,0.0,814.0,0.0,0.00,pathseer:9
beir500k-rq1,neg40_cat00,neg40,210687,ours-puredos,256,1,9,1.0000,1.0000,0.00000,0.952,1.150,1.150,0.969,3309.3,0.0,5358.1,258.7,15.0,14.0,0.0,0.0,1365.1,0.0,0.00,pathseer:9
beir500k-rq1,neg40_cat00,neg40,210687,ours-puredos,256,2,9,1.0000,1.0000,0.00000,0.977,1.037,1.037,0.919,3309.3,0.0,5358.1,258.7,15.0,14.0,0.0,0.0,1365.1,0.0,0.00,pathseer:9
beir500k-rq1,neg40_cat00,neg40,210687,ours-puredos,256,3,9,1.0000,1.0000,0.00000,0.900,1.051,1.051,0.908,3309.3,0.0,5358.1,258.7,15.0,14.0,0.0,0.0,1365.1,0.0,0.00,pathseer:9
beir500k-rq1,neg40_cat00,neg40,210687,ours-puredos,512,1,9,1.0000,1.0000,0.00000,1.859,2.086,2.086,1.848,5741.8,0.0,9413.1,514.4,31.0,29.0,0.0,0.0,2423.1,0.0,0.00,pathseer:9
beir500k-rq1,neg40_cat00,neg40,210687,ours-puredos,512,2,9,1.0000,1.0000,0.00000,2.073,2.446,2.446,2.067,5741.8,0.0,9413.1,514.4,31.0,29.0,0.0,0.0,2423.1,0.0,0.00,pathseer:9
beir500k-rq1,neg40_cat00,neg40,210687,ours-puredos,512,3,9,1.0000,1.0000,0.00000,1.913,2.198,2.198,1.925,5741.8,0.0,9413.1,514.4,31.0,29.0,0.0,0.0,2423.1,0.0,0.00,pathseer:9
beir500k-rq1,neg40_cat01,neg40,224458,sweeping,64,1,22,0.9818,0.8182,0.00020,3.727,7.620,7.674,3.938,15974.9,0.0,3572.0,2156.1,4.0,60.0,0.0,0.0,0.0,0.0,0.00,sweeping:22
beir500k-rq1,neg40_cat01,neg40,224458,sweeping,64,2,22,0.9818,0.8182,0.00020,3.246,7.064,7.875,3.727,15974.9,0.0,3572.0,2156.1,4.0,60.0,0.0,0.0,0.0,0.0,0.00,sweeping:22
beir500k-rq1,neg40_cat01,neg40,224458,sweeping,64,3,22,0.9818,0.8182,0.00020,3.388,8.114,8.629,3.922,15974.9,0.0,3572.0,2156.1,4.0,60.0,0.0,0.0,0.0,0.0,0.00,sweeping:22
beir500k-rq1,neg40_cat01,neg40,224458,sweeping,128,1,22,0.9955,0.9545,0.00002,4.613,9.051,10.850,5.177,20585.6,0.0,5193.0,3000.0,6.0,103.0,0.0,0.0,0.0,0.0,0.00,sweeping:22
beir500k-rq1,neg40_cat01,neg40,224458,sweeping,128,2,22,0.9955,0.9545,0.00002,4.646,8.837,9.725,5.031,20585.6,0.0,5193.0,3000.0,6.0,103.0,0.0,0.0,0.0,0.0,0.00,sweeping:22
beir500k-rq1,neg40_cat01,neg40,224458,sweeping,128,3,22,0.9955,0.9545,0.00002,4.995,10.268,10.793,5.817,20585.6,0.0,5193.0,3000.0,6.0,103.0,0.0,0.0,0.0,0.0,0.00,sweeping:22
beir500k-rq1,neg40_cat01,neg40,224458,sweeping,256,1,22,1.0000,1.0000,0.00000,6.271,11.780,13.830,7.377,27031.5,0.0,7504.4,4224.3,11.0,191.0,0.0,0.0,0.0,0.0,0.00,sweeping:22
beir500k-rq1,neg40_cat01,neg40,224458,sweeping,256,2,22,1.0000,1.0000,0.00000,6.611,13.961,14.950,7.750,27031.5,0.0,7504.4,4224.3,11.0,191.0,0.0,0.0,0.0,0.0,0.00,sweeping:22
beir500k-rq1,neg40_cat01,neg40,224458,sweeping,256,3,22,1.0000,1.0000,0.00000,7.142,12.759,12.762,7.772,27031.5,0.0,7504.4,4224.3,11.0,191.0,0.0,0.0,0.0,0.0,0.00,sweeping:22
beir500k-rq1,neg40_cat01,neg40,224458,sweeping,512,1,22,1.0000,1.0000,0.00000,9.882,18.483,20.174,11.391,36154.7,0.0,10718.4,5960.1,24.0,370.0,0.0,0.0,0.0,0.0,0.00,sweeping:22
beir500k-rq1,neg40_cat01,neg40,224458,sweeping,512,2,22,1.0000,1.0000,0.00000,9.814,16.383,16.990,10.530,36154.7,0.0,10718.4,5960.1,24.0,370.0,0.0,0.0,0.0,0.0,0.00,sweeping:22
beir500k-rq1,neg40_cat01,neg40,224458,sweeping,512,3,22,1.0000,1.0000,0.00000,10.185,17.376,17.746,10.600,36154.7,0.0,10718.4,5960.1,24.0,370.0,0.0,0.0,0.0,0.0,0.00,sweeping:22
beir500k-rq1,neg40_cat01,neg40,224458,pathseer,64,1,22,0.9591,0.6818,0.00053,1.121,2.620,2.911,1.288,2829.1,0.0,8059.7,663.5,3.0,39.0,139.6,26.3,5532.2,2.2,0.00,pathseer:22
beir500k-rq1,neg40_cat01,neg40,224458,pathseer,64,2,22,0.9591,0.6818,0.00053,0.943,2.174,2.357,1.076,2829.1,0.0,8059.7,663.5,3.0,39.0,139.6,26.3,5532.2,2.2,0.00,pathseer:22
beir500k-rq1,neg40_cat01,neg40,224458,pathseer,64,3,22,0.9591,0.6818,0.00053,0.969,2.316,2.372,1.115,2829.1,0.0,8059.7,663.5,3.0,39.0,139.6,26.3,5532.2,2.2,0.00,pathseer:22
beir500k-rq1,neg40_cat01,neg40,224458,pathseer,128,1,22,0.9818,0.8182,0.00022,1.741,3.432,3.696,1.889,4997.5,0.0,12225.1,1193.9,5.0,81.0,238.5,43.2,7813.1,3.7,0.00,pathseer:22
beir500k-rq1,neg40_cat01,neg40,224458,pathseer,128,2,22,0.9818,0.8182,0.00022,1.744,3.560,3.789,1.918,4997.5,0.0,12225.1,1193.9,5.0,81.0,238.5,43.2,7813.1,3.7,0.00,pathseer:22
beir500k-rq1,neg40_cat01,neg40,224458,pathseer,128,3,22,0.9818,0.8182,0.00022,1.773,3.793,4.017,1.991,4997.5,0.0,12225.1,1193.9,5.0,81.0,238.5,43.2,7813.1,3.7,0.00,pathseer:22
beir500k-rq1,neg40_cat01,neg40,224458,pathseer,256,1,22,0.9955,0.9545,0.00004,3.135,5.658,6.018,3.318,8625.6,0.0,17378.1,1973.7,9.0,161.0,477.1,80.5,10095.9,7.5,0.00,pathseer:22
beir500k-rq1,neg40_cat01,neg40,224458,pathseer,256,2,22,0.9955,0.9545,0.00004,3.236,6.107,6.219,3.385,8625.6,0.0,17378.1,1973.7,9.0,161.0,477.1,80.5,10095.9,7.5,0.00,pathseer:22
beir500k-rq1,neg40_cat01,neg40,224458,pathseer,256,3,22,0.9955,0.9545,0.00004,3.138,5.650,6.125,3.320,8625.6,0.0,17378.1,1973.7,9.0,161.0,477.1,80.5,10095.9,7.5,0.00,pathseer:22
beir500k-rq1,neg40_cat01,neg40,224458,pathseer,512,1,22,1.0000,1.0000,0.00000,5.756,8.907,9.251,5.798,15141.0,0.0,25578.7,3449.6,17.0,300.0,1044.4,151.3,12847.8,16.3,0.00,pathseer:22
beir500k-rq1,neg40_cat01,neg40,224458,pathseer,512,2,22,1.0000,1.0000,0.00000,5.701,9.909,10.051,5.936,15141.0,0.0,25578.7,3449.6,17.0,300.0,1044.4,151.3,12847.8,16.3,0.00,pathseer:22
beir500k-rq1,neg40_cat01,neg40,224458,pathseer,512,3,22,1.0000,1.0000,0.00000,5.780,10.250,10.393,6.118,15141.0,0.0,25578.7,3449.6,17.0,300.0,1044.4,151.3,12847.8,16.3,0.00,pathseer:22
beir500k-rq1,neg40_cat01,neg40,224458,ours-no-twohop,64,1,22,0.9636,0.6818,0.00049,1.201,2.202,2.398,1.240,3196.4,0.0,9312.5,821.4,4.0,60.0,0.0,0.0,6370.1,0.0,0.00,pathseer:22
beir500k-rq1,neg40_cat01,neg40,224458,ours-no-twohop,64,2,22,0.9636,0.6818,0.00049,1.176,2.112,2.275,1.222,3196.4,0.0,9312.5,821.4,4.0,60.0,0.0,0.0,6370.1,0.0,0.00,pathseer:22
beir500k-rq1,neg40_cat01,neg40,224458,ours-no-twohop,64,3,22,0.9636,0.6818,0.00049,1.140,2.286,2.299,1.245,3196.4,0.0,9312.5,821.4,4.0,60.0,0.0,0.0,6370.1,0.0,0.00,pathseer:22
beir500k-rq1,neg40_cat01,neg40,224458,ours-no-twohop,128,1,22,0.9818,0.8182,0.00022,1.962,3.782,3.961,2.128,5388.1,0.0,13100.7,1349.5,6.0,103.0,0.0,0.0,8350.7,0.0,0.00,pathseer:22
beir500k-rq1,neg40_cat01,neg40,224458,ours-no-twohop,128,2,22,0.9818,0.8182,0.00022,2.059,3.889,4.031,2.190,5388.1,0.0,13100.7,1349.5,6.0,103.0,0.0,0.0,8350.7,0.0,0.00,pathseer:22
beir500k-rq1,neg40_cat01,neg40,224458,ours-no-twohop,128,3,22,0.9818,0.8182,0.00022,2.090,4.191,4.235,2.238,5388.1,0.0,13100.7,1349.5,6.0,103.0,0.0,0.0,8350.7,0.0,0.00,pathseer:22
beir500k-rq1,neg40_cat01,neg40,224458,ours-no-twohop,256,1,22,0.9955,0.9545,0.00004,3.798,7.315,7.449,4.029,9303.1,0.0,18429.4,2251.9,11.0,191.0,0.0,0.0,10603.4,0.0,0.00,pathseer:22
beir500k-rq1,neg40_cat01,neg40,224458,ours-no-twohop,256,2,22,0.9955,0.9545,0.00004,3.265,6.065,6.241,3.664,9303.1,0.0,18429.4,2251.9,11.0,191.0,0.0,0.0,10603.4,0.0,0.00,pathseer:22
beir500k-rq1,neg40_cat01,neg40,224458,ours-no-twohop,256,3,22,0.9955,0.9545,0.00004,3.832,7.043,7.159,4.062,9303.1,0.0,18429.4,2251.9,11.0,191.0,0.0,0.0,10603.4,0.0,0.00,pathseer:22
beir500k-rq1,neg40_cat01,neg40,224458,ours-no-twohop,512,1,22,1.0000,1.0000,0.00000,6.039,10.436,10.564,6.523,15944.4,0.0,25978.0,3757.5,24.0,370.0,0.0,0.0,13076.4,0.0,0.00,pathseer:22
beir500k-rq1,neg40_cat01,neg40,224458,ours-no-twohop,512,2,22,1.0000,1.0000,0.00000,6.167,10.603,10.835,6.520,15944.4,0.0,25978.0,3757.5,24.0,370.0,0.0,0.0,13076.4,0.0,0.00,pathseer:22
beir500k-rq1,neg40_cat01,neg40,224458,ours-no-twohop,512,3,22,1.0000,1.0000,0.00000,5.750,10.114,10.737,6.536,15944.4,0.0,25978.0,3757.5,24.0,370.0,0.0,0.0,13076.4,0.0,0.00,pathseer:22
beir500k-rq1,neg40_cat01,neg40,224458,ours-guard,64,1,22,0.9636,0.6364,0.00051,1.263,2.534,2.789,1.392,2918.3,0.0,9466.6,807.0,4.0,60.0,0.0,0.0,6431.4,0.0,0.00,pathseer:22
beir500k-rq1,neg40_cat01,neg40,224458,ours-guard,64,2,22,0.9636,0.6364,0.00051,1.390,2.679,3.008,1.479,2918.3,0.0,9466.6,807.0,4.0,60.0,0.0,0.0,6431.4,0.0,0.00,pathseer:22
beir500k-rq1,neg40_cat01,neg40,224458,ours-guard,64,3,22,0.9636,0.6364,0.00051,1.352,2.292,2.528,1.304,2918.3,0.0,9466.6,807.0,4.0,60.0,0.0,0.0,6431.4,0.0,0.00,pathseer:22
beir500k-rq1,neg40_cat01,neg40,224458,ours-guard,128,1,22,0.9818,0.8182,0.00022,2.002,3.768,4.031,2.164,4946.9,0.0,13681.9,1330.4,6.0,103.0,0.0,0.0,8513.0,0.0,0.00,pathseer:22
beir500k-rq1,neg40_cat01,neg40,224458,ours-guard,128,2,22,0.9818,0.8182,0.00022,2.042,3.883,4.046,2.114,4946.9,0.0,13681.9,1330.4,6.0,103.0,0.0,0.0,8513.0,0.0,0.00,pathseer:22
beir500k-rq1,neg40_cat01,neg40,224458,ours-guard,128,3,22,0.9818,0.8182,0.00022,2.001,3.901,3.904,2.144,4946.9,0.0,13681.9,1330.4,6.0,103.0,0.0,0.0,8513.0,0.0,0.00,pathseer:22
beir500k-rq1,neg40_cat01,neg40,224458,ours-guard,256,1,22,0.9955,0.9545,0.00004,3.294,5.812,6.223,3.513,8627.6,0.0,20014.9,2226.8,11.0,191.0,0.0,0.0,10956.0,0.0,0.00,pathseer:22
beir500k-rq1,neg40_cat01,neg40,224458,ours-guard,256,2,22,0.9955,0.9545,0.00004,3.327,6.029,6.167,3.605,8627.6,0.0,20014.9,2226.8,11.0,191.0,0.0,0.0,10956.0,0.0,0.00,pathseer:22
beir500k-rq1,neg40_cat01,neg40,224458,ours-guard,256,3,22,0.9955,0.9545,0.00004,3.325,6.174,6.542,3.608,8627.6,0.0,20014.9,2226.8,11.0,191.0,0.0,0.0,10956.0,0.0,0.00,pathseer:22
beir500k-rq1,neg40_cat01,neg40,224458,ours-guard,512,1,22,1.0000,1.0000,0.00000,6.036,9.614,10.609,6.199,14852.9,0.0,29324.9,3715.4,24.0,370.0,0.0,0.0,13656.1,0.0,0.00,pathseer:22
beir500k-rq1,neg40_cat01,neg40,224458,ours-guard,512,2,22,1.0000,1.0000,0.00000,6.005,9.692,10.684,6.236,14852.9,0.0,29324.9,3715.4,24.0,370.0,0.0,0.0,13656.1,0.0,0.00,pathseer:22
beir500k-rq1,neg40_cat01,neg40,224458,ours-guard,512,3,22,1.0000,1.0000,0.00000,5.612,9.670,9.698,6.142,14852.9,0.0,29324.9,3715.4,24.0,370.0,0.0,0.0,13656.1,0.0,0.00,pathseer:22
beir500k-rq1,neg40_cat01,neg40,224458,ours-puredos,64,1,9,0.5556,0.2222,0.00265,0.217,0.343,0.343,0.176,672.7,0.0,1073.4,44.7,6.0,6.0,0.0,0.0,276.3,0.0,0.00,pathseer:9
beir500k-rq1,neg40_cat01,neg40,224458,ours-puredos,64,2,9,0.5556,0.2222,0.00265,0.209,0.266,0.266,0.160,672.7,0.0,1073.4,44.7,6.0,6.0,0.0,0.0,276.3,0.0,0.00,pathseer:9
beir500k-rq1,neg40_cat01,neg40,224458,ours-puredos,64,3,9,0.5556,0.2222,0.00265,0.202,0.247,0.247,0.155,672.7,0.0,1073.4,44.7,6.0,6.0,0.0,0.0,276.3,0.0,0.00,pathseer:9
beir500k-rq1,neg40_cat01,neg40,224458,ours-puredos,128,1,9,0.5889,0.2222,0.00182,0.474,0.625,0.625,0.354,1347.4,0.0,2030.2,88.0,11.0,10.0,0.0,0.0,448.8,0.0,0.00,pathseer:9
beir500k-rq1,neg40_cat01,neg40,224458,ours-puredos,128,2,9,0.5889,0.2222,0.00182,0.434,0.582,0.582,0.339,1347.4,0.0,2030.2,88.0,11.0,10.0,0.0,0.0,448.8,0.0,0.00,pathseer:9
beir500k-rq1,neg40_cat01,neg40,224458,ours-puredos,128,3,9,0.5889,0.2222,0.00182,0.400,0.506,0.506,0.315,1347.4,0.0,2030.2,88.0,11.0,10.0,0.0,0.0,448.8,0.0,0.00,pathseer:9
beir500k-rq1,neg40_cat01,neg40,224458,ours-puredos,256,1,9,0.6222,0.4444,0.00119,0.845,1.085,1.085,0.659,2599.6,0.0,3832.3,172.9,18.0,17.0,0.0,0.0,776.8,0.0,0.00,pathseer:9
beir500k-rq1,neg40_cat01,neg40,224458,ours-puredos,256,2,9,0.6222,0.4444,0.00119,0.865,1.078,1.078,0.639,2599.6,0.0,3832.3,172.9,18.0,17.0,0.0,0.0,776.8,0.0,0.00,pathseer:9
beir500k-rq1,neg40_cat01,neg40,224458,ours-puredos,256,3,9,0.6222,0.4444,0.00119,0.924,1.018,1.018,0.644,2599.6,0.0,3832.3,172.9,18.0,17.0,0.0,0.0,776.8,0.0,0.00,pathseer:9
beir500k-rq1,neg40_cat01,neg40,224458,ours-puredos,512,1,9,0.6444,0.5556,0.00045,2.313,2.574,2.574,1.607,5130.2,0.0,7364.9,343.3,35.0,31.0,0.0,0.0,1350.3,0.0,0.00,pathseer:9
beir500k-rq1,neg40_cat01,neg40,224458,ours-puredos,512,2,9,0.6444,0.5556,0.00045,2.286,2.477,2.477,1.606,5130.2,0.0,7364.9,343.3,35.0,31.0,0.0,0.0,1350.3,0.0,0.00,pathseer:9
beir500k-rq1,neg40_cat01,neg40,224458,ours-puredos,512,3,9,0.6444,0.5556,0.00045,1.768,2.250,2.250,1.360,5130.2,0.0,7364.9,343.3,35.0,31.0,0.0,0.0,1350.3,0.0,0.00,pathseer:9
beir500k-rq1,neg40_cat02,neg40,201752,sweeping,64,1,60,0.9233,0.5833,0.00111,4.299,9.731,10.147,4.880,21858.0,0.0,5236.8,2458.7,3.0,64.0,0.0,0.0,0.0,0.0,0.00,sweeping:60
beir500k-rq1,neg40_cat02,neg40,201752,sweeping,64,2,60,0.9233,0.5833,0.00111,4.339,9.483,10.578,4.884,21858.0,0.0,5236.8,2458.7,3.0,64.0,0.0,0.0,0.0,0.0,0.00,sweeping:60
beir500k-rq1,neg40_cat02,neg40,201752,sweeping,64,3,60,0.9233,0.5833,0.00111,4.779,10.224,10.957,5.202,21858.0,0.0,5236.8,2458.7,3.0,64.0,0.0,0.0,0.0,0.0,0.00,sweeping:60
beir500k-rq1,neg40_cat02,neg40,201752,sweeping,128,1,60,0.9583,0.7167,0.00052,6.379,12.825,15.852,6.906,28225.7,0.0,7506.2,3552.0,5.0,120.0,0.0,0.0,0.0,0.0,0.00,sweeping:60
beir500k-rq1,neg40_cat02,neg40,201752,sweeping,128,2,60,0.9583,0.7167,0.00052,6.179,12.530,12.616,6.781,28225.7,0.0,7506.2,3552.0,5.0,120.0,0.0,0.0,0.0,0.0,0.00,sweeping:60
beir500k-rq1,neg40_cat02,neg40,201752,sweeping,128,3,60,0.9583,0.7167,0.00052,6.192,12.308,12.596,6.690,28225.7,0.0,7506.2,3552.0,5.0,120.0,0.0,0.0,0.0,0.0,0.00,sweeping:60
beir500k-rq1,neg40_cat02,neg40,201752,sweeping,256,1,60,0.9750,0.8167,0.00034,9.129,17.449,18.451,9.653,36801.4,0.0,10517.3,5043.7,9.0,238.0,0.0,0.0,0.0,0.0,0.00,sweeping:60
beir500k-rq1,neg40_cat02,neg40,201752,sweeping,256,2,60,0.9750,0.8167,0.00034,9.321,17.649,18.390,9.624,36801.4,0.0,10517.3,5043.7,9.0,238.0,0.0,0.0,0.0,0.0,0.00,sweeping:60
beir500k-rq1,neg40_cat02,neg40,201752,sweeping,256,3,60,0.9750,0.8167,0.00034,9.610,18.318,19.310,10.003,36801.4,0.0,10517.3,5043.7,9.0,238.0,0.0,0.0,0.0,0.0,0.00,sweeping:60
beir500k-rq1,neg40_cat02,neg40,201752,sweeping,512,1,60,0.9900,0.9000,0.00018,13.402,23.830,24.801,13.601,48748.1,0.0,14631.6,7153.3,18.0,429.0,0.0,0.0,0.0,0.0,0.00,sweeping:60
beir500k-rq1,neg40_cat02,neg40,201752,sweeping,512,2,60,0.9900,0.9000,0.00018,12.987,23.808,24.800,13.403,48748.1,0.0,14631.6,7153.3,18.0,429.0,0.0,0.0,0.0,0.0,0.00,sweeping:60
beir500k-rq1,neg40_cat02,neg40,201752,sweeping,512,3,60,0.9900,0.9000,0.00018,13.456,24.009,24.918,13.776,48748.1,0.0,14631.6,7153.3,18.0,429.0,0.0,0.0,0.0,0.0,0.00,sweeping:60
beir500k-rq1,neg40_cat02,neg40,201752,pathseer,64,1,60,0.8767,0.4500,0.00213,1.334,3.267,3.589,1.489,3613.5,0.0,11547.7,843.3,3.0,44.0,134.4,17.9,8276.4,2.1,0.00,pathseer:60
beir500k-rq1,neg40_cat02,neg40,201752,pathseer,64,2,60,0.8767,0.4500,0.00213,1.340,3.202,3.726,1.507,3613.5,0.0,11547.7,843.3,3.0,44.0,134.4,17.9,8276.4,2.1,0.00,pathseer:60
beir500k-rq1,neg40_cat02,neg40,201752,pathseer,64,3,60,0.8767,0.4500,0.00213,1.366,3.282,3.774,1.502,3613.5,0.0,11547.7,843.3,3.0,44.0,134.4,17.9,8276.4,2.1,0.00,pathseer:60
beir500k-rq1,neg40_cat02,neg40,201752,pathseer,128,1,60,0.9383,0.5833,0.00094,2.466,5.192,5.461,2.622,6425.7,0.0,17282.1,1545.7,5.0,88.0,228.3,35.5,11522.8,3.6,0.00,pathseer:60
beir500k-rq1,neg40_cat02,neg40,201752,pathseer,128,2,60,0.9383,0.5833,0.00094,2.504,5.298,5.853,2.661,6425.7,0.0,17282.1,1545.7,5.0,88.0,228.3,35.5,11522.8,3.6,0.00,pathseer:60
beir500k-rq1,neg40_cat02,neg40,201752,pathseer,128,3,60,0.9383,0.5833,0.00094,2.721,5.636,6.043,2.753,6425.7,0.0,17282.1,1545.7,5.0,88.0,228.3,35.5,11522.8,3.6,0.00,pathseer:60
beir500k-rq1,neg40_cat02,neg40,201752,pathseer,256,1,60,0.9700,0.8167,0.00041,4.402,7.731,9.329,4.615,11172.7,0.0,24904.6,2699.0,7.0,207.0,420.3,59.1,15010.6,6.6,0.00,pathseer:60
beir500k-rq1,neg40_cat02,neg40,201752,pathseer,256,2,60,0.9700,0.8167,0.00041,4.546,8.235,9.469,4.743,11172.7,0.0,24904.6,2699.0,7.0,207.0,420.3,59.1,15010.6,6.6,0.00,pathseer:60
beir500k-rq1,neg40_cat02,neg40,201752,pathseer,256,3,60,0.9700,0.8167,0.00041,4.409,8.259,8.853,4.523,11172.7,0.0,24904.6,2699.0,7.0,207.0,420.3,59.1,15010.6,6.6,0.00,pathseer:60
beir500k-rq1,neg40_cat02,neg40,201752,pathseer,512,1,60,0.9900,0.9000,0.00018,7.460,12.480,13.899,7.713,18765.8,0.0,34840.5,4505.1,15.0,390.0,887.5,105.7,18526.2,13.9,0.00,pathseer:60
beir500k-rq1,neg40_cat02,neg40,201752,pathseer,512,2,60,0.9900,0.9000,0.00018,7.344,12.798,13.002,7.589,18765.8,0.0,34840.5,4505.1,15.0,390.0,887.5,105.7,18526.2,13.9,0.00,pathseer:60
beir500k-rq1,neg40_cat02,neg40,201752,pathseer,512,3,60,0.9900,0.9000,0.00018,7.661,14.300,14.595,7.813,18765.8,0.0,34840.5,4505.1,15.0,390.0,887.5,105.7,18526.2,13.9,0.00,pathseer:60
beir500k-rq1,neg40_cat02,neg40,201752,ours-no-twohop,64,1,60,0.8917,0.5167,0.00181,1.494,3.368,3.684,1.660,3946.1,0.0,12630.4,966.0,3.0,64.0,0.0,0.0,9025.5,0.0,0.00,pathseer:60
beir500k-rq1,neg40_cat02,neg40,201752,ours-no-twohop,64,2,60,0.8917,0.5167,0.00181,1.599,3.506,3.742,1.721,3946.1,0.0,12630.4,966.0,3.0,64.0,0.0,0.0,9025.5,0.0,0.00,pathseer:60
beir500k-rq1,neg40_cat02,neg40,201752,ours-no-twohop,64,3,60,0.8917,0.5167,0.00181,1.587,3.538,4.071,1.760,3946.1,0.0,12630.4,966.0,3.0,64.0,0.0,0.0,9025.5,0.0,0.00,pathseer:60
beir500k-rq1,neg40_cat02,neg40,201752,ours-no-twohop,128,1,60,0.9383,0.6000,0.00093,2.573,5.099,5.783,2.784,6902.0,0.0,18258.8,1703.5,5.0,120.0,0.0,0.0,12076.1,0.0,0.00,pathseer:60
beir500k-rq1,neg40_cat02,neg40,201752,ours-no-twohop,128,2,60,0.9383,0.6000,0.00093,2.567,5.099,5.868,2.761,6902.0,0.0,18258.8,1703.5,5.0,120.0,0.0,0.0,12076.1,0.0,0.00,pathseer:60
beir500k-rq1,neg40_cat02,neg40,201752,ours-no-twohop,128,3,60,0.9383,0.6000,0.00093,2.546,5.131,5.854,2.764,6902.0,0.0,18258.8,1703.5,5.0,120.0,0.0,0.0,12076.1,0.0,0.00,pathseer:60
beir500k-rq1,neg40_cat02,neg40,201752,ours-no-twohop,256,1,60,0.9700,0.8167,0.00041,4.661,7.835,9.097,4.686,11740.3,0.0,25650.2,2885.4,9.0,238.0,0.0,0.0,15387.9,0.0,0.00,pathseer:60
beir500k-rq1,neg40_cat02,neg40,201752,ours-no-twohop,256,2,60,0.9700,0.8167,0.00041,4.832,7.809,9.321,4.826,11740.3,0.0,25650.2,2885.4,9.0,238.0,0.0,0.0,15387.9,0.0,0.00,pathseer:60
beir500k-rq1,neg40_cat02,neg40,201752,ours-no-twohop,256,3,60,0.9700,0.8167,0.00041,4.507,8.085,8.728,4.795,11740.3,0.0,25650.2,2885.4,9.0,238.0,0.0,0.0,15387.9,0.0,0.00,pathseer:60
beir500k-rq1,neg40_cat02,neg40,201752,ours-no-twohop,512,1,60,0.9900,0.9000,0.00018,7.678,12.793,13.611,7.867,19489.0,0.0,35117.2,4750.2,18.0,429.0,0.0,0.0,18653.1,0.0,0.00,pathseer:60
beir500k-rq1,neg40_cat02,neg40,201752,ours-no-twohop,512,2,60,0.9900,0.9000,0.00018,7.773,13.447,13.812,7.877,19489.0,0.0,35117.2,4750.2,18.0,429.0,0.0,0.0,18653.1,0.0,0.00,pathseer:60
beir500k-rq1,neg40_cat02,neg40,201752,ours-no-twohop,512,3,60,0.9900,0.9000,0.00018,8.039,13.471,14.205,8.016,19489.0,0.0,35117.2,4750.2,18.0,429.0,0.0,0.0,18653.1,0.0,0.00,pathseer:60
beir500k-rq1,neg40_cat02,neg40,201752,ours-guard,64,1,60,0.8683,0.4833,0.00237,1.379,3.105,3.478,1.525,3512.2,0.0,12773.6,949.5,3.0,64.0,0.0,0.0,9125.6,0.0,0.00,pathseer:60
beir500k-rq1,neg40_cat02,neg40,201752,ours-guard,64,2,60,0.8683,0.4833,0.00237,1.364,3.144,3.442,1.518,3512.2,0.0,12773.6,949.5,3.0,64.0,0.0,0.0,9125.6,0.0,0.00,pathseer:60
beir500k-rq1,neg40_cat02,neg40,201752,ours-guard,64,3,60,0.8683,0.4833,0.00237,1.348,3.071,3.463,1.522,3512.2,0.0,12773.6,949.5,3.0,64.0,0.0,0.0,9125.6,0.0,0.00,pathseer:60
beir500k-rq1,neg40_cat02,neg40,201752,ours-guard,128,1,60,0.9317,0.6167,0.00108,2.503,5.164,5.528,2.702,6215.4,0.0,18742.2,1675.8,5.0,120.0,0.0,0.0,12267.8,0.0,0.00,pathseer:60
beir500k-rq1,neg40_cat02,neg40,201752,ours-guard,128,2,60,0.9317,0.6167,0.00108,2.484,5.162,5.551,2.706,6215.4,0.0,18742.2,1675.8,5.0,120.0,0.0,0.0,12267.8,0.0,0.00,pathseer:60
beir500k-rq1,neg40_cat02,neg40,201752,ours-guard,128,3,60,0.9317,0.6167,0.00108,2.583,5.094,5.797,2.725,6215.4,0.0,18742.2,1675.8,5.0,120.0,0.0,0.0,12267.8,0.0,0.00,pathseer:60
beir500k-rq1,neg40_cat02,neg40,201752,ours-guard,256,1,60,0.9650,0.7833,0.00049,4.467,7.840,8.582,4.506,10682.2,0.0,26955.8,2844.3,9.0,238.0,0.0,0.0,15793.9,0.0,0.00,pathseer:60
beir500k-rq1,neg40_cat02,neg40,201752,ours-guard,256,2,60,0.9650,0.7833,0.00049,4.411,7.864,8.340,4.544,10682.2,0.0,26955.8,2844.3,9.0,238.0,0.0,0.0,15793.9,0.0,0.00,pathseer:60
beir500k-rq1,neg40_cat02,neg40,201752,ours-guard,256,3,60,0.9650,0.7833,0.00049,4.484,7.854,8.281,4.673,10682.2,0.0,26955.8,2844.3,9.0,238.0,0.0,0.0,15793.9,0.0,0.00,pathseer:60
beir500k-rq1,neg40_cat02,neg40,201752,ours-guard,512,1,60,0.9900,0.9000,0.00018,7.329,12.124,13.374,7.509,17820.2,0.0,38058.8,4683.4,18.0,429.0,0.0,0.0,19350.2,0.0,0.00,pathseer:60
beir500k-rq1,neg40_cat02,neg40,201752,ours-guard,512,2,60,0.9900,0.9000,0.00018,7.620,12.304,13.255,7.512,17820.2,0.0,38058.8,4683.4,18.0,429.0,0.0,0.0,19350.2,0.0,0.00,pathseer:60
beir500k-rq1,neg40_cat02,neg40,201752,ours-guard,512,3,60,0.9900,0.9000,0.00018,7.655,12.566,15.399,7.658,17820.2,0.0,38058.8,4683.4,18.0,429.0,0.0,0.0,19350.2,0.0,0.00,pathseer:60
beir500k-rq1,neg40_cat02,neg40,201752,ours-puredos,64,1,9,0.3111,0.1111,0.00316,0.048,0.421,0.421,0.180,731.2,0.0,1043.6,35.0,5.0,5.0,0.0,0.0,201.2,0.0,0.00,pathseer:9
beir500k-rq1,neg40_cat02,neg40,201752,ours-puredos,64,2,9,0.3111,0.1111,0.00316,0.038,0.331,0.331,0.145,731.2,0.0,1043.6,35.0,5.0,5.0,0.0,0.0,201.2,0.0,0.00,pathseer:9
beir500k-rq1,neg40_cat02,neg40,201752,ours-puredos,64,3,9,0.3111,0.1111,0.00316,0.037,0.307,0.307,0.139,731.2,0.0,1043.6,35.0,5.0,5.0,0.0,0.0,201.2,0.0,0.00,pathseer:9
beir500k-rq1,neg40_cat02,neg40,201752,ours-puredos,128,1,9,0.3444,0.2222,0.00220,0.047,0.731,0.731,0.289,1358.8,0.0,1885.8,66.4,8.0,8.0,0.0,0.0,311.8,0.0,0.00,pathseer:9
beir500k-rq1,neg40_cat02,neg40,201752,ours-puredos,128,2,9,0.3444,0.2222,0.00220,0.052,0.734,0.734,0.285,1358.8,0.0,1885.8,66.4,8.0,8.0,0.0,0.0,311.8,0.0,0.00,pathseer:9
beir500k-rq1,neg40_cat02,neg40,201752,ours-puredos,128,3,9,0.3444,0.2222,0.00220,0.043,0.730,0.730,0.288,1358.8,0.0,1885.8,66.4,8.0,8.0,0.0,0.0,311.8,0.0,0.00,pathseer:9
beir500k-rq1,neg40_cat02,neg40,201752,ours-puredos,256,1,9,0.3556,0.2222,0.00191,0.047,1.355,1.355,0.520,2310.0,0.0,3178.4,120.8,14.0,13.0,0.0,0.0,474.8,0.0,0.00,pathseer:9
beir500k-rq1,neg40_cat02,neg40,201752,ours-puredos,256,2,9,0.3556,0.2222,0.00191,0.046,1.180,1.180,0.501,2310.0,0.0,3178.4,120.8,14.0,13.0,0.0,0.0,474.8,0.0,0.00,pathseer:9
beir500k-rq1,neg40_cat02,neg40,201752,ours-puredos,256,3,9,0.3556,0.2222,0.00191,0.050,1.184,1.184,0.505,2310.0,0.0,3178.4,120.8,14.0,13.0,0.0,0.0,474.8,0.0,0.00,pathseer:9
beir500k-rq1,neg40_cat02,neg40,201752,ours-puredos,512,1,9,0.4000,0.2222,0.00089,0.062,2.215,2.215,0.927,3957.3,0.0,5463.4,231.1,25.0,24.0,0.0,0.0,774.8,0.0,0.00,pathseer:9
beir500k-rq1,neg40_cat02,neg40,201752,ours-puredos,512,2,9,0.4000,0.2222,0.00089,0.056,2.251,2.251,0.931,3957.3,0.0,5463.4,231.1,25.0,24.0,0.0,0.0,774.8,0.0,0.00,pathseer:9
beir500k-rq1,neg40_cat02,neg40,201752,ours-puredos,512,3,9,0.4000,0.2222,0.00089,0.049,2.138,2.138,0.891,3957.3,0.0,5463.4,231.1,25.0,24.0,0.0,0.0,774.8,0.0,0.00,pathseer:9
beir500k-rq1,neg40_cat03,neg40,212381,sweeping,64,1,55,0.8873,0.4364,0.00162,4.155,8.411,9.363,4.036,19625.0,0.0,4693.2,1818.5,3.0,50.0,0.0,0.0,0.0,0.0,0.00,sweeping:55
beir500k-rq1,neg40_cat03,neg40,212381,sweeping,64,2,55,0.8873,0.4364,0.00162,4.245,8.418,9.245,4.073,19625.0,0.0,4693.2,1818.5,3.0,50.0,0.0,0.0,0.0,0.0,0.00,sweeping:55
beir500k-rq1,neg40_cat03,neg40,212381,sweeping,64,3,55,0.8873,0.4364,0.00162,4.274,8.547,9.452,4.265,19625.0,0.0,4693.2,1818.5,3.0,50.0,0.0,0.0,0.0,0.0,0.00,sweeping:55
beir500k-rq1,neg40_cat03,neg40,212381,sweeping,128,1,55,0.9309,0.5818,0.00084,5.938,11.080,12.153,5.644,25731.7,0.0,6694.9,2543.1,5.0,86.0,0.0,0.0,0.0,0.0,0.00,sweeping:55
beir500k-rq1,neg40_cat03,neg40,212381,sweeping,128,2,55,0.9309,0.5818,0.00084,5.609,11.463,12.269,5.639,25731.7,0.0,6694.9,2543.1,5.0,86.0,0.0,0.0,0.0,0.0,0.00,sweeping:55
beir500k-rq1,neg40_cat03,neg40,212381,sweeping,128,3,55,0.9309,0.5818,0.00084,5.863,11.499,12.672,5.914,25731.7,0.0,6694.9,2543.1,5.0,86.0,0.0,0.0,0.0,0.0,0.00,sweeping:55
beir500k-rq1,neg40_cat03,neg40,212381,sweeping,256,1,55,0.9600,0.7455,0.00049,8.396,14.377,19.217,8.121,34436.5,0.0,9497.1,3580.6,10.0,178.0,0.0,0.0,0.0,0.0,0.00,sweeping:55
beir500k-rq1,neg40_cat03,neg40,212381,sweeping,256,2,55,0.9600,0.7455,0.00049,8.480,15.105,18.357,8.124,34436.5,0.0,9497.1,3580.6,10.0,178.0,0.0,0.0,0.0,0.0,0.00,sweeping:55
beir500k-rq1,neg40_cat03,neg40,212381,sweeping,256,3,55,0.9600,0.7455,0.00049,8.176,14.204,18.551,8.144,34436.5,0.0,9497.1,3580.6,10.0,178.0,0.0,0.0,0.0,0.0,0.00,sweeping:55
beir500k-rq1,neg40_cat03,neg40,212381,sweeping,512,1,55,0.9800,0.8727,0.00020,12.146,20.656,24.913,11.928,47009.1,0.0,13448.5,5095.9,19.0,365.0,0.0,0.0,0.0,0.0,0.00,sweeping:55
beir500k-rq1,neg40_cat03,neg40,212381,sweeping,512,2,55,0.9800,0.8727,0.00020,12.139,19.990,25.329,11.604,47009.1,0.0,13448.5,5095.9,19.0,365.0,0.0,0.0,0.0,0.0,0.00,sweeping:55
beir500k-rq1,neg40_cat03,neg40,212381,sweeping,512,3,55,0.9800,0.8727,0.00020,12.390,20.196,25.301,11.748,47009.1,0.0,13448.5,5095.9,19.0,365.0,0.0,0.0,0.0,0.0,0.00,sweeping:55
beir500k-rq1,neg40_cat03,neg40,212381,pathseer,64,1,55,0.8145,0.2909,0.00370,1.177,3.067,3.646,1.376,3435.4,0.0,9982.8,734.0,3.0,31.0,132.5,23.3,7016.2,2.1,0.00,pathseer:55
beir500k-rq1,neg40_cat03,neg40,212381,pathseer,64,2,55,0.8145,0.2909,0.00370,1.179,3.171,3.777,1.411,3435.4,0.0,9982.8,734.0,3.0,31.0,132.5,23.3,7016.2,2.1,0.00,pathseer:55
beir500k-rq1,neg40_cat03,neg40,212381,pathseer,64,3,55,0.8145,0.2909,0.00370,1.192,3.369,3.923,1.393,3435.4,0.0,9982.8,734.0,3.0,31.0,132.5,23.3,7016.2,2.1,0.00,pathseer:55
beir500k-rq1,neg40_cat03,neg40,212381,pathseer,128,1,55,0.8873,0.4545,0.00219,1.993,5.070,5.733,2.353,6058.2,0.0,14610.7,1243.6,4.0,57.0,220.9,38.2,9524.8,3.5,0.00,pathseer:55
beir500k-rq1,neg40_cat03,neg40,212381,pathseer,128,2,55,0.8873,0.4545,0.00219,2.008,5.250,5.940,2.384,6058.2,0.0,14610.7,1243.6,4.0,57.0,220.9,38.2,9524.8,3.5,0.00,pathseer:55
beir500k-rq1,neg40_cat03,neg40,212381,pathseer,128,3,55,0.8873,0.4545,0.00219,2.005,4.942,5.736,2.349,6058.2,0.0,14610.7,1243.6,4.0,57.0,220.9,38.2,9524.8,3.5,0.00,pathseer:55
beir500k-rq1,neg40_cat03,neg40,212381,pathseer,256,1,55,0.9509,0.6909,0.00067,3.697,7.499,8.142,3.941,10379.8,0.0,21172.0,2029.4,7.0,141.0,419.9,69.4,12775.9,6.6,0.00,pathseer:55
beir500k-rq1,neg40_cat03,neg40,212381,pathseer,256,2,55,0.9509,0.6909,0.00067,3.816,7.659,7.967,4.059,10379.8,0.0,21172.0,2029.4,7.0,141.0,419.9,69.4,12775.9,6.6,0.00,pathseer:55
beir500k-rq1,neg40_cat03,neg40,212381,pathseer,256,3,55,0.9509,0.6909,0.00067,3.988,8.087,8.404,4.055,10379.8,0.0,21172.0,2029.4,7.0,141.0,419.9,69.4,12775.9,6.6,0.00,pathseer:55
beir500k-rq1,neg40_cat03,neg40,212381,pathseer,512,1,55,0.9764,0.8364,0.00025,6.471,12.152,12.425,6.586,17754.6,0.0,29992.9,3296.3,14.0,283.0,859.8,134.9,16060.7,13.4,0.00,pathseer:55
beir500k-rq1,neg40_cat03,neg40,212381,pathseer,512,2,55,0.9764,0.8364,0.00025,6.283,11.871,12.086,6.523,17754.6,0.0,29992.9,3296.3,14.0,283.0,859.8,134.9,16060.7,13.4,0.00,pathseer:55
beir500k-rq1,neg40_cat03,neg40,212381,pathseer,512,3,55,0.9764,0.8364,0.00025,6.182,11.769,12.643,6.525,17754.6,0.0,29992.9,3296.3,14.0,283.0,859.8,134.9,16060.7,13.4,0.00,pathseer:55
beir500k-rq1,neg40_cat03,neg40,212381,ours-no-twohop,64,1,55,0.8200,0.2727,0.00352,1.345,3.510,3.755,1.504,3718.3,0.0,10959.7,817.7,3.0,50.0,0.0,0.0,7723.2,0.0,0.00,pathseer:55
beir500k-rq1,neg40_cat03,neg40,212381,ours-no-twohop,64,2,55,0.8200,0.2727,0.00352,1.332,3.169,3.854,1.531,3718.3,0.0,10959.7,817.7,3.0,50.0,0.0,0.0,7723.2,0.0,0.00,pathseer:55
beir500k-rq1,neg40_cat03,neg40,212381,ours-no-twohop,64,3,55,0.8200,0.2727,0.00352,1.300,3.264,3.882,1.530,3718.3,0.0,10959.7,817.7,3.0,50.0,0.0,0.0,7723.2,0.0,0.00,pathseer:55
beir500k-rq1,neg40_cat03,neg40,212381,ours-no-twohop,128,1,55,0.9000,0.4909,0.00178,2.147,5.300,5.800,2.542,6512.7,0.0,15918.8,1377.1,5.0,86.0,0.0,0.0,10434.7,0.0,0.00,pathseer:55
beir500k-rq1,neg40_cat03,neg40,212381,ours-no-twohop,128,2,55,0.9000,0.4909,0.00178,2.214,5.233,6.022,2.581,6512.7,0.0,15918.8,1377.1,5.0,86.0,0.0,0.0,10434.7,0.0,0.00,pathseer:55
beir500k-rq1,neg40_cat03,neg40,212381,ours-no-twohop,128,3,55,0.9000,0.4909,0.00178,2.248,4.886,5.629,2.558,6512.7,0.0,15918.8,1377.1,5.0,86.0,0.0,0.0,10434.7,0.0,0.00,pathseer:55
beir500k-rq1,neg40_cat03,neg40,212381,ours-no-twohop,256,1,55,0.9509,0.7091,0.00058,3.985,7.857,8.848,4.286,10991.9,0.0,22031.1,2185.3,10.0,178.0,0.0,0.0,13249.3,0.0,0.00,pathseer:55
beir500k-rq1,neg40_cat03,neg40,212381,ours-no-twohop,256,2,55,0.9509,0.7091,0.00058,3.874,7.481,8.220,4.130,10991.9,0.0,22031.1,2185.3,10.0,178.0,0.0,0.0,13249.3,0.0,0.00,pathseer:55
beir500k-rq1,neg40_cat03,neg40,212381,ours-no-twohop,256,3,55,0.9509,0.7091,0.00058,3.964,7.771,8.386,4.149,10991.9,0.0,22031.1,2185.3,10.0,178.0,0.0,0.0,13249.3,0.0,0.00,pathseer:55
beir500k-rq1,neg40_cat03,neg40,212381,ours-no-twohop,512,1,55,0.9782,0.8545,0.00023,7.053,12.637,13.355,7.012,18555.5,0.0,30624.1,3499.0,19.0,365.0,0.0,0.0,16477.6,0.0,0.00,pathseer:55
beir500k-rq1,neg40_cat03,neg40,212381,ours-no-twohop,512,2,55,0.9782,0.8545,0.00023,6.817,12.723,12.893,6.837,18555.5,0.0,30624.1,3499.0,19.0,365.0,0.0,0.0,16477.6,0.0,0.00,pathseer:55
beir500k-rq1,neg40_cat03,neg40,212381,ours-no-twohop,512,3,55,0.9782,0.8545,0.00023,6.908,12.429,13.306,6.847,18555.5,0.0,30624.1,3499.0,19.0,365.0,0.0,0.0,16477.6,0.0,0.00,pathseer:55
beir500k-rq1,neg40_cat03,neg40,212381,ours-guard,64,1,55,0.7909,0.2727,0.00527,1.254,3.087,3.547,1.452,3356.2,0.0,11235.7,806.0,3.0,50.0,0.0,0.0,7732.5,0.0,0.00,pathseer:55
beir500k-rq1,neg40_cat03,neg40,212381,ours-guard,64,2,55,0.7909,0.2727,0.00527,1.283,3.230,3.693,1.476,3356.2,0.0,11235.7,806.0,3.0,50.0,0.0,0.0,7732.5,0.0,0.00,pathseer:55
beir500k-rq1,neg40_cat03,neg40,212381,ours-guard,64,3,55,0.7909,0.2727,0.00527,1.230,3.149,3.587,1.443,3356.2,0.0,11235.7,806.0,3.0,50.0,0.0,0.0,7732.5,0.0,0.00,pathseer:55
beir500k-rq1,neg40_cat03,neg40,212381,ours-guard,128,1,55,0.8964,0.4909,0.00190,2.111,5.070,5.520,2.477,5922.2,0.0,16724.6,1354.0,5.0,86.0,0.0,0.0,10514.6,0.0,0.00,pathseer:55
beir500k-rq1,neg40_cat03,neg40,212381,ours-guard,128,2,55,0.8964,0.4909,0.00190,2.098,4.852,5.514,2.444,5922.2,0.0,16724.6,1354.0,5.0,86.0,0.0,0.0,10514.6,0.0,0.00,pathseer:55
beir500k-rq1,neg40_cat03,neg40,212381,ours-guard,128,3,55,0.8964,0.4909,0.00190,2.235,5.174,5.658,2.474,5922.2,0.0,16724.6,1354.0,5.0,86.0,0.0,0.0,10514.6,0.0,0.00,pathseer:55
beir500k-rq1,neg40_cat03,neg40,212381,ours-guard,256,1,55,0.9545,0.7091,0.00050,3.979,8.261,9.232,4.178,10001.7,0.0,23950.2,2147.3,10.0,178.0,0.0,0.0,13396.9,0.0,0.00,pathseer:55
beir500k-rq1,neg40_cat03,neg40,212381,ours-guard,256,2,55,0.9545,0.7091,0.00050,3.833,7.719,8.297,4.060,10001.7,0.0,23950.2,2147.3,10.0,178.0,0.0,0.0,13396.9,0.0,0.00,pathseer:55
beir500k-rq1,neg40_cat03,neg40,212381,ours-guard,256,3,55,0.9545,0.7091,0.00050,3.809,7.568,7.940,4.016,10001.7,0.0,23950.2,2147.3,10.0,178.0,0.0,0.0,13396.9,0.0,0.00,pathseer:55
beir500k-rq1,neg40_cat03,neg40,212381,ours-guard,512,1,55,0.9782,0.8545,0.00023,6.654,11.971,12.402,6.667,16956.7,0.0,34854.5,3439.7,19.0,365.0,0.0,0.0,16864.6,0.0,0.00,pathseer:55
beir500k-rq1,neg40_cat03,neg40,212381,ours-guard,512,2,55,0.9782,0.8545,0.00023,6.861,12.106,12.618,6.667,16956.7,0.0,34854.5,3439.7,19.0,365.0,0.0,0.0,16864.6,0.0,0.00,pathseer:55
beir500k-rq1,neg40_cat03,neg40,212381,ours-guard,512,3,55,0.9782,0.8545,0.00023,7.072,11.962,13.585,6.794,16956.7,0.0,34854.5,3439.7,19.0,365.0,0.0,0.0,16864.6,0.0,0.00,pathseer:55
beir500k-rq1,neg40_cat03,neg40,212381,ours-puredos,64,1,9,0.3111,0.1111,0.00624,0.220,0.332,0.332,0.178,858.1,0.0,1247.4,40.4,4.0,4.0,0.0,0.0,227.8,0.0,0.00,pathseer:9
beir500k-rq1,neg40_cat03,neg40,212381,ours-puredos,64,2,9,0.3111,0.1111,0.00624,0.209,0.316,0.316,0.168,858.1,0.0,1247.4,40.4,4.0,4.0,0.0,0.0,227.8,0.0,0.00,pathseer:9
beir500k-rq1,neg40_cat03,neg40,212381,ours-puredos,64,3,9,0.3111,0.1111,0.00624,0.220,0.313,0.313,0.170,858.1,0.0,1247.4,40.4,4.0,4.0,0.0,0.0,227.8,0.0,0.00,pathseer:9
beir500k-rq1,neg40_cat03,neg40,212381,ours-puredos,128,1,9,0.3889,0.1111,0.00262,0.445,0.657,0.657,0.335,1595.2,0.0,2262.6,77.4,7.0,7.0,0.0,0.0,384.0,0.0,0.00,pathseer:9
beir500k-rq1,neg40_cat03,neg40,212381,ours-puredos,128,2,9,0.3889,0.1111,0.00262,0.435,0.653,0.653,0.335,1595.2,0.0,2262.6,77.4,7.0,7.0,0.0,0.0,384.0,0.0,0.00,pathseer:9
beir500k-rq1,neg40_cat03,neg40,212381,ours-puredos,128,3,9,0.3889,0.1111,0.00262,0.433,0.646,0.646,0.333,1595.2,0.0,2262.6,77.4,7.0,7.0,0.0,0.0,384.0,0.0,0.00,pathseer:9
beir500k-rq1,neg40_cat03,neg40,212381,ours-puredos,256,1,9,0.4222,0.2222,0.00182,0.852,1.227,1.227,0.615,2800.1,0.0,3949.2,145.6,13.0,12.0,0.0,0.0,660.7,0.0,0.00,pathseer:9
beir500k-rq1,neg40_cat03,neg40,212381,ours-puredos,256,2,9,0.4222,0.2222,0.00182,0.851,1.175,1.175,0.595,2800.1,0.0,3949.2,145.6,13.0,12.0,0.0,0.0,660.7,0.0,0.00,pathseer:9
beir500k-rq1,neg40_cat03,neg40,212381,ours-puredos,256,3,9,0.4222,0.2222,0.00182,0.892,1.248,1.248,0.625,2800.1,0.0,3949.2,145.6,13.0,12.0,0.0,0.0,660.7,0.0,0.00,pathseer:9
beir500k-rq1,neg40_cat03,neg40,212381,ours-puredos,512,1,9,0.4889,0.3333,0.00056,1.613,2.250,2.250,1.131,5127.3,0.0,7116.8,287.9,23.0,23.0,0.0,0.0,1113.8,0.0,0.00,pathseer:9
beir500k-rq1,neg40_cat03,neg40,212381,ours-puredos,512,2,9,0.4889,0.3333,0.00056,1.750,2.450,2.450,1.230,5127.3,0.0,7116.8,287.9,23.0,23.0,0.0,0.0,1113.8,0.0,0.00,pathseer:9
beir500k-rq1,neg40_cat03,neg40,212381,ours-puredos,512,3,9,0.4889,0.3333,0.00056,1.643,2.367,2.367,1.188,5127.3,0.0,7116.8,287.9,23.0,23.0,0.0,0.0,1113.8,0.0,0.00,pathseer:9
beir500k-rq1,neg40_cat04,neg40,219419,sweeping,64,1,57,0.9421,0.6140,0.00055,5.994,10.893,10.972,6.174,23282.5,0.0,8025.5,4277.5,3.0,143.0,0.0,0.0,0.0,0.0,0.00,sweeping:57
beir500k-rq1,neg40_cat04,neg40,219419,sweeping,64,2,57,0.9421,0.6140,0.00055,5.794,10.167,12.311,6.240,23282.5,0.0,8025.5,4277.5,3.0,143.0,0.0,0.0,0.0,0.0,0.00,sweeping:57
beir500k-rq1,neg40_cat04,neg40,219419,sweeping,64,3,57,0.9421,0.6140,0.00055,5.921,10.558,11.977,6.108,23282.5,0.0,8025.5,4277.5,3.0,143.0,0.0,0.0,0.0,0.0,0.00,sweeping:57
beir500k-rq1,neg40_cat04,neg40,219419,sweeping,128,1,57,0.9772,0.7895,0.00018,8.273,13.495,16.576,8.435,28212.3,0.0,10522.3,5582.4,5.0,279.0,0.0,0.0,0.0,0.0,0.00,sweeping:57
beir500k-rq1,neg40_cat04,neg40,219419,sweeping,128,2,57,0.9772,0.7895,0.00018,8.697,13.717,14.447,8.453,28212.3,0.0,10522.3,5582.4,5.0,279.0,0.0,0.0,0.0,0.0,0.00,sweeping:57
beir500k-rq1,neg40_cat04,neg40,219419,sweeping,128,3,57,0.9772,0.7895,0.00018,8.186,13.228,14.476,8.360,28212.3,0.0,10522.3,5582.4,5.0,279.0,0.0,0.0,0.0,0.0,0.00,sweeping:57
beir500k-rq1,neg40_cat04,neg40,219419,sweeping,256,1,57,0.9930,0.9298,0.00006,11.064,16.893,19.104,10.810,34920.9,0.0,13628.4,7270.7,10.0,545.0,0.0,0.0,0.0,0.0,0.00,sweeping:57
beir500k-rq1,neg40_cat04,neg40,219419,sweeping,256,2,57,0.9930,0.9298,0.00006,11.478,15.140,18.248,10.787,34920.9,0.0,13628.4,7270.7,10.0,545.0,0.0,0.0,0.0,0.0,0.00,sweeping:57
beir500k-rq1,neg40_cat04,neg40,219419,sweeping,256,3,57,0.9930,0.9298,0.00006,10.689,16.645,18.998,10.895,34920.9,0.0,13628.4,7270.7,10.0,545.0,0.0,0.0,0.0,0.0,0.00,sweeping:57
beir500k-rq1,neg40_cat04,neg40,219419,sweeping,512,1,57,0.9965,0.9649,0.00004,14.436,20.654,22.068,14.289,44433.5,0.0,17500.8,9523.7,21.0,1046.0,0.0,0.0,0.0,0.0,0.00,sweeping:57
beir500k-rq1,neg40_cat04,neg40,219419,sweeping,512,2,57,0.9965,0.9649,0.00004,14.836,21.278,21.480,14.445,44433.5,0.0,17500.8,9523.7,21.0,1046.0,0.0,0.0,0.0,0.0,0.00,sweeping:57
beir500k-rq1,neg40_cat04,neg40,219419,sweeping,512,3,57,0.9965,0.9649,0.00004,15.157,20.464,22.284,14.569,44433.5,0.0,17500.8,9523.7,21.0,1046.0,0.0,0.0,0.0,0.0,0.00,sweeping:57
beir500k-rq1,neg40_cat04,neg40,219419,pathseer,64,1,57,0.9228,0.5088,0.00106,2.229,3.569,3.813,2.112,4356.7,0.0,15343.6,1688.3,3.0,121.0,131.4,15.6,10287.4,2.1,0.00,pathseer:57
beir500k-rq1,neg40_cat04,neg40,219419,pathseer,64,2,57,0.9228,0.5088,0.00106,2.328,3.916,4.116,2.198,4356.7,0.0,15343.6,1688.3,3.0,121.0,131.4,15.6,10287.4,2.1,0.00,pathseer:57
beir500k-rq1,neg40_cat04,neg40,219419,pathseer,64,3,57,0.9228,0.5088,0.00106,2.313,3.538,4.045,2.144,4356.7,0.0,15343.6,1688.3,3.0,121.0,131.4,15.6,10287.4,2.1,0.00,pathseer:57
beir500k-rq1,neg40_cat04,neg40,219419,pathseer,128,1,57,0.9614,0.7368,0.00062,3.841,6.043,6.247,3.678,7373.6,0.0,20889.1,2768.5,5.0,259.0,245.9,27.4,12507.4,3.8,0.00,pathseer:57
beir500k-rq1,neg40_cat04,neg40,219419,pathseer,128,2,57,0.9614,0.7368,0.00062,3.994,6.075,6.629,3.827,7373.6,0.0,20889.1,2768.5,5.0,259.0,245.9,27.4,12507.4,3.8,0.00,pathseer:57
beir500k-rq1,neg40_cat04,neg40,219419,pathseer,128,3,57,0.9614,0.7368,0.00062,3.953,6.122,6.698,3.676,7373.6,0.0,20889.1,2768.5,5.0,259.0,245.9,27.4,12507.4,3.8,0.00,pathseer:57
beir500k-rq1,neg40_cat04,neg40,219419,pathseer,256,1,57,0.9825,0.8772,0.00032,5.912,8.798,9.908,5.758,12173.5,0.0,28128.4,4412.8,9.0,462.0,490.7,55.8,14657.1,7.7,0.00,pathseer:57
beir500k-rq1,neg40_cat04,neg40,219419,pathseer,256,2,57,0.9825,0.8772,0.00032,5.810,9.107,9.252,5.708,12173.5,0.0,28128.4,4412.8,9.0,462.0,490.7,55.8,14657.1,7.7,0.00,pathseer:57
beir500k-rq1,neg40_cat04,neg40,219419,pathseer,256,3,57,0.9825,0.8772,0.00032,5.959,8.809,9.910,5.761,12173.5,0.0,28128.4,4412.8,9.0,462.0,490.7,55.8,14657.1,7.7,0.00,pathseer:57
beir500k-rq1,neg40_cat04,neg40,219419,pathseer,512,1,57,0.9965,0.9649,0.00004,9.474,13.188,13.282,9.053,19585.9,0.0,37252.1,6722.8,18.0,906.0,1045.3,103.2,16325.7,16.3,0.00,pathseer:57
beir500k-rq1,neg40_cat04,neg40,219419,pathseer,512,2,57,0.9965,0.9649,0.00004,9.489,13.080,13.699,9.055,19585.9,0.0,37252.1,6722.8,18.0,906.0,1045.3,103.2,16325.7,16.3,0.00,pathseer:57
beir500k-rq1,neg40_cat04,neg40,219419,pathseer,512,3,57,0.9965,0.9649,0.00004,9.620,13.240,13.411,9.128,19585.9,0.0,37252.1,6722.8,18.0,906.0,1045.3,103.2,16325.7,16.3,0.00,pathseer:57
beir500k-rq1,neg40_cat04,neg40,219419,ours-no-twohop,64,1,57,0.9246,0.5439,0.00102,2.376,4.090,4.325,2.306,4612.9,0.0,15883.7,1811.4,3.0,143.0,0.0,0.0,10569.2,0.0,0.00,pathseer:57
beir500k-rq1,neg40_cat04,neg40,219419,ours-no-twohop,64,2,57,0.9246,0.5439,0.00102,2.318,4.529,4.614,2.357,4612.9,0.0,15883.7,1811.4,3.0,143.0,0.0,0.0,10569.2,0.0,0.00,pathseer:57
beir500k-rq1,neg40_cat04,neg40,219419,ours-no-twohop,64,3,57,0.9246,0.5439,0.00102,2.390,4.081,4.535,2.388,4612.9,0.0,15883.7,1811.4,3.0,143.0,0.0,0.0,10569.2,0.0,0.00,pathseer:57
beir500k-rq1,neg40_cat04,neg40,219419,ours-no-twohop,128,1,57,0.9596,0.7193,0.00062,3.844,6.559,6.624,3.817,7803.8,0.0,21707.9,2965.6,5.0,279.0,0.0,0.0,12926.3,0.0,0.00,pathseer:57
beir500k-rq1,neg40_cat04,neg40,219419,ours-no-twohop,128,2,57,0.9596,0.7193,0.00062,4.073,6.353,6.638,3.893,7803.8,0.0,21707.9,2965.6,5.0,279.0,0.0,0.0,12926.3,0.0,0.00,pathseer:57
beir500k-rq1,neg40_cat04,neg40,219419,ours-no-twohop,128,3,57,0.9596,0.7193,0.00062,3.741,6.104,6.569,3.725,7803.8,0.0,21707.9,2965.6,5.0,279.0,0.0,0.0,12926.3,0.0,0.00,pathseer:57
beir500k-rq1,neg40_cat04,neg40,219419,ours-no-twohop,256,1,57,0.9860,0.9123,0.00026,6.039,9.182,10.026,6.053,12937.6,0.0,29098.2,4726.2,10.0,545.0,0.0,0.0,14998.2,0.0,0.00,pathseer:57
beir500k-rq1,neg40_cat04,neg40,219419,ours-no-twohop,256,2,57,0.9860,0.9123,0.00026,6.038,9.854,10.153,6.136,12937.6,0.0,29098.2,4726.2,10.0,545.0,0.0,0.0,14998.2,0.0,0.00,pathseer:57
beir500k-rq1,neg40_cat04,neg40,219419,ours-no-twohop,256,3,57,0.9860,0.9123,0.00026,6.297,9.765,10.318,6.160,12937.6,0.0,29098.2,4726.2,10.0,545.0,0.0,0.0,14998.2,0.0,0.00,pathseer:57
beir500k-rq1,neg40_cat04,neg40,219419,ours-no-twohop,512,1,57,0.9965,0.9649,0.00004,9.493,13.309,13.995,9.456,20537.3,0.0,37875.9,7096.9,21.0,1046.0,0.0,0.0,16567.1,0.0,0.00,pathseer:57
beir500k-rq1,neg40_cat04,neg40,219419,ours-no-twohop,512,2,57,0.9965,0.9649,0.00004,9.738,13.796,14.229,9.495,20537.3,0.0,37875.9,7096.9,21.0,1046.0,0.0,0.0,16567.1,0.0,0.00,pathseer:57
beir500k-rq1,neg40_cat04,neg40,219419,ours-no-twohop,512,3,57,0.9965,0.9649,0.00004,10.025,14.436,15.133,9.764,20537.3,0.0,37875.9,7096.9,21.0,1046.0,0.0,0.0,16567.1,0.0,0.00,pathseer:57
beir500k-rq1,neg40_cat04,neg40,219419,ours-guard,64,1,57,0.9175,0.5439,0.00122,2.432,4.255,4.624,2.349,4307.2,0.0,14984.8,1796.3,3.0,143.0,0.0,0.0,10523.5,0.0,0.00,pathseer:57
beir500k-rq1,neg40_cat04,neg40,219419,ours-guard,64,2,57,0.9175,0.5439,0.00122,2.312,3.967,4.460,2.232,4307.2,0.0,14984.8,1796.3,3.0,143.0,0.0,0.0,10523.5,0.0,0.00,pathseer:57
beir500k-rq1,neg40_cat04,neg40,219419,ours-guard,64,3,57,0.9175,0.5439,0.00122,2.344,3.975,4.031,2.241,4307.2,0.0,14984.8,1796.3,3.0,143.0,0.0,0.0,10523.5,0.0,0.00,pathseer:57
beir500k-rq1,neg40_cat04,neg40,219419,ours-guard,128,1,57,0.9526,0.7018,0.00070,3.688,5.790,6.349,3.626,7342.2,0.0,20615.6,2945.9,5.0,279.0,0.0,0.0,12983.2,0.0,0.00,pathseer:57
beir500k-rq1,neg40_cat04,neg40,219419,ours-guard,128,2,57,0.9526,0.7018,0.00070,3.737,5.859,6.414,3.626,7342.2,0.0,20615.6,2945.9,5.0,279.0,0.0,0.0,12983.2,0.0,0.00,pathseer:57
beir500k-rq1,neg40_cat04,neg40,219419,ours-guard,128,3,57,0.9526,0.7018,0.00070,3.788,5.885,6.224,3.611,7342.2,0.0,20615.6,2945.9,5.0,279.0,0.0,0.0,12983.2,0.0,0.00,pathseer:57
beir500k-rq1,neg40_cat04,neg40,219419,ours-guard,256,1,57,0.9842,0.8947,0.00029,5.900,9.689,10.126,5.950,12203.2,0.0,27926.6,4693.3,10.0,545.0,0.0,0.0,15185.2,0.0,0.00,pathseer:57
beir500k-rq1,neg40_cat04,neg40,219419,ours-guard,256,2,57,0.9842,0.8947,0.00029,5.995,9.073,10.002,5.946,12203.2,0.0,27926.6,4693.3,10.0,545.0,0.0,0.0,15185.2,0.0,0.00,pathseer:57
beir500k-rq1,neg40_cat04,neg40,219419,ours-guard,256,3,57,0.9842,0.8947,0.00029,6.124,9.149,9.814,5.969,12203.2,0.0,27926.6,4693.3,10.0,545.0,0.0,0.0,15185.2,0.0,0.00,pathseer:57
beir500k-rq1,neg40_cat04,neg40,219419,ours-guard,512,1,57,0.9912,0.9298,0.00016,9.808,13.298,14.628,9.427,19332.9,0.0,37267.7,7044.9,21.0,1046.0,0.0,0.0,16942.9,0.0,0.00,pathseer:57
beir500k-rq1,neg40_cat04,neg40,219419,ours-guard,512,2,57,0.9912,0.9298,0.00016,9.336,13.207,13.577,9.238,19332.9,0.0,37267.7,7044.9,21.0,1046.0,0.0,0.0,16942.9,0.0,0.00,pathseer:57
beir500k-rq1,neg40_cat04,neg40,219419,ours-guard,512,3,57,0.9912,0.9298,0.00016,9.687,12.835,13.350,9.209,19332.9,0.0,37267.7,7044.9,21.0,1046.0,0.0,0.0,16942.9,0.0,0.00,pathseer:57
beir500k-rq1,neg40_cat04,neg40,219419,ours-puredos,64,1,9,0.3778,0.2222,0.00203,0.040,0.286,0.286,0.122,586.0,0.0,842.2,31.0,4.0,4.0,0.0,0.0,148.7,0.0,0.00,pathseer:9
beir500k-rq1,neg40_cat04,neg40,219419,ours-puredos,64,2,9,0.3778,0.2222,0.00203,0.030,0.276,0.276,0.121,586.0,0.0,842.2,31.0,4.0,4.0,0.0,0.0,148.7,0.0,0.00,pathseer:9
beir500k-rq1,neg40_cat04,neg40,219419,ours-puredos,64,3,9,0.3778,0.2222,0.00203,0.030,0.291,0.291,0.120,586.0,0.0,842.2,31.0,4.0,4.0,0.0,0.0,148.7,0.0,0.00,pathseer:9
beir500k-rq1,neg40_cat04,neg40,219419,ours-puredos,128,1,9,0.4000,0.2222,0.00101,0.036,0.545,0.545,0.226,1062.2,0.0,1503.7,58.7,7.0,6.0,0.0,0.0,251.1,0.0,0.00,pathseer:9
beir500k-rq1,neg40_cat04,neg40,219419,ours-puredos,128,2,9,0.4000,0.2222,0.00101,0.034,0.575,0.575,0.239,1062.2,0.0,1503.7,58.7,7.0,6.0,0.0,0.0,251.1,0.0,0.00,pathseer:9
beir500k-rq1,neg40_cat04,neg40,219419,ours-puredos,128,3,9,0.4000,0.2222,0.00101,0.034,0.549,0.549,0.232,1062.2,0.0,1503.7,58.7,7.0,6.0,0.0,0.0,251.1,0.0,0.00,pathseer:9
beir500k-rq1,neg40_cat04,neg40,219419,ours-puredos,256,1,9,0.4111,0.2222,0.00042,0.043,1.108,1.108,0.473,1967.9,0.0,2739.8,116.8,13.0,11.0,0.0,0.0,431.6,0.0,0.00,pathseer:9
beir500k-rq1,neg40_cat04,neg40,219419,ours-puredos,256,2,9,0.4111,0.2222,0.00042,0.037,1.118,1.118,0.449,1967.9,0.0,2739.8,116.8,13.0,11.0,0.0,0.0,431.6,0.0,0.00,pathseer:9
beir500k-rq1,neg40_cat04,neg40,219419,ours-puredos,256,3,9,0.4111,0.2222,0.00042,0.037,1.048,1.048,0.432,1967.9,0.0,2739.8,116.8,13.0,11.0,0.0,0.0,431.6,0.0,0.00,pathseer:9
beir500k-rq1,neg40_cat04,neg40,219419,ours-puredos,512,1,9,0.4333,0.3333,0.00001,0.042,2.015,2.015,0.844,3431.7,0.0,4850.0,228.8,26.0,25.0,0.0,0.0,804.2,0.0,0.00,pathseer:9
beir500k-rq1,neg40_cat04,neg40,219419,ours-puredos,512,2,9,0.4333,0.3333,0.00001,0.044,2.017,2.017,0.822,3431.7,0.0,4850.0,228.8,26.0,25.0,0.0,0.0,804.2,0.0,0.00,pathseer:9
beir500k-rq1,neg40_cat04,neg40,219419,ours-puredos,512,3,9,0.4333,0.3333,0.00001,0.053,1.936,1.936,0.851,3431.7,0.0,4850.0,228.8,26.0,25.0,0.0,0.0,804.2,0.0,0.00,pathseer:9
beir500k-rq1,neg40_cat05,neg40,210419,sweeping,64,1,20,0.9450,0.7500,0.00076,1.234,2.437,2.759,1.244,7045.8,0.0,1368.7,605.1,4.0,8.0,0.0,0.0,0.0,0.0,0.00,sweeping:20
beir500k-rq1,neg40_cat05,neg40,210419,sweeping,64,2,20,0.9450,0.7500,0.00076,1.262,2.500,2.695,1.250,7045.8,0.0,1368.7,605.1,4.0,8.0,0.0,0.0,0.0,0.0,0.00,sweeping:20
beir500k-rq1,neg40_cat05,neg40,210419,sweeping,64,3,20,0.9450,0.7500,0.00076,1.240,2.504,2.777,1.259,7045.8,0.0,1368.7,605.1,4.0,8.0,0.0,0.0,0.0,0.0,0.00,sweeping:20
beir500k-rq1,neg40_cat05,neg40,210419,sweeping,128,1,20,0.9800,0.9000,0.00056,2.328,3.876,4.194,2.037,9981.5,0.0,2053.2,918.5,6.0,28.0,0.0,0.0,0.0,0.0,0.00,sweeping:20
beir500k-rq1,neg40_cat05,neg40,210419,sweeping,128,2,20,0.9800,0.9000,0.00056,2.541,3.477,4.045,2.026,9981.5,0.0,2053.2,918.5,6.0,28.0,0.0,0.0,0.0,0.0,0.00,sweeping:20
beir500k-rq1,neg40_cat05,neg40,210419,sweeping,128,3,20,0.9800,0.9000,0.00056,2.291,3.596,4.007,2.013,9981.5,0.0,2053.2,918.5,6.0,28.0,0.0,0.0,0.0,0.0,0.00,sweeping:20
beir500k-rq1,neg40_cat05,neg40,210419,sweeping,256,1,20,0.9900,0.9000,0.00047,3.461,5.066,5.642,3.170,14172.6,0.0,3089.8,1386.1,12.0,53.0,0.0,0.0,0.0,0.0,0.00,sweeping:20
beir500k-rq1,neg40_cat05,neg40,210419,sweeping,256,2,20,0.9900,0.9000,0.00047,3.577,5.172,5.409,3.170,14172.6,0.0,3089.8,1386.1,12.0,53.0,0.0,0.0,0.0,0.0,0.00,sweeping:20
beir500k-rq1,neg40_cat05,neg40,210419,sweeping,256,3,20,0.9900,0.9000,0.00047,3.413,4.956,5.417,3.121,14172.6,0.0,3089.8,1386.1,12.0,53.0,0.0,0.0,0.0,0.0,0.00,sweeping:20
beir500k-rq1,neg40_cat05,neg40,210419,sweeping,512,1,20,0.9950,0.9500,0.00010,5.063,7.888,8.864,5.092,20637.8,0.0,4692.4,2155.0,23.0,125.0,0.0,0.0,0.0,0.0,0.00,sweeping:20
beir500k-rq1,neg40_cat05,neg40,210419,sweeping,512,2,20,0.9950,0.9500,0.00010,6.176,7.668,8.034,5.302,20637.8,0.0,4692.4,2155.0,23.0,125.0,0.0,0.0,0.0,0.0,0.00,sweeping:20
beir500k-rq1,neg40_cat05,neg40,210419,sweeping,512,3,20,0.9950,0.9500,0.00010,5.017,7.432,7.623,4.859,20637.8,0.0,4692.4,2155.0,23.0,125.0,0.0,0.0,0.0,0.0,0.00,sweeping:20
beir500k-rq1,neg40_cat05,neg40,210419,pathseer,64,1,20,0.8950,0.7000,0.00234,0.465,0.963,1.070,0.510,1947.5,0.0,2724.3,204.5,2.0,7.0,96.0,39.1,1629.8,1.5,0.00,pathseer:20
beir500k-rq1,neg40_cat05,neg40,210419,pathseer,64,2,20,0.8950,0.7000,0.00234,0.422,0.860,1.029,0.486,1947.5,0.0,2724.3,204.5,2.0,7.0,96.0,39.1,1629.8,1.5,0.00,pathseer:20
beir500k-rq1,neg40_cat05,neg40,210419,pathseer,64,3,20,0.8950,0.7000,0.00234,0.412,0.862,0.987,0.475,1947.5,0.0,2724.3,204.5,2.0,7.0,96.0,39.1,1629.8,1.5,0.00,pathseer:20
beir500k-rq1,neg40_cat05,neg40,210419,pathseer,128,1,20,0.9750,0.8000,0.00074,0.846,1.592,1.870,0.955,3455.0,0.0,4572.6,400.6,4.0,8.0,192.0,73.5,2540.0,3.0,0.00,pathseer:20
beir500k-rq1,neg40_cat05,neg40,210419,pathseer,128,2,20,0.9750,0.8000,0.00074,0.834,1.525,1.751,0.906,3455.0,0.0,4572.6,400.6,4.0,8.0,192.0,73.5,2540.0,3.0,0.00,pathseer:20
beir500k-rq1,neg40_cat05,neg40,210419,pathseer,128,3,20,0.9750,0.8000,0.00074,0.802,1.486,1.743,0.884,3455.0,0.0,4572.6,400.6,4.0,8.0,192.0,73.5,2540.0,3.0,0.00,pathseer:20
beir500k-rq1,neg40_cat05,neg40,210419,pathseer,256,1,20,0.9850,0.8500,0.00012,1.633,3.132,3.463,1.828,6068.6,0.0,7339.3,761.2,7.0,30.0,352.0,127.0,3644.6,5.5,0.00,pathseer:20
beir500k-rq1,neg40_cat05,neg40,210419,pathseer,256,2,20,0.9850,0.8500,0.00012,1.812,3.341,3.539,1.945,6068.6,0.0,7339.3,761.2,7.0,30.0,352.0,127.0,3644.6,5.5,0.00,pathseer:20
beir500k-rq1,neg40_cat05,neg40,210419,pathseer,256,3,20,0.9850,0.8500,0.00012,1.672,3.498,3.575,1.956,6068.6,0.0,7339.3,761.2,7.0,30.0,352.0,127.0,3644.6,5.5,0.00,pathseer:20
beir500k-rq1,neg40_cat05,neg40,210419,pathseer,512,1,20,0.9950,0.9500,0.00010,3.331,4.997,5.220,3.274,10272.6,0.0,11523.2,1353.8,13.0,64.0,739.2,251.7,5133.6,11.6,0.00,pathseer:20
beir500k-rq1,neg40_cat05,neg40,210419,pathseer,512,2,20,0.9950,0.9500,0.00010,3.278,4.936,5.417,3.277,10272.6,0.0,11523.2,1353.8,13.0,64.0,739.2,251.7,5133.6,11.6,0.00,pathseer:20
beir500k-rq1,neg40_cat05,neg40,210419,pathseer,512,3,20,0.9950,0.9500,0.00010,3.281,4.960,5.169,3.210,10272.6,0.0,11523.2,1353.8,13.0,64.0,739.2,251.7,5133.6,11.6,0.00,pathseer:20
beir500k-rq1,neg40_cat05,neg40,210419,ours-no-twohop,64,1,20,0.8950,0.7000,0.00234,0.475,1.080,1.134,0.560,2131.0,0.0,3294.4,265.1,4.0,8.0,0.0,0.0,2023.4,0.0,0.00,pathseer:20
beir500k-rq1,neg40_cat05,neg40,210419,ours-no-twohop,64,2,20,0.8950,0.7000,0.00234,0.414,1.047,1.121,0.546,2131.0,0.0,3294.4,265.1,4.0,8.0,0.0,0.0,2023.4,0.0,0.00,pathseer:20
beir500k-rq1,neg40_cat05,neg40,210419,ours-no-twohop,64,3,20,0.8950,0.7000,0.00234,0.420,1.057,1.110,0.546,2131.0,0.0,3294.4,265.1,4.0,8.0,0.0,0.0,2023.4,0.0,0.00,pathseer:20
beir500k-rq1,neg40_cat05,neg40,210419,ours-no-twohop,128,1,20,0.9800,0.8500,0.00069,0.909,1.876,1.970,1.050,3840.7,0.0,5336.6,507.6,6.0,28.0,0.0,0.0,2981.6,0.0,0.00,pathseer:20
beir500k-rq1,neg40_cat05,neg40,210419,ours-no-twohop,128,2,20,0.9800,0.8500,0.00069,1.001,1.989,2.181,1.124,3840.7,0.0,5336.6,507.6,6.0,28.0,0.0,0.0,2981.6,0.0,0.00,pathseer:20
beir500k-rq1,neg40_cat05,neg40,210419,ours-no-twohop,128,3,20,0.9800,0.8500,0.00069,0.965,1.939,2.012,1.080,3840.7,0.0,5336.6,507.6,6.0,28.0,0.0,0.0,2981.6,0.0,0.00,pathseer:20
beir500k-rq1,neg40_cat05,neg40,210419,ours-no-twohop,256,1,20,0.9900,0.9000,0.00047,1.708,3.135,3.344,1.886,6457.9,0.0,7888.1,874.2,12.0,53.0,0.0,0.0,3987.9,0.0,0.00,pathseer:20
beir500k-rq1,neg40_cat05,neg40,210419,ours-no-twohop,256,2,20,0.9900,0.9000,0.00047,1.585,3.103,3.451,1.880,6457.9,0.0,7888.1,874.2,12.0,53.0,0.0,0.0,3987.9,0.0,0.00,pathseer:20
beir500k-rq1,neg40_cat05,neg40,210419,ours-no-twohop,256,3,20,0.9900,0.9000,0.00047,1.739,3.125,3.455,1.934,6457.9,0.0,7888.1,874.2,12.0,53.0,0.0,0.0,3987.9,0.0,0.00,pathseer:20
beir500k-rq1,neg40_cat05,neg40,210419,ours-no-twohop,512,1,20,0.9950,0.9500,0.00010,3.755,5.256,5.324,3.451,11003.1,0.0,12180.1,1556.8,23.0,125.0,0.0,0.0,5528.2,0.0,0.00,pathseer:20
beir500k-rq1,neg40_cat05,neg40,210419,ours-no-twohop,512,2,20,0.9950,0.9500,0.00010,3.721,5.113,5.741,3.463,11003.1,0.0,12180.1,1556.8,23.0,125.0,0.0,0.0,5528.2,0.0,0.00,pathseer:20
beir500k-rq1,neg40_cat05,neg40,210419,ours-no-twohop,512,3,20,0.9950,0.9500,0.00010,3.749,5.440,5.546,3.466,11003.1,0.0,12180.1,1556.8,23.0,125.0,0.0,0.0,5528.2,0.0,0.00,pathseer:20
beir500k-rq1,neg40_cat05,neg40,210419,ours-guard,64,1,20,0.8600,0.6000,0.00278,0.377,1.061,1.102,0.534,1927.0,0.0,3972.8,250.8,4.0,8.0,0.0,0.0,1913.1,0.0,0.00,pathseer:20
beir500k-rq1,neg40_cat05,neg40,210419,ours-guard,64,2,20,0.8600,0.6000,0.00278,0.379,1.048,1.108,0.536,1927.0,0.0,3972.8,250.8,4.0,8.0,0.0,0.0,1913.1,0.0,0.00,pathseer:20
beir500k-rq1,neg40_cat05,neg40,210419,ours-guard,64,3,20,0.8600,0.6000,0.00278,0.379,1.053,1.138,0.537,1927.0,0.0,3972.8,250.8,4.0,8.0,0.0,0.0,1913.1,0.0,0.00,pathseer:20
beir500k-rq1,neg40_cat05,neg40,210419,ours-guard,128,1,20,0.9400,0.8000,0.00160,0.893,1.816,1.939,0.996,3498.1,0.0,6675.6,488.6,6.0,28.0,0.0,0.0,2934.5,0.0,0.00,pathseer:20
beir500k-rq1,neg40_cat05,neg40,210419,ours-guard,128,2,20,0.9400,0.8000,0.00160,0.919,1.875,2.041,1.038,3498.1,0.0,6675.6,488.6,6.0,28.0,0.0,0.0,2934.5,0.0,0.00,pathseer:20
beir500k-rq1,neg40_cat05,neg40,210419,ours-guard,128,3,20,0.9400,0.8000,0.00160,0.951,2.053,2.116,1.086,3498.1,0.0,6675.6,488.6,6.0,28.0,0.0,0.0,2934.5,0.0,0.00,pathseer:20
beir500k-rq1,neg40_cat05,neg40,210419,ours-guard,256,1,20,0.9650,0.9000,0.00086,1.842,3.216,3.478,1.894,5920.7,0.0,10403.8,847.9,12.0,53.0,0.0,0.0,4048.5,0.0,0.00,pathseer:20
beir500k-rq1,neg40_cat05,neg40,210419,ours-guard,256,2,20,0.9650,0.9000,0.00086,1.603,3.068,3.395,1.832,5920.7,0.0,10403.8,847.9,12.0,53.0,0.0,0.0,4048.5,0.0,0.00,pathseer:20
beir500k-rq1,neg40_cat05,neg40,210419,ours-guard,256,3,20,0.9650,0.9000,0.00086,1.594,3.070,3.357,1.821,5920.7,0.0,10403.8,847.9,12.0,53.0,0.0,0.0,4048.5,0.0,0.00,pathseer:20
beir500k-rq1,neg40_cat05,neg40,210419,ours-guard,512,1,20,0.9950,0.9500,0.00010,3.710,5.360,5.462,3.441,10242.8,0.0,16873.6,1525.5,23.0,125.0,0.0,0.0,5836.6,0.0,0.00,pathseer:20
beir500k-rq1,neg40_cat05,neg40,210419,ours-guard,512,2,20,0.9950,0.9500,0.00010,3.662,5.204,5.354,3.343,10242.8,0.0,16873.6,1525.5,23.0,125.0,0.0,0.0,5836.6,0.0,0.00,pathseer:20
beir500k-rq1,neg40_cat05,neg40,210419,ours-guard,512,3,20,0.9950,0.9500,0.00010,3.704,5.294,5.554,3.441,10242.8,0.0,16873.6,1525.5,23.0,125.0,0.0,0.0,5836.6,0.0,0.00,pathseer:20
beir500k-rq1,neg40_cat05,neg40,210419,ours-puredos,64,1,9,0.7889,0.4444,0.00497,0.298,0.351,0.351,0.299,1240.6,0.0,1716.8,68.2,4.0,4.0,0.0,0.0,255.9,0.0,0.00,pathseer:9
beir500k-rq1,neg40_cat05,neg40,210419,ours-puredos,64,2,9,0.7889,0.4444,0.00497,0.268,0.321,0.321,0.266,1240.6,0.0,1716.8,68.2,4.0,4.0,0.0,0.0,255.9,0.0,0.00,pathseer:9
beir500k-rq1,neg40_cat05,neg40,210419,ours-puredos,64,3,9,0.7889,0.4444,0.00497,0.262,0.311,0.311,0.261,1240.6,0.0,1716.8,68.2,4.0,4.0,0.0,0.0,255.9,0.0,0.00,pathseer:9
beir500k-rq1,neg40_cat05,neg40,210419,ours-puredos,128,1,9,0.8889,0.6667,0.00316,0.521,0.677,0.677,0.518,2279.9,0.0,3129.3,133.0,7.0,7.0,0.0,0.0,456.4,0.0,0.00,pathseer:9
beir500k-rq1,neg40_cat05,neg40,210419,ours-puredos,128,2,9,0.8889,0.6667,0.00316,0.499,0.552,0.552,0.498,2279.9,0.0,3129.3,133.0,7.0,7.0,0.0,0.0,456.4,0.0,0.00,pathseer:9
beir500k-rq1,neg40_cat05,neg40,210419,ours-puredos,128,3,9,0.8889,0.6667,0.00316,0.508,0.590,0.590,0.497,2279.9,0.0,3129.3,133.0,7.0,7.0,0.0,0.0,456.4,0.0,0.00,pathseer:9
beir500k-rq1,neg40_cat05,neg40,210419,ours-puredos,256,1,9,0.9222,0.7778,0.00170,0.966,1.073,1.073,0.934,4033.1,0.0,5546.1,258.8,14.0,14.0,0.0,0.0,804.2,0.0,0.00,pathseer:9
beir500k-rq1,neg40_cat05,neg40,210419,ours-puredos,256,2,9,0.9222,0.7778,0.00170,0.937,1.074,1.074,0.919,4033.1,0.0,5546.1,258.8,14.0,14.0,0.0,0.0,804.2,0.0,0.00,pathseer:9
beir500k-rq1,neg40_cat05,neg40,210419,ours-puredos,256,3,9,0.9222,0.7778,0.00170,0.895,0.966,0.966,0.871,4033.1,0.0,5546.1,258.8,14.0,14.0,0.0,0.0,804.2,0.0,0.00,pathseer:9
beir500k-rq1,neg40_cat05,neg40,210419,ours-puredos,512,1,9,0.9889,0.8889,0.00003,1.979,2.288,2.288,1.883,7256.4,0.0,9981.7,515.0,28.0,27.0,0.0,0.0,1394.6,0.0,0.00,pathseer:9
beir500k-rq1,neg40_cat05,neg40,210419,ours-puredos,512,2,9,0.9889,0.8889,0.00003,1.905,2.052,2.052,1.860,7256.4,0.0,9981.7,515.0,28.0,27.0,0.0,0.0,1394.6,0.0,0.00,pathseer:9
beir500k-rq1,neg40_cat05,neg40,210419,ours-puredos,512,3,9,0.9889,0.8889,0.00003,1.878,2.052,2.052,1.791,7256.4,0.0,9981.7,515.0,28.0,27.0,0.0,0.0,1394.6,0.0,0.00,pathseer:9
beir500k-rq1,neg40_cat06,neg40,214755,sweeping,64,1,49,0.9551,0.7143,0.00051,5.513,14.857,17.106,6.429,25616.9,0.0,7042.7,4050.5,3.0,140.0,0.0,0.0,0.0,0.0,0.00,sweeping:49
beir500k-rq1,neg40_cat06,neg40,214755,sweeping,64,2,49,0.9551,0.7143,0.00051,5.693,15.593,16.155,6.535,25616.9,0.0,7042.7,4050.5,3.0,140.0,0.0,0.0,0.0,0.0,0.00,sweeping:49
beir500k-rq1,neg40_cat06,neg40,214755,sweeping,64,3,49,0.9551,0.7143,0.00051,5.732,15.468,16.153,6.485,25616.9,0.0,7042.7,4050.5,3.0,140.0,0.0,0.0,0.0,0.0,0.00,sweeping:49
beir500k-rq1,neg40_cat06,neg40,214755,sweeping,128,1,49,0.9796,0.8571,0.00027,8.580,21.320,21.980,9.461,34093.1,0.0,10142.1,5745.0,6.0,313.0,0.0,0.0,0.0,0.0,0.00,sweeping:49
beir500k-rq1,neg40_cat06,neg40,214755,sweeping,128,2,49,0.9796,0.8571,0.00027,8.642,20.901,22.251,9.199,34093.1,0.0,10142.1,5745.0,6.0,313.0,0.0,0.0,0.0,0.0,0.00,sweeping:49
beir500k-rq1,neg40_cat06,neg40,214755,sweeping,128,3,49,0.9796,0.8571,0.00027,9.275,21.864,32.872,10.127,34093.1,0.0,10142.1,5745.0,6.0,313.0,0.0,0.0,0.0,0.0,0.00,sweeping:49
beir500k-rq1,neg40_cat06,neg40,214755,sweeping,256,1,49,0.9898,0.8980,0.00011,12.676,27.780,33.490,13.585,45882.6,0.0,14477.4,8180.6,11.0,582.0,0.0,0.0,0.0,0.0,0.00,sweeping:49
beir500k-rq1,neg40_cat06,neg40,214755,sweeping,256,2,49,0.9898,0.8980,0.00011,12.444,28.391,30.276,13.277,45882.6,0.0,14477.4,8180.6,11.0,582.0,0.0,0.0,0.0,0.0,0.00,sweeping:49
beir500k-rq1,neg40_cat06,neg40,214755,sweeping,256,3,49,0.9898,0.8980,0.00011,12.449,27.273,32.163,13.485,45882.6,0.0,14477.4,8180.6,11.0,582.0,0.0,0.0,0.0,0.0,0.00,sweeping:49
beir500k-rq1,neg40_cat06,neg40,214755,sweeping,512,1,49,0.9980,0.9796,0.00007,17.729,37.383,39.903,19.071,61856.0,0.0,20494.9,11456.9,22.0,955.0,0.0,0.0,0.0,0.0,0.00,sweeping:49
beir500k-rq1,neg40_cat06,neg40,214755,sweeping,512,2,49,0.9980,0.9796,0.00007,18.337,37.485,42.569,19.479,61856.0,0.0,20494.9,11456.9,22.0,955.0,0.0,0.0,0.0,0.0,0.00,sweeping:49
beir500k-rq1,neg40_cat06,neg40,214755,sweeping,512,3,49,0.9980,0.9796,0.00007,18.326,37.333,40.763,19.358,61856.0,0.0,20494.9,11456.9,22.0,955.0,0.0,0.0,0.0,0.0,0.00,sweeping:49
beir500k-rq1,neg40_cat06,neg40,214755,pathseer,64,1,49,0.9367,0.6327,0.00098,1.997,6.727,7.271,2.365,4374.7,0.0,16114.8,1974.8,3.0,129.0,146.3,13.2,10527.9,2.3,0.00,pathseer:49
beir500k-rq1,neg40_cat06,neg40,214755,pathseer,64,2,49,0.9367,0.6327,0.00098,1.967,7.016,7.483,2.404,4374.7,0.0,16114.8,1974.8,3.0,129.0,146.3,13.2,10527.9,2.3,0.00,pathseer:49
beir500k-rq1,neg40_cat06,neg40,214755,pathseer,64,3,49,0.9367,0.6327,0.00098,2.206,7.204,7.967,2.513,4374.7,0.0,16114.8,1974.8,3.0,129.0,146.3,13.2,10527.9,2.3,0.00,pathseer:49
beir500k-rq1,neg40_cat06,neg40,214755,pathseer,128,1,49,0.9755,0.8163,0.00029,3.552,9.612,11.054,4.094,7224.0,0.0,23013.6,3128.3,5.0,245.0,254.7,24.6,14108.7,4.0,0.00,pathseer:49
beir500k-rq1,neg40_cat06,neg40,214755,pathseer,128,2,49,0.9755,0.8163,0.00029,3.435,9.626,10.003,3.846,7224.0,0.0,23013.6,3128.3,5.0,245.0,254.7,24.6,14108.7,4.0,0.00,pathseer:49
beir500k-rq1,neg40_cat06,neg40,214755,pathseer,128,3,49,0.9755,0.8163,0.00029,3.801,10.167,10.561,4.053,7224.0,0.0,23013.6,3128.3,5.0,245.0,254.7,24.6,14108.7,4.0,0.00,pathseer:49
beir500k-rq1,neg40_cat06,neg40,214755,pathseer,256,1,49,0.9878,0.8980,0.00017,5.997,14.220,15.106,6.383,12129.1,0.0,33157.0,4980.6,9.0,480.0,527.7,43.8,18700.2,8.2,0.00,pathseer:49
beir500k-rq1,neg40_cat06,neg40,214755,pathseer,256,2,49,0.9878,0.8980,0.00017,5.839,14.417,14.656,6.344,12129.1,0.0,33157.0,4980.6,9.0,480.0,527.7,43.8,18700.2,8.2,0.00,pathseer:49
beir500k-rq1,neg40_cat06,neg40,214755,pathseer,256,3,49,0.9878,0.8980,0.00017,5.870,13.958,14.555,6.379,12129.1,0.0,33157.0,4980.6,9.0,480.0,527.7,43.8,18700.2,8.2,0.00,pathseer:49
beir500k-rq1,neg40_cat06,neg40,214755,pathseer,512,1,49,0.9939,0.9592,0.00013,9.732,21.082,21.907,10.351,20007.9,0.0,46646.5,7663.8,18.0,849.0,1119.3,84.7,23799.9,17.5,0.00,pathseer:49
beir500k-rq1,neg40_cat06,neg40,214755,pathseer,512,2,49,0.9939,0.9592,0.00013,9.504,21.642,22.840,10.617,20007.9,0.0,46646.5,7663.8,18.0,849.0,1119.3,84.7,23799.9,17.5,0.00,pathseer:49
beir500k-rq1,neg40_cat06,neg40,214755,pathseer,512,3,49,0.9939,0.9592,0.00013,9.798,20.897,21.588,10.460,20007.9,0.0,46646.5,7663.8,18.0,849.0,1119.3,84.7,23799.9,17.5,0.00,pathseer:49
beir500k-rq1,neg40_cat06,neg40,214755,ours-no-twohop,64,1,49,0.9449,0.6531,0.00071,2.121,6.755,7.219,2.568,4681.2,0.0,17141.2,2132.3,3.0,140.0,0.0,0.0,11221.3,0.0,0.00,pathseer:49
beir500k-rq1,neg40_cat06,neg40,214755,ours-no-twohop,64,2,49,0.9449,0.6531,0.00071,2.389,7.287,8.880,2.825,4681.2,0.0,17141.2,2132.3,3.0,140.0,0.0,0.0,11221.3,0.0,0.00,pathseer:49
beir500k-rq1,neg40_cat06,neg40,214755,ours-no-twohop,64,3,49,0.9449,0.6531,0.00071,2.119,6.859,7.112,2.521,4681.2,0.0,17141.2,2132.3,3.0,140.0,0.0,0.0,11221.3,0.0,0.00,pathseer:49
beir500k-rq1,neg40_cat06,neg40,214755,ours-no-twohop,128,1,49,0.9714,0.8163,0.00045,3.898,9.890,10.512,4.200,7821.4,0.0,24383.4,3395.0,6.0,313.0,0.0,0.0,14844.4,0.0,0.00,pathseer:49
beir500k-rq1,neg40_cat06,neg40,214755,ours-no-twohop,128,2,49,0.9714,0.8163,0.00045,3.931,9.281,10.800,4.154,7821.4,0.0,24383.4,3395.0,6.0,313.0,0.0,0.0,14844.4,0.0,0.00,pathseer:49
beir500k-rq1,neg40_cat06,neg40,214755,ours-no-twohop,128,3,49,0.9714,0.8163,0.00045,3.751,9.552,11.083,4.147,7821.4,0.0,24383.4,3395.0,6.0,313.0,0.0,0.0,14844.4,0.0,0.00,pathseer:49
beir500k-rq1,neg40_cat06,neg40,214755,ours-no-twohop,256,1,49,0.9878,0.8980,0.00017,6.216,14.353,15.241,6.672,12776.2,0.0,33895.0,5232.6,11.0,582.0,0.0,0.0,19026.8,0.0,0.00,pathseer:49
beir500k-rq1,neg40_cat06,neg40,214755,ours-no-twohop,256,2,49,0.9878,0.8980,0.00017,6.123,14.397,15.525,6.602,12776.2,0.0,33895.0,5232.6,11.0,582.0,0.0,0.0,19026.8,0.0,0.00,pathseer:49
beir500k-rq1,neg40_cat06,neg40,214755,ours-no-twohop,256,3,49,0.9878,0.8980,0.00017,6.335,14.403,15.134,6.828,12776.2,0.0,33895.0,5232.6,11.0,582.0,0.0,0.0,19026.8,0.0,0.00,pathseer:49
beir500k-rq1,neg40_cat06,neg40,214755,ours-no-twohop,512,1,49,0.9939,0.9592,0.00013,9.764,21.490,22.197,10.515,20857.6,0.0,47002.9,7973.5,22.0,955.0,0.0,0.0,24012.9,0.0,0.00,pathseer:49
beir500k-rq1,neg40_cat06,neg40,214755,ours-no-twohop,512,2,49,0.9939,0.9592,0.00013,10.006,21.219,22.754,10.555,20857.6,0.0,47002.9,7973.5,22.0,955.0,0.0,0.0,24012.9,0.0,0.00,pathseer:49
beir500k-rq1,neg40_cat06,neg40,214755,ours-no-twohop,512,3,49,0.9939,0.9592,0.00013,9.932,21.045,24.756,11.002,20857.6,0.0,47002.9,7973.5,22.0,955.0,0.0,0.0,24012.9,0.0,0.00,pathseer:49
beir500k-rq1,neg40_cat06,neg40,214755,ours-guard,64,1,49,0.9429,0.6735,0.00083,2.228,6.734,7.155,2.489,4293.6,0.0,15737.4,2115.4,3.0,140.0,0.0,0.0,11332.8,0.0,0.00,pathseer:49
beir500k-rq1,neg40_cat06,neg40,214755,ours-guard,64,2,49,0.9429,0.6735,0.00083,2.108,6.881,7.236,2.482,4293.6,0.0,15737.4,2115.4,3.0,140.0,0.0,0.0,11332.8,0.0,0.00,pathseer:49
beir500k-rq1,neg40_cat06,neg40,214755,ours-guard,64,3,49,0.9429,0.6735,0.00083,2.132,6.663,7.187,2.481,4293.6,0.0,15737.4,2115.4,3.0,140.0,0.0,0.0,11332.8,0.0,0.00,pathseer:49
beir500k-rq1,neg40_cat06,neg40,214755,ours-guard,128,1,49,0.9714,0.8163,0.00045,3.523,9.275,10.697,3.960,7172.0,0.0,22438.3,3366.6,6.0,313.0,0.0,0.0,15056.0,0.0,0.00,pathseer:49
beir500k-rq1,neg40_cat06,neg40,214755,ours-guard,128,2,49,0.9714,0.8163,0.00045,3.582,9.396,10.603,4.108,7172.0,0.0,22438.3,3366.6,6.0,313.0,0.0,0.0,15056.0,0.0,0.00,pathseer:49
beir500k-rq1,neg40_cat06,neg40,214755,ours-guard,128,3,49,0.9714,0.8163,0.00045,3.635,9.584,11.440,4.054,7172.0,0.0,22438.3,3366.6,6.0,313.0,0.0,0.0,15056.0,0.0,0.00,pathseer:49
beir500k-rq1,neg40_cat06,neg40,214755,ours-guard,256,1,49,0.9878,0.8980,0.00017,6.238,14.344,14.795,6.673,11703.7,0.0,31527.7,5189.7,11.0,582.0,0.0,0.0,19420.0,0.0,0.00,pathseer:49
beir500k-rq1,neg40_cat06,neg40,214755,ours-guard,256,2,49,0.9878,0.8980,0.00017,6.058,15.809,17.555,6.734,11703.7,0.0,31527.7,5189.7,11.0,582.0,0.0,0.0,19420.0,0.0,0.00,pathseer:49
beir500k-rq1,neg40_cat06,neg40,214755,ours-guard,256,3,49,0.9878,0.8980,0.00017,5.790,14.193,14.728,6.388,11703.7,0.0,31527.7,5189.7,11.0,582.0,0.0,0.0,19420.0,0.0,0.00,pathseer:49
beir500k-rq1,neg40_cat06,neg40,214755,ours-guard,512,1,49,0.9918,0.9388,0.00014,9.357,20.882,21.680,10.223,19114.8,0.0,44536.3,7901.7,22.0,955.0,0.0,0.0,24659.9,0.0,0.00,pathseer:49
beir500k-rq1,neg40_cat06,neg40,214755,ours-guard,512,2,49,0.9918,0.9388,0.00014,9.893,21.140,22.046,10.622,19114.8,0.0,44536.3,7901.7,22.0,955.0,0.0,0.0,24659.9,0.0,0.00,pathseer:49
beir500k-rq1,neg40_cat06,neg40,214755,ours-guard,512,3,49,0.9918,0.9388,0.00014,9.541,20.176,21.279,10.361,19114.8,0.0,44536.3,7901.7,22.0,955.0,0.0,0.0,24659.9,0.0,0.00,pathseer:49
beir500k-rq1,neg40_cat06,neg40,214755,ours-puredos,64,1,9,0.3444,0.1111,0.00252,0.041,0.321,0.321,0.131,413.9,0.0,954.6,36.9,7.0,7.0,0.0,0.0,430.8,0.0,0.00,pathseer:9
beir500k-rq1,neg40_cat06,neg40,214755,ours-puredos,64,2,9,0.3444,0.1111,0.00252,0.034,0.276,0.276,0.116,413.9,0.0,954.6,36.9,7.0,7.0,0.0,0.0,430.8,0.0,0.00,pathseer:9
beir500k-rq1,neg40_cat06,neg40,214755,ours-puredos,64,3,9,0.3444,0.1111,0.00252,0.034,0.297,0.297,0.115,413.9,0.0,954.6,36.9,7.0,7.0,0.0,0.0,430.8,0.0,0.00,pathseer:9
beir500k-rq1,neg40_cat06,neg40,214755,ours-puredos,128,1,9,0.3667,0.2222,0.00190,0.042,0.487,0.487,0.207,711.4,0.0,1561.6,63.6,15.0,14.0,0.0,0.0,658.9,0.0,0.00,pathseer:9
beir500k-rq1,neg40_cat06,neg40,214755,ours-puredos,128,2,9,0.3667,0.2222,0.00190,0.037,0.444,0.444,0.189,711.4,0.0,1561.6,63.6,15.0,14.0,0.0,0.0,658.9,0.0,0.00,pathseer:9
beir500k-rq1,neg40_cat06,neg40,214755,ours-puredos,128,3,9,0.3667,0.2222,0.00190,0.036,0.458,0.458,0.187,711.4,0.0,1561.6,63.6,15.0,14.0,0.0,0.0,658.9,0.0,0.00,pathseer:9
beir500k-rq1,neg40_cat06,neg40,214755,ours-puredos,256,1,9,0.3667,0.2222,0.00190,0.068,0.966,0.966,0.417,1316.0,0.0,2728.2,119.4,28.0,25.0,0.0,0.0,1065.2,0.0,0.00,pathseer:9
beir500k-rq1,neg40_cat06,neg40,214755,ours-puredos,256,2,9,0.3667,0.2222,0.00190,0.042,0.866,0.866,0.376,1316.0,0.0,2728.2,119.4,28.0,25.0,0.0,0.0,1065.2,0.0,0.00,pathseer:9
beir500k-rq1,neg40_cat06,neg40,214755,ours-puredos,256,3,9,0.3667,0.2222,0.00190,0.049,0.932,0.932,0.391,1316.0,0.0,2728.2,119.4,28.0,25.0,0.0,0.0,1065.2,0.0,0.00,pathseer:9
beir500k-rq1,neg40_cat06,neg40,214755,ours-puredos,512,1,9,0.3889,0.2222,0.00117,0.052,1.663,1.663,0.683,2485.1,0.0,4935.0,232.1,59.0,50.0,0.0,0.0,1813.1,0.0,0.00,pathseer:9
beir500k-rq1,neg40_cat06,neg40,214755,ours-puredos,512,2,9,0.3889,0.2222,0.00117,0.053,1.877,1.877,0.786,2485.1,0.0,4935.0,232.1,59.0,50.0,0.0,0.0,1813.1,0.0,0.00,pathseer:9
beir500k-rq1,neg40_cat06,neg40,214755,ours-puredos,512,3,9,0.3889,0.2222,0.00117,0.049,1.837,1.837,0.730,2485.1,0.0,4935.0,232.1,59.0,50.0,0.0,0.0,1813.1,0.0,0.00,pathseer:9
beir500k-rq1,neg40_cat07,neg40,227993,sweeping,64,1,41,0.9756,0.7805,0.00023,2.005,4.641,6.012,2.347,11834.8,0.0,2009.2,949.0,3.0,21.0,0.0,0.0,0.0,0.0,0.00,sweeping:41
beir500k-rq1,neg40_cat07,neg40,227993,sweeping,64,2,41,0.9756,0.7805,0.00023,1.966,4.411,5.880,2.328,11834.8,0.0,2009.2,949.0,3.0,21.0,0.0,0.0,0.0,0.0,0.00,sweeping:41
beir500k-rq1,neg40_cat07,neg40,227993,sweeping,64,3,41,0.9756,0.7805,0.00023,1.967,4.527,5.927,2.348,11834.8,0.0,2009.2,949.0,3.0,21.0,0.0,0.0,0.0,0.0,0.00,sweeping:41
beir500k-rq1,neg40_cat07,neg40,227993,sweeping,128,1,41,0.9951,0.9512,0.00002,3.374,6.646,8.559,3.645,17526.9,0.0,3183.4,1507.5,6.0,43.0,0.0,0.0,0.0,0.0,0.00,sweeping:41
beir500k-rq1,neg40_cat07,neg40,227993,sweeping,128,2,41,0.9951,0.9512,0.00002,3.355,7.249,8.896,3.711,17526.9,0.0,3183.4,1507.5,6.0,43.0,0.0,0.0,0.0,0.0,0.00,sweeping:41
beir500k-rq1,neg40_cat07,neg40,227993,sweeping,128,3,41,0.9951,0.9512,0.00002,3.314,6.886,8.378,3.618,17526.9,0.0,3183.4,1507.5,6.0,43.0,0.0,0.0,0.0,0.0,0.00,sweeping:41
beir500k-rq1,neg40_cat07,neg40,227993,sweeping,256,1,41,0.9976,0.9756,0.00001,5.156,9.806,12.912,5.639,25773.0,0.0,5069.3,2383.7,10.0,84.0,0.0,0.0,0.0,0.0,0.00,sweeping:41
beir500k-rq1,neg40_cat07,neg40,227993,sweeping,256,2,41,0.9976,0.9756,0.00001,5.107,9.872,13.124,5.666,25773.0,0.0,5069.3,2383.7,10.0,84.0,0.0,0.0,0.0,0.0,0.00,sweeping:41
beir500k-rq1,neg40_cat07,neg40,227993,sweeping,256,3,41,0.9976,0.9756,0.00001,5.183,10.274,12.858,5.631,25773.0,0.0,5069.3,2383.7,10.0,84.0,0.0,0.0,0.0,0.0,0.00,sweeping:41
beir500k-rq1,neg40_cat07,neg40,227993,sweeping,512,1,41,1.0000,1.0000,0.00000,8.129,15.397,19.412,8.911,38116.5,0.0,8052.7,3796.3,19.0,190.0,0.0,0.0,0.0,0.0,0.00,sweeping:41
beir500k-rq1,neg40_cat07,neg40,227993,sweeping,512,2,41,1.0000,1.0000,0.00000,8.363,15.883,19.461,8.966,38116.5,0.0,8052.7,3796.3,19.0,190.0,0.0,0.0,0.0,0.0,0.00,sweeping:41
beir500k-rq1,neg40_cat07,neg40,227993,sweeping,512,3,41,1.0000,1.0000,0.00000,8.471,15.489,19.944,9.145,38116.5,0.0,8052.7,3796.3,19.0,190.0,0.0,0.0,0.0,0.0,0.00,sweeping:41
beir500k-rq1,neg40_cat07,neg40,227993,pathseer,64,1,41,0.9512,0.6829,0.00063,0.649,1.429,1.601,0.761,2384.4,0.0,5187.1,342.6,3.0,12.0,118.6,29.8,3521.1,1.9,0.00,pathseer:41
beir500k-rq1,neg40_cat07,neg40,227993,pathseer,64,2,41,0.9512,0.6829,0.00063,0.651,1.455,1.625,0.765,2384.4,0.0,5187.1,342.6,3.0,12.0,118.6,29.8,3521.1,1.9,0.00,pathseer:41
beir500k-rq1,neg40_cat07,neg40,227993,pathseer,64,3,41,0.9512,0.6829,0.00063,0.682,1.488,1.692,0.790,2384.4,0.0,5187.1,342.6,3.0,12.0,118.6,29.8,3521.1,1.9,0.00,pathseer:41
beir500k-rq1,neg40_cat07,neg40,227993,pathseer,128,1,41,0.9805,0.8293,0.00029,1.250,2.558,2.724,1.418,4292.9,0.0,8379.6,627.1,4.0,28.0,213.9,58.7,5426.3,3.3,0.00,pathseer:41
beir500k-rq1,neg40_cat07,neg40,227993,pathseer,128,2,41,0.9805,0.8293,0.00029,1.249,2.555,2.693,1.411,4292.9,0.0,8379.6,627.1,4.0,28.0,213.9,58.7,5426.3,3.3,0.00,pathseer:41
beir500k-rq1,neg40_cat07,neg40,227993,pathseer,128,3,41,0.9805,0.8293,0.00029,1.225,2.519,2.665,1.397,4292.9,0.0,8379.6,627.1,4.0,28.0,213.9,58.7,5426.3,3.3,0.00,pathseer:41
beir500k-rq1,neg40_cat07,neg40,227993,pathseer,256,1,41,0.9927,0.9268,0.00020,2.289,4.471,4.656,2.517,7565.6,0.0,13275.2,1133.3,7.0,56.0,380.9,98.4,8142.9,6.0,0.00,pathseer:41
beir500k-rq1,neg40_cat07,neg40,227993,pathseer,256,2,41,0.9927,0.9268,0.00020,2.326,4.565,4.926,2.539,7565.6,0.0,13275.2,1133.3,7.0,56.0,380.9,98.4,8142.9,6.0,0.00,pathseer:41
beir500k-rq1,neg40_cat07,neg40,227993,pathseer,256,3,41,0.9927,0.9268,0.00020,2.348,4.533,4.715,2.532,7565.6,0.0,13275.2,1133.3,7.0,56.0,380.9,98.4,8142.9,6.0,0.00,pathseer:41
beir500k-rq1,neg40_cat07,neg40,227993,pathseer,512,1,41,1.0000,1.0000,0.00000,4.186,6.964,8.176,4.498,13117.5,0.0,20776.8,2008.2,13.0,119.0,768.0,195.7,11887.8,12.0,0.00,pathseer:41
beir500k-rq1,neg40_cat07,neg40,227993,pathseer,512,2,41,1.0000,1.0000,0.00000,4.211,7.072,8.188,4.496,13117.5,0.0,20776.8,2008.2,13.0,119.0,768.0,195.7,11887.8,12.0,0.00,pathseer:41
beir500k-rq1,neg40_cat07,neg40,227993,pathseer,512,3,41,1.0000,1.0000,0.00000,4.132,6.943,8.229,4.506,13117.5,0.0,20776.8,2008.2,13.0,119.0,768.0,195.7,11887.8,12.0,0.00,pathseer:41
beir500k-rq1,neg40_cat07,neg40,227993,ours-no-twohop,64,1,41,0.9488,0.6829,0.00071,0.771,1.743,1.837,0.880,2568.8,0.0,5699.4,399.0,3.0,21.0,0.0,0.0,3902.6,0.0,0.00,pathseer:41
beir500k-rq1,neg40_cat07,neg40,227993,ours-no-twohop,64,2,41,0.9488,0.6829,0.00071,0.780,1.700,1.810,0.878,2568.8,0.0,5699.4,399.0,3.0,21.0,0.0,0.0,3902.6,0.0,0.00,pathseer:41
beir500k-rq1,neg40_cat07,neg40,227993,ours-no-twohop,64,3,41,0.9488,0.6829,0.00071,0.782,1.689,1.784,0.849,2568.8,0.0,5699.4,399.0,3.0,21.0,0.0,0.0,3902.6,0.0,0.00,pathseer:41
beir500k-rq1,neg40_cat07,neg40,227993,ours-no-twohop,128,1,41,0.9854,0.8780,0.00022,1.417,2.833,3.114,1.584,4597.3,0.0,9127.5,723.0,6.0,43.0,0.0,0.0,5969.1,0.0,0.00,pathseer:41
beir500k-rq1,neg40_cat07,neg40,227993,ours-no-twohop,128,2,41,0.9854,0.8780,0.00022,1.635,3.364,3.587,1.814,4597.3,0.0,9127.5,723.0,6.0,43.0,0.0,0.0,5969.1,0.0,0.00,pathseer:41
beir500k-rq1,neg40_cat07,neg40,227993,ours-no-twohop,128,3,41,0.9854,0.8780,0.00022,1.540,2.848,3.118,1.600,4597.3,0.0,9127.5,723.0,6.0,43.0,0.0,0.0,5969.1,0.0,0.00,pathseer:41
beir500k-rq1,neg40_cat07,neg40,227993,ours-no-twohop,256,1,41,0.9927,0.9268,0.00006,2.496,4.507,5.200,2.724,8088.0,0.0,14393.0,1299.5,10.0,84.0,0.0,0.0,8898.0,0.0,0.00,pathseer:41
beir500k-rq1,neg40_cat07,neg40,227993,ours-no-twohop,256,2,41,0.9927,0.9268,0.00006,2.502,4.525,5.408,2.812,8088.0,0.0,14393.0,1299.5,10.0,84.0,0.0,0.0,8898.0,0.0,0.00,pathseer:41
beir500k-rq1,neg40_cat07,neg40,227993,ours-no-twohop,256,3,41,0.9927,0.9268,0.00006,2.483,4.605,5.098,2.735,8088.0,0.0,14393.0,1299.5,10.0,84.0,0.0,0.0,8898.0,0.0,0.00,pathseer:41
beir500k-rq1,neg40_cat07,neg40,227993,ours-no-twohop,512,1,41,1.0000,1.0000,0.00000,4.591,7.555,8.930,4.921,14002.0,0.0,22124.0,2292.5,19.0,190.0,0.0,0.0,12740.0,0.0,0.00,pathseer:41
beir500k-rq1,neg40_cat07,neg40,227993,ours-no-twohop,512,2,41,1.0000,1.0000,0.00000,4.553,7.828,8.962,4.901,14002.0,0.0,22124.0,2292.5,19.0,190.0,0.0,0.0,12740.0,0.0,0.00,pathseer:41
beir500k-rq1,neg40_cat07,neg40,227993,ours-no-twohop,512,3,41,1.0000,1.0000,0.00000,4.516,7.735,8.931,4.869,14002.0,0.0,22124.0,2292.5,19.0,190.0,0.0,0.0,12740.0,0.0,0.00,pathseer:41
beir500k-rq1,neg40_cat07,neg40,227993,ours-guard,64,1,41,0.9122,0.5366,0.00165,0.783,1.680,1.827,0.834,2116.7,0.0,6071.3,373.3,3.0,21.0,0.0,0.0,3827.0,0.0,0.00,pathseer:41
beir500k-rq1,neg40_cat07,neg40,227993,ours-guard,64,2,41,0.9122,0.5366,0.00165,0.760,1.597,1.775,0.788,2116.7,0.0,6071.3,373.3,3.0,21.0,0.0,0.0,3827.0,0.0,0.00,pathseer:41
beir500k-rq1,neg40_cat07,neg40,227993,ours-guard,64,3,41,0.9122,0.5366,0.00165,0.690,1.583,1.644,0.763,2116.7,0.0,6071.3,373.3,3.0,21.0,0.0,0.0,3827.0,0.0,0.00,pathseer:41
beir500k-rq1,neg40_cat07,neg40,227993,ours-guard,128,1,41,0.9707,0.8293,0.00053,1.349,2.938,3.044,1.450,3832.7,0.0,10016.7,680.8,6.0,43.0,0.0,0.0,5948.6,0.0,0.00,pathseer:41
beir500k-rq1,neg40_cat07,neg40,227993,ours-guard,128,2,41,0.9707,0.8293,0.00053,1.338,2.636,3.003,1.420,3832.7,0.0,10016.7,680.8,6.0,43.0,0.0,0.0,5948.6,0.0,0.00,pathseer:41
beir500k-rq1,neg40_cat07,neg40,227993,ours-guard,128,3,41,0.9707,0.8293,0.00053,1.327,2.765,3.024,1.417,3832.7,0.0,10016.7,680.8,6.0,43.0,0.0,0.0,5948.6,0.0,0.00,pathseer:41
beir500k-rq1,neg40_cat07,neg40,227993,ours-guard,256,1,41,0.9878,0.8780,0.00010,2.436,4.350,5.018,2.602,6927.1,0.0,16536.3,1243.1,10.0,84.0,0.0,0.0,9175.6,0.0,0.00,pathseer:41
beir500k-rq1,neg40_cat07,neg40,227993,ours-guard,256,2,41,0.9878,0.8780,0.00010,2.624,4.909,5.805,2.858,6927.1,0.0,16536.3,1243.1,10.0,84.0,0.0,0.0,9175.6,0.0,0.00,pathseer:41
beir500k-rq1,neg40_cat07,neg40,227993,ours-guard,256,3,41,0.9878,0.8780,0.00010,2.382,4.496,5.052,2.599,6927.1,0.0,16536.3,1243.1,10.0,84.0,0.0,0.0,9175.6,0.0,0.00,pathseer:41
beir500k-rq1,neg40_cat07,neg40,227993,ours-guard,512,1,41,1.0000,1.0000,0.00000,4.404,7.260,9.018,4.679,12203.4,0.0,26349.0,2209.3,19.0,190.0,0.0,0.0,13342.5,0.0,0.00,pathseer:41
beir500k-rq1,neg40_cat07,neg40,227993,ours-guard,512,2,41,1.0000,1.0000,0.00000,4.498,7.336,8.771,4.682,12203.4,0.0,26349.0,2209.3,19.0,190.0,0.0,0.0,13342.5,0.0,0.00,pathseer:41
beir500k-rq1,neg40_cat07,neg40,227993,ours-guard,512,3,41,1.0000,1.0000,0.00000,4.557,7.708,8.775,4.733,12203.4,0.0,26349.0,2209.3,19.0,190.0,0.0,0.0,13342.5,0.0,0.00,pathseer:41
beir500k-rq1,neg40_cat07,neg40,227993,ours-puredos,64,1,9,0.4778,0.2222,0.00069,0.270,0.315,0.315,0.174,683.3,0.0,1240.1,43.4,6.0,6.0,0.0,0.0,411.0,0.0,0.00,pathseer:9
beir500k-rq1,neg40_cat07,neg40,227993,ours-puredos,64,2,9,0.4778,0.2222,0.00069,0.195,0.310,0.310,0.160,683.3,0.0,1240.1,43.4,6.0,6.0,0.0,0.0,411.0,0.0,0.00,pathseer:9
beir500k-rq1,neg40_cat07,neg40,227993,ours-puredos,64,3,9,0.4778,0.2222,0.00069,0.237,0.456,0.456,0.197,683.3,0.0,1240.1,43.4,6.0,6.0,0.0,0.0,411.0,0.0,0.00,pathseer:9
beir500k-rq1,neg40_cat07,neg40,227993,ours-puredos,128,1,9,0.5000,0.2222,0.00053,0.400,0.541,0.541,0.276,1181.0,0.0,2100.6,77.8,10.0,10.0,0.0,0.0,667.2,0.0,0.00,pathseer:9
beir500k-rq1,neg40_cat07,neg40,227993,ours-puredos,128,2,9,0.5000,0.2222,0.00053,0.395,0.540,0.540,0.277,1181.0,0.0,2100.6,77.8,10.0,10.0,0.0,0.0,667.2,0.0,0.00,pathseer:9
beir500k-rq1,neg40_cat07,neg40,227993,ours-puredos,128,3,9,0.5000,0.2222,0.00053,0.401,0.543,0.543,0.277,1181.0,0.0,2100.6,77.8,10.0,10.0,0.0,0.0,667.2,0.0,0.00,pathseer:9
beir500k-rq1,neg40_cat07,neg40,227993,ours-puredos,256,1,9,0.5333,0.3333,0.00022,0.800,0.969,0.969,0.506,2078.6,0.0,3614.0,146.6,19.0,18.0,0.0,0.0,1092.8,0.0,0.00,pathseer:9
beir500k-rq1,neg40_cat07,neg40,227993,ours-puredos,256,2,9,0.5333,0.3333,0.00022,0.806,1.087,1.087,0.524,2078.6,0.0,3614.0,146.6,19.0,18.0,0.0,0.0,1092.8,0.0,0.00,pathseer:9
beir500k-rq1,neg40_cat07,neg40,227993,ours-puredos,256,3,9,0.5333,0.3333,0.00022,0.821,0.980,0.980,0.517,2078.6,0.0,3614.0,146.6,19.0,18.0,0.0,0.0,1092.8,0.0,0.00,pathseer:9
beir500k-rq1,neg40_cat07,neg40,227993,ours-puredos,512,1,9,0.5556,0.5556,0.00000,1.536,1.873,1.873,0.965,3644.7,0.0,6173.9,287.4,42.0,40.0,0.0,0.0,1769.1,0.0,0.00,pathseer:9
beir500k-rq1,neg40_cat07,neg40,227993,ours-puredos,512,2,9,0.5556,0.5556,0.00000,1.366,2.029,2.029,0.993,3644.7,0.0,6173.9,287.4,42.0,40.0,0.0,0.0,1769.1,0.0,0.00,pathseer:9
beir500k-rq1,neg40_cat07,neg40,227993,ours-puredos,512,3,9,0.5556,0.5556,0.00000,1.566,1.969,1.969,0.956,3644.7,0.0,6173.9,287.4,42.0,40.0,0.0,0.0,1769.1,0.0,0.00,pathseer:9
beir500k-rq1,neg40_cat08,neg40,220050,sweeping,64,1,52,0.9788,0.8077,0.00027,4.192,8.941,9.155,4.725,19768.2,0.0,5274.1,3007.5,3.0,67.0,0.0,0.0,0.0,0.0,0.00,sweeping:52
beir500k-rq1,neg40_cat08,neg40,220050,sweeping,64,2,52,0.9788,0.8077,0.00027,4.243,8.976,9.313,4.703,19768.2,0.0,5274.1,3007.5,3.0,67.0,0.0,0.0,0.0,0.0,0.00,sweeping:52
beir500k-rq1,neg40_cat08,neg40,220050,sweeping,64,3,52,0.9788,0.8077,0.00027,4.126,9.102,9.461,4.724,19768.2,0.0,5274.1,3007.5,3.0,67.0,0.0,0.0,0.0,0.0,0.00,sweeping:52
beir500k-rq1,neg40_cat08,neg40,220050,sweeping,128,1,52,0.9981,0.9808,0.00006,6.105,11.982,12.327,6.642,25339.9,0.0,7470.1,4355.4,5.0,154.0,0.0,0.0,0.0,0.0,0.00,sweeping:52
beir500k-rq1,neg40_cat08,neg40,220050,sweeping,128,2,52,0.9981,0.9808,0.00006,5.776,12.218,12.812,6.741,25339.9,0.0,7470.1,4355.4,5.0,154.0,0.0,0.0,0.0,0.0,0.00,sweeping:52
beir500k-rq1,neg40_cat08,neg40,220050,sweeping,128,3,52,0.9981,0.9808,0.00006,5.817,11.917,12.712,6.613,25339.9,0.0,7470.1,4355.4,5.0,154.0,0.0,0.0,0.0,0.0,0.00,sweeping:52
beir500k-rq1,neg40_cat08,neg40,220050,sweeping,256,1,52,1.0000,1.0000,0.00000,8.928,16.072,16.412,9.709,32825.1,0.0,10452.6,6186.6,10.0,270.0,0.0,0.0,0.0,0.0,0.00,sweeping:52
beir500k-rq1,neg40_cat08,neg40,220050,sweeping,256,2,52,1.0000,1.0000,0.00000,9.241,16.074,18.609,9.834,32825.1,0.0,10452.6,6186.6,10.0,270.0,0.0,0.0,0.0,0.0,0.00,sweeping:52
beir500k-rq1,neg40_cat08,neg40,220050,sweeping,256,3,52,1.0000,1.0000,0.00000,9.128,15.613,16.725,9.642,32825.1,0.0,10452.6,6186.6,10.0,270.0,0.0,0.0,0.0,0.0,0.00,sweeping:52
beir500k-rq1,neg40_cat08,neg40,220050,sweeping,512,1,52,1.0000,1.0000,0.00000,13.920,21.406,22.294,14.029,43372.8,0.0,14471.7,8717.5,20.0,529.0,0.0,0.0,0.0,0.0,0.00,sweeping:52
beir500k-rq1,neg40_cat08,neg40,220050,sweeping,512,2,52,1.0000,1.0000,0.00000,13.602,20.912,21.416,13.751,43372.8,0.0,14471.7,8717.5,20.0,529.0,0.0,0.0,0.0,0.0,0.00,sweeping:52
beir500k-rq1,neg40_cat08,neg40,220050,sweeping,512,3,52,1.0000,1.0000,0.00000,13.407,22.205,22.549,13.939,43372.8,0.0,14471.7,8717.5,20.0,529.0,0.0,0.0,0.0,0.0,0.00,sweeping:52
beir500k-rq1,neg40_cat08,neg40,220050,pathseer,64,1,52,0.9731,0.7692,0.00029,1.376,3.561,3.914,1.724,3559.4,0.0,12371.0,1175.5,3.0,60.0,131.7,19.6,8514.3,2.1,0.00,pathseer:52
beir500k-rq1,neg40_cat08,neg40,220050,pathseer,64,2,52,0.9731,0.7692,0.00029,1.338,3.285,3.526,1.648,3559.4,0.0,12371.0,1175.5,3.0,60.0,131.7,19.6,8514.3,2.1,0.00,pathseer:52
beir500k-rq1,neg40_cat08,neg40,220050,pathseer,64,3,52,0.9731,0.7692,0.00029,1.380,3.451,3.731,1.657,3559.4,0.0,12371.0,1175.5,3.0,60.0,131.7,19.6,8514.3,2.1,0.00,pathseer:52
beir500k-rq1,neg40_cat08,neg40,220050,pathseer,128,1,52,0.9904,0.9231,0.00016,2.055,5.602,5.934,2.866,6095.3,0.0,17640.1,2035.2,4.0,92.0,227.7,30.7,11104.0,3.6,0.00,pathseer:52
beir500k-rq1,neg40_cat08,neg40,220050,pathseer,128,2,52,0.9904,0.9231,0.00016,2.074,5.710,5.988,2.845,6095.3,0.0,17640.1,2035.2,4.0,92.0,227.7,30.7,11104.0,3.6,0.00,pathseer:52
beir500k-rq1,neg40_cat08,neg40,220050,pathseer,128,3,52,0.9904,0.9231,0.00016,2.139,5.525,5.703,2.801,6095.3,0.0,17640.1,2035.2,4.0,92.0,227.7,30.7,11104.0,3.6,0.00,pathseer:52
beir500k-rq1,neg40_cat08,neg40,220050,pathseer,256,1,52,0.9981,0.9808,0.00006,4.058,8.946,9.046,4.766,10382.0,0.0,24868.1,3445.9,8.0,207.0,434.5,58.5,13901.8,6.8,0.00,pathseer:52
beir500k-rq1,neg40_cat08,neg40,220050,pathseer,256,2,52,0.9981,0.9808,0.00006,4.410,8.927,9.027,4.777,10382.0,0.0,24868.1,3445.9,8.0,207.0,434.5,58.5,13901.8,6.8,0.00,pathseer:52
beir500k-rq1,neg40_cat08,neg40,220050,pathseer,256,3,52,0.9981,0.9808,0.00006,4.017,8.707,9.106,4.777,10382.0,0.0,24868.1,3445.9,8.0,207.0,434.5,58.5,13901.8,6.8,0.00,pathseer:52
beir500k-rq1,neg40_cat08,neg40,220050,pathseer,512,1,52,0.9981,0.9808,0.00006,7.019,13.427,13.917,7.786,17068.0,0.0,34226.1,5535.4,15.0,418.0,932.9,117.2,16640.9,14.6,0.00,pathseer:52
beir500k-rq1,neg40_cat08,neg40,220050,pathseer,512,2,52,0.9981,0.9808,0.00006,7.025,13.290,13.995,7.810,17068.0,0.0,34226.1,5535.4,15.0,418.0,932.9,117.2,16640.9,14.6,0.00,pathseer:52
beir500k-rq1,neg40_cat08,neg40,220050,pathseer,512,3,52,0.9981,0.9808,0.00006,6.908,13.068,13.105,7.794,17068.0,0.0,34226.1,5535.4,15.0,418.0,932.9,117.2,16640.9,14.6,0.00,pathseer:52
beir500k-rq1,neg40_cat08,neg40,220050,ours-no-twohop,64,1,52,0.9769,0.7885,0.00021,1.441,3.717,3.942,1.801,3906.7,0.0,13278.2,1325.3,3.0,67.0,0.0,0.0,9040.6,0.0,0.00,pathseer:52
beir500k-rq1,neg40_cat08,neg40,220050,ours-no-twohop,64,2,52,0.9769,0.7885,0.00021,1.506,3.760,3.911,1.830,3906.7,0.0,13278.2,1325.3,3.0,67.0,0.0,0.0,9040.6,0.0,0.00,pathseer:52
beir500k-rq1,neg40_cat08,neg40,220050,ours-no-twohop,64,3,52,0.9769,0.7885,0.00021,1.527,3.974,4.107,1.915,3906.7,0.0,13278.2,1325.3,3.0,67.0,0.0,0.0,9040.6,0.0,0.00,pathseer:52
beir500k-rq1,neg40_cat08,neg40,220050,ours-no-twohop,128,1,52,0.9942,0.9423,0.00009,2.890,6.194,6.246,3.198,6573.1,0.0,18677.0,2246.2,5.0,154.0,0.0,0.0,11644.0,0.0,0.00,pathseer:52
beir500k-rq1,neg40_cat08,neg40,220050,ours-no-twohop,128,2,52,0.9942,0.9423,0.00009,2.785,6.132,6.752,3.198,6573.1,0.0,18677.0,2246.2,5.0,154.0,0.0,0.0,11644.0,0.0,0.00,pathseer:52
beir500k-rq1,neg40_cat08,neg40,220050,ours-no-twohop,128,3,52,0.9942,0.9423,0.00009,2.797,5.968,6.754,3.150,6573.1,0.0,18677.0,2246.2,5.0,154.0,0.0,0.0,11644.0,0.0,0.00,pathseer:52
beir500k-rq1,neg40_cat08,neg40,220050,ours-no-twohop,256,1,52,0.9981,0.9808,0.00006,4.564,9.299,9.956,5.099,10970.5,0.0,25631.6,3695.5,10.0,270.0,0.0,0.0,14215.2,0.0,0.00,pathseer:52
beir500k-rq1,neg40_cat08,neg40,220050,ours-no-twohop,256,2,52,0.9981,0.9808,0.00006,4.687,9.077,9.739,5.076,10970.5,0.0,25631.6,3695.5,10.0,270.0,0.0,0.0,14215.2,0.0,0.00,pathseer:52
beir500k-rq1,neg40_cat08,neg40,220050,ours-no-twohop,256,3,52,0.9981,0.9808,0.00006,4.654,9.000,9.546,5.096,10970.5,0.0,25631.6,3695.5,10.0,270.0,0.0,0.0,14215.2,0.0,0.00,pathseer:52
beir500k-rq1,neg40_cat08,neg40,220050,ours-no-twohop,512,1,52,0.9981,0.9808,0.00006,7.582,13.512,13.865,8.286,17877.3,0.0,34808.8,5862.5,20.0,529.0,0.0,0.0,16928.0,0.0,0.00,pathseer:52
beir500k-rq1,neg40_cat08,neg40,220050,ours-no-twohop,512,2,52,0.9981,0.9808,0.00006,7.652,13.450,13.458,8.182,17877.3,0.0,34808.8,5862.5,20.0,529.0,0.0,0.0,16928.0,0.0,0.00,pathseer:52
beir500k-rq1,neg40_cat08,neg40,220050,ours-no-twohop,512,3,52,0.9981,0.9808,0.00006,7.681,13.243,14.128,8.180,17877.3,0.0,34808.8,5862.5,20.0,529.0,0.0,0.0,16928.0,0.0,0.00,pathseer:52
beir500k-rq1,neg40_cat08,neg40,220050,ours-guard,64,1,52,0.9731,0.7692,0.00035,1.401,3.735,3.819,1.748,3494.3,0.0,12742.4,1303.7,3.0,67.0,0.0,0.0,9134.7,0.0,0.00,pathseer:52
beir500k-rq1,neg40_cat08,neg40,220050,ours-guard,64,2,52,0.9731,0.7692,0.00035,1.477,3.622,3.797,1.764,3494.3,0.0,12742.4,1303.7,3.0,67.0,0.0,0.0,9134.7,0.0,0.00,pathseer:52
beir500k-rq1,neg40_cat08,neg40,220050,ours-guard,64,3,52,0.9731,0.7692,0.00035,1.449,3.541,3.611,1.701,3494.3,0.0,12742.4,1303.7,3.0,67.0,0.0,0.0,9134.7,0.0,0.00,pathseer:52
beir500k-rq1,neg40_cat08,neg40,220050,ours-guard,128,1,52,0.9942,0.9423,0.00009,2.747,5.501,6.216,2.952,5946.2,0.0,18046.8,2217.5,5.0,154.0,0.0,0.0,11888.4,0.0,0.00,pathseer:52
beir500k-rq1,neg40_cat08,neg40,220050,ours-guard,128,2,52,0.9942,0.9423,0.00009,2.970,6.465,6.591,3.150,5946.2,0.0,18046.8,2217.5,5.0,154.0,0.0,0.0,11888.4,0.0,0.00,pathseer:52
beir500k-rq1,neg40_cat08,neg40,220050,ours-guard,128,3,52,0.9942,0.9423,0.00009,2.679,5.550,6.498,2.967,5946.2,0.0,18046.8,2217.5,5.0,154.0,0.0,0.0,11888.4,0.0,0.00,pathseer:52
beir500k-rq1,neg40_cat08,neg40,220050,ours-guard,256,1,52,0.9962,0.9615,0.00008,4.599,8.505,8.875,4.853,9971.3,0.0,25019.7,3649.6,10.0,270.0,0.0,0.0,14648.1,0.0,0.00,pathseer:52
beir500k-rq1,neg40_cat08,neg40,220050,ours-guard,256,2,52,0.9962,0.9615,0.00008,4.890,9.081,11.292,5.465,9971.3,0.0,25019.7,3649.6,10.0,270.0,0.0,0.0,14648.1,0.0,0.00,pathseer:52
beir500k-rq1,neg40_cat08,neg40,220050,ours-guard,256,3,52,0.9962,0.9615,0.00008,4.591,8.760,9.261,4.915,9971.3,0.0,25019.7,3649.6,10.0,270.0,0.0,0.0,14648.1,0.0,0.00,pathseer:52
beir500k-rq1,neg40_cat08,neg40,220050,ours-guard,512,1,52,0.9981,0.9808,0.00006,7.174,14.171,16.029,8.364,16271.5,0.0,34623.6,5788.5,20.0,529.0,0.0,0.0,17615.0,0.0,0.00,pathseer:52
beir500k-rq1,neg40_cat08,neg40,220050,ours-guard,512,2,52,0.9981,0.9808,0.00006,7.059,13.669,14.117,7.945,16271.5,0.0,34623.6,5788.5,20.0,529.0,0.0,0.0,17615.0,0.0,0.00,pathseer:52
beir500k-rq1,neg40_cat08,neg40,220050,ours-guard,512,3,52,0.9981,0.9808,0.00006,7.126,13.263,13.492,7.917,16271.5,0.0,34623.6,5788.5,20.0,529.0,0.0,0.0,17615.0,0.0,0.00,pathseer:52
beir500k-rq1,neg40_cat08,neg40,220050,ours-puredos,64,1,9,0.4667,0.2222,0.00318,0.209,0.229,0.229,0.135,606.8,0.0,1086.1,37.7,5.0,5.0,0.0,0.0,367.7,0.0,0.00,pathseer:9
beir500k-rq1,neg40_cat08,neg40,220050,ours-puredos,64,2,9,0.4667,0.2222,0.00318,0.196,0.233,0.233,0.132,606.8,0.0,1086.1,37.7,5.0,5.0,0.0,0.0,367.7,0.0,0.00,pathseer:9
beir500k-rq1,neg40_cat08,neg40,220050,ours-puredos,64,3,9,0.4667,0.2222,0.00318,0.202,0.253,0.253,0.137,606.8,0.0,1086.1,37.7,5.0,5.0,0.0,0.0,367.7,0.0,0.00,pathseer:9
beir500k-rq1,neg40_cat08,neg40,220050,ours-puredos,128,1,9,0.4889,0.2222,0.00228,0.369,0.429,0.429,0.237,1088.0,0.0,1929.4,72.8,8.0,7.0,0.0,0.0,641.3,0.0,0.00,pathseer:9
beir500k-rq1,neg40_cat08,neg40,220050,ours-puredos,128,2,9,0.4889,0.2222,0.00228,0.387,0.428,0.428,0.243,1088.0,0.0,1929.4,72.8,8.0,7.0,0.0,0.0,641.3,0.0,0.00,pathseer:9
beir500k-rq1,neg40_cat08,neg40,220050,ours-puredos,128,3,9,0.4889,0.2222,0.00228,0.374,0.436,0.436,0.242,1088.0,0.0,1929.4,72.8,8.0,7.0,0.0,0.0,641.3,0.0,0.00,pathseer:9
beir500k-rq1,neg40_cat08,neg40,220050,ours-puredos,256,1,9,0.5222,0.3333,0.00095,0.756,0.961,0.961,0.480,1930.6,0.0,3373.3,143.8,13.0,12.0,0.0,0.0,1076.1,0.0,0.00,pathseer:9
beir500k-rq1,neg40_cat08,neg40,220050,ours-puredos,256,2,9,0.5222,0.3333,0.00095,0.756,0.866,0.866,0.460,1930.6,0.0,3373.3,143.8,13.0,12.0,0.0,0.0,1076.1,0.0,0.00,pathseer:9
beir500k-rq1,neg40_cat08,neg40,220050,ours-puredos,256,3,9,0.5222,0.3333,0.00095,0.758,0.908,0.908,0.474,1930.6,0.0,3373.3,143.8,13.0,12.0,0.0,0.0,1076.1,0.0,0.00,pathseer:9
beir500k-rq1,neg40_cat08,neg40,220050,ours-puredos,512,1,9,0.5444,0.4444,0.00056,1.508,1.654,1.654,0.892,3387.2,0.0,5971.7,286.0,28.0,26.0,0.0,0.0,1895.6,0.0,0.00,pathseer:9
beir500k-rq1,neg40_cat08,neg40,220050,ours-puredos,512,2,9,0.5444,0.4444,0.00056,1.509,1.607,1.607,0.890,3387.2,0.0,5971.7,286.0,28.0,26.0,0.0,0.0,1895.6,0.0,0.00,pathseer:9
beir500k-rq1,neg40_cat08,neg40,220050,ours-puredos,512,3,9,0.5444,0.4444,0.00056,1.502,1.883,1.883,0.927,3387.2,0.0,5971.7,286.0,28.0,26.0,0.0,0.0,1895.6,0.0,0.00,pathseer:9
beir500k-rq1,neg40_cat09,neg40,211545,sweeping,64,1,55,0.9673,0.7636,0.00049,8.106,15.799,16.738,8.759,30514.3,0.0,9364.4,6232.1,3.0,185.0,0.0,0.0,0.0,0.0,0.00,sweeping:55
beir500k-rq1,neg40_cat09,neg40,211545,sweeping,64,2,55,0.9673,0.7636,0.00049,8.826,16.151,18.091,9.213,30514.3,0.0,9364.4,6232.1,3.0,185.0,0.0,0.0,0.0,0.0,0.00,sweeping:55
beir500k-rq1,neg40_cat09,neg40,211545,sweeping,64,3,55,0.9673,0.7636,0.00049,8.178,15.809,17.284,8.735,30514.3,0.0,9364.4,6232.1,3.0,185.0,0.0,0.0,0.0,0.0,0.00,sweeping:55
beir500k-rq1,neg40_cat09,neg40,211545,sweeping,128,1,55,0.9873,0.8909,0.00013,11.901,21.175,21.782,11.964,37530.9,0.0,12708.7,8406.9,6.0,335.0,0.0,0.0,0.0,0.0,0.00,sweeping:55
beir500k-rq1,neg40_cat09,neg40,211545,sweeping,128,2,55,0.9873,0.8909,0.00013,11.300,19.854,20.232,11.677,37530.9,0.0,12708.7,8406.9,6.0,335.0,0.0,0.0,0.0,0.0,0.00,sweeping:55
beir500k-rq1,neg40_cat09,neg40,211545,sweeping,128,3,55,0.9873,0.8909,0.00013,11.118,19.567,20.555,11.710,37530.9,0.0,12708.7,8406.9,6.0,335.0,0.0,0.0,0.0,0.0,0.00,sweeping:55
beir500k-rq1,neg40_cat09,neg40,211545,sweeping,256,1,55,0.9964,0.9636,0.00007,15.414,24.918,26.127,15.595,46269.3,0.0,16949.0,11194.9,10.0,673.0,0.0,0.0,0.0,0.0,0.00,sweeping:55
beir500k-rq1,neg40_cat09,neg40,211545,sweeping,256,2,55,0.9964,0.9636,0.00007,15.558,24.890,25.715,15.609,46269.3,0.0,16949.0,11194.9,10.0,673.0,0.0,0.0,0.0,0.0,0.00,sweeping:55
beir500k-rq1,neg40_cat09,neg40,211545,sweeping,256,3,55,0.9964,0.9636,0.00007,15.467,24.877,26.904,15.724,46269.3,0.0,16949.0,11194.9,10.0,673.0,0.0,0.0,0.0,0.0,0.00,sweeping:55
beir500k-rq1,neg40_cat09,neg40,211545,sweeping,512,1,55,1.0000,1.0000,0.00000,21.254,31.911,33.276,21.296,58029.4,0.0,22261.5,14772.7,22.0,1302.0,0.0,0.0,0.0,0.0,0.00,sweeping:55
beir500k-rq1,neg40_cat09,neg40,211545,sweeping,512,2,55,1.0000,1.0000,0.00000,20.779,32.022,34.101,21.403,58029.4,0.0,22261.5,14772.7,22.0,1302.0,0.0,0.0,0.0,0.0,0.00,sweeping:55
beir500k-rq1,neg40_cat09,neg40,211545,sweeping,512,3,55,1.0000,1.0000,0.00000,21.020,31.802,31.981,21.315,58029.4,0.0,22261.5,14772.7,22.0,1302.0,0.0,0.0,0.0,0.0,0.00,sweeping:55
beir500k-rq1,neg40_cat09,neg40,211545,pathseer,64,1,55,0.9527,0.6727,0.00076,2.251,5.230,6.031,2.653,4689.2,0.0,18461.8,2175.9,3.0,165.0,154.8,13.0,12393.0,2.4,0.00,pathseer:55
beir500k-rq1,neg40_cat09,neg40,211545,pathseer,64,2,55,0.9527,0.6727,0.00076,2.212,5.175,6.396,2.731,4689.2,0.0,18461.8,2175.9,3.0,165.0,154.8,13.0,12393.0,2.4,0.00,pathseer:55
beir500k-rq1,neg40_cat09,neg40,211545,pathseer,64,3,55,0.9527,0.6727,0.00076,2.437,5.528,6.352,2.824,4689.2,0.0,18461.8,2175.9,3.0,165.0,154.8,13.0,12393.0,2.4,0.00,pathseer:55
beir500k-rq1,neg40_cat09,neg40,211545,pathseer,128,1,55,0.9836,0.8545,0.00026,4.150,7.673,8.526,4.265,7781.6,0.0,25519.1,3475.0,5.0,306.0,256.0,21.0,15780.8,4.0,0.00,pathseer:55
beir500k-rq1,neg40_cat09,neg40,211545,pathseer,128,2,55,0.9836,0.8545,0.00026,4.270,7.715,9.105,4.288,7781.6,0.0,25519.1,3475.0,5.0,306.0,256.0,21.0,15780.8,4.0,0.00,pathseer:55
beir500k-rq1,neg40_cat09,neg40,211545,pathseer,128,3,55,0.9836,0.8545,0.00026,4.145,7.792,9.153,4.306,7781.6,0.0,25519.1,3475.0,5.0,306.0,256.0,21.0,15780.8,4.0,0.00,pathseer:55
beir500k-rq1,neg40_cat09,neg40,211545,pathseer,256,1,55,0.9945,0.9455,0.00015,7.318,13.189,14.285,7.414,12934.7,0.0,34857.5,5582.5,9.0,595.0,529.5,42.1,19086.2,8.3,0.00,pathseer:55
beir500k-rq1,neg40_cat09,neg40,211545,pathseer,256,2,55,0.9945,0.9455,0.00015,8.074,13.548,14.752,7.501,12934.7,0.0,34857.5,5582.5,9.0,595.0,529.5,42.1,19086.2,8.3,0.00,pathseer:55
beir500k-rq1,neg40_cat09,neg40,211545,pathseer,256,3,55,0.9945,0.9455,0.00015,6.981,11.973,13.713,7.365,12934.7,0.0,34857.5,5582.5,9.0,595.0,529.5,42.1,19086.2,8.3,0.00,pathseer:55
beir500k-rq1,neg40_cat09,neg40,211545,pathseer,512,1,55,0.9964,0.9636,0.00010,11.630,18.834,19.381,11.415,21098.8,0.0,47260.0,8746.5,19.0,1246.0,1148.5,81.2,22204.9,17.9,0.00,pathseer:55
beir500k-rq1,neg40_cat09,neg40,211545,pathseer,512,2,55,0.9964,0.9636,0.00010,11.420,18.421,19.772,11.410,21098.8,0.0,47260.0,8746.5,19.0,1246.0,1148.5,81.2,22204.9,17.9,0.00,pathseer:55
beir500k-rq1,neg40_cat09,neg40,211545,pathseer,512,3,55,0.9964,0.9636,0.00010,11.214,17.862,18.872,11.177,21098.8,0.0,47260.0,8746.5,19.0,1246.0,1148.5,81.2,22204.9,17.9,0.00,pathseer:55
beir500k-rq1,neg40_cat09,neg40,211545,ours-no-twohop,64,1,55,0.9564,0.6909,0.00069,2.953,5.158,6.079,2.907,5022.7,0.0,19497.3,2361.8,3.0,185.0,0.0,0.0,13045.7,0.0,0.00,pathseer:55
beir500k-rq1,neg40_cat09,neg40,211545,ours-no-twohop,64,2,55,0.9564,0.6909,0.00069,3.118,5.956,6.983,3.192,5022.7,0.0,19497.3,2361.8,3.0,185.0,0.0,0.0,13045.7,0.0,0.00,pathseer:55
beir500k-rq1,neg40_cat09,neg40,211545,ours-no-twohop,64,3,55,0.9564,0.6909,0.00069,2.796,5.085,6.224,2.812,5022.7,0.0,19497.3,2361.8,3.0,185.0,0.0,0.0,13045.7,0.0,0.00,pathseer:55
beir500k-rq1,neg40_cat09,neg40,211545,ours-no-twohop,128,1,55,0.9855,0.8727,0.00022,4.488,8.309,8.714,4.670,8256.4,0.0,26457.9,3728.0,6.0,335.0,0.0,0.0,16222.6,0.0,0.00,pathseer:55
beir500k-rq1,neg40_cat09,neg40,211545,ours-no-twohop,128,2,55,0.9855,0.8727,0.00022,4.234,7.865,9.532,4.546,8256.4,0.0,26457.9,3728.0,6.0,335.0,0.0,0.0,16222.6,0.0,0.00,pathseer:55
beir500k-rq1,neg40_cat09,neg40,211545,ours-no-twohop,128,3,55,0.9855,0.8727,0.00022,4.939,9.695,10.906,5.170,8256.4,0.0,26457.9,3728.0,6.0,335.0,0.0,0.0,16222.6,0.0,0.00,pathseer:55
beir500k-rq1,neg40_cat09,neg40,211545,ours-no-twohop,256,1,55,0.9945,0.9455,0.00015,6.932,12.374,14.343,7.360,13528.7,0.0,35647.8,5868.5,10.0,673.0,0.0,0.0,19475.2,0.0,0.00,pathseer:55
beir500k-rq1,neg40_cat09,neg40,211545,ours-no-twohop,256,2,55,0.9945,0.9455,0.00015,7.256,12.118,13.029,7.253,13528.7,0.0,35647.8,5868.5,10.0,673.0,0.0,0.0,19475.2,0.0,0.00,pathseer:55
beir500k-rq1,neg40_cat09,neg40,211545,ours-no-twohop,256,3,55,0.9945,0.9455,0.00015,7.147,12.910,13.837,7.536,13528.7,0.0,35647.8,5868.5,10.0,673.0,0.0,0.0,19475.2,0.0,0.00,pathseer:55
beir500k-rq1,neg40_cat09,neg40,211545,ours-no-twohop,512,1,55,0.9964,0.9636,0.00010,11.247,18.399,19.174,11.754,21845.9,0.0,47467.9,9116.0,22.0,1302.0,0.0,0.0,22318.2,0.0,0.00,pathseer:55
beir500k-rq1,neg40_cat09,neg40,211545,ours-no-twohop,512,2,55,0.9964,0.9636,0.00010,11.974,19.090,20.162,12.115,21845.9,0.0,47467.9,9116.0,22.0,1302.0,0.0,0.0,22318.2,0.0,0.00,pathseer:55
beir500k-rq1,neg40_cat09,neg40,211545,ours-no-twohop,512,3,55,0.9964,0.9636,0.00010,11.077,18.050,19.186,11.552,21845.9,0.0,47467.9,9116.0,22.0,1302.0,0.0,0.0,22318.2,0.0,0.00,pathseer:55
beir500k-rq1,neg40_cat09,neg40,211545,ours-guard,64,1,55,0.9545,0.6909,0.00072,2.814,5.350,6.086,2.791,4690.3,0.0,17869.3,2341.5,3.0,185.0,0.0,0.0,13057.7,0.0,0.00,pathseer:55
beir500k-rq1,neg40_cat09,neg40,211545,ours-guard,64,2,55,0.9545,0.6909,0.00072,2.774,5.675,6.077,2.785,4690.3,0.0,17869.3,2341.5,3.0,185.0,0.0,0.0,13057.7,0.0,0.00,pathseer:55
beir500k-rq1,neg40_cat09,neg40,211545,ours-guard,64,3,55,0.9545,0.6909,0.00072,2.676,5.019,5.962,2.709,4690.3,0.0,17869.3,2341.5,3.0,185.0,0.0,0.0,13057.7,0.0,0.00,pathseer:55
beir500k-rq1,neg40_cat09,neg40,211545,ours-guard,128,1,55,0.9800,0.8364,0.00036,4.136,7.485,8.639,4.425,7752.1,0.0,24289.5,3697.5,6.0,335.0,0.0,0.0,16306.3,0.0,0.00,pathseer:55
beir500k-rq1,neg40_cat09,neg40,211545,ours-guard,128,2,55,0.9800,0.8364,0.00036,4.205,7.872,8.932,4.576,7752.1,0.0,24289.5,3697.5,6.0,335.0,0.0,0.0,16306.3,0.0,0.00,pathseer:55
beir500k-rq1,neg40_cat09,neg40,211545,ours-guard,128,3,55,0.9800,0.8364,0.00036,4.577,7.723,9.062,4.551,7752.1,0.0,24289.5,3697.5,6.0,335.0,0.0,0.0,16306.3,0.0,0.00,pathseer:55
beir500k-rq1,neg40_cat09,neg40,211545,ours-guard,256,1,55,0.9945,0.9455,0.00015,6.973,12.233,12.720,7.022,12745.7,0.0,32850.2,5822.5,10.0,673.0,0.0,0.0,19665.8,0.0,0.00,pathseer:55
beir500k-rq1,neg40_cat09,neg40,211545,ours-guard,256,2,55,0.9945,0.9455,0.00015,6.825,12.023,12.995,7.107,12745.7,0.0,32850.2,5822.5,10.0,673.0,0.0,0.0,19665.8,0.0,0.00,pathseer:55
beir500k-rq1,neg40_cat09,neg40,211545,ours-guard,256,3,55,0.9945,0.9455,0.00015,6.938,11.694,13.041,7.075,12745.7,0.0,32850.2,5822.5,10.0,673.0,0.0,0.0,19665.8,0.0,0.00,pathseer:55
beir500k-rq1,neg40_cat09,neg40,211545,ours-guard,512,1,55,0.9964,0.9636,0.00010,11.363,18.094,19.654,11.443,20615.0,0.0,44175.6,9051.8,22.0,1302.0,0.0,0.0,22725.9,0.0,0.00,pathseer:55
beir500k-rq1,neg40_cat09,neg40,211545,ours-guard,512,2,55,0.9964,0.9636,0.00010,11.670,18.755,20.072,11.680,20615.0,0.0,44175.6,9051.8,22.0,1302.0,0.0,0.0,22725.9,0.0,0.00,pathseer:55
beir500k-rq1,neg40_cat09,neg40,211545,ours-guard,512,3,55,0.9964,0.9636,0.00010,11.327,18.624,19.294,11.550,20615.0,0.0,44175.6,9051.8,22.0,1302.0,0.0,0.0,22725.9,0.0,0.00,pathseer:55
beir500k-rq1,neg40_cat09,neg40,211545,ours-puredos,64,1,9,0.1111,0.0000,0.00470,0.033,0.306,0.306,0.082,245.1,0.0,426.7,15.6,8.0,8.0,0.0,0.0,132.9,0.0,0.00,pathseer:9
beir500k-rq1,neg40_cat09,neg40,211545,ours-puredos,64,2,9,0.1111,0.0000,0.00470,0.029,0.237,0.237,0.072,245.1,0.0,426.7,15.6,8.0,8.0,0.0,0.0,132.9,0.0,0.00,pathseer:9
beir500k-rq1,neg40_cat09,neg40,211545,ours-puredos,64,3,9,0.1111,0.0000,0.00470,0.033,0.256,0.256,0.079,245.1,0.0,426.7,15.6,8.0,8.0,0.0,0.0,132.9,0.0,0.00,pathseer:9
beir500k-rq1,neg40_cat09,neg40,211545,ours-puredos,128,1,9,0.1778,0.0000,0.00202,0.029,0.375,0.375,0.104,441.8,0.0,761.9,29.7,14.0,11.0,0.0,0.0,234.0,0.0,0.00,pathseer:9
beir500k-rq1,neg40_cat09,neg40,211545,ours-puredos,128,2,9,0.1778,0.0000,0.00202,0.030,0.376,0.376,0.106,441.8,0.0,761.9,29.7,14.0,11.0,0.0,0.0,234.0,0.0,0.00,pathseer:9
beir500k-rq1,neg40_cat09,neg40,211545,ours-puredos,128,3,9,0.1778,0.0000,0.00202,0.031,0.397,0.397,0.112,441.8,0.0,761.9,29.7,14.0,11.0,0.0,0.0,234.0,0.0,0.00,pathseer:9
beir500k-rq1,neg40_cat09,neg40,211545,ours-puredos,256,1,9,0.1889,0.0000,0.00167,0.032,0.767,0.767,0.185,792.7,0.0,1326.8,58.2,21.0,19.0,0.0,0.0,370.7,0.0,0.00,pathseer:9
beir500k-rq1,neg40_cat09,neg40,211545,ours-puredos,256,2,9,0.1889,0.0000,0.00167,0.030,0.931,0.931,0.207,792.7,0.0,1326.8,58.2,21.0,19.0,0.0,0.0,370.7,0.0,0.00,pathseer:9
beir500k-rq1,neg40_cat09,neg40,211545,ours-puredos,256,3,9,0.1889,0.0000,0.00167,0.029,0.743,0.743,0.183,792.7,0.0,1326.8,58.2,21.0,19.0,0.0,0.0,370.7,0.0,0.00,pathseer:9
beir500k-rq1,neg40_cat09,neg40,211545,ours-puredos,512,1,9,0.1889,0.0000,0.00167,0.039,1.876,1.876,0.427,1404.0,0.0,2318.1,115.2,34.0,33.0,0.0,0.0,629.4,0.0,0.00,pathseer:9
beir500k-rq1,neg40_cat09,neg40,211545,ours-puredos,512,2,9,0.1889,0.0000,0.00167,0.041,1.636,1.636,0.387,1404.0,0.0,2318.1,115.2,34.0,33.0,0.0,0.0,629.4,0.0,0.00,pathseer:9
beir500k-rq1,neg40_cat09,neg40,211545,ours-puredos,512,3,9,0.1889,0.0000,0.00167,0.041,1.854,1.854,0.417,1404.0,0.0,2318.1,115.2,34.0,33.0,0.0,0.0,629.4,0.0,0.00,pathseer:9
beir500k-rq1,neg40_cat10,neg40,228898,sweeping,64,1,50,0.9840,0.9200,0.00019,2.497,5.310,5.543,2.642,11959.4,0.0,2190.8,1066.3,3.0,26.0,0.0,0.0,0.0,0.0,0.00,sweeping:50
beir500k-rq1,neg40_cat10,neg40,228898,sweeping,64,2,50,0.9840,0.9200,0.00019,2.306,4.483,4.780,2.363,11959.4,0.0,2190.8,1066.3,3.0,26.0,0.0,0.0,0.0,0.0,0.00,sweeping:50
beir500k-rq1,neg40_cat10,neg40,228898,sweeping,64,3,50,0.9840,0.9200,0.00019,2.229,4.660,4.863,2.324,11959.4,0.0,2190.8,1066.3,3.0,26.0,0.0,0.0,0.0,0.0,0.00,sweeping:50
beir500k-rq1,neg40_cat10,neg40,228898,sweeping,128,1,50,0.9940,0.9600,0.00003,3.591,6.981,7.628,3.685,16684.1,0.0,3380.4,1676.5,5.0,63.0,0.0,0.0,0.0,0.0,0.00,sweeping:50
beir500k-rq1,neg40_cat10,neg40,228898,sweeping,128,2,50,0.9940,0.9600,0.00003,3.497,6.569,7.205,3.652,16684.1,0.0,3380.4,1676.5,5.0,63.0,0.0,0.0,0.0,0.0,0.00,sweeping:50
beir500k-rq1,neg40_cat10,neg40,228898,sweeping,128,3,50,0.9940,0.9600,0.00003,3.505,6.538,7.657,3.642,16684.1,0.0,3380.4,1676.5,5.0,63.0,0.0,0.0,0.0,0.0,0.00,sweeping:50
beir500k-rq1,neg40_cat10,neg40,228898,sweeping,256,1,50,1.0000,1.0000,0.00000,5.234,9.306,10.066,5.439,23410.8,0.0,5225.5,2639.5,10.0,118.0,0.0,0.0,0.0,0.0,0.00,sweeping:50
beir500k-rq1,neg40_cat10,neg40,228898,sweeping,256,2,50,1.0000,1.0000,0.00000,5.452,9.148,10.341,5.577,23410.8,0.0,5225.5,2639.5,10.0,118.0,0.0,0.0,0.0,0.0,0.00,sweeping:50
beir500k-rq1,neg40_cat10,neg40,228898,sweeping,256,3,50,1.0000,1.0000,0.00000,5.207,9.146,9.557,5.405,23410.8,0.0,5225.5,2639.5,10.0,118.0,0.0,0.0,0.0,0.0,0.00,sweeping:50
beir500k-rq1,neg40_cat10,neg40,228898,sweeping,512,1,50,1.0000,1.0000,0.00000,8.312,12.488,13.842,8.296,32870.0,0.0,8100.0,4176.9,21.0,229.0,0.0,0.0,0.0,0.0,0.00,sweeping:50
beir500k-rq1,neg40_cat10,neg40,228898,sweeping,512,2,50,1.0000,1.0000,0.00000,8.364,12.782,13.796,8.310,32870.0,0.0,8100.0,4176.9,21.0,229.0,0.0,0.0,0.0,0.0,0.00,sweeping:50
beir500k-rq1,neg40_cat10,neg40,228898,sweeping,512,3,50,1.0000,1.0000,0.00000,8.249,13.607,15.848,8.371,32870.0,0.0,8100.0,4176.9,21.0,229.0,0.0,0.0,0.0,0.0,0.00,sweeping:50
beir500k-rq1,neg40_cat10,neg40,228898,pathseer,64,1,50,0.9620,0.7200,0.00052,0.731,1.184,1.644,0.781,2353.9,0.0,5396.5,348.9,3.0,16.0,121.6,22.6,3692.9,1.9,0.00,pathseer:50
beir500k-rq1,neg40_cat10,neg40,228898,pathseer,64,2,50,0.9620,0.7200,0.00052,0.691,1.103,1.631,0.751,2353.9,0.0,5396.5,348.9,3.0,16.0,121.6,22.6,3692.9,1.9,0.00,pathseer:50
beir500k-rq1,neg40_cat10,neg40,228898,pathseer,64,3,50,0.9620,0.7200,0.00052,0.732,1.129,1.629,0.754,2353.9,0.0,5396.5,348.9,3.0,16.0,121.6,22.6,3692.9,1.9,0.00,pathseer:50
beir500k-rq1,neg40_cat10,neg40,228898,pathseer,128,1,50,0.9940,0.9400,0.00003,1.426,2.423,2.784,1.457,4214.3,0.0,8858.2,682.7,4.0,37.0,209.9,44.7,5737.8,3.3,0.00,pathseer:50
beir500k-rq1,neg40_cat10,neg40,228898,pathseer,128,2,50,0.9940,0.9400,0.00003,1.367,2.162,2.603,1.413,4214.3,0.0,8858.2,682.7,4.0,37.0,209.9,44.7,5737.8,3.3,0.00,pathseer:50
beir500k-rq1,neg40_cat10,neg40,228898,pathseer,128,3,50,0.9940,0.9400,0.00003,1.412,2.350,2.652,1.464,4214.3,0.0,8858.2,682.7,4.0,37.0,209.9,44.7,5737.8,3.3,0.00,pathseer:50
beir500k-rq1,neg40_cat10,neg40,228898,pathseer,256,1,50,1.0000,1.0000,0.00000,2.610,4.138,4.327,2.570,7326.5,0.0,13722.5,1251.9,7.0,75.0,394.2,87.0,8277.1,6.2,0.00,pathseer:50
beir500k-rq1,neg40_cat10,neg40,228898,pathseer,256,2,50,1.0000,1.0000,0.00000,2.549,4.007,4.250,2.537,7326.5,0.0,13722.5,1251.9,7.0,75.0,394.2,87.0,8277.1,6.2,0.00,pathseer:50
beir500k-rq1,neg40_cat10,neg40,228898,pathseer,256,3,50,1.0000,1.0000,0.00000,2.547,3.986,4.287,2.551,7326.5,0.0,13722.5,1251.9,7.0,75.0,394.2,87.0,8277.1,6.2,0.00,pathseer:50
beir500k-rq1,neg40_cat10,neg40,228898,pathseer,512,1,50,1.0000,1.0000,0.00000,4.600,6.963,7.313,4.578,12590.8,0.0,20981.2,2287.3,14.0,145.0,828.2,174.0,11441.3,12.9,0.00,pathseer:50
beir500k-rq1,neg40_cat10,neg40,228898,pathseer,512,2,50,1.0000,1.0000,0.00000,4.496,6.757,7.355,4.590,12590.8,0.0,20981.2,2287.3,14.0,145.0,828.2,174.0,11441.3,12.9,0.00,pathseer:50
beir500k-rq1,neg40_cat10,neg40,228898,pathseer,512,3,50,1.0000,1.0000,0.00000,4.529,6.726,7.505,4.573,12590.8,0.0,20981.2,2287.3,14.0,145.0,828.2,174.0,11441.3,12.9,0.00,pathseer:50
beir500k-rq1,neg40_cat10,neg40,228898,ours-no-twohop,64,1,50,0.9700,0.7800,0.00043,0.872,1.571,1.790,0.915,2604.6,0.0,6232.0,435.7,3.0,26.0,0.0,0.0,4281.7,0.0,0.00,pathseer:50
beir500k-rq1,neg40_cat10,neg40,228898,ours-no-twohop,64,2,50,0.9700,0.7800,0.00043,0.879,1.468,1.776,0.890,2604.6,0.0,6232.0,435.7,3.0,26.0,0.0,0.0,4281.7,0.0,0.00,pathseer:50
beir500k-rq1,neg40_cat10,neg40,228898,ours-no-twohop,64,3,50,0.9700,0.7800,0.00043,0.863,1.515,1.788,0.888,2604.6,0.0,6232.0,435.7,3.0,26.0,0.0,0.0,4281.7,0.0,0.00,pathseer:50
beir500k-rq1,neg40_cat10,neg40,228898,ours-no-twohop,128,1,50,0.9920,0.9200,0.00003,1.676,2.674,2.900,1.605,4593.8,0.0,9748.1,806.7,5.0,63.0,0.0,0.0,6292.1,0.0,0.00,pathseer:50
beir500k-rq1,neg40_cat10,neg40,228898,ours-no-twohop,128,2,50,0.9920,0.9200,0.00003,1.675,2.640,2.795,1.591,4593.8,0.0,9748.1,806.7,5.0,63.0,0.0,0.0,6292.1,0.0,0.00,pathseer:50
beir500k-rq1,neg40_cat10,neg40,228898,ours-no-twohop,128,3,50,0.9920,0.9200,0.00003,1.582,2.481,2.818,1.559,4593.8,0.0,9748.1,806.7,5.0,63.0,0.0,0.0,6292.1,0.0,0.00,pathseer:50
beir500k-rq1,neg40_cat10,neg40,228898,ours-no-twohop,256,1,50,1.0000,1.0000,0.00000,2.770,4.358,4.618,2.772,7858.3,0.0,14631.5,1429.4,10.0,118.0,0.0,0.0,8815.2,0.0,0.00,pathseer:50
beir500k-rq1,neg40_cat10,neg40,228898,ours-no-twohop,256,2,50,1.0000,1.0000,0.00000,2.746,4.229,4.479,2.738,7858.3,0.0,14631.5,1429.4,10.0,118.0,0.0,0.0,8815.2,0.0,0.00,pathseer:50
beir500k-rq1,neg40_cat10,neg40,228898,ours-no-twohop,256,3,50,1.0000,1.0000,0.00000,2.830,4.330,4.524,2.784,7858.3,0.0,14631.5,1429.4,10.0,118.0,0.0,0.0,8815.2,0.0,0.00,pathseer:50
beir500k-rq1,neg40_cat10,neg40,228898,ours-no-twohop,512,1,50,1.0000,1.0000,0.00000,4.759,7.176,7.744,4.842,13409.4,0.0,21834.8,2575.9,21.0,229.0,0.0,0.0,11910.5,0.0,0.00,pathseer:50
beir500k-rq1,neg40_cat10,neg40,228898,ours-no-twohop,512,2,50,1.0000,1.0000,0.00000,4.960,7.314,8.076,4.935,13409.4,0.0,21834.8,2575.9,21.0,229.0,0.0,0.0,11910.5,0.0,0.00,pathseer:50
beir500k-rq1,neg40_cat10,neg40,228898,ours-no-twohop,512,3,50,1.0000,1.0000,0.00000,4.914,7.399,7.855,4.919,13409.4,0.0,21834.8,2575.9,21.0,229.0,0.0,0.0,11910.5,0.0,0.00,pathseer:50
beir500k-rq1,neg40_cat10,neg40,228898,ours-guard,64,1,50,0.9580,0.7400,0.00064,0.809,1.535,1.789,0.862,2212.1,0.0,6631.3,412.5,3.0,26.0,0.0,0.0,4304.1,0.0,0.00,pathseer:50
beir500k-rq1,neg40_cat10,neg40,228898,ours-guard,64,2,50,0.9580,0.7400,0.00064,0.823,1.499,1.842,0.857,2212.1,0.0,6631.3,412.5,3.0,26.0,0.0,0.0,4304.1,0.0,0.00,pathseer:50
beir500k-rq1,neg40_cat10,neg40,228898,ours-guard,64,3,50,0.9580,0.7400,0.00064,0.831,1.519,1.753,0.865,2212.1,0.0,6631.3,412.5,3.0,26.0,0.0,0.0,4304.1,0.0,0.00,pathseer:50
beir500k-rq1,neg40_cat10,neg40,228898,ours-guard,128,1,50,0.9860,0.9000,0.00011,1.555,2.568,3.014,1.531,3991.5,0.0,10627.0,773.7,5.0,63.0,0.0,0.0,6421.3,0.0,0.00,pathseer:50
beir500k-rq1,neg40_cat10,neg40,228898,ours-guard,128,2,50,0.9860,0.9000,0.00011,1.558,2.595,2.734,1.508,3991.5,0.0,10627.0,773.7,5.0,63.0,0.0,0.0,6421.3,0.0,0.00,pathseer:50
beir500k-rq1,neg40_cat10,neg40,228898,ours-guard,128,3,50,0.9860,0.9000,0.00011,1.522,2.457,2.885,1.499,3991.5,0.0,10627.0,773.7,5.0,63.0,0.0,0.0,6421.3,0.0,0.00,pathseer:50
beir500k-rq1,neg40_cat10,neg40,228898,ours-guard,256,1,50,0.9960,0.9800,0.00003,2.740,4.330,4.592,2.659,6924.0,0.0,16421.6,1378.9,10.0,118.0,0.0,0.0,9105.7,0.0,0.00,pathseer:50
beir500k-rq1,neg40_cat10,neg40,228898,ours-guard,256,2,50,0.9960,0.9800,0.00003,2.641,4.165,4.408,2.615,6924.0,0.0,16421.6,1378.9,10.0,118.0,0.0,0.0,9105.7,0.0,0.00,pathseer:50
beir500k-rq1,neg40_cat10,neg40,228898,ours-guard,256,3,50,0.9960,0.9800,0.00003,2.708,4.220,4.435,2.657,6924.0,0.0,16421.6,1378.9,10.0,118.0,0.0,0.0,9105.7,0.0,0.00,pathseer:50
beir500k-rq1,neg40_cat10,neg40,228898,ours-guard,512,1,50,0.9980,0.9800,0.00000,4.995,7.424,8.214,4.942,11988.3,0.0,25166.6,2499.7,21.0,229.0,0.0,0.0,12456.3,0.0,0.00,pathseer:50
beir500k-rq1,neg40_cat10,neg40,228898,ours-guard,512,2,50,0.9980,0.9800,0.00000,4.715,7.081,7.913,4.756,11988.3,0.0,25166.6,2499.7,21.0,229.0,0.0,0.0,12456.3,0.0,0.00,pathseer:50
beir500k-rq1,neg40_cat10,neg40,228898,ours-guard,512,3,50,0.9980,0.9800,0.00000,4.679,7.419,7.630,4.744,11988.3,0.0,25166.6,2499.7,21.0,229.0,0.0,0.0,12456.3,0.0,0.00,pathseer:50
beir500k-rq1,neg40_cat10,neg40,228898,ours-puredos,64,1,9,0.5889,0.3333,0.00555,0.250,0.302,0.302,0.214,969.3,0.0,1572.2,54.7,6.0,6.0,0.0,0.0,425.2,0.0,0.00,pathseer:9
beir500k-rq1,neg40_cat10,neg40,228898,ours-puredos,64,2,9,0.5889,0.3333,0.00555,0.252,0.284,0.284,0.212,969.3,0.0,1572.2,54.7,6.0,6.0,0.0,0.0,425.2,0.0,0.00,pathseer:9
beir500k-rq1,neg40_cat10,neg40,228898,ours-puredos,64,3,9,0.5889,0.3333,0.00555,0.250,0.307,0.307,0.216,969.3,0.0,1572.2,54.7,6.0,6.0,0.0,0.0,425.2,0.0,0.00,pathseer:9
beir500k-rq1,neg40_cat10,neg40,228898,ours-puredos,128,1,9,0.7222,0.5556,0.00140,0.478,0.711,0.711,0.419,1892.1,0.0,3042.1,111.1,8.0,8.0,0.0,0.0,816.2,0.0,0.00,pathseer:9
beir500k-rq1,neg40_cat10,neg40,228898,ours-puredos,128,2,9,0.7222,0.5556,0.00140,0.482,0.702,0.702,0.422,1892.1,0.0,3042.1,111.1,8.0,8.0,0.0,0.0,816.2,0.0,0.00,pathseer:9
beir500k-rq1,neg40_cat10,neg40,228898,ours-puredos,128,3,9,0.7222,0.5556,0.00140,0.481,0.698,0.698,0.422,1892.1,0.0,3042.1,111.1,8.0,8.0,0.0,0.0,816.2,0.0,0.00,pathseer:9
beir500k-rq1,neg40_cat10,neg40,228898,ours-puredos,256,1,9,0.7556,0.6667,0.00021,0.918,1.150,1.150,0.782,3336.0,0.0,5315.2,206.8,15.0,15.0,0.0,0.0,1379.8,0.0,0.00,pathseer:9
beir500k-rq1,neg40_cat10,neg40,228898,ours-puredos,256,2,9,0.7556,0.6667,0.00021,0.948,1.120,1.120,0.789,3336.0,0.0,5315.2,206.8,15.0,15.0,0.0,0.0,1379.8,0.0,0.00,pathseer:9
beir500k-rq1,neg40_cat10,neg40,228898,ours-puredos,256,3,9,0.7556,0.6667,0.00021,0.910,1.152,1.152,0.783,3336.0,0.0,5315.2,206.8,15.0,15.0,0.0,0.0,1379.8,0.0,0.00,pathseer:9
beir500k-rq1,neg40_cat10,neg40,228898,ours-puredos,512,1,9,0.7556,0.6667,0.00021,2.343,2.755,2.755,1.925,5837.3,0.0,9220.7,400.3,28.0,26.0,0.0,0.0,2323.9,0.0,0.00,pathseer:9
beir500k-rq1,neg40_cat10,neg40,228898,ours-puredos,512,2,9,0.7556,0.6667,0.00021,2.274,2.829,2.829,1.905,5837.3,0.0,9220.7,400.3,28.0,26.0,0.0,0.0,2323.9,0.0,0.00,pathseer:9
beir500k-rq1,neg40_cat10,neg40,228898,ours-puredos,512,3,9,0.7556,0.6667,0.00021,1.910,2.323,2.323,1.598,5837.3,0.0,9220.7,400.3,28.0,26.0,0.0,0.0,2323.9,0.0,0.00,pathseer:9
beir500k-rq1,neg40_cat11,neg40,203547,sweeping,64,1,32,0.9750,0.8438,0.00022,4.651,10.359,12.045,4.744,21137.7,0.0,4721.9,2787.4,4.0,69.0,0.0,0.0,0.0,0.0,0.00,sweeping:32
beir500k-rq1,neg40_cat11,neg40,203547,sweeping,64,2,32,0.9750,0.8438,0.00022,4.663,10.097,12.277,4.767,21137.7,0.0,4721.9,2787.4,4.0,69.0,0.0,0.0,0.0,0.0,0.00,sweeping:32
beir500k-rq1,neg40_cat11,neg40,203547,sweeping,64,3,32,0.9750,0.8438,0.00022,4.464,10.087,12.338,4.798,21137.7,0.0,4721.9,2787.4,4.0,69.0,0.0,0.0,0.0,0.0,0.00,sweeping:32
beir500k-rq1,neg40_cat11,neg40,203547,sweeping,128,1,32,0.9906,0.9375,0.00004,7.341,14.914,17.495,7.283,29259.0,0.0,7095.8,4248.4,6.0,161.0,0.0,0.0,0.0,0.0,0.00,sweeping:32
beir500k-rq1,neg40_cat11,neg40,203547,sweeping,128,2,32,0.9906,0.9375,0.00004,7.066,13.972,17.025,7.137,29259.0,0.0,7095.8,4248.4,6.0,161.0,0.0,0.0,0.0,0.0,0.00,sweeping:32
beir500k-rq1,neg40_cat11,neg40,203547,sweeping,128,3,32,0.9906,0.9375,0.00004,7.213,14.123,18.107,7.162,29259.0,0.0,7095.8,4248.4,6.0,161.0,0.0,0.0,0.0,0.0,0.00,sweeping:32
beir500k-rq1,neg40_cat11,neg40,203547,sweeping,256,1,32,1.0000,1.0000,0.00000,11.255,21.503,23.910,11.198,40236.9,0.0,10676.8,6392.4,11.0,318.0,0.0,0.0,0.0,0.0,0.00,sweeping:32
beir500k-rq1,neg40_cat11,neg40,203547,sweeping,256,2,32,1.0000,1.0000,0.00000,11.038,19.054,24.598,10.766,40236.9,0.0,10676.8,6392.4,11.0,318.0,0.0,0.0,0.0,0.0,0.00,sweeping:32
beir500k-rq1,neg40_cat11,neg40,203547,sweeping,256,3,32,1.0000,1.0000,0.00000,10.913,20.064,24.772,10.696,40236.9,0.0,10676.8,6392.4,11.0,318.0,0.0,0.0,0.0,0.0,0.00,sweeping:32
beir500k-rq1,neg40_cat11,neg40,203547,sweeping,512,1,32,1.0000,1.0000,0.00000,17.822,27.961,35.516,17.044,55167.4,0.0,16057.7,9563.5,23.0,619.0,0.0,0.0,0.0,0.0,0.00,sweeping:32
beir500k-rq1,neg40_cat11,neg40,203547,sweeping,512,2,32,1.0000,1.0000,0.00000,17.470,27.140,35.632,16.681,55167.4,0.0,16057.7,9563.5,23.0,619.0,0.0,0.0,0.0,0.0,0.00,sweeping:32
beir500k-rq1,neg40_cat11,neg40,203547,sweeping,512,3,32,1.0000,1.0000,0.00000,17.042,27.616,35.605,16.481,55167.4,0.0,16057.7,9563.5,23.0,619.0,0.0,0.0,0.0,0.0,0.00,sweeping:32
beir500k-rq1,neg40_cat11,neg40,203547,pathseer,64,1,32,0.9469,0.6875,0.00068,1.516,3.348,4.431,1.723,3259.8,0.0,11236.1,1022.0,3.0,53.0,146.0,16.7,7831.9,2.3,0.00,pathseer:32
beir500k-rq1,neg40_cat11,neg40,203547,pathseer,64,2,32,0.9469,0.6875,0.00068,1.578,3.418,4.773,1.615,3259.8,0.0,11236.1,1022.0,3.0,53.0,146.0,16.7,7831.9,2.3,0.00,pathseer:32
beir500k-rq1,neg40_cat11,neg40,203547,pathseer,64,3,32,0.9469,0.6875,0.00068,1.261,2.857,3.715,1.462,3259.8,0.0,11236.1,1022.0,3.0,53.0,146.0,16.7,7831.9,2.3,0.00,pathseer:32
beir500k-rq1,neg40_cat11,neg40,203547,pathseer,128,1,32,0.9781,0.8438,0.00017,2.256,5.415,6.175,2.524,5657.8,0.0,17124.9,1769.6,5.0,136.0,260.0,29.2,11338.4,4.1,0.00,pathseer:32
beir500k-rq1,neg40_cat11,neg40,203547,pathseer,128,2,32,0.9781,0.8438,0.00017,2.174,5.329,6.196,2.506,5657.8,0.0,17124.9,1769.6,5.0,136.0,260.0,29.2,11338.4,4.1,0.00,pathseer:32
beir500k-rq1,neg40_cat11,neg40,203547,pathseer,128,3,32,0.9781,0.8438,0.00017,2.209,5.502,6.158,2.571,5657.8,0.0,17124.9,1769.6,5.0,136.0,260.0,29.2,11338.4,4.1,0.00,pathseer:32
beir500k-rq1,neg40_cat11,neg40,203547,pathseer,256,1,32,0.9938,0.9375,0.00007,4.338,9.125,10.414,4.495,9673.6,0.0,25382.6,2964.8,9.0,267.0,508.0,62.7,15786.1,7.9,0.00,pathseer:32
beir500k-rq1,neg40_cat11,neg40,203547,pathseer,256,2,32,0.9938,0.9375,0.00007,4.260,9.115,10.943,4.553,9673.6,0.0,25382.6,2964.8,9.0,267.0,508.0,62.7,15786.1,7.9,0.00,pathseer:32
beir500k-rq1,neg40_cat11,neg40,203547,pathseer,256,3,32,0.9938,0.9375,0.00007,4.870,9.232,12.110,4.910,9673.6,0.0,25382.6,2964.8,9.0,267.0,508.0,62.7,15786.1,7.9,0.00,pathseer:32
beir500k-rq1,neg40_cat11,neg40,203547,pathseer,512,1,32,0.9969,0.9688,0.00001,7.170,13.779,17.533,7.412,16416.8,0.0,37301.6,4973.0,17.0,521.0,1050.0,123.2,21336.0,16.4,0.00,pathseer:32
beir500k-rq1,neg40_cat11,neg40,203547,pathseer,512,2,32,0.9969,0.9688,0.00001,7.238,13.553,17.367,7.408,16416.8,0.0,37301.6,4973.0,17.0,521.0,1050.0,123.2,21336.0,16.4,0.00,pathseer:32
beir500k-rq1,neg40_cat11,neg40,203547,pathseer,512,3,32,0.9969,0.9688,0.00001,7.171,13.502,18.817,7.477,16416.8,0.0,37301.6,4973.0,17.0,521.0,1050.0,123.2,21336.0,16.4,0.00,pathseer:32
beir500k-rq1,neg40_cat11,neg40,203547,ours-no-twohop,64,1,32,0.9469,0.6875,0.00068,1.591,3.396,4.200,1.741,3441.9,0.0,11590.3,1089.6,4.0,69.0,0.0,0.0,8069.6,0.0,0.00,pathseer:32
beir500k-rq1,neg40_cat11,neg40,203547,ours-no-twohop,64,2,32,0.9469,0.6875,0.00068,1.566,3.306,4.132,1.623,3441.9,0.0,11590.3,1089.6,4.0,69.0,0.0,0.0,8069.6,0.0,0.00,pathseer:32
beir500k-rq1,neg40_cat11,neg40,203547,ours-no-twohop,64,3,32,0.9469,0.6875,0.00068,1.401,2.862,4.268,1.531,3441.9,0.0,11590.3,1089.6,4.0,69.0,0.0,0.0,8069.6,0.0,0.00,pathseer:32
beir500k-rq1,neg40_cat11,neg40,203547,ours-no-twohop,128,1,32,0.9812,0.8438,0.00016,2.204,5.728,6.421,2.587,5865.8,0.0,17462.7,1855.2,6.0,161.0,0.0,0.0,11629.3,0.0,0.00,pathseer:32
beir500k-rq1,neg40_cat11,neg40,203547,ours-no-twohop,128,2,32,0.9812,0.8438,0.00016,2.264,5.826,6.556,2.677,5865.8,0.0,17462.7,1855.2,6.0,161.0,0.0,0.0,11629.3,0.0,0.00,pathseer:32
beir500k-rq1,neg40_cat11,neg40,203547,ours-no-twohop,128,3,32,0.9812,0.8438,0.00016,2.894,10.346,24.061,4.525,5865.8,0.0,17462.7,1855.2,6.0,161.0,0.0,0.0,11629.3,0.0,0.00,pathseer:32
beir500k-rq1,neg40_cat11,neg40,203547,ours-no-twohop,256,1,32,0.9938,0.9375,0.00007,4.143,8.568,10.450,4.583,10071.3,0.0,25946.3,3124.9,11.0,318.0,0.0,0.0,16257.3,0.0,0.00,pathseer:32
beir500k-rq1,neg40_cat11,neg40,203547,ours-no-twohop,256,2,32,0.9938,0.9375,0.00007,4.905,10.060,11.440,5.010,10071.3,0.0,25946.3,3124.9,11.0,318.0,0.0,0.0,16257.3,0.0,0.00,pathseer:32
beir500k-rq1,neg40_cat11,neg40,203547,ours-no-twohop,256,3,32,0.9938,0.9375,0.00007,4.507,9.697,9.982,4.597,10071.3,0.0,25946.3,3124.9,11.0,318.0,0.0,0.0,16257.3,0.0,0.00,pathseer:32
beir500k-rq1,neg40_cat11,neg40,203547,ours-no-twohop,512,1,32,0.9969,0.9688,0.00001,8.029,15.140,17.778,8.019,16977.0,0.0,37720.2,5205.3,23.0,619.0,0.0,0.0,21899.9,0.0,0.00,pathseer:32
beir500k-rq1,neg40_cat11,neg40,203547,ours-no-twohop,512,2,32,0.9969,0.9688,0.00001,7.298,14.177,17.935,7.670,16977.0,0.0,37720.2,5205.3,23.0,619.0,0.0,0.0,21899.9,0.0,0.00,pathseer:32
beir500k-rq1,neg40_cat11,neg40,203547,ours-no-twohop,512,3,32,0.9969,0.9688,0.00001,7.530,14.732,17.840,7.681,16977.0,0.0,37720.2,5205.3,23.0,619.0,0.0,0.0,21899.9,0.0,0.00,pathseer:32
beir500k-rq1,neg40_cat11,neg40,203547,ours-guard,64,1,32,0.9437,0.6562,0.00073,1.506,3.204,4.523,1.673,3041.8,0.0,11233.9,1065.4,4.0,69.0,0.0,0.0,8080.2,0.0,0.00,pathseer:32
beir500k-rq1,neg40_cat11,neg40,203547,ours-guard,64,2,32,0.9437,0.6562,0.00073,1.440,3.037,4.517,1.602,3041.8,0.0,11233.9,1065.4,4.0,69.0,0.0,0.0,8080.2,0.0,0.00,pathseer:32
beir500k-rq1,neg40_cat11,neg40,203547,ours-guard,64,3,32,0.9437,0.6562,0.00073,1.355,3.044,4.176,1.472,3041.8,0.0,11233.9,1065.4,4.0,69.0,0.0,0.0,8080.2,0.0,0.00,pathseer:32
beir500k-rq1,neg40_cat11,neg40,203547,ours-guard,128,1,32,0.9812,0.8438,0.00016,2.622,6.093,7.857,2.761,5216.6,0.0,17197.9,1820.6,6.0,161.0,0.0,0.0,11780.7,0.0,0.00,pathseer:32
beir500k-rq1,neg40_cat11,neg40,203547,ours-guard,128,2,32,0.9812,0.8438,0.00016,2.445,5.827,6.740,2.768,5216.6,0.0,17197.9,1820.6,6.0,161.0,0.0,0.0,11780.7,0.0,0.00,pathseer:32
beir500k-rq1,neg40_cat11,neg40,203547,ours-guard,128,3,32,0.9812,0.8438,0.00016,2.645,5.727,7.108,2.855,5216.6,0.0,17197.9,1820.6,6.0,161.0,0.0,0.0,11780.7,0.0,0.00,pathseer:32
beir500k-rq1,neg40_cat11,neg40,203547,ours-guard,256,1,32,0.9938,0.9375,0.00007,4.258,9.860,9.957,4.600,9065.8,0.0,26031.8,3072.4,11.0,318.0,0.0,0.0,16592.4,0.0,0.00,pathseer:32
beir500k-rq1,neg40_cat11,neg40,203547,ours-guard,256,2,32,0.9938,0.9375,0.00007,4.682,9.592,10.717,4.765,9065.8,0.0,26031.8,3072.4,11.0,318.0,0.0,0.0,16592.4,0.0,0.00,pathseer:32
beir500k-rq1,neg40_cat11,neg40,203547,ours-guard,256,3,32,0.9938,0.9375,0.00007,4.113,8.801,9.533,4.365,9065.8,0.0,26031.8,3072.4,11.0,318.0,0.0,0.0,16592.4,0.0,0.00,pathseer:32
beir500k-rq1,neg40_cat11,neg40,203547,ours-guard,512,1,32,0.9969,0.9688,0.00001,7.520,13.532,18.212,7.641,15373.2,0.0,38622.2,5121.5,23.0,619.0,0.0,0.0,22534.7,0.0,0.00,pathseer:32
beir500k-rq1,neg40_cat11,neg40,203547,ours-guard,512,2,32,0.9969,0.9688,0.00001,7.361,13.361,17.582,7.483,15373.2,0.0,38622.2,5121.5,23.0,619.0,0.0,0.0,22534.7,0.0,0.00,pathseer:32
beir500k-rq1,neg40_cat11,neg40,203547,ours-guard,512,3,32,0.9969,0.9688,0.00001,7.878,14.657,19.461,8.273,15373.2,0.0,38622.2,5121.5,23.0,619.0,0.0,0.0,22534.7,0.0,0.00,pathseer:32
beir500k-rq1,neg40_cat11,neg40,203547,ours-puredos,64,1,9,0.3333,0.3333,0.00000,0.031,0.240,0.240,0.090,296.8,0.0,566.4,22.8,6.0,6.0,0.0,0.0,213.0,0.0,0.00,pathseer:9
beir500k-rq1,neg40_cat11,neg40,203547,ours-puredos,64,2,9,0.3333,0.3333,0.00000,0.031,0.233,0.233,0.087,296.8,0.0,566.4,22.8,6.0,6.0,0.0,0.0,213.0,0.0,0.00,pathseer:9
beir500k-rq1,neg40_cat11,neg40,203547,ours-puredos,64,3,9,0.3333,0.3333,0.00000,0.031,0.230,0.230,0.084,296.8,0.0,566.4,22.8,6.0,6.0,0.0,0.0,213.0,0.0,0.00,pathseer:9
beir500k-rq1,neg40_cat11,neg40,203547,ours-puredos,128,1,9,0.3333,0.3333,0.00000,0.046,0.732,0.732,0.208,560.7,0.0,1013.2,44.0,10.0,10.0,0.0,0.0,354.7,0.0,0.00,pathseer:9
beir500k-rq1,neg40_cat11,neg40,203547,ours-puredos,128,2,9,0.3333,0.3333,0.00000,0.037,0.526,0.526,0.167,560.7,0.0,1013.2,44.0,10.0,10.0,0.0,0.0,354.7,0.0,0.00,pathseer:9
beir500k-rq1,neg40_cat11,neg40,203547,ours-puredos,128,3,9,0.3333,0.3333,0.00000,0.039,0.533,0.533,0.170,560.7,0.0,1013.2,44.0,10.0,10.0,0.0,0.0,354.7,0.0,0.00,pathseer:9
beir500k-rq1,neg40_cat11,neg40,203547,ours-puredos,256,1,9,0.3333,0.3333,0.00000,0.038,0.982,0.982,0.303,1042.4,0.0,1811.2,86.6,17.0,16.0,0.0,0.0,581.4,0.0,0.00,pathseer:9
beir500k-rq1,neg40_cat11,neg40,203547,ours-puredos,256,2,9,0.3333,0.3333,0.00000,0.050,1.247,1.247,0.356,1042.4,0.0,1811.2,86.6,17.0,16.0,0.0,0.0,581.4,0.0,0.00,pathseer:9
beir500k-rq1,neg40_cat11,neg40,203547,ours-puredos,256,3,9,0.3333,0.3333,0.00000,0.053,1.012,1.012,0.320,1042.4,0.0,1811.2,86.6,17.0,16.0,0.0,0.0,581.4,0.0,0.00,pathseer:9
beir500k-rq1,neg40_cat11,neg40,203547,ours-puredos,512,1,9,0.3333,0.3333,0.00000,0.051,3.062,3.062,0.925,1942.9,0.0,3324.1,172.0,33.0,30.0,0.0,0.0,1004.4,0.0,0.00,pathseer:9
beir500k-rq1,neg40_cat11,neg40,203547,ours-puredos,512,2,9,0.3333,0.3333,0.00000,0.102,5.452,5.452,1.443,1942.9,0.0,3324.1,172.0,33.0,30.0,0.0,0.0,1004.4,0.0,0.00,pathseer:9
beir500k-rq1,neg40_cat11,neg40,203547,ours-puredos,512,3,9,0.3333,0.3333,0.00000,0.062,2.263,2.263,0.688,1942.9,0.0,3324.1,172.0,33.0,30.0,0.0,0.0,1004.4,0.0,0.00,pathseer:9
beir500k-rq1,neg40_cat12,neg40,222191,sweeping,64,1,66,0.9742,0.7879,0.00027,4.973,14.990,15.737,6.036,21252.7,0.0,6257.9,4008.3,3.0,93.0,0.0,0.0,0.0,0.0,0.00,sweeping:66
beir500k-rq1,neg40_cat12,neg40,222191,sweeping,64,2,66,0.9742,0.7879,0.00027,5.171,14.411,15.403,6.014,21252.7,0.0,6257.9,4008.3,3.0,93.0,0.0,0.0,0.0,0.0,0.00,sweeping:66
beir500k-rq1,neg40_cat12,neg40,222191,sweeping,64,3,66,0.9742,0.7879,0.00027,5.106,13.540,15.155,5.960,21252.7,0.0,6257.9,4008.3,3.0,93.0,0.0,0.0,0.0,0.0,0.00,sweeping:66
beir500k-rq1,neg40_cat12,neg40,222191,sweeping,128,1,66,0.9848,0.8788,0.00007,8.206,18.474,19.541,9.092,26535.6,0.0,8538.5,5434.4,5.0,162.0,0.0,0.0,0.0,0.0,0.00,sweeping:66
beir500k-rq1,neg40_cat12,neg40,222191,sweeping,128,2,66,0.9848,0.8788,0.00007,7.657,18.894,20.335,8.483,26535.6,0.0,8538.5,5434.4,5.0,162.0,0.0,0.0,0.0,0.0,0.00,sweeping:66
beir500k-rq1,neg40_cat12,neg40,222191,sweeping,128,3,66,0.9848,0.8788,0.00007,7.046,16.062,16.491,7.708,26535.6,0.0,8538.5,5434.4,5.0,162.0,0.0,0.0,0.0,0.0,0.00,sweeping:66
beir500k-rq1,neg40_cat12,neg40,222191,sweeping,256,1,66,0.9909,0.9242,0.00005,9.722,19.925,20.973,10.536,33182.5,0.0,11585.5,7394.0,11.0,306.0,0.0,0.0,0.0,0.0,0.00,sweeping:66
beir500k-rq1,neg40_cat12,neg40,222191,sweeping,256,2,66,0.9909,0.9242,0.00005,9.400,19.600,22.463,10.363,33182.5,0.0,11585.5,7394.0,11.0,306.0,0.0,0.0,0.0,0.0,0.00,sweeping:66
beir500k-rq1,neg40_cat12,neg40,222191,sweeping,256,3,66,0.9909,0.9242,0.00005,9.852,19.345,19.408,10.400,33182.5,0.0,11585.5,7394.0,11.0,306.0,0.0,0.0,0.0,0.0,0.00,sweeping:66
beir500k-rq1,neg40_cat12,neg40,222191,sweeping,512,1,66,0.9970,0.9697,0.00001,15.855,25.575,27.361,16.063,41649.1,0.0,15642.7,10062.3,23.0,583.0,0.0,0.0,0.0,0.0,0.00,sweeping:66
beir500k-rq1,neg40_cat12,neg40,222191,sweeping,512,2,66,0.9970,0.9697,0.00001,15.307,25.570,26.344,15.505,41649.1,0.0,15642.7,10062.3,23.0,583.0,0.0,0.0,0.0,0.0,0.00,sweeping:66
beir500k-rq1,neg40_cat12,neg40,222191,sweeping,512,3,66,0.9970,0.9697,0.00001,15.175,23.950,26.400,15.035,41649.1,0.0,15642.7,10062.3,23.0,583.0,0.0,0.0,0.0,0.0,0.00,sweeping:66
beir500k-rq1,neg40_cat12,neg40,222191,pathseer,64,1,66,0.9636,0.6970,0.00044,1.557,5.371,6.008,2.076,3805.1,0.0,13442.0,1499.2,3.0,78.0,134.8,15.1,8958.4,2.1,0.00,pathseer:66
beir500k-rq1,neg40_cat12,neg40,222191,pathseer,64,2,66,0.9636,0.6970,0.00044,1.528,5.066,5.541,2.005,3805.1,0.0,13442.0,1499.2,3.0,78.0,134.8,15.1,8958.4,2.1,0.00,pathseer:66
beir500k-rq1,neg40_cat12,neg40,222191,pathseer,64,3,66,0.9636,0.6970,0.00044,1.460,4.983,5.411,1.896,3805.1,0.0,13442.0,1499.2,3.0,78.0,134.8,15.1,8958.4,2.1,0.00,pathseer:66
beir500k-rq1,neg40_cat12,neg40,222191,pathseer,128,1,66,0.9833,0.8636,0.00014,2.476,6.924,7.508,3.127,6345.6,0.0,18869.2,2437.1,5.0,137.0,247.3,28.8,11552.8,3.9,0.00,pathseer:66
beir500k-rq1,neg40_cat12,neg40,222191,pathseer,128,2,66,0.9833,0.8636,0.00014,2.449,7.172,7.567,3.121,6345.6,0.0,18869.2,2437.1,5.0,137.0,247.3,28.8,11552.8,3.9,0.00,pathseer:66
beir500k-rq1,neg40_cat12,neg40,222191,pathseer,128,3,66,0.9833,0.8636,0.00014,2.659,8.037,8.464,3.446,6345.6,0.0,18869.2,2437.1,5.0,137.0,247.3,28.8,11552.8,3.9,0.00,pathseer:66
beir500k-rq1,neg40_cat12,neg40,222191,pathseer,256,1,66,0.9909,0.9242,0.00005,4.247,10.899,11.657,5.126,10374.3,0.0,25928.5,3886.4,9.0,263.0,502.3,55.0,14180.1,7.8,0.00,pathseer:66
beir500k-rq1,neg40_cat12,neg40,222191,pathseer,256,2,66,0.9909,0.9242,0.00005,4.539,11.644,13.860,5.291,10374.3,0.0,25928.5,3886.4,9.0,263.0,502.3,55.0,14180.1,7.8,0.00,pathseer:66
beir500k-rq1,neg40_cat12,neg40,222191,pathseer,256,3,66,0.9909,0.9242,0.00005,4.440,10.719,11.756,5.077,10374.3,0.0,25928.5,3886.4,9.0,263.0,502.3,55.0,14180.1,7.8,0.00,pathseer:66
beir500k-rq1,neg40_cat12,neg40,222191,pathseer,512,1,66,0.9970,0.9697,0.00001,7.169,16.119,17.676,8.149,16616.0,0.0,35444.0,6131.4,17.0,501.0,1075.4,113.7,16823.6,16.8,0.00,pathseer:66
beir500k-rq1,neg40_cat12,neg40,222191,pathseer,512,2,66,0.9970,0.9697,0.00001,7.103,15.285,19.097,8.293,16616.0,0.0,35444.0,6131.4,17.0,501.0,1075.4,113.7,16823.6,16.8,0.00,pathseer:66
beir500k-rq1,neg40_cat12,neg40,222191,pathseer,512,3,66,0.9970,0.9697,0.00001,7.466,15.523,19.116,8.798,16616.0,0.0,35444.0,6131.4,17.0,501.0,1075.4,113.7,16823.6,16.8,0.00,pathseer:66
beir500k-rq1,neg40_cat12,neg40,222191,ours-no-twohop,64,1,66,0.9682,0.7424,0.00034,1.691,5.153,6.047,2.160,4064.5,0.0,14162.5,1633.0,3.0,93.0,0.0,0.0,9401.3,0.0,0.00,pathseer:66
beir500k-rq1,neg40_cat12,neg40,222191,ours-no-twohop,64,2,66,0.9682,0.7424,0.00034,1.636,5.010,5.560,2.052,4064.5,0.0,14162.5,1633.0,3.0,93.0,0.0,0.0,9401.3,0.0,0.00,pathseer:66
beir500k-rq1,neg40_cat12,neg40,222191,ours-no-twohop,64,3,66,0.9682,0.7424,0.00034,1.608,4.944,5.433,2.058,4064.5,0.0,14162.5,1633.0,3.0,93.0,0.0,0.0,9401.3,0.0,0.00,pathseer:66
beir500k-rq1,neg40_cat12,neg40,222191,ours-no-twohop,128,1,66,0.9848,0.8788,0.00011,2.788,7.612,7.972,3.365,6733.1,0.0,19642.0,2622.7,5.0,162.0,0.0,0.0,11962.2,0.0,0.00,pathseer:66
beir500k-rq1,neg40_cat12,neg40,222191,ours-no-twohop,128,2,66,0.9848,0.8788,0.00011,2.768,7.677,7.771,3.339,6733.1,0.0,19642.0,2622.7,5.0,162.0,0.0,0.0,11962.2,0.0,0.00,pathseer:66
beir500k-rq1,neg40_cat12,neg40,222191,ours-no-twohop,128,3,66,0.9848,0.8788,0.00011,2.802,7.897,8.643,3.483,6733.1,0.0,19642.0,2622.7,5.0,162.0,0.0,0.0,11962.2,0.0,0.00,pathseer:66
beir500k-rq1,neg40_cat12,neg40,222191,ours-no-twohop,256,1,66,0.9909,0.9242,0.00005,4.773,12.780,12.850,5.509,10862.5,0.0,26526.6,4119.1,11.0,306.0,0.0,0.0,14500.5,0.0,0.00,pathseer:66
beir500k-rq1,neg40_cat12,neg40,222191,ours-no-twohop,256,2,66,0.9909,0.9242,0.00005,4.851,12.643,13.133,5.598,10862.5,0.0,26526.6,4119.1,11.0,306.0,0.0,0.0,14500.5,0.0,0.00,pathseer:66
beir500k-rq1,neg40_cat12,neg40,222191,ours-no-twohop,256,3,66,0.9909,0.9242,0.00005,4.581,11.348,12.191,5.409,10862.5,0.0,26526.6,4119.1,11.0,306.0,0.0,0.0,14500.5,0.0,0.00,pathseer:66
beir500k-rq1,neg40_cat12,neg40,222191,ours-no-twohop,512,1,66,0.9970,0.9697,0.00001,7.772,16.567,17.212,8.563,17326.9,0.0,35777.9,6455.8,23.0,583.0,0.0,0.0,17063.4,0.0,0.00,pathseer:66
beir500k-rq1,neg40_cat12,neg40,222191,ours-no-twohop,512,2,66,0.9970,0.9697,0.00001,7.886,16.136,16.984,8.493,17326.9,0.0,35777.9,6455.8,23.0,583.0,0.0,0.0,17063.4,0.0,0.00,pathseer:66
beir500k-rq1,neg40_cat12,neg40,222191,ours-no-twohop,512,3,66,0.9970,0.9697,0.00001,7.910,16.470,17.412,8.545,17326.9,0.0,35777.9,6455.8,23.0,583.0,0.0,0.0,17063.4,0.0,0.00,pathseer:66
beir500k-rq1,neg40_cat12,neg40,222191,ours-guard,64,1,66,0.9621,0.7121,0.00042,1.561,4.867,4.978,1.952,3629.8,0.0,13234.7,1607.3,3.0,93.0,0.0,0.0,9490.4,0.0,0.00,pathseer:66
beir500k-rq1,neg40_cat12,neg40,222191,ours-guard,64,2,66,0.9621,0.7121,0.00042,1.803,5.355,6.037,2.158,3629.8,0.0,13234.7,1607.3,3.0,93.0,0.0,0.0,9490.4,0.0,0.00,pathseer:66
beir500k-rq1,neg40_cat12,neg40,222191,ours-guard,64,3,66,0.9621,0.7121,0.00042,1.563,5.113,5.313,1.978,3629.8,0.0,13234.7,1607.3,3.0,93.0,0.0,0.0,9490.4,0.0,0.00,pathseer:66
beir500k-rq1,neg40_cat12,neg40,222191,ours-guard,128,1,66,0.9848,0.8788,0.00011,2.621,7.311,7.805,3.177,6070.7,0.0,18494.5,2586.1,5.0,162.0,0.0,0.0,12205.7,0.0,0.00,pathseer:66
beir500k-rq1,neg40_cat12,neg40,222191,ours-guard,128,2,66,0.9848,0.8788,0.00011,2.803,7.567,7.977,3.279,6070.7,0.0,18494.5,2586.1,5.0,162.0,0.0,0.0,12205.7,0.0,0.00,pathseer:66
beir500k-rq1,neg40_cat12,neg40,222191,ours-guard,128,3,66,0.9848,0.8788,0.00011,2.670,7.064,7.513,3.121,6070.7,0.0,18494.5,2586.1,5.0,162.0,0.0,0.0,12205.7,0.0,0.00,pathseer:66
beir500k-rq1,neg40_cat12,neg40,222191,ours-guard,256,1,66,0.9909,0.9242,0.00005,4.360,10.779,12.067,5.128,9855.9,0.0,25243.3,4063.3,11.0,306.0,0.0,0.0,14977.3,0.0,0.00,pathseer:66
beir500k-rq1,neg40_cat12,neg40,222191,ours-guard,256,2,66,0.9909,0.9242,0.00005,4.766,12.211,12.821,5.520,9855.9,0.0,25243.3,4063.3,11.0,306.0,0.0,0.0,14977.3,0.0,0.00,pathseer:66
beir500k-rq1,neg40_cat12,neg40,222191,ours-guard,256,3,66,0.9909,0.9242,0.00005,4.594,11.234,12.199,5.264,9855.9,0.0,25243.3,4063.3,11.0,306.0,0.0,0.0,14977.3,0.0,0.00,pathseer:66
beir500k-rq1,neg40_cat12,neg40,222191,ours-guard,512,1,66,0.9970,0.9697,0.00001,7.650,15.564,16.241,8.178,15827.6,0.0,34475.7,6375.1,23.0,583.0,0.0,0.0,17903.2,0.0,0.00,pathseer:66
beir500k-rq1,neg40_cat12,neg40,222191,ours-guard,512,2,66,0.9970,0.9697,0.00001,7.797,15.645,17.389,8.274,15827.6,0.0,34475.7,6375.1,23.0,583.0,0.0,0.0,17903.2,0.0,0.00,pathseer:66
beir500k-rq1,neg40_cat12,neg40,222191,ours-guard,512,3,66,0.9970,0.9697,0.00001,7.759,17.003,17.478,8.402,15827.6,0.0,34475.7,6375.1,23.0,583.0,0.0,0.0,17903.2,0.0,0.00,pathseer:66
beir500k-rq1,neg40_cat12,neg40,222191,ours-puredos,64,1,9,0.4000,0.2222,0.00053,0.034,0.286,0.286,0.112,393.9,0.0,761.4,30.2,5.0,5.0,0.0,0.0,289.2,0.0,0.00,pathseer:9
beir500k-rq1,neg40_cat12,neg40,222191,ours-puredos,64,2,9,0.4000,0.2222,0.00053,0.038,0.213,0.213,0.104,393.9,0.0,761.4,30.2,5.0,5.0,0.0,0.0,289.2,0.0,0.00,pathseer:9
beir500k-rq1,neg40_cat12,neg40,222191,ours-puredos,64,3,9,0.4000,0.2222,0.00053,0.031,0.214,0.214,0.104,393.9,0.0,761.4,30.2,5.0,5.0,0.0,0.0,289.2,0.0,0.00,pathseer:9
beir500k-rq1,neg40_cat12,neg40,222191,ours-puredos,128,1,9,0.4222,0.2222,0.00023,0.050,0.553,0.553,0.232,717.7,0.0,1342.9,58.2,9.0,9.0,0.0,0.0,479.8,0.0,0.00,pathseer:9
beir500k-rq1,neg40_cat12,neg40,222191,ours-puredos,128,2,9,0.4222,0.2222,0.00023,0.034,0.425,0.425,0.178,717.7,0.0,1342.9,58.2,9.0,9.0,0.0,0.0,479.8,0.0,0.00,pathseer:9
beir500k-rq1,neg40_cat12,neg40,222191,ours-puredos,128,3,9,0.4222,0.2222,0.00023,0.035,0.419,0.419,0.179,717.7,0.0,1342.9,58.2,9.0,9.0,0.0,0.0,479.8,0.0,0.00,pathseer:9
beir500k-rq1,neg40_cat12,neg40,222191,ours-puredos,256,1,9,0.4333,0.3333,0.00023,0.041,0.867,0.867,0.341,1289.8,0.0,2350.7,115.1,21.0,20.0,0.0,0.0,798.3,0.0,0.00,pathseer:9
beir500k-rq1,neg40_cat12,neg40,222191,ours-puredos,256,2,9,0.4333,0.3333,0.00023,0.040,0.863,0.863,0.341,1289.8,0.0,2350.7,115.1,21.0,20.0,0.0,0.0,798.3,0.0,0.00,pathseer:9
beir500k-rq1,neg40_cat12,neg40,222191,ours-puredos,256,3,9,0.4333,0.3333,0.00023,0.041,0.880,0.880,0.350,1289.8,0.0,2350.7,115.1,21.0,20.0,0.0,0.0,798.3,0.0,0.00,pathseer:9
beir500k-rq1,neg40_cat12,neg40,222191,ours-puredos,512,1,9,0.4444,0.4444,0.00000,0.049,1.752,1.752,0.687,2220.4,0.0,4040.2,228.9,46.0,41.0,0.0,0.0,1332.0,0.0,0.00,pathseer:9
beir500k-rq1,neg40_cat12,neg40,222191,ours-puredos,512,2,9,0.4444,0.4444,0.00000,0.047,1.840,1.840,0.662,2220.4,0.0,4040.2,228.9,46.0,41.0,0.0,0.0,1332.0,0.0,0.00,pathseer:9
beir500k-rq1,neg40_cat12,neg40,222191,ours-puredos,512,3,9,0.4444,0.4444,0.00000,0.046,1.681,1.681,0.653,2220.4,0.0,4040.2,228.9,46.0,41.0,0.0,0.0,1332.0,0.0,0.00,pathseer:9
beir500k-rq1,neg40_cat13,neg40,231299,sweeping,64,1,54,0.9519,0.7407,0.00071,2.638,5.242,5.282,2.631,12504.0,0.0,2565.9,1370.9,4.0,26.0,0.0,0.0,0.0,0.0,0.00,sweeping:54
beir500k-rq1,neg40_cat13,neg40,231299,sweeping,64,2,54,0.9519,0.7407,0.00071,2.535,4.930,5.226,2.605,12504.0,0.0,2565.9,1370.9,4.0,26.0,0.0,0.0,0.0,0.0,0.00,sweeping:54
beir500k-rq1,neg40_cat13,neg40,231299,sweeping,64,3,54,0.9519,0.7407,0.00071,2.636,4.935,5.313,2.605,12504.0,0.0,2565.9,1370.9,4.0,26.0,0.0,0.0,0.0,0.0,0.00,sweeping:54
beir500k-rq1,neg40_cat13,neg40,231299,sweeping,128,1,54,0.9778,0.8333,0.00024,4.058,7.035,7.553,3.973,17598.4,0.0,3902.8,2084.9,6.0,61.0,0.0,0.0,0.0,0.0,0.00,sweeping:54
beir500k-rq1,neg40_cat13,neg40,231299,sweeping,128,2,54,0.9778,0.8333,0.00024,3.987,6.873,7.318,3.968,17598.4,0.0,3902.8,2084.9,6.0,61.0,0.0,0.0,0.0,0.0,0.00,sweeping:54
beir500k-rq1,neg40_cat13,neg40,231299,sweeping,128,3,54,0.9778,0.8333,0.00024,3.976,6.752,7.194,3.950,17598.4,0.0,3902.8,2084.9,6.0,61.0,0.0,0.0,0.0,0.0,0.00,sweeping:54
beir500k-rq1,neg40_cat13,neg40,231299,sweeping,256,1,54,0.9963,0.9630,0.00001,6.020,9.855,10.363,5.892,24449.4,0.0,5895.0,3107.2,10.0,116.0,0.0,0.0,0.0,0.0,0.00,sweeping:54
beir500k-rq1,neg40_cat13,neg40,231299,sweeping,256,2,54,0.9963,0.9630,0.00001,6.433,11.055,11.520,6.170,24449.4,0.0,5895.0,3107.2,10.0,116.0,0.0,0.0,0.0,0.0,0.00,sweeping:54
beir500k-rq1,neg40_cat13,neg40,231299,sweeping,256,3,54,0.9963,0.9630,0.00001,6.130,10.206,10.622,6.082,24449.4,0.0,5895.0,3107.2,10.0,116.0,0.0,0.0,0.0,0.0,0.00,sweeping:54
beir500k-rq1,neg40_cat13,neg40,231299,sweeping,512,1,54,0.9981,0.9815,0.00001,9.181,13.600,14.635,9.041,34397.8,0.0,8889.5,4634.8,22.0,229.0,0.0,0.0,0.0,0.0,0.00,sweeping:54
beir500k-rq1,neg40_cat13,neg40,231299,sweeping,512,2,54,0.9981,0.9815,0.00001,9.676,13.710,14.788,8.982,34397.8,0.0,8889.5,4634.8,22.0,229.0,0.0,0.0,0.0,0.0,0.00,sweeping:54
beir500k-rq1,neg40_cat13,neg40,231299,sweeping,512,3,54,0.9981,0.9815,0.00001,9.262,13.471,15.334,8.882,34397.8,0.0,8889.5,4634.8,22.0,229.0,0.0,0.0,0.0,0.0,0.00,sweeping:54
beir500k-rq1,neg40_cat13,neg40,231299,pathseer,64,1,54,0.9167,0.6296,0.00144,0.745,1.733,1.933,0.890,2359.1,0.0,5694.9,431.4,3.0,16.0,123.3,29.8,3826.9,1.9,0.00,pathseer:54
beir500k-rq1,neg40_cat13,neg40,231299,pathseer,64,2,54,0.9167,0.6296,0.00144,0.777,1.767,1.921,0.904,2359.1,0.0,5694.9,431.4,3.0,16.0,123.3,29.8,3826.9,1.9,0.00,pathseer:54
beir500k-rq1,neg40_cat13,neg40,231299,pathseer,64,3,54,0.9167,0.6296,0.00144,0.703,1.672,1.877,0.861,2359.1,0.0,5694.9,431.4,3.0,16.0,123.3,29.8,3826.9,1.9,0.00,pathseer:54
beir500k-rq1,neg40_cat13,neg40,231299,pathseer,128,1,54,0.9630,0.7778,0.00052,1.494,3.073,3.158,1.610,4348.5,0.0,9276.6,825.1,4.0,32.0,228.7,51.4,5835.0,3.6,0.00,pathseer:54
beir500k-rq1,neg40_cat13,neg40,231299,pathseer,128,2,54,0.9630,0.7778,0.00052,1.423,3.090,3.195,1.594,4348.5,0.0,9276.6,825.1,4.0,32.0,228.7,51.4,5835.0,3.6,0.00,pathseer:54
beir500k-rq1,neg40_cat13,neg40,231299,pathseer,128,3,54,0.9630,0.7778,0.00052,1.496,3.184,3.455,1.656,4348.5,0.0,9276.6,825.1,4.0,32.0,228.7,51.4,5835.0,3.6,0.00,pathseer:54
beir500k-rq1,neg40_cat13,neg40,231299,pathseer,256,1,54,0.9944,0.9444,0.00010,2.728,4.879,5.553,2.856,7711.0,0.0,14301.7,1483.2,7.0,77.0,423.1,97.4,8271.0,6.6,0.00,pathseer:54
beir500k-rq1,neg40_cat13,neg40,231299,pathseer,256,2,54,0.9944,0.9444,0.00010,2.720,4.775,5.108,2.929,7711.0,0.0,14301.7,1483.2,7.0,77.0,423.1,97.4,8271.0,6.6,0.00,pathseer:54
beir500k-rq1,neg40_cat13,neg40,231299,pathseer,256,3,54,0.9944,0.9444,0.00010,2.738,4.965,5.176,2.846,7711.0,0.0,14301.7,1483.2,7.0,77.0,423.1,97.4,8271.0,6.6,0.00,pathseer:54
beir500k-rq1,neg40_cat13,neg40,231299,pathseer,512,1,54,0.9981,0.9815,0.00001,4.854,7.860,8.365,4.955,13511.0,0.0,21752.5,2586.7,14.0,153.0,860.4,189.6,11299.7,13.4,0.00,pathseer:54
beir500k-rq1,neg40_cat13,neg40,231299,pathseer,512,2,54,0.9981,0.9815,0.00001,4.840,8.071,8.240,4.963,13511.0,0.0,21752.5,2586.7,14.0,153.0,860.4,189.6,11299.7,13.4,0.00,pathseer:54
beir500k-rq1,neg40_cat13,neg40,231299,pathseer,512,3,54,0.9981,0.9815,0.00001,4.984,7.916,8.044,5.045,13511.0,0.0,21752.5,2586.7,14.0,153.0,860.4,189.6,11299.7,13.4,0.00,pathseer:54
beir500k-rq1,neg40_cat13,neg40,231299,ours-no-twohop,64,1,54,0.9315,0.6667,0.00102,0.968,1.903,1.951,0.993,2641.8,0.0,6548.7,529.7,4.0,26.0,0.0,0.0,4411.0,0.0,0.00,pathseer:54
beir500k-rq1,neg40_cat13,neg40,231299,ours-no-twohop,64,2,54,0.9315,0.6667,0.00102,0.918,1.819,1.864,0.970,2641.8,0.0,6548.7,529.7,4.0,26.0,0.0,0.0,4411.0,0.0,0.00,pathseer:54
beir500k-rq1,neg40_cat13,neg40,231299,ours-no-twohop,64,3,54,0.9315,0.6667,0.00102,0.898,1.843,2.043,0.990,2641.8,0.0,6548.7,529.7,4.0,26.0,0.0,0.0,4411.0,0.0,0.00,pathseer:54
beir500k-rq1,neg40_cat13,neg40,231299,ours-no-twohop,128,1,54,0.9667,0.7963,0.00038,1.775,3.145,3.301,1.732,4741.3,0.0,10211.4,970.4,6.0,61.0,0.0,0.0,6421.9,0.0,0.00,pathseer:54
beir500k-rq1,neg40_cat13,neg40,231299,ours-no-twohop,128,2,54,0.9667,0.7963,0.00038,1.871,3.004,3.377,1.772,4741.3,0.0,10211.4,970.4,6.0,61.0,0.0,0.0,6421.9,0.0,0.00,pathseer:54
beir500k-rq1,neg40_cat13,neg40,231299,ours-no-twohop,128,3,54,0.9667,0.7963,0.00038,1.747,2.956,3.241,1.730,4741.3,0.0,10211.4,970.4,6.0,61.0,0.0,0.0,6421.9,0.0,0.00,pathseer:54
beir500k-rq1,neg40_cat13,neg40,231299,ours-no-twohop,256,1,54,0.9944,0.9444,0.00010,3.016,5.032,5.199,3.134,8286.1,0.0,15342.7,1690.2,10.0,116.0,0.0,0.0,8891.1,0.0,0.00,pathseer:54
beir500k-rq1,neg40_cat13,neg40,231299,ours-no-twohop,256,2,54,0.9944,0.9444,0.00010,3.058,5.120,5.327,3.059,8286.1,0.0,15342.7,1690.2,10.0,116.0,0.0,0.0,8891.1,0.0,0.00,pathseer:54
beir500k-rq1,neg40_cat13,neg40,231299,ours-no-twohop,256,3,54,0.9944,0.9444,0.00010,3.008,5.101,5.421,3.055,8286.1,0.0,15342.7,1690.2,10.0,116.0,0.0,0.0,8891.1,0.0,0.00,pathseer:54
beir500k-rq1,neg40_cat13,neg40,231299,ours-no-twohop,512,1,54,0.9981,0.9815,0.00001,5.309,8.087,8.387,5.225,14262.7,0.0,22476.2,2864.5,22.0,229.0,0.0,0.0,11728.1,0.0,0.00,pathseer:54
beir500k-rq1,neg40_cat13,neg40,231299,ours-no-twohop,512,2,54,0.9981,0.9815,0.00001,5.258,8.467,8.615,5.304,14262.7,0.0,22476.2,2864.5,22.0,229.0,0.0,0.0,11728.1,0.0,0.00,pathseer:54
beir500k-rq1,neg40_cat13,neg40,231299,ours-no-twohop,512,3,54,0.9981,0.9815,0.00001,5.187,8.125,8.242,5.250,14262.7,0.0,22476.2,2864.5,22.0,229.0,0.0,0.0,11728.1,0.0,0.00,pathseer:54
beir500k-rq1,neg40_cat13,neg40,231299,ours-guard,64,1,54,0.9204,0.6296,0.00147,0.873,1.813,1.876,0.920,2222.2,0.0,6710.7,503.0,4.0,26.0,0.0,0.0,4362.4,0.0,0.00,pathseer:54
beir500k-rq1,neg40_cat13,neg40,231299,ours-guard,64,2,54,0.9204,0.6296,0.00147,0.866,1.774,1.817,0.913,2222.2,0.0,6710.7,503.0,4.0,26.0,0.0,0.0,4362.4,0.0,0.00,pathseer:54
beir500k-rq1,neg40_cat13,neg40,231299,ours-guard,64,3,54,0.9204,0.6296,0.00147,0.850,1.739,1.847,0.888,2222.2,0.0,6710.7,503.0,4.0,26.0,0.0,0.0,4362.4,0.0,0.00,pathseer:54
beir500k-rq1,neg40_cat13,neg40,231299,ours-guard,128,1,54,0.9593,0.7778,0.00063,1.679,3.067,3.192,1.746,4066.3,0.0,10812.5,933.5,6.0,61.0,0.0,0.0,6514.3,0.0,0.00,pathseer:54
beir500k-rq1,neg40_cat13,neg40,231299,ours-guard,128,2,54,0.9593,0.7778,0.00063,1.716,2.953,3.199,1.674,4066.3,0.0,10812.5,933.5,6.0,61.0,0.0,0.0,6514.3,0.0,0.00,pathseer:54
beir500k-rq1,neg40_cat13,neg40,231299,ours-guard,128,3,54,0.9593,0.7778,0.00063,1.684,2.858,3.148,1.650,4066.3,0.0,10812.5,933.5,6.0,61.0,0.0,0.0,6514.3,0.0,0.00,pathseer:54
beir500k-rq1,neg40_cat13,neg40,231299,ours-guard,256,1,54,0.9889,0.9074,0.00015,2.819,4.865,5.072,2.898,7199.9,0.0,16772.7,1632.6,10.0,116.0,0.0,0.0,9135.9,0.0,0.00,pathseer:54
beir500k-rq1,neg40_cat13,neg40,231299,ours-guard,256,2,54,0.9889,0.9074,0.00015,3.054,5.248,5.907,2.974,7199.9,0.0,16772.7,1632.6,10.0,116.0,0.0,0.0,9135.9,0.0,0.00,pathseer:54
beir500k-rq1,neg40_cat13,neg40,231299,ours-guard,256,3,54,0.9889,0.9074,0.00015,2.894,4.778,4.859,2.885,7199.9,0.0,16772.7,1632.6,10.0,116.0,0.0,0.0,9135.9,0.0,0.00,pathseer:54
beir500k-rq1,neg40_cat13,neg40,231299,ours-guard,512,1,54,0.9944,0.9444,0.00003,5.035,7.848,8.021,5.042,12553.9,0.0,25650.7,2771.8,22.0,229.0,0.0,0.0,12269.4,0.0,0.00,pathseer:54
beir500k-rq1,neg40_cat13,neg40,231299,ours-guard,512,2,54,0.9944,0.9444,0.00003,5.175,7.660,8.082,5.038,12553.9,0.0,25650.7,2771.8,22.0,229.0,0.0,0.0,12269.4,0.0,0.00,pathseer:54
beir500k-rq1,neg40_cat13,neg40,231299,ours-guard,512,3,54,0.9944,0.9444,0.00003,5.147,8.356,8.641,5.170,12553.9,0.0,25650.7,2771.8,22.0,229.0,0.0,0.0,12269.4,0.0,0.00,pathseer:54
beir500k-rq1,neg40_cat13,neg40,231299,ours-puredos,64,1,9,0.5667,0.1111,0.00580,0.255,0.273,0.273,0.206,862.0,0.0,1514.0,54.1,5.0,5.0,0.0,0.0,462.9,0.0,0.00,pathseer:9
beir500k-rq1,neg40_cat13,neg40,231299,ours-puredos,64,2,9,0.5667,0.1111,0.00580,0.242,0.262,0.262,0.200,862.0,0.0,1514.0,54.1,5.0,5.0,0.0,0.0,462.9,0.0,0.00,pathseer:9
beir500k-rq1,neg40_cat13,neg40,231299,ours-puredos,64,3,9,0.5667,0.1111,0.00580,0.256,0.293,0.293,0.212,862.0,0.0,1514.0,54.1,5.0,5.0,0.0,0.0,462.9,0.0,0.00,pathseer:9
beir500k-rq1,neg40_cat13,neg40,231299,ours-puredos,128,1,9,0.6333,0.2222,0.00383,0.567,0.721,0.721,0.468,1704.7,0.0,2894.0,107.4,8.0,8.0,0.0,0.0,851.3,0.0,0.00,pathseer:9
beir500k-rq1,neg40_cat13,neg40,231299,ours-puredos,128,2,9,0.6333,0.2222,0.00383,0.616,0.681,0.681,0.492,1704.7,0.0,2894.0,107.4,8.0,8.0,0.0,0.0,851.3,0.0,0.00,pathseer:9
beir500k-rq1,neg40_cat13,neg40,231299,ours-puredos,128,3,9,0.6333,0.2222,0.00383,0.572,0.719,0.719,0.492,1704.7,0.0,2894.0,107.4,8.0,8.0,0.0,0.0,851.3,0.0,0.00,pathseer:9
beir500k-rq1,neg40_cat13,neg40,231299,ours-puredos,256,1,9,0.6556,0.3333,0.00308,1.149,1.316,1.316,0.901,2891.4,0.0,4960.7,202.3,15.0,15.0,0.0,0.0,1462.1,0.0,0.00,pathseer:9
beir500k-rq1,neg40_cat13,neg40,231299,ours-puredos,256,2,9,0.6556,0.3333,0.00308,1.119,1.257,1.257,0.903,2891.4,0.0,4960.7,202.3,15.0,15.0,0.0,0.0,1462.1,0.0,0.00,pathseer:9
beir500k-rq1,neg40_cat13,neg40,231299,ours-puredos,256,3,9,0.6556,0.3333,0.00308,1.070,1.256,1.256,0.892,2891.4,0.0,4960.7,202.3,15.0,15.0,0.0,0.0,1462.1,0.0,0.00,pathseer:9
beir500k-rq1,neg40_cat13,neg40,231299,ours-puredos,512,1,9,0.7111,0.5556,0.00189,1.810,2.077,2.077,1.433,5269.2,0.0,8860.0,400.3,31.0,28.0,0.0,0.0,2485.3,0.0,0.00,pathseer:9
beir500k-rq1,neg40_cat13,neg40,231299,ours-puredos,512,2,9,0.7111,0.5556,0.00189,1.704,1.973,1.973,1.370,5269.2,0.0,8860.0,400.3,31.0,28.0,0.0,0.0,2485.3,0.0,0.00,pathseer:9
beir500k-rq1,neg40_cat13,neg40,231299,ours-puredos,512,3,9,0.7111,0.5556,0.00189,1.751,2.138,2.138,1.449,5269.2,0.0,8860.0,400.3,31.0,28.0,0.0,0.0,2485.3,0.0,0.00,pathseer:9
beir500k-rq1,neg40_cat14,neg40,212386,sweeping,64,1,6,0.8333,0.8333,0.04564,1.066,1.670,1.670,0.932,5761.8,0.0,935.0,461.7,4.0,18.0,0.0,0.0,0.0,0.0,0.00,sweeping:6
beir500k-rq1,neg40_cat14,neg40,212386,sweeping,64,2,6,0.8333,0.8333,0.04564,1.069,1.767,1.767,0.966,5761.8,0.0,935.0,461.7,4.0,18.0,0.0,0.0,0.0,0.0,0.00,sweeping:6
beir500k-rq1,neg40_cat14,neg40,212386,sweeping,64,3,6,0.8333,0.8333,0.04564,1.057,1.639,1.639,0.923,5761.8,0.0,935.0,461.7,4.0,18.0,0.0,0.0,0.0,0.0,0.00,sweeping:6
beir500k-rq1,neg40_cat14,neg40,212386,sweeping,128,1,6,1.0000,1.0000,0.00000,1.893,3.001,3.001,1.858,10395.2,0.0,1835.7,944.2,6.0,36.0,0.0,0.0,0.0,0.0,0.00,sweeping:6
beir500k-rq1,neg40_cat14,neg40,212386,sweeping,128,2,6,1.0000,1.0000,0.00000,1.872,2.936,2.936,1.815,10395.2,0.0,1835.7,944.2,6.0,36.0,0.0,0.0,0.0,0.0,0.00,sweeping:6
beir500k-rq1,neg40_cat14,neg40,212386,sweeping,128,3,6,1.0000,1.0000,0.00000,1.902,2.860,2.860,1.800,10395.2,0.0,1835.7,944.2,6.0,36.0,0.0,0.0,0.0,0.0,0.00,sweeping:6
beir500k-rq1,neg40_cat14,neg40,212386,sweeping,256,1,6,1.0000,1.0000,0.00000,3.205,5.061,5.061,3.279,16495.2,0.0,3269.5,1760.8,12.0,93.0,0.0,0.0,0.0,0.0,0.00,sweeping:6
beir500k-rq1,neg40_cat14,neg40,212386,sweeping,256,2,6,1.0000,1.0000,0.00000,3.401,4.869,4.869,3.255,16495.2,0.0,3269.5,1760.8,12.0,93.0,0.0,0.0,0.0,0.0,0.00,sweeping:6
beir500k-rq1,neg40_cat14,neg40,212386,sweeping,256,3,6,1.0000,1.0000,0.00000,3.141,5.302,5.302,3.341,16495.2,0.0,3269.5,1760.8,12.0,93.0,0.0,0.0,0.0,0.0,0.00,sweeping:6
beir500k-rq1,neg40_cat14,neg40,212386,sweeping,512,1,6,1.0000,1.0000,0.00000,5.992,9.411,9.411,6.316,25786.2,0.0,5902.8,3306.3,22.0,197.0,0.0,0.0,0.0,0.0,0.00,sweeping:6
beir500k-rq1,neg40_cat14,neg40,212386,sweeping,512,2,6,1.0000,1.0000,0.00000,6.165,9.206,9.206,6.270,25786.2,0.0,5902.8,3306.3,22.0,197.0,0.0,0.0,0.0,0.0,0.00,sweeping:6
beir500k-rq1,neg40_cat14,neg40,212386,sweeping,512,3,6,1.0000,1.0000,0.00000,6.198,9.243,9.243,6.215,25786.2,0.0,5902.8,3306.3,22.0,197.0,0.0,0.0,0.0,0.0,0.00,sweeping:6
beir500k-rq1,neg40_cat14,neg40,212386,pathseer,64,1,6,0.8333,0.8333,0.04617,0.404,0.634,0.634,0.421,1752.8,0.0,3173.8,226.7,3.0,12.0,128.0,29.3,2027.5,2.0,0.00,pathseer:6
beir500k-rq1,neg40_cat14,neg40,212386,pathseer,64,2,6,0.8333,0.8333,0.04617,0.401,0.618,0.618,0.416,1752.8,0.0,3173.8,226.7,3.0,12.0,128.0,29.3,2027.5,2.0,0.00,pathseer:6
beir500k-rq1,neg40_cat14,neg40,212386,pathseer,64,3,6,0.8333,0.8333,0.04617,0.394,0.596,0.596,0.409,1752.8,0.0,3173.8,226.7,3.0,12.0,128.0,29.3,2027.5,2.0,0.00,pathseer:6
beir500k-rq1,neg40_cat14,neg40,212386,pathseer,128,1,6,1.0000,1.0000,0.00000,0.929,1.071,1.071,0.876,3351.0,0.0,6048.8,496.5,5.0,27.0,256.0,58.0,3683.8,4.0,0.00,pathseer:6
beir500k-rq1,neg40_cat14,neg40,212386,pathseer,128,2,6,1.0000,1.0000,0.00000,0.921,1.081,1.081,0.884,3351.0,0.0,6048.8,496.5,5.0,27.0,256.0,58.0,3683.8,4.0,0.00,pathseer:6
beir500k-rq1,neg40_cat14,neg40,212386,pathseer,128,3,6,1.0000,1.0000,0.00000,0.931,1.073,1.073,0.874,3351.0,0.0,6048.8,496.5,5.0,27.0,256.0,58.0,3683.8,4.0,0.00,pathseer:6
beir500k-rq1,neg40_cat14,neg40,212386,pathseer,256,1,6,1.0000,1.0000,0.00000,1.748,1.961,1.961,1.708,5429.8,0.0,10454.0,981.7,8.0,71.0,437.3,98.8,6160.3,6.8,0.00,pathseer:6
beir500k-rq1,neg40_cat14,neg40,212386,pathseer,256,2,6,1.0000,1.0000,0.00000,1.597,2.177,2.177,1.664,5429.8,0.0,10454.0,981.7,8.0,71.0,437.3,98.8,6160.3,6.8,0.00,pathseer:6
beir500k-rq1,neg40_cat14,neg40,212386,pathseer,256,3,6,1.0000,1.0000,0.00000,1.630,1.995,1.995,1.639,5429.8,0.0,10454.0,981.7,8.0,71.0,437.3,98.8,6160.3,6.8,0.00,pathseer:6
beir500k-rq1,neg40_cat14,neg40,212386,pathseer,512,1,6,1.0000,1.0000,0.00000,3.178,3.962,3.962,3.176,8674.7,0.0,17709.5,1928.3,16.0,137.0,896.0,174.5,9954.8,14.0,0.00,pathseer:6
beir500k-rq1,neg40_cat14,neg40,212386,pathseer,512,2,6,1.0000,1.0000,0.00000,3.050,4.371,4.371,3.250,8674.7,0.0,17709.5,1928.3,16.0,137.0,896.0,174.5,9954.8,14.0,0.00,pathseer:6
beir500k-rq1,neg40_cat14,neg40,212386,pathseer,512,3,6,1.0000,1.0000,0.00000,3.198,3.940,3.940,3.168,8674.7,0.0,17709.5,1928.3,16.0,137.0,896.0,174.5,9954.8,14.0,0.00,pathseer:6
beir500k-rq1,neg40_cat14,neg40,212386,ours-no-twohop,64,1,6,0.8333,0.8333,0.04617,0.464,0.635,0.635,0.450,1861.5,0.0,3426.0,262.5,4.0,18.0,0.0,0.0,2228.5,0.0,0.00,pathseer:6
beir500k-rq1,neg40_cat14,neg40,212386,ours-no-twohop,64,2,6,0.8333,0.8333,0.04617,0.477,0.639,0.639,0.449,1861.5,0.0,3426.0,262.5,4.0,18.0,0.0,0.0,2228.5,0.0,0.00,pathseer:6
beir500k-rq1,neg40_cat14,neg40,212386,ours-no-twohop,64,3,6,0.8333,0.8333,0.04617,0.476,0.669,0.669,0.454,1861.5,0.0,3426.0,262.5,4.0,18.0,0.0,0.0,2228.5,0.0,0.00,pathseer:6
beir500k-rq1,neg40_cat14,neg40,212386,ours-no-twohop,128,1,6,1.0000,1.0000,0.00000,0.989,1.228,1.228,0.926,3488.3,0.0,6243.7,547.2,6.0,36.0,0.0,0.0,3891.0,0.0,0.00,pathseer:6
beir500k-rq1,neg40_cat14,neg40,212386,ours-no-twohop,128,2,6,1.0000,1.0000,0.00000,0.968,1.219,1.219,0.925,3488.3,0.0,6243.7,547.2,6.0,36.0,0.0,0.0,3891.0,0.0,0.00,pathseer:6
beir500k-rq1,neg40_cat14,neg40,212386,ours-no-twohop,128,3,6,1.0000,1.0000,0.00000,0.968,1.217,1.217,0.929,3488.3,0.0,6243.7,547.2,6.0,36.0,0.0,0.0,3891.0,0.0,0.00,pathseer:6
beir500k-rq1,neg40_cat14,neg40,212386,ours-no-twohop,256,1,6,1.0000,1.0000,0.00000,1.685,2.358,2.358,1.772,5647.5,0.0,10672.2,1075.5,12.0,93.0,0.0,0.0,6430.8,0.0,0.00,pathseer:6
beir500k-rq1,neg40_cat14,neg40,212386,ours-no-twohop,256,2,6,1.0000,1.0000,0.00000,1.624,2.317,2.317,1.726,5647.5,0.0,10672.2,1075.5,12.0,93.0,0.0,0.0,6430.8,0.0,0.00,pathseer:6
beir500k-rq1,neg40_cat14,neg40,212386,ours-no-twohop,256,3,6,1.0000,1.0000,0.00000,1.607,2.398,2.398,1.725,5647.5,0.0,10672.2,1075.5,12.0,93.0,0.0,0.0,6430.8,0.0,0.00,pathseer:6
beir500k-rq1,neg40_cat14,neg40,212386,ours-no-twohop,512,1,6,1.0000,1.0000,0.00000,3.020,4.081,4.081,3.177,8974.5,0.0,17727.3,2058.5,22.0,197.0,0.0,0.0,10294.3,0.0,0.00,pathseer:6
beir500k-rq1,neg40_cat14,neg40,212386,ours-no-twohop,512,2,6,1.0000,1.0000,0.00000,3.277,3.808,3.808,3.093,8974.5,0.0,17727.3,2058.5,22.0,197.0,0.0,0.0,10294.3,0.0,0.00,pathseer:6
beir500k-rq1,neg40_cat14,neg40,212386,ours-no-twohop,512,3,6,1.0000,1.0000,0.00000,3.293,4.352,4.352,3.340,8974.5,0.0,17727.3,2058.5,22.0,197.0,0.0,0.0,10294.3,0.0,0.00,pathseer:6
beir500k-rq1,neg40_cat14,neg40,212386,ours-guard,64,1,6,0.8333,0.8333,0.04665,0.550,0.587,0.587,0.467,1264.3,0.0,3874.8,238.5,4.0,18.0,0.0,0.0,2515.0,0.0,0.00,pathseer:6
beir500k-rq1,neg40_cat14,neg40,212386,ours-guard,64,2,6,0.8333,0.8333,0.04665,0.426,0.764,0.764,0.423,1264.3,0.0,3874.8,238.5,4.0,18.0,0.0,0.0,2515.0,0.0,0.00,pathseer:6
beir500k-rq1,neg40_cat14,neg40,212386,ours-guard,64,3,6,0.8333,0.8333,0.04665,0.414,0.578,0.578,0.432,1264.3,0.0,3874.8,238.5,4.0,18.0,0.0,0.0,2515.0,0.0,0.00,pathseer:6
beir500k-rq1,neg40_cat14,neg40,212386,ours-guard,128,1,6,0.9833,0.8333,0.00002,0.778,1.128,1.128,0.808,2253.3,0.0,6774.8,472.0,6.0,36.0,0.0,0.0,4296.7,0.0,0.00,pathseer:6
beir500k-rq1,neg40_cat14,neg40,212386,ours-guard,128,2,6,0.9833,0.8333,0.00002,0.862,1.218,1.218,0.899,2253.3,0.0,6774.8,472.0,6.0,36.0,0.0,0.0,4296.7,0.0,0.00,pathseer:6
beir500k-rq1,neg40_cat14,neg40,212386,ours-guard,128,3,6,0.9833,0.8333,0.00002,0.954,1.199,1.199,0.857,2253.3,0.0,6774.8,472.0,6.0,36.0,0.0,0.0,4296.7,0.0,0.00,pathseer:6
beir500k-rq1,neg40_cat14,neg40,212386,ours-guard,256,1,6,1.0000,1.0000,0.00000,1.716,2.057,2.057,1.563,3737.3,0.0,11174.0,934.0,12.0,93.0,0.0,0.0,7062.8,0.0,0.00,pathseer:6
beir500k-rq1,neg40_cat14,neg40,212386,ours-guard,256,2,6,1.0000,1.0000,0.00000,1.566,2.147,2.147,1.582,3737.3,0.0,11174.0,934.0,12.0,93.0,0.0,0.0,7062.8,0.0,0.00,pathseer:6
beir500k-rq1,neg40_cat14,neg40,212386,ours-guard,256,3,6,1.0000,1.0000,0.00000,1.739,2.350,2.350,1.600,3737.3,0.0,11174.0,934.0,12.0,93.0,0.0,0.0,7062.8,0.0,0.00,pathseer:6
beir500k-rq1,neg40_cat14,neg40,212386,ours-guard,512,1,6,1.0000,1.0000,0.00000,3.018,3.749,3.749,2.798,6254.8,0.0,18045.0,1795.5,22.0,197.0,0.0,0.0,11157.2,0.0,0.00,pathseer:6
beir500k-rq1,neg40_cat14,neg40,212386,ours-guard,512,2,6,1.0000,1.0000,0.00000,2.969,3.858,3.858,2.760,6254.8,0.0,18045.0,1795.5,22.0,197.0,0.0,0.0,11157.2,0.0,0.00,pathseer:6
beir500k-rq1,neg40_cat14,neg40,212386,ours-guard,512,3,6,1.0000,1.0000,0.00000,2.720,3.908,3.908,2.793,6254.8,0.0,18045.0,1795.5,22.0,197.0,0.0,0.0,11157.2,0.0,0.00,pathseer:6
beir500k-rq1,neg40_cat14,neg40,212386,ours-puredos,64,1,6,0.7167,0.1667,0.05023,0.193,0.273,0.273,0.197,671.8,0.0,1715.2,66.2,9.0,9.0,0.0,0.0,865.3,0.0,0.00,pathseer:6
beir500k-rq1,neg40_cat14,neg40,212386,ours-puredos,64,2,6,0.7167,0.1667,0.05023,0.181,0.271,0.271,0.190,671.8,0.0,1715.2,66.2,9.0,9.0,0.0,0.0,865.3,0.0,0.00,pathseer:6
beir500k-rq1,neg40_cat14,neg40,212386,ours-puredos,64,3,6,0.7167,0.1667,0.05023,0.177,0.254,0.254,0.186,671.8,0.0,1715.2,66.2,9.0,9.0,0.0,0.0,865.3,0.0,0.00,pathseer:6
beir500k-rq1,neg40_cat14,neg40,212386,ours-puredos,128,1,6,0.9167,0.3333,0.00261,0.392,0.771,0.771,0.423,1240.2,0.0,3430.2,146.3,18.0,15.0,0.0,0.0,1822.2,0.0,0.00,pathseer:6
beir500k-rq1,neg40_cat14,neg40,212386,ours-puredos,128,2,6,0.9167,0.3333,0.00261,0.394,0.828,0.828,0.466,1240.2,0.0,3430.2,146.3,18.0,15.0,0.0,0.0,1822.2,0.0,0.00,pathseer:6
beir500k-rq1,neg40_cat14,neg40,212386,ours-puredos,128,3,6,0.9167,0.3333,0.00261,0.402,0.834,0.834,0.456,1240.2,0.0,3430.2,146.3,18.0,15.0,0.0,0.0,1822.2,0.0,0.00,pathseer:6
beir500k-rq1,neg40_cat14,neg40,212386,ours-puredos,256,1,6,0.9667,0.8333,0.00233,0.721,1.134,1.134,0.767,1952.0,0.0,5722.2,274.3,35.0,33.0,0.0,0.0,3123.3,0.0,0.00,pathseer:6
beir500k-rq1,neg40_cat14,neg40,212386,ours-puredos,256,2,6,0.9667,0.8333,0.00233,0.650,1.037,1.037,0.691,1952.0,0.0,5722.2,274.3,35.0,33.0,0.0,0.0,3123.3,0.0,0.00,pathseer:6
beir500k-rq1,neg40_cat14,neg40,212386,ours-puredos,256,3,6,0.9667,0.8333,0.00233,0.600,1.003,1.003,0.644,1952.0,0.0,5722.2,274.3,35.0,33.0,0.0,0.0,3123.3,0.0,0.00,pathseer:6
beir500k-rq1,neg40_cat14,neg40,212386,ours-puredos,512,1,6,0.9833,0.8333,0.00165,1.392,1.696,1.696,1.318,3286.8,0.0,9709.2,529.8,91.0,67.0,0.0,0.0,5236.0,0.0,0.00,pathseer:6
beir500k-rq1,neg40_cat14,neg40,212386,ours-puredos,512,2,6,0.9833,0.8333,0.00165,1.301,1.604,1.604,1.302,3286.8,0.0,9709.2,529.8,91.0,67.0,0.0,0.0,5236.0,0.0,0.00,pathseer:6
beir500k-rq1,neg40_cat14,neg40,212386,ours-puredos,512,3,6,0.9833,0.8333,0.00165,1.384,1.584,1.584,1.288,3286.8,0.0,9709.2,529.8,91.0,67.0,0.0,0.0,5236.0,0.0,0.00,pathseer:6
beir500k-rq1,neg40_cat15,neg40,220102,sweeping,64,1,84,0.9274,0.6190,0.00167,1.728,5.624,6.081,2.174,10493.8,0.0,1882.9,786.2,4.0,33.0,0.0,0.0,0.0,0.0,0.00,sweeping:84
beir500k-rq1,neg40_cat15,neg40,220102,sweeping,64,2,84,0.9274,0.6190,0.00167,1.718,5.542,6.427,2.191,10493.8,0.0,1882.9,786.2,4.0,33.0,0.0,0.0,0.0,0.0,0.00,sweeping:84
beir500k-rq1,neg40_cat15,neg40,220102,sweeping,64,3,84,0.9274,0.6190,0.00167,1.765,5.603,6.254,2.201,10493.8,0.0,1882.9,786.2,4.0,33.0,0.0,0.0,0.0,0.0,0.00,sweeping:84
beir500k-rq1,neg40_cat15,neg40,220102,sweeping,128,1,84,0.9655,0.7738,0.00086,2.819,8.031,8.772,3.391,15525.6,0.0,3010.8,1231.3,6.0,60.0,0.0,0.0,0.0,0.0,0.00,sweeping:84
beir500k-rq1,neg40_cat15,neg40,220102,sweeping,128,2,84,0.9655,0.7738,0.00086,2.835,7.977,8.935,3.295,15525.6,0.0,3010.8,1231.3,6.0,60.0,0.0,0.0,0.0,0.0,0.00,sweeping:84
beir500k-rq1,neg40_cat15,neg40,220102,sweeping,128,3,84,0.9655,0.7738,0.00086,2.785,8.207,8.760,3.313,15525.6,0.0,3010.8,1231.3,6.0,60.0,0.0,0.0,0.0,0.0,0.00,sweeping:84
beir500k-rq1,neg40_cat15,neg40,220102,sweeping,256,1,84,0.9786,0.8690,0.00068,4.712,11.572,13.783,5.239,23543.0,0.0,4891.2,2008.1,11.0,100.0,0.0,0.0,0.0,0.0,0.00,sweeping:84
beir500k-rq1,neg40_cat15,neg40,220102,sweeping,256,2,84,0.9774,0.8571,0.00068,4.717,11.891,15.175,5.412,23543.0,0.0,4891.2,2008.1,11.0,100.0,0.0,0.0,0.0,0.0,0.00,sweeping:84
beir500k-rq1,neg40_cat15,neg40,220102,sweeping,256,3,84,0.9786,0.8690,0.00068,4.636,11.334,13.769,5.303,23543.0,0.0,4891.2,2008.1,11.0,100.0,0.0,0.0,0.0,0.0,0.00,sweeping:84
beir500k-rq1,neg40_cat15,neg40,220102,sweeping,512,1,84,0.9833,0.9167,0.00045,7.502,17.726,20.505,8.333,35531.1,0.0,7975.0,3275.8,25.0,188.0,0.0,0.0,0.0,0.0,0.00,sweeping:84
beir500k-rq1,neg40_cat15,neg40,220102,sweeping,512,2,84,0.9845,0.9286,0.00045,7.880,18.069,20.555,8.425,35531.1,0.0,7975.0,3275.8,25.0,188.0,0.0,0.0,0.0,0.0,0.00,sweeping:84
beir500k-rq1,neg40_cat15,neg40,220102,sweeping,512,3,84,0.9833,0.9167,0.00045,7.622,18.136,20.624,8.349,35531.1,0.0,7975.0,3275.8,25.0,188.0,0.0,0.0,0.0,0.0,0.00,sweeping:84
beir500k-rq1,neg40_cat15,neg40,220102,pathseer,64,1,84,0.8917,0.5595,0.00269,0.646,1.610,2.035,0.761,2188.0,0.0,4553.6,314.6,3.0,21.0,128.0,30.1,3041.8,2.0,0.00,pathseer:84
beir500k-rq1,neg40_cat15,neg40,220102,pathseer,64,2,84,0.8917,0.5595,0.00269,0.665,1.714,2.111,0.784,2188.0,0.0,4553.6,314.6,3.0,21.0,128.0,30.1,3041.8,2.0,0.00,pathseer:84
beir500k-rq1,neg40_cat15,neg40,220102,pathseer,64,3,84,0.8917,0.5595,0.00269,0.654,1.718,1.991,0.772,2188.0,0.0,4553.6,314.6,3.0,21.0,128.0,30.1,3041.8,2.0,0.00,pathseer:84
beir500k-rq1,neg40_cat15,neg40,220102,pathseer,128,1,84,0.9393,0.6786,0.00149,1.169,2.622,3.680,1.360,3945.4,0.0,7533.6,575.3,5.0,40.0,227.8,54.7,4840.1,3.6,0.00,pathseer:84
beir500k-rq1,neg40_cat15,neg40,220102,pathseer,128,2,84,0.9393,0.6786,0.00149,1.143,2.732,3.723,1.359,3945.4,0.0,7533.6,575.3,5.0,40.0,227.8,54.7,4840.1,3.6,0.00,pathseer:84
beir500k-rq1,neg40_cat15,neg40,220102,pathseer,128,3,84,0.9393,0.6786,0.00149,1.162,2.646,3.639,1.371,3945.4,0.0,7533.6,575.3,5.0,40.0,227.8,54.7,4840.1,3.6,0.00,pathseer:84
beir500k-rq1,neg40_cat15,neg40,220102,pathseer,256,1,84,0.9631,0.7857,0.00083,2.100,4.387,6.168,2.421,7016.0,0.0,12166.7,1029.5,8.0,73.0,448.8,97.0,7410.1,7.0,0.00,pathseer:84
beir500k-rq1,neg40_cat15,neg40,220102,pathseer,256,2,84,0.9631,0.7857,0.00083,2.142,4.448,6.131,2.429,7016.0,0.0,12166.7,1029.5,8.0,73.0,448.8,97.0,7410.1,7.0,0.00,pathseer:84
beir500k-rq1,neg40_cat15,neg40,220102,pathseer,256,3,84,0.9631,0.7857,0.00083,2.136,4.385,6.079,2.420,7016.0,0.0,12166.7,1029.5,8.0,73.0,448.8,97.0,7410.1,7.0,0.00,pathseer:84
beir500k-rq1,neg40_cat15,neg40,220102,pathseer,512,1,84,0.9798,0.8929,0.00055,4.064,8.200,10.082,4.362,12341.6,0.0,19835.9,1843.1,16.0,138.0,973.7,191.4,11378.1,15.2,0.00,pathseer:84
beir500k-rq1,neg40_cat15,neg40,220102,pathseer,512,2,84,0.9798,0.8929,0.00055,4.105,7.759,10.034,4.335,12341.6,0.0,19835.9,1843.1,16.0,138.0,973.7,191.4,11378.1,15.2,0.00,pathseer:84
beir500k-rq1,neg40_cat15,neg40,220102,pathseer,512,3,84,0.9798,0.8929,0.00055,4.200,7.922,10.634,4.435,12341.6,0.0,19835.9,1843.1,16.0,138.0,973.7,191.4,11378.1,15.2,0.00,pathseer:84
beir500k-rq1,neg40_cat15,neg40,220102,ours-no-twohop,64,1,84,0.8929,0.5714,0.00265,0.735,1.744,2.064,0.857,2384.9,0.0,5096.3,367.7,4.0,33.0,0.0,0.0,3447.5,0.0,0.00,pathseer:84
beir500k-rq1,neg40_cat15,neg40,220102,ours-no-twohop,64,2,84,0.8929,0.5714,0.00265,0.770,1.758,2.078,0.870,2384.9,0.0,5096.3,367.7,4.0,33.0,0.0,0.0,3447.5,0.0,0.00,pathseer:84
beir500k-rq1,neg40_cat15,neg40,220102,ours-no-twohop,64,3,84,0.8929,0.5714,0.00265,0.775,1.758,2.111,0.852,2384.9,0.0,5096.3,367.7,4.0,33.0,0.0,0.0,3447.5,0.0,0.00,pathseer:84
beir500k-rq1,neg40_cat15,neg40,220102,ours-no-twohop,128,1,84,0.9429,0.6786,0.00133,1.358,2.978,3.948,1.535,4233.7,0.0,8048.0,643.8,6.0,60.0,0.0,0.0,5220.3,0.0,0.00,pathseer:84
beir500k-rq1,neg40_cat15,neg40,220102,ours-no-twohop,128,2,84,0.9429,0.6786,0.00133,1.398,2.788,3.933,1.505,4233.7,0.0,8048.0,643.8,6.0,60.0,0.0,0.0,5220.3,0.0,0.00,pathseer:84
beir500k-rq1,neg40_cat15,neg40,220102,ours-no-twohop,128,3,84,0.9429,0.6786,0.00133,1.344,2.857,4.008,1.498,4233.7,0.0,8048.0,643.8,6.0,60.0,0.0,0.0,5220.3,0.0,0.00,pathseer:84
beir500k-rq1,neg40_cat15,neg40,220102,ours-no-twohop,256,1,84,0.9738,0.8333,0.00071,2.246,4.677,6.271,2.572,7423.0,0.0,12861.4,1133.5,11.0,100.0,0.0,0.0,8000.8,0.0,0.00,pathseer:84
beir500k-rq1,neg40_cat15,neg40,220102,ours-no-twohop,256,2,84,0.9726,0.8214,0.00071,2.307,4.822,6.167,2.558,7423.0,0.0,12861.4,1133.5,11.0,100.0,0.0,0.0,8000.8,0.0,0.00,pathseer:84
beir500k-rq1,neg40_cat15,neg40,220102,ours-no-twohop,256,3,84,0.9738,0.8333,0.00071,2.302,4.871,6.266,2.601,7423.0,0.0,12861.4,1133.5,11.0,100.0,0.0,0.0,8000.8,0.0,0.00,pathseer:84
beir500k-rq1,neg40_cat15,neg40,220102,ours-no-twohop,512,1,84,0.9798,0.8929,0.00055,4.295,8.293,10.305,4.571,13002.1,0.0,20419.1,2003.3,25.0,188.0,0.0,0.0,12011.0,0.0,0.00,pathseer:84
beir500k-rq1,neg40_cat15,neg40,220102,ours-no-twohop,512,2,84,0.9798,0.8929,0.00055,4.290,8.174,10.334,4.593,13002.1,0.0,20419.1,2003.3,25.0,188.0,0.0,0.0,12011.0,0.0,0.00,pathseer:84
beir500k-rq1,neg40_cat15,neg40,220102,ours-no-twohop,512,3,84,0.9798,0.8929,0.00055,4.262,8.030,10.172,4.587,13002.1,0.0,20419.1,2003.3,25.0,188.0,0.0,0.0,12011.0,0.0,0.00,pathseer:84
beir500k-rq1,neg40_cat15,neg40,220102,ours-guard,64,1,84,0.8893,0.5595,0.00293,0.715,1.659,2.092,0.805,2038.7,0.0,5635.2,350.1,4.0,33.0,0.0,0.0,3469.4,0.0,0.00,pathseer:84
beir500k-rq1,neg40_cat15,neg40,220102,ours-guard,64,2,84,0.8893,0.5595,0.00293,0.708,1.649,1.948,0.806,2038.7,0.0,5635.2,350.1,4.0,33.0,0.0,0.0,3469.4,0.0,0.00,pathseer:84
beir500k-rq1,neg40_cat15,neg40,220102,ours-guard,64,3,84,0.8893,0.5595,0.00293,0.703,1.619,1.979,0.795,2038.7,0.0,5635.2,350.1,4.0,33.0,0.0,0.0,3469.4,0.0,0.00,pathseer:84
beir500k-rq1,neg40_cat15,neg40,220102,ours-guard,128,1,84,0.9310,0.6548,0.00171,1.221,2.763,3.826,1.391,3603.2,0.0,9119.1,611.8,6.0,60.0,0.0,0.0,5279.1,0.0,0.00,pathseer:84
beir500k-rq1,neg40_cat15,neg40,220102,ours-guard,128,2,84,0.9310,0.6548,0.00171,1.261,2.751,4.111,1.414,3603.2,0.0,9119.1,611.8,6.0,60.0,0.0,0.0,5279.1,0.0,0.00,pathseer:84
beir500k-rq1,neg40_cat15,neg40,220102,ours-guard,128,3,84,0.9310,0.6548,0.00171,1.357,3.003,3.974,1.497,3603.2,0.0,9119.1,611.8,6.0,60.0,0.0,0.0,5279.1,0.0,0.00,pathseer:84
beir500k-rq1,neg40_cat15,neg40,220102,ours-guard,256,1,84,0.9667,0.8095,0.00098,2.145,4.685,6.035,2.463,6414.8,0.0,15095.5,1084.1,11.0,100.0,0.0,0.0,8239.9,0.0,0.00,pathseer:84
beir500k-rq1,neg40_cat15,neg40,220102,ours-guard,256,2,84,0.9679,0.8214,0.00098,2.163,4.588,6.047,2.460,6414.8,0.0,15095.5,1084.1,11.0,100.0,0.0,0.0,8239.9,0.0,0.00,pathseer:84
beir500k-rq1,neg40_cat15,neg40,220102,ours-guard,256,3,84,0.9679,0.8214,0.00098,2.213,4.625,6.279,2.536,6414.8,0.0,15095.5,1084.1,11.0,100.0,0.0,0.0,8239.9,0.0,0.00,pathseer:84
beir500k-rq1,neg40_cat15,neg40,220102,ours-guard,512,1,84,0.9786,0.8810,0.00055,4.185,7.619,10.160,4.440,11370.2,0.0,24758.8,1922.4,25.0,188.0,0.0,0.0,12552.4,0.0,0.00,pathseer:84
beir500k-rq1,neg40_cat15,neg40,220102,ours-guard,512,2,84,0.9786,0.8810,0.00055,4.415,8.140,10.444,4.585,11370.2,0.0,24758.8,1922.4,25.0,188.0,0.0,0.0,12552.4,0.0,0.00,pathseer:84
beir500k-rq1,neg40_cat15,neg40,220102,ours-guard,512,3,84,0.9798,0.8929,0.00055,4.198,7.982,10.169,4.432,11370.2,0.0,24758.8,1922.4,25.0,188.0,0.0,0.0,12552.4,0.0,0.00,pathseer:84
beir500k-rq1,neg40_cat15,neg40,220102,ours-puredos,64,1,9,0.9222,0.4444,0.00261,0.276,0.413,0.413,0.287,1201.1,0.0,1942.6,74.3,4.0,4.0,0.0,0.0,482.7,0.0,0.00,pathseer:9
beir500k-rq1,neg40_cat15,neg40,220102,ours-puredos,64,2,9,0.9222,0.4444,0.00261,0.278,0.386,0.386,0.284,1201.1,0.0,1942.6,74.3,4.0,4.0,0.0,0.0,482.7,0.0,0.00,pathseer:9
beir500k-rq1,neg40_cat15,neg40,220102,ours-puredos,64,3,9,0.9222,0.4444,0.00261,0.275,0.383,0.383,0.277,1201.1,0.0,1942.6,74.3,4.0,4.0,0.0,0.0,482.7,0.0,0.00,pathseer:9
beir500k-rq1,neg40_cat15,neg40,220102,ours-puredos,128,1,9,0.9444,0.5556,0.00133,0.466,0.600,0.600,0.486,2035.1,0.0,3252.2,134.8,7.0,7.0,0.0,0.0,767.6,0.0,0.00,pathseer:9
beir500k-rq1,neg40_cat15,neg40,220102,ours-puredos,128,2,9,0.9444,0.5556,0.00133,0.464,0.592,0.592,0.485,2035.1,0.0,3252.2,134.8,7.0,7.0,0.0,0.0,767.6,0.0,0.00,pathseer:9
beir500k-rq1,neg40_cat15,neg40,220102,ours-puredos,128,3,9,0.9444,0.5556,0.00133,0.478,0.698,0.698,0.508,2035.1,0.0,3252.2,134.8,7.0,7.0,0.0,0.0,767.6,0.0,0.00,pathseer:9
beir500k-rq1,neg40_cat15,neg40,220102,ours-puredos,256,1,9,0.9667,0.6667,0.00114,0.969,1.144,1.144,0.949,3790.6,0.0,5856.6,262.6,16.0,14.0,0.0,0.0,1276.8,0.0,0.00,pathseer:9
beir500k-rq1,neg40_cat15,neg40,220102,ours-puredos,256,2,9,0.9667,0.6667,0.00114,0.930,1.066,1.066,0.933,3790.6,0.0,5856.6,262.6,16.0,14.0,0.0,0.0,1276.8,0.0,0.00,pathseer:9
beir500k-rq1,neg40_cat15,neg40,220102,ours-puredos,256,3,9,0.9667,0.6667,0.00114,0.938,1.050,1.050,0.919,3790.6,0.0,5856.6,262.6,16.0,14.0,0.0,0.0,1276.8,0.0,0.00,pathseer:9
beir500k-rq1,neg40_cat15,neg40,220102,ours-puredos,512,1,9,0.9889,0.8889,0.00012,1.925,2.229,2.229,1.902,6843.8,0.0,10504.6,517.6,29.0,29.0,0.0,0.0,2233.7,0.0,0.00,pathseer:9
beir500k-rq1,neg40_cat15,neg40,220102,ours-puredos,512,2,9,0.9889,0.8889,0.00012,1.820,2.176,2.176,1.824,6843.8,0.0,10504.6,517.6,29.0,29.0,0.0,0.0,2233.7,0.0,0.00,pathseer:9
beir500k-rq1,neg40_cat15,neg40,220102,ours-puredos,512,3,9,0.9889,0.8889,0.00012,1.834,2.076,2.076,1.807,6843.8,0.0,10504.6,517.6,29.0,29.0,0.0,0.0,2233.7,0.0,0.00,pathseer:9
beir500k-rq1,neg40_cat16,neg40,209134,sweeping,64,1,42,0.9881,0.8810,0.00018,11.556,21.581,23.257,12.324,39187.4,0.0,13169.1,9479.8,4.0,404.0,0.0,0.0,0.0,0.0,0.00,sweeping:42
beir500k-rq1,neg40_cat16,neg40,209134,sweeping,64,2,42,0.9881,0.8810,0.00018,11.928,22.462,22.968,12.876,39187.4,0.0,13169.1,9479.8,4.0,404.0,0.0,0.0,0.0,0.0,0.00,sweeping:42
beir500k-rq1,neg40_cat16,neg40,209134,sweeping,64,3,42,0.9881,0.8810,0.00018,11.796,21.223,24.506,12.469,39187.4,0.0,13169.1,9479.8,4.0,404.0,0.0,0.0,0.0,0.0,0.00,sweeping:42
beir500k-rq1,neg40_cat16,neg40,209134,sweeping,128,1,42,0.9929,0.9286,0.00013,16.966,26.580,28.719,17.144,49653.5,0.0,17801.5,12838.6,7.0,747.0,0.0,0.0,0.0,0.0,0.00,sweeping:42
beir500k-rq1,neg40_cat16,neg40,209134,sweeping,128,2,42,0.9929,0.9286,0.00013,17.848,25.657,28.290,17.535,49653.5,0.0,17801.5,12838.6,7.0,747.0,0.0,0.0,0.0,0.0,0.00,sweeping:42
beir500k-rq1,neg40_cat16,neg40,209134,sweeping,128,3,42,0.9929,0.9286,0.00013,17.532,25.950,56.625,17.911,49653.5,0.0,17801.5,12838.6,7.0,747.0,0.0,0.0,0.0,0.0,0.00,sweeping:42
beir500k-rq1,neg40_cat16,neg40,209134,sweeping,256,1,42,1.0000,1.0000,0.00000,24.626,32.750,35.705,23.994,63479.8,0.0,24025.4,17234.6,15.0,1344.0,0.0,0.0,0.0,0.0,0.00,sweeping:42
beir500k-rq1,neg40_cat16,neg40,209134,sweeping,256,2,42,1.0000,1.0000,0.00000,24.432,32.939,36.509,23.751,63479.8,0.0,24025.4,17234.6,15.0,1344.0,0.0,0.0,0.0,0.0,0.00,sweeping:42
beir500k-rq1,neg40_cat16,neg40,209134,sweeping,256,3,42,1.0000,1.0000,0.00000,24.333,32.426,35.182,23.663,63479.8,0.0,24025.4,17234.6,15.0,1344.0,0.0,0.0,0.0,0.0,0.00,sweeping:42
beir500k-rq1,neg40_cat16,neg40,209134,sweeping,512,1,42,1.0000,1.0000,0.00000,34.026,41.211,43.526,32.128,82278.5,0.0,32513.3,22857.3,33.0,2586.0,0.0,0.0,0.0,0.0,0.00,sweeping:42
beir500k-rq1,neg40_cat16,neg40,209134,sweeping,512,2,42,1.0000,1.0000,0.00000,34.564,41.431,44.309,32.391,82278.5,0.0,32513.3,22857.3,33.0,2586.0,0.0,0.0,0.0,0.0,0.00,sweeping:42
beir500k-rq1,neg40_cat16,neg40,209134,sweeping,512,3,42,1.0000,1.0000,0.00000,34.852,41.161,42.012,32.729,82278.5,0.0,32513.3,22857.3,33.0,2586.0,0.0,0.0,0.0,0.0,0.00,sweeping:42
beir500k-rq1,neg40_cat16,neg40,209134,pathseer,64,1,42,0.9762,0.7857,0.00033,3.467,6.001,6.629,3.448,5445.2,0.0,24648.0,3148.1,4.0,366.0,192.0,8.3,16636.7,3.0,0.00,pathseer:42
beir500k-rq1,neg40_cat16,neg40,209134,pathseer,64,2,42,0.9762,0.7857,0.00033,3.352,6.164,6.719,3.542,5445.2,0.0,24648.0,3148.1,4.0,366.0,192.0,8.3,16636.7,3.0,0.00,pathseer:42
beir500k-rq1,neg40_cat16,neg40,209134,pathseer,64,3,42,0.9762,0.7857,0.00033,3.455,5.942,6.697,3.424,5445.2,0.0,24648.0,3148.1,4.0,366.0,192.0,8.3,16636.7,3.0,0.00,pathseer:42
beir500k-rq1,neg40_cat16,neg40,209134,pathseer,128,1,42,0.9905,0.9048,0.00020,5.670,9.741,10.321,5.922,9238.2,0.0,35194.3,5294.4,6.0,702.0,357.5,15.7,21742.2,5.6,0.00,pathseer:42
beir500k-rq1,neg40_cat16,neg40,209134,pathseer,128,2,42,0.9905,0.9048,0.00020,5.634,9.612,10.168,5.833,9238.2,0.0,35194.3,5294.4,6.0,702.0,357.5,15.7,21742.2,5.6,0.00,pathseer:42
beir500k-rq1,neg40_cat16,neg40,209134,pathseer,128,3,42,0.9905,0.9048,0.00020,5.972,9.822,12.094,6.061,9238.2,0.0,35194.3,5294.4,6.0,702.0,357.5,15.7,21742.2,5.6,0.00,pathseer:42
beir500k-rq1,neg40_cat16,neg40,209134,pathseer,256,1,42,0.9952,0.9524,0.00010,9.667,15.072,36.442,10.334,14957.0,0.0,48830.4,8530.6,14.0,1310.0,836.0,29.0,27085.2,13.1,0.00,pathseer:42
beir500k-rq1,neg40_cat16,neg40,209134,pathseer,256,2,42,0.9952,0.9524,0.00010,9.344,14.648,14.783,9.479,14957.0,0.0,48830.4,8530.6,14.0,1310.0,836.0,29.0,27085.2,13.1,0.00,pathseer:42
beir500k-rq1,neg40_cat16,neg40,209134,pathseer,256,3,42,0.9952,0.9524,0.00010,9.609,15.013,15.309,9.563,14957.0,0.0,48830.4,8530.6,14.0,1310.0,836.0,29.0,27085.2,13.1,0.00,pathseer:42
beir500k-rq1,neg40_cat16,neg40,209134,pathseer,512,1,42,1.0000,1.0000,0.00000,16.061,22.267,23.639,15.538,24279.3,0.0,66996.5,13391.4,29.0,2294.0,1875.2,58.4,32445.3,29.3,0.00,pathseer:42
beir500k-rq1,neg40_cat16,neg40,209134,pathseer,512,2,42,1.0000,1.0000,0.00000,15.756,22.499,23.645,15.508,24279.3,0.0,66996.5,13391.4,29.0,2294.0,1875.2,58.4,32445.3,29.3,0.00,pathseer:42
beir500k-rq1,neg40_cat16,neg40,209134,pathseer,512,3,42,1.0000,1.0000,0.00000,16.300,22.291,25.817,15.643,24279.3,0.0,66996.5,13391.4,29.0,2294.0,1875.2,58.4,32445.3,29.3,0.00,pathseer:42
beir500k-rq1,neg40_cat16,neg40,209134,ours-no-twohop,64,1,42,0.9762,0.7857,0.00033,3.473,6.394,6.679,3.683,5679.8,0.0,25204.3,3285.6,4.0,404.0,0.0,0.0,16999.9,0.0,0.00,pathseer:42
beir500k-rq1,neg40_cat16,neg40,209134,ours-no-twohop,64,2,42,0.9762,0.7857,0.00033,3.492,5.920,6.642,3.606,5679.8,0.0,25204.3,3285.6,4.0,404.0,0.0,0.0,16999.9,0.0,0.00,pathseer:42
beir500k-rq1,neg40_cat16,neg40,209134,ours-no-twohop,64,3,42,0.9762,0.7857,0.00033,3.566,6.042,7.221,3.627,5679.8,0.0,25204.3,3285.6,4.0,404.0,0.0,0.0,16999.9,0.0,0.00,pathseer:42
beir500k-rq1,neg40_cat16,neg40,209134,ours-no-twohop,128,1,42,0.9905,0.9048,0.00020,5.898,9.708,10.063,6.028,9546.9,0.0,35701.5,5474.9,7.0,747.0,0.0,0.0,22082.3,0.0,0.00,pathseer:42
beir500k-rq1,neg40_cat16,neg40,209134,ours-no-twohop,128,2,42,0.9905,0.9048,0.00020,5.974,10.136,10.317,6.120,9546.9,0.0,35701.5,5474.9,7.0,747.0,0.0,0.0,22082.3,0.0,0.00,pathseer:42
beir500k-rq1,neg40_cat16,neg40,209134,ours-no-twohop,128,3,42,0.9905,0.9048,0.00020,6.013,9.702,10.096,6.034,9546.9,0.0,35701.5,5474.9,7.0,747.0,0.0,0.0,22082.3,0.0,0.00,pathseer:42
beir500k-rq1,neg40_cat16,neg40,209134,ours-no-twohop,256,1,42,0.9952,0.9524,0.00010,9.501,15.325,15.967,9.753,15402.9,0.0,48977.1,8787.4,15.0,1344.0,0.0,0.0,27268.2,0.0,0.00,pathseer:42
beir500k-rq1,neg40_cat16,neg40,209134,ours-no-twohop,256,2,42,0.9952,0.9524,0.00010,9.412,14.773,15.356,9.732,15402.9,0.0,48977.1,8787.4,15.0,1344.0,0.0,0.0,27268.2,0.0,0.00,pathseer:42
beir500k-rq1,neg40_cat16,neg40,209134,ours-no-twohop,256,3,42,0.9952,0.9524,0.00010,9.840,14.654,15.358,9.696,15402.9,0.0,48977.1,8787.4,15.0,1344.0,0.0,0.0,27268.2,0.0,0.00,pathseer:42
beir500k-rq1,neg40_cat16,neg40,209134,ours-no-twohop,512,1,42,1.0000,1.0000,0.00000,16.468,22.988,23.833,16.018,24828.0,0.0,66469.5,13710.7,33.0,2586.0,0.0,0.0,32640.8,0.0,0.00,pathseer:42
beir500k-rq1,neg40_cat16,neg40,209134,ours-no-twohop,512,2,42,1.0000,1.0000,0.00000,18.115,32.143,82.291,21.562,24828.0,0.0,66469.5,13710.7,33.0,2586.0,0.0,0.0,32640.8,0.0,0.00,pathseer:42
beir500k-rq1,neg40_cat16,neg40,209134,ours-no-twohop,512,3,42,1.0000,1.0000,0.00000,16.622,23.331,23.889,16.056,24828.0,0.0,66469.5,13710.7,33.0,2586.0,0.0,0.0,32640.8,0.0,0.00,pathseer:42
beir500k-rq1,neg40_cat16,neg40,209134,ours-guard,64,1,42,0.9762,0.7857,0.00035,3.385,6.015,7.073,3.483,5378.0,0.0,22478.8,3265.6,4.0,404.0,0.0,0.0,16988.8,0.0,0.00,pathseer:42
beir500k-rq1,neg40_cat16,neg40,209134,ours-guard,64,2,42,0.9762,0.7857,0.00035,3.536,6.196,7.633,3.651,5378.0,0.0,22478.8,3265.6,4.0,404.0,0.0,0.0,16988.8,0.0,0.00,pathseer:42
beir500k-rq1,neg40_cat16,neg40,209134,ours-guard,64,3,42,0.9762,0.7857,0.00035,3.464,5.967,6.559,3.530,5378.0,0.0,22478.8,3265.6,4.0,404.0,0.0,0.0,16988.8,0.0,0.00,pathseer:42
beir500k-rq1,neg40_cat16,neg40,209134,ours-guard,128,1,42,0.9905,0.9048,0.00020,5.584,9.513,9.973,5.815,8994.5,0.0,31288.1,5439.4,7.0,747.0,0.0,0.0,22089.5,0.0,0.00,pathseer:42
beir500k-rq1,neg40_cat16,neg40,209134,ours-guard,128,2,42,0.9905,0.9048,0.00020,5.699,9.026,10.278,5.802,8994.5,0.0,31288.1,5439.4,7.0,747.0,0.0,0.0,22089.5,0.0,0.00,pathseer:42
beir500k-rq1,neg40_cat16,neg40,209134,ours-guard,128,3,42,0.9905,0.9048,0.00020,5.807,8.894,10.295,5.900,8994.5,0.0,31288.1,5439.4,7.0,747.0,0.0,0.0,22089.5,0.0,0.00,pathseer:42
beir500k-rq1,neg40_cat16,neg40,209134,ours-guard,256,1,42,0.9929,0.9286,0.00011,10.037,15.148,15.928,9.802,14434.3,0.0,42052.6,8723.1,15.0,1344.0,0.0,0.0,27245.3,0.0,0.00,pathseer:42
beir500k-rq1,neg40_cat16,neg40,209134,ours-guard,256,2,42,0.9929,0.9286,0.00011,9.265,14.243,15.027,9.452,14434.3,0.0,42052.6,8723.1,15.0,1344.0,0.0,0.0,27245.3,0.0,0.00,pathseer:42
beir500k-rq1,neg40_cat16,neg40,209134,ours-guard,256,3,42,0.9929,0.9286,0.00011,9.446,14.142,14.544,9.442,14434.3,0.0,42052.6,8723.1,15.0,1344.0,0.0,0.0,27245.3,0.0,0.00,pathseer:42
beir500k-rq1,neg40_cat16,neg40,209134,ours-guard,512,1,42,0.9976,0.9762,0.00009,16.470,21.752,49.168,16.285,23122.7,0.0,56506.1,13606.8,33.0,2586.0,0.0,0.0,32660.7,0.0,0.00,pathseer:42
beir500k-rq1,neg40_cat16,neg40,209134,ours-guard,512,2,42,0.9976,0.9762,0.00009,15.739,20.376,21.692,15.059,23122.7,0.0,56506.1,13606.8,33.0,2586.0,0.0,0.0,32660.7,0.0,0.00,pathseer:42
beir500k-rq1,neg40_cat16,neg40,209134,ours-guard,512,3,42,0.9976,0.9762,0.00009,15.727,21.529,22.087,15.225,23122.7,0.0,56506.1,13606.8,33.0,2586.0,0.0,0.0,32660.7,0.0,0.00,pathseer:42
beir500k-rq1,neg40_cat16,neg40,209134,ours-puredos,64,1,9,0.1333,0.0000,0.00229,0.043,0.250,0.250,0.081,203.4,0.0,426.0,17.0,8.0,7.0,0.0,0.0,174.9,0.0,0.00,pathseer:9
beir500k-rq1,neg40_cat16,neg40,209134,ours-puredos,64,2,9,0.1333,0.0000,0.00229,0.038,0.419,0.419,0.107,203.4,0.0,426.0,17.0,8.0,7.0,0.0,0.0,174.9,0.0,0.00,pathseer:9
beir500k-rq1,neg40_cat16,neg40,209134,ours-puredos,64,3,9,0.1333,0.0000,0.00229,0.028,0.265,0.265,0.074,203.4,0.0,426.0,17.0,8.0,7.0,0.0,0.0,174.9,0.0,0.00,pathseer:9
beir500k-rq1,neg40_cat16,neg40,209134,ours-puredos,128,1,9,0.1556,0.0000,0.00167,0.035,0.513,0.513,0.141,371.0,0.0,733.8,30.4,9.0,9.0,0.0,0.0,274.9,0.0,0.00,pathseer:9
beir500k-rq1,neg40_cat16,neg40,209134,ours-puredos,128,2,9,0.1556,0.0000,0.00167,0.033,0.535,0.535,0.124,371.0,0.0,733.8,30.4,9.0,9.0,0.0,0.0,274.9,0.0,0.00,pathseer:9
beir500k-rq1,neg40_cat16,neg40,209134,ours-puredos,128,3,9,0.1556,0.0000,0.00167,0.031,0.485,0.485,0.124,371.0,0.0,733.8,30.4,9.0,9.0,0.0,0.0,274.9,0.0,0.00,pathseer:9
beir500k-rq1,neg40_cat16,neg40,209134,ours-puredos,256,1,9,0.1778,0.0000,0.00049,0.037,0.824,0.824,0.202,642.9,0.0,1319.8,58.1,24.0,23.0,0.0,0.0,515.8,0.0,0.00,pathseer:9
beir500k-rq1,neg40_cat16,neg40,209134,ours-puredos,256,2,9,0.1778,0.0000,0.00049,0.040,1.052,1.052,0.255,642.9,0.0,1319.8,58.1,24.0,23.0,0.0,0.0,515.8,0.0,0.00,pathseer:9
beir500k-rq1,neg40_cat16,neg40,209134,ours-puredos,256,3,9,0.1778,0.0000,0.00049,0.039,0.943,0.943,0.223,642.9,0.0,1319.8,58.1,24.0,23.0,0.0,0.0,515.8,0.0,0.00,pathseer:9
beir500k-rq1,neg40_cat16,neg40,209134,ours-puredos,512,1,9,0.1889,0.0000,0.00031,0.038,2.134,2.134,0.470,1463.6,0.0,2737.6,124.3,54.0,47.0,0.0,0.0,953.4,0.0,0.00,pathseer:9
beir500k-rq1,neg40_cat16,neg40,209134,ours-puredos,512,2,9,0.1889,0.0000,0.00031,0.040,2.185,2.185,0.471,1463.6,0.0,2737.6,124.3,54.0,47.0,0.0,0.0,953.4,0.0,0.00,pathseer:9
beir500k-rq1,neg40_cat16,neg40,209134,ours-puredos,512,3,9,0.1889,0.0000,0.00031,0.038,2.263,2.263,0.470,1463.6,0.0,2737.6,124.3,54.0,47.0,0.0,0.0,953.4,0.0,0.00,pathseer:9
beir500k-rq1,neg40_cat17,neg40,224270,sweeping,64,1,45,0.9756,0.8222,0.00047,0.872,1.920,2.749,1.035,5388.3,0.0,821.3,374.8,4.0,8.0,0.0,0.0,0.0,0.0,0.00,sweeping:45
beir500k-rq1,neg40_cat17,neg40,224270,sweeping,64,2,45,0.9756,0.8222,0.00047,0.934,1.858,2.681,1.032,5388.3,0.0,821.3,374.8,4.0,8.0,0.0,0.0,0.0,0.0,0.00,sweeping:45
beir500k-rq1,neg40_cat17,neg40,224270,sweeping,64,3,45,0.9756,0.8222,0.00047,0.940,1.880,2.713,1.068,5388.3,0.0,821.3,374.8,4.0,8.0,0.0,0.0,0.0,0.0,0.00,sweeping:45
beir500k-rq1,neg40_cat17,neg40,224270,sweeping,128,1,45,0.9844,0.8667,0.00039,1.476,2.833,3.646,1.686,8426.0,0.0,1369.4,619.3,6.0,18.0,0.0,0.0,0.0,0.0,0.00,sweeping:45
beir500k-rq1,neg40_cat17,neg40,224270,sweeping,128,2,45,0.9844,0.8667,0.00039,1.523,2.881,3.752,1.751,8426.0,0.0,1369.4,619.3,6.0,18.0,0.0,0.0,0.0,0.0,0.00,sweeping:45
beir500k-rq1,neg40_cat17,neg40,224270,sweeping,128,3,45,0.9844,0.8667,0.00039,1.487,2.814,3.719,1.706,8426.0,0.0,1369.4,619.3,6.0,18.0,0.0,0.0,0.0,0.0,0.00,sweeping:45
beir500k-rq1,neg40_cat17,neg40,224270,sweeping,256,1,45,0.9956,0.9556,0.00014,2.526,4.795,5.439,2.837,13323.9,0.0,2309.8,1046.6,11.0,36.0,0.0,0.0,0.0,0.0,0.00,sweeping:45
beir500k-rq1,neg40_cat17,neg40,224270,sweeping,256,2,45,0.9956,0.9556,0.00014,2.551,4.943,5.403,2.881,13323.9,0.0,2309.8,1046.6,11.0,36.0,0.0,0.0,0.0,0.0,0.00,sweeping:45
beir500k-rq1,neg40_cat17,neg40,224270,sweeping,256,3,45,0.9956,0.9556,0.00014,2.546,4.899,5.354,2.855,13323.9,0.0,2309.8,1046.6,11.0,36.0,0.0,0.0,0.0,0.0,0.00,sweeping:45
beir500k-rq1,neg40_cat17,neg40,224270,sweeping,512,1,45,0.9978,0.9778,0.00013,4.479,7.982,8.381,4.851,20998.7,0.0,3939.8,1794.3,24.0,77.0,0.0,0.0,0.0,0.0,0.00,sweeping:45
beir500k-rq1,neg40_cat17,neg40,224270,sweeping,512,2,45,0.9978,0.9778,0.00013,4.455,8.009,8.471,4.847,20998.7,0.0,3939.8,1794.3,24.0,77.0,0.0,0.0,0.0,0.0,0.00,sweeping:45
beir500k-rq1,neg40_cat17,neg40,224270,sweeping,512,3,45,0.9978,0.9778,0.00013,4.495,8.047,8.559,4.834,20998.7,0.0,3939.8,1794.3,24.0,77.0,0.0,0.0,0.0,0.0,0.00,sweeping:45
beir500k-rq1,neg40_cat17,neg40,224270,pathseer,64,1,45,0.9467,0.6667,0.00150,0.455,0.682,0.819,0.477,1905.7,0.0,2295.7,157.8,3.0,4.0,106.7,43.5,1245.0,1.7,0.00,pathseer:45
beir500k-rq1,neg40_cat17,neg40,224270,pathseer,64,2,45,0.9467,0.6667,0.00150,0.483,0.682,0.817,0.497,1905.7,0.0,2295.7,157.8,3.0,4.0,106.7,43.5,1245.0,1.7,0.00,pathseer:45
beir500k-rq1,neg40_cat17,neg40,224270,pathseer,64,3,45,0.9467,0.6667,0.00150,0.523,0.775,0.930,0.546,1905.7,0.0,2295.7,157.8,3.0,4.0,106.7,43.5,1245.0,1.7,0.00,pathseer:45
beir500k-rq1,neg40_cat17,neg40,224270,pathseer,128,1,45,0.9711,0.8222,0.00071,0.912,1.292,1.460,0.939,3404.0,0.0,3770.4,295.6,4.0,7.0,180.6,75.9,1952.2,2.8,0.00,pathseer:45
beir500k-rq1,neg40_cat17,neg40,224270,pathseer,128,2,45,0.9711,0.8222,0.00071,0.926,1.379,1.483,0.950,3404.0,0.0,3770.4,295.6,4.0,7.0,180.6,75.9,1952.2,2.8,0.00,pathseer:45
beir500k-rq1,neg40_cat17,neg40,224270,pathseer,128,3,45,0.9711,0.8222,0.00071,0.946,1.321,1.560,0.968,3404.0,0.0,3770.4,295.6,4.0,7.0,180.6,75.9,1952.2,2.8,0.00,pathseer:45
beir500k-rq1,neg40_cat17,neg40,224270,pathseer,256,1,45,0.9956,0.9556,0.00014,1.608,2.321,2.528,1.643,6014.6,0.0,6262.8,560.2,6.0,18.0,337.1,136.9,3055.5,5.3,0.00,pathseer:45
beir500k-rq1,neg40_cat17,neg40,224270,pathseer,256,2,45,0.9956,0.9556,0.00014,1.654,2.351,2.565,1.671,6014.6,0.0,6262.8,560.2,6.0,18.0,337.1,136.9,3055.5,5.3,0.00,pathseer:45
beir500k-rq1,neg40_cat17,neg40,224270,pathseer,256,3,45,0.9956,0.9556,0.00014,1.622,2.376,2.669,1.661,6014.6,0.0,6262.8,560.2,6.0,18.0,337.1,136.9,3055.5,5.3,0.00,pathseer:45
beir500k-rq1,neg40_cat17,neg40,224270,pathseer,512,1,45,0.9978,0.9778,0.00013,3.005,4.271,4.484,3.077,10572.3,0.0,10648.9,1093.1,12.0,36.0,721.1,267.8,4823.0,11.3,0.00,pathseer:45
beir500k-rq1,neg40_cat17,neg40,224270,pathseer,512,2,45,0.9978,0.9778,0.00013,3.021,4.224,4.333,3.091,10572.3,0.0,10648.9,1093.1,12.0,36.0,721.1,267.8,4823.0,11.3,0.00,pathseer:45
beir500k-rq1,neg40_cat17,neg40,224270,pathseer,512,3,45,0.9978,0.9778,0.00013,3.042,4.204,4.499,3.093,10572.3,0.0,10648.9,1093.1,12.0,36.0,721.1,267.8,4823.0,11.3,0.00,pathseer:45
beir500k-rq1,neg40_cat17,neg40,224270,ours-no-twohop,64,1,45,0.9600,0.7778,0.00098,0.498,0.816,0.978,0.546,1992.0,0.0,2437.3,180.3,4.0,8.0,0.0,0.0,1374.5,0.0,0.00,pathseer:45
beir500k-rq1,neg40_cat17,neg40,224270,ours-no-twohop,64,2,45,0.9600,0.7778,0.00098,0.501,0.841,0.928,0.539,1992.0,0.0,2437.3,180.3,4.0,8.0,0.0,0.0,1374.5,0.0,0.00,pathseer:45
beir500k-rq1,neg40_cat17,neg40,224270,ours-no-twohop,64,3,45,0.9600,0.7778,0.00098,0.491,0.791,0.916,0.524,1992.0,0.0,2437.3,180.3,4.0,8.0,0.0,0.0,1374.5,0.0,0.00,pathseer:45
beir500k-rq1,neg40_cat17,neg40,224270,ours-no-twohop,128,1,45,0.9778,0.8667,0.00049,0.954,1.458,1.730,0.991,3581.3,0.0,4050.6,347.5,6.0,18.0,0.0,0.0,2164.5,0.0,0.00,pathseer:45
beir500k-rq1,neg40_cat17,neg40,224270,ours-no-twohop,128,2,45,0.9778,0.8667,0.00049,0.904,1.436,1.617,0.965,3581.3,0.0,4050.6,347.5,6.0,18.0,0.0,0.0,2164.5,0.0,0.00,pathseer:45
beir500k-rq1,neg40_cat17,neg40,224270,ours-no-twohop,128,3,45,0.9778,0.8667,0.00049,0.885,1.424,1.571,0.957,3581.3,0.0,4050.6,347.5,6.0,18.0,0.0,0.0,2164.5,0.0,0.00,pathseer:45
beir500k-rq1,neg40_cat17,neg40,224270,ours-no-twohop,256,1,45,0.9956,0.9556,0.00014,1.720,2.516,2.777,1.784,6320.8,0.0,6719.3,656.9,11.0,36.0,0.0,0.0,3395.0,0.0,0.00,pathseer:45
beir500k-rq1,neg40_cat17,neg40,224270,ours-no-twohop,256,2,45,0.9956,0.9556,0.00014,1.741,2.557,2.743,1.783,6320.8,0.0,6719.3,656.9,11.0,36.0,0.0,0.0,3395.0,0.0,0.00,pathseer:45
beir500k-rq1,neg40_cat17,neg40,224270,ours-no-twohop,256,3,45,0.9956,0.9556,0.00014,1.762,2.585,2.945,1.838,6320.8,0.0,6719.3,656.9,11.0,36.0,0.0,0.0,3395.0,0.0,0.00,pathseer:45
beir500k-rq1,neg40_cat17,neg40,224270,ours-no-twohop,512,1,45,0.9978,0.9778,0.00013,3.205,4.687,5.163,3.317,11072.7,0.0,11165.8,1239.0,24.0,77.0,0.0,0.0,5310.5,0.0,0.00,pathseer:45
beir500k-rq1,neg40_cat17,neg40,224270,ours-no-twohop,512,2,45,0.9978,0.9778,0.00013,3.476,4.801,4.956,3.503,11072.7,0.0,11165.8,1239.0,24.0,77.0,0.0,0.0,5310.5,0.0,0.00,pathseer:45
beir500k-rq1,neg40_cat17,neg40,224270,ours-no-twohop,512,3,45,0.9978,0.9778,0.00013,3.210,4.594,4.829,3.295,11072.7,0.0,11165.8,1239.0,24.0,77.0,0.0,0.0,5310.5,0.0,0.00,pathseer:45
beir500k-rq1,neg40_cat17,neg40,224270,ours-guard,64,1,45,0.9289,0.6889,0.00221,0.396,0.638,0.775,0.423,1473.9,0.0,2956.4,149.0,4.0,8.0,0.0,0.0,1358.1,0.0,0.00,pathseer:45
beir500k-rq1,neg40_cat17,neg40,224270,ours-guard,64,2,45,0.9289,0.6889,0.00221,0.388,0.691,0.799,0.425,1473.9,0.0,2956.4,149.0,4.0,8.0,0.0,0.0,1358.1,0.0,0.00,pathseer:45
beir500k-rq1,neg40_cat17,neg40,224270,ours-guard,64,3,45,0.9289,0.6889,0.00221,0.378,0.634,0.732,0.414,1473.9,0.0,2956.4,149.0,4.0,8.0,0.0,0.0,1358.1,0.0,0.00,pathseer:45
beir500k-rq1,neg40_cat17,neg40,224270,ours-guard,128,1,45,0.9733,0.8222,0.00062,0.810,1.462,1.584,0.887,2762.8,0.0,5293.2,303.5,6.0,18.0,0.0,0.0,2309.4,0.0,0.00,pathseer:45
beir500k-rq1,neg40_cat17,neg40,224270,ours-guard,128,2,45,0.9733,0.8222,0.00062,0.800,1.317,1.473,0.870,2762.8,0.0,5293.2,303.5,6.0,18.0,0.0,0.0,2309.4,0.0,0.00,pathseer:45
beir500k-rq1,neg40_cat17,neg40,224270,ours-guard,128,3,45,0.9733,0.8222,0.00062,0.778,1.302,1.467,0.847,2762.8,0.0,5293.2,303.5,6.0,18.0,0.0,0.0,2309.4,0.0,0.00,pathseer:45
beir500k-rq1,neg40_cat17,neg40,224270,ours-guard,256,1,45,0.9933,0.9556,0.00016,1.572,2.424,2.610,1.634,5066.6,0.0,9287.7,598.8,11.0,36.0,0.0,0.0,3827.2,0.0,0.00,pathseer:45
beir500k-rq1,neg40_cat17,neg40,224270,ours-guard,256,2,45,0.9933,0.9556,0.00016,1.550,2.279,2.628,1.612,5066.6,0.0,9287.7,598.8,11.0,36.0,0.0,0.0,3827.2,0.0,0.00,pathseer:45
beir500k-rq1,neg40_cat17,neg40,224270,ours-guard,256,3,45,0.9933,0.9556,0.00016,1.546,2.354,2.576,1.614,5066.6,0.0,9287.7,598.8,11.0,36.0,0.0,0.0,3827.2,0.0,0.00,pathseer:45
beir500k-rq1,neg40_cat17,neg40,224270,ours-guard,512,1,45,0.9978,0.9778,0.00013,3.042,4.321,4.701,3.069,9123.1,0.0,15973.9,1152.0,24.0,77.0,0.0,0.0,6129.2,0.0,0.00,pathseer:45
beir500k-rq1,neg40_cat17,neg40,224270,ours-guard,512,2,45,0.9978,0.9778,0.00013,3.093,4.179,4.670,3.071,9123.1,0.0,15973.9,1152.0,24.0,77.0,0.0,0.0,6129.2,0.0,0.00,pathseer:45
beir500k-rq1,neg40_cat17,neg40,224270,ours-guard,512,3,45,0.9978,0.9778,0.00013,3.028,4.122,4.701,3.056,9123.1,0.0,15973.9,1152.0,24.0,77.0,0.0,0.0,6129.2,0.0,0.00,pathseer:45
beir500k-rq1,neg40_cat17,neg40,224270,ours-puredos,64,1,9,0.7444,0.3333,0.01060,0.271,0.334,0.334,0.278,1186.3,0.0,1933.8,72.8,6.0,6.0,0.0,0.0,514.2,0.0,0.00,pathseer:9
beir500k-rq1,neg40_cat17,neg40,224270,ours-puredos,64,2,9,0.7444,0.3333,0.01060,0.266,0.325,0.325,0.274,1186.3,0.0,1933.8,72.8,6.0,6.0,0.0,0.0,514.2,0.0,0.00,pathseer:9
beir500k-rq1,neg40_cat17,neg40,224270,ours-puredos,64,3,9,0.7444,0.3333,0.01060,0.271,0.323,0.323,0.274,1186.3,0.0,1933.8,72.8,6.0,6.0,0.0,0.0,514.2,0.0,0.00,pathseer:9
beir500k-rq1,neg40_cat17,neg40,224270,ours-puredos,128,1,9,0.8111,0.3333,0.00932,0.481,0.575,0.575,0.503,2065.9,0.0,3305.6,136.7,10.0,10.0,0.0,0.0,819.9,0.0,0.00,pathseer:9
beir500k-rq1,neg40_cat17,neg40,224270,ours-puredos,128,2,9,0.8111,0.3333,0.00932,0.528,0.615,0.615,0.522,2065.9,0.0,3305.6,136.7,10.0,10.0,0.0,0.0,819.9,0.0,0.00,pathseer:9
beir500k-rq1,neg40_cat17,neg40,224270,ours-puredos,128,3,9,0.8111,0.3333,0.00932,0.527,0.557,0.557,0.501,2065.9,0.0,3305.6,136.7,10.0,10.0,0.0,0.0,819.9,0.0,0.00,pathseer:9
beir500k-rq1,neg40_cat17,neg40,224270,ours-puredos,256,1,9,0.9111,0.6667,0.00293,0.966,1.069,1.069,0.954,3630.0,0.0,5710.7,262.2,17.0,16.0,0.0,0.0,1329.9,0.0,0.00,pathseer:9
beir500k-rq1,neg40_cat17,neg40,224270,ours-puredos,256,2,9,0.9111,0.6667,0.00293,0.885,1.167,1.167,0.928,3630.0,0.0,5710.7,262.2,17.0,16.0,0.0,0.0,1329.9,0.0,0.00,pathseer:9
beir500k-rq1,neg40_cat17,neg40,224270,ours-puredos,256,3,9,0.9111,0.6667,0.00293,0.880,1.136,1.136,0.912,3630.0,0.0,5710.7,262.2,17.0,16.0,0.0,0.0,1329.9,0.0,0.00,pathseer:9
beir500k-rq1,neg40_cat17,neg40,224270,ours-puredos,512,1,9,0.9333,0.7778,0.00279,1.880,2.293,2.293,1.885,6486.4,0.0,10023.8,517.6,27.0,26.0,0.0,0.0,2187.4,0.0,0.00,pathseer:9
beir500k-rq1,neg40_cat17,neg40,224270,ours-puredos,512,2,9,0.9333,0.7778,0.00279,1.821,2.267,2.267,1.858,6486.4,0.0,10023.8,517.6,27.0,26.0,0.0,0.0,2187.4,0.0,0.00,pathseer:9
beir500k-rq1,neg40_cat17,neg40,224270,ours-puredos,512,3,9,0.9333,0.7778,0.00279,1.719,2.084,2.084,1.741,6486.4,0.0,10023.8,517.6,27.0,26.0,0.0,0.0,2187.4,0.0,0.00,pathseer:9
beir500k-rq1,neg40_cat18,neg40,205532,sweeping,64,1,10,0.9900,0.9000,0.00003,6.667,10.651,10.651,6.649,23536.8,0.0,6978.5,4868.6,4.0,184.0,0.0,0.0,0.0,0.0,0.00,sweeping:10
beir500k-rq1,neg40_cat18,neg40,205532,sweeping,64,2,10,0.9900,0.9000,0.00003,7.250,10.482,10.482,6.619,23536.8,0.0,6978.5,4868.6,4.0,184.0,0.0,0.0,0.0,0.0,0.00,sweeping:10
beir500k-rq1,neg40_cat18,neg40,205532,sweeping,64,3,10,0.9900,0.9000,0.00003,6.580,9.989,9.989,6.316,23536.8,0.0,6978.5,4868.6,4.0,184.0,0.0,0.0,0.0,0.0,0.00,sweeping:10
beir500k-rq1,neg40_cat18,neg40,205532,sweeping,128,1,10,0.9900,0.9000,0.00003,9.540,14.404,14.404,9.096,31163.2,0.0,9984.2,6934.3,6.0,335.0,0.0,0.0,0.0,0.0,0.00,sweeping:10
beir500k-rq1,neg40_cat18,neg40,205532,sweeping,128,2,10,0.9900,0.9000,0.00003,9.758,15.559,15.559,9.275,31163.2,0.0,9984.2,6934.3,6.0,335.0,0.0,0.0,0.0,0.0,0.00,sweeping:10
beir500k-rq1,neg40_cat18,neg40,205532,sweeping,128,3,10,0.9900,0.9000,0.00003,11.489,15.704,15.704,10.249,31163.2,0.0,9984.2,6934.3,6.0,335.0,0.0,0.0,0.0,0.0,0.00,sweeping:10
beir500k-rq1,neg40_cat18,neg40,205532,sweeping,256,1,10,1.0000,1.0000,0.00000,13.665,20.414,20.414,12.775,41479.6,0.0,14170.1,9288.8,11.0,779.0,0.0,0.0,0.0,0.0,0.00,sweeping:10
beir500k-rq1,neg40_cat18,neg40,205532,sweeping,256,2,10,1.0000,1.0000,0.00000,14.195,21.789,21.789,13.455,41479.6,0.0,14170.1,9288.8,11.0,779.0,0.0,0.0,0.0,0.0,0.00,sweeping:10
beir500k-rq1,neg40_cat18,neg40,205532,sweeping,256,3,10,1.0000,1.0000,0.00000,14.096,22.403,22.403,13.523,41479.6,0.0,14170.1,9288.8,11.0,779.0,0.0,0.0,0.0,0.0,0.00,sweeping:10
beir500k-rq1,neg40_cat18,neg40,205532,sweeping,512,1,10,1.0000,1.0000,0.00000,20.343,29.108,29.108,18.349,56616.1,0.0,19943.2,12248.0,22.0,1715.0,0.0,0.0,0.0,0.0,0.00,sweeping:10
beir500k-rq1,neg40_cat18,neg40,205532,sweeping,512,2,10,1.0000,1.0000,0.00000,19.889,28.255,28.255,18.341,56616.1,0.0,19943.2,12248.0,22.0,1715.0,0.0,0.0,0.0,0.0,0.00,sweeping:10
beir500k-rq1,neg40_cat18,neg40,205532,sweeping,512,3,10,1.0000,1.0000,0.00000,20.789,28.366,28.366,18.450,56616.1,0.0,19943.2,12248.0,22.0,1715.0,0.0,0.0,0.0,0.0,0.00,sweeping:10
beir500k-rq1,neg40_cat18,neg40,205532,pathseer,64,1,10,0.9800,0.9000,0.00026,2.054,3.040,3.040,1.932,3824.1,0.0,15230.5,1919.2,4.0,184.0,172.8,7.7,10010.4,2.7,0.00,pathseer:10
beir500k-rq1,neg40_cat18,neg40,205532,pathseer,64,2,10,0.9800,0.9000,0.00026,1.986,3.342,3.342,2.073,3824.1,0.0,15230.5,1919.2,4.0,184.0,172.8,7.7,10010.4,2.7,0.00,pathseer:10
beir500k-rq1,neg40_cat18,neg40,205532,pathseer,64,3,10,0.9800,0.9000,0.00026,2.165,3.160,3.160,2.025,3824.1,0.0,15230.5,1919.2,4.0,184.0,172.8,7.7,10010.4,2.7,0.00,pathseer:10
beir500k-rq1,neg40_cat18,neg40,205532,pathseer,128,1,10,0.9900,0.9000,0.00003,3.568,4.979,4.979,3.192,6313.0,0.0,21199.0,3094.4,6.0,265.0,313.6,17.9,12834.2,4.9,0.00,pathseer:10
beir500k-rq1,neg40_cat18,neg40,205532,pathseer,128,2,10,0.9900,0.9000,0.00003,3.676,4.885,4.885,3.238,6313.0,0.0,21199.0,3094.4,6.0,265.0,313.6,17.9,12834.2,4.9,0.00,pathseer:10
beir500k-rq1,neg40_cat18,neg40,205532,pathseer,128,3,10,0.9900,0.9000,0.00003,3.728,5.426,5.426,3.344,6313.0,0.0,21199.0,3094.4,6.0,265.0,313.6,17.9,12834.2,4.9,0.00,pathseer:10
beir500k-rq1,neg40_cat18,neg40,205532,pathseer,256,1,10,1.0000,1.0000,0.00000,6.434,8.265,8.265,5.933,11222.3,0.0,30116.2,5112.6,10.0,692.0,601.6,28.6,16127.3,9.4,0.00,pathseer:10
beir500k-rq1,neg40_cat18,neg40,205532,pathseer,256,2,10,1.0000,1.0000,0.00000,6.378,7.786,7.786,5.729,11222.3,0.0,30116.2,5112.6,10.0,692.0,601.6,28.6,16127.3,9.4,0.00,pathseer:10
beir500k-rq1,neg40_cat18,neg40,205532,pathseer,256,3,10,1.0000,1.0000,0.00000,6.812,8.307,8.307,6.094,11222.3,0.0,30116.2,5112.6,10.0,692.0,601.6,28.6,16127.3,9.4,0.00,pathseer:10
beir500k-rq1,neg40_cat18,neg40,205532,pathseer,512,1,10,1.0000,1.0000,0.00000,10.356,13.745,13.745,9.548,18854.4,0.0,41244.4,7717.5,19.0,1495.0,1177.6,76.7,19522.6,18.4,0.00,pathseer:10
beir500k-rq1,neg40_cat18,neg40,205532,pathseer,512,2,10,1.0000,1.0000,0.00000,10.031,13.119,13.119,9.516,18854.4,0.0,41244.4,7717.5,19.0,1495.0,1177.6,76.7,19522.6,18.4,0.00,pathseer:10
beir500k-rq1,neg40_cat18,neg40,205532,pathseer,512,3,10,1.0000,1.0000,0.00000,13.090,14.719,14.719,10.705,18854.4,0.0,41244.4,7717.5,19.0,1495.0,1177.6,76.7,19522.6,18.4,0.00,pathseer:10
beir500k-rq1,neg40_cat18,neg40,205532,ours-no-twohop,64,1,10,0.9800,0.9000,0.00026,2.180,3.201,3.201,2.094,3966.0,0.0,15521.5,1986.2,4.0,184.0,0.0,0.0,10252.8,0.0,0.00,pathseer:10
beir500k-rq1,neg40_cat18,neg40,205532,ours-no-twohop,64,2,10,0.9800,0.9000,0.00026,2.052,3.110,3.110,1.978,3966.0,0.0,15521.5,1986.2,4.0,184.0,0.0,0.0,10252.8,0.0,0.00,pathseer:10
beir500k-rq1,neg40_cat18,neg40,205532,ours-no-twohop,64,3,10,0.9800,0.9000,0.00026,2.057,3.081,3.081,1.970,3966.0,0.0,15521.5,1986.2,4.0,184.0,0.0,0.0,10252.8,0.0,0.00,pathseer:10
beir500k-rq1,neg40_cat18,neg40,205532,ours-no-twohop,128,1,10,0.9900,0.9000,0.00003,3.781,5.241,5.241,3.361,6698.9,0.0,21814.7,3292.7,6.0,335.0,0.0,0.0,13149.5,0.0,0.00,pathseer:10
beir500k-rq1,neg40_cat18,neg40,205532,ours-no-twohop,128,2,10,0.9900,0.9000,0.00003,3.791,5.246,5.246,3.422,6698.9,0.0,21814.7,3292.7,6.0,335.0,0.0,0.0,13149.5,0.0,0.00,pathseer:10
beir500k-rq1,neg40_cat18,neg40,205532,ours-no-twohop,128,3,10,0.9900,0.9000,0.00003,3.967,5.925,5.925,3.689,6698.9,0.0,21814.7,3292.7,6.0,335.0,0.0,0.0,13149.5,0.0,0.00,pathseer:10
beir500k-rq1,neg40_cat18,neg40,205532,ours-no-twohop,256,1,10,1.0000,1.0000,0.00000,6.369,8.059,8.059,5.970,11497.2,0.0,30081.9,5240.0,11.0,779.0,0.0,0.0,16236.5,0.0,0.00,pathseer:10
beir500k-rq1,neg40_cat18,neg40,205532,ours-no-twohop,256,2,10,1.0000,1.0000,0.00000,6.653,8.640,8.640,6.107,11497.2,0.0,30081.9,5240.0,11.0,779.0,0.0,0.0,16236.5,0.0,0.00,pathseer:10
beir500k-rq1,neg40_cat18,neg40,205532,ours-no-twohop,256,3,10,1.0000,1.0000,0.00000,6.458,8.350,8.350,6.110,11497.2,0.0,30081.9,5240.0,11.0,779.0,0.0,0.0,16236.5,0.0,0.00,pathseer:10
beir500k-rq1,neg40_cat18,neg40,205532,ours-no-twohop,512,1,10,1.0000,1.0000,0.00000,11.084,13.327,13.327,9.981,19453.8,0.0,41134.6,8005.1,22.0,1715.0,0.0,0.0,19599.5,0.0,0.00,pathseer:10
beir500k-rq1,neg40_cat18,neg40,205532,ours-no-twohop,512,2,10,1.0000,1.0000,0.00000,10.200,12.846,12.846,9.624,19453.8,0.0,41134.6,8005.1,22.0,1715.0,0.0,0.0,19599.5,0.0,0.00,pathseer:10
beir500k-rq1,neg40_cat18,neg40,205532,ours-no-twohop,512,3,10,1.0000,1.0000,0.00000,11.367,13.408,13.408,10.233,19453.8,0.0,41134.6,8005.1,22.0,1715.0,0.0,0.0,19599.5,0.0,0.00,pathseer:10
beir500k-rq1,neg40_cat18,neg40,205532,ours-guard,64,1,10,0.9800,0.9000,0.00026,2.008,2.982,2.982,1.925,3725.4,0.0,14085.9,1967.9,4.0,184.0,0.0,0.0,10257.7,0.0,0.00,pathseer:10
beir500k-rq1,neg40_cat18,neg40,205532,ours-guard,64,2,10,0.9800,0.9000,0.00026,1.986,2.981,2.981,1.892,3725.4,0.0,14085.9,1967.9,4.0,184.0,0.0,0.0,10257.7,0.0,0.00,pathseer:10
beir500k-rq1,neg40_cat18,neg40,205532,ours-guard,64,3,10,0.9800,0.9000,0.00026,1.954,2.965,2.965,1.886,3725.4,0.0,14085.9,1967.9,4.0,184.0,0.0,0.0,10257.7,0.0,0.00,pathseer:10
beir500k-rq1,neg40_cat18,neg40,205532,ours-guard,128,1,10,0.9900,0.9000,0.00003,3.834,5.270,5.270,3.395,6267.9,0.0,19698.9,3274.7,6.0,335.0,0.0,0.0,13234.9,0.0,0.00,pathseer:10
beir500k-rq1,neg40_cat18,neg40,205532,ours-guard,128,2,10,0.9900,0.9000,0.00003,3.934,5.340,5.340,3.505,6267.9,0.0,19698.9,3274.7,6.0,335.0,0.0,0.0,13234.9,0.0,0.00,pathseer:10
beir500k-rq1,neg40_cat18,neg40,205532,ours-guard,128,3,10,0.9900,0.9000,0.00003,3.712,5.078,5.078,3.360,6267.9,0.0,19698.9,3274.7,6.0,335.0,0.0,0.0,13234.9,0.0,0.00,pathseer:10
beir500k-rq1,neg40_cat18,neg40,205532,ours-guard,256,1,10,1.0000,1.0000,0.00000,6.504,8.008,8.008,5.815,10599.4,0.0,27486.0,5260.4,11.0,779.0,0.0,0.0,16500.1,0.0,0.00,pathseer:10
beir500k-rq1,neg40_cat18,neg40,205532,ours-guard,256,2,10,1.0000,1.0000,0.00000,6.392,8.151,8.151,5.932,10599.4,0.0,27486.0,5260.4,11.0,779.0,0.0,0.0,16500.1,0.0,0.00,pathseer:10
beir500k-rq1,neg40_cat18,neg40,205532,ours-guard,256,3,10,1.0000,1.0000,0.00000,6.374,7.650,7.650,5.775,10599.4,0.0,27486.0,5260.4,11.0,779.0,0.0,0.0,16500.1,0.0,0.00,pathseer:10
beir500k-rq1,neg40_cat18,neg40,205532,ours-guard,512,1,10,1.0000,1.0000,0.00000,10.855,12.756,12.756,9.582,18073.8,0.0,38839.1,8000.3,22.0,1715.0,0.0,0.0,19944.4,0.0,0.00,pathseer:10
beir500k-rq1,neg40_cat18,neg40,205532,ours-guard,512,2,10,1.0000,1.0000,0.00000,10.033,12.457,12.457,9.427,18073.8,0.0,38839.1,8000.3,22.0,1715.0,0.0,0.0,19944.4,0.0,0.00,pathseer:10
beir500k-rq1,neg40_cat18,neg40,205532,ours-guard,512,3,10,1.0000,1.0000,0.00000,10.384,12.489,12.489,9.554,18073.8,0.0,38839.1,8000.3,22.0,1715.0,0.0,0.0,19944.4,0.0,0.00,pathseer:10
beir500k-rq1,neg40_cat18,neg40,205532,ours-puredos,64,1,9,0.3111,0.2222,0.01657,0.031,0.246,0.246,0.105,394.6,0.0,803.4,32.2,9.0,9.0,0.0,0.0,315.4,0.0,0.00,pathseer:9
beir500k-rq1,neg40_cat18,neg40,205532,ours-puredos,64,2,9,0.3111,0.2222,0.01657,0.030,0.241,0.241,0.105,394.6,0.0,803.4,32.2,9.0,9.0,0.0,0.0,315.4,0.0,0.00,pathseer:9
beir500k-rq1,neg40_cat18,neg40,205532,ours-puredos,64,3,9,0.3111,0.2222,0.01657,0.031,0.241,0.241,0.105,394.6,0.0,803.4,32.2,9.0,9.0,0.0,0.0,315.4,0.0,0.00,pathseer:9
beir500k-rq1,neg40_cat18,neg40,205532,ours-puredos,128,1,9,0.3111,0.2222,0.01578,0.034,0.512,0.512,0.182,787.7,0.0,1510.2,62.2,13.0,12.0,0.0,0.0,551.2,0.0,0.00,pathseer:9
beir500k-rq1,neg40_cat18,neg40,205532,ours-puredos,128,2,9,0.3111,0.2222,0.01578,0.032,0.514,0.514,0.181,787.7,0.0,1510.2,62.2,13.0,12.0,0.0,0.0,551.2,0.0,0.00,pathseer:9
beir500k-rq1,neg40_cat18,neg40,205532,ours-puredos,128,3,9,0.3111,0.2222,0.01578,0.033,0.531,0.531,0.181,787.7,0.0,1510.2,62.2,13.0,12.0,0.0,0.0,551.2,0.0,0.00,pathseer:9
beir500k-rq1,neg40_cat18,neg40,205532,ours-puredos,256,1,9,0.3222,0.2222,0.01516,0.040,1.071,1.071,0.389,1462.9,0.0,2689.3,116.9,34.0,31.0,0.0,0.0,909.4,0.0,0.00,pathseer:9
beir500k-rq1,neg40_cat18,neg40,205532,ours-puredos,256,2,9,0.3222,0.2222,0.01516,0.037,1.050,1.050,0.366,1462.9,0.0,2689.3,116.9,34.0,31.0,0.0,0.0,909.4,0.0,0.00,pathseer:9
beir500k-rq1,neg40_cat18,neg40,205532,ours-puredos,256,3,9,0.3222,0.2222,0.01516,0.040,1.035,1.035,0.359,1462.9,0.0,2689.3,116.9,34.0,31.0,0.0,0.0,909.4,0.0,0.00,pathseer:9
beir500k-rq1,neg40_cat18,neg40,205532,ours-puredos,512,1,9,0.4333,0.3333,0.00071,0.049,2.193,2.193,0.733,2846.9,0.0,5126.3,244.7,76.0,66.0,0.0,0.0,1654.7,0.0,0.00,pathseer:9
beir500k-rq1,neg40_cat18,neg40,205532,ours-puredos,512,2,9,0.4333,0.3333,0.00071,0.040,2.273,2.273,0.739,2846.9,0.0,5126.3,244.7,76.0,66.0,0.0,0.0,1654.7,0.0,0.00,pathseer:9
beir500k-rq1,neg40_cat18,neg40,205532,ours-puredos,512,3,9,0.4333,0.3333,0.00071,0.039,2.173,2.173,0.729,2846.9,0.0,5126.3,244.7,76.0,66.0,0.0,0.0,1654.7,0.0,0.00,pathseer:9
beir500k-rq1,neg40_cat19,neg40,204140,sweeping,64,1,60,0.9233,0.7167,0.00052,4.072,8.213,8.529,3.973,14620.6,0.0,4274.0,2853.8,4.0,84.0,0.0,0.0,0.0,0.0,0.00,sweeping:60
beir500k-rq1,neg40_cat19,neg40,204140,sweeping,64,2,60,0.9283,0.7167,0.00052,3.958,7.872,8.747,3.994,14620.6,0.0,4274.0,2853.8,4.0,84.0,0.0,0.0,0.0,0.0,0.00,sweeping:60
beir500k-rq1,neg40_cat19,neg40,204140,sweeping,64,3,60,0.9317,0.7167,0.00052,3.855,7.603,8.575,3.886,14620.6,0.0,4274.0,2853.8,4.0,84.0,0.0,0.0,0.0,0.0,0.00,sweeping:60
beir500k-rq1,neg40_cat19,neg40,204140,sweeping,128,1,60,0.9450,0.7667,0.00011,5.533,9.969,10.806,5.568,19845.4,0.0,5900.4,3869.4,7.0,209.0,0.0,0.0,0.0,0.0,0.00,sweeping:60
beir500k-rq1,neg40_cat19,neg40,204140,sweeping,128,2,60,0.9517,0.7667,0.00011,5.889,10.831,11.758,5.910,19845.4,0.0,5900.4,3869.4,7.0,209.0,0.0,0.0,0.0,0.0,0.00,sweeping:60
beir500k-rq1,neg40_cat19,neg40,204140,sweeping,128,3,60,0.9500,0.7667,0.00011,5.598,10.350,11.283,5.845,19845.4,0.0,5900.4,3869.4,7.0,209.0,0.0,0.0,0.0,0.0,0.00,sweeping:60
beir500k-rq1,neg40_cat19,neg40,204140,sweeping,256,1,60,0.9550,0.8333,0.00008,8.326,13.294,13.659,7.897,27201.9,0.0,8244.5,5257.0,13.0,467.0,0.0,0.0,0.0,0.0,0.00,sweeping:60
beir500k-rq1,neg40_cat19,neg40,204140,sweeping,256,2,60,0.9467,0.8167,0.00008,7.904,12.834,14.212,7.911,27201.9,0.0,8244.5,5257.0,13.0,467.0,0.0,0.0,0.0,0.0,0.00,sweeping:60
beir500k-rq1,neg40_cat19,neg40,204140,sweeping,256,3,60,0.9567,0.8167,0.00008,8.117,13.324,13.476,7.935,27201.9,0.0,8244.5,5257.0,13.0,467.0,0.0,0.0,0.0,0.0,0.00,sweeping:60
beir500k-rq1,neg40_cat19,neg40,204140,sweeping,512,1,60,0.9550,0.8500,0.00005,11.616,17.708,19.426,11.462,37750.3,0.0,11754.3,7255.0,29.0,1011.0,0.0,0.0,0.0,0.0,0.00,sweeping:60
beir500k-rq1,neg40_cat19,neg40,204140,sweeping,512,2,60,0.9550,0.8500,0.00005,11.969,17.672,18.934,11.467,37750.3,0.0,11754.3,7255.0,29.0,1011.0,0.0,0.0,0.0,0.0,0.00,sweeping:60
beir500k-rq1,neg40_cat19,neg40,204140,sweeping,512,3,60,0.9567,0.8500,0.00005,12.299,18.333,19.263,11.762,37750.3,0.0,11754.3,7255.0,29.0,1011.0,0.0,0.0,0.0,0.0,0.00,sweeping:60
beir500k-rq1,neg40_cat19,neg40,204140,pathseer,64,1,60,0.9217,0.6667,0.00092,1.294,3.327,3.516,1.485,3086.8,0.0,9161.3,1199.0,3.0,78.0,153.6,16.8,5609.6,2.4,0.00,pathseer:60
beir500k-rq1,neg40_cat19,neg40,204140,pathseer,64,2,60,0.9183,0.6500,0.00092,1.238,2.980,3.279,1.399,3086.8,0.0,9161.3,1199.0,3.0,78.0,153.6,16.8,5609.6,2.4,0.00,pathseer:60
beir500k-rq1,neg40_cat19,neg40,204140,pathseer,64,3,60,0.9167,0.6500,0.00092,1.290,3.295,3.329,1.466,3086.8,0.0,9161.3,1199.0,3.0,78.0,153.6,16.8,5609.6,2.4,0.00,pathseer:60
beir500k-rq1,neg40_cat19,neg40,204140,pathseer,128,1,60,0.9333,0.7500,0.00026,2.249,4.426,5.004,2.359,5096.9,0.0,13279.4,1875.2,5.0,153.0,309.3,32.2,7624.4,4.8,0.00,pathseer:60
beir500k-rq1,neg40_cat19,neg40,204140,pathseer,128,2,60,0.9400,0.7500,0.00026,2.222,4.523,5.120,2.425,5096.9,0.0,13279.4,1875.2,5.0,153.0,309.3,32.2,7624.4,4.8,0.00,pathseer:60
beir500k-rq1,neg40_cat19,neg40,204140,pathseer,128,3,60,0.9383,0.7500,0.00026,2.163,4.430,4.700,2.324,5096.9,0.0,13279.4,1875.2,5.0,153.0,309.3,32.2,7624.4,4.8,0.00,pathseer:60
beir500k-rq1,neg40_cat19,neg40,204140,pathseer,256,1,60,0.9533,0.7833,0.00012,3.914,6.849,7.293,3.992,8456.4,0.0,19296.0,2977.7,10.0,339.0,653.8,62.1,10144.8,10.2,0.00,pathseer:60
beir500k-rq1,neg40_cat19,neg40,204140,pathseer,256,2,60,0.9533,0.7833,0.00012,4.236,7.004,7.184,4.039,8456.4,0.0,19296.0,2977.7,10.0,339.0,653.8,62.1,10144.8,10.2,0.00,pathseer:60
beir500k-rq1,neg40_cat19,neg40,204140,pathseer,256,3,60,0.9500,0.7833,0.00012,4.110,7.083,7.208,3.979,8456.4,0.0,19296.0,2977.7,10.0,339.0,653.8,62.1,10144.8,10.2,0.00,pathseer:60
beir500k-rq1,neg40_cat19,neg40,204140,pathseer,512,1,60,0.9500,0.8333,0.00007,6.848,10.138,10.874,6.477,13902.6,0.0,28286.3,4648.4,21.0,862.0,1505.0,126.8,13518.7,23.5,0.00,pathseer:60
beir500k-rq1,neg40_cat19,neg40,204140,pathseer,512,2,60,0.9467,0.8333,0.00007,6.992,10.505,11.055,6.486,13902.6,0.0,28286.3,4648.4,21.0,862.0,1505.0,126.8,13518.7,23.5,0.00,pathseer:60
beir500k-rq1,neg40_cat19,neg40,204140,pathseer,512,3,60,0.9533,0.8333,0.00007,6.694,10.169,11.150,6.508,13902.6,0.0,28286.3,4648.4,21.0,862.0,1505.0,126.8,13518.7,23.5,0.00,pathseer:60
beir500k-rq1,neg40_cat19,neg40,204140,ours-no-twohop,64,1,60,0.9183,0.7167,0.00091,1.385,3.194,3.725,1.536,3217.6,0.0,9413.4,1258.4,4.0,84.0,0.0,0.0,5814.5,0.0,0.00,pathseer:60
beir500k-rq1,neg40_cat19,neg40,204140,ours-no-twohop,64,2,60,0.9117,0.7000,0.00091,1.383,3.237,3.367,1.529,3217.6,0.0,9413.4,1258.4,4.0,84.0,0.0,0.0,5814.5,0.0,0.00,pathseer:60
beir500k-rq1,neg40_cat19,neg40,204140,ours-no-twohop,64,3,60,0.9250,0.7167,0.00091,1.411,3.347,3.622,1.565,3217.6,0.0,9413.4,1258.4,4.0,84.0,0.0,0.0,5814.5,0.0,0.00,pathseer:60
beir500k-rq1,neg40_cat19,neg40,204140,ours-no-twohop,128,1,60,0.9350,0.7500,0.00026,2.483,4.718,4.758,2.497,5334.8,0.0,13639.4,2005.3,7.0,209.0,0.0,0.0,7894.6,0.0,0.00,pathseer:60
beir500k-rq1,neg40_cat19,neg40,204140,ours-no-twohop,128,2,60,0.9367,0.7500,0.00026,2.439,4.643,4.813,2.477,5334.8,0.0,13639.4,2005.3,7.0,209.0,0.0,0.0,7894.6,0.0,0.00,pathseer:60
beir500k-rq1,neg40_cat19,neg40,204140,ours-no-twohop,128,3,60,0.9367,0.7667,0.00026,2.541,4.648,4.852,2.502,5334.8,0.0,13639.4,2005.3,7.0,209.0,0.0,0.0,7894.6,0.0,0.00,pathseer:60
beir500k-rq1,neg40_cat19,neg40,204140,ours-no-twohop,256,1,60,0.9483,0.8000,0.00011,4.532,6.825,7.060,4.096,8810.8,0.0,19528.8,3157.8,13.0,467.0,0.0,0.0,10400.7,0.0,0.00,pathseer:60
beir500k-rq1,neg40_cat19,neg40,204140,ours-no-twohop,256,2,60,0.9533,0.8000,0.00011,4.436,6.762,7.101,4.063,8810.8,0.0,19528.8,3157.8,13.0,467.0,0.0,0.0,10400.7,0.0,0.00,pathseer:60
beir500k-rq1,neg40_cat19,neg40,204140,ours-no-twohop,256,3,60,0.9483,0.8000,0.00011,4.257,7.100,7.709,4.186,8810.8,0.0,19528.8,3157.8,13.0,467.0,0.0,0.0,10400.7,0.0,0.00,pathseer:60
beir500k-rq1,neg40_cat19,neg40,204140,ours-no-twohop,512,1,60,0.9533,0.8333,0.00007,7.267,10.643,11.074,6.720,14420.4,0.0,28091.2,4883.7,29.0,1011.0,0.0,0.0,13811.4,0.0,0.00,pathseer:60
beir500k-rq1,neg40_cat19,neg40,204140,ours-no-twohop,512,2,60,0.9483,0.8333,0.00007,7.453,10.529,11.048,6.757,14420.4,0.0,28091.2,4883.7,29.0,1011.0,0.0,0.0,13811.4,0.0,0.00,pathseer:60
beir500k-rq1,neg40_cat19,neg40,204140,ours-no-twohop,512,3,60,0.9517,0.8333,0.00007,7.253,10.565,11.073,6.711,14420.4,0.0,28091.2,4883.7,29.0,1011.0,0.0,0.0,13811.4,0.0,0.00,pathseer:60
beir500k-rq1,neg40_cat19,neg40,204140,ours-guard,64,1,60,0.9100,0.6500,0.00105,1.268,2.847,3.241,1.414,2717.3,0.0,8736.0,1228.4,4.0,84.0,0.0,0.0,5903.8,0.0,0.00,pathseer:60
beir500k-rq1,neg40_cat19,neg40,204140,ours-guard,64,2,60,0.9117,0.6667,0.00105,1.229,2.782,3.288,1.376,2717.3,0.0,8736.0,1228.4,4.0,84.0,0.0,0.0,5903.8,0.0,0.00,pathseer:60
beir500k-rq1,neg40_cat19,neg40,204140,ours-guard,64,3,60,0.9167,0.6667,0.00105,1.212,2.814,3.161,1.399,2717.3,0.0,8736.0,1228.4,4.0,84.0,0.0,0.0,5903.8,0.0,0.00,pathseer:60
beir500k-rq1,neg40_cat19,neg40,204140,ours-guard,128,1,60,0.9367,0.7500,0.00038,2.551,4.516,5.680,2.519,4518.1,0.0,12828.4,1956.4,7.0,209.0,0.0,0.0,8104.4,0.0,0.00,pathseer:60
beir500k-rq1,neg40_cat19,neg40,204140,ours-guard,128,2,60,0.9433,0.7500,0.00038,2.397,4.544,5.322,2.486,4518.1,0.0,12828.4,1956.4,7.0,209.0,0.0,0.0,8104.4,0.0,0.00,pathseer:60
beir500k-rq1,neg40_cat19,neg40,204140,ours-guard,128,3,60,0.9367,0.7500,0.00038,2.437,4.350,4.606,2.317,4518.1,0.0,12828.4,1956.4,7.0,209.0,0.0,0.0,8104.4,0.0,0.00,pathseer:60
beir500k-rq1,neg40_cat19,neg40,204140,ours-guard,256,1,60,0.9383,0.8000,0.00035,4.000,6.665,6.929,3.845,7507.2,0.0,18659.5,3077.7,13.0,467.0,0.0,0.0,10777.2,0.0,0.00,pathseer:60
beir500k-rq1,neg40_cat19,neg40,204140,ours-guard,256,2,60,0.9350,0.8000,0.00035,4.332,6.708,6.894,3.947,7507.2,0.0,18659.5,3077.7,13.0,467.0,0.0,0.0,10777.2,0.0,0.00,pathseer:60
beir500k-rq1,neg40_cat19,neg40,204140,ours-guard,256,3,60,0.9367,0.8000,0.00035,4.048,6.519,6.851,3.903,7507.2,0.0,18659.5,3077.7,13.0,467.0,0.0,0.0,10777.2,0.0,0.00,pathseer:60
beir500k-rq1,neg40_cat19,neg40,204140,ours-guard,512,1,60,0.9583,0.8333,0.00007,6.784,10.198,10.743,6.607,12365.3,0.0,27591.5,4752.4,29.0,1011.0,0.0,0.0,14546.0,0.0,0.00,pathseer:60
beir500k-rq1,neg40_cat19,neg40,204140,ours-guard,512,2,60,0.9517,0.8333,0.00007,7.039,10.149,10.729,6.447,12365.3,0.0,27591.5,4752.4,29.0,1011.0,0.0,0.0,14546.0,0.0,0.00,pathseer:60
beir500k-rq1,neg40_cat19,neg40,204140,ours-guard,512,3,60,0.9583,0.8333,0.00007,6.546,9.937,10.287,6.307,12365.3,0.0,27591.5,4752.4,29.0,1011.0,0.0,0.0,14546.0,0.0,0.00,pathseer:60
beir500k-rq1,neg40_cat19,neg40,204140,ours-puredos,64,1,9,0.2667,0.0000,0.00170,0.032,0.411,0.411,0.101,260.8,0.0,611.7,23.6,7.0,7.0,0.0,0.0,295.0,0.0,0.00,pathseer:9
beir500k-rq1,neg40_cat19,neg40,204140,ours-puredos,64,2,9,0.2667,0.0000,0.00170,0.027,0.255,0.255,0.082,260.8,0.0,611.7,23.6,7.0,7.0,0.0,0.0,295.0,0.0,0.00,pathseer:9
beir500k-rq1,neg40_cat19,neg40,204140,ours-puredos,64,3,9,0.2667,0.0000,0.00170,0.028,0.280,0.280,0.085,260.8,0.0,611.7,23.6,7.0,7.0,0.0,0.0,295.0,0.0,0.00,pathseer:9
beir500k-rq1,neg40_cat19,neg40,204140,ours-puredos,128,1,9,0.2778,0.0000,0.00122,0.029,0.449,0.449,0.129,459.6,0.0,1025.1,44.0,19.0,18.0,0.0,0.0,464.3,0.0,0.00,pathseer:9
beir500k-rq1,neg40_cat19,neg40,204140,ours-puredos,128,2,9,0.2778,0.0000,0.00122,0.028,0.442,0.442,0.124,459.6,0.0,1025.1,44.0,19.0,18.0,0.0,0.0,464.3,0.0,0.00,pathseer:9
beir500k-rq1,neg40_cat19,neg40,204140,ours-puredos,128,3,9,0.2778,0.0000,0.00122,0.028,0.471,0.471,0.129,459.6,0.0,1025.1,44.0,19.0,18.0,0.0,0.0,464.3,0.0,0.00,pathseer:9
beir500k-rq1,neg40_cat19,neg40,204140,ours-puredos,256,1,9,0.2889,0.0000,0.00067,0.037,1.050,1.050,0.248,795.3,0.0,1821.8,86.7,55.0,40.0,0.0,0.0,832.7,0.0,0.00,pathseer:9
beir500k-rq1,neg40_cat19,neg40,204140,ours-puredos,256,2,9,0.2889,0.0000,0.00067,0.032,1.041,1.041,0.252,795.3,0.0,1821.8,86.7,55.0,40.0,0.0,0.0,832.7,0.0,0.00,pathseer:9
beir500k-rq1,neg40_cat19,neg40,204140,ours-puredos,256,3,9,0.2889,0.0000,0.00067,0.030,0.943,0.943,0.238,795.3,0.0,1821.8,86.7,55.0,40.0,0.0,0.0,832.7,0.0,0.00,pathseer:9
beir500k-rq1,neg40_cat19,neg40,204140,ours-puredos,512,1,9,0.3000,0.1111,0.00052,0.036,1.915,1.915,0.471,1468.4,0.0,3280.6,172.0,98.0,82.0,0.0,0.0,1450.8,0.0,0.00,pathseer:9
beir500k-rq1,neg40_cat19,neg40,204140,ours-puredos,512,2,9,0.3000,0.1111,0.00052,0.036,1.939,1.939,0.491,1468.4,0.0,3280.6,172.0,98.0,82.0,0.0,0.0,1450.8,0.0,0.00,pathseer:9
beir500k-rq1,neg40_cat19,neg40,204140,ours-puredos,512,3,9,0.3000,0.1111,0.00052,0.038,1.925,1.925,0.461,1468.4,0.0,3280.6,172.0,98.0,82.0,0.0,0.0,1450.8,0.0,0.00,pathseer:9
beir500k-rq1,neg40_cat20,neg40,212946,sweeping,64,1,67,0.9627,0.7164,0.00046,4.974,9.584,11.371,4.896,21213.4,0.0,4278.1,2501.8,4.0,46.0,0.0,0.0,0.0,0.0,0.00,sweeping:67
beir500k-rq1,neg40_cat20,neg40,212946,sweeping,64,2,67,0.9627,0.7164,0.00046,4.702,9.725,11.326,4.908,21213.4,0.0,4278.1,2501.8,4.0,46.0,0.0,0.0,0.0,0.0,0.00,sweeping:67
beir500k-rq1,neg40_cat20,neg40,212946,sweeping,64,3,67,0.9627,0.7164,0.00046,4.706,10.279,11.415,5.005,21213.4,0.0,4278.1,2501.8,4.0,46.0,0.0,0.0,0.0,0.0,0.00,sweeping:67
beir500k-rq1,neg40_cat20,neg40,212946,sweeping,128,1,67,0.9791,0.8507,0.00033,6.749,14.170,15.440,7.225,29997.6,0.0,6585.0,3728.9,6.0,106.0,0.0,0.0,0.0,0.0,0.00,sweeping:67
beir500k-rq1,neg40_cat20,neg40,212946,sweeping,128,2,67,0.9791,0.8507,0.00033,7.123,14.106,15.102,7.238,29997.6,0.0,6585.0,3728.9,6.0,106.0,0.0,0.0,0.0,0.0,0.00,sweeping:67
beir500k-rq1,neg40_cat20,neg40,212946,sweeping,128,3,67,0.9791,0.8507,0.00033,6.973,14.114,15.687,7.352,29997.6,0.0,6585.0,3728.9,6.0,106.0,0.0,0.0,0.0,0.0,0.00,sweeping:67
beir500k-rq1,neg40_cat20,neg40,212946,sweeping,256,1,67,0.9896,0.8955,0.00020,10.978,20.133,22.065,10.904,42606.0,0.0,10213.4,5702.1,11.0,204.0,0.0,0.0,0.0,0.0,0.00,sweeping:67
beir500k-rq1,neg40_cat20,neg40,212946,sweeping,256,2,67,0.9896,0.8955,0.00020,11.377,20.223,22.963,11.217,42606.0,0.0,10213.4,5702.1,11.0,204.0,0.0,0.0,0.0,0.0,0.00,sweeping:67
beir500k-rq1,neg40_cat20,neg40,212946,sweeping,256,3,67,0.9896,0.8955,0.00020,11.542,21.198,22.310,11.208,42606.0,0.0,10213.4,5702.1,11.0,204.0,0.0,0.0,0.0,0.0,0.00,sweeping:67
beir500k-rq1,neg40_cat20,neg40,212946,sweeping,512,1,67,0.9970,0.9701,0.00005,16.719,27.958,32.158,16.552,59754.2,0.0,15843.7,8698.1,25.0,423.0,0.0,0.0,0.0,0.0,0.00,sweeping:67
beir500k-rq1,neg40_cat20,neg40,212946,sweeping,512,2,67,0.9970,0.9701,0.00005,16.538,28.311,33.423,16.693,59754.2,0.0,15843.7,8698.1,25.0,423.0,0.0,0.0,0.0,0.0,0.00,sweeping:67
beir500k-rq1,neg40_cat20,neg40,212946,sweeping,512,3,67,0.9970,0.9701,0.00005,16.944,28.986,32.390,16.490,59754.2,0.0,15843.7,8698.1,25.0,423.0,0.0,0.0,0.0,0.0,0.00,sweeping:67
beir500k-rq1,neg40_cat20,neg40,212946,pathseer,64,1,67,0.9313,0.6567,0.00110,1.056,2.695,2.969,1.221,2756.8,0.0,8543.9,727.0,3.0,39.0,139.5,19.9,5955.4,2.2,0.00,pathseer:67
beir500k-rq1,neg40_cat20,neg40,212946,pathseer,64,2,67,0.9313,0.6567,0.00110,1.059,2.750,2.917,1.223,2756.8,0.0,8543.9,727.0,3.0,39.0,139.5,19.9,5955.4,2.2,0.00,pathseer:67
beir500k-rq1,neg40_cat20,neg40,212946,pathseer,64,3,67,0.9313,0.6567,0.00110,1.061,2.760,2.977,1.227,2756.8,0.0,8543.9,727.0,3.0,39.0,139.5,19.9,5955.4,2.2,0.00,pathseer:67
beir500k-rq1,neg40_cat20,neg40,212946,pathseer,128,1,67,0.9627,0.7761,0.00063,1.775,4.295,4.569,2.100,4831.4,0.0,13570.4,1250.5,5.0,74.0,255.0,36.5,9112.4,4.0,0.00,pathseer:67
beir500k-rq1,neg40_cat20,neg40,212946,pathseer,128,2,67,0.9627,0.7761,0.00063,2.071,4.825,4.899,2.283,4831.4,0.0,13570.4,1250.5,5.0,74.0,255.0,36.5,9112.4,4.0,0.00,pathseer:67
beir500k-rq1,neg40_cat20,neg40,212946,pathseer,128,3,67,0.9627,0.7761,0.00063,1.844,4.309,4.669,2.131,4831.4,0.0,13570.4,1250.5,5.0,74.0,255.0,36.5,9112.4,4.0,0.00,pathseer:67
beir500k-rq1,neg40_cat20,neg40,212946,pathseer,256,1,67,0.9821,0.8657,0.00022,3.354,6.976,7.492,3.700,8485.3,0.0,21537.3,2174.3,8.0,163.0,530.1,72.9,13752.8,8.3,0.00,pathseer:67
beir500k-rq1,neg40_cat20,neg40,212946,pathseer,256,2,67,0.9821,0.8657,0.00022,3.274,6.977,7.343,3.695,8485.3,0.0,21537.3,2174.3,8.0,163.0,530.1,72.9,13752.8,8.3,0.00,pathseer:67
beir500k-rq1,neg40_cat20,neg40,212946,pathseer,256,3,67,0.9821,0.8657,0.00022,3.211,6.987,7.246,3.700,8485.3,0.0,21537.3,2174.3,8.0,163.0,530.1,72.9,13752.8,8.3,0.00,pathseer:67
beir500k-rq1,neg40_cat20,neg40,212946,pathseer,512,1,67,0.9955,0.9552,0.00006,6.504,11.460,12.917,6.724,14925.8,0.0,34068.1,3827.1,18.0,318.0,1220.8,147.9,20224.6,19.1,0.00,pathseer:67
beir500k-rq1,neg40_cat20,neg40,212946,pathseer,512,2,67,0.9955,0.9552,0.00006,6.344,11.425,13.370,6.613,14925.8,0.0,34068.1,3827.1,18.0,318.0,1220.8,147.9,20224.6,19.1,0.00,pathseer:67
beir500k-rq1,neg40_cat20,neg40,212946,pathseer,512,3,67,0.9955,0.9552,0.00006,6.455,11.505,13.287,6.676,14925.8,0.0,34068.1,3827.1,18.0,318.0,1220.8,147.9,20224.6,19.1,0.00,pathseer:67
beir500k-rq1,neg40_cat20,neg40,212946,ours-no-twohop,64,1,67,0.9313,0.6567,0.00107,1.112,2.753,3.038,1.328,2980.2,0.0,9274.8,806.2,4.0,46.0,0.0,0.0,6507.8,0.0,0.00,pathseer:67
beir500k-rq1,neg40_cat20,neg40,212946,ours-no-twohop,64,2,67,0.9313,0.6567,0.00107,1.108,2.674,2.896,1.325,2980.2,0.0,9274.8,806.2,4.0,46.0,0.0,0.0,6507.8,0.0,0.00,pathseer:67
beir500k-rq1,neg40_cat20,neg40,212946,ours-no-twohop,64,3,67,0.9313,0.6567,0.00107,1.127,2.880,3.017,1.367,2980.2,0.0,9274.8,806.2,4.0,46.0,0.0,0.0,6507.8,0.0,0.00,pathseer:67
beir500k-rq1,neg40_cat20,neg40,212946,ours-no-twohop,128,1,67,0.9672,0.7910,0.00051,2.059,4.405,4.740,2.321,5240.7,0.0,14774.7,1416.6,6.0,106.0,0.0,0.0,9964.8,0.0,0.00,pathseer:67
beir500k-rq1,neg40_cat20,neg40,212946,ours-no-twohop,128,2,67,0.9672,0.7910,0.00051,2.282,4.823,4.901,2.445,5240.7,0.0,14774.7,1416.6,6.0,106.0,0.0,0.0,9964.8,0.0,0.00,pathseer:67
beir500k-rq1,neg40_cat20,neg40,212946,ours-no-twohop,128,3,67,0.9672,0.7910,0.00051,2.244,4.588,5.046,2.357,5240.7,0.0,14774.7,1416.6,6.0,106.0,0.0,0.0,9964.8,0.0,0.00,pathseer:67
beir500k-rq1,neg40_cat20,neg40,212946,ours-no-twohop,256,1,67,0.9836,0.8657,0.00020,3.866,7.358,7.617,3.995,9099.9,0.0,22833.9,2415.4,11.0,204.0,0.0,0.0,14657.2,0.0,0.00,pathseer:67
beir500k-rq1,neg40_cat20,neg40,212946,ours-no-twohop,256,2,67,0.9836,0.8657,0.00020,3.728,7.300,7.566,4.015,9099.9,0.0,22833.9,2415.4,11.0,204.0,0.0,0.0,14657.2,0.0,0.00,pathseer:67
beir500k-rq1,neg40_cat20,neg40,212946,ours-no-twohop,256,3,67,0.9836,0.8657,0.00020,3.661,7.062,7.396,4.011,9099.9,0.0,22833.9,2415.4,11.0,204.0,0.0,0.0,14657.2,0.0,0.00,pathseer:67
beir500k-rq1,neg40_cat20,neg40,212946,ours-no-twohop,512,1,67,0.9955,0.9552,0.00006,6.727,12.222,13.216,7.001,15873.1,0.0,35353.7,4190.4,25.0,423.0,0.0,0.0,21233.1,0.0,0.00,pathseer:67
beir500k-rq1,neg40_cat20,neg40,212946,ours-no-twohop,512,2,67,0.9955,0.9552,0.00006,6.724,12.312,14.417,7.120,15873.1,0.0,35353.7,4190.4,25.0,423.0,0.0,0.0,21233.1,0.0,0.00,pathseer:67
beir500k-rq1,neg40_cat20,neg40,212946,ours-no-twohop,512,3,67,0.9955,0.9552,0.00006,6.810,12.292,13.004,7.010,15873.1,0.0,35353.7,4190.4,25.0,423.0,0.0,0.0,21233.1,0.0,0.00,pathseer:67
beir500k-rq1,neg40_cat20,neg40,212946,ours-guard,64,1,67,0.9254,0.6418,0.00143,1.061,2.715,2.913,1.280,2590.1,0.0,9156.5,784.1,4.0,46.0,0.0,0.0,6446.0,0.0,0.00,pathseer:67
beir500k-rq1,neg40_cat20,neg40,212946,ours-guard,64,2,67,0.9254,0.6418,0.00143,1.040,2.777,2.918,1.257,2590.1,0.0,9156.5,784.1,4.0,46.0,0.0,0.0,6446.0,0.0,0.00,pathseer:67
beir500k-rq1,neg40_cat20,neg40,212946,ours-guard,64,3,67,0.9254,0.6418,0.00143,1.069,3.347,11.121,1.692,2590.1,0.0,9156.5,784.1,4.0,46.0,0.0,0.0,6446.0,0.0,0.00,pathseer:67
beir500k-rq1,neg40_cat20,neg40,212946,ours-guard,128,1,67,0.9657,0.7761,0.00059,1.973,4.404,4.715,2.223,4592.3,0.0,14811.4,1381.4,6.0,106.0,0.0,0.0,9999.1,0.0,0.00,pathseer:67
beir500k-rq1,neg40_cat20,neg40,212946,ours-guard,128,2,67,0.9657,0.7761,0.00059,2.005,4.235,4.623,2.242,4592.3,0.0,14811.4,1381.4,6.0,106.0,0.0,0.0,9999.1,0.0,0.00,pathseer:67
beir500k-rq1,neg40_cat20,neg40,212946,ours-guard,128,3,67,0.9657,0.7761,0.00059,1.869,4.187,4.558,2.186,4592.3,0.0,14811.4,1381.4,6.0,106.0,0.0,0.0,9999.1,0.0,0.00,pathseer:67
beir500k-rq1,neg40_cat20,neg40,212946,ours-guard,256,1,67,0.9821,0.8507,0.00027,3.868,7.617,8.157,3.968,8019.5,0.0,23213.9,2355.5,11.0,204.0,0.0,0.0,14761.1,0.0,0.00,pathseer:67
beir500k-rq1,neg40_cat20,neg40,212946,ours-guard,256,2,67,0.9821,0.8507,0.00027,3.591,7.006,7.430,3.867,8019.5,0.0,23213.9,2355.5,11.0,204.0,0.0,0.0,14761.1,0.0,0.00,pathseer:67
beir500k-rq1,neg40_cat20,neg40,212946,ours-guard,256,3,67,0.9821,0.8507,0.00027,3.559,7.079,7.469,3.848,8019.5,0.0,23213.9,2355.5,11.0,204.0,0.0,0.0,14761.1,0.0,0.00,pathseer:67
beir500k-rq1,neg40_cat20,neg40,212946,ours-guard,512,1,67,0.9940,0.9552,0.00009,6.555,11.460,12.694,6.729,14053.7,0.0,36474.0,4092.8,25.0,423.0,0.0,0.0,21584.1,0.0,0.00,pathseer:67
beir500k-rq1,neg40_cat20,neg40,212946,ours-guard,512,2,67,0.9940,0.9552,0.00009,6.698,11.938,12.556,6.866,14053.7,0.0,36474.0,4092.8,25.0,423.0,0.0,0.0,21584.1,0.0,0.00,pathseer:67
beir500k-rq1,neg40_cat20,neg40,212946,ours-guard,512,3,67,0.9940,0.9552,0.00009,6.577,12.140,12.528,6.745,14053.7,0.0,36474.0,4092.8,25.0,423.0,0.0,0.0,21584.1,0.0,0.00,pathseer:67
beir500k-rq1,neg40_cat20,neg40,212946,ours-puredos,64,1,9,0.3889,0.1111,0.00384,0.222,0.280,0.280,0.151,685.7,0.0,1174.8,40.8,6.0,6.0,0.0,0.0,350.6,0.0,0.00,pathseer:9
beir500k-rq1,neg40_cat20,neg40,212946,ours-puredos,64,2,9,0.3889,0.1111,0.00384,0.227,0.280,0.280,0.149,685.7,0.0,1174.8,40.8,6.0,6.0,0.0,0.0,350.6,0.0,0.00,pathseer:9
beir500k-rq1,neg40_cat20,neg40,212946,ours-puredos,64,3,9,0.3889,0.1111,0.00384,0.219,0.279,0.279,0.150,685.7,0.0,1174.8,40.8,6.0,6.0,0.0,0.0,350.6,0.0,0.00,pathseer:9
beir500k-rq1,neg40_cat20,neg40,212946,ours-puredos,128,1,9,0.4556,0.1111,0.00166,0.470,0.519,0.519,0.287,1168.0,0.0,2013.9,74.3,9.0,8.0,0.0,0.0,591.3,0.0,0.00,pathseer:9
beir500k-rq1,neg40_cat20,neg40,212946,ours-puredos,128,2,9,0.4556,0.1111,0.00166,0.447,0.513,0.513,0.276,1168.0,0.0,2013.9,74.3,9.0,8.0,0.0,0.0,591.3,0.0,0.00,pathseer:9
beir500k-rq1,neg40_cat20,neg40,212946,ours-puredos,128,3,9,0.4556,0.1111,0.00166,0.433,0.498,0.498,0.271,1168.0,0.0,2013.9,74.3,9.0,8.0,0.0,0.0,591.3,0.0,0.00,pathseer:9
beir500k-rq1,neg40_cat20,neg40,212946,ours-puredos,256,1,9,0.4889,0.2222,0.00106,0.729,1.003,1.003,0.507,2105.8,0.0,3575.6,145.2,15.0,15.0,0.0,0.0,1019.6,0.0,0.00,pathseer:9
beir500k-rq1,neg40_cat20,neg40,212946,ours-puredos,256,2,9,0.4889,0.2222,0.00106,0.903,1.019,1.019,0.545,2105.8,0.0,3575.6,145.2,15.0,15.0,0.0,0.0,1019.6,0.0,0.00,pathseer:9
beir500k-rq1,neg40_cat20,neg40,212946,ours-puredos,256,3,9,0.4889,0.2222,0.00106,0.850,0.971,0.971,0.527,2105.8,0.0,3575.6,145.2,15.0,15.0,0.0,0.0,1019.6,0.0,0.00,pathseer:9
beir500k-rq1,neg40_cat20,neg40,212946,ours-puredos,512,1,9,0.5111,0.3333,0.00087,1.599,1.994,1.994,1.004,3789.9,0.0,6399.6,287.7,29.0,28.0,0.0,0.0,1800.1,0.0,0.00,pathseer:9
beir500k-rq1,neg40_cat20,neg40,212946,ours-puredos,512,2,9,0.5111,0.3333,0.00087,1.678,1.878,1.878,0.999,3789.9,0.0,6399.6,287.7,29.0,28.0,0.0,0.0,1800.1,0.0,0.00,pathseer:9
beir500k-rq1,neg40_cat20,neg40,212946,ours-puredos,512,3,9,0.5111,0.3333,0.00087,1.549,1.882,1.882,1.000,3789.9,0.0,6399.6,287.7,29.0,28.0,0.0,0.0,1800.1,0.0,0.00,pathseer:9
beir500k-rq1,neg40_cat21,neg40,200035,sweeping,64,1,61,0.9541,0.6557,0.00044,5.048,10.119,11.560,5.256,21007.6,0.0,4689.3,2714.0,4.0,72.0,0.0,0.0,0.0,0.0,0.00,sweeping:61
beir500k-rq1,neg40_cat21,neg40,200035,sweeping,64,2,61,0.9557,0.6557,0.00044,5.217,10.478,13.514,5.359,21007.6,0.0,4689.3,2714.0,4.0,72.0,0.0,0.0,0.0,0.0,0.00,sweeping:61
beir500k-rq1,neg40_cat21,neg40,200035,sweeping,64,3,61,0.9574,0.6557,0.00044,4.994,10.224,12.001,5.185,21007.6,0.0,4689.3,2714.0,4.0,72.0,0.0,0.0,0.0,0.0,0.00,sweeping:61
beir500k-rq1,neg40_cat21,neg40,200035,sweeping,128,1,61,0.9787,0.8525,0.00022,7.206,13.286,14.573,7.066,28584.5,0.0,6756.8,3798.2,7.0,142.0,0.0,0.0,0.0,0.0,0.00,sweeping:61
beir500k-rq1,neg40_cat21,neg40,200035,sweeping,128,2,61,0.9787,0.8525,0.00022,6.914,13.433,14.081,6.884,28584.5,0.0,6756.8,3798.2,7.0,142.0,0.0,0.0,0.0,0.0,0.00,sweeping:61
beir500k-rq1,neg40_cat21,neg40,200035,sweeping,128,3,61,0.9803,0.8525,0.00022,6.910,13.282,14.665,6.987,28584.5,0.0,6756.8,3798.2,7.0,142.0,0.0,0.0,0.0,0.0,0.00,sweeping:61
beir500k-rq1,neg40_cat21,neg40,200035,sweeping,256,1,61,0.9852,0.9016,0.00006,10.102,17.976,18.411,9.797,38841.9,0.0,9743.7,5289.5,13.0,254.0,0.0,0.0,0.0,0.0,0.00,sweeping:61
beir500k-rq1,neg40_cat21,neg40,200035,sweeping,256,2,61,0.9836,0.9016,0.00006,9.726,17.965,18.640,9.718,38841.9,0.0,9743.7,5289.5,13.0,254.0,0.0,0.0,0.0,0.0,0.00,sweeping:61
beir500k-rq1,neg40_cat21,neg40,200035,sweeping,256,3,61,0.9852,0.9016,0.00006,10.013,17.640,18.526,9.805,38841.9,0.0,9743.7,5289.5,13.0,254.0,0.0,0.0,0.0,0.0,0.00,sweeping:61
beir500k-rq1,neg40_cat21,neg40,200035,sweeping,512,1,61,0.9852,0.9180,0.00004,14.406,24.800,26.231,14.467,53174.7,0.0,14096.9,7480.6,26.0,472.0,0.0,0.0,0.0,0.0,0.00,sweeping:61
beir500k-rq1,neg40_cat21,neg40,200035,sweeping,512,2,61,0.9836,0.9180,0.00004,14.452,24.407,28.032,14.469,53174.7,0.0,14096.9,7480.6,26.0,472.0,0.0,0.0,0.0,0.0,0.00,sweeping:61
beir500k-rq1,neg40_cat21,neg40,200035,sweeping,512,3,61,0.9852,0.9180,0.00004,14.206,24.127,27.905,14.228,53174.7,0.0,14096.9,7480.6,26.0,472.0,0.0,0.0,0.0,0.0,0.00,sweeping:61
beir500k-rq1,neg40_cat21,neg40,200035,pathseer,64,1,61,0.9246,0.5574,0.00111,1.296,3.651,4.023,1.505,3458.6,0.0,10877.4,1101.5,3.0,54.0,154.2,19.2,7321.2,2.4,0.00,pathseer:61
beir500k-rq1,neg40_cat21,neg40,200035,pathseer,64,2,61,0.9279,0.5574,0.00111,1.276,3.803,4.191,1.580,3458.6,0.0,10877.4,1101.5,3.0,54.0,154.2,19.2,7321.2,2.4,0.00,pathseer:61
beir500k-rq1,neg40_cat21,neg40,200035,pathseer,64,3,61,0.9279,0.5574,0.00111,1.255,3.765,4.080,1.525,3458.6,0.0,10877.4,1101.5,3.0,54.0,154.2,19.2,7321.2,2.4,0.00,pathseer:61
beir500k-rq1,neg40_cat21,neg40,200035,pathseer,128,1,61,0.9590,0.7213,0.00062,2.295,5.620,6.234,2.606,5932.1,0.0,16297.1,1764.1,5.0,118.0,286.4,33.9,10447.0,4.5,0.00,pathseer:61
beir500k-rq1,neg40_cat21,neg40,200035,pathseer,128,2,61,0.9607,0.7213,0.00062,2.427,5.461,7.169,2.715,5932.1,0.0,16297.1,1764.1,5.0,118.0,286.4,33.9,10447.0,4.5,0.00,pathseer:61
beir500k-rq1,neg40_cat21,neg40,200035,pathseer,128,3,61,0.9607,0.7213,0.00062,2.289,5.589,5.960,2.564,5932.1,0.0,16297.1,1764.1,5.0,118.0,286.4,33.9,10447.0,4.5,0.00,pathseer:61
beir500k-rq1,neg40_cat21,neg40,200035,pathseer,256,1,61,0.9754,0.8197,0.00015,3.878,8.122,8.596,4.215,9966.9,0.0,23767.1,2757.7,9.0,213.0,579.1,69.3,14334.8,9.0,0.00,pathseer:61
beir500k-rq1,neg40_cat21,neg40,200035,pathseer,256,2,61,0.9738,0.8197,0.00015,3.915,8.243,8.611,4.207,9966.9,0.0,23767.1,2757.7,9.0,213.0,579.1,69.3,14334.8,9.0,0.00,pathseer:61
beir500k-rq1,neg40_cat21,neg40,200035,pathseer,256,3,61,0.9738,0.8197,0.00015,3.961,8.323,9.110,4.243,9966.9,0.0,23767.1,2757.7,9.0,213.0,579.1,69.3,14334.8,9.0,0.00,pathseer:61
beir500k-rq1,neg40_cat21,neg40,200035,pathseer,512,1,61,0.9885,0.9344,0.00002,7.098,11.638,13.819,7.216,16732.0,0.0,34903.6,4354.3,20.0,425.0,1233.8,137.2,19517.8,19.3,0.00,pathseer:61
beir500k-rq1,neg40_cat21,neg40,200035,pathseer,512,2,61,0.9869,0.9344,0.00002,6.982,12.142,13.048,7.055,16732.0,0.0,34903.6,4354.3,20.0,425.0,1233.8,137.2,19517.8,19.3,0.00,pathseer:61
beir500k-rq1,neg40_cat21,neg40,200035,pathseer,512,3,61,0.9885,0.9344,0.00002,6.949,11.782,13.238,7.065,16732.0,0.0,34903.6,4354.3,20.0,425.0,1233.8,137.2,19517.8,19.3,0.00,pathseer:61
beir500k-rq1,neg40_cat21,neg40,200035,ours-no-twohop,64,1,61,0.9311,0.5902,0.00102,1.375,3.804,4.086,1.643,3680.9,0.0,11530.7,1183.9,4.0,72.0,0.0,0.0,7806.3,0.0,0.00,pathseer:61
beir500k-rq1,neg40_cat21,neg40,200035,ours-no-twohop,64,2,61,0.9295,0.5902,0.00102,1.368,3.929,4.117,1.670,3680.9,0.0,11530.7,1183.9,4.0,72.0,0.0,0.0,7806.3,0.0,0.00,pathseer:61
beir500k-rq1,neg40_cat21,neg40,200035,ours-no-twohop,64,3,61,0.9328,0.5902,0.00102,1.436,4.071,4.685,1.712,3680.9,0.0,11530.7,1183.9,4.0,72.0,0.0,0.0,7806.3,0.0,0.00,pathseer:61
beir500k-rq1,neg40_cat21,neg40,200035,ours-no-twohop,128,1,61,0.9590,0.7213,0.00062,2.495,5.637,6.210,2.795,6286.7,0.0,17068.8,1899.0,7.0,142.0,0.0,0.0,10986.9,0.0,0.00,pathseer:61
beir500k-rq1,neg40_cat21,neg40,200035,ours-no-twohop,128,2,61,0.9607,0.7213,0.00062,2.437,5.755,6.214,2.788,6286.7,0.0,17068.8,1899.0,7.0,142.0,0.0,0.0,10986.9,0.0,0.00,pathseer:61
beir500k-rq1,neg40_cat21,neg40,200035,ours-no-twohop,128,3,61,0.9574,0.7213,0.00062,2.533,6.022,6.666,3.015,6286.7,0.0,17068.8,1899.0,7.0,142.0,0.0,0.0,10986.9,0.0,0.00,pathseer:61
beir500k-rq1,neg40_cat21,neg40,200035,ours-no-twohop,256,1,61,0.9787,0.8525,0.00011,4.041,8.691,9.251,4.500,10532.2,0.0,24658.1,2961.2,13.0,254.0,0.0,0.0,14976.4,0.0,0.00,pathseer:61
beir500k-rq1,neg40_cat21,neg40,200035,ours-no-twohop,256,2,61,0.9770,0.8525,0.00011,4.134,8.440,9.113,4.483,10532.2,0.0,24658.1,2961.2,13.0,254.0,0.0,0.0,14976.4,0.0,0.00,pathseer:61
beir500k-rq1,neg40_cat21,neg40,200035,ours-no-twohop,256,3,61,0.9787,0.8525,0.00011,4.060,8.467,9.092,4.480,10532.2,0.0,24658.1,2961.2,13.0,254.0,0.0,0.0,14976.4,0.0,0.00,pathseer:61
beir500k-rq1,neg40_cat21,neg40,200035,ours-no-twohop,512,1,61,0.9902,0.9344,0.00002,7.428,12.251,15.491,7.480,17452.3,0.0,35317.2,4607.4,26.0,472.0,0.0,0.0,20042.6,0.0,0.00,pathseer:61
beir500k-rq1,neg40_cat21,neg40,200035,ours-no-twohop,512,2,61,0.9852,0.9344,0.00002,7.368,12.077,13.343,7.378,17452.3,0.0,35317.2,4607.4,26.0,472.0,0.0,0.0,20042.6,0.0,0.00,pathseer:61
beir500k-rq1,neg40_cat21,neg40,200035,ours-no-twohop,512,3,61,0.9869,0.9344,0.00002,7.230,12.001,12.962,7.304,17452.3,0.0,35317.2,4607.4,26.0,472.0,0.0,0.0,20042.6,0.0,0.00,pathseer:61
beir500k-rq1,neg40_cat21,neg40,200035,ours-guard,64,1,61,0.9230,0.5738,0.00121,1.296,3.700,4.106,1.575,3280.4,0.0,11324.0,1167.7,4.0,72.0,0.0,0.0,7926.5,0.0,0.00,pathseer:61
beir500k-rq1,neg40_cat21,neg40,200035,ours-guard,64,2,61,0.9230,0.5738,0.00121,1.296,3.714,3.990,1.592,3280.4,0.0,11324.0,1167.7,4.0,72.0,0.0,0.0,7926.5,0.0,0.00,pathseer:61
beir500k-rq1,neg40_cat21,neg40,200035,ours-guard,64,3,61,0.9230,0.5738,0.00121,1.278,3.489,3.932,1.538,3280.4,0.0,11324.0,1167.7,4.0,72.0,0.0,0.0,7926.5,0.0,0.00,pathseer:61
beir500k-rq1,neg40_cat21,neg40,200035,ours-guard,128,1,61,0.9557,0.7049,0.00081,2.320,5.569,5.718,2.624,5622.6,0.0,17053.2,1872.2,7.0,142.0,0.0,0.0,11205.3,0.0,0.00,pathseer:61
beir500k-rq1,neg40_cat21,neg40,200035,ours-guard,128,2,61,0.9508,0.7049,0.00081,2.340,5.964,6.159,2.707,5622.6,0.0,17053.2,1872.2,7.0,142.0,0.0,0.0,11205.3,0.0,0.00,pathseer:61
beir500k-rq1,neg40_cat21,neg40,200035,ours-guard,128,3,61,0.9541,0.7049,0.00081,2.364,5.641,6.035,2.665,5622.6,0.0,17053.2,1872.2,7.0,142.0,0.0,0.0,11205.3,0.0,0.00,pathseer:61
beir500k-rq1,neg40_cat21,neg40,200035,ours-guard,256,1,61,0.9836,0.8525,0.00011,3.951,8.050,8.524,4.311,9441.7,0.0,25292.7,2919.9,13.0,254.0,0.0,0.0,15421.1,0.0,0.00,pathseer:61
beir500k-rq1,neg40_cat21,neg40,200035,ours-guard,256,2,61,0.9803,0.8525,0.00011,3.986,8.152,8.845,4.319,9441.7,0.0,25292.7,2919.9,13.0,254.0,0.0,0.0,15421.1,0.0,0.00,pathseer:61
beir500k-rq1,neg40_cat21,neg40,200035,ours-guard,256,3,61,0.9836,0.8525,0.00011,4.011,8.431,8.754,4.315,9441.7,0.0,25292.7,2919.9,13.0,254.0,0.0,0.0,15421.1,0.0,0.00,pathseer:61
beir500k-rq1,neg40_cat21,neg40,200035,ours-guard,512,1,61,0.9852,0.9344,0.00002,6.960,11.400,12.950,7.074,15657.3,0.0,37266.4,4533.9,26.0,472.0,0.0,0.0,20798.7,0.0,0.00,pathseer:61
beir500k-rq1,neg40_cat21,neg40,200035,ours-guard,512,2,61,0.9885,0.9344,0.00002,6.957,12.481,13.650,7.292,15657.3,0.0,37266.4,4533.9,26.0,472.0,0.0,0.0,20798.7,0.0,0.00,pathseer:61
beir500k-rq1,neg40_cat21,neg40,200035,ours-guard,512,3,61,0.9885,0.9344,0.00002,6.732,11.593,12.695,7.074,15657.3,0.0,37266.4,4533.9,26.0,472.0,0.0,0.0,20798.7,0.0,0.00,pathseer:61
beir500k-rq1,neg40_cat21,neg40,200035,ours-puredos,64,1,9,0.2667,0.1111,0.00146,0.031,0.245,0.245,0.090,309.2,0.0,637.8,23.0,8.0,7.0,0.0,0.0,260.0,0.0,0.00,pathseer:9
beir500k-rq1,neg40_cat21,neg40,200035,ours-puredos,64,2,9,0.2667,0.1111,0.00146,0.032,0.236,0.236,0.089,309.2,0.0,637.8,23.0,8.0,7.0,0.0,0.0,260.0,0.0,0.00,pathseer:9
beir500k-rq1,neg40_cat21,neg40,200035,ours-puredos,64,3,9,0.2667,0.1111,0.00146,0.031,0.252,0.252,0.092,309.2,0.0,637.8,23.0,8.0,7.0,0.0,0.0,260.0,0.0,0.00,pathseer:9
beir500k-rq1,neg40_cat21,neg40,200035,ours-puredos,128,1,9,0.2889,0.2222,0.00126,0.031,0.438,0.438,0.145,591.8,0.0,1121.4,44.0,14.0,13.0,0.0,0.0,408.9,0.0,0.00,pathseer:9
beir500k-rq1,neg40_cat21,neg40,200035,ours-puredos,128,2,9,0.2889,0.2222,0.00126,0.031,0.396,0.396,0.137,591.8,0.0,1121.4,44.0,14.0,13.0,0.0,0.0,408.9,0.0,0.00,pathseer:9
beir500k-rq1,neg40_cat21,neg40,200035,ours-puredos,128,3,9,0.2889,0.2222,0.00126,0.030,0.405,0.405,0.138,591.8,0.0,1121.4,44.0,14.0,13.0,0.0,0.0,408.9,0.0,0.00,pathseer:9
beir500k-rq1,neg40_cat21,neg40,200035,ours-puredos,256,1,9,0.2889,0.2222,0.00126,0.042,1.012,1.012,0.306,1136.3,0.0,2030.1,86.9,20.0,19.0,0.0,0.0,676.3,0.0,0.00,pathseer:9
beir500k-rq1,neg40_cat21,neg40,200035,ours-puredos,256,2,9,0.2889,0.2222,0.00126,0.037,0.775,0.775,0.267,1136.3,0.0,2030.1,86.9,20.0,19.0,0.0,0.0,676.3,0.0,0.00,pathseer:9
beir500k-rq1,neg40_cat21,neg40,200035,ours-puredos,256,3,9,0.2889,0.2222,0.00126,0.037,0.950,0.950,0.303,1136.3,0.0,2030.1,86.9,20.0,19.0,0.0,0.0,676.3,0.0,0.00,pathseer:9
beir500k-rq1,neg40_cat21,neg40,200035,ours-puredos,512,1,9,0.3111,0.2222,0.00072,0.044,1.812,1.812,0.582,2190.8,0.0,3774.3,172.0,40.0,38.0,0.0,0.0,1167.3,0.0,0.00,pathseer:9
beir500k-rq1,neg40_cat21,neg40,200035,ours-puredos,512,2,9,0.3111,0.2222,0.00072,0.039,1.951,1.951,0.590,2190.8,0.0,3774.3,172.0,40.0,38.0,0.0,0.0,1167.3,0.0,0.00,pathseer:9
beir500k-rq1,neg40_cat21,neg40,200035,ours-puredos,512,3,9,0.3111,0.2222,0.00072,0.043,1.773,1.773,0.587,2190.8,0.0,3774.3,172.0,40.0,38.0,0.0,0.0,1167.3,0.0,0.00,pathseer:9
