dataset,filter,family,size,strategy,ef,pass,queries,recall_at_10,perfect_frac,sim_regret,p50_ms,p95_ms,p99_ms,mean_ms,mean_dist_comps,mean_seed_dist_comps,mean_filter_checks,mean_nodes_popped,median_pop_idx_cand_full,median_pop_idx_results_full,mean_twohop_examined,mean_twohop_appended,mean_prefilter_skips,mean_secondorder_allocs,mean_reencountered_burned,strategy_used
beir500k-f32,pos10_cat00,pos10,69460,sweeping,64,1,12,1.0000,1.0000,0.00000,1.305,1.677,2.266,1.323,2543.8,0.0,377.4,133.8,3.0,7.0,0.0,0.0,0.0,0.0,0.00,sweeping:12
beir500k-f32,pos10_cat00,pos10,69460,sweeping,64,2,12,1.0000,1.0000,0.00000,1.318,1.632,2.405,1.331,2543.8,0.0,377.4,133.8,3.0,7.0,0.0,0.0,0.0,0.0,0.00,sweeping:12
beir500k-f32,pos10_cat00,pos10,69460,sweeping,64,3,12,1.0000,1.0000,0.00000,1.373,1.712,2.252,1.339,2543.8,0.0,377.4,133.8,3.0,7.0,0.0,0.0,0.0,0.0,0.00,sweeping:12
beir500k-f32,pos10_cat00,pos10,69460,sweeping,128,1,12,1.0000,1.0000,0.00000,2.643,3.651,4.786,2.620,5128.3,0.0,720.4,304.8,6.0,14.0,0.0,0.0,0.0,0.0,0.00,sweeping:12
beir500k-f32,pos10_cat00,pos10,69460,sweeping,128,2,12,1.0000,1.0000,0.00000,2.645,3.715,4.806,2.643,5128.3,0.0,720.4,304.8,6.0,14.0,0.0,0.0,0.0,0.0,0.00,sweeping:12
beir500k-f32,pos10_cat00,pos10,69460,sweeping,128,3,12,1.0000,1.0000,0.00000,2.623,3.577,4.794,2.605,5128.3,0.0,720.4,304.8,6.0,14.0,0.0,0.0,0.0,0.0,0.00,sweeping:12
beir500k-f32,pos10_cat00,pos10,69460,sweeping,256,1,12,1.0000,1.0000,0.00000,6.230,9.013,9.077,5.778,9785.0,0.0,1436.9,668.8,11.0,25.0,0.0,0.0,0.0,0.0,0.00,sweeping:12
beir500k-f32,pos10_cat00,pos10,69460,sweeping,256,2,12,1.0000,1.0000,0.00000,5.404,8.407,8.730,5.241,9785.0,0.0,1436.9,668.8,11.0,25.0,0.0,0.0,0.0,0.0,0.00,sweeping:12
beir500k-f32,pos10_cat00,pos10,69460,sweeping,256,3,12,1.0000,1.0000,0.00000,5.279,8.283,8.944,5.184,9785.0,0.0,1436.9,668.8,11.0,25.0,0.0,0.0,0.0,0.0,0.00,sweeping:12
beir500k-f32,pos10_cat00,pos10,69460,sweeping,512,1,12,1.0000,1.0000,0.00000,10.998,15.687,16.012,10.184,17965.2,0.0,2992.4,1457.2,24.0,55.0,0.0,0.0,0.0,0.0,0.00,sweeping:12
beir500k-f32,pos10_cat00,pos10,69460,sweeping,512,2,12,1.0000,1.0000,0.00000,10.848,14.399,15.796,10.033,17965.2,0.0,2992.4,1457.2,24.0,55.0,0.0,0.0,0.0,0.0,0.00,sweeping:12
beir500k-f32,pos10_cat00,pos10,69460,sweeping,512,3,12,1.0000,1.0000,0.00000,11.087,15.210,16.257,10.362,17965.2,0.0,2992.4,1457.2,24.0,55.0,0.0,0.0,0.0,0.0,0.00,sweeping:12
beir500k-f32,pos10_cat00,pos10,69460,acorn,64,1,12,1.0000,1.0000,0.00000,1.640,1.960,2.208,1.444,1893.8,10.0,7899.6,66.0,2.0,2.0,0.0,0.0,0.0,0.0,0.00,acorn:9|rre:3
beir500k-f32,pos10_cat00,pos10,69460,acorn,64,2,12,1.0000,1.0000,0.00000,1.614,1.932,2.298,1.427,1893.8,10.0,7899.6,66.0,2.0,2.0,0.0,0.0,0.0,0.0,0.00,acorn:9|rre:3
beir500k-f32,pos10_cat00,pos10,69460,acorn,64,3,12,1.0000,1.0000,0.00000,1.581,1.881,2.123,1.393,1893.8,10.0,7899.6,66.0,2.0,2.0,0.0,0.0,0.0,0.0,0.00,acorn:9|rre:3
beir500k-f32,pos10_cat00,pos10,69460,acorn,128,1,12,1.0000,1.0000,0.00000,2.723,3.072,3.553,2.294,3130.5,10.0,12749.9,130.1,3.0,3.0,0.0,0.0,0.0,0.0,0.00,acorn:9|rre:3
beir500k-f32,pos10_cat00,pos10,69460,acorn,128,2,12,1.0000,1.0000,0.00000,2.800,3.249,3.534,2.354,3130.5,10.0,12749.9,130.1,3.0,3.0,0.0,0.0,0.0,0.0,0.00,acorn:9|rre:3
beir500k-f32,pos10_cat00,pos10,69460,acorn,128,3,12,1.0000,1.0000,0.00000,2.719,3.388,3.519,2.367,3130.5,10.0,12749.9,130.1,3.0,3.0,0.0,0.0,0.0,0.0,0.00,acorn:9|rre:3
beir500k-f32,pos10_cat00,pos10,69460,acorn,256,1,12,1.0000,1.0000,0.00000,4.736,5.489,5.698,3.890,5015.7,10.0,19832.2,257.9,5.0,5.0,0.0,0.0,0.0,0.0,0.00,acorn:9|rre:3
beir500k-f32,pos10_cat00,pos10,69460,acorn,256,2,12,1.0000,1.0000,0.00000,4.767,5.815,5.970,3.957,5015.7,10.0,19832.2,257.9,5.0,5.0,0.0,0.0,0.0,0.0,0.00,acorn:9|rre:3
beir500k-f32,pos10_cat00,pos10,69460,acorn,256,3,12,1.0000,1.0000,0.00000,4.872,5.481,5.697,3.923,5015.7,10.0,19832.2,257.9,5.0,5.0,0.0,0.0,0.0,0.0,0.00,acorn:9|rre:3
beir500k-f32,pos10_cat00,pos10,69460,acorn,512,1,12,1.0000,1.0000,0.00000,7.264,8.636,9.012,6.218,7944.3,10.0,30444.6,514.2,12.0,12.0,0.0,0.0,0.0,0.0,0.00,acorn:9|rre:3
beir500k-f32,pos10_cat00,pos10,69460,acorn,512,2,12,1.0000,1.0000,0.00000,7.478,9.001,9.271,6.442,7944.3,10.0,30444.6,514.2,12.0,12.0,0.0,0.0,0.0,0.0,0.00,acorn:9|rre:3
beir500k-f32,pos10_cat00,pos10,69460,acorn,512,3,12,1.0000,1.0000,0.00000,7.385,8.304,9.658,6.338,7944.3,10.0,30444.6,514.2,12.0,12.0,0.0,0.0,0.0,0.0,0.00,acorn:9|rre:3
beir500k-f32,pos10_cat00,pos10,69460,pathseer,64,1,12,1.0000,1.0000,0.00000,0.852,0.929,1.079,0.847,1507.3,0.0,1289.7,103.2,3.0,5.0,122.7,30.2,613.3,1.9,0.00,pathseer:12
beir500k-f32,pos10_cat00,pos10,69460,pathseer,64,2,12,1.0000,1.0000,0.00000,0.836,0.926,1.096,0.842,1507.3,0.0,1289.7,103.2,3.0,5.0,122.7,30.2,613.3,1.9,0.00,pathseer:12
beir500k-f32,pos10_cat00,pos10,69460,pathseer,64,3,12,1.0000,1.0000,0.00000,0.858,0.937,1.130,0.849,1507.3,0.0,1289.7,103.2,3.0,5.0,122.7,30.2,613.3,1.9,0.00,pathseer:12
beir500k-f32,pos10_cat00,pos10,69460,pathseer,128,1,12,1.0000,1.0000,0.00000,1.646,1.742,2.025,1.589,2702.8,0.0,2455.7,211.2,4.0,8.0,202.7,59.3,1249.8,3.2,0.00,pathseer:12
beir500k-f32,pos10_cat00,pos10,69460,pathseer,128,2,12,1.0000,1.0000,0.00000,1.625,1.938,2.066,1.620,2702.8,0.0,2455.7,211.2,4.0,8.0,202.7,59.3,1249.8,3.2,0.00,pathseer:12
beir500k-f32,pos10_cat00,pos10,69460,pathseer,128,3,12,1.0000,1.0000,0.00000,1.609,1.731,2.066,1.597,2702.8,0.0,2455.7,211.2,4.0,8.0,202.7,59.3,1249.8,3.2,0.00,pathseer:12
beir500k-f32,pos10_cat00,pos10,69460,pathseer,256,1,12,1.0000,1.0000,0.00000,2.790,3.270,3.482,2.757,4743.3,0.0,4671.9,431.4,7.0,18.0,352.0,120.9,2455.4,5.5,0.00,pathseer:12
beir500k-f32,pos10_cat00,pos10,69460,pathseer,256,2,12,1.0000,1.0000,0.00000,2.809,3.273,3.380,2.732,4743.3,0.0,4671.9,431.4,7.0,18.0,352.0,120.9,2455.4,5.5,0.00,pathseer:12
beir500k-f32,pos10_cat00,pos10,69460,pathseer,256,3,12,1.0000,1.0000,0.00000,2.766,3.286,3.356,2.736,4743.3,0.0,4671.9,431.4,7.0,18.0,352.0,120.9,2455.4,5.5,0.00,pathseer:12
beir500k-f32,pos10_cat00,pos10,69460,pathseer,512,1,12,1.0000,1.0000,0.00000,5.250,5.878,6.016,4.936,8145.4,0.0,9042.5,890.1,12.0,31.0,725.3,255.2,4829.0,11.3,0.00,pathseer:12
beir500k-f32,pos10_cat00,pos10,69460,pathseer,512,2,12,1.0000,1.0000,0.00000,5.213,6.067,6.083,5.135,8145.4,0.0,9042.5,890.1,12.0,31.0,725.3,255.2,4829.0,11.3,0.00,pathseer:12
beir500k-f32,pos10_cat00,pos10,69460,pathseer,512,3,12,1.0000,1.0000,0.00000,5.112,6.072,6.191,5.061,8145.4,0.0,9042.5,890.1,12.0,31.0,725.3,255.2,4829.0,11.3,0.00,pathseer:12
beir500k-f32,pos10_cat01,pos10,50038,sweeping,64,1,22,1.0000,1.0000,0.00000,0.645,0.984,1.128,0.691,1325.9,0.0,204.0,70.5,4.0,4.0,0.0,0.0,0.0,0.0,0.00,sweeping:22
beir500k-f32,pos10_cat01,pos10,50038,sweeping,64,2,22,1.0000,1.0000,0.00000,0.681,1.072,1.306,0.714,1325.9,0.0,204.0,70.5,4.0,4.0,0.0,0.0,0.0,0.0,0.00,sweeping:22
beir500k-f32,pos10_cat01,pos10,50038,sweeping,64,3,22,1.0000,1.0000,0.00000,0.661,1.009,1.306,0.712,1325.9,0.0,204.0,70.5,4.0,4.0,0.0,0.0,0.0,0.0,0.00,sweeping:22
beir500k-f32,pos10_cat01,pos10,50038,sweeping,128,1,22,1.0000,1.0000,0.00000,1.179,2.008,2.465,1.271,2375.3,0.0,351.3,143.1,6.0,7.0,0.0,0.0,0.0,0.0,0.00,sweeping:22
beir500k-f32,pos10_cat01,pos10,50038,sweeping,128,2,22,1.0000,1.0000,0.00000,1.104,2.000,2.298,1.212,2375.3,0.0,351.3,143.1,6.0,7.0,0.0,0.0,0.0,0.0,0.00,sweeping:22
beir500k-f32,pos10_cat01,pos10,50038,sweeping,128,3,22,1.0000,1.0000,0.00000,1.070,1.930,2.499,1.203,2375.3,0.0,351.3,143.1,6.0,7.0,0.0,0.0,0.0,0.0,0.00,sweeping:22
beir500k-f32,pos10_cat01,pos10,50038,sweeping,256,1,22,1.0000,1.0000,0.00000,2.064,3.866,4.518,2.245,4266.2,0.0,638.5,292.3,12.0,14.0,0.0,0.0,0.0,0.0,0.00,sweeping:22
beir500k-f32,pos10_cat01,pos10,50038,sweeping,256,2,22,1.0000,1.0000,0.00000,2.148,4.144,4.652,2.358,4266.2,0.0,638.5,292.3,12.0,14.0,0.0,0.0,0.0,0.0,0.00,sweeping:22
beir500k-f32,pos10_cat01,pos10,50038,sweeping,256,3,22,1.0000,1.0000,0.00000,2.166,4.104,4.676,2.383,4266.2,0.0,638.5,292.3,12.0,14.0,0.0,0.0,0.0,0.0,0.00,sweeping:22
beir500k-f32,pos10_cat01,pos10,50038,sweeping,512,1,22,1.0000,1.0000,0.00000,3.725,7.367,7.502,4.049,7588.8,0.0,1215.5,603.6,26.0,31.0,0.0,0.0,0.0,0.0,0.00,sweeping:22
beir500k-f32,pos10_cat01,pos10,50038,sweeping,512,2,22,1.0000,1.0000,0.00000,3.702,7.602,7.730,4.105,7588.8,0.0,1215.5,603.6,26.0,31.0,0.0,0.0,0.0,0.0,0.00,sweeping:22
beir500k-f32,pos10_cat01,pos10,50038,sweeping,512,3,22,1.0000,1.0000,0.00000,3.682,7.429,7.540,4.099,7588.8,0.0,1215.5,603.6,26.0,31.0,0.0,0.0,0.0,0.0,0.00,sweeping:22
beir500k-f32,pos10_cat01,pos10,50038,acorn,64,1,22,1.0000,1.0000,0.00000,0.541,0.654,1.352,0.562,1067.6,10.0,1581.1,65.5,4.0,4.0,0.0,0.0,0.0,0.0,0.00,acorn:1|rre:21
beir500k-f32,pos10_cat01,pos10,50038,acorn,64,2,22,1.0000,1.0000,0.00000,0.578,0.671,1.277,0.576,1067.6,10.0,1581.1,65.5,4.0,4.0,0.0,0.0,0.0,0.0,0.00,acorn:1|rre:21
beir500k-f32,pos10_cat01,pos10,50038,acorn,64,3,22,1.0000,1.0000,0.00000,0.579,0.714,1.258,0.586,1067.6,10.0,1581.1,65.5,4.0,4.0,0.0,0.0,0.0,0.0,0.00,acorn:1|rre:21
beir500k-f32,pos10_cat01,pos10,50038,acorn,128,1,22,1.0000,1.0000,0.00000,0.935,1.174,2.015,0.954,1800.2,10.0,2647.3,129.3,6.0,6.0,0.0,0.0,0.0,0.0,0.00,acorn:1|rre:21
beir500k-f32,pos10_cat01,pos10,50038,acorn,128,2,22,1.0000,1.0000,0.00000,0.894,1.103,1.906,0.945,1800.2,10.0,2647.3,129.3,6.0,6.0,0.0,0.0,0.0,0.0,0.00,acorn:1|rre:21
beir500k-f32,pos10_cat01,pos10,50038,acorn,128,3,22,1.0000,1.0000,0.00000,0.905,1.134,1.996,0.936,1800.2,10.0,2647.3,129.3,6.0,6.0,0.0,0.0,0.0,0.0,0.00,acorn:1|rre:21
beir500k-f32,pos10_cat01,pos10,50038,acorn,256,1,22,1.0000,1.0000,0.00000,1.564,1.883,3.253,1.585,3021.6,10.0,4452.3,257.2,13.0,13.0,0.0,0.0,0.0,0.0,0.00,acorn:1|rre:21
beir500k-f32,pos10_cat01,pos10,50038,acorn,256,2,22,1.0000,1.0000,0.00000,1.567,1.842,3.255,1.586,3021.6,10.0,4452.3,257.2,13.0,13.0,0.0,0.0,0.0,0.0,0.00,acorn:1|rre:21
beir500k-f32,pos10_cat01,pos10,50038,acorn,256,3,22,1.0000,1.0000,0.00000,1.589,1.907,3.461,1.621,3021.6,10.0,4452.3,257.2,13.0,13.0,0.0,0.0,0.0,0.0,0.00,acorn:1|rre:21
beir500k-f32,pos10_cat01,pos10,50038,acorn,512,1,22,1.0000,1.0000,0.00000,3.369,7.884,94.364,7.895,4959.0,10.0,7440.3,513.0,31.0,29.0,0.0,0.0,0.0,0.0,0.00,acorn:1|rre:21
beir500k-f32,pos10_cat01,pos10,50038,acorn,512,2,22,1.0000,1.0000,0.00000,3.232,3.716,6.731,3.314,4959.0,10.0,7440.3,513.0,31.0,29.0,0.0,0.0,0.0,0.0,0.00,acorn:1|rre:21
beir500k-f32,pos10_cat01,pos10,50038,acorn,512,3,22,1.0000,1.0000,0.00000,4.213,8.934,9.932,4.926,4959.0,10.0,7440.3,513.0,31.0,29.0,0.0,0.0,0.0,0.0,0.00,acorn:1|rre:21
beir500k-f32,pos10_cat01,pos10,50038,pathseer,64,1,22,1.0000,1.0000,0.00000,0.719,1.072,1.270,0.771,1268.8,0.0,449.2,68.7,2.0,2.0,84.4,53.6,60.4,1.3,0.00,pathseer:22
beir500k-f32,pos10_cat01,pos10,50038,pathseer,64,2,22,1.0000,1.0000,0.00000,0.735,0.988,1.051,0.720,1268.8,0.0,449.2,68.7,2.0,2.0,84.4,53.6,60.4,1.3,0.00,pathseer:22
beir500k-f32,pos10_cat01,pos10,50038,pathseer,64,3,22,1.0000,1.0000,0.00000,0.755,0.968,0.977,0.734,1268.8,0.0,449.2,68.7,2.0,2.0,84.4,53.6,60.4,1.3,0.00,pathseer:22
beir500k-f32,pos10_cat01,pos10,50038,pathseer,128,1,22,1.0000,1.0000,0.00000,1.183,1.714,1.932,1.241,2194.0,0.0,861.5,137.7,4.0,4.0,162.9,104.4,145.5,2.5,0.00,pathseer:22
beir500k-f32,pos10_cat01,pos10,50038,pathseer,128,2,22,1.0000,1.0000,0.00000,1.152,1.600,1.613,1.159,2194.0,0.0,861.5,137.7,4.0,4.0,162.9,104.4,145.5,2.5,0.00,pathseer:22
beir500k-f32,pos10_cat01,pos10,50038,pathseer,128,3,22,1.0000,1.0000,0.00000,1.130,1.443,1.496,1.157,2194.0,0.0,861.5,137.7,4.0,4.0,162.9,104.4,145.5,2.5,0.00,pathseer:22
beir500k-f32,pos10_cat01,pos10,50038,pathseer,256,1,22,1.0000,1.0000,0.00000,1.907,2.530,2.546,1.925,3754.3,0.0,1634.0,277.9,5.0,6.0,279.3,168.2,347.6,4.4,0.00,pathseer:22
beir500k-f32,pos10_cat01,pos10,50038,pathseer,256,2,22,1.0000,1.0000,0.00000,1.932,2.482,2.525,1.982,3754.3,0.0,1634.0,277.9,5.0,6.0,279.3,168.2,347.6,4.4,0.00,pathseer:22
beir500k-f32,pos10_cat01,pos10,50038,pathseer,256,3,22,1.0000,1.0000,0.00000,1.911,2.561,2.570,1.968,3754.3,0.0,1634.0,277.9,5.0,6.0,279.3,168.2,347.6,4.4,0.00,pathseer:22
beir500k-f32,pos10_cat01,pos10,50038,pathseer,512,1,22,1.0000,1.0000,0.00000,3.258,4.335,4.469,3.381,6310.8,0.0,3214.7,562.0,10.0,11.0,602.2,327.1,780.2,9.4,0.00,pathseer:22
beir500k-f32,pos10_cat01,pos10,50038,pathseer,512,2,22,1.0000,1.0000,0.00000,3.284,4.318,4.433,3.400,6310.8,0.0,3214.7,562.0,10.0,11.0,602.2,327.1,780.2,9.4,0.00,pathseer:22
beir500k-f32,pos10_cat01,pos10,50038,pathseer,512,3,22,1.0000,1.0000,0.00000,3.229,4.245,4.245,3.350,6310.8,0.0,3214.7,562.0,10.0,11.0,602.2,327.1,780.2,9.4,0.00,pathseer:22
beir500k-f32,pos10_cat02,pos10,50303,sweeping,64,1,60,0.9650,0.7833,0.00129,0.882,1.431,2.535,0.985,1993.5,0.0,254.0,78.0,3.0,3.0,0.0,0.0,0.0,0.0,0.00,sweeping:60
beir500k-f32,pos10_cat02,pos10,50303,sweeping,64,2,60,0.9650,0.7833,0.00129,0.936,1.384,2.690,1.018,1993.5,0.0,254.0,78.0,3.0,3.0,0.0,0.0,0.0,0.0,0.00,sweeping:60
beir500k-f32,pos10_cat02,pos10,50303,sweeping,64,3,60,0.9650,0.7833,0.00129,0.878,1.335,2.566,0.946,1993.5,0.0,254.0,78.0,3.0,3.0,0.0,0.0,0.0,0.0,0.00,sweeping:60
beir500k-f32,pos10_cat02,pos10,50303,sweeping,128,1,60,0.9850,0.9167,0.00032,1.577,2.662,4.538,1.762,3608.4,0.0,457.2,158.7,5.0,5.0,0.0,0.0,0.0,0.0,0.00,sweeping:60
beir500k-f32,pos10_cat02,pos10,50303,sweeping,128,2,60,0.9850,0.9167,0.00032,1.589,2.870,4.556,1.800,3608.4,0.0,457.2,158.7,5.0,5.0,0.0,0.0,0.0,0.0,0.00,sweeping:60
beir500k-f32,pos10_cat02,pos10,50303,sweeping,128,3,60,0.9850,0.9167,0.00032,1.561,2.703,4.764,1.758,3608.4,0.0,457.2,158.7,5.0,5.0,0.0,0.0,0.0,0.0,0.00,sweeping:60
beir500k-f32,pos10_cat02,pos10,50303,sweeping,256,1,60,0.9983,0.9833,0.00001,2.791,4.899,7.540,3.111,6298.8,0.0,835.6,328.0,9.0,10.0,0.0,0.0,0.0,0.0,0.00,sweeping:60
beir500k-f32,pos10_cat02,pos10,50303,sweeping,256,2,60,0.9983,0.9833,0.00001,2.668,4.869,7.697,3.080,6298.8,0.0,835.6,328.0,9.0,10.0,0.0,0.0,0.0,0.0,0.00,sweeping:60
beir500k-f32,pos10_cat02,pos10,50303,sweeping,256,3,60,0.9983,0.9833,0.00001,2.680,5.109,7.583,3.080,6298.8,0.0,835.6,328.0,9.0,10.0,0.0,0.0,0.0,0.0,0.00,sweeping:60
beir500k-f32,pos10_cat02,pos10,50303,sweeping,512,1,60,1.0000,1.0000,0.00000,4.611,9.144,12.331,5.355,10531.2,0.0,1533.6,653.9,18.0,20.0,0.0,0.0,0.0,0.0,0.00,sweeping:60
beir500k-f32,pos10_cat02,pos10,50303,sweeping,512,2,60,1.0000,1.0000,0.00000,4.772,9.208,12.882,5.503,10531.2,0.0,1533.6,653.9,18.0,20.0,0.0,0.0,0.0,0.0,0.00,sweeping:60
beir500k-f32,pos10_cat02,pos10,50303,sweeping,512,3,60,1.0000,1.0000,0.00000,4.794,9.193,12.983,5.482,10531.2,0.0,1533.6,653.9,18.0,20.0,0.0,0.0,0.0,0.0,0.00,sweeping:60
beir500k-f32,pos10_cat02,pos10,50303,acorn,64,1,60,0.9600,0.7333,0.00135,0.763,1.547,1.654,0.827,1661.7,10.0,2595.5,66.0,3.0,3.0,0.0,0.0,0.0,0.0,0.00,acorn:7|rre:53
beir500k-f32,pos10_cat02,pos10,50303,acorn,64,2,60,0.9600,0.7333,0.00135,0.774,1.538,1.634,0.826,1661.7,10.0,2595.5,66.0,3.0,3.0,0.0,0.0,0.0,0.0,0.00,acorn:7|rre:53
beir500k-f32,pos10_cat02,pos10,50303,acorn,64,3,60,0.9600,0.7333,0.00135,0.758,1.559,1.620,0.819,1661.7,10.0,2595.5,66.0,3.0,3.0,0.0,0.0,0.0,0.0,0.00,acorn:7|rre:53
beir500k-f32,pos10_cat02,pos10,50303,acorn,128,1,60,0.9833,0.9000,0.00034,1.338,2.624,2.718,1.428,2894.1,10.0,4390.8,129.6,5.0,5.0,0.0,0.0,0.0,0.0,0.00,acorn:7|rre:53
beir500k-f32,pos10_cat02,pos10,50303,acorn,128,2,60,0.9833,0.9000,0.00034,1.349,2.618,2.694,1.435,2894.1,10.0,4390.8,129.6,5.0,5.0,0.0,0.0,0.0,0.0,0.00,acorn:7|rre:53
beir500k-f32,pos10_cat02,pos10,50303,acorn,128,3,60,0.9833,0.9000,0.00034,1.418,2.735,2.918,1.519,2894.1,10.0,4390.8,129.6,5.0,5.0,0.0,0.0,0.0,0.0,0.00,acorn:7|rre:53
beir500k-f32,pos10_cat02,pos10,50303,acorn,256,1,60,0.9967,0.9667,0.00005,2.356,4.347,4.572,2.479,4841.3,10.0,7328.8,257.3,9.0,9.0,0.0,0.0,0.0,0.0,0.00,acorn:7|rre:53
beir500k-f32,pos10_cat02,pos10,50303,acorn,256,2,60,0.9967,0.9667,0.00005,2.424,4.474,4.596,2.553,4841.3,10.0,7328.8,257.3,9.0,9.0,0.0,0.0,0.0,0.0,0.00,acorn:7|rre:53
beir500k-f32,pos10_cat02,pos10,50303,acorn,256,3,60,0.9967,0.9667,0.00005,2.312,4.332,4.532,2.457,4841.3,10.0,7328.8,257.3,9.0,9.0,0.0,0.0,0.0,0.0,0.00,acorn:7|rre:53
beir500k-f32,pos10_cat02,pos10,50303,acorn,512,1,60,1.0000,1.0000,0.00000,4.123,7.556,7.994,4.391,7777.8,10.0,11661.0,513.2,19.0,18.0,0.0,0.0,0.0,0.0,0.00,acorn:7|rre:53
beir500k-f32,pos10_cat02,pos10,50303,acorn,512,2,60,1.0000,1.0000,0.00000,4.043,6.959,7.731,4.323,7777.8,10.0,11661.0,513.2,19.0,18.0,0.0,0.0,0.0,0.0,0.00,acorn:7|rre:53
beir500k-f32,pos10_cat02,pos10,50303,acorn,512,3,60,1.0000,1.0000,0.00000,4.167,7.368,7.485,4.353,7777.8,10.0,11661.0,513.2,19.0,18.0,0.0,0.0,0.0,0.0,0.00,acorn:7|rre:53
beir500k-f32,pos10_cat02,pos10,50303,pathseer,64,1,60,0.9617,0.7500,0.00134,0.832,0.993,1.062,0.827,1794.5,0.0,520.9,70.8,2.0,2.0,80.0,51.0,96.0,1.2,0.00,pathseer:60
beir500k-f32,pos10_cat02,pos10,50303,pathseer,64,2,60,0.9617,0.7500,0.00134,0.831,0.994,1.034,0.828,1794.5,0.0,520.9,70.8,2.0,2.0,80.0,51.0,96.0,1.2,0.00,pathseer:60
beir500k-f32,pos10_cat02,pos10,50303,pathseer,64,3,60,0.9617,0.7500,0.00134,0.851,1.020,1.080,0.838,1794.5,0.0,520.9,70.8,2.0,2.0,80.0,51.0,96.0,1.2,0.00,pathseer:60
beir500k-f32,pos10_cat02,pos10,50303,pathseer,128,1,60,0.9850,0.9167,0.00032,1.474,1.753,1.928,1.469,3166.8,0.0,964.3,139.9,3.0,3.0,137.6,91.8,198.0,2.1,0.00,pathseer:60
beir500k-f32,pos10_cat02,pos10,50303,pathseer,128,2,60,0.9850,0.9167,0.00032,1.464,1.780,1.911,1.464,3166.8,0.0,964.3,139.9,3.0,3.0,137.6,91.8,198.0,2.1,0.00,pathseer:60
beir500k-f32,pos10_cat02,pos10,50303,pathseer,128,3,60,0.9850,0.9167,0.00032,1.453,1.779,1.847,1.473,3166.8,0.0,964.3,139.9,3.0,3.0,137.6,91.8,198.0,2.1,0.00,pathseer:60
beir500k-f32,pos10_cat02,pos10,50303,pathseer,256,1,60,0.9983,0.9833,0.00001,2.590,3.157,3.327,2.578,5373.5,0.0,1750.9,276.8,5.0,5.0,248.5,159.9,363.9,3.9,0.00,pathseer:60
beir500k-f32,pos10_cat02,pos10,50303,pathseer,256,2,60,0.9983,0.9833,0.00001,2.585,3.207,3.392,2.609,5373.5,0.0,1750.9,276.8,5.0,5.0,248.5,159.9,363.9,3.9,0.00,pathseer:60
beir500k-f32,pos10_cat02,pos10,50303,pathseer,256,3,60,0.9983,0.9833,0.00001,2.567,3.145,3.288,2.561,5373.5,0.0,1750.9,276.8,5.0,5.0,248.5,159.9,363.9,3.9,0.00,pathseer:60
beir500k-f32,pos10_cat02,pos10,50303,pathseer,512,1,60,1.0000,1.0000,0.00000,4.392,5.296,6.400,4.439,8841.8,0.0,3421.0,562.5,9.0,9.0,490.7,309.1,811.7,7.7,0.00,pathseer:60
beir500k-f32,pos10_cat02,pos10,50303,pathseer,512,2,60,1.0000,1.0000,0.00000,4.558,5.675,6.492,4.588,8841.8,0.0,3421.0,562.5,9.0,9.0,490.7,309.1,811.7,7.7,0.00,pathseer:60
beir500k-f32,pos10_cat02,pos10,50303,pathseer,512,3,60,1.0000,1.0000,0.00000,4.436,5.325,6.443,4.460,8841.8,0.0,3421.0,562.5,9.0,9.0,490.7,309.1,811.7,7.7,0.00,pathseer:60
beir500k-f32,pos10_cat03,pos10,65848,sweeping,64,1,55,0.9873,0.8727,0.00032,0.810,1.923,2.359,0.941,1950.2,0.0,299.9,86.0,3.0,4.0,0.0,0.0,0.0,0.0,0.00,sweeping:55
beir500k-f32,pos10_cat03,pos10,65848,sweeping,64,2,55,0.9873,0.8727,0.00032,0.818,1.919,2.363,0.952,1950.2,0.0,299.9,86.0,3.0,4.0,0.0,0.0,0.0,0.0,0.00,sweeping:55
beir500k-f32,pos10_cat03,pos10,65848,sweeping,64,3,55,0.9873,0.8727,0.00032,0.818,1.892,2.359,0.948,1950.2,0.0,299.9,86.0,3.0,4.0,0.0,0.0,0.0,0.0,0.00,sweeping:55
beir500k-f32,pos10_cat03,pos10,65848,sweeping,128,1,55,0.9945,0.9455,0.00017,1.439,3.802,4.513,1.681,3472.7,0.0,492.3,170.3,5.0,6.0,0.0,0.0,0.0,0.0,0.00,sweeping:55
beir500k-f32,pos10_cat03,pos10,65848,sweeping,128,2,55,0.9945,0.9455,0.00017,1.459,3.791,4.465,1.683,3472.7,0.0,492.3,170.3,5.0,6.0,0.0,0.0,0.0,0.0,0.00,sweeping:55
beir500k-f32,pos10_cat03,pos10,65848,sweeping,128,3,55,0.9945,0.9455,0.00017,1.465,3.792,4.511,1.686,3472.7,0.0,492.3,170.3,5.0,6.0,0.0,0.0,0.0,0.0,0.00,sweeping:55
beir500k-f32,pos10_cat03,pos10,65848,sweeping,256,1,55,0.9964,0.9636,0.00015,2.661,6.486,7.167,3.078,6090.5,0.0,854.6,335.9,10.0,11.0,0.0,0.0,0.0,0.0,0.00,sweeping:55
beir500k-f32,pos10_cat03,pos10,65848,sweeping,256,2,55,0.9964,0.9636,0.00015,2.811,6.644,7.447,3.212,6090.5,0.0,854.6,335.9,10.0,11.0,0.0,0.0,0.0,0.0,0.00,sweeping:55
beir500k-f32,pos10_cat03,pos10,65848,sweeping,256,3,55,0.9964,0.9636,0.00015,2.691,6.420,7.335,3.036,6090.5,0.0,854.6,335.9,10.0,11.0,0.0,0.0,0.0,0.0,0.00,sweeping:55
beir500k-f32,pos10_cat03,pos10,65848,sweeping,512,1,55,0.9964,0.9636,0.00015,4.925,10.990,11.591,5.604,10666.7,0.0,1558.0,685.7,19.0,24.0,0.0,0.0,0.0,0.0,0.00,sweeping:55
beir500k-f32,pos10_cat03,pos10,65848,sweeping,512,2,55,0.9964,0.9636,0.00015,4.832,11.300,11.723,5.539,10666.7,0.0,1558.0,685.7,19.0,24.0,0.0,0.0,0.0,0.0,0.00,sweeping:55
beir500k-f32,pos10_cat03,pos10,65848,sweeping,512,3,55,0.9964,0.9636,0.00015,4.919,11.091,11.705,5.605,10666.7,0.0,1558.0,685.7,19.0,24.0,0.0,0.0,0.0,0.0,0.00,sweeping:55
beir500k-f32,pos10_cat03,pos10,65848,acorn,64,1,55,0.9855,0.8545,0.00033,0.771,1.472,1.523,0.857,1596.8,10.0,2936.2,66.2,3.0,3.0,0.0,0.0,0.0,0.0,0.00,acorn:15|rre:40
beir500k-f32,pos10_cat03,pos10,65848,acorn,64,2,55,0.9855,0.8545,0.00033,0.763,1.409,1.500,0.854,1596.8,10.0,2936.2,66.2,3.0,3.0,0.0,0.0,0.0,0.0,0.00,acorn:15|rre:40
beir500k-f32,pos10_cat03,pos10,65848,acorn,64,3,55,0.9855,0.8545,0.00033,0.799,1.456,1.514,0.876,1596.8,10.0,2936.2,66.2,3.0,3.0,0.0,0.0,0.0,0.0,0.00,acorn:15|rre:40
beir500k-f32,pos10_cat03,pos10,65848,acorn,128,1,55,0.9945,0.9455,0.00017,1.358,2.438,2.525,1.466,2762.8,10.0,4951.4,129.7,5.0,5.0,0.0,0.0,0.0,0.0,0.00,acorn:15|rre:40
beir500k-f32,pos10_cat03,pos10,65848,acorn,128,2,55,0.9945,0.9455,0.00017,1.363,2.440,2.555,1.486,2762.8,10.0,4951.4,129.7,5.0,5.0,0.0,0.0,0.0,0.0,0.00,acorn:15|rre:40
beir500k-f32,pos10_cat03,pos10,65848,acorn,128,3,55,0.9945,0.9455,0.00017,1.382,2.449,2.528,1.482,2762.8,10.0,4951.4,129.7,5.0,5.0,0.0,0.0,0.0,0.0,0.00,acorn:15|rre:40
beir500k-f32,pos10_cat03,pos10,65848,acorn,256,1,55,0.9964,0.9636,0.00015,2.433,4.158,4.412,2.568,4684.9,10.0,8275.4,257.7,9.0,9.0,0.0,0.0,0.0,0.0,0.00,acorn:15|rre:40
beir500k-f32,pos10_cat03,pos10,65848,acorn,256,2,55,0.9964,0.9636,0.00015,2.379,4.147,4.420,2.550,4684.9,10.0,8275.4,257.7,9.0,9.0,0.0,0.0,0.0,0.0,0.00,acorn:15|rre:40
beir500k-f32,pos10_cat03,pos10,65848,acorn,256,3,55,0.9964,0.9636,0.00015,2.406,4.186,4.298,2.570,4684.9,10.0,8275.4,257.7,9.0,9.0,0.0,0.0,0.0,0.0,0.00,acorn:15|rre:40
beir500k-f32,pos10_cat03,pos10,65848,acorn,512,1,55,0.9964,0.9636,0.00015,4.183,7.070,7.415,4.495,7666.9,10.0,13690.6,513.5,19.0,19.0,0.0,0.0,0.0,0.0,0.00,acorn:15|rre:40
beir500k-f32,pos10_cat03,pos10,65848,acorn,512,2,55,0.9964,0.9636,0.00015,4.206,7.050,7.238,4.424,7666.9,10.0,13690.6,513.5,19.0,19.0,0.0,0.0,0.0,0.0,0.00,acorn:15|rre:40
beir500k-f32,pos10_cat03,pos10,65848,acorn,512,3,55,0.9964,0.9636,0.00015,4.216,6.910,7.191,4.395,7666.9,10.0,13690.6,513.5,19.0,19.0,0.0,0.0,0.0,0.0,0.00,acorn:15|rre:40
beir500k-f32,pos10_cat03,pos10,65848,pathseer,64,1,55,0.9855,0.8545,0.00033,0.811,1.012,1.048,0.811,1682.9,0.0,587.5,73.5,2.0,2.0,98.9,44.9,115.8,1.5,0.00,pathseer:55
beir500k-f32,pos10_cat03,pos10,65848,pathseer,64,2,55,0.9855,0.8545,0.00033,0.810,1.029,1.063,0.818,1682.9,0.0,587.5,73.5,2.0,2.0,98.9,44.9,115.8,1.5,0.00,pathseer:55
beir500k-f32,pos10_cat03,pos10,65848,pathseer,64,3,55,0.9855,0.8545,0.00033,0.829,1.030,1.062,0.819,1682.9,0.0,587.5,73.5,2.0,2.0,98.9,44.9,115.8,1.5,0.00,pathseer:55
beir500k-f32,pos10_cat03,pos10,65848,pathseer,128,1,55,0.9945,0.9455,0.00017,1.494,1.724,1.799,1.464,2942.6,0.0,1062.1,145.1,3.0,3.0,171.1,80.6,242.7,2.7,0.00,pathseer:55
beir500k-f32,pos10_cat03,pos10,65848,pathseer,128,2,55,0.9945,0.9455,0.00017,1.463,1.721,1.848,1.437,2942.6,0.0,1062.1,145.1,3.0,3.0,171.1,80.6,242.7,2.7,0.00,pathseer:55
beir500k-f32,pos10_cat03,pos10,65848,pathseer,128,3,55,0.9945,0.9455,0.00017,1.468,1.720,1.857,1.444,2942.6,0.0,1062.1,145.1,3.0,3.0,171.1,80.6,242.7,2.7,0.00,pathseer:55
beir500k-f32,pos10_cat03,pos10,65848,pathseer,256,1,55,0.9964,0.9636,0.00015,2.532,3.083,3.343,2.512,5073.3,0.0,1898.8,285.5,5.0,5.0,287.4,147.7,455.0,4.5,0.00,pathseer:55
beir500k-f32,pos10_cat03,pos10,65848,pathseer,256,2,55,0.9964,0.9636,0.00015,2.556,3.062,3.307,2.516,5073.3,0.0,1898.8,285.5,5.0,5.0,287.4,147.7,455.0,4.5,0.00,pathseer:55
beir500k-f32,pos10_cat03,pos10,65848,pathseer,256,3,55,0.9964,0.9636,0.00015,2.616,3.204,3.406,2.582,5073.3,0.0,1898.8,285.5,5.0,5.0,287.4,147.7,455.0,4.5,0.00,pathseer:55
beir500k-f32,pos10_cat03,pos10,65848,pathseer,512,1,55,0.9964,0.9636,0.00015,4.516,5.467,5.848,4.484,8503.3,0.0,3701.0,581.4,9.0,9.0,537.6,302.5,1018.1,8.4,0.00,pathseer:55
beir500k-f32,pos10_cat03,pos10,65848,pathseer,512,2,55,0.9964,0.9636,0.00015,4.658,5.602,6.148,4.616,8503.3,0.0,3701.0,581.4,9.0,9.0,537.6,302.5,1018.1,8.4,0.00,pathseer:55
beir500k-f32,pos10_cat03,pos10,65848,pathseer,512,3,55,0.9964,0.9636,0.00015,4.661,6.008,6.089,4.638,8503.3,0.0,3701.0,581.4,9.0,9.0,537.6,302.5,1018.1,8.4,0.00,pathseer:55
beir500k-f32,pos10_cat04,pos10,55993,sweeping,64,1,57,0.9965,0.9649,0.00004,0.639,0.965,1.216,0.675,1463.8,0.0,216.6,68.3,3.0,4.0,0.0,0.0,0.0,0.0,0.00,sweeping:57
beir500k-f32,pos10_cat04,pos10,55993,sweeping,64,2,57,0.9965,0.9649,0.00004,0.642,0.959,1.177,0.673,1463.8,0.0,216.6,68.3,3.0,4.0,0.0,0.0,0.0,0.0,0.00,sweeping:57
beir500k-f32,pos10_cat04,pos10,55993,sweeping,64,3,57,0.9965,0.9649,0.00004,0.658,0.954,1.293,0.690,1463.8,0.0,216.6,68.3,3.0,4.0,0.0,0.0,0.0,0.0,0.00,sweeping:57
beir500k-f32,pos10_cat04,pos10,55993,sweeping,128,1,57,0.9982,0.9825,0.00001,1.139,1.658,1.918,1.172,2515.2,0.0,361.1,135.0,6.0,6.0,0.0,0.0,0.0,0.0,0.00,sweeping:57
beir500k-f32,pos10_cat04,pos10,55993,sweeping,128,2,57,0.9982,0.9825,0.00001,1.112,1.694,1.903,1.167,2515.2,0.0,361.1,135.0,6.0,6.0,0.0,0.0,0.0,0.0,0.00,sweeping:57
beir500k-f32,pos10_cat04,pos10,55993,sweeping,128,3,57,0.9982,0.9825,0.00001,1.109,1.671,1.895,1.162,2515.2,0.0,361.1,135.0,6.0,6.0,0.0,0.0,0.0,0.0,0.00,sweeping:57
beir500k-f32,pos10_cat04,pos10,55993,sweeping,256,1,57,1.0000,1.0000,0.00000,1.964,3.043,3.133,2.072,4210.8,0.0,636.7,269.5,11.0,11.0,0.0,0.0,0.0,0.0,0.00,sweeping:57
beir500k-f32,pos10_cat04,pos10,55993,sweeping,256,2,57,1.0000,1.0000,0.00000,1.925,3.023,3.100,2.041,4210.8,0.0,636.7,269.5,11.0,11.0,0.0,0.0,0.0,0.0,0.00,sweeping:57
beir500k-f32,pos10_cat04,pos10,55993,sweeping,256,3,57,1.0000,1.0000,0.00000,1.912,2.820,3.071,1.986,4210.8,0.0,636.7,269.5,11.0,11.0,0.0,0.0,0.0,0.0,0.00,sweeping:57
beir500k-f32,pos10_cat04,pos10,55993,sweeping,512,1,57,1.0000,1.0000,0.00000,3.470,5.199,7.002,3.593,7005.0,0.0,1150.8,543.6,22.0,23.0,0.0,0.0,0.0,0.0,0.00,sweeping:57
beir500k-f32,pos10_cat04,pos10,55993,sweeping,512,2,57,1.0000,1.0000,0.00000,3.359,5.190,6.789,3.508,7005.0,0.0,1150.8,543.6,22.0,23.0,0.0,0.0,0.0,0.0,0.00,sweeping:57
beir500k-f32,pos10_cat04,pos10,55993,sweeping,512,3,57,1.0000,1.0000,0.00000,3.345,5.120,6.789,3.497,7005.0,0.0,1150.8,543.6,22.0,23.0,0.0,0.0,0.0,0.0,0.00,sweeping:57
beir500k-f32,pos10_cat04,pos10,55993,acorn,64,1,57,0.9965,0.9649,0.00004,0.617,0.808,1.311,0.639,1341.0,10.0,1773.1,65.6,3.0,3.0,0.0,0.0,0.0,0.0,0.00,acorn:3|rre:54
beir500k-f32,pos10_cat04,pos10,55993,acorn,64,2,57,0.9965,0.9649,0.00004,0.611,0.794,1.330,0.634,1341.0,10.0,1773.1,65.6,3.0,3.0,0.0,0.0,0.0,0.0,0.00,acorn:3|rre:54
beir500k-f32,pos10_cat04,pos10,55993,acorn,64,3,57,0.9965,0.9649,0.00004,0.615,0.790,1.324,0.638,1341.0,10.0,1773.1,65.6,3.0,3.0,0.0,0.0,0.0,0.0,0.00,acorn:3|rre:54
beir500k-f32,pos10_cat04,pos10,55993,acorn,128,1,57,0.9982,0.9825,0.00001,1.065,1.387,2.157,1.108,2270.9,10.0,2973.1,129.4,5.0,5.0,0.0,0.0,0.0,0.0,0.00,acorn:3|rre:54
beir500k-f32,pos10_cat04,pos10,55993,acorn,128,2,57,0.9982,0.9825,0.00001,1.062,1.392,2.160,1.089,2270.9,10.0,2973.1,129.4,5.0,5.0,0.0,0.0,0.0,0.0,0.00,acorn:3|rre:54
beir500k-f32,pos10_cat04,pos10,55993,acorn,128,3,57,0.9982,0.9825,0.00001,1.085,1.355,2.224,1.107,2270.9,10.0,2973.1,129.4,5.0,5.0,0.0,0.0,0.0,0.0,0.00,acorn:3|rre:54
beir500k-f32,pos10_cat04,pos10,55993,acorn,256,1,57,1.0000,1.0000,0.00000,1.854,2.363,3.445,1.862,3714.6,10.0,4867.1,257.2,11.0,10.0,0.0,0.0,0.0,0.0,0.00,acorn:3|rre:54
beir500k-f32,pos10_cat04,pos10,55993,acorn,256,2,57,1.0000,1.0000,0.00000,1.841,2.333,3.619,1.856,3714.6,10.0,4867.1,257.2,11.0,10.0,0.0,0.0,0.0,0.0,0.00,acorn:3|rre:54
beir500k-f32,pos10_cat04,pos10,55993,acorn,256,3,57,1.0000,1.0000,0.00000,1.872,2.279,3.514,1.882,3714.6,10.0,4867.1,257.2,11.0,10.0,0.0,0.0,0.0,0.0,0.00,acorn:3|rre:54
beir500k-f32,pos10_cat04,pos10,55993,acorn,512,1,57,1.0000,1.0000,0.00000,3.077,3.786,5.647,3.138,5935.2,10.0,7821.5,513.1,23.0,22.0,0.0,0.0,0.0,0.0,0.00,acorn:3|rre:54
beir500k-f32,pos10_cat04,pos10,55993,acorn,512,2,57,1.0000,1.0000,0.00000,3.181,3.967,5.860,3.261,5935.2,10.0,7821.5,513.1,23.0,22.0,0.0,0.0,0.0,0.0,0.00,acorn:3|rre:54
beir500k-f32,pos10_cat04,pos10,55993,acorn,512,3,57,1.0000,1.0000,0.00000,3.107,3.943,5.632,3.154,5935.2,10.0,7821.5,513.1,23.0,22.0,0.0,0.0,0.0,0.0,0.00,acorn:3|rre:54
beir500k-f32,pos10_cat04,pos10,55993,pathseer,64,1,57,0.9965,0.9649,0.00004,0.657,0.932,0.986,0.668,1456.6,0.0,418.6,67.4,2.0,2.0,75.2,56.8,27.9,1.2,0.00,pathseer:57
beir500k-f32,pos10_cat04,pos10,55993,pathseer,64,2,57,0.9965,0.9649,0.00004,0.645,0.965,1.007,0.664,1456.6,0.0,418.6,67.4,2.0,2.0,75.2,56.8,27.9,1.2,0.00,pathseer:57
beir500k-f32,pos10_cat04,pos10,55993,pathseer,64,3,57,0.9965,0.9649,0.00004,0.643,0.942,0.975,0.658,1456.6,0.0,418.6,67.4,2.0,2.0,75.2,56.8,27.9,1.2,0.00,pathseer:57
beir500k-f32,pos10_cat04,pos10,55993,pathseer,128,1,57,0.9982,0.9825,0.00001,1.137,1.580,1.618,1.148,2472.6,0.0,739.8,132.4,3.0,3.0,138.1,100.2,54.2,2.2,0.00,pathseer:57
beir500k-f32,pos10_cat04,pos10,55993,pathseer,128,2,57,0.9982,0.9825,0.00001,1.129,1.536,1.617,1.138,2472.6,0.0,739.8,132.4,3.0,3.0,138.1,100.2,54.2,2.2,0.00,pathseer:57
beir500k-f32,pos10_cat04,pos10,55993,pathseer,128,3,57,0.9982,0.9825,0.00001,1.125,1.528,1.615,1.144,2472.6,0.0,739.8,132.4,3.0,3.0,138.1,100.2,54.2,2.2,0.00,pathseer:57
beir500k-f32,pos10_cat04,pos10,55993,pathseer,256,1,57,1.0000,1.0000,0.00000,2.087,2.801,2.899,2.097,4073.5,0.0,1345.4,263.4,5.0,5.0,249.3,172.8,111.8,3.9,0.00,pathseer:57
beir500k-f32,pos10_cat04,pos10,55993,pathseer,256,2,57,1.0000,1.0000,0.00000,2.050,6.110,10.451,2.624,4073.5,0.0,1345.4,263.4,5.0,5.0,249.3,172.8,111.8,3.9,0.00,pathseer:57
beir500k-f32,pos10_cat04,pos10,55993,pathseer,256,3,57,1.0000,1.0000,0.00000,1.917,2.552,2.735,1.965,4073.5,0.0,1345.4,263.4,5.0,5.0,249.3,172.8,111.8,3.9,0.00,pathseer:57
beir500k-f32,pos10_cat04,pos10,55993,pathseer,512,1,57,1.0000,1.0000,0.00000,3.555,4.625,4.878,3.576,6594.1,0.0,2514.9,525.5,8.0,8.0,490.7,347.7,233.0,7.7,0.00,pathseer:57
beir500k-f32,pos10_cat04,pos10,55993,pathseer,512,2,57,1.0000,1.0000,0.00000,3.553,4.797,5.444,3.547,6594.1,0.0,2514.9,525.5,8.0,8.0,490.7,347.7,233.0,7.7,0.00,pathseer:57
beir500k-f32,pos10_cat04,pos10,55993,pathseer,512,3,57,1.0000,1.0000,0.00000,3.477,4.631,4.970,3.546,6594.1,0.0,2514.9,525.5,8.0,8.0,490.7,347.7,233.0,7.7,0.00,pathseer:57
beir500k-f32,pos10_cat05,pos10,57358,sweeping,64,1,20,1.0000,1.0000,0.00000,0.672,4.026,9.997,1.474,3012.2,0.0,472.4,173.9,4.0,4.0,0.0,0.0,0.0,0.0,0.00,sweeping:20
beir500k-f32,pos10_cat05,pos10,57358,sweeping,64,2,20,1.0000,1.0000,0.00000,0.735,4.021,10.003,1.499,3012.2,0.0,472.4,173.9,4.0,4.0,0.0,0.0,0.0,0.0,0.00,sweeping:20
beir500k-f32,pos10_cat05,pos10,57358,sweeping,64,3,20,1.0000,1.0000,0.00000,0.694,4.026,10.208,1.504,3012.2,0.0,472.4,173.9,4.0,4.0,0.0,0.0,0.0,0.0,0.00,sweeping:20
beir500k-f32,pos10_cat05,pos10,57358,sweeping,128,1,20,1.0000,1.0000,0.00000,1.239,7.792,19.778,2.846,5485.2,0.0,889.3,373.5,5.0,7.0,0.0,0.0,0.0,0.0,0.00,sweeping:20
beir500k-f32,pos10_cat05,pos10,57358,sweeping,128,2,20,1.0000,1.0000,0.00000,1.298,7.814,19.431,2.856,5485.2,0.0,889.3,373.5,5.0,7.0,0.0,0.0,0.0,0.0,0.00,sweeping:20
beir500k-f32,pos10_cat05,pos10,57358,sweeping,128,3,20,1.0000,1.0000,0.00000,1.376,7.968,19.175,2.881,5485.2,0.0,889.3,373.5,5.0,7.0,0.0,0.0,0.0,0.0,0.00,sweeping:20
beir500k-f32,pos10_cat05,pos10,57358,sweeping,256,1,20,1.0000,1.0000,0.00000,2.311,13.397,36.625,5.190,9779.1,0.0,1690.5,831.6,11.0,15.0,0.0,0.0,0.0,0.0,0.00,sweeping:20
beir500k-f32,pos10_cat05,pos10,57358,sweeping,256,2,20,1.0000,1.0000,0.00000,2.282,13.883,37.187,5.297,9779.1,0.0,1690.5,831.6,11.0,15.0,0.0,0.0,0.0,0.0,0.00,sweeping:20
beir500k-f32,pos10_cat05,pos10,57358,sweeping,256,3,20,1.0000,1.0000,0.00000,2.441,14.307,37.915,5.412,9779.1,0.0,1690.5,831.6,11.0,15.0,0.0,0.0,0.0,0.0,0.00,sweeping:20
beir500k-f32,pos10_cat05,pos10,57358,sweeping,512,1,20,1.0000,1.0000,0.00000,4.986,26.367,64.766,10.163,16608.1,0.0,3186.2,1746.7,23.0,32.0,0.0,0.0,0.0,0.0,0.00,sweeping:20
beir500k-f32,pos10_cat05,pos10,57358,sweeping,512,2,20,1.0000,1.0000,0.00000,4.496,25.361,61.167,9.583,16608.1,0.0,3186.2,1746.7,23.0,32.0,0.0,0.0,0.0,0.0,0.00,sweeping:20
beir500k-f32,pos10_cat05,pos10,57358,sweeping,512,3,20,1.0000,1.0000,0.00000,4.691,24.624,61.989,9.517,16608.1,0.0,3186.2,1746.7,23.0,32.0,0.0,0.0,0.0,0.0,0.00,sweeping:20
beir500k-f32,pos10_cat05,pos10,57358,acorn,64,1,20,1.0000,1.0000,0.00000,0.532,1.704,1.912,0.699,1150.2,10.0,3377.1,66.3,4.0,4.0,0.0,0.0,0.0,0.0,0.00,acorn:4|rre:16
beir500k-f32,pos10_cat05,pos10,57358,acorn,64,2,20,1.0000,1.0000,0.00000,0.556,1.480,1.899,0.725,1150.2,10.0,3377.1,66.3,4.0,4.0,0.0,0.0,0.0,0.0,0.00,acorn:4|rre:16
beir500k-f32,pos10_cat05,pos10,57358,acorn,64,3,20,1.0000,1.0000,0.00000,0.564,1.428,2.017,0.705,1150.2,10.0,3377.1,66.3,4.0,4.0,0.0,0.0,0.0,0.0,0.00,acorn:4|rre:16
beir500k-f32,pos10_cat05,pos10,57358,acorn,128,1,20,1.0000,1.0000,0.00000,0.938,2.168,2.949,1.176,1856.0,10.0,5239.2,129.8,6.0,6.0,0.0,0.0,0.0,0.0,0.00,acorn:4|rre:16
beir500k-f32,pos10_cat05,pos10,57358,acorn,128,2,20,1.0000,1.0000,0.00000,0.996,2.551,3.263,1.240,1856.0,10.0,5239.2,129.8,6.0,6.0,0.0,0.0,0.0,0.0,0.00,acorn:4|rre:16
beir500k-f32,pos10_cat05,pos10,57358,acorn,128,3,20,1.0000,1.0000,0.00000,1.057,2.364,3.072,1.298,1856.0,10.0,5239.2,129.8,6.0,6.0,0.0,0.0,0.0,0.0,0.00,acorn:4|rre:16
beir500k-f32,pos10_cat05,pos10,57358,acorn,256,1,20,1.0000,1.0000,0.00000,1.561,3.771,4.428,1.875,2973.2,10.0,8221.2,257.7,13.0,13.0,0.0,0.0,0.0,0.0,0.00,acorn:4|rre:16
beir500k-f32,pos10_cat05,pos10,57358,acorn,256,2,20,1.0000,1.0000,0.00000,1.504,3.730,4.511,1.837,2973.2,10.0,8221.2,257.7,13.0,13.0,0.0,0.0,0.0,0.0,0.00,acorn:4|rre:16
beir500k-f32,pos10_cat05,pos10,57358,acorn,256,3,20,1.0000,1.0000,0.00000,1.448,3.718,4.540,1.830,2973.2,10.0,8221.2,257.7,13.0,13.0,0.0,0.0,0.0,0.0,0.00,acorn:4|rre:16
beir500k-f32,pos10_cat05,pos10,57358,acorn,512,1,20,1.0000,1.0000,0.00000,2.472,6.521,7.041,3.070,4604.6,10.0,12823.0,513.5,28.0,26.0,0.0,0.0,0.0,0.0,0.00,acorn:4|rre:16
beir500k-f32,pos10_cat05,pos10,57358,acorn,512,2,20,1.0000,1.0000,0.00000,2.556,6.639,7.603,3.164,4604.6,10.0,12823.0,513.5,28.0,26.0,0.0,0.0,0.0,0.0,0.00,acorn:4|rre:16
beir500k-f32,pos10_cat05,pos10,57358,acorn,512,3,20,1.0000,1.0000,0.00000,2.566,6.656,7.578,3.100,4604.6,10.0,12823.0,513.5,28.0,26.0,0.0,0.0,0.0,0.0,0.00,acorn:4|rre:16
beir500k-f32,pos10_cat05,pos10,57358,pathseer,64,1,20,1.0000,1.0000,0.00000,0.635,1.227,1.296,0.721,1454.0,0.0,1126.5,97.5,3.0,3.0,112.0,40.0,584.7,1.8,0.00,pathseer:20
beir500k-f32,pos10_cat05,pos10,57358,pathseer,64,2,20,1.0000,1.0000,0.00000,0.665,1.223,1.510,0.754,1454.0,0.0,1126.5,97.5,3.0,3.0,112.0,40.0,584.7,1.8,0.00,pathseer:20
beir500k-f32,pos10_cat05,pos10,57358,pathseer,64,3,20,1.0000,1.0000,0.00000,0.722,1.211,1.416,0.743,1454.0,0.0,1126.5,97.5,3.0,3.0,112.0,40.0,584.7,1.8,0.00,pathseer:20
beir500k-f32,pos10_cat05,pos10,57358,pathseer,128,1,20,1.0000,1.0000,0.00000,1.181,2.419,2.575,1.310,2484.3,0.0,2114.7,199.2,4.0,4.0,172.8,70.2,1149.5,2.7,0.00,pathseer:20
beir500k-f32,pos10_cat05,pos10,57358,pathseer,128,2,20,1.0000,1.0000,0.00000,1.144,2.671,2.751,1.322,2484.3,0.0,2114.7,199.2,4.0,4.0,172.8,70.2,1149.5,2.7,0.00,pathseer:20
beir500k-f32,pos10_cat05,pos10,57358,pathseer,128,3,20,1.0000,1.0000,0.00000,1.137,2.535,2.678,1.284,2484.3,0.0,2114.7,199.2,4.0,4.0,172.8,70.2,1149.5,2.7,0.00,pathseer:20
beir500k-f32,pos10_cat05,pos10,57358,pathseer,256,1,20,1.0000,1.0000,0.00000,2.025,4.253,6.580,2.381,4232.8,0.0,4638.6,462.2,6.0,7.0,323.2,129.0,2720.7,5.0,0.00,pathseer:20
beir500k-f32,pos10_cat05,pos10,57358,pathseer,256,2,20,1.0000,1.0000,0.00000,2.004,4.189,6.837,2.403,4232.8,0.0,4638.6,462.2,6.0,7.0,323.2,129.0,2720.7,5.0,0.00,pathseer:20
beir500k-f32,pos10_cat05,pos10,57358,pathseer,256,3,20,1.0000,1.0000,0.00000,1.995,4.337,6.703,2.376,4232.8,0.0,4638.6,462.2,6.0,7.0,323.2,129.0,2720.7,5.0,0.00,pathseer:20
beir500k-f32,pos10_cat05,pos10,57358,pathseer,512,1,20,1.0000,1.0000,0.00000,3.623,7.715,15.975,4.469,7139.9,0.0,9122.0,1031.3,11.0,13.0,691.2,256.2,5220.4,10.8,0.00,pathseer:20
beir500k-f32,pos10_cat05,pos10,57358,pathseer,512,2,20,1.0000,1.0000,0.00000,3.623,7.760,15.335,4.326,7139.9,0.0,9122.0,1031.3,11.0,13.0,691.2,256.2,5220.4,10.8,0.00,pathseer:20
beir500k-f32,pos10_cat05,pos10,57358,pathseer,512,3,20,1.0000,1.0000,0.00000,3.390,7.869,15.240,4.268,7139.9,0.0,9122.0,1031.3,11.0,13.0,691.2,256.2,5220.4,10.8,0.00,pathseer:20
beir500k-f32,pos10_cat06,pos10,64313,sweeping,64,1,49,1.0000,1.0000,0.00000,0.681,1.114,1.400,0.709,1460.7,0.0,208.6,71.0,3.0,4.0,0.0,0.0,0.0,0.0,0.00,sweeping:49
beir500k-f32,pos10_cat06,pos10,64313,sweeping,64,2,49,1.0000,1.0000,0.00000,0.680,1.060,1.400,0.711,1460.7,0.0,208.6,71.0,3.0,4.0,0.0,0.0,0.0,0.0,0.00,sweeping:49
beir500k-f32,pos10_cat06,pos10,64313,sweeping,64,3,49,1.0000,1.0000,0.00000,0.670,1.058,1.381,0.711,1460.7,0.0,208.6,71.0,3.0,4.0,0.0,0.0,0.0,0.0,0.00,sweeping:49
beir500k-f32,pos10_cat06,pos10,64313,sweeping,128,1,49,1.0000,1.0000,0.00000,1.153,2.055,2.639,1.224,2524.7,0.0,356.4,141.0,5.0,6.0,0.0,0.0,0.0,0.0,0.00,sweeping:49
beir500k-f32,pos10_cat06,pos10,64313,sweeping,128,2,49,1.0000,1.0000,0.00000,1.160,2.076,2.763,1.227,2524.7,0.0,356.4,141.0,5.0,6.0,0.0,0.0,0.0,0.0,0.00,sweeping:49
beir500k-f32,pos10_cat06,pos10,64313,sweeping,128,3,49,1.0000,1.0000,0.00000,1.172,2.125,2.788,1.243,2524.7,0.0,356.4,141.0,5.0,6.0,0.0,0.0,0.0,0.0,0.00,sweeping:49
beir500k-f32,pos10_cat06,pos10,64313,sweeping,256,1,49,1.0000,1.0000,0.00000,2.102,3.994,4.954,2.228,4331.8,0.0,638.5,282.0,10.0,11.0,0.0,0.0,0.0,0.0,0.00,sweeping:49
beir500k-f32,pos10_cat06,pos10,64313,sweeping,256,2,49,1.0000,1.0000,0.00000,2.062,4.046,4.867,2.205,4331.8,0.0,638.5,282.0,10.0,11.0,0.0,0.0,0.0,0.0,0.00,sweeping:49
beir500k-f32,pos10_cat06,pos10,64313,sweeping,256,3,49,1.0000,1.0000,0.00000,2.029,3.945,4.683,2.154,4331.8,0.0,638.5,282.0,10.0,11.0,0.0,0.0,0.0,0.0,0.00,sweeping:49
beir500k-f32,pos10_cat06,pos10,64313,sweeping,512,1,49,1.0000,1.0000,0.00000,3.455,7.029,8.407,3.814,7312.2,0.0,1180.7,568.1,23.0,24.0,0.0,0.0,0.0,0.0,0.00,sweeping:49
beir500k-f32,pos10_cat06,pos10,64313,sweeping,512,2,49,1.0000,1.0000,0.00000,3.560,7.351,8.600,3.844,7312.2,0.0,1180.7,568.1,23.0,24.0,0.0,0.0,0.0,0.0,0.00,sweeping:49
beir500k-f32,pos10_cat06,pos10,64313,sweeping,512,3,49,1.0000,1.0000,0.00000,3.453,7.295,8.648,3.855,7312.2,0.0,1180.7,568.1,23.0,24.0,0.0,0.0,0.0,0.0,0.00,sweeping:49
beir500k-f32,pos10_cat06,pos10,64313,acorn,64,1,49,1.0000,1.0000,0.00000,0.635,1.223,1.442,0.695,1326.5,10.0,1974.1,65.7,3.0,3.0,0.0,0.0,0.0,0.0,0.00,acorn:6|rre:43
beir500k-f32,pos10_cat06,pos10,64313,acorn,64,2,49,1.0000,1.0000,0.00000,0.644,1.228,1.425,0.695,1326.5,10.0,1974.1,65.7,3.0,3.0,0.0,0.0,0.0,0.0,0.00,acorn:6|rre:43
beir500k-f32,pos10_cat06,pos10,64313,acorn,64,3,49,1.0000,1.0000,0.00000,0.644,1.247,1.561,0.694,1326.5,10.0,1974.1,65.7,3.0,3.0,0.0,0.0,0.0,0.0,0.00,acorn:6|rre:43
beir500k-f32,pos10_cat06,pos10,64313,acorn,128,1,49,1.0000,1.0000,0.00000,1.155,2.170,2.431,1.227,2216.4,10.0,3191.6,129.3,5.0,5.0,0.0,0.0,0.0,0.0,0.00,acorn:6|rre:43
beir500k-f32,pos10_cat06,pos10,64313,acorn,128,2,49,1.0000,1.0000,0.00000,1.136,1.913,2.321,1.206,2216.4,10.0,3191.6,129.3,5.0,5.0,0.0,0.0,0.0,0.0,0.00,acorn:6|rre:43
beir500k-f32,pos10_cat06,pos10,64313,acorn,128,3,49,1.0000,1.0000,0.00000,1.119,1.960,2.404,1.204,2216.4,10.0,3191.6,129.3,5.0,5.0,0.0,0.0,0.0,0.0,0.00,acorn:6|rre:43
beir500k-f32,pos10_cat06,pos10,64313,acorn,256,1,49,1.0000,1.0000,0.00000,1.896,3.342,4.141,2.066,3689.3,10.0,5372.5,257.3,10.0,10.0,0.0,0.0,0.0,0.0,0.00,acorn:6|rre:43
beir500k-f32,pos10_cat06,pos10,64313,acorn,256,2,49,1.0000,1.0000,0.00000,1.877,3.322,4.070,1.977,3689.3,10.0,5372.5,257.3,10.0,10.0,0.0,0.0,0.0,0.0,0.00,acorn:6|rre:43
beir500k-f32,pos10_cat06,pos10,64313,acorn,256,3,49,1.0000,1.0000,0.00000,1.884,3.410,4.354,2.036,3689.3,10.0,5372.5,257.3,10.0,10.0,0.0,0.0,0.0,0.0,0.00,acorn:6|rre:43
beir500k-f32,pos10_cat06,pos10,64313,acorn,512,1,49,1.0000,1.0000,0.00000,3.224,5.971,7.024,3.466,5958.4,10.0,8768.9,513.2,23.0,22.0,0.0,0.0,0.0,0.0,0.00,acorn:6|rre:43
beir500k-f32,pos10_cat06,pos10,64313,acorn,512,2,49,1.0000,1.0000,0.00000,3.262,5.901,7.089,3.516,5958.4,10.0,8768.9,513.2,23.0,22.0,0.0,0.0,0.0,0.0,0.00,acorn:6|rre:43
beir500k-f32,pos10_cat06,pos10,64313,acorn,512,3,49,1.0000,1.0000,0.00000,3.335,6.013,7.229,3.599,5958.4,10.0,8768.9,513.2,23.0,22.0,0.0,0.0,0.0,0.0,0.00,acorn:6|rre:43
beir500k-f32,pos10_cat06,pos10,64313,pathseer,64,1,49,1.0000,1.0000,0.00000,0.683,0.850,0.959,0.679,1408.7,0.0,431.3,68.4,2.0,2.0,70.5,49.4,46.0,1.1,0.00,pathseer:49
beir500k-f32,pos10_cat06,pos10,64313,pathseer,64,2,49,1.0000,1.0000,0.00000,0.678,0.864,0.918,0.684,1408.7,0.0,431.3,68.4,2.0,2.0,70.5,49.4,46.0,1.1,0.00,pathseer:49
beir500k-f32,pos10_cat06,pos10,64313,pathseer,64,3,49,1.0000,1.0000,0.00000,0.691,0.837,0.940,0.679,1408.7,0.0,431.3,68.4,2.0,2.0,70.5,49.4,46.0,1.1,0.00,pathseer:49
beir500k-f32,pos10_cat06,pos10,64313,pathseer,128,1,49,1.0000,1.0000,0.00000,1.162,1.504,1.697,1.171,2396.9,0.0,805.8,135.4,3.0,3.0,139.8,98.9,104.0,2.2,0.00,pathseer:49
beir500k-f32,pos10_cat06,pos10,64313,pathseer,128,2,49,1.0000,1.0000,0.00000,1.175,1.505,1.703,1.183,2396.9,0.0,805.8,135.4,3.0,3.0,139.8,98.9,104.0,2.2,0.00,pathseer:49
beir500k-f32,pos10_cat06,pos10,64313,pathseer,128,3,49,1.0000,1.0000,0.00000,1.179,1.497,1.731,1.182,2396.9,0.0,805.8,135.4,3.0,3.0,139.8,98.9,104.0,2.2,0.00,pathseer:49
beir500k-f32,pos10_cat06,pos10,64313,pathseer,256,1,49,1.0000,1.0000,0.00000,1.960,2.683,2.880,2.017,4017.6,0.0,1463.9,269.5,5.0,5.0,249.5,174.2,202.6,3.9,0.00,pathseer:49
beir500k-f32,pos10_cat06,pos10,64313,pathseer,256,2,49,1.0000,1.0000,0.00000,1.999,2.750,2.899,2.016,4017.6,0.0,1463.9,269.5,5.0,5.0,249.5,174.2,202.6,3.9,0.00,pathseer:49
beir500k-f32,pos10_cat06,pos10,64313,pathseer,256,3,49,1.0000,1.0000,0.00000,2.000,2.661,2.884,2.026,4017.6,0.0,1463.9,269.5,5.0,5.0,249.5,174.2,202.6,3.9,0.00,pathseer:49
beir500k-f32,pos10_cat06,pos10,64313,pathseer,512,1,49,1.0000,1.0000,0.00000,3.373,4.936,5.016,3.471,6593.2,0.0,2805.4,541.2,8.0,9.0,496.3,335.0,447.3,7.8,0.00,pathseer:49
beir500k-f32,pos10_cat06,pos10,64313,pathseer,512,2,49,1.0000,1.0000,0.00000,3.411,4.979,5.191,3.466,6593.2,0.0,2805.4,541.2,8.0,9.0,496.3,335.0,447.3,7.8,0.00,pathseer:49
beir500k-f32,pos10_cat06,pos10,64313,pathseer,512,3,49,1.0000,1.0000,0.00000,3.364,4.917,5.037,3.451,6593.2,0.0,2805.4,541.2,8.0,9.0,496.3,335.0,447.3,7.8,0.00,pathseer:49
beir500k-f32,pos10_cat07,pos10,78303,sweeping,64,1,41,0.9951,0.9512,0.00009,0.858,3.031,4.292,1.138,2260.6,0.0,360.7,107.5,3.0,4.0,0.0,0.0,0.0,0.0,0.00,sweeping:41
beir500k-f32,pos10_cat07,pos10,78303,sweeping,64,2,41,0.9951,0.9512,0.00009,0.857,3.010,4.281,1.134,2260.6,0.0,360.7,107.5,3.0,4.0,0.0,0.0,0.0,0.0,0.00,sweeping:41
beir500k-f32,pos10_cat07,pos10,78303,sweeping,64,3,41,0.9951,0.9512,0.00009,0.843,3.063,4.727,1.189,2260.6,0.0,360.7,107.5,3.0,4.0,0.0,0.0,0.0,0.0,0.00,sweeping:41
beir500k-f32,pos10_cat07,pos10,78303,sweeping,128,1,41,0.9976,0.9756,0.00007,1.558,4.889,8.577,2.080,4107.1,0.0,622.5,223.0,5.0,6.0,0.0,0.0,0.0,0.0,0.00,sweeping:41
beir500k-f32,pos10_cat07,pos10,78303,sweeping,128,2,41,0.9976,0.9756,0.00007,1.618,5.069,8.873,2.145,4107.1,0.0,622.5,223.0,5.0,6.0,0.0,0.0,0.0,0.0,0.00,sweeping:41
beir500k-f32,pos10_cat07,pos10,78303,sweeping,128,3,41,0.9976,0.9756,0.00007,1.729,5.427,9.629,2.296,4107.1,0.0,622.5,223.0,5.0,6.0,0.0,0.0,0.0,0.0,0.00,sweeping:41
beir500k-f32,pos10_cat07,pos10,78303,sweeping,256,1,41,1.0000,1.0000,0.00000,2.815,8.815,16.404,3.911,7318.0,0.0,1098.4,460.2,9.0,13.0,0.0,0.0,0.0,0.0,0.00,sweeping:41
beir500k-f32,pos10_cat07,pos10,78303,sweeping,256,2,41,1.0000,1.0000,0.00000,2.719,8.557,15.585,3.760,7318.0,0.0,1098.4,460.2,9.0,13.0,0.0,0.0,0.0,0.0,0.00,sweeping:41
beir500k-f32,pos10_cat07,pos10,78303,sweeping,256,3,41,1.0000,1.0000,0.00000,2.825,8.935,16.490,3.863,7318.0,0.0,1098.4,460.2,9.0,13.0,0.0,0.0,0.0,0.0,0.00,sweeping:41
beir500k-f32,pos10_cat07,pos10,78303,sweeping,512,1,41,1.0000,1.0000,0.00000,5.044,14.467,27.481,6.874,12969.7,0.0,2010.3,951.4,19.0,29.0,0.0,0.0,0.0,0.0,0.00,sweeping:41
beir500k-f32,pos10_cat07,pos10,78303,sweeping,512,2,41,1.0000,1.0000,0.00000,5.209,15.091,28.314,7.064,12969.7,0.0,2010.3,951.4,19.0,29.0,0.0,0.0,0.0,0.0,0.00,sweeping:41
beir500k-f32,pos10_cat07,pos10,78303,sweeping,512,3,41,1.0000,1.0000,0.00000,4.997,14.432,27.291,6.882,12969.7,0.0,2010.3,951.4,19.0,29.0,0.0,0.0,0.0,0.0,0.00,sweeping:41
beir500k-f32,pos10_cat07,pos10,78303,acorn,64,1,41,0.9927,0.9268,0.00014,0.728,1.938,2.236,0.984,1597.8,10.0,4089.0,65.9,3.0,3.0,0.0,0.0,0.0,0.0,0.00,acorn:13|rre:28
beir500k-f32,pos10_cat07,pos10,78303,acorn,64,2,41,0.9927,0.9268,0.00014,0.730,1.985,2.268,0.999,1597.8,10.0,4089.0,65.9,3.0,3.0,0.0,0.0,0.0,0.0,0.00,acorn:13|rre:28
beir500k-f32,pos10_cat07,pos10,78303,acorn,64,3,41,0.9927,0.9268,0.00014,0.745,1.986,2.261,0.998,1597.8,10.0,4089.0,65.9,3.0,3.0,0.0,0.0,0.0,0.0,0.00,acorn:13|rre:28
beir500k-f32,pos10_cat07,pos10,78303,acorn,128,1,41,0.9976,0.9756,0.00007,1.269,3.297,3.407,1.659,2673.1,10.0,6679.2,129.6,5.0,5.0,0.0,0.0,0.0,0.0,0.00,acorn:13|rre:28
beir500k-f32,pos10_cat07,pos10,78303,acorn,128,2,41,0.9976,0.9756,0.00007,1.223,3.361,3.592,1.668,2673.1,10.0,6679.2,129.6,5.0,5.0,0.0,0.0,0.0,0.0,0.00,acorn:13|rre:28
beir500k-f32,pos10_cat07,pos10,78303,acorn,128,3,41,0.9976,0.9756,0.00007,1.281,3.396,3.532,1.682,2673.1,10.0,6679.2,129.6,5.0,5.0,0.0,0.0,0.0,0.0,0.00,acorn:13|rre:28
beir500k-f32,pos10_cat07,pos10,78303,acorn,256,1,41,1.0000,1.0000,0.00000,2.144,5.511,6.053,2.798,4436.2,10.0,10801.2,257.6,10.0,10.0,0.0,0.0,0.0,0.0,0.00,acorn:13|rre:28
beir500k-f32,pos10_cat07,pos10,78303,acorn,256,2,41,1.0000,1.0000,0.00000,2.161,5.670,6.155,2.855,4436.2,10.0,10801.2,257.6,10.0,10.0,0.0,0.0,0.0,0.0,0.00,acorn:13|rre:28
beir500k-f32,pos10_cat07,pos10,78303,acorn,256,3,41,1.0000,1.0000,0.00000,2.131,5.283,6.342,2.744,4436.2,10.0,10801.2,257.6,10.0,10.0,0.0,0.0,0.0,0.0,0.00,acorn:13|rre:28
beir500k-f32,pos10_cat07,pos10,78303,acorn,512,1,41,1.0000,1.0000,0.00000,3.640,8.494,9.433,4.627,7165.8,10.0,17216.3,513.5,22.0,21.0,0.0,0.0,0.0,0.0,0.00,acorn:13|rre:28
beir500k-f32,pos10_cat07,pos10,78303,acorn,512,2,41,1.0000,1.0000,0.00000,3.987,9.993,14.378,5.279,7165.8,10.0,17216.3,513.5,22.0,21.0,0.0,0.0,0.0,0.0,0.00,acorn:13|rre:28
beir500k-f32,pos10_cat07,pos10,78303,acorn,512,3,41,1.0000,1.0000,0.00000,3.686,8.752,9.539,4.683,7165.8,10.0,17216.3,513.5,22.0,21.0,0.0,0.0,0.0,0.0,0.00,acorn:13|rre:28
beir500k-f32,pos10_cat07,pos10,78303,pathseer,64,1,41,0.9951,0.9512,0.00009,0.828,1.183,1.255,0.855,1581.8,0.0,827.7,82.3,2.0,3.0,98.3,47.2,296.5,1.5,0.00,pathseer:41
beir500k-f32,pos10_cat07,pos10,78303,pathseer,64,2,41,0.9951,0.9512,0.00009,0.815,1.124,1.294,0.844,1581.8,0.0,827.7,82.3,2.0,3.0,98.3,47.2,296.5,1.5,0.00,pathseer:41
beir500k-f32,pos10_cat07,pos10,78303,pathseer,64,3,41,0.9951,0.9512,0.00009,0.784,1.146,1.227,0.817,1581.8,0.0,827.7,82.3,2.0,3.0,98.3,47.2,296.5,1.5,0.00,pathseer:41
beir500k-f32,pos10_cat07,pos10,78303,pathseer,128,1,41,0.9976,0.9756,0.00007,1.489,2.141,2.493,1.486,2755.0,0.0,1594.0,168.8,3.0,4.0,154.5,75.4,655.7,2.4,0.00,pathseer:41
beir500k-f32,pos10_cat07,pos10,78303,pathseer,128,2,41,0.9976,0.9756,0.00007,1.485,2.276,2.593,1.507,2755.0,0.0,1594.0,168.8,3.0,4.0,154.5,75.4,655.7,2.4,0.00,pathseer:41
beir500k-f32,pos10_cat07,pos10,78303,pathseer,128,3,41,0.9976,0.9756,0.00007,1.460,2.221,2.594,1.479,2755.0,0.0,1594.0,168.8,3.0,4.0,154.5,75.4,655.7,2.4,0.00,pathseer:41
beir500k-f32,pos10_cat07,pos10,78303,pathseer,256,1,41,1.0000,1.0000,0.00000,2.657,4.298,4.880,2.732,4775.0,0.0,3052.6,345.2,5.0,5.0,288.8,142.8,1323.8,4.5,0.00,pathseer:41
beir500k-f32,pos10_cat07,pos10,78303,pathseer,256,2,41,1.0000,1.0000,0.00000,2.584,4.545,4.703,2.653,4775.0,0.0,3052.6,345.2,5.0,5.0,288.8,142.8,1323.8,4.5,0.00,pathseer:41
beir500k-f32,pos10_cat07,pos10,78303,pathseer,256,3,41,1.0000,1.0000,0.00000,2.604,4.246,4.569,2.628,4775.0,0.0,3052.6,345.2,5.0,5.0,288.8,142.8,1323.8,4.5,0.00,pathseer:41
beir500k-f32,pos10_cat07,pos10,78303,pathseer,512,1,41,1.0000,1.0000,0.00000,4.557,6.631,8.467,4.564,8103.4,0.0,5681.5,697.0,9.0,10.0,574.4,279.9,2483.2,9.0,0.00,pathseer:41
beir500k-f32,pos10_cat07,pos10,78303,pathseer,512,2,41,1.0000,1.0000,0.00000,4.582,6.576,8.609,4.588,8103.4,0.0,5681.5,697.0,9.0,10.0,574.4,279.9,2483.2,9.0,0.00,pathseer:41
beir500k-f32,pos10_cat07,pos10,78303,pathseer,512,3,41,1.0000,1.0000,0.00000,4.659,6.868,8.630,4.609,8103.4,0.0,5681.5,697.0,9.0,10.0,574.4,279.9,2483.2,9.0,0.00,pathseer:41
beir500k-f32,pos10_cat08,pos10,51067,sweeping,64,1,52,0.9750,0.8846,0.00079,0.759,1.075,1.616,0.836,1764.3,0.0,239.8,78.3,3.0,3.0,0.0,0.0,0.0,0.0,0.00,sweeping:52
beir500k-f32,pos10_cat08,pos10,51067,sweeping,64,2,52,0.9750,0.8846,0.00079,0.758,1.056,1.639,0.840,1764.3,0.0,239.8,78.3,3.0,3.0,0.0,0.0,0.0,0.0,0.00,sweeping:52
beir500k-f32,pos10_cat08,pos10,51067,sweeping,64,3,52,0.9750,0.8846,0.00079,0.744,1.056,1.625,0.826,1764.3,0.0,239.8,78.3,3.0,3.0,0.0,0.0,0.0,0.0,0.00,sweeping:52
beir500k-f32,pos10_cat08,pos10,51067,sweeping,128,1,52,0.9981,0.9808,0.00009,1.352,2.045,2.849,1.490,3060.5,0.0,419.4,152.7,5.0,6.0,0.0,0.0,0.0,0.0,0.00,sweeping:52
beir500k-f32,pos10_cat08,pos10,51067,sweeping,128,2,52,0.9981,0.9808,0.00009,1.364,2.087,2.729,1.499,3060.5,0.0,419.4,152.7,5.0,6.0,0.0,0.0,0.0,0.0,0.00,sweeping:52
beir500k-f32,pos10_cat08,pos10,51067,sweeping,128,3,52,0.9981,0.9808,0.00009,1.373,2.075,2.803,1.517,3060.5,0.0,419.4,152.7,5.0,6.0,0.0,0.0,0.0,0.0,0.00,sweeping:52
beir500k-f32,pos10_cat08,pos10,51067,sweeping,256,1,52,1.0000,1.0000,0.00000,2.363,3.388,4.253,2.623,5187.2,0.0,746.7,300.2,10.0,11.0,0.0,0.0,0.0,0.0,0.00,sweeping:52
beir500k-f32,pos10_cat08,pos10,51067,sweeping,256,2,52,1.0000,1.0000,0.00000,2.407,3.581,4.370,2.632,5187.2,0.0,746.7,300.2,10.0,11.0,0.0,0.0,0.0,0.0,0.00,sweeping:52
beir500k-f32,pos10_cat08,pos10,51067,sweeping,256,3,52,1.0000,1.0000,0.00000,2.413,3.493,4.325,2.652,5187.2,0.0,746.7,300.2,10.0,11.0,0.0,0.0,0.0,0.0,0.00,sweeping:52
beir500k-f32,pos10_cat08,pos10,51067,sweeping,512,1,52,1.0000,1.0000,0.00000,4.048,5.978,7.171,4.431,8666.0,0.0,1344.8,599.5,21.0,22.0,0.0,0.0,0.0,0.0,0.00,sweeping:52
beir500k-f32,pos10_cat08,pos10,51067,sweeping,512,2,52,1.0000,1.0000,0.00000,4.034,5.935,7.018,4.393,8666.0,0.0,1344.8,599.5,21.0,22.0,0.0,0.0,0.0,0.0,0.00,sweeping:52
beir500k-f32,pos10_cat08,pos10,51067,sweeping,512,3,52,1.0000,1.0000,0.00000,3.996,5.868,6.980,4.387,8666.0,0.0,1344.8,599.5,21.0,22.0,0.0,0.0,0.0,0.0,0.00,sweeping:52
beir500k-f32,pos10_cat08,pos10,51067,acorn,64,1,52,0.9731,0.8654,0.00079,0.674,0.862,1.501,0.716,1442.3,10.0,2027.2,65.7,3.0,3.0,0.0,0.0,0.0,0.0,0.00,acorn:3|rre:49
beir500k-f32,pos10_cat08,pos10,51067,acorn,64,2,52,0.9731,0.8654,0.00079,0.691,0.879,1.513,0.718,1442.3,10.0,2027.2,65.7,3.0,3.0,0.0,0.0,0.0,0.0,0.00,acorn:3|rre:49
beir500k-f32,pos10_cat08,pos10,51067,acorn,64,3,52,0.9731,0.8654,0.00079,0.708,1.288,1.597,0.769,1442.3,10.0,2027.2,65.7,3.0,3.0,0.0,0.0,0.0,0.0,0.00,acorn:3|rre:49
beir500k-f32,pos10_cat08,pos10,51067,acorn,128,1,52,0.9981,0.9808,0.00009,1.171,1.542,2.471,1.245,2484.0,10.0,3443.9,129.4,5.0,5.0,0.0,0.0,0.0,0.0,0.00,acorn:3|rre:49
beir500k-f32,pos10_cat08,pos10,51067,acorn,128,2,52,0.9981,0.9808,0.00009,1.183,1.505,2.519,1.249,2484.0,10.0,3443.9,129.4,5.0,5.0,0.0,0.0,0.0,0.0,0.00,acorn:3|rre:49
beir500k-f32,pos10_cat08,pos10,51067,acorn,128,3,52,0.9981,0.9808,0.00009,1.158,1.517,2.494,1.250,2484.0,10.0,3443.9,129.4,5.0,5.0,0.0,0.0,0.0,0.0,0.00,acorn:3|rre:49
beir500k-f32,pos10_cat08,pos10,51067,acorn,256,1,52,1.0000,1.0000,0.00000,1.995,2.609,3.920,2.126,4170.6,10.0,5625.4,257.3,10.0,10.0,0.0,0.0,0.0,0.0,0.00,acorn:3|rre:49
beir500k-f32,pos10_cat08,pos10,51067,acorn,256,2,52,1.0000,1.0000,0.00000,2.023,2.660,4.024,2.137,4170.6,10.0,5625.4,257.3,10.0,10.0,0.0,0.0,0.0,0.0,0.00,acorn:3|rre:49
beir500k-f32,pos10_cat08,pos10,51067,acorn,256,3,52,1.0000,1.0000,0.00000,2.030,2.682,3.932,2.112,4170.6,10.0,5625.4,257.3,10.0,10.0,0.0,0.0,0.0,0.0,0.00,acorn:3|rre:49
beir500k-f32,pos10_cat08,pos10,51067,acorn,512,1,52,1.0000,1.0000,0.00000,3.564,4.515,6.598,3.740,6787.1,10.0,9032.5,513.2,22.0,21.0,0.0,0.0,0.0,0.0,0.00,acorn:3|rre:49
beir500k-f32,pos10_cat08,pos10,51067,acorn,512,2,52,1.0000,1.0000,0.00000,3.505,4.324,6.598,3.626,6787.1,10.0,9032.5,513.2,22.0,21.0,0.0,0.0,0.0,0.0,0.00,acorn:3|rre:49
beir500k-f32,pos10_cat08,pos10,51067,acorn,512,3,52,1.0000,1.0000,0.00000,3.474,4.376,6.601,3.618,6787.1,10.0,9032.5,513.2,22.0,21.0,0.0,0.0,0.0,0.0,0.00,acorn:3|rre:49
beir500k-f32,pos10_cat08,pos10,51067,pathseer,64,1,52,0.9750,0.8846,0.00079,0.751,0.878,0.894,0.747,1578.9,0.0,535.4,71.9,2.0,2.0,80.0,53.4,118.9,1.2,0.00,pathseer:52
beir500k-f32,pos10_cat08,pos10,51067,pathseer,64,2,52,0.9750,0.8846,0.00079,0.732,0.876,0.921,0.742,1578.9,0.0,535.4,71.9,2.0,2.0,80.0,53.4,118.9,1.2,0.00,pathseer:52
beir500k-f32,pos10_cat08,pos10,51067,pathseer,64,3,52,0.9750,0.8846,0.00079,0.728,0.885,0.907,0.736,1578.9,0.0,535.4,71.9,2.0,2.0,80.0,53.4,118.9,1.2,0.00,pathseer:52
beir500k-f32,pos10_cat08,pos10,51067,pathseer,128,1,52,0.9981,0.9808,0.00009,1.288,1.533,1.620,1.300,2743.8,0.0,949.0,140.5,3.0,3.0,145.2,95.9,202.4,2.3,0.00,pathseer:52
beir500k-f32,pos10_cat08,pos10,51067,pathseer,128,2,52,0.9981,0.9808,0.00009,1.284,1.551,1.662,1.305,2743.8,0.0,949.0,140.5,3.0,3.0,145.2,95.9,202.4,2.3,0.00,pathseer:52
beir500k-f32,pos10_cat08,pos10,51067,pathseer,128,3,52,0.9981,0.9808,0.00009,1.276,1.526,1.565,1.290,2743.8,0.0,949.0,140.5,3.0,3.0,145.2,95.9,202.4,2.3,0.00,pathseer:52
beir500k-f32,pos10_cat08,pos10,51067,pathseer,256,1,52,1.0000,1.0000,0.00000,2.264,2.643,2.753,2.269,4652.9,0.0,1710.3,280.0,5.0,5.0,242.5,165.2,357.1,3.8,0.00,pathseer:52
beir500k-f32,pos10_cat08,pos10,51067,pathseer,256,2,52,1.0000,1.0000,0.00000,2.306,2.872,2.949,2.341,4652.9,0.0,1710.3,280.0,5.0,5.0,242.5,165.2,357.1,3.8,0.00,pathseer:52
beir500k-f32,pos10_cat08,pos10,51067,pathseer,256,3,52,1.0000,1.0000,0.00000,2.254,2.667,2.708,2.269,4652.9,0.0,1710.3,280.0,5.0,5.0,242.5,165.2,357.1,3.8,0.00,pathseer:52
beir500k-f32,pos10_cat08,pos10,51067,pathseer,512,1,52,1.0000,1.0000,0.00000,4.078,4.927,5.228,4.106,7668.8,0.0,3196.2,562.6,8.0,9.0,486.2,323.9,673.0,7.6,0.00,pathseer:52
beir500k-f32,pos10_cat08,pos10,51067,pathseer,512,2,52,1.0000,1.0000,0.00000,4.064,4.981,5.039,4.146,7668.8,0.0,3196.2,562.6,8.0,9.0,486.2,323.9,673.0,7.6,0.00,pathseer:52
beir500k-f32,pos10_cat08,pos10,51067,pathseer,512,3,52,1.0000,1.0000,0.00000,4.064,4.943,5.105,4.084,7668.8,0.0,3196.2,562.6,8.0,9.0,486.2,323.9,673.0,7.6,0.00,pathseer:52
beir500k-f32,pos10_cat09,pos10,56475,sweeping,64,1,55,0.9909,0.9273,0.00019,0.653,0.869,1.390,0.711,1437.2,0.0,203.6,71.4,3.0,3.0,0.0,0.0,0.0,0.0,0.00,sweeping:55
beir500k-f32,pos10_cat09,pos10,56475,sweeping,64,2,55,0.9909,0.9273,0.00019,0.685,0.904,1.480,0.743,1437.2,0.0,203.6,71.4,3.0,3.0,0.0,0.0,0.0,0.0,0.00,sweeping:55
beir500k-f32,pos10_cat09,pos10,56475,sweeping,64,3,55,0.9909,0.9273,0.00019,0.666,0.926,1.373,0.723,1437.2,0.0,203.6,71.4,3.0,3.0,0.0,0.0,0.0,0.0,0.00,sweeping:55
beir500k-f32,pos10_cat09,pos10,56475,sweeping,128,1,55,0.9927,0.9455,0.00016,1.188,1.754,2.178,1.309,2478.8,0.0,353.2,142.8,5.0,6.0,0.0,0.0,0.0,0.0,0.00,sweeping:55
beir500k-f32,pos10_cat09,pos10,56475,sweeping,128,2,55,0.9927,0.9455,0.00016,1.136,1.668,2.077,1.240,2478.8,0.0,353.2,142.8,5.0,6.0,0.0,0.0,0.0,0.0,0.00,sweeping:55
beir500k-f32,pos10_cat09,pos10,56475,sweeping,128,3,55,0.9927,0.9455,0.00016,1.120,1.719,2.062,1.227,2478.8,0.0,353.2,142.8,5.0,6.0,0.0,0.0,0.0,0.0,0.00,sweeping:55
beir500k-f32,pos10_cat09,pos10,56475,sweeping,256,1,55,0.9927,0.9455,0.00016,1.965,3.231,3.492,2.133,4224.9,0.0,636.9,286.5,10.0,11.0,0.0,0.0,0.0,0.0,0.00,sweeping:55
beir500k-f32,pos10_cat09,pos10,56475,sweeping,256,2,55,0.9927,0.9455,0.00016,2.034,3.010,3.550,2.169,4224.9,0.0,636.9,286.5,10.0,11.0,0.0,0.0,0.0,0.0,0.00,sweeping:55
beir500k-f32,pos10_cat09,pos10,56475,sweeping,256,3,55,0.9927,0.9455,0.00016,2.029,3.093,3.534,2.203,4224.9,0.0,636.9,286.5,10.0,11.0,0.0,0.0,0.0,0.0,0.00,sweeping:55
beir500k-f32,pos10_cat09,pos10,56475,sweeping,512,1,55,0.9982,0.9818,0.00006,3.358,5.102,6.946,3.714,7085.1,0.0,1177.4,577.8,23.0,23.0,0.0,0.0,0.0,0.0,0.00,sweeping:55
beir500k-f32,pos10_cat09,pos10,56475,sweeping,512,2,55,0.9982,0.9818,0.00006,3.489,5.256,7.184,3.814,7085.1,0.0,1177.4,577.8,23.0,23.0,0.0,0.0,0.0,0.0,0.00,sweeping:55
beir500k-f32,pos10_cat09,pos10,56475,sweeping,512,3,55,0.9982,0.9818,0.00006,3.472,5.548,7.229,3.860,7085.1,0.0,1177.4,577.8,23.0,23.0,0.0,0.0,0.0,0.0,0.00,sweeping:55
beir500k-f32,pos10_cat09,pos10,56475,acorn,64,1,55,0.9909,0.9273,0.00019,0.647,0.846,0.910,0.672,1239.9,10.0,1443.9,65.6,3.0,3.0,0.0,0.0,0.0,0.0,0.00,acorn:2|rre:53
beir500k-f32,pos10_cat09,pos10,56475,acorn,64,2,55,0.9909,0.9273,0.00019,0.615,0.770,0.891,0.633,1239.9,10.0,1443.9,65.6,3.0,3.0,0.0,0.0,0.0,0.0,0.00,acorn:2|rre:53
beir500k-f32,pos10_cat09,pos10,56475,acorn,64,3,55,0.9909,0.9273,0.00019,0.633,0.774,0.922,0.649,1239.9,10.0,1443.9,65.6,3.0,3.0,0.0,0.0,0.0,0.0,0.00,acorn:2|rre:53
beir500k-f32,pos10_cat09,pos10,56475,acorn,128,1,55,0.9927,0.9455,0.00016,1.113,1.394,1.475,1.111,2067.6,10.0,2387.7,129.3,5.0,5.0,0.0,0.0,0.0,0.0,0.00,acorn:2|rre:53
beir500k-f32,pos10_cat09,pos10,56475,acorn,128,2,55,0.9927,0.9455,0.00016,1.095,1.362,1.655,1.123,2067.6,10.0,2387.7,129.3,5.0,5.0,0.0,0.0,0.0,0.0,0.00,acorn:2|rre:53
beir500k-f32,pos10_cat09,pos10,56475,acorn,128,3,55,0.9927,0.9455,0.00016,1.120,1.383,1.467,1.136,2067.6,10.0,2387.7,129.3,5.0,5.0,0.0,0.0,0.0,0.0,0.00,acorn:2|rre:53
beir500k-f32,pos10_cat09,pos10,56475,acorn,256,1,55,0.9927,0.9455,0.00016,1.839,2.138,2.401,1.796,3416.3,10.0,3993.8,257.1,10.0,10.0,0.0,0.0,0.0,0.0,0.00,acorn:2|rre:53
beir500k-f32,pos10_cat09,pos10,56475,acorn,256,2,55,0.9927,0.9455,0.00016,1.898,2.305,2.541,1.868,3416.3,10.0,3993.8,257.1,10.0,10.0,0.0,0.0,0.0,0.0,0.00,acorn:2|rre:53
beir500k-f32,pos10_cat09,pos10,56475,acorn,256,3,55,0.9927,0.9455,0.00016,1.948,2.312,2.485,1.902,3416.3,10.0,3993.8,257.1,10.0,10.0,0.0,0.0,0.0,0.0,0.00,acorn:2|rre:53
beir500k-f32,pos10_cat09,pos10,56475,acorn,512,1,55,0.9982,0.9818,0.00006,3.267,3.898,4.040,3.187,5536.2,10.0,6571.3,513.1,24.0,23.0,0.0,0.0,0.0,0.0,0.00,acorn:2|rre:53
beir500k-f32,pos10_cat09,pos10,56475,acorn,512,2,55,0.9982,0.9818,0.00006,3.164,3.762,3.913,3.048,5536.2,10.0,6571.3,513.1,24.0,23.0,0.0,0.0,0.0,0.0,0.00,acorn:2|rre:53
beir500k-f32,pos10_cat09,pos10,56475,acorn,512,3,55,0.9982,0.9818,0.00006,3.166,3.812,3.925,3.048,5536.2,10.0,6571.3,513.1,24.0,23.0,0.0,0.0,0.0,0.0,0.00,acorn:2|rre:53
beir500k-f32,pos10_cat09,pos10,56475,pathseer,64,1,55,0.9909,0.9273,0.00019,0.658,0.798,0.862,0.664,1352.7,0.0,408.7,67.6,2.0,2.0,72.1,58.5,40.8,1.1,0.00,pathseer:55
beir500k-f32,pos10_cat09,pos10,56475,pathseer,64,2,55,0.9909,0.9273,0.00019,0.658,0.816,0.847,0.660,1352.7,0.0,408.7,67.6,2.0,2.0,72.1,58.5,40.8,1.1,0.00,pathseer:55
beir500k-f32,pos10_cat09,pos10,56475,pathseer,64,3,55,0.9909,0.9273,0.00019,0.661,0.794,0.842,0.663,1352.7,0.0,408.7,67.6,2.0,2.0,72.1,58.5,40.8,1.1,0.00,pathseer:55
beir500k-f32,pos10_cat09,pos10,56475,pathseer,128,1,55,0.9927,0.9455,0.00016,1.152,1.408,1.539,1.122,2280.3,0.0,749.5,133.4,3.0,3.0,133.8,108.4,85.3,2.1,0.00,pathseer:55
beir500k-f32,pos10_cat09,pos10,56475,pathseer,128,2,55,0.9927,0.9455,0.00016,1.138,1.387,1.525,1.130,2280.3,0.0,749.5,133.4,3.0,3.0,133.8,108.4,85.3,2.1,0.00,pathseer:55
beir500k-f32,pos10_cat09,pos10,56475,pathseer,128,3,55,0.9927,0.9455,0.00016,1.169,1.382,1.589,1.145,2280.3,0.0,749.5,133.4,3.0,3.0,133.8,108.4,85.3,2.1,0.00,pathseer:55
beir500k-f32,pos10_cat09,pos10,56475,pathseer,256,1,55,0.9927,0.9455,0.00016,2.115,2.726,2.963,2.113,3795.0,0.0,1387.7,266.9,5.0,5.0,230.4,176.4,196.1,3.6,0.00,pathseer:55
beir500k-f32,pos10_cat09,pos10,56475,pathseer,256,2,55,0.9927,0.9455,0.00016,2.001,2.463,2.581,1.954,3795.0,0.0,1387.7,266.9,5.0,5.0,230.4,176.4,196.1,3.6,0.00,pathseer:55
beir500k-f32,pos10_cat09,pos10,56475,pathseer,256,3,55,0.9927,0.9455,0.00016,1.965,2.398,2.535,1.945,3795.0,0.0,1387.7,266.9,5.0,5.0,230.4,176.4,196.1,3.6,0.00,pathseer:55
beir500k-f32,pos10_cat09,pos10,56475,pathseer,512,1,55,0.9982,0.9818,0.00006,3.461,4.195,4.739,3.405,6251.3,0.0,2742.7,539.2,8.0,8.0,482.9,350.1,464.0,7.5,0.00,pathseer:55
beir500k-f32,pos10_cat09,pos10,56475,pathseer,512,2,55,0.9982,0.9818,0.00006,3.423,4.223,4.428,3.367,6251.3,0.0,2742.7,539.2,8.0,8.0,482.9,350.1,464.0,7.5,0.00,pathseer:55
beir500k-f32,pos10_cat09,pos10,56475,pathseer,512,3,55,0.9982,0.9818,0.00006,3.462,4.280,4.574,3.441,6251.3,0.0,2742.7,539.2,8.0,8.0,482.9,350.1,464.0,7.5,0.00,pathseer:55
beir500k-f32,pos10_cat10,pos10,61591,sweeping,64,1,50,0.9980,0.9800,0.00000,0.698,1.118,1.491,0.745,1490.1,0.0,218.6,71.5,4.0,4.0,0.0,0.0,0.0,0.0,0.00,sweeping:50
beir500k-f32,pos10_cat10,pos10,61591,sweeping,64,2,50,0.9980,0.9800,0.00000,0.699,1.114,1.469,0.738,1490.1,0.0,218.6,71.5,4.0,4.0,0.0,0.0,0.0,0.0,0.00,sweeping:50
beir500k-f32,pos10_cat10,pos10,61591,sweeping,64,3,50,0.9980,0.9800,0.00000,0.694,1.198,1.484,0.734,1490.1,0.0,218.6,71.5,4.0,4.0,0.0,0.0,0.0,0.0,0.00,sweeping:50
beir500k-f32,pos10_cat10,pos10,61591,sweeping,128,1,50,1.0000,1.0000,0.00000,1.261,1.815,2.416,1.291,2654.4,0.0,379.5,143.1,5.0,6.0,0.0,0.0,0.0,0.0,0.00,sweeping:50
beir500k-f32,pos10_cat10,pos10,61591,sweeping,128,2,50,1.0000,1.0000,0.00000,1.269,1.834,2.447,1.300,2654.4,0.0,379.5,143.1,5.0,6.0,0.0,0.0,0.0,0.0,0.00,sweeping:50
beir500k-f32,pos10_cat10,pos10,61591,sweeping,128,3,50,1.0000,1.0000,0.00000,1.307,1.961,2.654,1.333,2654.4,0.0,379.5,143.1,5.0,6.0,0.0,0.0,0.0,0.0,0.00,sweeping:50
beir500k-f32,pos10_cat10,pos10,61591,sweeping,256,1,50,1.0000,1.0000,0.00000,2.292,3.428,4.464,2.315,4684.1,0.0,683.7,288.3,10.0,12.0,0.0,0.0,0.0,0.0,0.00,sweeping:50
beir500k-f32,pos10_cat10,pos10,61591,sweeping,256,2,50,1.0000,1.0000,0.00000,2.306,3.390,4.597,2.370,4684.1,0.0,683.7,288.3,10.0,12.0,0.0,0.0,0.0,0.0,0.00,sweeping:50
beir500k-f32,pos10_cat10,pos10,61591,sweeping,256,3,50,1.0000,1.0000,0.00000,2.274,3.409,4.466,2.319,4684.1,0.0,683.7,288.3,10.0,12.0,0.0,0.0,0.0,0.0,0.00,sweeping:50
beir500k-f32,pos10_cat10,pos10,61591,sweeping,512,1,50,1.0000,1.0000,0.00000,4.017,7.120,8.052,4.218,8175.1,0.0,1275.3,589.5,22.0,26.0,0.0,0.0,0.0,0.0,0.00,sweeping:50
beir500k-f32,pos10_cat10,pos10,61591,sweeping,512,2,50,1.0000,1.0000,0.00000,4.019,7.100,8.011,4.263,8175.1,0.0,1275.3,589.5,22.0,26.0,0.0,0.0,0.0,0.0,0.00,sweeping:50
beir500k-f32,pos10_cat10,pos10,61591,sweeping,512,3,50,1.0000,1.0000,0.00000,3.990,7.504,7.935,4.220,8175.1,0.0,1275.3,589.5,22.0,26.0,0.0,0.0,0.0,0.0,0.00,sweeping:50
beir500k-f32,pos10_cat10,pos10,61591,acorn,64,1,50,0.9960,0.9600,0.00000,0.632,1.344,1.476,0.702,1308.5,10.0,1943.8,65.8,3.0,3.0,0.0,0.0,0.0,0.0,0.00,acorn:7|rre:43
beir500k-f32,pos10_cat10,pos10,61591,acorn,64,2,50,0.9960,0.9600,0.00000,0.628,1.294,1.458,0.690,1308.5,10.0,1943.8,65.8,3.0,3.0,0.0,0.0,0.0,0.0,0.00,acorn:7|rre:43
beir500k-f32,pos10_cat10,pos10,61591,acorn,64,3,50,0.9960,0.9600,0.00000,0.628,1.334,1.456,0.690,1308.5,10.0,1943.8,65.8,3.0,3.0,0.0,0.0,0.0,0.0,0.00,acorn:7|rre:43
beir500k-f32,pos10_cat10,pos10,61591,acorn,128,1,50,0.9980,0.9800,0.00000,1.129,2.516,2.664,1.249,2240.3,10.0,3261.8,129.4,5.0,5.0,0.0,0.0,0.0,0.0,0.00,acorn:7|rre:43
beir500k-f32,pos10_cat10,pos10,61591,acorn,128,2,50,0.9980,0.9800,0.00000,1.117,2.442,2.710,1.245,2240.3,10.0,3261.8,129.4,5.0,5.0,0.0,0.0,0.0,0.0,0.00,acorn:7|rre:43
beir500k-f32,pos10_cat10,pos10,61591,acorn,128,3,50,0.9980,0.9800,0.00000,1.087,2.363,2.437,1.199,2240.3,10.0,3261.8,129.4,5.0,5.0,0.0,0.0,0.0,0.0,0.00,acorn:7|rre:43
beir500k-f32,pos10_cat10,pos10,61591,acorn,256,1,50,1.0000,1.0000,0.00000,1.894,3.585,4.035,2.039,3793.9,10.0,5520.3,257.3,11.0,11.0,0.0,0.0,0.0,0.0,0.00,acorn:7|rre:43
beir500k-f32,pos10_cat10,pos10,61591,acorn,256,2,50,1.0000,1.0000,0.00000,1.936,3.954,4.313,2.131,3793.9,10.0,5520.3,257.3,11.0,11.0,0.0,0.0,0.0,0.0,0.00,acorn:7|rre:43
beir500k-f32,pos10_cat10,pos10,61591,acorn,256,3,50,1.0000,1.0000,0.00000,1.977,3.622,4.197,2.142,3793.9,10.0,5520.3,257.3,11.0,11.0,0.0,0.0,0.0,0.0,0.00,acorn:7|rre:43
beir500k-f32,pos10_cat10,pos10,61591,acorn,512,1,50,1.0000,1.0000,0.00000,3.397,5.678,7.019,3.590,6229.3,10.0,9114.7,513.3,24.0,23.0,0.0,0.0,0.0,0.0,0.00,acorn:7|rre:43
beir500k-f32,pos10_cat10,pos10,61591,acorn,512,2,50,1.0000,1.0000,0.00000,3.437,5.508,7.249,3.668,6229.3,10.0,9114.7,513.3,24.0,23.0,0.0,0.0,0.0,0.0,0.00,acorn:7|rre:43
beir500k-f32,pos10_cat10,pos10,61591,acorn,512,3,50,1.0000,1.0000,0.00000,3.348,5.884,6.943,3.546,6229.3,10.0,9114.7,513.3,24.0,23.0,0.0,0.0,0.0,0.0,0.00,acorn:7|rre:43
beir500k-f32,pos10_cat10,pos10,61591,pathseer,64,1,50,0.9980,0.9800,0.00000,0.710,0.857,0.996,0.717,1434.3,0.0,473.5,69.7,2.0,2.0,84.5,55.1,61.5,1.3,0.00,pathseer:50
beir500k-f32,pos10_cat10,pos10,61591,pathseer,64,2,50,0.9980,0.9800,0.00000,0.698,0.882,1.011,0.716,1434.3,0.0,473.5,69.7,2.0,2.0,84.5,55.1,61.5,1.3,0.00,pathseer:50
beir500k-f32,pos10_cat10,pos10,61591,pathseer,64,3,50,0.9980,0.9800,0.00000,0.700,0.893,1.060,0.717,1434.3,0.0,473.5,69.7,2.0,2.0,84.5,55.1,61.5,1.3,0.00,pathseer:50
beir500k-f32,pos10_cat10,pos10,61591,pathseer,128,1,50,1.0000,1.0000,0.00000,1.220,1.530,1.721,1.244,2499.1,0.0,884.6,138.5,3.0,3.0,145.9,93.9,141.1,2.3,0.00,pathseer:50
beir500k-f32,pos10_cat10,pos10,61591,pathseer,128,2,50,1.0000,1.0000,0.00000,1.241,1.553,1.728,1.258,2499.1,0.0,884.6,138.5,3.0,3.0,145.9,93.9,141.1,2.3,0.00,pathseer:50
beir500k-f32,pos10_cat10,pos10,61591,pathseer,128,3,50,1.0000,1.0000,0.00000,1.311,1.665,1.735,1.293,2499.1,0.0,884.6,138.5,3.0,3.0,145.9,93.9,141.1,2.3,0.00,pathseer:50
beir500k-f32,pos10_cat10,pos10,61591,pathseer,256,1,50,1.0000,1.0000,0.00000,2.227,2.906,3.019,2.250,4294.3,0.0,1644.4,276.4,5.0,5.0,263.7,168.5,286.8,4.1,0.00,pathseer:50
beir500k-f32,pos10_cat10,pos10,61591,pathseer,256,2,50,1.0000,1.0000,0.00000,2.216,2.695,3.145,2.219,4294.3,0.0,1644.4,276.4,5.0,5.0,263.7,168.5,286.8,4.1,0.00,pathseer:50
beir500k-f32,pos10_cat10,pos10,61591,pathseer,256,3,50,1.0000,1.0000,0.00000,2.162,2.737,2.986,2.170,4294.3,0.0,1644.4,276.4,5.0,5.0,263.7,168.5,286.8,4.1,0.00,pathseer:50
beir500k-f32,pos10_cat10,pos10,61591,pathseer,512,1,50,1.0000,1.0000,0.00000,3.858,4.772,5.491,3.809,7217.6,0.0,3196.5,558.7,9.0,10.0,519.7,320.8,638.1,8.1,0.00,pathseer:50
beir500k-f32,pos10_cat10,pos10,61591,pathseer,512,2,50,1.0000,1.0000,0.00000,3.853,4.840,5.287,3.855,7217.6,0.0,3196.5,558.7,9.0,10.0,519.7,320.8,638.1,8.1,0.00,pathseer:50
beir500k-f32,pos10_cat10,pos10,61591,pathseer,512,3,50,1.0000,1.0000,0.00000,4.005,5.029,5.646,3.986,7217.6,0.0,3196.5,558.7,9.0,10.0,519.7,320.8,638.1,8.1,0.00,pathseer:50
beir500k-f32,pos10_cat11,pos10,74790,sweeping,64,1,32,0.9938,0.9375,0.00011,1.119,2.283,4.078,1.325,2669.7,0.0,390.6,154.2,4.0,6.0,0.0,0.0,0.0,0.0,0.00,sweeping:32
beir500k-f32,pos10_cat11,pos10,74790,sweeping,64,2,32,0.9938,0.9375,0.00011,1.130,2.311,4.148,1.335,2669.7,0.0,390.6,154.2,4.0,6.0,0.0,0.0,0.0,0.0,0.00,sweeping:32
beir500k-f32,pos10_cat11,pos10,74790,sweeping,64,3,32,0.9938,0.9375,0.00011,1.121,2.310,4.192,1.341,2669.7,0.0,390.6,154.2,4.0,6.0,0.0,0.0,0.0,0.0,0.00,sweeping:32
beir500k-f32,pos10_cat11,pos10,74790,sweeping,128,1,32,0.9938,0.9375,0.00011,2.297,4.776,8.167,2.518,4937.3,0.0,742.3,331.7,6.0,11.0,0.0,0.0,0.0,0.0,0.00,sweeping:32
beir500k-f32,pos10_cat11,pos10,74790,sweeping,128,2,32,0.9938,0.9375,0.00011,2.164,4.719,8.016,2.511,4937.3,0.0,742.3,331.7,6.0,11.0,0.0,0.0,0.0,0.0,0.00,sweeping:32
beir500k-f32,pos10_cat11,pos10,74790,sweeping,128,3,32,0.9938,0.9375,0.00011,2.183,5.160,8.454,2.545,4937.3,0.0,742.3,331.7,6.0,11.0,0.0,0.0,0.0,0.0,0.00,sweeping:32
beir500k-f32,pos10_cat11,pos10,74790,sweeping,256,1,32,0.9969,0.9688,0.00006,4.364,9.760,18.163,4.924,9018.1,0.0,1485.8,748.1,11.0,21.0,0.0,0.0,0.0,0.0,0.00,sweeping:32
beir500k-f32,pos10_cat11,pos10,74790,sweeping,256,2,32,0.9969,0.9688,0.00006,4.516,9.568,17.963,4.920,9018.1,0.0,1485.8,748.1,11.0,21.0,0.0,0.0,0.0,0.0,0.00,sweeping:32
beir500k-f32,pos10_cat11,pos10,74790,sweeping,256,3,32,0.9969,0.9688,0.00006,4.145,9.473,17.667,4.794,9018.1,0.0,1485.8,748.1,11.0,21.0,0.0,0.0,0.0,0.0,0.00,sweeping:32
beir500k-f32,pos10_cat11,pos10,74790,sweeping,512,1,32,1.0000,1.0000,0.00000,7.588,15.369,30.054,8.626,15661.5,0.0,2979.8,1598.9,23.0,49.0,0.0,0.0,0.0,0.0,0.00,sweeping:32
beir500k-f32,pos10_cat11,pos10,74790,sweeping,512,2,32,1.0000,1.0000,0.00000,7.491,15.252,30.340,8.662,15661.5,0.0,2979.8,1598.9,23.0,49.0,0.0,0.0,0.0,0.0,0.00,sweeping:32
beir500k-f32,pos10_cat11,pos10,74790,sweeping,512,3,32,1.0000,1.0000,0.00000,8.295,16.058,31.202,8.950,15661.5,0.0,2979.8,1598.9,23.0,49.0,0.0,0.0,0.0,0.0,0.00,sweeping:32
beir500k-f32,pos10_cat11,pos10,74790,acorn,64,1,32,0.9875,0.9062,0.00015,0.551,1.775,1.943,0.965,1385.9,10.0,5389.5,66.0,3.0,3.0,0.0,0.0,0.0,0.0,0.00,acorn:14|rre:18
beir500k-f32,pos10_cat11,pos10,74790,acorn,64,2,32,0.9875,0.9062,0.00015,0.524,1.779,1.823,0.928,1385.9,10.0,5389.5,66.0,3.0,3.0,0.0,0.0,0.0,0.0,0.00,acorn:14|rre:18
beir500k-f32,pos10_cat11,pos10,74790,acorn,64,3,32,0.9875,0.9062,0.00015,0.570,1.682,1.893,0.933,1385.9,10.0,5389.5,66.0,3.0,3.0,0.0,0.0,0.0,0.0,0.00,acorn:14|rre:18
beir500k-f32,pos10_cat11,pos10,74790,acorn,128,1,32,0.9938,0.9375,0.00009,0.944,2.792,2.977,1.504,2162.9,10.0,8474.2,129.8,6.0,6.0,0.0,0.0,0.0,0.0,0.00,acorn:14|rre:18
beir500k-f32,pos10_cat11,pos10,74790,acorn,128,2,32,0.9938,0.9375,0.00009,0.938,2.785,2.873,1.520,2162.9,10.0,8474.2,129.8,6.0,6.0,0.0,0.0,0.0,0.0,0.00,acorn:14|rre:18
beir500k-f32,pos10_cat11,pos10,74790,acorn,128,3,32,0.9938,0.9375,0.00009,0.920,2.778,2.924,1.491,2162.9,10.0,8474.2,129.8,6.0,6.0,0.0,0.0,0.0,0.0,0.00,acorn:14|rre:18
beir500k-f32,pos10_cat11,pos10,74790,acorn,256,1,32,0.9969,0.9688,0.00006,1.514,4.140,4.489,2.307,3321.9,10.0,13247.6,257.6,12.0,11.0,0.0,0.0,0.0,0.0,0.00,acorn:14|rre:18
beir500k-f32,pos10_cat11,pos10,74790,acorn,256,2,32,0.9969,0.9688,0.00006,1.555,4.256,4.600,2.383,3321.9,10.0,13247.6,257.6,12.0,11.0,0.0,0.0,0.0,0.0,0.00,acorn:14|rre:18
beir500k-f32,pos10_cat11,pos10,74790,acorn,256,3,32,0.9969,0.9688,0.00006,1.670,4.298,4.505,2.416,3321.9,10.0,13247.6,257.6,12.0,11.0,0.0,0.0,0.0,0.0,0.00,acorn:14|rre:18
beir500k-f32,pos10_cat11,pos10,74790,acorn,512,1,32,0.9969,0.9688,0.00006,2.434,6.430,6.905,3.631,4913.6,10.0,20000.2,513.5,26.0,25.0,0.0,0.0,0.0,0.0,0.00,acorn:14|rre:18
beir500k-f32,pos10_cat11,pos10,74790,acorn,512,2,32,0.9969,0.9688,0.00006,2.626,6.671,7.985,3.756,4913.6,10.0,20000.2,513.5,26.0,25.0,0.0,0.0,0.0,0.0,0.00,acorn:14|rre:18
beir500k-f32,pos10_cat11,pos10,74790,acorn,512,3,32,0.9969,0.9688,0.00006,2.741,6.825,7.286,3.827,4913.6,10.0,20000.2,513.5,26.0,25.0,0.0,0.0,0.0,0.0,0.00,acorn:14|rre:18
beir500k-f32,pos10_cat11,pos10,74790,pathseer,64,1,32,0.9938,0.9375,0.00011,0.717,0.984,1.161,0.732,1388.9,0.0,1182.5,102.0,3.0,3.0,116.0,30.4,584.6,1.8,0.00,pathseer:32
beir500k-f32,pos10_cat11,pos10,74790,pathseer,64,2,32,0.9938,0.9375,0.00011,0.710,1.010,1.253,0.733,1388.9,0.0,1182.5,102.0,3.0,3.0,116.0,30.4,584.6,1.8,0.00,pathseer:32
beir500k-f32,pos10_cat11,pos10,74790,pathseer,64,3,32,0.9938,0.9375,0.00011,0.703,1.055,1.083,0.739,1388.9,0.0,1182.5,102.0,3.0,3.0,116.0,30.4,584.6,1.8,0.00,pathseer:32
beir500k-f32,pos10_cat11,pos10,74790,pathseer,128,1,32,0.9938,0.9375,0.00011,1.374,1.856,2.337,1.366,2392.2,0.0,2286.3,213.7,4.0,6.0,192.0,61.1,1188.9,3.0,0.00,pathseer:32
beir500k-f32,pos10_cat11,pos10,74790,pathseer,128,2,32,0.9938,0.9375,0.00011,1.319,1.743,2.446,1.345,2392.2,0.0,2286.3,213.7,4.0,6.0,192.0,61.1,1188.9,3.0,0.00,pathseer:32
beir500k-f32,pos10_cat11,pos10,74790,pathseer,128,3,32,0.9938,0.9375,0.00011,1.301,1.803,2.203,1.299,2392.2,0.0,2286.3,213.7,4.0,6.0,192.0,61.1,1188.9,3.0,0.00,pathseer:32
beir500k-f32,pos10_cat11,pos10,74790,pathseer,256,1,32,0.9969,0.9688,0.00006,2.203,3.420,4.767,2.350,4068.0,0.0,4530.5,452.1,7.0,12.0,374.0,116.6,2439.2,5.8,0.00,pathseer:32
beir500k-f32,pos10_cat11,pos10,74790,pathseer,256,2,32,0.9969,0.9688,0.00006,2.187,3.218,4.767,2.341,4068.0,0.0,4530.5,452.1,7.0,12.0,374.0,116.6,2439.2,5.8,0.00,pathseer:32
beir500k-f32,pos10_cat11,pos10,74790,pathseer,256,3,32,0.9969,0.9688,0.00006,2.274,3.235,4.823,2.327,4068.0,0.0,4530.5,452.1,7.0,12.0,374.0,116.6,2439.2,5.8,0.00,pathseer:32
beir500k-f32,pos10_cat11,pos10,74790,pathseer,512,1,32,0.9969,0.9688,0.00006,3.957,5.834,9.192,4.189,6731.9,0.0,8706.4,952.2,12.0,23.0,744.0,240.4,4698.4,11.6,0.00,pathseer:32
beir500k-f32,pos10_cat11,pos10,74790,pathseer,512,2,32,0.9969,0.9688,0.00006,3.967,6.993,10.568,4.389,6731.9,0.0,8706.4,952.2,12.0,23.0,744.0,240.4,4698.4,11.6,0.00,pathseer:32
beir500k-f32,pos10_cat11,pos10,74790,pathseer,512,3,32,0.9969,0.9688,0.00006,4.044,5.667,9.058,4.100,6731.9,0.0,8706.4,952.2,12.0,23.0,744.0,240.4,4698.4,11.6,0.00,pathseer:32
beir500k-f32,pos10_cat12,pos10,63118,sweeping,64,1,66,0.9939,0.9394,0.00002,0.660,0.942,1.046,0.672,1368.0,0.0,211.5,71.2,3.0,4.0,0.0,0.0,0.0,0.0,0.00,sweeping:66
beir500k-f32,pos10_cat12,pos10,63118,sweeping,64,2,66,0.9939,0.9394,0.00002,0.644,0.963,1.032,0.666,1368.0,0.0,211.5,71.2,3.0,4.0,0.0,0.0,0.0,0.0,0.00,sweeping:66
beir500k-f32,pos10_cat12,pos10,63118,sweeping,64,3,66,0.9939,0.9394,0.00002,0.647,0.950,1.046,0.667,1368.0,0.0,211.5,71.2,3.0,4.0,0.0,0.0,0.0,0.0,0.00,sweeping:66
beir500k-f32,pos10_cat12,pos10,63118,sweeping,128,1,66,0.9985,0.9848,0.00002,1.168,1.879,2.030,1.232,2385.7,0.0,360.9,141.0,5.0,6.0,0.0,0.0,0.0,0.0,0.00,sweeping:66
beir500k-f32,pos10_cat12,pos10,63118,sweeping,128,2,66,0.9985,0.9848,0.00002,1.157,1.825,1.978,1.217,2385.7,0.0,360.9,141.0,5.0,6.0,0.0,0.0,0.0,0.0,0.00,sweeping:66
beir500k-f32,pos10_cat12,pos10,63118,sweeping,128,3,66,0.9985,0.9848,0.00002,1.324,5.740,16.418,2.211,2385.7,0.0,360.9,141.0,5.0,6.0,0.0,0.0,0.0,0.0,0.00,sweeping:66
beir500k-f32,pos10_cat12,pos10,63118,sweeping,256,1,66,1.0000,1.0000,0.00000,1.986,3.239,4.044,2.140,4148.1,0.0,650.1,282.8,11.0,12.0,0.0,0.0,0.0,0.0,0.00,sweeping:66
beir500k-f32,pos10_cat12,pos10,63118,sweeping,256,2,66,1.0000,1.0000,0.00000,1.981,3.318,3.881,2.098,4148.1,0.0,650.1,282.8,11.0,12.0,0.0,0.0,0.0,0.0,0.00,sweeping:66
beir500k-f32,pos10_cat12,pos10,63118,sweeping,256,3,66,1.0000,1.0000,0.00000,1.992,3.251,3.912,2.109,4148.1,0.0,650.1,282.8,11.0,12.0,0.0,0.0,0.0,0.0,0.00,sweeping:66
beir500k-f32,pos10_cat12,pos10,63118,sweeping,512,1,66,1.0000,1.0000,0.00000,3.680,6.378,8.327,4.013,7213.3,0.0,1206.6,572.6,23.0,26.0,0.0,0.0,0.0,0.0,0.00,sweeping:66
beir500k-f32,pos10_cat12,pos10,63118,sweeping,512,2,66,1.0000,1.0000,0.00000,3.534,7.167,8.398,3.913,7213.3,0.0,1206.6,572.6,23.0,26.0,0.0,0.0,0.0,0.0,0.00,sweeping:66
beir500k-f32,pos10_cat12,pos10,63118,sweeping,512,3,66,1.0000,1.0000,0.00000,3.503,6.282,8.149,3.783,7213.3,0.0,1206.6,572.6,23.0,26.0,0.0,0.0,0.0,0.0,0.00,sweeping:66
beir500k-f32,pos10_cat12,pos10,63118,acorn,64,1,66,0.9924,0.9242,0.00002,0.589,0.785,1.072,0.611,1174.6,10.0,1480.0,65.9,3.0,3.0,0.0,0.0,0.0,0.0,0.00,acorn:3|rre:63
beir500k-f32,pos10_cat12,pos10,63118,acorn,64,2,66,0.9924,0.9242,0.00002,0.607,0.856,1.165,0.634,1174.6,10.0,1480.0,65.9,3.0,3.0,0.0,0.0,0.0,0.0,0.00,acorn:3|rre:63
beir500k-f32,pos10_cat12,pos10,63118,acorn,64,3,66,0.9924,0.9242,0.00002,0.608,0.825,1.113,0.631,1174.6,10.0,1480.0,65.9,3.0,3.0,0.0,0.0,0.0,0.0,0.00,acorn:3|rre:63
beir500k-f32,pos10_cat12,pos10,63118,acorn,128,1,66,0.9985,0.9848,0.00002,1.026,1.401,1.753,1.052,2015.9,10.0,2511.1,129.5,5.0,5.0,0.0,0.0,0.0,0.0,0.00,acorn:3|rre:63
beir500k-f32,pos10_cat12,pos10,63118,acorn,128,2,66,0.9985,0.9848,0.00002,1.019,1.412,1.768,1.045,2015.9,10.0,2511.1,129.5,5.0,5.0,0.0,0.0,0.0,0.0,0.00,acorn:3|rre:63
beir500k-f32,pos10_cat12,pos10,63118,acorn,128,3,66,0.9985,0.9848,0.00002,1.021,1.427,1.746,1.043,2015.9,10.0,2511.1,129.5,5.0,5.0,0.0,0.0,0.0,0.0,0.00,acorn:3|rre:63
beir500k-f32,pos10_cat12,pos10,63118,acorn,256,1,66,1.0000,1.0000,0.00000,1.804,2.294,2.688,1.811,3413.5,10.0,4204.6,257.3,12.0,11.0,0.0,0.0,0.0,0.0,0.00,acorn:3|rre:63
beir500k-f32,pos10_cat12,pos10,63118,acorn,256,2,66,1.0000,1.0000,0.00000,1.774,2.273,2.720,1.808,3413.5,10.0,4204.6,257.3,12.0,11.0,0.0,0.0,0.0,0.0,0.00,acorn:3|rre:63
beir500k-f32,pos10_cat12,pos10,63118,acorn,256,3,66,1.0000,1.0000,0.00000,1.803,2.316,2.700,1.816,3413.5,10.0,4204.6,257.3,12.0,11.0,0.0,0.0,0.0,0.0,0.00,acorn:3|rre:63
beir500k-f32,pos10_cat12,pos10,63118,acorn,512,1,66,1.0000,1.0000,0.00000,3.268,4.074,5.013,3.263,5707.4,10.0,7050.3,513.1,26.0,25.0,0.0,0.0,0.0,0.0,0.00,acorn:3|rre:63
beir500k-f32,pos10_cat12,pos10,63118,acorn,512,2,66,1.0000,1.0000,0.00000,3.258,4.140,4.725,3.221,5707.4,10.0,7050.3,513.1,26.0,25.0,0.0,0.0,0.0,0.0,0.00,acorn:3|rre:63
beir500k-f32,pos10_cat12,pos10,63118,acorn,512,3,66,1.0000,1.0000,0.00000,3.281,4.197,4.761,3.294,5707.4,10.0,7050.3,513.1,26.0,25.0,0.0,0.0,0.0,0.0,0.00,acorn:3|rre:63
beir500k-f32,pos10_cat12,pos10,63118,pathseer,64,1,66,0.9939,0.9394,0.00002,0.659,0.793,0.809,0.645,1308.3,0.0,441.7,68.6,2.0,2.0,75.6,57.8,52.7,1.2,0.00,pathseer:66
beir500k-f32,pos10_cat12,pos10,63118,pathseer,64,2,66,0.9939,0.9394,0.00002,0.667,0.824,0.839,0.663,1308.3,0.0,441.7,68.6,2.0,2.0,75.6,57.8,52.7,1.2,0.00,pathseer:66
beir500k-f32,pos10_cat12,pos10,63118,pathseer,64,3,66,0.9939,0.9394,0.00002,0.664,0.798,0.852,0.648,1308.3,0.0,441.7,68.6,2.0,2.0,75.6,57.8,52.7,1.2,0.00,pathseer:66
beir500k-f32,pos10_cat12,pos10,63118,pathseer,128,1,66,0.9985,0.9848,0.00002,1.129,1.459,1.507,1.133,2256.1,0.0,789.8,135.2,3.0,3.0,138.7,103.6,98.2,2.2,0.00,pathseer:66
beir500k-f32,pos10_cat12,pos10,63118,pathseer,128,2,66,0.9985,0.9848,0.00002,1.131,1.458,1.464,1.123,2256.1,0.0,789.8,135.2,3.0,3.0,138.7,103.6,98.2,2.2,0.00,pathseer:66
beir500k-f32,pos10_cat12,pos10,63118,pathseer,128,3,66,0.9985,0.9848,0.00002,1.132,1.416,1.449,1.120,2256.1,0.0,789.8,135.2,3.0,3.0,138.7,103.6,98.2,2.2,0.00,pathseer:66
beir500k-f32,pos10_cat12,pos10,63118,pathseer,256,1,66,1.0000,1.0000,0.00000,2.075,2.574,2.764,2.066,3839.1,0.0,1453.4,270.0,5.0,5.0,247.3,177.2,200.2,3.9,0.00,pathseer:66
beir500k-f32,pos10_cat12,pos10,63118,pathseer,256,2,66,1.0000,1.0000,0.00000,2.201,2.786,2.832,2.175,3839.1,0.0,1453.4,270.0,5.0,5.0,247.3,177.2,200.2,3.9,0.00,pathseer:66
beir500k-f32,pos10_cat12,pos10,63118,pathseer,256,3,66,1.0000,1.0000,0.00000,2.087,2.634,2.821,2.115,3839.1,0.0,1453.4,270.0,5.0,5.0,247.3,177.2,200.2,3.9,0.00,pathseer:66
beir500k-f32,pos10_cat12,pos10,63118,pathseer,512,1,66,1.0000,1.0000,0.00000,3.552,4.515,4.620,3.497,6477.8,0.0,2837.9,543.8,9.0,9.0,511.0,347.7,453.2,8.0,0.00,pathseer:66
beir500k-f32,pos10_cat12,pos10,63118,pathseer,512,2,66,1.0000,1.0000,0.00000,3.622,4.635,4.925,3.574,6477.8,0.0,2837.9,543.8,9.0,9.0,511.0,347.7,453.2,8.0,0.00,pathseer:66
beir500k-f32,pos10_cat12,pos10,63118,pathseer,512,3,66,1.0000,1.0000,0.00000,3.616,4.621,4.690,3.574,6477.8,0.0,2837.9,543.8,9.0,9.0,511.0,347.7,453.2,8.0,0.00,pathseer:66
beir500k-f32,pos10_cat13,pos10,56401,sweeping,64,1,54,0.9944,0.9444,0.00009,0.766,2.871,6.780,1.314,2577.0,0.0,400.1,148.7,3.0,4.0,0.0,0.0,0.0,0.0,0.00,sweeping:54
beir500k-f32,pos10_cat13,pos10,56401,sweeping,64,2,54,0.9944,0.9444,0.00009,0.783,2.981,7.185,1.367,2577.0,0.0,400.1,148.7,3.0,4.0,0.0,0.0,0.0,0.0,0.00,sweeping:54
beir500k-f32,pos10_cat13,pos10,56401,sweeping,64,3,54,0.9944,0.9444,0.00009,0.790,6.234,8.847,1.849,2577.0,0.0,400.1,148.7,3.0,4.0,0.0,0.0,0.0,0.0,0.00,sweeping:54
beir500k-f32,pos10_cat13,pos10,56401,sweeping,128,1,54,1.0000,1.0000,0.00000,1.396,4.989,11.511,2.408,4535.3,0.0,690.2,290.6,6.0,7.0,0.0,0.0,0.0,0.0,0.00,sweeping:54
beir500k-f32,pos10_cat13,pos10,56401,sweeping,128,2,54,1.0000,1.0000,0.00000,1.360,4.652,11.129,2.382,4535.3,0.0,690.2,290.6,6.0,7.0,0.0,0.0,0.0,0.0,0.00,sweeping:54
beir500k-f32,pos10_cat13,pos10,56401,sweeping,128,3,54,1.0000,1.0000,0.00000,1.307,4.663,10.869,2.324,4535.3,0.0,690.2,290.6,6.0,7.0,0.0,0.0,0.0,0.0,0.00,sweeping:54
beir500k-f32,pos10_cat13,pos10,56401,sweeping,256,1,54,1.0000,1.0000,0.00000,2.408,8.094,19.065,4.107,7691.1,0.0,1229.8,554.2,11.0,13.0,0.0,0.0,0.0,0.0,0.00,sweeping:54
beir500k-f32,pos10_cat13,pos10,56401,sweeping,256,2,54,1.0000,1.0000,0.00000,2.424,7.989,18.984,4.181,7691.1,0.0,1229.8,554.2,11.0,13.0,0.0,0.0,0.0,0.0,0.00,sweeping:54
beir500k-f32,pos10_cat13,pos10,56401,sweeping,256,3,54,1.0000,1.0000,0.00000,2.376,7.757,18.705,4.118,7691.1,0.0,1229.8,554.2,11.0,13.0,0.0,0.0,0.0,0.0,0.00,sweeping:54
beir500k-f32,pos10_cat13,pos10,56401,sweeping,512,1,54,1.0000,1.0000,0.00000,4.259,15.490,32.538,7.052,12850.6,0.0,2243.4,1061.2,23.0,29.0,0.0,0.0,0.0,0.0,0.00,sweeping:54
beir500k-f32,pos10_cat13,pos10,56401,sweeping,512,2,54,1.0000,1.0000,0.00000,4.300,15.323,31.353,6.989,12850.6,0.0,2243.4,1061.2,23.0,29.0,0.0,0.0,0.0,0.0,0.00,sweeping:54
beir500k-f32,pos10_cat13,pos10,56401,sweeping,512,3,54,1.0000,1.0000,0.00000,4.325,15.851,31.487,7.035,12850.6,0.0,2243.4,1061.2,23.0,29.0,0.0,0.0,0.0,0.0,0.00,sweeping:54
beir500k-f32,pos10_cat13,pos10,56401,acorn,64,1,54,0.9944,0.9444,0.00009,0.633,1.609,1.917,0.812,1397.4,10.0,3183.5,66.1,3.0,3.0,0.0,0.0,0.0,0.0,0.00,acorn:13|rre:41
beir500k-f32,pos10_cat13,pos10,56401,acorn,64,2,54,0.9944,0.9444,0.00009,0.646,1.581,1.946,0.811,1397.4,10.0,3183.5,66.1,3.0,3.0,0.0,0.0,0.0,0.0,0.00,acorn:13|rre:41
beir500k-f32,pos10_cat13,pos10,56401,acorn,64,3,54,0.9944,0.9444,0.00009,0.632,1.563,1.961,0.806,1397.4,10.0,3183.5,66.1,3.0,3.0,0.0,0.0,0.0,0.0,0.00,acorn:13|rre:41
beir500k-f32,pos10_cat13,pos10,56401,acorn,128,1,54,1.0000,1.0000,0.00000,1.197,2.859,3.321,1.447,2384.7,10.0,5218.8,129.9,5.0,5.0,0.0,0.0,0.0,0.0,0.00,acorn:13|rre:41
beir500k-f32,pos10_cat13,pos10,56401,acorn,128,2,54,1.0000,1.0000,0.00000,1.133,2.654,3.208,1.390,2384.7,10.0,5218.8,129.9,5.0,5.0,0.0,0.0,0.0,0.0,0.00,acorn:13|rre:41
beir500k-f32,pos10_cat13,pos10,56401,acorn,128,3,54,1.0000,1.0000,0.00000,1.134,2.722,3.245,1.393,2384.7,10.0,5218.8,129.9,5.0,5.0,0.0,0.0,0.0,0.0,0.00,acorn:13|rre:41
beir500k-f32,pos10_cat13,pos10,56401,acorn,256,1,54,1.0000,1.0000,0.00000,2.033,4.882,5.666,2.488,3978.7,10.0,8624.6,257.6,11.0,11.0,0.0,0.0,0.0,0.0,0.00,acorn:13|rre:41
beir500k-f32,pos10_cat13,pos10,56401,acorn,256,2,54,1.0000,1.0000,0.00000,2.081,4.850,6.084,2.562,3978.7,10.0,8624.6,257.6,11.0,11.0,0.0,0.0,0.0,0.0,0.00,acorn:13|rre:41
beir500k-f32,pos10_cat13,pos10,56401,acorn,256,3,54,1.0000,1.0000,0.00000,1.987,4.517,5.810,2.392,3978.7,10.0,8624.6,257.6,11.0,11.0,0.0,0.0,0.0,0.0,0.00,acorn:13|rre:41
beir500k-f32,pos10_cat13,pos10,56401,acorn,512,1,54,1.0000,1.0000,0.00000,3.295,7.799,9.489,3.930,6419.6,10.0,13785.3,513.4,25.0,23.0,0.0,0.0,0.0,0.0,0.00,acorn:13|rre:41
beir500k-f32,pos10_cat13,pos10,56401,acorn,512,2,54,1.0000,1.0000,0.00000,3.533,8.159,9.817,4.024,6419.6,10.0,13785.3,513.4,25.0,23.0,0.0,0.0,0.0,0.0,0.00,acorn:13|rre:41
beir500k-f32,pos10_cat13,pos10,56401,acorn,512,3,54,1.0000,1.0000,0.00000,3.360,7.850,9.725,3.947,6419.6,10.0,13785.3,513.4,25.0,23.0,0.0,0.0,0.0,0.0,0.00,acorn:13|rre:41
beir500k-f32,pos10_cat13,pos10,56401,pathseer,64,1,54,0.9944,0.9444,0.00009,0.743,0.972,1.862,0.815,1528.5,0.0,1055.1,102.4,2.0,2.0,87.7,42.6,503.8,1.4,0.00,pathseer:54
beir500k-f32,pos10_cat13,pos10,56401,pathseer,64,2,54,0.9944,0.9444,0.00009,0.724,0.980,1.945,0.805,1528.5,0.0,1055.1,102.4,2.0,2.0,87.7,42.6,503.8,1.4,0.00,pathseer:54
beir500k-f32,pos10_cat13,pos10,56401,pathseer,64,3,54,0.9944,0.9444,0.00009,0.732,0.955,1.856,0.803,1528.5,0.0,1055.1,102.4,2.0,2.0,87.7,42.6,503.8,1.4,0.00,pathseer:54
beir500k-f32,pos10_cat13,pos10,56401,pathseer,128,1,54,1.0000,1.0000,0.00000,1.297,1.745,2.866,1.387,2627.8,0.0,1735.5,186.7,3.0,4.0,170.7,86.1,791.5,2.7,0.00,pathseer:54
beir500k-f32,pos10_cat13,pos10,56401,pathseer,128,2,54,1.0000,1.0000,0.00000,1.303,1.901,2.909,1.428,2627.8,0.0,1735.5,186.7,3.0,4.0,170.7,86.1,791.5,2.7,0.00,pathseer:54
beir500k-f32,pos10_cat13,pos10,56401,pathseer,128,3,54,1.0000,1.0000,0.00000,1.299,1.715,2.849,1.381,2627.8,0.0,1735.5,186.7,3.0,4.0,170.7,86.1,791.5,2.7,0.00,pathseer:54
beir500k-f32,pos10_cat13,pos10,56401,pathseer,256,1,54,1.0000,1.0000,0.00000,2.247,3.699,4.858,2.393,4460.2,0.0,3017.9,362.0,5.0,5.0,293.9,154.4,1339.0,4.6,0.00,pathseer:54
beir500k-f32,pos10_cat13,pos10,56401,pathseer,256,2,54,1.0000,1.0000,0.00000,2.242,3.781,4.898,2.389,4460.2,0.0,3017.9,362.0,5.0,5.0,293.9,154.4,1339.0,4.6,0.00,pathseer:54
beir500k-f32,pos10_cat13,pos10,56401,pathseer,256,3,54,1.0000,1.0000,0.00000,2.410,3.897,4.885,2.487,4460.2,0.0,3017.9,362.0,5.0,5.0,293.9,154.4,1339.0,4.6,0.00,pathseer:54
beir500k-f32,pos10_cat13,pos10,56401,pathseer,512,1,54,1.0000,1.0000,0.00000,4.096,6.702,9.241,4.243,7530.3,0.0,5659.2,735.7,9.0,10.0,595.0,299.9,2457.0,9.3,0.00,pathseer:54
beir500k-f32,pos10_cat13,pos10,56401,pathseer,512,2,54,1.0000,1.0000,0.00000,4.152,6.890,9.771,4.365,7530.3,0.0,5659.2,735.7,9.0,10.0,595.0,299.9,2457.0,9.3,0.00,pathseer:54
beir500k-f32,pos10_cat13,pos10,56401,pathseer,512,3,54,1.0000,1.0000,0.00000,4.051,6.777,9.371,4.255,7530.3,0.0,5659.2,735.7,9.0,10.0,595.0,299.9,2457.0,9.3,0.00,pathseer:54
beir500k-f32,pos10_cat14,pos10,63179,sweeping,64,1,6,1.0000,1.0000,0.00000,1.098,1.667,1.667,1.034,2428.8,0.0,368.7,143.5,4.0,9.0,0.0,0.0,0.0,0.0,0.00,sweeping:6
beir500k-f32,pos10_cat14,pos10,63179,sweeping,64,2,6,1.0000,1.0000,0.00000,1.039,1.582,1.582,0.986,2428.8,0.0,368.7,143.5,4.0,9.0,0.0,0.0,0.0,0.0,0.00,sweeping:6
beir500k-f32,pos10_cat14,pos10,63179,sweeping,64,3,6,1.0000,1.0000,0.00000,1.067,1.586,1.586,0.998,2428.8,0.0,368.7,143.5,4.0,9.0,0.0,0.0,0.0,0.0,0.00,sweeping:6
beir500k-f32,pos10_cat14,pos10,63179,sweeping,128,1,6,1.0000,1.0000,0.00000,2.314,3.420,3.420,2.075,4272.0,0.0,718.5,310.7,7.0,17.0,0.0,0.0,0.0,0.0,0.00,sweeping:6
beir500k-f32,pos10_cat14,pos10,63179,sweeping,128,2,6,1.0000,1.0000,0.00000,2.308,3.328,3.328,2.036,4272.0,0.0,718.5,310.7,7.0,17.0,0.0,0.0,0.0,0.0,0.00,sweeping:6
beir500k-f32,pos10_cat14,pos10,63179,sweeping,128,3,6,1.0000,1.0000,0.00000,2.270,3.345,3.345,2.061,4272.0,0.0,718.5,310.7,7.0,17.0,0.0,0.0,0.0,0.0,0.00,sweeping:6
beir500k-f32,pos10_cat14,pos10,63179,sweeping,256,1,6,1.0000,1.0000,0.00000,4.321,5.982,5.982,3.658,7196.8,0.0,1393.8,652.3,12.0,34.0,0.0,0.0,0.0,0.0,0.00,sweeping:6
beir500k-f32,pos10_cat14,pos10,63179,sweeping,256,2,6,1.0000,1.0000,0.00000,4.378,5.845,5.845,3.667,7196.8,0.0,1393.8,652.3,12.0,34.0,0.0,0.0,0.0,0.0,0.00,sweeping:6
beir500k-f32,pos10_cat14,pos10,63179,sweeping,256,3,6,1.0000,1.0000,0.00000,4.475,5.835,5.835,3.666,7196.8,0.0,1393.8,652.3,12.0,34.0,0.0,0.0,0.0,0.0,0.00,sweeping:6
beir500k-f32,pos10_cat14,pos10,63179,sweeping,512,1,6,1.0000,1.0000,0.00000,8.765,11.462,11.462,7.092,12433.8,0.0,2792.0,1498.3,22.0,88.0,0.0,0.0,0.0,0.0,0.00,sweeping:6
beir500k-f32,pos10_cat14,pos10,63179,sweeping,512,2,6,1.0000,1.0000,0.00000,8.906,11.670,11.670,7.294,12433.8,0.0,2792.0,1498.3,22.0,88.0,0.0,0.0,0.0,0.0,0.00,sweeping:6
beir500k-f32,pos10_cat14,pos10,63179,sweeping,512,3,6,1.0000,1.0000,0.00000,8.662,11.455,11.455,7.210,12433.8,0.0,2792.0,1498.3,22.0,88.0,0.0,0.0,0.0,0.0,0.00,sweeping:6
beir500k-f32,pos10_cat14,pos10,63179,acorn,64,1,6,0.9833,0.8333,0.00026,1.001,1.339,1.339,0.725,1112.5,10.0,4823.8,65.8,5.0,5.0,0.0,0.0,0.0,0.0,0.00,acorn:3|rre:3
beir500k-f32,pos10_cat14,pos10,63179,acorn,64,2,6,0.9833,0.8333,0.00026,0.836,1.218,1.218,0.662,1112.5,10.0,4823.8,65.8,5.0,5.0,0.0,0.0,0.0,0.0,0.00,acorn:3|rre:3
beir500k-f32,pos10_cat14,pos10,63179,acorn,64,3,6,0.9833,0.8333,0.00026,0.842,1.208,1.208,0.660,1112.5,10.0,4823.8,65.8,5.0,5.0,0.0,0.0,0.0,0.0,0.00,acorn:3|rre:3
beir500k-f32,pos10_cat14,pos10,63179,acorn,128,1,6,1.0000,1.0000,0.00000,1.300,1.935,1.935,1.045,1635.3,10.0,7055.2,130.0,9.0,9.0,0.0,0.0,0.0,0.0,0.00,acorn:3|rre:3
beir500k-f32,pos10_cat14,pos10,63179,acorn,128,2,6,1.0000,1.0000,0.00000,1.297,1.906,1.906,1.039,1635.3,10.0,7055.2,130.0,9.0,9.0,0.0,0.0,0.0,0.0,0.00,acorn:3|rre:3
beir500k-f32,pos10_cat14,pos10,63179,acorn,128,3,6,1.0000,1.0000,0.00000,1.293,1.837,1.837,1.025,1635.3,10.0,7055.2,130.0,9.0,9.0,0.0,0.0,0.0,0.0,0.00,acorn:3|rre:3
beir500k-f32,pos10_cat14,pos10,63179,acorn,256,1,6,1.0000,1.0000,0.00000,2.057,2.782,2.782,1.591,2341.7,10.0,10183.2,257.8,18.0,17.0,0.0,0.0,0.0,0.0,0.00,acorn:3|rre:3
beir500k-f32,pos10_cat14,pos10,63179,acorn,256,2,6,1.0000,1.0000,0.00000,2.014,2.943,2.943,1.648,2341.7,10.0,10183.2,257.8,18.0,17.0,0.0,0.0,0.0,0.0,0.00,acorn:3|rre:3
beir500k-f32,pos10_cat14,pos10,63179,acorn,256,3,6,1.0000,1.0000,0.00000,2.066,2.983,2.983,1.637,2341.7,10.0,10183.2,257.8,18.0,17.0,0.0,0.0,0.0,0.0,0.00,acorn:3|rre:3
beir500k-f32,pos10_cat14,pos10,63179,acorn,512,1,6,1.0000,1.0000,0.00000,3.191,4.321,4.321,2.531,3285.2,10.0,14562.7,513.8,54.0,46.0,0.0,0.0,0.0,0.0,0.00,acorn:3|rre:3
beir500k-f32,pos10_cat14,pos10,63179,acorn,512,2,6,1.0000,1.0000,0.00000,3.202,4.398,4.398,2.581,3285.2,10.0,14562.7,513.8,54.0,46.0,0.0,0.0,0.0,0.0,0.00,acorn:3|rre:3
beir500k-f32,pos10_cat14,pos10,63179,acorn,512,3,6,1.0000,1.0000,0.00000,3.348,4.544,4.544,2.616,3285.2,10.0,14562.7,513.8,54.0,46.0,0.0,0.0,0.0,0.0,0.00,acorn:3|rre:3
beir500k-f32,pos10_cat14,pos10,63179,pathseer,64,1,6,1.0000,1.0000,0.00000,0.498,0.722,0.722,0.534,1264.2,0.0,1400.2,108.8,3.0,6.0,138.7,33.3,711.3,2.2,0.00,pathseer:6
beir500k-f32,pos10_cat14,pos10,63179,pathseer,64,2,6,1.0000,1.0000,0.00000,0.505,0.620,0.620,0.513,1264.2,0.0,1400.2,108.8,3.0,6.0,138.7,33.3,711.3,2.2,0.00,pathseer:6
beir500k-f32,pos10_cat14,pos10,63179,pathseer,64,3,6,1.0000,1.0000,0.00000,0.516,0.640,0.640,0.540,1264.2,0.0,1400.2,108.8,3.0,6.0,138.7,33.3,711.3,2.2,0.00,pathseer:6
beir500k-f32,pos10_cat14,pos10,63179,pathseer,128,1,6,1.0000,1.0000,0.00000,0.987,1.305,1.305,0.990,2038.2,0.0,2530.3,222.7,5.0,11.0,224.0,55.2,1318.5,3.5,0.00,pathseer:6
beir500k-f32,pos10_cat14,pos10,63179,pathseer,128,2,6,1.0000,1.0000,0.00000,1.039,1.349,1.349,0.986,2038.2,0.0,2530.3,222.7,5.0,11.0,224.0,55.2,1318.5,3.5,0.00,pathseer:6
beir500k-f32,pos10_cat14,pos10,63179,pathseer,128,3,6,1.0000,1.0000,0.00000,0.909,1.331,1.331,0.957,2038.2,0.0,2530.3,222.7,5.0,11.0,224.0,55.2,1318.5,3.5,0.00,pathseer:6
beir500k-f32,pos10_cat14,pos10,63179,pathseer,256,1,6,1.0000,1.0000,0.00000,1.901,2.480,2.480,1.826,3285.5,0.0,4581.3,451.7,9.0,24.0,437.3,104.2,2356.2,6.8,0.00,pathseer:6
beir500k-f32,pos10_cat14,pos10,63179,pathseer,256,2,6,1.0000,1.0000,0.00000,1.861,2.665,2.665,1.841,3285.5,0.0,4581.3,451.7,9.0,24.0,437.3,104.2,2356.2,6.8,0.00,pathseer:6
beir500k-f32,pos10_cat14,pos10,63179,pathseer,256,3,6,1.0000,1.0000,0.00000,1.750,2.264,2.264,1.639,3285.5,0.0,4581.3,451.7,9.0,24.0,437.3,104.2,2356.2,6.8,0.00,pathseer:6
beir500k-f32,pos10_cat14,pos10,63179,pathseer,512,1,6,1.0000,1.0000,0.00000,3.379,4.275,4.275,3.106,5197.8,0.0,8618.8,974.3,15.0,49.0,832.0,210.3,4448.0,13.0,0.00,pathseer:6
beir500k-f32,pos10_cat14,pos10,63179,pathseer,512,2,6,1.0000,1.0000,0.00000,3.290,4.389,4.389,3.083,5197.8,0.0,8618.8,974.3,15.0,49.0,832.0,210.3,4448.0,13.0,0.00,pathseer:6
beir500k-f32,pos10_cat14,pos10,63179,pathseer,512,3,6,1.0000,1.0000,0.00000,3.362,4.344,4.344,3.093,5197.8,0.0,8618.8,974.3,15.0,49.0,832.0,210.3,4448.0,13.0,0.00,pathseer:6
beir500k-f32,pos10_cat15,pos10,62186,sweeping,64,1,84,0.9905,0.9524,0.00027,1.048,3.431,4.575,1.447,2758.9,0.0,463.1,176.9,4.0,6.0,0.0,0.0,0.0,0.0,0.00,sweeping:84
beir500k-f32,pos10_cat15,pos10,62186,sweeping,64,2,84,0.9905,0.9524,0.00027,1.039,3.425,4.561,1.449,2758.9,0.0,463.1,176.9,4.0,6.0,0.0,0.0,0.0,0.0,0.00,sweeping:84
beir500k-f32,pos10_cat15,pos10,62186,sweeping,64,3,84,0.9905,0.9524,0.00027,1.067,3.439,4.768,1.498,2758.9,0.0,463.1,176.9,4.0,6.0,0.0,0.0,0.0,0.0,0.00,sweeping:84
beir500k-f32,pos10_cat15,pos10,62186,sweeping,128,1,84,0.9976,0.9881,0.00007,2.155,6.949,9.147,2.846,5331.1,0.0,873.2,377.5,6.0,11.0,0.0,0.0,0.0,0.0,0.00,sweeping:84
beir500k-f32,pos10_cat15,pos10,62186,sweeping,128,2,84,0.9976,0.9881,0.00007,2.169,7.066,8.949,2.849,5331.1,0.0,873.2,377.5,6.0,11.0,0.0,0.0,0.0,0.0,0.00,sweeping:84
beir500k-f32,pos10_cat15,pos10,62186,sweeping,128,3,84,0.9976,0.9881,0.00007,2.174,7.127,8.903,2.854,5331.1,0.0,873.2,377.5,6.0,11.0,0.0,0.0,0.0,0.0,0.00,sweeping:84
beir500k-f32,pos10_cat15,pos10,62186,sweeping,256,1,84,1.0000,1.0000,0.00000,4.285,13.440,17.219,5.700,10368.7,0.0,1757.8,812.4,12.0,23.0,0.0,0.0,0.0,0.0,0.00,sweeping:84
beir500k-f32,pos10_cat15,pos10,62186,sweeping,256,2,84,1.0000,1.0000,0.00000,4.325,13.598,20.622,5.845,10368.7,0.0,1757.8,812.4,12.0,23.0,0.0,0.0,0.0,0.0,0.00,sweeping:84
beir500k-f32,pos10_cat15,pos10,62186,sweeping,256,3,84,1.0000,1.0000,0.00000,4.223,13.271,17.182,5.596,10368.7,0.0,1757.8,812.4,12.0,23.0,0.0,0.0,0.0,0.0,0.00,sweeping:84
beir500k-f32,pos10_cat15,pos10,62186,sweeping,512,1,84,1.0000,1.0000,0.00000,9.823,24.954,29.816,11.426,20254.2,0.0,3614.7,1802.2,25.0,55.0,0.0,0.0,0.0,0.0,0.00,sweeping:84
beir500k-f32,pos10_cat15,pos10,62186,sweeping,512,2,84,1.0000,1.0000,0.00000,9.605,24.378,29.661,11.333,20254.2,0.0,3614.7,1802.2,25.0,55.0,0.0,0.0,0.0,0.0,0.00,sweeping:84
beir500k-f32,pos10_cat15,pos10,62186,sweeping,512,3,84,1.0000,1.0000,0.00000,9.744,23.700,30.833,11.263,20254.2,0.0,3614.7,1802.2,25.0,55.0,0.0,0.0,0.0,0.0,0.00,sweeping:84
beir500k-f32,pos10_cat15,pos10,62186,acorn,64,1,84,0.9774,0.9167,0.00120,0.616,1.811,1.981,0.934,1216.0,10.0,5454.1,66.7,4.0,4.0,0.0,0.0,0.0,0.0,0.00,acorn:38|rre:46
beir500k-f32,pos10_cat15,pos10,62186,acorn,64,2,84,0.9774,0.9167,0.00120,0.602,1.757,1.901,0.960,1216.0,10.0,5454.1,66.7,4.0,4.0,0.0,0.0,0.0,0.0,0.00,acorn:38|rre:46
beir500k-f32,pos10_cat15,pos10,62186,acorn,64,3,84,0.9774,0.9167,0.00120,0.583,1.670,1.813,0.900,1216.0,10.0,5454.1,66.7,4.0,4.0,0.0,0.0,0.0,0.0,0.00,acorn:38|rre:46
beir500k-f32,pos10_cat15,pos10,62186,acorn,128,1,84,0.9929,0.9643,0.00040,1.038,3.057,3.439,1.616,2101.2,10.0,9201.3,130.3,7.0,6.0,0.0,0.0,0.0,0.0,0.00,acorn:38|rre:46
beir500k-f32,pos10_cat15,pos10,62186,acorn,128,2,84,0.9929,0.9643,0.00040,1.014,2.981,3.298,1.584,2101.2,10.0,9201.3,130.3,7.0,6.0,0.0,0.0,0.0,0.0,0.00,acorn:38|rre:46
beir500k-f32,pos10_cat15,pos10,62186,acorn,128,3,84,0.9929,0.9643,0.00040,1.099,3.063,3.391,1.618,2101.2,10.0,9201.3,130.3,7.0,6.0,0.0,0.0,0.0,0.0,0.00,acorn:38|rre:46
beir500k-f32,pos10_cat15,pos10,62186,acorn,256,1,84,0.9988,0.9881,0.00002,1.786,4.896,5.525,2.651,3568.8,10.0,15304.6,258.2,15.0,14.0,0.0,0.0,0.0,0.0,0.00,acorn:38|rre:46
beir500k-f32,pos10_cat15,pos10,62186,acorn,256,2,84,0.9988,0.9881,0.00002,1.864,4.955,5.707,2.720,3568.8,10.0,15304.6,258.2,15.0,14.0,0.0,0.0,0.0,0.0,0.00,acorn:38|rre:46
beir500k-f32,pos10_cat15,pos10,62186,acorn,256,3,84,0.9988,0.9881,0.00002,1.764,4.898,5.527,2.647,3568.8,10.0,15304.6,258.2,15.0,14.0,0.0,0.0,0.0,0.0,0.00,acorn:38|rre:46
beir500k-f32,pos10_cat15,pos10,62186,acorn,512,1,84,1.0000,1.0000,0.00000,3.459,8.427,9.659,4.730,5949.6,10.0,24936.0,514.0,32.0,30.0,0.0,0.0,0.0,0.0,0.00,acorn:38|rre:46
beir500k-f32,pos10_cat15,pos10,62186,acorn,512,2,84,1.0000,1.0000,0.00000,3.357,8.708,9.660,4.748,5949.6,10.0,24936.0,514.0,32.0,30.0,0.0,0.0,0.0,0.0,0.00,acorn:38|rre:46
beir500k-f32,pos10_cat15,pos10,62186,acorn,512,3,84,1.0000,1.0000,0.00000,3.289,8.124,9.257,4.614,5949.6,10.0,24936.0,514.0,32.0,30.0,0.0,0.0,0.0,0.0,0.00,acorn:38|rre:46
beir500k-f32,pos10_cat15,pos10,62186,pathseer,64,1,84,0.9869,0.9286,0.00057,0.768,1.071,1.218,0.784,1371.5,0.0,1129.6,99.7,3.0,3.0,124.2,33.1,553.3,1.9,0.00,pathseer:84
beir500k-f32,pos10_cat15,pos10,62186,pathseer,64,2,84,0.9869,0.9286,0.00057,0.808,1.148,1.262,0.825,1371.5,0.0,1129.6,99.7,3.0,3.0,124.2,33.1,553.3,1.9,0.00,pathseer:84
beir500k-f32,pos10_cat15,pos10,62186,pathseer,64,3,84,0.9869,0.9286,0.00057,0.795,1.166,1.372,0.807,1371.5,0.0,1129.6,99.7,3.0,3.0,124.2,33.1,553.3,1.9,0.00,pathseer:84
beir500k-f32,pos10_cat15,pos10,62186,pathseer,128,1,84,0.9976,0.9881,0.00007,1.361,2.008,2.158,1.385,2446.0,0.0,2205.2,203.8,4.0,5.0,218.7,64.4,1165.7,3.4,0.00,pathseer:84
beir500k-f32,pos10_cat15,pos10,62186,pathseer,128,2,84,0.9976,0.9881,0.00007,1.357,1.982,2.168,1.376,2446.0,0.0,2205.2,203.8,4.0,5.0,218.7,64.4,1165.7,3.4,0.00,pathseer:84
beir500k-f32,pos10_cat15,pos10,62186,pathseer,128,3,84,0.9976,0.9881,0.00007,1.394,1.976,2.148,1.406,2446.0,0.0,2205.2,203.8,4.0,5.0,218.7,64.4,1165.7,3.4,0.00,pathseer:84
beir500k-f32,pos10_cat15,pos10,62186,pathseer,256,1,84,0.9976,0.9881,0.00007,2.600,4.096,4.575,2.669,4389.7,0.0,4500.6,432.8,7.0,10.0,406.1,127.5,2504.2,6.3,0.00,pathseer:84
beir500k-f32,pos10_cat15,pos10,62186,pathseer,256,2,84,0.9976,0.9881,0.00007,2.452,3.938,4.519,2.557,4389.7,0.0,4500.6,432.8,7.0,10.0,406.1,127.5,2504.2,6.3,0.00,pathseer:84
beir500k-f32,pos10_cat15,pos10,62186,pathseer,256,3,84,0.9976,0.9881,0.00007,2.481,3.871,4.313,2.591,4389.7,0.0,4500.6,432.8,7.0,10.0,406.1,127.5,2504.2,6.3,0.00,pathseer:84
beir500k-f32,pos10_cat15,pos10,62186,pathseer,512,1,84,1.0000,1.0000,0.00000,4.830,7.710,9.034,5.008,7860.3,0.0,9274.2,930.4,13.0,24.0,821.3,257.0,5279.3,12.8,0.00,pathseer:84
beir500k-f32,pos10_cat15,pos10,62186,pathseer,512,2,84,1.0000,1.0000,0.00000,4.661,7.658,9.114,4.832,7860.3,0.0,9274.2,930.4,13.0,24.0,821.3,257.0,5279.3,12.8,0.00,pathseer:84
beir500k-f32,pos10_cat15,pos10,62186,pathseer,512,3,84,1.0000,1.0000,0.00000,4.708,7.735,8.723,4.898,7860.3,0.0,9274.2,930.4,13.0,24.0,821.3,257.0,5279.3,12.8,0.00,pathseer:84
beir500k-f32,pos10_cat16,pos10,73905,sweeping,64,1,42,0.9976,0.9762,0.00000,0.539,0.706,0.742,0.533,992.1,0.0,190.7,68.6,4.0,4.0,0.0,0.0,0.0,0.0,0.00,sweeping:42
beir500k-f32,pos10_cat16,pos10,73905,sweeping,64,2,42,0.9976,0.9762,0.00000,0.516,0.695,0.737,0.509,992.1,0.0,190.7,68.6,4.0,4.0,0.0,0.0,0.0,0.0,0.00,sweeping:42
beir500k-f32,pos10_cat16,pos10,73905,sweeping,64,3,42,0.9976,0.9762,0.00000,0.521,0.680,0.713,0.503,992.1,0.0,190.7,68.6,4.0,4.0,0.0,0.0,0.0,0.0,0.00,sweeping:42
beir500k-f32,pos10_cat16,pos10,73905,sweeping,128,1,42,0.9976,0.9762,0.00000,0.878,1.168,1.419,0.869,1708.6,0.0,320.4,135.6,8.0,8.0,0.0,0.0,0.0,0.0,0.00,sweeping:42
beir500k-f32,pos10_cat16,pos10,73905,sweeping,128,2,42,0.9976,0.9762,0.00000,0.894,1.157,1.406,0.873,1708.6,0.0,320.4,135.6,8.0,8.0,0.0,0.0,0.0,0.0,0.00,sweeping:42
beir500k-f32,pos10_cat16,pos10,73905,sweeping,128,3,42,0.9976,0.9762,0.00000,0.896,1.181,1.435,0.886,1708.6,0.0,320.4,135.6,8.0,8.0,0.0,0.0,0.0,0.0,0.00,sweeping:42
beir500k-f32,pos10_cat16,pos10,73905,sweeping,256,1,42,1.0000,1.0000,0.00000,1.505,2.157,2.763,1.543,2948.9,0.0,571.5,270.5,15.0,17.0,0.0,0.0,0.0,0.0,0.00,sweeping:42
beir500k-f32,pos10_cat16,pos10,73905,sweeping,256,2,42,1.0000,1.0000,0.00000,1.536,2.176,2.722,1.554,2948.9,0.0,571.5,270.5,15.0,17.0,0.0,0.0,0.0,0.0,0.00,sweeping:42
beir500k-f32,pos10_cat16,pos10,73905,sweeping,256,3,42,1.0000,1.0000,0.00000,1.534,2.135,2.664,1.542,2948.9,0.0,571.5,270.5,15.0,17.0,0.0,0.0,0.0,0.0,0.00,sweeping:42
beir500k-f32,pos10_cat16,pos10,73905,sweeping,512,1,42,0.9976,0.9762,0.00000,2.774,3.674,5.080,2.821,5218.3,0.0,1086.0,549.8,35.0,36.0,0.0,0.0,0.0,0.0,0.00,sweeping:42
beir500k-f32,pos10_cat16,pos10,73905,sweeping,512,2,42,0.9976,0.9762,0.00000,2.720,3.807,5.171,2.842,5218.3,0.0,1086.0,549.8,35.0,36.0,0.0,0.0,0.0,0.0,0.00,sweeping:42
beir500k-f32,pos10_cat16,pos10,73905,sweeping,512,3,42,0.9976,0.9762,0.00000,2.896,3.582,5.137,2.900,5218.3,0.0,1086.0,549.8,35.0,36.0,0.0,0.0,0.0,0.0,0.00,sweeping:42
beir500k-f32,pos10_cat16,pos10,73905,acorn,64,1,42,0.9976,0.9762,0.00000,0.523,0.625,0.760,0.513,894.6,10.0,1128.2,66.0,4.0,4.0,0.0,0.0,0.0,0.0,0.00,acorn:4|rre:38
beir500k-f32,pos10_cat16,pos10,73905,acorn,64,2,42,0.9976,0.9762,0.00000,0.529,0.623,0.790,0.512,894.6,10.0,1128.2,66.0,4.0,4.0,0.0,0.0,0.0,0.0,0.00,acorn:4|rre:38
beir500k-f32,pos10_cat16,pos10,73905,acorn,64,3,42,0.9976,0.9762,0.00000,0.509,0.615,0.763,0.501,894.6,10.0,1128.2,66.0,4.0,4.0,0.0,0.0,0.0,0.0,0.00,acorn:4|rre:38
beir500k-f32,pos10_cat16,pos10,73905,acorn,128,1,42,0.9976,0.9762,0.00000,0.871,1.011,1.290,0.841,1508.7,10.0,1913.6,129.7,7.0,7.0,0.0,0.0,0.0,0.0,0.00,acorn:4|rre:38
beir500k-f32,pos10_cat16,pos10,73905,acorn,128,2,42,0.9976,0.9762,0.00000,0.854,1.116,1.414,0.853,1508.7,10.0,1913.6,129.7,7.0,7.0,0.0,0.0,0.0,0.0,0.00,acorn:4|rre:38
beir500k-f32,pos10_cat16,pos10,73905,acorn,128,3,42,0.9976,0.9762,0.00000,0.859,1.006,1.270,0.828,1508.7,10.0,1913.6,129.7,7.0,7.0,0.0,0.0,0.0,0.0,0.00,acorn:4|rre:38
beir500k-f32,pos10_cat16,pos10,73905,acorn,256,1,42,1.0000,1.0000,0.00000,1.459,1.836,2.287,1.424,2555.6,10.0,3268.3,257.3,15.0,15.0,0.0,0.0,0.0,0.0,0.00,acorn:4|rre:38
beir500k-f32,pos10_cat16,pos10,73905,acorn,256,2,42,1.0000,1.0000,0.00000,1.437,1.812,2.260,1.407,2555.6,10.0,3268.3,257.3,15.0,15.0,0.0,0.0,0.0,0.0,0.00,acorn:4|rre:38
beir500k-f32,pos10_cat16,pos10,73905,acorn,256,3,42,1.0000,1.0000,0.00000,1.436,1.803,2.243,1.416,2555.6,10.0,3268.3,257.3,15.0,15.0,0.0,0.0,0.0,0.0,0.00,acorn:4|rre:38
beir500k-f32,pos10_cat16,pos10,73905,acorn,512,1,42,1.0000,1.0000,0.00000,2.465,3.087,3.863,2.495,4333.3,10.0,5562.4,513.3,36.0,34.0,0.0,0.0,0.0,0.0,0.00,acorn:4|rre:38
beir500k-f32,pos10_cat16,pos10,73905,acorn,512,2,42,1.0000,1.0000,0.00000,2.434,3.027,3.811,2.482,4333.3,10.0,5562.4,513.3,36.0,34.0,0.0,0.0,0.0,0.0,0.00,acorn:4|rre:38
beir500k-f32,pos10_cat16,pos10,73905,acorn,512,3,42,1.0000,1.0000,0.00000,2.491,2.997,3.884,2.484,4333.3,10.0,5562.4,513.3,36.0,34.0,0.0,0.0,0.0,0.0,0.00,acorn:4|rre:38
beir500k-f32,pos10_cat16,pos10,73905,pathseer,64,1,42,0.9976,0.9762,0.00000,0.539,0.631,0.635,0.512,995.0,0.0,398.9,67.9,2.0,2.0,82.3,51.0,22.7,1.3,0.00,pathseer:42
beir500k-f32,pos10_cat16,pos10,73905,pathseer,64,2,42,0.9976,0.9762,0.00000,0.538,0.617,0.651,0.513,995.0,0.0,398.9,67.9,2.0,2.0,82.3,51.0,22.7,1.3,0.00,pathseer:42
beir500k-f32,pos10_cat16,pos10,73905,pathseer,64,3,42,0.9976,0.9762,0.00000,0.537,0.613,0.649,0.512,995.0,0.0,398.9,67.9,2.0,2.0,82.3,51.0,22.7,1.3,0.00,pathseer:42
beir500k-f32,pos10_cat16,pos10,73905,pathseer,128,1,42,0.9976,0.9762,0.00000,0.917,1.141,1.171,0.896,1693.4,0.0,719.1,133.2,3.0,3.0,157.0,99.7,44.7,2.5,0.00,pathseer:42
beir500k-f32,pos10_cat16,pos10,73905,pathseer,128,2,42,0.9976,0.9762,0.00000,0.891,1.077,1.129,0.878,1693.4,0.0,719.1,133.2,3.0,3.0,157.0,99.7,44.7,2.5,0.00,pathseer:42
beir500k-f32,pos10_cat16,pos10,73905,pathseer,128,3,42,0.9976,0.9762,0.00000,0.885,1.044,1.113,0.860,1693.4,0.0,719.1,133.2,3.0,3.0,157.0,99.7,44.7,2.5,0.00,pathseer:42
beir500k-f32,pos10_cat16,pos10,73905,pathseer,256,1,42,0.9976,0.9762,0.00000,1.531,1.848,1.985,1.513,2870.3,0.0,1300.0,264.5,5.0,5.0,285.0,188.6,90.0,4.5,0.00,pathseer:42
beir500k-f32,pos10_cat16,pos10,73905,pathseer,256,2,42,0.9976,0.9762,0.00000,1.525,1.846,2.025,1.499,2870.3,0.0,1300.0,264.5,5.0,5.0,285.0,188.6,90.0,4.5,0.00,pathseer:42
beir500k-f32,pos10_cat16,pos10,73905,pathseer,256,3,42,0.9976,0.9762,0.00000,1.558,1.830,2.022,1.495,2870.3,0.0,1300.0,264.5,5.0,5.0,285.0,188.6,90.0,4.5,0.00,pathseer:42
beir500k-f32,pos10_cat16,pos10,73905,pathseer,512,1,42,1.0000,1.0000,0.00000,2.848,3.427,3.532,2.774,4905.9,0.0,2495.1,531.4,10.0,10.0,572.6,374.0,217.5,9.0,0.00,pathseer:42
beir500k-f32,pos10_cat16,pos10,73905,pathseer,512,2,42,1.0000,1.0000,0.00000,2.854,3.394,3.472,2.783,4905.9,0.0,2495.1,531.4,10.0,10.0,572.6,374.0,217.5,9.0,0.00,pathseer:42
beir500k-f32,pos10_cat16,pos10,73905,pathseer,512,3,42,1.0000,1.0000,0.00000,2.771,3.339,3.474,2.758,4905.9,0.0,2495.1,531.4,10.0,10.0,572.6,374.0,217.5,9.0,0.00,pathseer:42
beir500k-f32,pos10_cat17,pos10,58906,sweeping,64,1,45,0.9933,0.9556,0.00013,0.905,6.807,12.828,1.734,3235.8,0.0,523.1,203.9,3.0,6.0,0.0,0.0,0.0,0.0,0.00,sweeping:45
beir500k-f32,pos10_cat17,pos10,58906,sweeping,64,2,45,0.9933,0.9556,0.00013,0.885,7.077,12.317,1.733,3235.8,0.0,523.1,203.9,3.0,6.0,0.0,0.0,0.0,0.0,0.00,sweeping:45
beir500k-f32,pos10_cat17,pos10,58906,sweeping,64,3,45,0.9933,0.9556,0.00013,0.870,6.484,12.673,1.670,3235.8,0.0,523.1,203.9,3.0,6.0,0.0,0.0,0.0,0.0,0.00,sweeping:45
beir500k-f32,pos10_cat17,pos10,58906,sweeping,128,1,45,0.9978,0.9778,0.00001,1.569,11.116,20.353,3.105,5933.2,0.0,933.6,436.6,6.0,10.0,0.0,0.0,0.0,0.0,0.00,sweeping:45
beir500k-f32,pos10_cat17,pos10,58906,sweeping,128,2,45,0.9978,0.9778,0.00001,1.661,11.741,20.998,3.238,5933.2,0.0,933.6,436.6,6.0,10.0,0.0,0.0,0.0,0.0,0.00,sweeping:45
beir500k-f32,pos10_cat17,pos10,58906,sweeping,128,3,45,0.9978,0.9778,0.00001,1.615,11.194,20.285,3.107,5933.2,0.0,933.6,436.6,6.0,10.0,0.0,0.0,0.0,0.0,0.00,sweeping:45
beir500k-f32,pos10_cat17,pos10,58906,sweeping,256,1,45,1.0000,1.0000,0.00000,3.309,17.830,31.134,5.759,10630.6,0.0,1854.4,964.8,11.0,21.0,0.0,0.0,0.0,0.0,0.00,sweeping:45
beir500k-f32,pos10_cat17,pos10,58906,sweeping,256,2,45,1.0000,1.0000,0.00000,3.305,17.544,30.774,5.733,10630.6,0.0,1854.4,964.8,11.0,21.0,0.0,0.0,0.0,0.0,0.00,sweeping:45
beir500k-f32,pos10_cat17,pos10,58906,sweeping,256,3,45,1.0000,1.0000,0.00000,3.314,18.254,31.147,5.852,10630.6,0.0,1854.4,964.8,11.0,21.0,0.0,0.0,0.0,0.0,0.00,sweeping:45
beir500k-f32,pos10_cat17,pos10,58906,sweeping,512,1,45,1.0000,1.0000,0.00000,6.686,37.805,46.232,11.527,18870.7,0.0,3634.9,1992.9,23.0,41.0,0.0,0.0,0.0,0.0,0.00,sweeping:45
beir500k-f32,pos10_cat17,pos10,58906,sweeping,512,2,45,1.0000,1.0000,0.00000,6.128,31.779,46.249,10.513,18870.7,0.0,3634.9,1992.9,23.0,41.0,0.0,0.0,0.0,0.0,0.00,sweeping:45
beir500k-f32,pos10_cat17,pos10,58906,sweeping,512,3,45,1.0000,1.0000,0.00000,6.470,31.402,46.643,10.614,18870.7,0.0,3634.9,1992.9,23.0,41.0,0.0,0.0,0.0,0.0,0.00,sweeping:45
beir500k-f32,pos10_cat17,pos10,58906,acorn,64,1,45,0.9956,0.9556,0.00004,1.409,3.833,11.038,1.606,1528.0,10.0,5721.0,66.3,3.0,3.0,0.0,0.0,0.0,0.0,0.00,acorn:22|rre:23
beir500k-f32,pos10_cat17,pos10,58906,acorn,64,2,45,0.9956,0.9556,0.00004,0.599,1.904,2.343,1.002,1528.0,10.0,5721.0,66.3,3.0,3.0,0.0,0.0,0.0,0.0,0.00,acorn:22|rre:23
beir500k-f32,pos10_cat17,pos10,58906,acorn,64,3,45,0.9956,0.9556,0.00004,0.633,1.897,2.333,0.995,1528.0,10.0,5721.0,66.3,3.0,3.0,0.0,0.0,0.0,0.0,0.00,acorn:22|rre:23
beir500k-f32,pos10_cat17,pos10,58906,acorn,128,1,45,1.0000,1.0000,0.00000,1.052,3.426,3.870,1.755,2463.3,10.0,9233.1,130.1,5.0,5.0,0.0,0.0,0.0,0.0,0.00,acorn:22|rre:23
beir500k-f32,pos10_cat17,pos10,58906,acorn,128,2,45,1.0000,1.0000,0.00000,1.088,3.708,4.078,1.778,2463.3,10.0,9233.1,130.1,5.0,5.0,0.0,0.0,0.0,0.0,0.00,acorn:22|rre:23
beir500k-f32,pos10_cat17,pos10,58906,acorn,128,3,45,1.0000,1.0000,0.00000,0.949,3.398,3.771,1.673,2463.3,10.0,9233.1,130.1,5.0,5.0,0.0,0.0,0.0,0.0,0.00,acorn:22|rre:23
beir500k-f32,pos10_cat17,pos10,58906,acorn,256,1,45,1.0000,1.0000,0.00000,1.663,5.395,6.309,2.746,3870.8,10.0,14872.3,258.0,11.0,11.0,0.0,0.0,0.0,0.0,0.00,acorn:22|rre:23
beir500k-f32,pos10_cat17,pos10,58906,acorn,256,2,45,1.0000,1.0000,0.00000,1.791,5.433,6.276,2.744,3870.8,10.0,14872.3,258.0,11.0,11.0,0.0,0.0,0.0,0.0,0.00,acorn:22|rre:23
beir500k-f32,pos10_cat17,pos10,58906,acorn,256,3,45,1.0000,1.0000,0.00000,1.601,5.270,5.829,2.691,3870.8,10.0,14872.3,258.0,11.0,11.0,0.0,0.0,0.0,0.0,0.00,acorn:22|rre:23
beir500k-f32,pos10_cat17,pos10,58906,acorn,512,1,45,1.0000,1.0000,0.00000,2.723,8.397,9.415,4.418,5953.8,10.0,23478.0,513.8,28.0,27.0,0.0,0.0,0.0,0.0,0.00,acorn:22|rre:23
beir500k-f32,pos10_cat17,pos10,58906,acorn,512,2,45,1.0000,1.0000,0.00000,2.867,8.545,9.280,4.443,5953.8,10.0,23478.0,513.8,28.0,27.0,0.0,0.0,0.0,0.0,0.00,acorn:22|rre:23
beir500k-f32,pos10_cat17,pos10,58906,acorn,512,3,45,1.0000,1.0000,0.00000,2.683,8.482,9.419,4.447,5953.8,10.0,23478.0,513.8,28.0,27.0,0.0,0.0,0.0,0.0,0.00,acorn:22|rre:23
beir500k-f32,pos10_cat17,pos10,58906,pathseer,64,1,45,0.9933,0.9556,0.00013,0.738,2.063,2.285,0.858,1518.2,0.0,1669.5,131.3,3.0,4.0,123.7,29.2,896.4,1.9,0.00,pathseer:45
beir500k-f32,pos10_cat17,pos10,58906,pathseer,64,2,45,0.9933,0.9556,0.00013,0.728,2.092,2.299,0.856,1518.2,0.0,1669.5,131.3,3.0,4.0,123.7,29.2,896.4,1.9,0.00,pathseer:45
beir500k-f32,pos10_cat17,pos10,58906,pathseer,64,3,45,0.9933,0.9556,0.00013,0.724,2.060,2.318,0.850,1518.2,0.0,1669.5,131.3,3.0,4.0,123.7,29.2,896.4,1.9,0.00,pathseer:45
beir500k-f32,pos10_cat17,pos10,58906,pathseer,128,1,45,0.9978,0.9778,0.00001,1.240,3.538,3.663,1.442,2580.0,0.0,2993.1,262.6,4.0,6.0,209.1,53.5,1671.9,3.3,0.00,pathseer:45
beir500k-f32,pos10_cat17,pos10,58906,pathseer,128,2,45,0.9978,0.9778,0.00001,1.245,3.617,3.691,1.456,2580.0,0.0,2993.1,262.6,4.0,6.0,209.1,53.5,1671.9,3.3,0.00,pathseer:45
beir500k-f32,pos10_cat17,pos10,58906,pathseer,128,3,45,0.9978,0.9778,0.00001,1.234,3.567,3.680,1.454,2580.0,0.0,2993.1,262.6,4.0,6.0,209.1,53.5,1671.9,3.3,0.00,pathseer:45
beir500k-f32,pos10_cat17,pos10,58906,pathseer,256,1,45,0.9978,0.9778,0.00001,2.323,6.191,7.104,2.680,4402.0,0.0,5379.5,522.3,7.0,9.0,399.6,113.0,3007.4,6.2,0.00,pathseer:45
beir500k-f32,pos10_cat17,pos10,58906,pathseer,256,2,45,0.9978,0.9778,0.00001,2.230,6.168,6.497,2.580,4402.0,0.0,5379.5,522.3,7.0,9.0,399.6,113.0,3007.4,6.2,0.00,pathseer:45
beir500k-f32,pos10_cat17,pos10,58906,pathseer,256,3,45,0.9978,0.9778,0.00001,2.194,6.032,6.529,2.548,4402.0,0.0,5379.5,522.3,7.0,9.0,399.6,113.0,3007.4,6.2,0.00,pathseer:45
beir500k-f32,pos10_cat17,pos10,58906,pathseer,512,1,45,1.0000,1.0000,0.00000,4.150,11.616,12.164,4.887,7585.0,0.0,10273.5,1112.2,12.0,20.0,806.4,236.4,5672.0,12.6,0.00,pathseer:45
beir500k-f32,pos10_cat17,pos10,58906,pathseer,512,2,45,1.0000,1.0000,0.00000,4.216,11.758,12.844,4.894,7585.0,0.0,10273.5,1112.2,12.0,20.0,806.4,236.4,5672.0,12.6,0.00,pathseer:45
beir500k-f32,pos10_cat17,pos10,58906,pathseer,512,3,45,1.0000,1.0000,0.00000,4.026,11.640,12.125,4.713,7585.0,0.0,10273.5,1112.2,12.0,20.0,806.4,236.4,5672.0,12.6,0.00,pathseer:45
beir500k-f32,pos10_cat18,pos10,72773,sweeping,64,1,10,1.0000,1.0000,0.00000,1.493,4.614,4.614,1.877,3718.7,0.0,618.0,293.5,4.0,11.0,0.0,0.0,0.0,0.0,0.00,sweeping:10
beir500k-f32,pos10_cat18,pos10,72773,sweeping,64,2,10,1.0000,1.0000,0.00000,1.542,4.286,4.286,1.828,3718.7,0.0,618.0,293.5,4.0,11.0,0.0,0.0,0.0,0.0,0.00,sweeping:10
beir500k-f32,pos10_cat18,pos10,72773,sweeping,64,3,10,1.0000,1.0000,0.00000,1.504,4.449,4.449,1.812,3718.7,0.0,618.0,293.5,4.0,11.0,0.0,0.0,0.0,0.0,0.00,sweeping:10
beir500k-f32,pos10_cat18,pos10,72773,sweeping,128,1,10,1.0000,1.0000,0.00000,2.873,8.240,8.240,3.370,6683.2,0.0,1211.5,654.2,6.0,25.0,0.0,0.0,0.0,0.0,0.00,sweeping:10
beir500k-f32,pos10_cat18,pos10,72773,sweeping,128,2,10,1.0000,1.0000,0.00000,2.945,8.308,8.308,3.399,6683.2,0.0,1211.5,654.2,6.0,25.0,0.0,0.0,0.0,0.0,0.00,sweeping:10
beir500k-f32,pos10_cat18,pos10,72773,sweeping,128,3,10,1.0000,1.0000,0.00000,2.816,8.261,8.261,3.425,6683.2,0.0,1211.5,654.2,6.0,25.0,0.0,0.0,0.0,0.0,0.00,sweeping:10
beir500k-f32,pos10_cat18,pos10,72773,sweeping,256,1,10,1.0000,1.0000,0.00000,4.974,14.664,14.664,6.277,11649.2,0.0,2423.7,1405.6,11.0,47.0,0.0,0.0,0.0,0.0,0.00,sweeping:10
beir500k-f32,pos10_cat18,pos10,72773,sweeping,256,2,10,1.0000,1.0000,0.00000,5.088,14.623,14.623,6.305,11649.2,0.0,2423.7,1405.6,11.0,47.0,0.0,0.0,0.0,0.0,0.00,sweeping:10
beir500k-f32,pos10_cat18,pos10,72773,sweeping,256,3,10,1.0000,1.0000,0.00000,5.329,14.651,14.651,6.320,11649.2,0.0,2423.7,1405.6,11.0,47.0,0.0,0.0,0.0,0.0,0.00,sweeping:10
beir500k-f32,pos10_cat18,pos10,72773,sweeping,512,1,10,1.0000,1.0000,0.00000,9.261,24.815,24.815,11.281,19471.6,0.0,4662.8,2860.4,24.0,132.0,0.0,0.0,0.0,0.0,0.00,sweeping:10
beir500k-f32,pos10_cat18,pos10,72773,sweeping,512,2,10,1.0000,1.0000,0.00000,8.848,25.406,25.406,11.302,19471.6,0.0,4662.8,2860.4,24.0,132.0,0.0,0.0,0.0,0.0,0.00,sweeping:10
beir500k-f32,pos10_cat18,pos10,72773,sweeping,512,3,10,1.0000,1.0000,0.00000,9.596,27.337,27.337,12.005,19471.6,0.0,4662.8,2860.4,24.0,132.0,0.0,0.0,0.0,0.0,0.00,sweeping:10
beir500k-f32,pos10_cat18,pos10,72773,acorn,64,1,10,1.0000,1.0000,0.00000,0.945,1.291,1.291,0.874,1213.7,10.0,7018.9,66.2,3.0,3.0,0.0,0.0,0.0,0.0,0.00,acorn:8|rre:2
beir500k-f32,pos10_cat18,pos10,72773,acorn,64,2,10,1.0000,1.0000,0.00000,1.049,1.393,1.393,0.979,1213.7,10.0,7018.9,66.2,3.0,3.0,0.0,0.0,0.0,0.0,0.00,acorn:8|rre:2
beir500k-f32,pos10_cat18,pos10,72773,acorn,64,3,10,1.0000,1.0000,0.00000,0.953,1.222,1.222,0.875,1213.7,10.0,7018.9,66.2,3.0,3.0,0.0,0.0,0.0,0.0,0.00,acorn:8|rre:2
beir500k-f32,pos10_cat18,pos10,72773,acorn,128,1,10,1.0000,1.0000,0.00000,1.356,1.714,1.714,1.210,1687.4,10.0,10052.3,130.0,3.0,3.0,0.0,0.0,0.0,0.0,0.00,acorn:8|rre:2
beir500k-f32,pos10_cat18,pos10,72773,acorn,128,2,10,1.0000,1.0000,0.00000,1.404,1.782,1.782,1.241,1687.4,10.0,10052.3,130.0,3.0,3.0,0.0,0.0,0.0,0.0,0.00,acorn:8|rre:2
beir500k-f32,pos10_cat18,pos10,72773,acorn,128,3,10,1.0000,1.0000,0.00000,1.382,2.034,2.034,1.357,1687.4,10.0,10052.3,130.0,3.0,3.0,0.0,0.0,0.0,0.0,0.00,acorn:8|rre:2
beir500k-f32,pos10_cat18,pos10,72773,acorn,256,1,10,1.0000,1.0000,0.00000,1.994,3.404,3.404,2.025,2366.4,10.0,14561.2,258.0,7.0,7.0,0.0,0.0,0.0,0.0,0.00,acorn:8|rre:2
beir500k-f32,pos10_cat18,pos10,72773,acorn,256,2,10,1.0000,1.0000,0.00000,2.046,3.559,3.559,2.140,2366.4,10.0,14561.2,258.0,7.0,7.0,0.0,0.0,0.0,0.0,0.00,acorn:8|rre:2
beir500k-f32,pos10_cat18,pos10,72773,acorn,256,3,10,1.0000,1.0000,0.00000,2.113,3.634,3.634,2.182,2366.4,10.0,14561.2,258.0,7.0,7.0,0.0,0.0,0.0,0.0,0.00,acorn:8|rre:2
beir500k-f32,pos10_cat18,pos10,72773,acorn,512,1,10,1.0000,1.0000,0.00000,2.940,6.579,6.579,3.338,3526.3,10.0,21239.9,513.9,16.0,15.0,0.0,0.0,0.0,0.0,0.00,acorn:8|rre:2
beir500k-f32,pos10_cat18,pos10,72773,acorn,512,2,10,1.0000,1.0000,0.00000,2.983,6.352,6.352,3.290,3526.3,10.0,21239.9,513.9,16.0,15.0,0.0,0.0,0.0,0.0,0.00,acorn:8|rre:2
beir500k-f32,pos10_cat18,pos10,72773,acorn,512,3,10,1.0000,1.0000,0.00000,2.955,6.367,6.367,3.296,3526.3,10.0,21239.9,513.9,16.0,15.0,0.0,0.0,0.0,0.0,0.00,acorn:8|rre:2
beir500k-f32,pos10_cat18,pos10,72773,pathseer,64,1,10,1.0000,1.0000,0.00000,0.600,1.131,1.131,0.680,1417.0,0.0,2344.1,188.4,3.0,8.0,128.0,23.9,1388.1,2.0,0.00,pathseer:10
beir500k-f32,pos10_cat18,pos10,72773,pathseer,64,2,10,1.0000,1.0000,0.00000,0.627,1.168,1.168,0.694,1417.0,0.0,2344.1,188.4,3.0,8.0,128.0,23.9,1388.1,2.0,0.00,pathseer:10
beir500k-f32,pos10_cat18,pos10,72773,pathseer,64,3,10,1.0000,1.0000,0.00000,0.619,1.132,1.132,0.678,1417.0,0.0,2344.1,188.4,3.0,8.0,128.0,23.9,1388.1,2.0,0.00,pathseer:10
beir500k-f32,pos10_cat18,pos10,72773,pathseer,128,1,10,1.0000,1.0000,0.00000,1.110,2.606,2.606,1.339,2320.3,0.0,4342.7,407.6,5.0,14.0,236.8,42.5,2552.1,3.7,0.00,pathseer:10
beir500k-f32,pos10_cat18,pos10,72773,pathseer,128,2,10,1.0000,1.0000,0.00000,1.110,2.594,2.594,1.331,2320.3,0.0,4342.7,407.6,5.0,14.0,236.8,42.5,2552.1,3.7,0.00,pathseer:10
beir500k-f32,pos10_cat18,pos10,72773,pathseer,128,3,10,1.0000,1.0000,0.00000,1.108,2.535,2.535,1.338,2320.3,0.0,4342.7,407.6,5.0,14.0,236.8,42.5,2552.1,3.7,0.00,pathseer:10
beir500k-f32,pos10_cat18,pos10,72773,pathseer,256,1,10,1.0000,1.0000,0.00000,2.060,5.259,5.259,2.504,3841.6,0.0,7933.9,871.9,8.0,31.0,467.2,89.7,4518.5,7.3,0.00,pathseer:10
beir500k-f32,pos10_cat18,pos10,72773,pathseer,256,2,10,1.0000,1.0000,0.00000,1.989,5.313,5.313,2.506,3841.6,0.0,7933.9,871.9,8.0,31.0,467.2,89.7,4518.5,7.3,0.00,pathseer:10
beir500k-f32,pos10_cat18,pos10,72773,pathseer,256,3,10,1.0000,1.0000,0.00000,2.027,5.247,5.247,2.525,3841.6,0.0,7933.9,871.9,8.0,31.0,467.2,89.7,4518.5,7.3,0.00,pathseer:10
beir500k-f32,pos10_cat18,pos10,72773,pathseer,512,1,10,1.0000,1.0000,0.00000,3.456,9.918,9.918,4.513,6316.4,0.0,13884.0,1780.9,15.0,74.0,947.2,190.2,7578.3,14.8,0.00,pathseer:10
beir500k-f32,pos10_cat18,pos10,72773,pathseer,512,2,10,1.0000,1.0000,0.00000,3.551,10.035,10.035,4.568,6316.4,0.0,13884.0,1780.9,15.0,74.0,947.2,190.2,7578.3,14.8,0.00,pathseer:10
beir500k-f32,pos10_cat18,pos10,72773,pathseer,512,3,10,1.0000,1.0000,0.00000,3.819,10.232,10.232,4.636,6316.4,0.0,13884.0,1780.9,15.0,74.0,947.2,190.2,7578.3,14.8,0.00,pathseer:10
beir500k-f32,pos10_cat19,pos10,63769,sweeping,64,1,60,0.9967,0.9667,0.00004,0.515,2.241,4.104,0.980,1853.5,0.0,327.6,137.2,4.0,4.0,0.0,0.0,0.0,0.0,0.00,sweeping:60
beir500k-f32,pos10_cat19,pos10,63769,sweeping,64,2,60,0.9967,0.9667,0.00004,0.522,2.248,4.119,0.986,1853.5,0.0,327.6,137.2,4.0,4.0,0.0,0.0,0.0,0.0,0.00,sweeping:60
beir500k-f32,pos10_cat19,pos10,63769,sweeping,64,3,60,0.9967,0.9667,0.00004,0.516,2.233,4.181,0.986,1853.5,0.0,327.6,137.2,4.0,4.0,0.0,0.0,0.0,0.0,0.00,sweeping:60
beir500k-f32,pos10_cat19,pos10,63769,sweeping,128,1,60,0.9983,0.9833,0.00002,0.910,4.503,7.436,1.706,3190.6,0.0,560.2,264.6,7.0,8.0,0.0,0.0,0.0,0.0,0.00,sweeping:60
beir500k-f32,pos10_cat19,pos10,63769,sweeping,128,2,60,0.9983,0.9833,0.00002,0.896,4.532,7.379,1.695,3190.6,0.0,560.2,264.6,7.0,8.0,0.0,0.0,0.0,0.0,0.00,sweeping:60
beir500k-f32,pos10_cat19,pos10,63769,sweeping,128,3,60,0.9983,0.9833,0.00002,0.892,4.484,7.334,1.695,3190.6,0.0,560.2,264.6,7.0,8.0,0.0,0.0,0.0,0.0,0.00,sweeping:60
beir500k-f32,pos10_cat19,pos10,63769,sweeping,256,1,60,1.0000,1.0000,0.00000,1.512,7.917,15.576,3.072,5669.3,0.0,1071.0,543.3,15.0,17.0,0.0,0.0,0.0,0.0,0.00,sweeping:60
beir500k-f32,pos10_cat19,pos10,63769,sweeping,256,2,60,1.0000,1.0000,0.00000,1.601,7.953,15.586,3.074,5669.3,0.0,1071.0,543.3,15.0,17.0,0.0,0.0,0.0,0.0,0.00,sweeping:60
beir500k-f32,pos10_cat19,pos10,63769,sweeping,256,3,60,1.0000,1.0000,0.00000,1.623,8.170,15.451,3.161,5669.3,0.0,1071.0,543.3,15.0,17.0,0.0,0.0,0.0,0.0,0.00,sweeping:60
beir500k-f32,pos10_cat19,pos10,63769,sweeping,512,1,60,1.0000,1.0000,0.00000,2.676,14.927,32.391,5.739,10067.2,0.0,2240.9,1189.3,31.0,38.0,0.0,0.0,0.0,0.0,0.00,sweeping:60
beir500k-f32,pos10_cat19,pos10,63769,sweeping,512,2,60,1.0000,1.0000,0.00000,2.725,15.207,34.239,5.825,10067.2,0.0,2240.9,1189.3,31.0,38.0,0.0,0.0,0.0,0.0,0.00,sweeping:60
beir500k-f32,pos10_cat19,pos10,63769,sweeping,512,3,60,1.0000,1.0000,0.00000,2.801,16.015,33.586,5.974,10067.2,0.0,2240.9,1189.3,31.0,38.0,0.0,0.0,0.0,0.0,0.00,sweeping:60
beir500k-f32,pos10_cat19,pos10,63769,acorn,64,1,60,0.9933,0.9333,0.00005,0.481,1.490,1.757,0.589,917.1,10.0,2016.6,65.6,4.0,4.0,0.0,0.0,0.0,0.0,0.00,acorn:6|rre:54
beir500k-f32,pos10_cat19,pos10,63769,acorn,64,2,60,0.9933,0.9333,0.00005,0.478,1.591,1.617,0.579,917.1,10.0,2016.6,65.6,4.0,4.0,0.0,0.0,0.0,0.0,0.00,acorn:6|rre:54
beir500k-f32,pos10_cat19,pos10,63769,acorn,64,3,60,0.9933,0.9333,0.00005,0.481,1.550,1.851,0.590,917.1,10.0,2016.6,65.6,4.0,4.0,0.0,0.0,0.0,0.0,0.00,acorn:6|rre:54
beir500k-f32,pos10_cat19,pos10,63769,acorn,128,1,60,0.9967,0.9667,0.00003,0.843,2.443,2.689,0.981,1521.6,10.0,3236.3,129.3,7.0,7.0,0.0,0.0,0.0,0.0,0.00,acorn:6|rre:54
beir500k-f32,pos10_cat19,pos10,63769,acorn,128,2,60,0.9967,0.9667,0.00003,0.812,2.409,2.614,0.960,1521.6,10.0,3236.3,129.3,7.0,7.0,0.0,0.0,0.0,0.0,0.00,acorn:6|rre:54
beir500k-f32,pos10_cat19,pos10,63769,acorn,128,3,60,0.9967,0.9667,0.00003,0.830,2.534,2.542,0.981,1521.6,10.0,3236.3,129.3,7.0,7.0,0.0,0.0,0.0,0.0,0.00,acorn:6|rre:54
beir500k-f32,pos10_cat19,pos10,63769,acorn,256,1,60,0.9983,0.9833,0.00001,1.450,4.141,4.273,1.667,2556.4,10.0,5237.4,257.3,16.0,15.0,0.0,0.0,0.0,0.0,0.00,acorn:6|rre:54
beir500k-f32,pos10_cat19,pos10,63769,acorn,256,2,60,0.9983,0.9833,0.00001,1.389,4.070,4.290,1.644,2556.4,10.0,5237.4,257.3,16.0,15.0,0.0,0.0,0.0,0.0,0.00,acorn:6|rre:54
beir500k-f32,pos10_cat19,pos10,63769,acorn,256,3,60,0.9983,0.9833,0.00001,1.373,3.925,4.166,1.574,2556.4,10.0,5237.4,257.3,16.0,15.0,0.0,0.0,0.0,0.0,0.00,acorn:6|rre:54
beir500k-f32,pos10_cat19,pos10,63769,acorn,512,1,60,1.0000,1.0000,0.00000,2.294,6.573,6.760,2.710,4162.6,10.0,8259.7,513.2,38.0,34.0,0.0,0.0,0.0,0.0,0.00,acorn:6|rre:54
beir500k-f32,pos10_cat19,pos10,63769,acorn,512,2,60,1.0000,1.0000,0.00000,2.294,6.546,6.699,2.674,4162.6,10.0,8259.7,513.2,38.0,34.0,0.0,0.0,0.0,0.0,0.00,acorn:6|rre:54
beir500k-f32,pos10_cat19,pos10,63769,acorn,512,3,60,1.0000,1.0000,0.00000,2.279,6.513,6.764,2.660,4162.6,10.0,8259.7,513.2,38.0,34.0,0.0,0.0,0.0,0.0,0.00,acorn:6|rre:54
beir500k-f32,pos10_cat19,pos10,63769,pathseer,64,1,60,0.9967,0.9667,0.00004,0.546,1.049,1.346,0.655,1113.7,0.0,955.6,103.2,2.0,2.0,78.9,53.6,438.3,1.2,0.00,pathseer:60
beir500k-f32,pos10_cat19,pos10,63769,pathseer,64,2,60,0.9967,0.9667,0.00004,0.545,1.026,1.323,0.649,1113.7,0.0,955.6,103.2,2.0,2.0,78.9,53.6,438.3,1.2,0.00,pathseer:60
beir500k-f32,pos10_cat19,pos10,63769,pathseer,64,3,60,0.9967,0.9667,0.00004,0.541,1.012,1.342,0.639,1113.7,0.0,955.6,103.2,2.0,2.0,78.9,53.6,438.3,1.2,0.00,pathseer:60
beir500k-f32,pos10_cat19,pos10,63769,pathseer,128,1,60,0.9983,0.9833,0.00002,0.915,1.769,2.520,1.065,1869.4,0.0,1666.6,199.3,3.0,3.0,152.5,97.8,747.2,2.4,0.00,pathseer:60
beir500k-f32,pos10_cat19,pos10,63769,pathseer,128,2,60,0.9983,0.9833,0.00002,0.904,1.731,2.523,1.059,1869.4,0.0,1666.6,199.3,3.0,3.0,152.5,97.8,747.2,2.4,0.00,pathseer:60
beir500k-f32,pos10_cat19,pos10,63769,pathseer,128,3,60,0.9983,0.9833,0.00002,0.896,1.746,2.562,1.065,1869.4,0.0,1666.6,199.3,3.0,3.0,152.5,97.8,747.2,2.4,0.00,pathseer:60
beir500k-f32,pos10_cat19,pos10,63769,pathseer,256,1,60,1.0000,1.0000,0.00000,1.684,3.349,5.014,1.943,3172.8,0.0,2979.0,396.2,5.0,5.0,292.3,182.4,1288.6,4.6,0.00,pathseer:60
beir500k-f32,pos10_cat19,pos10,63769,pathseer,256,2,60,1.0000,1.0000,0.00000,1.602,3.200,4.918,1.858,3172.8,0.0,2979.0,396.2,5.0,5.0,292.3,182.4,1288.6,4.6,0.00,pathseer:60
beir500k-f32,pos10_cat19,pos10,63769,pathseer,256,3,60,1.0000,1.0000,0.00000,1.574,3.288,4.875,1.868,3172.8,0.0,2979.0,396.2,5.0,5.0,292.3,182.4,1288.6,4.6,0.00,pathseer:60
beir500k-f32,pos10_cat19,pos10,63769,pathseer,512,1,60,1.0000,1.0000,0.00000,2.754,5.918,9.050,3.467,5392.1,0.0,5796.4,846.0,10.0,10.0,634.7,365.8,2436.1,9.9,0.00,pathseer:60
beir500k-f32,pos10_cat19,pos10,63769,pathseer,512,2,60,1.0000,1.0000,0.00000,2.654,5.817,9.014,3.387,5392.1,0.0,5796.4,846.0,10.0,10.0,634.7,365.8,2436.1,9.9,0.00,pathseer:60
beir500k-f32,pos10_cat19,pos10,63769,pathseer,512,3,60,1.0000,1.0000,0.00000,2.792,10.192,20.567,3.939,5392.1,0.0,5796.4,846.0,10.0,10.0,634.7,365.8,2436.1,9.9,0.00,pathseer:60
beir500k-f32,pos10_cat20,pos10,50595,sweeping,64,1,67,0.9985,0.9851,0.00004,0.666,2.617,4.934,1.294,2197.3,0.0,575.4,291.8,4.0,5.0,0.0,0.0,0.0,0.0,0.00,sweeping:67
beir500k-f32,pos10_cat20,pos10,50595,sweeping,64,2,67,0.9985,0.9851,0.00004,0.667,2.694,4.975,1.297,2197.3,0.0,575.4,291.8,4.0,5.0,0.0,0.0,0.0,0.0,0.00,sweeping:67
beir500k-f32,pos10_cat20,pos10,50595,sweeping,64,3,67,0.9985,0.9851,0.00004,0.671,2.612,4.954,1.302,2197.3,0.0,575.4,291.8,4.0,5.0,0.0,0.0,0.0,0.0,0.00,sweeping:67
beir500k-f32,pos10_cat20,pos10,50595,sweeping,128,1,67,1.0000,1.0000,0.00000,1.208,4.893,8.377,2.050,3601.4,0.0,848.6,434.4,6.0,8.0,0.0,0.0,0.0,0.0,0.00,sweeping:67
beir500k-f32,pos10_cat20,pos10,50595,sweeping,128,2,67,1.0000,1.0000,0.00000,1.213,4.886,8.401,2.056,3601.4,0.0,848.6,434.4,6.0,8.0,0.0,0.0,0.0,0.0,0.00,sweeping:67
beir500k-f32,pos10_cat20,pos10,50595,sweeping,128,3,67,1.0000,1.0000,0.00000,1.248,5.074,8.586,2.091,3601.4,0.0,848.6,434.4,6.0,8.0,0.0,0.0,0.0,0.0,0.00,sweeping:67
beir500k-f32,pos10_cat20,pos10,50595,sweeping,256,1,67,1.0000,1.0000,0.00000,2.290,8.516,13.282,3.413,6087.8,0.0,1342.0,683.3,12.0,18.0,0.0,0.0,0.0,0.0,0.00,sweeping:67
beir500k-f32,pos10_cat20,pos10,50595,sweeping,256,2,67,1.0000,1.0000,0.00000,2.339,8.694,13.150,3.474,6087.8,0.0,1342.0,683.3,12.0,18.0,0.0,0.0,0.0,0.0,0.00,sweeping:67
beir500k-f32,pos10_cat20,pos10,50595,sweeping,256,3,67,1.0000,1.0000,0.00000,2.288,8.482,13.253,3.406,6087.8,0.0,1342.0,683.3,12.0,18.0,0.0,0.0,0.0,0.0,0.00,sweeping:67
beir500k-f32,pos10_cat20,pos10,50595,sweeping,512,1,67,1.0000,1.0000,0.00000,4.542,15.678,21.456,6.230,10763.9,0.0,2303.7,1172.5,27.0,41.0,0.0,0.0,0.0,0.0,0.00,sweeping:67
beir500k-f32,pos10_cat20,pos10,50595,sweeping,512,2,67,1.0000,1.0000,0.00000,4.407,15.509,20.682,6.195,10763.9,0.0,2303.7,1172.5,27.0,41.0,0.0,0.0,0.0,0.0,0.00,sweeping:67
beir500k-f32,pos10_cat20,pos10,50595,sweeping,512,3,67,1.0000,1.0000,0.00000,4.392,15.832,21.118,6.156,10763.9,0.0,2303.7,1172.5,27.0,41.0,0.0,0.0,0.0,0.0,0.00,sweeping:67
beir500k-f32,pos10_cat20,pos10,50595,acorn,64,1,67,0.9985,0.9851,0.00004,0.584,1.818,2.025,0.787,1050.8,10.0,3197.0,66.0,4.0,4.0,0.0,0.0,0.0,0.0,0.00,acorn:17|rre:50
beir500k-f32,pos10_cat20,pos10,50595,acorn,64,2,67,0.9985,0.9851,0.00004,0.562,1.666,1.936,0.729,1050.8,10.0,3197.0,66.0,4.0,4.0,0.0,0.0,0.0,0.0,0.00,acorn:17|rre:50
beir500k-f32,pos10_cat20,pos10,50595,acorn,64,3,67,0.9985,0.9851,0.00004,0.543,1.696,1.923,0.724,1050.8,10.0,3197.0,66.0,4.0,4.0,0.0,0.0,0.0,0.0,0.00,acorn:17|rre:50
beir500k-f32,pos10_cat20,pos10,50595,acorn,128,1,67,1.0000,1.0000,0.00000,0.890,2.731,3.121,1.158,1792.2,10.0,5247.1,129.8,6.0,6.0,0.0,0.0,0.0,0.0,0.00,acorn:17|rre:50
beir500k-f32,pos10_cat20,pos10,50595,acorn,128,2,67,1.0000,1.0000,0.00000,0.926,2.804,3.153,1.190,1792.2,10.0,5247.1,129.8,6.0,6.0,0.0,0.0,0.0,0.0,0.00,acorn:17|rre:50
beir500k-f32,pos10_cat20,pos10,50595,acorn,128,3,67,1.0000,1.0000,0.00000,0.939,2.838,3.315,1.225,1792.2,10.0,5247.1,129.8,6.0,6.0,0.0,0.0,0.0,0.0,0.00,acorn:17|rre:50
beir500k-f32,pos10_cat20,pos10,50595,acorn,256,1,67,1.0000,1.0000,0.00000,1.641,4.800,5.565,2.089,3080.9,10.0,8753.5,257.5,13.0,13.0,0.0,0.0,0.0,0.0,0.00,acorn:17|rre:50
beir500k-f32,pos10_cat20,pos10,50595,acorn,256,2,67,1.0000,1.0000,0.00000,1.590,4.621,5.339,2.030,3080.9,10.0,8753.5,257.5,13.0,13.0,0.0,0.0,0.0,0.0,0.00,acorn:17|rre:50
beir500k-f32,pos10_cat20,pos10,50595,acorn,256,3,67,1.0000,1.0000,0.00000,1.628,4.754,5.424,2.049,3080.9,10.0,8753.5,257.5,13.0,13.0,0.0,0.0,0.0,0.0,0.00,acorn:17|rre:50
beir500k-f32,pos10_cat20,pos10,50595,acorn,512,1,67,1.0000,1.0000,0.00000,3.098,8.427,8.814,3.710,5180.4,10.0,14443.2,513.4,35.0,32.0,0.0,0.0,0.0,0.0,0.00,acorn:17|rre:50
beir500k-f32,pos10_cat20,pos10,50595,acorn,512,2,67,1.0000,1.0000,0.00000,3.133,8.265,8.775,3.653,5180.4,10.0,14443.2,513.4,35.0,32.0,0.0,0.0,0.0,0.0,0.00,acorn:17|rre:50
beir500k-f32,pos10_cat20,pos10,50595,acorn,512,3,67,1.0000,1.0000,0.00000,3.062,8.327,8.994,3.683,5180.4,10.0,14443.2,513.4,35.0,32.0,0.0,0.0,0.0,0.0,0.00,acorn:17|rre:50
beir500k-f32,pos10_cat20,pos10,50595,pathseer,64,1,67,0.9985,0.9851,0.00004,0.664,1.068,1.855,0.860,1345.1,0.0,1299.2,196.4,3.0,3.0,100.3,45.5,565.7,1.6,0.00,pathseer:67
beir500k-f32,pos10_cat20,pos10,50595,pathseer,64,2,67,0.9985,0.9851,0.00004,0.647,1.020,1.751,0.842,1345.1,0.0,1299.2,196.4,3.0,3.0,100.3,45.5,565.7,1.6,0.00,pathseer:67
beir500k-f32,pos10_cat20,pos10,50595,pathseer,64,3,67,0.9985,0.9851,0.00004,0.648,1.021,1.755,0.842,1345.1,0.0,1299.2,196.4,3.0,3.0,100.3,45.5,565.7,1.6,0.00,pathseer:67
beir500k-f32,pos10_cat20,pos10,50595,pathseer,128,1,67,1.0000,1.0000,0.00000,1.167,1.967,2.936,1.523,2352.6,0.0,2086.0,350.9,4.0,4.0,175.8,78.1,808.5,2.7,0.00,pathseer:67
beir500k-f32,pos10_cat20,pos10,50595,pathseer,128,2,67,1.0000,1.0000,0.00000,1.221,1.965,2.875,1.556,2352.6,0.0,2086.0,350.9,4.0,4.0,175.8,78.1,808.5,2.7,0.00,pathseer:67
beir500k-f32,pos10_cat20,pos10,50595,pathseer,128,3,67,1.0000,1.0000,0.00000,1.232,2.009,2.933,1.539,2352.6,0.0,2086.0,350.9,4.0,4.0,175.8,78.1,808.5,2.7,0.00,pathseer:67
beir500k-f32,pos10_cat20,pos10,50595,pathseer,256,1,67,1.0000,1.0000,0.00000,2.061,3.758,4.853,2.481,4024.3,0.0,3371.2,563.6,6.0,7.0,337.2,147.5,1263.7,5.3,0.00,pathseer:67
beir500k-f32,pos10_cat20,pos10,50595,pathseer,256,2,67,1.0000,1.0000,0.00000,2.051,3.410,4.749,2.411,4024.3,0.0,3371.2,563.6,6.0,7.0,337.2,147.5,1263.7,5.3,0.00,pathseer:67
beir500k-f32,pos10_cat20,pos10,50595,pathseer,256,3,67,1.0000,1.0000,0.00000,2.054,3.410,4.909,2.429,4024.3,0.0,3371.2,563.6,6.0,7.0,337.2,147.5,1263.7,5.3,0.00,pathseer:67
beir500k-f32,pos10_cat20,pos10,50595,pathseer,512,1,67,1.0000,1.0000,0.00000,3.726,6.197,9.703,4.189,6875.8,0.0,5898.2,967.4,11.0,12.0,690.6,296.3,2213.9,10.8,0.00,pathseer:67
beir500k-f32,pos10_cat20,pos10,50595,pathseer,512,2,67,1.0000,1.0000,0.00000,3.852,6.431,9.663,4.284,6875.8,0.0,5898.2,967.4,11.0,12.0,690.6,296.3,2213.9,10.8,0.00,pathseer:67
beir500k-f32,pos10_cat20,pos10,50595,pathseer,512,3,67,1.0000,1.0000,0.00000,3.763,6.226,9.787,4.216,6875.8,0.0,5898.2,967.4,11.0,12.0,690.6,296.3,2213.9,10.8,0.00,pathseer:67
beir500k-f32,pos10_cat21,pos10,74269,sweeping,64,1,61,0.9967,0.9672,0.00017,0.656,1.706,2.936,0.851,1670.8,0.0,279.6,105.2,4.0,4.0,0.0,0.0,0.0,0.0,0.00,sweeping:61
beir500k-f32,pos10_cat21,pos10,74269,sweeping,64,2,61,0.9967,0.9672,0.00017,0.673,1.738,3.150,0.860,1670.8,0.0,279.6,105.2,4.0,4.0,0.0,0.0,0.0,0.0,0.00,sweeping:61
beir500k-f32,pos10_cat21,pos10,74269,sweeping,64,3,61,0.9967,0.9672,0.00017,0.655,1.666,2.956,0.846,1670.8,0.0,279.6,105.2,4.0,4.0,0.0,0.0,0.0,0.0,0.00,sweeping:61
beir500k-f32,pos10_cat21,pos10,74269,sweeping,128,1,61,0.9967,0.9672,0.00005,1.243,5.646,10.623,2.029,2909.5,0.0,495.6,203.7,6.0,8.0,0.0,0.0,0.0,0.0,0.00,sweeping:61
beir500k-f32,pos10_cat21,pos10,74269,sweeping,128,2,61,0.9967,0.9672,0.00005,1.242,3.129,4.849,1.573,2909.5,0.0,495.6,203.7,6.0,8.0,0.0,0.0,0.0,0.0,0.00,sweeping:61
beir500k-f32,pos10_cat21,pos10,74269,sweeping,128,3,61,0.9967,0.9672,0.00005,1.262,3.302,4.823,1.616,2909.5,0.0,495.6,203.7,6.0,8.0,0.0,0.0,0.0,0.0,0.00,sweeping:61
beir500k-f32,pos10_cat21,pos10,74269,sweeping,256,1,61,1.0000,1.0000,0.00000,2.248,5.884,8.731,2.799,5068.4,0.0,921.9,396.4,13.0,17.0,0.0,0.0,0.0,0.0,0.00,sweeping:61
beir500k-f32,pos10_cat21,pos10,74269,sweeping,256,2,61,1.0000,1.0000,0.00000,2.113,5.645,8.695,2.666,5068.4,0.0,921.9,396.4,13.0,17.0,0.0,0.0,0.0,0.0,0.00,sweeping:61
beir500k-f32,pos10_cat21,pos10,74269,sweeping,256,3,61,1.0000,1.0000,0.00000,2.126,5.508,8.230,2.629,5068.4,0.0,921.9,396.4,13.0,17.0,0.0,0.0,0.0,0.0,0.00,sweeping:61
beir500k-f32,pos10_cat21,pos10,74269,sweeping,512,1,61,0.9984,0.9836,0.00000,3.792,11.704,13.223,4.854,8879.8,0.0,1743.3,793.1,27.0,37.0,0.0,0.0,0.0,0.0,0.00,sweeping:61
beir500k-f32,pos10_cat21,pos10,74269,sweeping,512,2,61,0.9984,0.9836,0.00000,3.837,11.646,13.386,4.772,8879.8,0.0,1743.3,793.1,27.0,37.0,0.0,0.0,0.0,0.0,0.00,sweeping:61
beir500k-f32,pos10_cat21,pos10,74269,sweeping,512,3,61,0.9984,0.9836,0.00000,3.961,11.946,13.732,4.905,8879.8,0.0,1743.3,793.1,27.0,37.0,0.0,0.0,0.0,0.0,0.00,sweeping:61
beir500k-f32,pos10_cat21,pos10,74269,acorn,64,1,61,0.9951,0.9508,0.00017,0.532,1.468,1.550,0.653,1048.3,10.0,2286.4,66.1,4.0,4.0,0.0,0.0,0.0,0.0,0.00,acorn:10|rre:51
beir500k-f32,pos10_cat21,pos10,74269,acorn,64,2,61,0.9951,0.9508,0.00017,0.549,1.579,1.622,0.664,1048.3,10.0,2286.4,66.1,4.0,4.0,0.0,0.0,0.0,0.0,0.00,acorn:10|rre:51
beir500k-f32,pos10_cat21,pos10,74269,acorn,64,3,61,0.9951,0.9508,0.00017,0.552,1.445,1.533,0.672,1048.3,10.0,2286.4,66.1,4.0,4.0,0.0,0.0,0.0,0.0,0.00,acorn:10|rre:51
beir500k-f32,pos10_cat21,pos10,74269,acorn,128,1,61,0.9967,0.9672,0.00005,0.904,2.236,2.447,1.094,1775.9,10.0,3801.3,129.5,6.0,6.0,0.0,0.0,0.0,0.0,0.00,acorn:10|rre:51
beir500k-f32,pos10_cat21,pos10,74269,acorn,128,2,61,0.9967,0.9672,0.00005,0.960,4.208,9.436,1.611,1775.9,10.0,3801.3,129.5,6.0,6.0,0.0,0.0,0.0,0.0,0.00,acorn:10|rre:51
beir500k-f32,pos10_cat21,pos10,74269,acorn,128,3,61,0.9967,0.9672,0.00005,0.868,2.167,2.475,1.067,1775.9,10.0,3801.3,129.5,6.0,6.0,0.0,0.0,0.0,0.0,0.00,acorn:10|rre:51
beir500k-f32,pos10_cat21,pos10,74269,acorn,256,1,61,1.0000,1.0000,0.00000,1.585,3.747,4.185,1.877,2999.5,10.0,6350.3,257.4,15.0,14.0,0.0,0.0,0.0,0.0,0.00,acorn:10|rre:51
beir500k-f32,pos10_cat21,pos10,74269,acorn,256,2,61,1.0000,1.0000,0.00000,1.521,3.727,4.021,1.820,2999.5,10.0,6350.3,257.4,15.0,14.0,0.0,0.0,0.0,0.0,0.00,acorn:10|rre:51
beir500k-f32,pos10_cat21,pos10,74269,acorn,256,3,61,1.0000,1.0000,0.00000,1.561,3.753,3.945,1.847,2999.5,10.0,6350.3,257.4,15.0,14.0,0.0,0.0,0.0,0.0,0.00,acorn:10|rre:51
beir500k-f32,pos10_cat21,pos10,74269,acorn,512,1,61,1.0000,1.0000,0.00000,2.866,6.251,6.773,3.331,4905.8,10.0,10315.0,513.3,35.0,33.0,0.0,0.0,0.0,0.0,0.00,acorn:10|rre:51
beir500k-f32,pos10_cat21,pos10,74269,acorn,512,2,61,1.0000,1.0000,0.00000,2.662,6.266,6.592,3.099,4905.8,10.0,10315.0,513.3,35.0,33.0,0.0,0.0,0.0,0.0,0.00,acorn:10|rre:51
beir500k-f32,pos10_cat21,pos10,74269,acorn,512,3,61,1.0000,1.0000,0.00000,2.645,6.007,6.392,3.041,4905.8,10.0,10315.0,513.3,35.0,33.0,0.0,0.0,0.0,0.0,0.00,acorn:10|rre:51
beir500k-f32,pos10_cat21,pos10,74269,pathseer,64,1,61,0.9967,0.9672,0.00017,0.603,0.814,1.053,0.637,1235.8,0.0,724.1,84.4,2.0,2.0,94.4,50.4,261.7,1.5,0.00,pathseer:61
beir500k-f32,pos10_cat21,pos10,74269,pathseer,64,2,61,0.9967,0.9672,0.00017,0.585,0.829,1.057,0.637,1235.8,0.0,724.1,84.4,2.0,2.0,94.4,50.4,261.7,1.5,0.00,pathseer:61
beir500k-f32,pos10_cat21,pos10,74269,pathseer,64,3,61,0.9967,0.9672,0.00017,0.605,0.818,1.045,0.641,1235.8,0.0,724.1,84.4,2.0,2.0,94.4,50.4,261.7,1.5,0.00,pathseer:61
beir500k-f32,pos10_cat21,pos10,74269,pathseer,128,1,61,0.9967,0.9672,0.00005,1.080,1.433,1.655,1.112,2128.7,0.0,1313.5,168.0,3.0,4.0,167.9,87.2,482.8,2.6,0.00,pathseer:61
beir500k-f32,pos10_cat21,pos10,74269,pathseer,128,2,61,0.9967,0.9672,0.00005,1.143,1.547,1.775,1.195,2128.7,0.0,1313.5,168.0,3.0,4.0,167.9,87.2,482.8,2.6,0.00,pathseer:61
beir500k-f32,pos10_cat21,pos10,74269,pathseer,128,3,61,0.9967,0.9672,0.00005,1.069,1.508,1.640,1.114,2128.7,0.0,1313.5,168.0,3.0,4.0,167.9,87.2,482.8,2.6,0.00,pathseer:61
beir500k-f32,pos10_cat21,pos10,74269,pathseer,256,1,61,0.9984,0.9836,0.00000,1.984,2.701,2.969,2.019,3674.2,0.0,2372.4,333.5,6.0,6.0,311.6,160.4,847.7,4.9,0.00,pathseer:61
beir500k-f32,pos10_cat21,pos10,74269,pathseer,256,2,61,0.9984,0.9836,0.00000,2.111,2.760,3.113,2.106,3674.2,0.0,2372.4,333.5,6.0,6.0,311.6,160.4,847.7,4.9,0.00,pathseer:61
beir500k-f32,pos10_cat21,pos10,74269,pathseer,256,3,61,0.9984,0.9836,0.00000,2.049,2.700,3.048,2.038,3674.2,0.0,2372.4,333.5,6.0,6.0,311.6,160.4,847.7,4.9,0.00,pathseer:61
beir500k-f32,pos10_cat21,pos10,74269,pathseer,512,1,61,1.0000,1.0000,0.00000,3.493,4.537,6.009,3.618,6243.4,0.0,4465.2,666.0,11.0,12.0,656.8,314.5,1524.6,10.3,0.00,pathseer:61
beir500k-f32,pos10_cat21,pos10,74269,pathseer,512,2,61,1.0000,1.0000,0.00000,3.529,4.974,5.780,3.612,6243.4,0.0,4465.2,666.0,11.0,12.0,656.8,314.5,1524.6,10.3,0.00,pathseer:61
beir500k-f32,pos10_cat21,pos10,74269,pathseer,512,3,61,1.0000,1.0000,0.00000,3.448,4.431,5.762,3.543,6243.4,0.0,4465.2,666.0,11.0,12.0,656.8,314.5,1524.6,10.3,0.00,pathseer:61
beir500k-f32,pos40_cat00,pos40,202630,sweeping,64,1,12,1.0000,1.0000,0.00000,1.844,2.523,2.774,1.682,3370.2,0.0,478.3,192.7,3.0,8.0,0.0,0.0,0.0,0.0,0.00,sweeping:12
beir500k-f32,pos40_cat00,pos40,202630,sweeping,64,2,12,1.0000,1.0000,0.00000,1.823,2.454,2.833,1.705,3370.2,0.0,478.3,192.7,3.0,8.0,0.0,0.0,0.0,0.0,0.00,sweeping:12
beir500k-f32,pos40_cat00,pos40,202630,sweeping,64,3,12,1.0000,1.0000,0.00000,1.893,2.553,3.067,1.779,3370.2,0.0,478.3,192.7,3.0,8.0,0.0,0.0,0.0,0.0,0.00,sweeping:12
beir500k-f32,pos40_cat00,pos40,202630,sweeping,128,1,12,1.0000,1.0000,0.00000,3.549,5.082,6.976,3.528,6853.3,0.0,1009.9,451.4,6.0,17.0,0.0,0.0,0.0,0.0,0.00,sweeping:12
beir500k-f32,pos40_cat00,pos40,202630,sweeping,128,2,12,1.0000,1.0000,0.00000,3.492,5.258,7.079,3.588,6853.3,0.0,1009.9,451.4,6.0,17.0,0.0,0.0,0.0,0.0,0.00,sweeping:12
beir500k-f32,pos40_cat00,pos40,202630,sweeping,128,3,12,1.0000,1.0000,0.00000,3.463,5.204,6.986,3.524,6853.3,0.0,1009.9,451.4,6.0,17.0,0.0,0.0,0.0,0.0,0.00,sweeping:12
beir500k-f32,pos40_cat00,pos40,202630,sweeping,256,1,12,1.0000,1.0000,0.00000,6.315,11.543,12.176,6.638,12548.2,0.0,2137.6,939.9,11.0,33.0,0.0,0.0,0.0,0.0,0.00,sweeping:12
beir500k-f32,pos40_cat00,pos40,202630,sweeping,256,2,12,1.0000,1.0000,0.00000,6.316,11.325,12.171,6.724,12548.2,0.0,2137.6,939.9,11.0,33.0,0.0,0.0,0.0,0.0,0.00,sweeping:12
beir500k-f32,pos40_cat00,pos40,202630,sweeping,256,3,12,1.0000,1.0000,0.00000,6.427,11.330,12.035,6.566,12548.2,0.0,2137.6,939.9,11.0,33.0,0.0,0.0,0.0,0.0,0.00,sweeping:12
beir500k-f32,pos40_cat00,pos40,202630,sweeping,512,1,12,1.0000,1.0000,0.00000,11.623,22.798,23.880,12.343,22488.2,0.0,4476.2,1982.2,24.0,93.0,0.0,0.0,0.0,0.0,0.00,sweeping:12
beir500k-f32,pos40_cat00,pos40,202630,sweeping,512,2,12,1.0000,1.0000,0.00000,11.283,23.011,23.718,12.229,22488.2,0.0,4476.2,1982.2,24.0,93.0,0.0,0.0,0.0,0.0,0.00,sweeping:12
beir500k-f32,pos40_cat00,pos40,202630,sweeping,512,3,12,1.0000,1.0000,0.00000,11.588,24.181,24.367,12.698,22488.2,0.0,4476.2,1982.2,24.0,93.0,0.0,0.0,0.0,0.0,0.00,sweeping:12
beir500k-f32,pos40_cat00,pos40,202630,acorn,64,1,12,1.0000,1.0000,0.00000,1.798,2.506,2.860,1.695,3370.2,0.0,478.3,192.7,3.0,8.0,0.0,0.0,0.0,0.0,0.00,sweeping:12
beir500k-f32,pos40_cat00,pos40,202630,acorn,64,2,12,1.0000,1.0000,0.00000,1.846,2.493,2.827,1.694,3370.2,0.0,478.3,192.7,3.0,8.0,0.0,0.0,0.0,0.0,0.00,sweeping:12
beir500k-f32,pos40_cat00,pos40,202630,acorn,64,3,12,1.0000,1.0000,0.00000,1.811,2.577,2.953,1.712,3370.2,0.0,478.3,192.7,3.0,8.0,0.0,0.0,0.0,0.0,0.00,sweeping:12
beir500k-f32,pos40_cat00,pos40,202630,acorn,128,1,12,1.0000,1.0000,0.00000,3.474,5.012,6.919,3.467,6853.3,0.0,1009.9,451.4,6.0,17.0,0.0,0.0,0.0,0.0,0.00,sweeping:12
beir500k-f32,pos40_cat00,pos40,202630,acorn,128,2,12,1.0000,1.0000,0.00000,3.477,5.094,6.998,3.496,6853.3,0.0,1009.9,451.4,6.0,17.0,0.0,0.0,0.0,0.0,0.00,sweeping:12
beir500k-f32,pos40_cat00,pos40,202630,acorn,128,3,12,1.0000,1.0000,0.00000,3.460,5.035,6.934,3.481,6853.3,0.0,1009.9,451.4,6.0,17.0,0.0,0.0,0.0,0.0,0.00,sweeping:12
beir500k-f32,pos40_cat00,pos40,202630,acorn,256,1,12,1.0000,1.0000,0.00000,6.389,11.438,12.332,6.608,12548.2,0.0,2137.6,939.9,11.0,33.0,0.0,0.0,0.0,0.0,0.00,sweeping:12
beir500k-f32,pos40_cat00,pos40,202630,acorn,256,2,12,1.0000,1.0000,0.00000,6.168,11.433,11.991,6.530,12548.2,0.0,2137.6,939.9,11.0,33.0,0.0,0.0,0.0,0.0,0.00,sweeping:12
beir500k-f32,pos40_cat00,pos40,202630,acorn,256,3,12,1.0000,1.0000,0.00000,6.249,11.391,12.062,6.530,12548.2,0.0,2137.6,939.9,11.0,33.0,0.0,0.0,0.0,0.0,0.00,sweeping:12
beir500k-f32,pos40_cat00,pos40,202630,acorn,512,1,12,1.0000,1.0000,0.00000,11.239,23.395,24.256,12.422,22488.2,0.0,4476.2,1982.2,24.0,93.0,0.0,0.0,0.0,0.0,0.00,sweeping:12
beir500k-f32,pos40_cat00,pos40,202630,acorn,512,2,12,1.0000,1.0000,0.00000,11.232,22.992,23.614,12.299,22488.2,0.0,4476.2,1982.2,24.0,93.0,0.0,0.0,0.0,0.0,0.00,sweeping:12
beir500k-f32,pos40_cat00,pos40,202630,acorn,512,3,12,1.0000,1.0000,0.00000,11.197,22.810,23.790,12.237,22488.2,0.0,4476.2,1982.2,24.0,93.0,0.0,0.0,0.0,0.0,0.00,sweeping:12
beir500k-f32,pos40_cat00,pos40,202630,pathseer,64,1,12,1.0000,1.0000,0.00000,0.829,1.020,1.028,0.835,1484.4,0.0,1678.4,123.9,3.0,6.0,122.7,32.7,966.1,1.9,0.00,pathseer:12
beir500k-f32,pos40_cat00,pos40,202630,pathseer,64,2,12,1.0000,1.0000,0.00000,0.924,0.975,1.026,0.881,1484.4,0.0,1678.4,123.9,3.0,6.0,122.7,32.7,966.1,1.9,0.00,pathseer:12
beir500k-f32,pos40_cat00,pos40,202630,pathseer,64,3,12,1.0000,1.0000,0.00000,0.866,0.941,0.977,0.839,1484.4,0.0,1678.4,123.9,3.0,6.0,122.7,32.7,966.1,1.9,0.00,pathseer:12
beir500k-f32,pos40_cat00,pos40,202630,pathseer,128,1,12,1.0000,1.0000,0.00000,1.519,1.799,2.104,1.537,2684.3,0.0,3469.1,268.4,4.0,10.0,202.7,56.5,2123.6,3.2,0.00,pathseer:12
beir500k-f32,pos40_cat00,pos40,202630,pathseer,128,2,12,1.0000,1.0000,0.00000,1.481,1.847,2.129,1.529,2684.3,0.0,3469.1,268.4,4.0,10.0,202.7,56.5,2123.6,3.2,0.00,pathseer:12
beir500k-f32,pos40_cat00,pos40,202630,pathseer,128,3,12,1.0000,1.0000,0.00000,1.461,1.846,2.066,1.527,2684.3,0.0,3469.1,268.4,4.0,10.0,202.7,56.5,2123.6,3.2,0.00,pathseer:12
beir500k-f32,pos40_cat00,pos40,202630,pathseer,256,1,12,1.0000,1.0000,0.00000,2.768,3.546,4.266,2.851,4849.1,0.0,6568.2,551.6,7.0,20.0,400.0,111.8,3960.8,6.2,0.00,pathseer:12
beir500k-f32,pos40_cat00,pos40,202630,pathseer,256,2,12,1.0000,1.0000,0.00000,2.853,3.536,4.376,2.933,4849.1,0.0,6568.2,551.6,7.0,20.0,400.0,111.8,3960.8,6.2,0.00,pathseer:12
beir500k-f32,pos40_cat00,pos40,202630,pathseer,256,3,12,1.0000,1.0000,0.00000,2.867,3.519,4.582,2.993,4849.1,0.0,6568.2,551.6,7.0,20.0,400.0,111.8,3960.8,6.2,0.00,pathseer:12
beir500k-f32,pos40_cat00,pos40,202630,pathseer,512,1,12,1.0000,1.0000,0.00000,4.982,7.473,8.461,5.385,8601.6,0.0,12764.7,1181.0,14.0,47.0,821.3,216.1,7511.0,12.8,0.00,pathseer:12
beir500k-f32,pos40_cat00,pos40,202630,pathseer,512,2,12,1.0000,1.0000,0.00000,5.031,7.531,9.115,5.465,8601.6,0.0,12764.7,1181.0,14.0,47.0,821.3,216.1,7511.0,12.8,0.00,pathseer:12
beir500k-f32,pos40_cat00,pos40,202630,pathseer,512,3,12,1.0000,1.0000,0.00000,5.100,7.484,8.599,5.408,8601.6,0.0,12764.7,1181.0,14.0,47.0,821.3,216.1,7511.0,12.8,0.00,pathseer:12
beir500k-f32,pos40_cat01,pos40,222136,sweeping,64,1,22,1.0000,1.0000,0.00000,0.570,0.874,0.889,0.601,1279.5,0.0,196.9,68.1,4.0,4.0,0.0,0.0,0.0,0.0,0.00,sweeping:22
beir500k-f32,pos40_cat01,pos40,222136,sweeping,64,2,22,1.0000,1.0000,0.00000,0.557,0.781,0.837,0.574,1279.5,0.0,196.9,68.1,4.0,4.0,0.0,0.0,0.0,0.0,0.00,sweeping:22
beir500k-f32,pos40_cat01,pos40,222136,sweeping,64,3,22,1.0000,1.0000,0.00000,0.569,0.832,0.843,0.582,1279.5,0.0,196.9,68.1,4.0,4.0,0.0,0.0,0.0,0.0,0.00,sweeping:22
beir500k-f32,pos40_cat01,pos40,222136,sweeping,128,1,22,1.0000,1.0000,0.00000,0.988,1.503,1.702,1.038,2272.2,0.0,337.9,136.9,6.0,7.0,0.0,0.0,0.0,0.0,0.00,sweeping:22
beir500k-f32,pos40_cat01,pos40,222136,sweeping,128,2,22,1.0000,1.0000,0.00000,1.010,1.504,1.754,1.055,2272.2,0.0,337.9,136.9,6.0,7.0,0.0,0.0,0.0,0.0,0.00,sweeping:22
beir500k-f32,pos40_cat01,pos40,222136,sweeping,128,3,22,1.0000,1.0000,0.00000,1.053,1.653,1.728,1.117,2272.2,0.0,337.9,136.9,6.0,7.0,0.0,0.0,0.0,0.0,0.00,sweeping:22
beir500k-f32,pos40_cat01,pos40,222136,sweeping,256,1,22,1.0000,1.0000,0.00000,1.911,3.222,3.374,2.002,4083.4,0.0,612.0,278.7,12.0,13.0,0.0,0.0,0.0,0.0,0.00,sweeping:22
beir500k-f32,pos40_cat01,pos40,222136,sweeping,256,2,22,1.0000,1.0000,0.00000,1.874,3.049,3.310,1.982,4083.4,0.0,612.0,278.7,12.0,13.0,0.0,0.0,0.0,0.0,0.00,sweeping:22
beir500k-f32,pos40_cat01,pos40,222136,sweeping,256,3,22,1.0000,1.0000,0.00000,1.905,8.249,12.356,3.046,4083.4,0.0,612.0,278.7,12.0,13.0,0.0,0.0,0.0,0.0,0.00,sweeping:22
beir500k-f32,pos40_cat01,pos40,222136,sweeping,512,1,22,1.0000,1.0000,0.00000,3.361,5.993,6.417,3.619,7194.1,0.0,1149.4,568.7,26.0,29.0,0.0,0.0,0.0,0.0,0.00,sweeping:22
beir500k-f32,pos40_cat01,pos40,222136,sweeping,512,2,22,1.0000,1.0000,0.00000,3.259,5.870,6.404,3.618,7194.1,0.0,1149.4,568.7,26.0,29.0,0.0,0.0,0.0,0.0,0.00,sweeping:22
beir500k-f32,pos40_cat01,pos40,222136,sweeping,512,3,22,1.0000,1.0000,0.00000,3.284,6.245,6.403,3.600,7194.1,0.0,1149.4,568.7,26.0,29.0,0.0,0.0,0.0,0.0,0.00,sweeping:22
beir500k-f32,pos40_cat01,pos40,222136,acorn,64,1,22,1.0000,1.0000,0.00000,0.601,0.830,0.839,0.603,1279.5,0.0,196.9,68.1,4.0,4.0,0.0,0.0,0.0,0.0,0.00,sweeping:22
beir500k-f32,pos40_cat01,pos40,222136,acorn,64,2,22,1.0000,1.0000,0.00000,0.558,0.856,0.863,0.582,1279.5,0.0,196.9,68.1,4.0,4.0,0.0,0.0,0.0,0.0,0.00,sweeping:22
beir500k-f32,pos40_cat01,pos40,222136,acorn,64,3,22,1.0000,1.0000,0.00000,0.580,0.857,0.877,0.601,1279.5,0.0,196.9,68.1,4.0,4.0,0.0,0.0,0.0,0.0,0.00,sweeping:22
beir500k-f32,pos40_cat01,pos40,222136,acorn,128,1,22,1.0000,1.0000,0.00000,1.020,1.560,1.735,1.067,2272.2,0.0,337.9,136.9,6.0,7.0,0.0,0.0,0.0,0.0,0.00,sweeping:22
beir500k-f32,pos40_cat01,pos40,222136,acorn,128,2,22,1.0000,1.0000,0.00000,1.002,1.513,1.721,1.050,2272.2,0.0,337.9,136.9,6.0,7.0,0.0,0.0,0.0,0.0,0.00,sweeping:22
beir500k-f32,pos40_cat01,pos40,222136,acorn,128,3,22,1.0000,1.0000,0.00000,1.019,1.512,1.711,1.046,2272.2,0.0,337.9,136.9,6.0,7.0,0.0,0.0,0.0,0.0,0.00,sweeping:22
beir500k-f32,pos40_cat01,pos40,222136,acorn,256,1,22,1.0000,1.0000,0.00000,1.855,3.042,3.314,1.953,4083.4,0.0,612.0,278.7,12.0,13.0,0.0,0.0,0.0,0.0,0.00,sweeping:22
beir500k-f32,pos40_cat01,pos40,222136,acorn,256,2,22,1.0000,1.0000,0.00000,1.853,3.188,3.360,1.973,4083.4,0.0,612.0,278.7,12.0,13.0,0.0,0.0,0.0,0.0,0.00,sweeping:22
beir500k-f32,pos40_cat01,pos40,222136,acorn,256,3,22,1.0000,1.0000,0.00000,2.106,3.486,3.611,2.174,4083.4,0.0,612.0,278.7,12.0,13.0,0.0,0.0,0.0,0.0,0.00,sweeping:22
beir500k-f32,pos40_cat01,pos40,222136,acorn,512,1,22,1.0000,1.0000,0.00000,3.360,6.127,6.536,3.664,7194.1,0.0,1149.4,568.7,26.0,29.0,0.0,0.0,0.0,0.0,0.00,sweeping:22
beir500k-f32,pos40_cat01,pos40,222136,acorn,512,2,22,1.0000,1.0000,0.00000,3.285,5.890,6.477,3.607,7194.1,0.0,1149.4,568.7,26.0,29.0,0.0,0.0,0.0,0.0,0.00,sweeping:22
beir500k-f32,pos40_cat01,pos40,222136,acorn,512,3,22,1.0000,1.0000,0.00000,3.301,5.867,6.499,3.620,7194.1,0.0,1149.4,568.7,26.0,29.0,0.0,0.0,0.0,0.0,0.00,sweeping:22
beir500k-f32,pos40_cat01,pos40,222136,pathseer,64,1,22,1.0000,1.0000,0.00000,0.598,0.800,0.849,0.598,1274.9,0.0,412.3,67.7,2.0,2.0,75.6,53.3,32.6,1.2,0.00,pathseer:22
beir500k-f32,pos40_cat01,pos40,222136,pathseer,64,2,22,1.0000,1.0000,0.00000,0.578,0.742,0.870,0.587,1274.9,0.0,412.3,67.7,2.0,2.0,75.6,53.3,32.6,1.2,0.00,pathseer:22
beir500k-f32,pos40_cat01,pos40,222136,pathseer,64,3,22,1.0000,1.0000,0.00000,0.588,0.766,0.832,0.584,1274.9,0.0,412.3,67.7,2.0,2.0,75.6,53.3,32.6,1.2,0.00,pathseer:22
beir500k-f32,pos40_cat01,pos40,222136,pathseer,128,1,22,1.0000,1.0000,0.00000,1.002,1.388,1.448,1.048,2208.1,0.0,790.8,135.3,3.0,3.0,145.5,102.0,92.3,2.3,0.00,pathseer:22
beir500k-f32,pos40_cat01,pos40,222136,pathseer,128,2,22,1.0000,1.0000,0.00000,1.083,1.385,1.429,1.055,2208.1,0.0,790.8,135.3,3.0,3.0,145.5,102.0,92.3,2.3,0.00,pathseer:22
beir500k-f32,pos40_cat01,pos40,222136,pathseer,128,3,22,1.0000,1.0000,0.00000,1.024,1.361,1.413,1.022,2208.1,0.0,790.8,135.3,3.0,3.0,145.5,102.0,92.3,2.3,0.00,pathseer:22
beir500k-f32,pos40_cat01,pos40,222136,pathseer,256,1,22,1.0000,1.0000,0.00000,1.818,2.561,2.634,1.862,3814.2,0.0,1501.6,271.8,5.0,5.0,256.0,183.9,225.4,4.0,0.00,pathseer:22
beir500k-f32,pos40_cat01,pos40,222136,pathseer,256,2,22,1.0000,1.0000,0.00000,1.811,2.540,2.662,1.858,3814.2,0.0,1501.6,271.8,5.0,5.0,256.0,183.9,225.4,4.0,0.00,pathseer:22
beir500k-f32,pos40_cat01,pos40,222136,pathseer,256,3,22,1.0000,1.0000,0.00000,1.802,2.469,2.517,1.823,3814.2,0.0,1501.6,271.8,5.0,5.0,256.0,183.9,225.4,4.0,0.00,pathseer:22
beir500k-f32,pos40_cat01,pos40,222136,pathseer,512,1,22,1.0000,1.0000,0.00000,3.134,4.427,4.534,3.295,6484.4,0.0,2923.3,548.9,9.0,10.0,523.6,349.3,515.5,8.2,0.00,pathseer:22
beir500k-f32,pos40_cat01,pos40,222136,pathseer,512,2,22,1.0000,1.0000,0.00000,3.176,4.532,4.556,3.317,6484.4,0.0,2923.3,548.9,9.0,10.0,523.6,349.3,515.5,8.2,0.00,pathseer:22
beir500k-f32,pos40_cat01,pos40,222136,pathseer,512,3,22,1.0000,1.0000,0.00000,3.111,4.394,4.497,3.297,6484.4,0.0,2923.3,548.9,9.0,10.0,523.6,349.3,515.5,8.2,0.00,pathseer:22
beir500k-f32,pos40_cat02,pos40,209153,sweeping,64,1,60,0.9467,0.7333,0.00240,0.835,1.020,1.284,0.866,1888.2,0.0,240.1,73.4,3.0,3.0,0.0,0.0,0.0,0.0,0.00,sweeping:60
beir500k-f32,pos40_cat02,pos40,209153,sweeping,64,2,60,0.9467,0.7333,0.00240,0.819,1.053,1.263,0.859,1888.2,0.0,240.1,73.4,3.0,3.0,0.0,0.0,0.0,0.0,0.00,sweeping:60
beir500k-f32,pos40_cat02,pos40,209153,sweeping,64,3,60,0.9467,0.7333,0.00240,0.830,1.062,1.230,0.863,1888.2,0.0,240.1,73.4,3.0,3.0,0.0,0.0,0.0,0.0,0.00,sweeping:60
beir500k-f32,pos40_cat02,pos40,209153,sweeping,128,1,60,0.9667,0.8667,0.00141,1.493,2.029,2.498,1.605,3408.4,0.0,430.9,148.7,5.0,5.0,0.0,0.0,0.0,0.0,0.00,sweeping:60
beir500k-f32,pos40_cat02,pos40,209153,sweeping,128,2,60,0.9667,0.8667,0.00141,1.478,2.053,2.578,1.581,3408.4,0.0,430.9,148.7,5.0,5.0,0.0,0.0,0.0,0.0,0.00,sweeping:60
beir500k-f32,pos40_cat02,pos40,209153,sweeping,128,3,60,0.9667,0.8667,0.00141,1.459,1.975,2.447,1.563,3408.4,0.0,430.9,148.7,5.0,5.0,0.0,0.0,0.0,0.0,0.00,sweeping:60
beir500k-f32,pos40_cat02,pos40,209153,sweeping,256,1,60,0.9933,0.9333,0.00013,2.629,4.011,4.428,2.852,5930.6,0.0,782.8,303.6,9.0,10.0,0.0,0.0,0.0,0.0,0.00,sweeping:60
beir500k-f32,pos40_cat02,pos40,209153,sweeping,256,2,60,0.9933,0.9333,0.00013,2.617,3.985,4.844,2.880,5930.6,0.0,782.8,303.6,9.0,10.0,0.0,0.0,0.0,0.0,0.00,sweeping:60
beir500k-f32,pos40_cat02,pos40,209153,sweeping,256,3,60,0.9933,0.9333,0.00013,2.637,4.020,4.596,2.871,5930.6,0.0,782.8,303.6,9.0,10.0,0.0,0.0,0.0,0.0,0.00,sweeping:60
beir500k-f32,pos40_cat02,pos40,209153,sweeping,512,1,60,1.0000,1.0000,0.00000,4.466,7.200,7.905,4.932,9891.8,0.0,1434.1,604.3,18.0,19.0,0.0,0.0,0.0,0.0,0.00,sweeping:60
beir500k-f32,pos40_cat02,pos40,209153,sweeping,512,2,60,1.0000,1.0000,0.00000,4.553,7.442,7.930,4.996,9891.8,0.0,1434.1,604.3,18.0,19.0,0.0,0.0,0.0,0.0,0.00,sweeping:60
beir500k-f32,pos40_cat02,pos40,209153,sweeping,512,3,60,1.0000,1.0000,0.00000,4.562,7.428,7.853,5.042,9891.8,0.0,1434.1,604.3,18.0,19.0,0.0,0.0,0.0,0.0,0.00,sweeping:60
beir500k-f32,pos40_cat02,pos40,209153,acorn,64,1,60,0.9467,0.7333,0.00240,0.843,1.091,1.324,0.877,1888.2,0.0,240.1,73.4,3.0,3.0,0.0,0.0,0.0,0.0,0.00,sweeping:60
beir500k-f32,pos40_cat02,pos40,209153,acorn,64,2,60,0.9467,0.7333,0.00240,0.853,1.048,1.268,0.885,1888.2,0.0,240.1,73.4,3.0,3.0,0.0,0.0,0.0,0.0,0.00,sweeping:60
beir500k-f32,pos40_cat02,pos40,209153,acorn,64,3,60,0.9467,0.7333,0.00240,0.834,1.040,1.245,0.863,1888.2,0.0,240.1,73.4,3.0,3.0,0.0,0.0,0.0,0.0,0.00,sweeping:60
beir500k-f32,pos40_cat02,pos40,209153,acorn,128,1,60,0.9667,0.8667,0.00141,1.471,2.020,2.467,1.578,3408.4,0.0,430.9,148.7,5.0,5.0,0.0,0.0,0.0,0.0,0.00,sweeping:60
beir500k-f32,pos40_cat02,pos40,209153,acorn,128,2,60,0.9667,0.8667,0.00141,1.514,2.011,2.446,1.586,3408.4,0.0,430.9,148.7,5.0,5.0,0.0,0.0,0.0,0.0,0.00,sweeping:60
beir500k-f32,pos40_cat02,pos40,209153,acorn,128,3,60,0.9667,0.8667,0.00141,1.511,2.026,2.489,1.596,3408.4,0.0,430.9,148.7,5.0,5.0,0.0,0.0,0.0,0.0,0.00,sweeping:60
beir500k-f32,pos40_cat02,pos40,209153,acorn,256,1,60,0.9933,0.9333,0.00013,2.653,4.082,4.500,2.884,5930.6,0.0,782.8,303.6,9.0,10.0,0.0,0.0,0.0,0.0,0.00,sweeping:60
beir500k-f32,pos40_cat02,pos40,209153,acorn,256,2,60,0.9933,0.9333,0.00013,2.558,4.009,4.472,2.808,5930.6,0.0,782.8,303.6,9.0,10.0,0.0,0.0,0.0,0.0,0.00,sweeping:60
beir500k-f32,pos40_cat02,pos40,209153,acorn,256,3,60,0.9933,0.9333,0.00013,2.584,4.051,4.618,2.810,5930.6,0.0,782.8,303.6,9.0,10.0,0.0,0.0,0.0,0.0,0.00,sweeping:60
beir500k-f32,pos40_cat02,pos40,209153,acorn,512,1,60,1.0000,1.0000,0.00000,4.465,7.300,7.784,4.910,9891.8,0.0,1434.1,604.3,18.0,19.0,0.0,0.0,0.0,0.0,0.00,sweeping:60
beir500k-f32,pos40_cat02,pos40,209153,acorn,512,2,60,1.0000,1.0000,0.00000,4.430,7.084,7.925,4.911,9891.8,0.0,1434.1,604.3,18.0,19.0,0.0,0.0,0.0,0.0,0.00,sweeping:60
beir500k-f32,pos40_cat02,pos40,209153,acorn,512,3,60,1.0000,1.0000,0.00000,4.616,7.334,8.148,5.033,9891.8,0.0,1434.1,604.3,18.0,19.0,0.0,0.0,0.0,0.0,0.00,sweeping:60
beir500k-f32,pos40_cat02,pos40,209153,pathseer,64,1,60,0.9450,0.7167,0.00241,0.849,1.036,1.068,0.852,1800.6,0.0,479.3,69.4,2.0,2.0,73.6,55.9,62.8,1.1,0.00,pathseer:60
beir500k-f32,pos40_cat02,pos40,209153,pathseer,64,2,60,0.9450,0.7167,0.00241,0.926,1.105,1.168,0.910,1800.6,0.0,479.3,69.4,2.0,2.0,73.6,55.9,62.8,1.1,0.00,pathseer:60
beir500k-f32,pos40_cat02,pos40,209153,pathseer,64,3,60,0.9450,0.7167,0.00241,0.907,1.174,1.234,0.929,1800.6,0.0,479.3,69.4,2.0,2.0,73.6,55.9,62.8,1.1,0.00,pathseer:60
beir500k-f32,pos40_cat02,pos40,209153,pathseer,128,1,60,0.9667,0.8667,0.00141,1.584,1.940,2.143,1.581,3182.2,0.0,889.9,136.9,3.0,3.0,132.3,99.4,127.8,2.1,0.00,pathseer:60
beir500k-f32,pos40_cat02,pos40,209153,pathseer,128,2,60,0.9667,0.8667,0.00141,1.573,1.871,1.986,1.561,3182.2,0.0,889.9,136.9,3.0,3.0,132.3,99.4,127.8,2.1,0.00,pathseer:60
beir500k-f32,pos40_cat02,pos40,209153,pathseer,128,3,60,0.9667,0.8667,0.00141,1.510,1.902,1.998,1.530,3182.2,0.0,889.9,136.9,3.0,3.0,132.3,99.4,127.8,2.1,0.00,pathseer:60
beir500k-f32,pos40_cat02,pos40,209153,pathseer,256,1,60,0.9883,0.9167,0.00030,2.678,3.348,3.456,2.667,5434.5,0.0,1632.9,272.2,4.0,5.0,228.3,170.8,245.9,3.6,0.00,pathseer:60
beir500k-f32,pos40_cat02,pos40,209153,pathseer,256,2,60,0.9883,0.9167,0.00030,2.687,3.308,3.468,2.662,5434.5,0.0,1632.9,272.2,4.0,5.0,228.3,170.8,245.9,3.6,0.00,pathseer:60
beir500k-f32,pos40_cat02,pos40,209153,pathseer,256,3,60,0.9883,0.9167,0.00030,2.626,3.369,3.537,2.651,5434.5,0.0,1632.9,272.2,4.0,5.0,228.3,170.8,245.9,3.6,0.00,pathseer:60
beir500k-f32,pos40_cat02,pos40,209153,pathseer,512,1,60,1.0000,1.0000,0.00000,4.572,5.571,6.175,4.559,9021.2,0.0,3038.6,542.7,8.0,8.0,441.6,332.0,466.8,6.9,0.00,pathseer:60
beir500k-f32,pos40_cat02,pos40,209153,pathseer,512,2,60,1.0000,1.0000,0.00000,4.588,5.951,6.189,4.641,9021.2,0.0,3038.6,542.7,8.0,8.0,441.6,332.0,466.8,6.9,0.00,pathseer:60
beir500k-f32,pos40_cat02,pos40,209153,pathseer,512,3,60,1.0000,1.0000,0.00000,4.711,6.040,6.221,4.738,9021.2,0.0,3038.6,542.7,8.0,8.0,441.6,332.0,466.8,6.9,0.00,pathseer:60
beir500k-f32,pos40_cat03,pos40,220547,sweeping,64,1,55,0.9855,0.8545,0.00033,0.799,1.213,1.533,0.868,1772.3,0.0,264.7,75.7,3.0,4.0,0.0,0.0,0.0,0.0,0.00,sweeping:55
beir500k-f32,pos40_cat03,pos40,220547,sweeping,64,2,55,0.9855,0.8545,0.00033,0.838,1.208,1.643,0.875,1772.3,0.0,264.7,75.7,3.0,4.0,0.0,0.0,0.0,0.0,0.00,sweeping:55
beir500k-f32,pos40_cat03,pos40,220547,sweeping,64,3,55,0.9855,0.8545,0.00033,0.801,1.245,1.551,0.871,1772.3,0.0,264.7,75.7,3.0,4.0,0.0,0.0,0.0,0.0,0.00,sweeping:55
beir500k-f32,pos40_cat03,pos40,220547,sweeping,128,1,55,0.9909,0.9091,0.00020,1.485,2.127,2.938,1.533,3126.3,0.0,434.3,148.9,5.0,6.0,0.0,0.0,0.0,0.0,0.00,sweeping:55
beir500k-f32,pos40_cat03,pos40,220547,sweeping,128,2,55,0.9909,0.9091,0.00020,1.471,2.092,2.987,1.532,3126.3,0.0,434.3,148.9,5.0,6.0,0.0,0.0,0.0,0.0,0.00,sweeping:55
beir500k-f32,pos40_cat03,pos40,220547,sweeping,128,3,55,0.9909,0.9091,0.00020,1.481,2.120,2.992,1.538,3126.3,0.0,434.3,148.9,5.0,6.0,0.0,0.0,0.0,0.0,0.00,sweeping:55
beir500k-f32,pos40_cat03,pos40,220547,sweeping,256,1,55,0.9964,0.9636,0.00015,2.598,3.663,5.357,2.738,5485.9,0.0,752.6,297.1,10.0,11.0,0.0,0.0,0.0,0.0,0.00,sweeping:55
beir500k-f32,pos40_cat03,pos40,220547,sweeping,256,2,55,0.9964,0.9636,0.00015,2.576,3.559,5.094,2.740,5485.9,0.0,752.6,297.1,10.0,11.0,0.0,0.0,0.0,0.0,0.00,sweeping:55
beir500k-f32,pos40_cat03,pos40,220547,sweeping,256,3,55,0.9964,0.9636,0.00015,2.584,3.606,5.056,2.735,5485.9,0.0,752.6,297.1,10.0,11.0,0.0,0.0,0.0,0.0,0.00,sweeping:55
beir500k-f32,pos40_cat03,pos40,220547,sweeping,512,1,55,0.9964,0.9636,0.00015,4.540,6.780,8.768,4.849,9580.1,0.0,1375.8,600.6,19.0,21.0,0.0,0.0,0.0,0.0,0.00,sweeping:55
beir500k-f32,pos40_cat03,pos40,220547,sweeping,512,2,55,0.9964,0.9636,0.00015,4.609,6.918,8.964,4.957,9580.1,0.0,1375.8,600.6,19.0,21.0,0.0,0.0,0.0,0.0,0.00,sweeping:55
beir500k-f32,pos40_cat03,pos40,220547,sweeping,512,3,55,0.9964,0.9636,0.00015,4.628,6.806,8.746,4.960,9580.1,0.0,1375.8,600.6,19.0,21.0,0.0,0.0,0.0,0.0,0.00,sweeping:55
beir500k-f32,pos40_cat03,pos40,220547,acorn,64,1,55,0.9855,0.8545,0.00033,0.812,1.215,1.529,0.861,1772.3,0.0,264.7,75.7,3.0,4.0,0.0,0.0,0.0,0.0,0.00,sweeping:55
beir500k-f32,pos40_cat03,pos40,220547,acorn,64,2,55,0.9855,0.8545,0.00033,0.805,1.245,1.530,0.861,1772.3,0.0,264.7,75.7,3.0,4.0,0.0,0.0,0.0,0.0,0.00,sweeping:55
beir500k-f32,pos40_cat03,pos40,220547,acorn,64,3,55,0.9855,0.8545,0.00033,0.809,1.198,1.534,0.864,1772.3,0.0,264.7,75.7,3.0,4.0,0.0,0.0,0.0,0.0,0.00,sweeping:55
beir500k-f32,pos40_cat03,pos40,220547,acorn,128,1,55,0.9909,0.9091,0.00020,1.448,2.090,2.957,1.523,3126.3,0.0,434.3,148.9,5.0,6.0,0.0,0.0,0.0,0.0,0.00,sweeping:55
beir500k-f32,pos40_cat03,pos40,220547,acorn,128,2,55,0.9909,0.9091,0.00020,1.458,2.062,2.963,1.523,3126.3,0.0,434.3,148.9,5.0,6.0,0.0,0.0,0.0,0.0,0.00,sweeping:55
beir500k-f32,pos40_cat03,pos40,220547,acorn,128,3,55,0.9909,0.9091,0.00020,1.436,2.050,2.960,1.513,3126.3,0.0,434.3,148.9,5.0,6.0,0.0,0.0,0.0,0.0,0.00,sweeping:55
beir500k-f32,pos40_cat03,pos40,220547,acorn,256,1,55,0.9964,0.9636,0.00015,2.607,3.700,5.112,2.736,5485.9,0.0,752.6,297.1,10.0,11.0,0.0,0.0,0.0,0.0,0.00,sweeping:55
beir500k-f32,pos40_cat03,pos40,220547,acorn,256,2,55,0.9964,0.9636,0.00015,2.567,3.614,5.119,2.731,5485.9,0.0,752.6,297.1,10.0,11.0,0.0,0.0,0.0,0.0,0.00,sweeping:55
beir500k-f32,pos40_cat03,pos40,220547,acorn,256,3,55,0.9964,0.9636,0.00015,2.560,3.599,5.109,2.708,5485.9,0.0,752.6,297.1,10.0,11.0,0.0,0.0,0.0,0.0,0.00,sweeping:55
beir500k-f32,pos40_cat03,pos40,220547,acorn,512,1,55,0.9964,0.9636,0.00015,4.569,6.928,8.739,4.859,9580.1,0.0,1375.8,600.6,19.0,21.0,0.0,0.0,0.0,0.0,0.00,sweeping:55
beir500k-f32,pos40_cat03,pos40,220547,acorn,512,2,55,0.9964,0.9636,0.00015,4.618,6.787,8.745,4.970,9580.1,0.0,1375.8,600.6,19.0,21.0,0.0,0.0,0.0,0.0,0.00,sweeping:55
beir500k-f32,pos40_cat03,pos40,220547,acorn,512,3,55,0.9964,0.9636,0.00015,4.652,6.880,8.828,4.947,9580.1,0.0,1375.8,600.6,19.0,21.0,0.0,0.0,0.0,0.0,0.00,sweeping:55
beir500k-f32,pos40_cat03,pos40,220547,pathseer,64,1,55,0.9873,0.8727,0.00032,0.822,0.979,1.047,0.819,1675.1,0.0,488.5,70.0,2.0,2.0,81.5,51.9,49.5,1.3,0.00,pathseer:55
beir500k-f32,pos40_cat03,pos40,220547,pathseer,64,2,55,0.9873,0.8727,0.00032,0.812,0.985,1.029,0.823,1675.1,0.0,488.5,70.0,2.0,2.0,81.5,51.9,49.5,1.3,0.00,pathseer:55
beir500k-f32,pos40_cat03,pos40,220547,pathseer,64,3,55,0.9873,0.8727,0.00032,0.829,1.021,1.069,0.829,1675.1,0.0,488.5,70.0,2.0,2.0,81.5,51.9,49.5,1.3,0.00,pathseer:55
beir500k-f32,pos40_cat03,pos40,220547,pathseer,128,1,55,0.9909,0.9091,0.00020,1.501,1.736,1.772,1.457,2941.9,0.0,880.5,137.2,3.0,3.0,146.6,101.1,103.2,2.3,0.00,pathseer:55
beir500k-f32,pos40_cat03,pos40,220547,pathseer,128,2,55,0.9909,0.9091,0.00020,1.505,1.737,1.760,1.457,2941.9,0.0,880.5,137.2,3.0,3.0,146.6,101.1,103.2,2.3,0.00,pathseer:55
beir500k-f32,pos40_cat03,pos40,220547,pathseer,128,3,55,0.9909,0.9091,0.00020,1.479,1.775,1.787,1.451,2941.9,0.0,880.5,137.2,3.0,3.0,146.6,101.1,103.2,2.3,0.00,pathseer:55
beir500k-f32,pos40_cat03,pos40,220547,pathseer,256,1,55,0.9964,0.9636,0.00015,2.615,3.117,3.161,2.574,5081.5,0.0,1577.3,271.7,5.0,5.0,243.2,171.4,205.0,3.8,0.00,pathseer:55
beir500k-f32,pos40_cat03,pos40,220547,pathseer,256,2,55,0.9964,0.9636,0.00015,2.587,3.019,3.099,2.533,5081.5,0.0,1577.3,271.7,5.0,5.0,243.2,171.4,205.0,3.8,0.00,pathseer:55
beir500k-f32,pos40_cat03,pos40,220547,pathseer,256,3,55,0.9964,0.9636,0.00015,2.591,3.057,3.296,2.547,5081.5,0.0,1577.3,271.7,5.0,5.0,243.2,171.4,205.0,3.8,0.00,pathseer:55
beir500k-f32,pos40_cat03,pos40,220547,pathseer,512,1,55,0.9964,0.9636,0.00015,4.640,5.563,5.921,4.548,8677.2,0.0,3037.0,546.6,8.0,8.0,463.1,331.5,470.5,7.2,0.00,pathseer:55
beir500k-f32,pos40_cat03,pos40,220547,pathseer,512,2,55,0.9964,0.9636,0.00015,4.613,5.576,5.632,4.576,8677.2,0.0,3037.0,546.6,8.0,8.0,463.1,331.5,470.5,7.2,0.00,pathseer:55
beir500k-f32,pos40_cat03,pos40,220547,pathseer,512,3,55,0.9964,0.9636,0.00015,4.569,5.460,5.631,4.460,8677.2,0.0,3037.0,546.6,8.0,8.0,463.1,331.5,470.5,7.2,0.00,pathseer:55
beir500k-f32,pos40_cat04,pos40,224049,sweeping,64,1,57,0.9930,0.9298,0.00016,0.635,0.920,1.022,0.645,1430.1,0.0,202.0,66.9,3.0,3.0,0.0,0.0,0.0,0.0,0.00,sweeping:57
beir500k-f32,pos40_cat04,pos40,224049,sweeping,64,2,57,0.9930,0.9298,0.00016,0.645,0.932,1.010,0.657,1430.1,0.0,202.0,66.9,3.0,3.0,0.0,0.0,0.0,0.0,0.00,sweeping:57
beir500k-f32,pos40_cat04,pos40,224049,sweeping,64,3,57,0.9930,0.9298,0.00016,0.647,0.949,1.019,0.657,1430.1,0.0,202.0,66.9,3.0,3.0,0.0,0.0,0.0,0.0,0.00,sweeping:57
beir500k-f32,pos40_cat04,pos40,224049,sweeping,128,1,57,0.9947,0.9474,0.00012,1.110,1.643,1.783,1.141,2464.4,0.0,347.3,132.2,6.0,6.0,0.0,0.0,0.0,0.0,0.00,sweeping:57
beir500k-f32,pos40_cat04,pos40,224049,sweeping,128,2,57,0.9947,0.9474,0.00012,1.104,1.636,1.835,1.145,2464.4,0.0,347.3,132.2,6.0,6.0,0.0,0.0,0.0,0.0,0.00,sweeping:57
beir500k-f32,pos40_cat04,pos40,224049,sweeping,128,3,57,0.9947,0.9474,0.00012,1.114,1.632,1.837,1.140,2464.4,0.0,347.3,132.2,6.0,6.0,0.0,0.0,0.0,0.0,0.00,sweeping:57
beir500k-f32,pos40_cat04,pos40,224049,sweeping,256,1,57,0.9982,0.9825,0.00002,1.947,2.726,2.975,1.970,4117.6,0.0,617.4,263.2,11.0,11.0,0.0,0.0,0.0,0.0,0.00,sweeping:57
beir500k-f32,pos40_cat04,pos40,224049,sweeping,256,2,57,0.9982,0.9825,0.00002,1.955,2.779,2.982,1.989,4117.6,0.0,617.4,263.2,11.0,11.0,0.0,0.0,0.0,0.0,0.00,sweeping:57
beir500k-f32,pos40_cat04,pos40,224049,sweeping,256,3,57,0.9982,0.9825,0.00002,1.903,2.765,2.916,1.966,4117.6,0.0,617.4,263.2,11.0,11.0,0.0,0.0,0.0,0.0,0.00,sweeping:57
beir500k-f32,pos40_cat04,pos40,224049,sweeping,512,1,57,1.0000,1.0000,0.00000,3.415,4.999,5.741,3.483,6803.7,0.0,1114.2,527.3,22.0,22.0,0.0,0.0,0.0,0.0,0.00,sweeping:57
beir500k-f32,pos40_cat04,pos40,224049,sweeping,512,2,57,1.0000,1.0000,0.00000,3.421,4.924,5.876,3.461,6803.7,0.0,1114.2,527.3,22.0,22.0,0.0,0.0,0.0,0.0,0.00,sweeping:57
beir500k-f32,pos40_cat04,pos40,224049,sweeping,512,3,57,1.0000,1.0000,0.00000,3.411,5.425,6.357,3.537,6803.7,0.0,1114.2,527.3,22.0,22.0,0.0,0.0,0.0,0.0,0.00,sweeping:57
beir500k-f32,pos40_cat04,pos40,224049,acorn,64,1,57,0.9930,0.9298,0.00016,0.637,0.935,1.033,0.662,1430.1,0.0,202.0,66.9,3.0,3.0,0.0,0.0,0.0,0.0,0.00,sweeping:57
beir500k-f32,pos40_cat04,pos40,224049,acorn,64,2,57,0.9930,0.9298,0.00016,0.623,0.937,1.009,0.643,1430.1,0.0,202.0,66.9,3.0,3.0,0.0,0.0,0.0,0.0,0.00,sweeping:57
beir500k-f32,pos40_cat04,pos40,224049,acorn,64,3,57,0.9930,0.9298,0.00016,0.629,0.919,1.018,0.642,1430.1,0.0,202.0,66.9,3.0,3.0,0.0,0.0,0.0,0.0,0.00,sweeping:57
beir500k-f32,pos40_cat04,pos40,224049,acorn,128,1,57,0.9947,0.9474,0.00012,1.079,1.667,1.791,1.131,2464.4,0.0,347.3,132.2,6.0,6.0,0.0,0.0,0.0,0.0,0.00,sweeping:57
beir500k-f32,pos40_cat04,pos40,224049,acorn,128,2,57,0.9947,0.9474,0.00012,1.078,1.622,1.774,1.119,2464.4,0.0,347.3,132.2,6.0,6.0,0.0,0.0,0.0,0.0,0.00,sweeping:57
beir500k-f32,pos40_cat04,pos40,224049,acorn,128,3,57,0.9947,0.9474,0.00012,1.081,1.625,1.775,1.124,2464.4,0.0,347.3,132.2,6.0,6.0,0.0,0.0,0.0,0.0,0.00,sweeping:57
beir500k-f32,pos40_cat04,pos40,224049,acorn,256,1,57,0.9982,0.9825,0.00002,1.917,2.721,2.953,1.954,4117.6,0.0,617.4,263.2,11.0,11.0,0.0,0.0,0.0,0.0,0.00,sweeping:57
beir500k-f32,pos40_cat04,pos40,224049,acorn,256,2,57,0.9982,0.9825,0.00002,1.911,2.818,2.940,1.955,4117.6,0.0,617.4,263.2,11.0,11.0,0.0,0.0,0.0,0.0,0.00,sweeping:57
beir500k-f32,pos40_cat04,pos40,224049,acorn,256,3,57,0.9982,0.9825,0.00002,1.919,2.798,2.913,1.969,4117.6,0.0,617.4,263.2,11.0,11.0,0.0,0.0,0.0,0.0,0.00,sweeping:57
beir500k-f32,pos40_cat04,pos40,224049,acorn,512,1,57,1.0000,1.0000,0.00000,3.390,4.786,5.888,3.469,6803.7,0.0,1114.2,527.3,22.0,22.0,0.0,0.0,0.0,0.0,0.00,sweeping:57
beir500k-f32,pos40_cat04,pos40,224049,acorn,512,2,57,1.0000,1.0000,0.00000,3.386,4.964,5.684,3.479,6803.7,0.0,1114.2,527.3,22.0,22.0,0.0,0.0,0.0,0.0,0.00,sweeping:57
beir500k-f32,pos40_cat04,pos40,224049,acorn,512,3,57,1.0000,1.0000,0.00000,3.374,4.763,5.897,3.460,6803.7,0.0,1114.2,527.3,22.0,22.0,0.0,0.0,0.0,0.0,0.00,sweeping:57
beir500k-f32,pos40_cat04,pos40,224049,pathseer,64,1,57,0.9930,0.9298,0.00016,0.667,0.907,0.977,0.668,1454.6,0.0,382.1,66.4,2.0,2.0,69.6,60.1,10.0,1.1,0.00,pathseer:57
beir500k-f32,pos40_cat04,pos40,224049,pathseer,64,2,57,0.9930,0.9298,0.00016,0.662,0.896,0.969,0.669,1454.6,0.0,382.1,66.4,2.0,2.0,69.6,60.1,10.0,1.1,0.00,pathseer:57
beir500k-f32,pos40_cat04,pos40,224049,pathseer,64,3,57,0.9930,0.9298,0.00016,0.675,0.902,0.972,0.680,1454.6,0.0,382.1,66.4,2.0,2.0,69.6,60.1,10.0,1.1,0.00,pathseer:57
beir500k-f32,pos40_cat04,pos40,224049,pathseer,128,1,57,0.9947,0.9474,0.00012,1.284,1.771,1.816,1.293,2488.2,0.0,696.0,130.7,3.0,3.0,129.1,110.2,23.7,2.0,0.00,pathseer:57
beir500k-f32,pos40_cat04,pos40,224049,pathseer,128,2,57,0.9947,0.9474,0.00012,1.152,1.607,1.705,1.173,2488.2,0.0,696.0,130.7,3.0,3.0,129.1,110.2,23.7,2.0,0.00,pathseer:57
beir500k-f32,pos40_cat04,pos40,224049,pathseer,128,3,57,0.9947,0.9474,0.00012,1.176,1.627,1.676,1.182,2488.2,0.0,696.0,130.7,3.0,3.0,129.1,110.2,23.7,2.0,0.00,pathseer:57
beir500k-f32,pos40_cat04,pos40,224049,pathseer,256,1,57,0.9982,0.9825,0.00002,1.998,2.639,2.770,1.998,4115.7,0.0,1262.4,260.3,5.0,5.0,225.7,186.6,50.1,3.5,0.00,pathseer:57
beir500k-f32,pos40_cat04,pos40,224049,pathseer,256,2,57,0.9982,0.9825,0.00002,1.996,2.627,2.744,1.984,4115.7,0.0,1262.4,260.3,5.0,5.0,225.7,186.6,50.1,3.5,0.00,pathseer:57
beir500k-f32,pos40_cat04,pos40,224049,pathseer,256,3,57,0.9982,0.9825,0.00002,1.994,2.601,2.736,1.972,4115.7,0.0,1262.4,260.3,5.0,5.0,225.7,186.6,50.1,3.5,0.00,pathseer:57
beir500k-f32,pos40_cat04,pos40,224049,pathseer,512,1,57,1.0000,1.0000,0.00000,3.452,4.383,4.858,3.427,6721.2,0.0,2368.6,520.1,8.0,8.0,448.0,364.8,110.9,7.0,0.00,pathseer:57
beir500k-f32,pos40_cat04,pos40,224049,pathseer,512,2,57,1.0000,1.0000,0.00000,3.499,4.353,4.871,3.450,6721.2,0.0,2368.6,520.1,8.0,8.0,448.0,364.8,110.9,7.0,0.00,pathseer:57
beir500k-f32,pos40_cat04,pos40,224049,pathseer,512,3,57,1.0000,1.0000,0.00000,3.529,4.371,4.880,3.444,6721.2,0.0,2368.6,520.1,8.0,8.0,448.0,364.8,110.9,7.0,0.00,pathseer:57
beir500k-f32,pos40_cat05,pos40,206003,sweeping,64,1,20,0.9900,0.9500,0.00020,0.685,1.457,1.861,0.874,1851.7,0.0,290.3,90.5,4.0,4.0,0.0,0.0,0.0,0.0,0.00,sweeping:20
beir500k-f32,pos40_cat05,pos40,206003,sweeping,64,2,20,0.9900,0.9500,0.00020,0.693,1.533,1.898,0.893,1851.7,0.0,290.3,90.5,4.0,4.0,0.0,0.0,0.0,0.0,0.00,sweeping:20
beir500k-f32,pos40_cat05,pos40,206003,sweeping,64,3,20,0.9900,0.9500,0.00020,0.707,1.486,1.886,0.874,1851.7,0.0,290.3,90.5,4.0,4.0,0.0,0.0,0.0,0.0,0.00,sweeping:20
beir500k-f32,pos40_cat05,pos40,206003,sweeping,128,1,20,0.9950,0.9500,0.00015,1.204,2.857,3.452,1.606,3312.7,0.0,503.6,184.6,5.0,7.0,0.0,0.0,0.0,0.0,0.00,sweeping:20
beir500k-f32,pos40_cat05,pos40,206003,sweeping,128,2,20,0.9950,0.9500,0.00015,1.190,2.820,3.523,1.594,3312.7,0.0,503.6,184.6,5.0,7.0,0.0,0.0,0.0,0.0,0.00,sweeping:20
beir500k-f32,pos40_cat05,pos40,206003,sweeping,128,3,20,0.9950,0.9500,0.00015,1.190,2.798,3.442,1.582,3312.7,0.0,503.6,184.6,5.0,7.0,0.0,0.0,0.0,0.0,0.00,sweeping:20
beir500k-f32,pos40_cat05,pos40,206003,sweeping,256,1,20,1.0000,1.0000,0.00000,2.216,5.524,5.713,2.923,5797.9,0.0,885.1,383.4,11.0,13.0,0.0,0.0,0.0,0.0,0.00,sweeping:20
beir500k-f32,pos40_cat05,pos40,206003,sweeping,256,2,20,1.0000,1.0000,0.00000,2.134,5.489,5.652,2.906,5797.9,0.0,885.1,383.4,11.0,13.0,0.0,0.0,0.0,0.0,0.00,sweeping:20
beir500k-f32,pos40_cat05,pos40,206003,sweeping,256,3,20,1.0000,1.0000,0.00000,2.077,5.508,5.754,2.888,5797.9,0.0,885.1,383.4,11.0,13.0,0.0,0.0,0.0,0.0,0.00,sweeping:20
beir500k-f32,pos40_cat05,pos40,206003,sweeping,512,1,20,1.0000,1.0000,0.00000,4.643,9.925,10.262,5.557,10154.0,0.0,1660.2,794.3,23.0,28.0,0.0,0.0,0.0,0.0,0.00,sweeping:20
beir500k-f32,pos40_cat05,pos40,206003,sweeping,512,2,20,1.0000,1.0000,0.00000,4.317,10.037,10.207,5.380,10154.0,0.0,1660.2,794.3,23.0,28.0,0.0,0.0,0.0,0.0,0.00,sweeping:20
beir500k-f32,pos40_cat05,pos40,206003,sweeping,512,3,20,1.0000,1.0000,0.00000,4.051,10.096,10.180,5.308,10154.0,0.0,1660.2,794.3,23.0,28.0,0.0,0.0,0.0,0.0,0.00,sweeping:20
beir500k-f32,pos40_cat05,pos40,206003,acorn,64,1,20,0.9900,0.9500,0.00020,0.672,1.487,1.903,0.877,1851.7,0.0,290.3,90.5,4.0,4.0,0.0,0.0,0.0,0.0,0.00,sweeping:20
beir500k-f32,pos40_cat05,pos40,206003,acorn,64,2,20,0.9900,0.9500,0.00020,0.706,1.554,1.899,0.891,1851.7,0.0,290.3,90.5,4.0,4.0,0.0,0.0,0.0,0.0,0.00,sweeping:20
beir500k-f32,pos40_cat05,pos40,206003,acorn,64,3,20,0.9900,0.9500,0.00020,0.687,1.500,1.924,0.886,1851.7,0.0,290.3,90.5,4.0,4.0,0.0,0.0,0.0,0.0,0.00,sweeping:20
beir500k-f32,pos40_cat05,pos40,206003,acorn,128,1,20,0.9950,0.9500,0.00015,1.185,2.821,3.465,1.600,3312.7,0.0,503.6,184.6,5.0,7.0,0.0,0.0,0.0,0.0,0.00,sweeping:20
beir500k-f32,pos40_cat05,pos40,206003,acorn,128,2,20,0.9950,0.9500,0.00015,1.188,2.817,3.446,1.594,3312.7,0.0,503.6,184.6,5.0,7.0,0.0,0.0,0.0,0.0,0.00,sweeping:20
beir500k-f32,pos40_cat05,pos40,206003,acorn,128,3,20,0.9950,0.9500,0.00015,1.202,2.816,3.589,1.602,3312.7,0.0,503.6,184.6,5.0,7.0,0.0,0.0,0.0,0.0,0.00,sweeping:20
beir500k-f32,pos40_cat05,pos40,206003,acorn,256,1,20,1.0000,1.0000,0.00000,2.049,5.520,5.598,2.865,5797.9,0.0,885.1,383.4,11.0,13.0,0.0,0.0,0.0,0.0,0.00,sweeping:20
beir500k-f32,pos40_cat05,pos40,206003,acorn,256,2,20,1.0000,1.0000,0.00000,2.060,5.493,5.649,2.873,5797.9,0.0,885.1,383.4,11.0,13.0,0.0,0.0,0.0,0.0,0.00,sweeping:20
beir500k-f32,pos40_cat05,pos40,206003,acorn,256,3,20,1.0000,1.0000,0.00000,2.080,5.434,5.572,2.893,5797.9,0.0,885.1,383.4,11.0,13.0,0.0,0.0,0.0,0.0,0.00,sweeping:20
beir500k-f32,pos40_cat05,pos40,206003,acorn,512,1,20,1.0000,1.0000,0.00000,4.049,10.005,10.131,5.262,10154.0,0.0,1660.2,794.3,23.0,28.0,0.0,0.0,0.0,0.0,0.00,sweeping:20
beir500k-f32,pos40_cat05,pos40,206003,acorn,512,2,20,1.0000,1.0000,0.00000,4.153,10.050,10.161,5.281,10154.0,0.0,1660.2,794.3,23.0,28.0,0.0,0.0,0.0,0.0,0.00,sweeping:20
beir500k-f32,pos40_cat05,pos40,206003,acorn,512,3,20,1.0000,1.0000,0.00000,4.055,9.935,10.215,5.270,10154.0,0.0,1660.2,794.3,23.0,28.0,0.0,0.0,0.0,0.0,0.00,sweeping:20
beir500k-f32,pos40_cat05,pos40,206003,pathseer,64,1,20,0.9850,0.9500,0.00023,0.641,0.931,1.080,0.688,1451.2,0.0,653.0,75.5,2.0,2.0,89.6,48.1,191.8,1.4,0.00,pathseer:20
beir500k-f32,pos40_cat05,pos40,206003,pathseer,64,2,20,0.9850,0.9500,0.00023,0.641,0.979,1.033,0.684,1451.2,0.0,653.0,75.5,2.0,2.0,89.6,48.1,191.8,1.4,0.00,pathseer:20
beir500k-f32,pos40_cat05,pos40,206003,pathseer,64,3,20,0.9850,0.9500,0.00023,0.643,0.929,1.046,0.672,1451.2,0.0,653.0,75.5,2.0,2.0,89.6,48.1,191.8,1.4,0.00,pathseer:20
beir500k-f32,pos40_cat05,pos40,206003,pathseer,128,1,20,0.9950,0.9500,0.00015,1.173,1.560,2.152,1.211,2500.8,0.0,1206.2,151.2,3.0,3.0,150.4,85.6,381.8,2.4,0.00,pathseer:20
beir500k-f32,pos40_cat05,pos40,206003,pathseer,128,2,20,0.9950,0.9500,0.00015,1.143,1.574,2.116,1.188,2500.8,0.0,1206.2,151.2,3.0,3.0,150.4,85.6,381.8,2.4,0.00,pathseer:20
beir500k-f32,pos40_cat05,pos40,206003,pathseer,128,3,20,0.9950,0.9500,0.00015,1.161,1.556,2.121,1.203,2500.8,0.0,1206.2,151.2,3.0,3.0,150.4,85.6,381.8,2.4,0.00,pathseer:20
beir500k-f32,pos40_cat05,pos40,206003,pathseer,256,1,20,1.0000,1.0000,0.00000,2.020,2.853,3.651,2.145,4248.6,0.0,2291.4,309.1,5.0,5.0,278.4,163.8,787.2,4.3,0.00,pathseer:20
beir500k-f32,pos40_cat05,pos40,206003,pathseer,256,2,20,1.0000,1.0000,0.00000,2.024,2.858,3.640,2.158,4248.6,0.0,2291.4,309.1,5.0,5.0,278.4,163.8,787.2,4.3,0.00,pathseer:20
beir500k-f32,pos40_cat05,pos40,206003,pathseer,256,3,20,1.0000,1.0000,0.00000,1.994,2.829,3.674,2.127,4248.6,0.0,2291.4,309.1,5.0,5.0,278.4,163.8,787.2,4.3,0.00,pathseer:20
beir500k-f32,pos40_cat05,pos40,206003,pathseer,512,1,20,1.0000,1.0000,0.00000,3.782,5.164,6.450,3.861,7171.9,0.0,4366.0,626.9,9.0,10.0,547.2,313.4,1553.9,8.6,0.00,pathseer:20
beir500k-f32,pos40_cat05,pos40,206003,pathseer,512,2,20,1.0000,1.0000,0.00000,3.766,5.312,6.259,3.838,7171.9,0.0,4366.0,626.9,9.0,10.0,547.2,313.4,1553.9,8.6,0.00,pathseer:20
beir500k-f32,pos40_cat05,pos40,206003,pathseer,512,3,20,1.0000,1.0000,0.00000,3.759,5.337,6.515,3.881,7171.9,0.0,4366.0,626.9,9.0,10.0,547.2,313.4,1553.9,8.6,0.00,pathseer:20
beir500k-f32,pos40_cat06,pos40,210435,sweeping,64,1,49,1.0000,1.0000,0.00000,0.691,1.252,1.864,0.719,1464.7,0.0,209.8,72.9,3.0,3.0,0.0,0.0,0.0,0.0,0.00,sweeping:49
beir500k-f32,pos40_cat06,pos40,210435,sweeping,64,2,49,1.0000,1.0000,0.00000,0.674,1.141,1.801,0.712,1464.7,0.0,209.8,72.9,3.0,3.0,0.0,0.0,0.0,0.0,0.00,sweeping:49
beir500k-f32,pos40_cat06,pos40,210435,sweeping,64,3,49,1.0000,1.0000,0.00000,0.680,1.141,1.824,0.713,1464.7,0.0,209.8,72.9,3.0,3.0,0.0,0.0,0.0,0.0,0.00,sweeping:49
beir500k-f32,pos40_cat06,pos40,210435,sweeping,128,1,49,1.0000,1.0000,0.00000,1.173,2.274,2.920,1.234,2507.2,0.0,357.8,142.9,5.0,6.0,0.0,0.0,0.0,0.0,0.00,sweeping:49
beir500k-f32,pos40_cat06,pos40,210435,sweeping,128,2,49,1.0000,1.0000,0.00000,1.273,2.479,3.311,1.331,2507.2,0.0,357.8,142.9,5.0,6.0,0.0,0.0,0.0,0.0,0.00,sweeping:49
beir500k-f32,pos40_cat06,pos40,210435,sweeping,128,3,49,1.0000,1.0000,0.00000,1.218,2.207,2.917,1.280,2507.2,0.0,357.8,142.9,5.0,6.0,0.0,0.0,0.0,0.0,0.00,sweeping:49
beir500k-f32,pos40_cat06,pos40,210435,sweeping,256,1,49,1.0000,1.0000,0.00000,2.020,3.851,4.413,2.149,4273.5,0.0,631.8,281.1,10.0,11.0,0.0,0.0,0.0,0.0,0.00,sweeping:49
beir500k-f32,pos40_cat06,pos40,210435,sweeping,256,2,49,1.0000,1.0000,0.00000,2.060,3.882,4.518,2.156,4273.5,0.0,631.8,281.1,10.0,11.0,0.0,0.0,0.0,0.0,0.00,sweeping:49
beir500k-f32,pos40_cat06,pos40,210435,sweeping,256,3,49,1.0000,1.0000,0.00000,2.041,3.841,4.379,2.163,4273.5,0.0,631.8,281.1,10.0,11.0,0.0,0.0,0.0,0.0,0.00,sweeping:49
beir500k-f32,pos40_cat06,pos40,210435,sweeping,512,1,49,1.0000,1.0000,0.00000,3.411,6.757,7.300,3.692,7134.8,0.0,1158.9,557.1,23.0,23.0,0.0,0.0,0.0,0.0,0.00,sweeping:49
beir500k-f32,pos40_cat06,pos40,210435,sweeping,512,2,49,1.0000,1.0000,0.00000,3.422,6.694,7.059,3.725,7134.8,0.0,1158.9,557.1,23.0,23.0,0.0,0.0,0.0,0.0,0.00,sweeping:49
beir500k-f32,pos40_cat06,pos40,210435,sweeping,512,3,49,1.0000,1.0000,0.00000,3.405,6.793,7.128,3.696,7134.8,0.0,1158.9,557.1,23.0,23.0,0.0,0.0,0.0,0.0,0.00,sweeping:49
beir500k-f32,pos40_cat06,pos40,210435,acorn,64,1,49,1.0000,1.0000,0.00000,0.668,1.144,1.786,0.706,1464.7,0.0,209.8,72.9,3.0,3.0,0.0,0.0,0.0,0.0,0.00,sweeping:49
beir500k-f32,pos40_cat06,pos40,210435,acorn,64,2,49,1.0000,1.0000,0.00000,0.673,1.120,1.798,0.706,1464.7,0.0,209.8,72.9,3.0,3.0,0.0,0.0,0.0,0.0,0.00,sweeping:49
beir500k-f32,pos40_cat06,pos40,210435,acorn,64,3,49,1.0000,1.0000,0.00000,0.668,1.143,1.791,0.704,1464.7,0.0,209.8,72.9,3.0,3.0,0.0,0.0,0.0,0.0,0.00,sweeping:49
beir500k-f32,pos40_cat06,pos40,210435,acorn,128,1,49,1.0000,1.0000,0.00000,1.141,2.181,2.952,1.222,2507.2,0.0,357.8,142.9,5.0,6.0,0.0,0.0,0.0,0.0,0.00,sweeping:49
beir500k-f32,pos40_cat06,pos40,210435,acorn,128,2,49,1.0000,1.0000,0.00000,1.157,2.217,2.867,1.221,2507.2,0.0,357.8,142.9,5.0,6.0,0.0,0.0,0.0,0.0,0.00,sweeping:49
beir500k-f32,pos40_cat06,pos40,210435,acorn,128,3,49,1.0000,1.0000,0.00000,1.184,2.175,2.913,1.232,2507.2,0.0,357.8,142.9,5.0,6.0,0.0,0.0,0.0,0.0,0.00,sweeping:49
beir500k-f32,pos40_cat06,pos40,210435,acorn,256,1,49,1.0000,1.0000,0.00000,2.037,3.823,4.433,2.133,4273.5,0.0,631.8,281.1,10.0,11.0,0.0,0.0,0.0,0.0,0.00,sweeping:49
beir500k-f32,pos40_cat06,pos40,210435,acorn,256,2,49,1.0000,1.0000,0.00000,2.044,3.818,4.451,2.136,4273.5,0.0,631.8,281.1,10.0,11.0,0.0,0.0,0.0,0.0,0.00,sweeping:49
beir500k-f32,pos40_cat06,pos40,210435,acorn,256,3,49,1.0000,1.0000,0.00000,2.056,3.866,4.597,2.170,4273.5,0.0,631.8,281.1,10.0,11.0,0.0,0.0,0.0,0.0,0.00,sweeping:49
beir500k-f32,pos40_cat06,pos40,210435,acorn,512,1,49,1.0000,1.0000,0.00000,3.353,6.671,7.221,3.702,7134.8,0.0,1158.9,557.1,23.0,23.0,0.0,0.0,0.0,0.0,0.00,sweeping:49
beir500k-f32,pos40_cat06,pos40,210435,acorn,512,2,49,1.0000,1.0000,0.00000,3.377,6.715,7.109,3.705,7134.8,0.0,1158.9,557.1,23.0,23.0,0.0,0.0,0.0,0.0,0.00,sweeping:49
beir500k-f32,pos40_cat06,pos40,210435,acorn,512,3,49,1.0000,1.0000,0.00000,3.361,6.680,7.161,3.707,7134.8,0.0,1158.9,557.1,23.0,23.0,0.0,0.0,0.0,0.0,0.00,sweeping:49
beir500k-f32,pos40_cat06,pos40,210435,pathseer,64,1,49,1.0000,1.0000,0.00000,0.698,0.864,0.895,0.693,1415.9,0.0,416.3,68.2,2.0,2.0,66.6,55.6,40.2,1.0,0.00,pathseer:49
beir500k-f32,pos40_cat06,pos40,210435,pathseer,64,2,49,1.0000,1.0000,0.00000,0.699,0.843,0.875,0.691,1415.9,0.0,416.3,68.2,2.0,2.0,66.6,55.6,40.2,1.0,0.00,pathseer:49
beir500k-f32,pos40_cat06,pos40,210435,pathseer,64,3,49,1.0000,1.0000,0.00000,0.698,0.842,0.875,0.688,1415.9,0.0,416.3,68.2,2.0,2.0,66.6,55.6,40.2,1.0,0.00,pathseer:49
beir500k-f32,pos40_cat06,pos40,210435,pathseer,128,1,49,1.0000,1.0000,0.00000,1.175,1.490,1.552,1.179,2424.2,0.0,764.7,134.8,3.0,3.0,129.3,107.3,76.3,2.0,0.00,pathseer:49
beir500k-f32,pos40_cat06,pos40,210435,pathseer,128,2,49,1.0000,1.0000,0.00000,1.173,1.519,1.551,1.179,2424.2,0.0,764.7,134.8,3.0,3.0,129.3,107.3,76.3,2.0,0.00,pathseer:49
beir500k-f32,pos40_cat06,pos40,210435,pathseer,128,3,49,1.0000,1.0000,0.00000,1.175,1.549,1.661,1.185,2424.2,0.0,764.7,134.8,3.0,3.0,129.3,107.3,76.3,2.0,0.00,pathseer:49
beir500k-f32,pos40_cat06,pos40,210435,pathseer,256,1,49,1.0000,1.0000,0.00000,2.098,2.794,2.915,2.092,4089.5,0.0,1394.0,269.8,4.0,4.0,224.7,179.8,151.0,3.5,0.00,pathseer:49
beir500k-f32,pos40_cat06,pos40,210435,pathseer,256,2,49,1.0000,1.0000,0.00000,2.125,2.876,2.929,2.113,4089.5,0.0,1394.0,269.8,4.0,4.0,224.7,179.8,151.0,3.5,0.00,pathseer:49
beir500k-f32,pos40_cat06,pos40,210435,pathseer,256,3,49,1.0000,1.0000,0.00000,2.048,2.733,2.764,2.056,4089.5,0.0,1394.0,269.8,4.0,4.0,224.7,179.8,151.0,3.5,0.00,pathseer:49
beir500k-f32,pos40_cat06,pos40,210435,pathseer,512,1,49,1.0000,1.0000,0.00000,3.531,4.788,5.142,3.546,6747.3,0.0,2589.9,536.1,8.0,8.0,451.9,348.7,267.9,7.1,0.00,pathseer:49
beir500k-f32,pos40_cat06,pos40,210435,pathseer,512,2,49,1.0000,1.0000,0.00000,3.500,4.849,5.642,3.614,6747.3,0.0,2589.9,536.1,8.0,8.0,451.9,348.7,267.9,7.1,0.00,pathseer:49
beir500k-f32,pos40_cat06,pos40,210435,pathseer,512,3,49,1.0000,1.0000,0.00000,3.700,4.794,5.077,3.647,6747.3,0.0,2589.9,536.1,8.0,8.0,451.9,348.7,267.9,7.1,0.00,pathseer:49
beir500k-f32,pos40_cat07,pos40,209279,sweeping,64,1,41,0.9854,0.9268,0.00020,0.880,3.216,4.165,1.130,2217.0,0.0,336.1,107.7,3.0,4.0,0.0,0.0,0.0,0.0,0.00,sweeping:41
beir500k-f32,pos40_cat07,pos40,209279,sweeping,64,2,41,0.9854,0.9268,0.00020,0.859,3.197,4.110,1.126,2217.0,0.0,336.1,107.7,3.0,4.0,0.0,0.0,0.0,0.0,0.00,sweeping:41
beir500k-f32,pos40_cat07,pos40,209279,sweeping,64,3,41,0.9854,0.9268,0.00020,0.855,3.232,4.081,1.127,2217.0,0.0,336.1,107.7,3.0,4.0,0.0,0.0,0.0,0.0,0.00,sweeping:41
beir500k-f32,pos40_cat07,pos40,209279,sweeping,128,1,41,0.9976,0.9756,0.00007,1.569,5.281,6.620,1.980,3881.9,0.0,566.1,212.2,5.0,6.0,0.0,0.0,0.0,0.0,0.00,sweeping:41
beir500k-f32,pos40_cat07,pos40,209279,sweeping,128,2,41,0.9976,0.9756,0.00007,1.591,5.241,6.736,2.003,3881.9,0.0,566.1,212.2,5.0,6.0,0.0,0.0,0.0,0.0,0.00,sweeping:41
beir500k-f32,pos40_cat07,pos40,209279,sweeping,128,3,41,0.9976,0.9756,0.00007,1.554,5.249,6.727,1.973,3881.9,0.0,566.1,212.2,5.0,6.0,0.0,0.0,0.0,0.0,0.00,sweeping:41
beir500k-f32,pos40_cat07,pos40,209279,sweeping,256,1,41,1.0000,1.0000,0.00000,2.750,9.316,10.832,3.490,6796.2,0.0,1008.1,429.8,9.0,12.0,0.0,0.0,0.0,0.0,0.00,sweeping:41
beir500k-f32,pos40_cat07,pos40,209279,sweeping,256,2,41,1.0000,1.0000,0.00000,2.746,9.115,10.937,3.482,6796.2,0.0,1008.1,429.8,9.0,12.0,0.0,0.0,0.0,0.0,0.00,sweeping:41
beir500k-f32,pos40_cat07,pos40,209279,sweeping,256,3,41,1.0000,1.0000,0.00000,2.748,9.151,10.676,3.470,6796.2,0.0,1008.1,429.8,9.0,12.0,0.0,0.0,0.0,0.0,0.00,sweeping:41
beir500k-f32,pos40_cat07,pos40,209279,sweeping,512,1,41,1.0000,1.0000,0.00000,5.071,14.915,17.387,6.220,11851.8,0.0,1852.7,866.4,19.0,28.0,0.0,0.0,0.0,0.0,0.00,sweeping:41
beir500k-f32,pos40_cat07,pos40,209279,sweeping,512,2,41,1.0000,1.0000,0.00000,5.093,15.161,17.423,6.297,11851.8,0.0,1852.7,866.4,19.0,28.0,0.0,0.0,0.0,0.0,0.00,sweeping:41
beir500k-f32,pos40_cat07,pos40,209279,sweeping,512,3,41,1.0000,1.0000,0.00000,5.271,14.887,17.485,6.402,11851.8,0.0,1852.7,866.4,19.0,28.0,0.0,0.0,0.0,0.0,0.00,sweeping:41
beir500k-f32,pos40_cat07,pos40,209279,acorn,64,1,41,0.9854,0.9268,0.00020,0.863,3.214,4.142,1.127,2217.0,0.0,336.1,107.7,3.0,4.0,0.0,0.0,0.0,0.0,0.00,sweeping:41
beir500k-f32,pos40_cat07,pos40,209279,acorn,64,2,41,0.9854,0.9268,0.00020,0.866,3.243,4.121,1.133,2217.0,0.0,336.1,107.7,3.0,4.0,0.0,0.0,0.0,0.0,0.00,sweeping:41
beir500k-f32,pos40_cat07,pos40,209279,acorn,64,3,41,0.9854,0.9268,0.00020,0.849,3.180,4.116,1.134,2217.0,0.0,336.1,107.7,3.0,4.0,0.0,0.0,0.0,0.0,0.00,sweeping:41
beir500k-f32,pos40_cat07,pos40,209279,acorn,128,1,41,0.9976,0.9756,0.00007,1.566,5.309,6.696,1.975,3881.9,0.0,566.1,212.2,5.0,6.0,0.0,0.0,0.0,0.0,0.00,sweeping:41
beir500k-f32,pos40_cat07,pos40,209279,acorn,128,2,41,0.9976,0.9756,0.00007,1.562,5.331,6.795,1.967,3881.9,0.0,566.1,212.2,5.0,6.0,0.0,0.0,0.0,0.0,0.00,sweeping:41
beir500k-f32,pos40_cat07,pos40,209279,acorn,128,3,41,0.9976,0.9756,0.00007,1.556,5.263,6.600,1.964,3881.9,0.0,566.1,212.2,5.0,6.0,0.0,0.0,0.0,0.0,0.00,sweeping:41
beir500k-f32,pos40_cat07,pos40,209279,acorn,256,1,41,1.0000,1.0000,0.00000,2.779,9.452,10.712,3.534,6796.2,0.0,1008.1,429.8,9.0,12.0,0.0,0.0,0.0,0.0,0.00,sweeping:41
beir500k-f32,pos40_cat07,pos40,209279,acorn,256,2,41,1.0000,1.0000,0.00000,2.795,9.189,10.980,3.520,6796.2,0.0,1008.1,429.8,9.0,12.0,0.0,0.0,0.0,0.0,0.00,sweeping:41
beir500k-f32,pos40_cat07,pos40,209279,acorn,256,3,41,1.0000,1.0000,0.00000,2.713,9.080,10.873,3.464,6796.2,0.0,1008.1,429.8,9.0,12.0,0.0,0.0,0.0,0.0,0.00,sweeping:41
beir500k-f32,pos40_cat07,pos40,209279,acorn,512,1,41,1.0000,1.0000,0.00000,5.033,14.859,17.068,6.211,11851.8,0.0,1852.7,866.4,19.0,28.0,0.0,0.0,0.0,0.0,0.00,sweeping:41
beir500k-f32,pos40_cat07,pos40,209279,acorn,512,2,41,1.0000,1.0000,0.00000,5.070,15.706,17.114,6.332,11851.8,0.0,1852.7,866.4,19.0,28.0,0.0,0.0,0.0,0.0,0.00,sweeping:41
beir500k-f32,pos40_cat07,pos40,209279,acorn,512,3,41,1.0000,1.0000,0.00000,5.237,15.175,18.095,6.418,11851.8,0.0,1852.7,866.4,19.0,28.0,0.0,0.0,0.0,0.0,0.00,sweeping:41
beir500k-f32,pos40_cat07,pos40,209279,pathseer,64,1,41,0.9780,0.8780,0.00047,0.799,1.069,1.623,0.832,1575.5,0.0,773.7,80.1,2.0,3.0,93.7,47.7,257.7,1.5,0.00,pathseer:41
beir500k-f32,pos40_cat07,pos40,209279,pathseer,64,2,41,0.9780,0.8780,0.00047,0.788,1.042,1.452,0.813,1575.5,0.0,773.7,80.1,2.0,3.0,93.7,47.7,257.7,1.5,0.00,pathseer:41
beir500k-f32,pos40_cat07,pos40,209279,pathseer,64,3,41,0.9780,0.8780,0.00047,0.802,1.016,1.450,0.816,1575.5,0.0,773.7,80.1,2.0,3.0,93.7,47.7,257.7,1.5,0.00,pathseer:41
beir500k-f32,pos40_cat07,pos40,209279,pathseer,128,1,41,0.9951,0.9512,0.00018,1.378,2.200,2.333,1.439,2734.5,0.0,1451.2,162.4,3.0,3.0,148.3,82.7,540.5,2.3,0.00,pathseer:41
beir500k-f32,pos40_cat07,pos40,209279,pathseer,128,2,41,0.9951,0.9512,0.00018,1.379,2.138,2.387,1.430,2734.5,0.0,1451.2,162.4,3.0,3.0,148.3,82.7,540.5,2.3,0.00,pathseer:41
beir500k-f32,pos40_cat07,pos40,209279,pathseer,128,3,41,0.9951,0.9512,0.00018,1.399,2.093,2.372,1.418,2734.5,0.0,1451.2,162.4,3.0,3.0,148.3,82.7,540.5,2.3,0.00,pathseer:41
beir500k-f32,pos40_cat07,pos40,209279,pathseer,256,1,41,1.0000,1.0000,0.00000,2.455,3.799,3.990,2.500,4715.0,0.0,2654.0,324.7,5.0,5.0,281.0,148.4,1010.0,4.4,0.00,pathseer:41
beir500k-f32,pos40_cat07,pos40,209279,pathseer,256,2,41,1.0000,1.0000,0.00000,2.452,3.717,3.976,2.505,4715.0,0.0,2654.0,324.7,5.0,5.0,281.0,148.4,1010.0,4.4,0.00,pathseer:41
beir500k-f32,pos40_cat07,pos40,209279,pathseer,256,3,41,1.0000,1.0000,0.00000,2.461,3.780,4.001,2.501,4715.0,0.0,2654.0,324.7,5.0,5.0,281.0,148.4,1010.0,4.4,0.00,pathseer:41
beir500k-f32,pos40_cat07,pos40,209279,pathseer,512,1,41,1.0000,1.0000,0.00000,4.462,6.601,7.503,4.451,8068.0,0.0,5035.4,661.5,9.0,10.0,549.5,290.7,1958.0,8.6,0.00,pathseer:41
beir500k-f32,pos40_cat07,pos40,209279,pathseer,512,2,41,1.0000,1.0000,0.00000,4.490,6.586,7.309,4.418,8068.0,0.0,5035.4,661.5,9.0,10.0,549.5,290.7,1958.0,8.6,0.00,pathseer:41
beir500k-f32,pos40_cat07,pos40,209279,pathseer,512,3,41,1.0000,1.0000,0.00000,4.461,6.655,7.459,4.444,8068.0,0.0,5035.4,661.5,9.0,10.0,549.5,290.7,1958.0,8.6,0.00,pathseer:41
beir500k-f32,pos40_cat08,pos40,218758,sweeping,64,1,52,0.9769,0.9038,0.00076,0.740,0.849,0.891,0.725,1552.2,0.0,207.1,67.5,3.0,3.0,0.0,0.0,0.0,0.0,0.00,sweeping:52
beir500k-f32,pos40_cat08,pos40,218758,sweeping,64,2,52,0.9769,0.9038,0.00076,0.733,0.888,0.891,0.728,1552.2,0.0,207.1,67.5,3.0,3.0,0.0,0.0,0.0,0.0,0.00,sweeping:52
beir500k-f32,pos40_cat08,pos40,218758,sweeping,64,3,52,0.9769,0.9038,0.00076,0.746,0.899,0.943,0.750,1552.2,0.0,207.1,67.5,3.0,3.0,0.0,0.0,0.0,0.0,0.00,sweeping:52
beir500k-f32,pos40_cat08,pos40,218758,sweeping,128,1,52,0.9942,0.9423,0.00016,1.325,1.546,1.729,1.310,2745.7,0.0,358.9,133.5,5.0,5.0,0.0,0.0,0.0,0.0,0.00,sweeping:52
beir500k-f32,pos40_cat08,pos40,218758,sweeping,128,2,52,0.9942,0.9423,0.00016,1.291,1.542,1.691,1.315,2745.7,0.0,358.9,133.5,5.0,5.0,0.0,0.0,0.0,0.0,0.00,sweeping:52
beir500k-f32,pos40_cat08,pos40,218758,sweeping,128,3,52,0.9942,0.9423,0.00016,1.349,1.560,1.705,1.312,2745.7,0.0,358.9,133.5,5.0,5.0,0.0,0.0,0.0,0.0,0.00,sweeping:52
beir500k-f32,pos40_cat08,pos40,218758,sweeping,256,1,52,0.9981,0.9808,0.00009,2.255,2.742,3.146,2.285,4703.0,0.0,644.0,265.1,10.0,9.0,0.0,0.0,0.0,0.0,0.00,sweeping:52
beir500k-f32,pos40_cat08,pos40,218758,sweeping,256,2,52,0.9981,0.9808,0.00009,2.319,2.755,3.281,2.314,4703.0,0.0,644.0,265.1,10.0,9.0,0.0,0.0,0.0,0.0,0.00,sweeping:52
beir500k-f32,pos40_cat08,pos40,218758,sweeping,256,3,52,0.9981,0.9808,0.00009,2.261,2.771,3.154,2.301,4703.0,0.0,644.0,265.1,10.0,9.0,0.0,0.0,0.0,0.0,0.00,sweeping:52
beir500k-f32,pos40_cat08,pos40,218758,sweeping,512,1,52,1.0000,1.0000,0.00000,3.901,5.082,5.724,4.006,7894.7,0.0,1177.1,531.4,21.0,20.0,0.0,0.0,0.0,0.0,0.00,sweeping:52
beir500k-f32,pos40_cat08,pos40,218758,sweeping,512,2,52,1.0000,1.0000,0.00000,3.977,5.105,5.575,4.011,7894.7,0.0,1177.1,531.4,21.0,20.0,0.0,0.0,0.0,0.0,0.00,sweeping:52
beir500k-f32,pos40_cat08,pos40,218758,sweeping,512,3,52,1.0000,1.0000,0.00000,4.010,5.006,5.820,4.013,7894.7,0.0,1177.1,531.4,21.0,20.0,0.0,0.0,0.0,0.0,0.00,sweeping:52
beir500k-f32,pos40_cat08,pos40,218758,acorn,64,1,52,0.9769,0.9038,0.00076,0.719,0.851,0.896,0.719,1552.2,0.0,207.1,67.5,3.0,3.0,0.0,0.0,0.0,0.0,0.00,sweeping:52
beir500k-f32,pos40_cat08,pos40,218758,acorn,64,2,52,0.9769,0.9038,0.00076,0.736,0.863,0.908,0.724,1552.2,0.0,207.1,67.5,3.0,3.0,0.0,0.0,0.0,0.0,0.00,sweeping:52
beir500k-f32,pos40_cat08,pos40,218758,acorn,64,3,52,0.9769,0.9038,0.00076,0.731,0.857,0.884,0.725,1552.2,0.0,207.1,67.5,3.0,3.0,0.0,0.0,0.0,0.0,0.00,sweeping:52
beir500k-f32,pos40_cat08,pos40,218758,acorn,128,1,52,0.9942,0.9423,0.00016,1.274,1.538,1.682,1.281,2745.7,0.0,358.9,133.5,5.0,5.0,0.0,0.0,0.0,0.0,0.00,sweeping:52
beir500k-f32,pos40_cat08,pos40,218758,acorn,128,2,52,0.9942,0.9423,0.00016,1.271,1.516,1.700,1.285,2745.7,0.0,358.9,133.5,5.0,5.0,0.0,0.0,0.0,0.0,0.00,sweeping:52
beir500k-f32,pos40_cat08,pos40,218758,acorn,128,3,52,0.9942,0.9423,0.00016,1.291,1.551,1.711,1.303,2745.7,0.0,358.9,133.5,5.0,5.0,0.0,0.0,0.0,0.0,0.00,sweeping:52
beir500k-f32,pos40_cat08,pos40,218758,acorn,256,1,52,0.9981,0.9808,0.00009,2.281,2.709,3.161,2.280,4703.0,0.0,644.0,265.1,10.0,9.0,0.0,0.0,0.0,0.0,0.00,sweeping:52
beir500k-f32,pos40_cat08,pos40,218758,acorn,256,2,52,0.9981,0.9808,0.00009,2.287,2.805,3.113,2.284,4703.0,0.0,644.0,265.1,10.0,9.0,0.0,0.0,0.0,0.0,0.00,sweeping:52
beir500k-f32,pos40_cat08,pos40,218758,acorn,256,3,52,0.9981,0.9808,0.00009,2.285,2.744,3.126,2.282,4703.0,0.0,644.0,265.1,10.0,9.0,0.0,0.0,0.0,0.0,0.00,sweeping:52
beir500k-f32,pos40_cat08,pos40,218758,acorn,512,1,52,1.0000,1.0000,0.00000,3.958,5.018,5.671,4.001,7894.7,0.0,1177.1,531.4,21.0,20.0,0.0,0.0,0.0,0.0,0.00,sweeping:52
beir500k-f32,pos40_cat08,pos40,218758,acorn,512,2,52,1.0000,1.0000,0.00000,3.963,5.018,5.799,4.020,7894.7,0.0,1177.1,531.4,21.0,20.0,0.0,0.0,0.0,0.0,0.00,sweeping:52
beir500k-f32,pos40_cat08,pos40,218758,acorn,512,3,52,1.0000,1.0000,0.00000,4.003,5.203,6.020,4.108,7894.7,0.0,1177.1,531.4,21.0,20.0,0.0,0.0,0.0,0.0,0.00,sweeping:52
beir500k-f32,pos40_cat08,pos40,218758,pathseer,64,1,52,0.9769,0.9038,0.00076,0.756,0.887,0.920,0.761,1571.6,0.0,395.1,66.9,2.0,2.0,70.2,58.0,12.7,1.1,0.00,pathseer:52
beir500k-f32,pos40_cat08,pos40,218758,pathseer,64,2,52,0.9769,0.9038,0.00076,0.762,0.896,0.903,0.755,1571.6,0.0,395.1,66.9,2.0,2.0,70.2,58.0,12.7,1.1,0.00,pathseer:52
beir500k-f32,pos40_cat08,pos40,218758,pathseer,64,3,52,0.9769,0.9038,0.00076,0.749,0.891,0.912,0.753,1571.6,0.0,395.1,66.9,2.0,2.0,70.2,58.0,12.7,1.1,0.00,pathseer:52
beir500k-f32,pos40_cat08,pos40,218758,pathseer,128,1,52,0.9942,0.9423,0.00016,1.348,1.574,1.650,1.338,2755.3,0.0,732.1,132.1,3.0,3.0,131.7,106.8,33.2,2.1,0.00,pathseer:52
beir500k-f32,pos40_cat08,pos40,218758,pathseer,128,2,52,0.9942,0.9423,0.00016,1.341,1.562,1.584,1.318,2755.3,0.0,732.1,132.1,3.0,3.0,131.7,106.8,33.2,2.1,0.00,pathseer:52
beir500k-f32,pos40_cat08,pos40,218758,pathseer,128,3,52,0.9942,0.9423,0.00016,1.312,1.525,1.576,1.303,2755.3,0.0,732.1,132.1,3.0,3.0,131.7,106.8,33.2,2.1,0.00,pathseer:52
beir500k-f32,pos40_cat08,pos40,218758,pathseer,256,1,52,0.9981,0.9808,0.00009,2.295,2.590,2.753,2.275,4682.2,0.0,1326.7,262.6,4.0,4.0,216.6,177.5,71.1,3.4,0.00,pathseer:52
beir500k-f32,pos40_cat08,pos40,218758,pathseer,256,2,52,0.9981,0.9808,0.00009,2.430,2.832,2.912,2.381,4682.2,0.0,1326.7,262.6,4.0,4.0,216.6,177.5,71.1,3.4,0.00,pathseer:52
beir500k-f32,pos40_cat08,pos40,218758,pathseer,256,3,52,0.9981,0.9808,0.00009,2.312,2.650,2.746,2.279,4682.2,0.0,1326.7,262.6,4.0,4.0,216.6,177.5,71.1,3.4,0.00,pathseer:52
beir500k-f32,pos40_cat08,pos40,218758,pathseer,512,1,52,1.0000,1.0000,0.00000,4.009,4.729,4.845,3.983,7770.6,0.0,2517.9,525.2,8.0,8.0,430.8,350.1,156.1,6.7,0.00,pathseer:52
beir500k-f32,pos40_cat08,pos40,218758,pathseer,512,2,52,1.0000,1.0000,0.00000,4.018,4.646,4.777,3.994,7770.6,0.0,2517.9,525.2,8.0,8.0,430.8,350.1,156.1,6.7,0.00,pathseer:52
beir500k-f32,pos40_cat08,pos40,218758,pathseer,512,3,52,1.0000,1.0000,0.00000,4.030,4.617,4.951,3.993,7770.6,0.0,2517.9,525.2,8.0,8.0,430.8,350.1,156.1,6.7,0.00,pathseer:52
beir500k-f32,pos40_cat09,pos40,222267,sweeping,64,1,55,0.9909,0.9273,0.00019,0.662,0.824,0.950,0.672,1343.5,0.0,195.8,66.6,3.0,3.0,0.0,0.0,0.0,0.0,0.00,sweeping:55
beir500k-f32,pos40_cat09,pos40,222267,sweeping,64,2,55,0.9909,0.9273,0.00019,0.661,0.815,0.912,0.668,1343.5,0.0,195.8,66.6,3.0,3.0,0.0,0.0,0.0,0.0,0.00,sweeping:55
beir500k-f32,pos40_cat09,pos40,222267,sweeping,64,3,55,0.9909,0.9273,0.00019,0.643,0.819,0.918,0.661,1343.5,0.0,195.8,66.6,3.0,3.0,0.0,0.0,0.0,0.0,0.00,sweeping:55
beir500k-f32,pos40_cat09,pos40,222267,sweeping,128,1,55,0.9927,0.9455,0.00016,1.137,1.395,1.889,1.135,2288.9,0.0,332.2,131.8,5.0,6.0,0.0,0.0,0.0,0.0,0.00,sweeping:55
beir500k-f32,pos40_cat09,pos40,222267,sweeping,128,2,55,0.9927,0.9455,0.00016,1.117,1.408,1.880,1.130,2288.9,0.0,332.2,131.8,5.0,6.0,0.0,0.0,0.0,0.0,0.00,sweeping:55
beir500k-f32,pos40_cat09,pos40,222267,sweeping,128,3,55,0.9927,0.9455,0.00016,1.125,1.398,1.867,1.141,2288.9,0.0,332.2,131.8,5.0,6.0,0.0,0.0,0.0,0.0,0.00,sweeping:55
beir500k-f32,pos40_cat09,pos40,222267,sweeping,256,1,55,0.9927,0.9455,0.00016,2.017,4.670,9.716,2.439,3881.7,0.0,587.5,262.7,10.0,10.0,0.0,0.0,0.0,0.0,0.00,sweeping:55
beir500k-f32,pos40_cat09,pos40,222267,sweeping,256,2,55,0.9927,0.9455,0.00016,1.979,2.599,3.340,1.979,3881.7,0.0,587.5,262.7,10.0,10.0,0.0,0.0,0.0,0.0,0.00,sweeping:55
beir500k-f32,pos40_cat09,pos40,222267,sweeping,256,3,55,0.9927,0.9455,0.00016,1.976,2.480,3.335,1.965,3881.7,0.0,587.5,262.7,10.0,10.0,0.0,0.0,0.0,0.0,0.00,sweeping:55
beir500k-f32,pos40_cat09,pos40,222267,sweeping,512,1,55,0.9982,0.9818,0.00006,3.344,4.297,6.578,3.431,6503.7,0.0,1077.0,527.4,23.0,22.0,0.0,0.0,0.0,0.0,0.00,sweeping:55
beir500k-f32,pos40_cat09,pos40,222267,sweeping,512,2,55,0.9982,0.9818,0.00006,3.314,4.457,6.681,3.382,6503.7,0.0,1077.0,527.4,23.0,22.0,0.0,0.0,0.0,0.0,0.00,sweeping:55
beir500k-f32,pos40_cat09,pos40,222267,sweeping,512,3,55,0.9982,0.9818,0.00006,3.342,4.409,6.612,3.400,6503.7,0.0,1077.0,527.4,23.0,22.0,0.0,0.0,0.0,0.0,0.00,sweeping:55
beir500k-f32,pos40_cat09,pos40,222267,acorn,64,1,55,0.9909,0.9273,0.00019,0.649,0.820,0.979,0.666,1343.5,0.0,195.8,66.6,3.0,3.0,0.0,0.0,0.0,0.0,0.00,sweeping:55
beir500k-f32,pos40_cat09,pos40,222267,acorn,64,2,55,0.9909,0.9273,0.00019,0.650,0.827,0.909,0.663,1343.5,0.0,195.8,66.6,3.0,3.0,0.0,0.0,0.0,0.0,0.00,sweeping:55
beir500k-f32,pos40_cat09,pos40,222267,acorn,64,3,55,0.9909,0.9273,0.00019,0.646,0.811,0.900,0.663,1343.5,0.0,195.8,66.6,3.0,3.0,0.0,0.0,0.0,0.0,0.00,sweeping:55
beir500k-f32,pos40_cat09,pos40,222267,acorn,128,1,55,0.9927,0.9455,0.00016,1.128,1.380,1.867,1.134,2288.9,0.0,332.2,131.8,5.0,6.0,0.0,0.0,0.0,0.0,0.00,sweeping:55
beir500k-f32,pos40_cat09,pos40,222267,acorn,128,2,55,0.9927,0.9455,0.00016,1.125,1.421,1.884,1.140,2288.9,0.0,332.2,131.8,5.0,6.0,0.0,0.0,0.0,0.0,0.00,sweeping:55
beir500k-f32,pos40_cat09,pos40,222267,acorn,128,3,55,0.9927,0.9455,0.00016,1.131,1.408,1.856,1.131,2288.9,0.0,332.2,131.8,5.0,6.0,0.0,0.0,0.0,0.0,0.00,sweeping:55
beir500k-f32,pos40_cat09,pos40,222267,acorn,256,1,55,0.9927,0.9455,0.00016,1.988,2.536,3.388,1.976,3881.7,0.0,587.5,262.7,10.0,10.0,0.0,0.0,0.0,0.0,0.00,sweeping:55
beir500k-f32,pos40_cat09,pos40,222267,acorn,256,2,55,0.9927,0.9455,0.00016,1.961,2.489,3.471,1.978,3881.7,0.0,587.5,262.7,10.0,10.0,0.0,0.0,0.0,0.0,0.00,sweeping:55
beir500k-f32,pos40_cat09,pos40,222267,acorn,256,3,55,0.9927,0.9455,0.00016,1.974,2.516,3.478,1.971,3881.7,0.0,587.5,262.7,10.0,10.0,0.0,0.0,0.0,0.0,0.00,sweeping:55
beir500k-f32,pos40_cat09,pos40,222267,acorn,512,1,55,0.9982,0.9818,0.00006,3.380,4.430,6.712,3.430,6503.7,0.0,1077.0,527.4,23.0,22.0,0.0,0.0,0.0,0.0,0.00,sweeping:55
beir500k-f32,pos40_cat09,pos40,222267,acorn,512,2,55,0.9982,0.9818,0.00006,3.345,4.371,6.647,3.424,6503.7,0.0,1077.0,527.4,23.0,22.0,0.0,0.0,0.0,0.0,0.00,sweeping:55
beir500k-f32,pos40_cat09,pos40,222267,acorn,512,3,55,0.9982,0.9818,0.00006,3.355,4.790,6.645,3.502,6503.7,0.0,1077.0,527.4,23.0,22.0,0.0,0.0,0.0,0.0,0.00,sweeping:55
beir500k-f32,pos40_cat09,pos40,222267,pathseer,64,1,55,0.9909,0.9273,0.00019,0.662,0.815,0.871,0.674,1364.8,0.0,375.2,66.3,2.0,2.0,65.2,59.2,13.9,1.0,0.00,pathseer:55
beir500k-f32,pos40_cat09,pos40,222267,pathseer,64,2,55,0.9909,0.9273,0.00019,0.682,0.814,0.889,0.681,1364.8,0.0,375.2,66.3,2.0,2.0,65.2,59.2,13.9,1.0,0.00,pathseer:55
beir500k-f32,pos40_cat09,pos40,222267,pathseer,64,3,55,0.9909,0.9273,0.00019,0.664,0.806,0.891,0.671,1364.8,0.0,375.2,66.3,2.0,2.0,65.2,59.2,13.9,1.0,0.00,pathseer:55
beir500k-f32,pos40_cat09,pos40,222267,pathseer,128,1,55,0.9927,0.9455,0.00016,1.147,1.395,1.653,1.141,2313.0,0.0,689.5,130.9,3.0,3.0,129.2,115.5,28.5,2.0,0.00,pathseer:55
beir500k-f32,pos40_cat09,pos40,222267,pathseer,128,2,55,0.9927,0.9455,0.00016,1.174,1.416,1.606,1.145,2313.0,0.0,689.5,130.9,3.0,3.0,129.2,115.5,28.5,2.0,0.00,pathseer:55
beir500k-f32,pos40_cat09,pos40,222267,pathseer,128,3,55,0.9927,0.9455,0.00016,1.150,1.380,1.644,1.145,2313.0,0.0,689.5,130.9,3.0,3.0,129.2,115.5,28.5,2.0,0.00,pathseer:55
beir500k-f32,pos40_cat09,pos40,222267,pathseer,256,1,55,0.9927,0.9455,0.00016,2.055,2.473,2.618,1.991,3870.2,0.0,1245.9,260.6,4.0,4.0,218.8,190.5,62.1,3.4,0.00,pathseer:55
beir500k-f32,pos40_cat09,pos40,222267,pathseer,256,2,55,0.9927,0.9455,0.00016,2.066,2.574,2.822,2.032,3870.2,0.0,1245.9,260.6,4.0,4.0,218.8,190.5,62.1,3.4,0.00,pathseer:55
beir500k-f32,pos40_cat09,pos40,222267,pathseer,256,3,55,0.9927,0.9455,0.00016,2.078,2.593,2.836,2.052,3870.2,0.0,1245.9,260.6,4.0,4.0,218.8,190.5,62.1,3.4,0.00,pathseer:55
beir500k-f32,pos40_cat09,pos40,222267,pathseer,512,1,55,0.9982,0.9818,0.00006,3.575,4.284,5.173,3.520,6400.1,0.0,2353.3,521.4,8.0,8.0,435.2,363.8,136.2,6.8,0.00,pathseer:55
beir500k-f32,pos40_cat09,pos40,222267,pathseer,512,2,55,0.9982,0.9818,0.00006,3.524,4.352,4.830,3.443,6400.1,0.0,2353.3,521.4,8.0,8.0,435.2,363.8,136.2,6.8,0.00,pathseer:55
beir500k-f32,pos40_cat09,pos40,222267,pathseer,512,3,55,0.9982,0.9818,0.00006,3.449,4.244,4.779,3.441,6400.1,0.0,2353.3,521.4,8.0,8.0,435.2,363.8,136.2,6.8,0.00,pathseer:55
beir500k-f32,pos40_cat10,pos40,207074,sweeping,64,1,50,0.9980,0.9800,0.00000,0.716,1.240,1.444,0.751,1482.5,0.0,216.6,71.1,4.0,4.0,0.0,0.0,0.0,0.0,0.00,sweeping:50
beir500k-f32,pos40_cat10,pos40,207074,sweeping,64,2,50,0.9980,0.9800,0.00000,0.720,1.075,1.447,0.743,1482.5,0.0,216.6,71.1,4.0,4.0,0.0,0.0,0.0,0.0,0.00,sweeping:50
beir500k-f32,pos40_cat10,pos40,207074,sweeping,64,3,50,0.9980,0.9800,0.00000,0.701,1.086,1.448,0.733,1482.5,0.0,216.6,71.1,4.0,4.0,0.0,0.0,0.0,0.0,0.00,sweeping:50
beir500k-f32,pos40_cat10,pos40,207074,sweeping,128,1,50,1.0000,1.0000,0.00000,1.370,1.923,2.604,1.388,2635.2,0.0,374.8,141.7,5.0,6.0,0.0,0.0,0.0,0.0,0.00,sweeping:50
beir500k-f32,pos40_cat10,pos40,207074,sweeping,128,2,50,1.0000,1.0000,0.00000,1.358,1.878,2.579,1.375,2635.2,0.0,374.8,141.7,5.0,6.0,0.0,0.0,0.0,0.0,0.00,sweeping:50
beir500k-f32,pos40_cat10,pos40,207074,sweeping,128,3,50,1.0000,1.0000,0.00000,1.373,1.908,2.539,1.364,2635.2,0.0,374.8,141.7,5.0,6.0,0.0,0.0,0.0,0.0,0.00,sweeping:50
beir500k-f32,pos40_cat10,pos40,207074,sweeping,256,1,50,1.0000,1.0000,0.00000,2.319,3.254,4.317,2.286,4633.1,0.0,673.8,284.8,10.0,12.0,0.0,0.0,0.0,0.0,0.00,sweeping:50
beir500k-f32,pos40_cat10,pos40,207074,sweeping,256,2,50,1.0000,1.0000,0.00000,2.286,3.224,4.279,2.301,4633.1,0.0,673.8,284.8,10.0,12.0,0.0,0.0,0.0,0.0,0.00,sweeping:50
beir500k-f32,pos40_cat10,pos40,207074,sweeping,256,3,50,1.0000,1.0000,0.00000,2.302,3.355,4.455,2.350,4633.1,0.0,673.8,284.8,10.0,12.0,0.0,0.0,0.0,0.0,0.00,sweeping:50
beir500k-f32,pos40_cat10,pos40,207074,sweeping,512,1,50,1.0000,1.0000,0.00000,3.974,7.044,7.891,4.171,8053.0,0.0,1255.4,580.0,22.0,25.0,0.0,0.0,0.0,0.0,0.00,sweeping:50
beir500k-f32,pos40_cat10,pos40,207074,sweeping,512,2,50,1.0000,1.0000,0.00000,4.069,7.195,7.978,4.240,8053.0,0.0,1255.4,580.0,22.0,25.0,0.0,0.0,0.0,0.0,0.00,sweeping:50
beir500k-f32,pos40_cat10,pos40,207074,sweeping,512,3,50,1.0000,1.0000,0.00000,3.969,6.850,7.886,4.147,8053.0,0.0,1255.4,580.0,22.0,25.0,0.0,0.0,0.0,0.0,0.00,sweeping:50
beir500k-f32,pos40_cat10,pos40,207074,acorn,64,1,50,0.9980,0.9800,0.00000,0.700,1.103,1.523,0.734,1482.5,0.0,216.6,71.1,4.0,4.0,0.0,0.0,0.0,0.0,0.00,sweeping:50
beir500k-f32,pos40_cat10,pos40,207074,acorn,64,2,50,0.9980,0.9800,0.00000,0.712,1.094,1.440,0.729,1482.5,0.0,216.6,71.1,4.0,4.0,0.0,0.0,0.0,0.0,0.00,sweeping:50
beir500k-f32,pos40_cat10,pos40,207074,acorn,64,3,50,0.9980,0.9800,0.00000,0.717,1.089,1.425,0.733,1482.5,0.0,216.6,71.1,4.0,4.0,0.0,0.0,0.0,0.0,0.00,sweeping:50
beir500k-f32,pos40_cat10,pos40,207074,acorn,128,1,50,1.0000,1.0000,0.00000,1.254,1.852,2.429,1.296,2635.2,0.0,374.8,141.7,5.0,6.0,0.0,0.0,0.0,0.0,0.00,sweeping:50
beir500k-f32,pos40_cat10,pos40,207074,acorn,128,2,50,1.0000,1.0000,0.00000,1.303,1.829,2.460,1.316,2635.2,0.0,374.8,141.7,5.0,6.0,0.0,0.0,0.0,0.0,0.00,sweeping:50
beir500k-f32,pos40_cat10,pos40,207074,acorn,128,3,50,1.0000,1.0000,0.00000,1.314,1.958,2.493,1.355,2635.2,0.0,374.8,141.7,5.0,6.0,0.0,0.0,0.0,0.0,0.00,sweeping:50
beir500k-f32,pos40_cat10,pos40,207074,acorn,256,1,50,1.0000,1.0000,0.00000,2.400,3.582,4.972,2.455,4633.1,0.0,673.8,284.8,10.0,12.0,0.0,0.0,0.0,0.0,0.00,sweeping:50
beir500k-f32,pos40_cat10,pos40,207074,acorn,256,2,50,1.0000,1.0000,0.00000,2.296,3.289,4.332,2.320,4633.1,0.0,673.8,284.8,10.0,12.0,0.0,0.0,0.0,0.0,0.00,sweeping:50
beir500k-f32,pos40_cat10,pos40,207074,acorn,256,3,50,1.0000,1.0000,0.00000,2.348,3.417,4.449,2.326,4633.1,0.0,673.8,284.8,10.0,12.0,0.0,0.0,0.0,0.0,0.00,sweeping:50
beir500k-f32,pos40_cat10,pos40,207074,acorn,512,1,50,1.0000,1.0000,0.00000,4.058,6.858,7.887,4.189,8053.0,0.0,1255.4,580.0,22.0,25.0,0.0,0.0,0.0,0.0,0.00,sweeping:50
beir500k-f32,pos40_cat10,pos40,207074,acorn,512,2,50,1.0000,1.0000,0.00000,4.202,6.988,8.261,4.331,8053.0,0.0,1255.4,580.0,22.0,25.0,0.0,0.0,0.0,0.0,0.00,sweeping:50
beir500k-f32,pos40_cat10,pos40,207074,acorn,512,3,50,1.0000,1.0000,0.00000,4.249,7.612,8.196,4.408,8053.0,0.0,1255.4,580.0,22.0,25.0,0.0,0.0,0.0,0.0,0.00,sweeping:50
beir500k-f32,pos40_cat10,pos40,207074,pathseer,64,1,50,0.9980,0.9800,0.00000,0.738,0.893,1.181,0.747,1435.5,0.0,457.6,69.4,2.0,2.0,74.2,51.8,54.4,1.2,0.00,pathseer:50
beir500k-f32,pos40_cat10,pos40,207074,pathseer,64,2,50,0.9980,0.9800,0.00000,0.726,0.892,1.083,0.732,1435.5,0.0,457.6,69.4,2.0,2.0,74.2,51.8,54.4,1.2,0.00,pathseer:50
beir500k-f32,pos40_cat10,pos40,207074,pathseer,64,3,50,0.9980,0.9800,0.00000,0.750,1.001,1.303,0.773,1435.5,0.0,457.6,69.4,2.0,2.0,74.2,51.8,54.4,1.2,0.00,pathseer:50
beir500k-f32,pos40_cat10,pos40,207074,pathseer,128,1,50,1.0000,1.0000,0.00000,1.291,1.793,1.886,1.324,2512.4,0.0,856.7,137.4,3.0,3.0,139.5,98.9,116.2,2.2,0.00,pathseer:50
beir500k-f32,pos40_cat10,pos40,207074,pathseer,128,2,50,1.0000,1.0000,0.00000,1.323,1.621,1.804,1.304,2512.4,0.0,856.7,137.4,3.0,3.0,139.5,98.9,116.2,2.2,0.00,pathseer:50
beir500k-f32,pos40_cat10,pos40,207074,pathseer,128,3,50,1.0000,1.0000,0.00000,1.295,1.668,1.972,1.314,2512.4,0.0,856.7,137.4,3.0,3.0,139.5,98.9,116.2,2.2,0.00,pathseer:50
beir500k-f32,pos40_cat10,pos40,207074,pathseer,256,1,50,1.0000,1.0000,0.00000,2.203,2.751,3.096,2.239,4326.6,0.0,1589.1,274.5,5.0,5.0,247.0,176.6,235.8,3.9,0.00,pathseer:50
beir500k-f32,pos40_cat10,pos40,207074,pathseer,256,2,50,1.0000,1.0000,0.00000,2.259,2.827,3.045,2.264,4326.6,0.0,1589.1,274.5,5.0,5.0,247.0,176.6,235.8,3.9,0.00,pathseer:50
beir500k-f32,pos40_cat10,pos40,207074,pathseer,256,3,50,1.0000,1.0000,0.00000,2.314,2.875,3.161,2.342,4326.6,0.0,1589.1,274.5,5.0,5.0,247.0,176.6,235.8,3.9,0.00,pathseer:50
beir500k-f32,pos40_cat10,pos40,207074,pathseer,512,1,50,1.0000,1.0000,0.00000,3.863,5.054,5.447,3.879,7301.5,0.0,3068.3,553.1,9.0,9.0,490.2,339.8,512.0,7.7,0.00,pathseer:50
beir500k-f32,pos40_cat10,pos40,207074,pathseer,512,2,50,1.0000,1.0000,0.00000,3.836,4.872,5.352,3.849,7301.5,0.0,3068.3,553.1,9.0,9.0,490.2,339.8,512.0,7.7,0.00,pathseer:50
beir500k-f32,pos40_cat10,pos40,207074,pathseer,512,3,50,1.0000,1.0000,0.00000,3.901,4.956,5.371,3.869,7301.5,0.0,3068.3,553.1,9.0,9.0,490.2,339.8,512.0,7.7,0.00,pathseer:50
beir500k-f32,pos40_cat11,pos40,211992,sweeping,64,1,32,0.9938,0.9375,0.00010,0.881,1.744,3.694,1.068,2208.3,0.0,323.7,121.2,4.0,5.0,0.0,0.0,0.0,0.0,0.00,sweeping:32
beir500k-f32,pos40_cat11,pos40,211992,sweeping,64,2,32,0.9938,0.9375,0.00010,0.923,1.761,3.722,1.077,2208.3,0.0,323.7,121.2,4.0,5.0,0.0,0.0,0.0,0.0,0.00,sweeping:32
beir500k-f32,pos40_cat11,pos40,211992,sweeping,64,3,32,0.9938,0.9375,0.00010,0.906,1.745,3.681,1.080,2208.3,0.0,323.7,121.2,4.0,5.0,0.0,0.0,0.0,0.0,0.00,sweeping:32
beir500k-f32,pos40_cat11,pos40,211992,sweeping,128,1,32,0.9938,0.9375,0.00010,1.582,3.617,7.633,1.994,4030.4,0.0,602.8,257.4,6.0,8.0,0.0,0.0,0.0,0.0,0.00,sweeping:32
beir500k-f32,pos40_cat11,pos40,211992,sweeping,128,2,32,0.9938,0.9375,0.00010,1.590,3.650,7.503,1.995,4030.4,0.0,602.8,257.4,6.0,8.0,0.0,0.0,0.0,0.0,0.00,sweeping:32
beir500k-f32,pos40_cat11,pos40,211992,sweeping,128,3,32,0.9938,0.9375,0.00010,1.596,3.771,7.520,2.008,4030.4,0.0,602.8,257.4,6.0,8.0,0.0,0.0,0.0,0.0,0.00,sweeping:32
beir500k-f32,pos40_cat11,pos40,211992,sweeping,256,1,32,0.9969,0.9688,0.00005,2.942,8.048,15.238,3.801,7367.2,0.0,1172.4,578.5,11.0,18.0,0.0,0.0,0.0,0.0,0.00,sweeping:32
beir500k-f32,pos40_cat11,pos40,211992,sweeping,256,2,32,0.9969,0.9688,0.00005,2.766,7.956,15.245,3.797,7367.2,0.0,1172.4,578.5,11.0,18.0,0.0,0.0,0.0,0.0,0.00,sweeping:32
beir500k-f32,pos40_cat11,pos40,211992,sweeping,256,3,32,0.9969,0.9688,0.00005,2.923,7.966,15.357,3.810,7367.2,0.0,1172.4,578.5,11.0,18.0,0.0,0.0,0.0,0.0,0.00,sweeping:32
beir500k-f32,pos40_cat11,pos40,211992,sweeping,512,1,32,0.9969,0.9688,0.00005,5.667,15.547,25.540,6.983,12724.9,0.0,2284.5,1220.0,23.0,40.0,0.0,0.0,0.0,0.0,0.00,sweeping:32
beir500k-f32,pos40_cat11,pos40,211992,sweeping,512,2,32,0.9969,0.9688,0.00005,5.598,14.207,24.673,6.769,12724.9,0.0,2284.5,1220.0,23.0,40.0,0.0,0.0,0.0,0.0,0.00,sweeping:32
beir500k-f32,pos40_cat11,pos40,211992,sweeping,512,3,32,0.9969,0.9688,0.00005,5.495,15.479,25.001,7.169,12724.9,0.0,2284.5,1220.0,23.0,40.0,0.0,0.0,0.0,0.0,0.00,sweeping:32
beir500k-f32,pos40_cat11,pos40,211992,acorn,64,1,32,0.9938,0.9375,0.00010,0.949,1.822,3.675,1.098,2208.3,0.0,323.7,121.2,4.0,5.0,0.0,0.0,0.0,0.0,0.00,sweeping:32
beir500k-f32,pos40_cat11,pos40,211992,acorn,64,2,32,0.9938,0.9375,0.00010,0.910,1.758,3.778,1.093,2208.3,0.0,323.7,121.2,4.0,5.0,0.0,0.0,0.0,0.0,0.00,sweeping:32
beir500k-f32,pos40_cat11,pos40,211992,acorn,64,3,32,0.9938,0.9375,0.00010,0.903,1.781,3.915,1.096,2208.3,0.0,323.7,121.2,4.0,5.0,0.0,0.0,0.0,0.0,0.00,sweeping:32
beir500k-f32,pos40_cat11,pos40,211992,acorn,128,1,32,0.9938,0.9375,0.00010,1.630,3.642,7.644,2.031,4030.4,0.0,602.8,257.4,6.0,8.0,0.0,0.0,0.0,0.0,0.00,sweeping:32
beir500k-f32,pos40_cat11,pos40,211992,acorn,128,2,32,0.9938,0.9375,0.00010,1.634,3.663,7.523,2.026,4030.4,0.0,602.8,257.4,6.0,8.0,0.0,0.0,0.0,0.0,0.00,sweeping:32
beir500k-f32,pos40_cat11,pos40,211992,acorn,128,3,32,0.9938,0.9375,0.00010,1.605,3.738,7.562,2.030,4030.4,0.0,602.8,257.4,6.0,8.0,0.0,0.0,0.0,0.0,0.00,sweeping:32
beir500k-f32,pos40_cat11,pos40,211992,acorn,256,1,32,0.9969,0.9688,0.00005,2.965,8.282,15.783,3.853,7367.2,0.0,1172.4,578.5,11.0,18.0,0.0,0.0,0.0,0.0,0.00,sweeping:32
beir500k-f32,pos40_cat11,pos40,211992,acorn,256,2,32,0.9969,0.9688,0.00005,2.836,8.013,15.353,3.809,7367.2,0.0,1172.4,578.5,11.0,18.0,0.0,0.0,0.0,0.0,0.00,sweeping:32
beir500k-f32,pos40_cat11,pos40,211992,acorn,256,3,32,0.9969,0.9688,0.00005,2.854,8.198,15.415,3.860,7367.2,0.0,1172.4,578.5,11.0,18.0,0.0,0.0,0.0,0.0,0.00,sweeping:32
beir500k-f32,pos40_cat11,pos40,211992,acorn,512,1,32,0.9969,0.9688,0.00005,5.676,14.674,25.041,6.934,12724.9,0.0,2284.5,1220.0,23.0,40.0,0.0,0.0,0.0,0.0,0.00,sweeping:32
beir500k-f32,pos40_cat11,pos40,211992,acorn,512,2,32,0.9969,0.9688,0.00005,5.672,14.533,27.063,7.083,12724.9,0.0,2284.5,1220.0,23.0,40.0,0.0,0.0,0.0,0.0,0.00,sweeping:32
beir500k-f32,pos40_cat11,pos40,211992,acorn,512,3,32,0.9969,0.9688,0.00005,5.626,14.342,24.872,6.904,12724.9,0.0,2284.5,1220.0,23.0,40.0,0.0,0.0,0.0,0.0,0.00,sweeping:32
beir500k-f32,pos40_cat11,pos40,211992,pathseer,64,1,32,0.9938,0.9375,0.00010,0.712,0.936,1.011,0.710,1409.2,0.0,926.8,89.5,2.0,3.0,98.0,39.7,379.0,1.5,0.00,pathseer:32
beir500k-f32,pos40_cat11,pos40,211992,pathseer,64,2,32,0.9938,0.9375,0.00010,0.692,0.939,1.009,0.699,1409.2,0.0,926.8,89.5,2.0,3.0,98.0,39.7,379.0,1.5,0.00,pathseer:32
beir500k-f32,pos40_cat11,pos40,211992,pathseer,64,3,32,0.9938,0.9375,0.00010,0.674,0.911,1.001,0.689,1409.2,0.0,926.8,89.5,2.0,3.0,98.0,39.7,379.0,1.5,0.00,pathseer:32
beir500k-f32,pos40_cat11,pos40,211992,pathseer,128,1,32,0.9938,0.9375,0.00010,1.242,1.718,2.040,1.228,2415.3,0.0,1761.3,182.4,4.0,4.0,172.0,77.2,769.6,2.7,0.00,pathseer:32
beir500k-f32,pos40_cat11,pos40,211992,pathseer,128,2,32,0.9938,0.9375,0.00010,1.215,1.647,2.022,1.220,2415.3,0.0,1761.3,182.4,4.0,4.0,172.0,77.2,769.6,2.7,0.00,pathseer:32
beir500k-f32,pos40_cat11,pos40,211992,pathseer,128,3,32,0.9938,0.9375,0.00010,1.239,1.670,2.032,1.234,2415.3,0.0,1761.3,182.4,4.0,4.0,172.0,77.2,769.6,2.7,0.00,pathseer:32
beir500k-f32,pos40_cat11,pos40,211992,pathseer,256,1,32,0.9969,0.9688,0.00005,2.107,3.120,3.868,2.199,4142.6,0.0,3423.2,377.8,6.0,8.0,318.0,141.7,1560.2,5.0,0.00,pathseer:32
beir500k-f32,pos40_cat11,pos40,211992,pathseer,256,2,32,0.9969,0.9688,0.00005,2.212,3.251,4.140,2.277,4142.6,0.0,3423.2,377.8,6.0,8.0,318.0,141.7,1560.2,5.0,0.00,pathseer:32
beir500k-f32,pos40_cat11,pos40,211992,pathseer,256,3,32,0.9969,0.9688,0.00005,2.213,3.281,4.234,2.275,4142.6,0.0,3423.2,377.8,6.0,8.0,318.0,141.7,1560.2,5.0,0.00,pathseer:32
beir500k-f32,pos40_cat11,pos40,211992,pathseer,512,1,32,0.9969,0.9688,0.00005,3.713,5.772,7.810,3.994,6952.8,0.0,6420.2,771.1,10.0,16.0,622.0,285.4,2934.8,9.7,0.00,pathseer:32
beir500k-f32,pos40_cat11,pos40,211992,pathseer,512,2,32,0.9969,0.9688,0.00005,3.561,5.719,7.884,3.965,6952.8,0.0,6420.2,771.1,10.0,16.0,622.0,285.4,2934.8,9.7,0.00,pathseer:32
beir500k-f32,pos40_cat11,pos40,211992,pathseer,512,3,32,0.9969,0.9688,0.00005,3.619,5.744,7.895,3.961,6952.8,0.0,6420.2,771.1,10.0,16.0,622.0,285.4,2934.8,9.7,0.00,pathseer:32
beir500k-f32,pos40_cat12,pos40,216862,sweeping,64,1,66,0.9939,0.9394,0.00002,0.656,0.957,1.020,0.669,1357.0,0.0,208.0,70.5,3.0,3.0,0.0,0.0,0.0,0.0,0.00,sweeping:66
beir500k-f32,pos40_cat12,pos40,216862,sweeping,64,2,66,0.9939,0.9394,0.00002,0.644,1.004,1.094,0.671,1357.0,0.0,208.0,70.5,3.0,3.0,0.0,0.0,0.0,0.0,0.00,sweeping:66
beir500k-f32,pos40_cat12,pos40,216862,sweeping,64,3,66,0.9939,0.9394,0.00002,0.642,0.966,1.014,0.669,1357.0,0.0,208.0,70.5,3.0,3.0,0.0,0.0,0.0,0.0,0.00,sweeping:66
beir500k-f32,pos40_cat12,pos40,216862,sweeping,128,1,66,0.9985,0.9848,0.00001,1.117,1.776,1.821,1.166,2352.6,0.0,356.0,138.7,5.0,6.0,0.0,0.0,0.0,0.0,0.00,sweeping:66
beir500k-f32,pos40_cat12,pos40,216862,sweeping,128,2,66,0.9985,0.9848,0.00001,1.106,1.777,1.904,1.166,2352.6,0.0,356.0,138.7,5.0,6.0,0.0,0.0,0.0,0.0,0.00,sweeping:66
beir500k-f32,pos40_cat12,pos40,216862,sweeping,128,3,66,0.9985,0.9848,0.00001,1.099,1.800,1.850,1.168,2352.6,0.0,356.0,138.7,5.0,6.0,0.0,0.0,0.0,0.0,0.00,sweeping:66
beir500k-f32,pos40_cat12,pos40,216862,sweeping,256,1,66,1.0000,1.0000,0.00000,2.084,3.184,3.656,2.198,4084.3,0.0,637.6,277.8,11.0,11.0,0.0,0.0,0.0,0.0,0.00,sweeping:66
beir500k-f32,pos40_cat12,pos40,216862,sweeping,256,2,66,1.0000,1.0000,0.00000,1.979,3.149,3.681,2.089,4084.3,0.0,637.6,277.8,11.0,11.0,0.0,0.0,0.0,0.0,0.00,sweeping:66
beir500k-f32,pos40_cat12,pos40,216862,sweeping,256,3,66,1.0000,1.0000,0.00000,1.984,3.219,3.806,2.072,4084.3,0.0,637.6,277.8,11.0,11.0,0.0,0.0,0.0,0.0,0.00,sweeping:66
beir500k-f32,pos40_cat12,pos40,216862,sweeping,512,1,66,1.0000,1.0000,0.00000,3.463,5.772,6.789,3.665,7050.7,0.0,1180.3,558.8,23.0,26.0,0.0,0.0,0.0,0.0,0.00,sweeping:66
beir500k-f32,pos40_cat12,pos40,216862,sweeping,512,2,66,1.0000,1.0000,0.00000,3.462,5.864,6.516,3.657,7050.7,0.0,1180.3,558.8,23.0,26.0,0.0,0.0,0.0,0.0,0.00,sweeping:66
beir500k-f32,pos40_cat12,pos40,216862,sweeping,512,3,66,1.0000,1.0000,0.00000,3.527,5.887,6.639,3.731,7050.7,0.0,1180.3,558.8,23.0,26.0,0.0,0.0,0.0,0.0,0.00,sweeping:66
beir500k-f32,pos40_cat12,pos40,216862,acorn,64,1,66,0.9939,0.9394,0.00002,0.644,0.932,1.029,0.662,1357.0,0.0,208.0,70.5,3.0,3.0,0.0,0.0,0.0,0.0,0.00,sweeping:66
beir500k-f32,pos40_cat12,pos40,216862,acorn,64,2,66,0.9939,0.9394,0.00002,0.647,0.960,1.003,0.668,1357.0,0.0,208.0,70.5,3.0,3.0,0.0,0.0,0.0,0.0,0.00,sweeping:66
beir500k-f32,pos40_cat12,pos40,216862,acorn,64,3,66,0.9939,0.9394,0.00002,0.656,0.961,1.076,0.668,1357.0,0.0,208.0,70.5,3.0,3.0,0.0,0.0,0.0,0.0,0.00,sweeping:66
beir500k-f32,pos40_cat12,pos40,216862,acorn,128,1,66,0.9985,0.9848,0.00001,1.100,1.752,1.863,1.159,2352.6,0.0,356.0,138.7,5.0,6.0,0.0,0.0,0.0,0.0,0.00,sweeping:66
beir500k-f32,pos40_cat12,pos40,216862,acorn,128,2,66,0.9985,0.9848,0.00001,1.118,1.766,1.847,1.169,2352.6,0.0,356.0,138.7,5.0,6.0,0.0,0.0,0.0,0.0,0.00,sweeping:66
beir500k-f32,pos40_cat12,pos40,216862,acorn,128,3,66,0.9985,0.9848,0.00001,1.139,1.752,1.997,1.177,2352.6,0.0,356.0,138.7,5.0,6.0,0.0,0.0,0.0,0.0,0.00,sweeping:66
beir500k-f32,pos40_cat12,pos40,216862,acorn,256,1,66,1.0000,1.0000,0.00000,2.047,3.239,3.761,2.156,4084.3,0.0,637.6,277.8,11.0,11.0,0.0,0.0,0.0,0.0,0.00,sweeping:66
beir500k-f32,pos40_cat12,pos40,216862,acorn,256,2,66,1.0000,1.0000,0.00000,1.997,3.249,3.672,2.104,4084.3,0.0,637.6,277.8,11.0,11.0,0.0,0.0,0.0,0.0,0.00,sweeping:66
beir500k-f32,pos40_cat12,pos40,216862,acorn,256,3,66,1.0000,1.0000,0.00000,1.959,3.244,3.671,2.083,4084.3,0.0,637.6,277.8,11.0,11.0,0.0,0.0,0.0,0.0,0.00,sweeping:66
beir500k-f32,pos40_cat12,pos40,216862,acorn,512,1,66,1.0000,1.0000,0.00000,3.573,5.887,6.614,3.718,7050.7,0.0,1180.3,558.8,23.0,26.0,0.0,0.0,0.0,0.0,0.00,sweeping:66
beir500k-f32,pos40_cat12,pos40,216862,acorn,512,2,66,1.0000,1.0000,0.00000,3.646,6.107,6.702,3.815,7050.7,0.0,1180.3,558.8,23.0,26.0,0.0,0.0,0.0,0.0,0.00,sweeping:66
beir500k-f32,pos40_cat12,pos40,216862,acorn,512,3,66,1.0000,1.0000,0.00000,3.561,6.020,6.686,3.723,7050.7,0.0,1180.3,558.8,23.0,26.0,0.0,0.0,0.0,0.0,0.00,sweeping:66
beir500k-f32,pos40_cat12,pos40,216862,pathseer,64,1,66,0.9939,0.9394,0.00002,0.665,0.828,0.870,0.655,1317.6,0.0,434.6,68.5,2.0,2.0,70.8,59.5,47.4,1.1,0.00,pathseer:66
beir500k-f32,pos40_cat12,pos40,216862,pathseer,64,2,66,0.9939,0.9394,0.00002,0.667,0.845,0.861,0.654,1317.6,0.0,434.6,68.5,2.0,2.0,70.8,59.5,47.4,1.1,0.00,pathseer:66
beir500k-f32,pos40_cat12,pos40,216862,pathseer,64,3,66,0.9939,0.9394,0.00002,0.682,0.866,0.907,0.674,1317.6,0.0,434.6,68.5,2.0,2.0,70.8,59.5,47.4,1.1,0.00,pathseer:66
beir500k-f32,pos40_cat12,pos40,216862,pathseer,128,1,66,0.9985,0.9848,0.00001,1.182,1.583,1.658,1.183,2274.3,0.0,778.0,134.6,3.0,3.0,131.9,108.6,83.0,2.1,0.00,pathseer:66
beir500k-f32,pos40_cat12,pos40,216862,pathseer,128,2,66,0.9985,0.9848,0.00001,1.149,1.461,1.563,1.163,2274.3,0.0,778.0,134.6,3.0,3.0,131.9,108.6,83.0,2.1,0.00,pathseer:66
beir500k-f32,pos40_cat12,pos40,216862,pathseer,128,3,66,0.9985,0.9848,0.00001,1.129,1.435,1.534,1.127,2274.3,0.0,778.0,134.6,3.0,3.0,131.9,108.6,83.0,2.1,0.00,pathseer:66
beir500k-f32,pos40_cat12,pos40,216862,pathseer,256,1,66,1.0000,1.0000,0.00000,2.093,2.616,2.750,2.069,3876.5,0.0,1414.6,268.3,5.0,5.0,232.7,182.7,158.2,3.6,0.00,pathseer:66
beir500k-f32,pos40_cat12,pos40,216862,pathseer,256,2,66,1.0000,1.0000,0.00000,1.951,2.490,2.568,1.954,3876.5,0.0,1414.6,268.3,5.0,5.0,232.7,182.7,158.2,3.6,0.00,pathseer:66
beir500k-f32,pos40_cat12,pos40,216862,pathseer,256,3,66,1.0000,1.0000,0.00000,1.999,2.524,2.645,1.984,3876.5,0.0,1414.6,268.3,5.0,5.0,232.7,182.7,158.2,3.6,0.00,pathseer:66
beir500k-f32,pos40_cat12,pos40,216862,pathseer,512,1,66,1.0000,1.0000,0.00000,3.551,4.504,4.730,3.546,6558.9,0.0,2715.8,537.8,8.0,8.0,481.0,358.6,333.6,7.5,0.00,pathseer:66
beir500k-f32,pos40_cat12,pos40,216862,pathseer,512,2,66,1.0000,1.0000,0.00000,3.598,4.607,4.938,3.593,6558.9,0.0,2715.8,537.8,8.0,8.0,481.0,358.6,333.6,7.5,0.00,pathseer:66
beir500k-f32,pos40_cat12,pos40,216862,pathseer,512,3,66,1.0000,1.0000,0.00000,3.501,4.500,4.824,3.523,6558.9,0.0,2715.8,537.8,8.0,8.0,481.0,358.6,333.6,7.5,0.00,pathseer:66
beir500k-f32,pos40_cat13,pos40,200600,sweeping,64,1,54,0.9889,0.9074,0.00012,0.740,0.996,1.929,0.808,1619.2,0.0,237.9,78.2,3.0,4.0,0.0,0.0,0.0,0.0,0.00,sweeping:54
beir500k-f32,pos40_cat13,pos40,200600,sweeping,64,2,54,0.9889,0.9074,0.00012,0.738,0.977,1.948,0.801,1619.2,0.0,237.9,78.2,3.0,4.0,0.0,0.0,0.0,0.0,0.00,sweeping:54
beir500k-f32,pos40_cat13,pos40,200600,sweeping,64,3,54,0.9889,0.9074,0.00012,0.740,0.999,1.998,0.810,1619.2,0.0,237.9,78.2,3.0,4.0,0.0,0.0,0.0,0.0,0.00,sweeping:54
beir500k-f32,pos40_cat13,pos40,200600,sweeping,128,1,54,0.9981,0.9815,0.00000,1.252,1.824,3.294,1.406,2816.4,0.0,412.9,152.5,6.0,6.0,0.0,0.0,0.0,0.0,0.00,sweeping:54
beir500k-f32,pos40_cat13,pos40,200600,sweeping,128,2,54,0.9981,0.9815,0.00000,1.262,1.921,3.334,1.429,2816.4,0.0,412.9,152.5,6.0,6.0,0.0,0.0,0.0,0.0,0.00,sweeping:54
beir500k-f32,pos40_cat13,pos40,200600,sweeping,128,3,54,0.9981,0.9815,0.00000,1.331,2.057,3.458,1.476,2816.4,0.0,412.9,152.5,6.0,6.0,0.0,0.0,0.0,0.0,0.00,sweeping:54
beir500k-f32,pos40_cat13,pos40,200600,sweeping,256,1,54,1.0000,1.0000,0.00000,2.354,3.573,5.535,2.506,4835.3,0.0,734.2,301.9,11.0,12.0,0.0,0.0,0.0,0.0,0.00,sweeping:54
beir500k-f32,pos40_cat13,pos40,200600,sweeping,256,2,54,1.0000,1.0000,0.00000,2.408,3.559,5.576,2.549,4835.3,0.0,734.2,301.9,11.0,12.0,0.0,0.0,0.0,0.0,0.00,sweeping:54
beir500k-f32,pos40_cat13,pos40,200600,sweeping,256,3,54,1.0000,1.0000,0.00000,2.217,3.578,5.538,2.472,4835.3,0.0,734.2,301.9,11.0,12.0,0.0,0.0,0.0,0.0,0.00,sweeping:54
beir500k-f32,pos40_cat13,pos40,200600,sweeping,512,1,54,1.0000,1.0000,0.00000,4.061,6.464,9.283,4.397,8269.3,0.0,1355.1,602.1,23.0,26.0,0.0,0.0,0.0,0.0,0.00,sweeping:54
beir500k-f32,pos40_cat13,pos40,200600,sweeping,512,2,54,1.0000,1.0000,0.00000,4.044,6.366,9.442,4.421,8269.3,0.0,1355.1,602.1,23.0,26.0,0.0,0.0,0.0,0.0,0.00,sweeping:54
beir500k-f32,pos40_cat13,pos40,200600,sweeping,512,3,54,1.0000,1.0000,0.00000,4.074,6.319,9.304,4.366,8269.3,0.0,1355.1,602.1,23.0,26.0,0.0,0.0,0.0,0.0,0.00,sweeping:54
beir500k-f32,pos40_cat13,pos40,200600,acorn,64,1,54,0.9889,0.9074,0.00012,0.770,1.058,2.048,0.839,1619.2,0.0,237.9,78.2,3.0,4.0,0.0,0.0,0.0,0.0,0.00,sweeping:54
beir500k-f32,pos40_cat13,pos40,200600,acorn,64,2,54,0.9889,0.9074,0.00012,0.780,1.032,2.050,0.858,1619.2,0.0,237.9,78.2,3.0,4.0,0.0,0.0,0.0,0.0,0.00,sweeping:54
beir500k-f32,pos40_cat13,pos40,200600,acorn,64,3,54,0.9889,0.9074,0.00012,0.813,1.140,2.061,0.865,1619.2,0.0,237.9,78.2,3.0,4.0,0.0,0.0,0.0,0.0,0.00,sweeping:54
beir500k-f32,pos40_cat13,pos40,200600,acorn,128,1,54,0.9981,0.9815,0.00000,1.312,1.800,3.337,1.422,2816.4,0.0,412.9,152.5,6.0,6.0,0.0,0.0,0.0,0.0,0.00,sweeping:54
beir500k-f32,pos40_cat13,pos40,200600,acorn,128,2,54,0.9981,0.9815,0.00000,1.273,1.856,3.326,1.420,2816.4,0.0,412.9,152.5,6.0,6.0,0.0,0.0,0.0,0.0,0.00,sweeping:54
beir500k-f32,pos40_cat13,pos40,200600,acorn,128,3,54,0.9981,0.9815,0.00000,1.280,1.936,3.293,1.405,2816.4,0.0,412.9,152.5,6.0,6.0,0.0,0.0,0.0,0.0,0.00,sweeping:54
beir500k-f32,pos40_cat13,pos40,200600,acorn,256,1,54,1.0000,1.0000,0.00000,2.215,3.541,5.564,2.463,4835.3,0.0,734.2,301.9,11.0,12.0,0.0,0.0,0.0,0.0,0.00,sweeping:54
beir500k-f32,pos40_cat13,pos40,200600,acorn,256,2,54,1.0000,1.0000,0.00000,2.390,3.595,6.009,2.577,4835.3,0.0,734.2,301.9,11.0,12.0,0.0,0.0,0.0,0.0,0.00,sweeping:54
beir500k-f32,pos40_cat13,pos40,200600,acorn,256,3,54,1.0000,1.0000,0.00000,2.255,3.597,5.474,2.447,4835.3,0.0,734.2,301.9,11.0,12.0,0.0,0.0,0.0,0.0,0.00,sweeping:54
beir500k-f32,pos40_cat13,pos40,200600,acorn,512,1,54,1.0000,1.0000,0.00000,4.233,6.470,9.158,4.440,8269.3,0.0,1355.1,602.1,23.0,26.0,0.0,0.0,0.0,0.0,0.00,sweeping:54
beir500k-f32,pos40_cat13,pos40,200600,acorn,512,2,54,1.0000,1.0000,0.00000,4.162,6.196,9.237,4.390,8269.3,0.0,1355.1,602.1,23.0,26.0,0.0,0.0,0.0,0.0,0.00,sweeping:54
beir500k-f32,pos40_cat13,pos40,200600,acorn,512,3,54,1.0000,1.0000,0.00000,4.085,6.328,9.266,4.345,8269.3,0.0,1355.1,602.1,23.0,26.0,0.0,0.0,0.0,0.0,0.00,sweeping:54
beir500k-f32,pos40_cat13,pos40,200600,pathseer,64,1,54,0.9907,0.9074,0.00011,0.760,1.085,1.241,0.787,1454.7,0.0,517.9,71.7,2.0,2.0,72.3,53.4,95.5,1.1,0.00,pathseer:54
beir500k-f32,pos40_cat13,pos40,200600,pathseer,64,2,54,0.9907,0.9074,0.00011,0.725,0.988,1.085,0.743,1454.7,0.0,517.9,71.7,2.0,2.0,72.3,53.4,95.5,1.1,0.00,pathseer:54
beir500k-f32,pos40_cat13,pos40,200600,pathseer,64,3,54,0.9907,0.9074,0.00011,0.722,0.933,0.996,0.734,1454.7,0.0,517.9,71.7,2.0,2.0,72.3,53.4,95.5,1.1,0.00,pathseer:54
beir500k-f32,pos40_cat13,pos40,200600,pathseer,128,1,54,0.9963,0.9630,0.00002,1.263,1.646,1.706,1.292,2524.6,0.0,936.7,140.7,3.0,3.0,138.7,98.3,169.6,2.2,0.00,pathseer:54
beir500k-f32,pos40_cat13,pos40,200600,pathseer,128,2,54,0.9963,0.9630,0.00002,1.274,1.690,1.825,1.292,2524.6,0.0,936.7,140.7,3.0,3.0,138.7,98.3,169.6,2.2,0.00,pathseer:54
beir500k-f32,pos40_cat13,pos40,200600,pathseer,128,3,54,0.9963,0.9630,0.00002,1.284,1.638,1.689,1.283,2524.6,0.0,936.7,140.7,3.0,3.0,138.7,98.3,169.6,2.2,0.00,pathseer:54
beir500k-f32,pos40_cat13,pos40,200600,pathseer,256,1,54,1.0000,1.0000,0.00000,2.246,3.048,3.146,2.281,4291.0,0.0,1720.5,279.5,5.0,5.0,251.3,177.0,322.5,3.9,0.00,pathseer:54
beir500k-f32,pos40_cat13,pos40,200600,pathseer,256,2,54,1.0000,1.0000,0.00000,2.242,2.990,3.078,2.259,4291.0,0.0,1720.5,279.5,5.0,5.0,251.3,177.0,322.5,3.9,0.00,pathseer:54
beir500k-f32,pos40_cat13,pos40,200600,pathseer,256,3,54,1.0000,1.0000,0.00000,2.284,3.166,3.372,2.358,4291.0,0.0,1720.5,279.5,5.0,5.0,251.3,177.0,322.5,3.9,0.00,pathseer:54
beir500k-f32,pos40_cat13,pos40,200600,pathseer,512,1,54,1.0000,1.0000,0.00000,3.956,5.440,6.072,4.040,7234.3,0.0,3237.7,559.4,9.0,9.0,497.8,336.5,631.3,7.8,0.00,pathseer:54
beir500k-f32,pos40_cat13,pos40,200600,pathseer,512,2,54,1.0000,1.0000,0.00000,3.948,5.158,5.756,3.949,7234.3,0.0,3237.7,559.4,9.0,9.0,497.8,336.5,631.3,7.8,0.00,pathseer:54
beir500k-f32,pos40_cat13,pos40,200600,pathseer,512,3,54,1.0000,1.0000,0.00000,3.965,5.392,5.984,3.988,7234.3,0.0,3237.7,559.4,9.0,9.0,497.8,336.5,631.3,7.8,0.00,pathseer:54
beir500k-f32,pos40_cat14,pos40,225031,sweeping,64,1,6,1.0000,1.0000,0.00000,0.533,0.683,0.683,0.532,1379.5,0.0,208.3,72.8,4.0,4.0,0.0,0.0,0.0,0.0,0.00,sweeping:6
beir500k-f32,pos40_cat14,pos40,225031,sweeping,64,2,6,1.0000,1.0000,0.00000,0.546,0.721,0.721,0.524,1379.5,0.0,208.3,72.8,4.0,4.0,0.0,0.0,0.0,0.0,0.00,sweeping:6
beir500k-f32,pos40_cat14,pos40,225031,sweeping,64,3,6,1.0000,1.0000,0.00000,0.521,0.690,0.690,0.511,1379.5,0.0,208.3,72.8,4.0,4.0,0.0,0.0,0.0,0.0,0.00,sweeping:6
beir500k-f32,pos40_cat14,pos40,225031,sweeping,128,1,6,1.0000,1.0000,0.00000,1.103,1.535,1.535,1.094,2353.5,0.0,355.7,143.5,7.0,8.0,0.0,0.0,0.0,0.0,0.00,sweeping:6
beir500k-f32,pos40_cat14,pos40,225031,sweeping,128,2,6,1.0000,1.0000,0.00000,1.107,1.442,1.442,1.011,2353.5,0.0,355.7,143.5,7.0,8.0,0.0,0.0,0.0,0.0,0.00,sweeping:6
beir500k-f32,pos40_cat14,pos40,225031,sweeping,128,3,6,1.0000,1.0000,0.00000,1.090,1.533,1.533,1.076,2353.5,0.0,355.7,143.5,7.0,8.0,0.0,0.0,0.0,0.0,0.00,sweeping:6
beir500k-f32,pos40_cat14,pos40,225031,sweeping,256,1,6,1.0000,1.0000,0.00000,1.937,3.111,3.111,1.973,3965.5,0.0,652.0,287.2,12.0,13.0,0.0,0.0,0.0,0.0,0.00,sweeping:6
beir500k-f32,pos40_cat14,pos40,225031,sweeping,256,2,6,1.0000,1.0000,0.00000,1.982,3.092,3.092,1.949,3965.5,0.0,652.0,287.2,12.0,13.0,0.0,0.0,0.0,0.0,0.00,sweeping:6
beir500k-f32,pos40_cat14,pos40,225031,sweeping,256,3,6,1.0000,1.0000,0.00000,1.975,2.922,2.922,1.953,3965.5,0.0,652.0,287.2,12.0,13.0,0.0,0.0,0.0,0.0,0.00,sweeping:6
beir500k-f32,pos40_cat14,pos40,225031,sweeping,512,1,6,1.0000,1.0000,0.00000,3.598,5.369,5.369,3.440,6582.5,0.0,1220.3,576.8,22.0,29.0,0.0,0.0,0.0,0.0,0.00,sweeping:6
beir500k-f32,pos40_cat14,pos40,225031,sweeping,512,2,6,1.0000,1.0000,0.00000,3.511,5.320,5.320,3.347,6582.5,0.0,1220.3,576.8,22.0,29.0,0.0,0.0,0.0,0.0,0.00,sweeping:6
beir500k-f32,pos40_cat14,pos40,225031,sweeping,512,3,6,1.0000,1.0000,0.00000,3.608,5.282,5.282,3.369,6582.5,0.0,1220.3,576.8,22.0,29.0,0.0,0.0,0.0,0.0,0.00,sweeping:6
beir500k-f32,pos40_cat14,pos40,225031,acorn,64,1,6,1.0000,1.0000,0.00000,0.540,0.656,0.656,0.499,1379.5,0.0,208.3,72.8,4.0,4.0,0.0,0.0,0.0,0.0,0.00,sweeping:6
beir500k-f32,pos40_cat14,pos40,225031,acorn,64,2,6,1.0000,1.0000,0.00000,0.512,0.658,0.658,0.491,1379.5,0.0,208.3,72.8,4.0,4.0,0.0,0.0,0.0,0.0,0.00,sweeping:6
beir500k-f32,pos40_cat14,pos40,225031,acorn,64,3,6,1.0000,1.0000,0.00000,0.515,0.672,0.672,0.494,1379.5,0.0,208.3,72.8,4.0,4.0,0.0,0.0,0.0,0.0,0.00,sweeping:6
beir500k-f32,pos40_cat14,pos40,225031,acorn,128,1,6,1.0000,1.0000,0.00000,1.124,1.613,1.613,1.065,2353.5,0.0,355.7,143.5,7.0,8.0,0.0,0.0,0.0,0.0,0.00,sweeping:6
beir500k-f32,pos40_cat14,pos40,225031,acorn,128,2,6,1.0000,1.0000,0.00000,1.077,1.355,1.355,0.973,2353.5,0.0,355.7,143.5,7.0,8.0,0.0,0.0,0.0,0.0,0.00,sweeping:6
beir500k-f32,pos40_cat14,pos40,225031,acorn,128,3,6,1.0000,1.0000,0.00000,1.122,1.627,1.627,1.080,2353.5,0.0,355.7,143.5,7.0,8.0,0.0,0.0,0.0,0.0,0.00,sweeping:6
beir500k-f32,pos40_cat14,pos40,225031,acorn,256,1,6,1.0000,1.0000,0.00000,2.020,3.078,3.078,1.953,3965.5,0.0,652.0,287.2,12.0,13.0,0.0,0.0,0.0,0.0,0.00,sweeping:6
beir500k-f32,pos40_cat14,pos40,225031,acorn,256,2,6,1.0000,1.0000,0.00000,1.957,2.919,2.919,1.940,3965.5,0.0,652.0,287.2,12.0,13.0,0.0,0.0,0.0,0.0,0.00,sweeping:6
beir500k-f32,pos40_cat14,pos40,225031,acorn,256,3,6,1.0000,1.0000,0.00000,2.199,2.889,2.889,1.967,3965.5,0.0,652.0,287.2,12.0,13.0,0.0,0.0,0.0,0.0,0.00,sweeping:6
beir500k-f32,pos40_cat14,pos40,225031,acorn,512,1,6,1.0000,1.0000,0.00000,3.546,5.311,5.311,3.351,6582.5,0.0,1220.3,576.8,22.0,29.0,0.0,0.0,0.0,0.0,0.00,sweeping:6
beir500k-f32,pos40_cat14,pos40,225031,acorn,512,2,6,1.0000,1.0000,0.00000,3.477,5.285,5.285,3.340,6582.5,0.0,1220.3,576.8,22.0,29.0,0.0,0.0,0.0,0.0,0.00,sweeping:6
beir500k-f32,pos40_cat14,pos40,225031,acorn,512,3,6,1.0000,1.0000,0.00000,3.572,5.268,5.268,3.365,6582.5,0.0,1220.3,576.8,22.0,29.0,0.0,0.0,0.0,0.0,0.00,sweeping:6
beir500k-f32,pos40_cat14,pos40,225031,pathseer,64,1,6,1.0000,1.0000,0.00000,0.564,0.655,0.655,0.534,1312.2,0.0,495.3,70.7,2.0,2.0,74.7,50.0,69.5,1.2,0.00,pathseer:6
beir500k-f32,pos40_cat14,pos40,225031,pathseer,64,2,6,1.0000,1.0000,0.00000,0.495,0.542,0.542,0.473,1312.2,0.0,495.3,70.7,2.0,2.0,74.7,50.0,69.5,1.2,0.00,pathseer:6
beir500k-f32,pos40_cat14,pos40,225031,pathseer,64,3,6,1.0000,1.0000,0.00000,0.474,0.540,0.540,0.468,1312.2,0.0,495.3,70.7,2.0,2.0,74.7,50.0,69.5,1.2,0.00,pathseer:6
beir500k-f32,pos40_cat14,pos40,225031,pathseer,128,1,6,1.0000,1.0000,0.00000,1.022,1.183,1.183,0.986,2226.7,0.0,879.0,139.0,3.0,3.0,138.7,100.0,123.7,2.2,0.00,pathseer:6
beir500k-f32,pos40_cat14,pos40,225031,pathseer,128,2,6,1.0000,1.0000,0.00000,0.988,1.198,1.198,0.986,2226.7,0.0,879.0,139.0,3.0,3.0,138.7,100.0,123.7,2.2,0.00,pathseer:6
beir500k-f32,pos40_cat14,pos40,225031,pathseer,128,3,6,1.0000,1.0000,0.00000,1.076,1.283,1.283,1.031,2226.7,0.0,879.0,139.0,3.0,3.0,138.7,100.0,123.7,2.2,0.00,pathseer:6
beir500k-f32,pos40_cat14,pos40,225031,pathseer,256,1,6,1.0000,1.0000,0.00000,1.817,2.257,2.257,1.800,3687.8,0.0,1554.7,274.7,5.0,5.0,256.0,180.8,204.7,4.0,0.00,pathseer:6
beir500k-f32,pos40_cat14,pos40,225031,pathseer,256,2,6,1.0000,1.0000,0.00000,1.760,2.438,2.438,1.834,3687.8,0.0,1554.7,274.7,5.0,5.0,256.0,180.8,204.7,4.0,0.00,pathseer:6
beir500k-f32,pos40_cat14,pos40,225031,pathseer,256,3,6,1.0000,1.0000,0.00000,1.945,2.294,2.294,1.842,3687.8,0.0,1554.7,274.7,5.0,5.0,256.0,180.8,204.7,4.0,0.00,pathseer:6
beir500k-f32,pos40_cat14,pos40,225031,pathseer,512,1,6,1.0000,1.0000,0.00000,3.217,4.131,4.131,3.163,5975.3,0.0,2966.7,552.0,9.0,9.0,522.7,367.8,419.7,8.2,0.00,pathseer:6
beir500k-f32,pos40_cat14,pos40,225031,pathseer,512,2,6,1.0000,1.0000,0.00000,3.463,4.473,4.473,3.284,5975.3,0.0,2966.7,552.0,9.0,9.0,522.7,367.8,419.7,8.2,0.00,pathseer:6
beir500k-f32,pos40_cat14,pos40,225031,pathseer,512,3,6,1.0000,1.0000,0.00000,3.311,4.476,4.476,3.340,5975.3,0.0,2966.7,552.0,9.0,9.0,522.7,367.8,419.7,8.2,0.00,pathseer:6
beir500k-f32,pos40_cat15,pos40,200325,sweeping,64,1,84,0.9881,0.9167,0.00033,0.842,2.060,3.081,1.145,2129.0,0.0,365.4,126.8,4.0,5.0,0.0,0.0,0.0,0.0,0.00,sweeping:84
beir500k-f32,pos40_cat15,pos40,200325,sweeping,64,2,84,0.9881,0.9167,0.00033,0.831,2.029,3.128,1.120,2129.0,0.0,365.4,126.8,4.0,5.0,0.0,0.0,0.0,0.0,0.00,sweeping:84
beir500k-f32,pos40_cat15,pos40,200325,sweeping,64,3,84,0.9881,0.9167,0.00033,0.842,2.194,3.106,1.131,2129.0,0.0,365.4,126.8,4.0,5.0,0.0,0.0,0.0,0.0,0.00,sweeping:84
beir500k-f32,pos40_cat15,pos40,200325,sweeping,128,1,84,0.9988,0.9881,0.00001,1.612,4.343,5.046,2.120,3897.6,0.0,648.2,259.2,6.0,9.0,0.0,0.0,0.0,0.0,0.00,sweeping:84
beir500k-f32,pos40_cat15,pos40,200325,sweeping,128,2,84,0.9988,0.9881,0.00001,1.629,4.176,5.118,2.075,3897.6,0.0,648.2,259.2,6.0,9.0,0.0,0.0,0.0,0.0,0.00,sweeping:84
beir500k-f32,pos40_cat15,pos40,200325,sweeping,128,3,84,0.9988,0.9881,0.00001,1.654,4.440,5.024,2.112,3897.6,0.0,648.2,259.2,6.0,9.0,0.0,0.0,0.0,0.0,0.00,sweeping:84
beir500k-f32,pos40_cat15,pos40,200325,sweeping,256,1,84,1.0000,1.0000,0.00000,3.063,7.925,10.516,3.925,7314.2,0.0,1216.8,530.3,12.0,18.0,0.0,0.0,0.0,0.0,0.00,sweeping:84
beir500k-f32,pos40_cat15,pos40,200325,sweeping,256,2,84,1.0000,1.0000,0.00000,3.300,8.177,11.497,3.997,7314.2,0.0,1216.8,530.3,12.0,18.0,0.0,0.0,0.0,0.0,0.00,sweeping:84
beir500k-f32,pos40_cat15,pos40,200325,sweeping,256,3,84,1.0000,1.0000,0.00000,3.095,8.438,10.522,3.926,7314.2,0.0,1216.8,530.3,12.0,18.0,0.0,0.0,0.0,0.0,0.00,sweeping:84
beir500k-f32,pos40_cat15,pos40,200325,sweeping,512,1,84,1.0000,1.0000,0.00000,6.433,14.242,25.053,7.542,13799.6,0.0,2365.5,1109.8,25.0,41.0,0.0,0.0,0.0,0.0,0.00,sweeping:84
beir500k-f32,pos40_cat15,pos40,200325,sweeping,512,2,84,1.0000,1.0000,0.00000,6.270,14.501,23.579,7.474,13799.6,0.0,2365.5,1109.8,25.0,41.0,0.0,0.0,0.0,0.0,0.00,sweeping:84
beir500k-f32,pos40_cat15,pos40,200325,sweeping,512,3,84,1.0000,1.0000,0.00000,6.273,14.426,23.438,7.466,13799.6,0.0,2365.5,1109.8,25.0,41.0,0.0,0.0,0.0,0.0,0.00,sweeping:84
beir500k-f32,pos40_cat15,pos40,200325,acorn,64,1,84,0.9881,0.9167,0.00033,0.860,2.065,3.250,1.146,2129.0,0.0,365.4,126.8,4.0,5.0,0.0,0.0,0.0,0.0,0.00,sweeping:84
beir500k-f32,pos40_cat15,pos40,200325,acorn,64,2,84,0.9881,0.9167,0.00033,0.866,2.192,3.095,1.158,2129.0,0.0,365.4,126.8,4.0,5.0,0.0,0.0,0.0,0.0,0.00,sweeping:84
beir500k-f32,pos40_cat15,pos40,200325,acorn,64,3,84,0.9881,0.9167,0.00033,0.867,2.116,3.040,1.158,2129.0,0.0,365.4,126.8,4.0,5.0,0.0,0.0,0.0,0.0,0.00,sweeping:84
beir500k-f32,pos40_cat15,pos40,200325,acorn,128,1,84,0.9988,0.9881,0.00001,1.595,4.160,5.077,2.032,3897.6,0.0,648.2,259.2,6.0,9.0,0.0,0.0,0.0,0.0,0.00,sweeping:84
beir500k-f32,pos40_cat15,pos40,200325,acorn,128,2,84,0.9988,0.9881,0.00001,1.640,4.263,5.248,2.100,3897.6,0.0,648.2,259.2,6.0,9.0,0.0,0.0,0.0,0.0,0.00,sweeping:84
beir500k-f32,pos40_cat15,pos40,200325,acorn,128,3,84,0.9988,0.9881,0.00001,1.596,4.201,5.077,2.103,3897.6,0.0,648.2,259.2,6.0,9.0,0.0,0.0,0.0,0.0,0.00,sweeping:84
beir500k-f32,pos40_cat15,pos40,200325,acorn,256,1,84,1.0000,1.0000,0.00000,3.140,8.138,10.482,3.880,7314.2,0.0,1216.8,530.3,12.0,18.0,0.0,0.0,0.0,0.0,0.00,sweeping:84
beir500k-f32,pos40_cat15,pos40,200325,acorn,256,2,84,1.0000,1.0000,0.00000,3.215,8.092,10.535,3.919,7314.2,0.0,1216.8,530.3,12.0,18.0,0.0,0.0,0.0,0.0,0.00,sweeping:84
beir500k-f32,pos40_cat15,pos40,200325,acorn,256,3,84,1.0000,1.0000,0.00000,3.243,8.048,10.968,3.905,7314.2,0.0,1216.8,530.3,12.0,18.0,0.0,0.0,0.0,0.0,0.00,sweeping:84
beir500k-f32,pos40_cat15,pos40,200325,acorn,512,1,84,1.0000,1.0000,0.00000,6.379,14.365,23.312,7.497,13799.6,0.0,2365.5,1109.8,25.0,41.0,0.0,0.0,0.0,0.0,0.00,sweeping:84
beir500k-f32,pos40_cat15,pos40,200325,acorn,512,2,84,1.0000,1.0000,0.00000,6.369,14.687,23.773,7.548,13799.6,0.0,2365.5,1109.8,25.0,41.0,0.0,0.0,0.0,0.0,0.00,sweeping:84
beir500k-f32,pos40_cat15,pos40,200325,acorn,512,3,84,1.0000,1.0000,0.00000,6.284,14.528,23.561,7.449,13799.6,0.0,2365.5,1109.8,25.0,41.0,0.0,0.0,0.0,0.0,0.00,sweeping:84
beir500k-f32,pos40_cat15,pos40,200325,pathseer,64,1,84,0.9857,0.8929,0.00036,0.754,1.032,1.237,0.762,1389.5,0.0,853.4,87.2,2.0,3.0,104.4,46.6,321.7,1.6,0.00,pathseer:84
beir500k-f32,pos40_cat15,pos40,200325,pathseer,64,2,84,0.9857,0.8929,0.00036,0.745,1.012,1.137,0.755,1389.5,0.0,853.4,87.2,2.0,3.0,104.4,46.6,321.7,1.6,0.00,pathseer:84
beir500k-f32,pos40_cat15,pos40,200325,pathseer,64,3,84,0.9857,0.8929,0.00036,0.745,1.099,1.152,0.756,1389.5,0.0,853.4,87.2,2.0,3.0,104.4,46.6,321.7,1.6,0.00,pathseer:84
beir500k-f32,pos40_cat15,pos40,200325,pathseer,128,1,84,0.9976,0.9762,0.00003,1.314,1.817,1.956,1.324,2476.8,0.0,1571.4,172.7,4.0,4.0,178.3,83.0,627.5,2.8,0.00,pathseer:84
beir500k-f32,pos40_cat15,pos40,200325,pathseer,128,2,84,0.9976,0.9762,0.00003,1.338,1.839,1.925,1.350,2476.8,0.0,1571.4,172.7,4.0,4.0,178.3,83.0,627.5,2.8,0.00,pathseer:84
beir500k-f32,pos40_cat15,pos40,200325,pathseer,128,3,84,0.9976,0.9762,0.00003,1.311,1.850,1.927,1.326,2476.8,0.0,1571.4,172.7,4.0,4.0,178.3,83.0,627.5,2.8,0.00,pathseer:84
beir500k-f32,pos40_cat15,pos40,200325,pathseer,256,1,84,0.9988,0.9881,0.00002,2.544,3.668,3.876,2.565,4486.6,0.0,3045.9,352.9,6.0,6.0,333.0,161.4,1268.7,5.2,0.00,pathseer:84
beir500k-f32,pos40_cat15,pos40,200325,pathseer,256,2,84,0.9988,0.9881,0.00002,2.477,3.450,4.126,2.524,4486.6,0.0,3045.9,352.9,6.0,6.0,333.0,161.4,1268.7,5.2,0.00,pathseer:84
beir500k-f32,pos40_cat15,pos40,200325,pathseer,256,3,84,0.9988,0.9881,0.00002,2.427,3.404,3.770,2.465,4486.6,0.0,3045.9,352.9,6.0,6.0,333.0,161.4,1268.7,5.2,0.00,pathseer:84
beir500k-f32,pos40_cat15,pos40,200325,pathseer,512,1,84,1.0000,1.0000,0.00000,4.581,6.190,7.103,4.679,8065.0,0.0,6052.8,730.6,11.0,13.0,672.0,311.3,2586.2,10.5,0.00,pathseer:84
beir500k-f32,pos40_cat15,pos40,200325,pathseer,512,2,84,1.0000,1.0000,0.00000,4.531,6.120,7.241,4.635,8065.0,0.0,6052.8,730.6,11.0,13.0,672.0,311.3,2586.2,10.5,0.00,pathseer:84
beir500k-f32,pos40_cat15,pos40,200325,pathseer,512,3,84,1.0000,1.0000,0.00000,4.636,6.390,7.226,4.744,8065.0,0.0,6052.8,730.6,11.0,13.0,672.0,311.3,2586.2,10.5,0.00,pathseer:84
beir500k-f32,pos40_cat16,pos40,219781,sweeping,64,1,42,0.9976,0.9762,0.00000,0.528,0.708,0.802,0.530,985.9,0.0,185.1,68.0,4.0,4.0,0.0,0.0,0.0,0.0,0.00,sweeping:42
beir500k-f32,pos40_cat16,pos40,219781,sweeping,64,2,42,0.9976,0.9762,0.00000,0.504,0.653,0.692,0.498,985.9,0.0,185.1,68.0,4.0,4.0,0.0,0.0,0.0,0.0,0.00,sweeping:42
beir500k-f32,pos40_cat16,pos40,219781,sweeping,64,3,42,0.9976,0.9762,0.00000,0.503,0.624,0.678,0.493,985.9,0.0,185.1,68.0,4.0,4.0,0.0,0.0,0.0,0.0,0.00,sweeping:42
beir500k-f32,pos40_cat16,pos40,219781,sweeping,128,1,42,1.0000,1.0000,0.00000,0.911,1.224,1.404,0.901,1690.1,0.0,315.4,134.3,8.0,8.0,0.0,0.0,0.0,0.0,0.00,sweeping:42
beir500k-f32,pos40_cat16,pos40,219781,sweeping,128,2,42,1.0000,1.0000,0.00000,0.940,1.153,1.425,0.909,1690.1,0.0,315.4,134.3,8.0,8.0,0.0,0.0,0.0,0.0,0.00,sweeping:42
beir500k-f32,pos40_cat16,pos40,219781,sweeping,128,3,42,1.0000,1.0000,0.00000,0.892,1.117,1.345,0.871,1690.1,0.0,315.4,134.3,8.0,8.0,0.0,0.0,0.0,0.0,0.00,sweeping:42
beir500k-f32,pos40_cat16,pos40,219781,sweeping,256,1,42,0.9976,0.9762,0.00000,1.529,2.065,2.377,1.520,2914.6,0.0,565.3,267.5,15.0,16.0,0.0,0.0,0.0,0.0,0.00,sweeping:42
beir500k-f32,pos40_cat16,pos40,219781,sweeping,256,2,42,0.9976,0.9762,0.00000,1.492,2.013,2.276,1.519,2914.6,0.0,565.3,267.5,15.0,16.0,0.0,0.0,0.0,0.0,0.00,sweeping:42
beir500k-f32,pos40_cat16,pos40,219781,sweeping,256,3,42,0.9976,0.9762,0.00000,1.496,1.995,2.276,1.490,2914.6,0.0,565.3,267.5,15.0,16.0,0.0,0.0,0.0,0.0,0.00,sweeping:42
beir500k-f32,pos40_cat16,pos40,219781,sweeping,512,1,42,0.9976,0.9762,0.00000,2.728,3.715,4.469,2.798,5164.6,0.0,1072.1,543.6,35.0,34.0,0.0,0.0,0.0,0.0,0.00,sweeping:42
beir500k-f32,pos40_cat16,pos40,219781,sweeping,512,2,42,0.9976,0.9762,0.00000,2.741,3.610,4.493,2.776,5164.6,0.0,1072.1,543.6,35.0,34.0,0.0,0.0,0.0,0.0,0.00,sweeping:42
beir500k-f32,pos40_cat16,pos40,219781,sweeping,512,3,42,0.9976,0.9762,0.00000,2.917,3.687,4.735,2.924,5164.6,0.0,1072.1,543.6,35.0,34.0,0.0,0.0,0.0,0.0,0.00,sweeping:42
beir500k-f32,pos40_cat16,pos40,219781,acorn,64,1,42,0.9976,0.9762,0.00000,0.513,0.675,0.712,0.506,985.9,0.0,185.1,68.0,4.0,4.0,0.0,0.0,0.0,0.0,0.00,sweeping:42
beir500k-f32,pos40_cat16,pos40,219781,acorn,64,2,42,0.9976,0.9762,0.00000,0.517,0.699,0.720,0.510,985.9,0.0,185.1,68.0,4.0,4.0,0.0,0.0,0.0,0.0,0.00,sweeping:42
beir500k-f32,pos40_cat16,pos40,219781,acorn,64,3,42,0.9976,0.9762,0.00000,0.580,0.708,0.774,0.555,985.9,0.0,185.1,68.0,4.0,4.0,0.0,0.0,0.0,0.0,0.00,sweeping:42
beir500k-f32,pos40_cat16,pos40,219781,acorn,128,1,42,1.0000,1.0000,0.00000,0.943,1.286,1.532,0.947,1690.1,0.0,315.4,134.3,8.0,8.0,0.0,0.0,0.0,0.0,0.00,sweeping:42
beir500k-f32,pos40_cat16,pos40,219781,acorn,128,2,42,1.0000,1.0000,0.00000,0.904,1.187,1.439,0.907,1690.1,0.0,315.4,134.3,8.0,8.0,0.0,0.0,0.0,0.0,0.00,sweeping:42
beir500k-f32,pos40_cat16,pos40,219781,acorn,128,3,42,1.0000,1.0000,0.00000,0.917,1.232,1.415,0.924,1690.1,0.0,315.4,134.3,8.0,8.0,0.0,0.0,0.0,0.0,0.00,sweeping:42
beir500k-f32,pos40_cat16,pos40,219781,acorn,256,1,42,0.9976,0.9762,0.00000,1.535,2.225,2.704,1.559,2914.6,0.0,565.3,267.5,15.0,16.0,0.0,0.0,0.0,0.0,0.00,sweeping:42
beir500k-f32,pos40_cat16,pos40,219781,acorn,256,2,42,0.9976,0.9762,0.00000,1.548,2.116,2.272,1.551,2914.6,0.0,565.3,267.5,15.0,16.0,0.0,0.0,0.0,0.0,0.00,sweeping:42
beir500k-f32,pos40_cat16,pos40,219781,acorn,256,3,42,0.9976,0.9762,0.00000,1.515,2.040,2.350,1.511,2914.6,0.0,565.3,267.5,15.0,16.0,0.0,0.0,0.0,0.0,0.00,sweeping:42
beir500k-f32,pos40_cat16,pos40,219781,acorn,512,1,42,0.9976,0.9762,0.00000,2.684,3.585,4.617,2.760,5164.6,0.0,1072.1,543.6,35.0,34.0,0.0,0.0,0.0,0.0,0.00,sweeping:42
beir500k-f32,pos40_cat16,pos40,219781,acorn,512,2,42,0.9976,0.9762,0.00000,2.735,3.634,4.481,2.764,5164.6,0.0,1072.1,543.6,35.0,34.0,0.0,0.0,0.0,0.0,0.00,sweeping:42
beir500k-f32,pos40_cat16,pos40,219781,acorn,512,3,42,0.9976,0.9762,0.00000,2.890,3.981,4.446,2.949,5164.6,0.0,1072.1,543.6,35.0,34.0,0.0,0.0,0.0,0.0,0.00,sweeping:42
beir500k-f32,pos40_cat16,pos40,219781,pathseer,64,1,42,0.9976,0.9762,0.00000,0.542,0.665,0.843,0.518,1017.5,0.0,387.2,68.2,2.0,2.0,71.6,57.9,20.0,1.1,0.00,pathseer:42
beir500k-f32,pos40_cat16,pos40,219781,pathseer,64,2,42,0.9976,0.9762,0.00000,0.528,0.659,0.957,0.521,1017.5,0.0,387.2,68.2,2.0,2.0,71.6,57.9,20.0,1.1,0.00,pathseer:42
beir500k-f32,pos40_cat16,pos40,219781,pathseer,64,3,42,0.9976,0.9762,0.00000,0.544,0.647,0.839,0.520,1017.5,0.0,387.2,68.2,2.0,2.0,71.6,57.9,20.0,1.1,0.00,pathseer:42
beir500k-f32,pos40_cat16,pos40,219781,pathseer,128,1,42,1.0000,1.0000,0.00000,0.898,1.099,1.164,0.869,1717.1,0.0,699.8,133.4,3.0,3.0,137.1,107.8,39.3,2.1,0.00,pathseer:42
beir500k-f32,pos40_cat16,pos40,219781,pathseer,128,2,42,1.0000,1.0000,0.00000,0.910,1.088,1.157,0.874,1717.1,0.0,699.8,133.4,3.0,3.0,137.1,107.8,39.3,2.1,0.00,pathseer:42
beir500k-f32,pos40_cat16,pos40,219781,pathseer,128,3,42,1.0000,1.0000,0.00000,0.912,1.108,1.174,0.878,1717.1,0.0,699.8,133.4,3.0,3.0,137.1,107.8,39.3,2.1,0.00,pathseer:42
beir500k-f32,pos40_cat16,pos40,219781,pathseer,256,1,42,0.9976,0.9762,0.00000,1.570,1.860,2.006,1.512,2912.0,0.0,1287.9,264.6,5.0,5.0,259.0,198.3,78.7,4.0,0.00,pathseer:42
beir500k-f32,pos40_cat16,pos40,219781,pathseer,256,2,42,0.9976,0.9762,0.00000,1.605,1.884,2.057,1.524,2912.0,0.0,1287.9,264.6,5.0,5.0,259.0,198.3,78.7,4.0,0.00,pathseer:42
beir500k-f32,pos40_cat16,pos40,219781,pathseer,256,3,42,0.9976,0.9762,0.00000,1.598,1.895,2.077,1.543,2912.0,0.0,1287.9,264.6,5.0,5.0,259.0,198.3,78.7,4.0,0.00,pathseer:42
beir500k-f32,pos40_cat16,pos40,219781,pathseer,512,1,42,0.9976,0.9762,0.00000,2.844,3.327,3.495,2.711,4973.9,0.0,2478.5,530.9,9.0,9.0,528.5,383.6,195.3,8.3,0.00,pathseer:42
beir500k-f32,pos40_cat16,pos40,219781,pathseer,512,2,42,0.9976,0.9762,0.00000,2.755,3.343,3.424,2.708,4973.9,0.0,2478.5,530.9,9.0,9.0,528.5,383.6,195.3,8.3,0.00,pathseer:42
beir500k-f32,pos40_cat16,pos40,219781,pathseer,512,3,42,0.9976,0.9762,0.00000,2.811,3.330,3.494,2.712,4973.9,0.0,2478.5,530.9,9.0,9.0,528.5,383.6,195.3,8.3,0.00,pathseer:42
beir500k-f32,pos40_cat17,pos40,228068,sweeping,64,1,45,0.9889,0.9556,0.00031,0.762,4.695,7.052,1.221,2402.7,0.0,384.8,148.1,3.0,4.0,0.0,0.0,0.0,0.0,0.00,sweeping:45
beir500k-f32,pos40_cat17,pos40,228068,sweeping,64,2,45,0.9889,0.9556,0.00031,0.800,4.636,6.993,1.232,2402.7,0.0,384.8,148.1,3.0,4.0,0.0,0.0,0.0,0.0,0.00,sweeping:45
beir500k-f32,pos40_cat17,pos40,228068,sweeping,64,3,45,0.9889,0.9556,0.00031,0.787,4.721,7.327,1.253,2402.7,0.0,384.8,148.1,3.0,4.0,0.0,0.0,0.0,0.0,0.00,sweeping:45
beir500k-f32,pos40_cat17,pos40,228068,sweeping,128,1,45,0.9933,0.9556,0.00017,1.377,7.157,9.958,2.173,4266.8,0.0,683.6,301.3,6.0,9.0,0.0,0.0,0.0,0.0,0.00,sweeping:45
beir500k-f32,pos40_cat17,pos40,228068,sweeping,128,2,45,0.9933,0.9556,0.00017,1.411,7.161,9.994,2.188,4266.8,0.0,683.6,301.3,6.0,9.0,0.0,0.0,0.0,0.0,0.00,sweeping:45
beir500k-f32,pos40_cat17,pos40,228068,sweeping,128,3,45,0.9933,0.9556,0.00017,1.378,7.157,9.959,2.170,4266.8,0.0,683.6,301.3,6.0,9.0,0.0,0.0,0.0,0.0,0.00,sweeping:45
beir500k-f32,pos40_cat17,pos40,228068,sweeping,256,1,45,0.9956,0.9778,0.00017,2.601,12.533,15.202,4.075,7570.6,0.0,1306.9,647.3,11.0,16.0,0.0,0.0,0.0,0.0,0.00,sweeping:45
beir500k-f32,pos40_cat17,pos40,228068,sweeping,256,2,45,0.9956,0.9778,0.00017,2.653,13.501,15.153,4.205,7570.6,0.0,1306.9,647.3,11.0,16.0,0.0,0.0,0.0,0.0,0.00,sweeping:45
beir500k-f32,pos40_cat17,pos40,228068,sweeping,256,3,45,0.9956,0.9778,0.00017,2.548,12.324,14.867,4.025,7570.6,0.0,1306.9,647.3,11.0,16.0,0.0,0.0,0.0,0.0,0.00,sweeping:45
beir500k-f32,pos40_cat17,pos40,228068,sweeping,512,1,45,1.0000,1.0000,0.00000,5.097,21.133,33.447,7.757,13221.1,0.0,2517.4,1320.0,23.0,33.0,0.0,0.0,0.0,0.0,0.00,sweeping:45
beir500k-f32,pos40_cat17,pos40,228068,sweeping,512,2,45,1.0000,1.0000,0.00000,5.187,19.421,22.318,7.349,13221.1,0.0,2517.4,1320.0,23.0,33.0,0.0,0.0,0.0,0.0,0.00,sweeping:45
beir500k-f32,pos40_cat17,pos40,228068,sweeping,512,3,45,1.0000,1.0000,0.00000,5.211,20.275,22.600,7.351,13221.1,0.0,2517.4,1320.0,23.0,33.0,0.0,0.0,0.0,0.0,0.00,sweeping:45
beir500k-f32,pos40_cat17,pos40,228068,acorn,64,1,45,0.9889,0.9556,0.00031,0.784,4.844,7.140,1.236,2402.7,0.0,384.8,148.1,3.0,4.0,0.0,0.0,0.0,0.0,0.00,sweeping:45
beir500k-f32,pos40_cat17,pos40,228068,acorn,64,2,45,0.9889,0.9556,0.00031,0.781,4.611,6.966,1.219,2402.7,0.0,384.8,148.1,3.0,4.0,0.0,0.0,0.0,0.0,0.00,sweeping:45
beir500k-f32,pos40_cat17,pos40,228068,acorn,64,3,45,0.9889,0.9556,0.00031,0.760,4.644,7.264,1.228,2402.7,0.0,384.8,148.1,3.0,4.0,0.0,0.0,0.0,0.0,0.00,sweeping:45
beir500k-f32,pos40_cat17,pos40,228068,acorn,128,1,45,0.9933,0.9556,0.00017,1.471,7.149,10.682,2.290,4266.8,0.0,683.6,301.3,6.0,9.0,0.0,0.0,0.0,0.0,0.00,sweeping:45
beir500k-f32,pos40_cat17,pos40,228068,acorn,128,2,45,0.9933,0.9556,0.00017,1.396,7.317,10.140,2.219,4266.8,0.0,683.6,301.3,6.0,9.0,0.0,0.0,0.0,0.0,0.00,sweeping:45
beir500k-f32,pos40_cat17,pos40,228068,acorn,128,3,45,0.9933,0.9556,0.00017,1.462,7.270,10.257,2.224,4266.8,0.0,683.6,301.3,6.0,9.0,0.0,0.0,0.0,0.0,0.00,sweeping:45
beir500k-f32,pos40_cat17,pos40,228068,acorn,256,1,45,0.9956,0.9778,0.00017,2.587,12.636,15.297,4.123,7570.6,0.0,1306.9,647.3,11.0,16.0,0.0,0.0,0.0,0.0,0.00,sweeping:45
beir500k-f32,pos40_cat17,pos40,228068,acorn,256,2,45,0.9956,0.9778,0.00017,2.540,12.468,14.975,4.065,7570.6,0.0,1306.9,647.3,11.0,16.0,0.0,0.0,0.0,0.0,0.00,sweeping:45
beir500k-f32,pos40_cat17,pos40,228068,acorn,256,3,45,0.9956,0.9778,0.00017,2.564,12.359,14.763,3.988,7570.6,0.0,1306.9,647.3,11.0,16.0,0.0,0.0,0.0,0.0,0.00,sweeping:45
beir500k-f32,pos40_cat17,pos40,228068,acorn,512,1,45,1.0000,1.0000,0.00000,5.273,20.008,23.082,7.402,13221.1,0.0,2517.4,1320.0,23.0,33.0,0.0,0.0,0.0,0.0,0.00,sweeping:45
beir500k-f32,pos40_cat17,pos40,228068,acorn,512,2,45,1.0000,1.0000,0.00000,5.189,19.814,22.521,7.307,13221.1,0.0,2517.4,1320.0,23.0,33.0,0.0,0.0,0.0,0.0,0.00,sweeping:45
beir500k-f32,pos40_cat17,pos40,228068,acorn,512,3,45,1.0000,1.0000,0.00000,5.292,20.516,22.306,7.375,13221.1,0.0,2517.4,1320.0,23.0,33.0,0.0,0.0,0.0,0.0,0.00,sweeping:45
beir500k-f32,pos40_cat17,pos40,228068,pathseer,64,1,45,0.9867,0.9556,0.00033,0.778,1.179,2.028,0.838,1502.8,0.0,1143.0,105.5,3.0,3.0,103.8,42.4,491.2,1.6,0.00,pathseer:45
beir500k-f32,pos40_cat17,pos40,228068,pathseer,64,2,45,0.9867,0.9556,0.00033,0.806,1.196,1.994,0.830,1502.8,0.0,1143.0,105.5,3.0,3.0,103.8,42.4,491.2,1.6,0.00,pathseer:45
beir500k-f32,pos40_cat17,pos40,228068,pathseer,64,3,45,0.9867,0.9556,0.00033,0.795,1.100,2.062,0.840,1502.8,0.0,1143.0,105.5,3.0,3.0,103.8,42.4,491.2,1.6,0.00,pathseer:45
beir500k-f32,pos40_cat17,pos40,228068,pathseer,128,1,45,0.9933,0.9556,0.00017,1.372,2.240,3.372,1.466,2610.2,0.0,2039.7,208.1,3.0,4.0,174.9,73.8,904.2,2.7,0.00,pathseer:45
beir500k-f32,pos40_cat17,pos40,228068,pathseer,128,2,45,0.9933,0.9556,0.00017,1.334,2.412,3.389,1.456,2610.2,0.0,2039.7,208.1,3.0,4.0,174.9,73.8,904.2,2.7,0.00,pathseer:45
beir500k-f32,pos40_cat17,pos40,228068,pathseer,128,3,45,0.9933,0.9556,0.00017,1.338,2.634,3.587,1.489,2610.2,0.0,2039.7,208.1,3.0,4.0,174.9,73.8,904.2,2.7,0.00,pathseer:45
beir500k-f32,pos40_cat17,pos40,228068,pathseer,256,1,45,0.9956,0.9778,0.00017,2.353,4.057,5.979,2.508,4539.1,0.0,3640.8,415.8,6.0,6.0,332.8,143.5,1589.5,5.2,0.00,pathseer:45
beir500k-f32,pos40_cat17,pos40,228068,pathseer,256,2,45,0.9956,0.9778,0.00017,2.374,4.210,6.271,2.534,4539.1,0.0,3640.8,415.8,6.0,6.0,332.8,143.5,1589.5,5.2,0.00,pathseer:45
beir500k-f32,pos40_cat17,pos40,228068,pathseer,256,3,45,0.9956,0.9778,0.00017,2.414,3.998,6.007,2.552,4539.1,0.0,3640.8,415.8,6.0,6.0,332.8,143.5,1589.5,5.2,0.00,pathseer:45
beir500k-f32,pos40_cat17,pos40,228068,pathseer,512,1,45,1.0000,1.0000,0.00000,4.320,7.994,10.375,4.663,7895.6,0.0,6693.6,837.2,10.0,13.0,667.0,284.9,2850.2,10.4,0.00,pathseer:45
beir500k-f32,pos40_cat17,pos40,228068,pathseer,512,2,45,1.0000,1.0000,0.00000,4.385,7.777,10.610,4.642,7895.6,0.0,6693.6,837.2,10.0,13.0,667.0,284.9,2850.2,10.4,0.00,pathseer:45
beir500k-f32,pos40_cat17,pos40,228068,pathseer,512,3,45,1.0000,1.0000,0.00000,4.170,7.742,10.141,4.508,7895.6,0.0,6693.6,837.2,10.0,13.0,667.0,284.9,2850.2,10.4,0.00,pathseer:45
beir500k-f32,pos40_cat18,pos40,201873,sweeping,64,1,10,1.0000,1.0000,0.00000,0.491,0.634,0.634,0.485,1258.4,0.0,201.3,66.8,4.0,4.0,0.0,0.0,0.0,0.0,0.00,sweeping:10
beir500k-f32,pos40_cat18,pos40,201873,sweeping,64,2,10,1.0000,1.0000,0.00000,0.480,0.632,0.632,0.475,1258.4,0.0,201.3,66.8,4.0,4.0,0.0,0.0,0.0,0.0,0.00,sweeping:10
beir500k-f32,pos40_cat18,pos40,201873,sweeping,64,3,10,1.0000,1.0000,0.00000,0.493,0.670,0.670,0.491,1258.4,0.0,201.3,66.8,4.0,4.0,0.0,0.0,0.0,0.0,0.00,sweeping:10
beir500k-f32,pos40_cat18,pos40,201873,sweeping,128,1,10,1.0000,1.0000,0.00000,0.956,1.403,1.403,0.972,2134.0,0.0,336.8,132.7,6.0,6.0,0.0,0.0,0.0,0.0,0.00,sweeping:10
beir500k-f32,pos40_cat18,pos40,201873,sweeping,128,2,10,1.0000,1.0000,0.00000,0.967,1.372,1.372,0.976,2134.0,0.0,336.8,132.7,6.0,6.0,0.0,0.0,0.0,0.0,0.00,sweeping:10
beir500k-f32,pos40_cat18,pos40,201873,sweeping,128,3,10,1.0000,1.0000,0.00000,0.984,1.410,1.410,1.019,2134.0,0.0,336.8,132.7,6.0,6.0,0.0,0.0,0.0,0.0,0.00,sweeping:10
beir500k-f32,pos40_cat18,pos40,201873,sweeping,256,1,10,1.0000,1.0000,0.00000,1.827,2.851,2.851,1.889,3540.6,0.0,594.1,265.9,11.0,11.0,0.0,0.0,0.0,0.0,0.00,sweeping:10
beir500k-f32,pos40_cat18,pos40,201873,sweeping,256,2,10,1.0000,1.0000,0.00000,1.821,2.603,2.603,1.859,3540.6,0.0,594.1,265.9,11.0,11.0,0.0,0.0,0.0,0.0,0.00,sweeping:10
beir500k-f32,pos40_cat18,pos40,201873,sweeping,256,3,10,1.0000,1.0000,0.00000,1.645,2.527,2.527,1.675,3540.6,0.0,594.1,265.9,11.0,11.0,0.0,0.0,0.0,0.0,0.00,sweeping:10
beir500k-f32,pos40_cat18,pos40,201873,sweeping,512,1,10,1.0000,1.0000,0.00000,2.849,5.544,5.544,3.232,6174.6,0.0,1097.8,546.5,24.0,24.0,0.0,0.0,0.0,0.0,0.00,sweeping:10
beir500k-f32,pos40_cat18,pos40,201873,sweeping,512,2,10,1.0000,1.0000,0.00000,2.822,5.423,5.423,3.130,6174.6,0.0,1097.8,546.5,24.0,24.0,0.0,0.0,0.0,0.0,0.00,sweeping:10
beir500k-f32,pos40_cat18,pos40,201873,sweeping,512,3,10,1.0000,1.0000,0.00000,2.806,5.354,5.354,3.109,6174.6,0.0,1097.8,546.5,24.0,24.0,0.0,0.0,0.0,0.0,0.00,sweeping:10
beir500k-f32,pos40_cat18,pos40,201873,acorn,64,1,10,1.0000,1.0000,0.00000,0.534,0.697,0.697,0.532,1258.4,0.0,201.3,66.8,4.0,4.0,0.0,0.0,0.0,0.0,0.00,sweeping:10
beir500k-f32,pos40_cat18,pos40,201873,acorn,64,2,10,1.0000,1.0000,0.00000,0.548,0.768,0.768,0.566,1258.4,0.0,201.3,66.8,4.0,4.0,0.0,0.0,0.0,0.0,0.00,sweeping:10
beir500k-f32,pos40_cat18,pos40,201873,acorn,64,3,10,1.0000,1.0000,0.00000,0.495,0.711,0.711,0.523,1258.4,0.0,201.3,66.8,4.0,4.0,0.0,0.0,0.0,0.0,0.00,sweeping:10
beir500k-f32,pos40_cat18,pos40,201873,acorn,128,1,10,1.0000,1.0000,0.00000,0.984,1.405,1.405,0.977,2134.0,0.0,336.8,132.7,6.0,6.0,0.0,0.0,0.0,0.0,0.00,sweeping:10
beir500k-f32,pos40_cat18,pos40,201873,acorn,128,2,10,1.0000,1.0000,0.00000,0.972,1.386,1.386,0.977,2134.0,0.0,336.8,132.7,6.0,6.0,0.0,0.0,0.0,0.0,0.00,sweeping:10
beir500k-f32,pos40_cat18,pos40,201873,acorn,128,3,10,1.0000,1.0000,0.00000,0.959,1.421,1.421,0.976,2134.0,0.0,336.8,132.7,6.0,6.0,0.0,0.0,0.0,0.0,0.00,sweeping:10
beir500k-f32,pos40_cat18,pos40,201873,acorn,256,1,10,1.0000,1.0000,0.00000,1.736,2.653,2.653,1.733,3540.6,0.0,594.1,265.9,11.0,11.0,0.0,0.0,0.0,0.0,0.00,sweeping:10
beir500k-f32,pos40_cat18,pos40,201873,acorn,256,2,10,1.0000,1.0000,0.00000,1.703,2.590,2.590,1.732,3540.6,0.0,594.1,265.9,11.0,11.0,0.0,0.0,0.0,0.0,0.00,sweeping:10
beir500k-f32,pos40_cat18,pos40,201873,acorn,256,3,10,1.0000,1.0000,0.00000,1.675,2.663,2.663,1.761,3540.6,0.0,594.1,265.9,11.0,11.0,0.0,0.0,0.0,0.0,0.00,sweeping:10
beir500k-f32,pos40_cat18,pos40,201873,acorn,512,1,10,1.0000,1.0000,0.00000,2.776,5.681,5.681,3.225,6174.6,0.0,1097.8,546.5,24.0,24.0,0.0,0.0,0.0,0.0,0.00,sweeping:10
beir500k-f32,pos40_cat18,pos40,201873,acorn,512,2,10,1.0000,1.0000,0.00000,2.811,5.662,5.662,3.174,6174.6,0.0,1097.8,546.5,24.0,24.0,0.0,0.0,0.0,0.0,0.00,sweeping:10
beir500k-f32,pos40_cat18,pos40,201873,acorn,512,3,10,1.0000,1.0000,0.00000,3.017,5.767,5.767,3.283,6174.6,0.0,1097.8,546.5,24.0,24.0,0.0,0.0,0.0,0.0,0.00,sweeping:10
beir500k-f32,pos40_cat18,pos40,201873,pathseer,64,1,10,1.0000,1.0000,0.00000,0.552,0.614,0.614,0.532,1283.3,0.0,387.8,66.3,2.0,2.0,70.4,57.5,9.5,1.1,0.00,pathseer:10
beir500k-f32,pos40_cat18,pos40,201873,pathseer,64,2,10,1.0000,1.0000,0.00000,0.503,0.668,0.668,0.514,1283.3,0.0,387.8,66.3,2.0,2.0,70.4,57.5,9.5,1.1,0.00,pathseer:10
beir500k-f32,pos40_cat18,pos40,201873,pathseer,64,3,10,1.0000,1.0000,0.00000,0.540,0.757,0.757,0.560,1283.3,0.0,387.8,66.3,2.0,2.0,70.4,57.5,9.5,1.1,0.00,pathseer:10
beir500k-f32,pos40_cat18,pos40,201873,pathseer,128,1,10,1.0000,1.0000,0.00000,1.051,1.424,1.424,1.042,2162.6,0.0,707.7,131.3,3.0,3.0,134.4,116.3,28.1,2.1,0.00,pathseer:10
beir500k-f32,pos40_cat18,pos40,201873,pathseer,128,2,10,1.0000,1.0000,0.00000,1.074,1.370,1.370,1.044,2162.6,0.0,707.7,131.3,3.0,3.0,134.4,116.3,28.1,2.1,0.00,pathseer:10
beir500k-f32,pos40_cat18,pos40,201873,pathseer,128,3,10,1.0000,1.0000,0.00000,1.043,1.406,1.406,1.015,2162.6,0.0,707.7,131.3,3.0,3.0,134.4,116.3,28.1,2.1,0.00,pathseer:10
beir500k-f32,pos40_cat18,pos40,201873,pathseer,256,1,10,1.0000,1.0000,0.00000,1.725,2.328,2.328,1.686,3496.3,0.0,1256.5,261.8,4.0,4.0,211.2,183.0,65.0,3.3,0.00,pathseer:10
beir500k-f32,pos40_cat18,pos40,201873,pathseer,256,2,10,1.0000,1.0000,0.00000,1.721,2.370,2.370,1.710,3496.3,0.0,1256.5,261.8,4.0,4.0,211.2,183.0,65.0,3.3,0.00,pathseer:10
beir500k-f32,pos40_cat18,pos40,201873,pathseer,256,3,10,1.0000,1.0000,0.00000,1.693,2.365,2.365,1.676,3496.3,0.0,1256.5,261.8,4.0,4.0,211.2,183.0,65.0,3.3,0.00,pathseer:10
beir500k-f32,pos40_cat18,pos40,201873,pathseer,512,1,10,1.0000,1.0000,0.00000,2.868,4.285,4.285,2.967,5760.4,0.0,2380.1,523.4,8.0,8.0,441.6,369.7,144.6,6.9,0.00,pathseer:10
beir500k-f32,pos40_cat18,pos40,201873,pathseer,512,2,10,1.0000,1.0000,0.00000,2.770,4.098,4.098,2.904,5760.4,0.0,2380.1,523.4,8.0,8.0,441.6,369.7,144.6,6.9,0.00,pathseer:10
beir500k-f32,pos40_cat18,pos40,201873,pathseer,512,3,10,1.0000,1.0000,0.00000,2.896,4.110,4.110,2.951,5760.4,0.0,2380.1,523.4,8.0,8.0,441.6,369.7,144.6,6.9,0.00,pathseer:10
beir500k-f32,pos40_cat19,pos40,213280,sweeping,64,1,60,0.9967,0.9667,0.00004,0.511,1.607,2.152,0.660,1259.1,0.0,210.2,88.5,4.0,4.0,0.0,0.0,0.0,0.0,0.00,sweeping:60
beir500k-f32,pos40_cat19,pos40,213280,sweeping,64,2,60,0.9967,0.9667,0.00004,0.512,1.596,2.176,0.657,1259.1,0.0,210.2,88.5,4.0,4.0,0.0,0.0,0.0,0.0,0.00,sweeping:60
beir500k-f32,pos40_cat19,pos40,213280,sweeping,64,3,60,0.9967,0.9667,0.00004,0.498,1.684,2.141,0.654,1259.1,0.0,210.2,88.5,4.0,4.0,0.0,0.0,0.0,0.0,0.00,sweeping:60
beir500k-f32,pos40_cat19,pos40,213280,sweeping,128,1,60,0.9983,0.9833,0.00002,0.883,2.505,4.252,1.143,2175.2,0.0,374.1,171.5,7.0,8.0,0.0,0.0,0.0,0.0,0.00,sweeping:60
beir500k-f32,pos40_cat19,pos40,213280,sweeping,128,2,60,0.9983,0.9833,0.00002,0.884,2.521,4.353,1.135,2175.2,0.0,374.1,171.5,7.0,8.0,0.0,0.0,0.0,0.0,0.00,sweeping:60
beir500k-f32,pos40_cat19,pos40,213280,sweeping,128,3,60,0.9983,0.9833,0.00002,0.876,2.466,4.212,1.127,2175.2,0.0,374.1,171.5,7.0,8.0,0.0,0.0,0.0,0.0,0.00,sweeping:60
beir500k-f32,pos40_cat19,pos40,213280,sweeping,256,1,60,1.0000,1.0000,0.00000,1.505,4.345,6.693,1.958,3698.9,0.0,679.4,330.2,15.0,16.0,0.0,0.0,0.0,0.0,0.00,sweeping:60
beir500k-f32,pos40_cat19,pos40,213280,sweeping,256,2,60,1.0000,1.0000,0.00000,1.508,4.332,6.783,1.952,3698.9,0.0,679.4,330.2,15.0,16.0,0.0,0.0,0.0,0.0,0.00,sweeping:60
beir500k-f32,pos40_cat19,pos40,213280,sweeping,256,3,60,1.0000,1.0000,0.00000,1.501,4.449,6.672,1.964,3698.9,0.0,679.4,330.2,15.0,16.0,0.0,0.0,0.0,0.0,0.00,sweeping:60
beir500k-f32,pos40_cat19,pos40,213280,sweeping,512,1,60,1.0000,1.0000,0.00000,2.589,8.637,11.453,3.500,6369.7,0.0,1288.2,657.3,31.0,37.0,0.0,0.0,0.0,0.0,0.00,sweeping:60
beir500k-f32,pos40_cat19,pos40,213280,sweeping,512,2,60,1.0000,1.0000,0.00000,2.703,8.215,12.212,3.553,6369.7,0.0,1288.2,657.3,31.0,37.0,0.0,0.0,0.0,0.0,0.00,sweeping:60
beir500k-f32,pos40_cat19,pos40,213280,sweeping,512,3,60,1.0000,1.0000,0.00000,2.680,8.039,11.427,3.613,6369.7,0.0,1288.2,657.3,31.0,37.0,0.0,0.0,0.0,0.0,0.00,sweeping:60
beir500k-f32,pos40_cat19,pos40,213280,acorn,64,1,60,0.9967,0.9667,0.00004,0.498,1.615,2.143,0.652,1259.1,0.0,210.2,88.5,4.0,4.0,0.0,0.0,0.0,0.0,0.00,sweeping:60
beir500k-f32,pos40_cat19,pos40,213280,acorn,64,2,60,0.9967,0.9667,0.00004,0.513,1.670,2.147,0.655,1259.1,0.0,210.2,88.5,4.0,4.0,0.0,0.0,0.0,0.0,0.00,sweeping:60
beir500k-f32,pos40_cat19,pos40,213280,acorn,64,3,60,0.9967,0.9667,0.00004,0.523,1.625,2.173,0.662,1259.1,0.0,210.2,88.5,4.0,4.0,0.0,0.0,0.0,0.0,0.00,sweeping:60
beir500k-f32,pos40_cat19,pos40,213280,acorn,128,1,60,0.9983,0.9833,0.00002,0.875,2.512,4.229,1.132,2175.2,0.0,374.1,171.5,7.0,8.0,0.0,0.0,0.0,0.0,0.00,sweeping:60
beir500k-f32,pos40_cat19,pos40,213280,acorn,128,2,60,0.9983,0.9833,0.00002,0.878,2.514,4.295,1.141,2175.2,0.0,374.1,171.5,7.0,8.0,0.0,0.0,0.0,0.0,0.00,sweeping:60
beir500k-f32,pos40_cat19,pos40,213280,acorn,128,3,60,0.9983,0.9833,0.00002,0.876,2.459,4.178,1.124,2175.2,0.0,374.1,171.5,7.0,8.0,0.0,0.0,0.0,0.0,0.00,sweeping:60
beir500k-f32,pos40_cat19,pos40,213280,acorn,256,1,60,1.0000,1.0000,0.00000,1.593,4.621,6.793,2.028,3698.9,0.0,679.4,330.2,15.0,16.0,0.0,0.0,0.0,0.0,0.00,sweeping:60
beir500k-f32,pos40_cat19,pos40,213280,acorn,256,2,60,1.0000,1.0000,0.00000,1.596,4.514,6.867,2.034,3698.9,0.0,679.4,330.2,15.0,16.0,0.0,0.0,0.0,0.0,0.00,sweeping:60
beir500k-f32,pos40_cat19,pos40,213280,acorn,256,3,60,1.0000,1.0000,0.00000,1.542,4.460,6.704,2.013,3698.9,0.0,679.4,330.2,15.0,16.0,0.0,0.0,0.0,0.0,0.00,sweeping:60
beir500k-f32,pos40_cat19,pos40,213280,acorn,512,1,60,1.0000,1.0000,0.00000,2.577,8.040,11.539,3.500,6369.7,0.0,1288.2,657.3,31.0,37.0,0.0,0.0,0.0,0.0,0.00,sweeping:60
beir500k-f32,pos40_cat19,pos40,213280,acorn,512,2,60,1.0000,1.0000,0.00000,2.683,8.560,11.700,3.573,6369.7,0.0,1288.2,657.3,31.0,37.0,0.0,0.0,0.0,0.0,0.00,sweeping:60
beir500k-f32,pos40_cat19,pos40,213280,acorn,512,3,60,1.0000,1.0000,0.00000,2.837,8.155,12.288,3.640,6369.7,0.0,1288.2,657.3,31.0,37.0,0.0,0.0,0.0,0.0,0.00,sweeping:60
beir500k-f32,pos40_cat19,pos40,213280,pathseer,64,1,60,0.9950,0.9500,0.00005,0.536,0.936,1.019,0.571,1063.3,0.0,529.8,75.8,2.0,2.0,73.6,58.2,114.0,1.1,0.00,pathseer:60
beir500k-f32,pos40_cat19,pos40,213280,pathseer,64,2,60,0.9950,0.9500,0.00005,0.530,0.930,1.016,0.570,1063.3,0.0,529.8,75.8,2.0,2.0,73.6,58.2,114.0,1.1,0.00,pathseer:60
beir500k-f32,pos40_cat19,pos40,213280,pathseer,64,3,60,0.9950,0.9500,0.00005,0.532,0.929,1.018,0.570,1063.3,0.0,529.8,75.8,2.0,2.0,73.6,58.2,114.0,1.1,0.00,pathseer:60
beir500k-f32,pos40_cat19,pos40,213280,pathseer,128,1,60,0.9983,0.9833,0.00002,0.929,1.681,1.916,1.005,1826.2,0.0,953.0,147.9,3.0,3.0,140.8,105.7,198.2,2.2,0.00,pathseer:60
beir500k-f32,pos40_cat19,pos40,213280,pathseer,128,2,60,0.9983,0.9833,0.00002,0.950,1.651,2.008,1.014,1826.2,0.0,953.0,147.9,3.0,3.0,140.8,105.7,198.2,2.2,0.00,pathseer:60
beir500k-f32,pos40_cat19,pos40,213280,pathseer,128,3,60,0.9983,0.9833,0.00002,0.926,1.646,1.923,0.985,1826.2,0.0,953.0,147.9,3.0,3.0,140.8,105.7,198.2,2.2,0.00,pathseer:60
beir500k-f32,pos40_cat19,pos40,213280,pathseer,256,1,60,1.0000,1.0000,0.00000,1.564,2.876,3.191,1.702,3098.8,0.0,1713.2,293.5,5.0,5.0,265.6,191.5,333.5,4.2,0.00,pathseer:60
beir500k-f32,pos40_cat19,pos40,213280,pathseer,256,2,60,1.0000,1.0000,0.00000,1.545,2.842,3.218,1.681,3098.8,0.0,1713.2,293.5,5.0,5.0,265.6,191.5,333.5,4.2,0.00,pathseer:60
beir500k-f32,pos40_cat19,pos40,213280,pathseer,256,3,60,1.0000,1.0000,0.00000,1.563,2.894,3.182,1.701,3098.8,0.0,1713.2,293.5,5.0,5.0,265.6,191.5,333.5,4.2,0.00,pathseer:60
beir500k-f32,pos40_cat19,pos40,213280,pathseer,512,1,60,1.0000,1.0000,0.00000,2.772,5.245,6.041,3.052,5202.4,0.0,3234.2,590.5,10.0,10.0,577.1,378.9,619.2,9.0,0.00,pathseer:60
beir500k-f32,pos40_cat19,pos40,213280,pathseer,512,2,60,1.0000,1.0000,0.00000,2.663,5.448,5.758,2.975,5202.4,0.0,3234.2,590.5,10.0,10.0,577.1,378.9,619.2,9.0,0.00,pathseer:60
beir500k-f32,pos40_cat19,pos40,213280,pathseer,512,3,60,1.0000,1.0000,0.00000,2.750,5.489,5.688,2.988,5202.4,0.0,3234.2,590.5,10.0,10.0,577.1,378.9,619.2,9.0,0.00,pathseer:60
beir500k-f32,pos40_cat20,pos40,204763,sweeping,64,1,67,1.0000,1.0000,0.00000,0.644,1.412,2.198,1.059,1824.4,0.0,458.7,227.4,4.0,4.0,0.0,0.0,0.0,0.0,0.00,sweeping:67
beir500k-f32,pos40_cat20,pos40,204763,sweeping,64,2,67,1.0000,1.0000,0.00000,0.646,1.370,2.225,1.063,1824.4,0.0,458.7,227.4,4.0,4.0,0.0,0.0,0.0,0.0,0.00,sweeping:67
beir500k-f32,pos40_cat20,pos40,204763,sweeping,64,3,67,1.0000,1.0000,0.00000,0.657,1.380,2.241,1.072,1824.4,0.0,458.7,227.4,4.0,4.0,0.0,0.0,0.0,0.0,0.00,sweeping:67
beir500k-f32,pos40_cat20,pos40,204763,sweeping,128,1,67,1.0000,1.0000,0.00000,1.166,2.595,3.788,1.717,3002.4,0.0,674.2,354.4,6.0,7.0,0.0,0.0,0.0,0.0,0.00,sweeping:67
beir500k-f32,pos40_cat20,pos40,204763,sweeping,128,2,67,1.0000,1.0000,0.00000,1.175,2.554,3.780,1.688,3002.4,0.0,674.2,354.4,6.0,7.0,0.0,0.0,0.0,0.0,0.00,sweeping:67
beir500k-f32,pos40_cat20,pos40,204763,sweeping,128,3,67,1.0000,1.0000,0.00000,1.152,2.586,3.807,1.695,3002.4,0.0,674.2,354.4,6.0,7.0,0.0,0.0,0.0,0.0,0.00,sweeping:67
beir500k-f32,pos40_cat20,pos40,204763,sweeping,256,1,67,1.0000,1.0000,0.00000,2.139,4.752,6.546,2.779,5030.2,0.0,1055.4,544.9,12.0,16.0,0.0,0.0,0.0,0.0,0.00,sweeping:67
beir500k-f32,pos40_cat20,pos40,204763,sweeping,256,2,67,1.0000,1.0000,0.00000,2.144,4.696,6.634,2.784,5030.2,0.0,1055.4,544.9,12.0,16.0,0.0,0.0,0.0,0.0,0.00,sweeping:67
beir500k-f32,pos40_cat20,pos40,204763,sweeping,256,3,67,1.0000,1.0000,0.00000,2.160,4.675,6.646,2.778,5030.2,0.0,1055.4,544.9,12.0,16.0,0.0,0.0,0.0,0.0,0.00,sweeping:67
beir500k-f32,pos40_cat20,pos40,204763,sweeping,512,1,67,1.0000,1.0000,0.00000,4.025,8.779,10.658,4.797,8682.1,0.0,1779.5,912.3,27.0,35.0,0.0,0.0,0.0,0.0,0.00,sweeping:67
beir500k-f32,pos40_cat20,pos40,204763,sweeping,512,2,67,1.0000,1.0000,0.00000,4.097,8.664,11.629,4.866,8682.1,0.0,1779.5,912.3,27.0,35.0,0.0,0.0,0.0,0.0,0.00,sweeping:67
beir500k-f32,pos40_cat20,pos40,204763,sweeping,512,3,67,1.0000,1.0000,0.00000,4.036,8.797,10.862,4.835,8682.1,0.0,1779.5,912.3,27.0,35.0,0.0,0.0,0.0,0.0,0.00,sweeping:67
beir500k-f32,pos40_cat20,pos40,204763,acorn,64,1,67,1.0000,1.0000,0.00000,0.659,1.426,2.216,1.079,1824.4,0.0,458.7,227.4,4.0,4.0,0.0,0.0,0.0,0.0,0.00,sweeping:67
beir500k-f32,pos40_cat20,pos40,204763,acorn,64,2,67,1.0000,1.0000,0.00000,0.641,1.388,2.196,1.057,1824.4,0.0,458.7,227.4,4.0,4.0,0.0,0.0,0.0,0.0,0.00,sweeping:67
beir500k-f32,pos40_cat20,pos40,204763,acorn,64,3,67,1.0000,1.0000,0.00000,0.652,1.383,2.243,1.061,1824.4,0.0,458.7,227.4,4.0,4.0,0.0,0.0,0.0,0.0,0.00,sweeping:67
beir500k-f32,pos40_cat20,pos40,204763,acorn,128,1,67,1.0000,1.0000,0.00000,1.183,2.575,3.833,1.702,3002.4,0.0,674.2,354.4,6.0,7.0,0.0,0.0,0.0,0.0,0.00,sweeping:67
beir500k-f32,pos40_cat20,pos40,204763,acorn,128,2,67,1.0000,1.0000,0.00000,1.154,2.580,3.920,1.686,3002.4,0.0,674.2,354.4,6.0,7.0,0.0,0.0,0.0,0.0,0.00,sweeping:67
beir500k-f32,pos40_cat20,pos40,204763,acorn,128,3,67,1.0000,1.0000,0.00000,1.184,2.542,3.925,1.701,3002.4,0.0,674.2,354.4,6.0,7.0,0.0,0.0,0.0,0.0,0.00,sweeping:67
beir500k-f32,pos40_cat20,pos40,204763,acorn,256,1,67,1.0000,1.0000,0.00000,2.176,4.709,6.716,2.798,5030.2,0.0,1055.4,544.9,12.0,16.0,0.0,0.0,0.0,0.0,0.00,sweeping:67
beir500k-f32,pos40_cat20,pos40,204763,acorn,256,2,67,1.0000,1.0000,0.00000,2.162,4.696,6.695,2.781,5030.2,0.0,1055.4,544.9,12.0,16.0,0.0,0.0,0.0,0.0,0.00,sweeping:67
beir500k-f32,pos40_cat20,pos40,204763,acorn,256,3,67,1.0000,1.0000,0.00000,2.149,4.713,6.558,2.780,5030.2,0.0,1055.4,544.9,12.0,16.0,0.0,0.0,0.0,0.0,0.00,sweeping:67
beir500k-f32,pos40_cat20,pos40,204763,acorn,512,1,67,1.0000,1.0000,0.00000,4.101,8.851,10.806,4.817,8682.1,0.0,1779.5,912.3,27.0,35.0,0.0,0.0,0.0,0.0,0.00,sweeping:67
beir500k-f32,pos40_cat20,pos40,204763,acorn,512,2,67,1.0000,1.0000,0.00000,4.030,8.685,10.605,4.805,8682.1,0.0,1779.5,912.3,27.0,35.0,0.0,0.0,0.0,0.0,0.00,sweeping:67
beir500k-f32,pos40_cat20,pos40,204763,acorn,512,3,67,1.0000,1.0000,0.00000,4.020,8.727,10.704,4.796,8682.1,0.0,1779.5,912.3,27.0,35.0,0.0,0.0,0.0,0.0,0.00,sweeping:67
beir500k-f32,pos40_cat20,pos40,204763,pathseer,64,1,67,0.9985,0.9851,0.00001,0.650,0.968,0.999,0.732,1278.5,0.0,916.4,130.2,2.0,2.0,86.0,53.9,343.7,1.3,0.00,pathseer:67
beir500k-f32,pos40_cat20,pos40,204763,pathseer,64,2,67,0.9985,0.9851,0.00001,0.650,0.982,0.993,0.734,1278.5,0.0,916.4,130.2,2.0,2.0,86.0,53.9,343.7,1.3,0.00,pathseer:67
beir500k-f32,pos40_cat20,pos40,204763,pathseer,64,3,67,0.9985,0.9851,0.00001,0.650,0.965,0.998,0.728,1278.5,0.0,916.4,130.2,2.0,2.0,86.0,53.9,343.7,1.3,0.00,pathseer:67
beir500k-f32,pos40_cat20,pos40,204763,pathseer,128,1,67,1.0000,1.0000,0.00000,1.149,1.708,1.857,1.279,2244.8,0.0,1499.3,241.1,3.0,3.0,149.0,91.4,493.8,2.3,0.00,pathseer:67
beir500k-f32,pos40_cat20,pos40,204763,pathseer,128,2,67,1.0000,1.0000,0.00000,1.135,1.699,1.845,1.270,2244.8,0.0,1499.3,241.1,3.0,3.0,149.0,91.4,493.8,2.3,0.00,pathseer:67
beir500k-f32,pos40_cat20,pos40,204763,pathseer,128,3,67,1.0000,1.0000,0.00000,1.139,1.724,1.795,1.278,2244.8,0.0,1499.3,241.1,3.0,3.0,149.0,91.4,493.8,2.3,0.00,pathseer:67
beir500k-f32,pos40_cat20,pos40,204763,pathseer,256,1,67,1.0000,1.0000,0.00000,2.088,3.026,3.408,2.254,3963.0,0.0,2523.2,447.0,5.0,5.0,292.3,173.8,705.7,4.6,0.00,pathseer:67
beir500k-f32,pos40_cat20,pos40,204763,pathseer,256,2,67,1.0000,1.0000,0.00000,2.113,3.071,3.413,2.322,3963.0,0.0,2523.2,447.0,5.0,5.0,292.3,173.8,705.7,4.6,0.00,pathseer:67
beir500k-f32,pos40_cat20,pos40,204763,pathseer,256,3,67,1.0000,1.0000,0.00000,2.081,3.040,3.405,2.251,3963.0,0.0,2523.2,447.0,5.0,5.0,292.3,173.8,705.7,4.6,0.00,pathseer:67
beir500k-f32,pos40_cat20,pos40,204763,pathseer,512,1,67,1.0000,1.0000,0.00000,3.716,5.345,6.406,3.961,6883.6,0.0,4378.4,798.1,9.0,10.0,590.3,333.2,1134.7,9.2,0.00,pathseer:67
beir500k-f32,pos40_cat20,pos40,204763,pathseer,512,2,67,1.0000,1.0000,0.00000,3.772,5.353,6.446,3.970,6883.6,0.0,4378.4,798.1,9.0,10.0,590.3,333.2,1134.7,9.2,0.00,pathseer:67
beir500k-f32,pos40_cat20,pos40,204763,pathseer,512,3,67,1.0000,1.0000,0.00000,3.720,5.319,6.327,3.953,6883.6,0.0,4378.4,798.1,9.0,10.0,590.3,333.2,1134.7,9.2,0.00,pathseer:67
beir500k-f32,pos40_cat21,pos40,209359,sweeping,64,1,61,0.9951,0.9508,0.00017,0.578,1.255,2.226,0.668,1334.4,0.0,214.6,75.4,4.0,4.0,0.0,0.0,0.0,0.0,0.00,sweeping:61
beir500k-f32,pos40_cat21,pos40,209359,sweeping,64,2,61,0.9951,0.9508,0.00017,0.568,1.208,2.205,0.670,1334.4,0.0,214.6,75.4,4.0,4.0,0.0,0.0,0.0,0.0,0.00,sweeping:61
beir500k-f32,pos40_cat21,pos40,209359,sweeping,64,3,61,0.9951,0.9508,0.00017,0.569,1.213,2.210,0.666,1334.4,0.0,214.6,75.4,4.0,4.0,0.0,0.0,0.0,0.0,0.00,sweeping:61
beir500k-f32,pos40_cat21,pos40,209359,sweeping,128,1,61,0.9984,0.9836,0.00005,1.020,2.304,3.987,1.181,2364.8,0.0,372.5,150.1,6.0,7.0,0.0,0.0,0.0,0.0,0.00,sweeping:61
beir500k-f32,pos40_cat21,pos40,209359,sweeping,128,2,61,0.9984,0.9836,0.00005,1.016,2.313,3.868,1.172,2364.8,0.0,372.5,150.1,6.0,7.0,0.0,0.0,0.0,0.0,0.00,sweeping:61
beir500k-f32,pos40_cat21,pos40,209359,sweeping,128,3,61,0.9984,0.9836,0.00005,1.019,2.309,3.894,1.177,2364.8,0.0,372.5,150.1,6.0,7.0,0.0,0.0,0.0,0.0,0.00,sweeping:61
beir500k-f32,pos40_cat21,pos40,209359,sweeping,256,1,61,1.0000,1.0000,0.00000,1.953,4.485,6.236,2.143,4134.4,0.0,680.1,299.2,13.0,15.0,0.0,0.0,0.0,0.0,0.00,sweeping:61
beir500k-f32,pos40_cat21,pos40,209359,sweeping,256,2,61,1.0000,1.0000,0.00000,1.972,4.207,6.645,2.135,4134.4,0.0,680.1,299.2,13.0,15.0,0.0,0.0,0.0,0.0,0.00,sweeping:61
beir500k-f32,pos40_cat21,pos40,209359,sweeping,256,3,61,1.0000,1.0000,0.00000,1.953,4.221,6.313,2.094,4134.4,0.0,680.1,299.2,13.0,15.0,0.0,0.0,0.0,0.0,0.00,sweeping:61
beir500k-f32,pos40_cat21,pos40,209359,sweeping,512,1,61,1.0000,1.0000,0.00000,3.515,7.689,10.182,3.813,7206.5,0.0,1291.2,605.3,27.0,32.0,0.0,0.0,0.0,0.0,0.00,sweeping:61
beir500k-f32,pos40_cat21,pos40,209359,sweeping,512,2,61,1.0000,1.0000,0.00000,3.452,7.541,10.246,3.791,7206.5,0.0,1291.2,605.3,27.0,32.0,0.0,0.0,0.0,0.0,0.00,sweeping:61
beir500k-f32,pos40_cat21,pos40,209359,sweeping,512,3,61,1.0000,1.0000,0.00000,3.473,7.629,10.166,3.791,7206.5,0.0,1291.2,605.3,27.0,32.0,0.0,0.0,0.0,0.0,0.00,sweeping:61
beir500k-f32,pos40_cat21,pos40,209359,acorn,64,1,61,0.9951,0.9508,0.00017,0.562,1.241,2.201,0.660,1334.4,0.0,214.6,75.4,4.0,4.0,0.0,0.0,0.0,0.0,0.00,sweeping:61
beir500k-f32,pos40_cat21,pos40,209359,acorn,64,2,61,0.9951,0.9508,0.00017,0.560,1.210,2.205,0.659,1334.4,0.0,214.6,75.4,4.0,4.0,0.0,0.0,0.0,0.0,0.00,sweeping:61
beir500k-f32,pos40_cat21,pos40,209359,acorn,64,3,61,0.9951,0.9508,0.00017,0.560,1.211,2.230,0.665,1334.4,0.0,214.6,75.4,4.0,4.0,0.0,0.0,0.0,0.0,0.00,sweeping:61
beir500k-f32,pos40_cat21,pos40,209359,acorn,128,1,61,0.9984,0.9836,0.00005,1.022,2.304,3.884,1.172,2364.8,0.0,372.5,150.1,6.0,7.0,0.0,0.0,0.0,0.0,0.00,sweeping:61
beir500k-f32,pos40_cat21,pos40,209359,acorn,128,2,61,0.9984,0.9836,0.00005,1.020,2.305,3.912,1.172,2364.8,0.0,372.5,150.1,6.0,7.0,0.0,0.0,0.0,0.0,0.00,sweeping:61
beir500k-f32,pos40_cat21,pos40,209359,acorn,128,3,61,0.9984,0.9836,0.00005,1.035,2.329,3.945,1.188,2364.8,0.0,372.5,150.1,6.0,7.0,0.0,0.0,0.0,0.0,0.00,sweeping:61
beir500k-f32,pos40_cat21,pos40,209359,acorn,256,1,61,1.0000,1.0000,0.00000,1.990,4.249,6.407,2.123,4134.4,0.0,680.1,299.2,13.0,15.0,0.0,0.0,0.0,0.0,0.00,sweeping:61
beir500k-f32,pos40_cat21,pos40,209359,acorn,256,2,61,1.0000,1.0000,0.00000,2.020,4.458,6.384,2.175,4134.4,0.0,680.1,299.2,13.0,15.0,0.0,0.0,0.0,0.0,0.00,sweeping:61
beir500k-f32,pos40_cat21,pos40,209359,acorn,256,3,61,1.0000,1.0000,0.00000,1.998,4.185,6.755,2.151,4134.4,0.0,680.1,299.2,13.0,15.0,0.0,0.0,0.0,0.0,0.00,sweeping:61
beir500k-f32,pos40_cat21,pos40,209359,acorn,512,1,61,1.0000,1.0000,0.00000,3.546,7.509,10.520,3.916,7206.5,0.0,1291.2,605.3,27.0,32.0,0.0,0.0,0.0,0.0,0.00,sweeping:61
beir500k-f32,pos40_cat21,pos40,209359,acorn,512,2,61,1.0000,1.0000,0.00000,3.473,7.515,10.151,3.787,7206.5,0.0,1291.2,605.3,27.0,32.0,0.0,0.0,0.0,0.0,0.00,sweeping:61
beir500k-f32,pos40_cat21,pos40,209359,acorn,512,3,61,1.0000,1.0000,0.00000,3.445,7.521,10.203,3.775,7206.5,0.0,1291.2,605.3,27.0,32.0,0.0,0.0,0.0,0.0,0.00,sweeping:61
beir500k-f32,pos40_cat21,pos40,209359,pathseer,64,1,61,0.9951,0.9508,0.00017,0.569,0.813,0.873,0.613,1225.2,0.0,469.2,70.2,2.0,2.0,77.6,55.5,71.8,1.2,0.00,pathseer:61
beir500k-f32,pos40_cat21,pos40,209359,pathseer,64,2,61,0.9951,0.9508,0.00017,0.585,0.816,0.877,0.617,1225.2,0.0,469.2,70.2,2.0,2.0,77.6,55.5,71.8,1.2,0.00,pathseer:61
beir500k-f32,pos40_cat21,pos40,209359,pathseer,64,3,61,0.9951,0.9508,0.00017,0.582,0.809,0.868,0.615,1225.2,0.0,469.2,70.2,2.0,2.0,77.6,55.5,71.8,1.2,0.00,pathseer:61
beir500k-f32,pos40_cat21,pos40,209359,pathseer,128,1,61,0.9967,0.9672,0.00005,1.058,1.450,1.724,1.080,2129.1,0.0,875.4,139.1,3.0,3.0,144.8,100.3,157.3,2.3,0.00,pathseer:61
beir500k-f32,pos40_cat21,pos40,209359,pathseer,128,2,61,0.9967,0.9672,0.00005,1.057,1.435,1.694,1.075,2129.1,0.0,875.4,139.1,3.0,3.0,144.8,100.3,157.3,2.3,0.00,pathseer:61
beir500k-f32,pos40_cat21,pos40,209359,pathseer,128,3,61,0.9967,0.9672,0.00005,1.053,1.451,1.697,1.071,2129.1,0.0,875.4,139.1,3.0,3.0,144.8,100.3,157.3,2.3,0.00,pathseer:61
beir500k-f32,pos40_cat21,pos40,209359,pathseer,256,1,61,1.0000,1.0000,0.00000,1.956,2.623,2.838,1.900,3679.0,0.0,1616.2,277.9,5.0,5.0,267.5,184.3,293.6,4.2,0.00,pathseer:61
beir500k-f32,pos40_cat21,pos40,209359,pathseer,256,2,61,1.0000,1.0000,0.00000,1.934,2.665,2.870,1.910,3679.0,0.0,1616.2,277.9,5.0,5.0,267.5,184.3,293.6,4.2,0.00,pathseer:61
beir500k-f32,pos40_cat21,pos40,209359,pathseer,256,3,61,1.0000,1.0000,0.00000,1.928,2.634,2.779,1.895,3679.0,0.0,1616.2,277.9,5.0,5.0,267.5,184.3,293.6,4.2,0.00,pathseer:61
beir500k-f32,pos40_cat21,pos40,209359,pathseer,512,1,61,1.0000,1.0000,0.00000,3.513,4.862,5.257,3.495,6281.8,0.0,3067.7,555.7,9.0,9.0,538.2,359.1,569.5,8.4,0.00,pathseer:61
beir500k-f32,pos40_cat21,pos40,209359,pathseer,512,2,61,1.0000,1.0000,0.00000,3.516,4.827,4.978,3.507,6281.8,0.0,3067.7,555.7,9.0,9.0,538.2,359.1,569.5,8.4,0.00,pathseer:61
beir500k-f32,pos40_cat21,pos40,209359,pathseer,512,3,61,1.0000,1.0000,0.00000,3.418,4.700,4.973,3.395,6281.8,0.0,3067.7,555.7,9.0,9.0,538.2,359.1,569.5,8.4,0.00,pathseer:61
beir500k-f32,neg10_cat00,neg10,63950,sweeping,64,1,12,0.9917,0.9167,0.00002,2.860,5.749,9.741,3.544,7048.7,0.0,1081.4,463.9,3.0,18.0,0.0,0.0,0.0,0.0,0.00,sweeping:12
beir500k-f32,neg10_cat00,neg10,63950,sweeping,64,2,12,0.9917,0.9167,0.00002,2.892,5.708,9.737,3.533,7048.7,0.0,1081.4,463.9,3.0,18.0,0.0,0.0,0.0,0.0,0.00,sweeping:12
beir500k-f32,neg10_cat00,neg10,63950,sweeping,64,3,12,0.9917,0.9167,0.00002,2.942,5.926,9.877,3.601,7048.7,0.0,1081.4,463.9,3.0,18.0,0.0,0.0,0.0,0.0,0.00,sweeping:12
beir500k-f32,neg10_cat00,neg10,63950,sweeping,128,1,12,1.0000,1.0000,0.00000,5.190,9.209,16.459,6.036,11733.8,0.0,1912.0,883.7,6.0,37.0,0.0,0.0,0.0,0.0,0.00,sweeping:12
beir500k-f32,neg10_cat00,neg10,63950,sweeping,128,2,12,1.0000,1.0000,0.00000,5.102,9.103,16.581,6.034,11733.8,0.0,1912.0,883.7,6.0,37.0,0.0,0.0,0.0,0.0,0.00,sweeping:12
beir500k-f32,neg10_cat00,neg10,63950,sweeping,128,3,12,1.0000,1.0000,0.00000,5.147,8.984,16.465,6.037,11733.8,0.0,1912.0,883.7,6.0,37.0,0.0,0.0,0.0,0.0,0.00,sweeping:12
beir500k-f32,neg10_cat00,neg10,63950,sweeping,256,1,12,1.0000,1.0000,0.00000,9.677,16.713,25.853,10.374,19501.6,0.0,3485.3,1696.9,11.0,64.0,0.0,0.0,0.0,0.0,0.00,sweeping:12
beir500k-f32,neg10_cat00,neg10,63950,sweeping,256,2,12,1.0000,1.0000,0.00000,9.611,16.929,26.075,10.420,19501.6,0.0,3485.3,1696.9,11.0,64.0,0.0,0.0,0.0,0.0,0.00,sweeping:12
beir500k-f32,neg10_cat00,neg10,63950,sweeping,256,3,12,1.0000,1.0000,0.00000,9.479,17.009,26.574,10.485,19501.6,0.0,3485.3,1696.9,11.0,64.0,0.0,0.0,0.0,0.0,0.00,sweeping:12
beir500k-f32,neg10_cat00,neg10,63950,sweeping,512,1,12,1.0000,1.0000,0.00000,16.528,29.548,40.840,17.857,31781.1,0.0,6358.8,3221.3,24.0,139.0,0.0,0.0,0.0,0.0,0.00,sweeping:12
beir500k-f32,neg10_cat00,neg10,63950,sweeping,512,2,12,1.0000,1.0000,0.00000,16.617,27.942,41.076,17.549,31781.1,0.0,6358.8,3221.3,24.0,139.0,0.0,0.0,0.0,0.0,0.00,sweeping:12
beir500k-f32,neg10_cat00,neg10,63950,sweeping,512,3,12,1.0000,1.0000,0.00000,16.583,27.914,40.534,17.429,31781.1,0.0,6358.8,3221.3,24.0,139.0,0.0,0.0,0.0,0.0,0.00,sweeping:12
beir500k-f32,neg10_cat00,neg10,63950,acorn,64,1,12,0.9917,0.9167,0.00002,1.269,1.804,1.977,1.347,1766.1,10.0,9824.7,66.7,3.0,3.0,0.0,0.0,0.0,0.0,0.00,acorn:12
beir500k-f32,neg10_cat00,neg10,63950,acorn,64,2,12,0.9917,0.9167,0.00002,1.256,1.773,1.968,1.341,1766.1,10.0,9824.7,66.7,3.0,3.0,0.0,0.0,0.0,0.0,0.00,acorn:12
beir500k-f32,neg10_cat00,neg10,63950,acorn,64,3,12,0.9917,0.9167,0.00002,1.239,1.806,1.988,1.356,1766.1,10.0,9824.7,66.7,3.0,3.0,0.0,0.0,0.0,0.0,0.00,acorn:12
beir500k-f32,neg10_cat00,neg10,63950,acorn,128,1,12,1.0000,1.0000,0.00000,2.357,2.939,3.101,2.253,2890.4,10.0,15739.0,130.6,3.0,3.0,0.0,0.0,0.0,0.0,0.00,acorn:12
beir500k-f32,neg10_cat00,neg10,63950,acorn,128,2,12,1.0000,1.0000,0.00000,2.372,2.989,3.170,2.298,2890.4,10.0,15739.0,130.6,3.0,3.0,0.0,0.0,0.0,0.0,0.00,acorn:12
beir500k-f32,neg10_cat00,neg10,63950,acorn,128,3,12,1.0000,1.0000,0.00000,2.385,2.963,3.045,2.297,2890.4,10.0,15739.0,130.6,3.0,3.0,0.0,0.0,0.0,0.0,0.00,acorn:12
beir500k-f32,neg10_cat00,neg10,63950,acorn,256,1,12,1.0000,1.0000,0.00000,3.692,4.942,5.225,3.728,4693.3,10.0,24812.7,258.2,8.0,7.0,0.0,0.0,0.0,0.0,0.00,acorn:12
beir500k-f32,neg10_cat00,neg10,63950,acorn,256,2,12,1.0000,1.0000,0.00000,3.687,4.944,5.212,3.730,4693.3,10.0,24812.7,258.2,8.0,7.0,0.0,0.0,0.0,0.0,0.00,acorn:12
beir500k-f32,neg10_cat00,neg10,63950,acorn,256,3,12,1.0000,1.0000,0.00000,3.708,4.948,5.203,3.740,4693.3,10.0,24812.7,258.2,8.0,7.0,0.0,0.0,0.0,0.0,0.00,acorn:12
beir500k-f32,neg10_cat00,neg10,63950,acorn,512,1,12,1.0000,1.0000,0.00000,6.101,7.730,8.809,6.131,7378.3,10.0,38181.4,514.2,15.0,15.0,0.0,0.0,0.0,0.0,0.00,acorn:12
beir500k-f32,neg10_cat00,neg10,63950,acorn,512,2,12,1.0000,1.0000,0.00000,6.193,7.804,8.856,6.188,7378.3,10.0,38181.4,514.2,15.0,15.0,0.0,0.0,0.0,0.0,0.00,acorn:12
beir500k-f32,neg10_cat00,neg10,63950,acorn,512,3,12,1.0000,1.0000,0.00000,6.147,7.721,8.875,6.171,7378.3,10.0,38181.4,514.2,15.0,15.0,0.0,0.0,0.0,0.0,0.00,acorn:12
beir500k-f32,neg10_cat00,neg10,63950,pathseer,64,1,12,0.9917,0.9167,0.00002,1.065,1.224,1.942,1.058,1766.6,0.0,3291.6,210.2,3.0,15.0,138.7,20.8,2175.9,2.2,0.00,pathseer:12
beir500k-f32,neg10_cat00,neg10,63950,pathseer,64,2,12,0.9917,0.9167,0.00002,1.061,1.254,1.964,1.069,1766.6,0.0,3291.6,210.2,3.0,15.0,138.7,20.8,2175.9,2.2,0.00,pathseer:12
beir500k-f32,neg10_cat00,neg10,63950,pathseer,64,3,12,0.9917,0.9167,0.00002,1.064,1.213,1.938,1.064,1766.6,0.0,3291.6,210.2,3.0,15.0,138.7,20.8,2175.9,2.2,0.00,pathseer:12
beir500k-f32,neg10_cat00,neg10,63950,pathseer,128,1,12,1.0000,1.0000,0.00000,1.877,2.395,3.324,1.890,3047.6,0.0,5764.1,405.6,5.0,33.0,234.7,41.3,3817.9,3.7,0.00,pathseer:12
beir500k-f32,neg10_cat00,neg10,63950,pathseer,128,2,12,1.0000,1.0000,0.00000,1.902,2.384,3.315,1.892,3047.6,0.0,5764.1,405.6,5.0,33.0,234.7,41.3,3817.9,3.7,0.00,pathseer:12
beir500k-f32,neg10_cat00,neg10,63950,pathseer,128,3,12,1.0000,1.0000,0.00000,1.851,2.358,3.356,1.879,3047.6,0.0,5764.1,405.6,5.0,33.0,234.7,41.3,3817.9,3.7,0.00,pathseer:12
beir500k-f32,neg10_cat00,neg10,63950,pathseer,256,1,12,1.0000,1.0000,0.00000,3.216,4.520,6.290,3.371,5210.9,0.0,10117.2,799.7,8.0,46.0,437.3,86.1,6615.4,6.8,0.00,pathseer:12
beir500k-f32,neg10_cat00,neg10,63950,pathseer,256,2,12,1.0000,1.0000,0.00000,3.188,4.046,6.300,3.317,5210.9,0.0,10117.2,799.7,8.0,46.0,437.3,86.1,6615.4,6.8,0.00,pathseer:12
beir500k-f32,neg10_cat00,neg10,63950,pathseer,256,3,12,1.0000,1.0000,0.00000,3.158,4.084,6.237,3.316,5210.9,0.0,10117.2,799.7,8.0,46.0,437.3,86.1,6615.4,6.8,0.00,pathseer:12
beir500k-f32,neg10_cat00,neg10,63950,pathseer,512,1,12,1.0000,1.0000,0.00000,5.717,7.445,12.045,6.046,8965.2,0.0,18090.3,1636.7,15.0,98.0,944.0,180.6,11386.7,14.8,0.00,pathseer:12
beir500k-f32,neg10_cat00,neg10,63950,pathseer,512,2,12,1.0000,1.0000,0.00000,5.709,7.438,12.125,6.092,8965.2,0.0,18090.3,1636.7,15.0,98.0,944.0,180.6,11386.7,14.8,0.00,pathseer:12
beir500k-f32,neg10_cat00,neg10,63950,pathseer,512,3,12,1.0000,1.0000,0.00000,5.671,7.499,12.278,6.070,8965.2,0.0,18090.3,1636.7,15.0,98.0,944.0,180.6,11386.7,14.8,0.00,pathseer:12
beir500k-f32,neg10_cat01,neg10,61585,sweeping,64,1,22,0.9909,0.9091,0.00018,26.349,41.694,42.451,25.970,41822.2,0.0,11367.1,7506.2,4.0,453.0,0.0,0.0,0.0,0.0,0.00,sweeping:22
beir500k-f32,neg10_cat01,neg10,61585,sweeping,64,2,22,0.9909,0.9091,0.00018,26.545,41.765,42.731,26.073,41822.2,0.0,11367.1,7506.2,4.0,453.0,0.0,0.0,0.0,0.0,0.00,sweeping:22
beir500k-f32,neg10_cat01,neg10,61585,sweeping,64,3,22,0.9909,0.9091,0.00018,26.439,41.957,43.279,26.235,41822.2,0.0,11367.1,7506.2,4.0,453.0,0.0,0.0,0.0,0.0,0.00,sweeping:22
beir500k-f32,neg10_cat01,neg10,61585,sweeping,128,1,22,0.9955,0.9545,0.00006,34.606,55.835,57.673,36.121,56942.0,0.0,16058.6,10644.0,6.0,829.0,0.0,0.0,0.0,0.0,0.00,sweeping:22
beir500k-f32,neg10_cat01,neg10,61585,sweeping,128,2,22,0.9955,0.9545,0.00006,34.799,55.604,58.232,36.478,56942.0,0.0,16058.6,10644.0,6.0,829.0,0.0,0.0,0.0,0.0,0.00,sweeping:22
beir500k-f32,neg10_cat01,neg10,61585,sweeping,128,3,22,0.9955,0.9545,0.00006,34.214,57.278,57.912,36.058,56942.0,0.0,16058.6,10644.0,6.0,829.0,0.0,0.0,0.0,0.0,0.00,sweeping:22
beir500k-f32,neg10_cat01,neg10,61585,sweeping,256,1,22,0.9955,0.9545,0.00006,45.407,74.796,80.049,49.413,76784.0,0.0,22703.4,14787.9,12.0,1423.0,0.0,0.0,0.0,0.0,0.00,sweeping:22
beir500k-f32,neg10_cat01,neg10,61585,sweeping,256,2,22,0.9955,0.9545,0.00006,45.485,79.507,96.160,50.356,76784.0,0.0,22703.4,14787.9,12.0,1423.0,0.0,0.0,0.0,0.0,0.00,sweeping:22
beir500k-f32,neg10_cat01,neg10,61585,sweeping,256,3,22,0.9955,0.9545,0.00006,45.157,75.412,79.683,49.207,76784.0,0.0,22703.4,14787.9,12.0,1423.0,0.0,0.0,0.0,0.0,0.00,sweeping:22
beir500k-f32,neg10_cat01,neg10,61585,sweeping,512,1,22,0.9955,0.9545,0.00006,66.340,102.902,113.511,68.836,105408.2,0.0,32788.1,20975.5,26.0,2664.0,0.0,0.0,0.0,0.0,0.00,sweeping:22
beir500k-f32,neg10_cat01,neg10,61585,sweeping,512,2,22,0.9955,0.9545,0.00006,66.673,100.501,116.439,68.978,105408.2,0.0,32788.1,20975.5,26.0,2664.0,0.0,0.0,0.0,0.0,0.00,sweeping:22
beir500k-f32,neg10_cat01,neg10,61585,sweeping,512,3,22,0.9955,0.9545,0.00006,67.340,100.038,113.587,70.065,105408.2,0.0,32788.1,20975.5,26.0,2664.0,0.0,0.0,0.0,0.0,0.00,sweeping:22
beir500k-f32,neg10_cat01,neg10,61585,acorn,64,1,22,0.8727,0.4091,0.00423,2.013,2.238,2.290,1.979,2393.8,10.0,18836.4,67.2,3.0,3.0,0.0,0.0,0.0,0.0,0.00,acorn:22
beir500k-f32,neg10_cat01,neg10,61585,acorn,64,2,22,0.8727,0.4091,0.00423,2.072,2.365,2.656,2.088,2393.8,10.0,18836.4,67.2,3.0,3.0,0.0,0.0,0.0,0.0,0.00,acorn:22
beir500k-f32,neg10_cat01,neg10,61585,acorn,64,3,22,0.8727,0.4091,0.00423,2.063,2.268,2.406,2.055,2393.8,10.0,18836.4,67.2,3.0,3.0,0.0,0.0,0.0,0.0,0.00,acorn:22
beir500k-f32,neg10_cat01,neg10,61585,acorn,128,1,22,0.9318,0.5455,0.00216,3.376,3.622,3.650,3.274,3930.2,10.0,29404.0,130.7,4.0,4.0,0.0,0.0,0.0,0.0,0.00,acorn:22
beir500k-f32,neg10_cat01,neg10,61585,acorn,128,2,22,0.9318,0.5455,0.00216,3.282,3.638,3.658,3.236,3930.2,10.0,29404.0,130.7,4.0,4.0,0.0,0.0,0.0,0.0,0.00,acorn:22
beir500k-f32,neg10_cat01,neg10,61585,acorn,128,3,22,0.9318,0.5455,0.00216,3.293,3.651,3.706,3.289,3930.2,10.0,29404.0,130.7,4.0,4.0,0.0,0.0,0.0,0.0,0.00,acorn:22
beir500k-f32,neg10_cat01,neg10,61585,acorn,256,1,22,0.9591,0.7273,0.00147,5.410,6.105,6.186,5.477,6312.8,10.0,44751.7,258.8,7.0,7.0,0.0,0.0,0.0,0.0,0.00,acorn:22
beir500k-f32,neg10_cat01,neg10,61585,acorn,256,2,22,0.9591,0.7273,0.00147,5.698,6.519,6.706,5.723,6312.8,10.0,44751.7,258.8,7.0,7.0,0.0,0.0,0.0,0.0,0.00,acorn:22
beir500k-f32,neg10_cat01,neg10,61585,acorn,256,3,22,0.9591,0.7273,0.00147,5.791,6.946,7.002,5.787,6312.8,10.0,44751.7,258.8,7.0,7.0,0.0,0.0,0.0,0.0,0.00,acorn:22
beir500k-f32,neg10_cat01,neg10,61585,acorn,512,1,22,0.9727,0.7273,0.00131,8.826,10.563,10.681,9.006,9901.3,10.0,66536.4,515.0,12.0,12.0,0.0,0.0,0.0,0.0,0.00,acorn:22
beir500k-f32,neg10_cat01,neg10,61585,acorn,512,2,22,0.9727,0.7273,0.00131,8.818,10.347,10.384,8.922,9901.3,10.0,66536.4,515.0,12.0,12.0,0.0,0.0,0.0,0.0,0.00,acorn:22
beir500k-f32,neg10_cat01,neg10,61585,acorn,512,3,22,0.9727,0.7273,0.00131,8.970,10.414,10.471,8.953,9901.3,10.0,66536.4,515.0,12.0,12.0,0.0,0.0,0.0,0.0,0.00,acorn:22
beir500k-f32,neg10_cat01,neg10,61585,pathseer,64,1,22,0.9864,0.8636,0.00019,7.092,10.989,13.119,6.699,6651.5,0.0,28897.6,3755.6,4.0,446.0,168.7,4.8,19267.1,2.6,0.00,pathseer:22
beir500k-f32,neg10_cat01,neg10,61585,pathseer,64,2,22,0.9864,0.8636,0.00019,7.118,11.402,12.788,6.723,6651.5,0.0,28897.6,3755.6,4.0,446.0,168.7,4.8,19267.1,2.6,0.00,pathseer:22
beir500k-f32,neg10_cat01,neg10,61585,pathseer,64,3,22,0.9864,0.8636,0.00019,7.096,11.249,12.878,6.733,6651.5,0.0,28897.6,3755.6,4.0,446.0,168.7,4.8,19267.1,2.6,0.00,pathseer:22
beir500k-f32,neg10_cat01,neg10,61585,pathseer,128,1,22,0.9909,0.9091,0.00007,11.425,17.882,18.368,11.069,10901.0,0.0,41286.5,6005.4,6.0,799.0,317.1,8.5,25780.4,5.0,0.00,pathseer:22
beir500k-f32,neg10_cat01,neg10,61585,pathseer,128,2,22,0.9909,0.9091,0.00007,11.267,18.003,19.742,11.404,10901.0,0.0,41286.5,6005.4,6.0,799.0,317.1,8.5,25780.4,5.0,0.00,pathseer:22
beir500k-f32,neg10_cat01,neg10,61585,pathseer,128,3,22,0.9909,0.9091,0.00007,11.394,18.056,18.572,11.129,10901.0,0.0,41286.5,6005.4,6.0,799.0,317.1,8.5,25780.4,5.0,0.00,pathseer:22
beir500k-f32,neg10_cat01,neg10,61585,pathseer,256,1,22,0.9955,0.9545,0.00006,17.638,26.439,27.108,17.751,17575.7,0.0,58709.5,9308.5,11.0,1377.0,648.7,15.8,34233.5,10.1,0.00,pathseer:22
beir500k-f32,neg10_cat01,neg10,61585,pathseer,256,2,22,0.9955,0.9545,0.00006,17.633,26.340,27.087,17.717,17575.7,0.0,58709.5,9308.5,11.0,1377.0,648.7,15.8,34233.5,10.1,0.00,pathseer:22
beir500k-f32,neg10_cat01,neg10,61585,pathseer,256,3,22,0.9955,0.9545,0.00006,17.668,26.442,26.914,17.735,17575.7,0.0,58709.5,9308.5,11.0,1377.0,648.7,15.8,34233.5,10.1,0.00,pathseer:22
beir500k-f32,neg10_cat01,neg10,61585,pathseer,512,1,22,0.9955,0.9545,0.00006,29.306,36.226,37.602,27.027,27119.6,0.0,82467.5,13799.1,25.0,2664.0,1524.4,31.1,45443.9,23.8,0.00,pathseer:22
beir500k-f32,neg10_cat01,neg10,61585,pathseer,512,2,22,0.9955,0.9545,0.00006,29.586,36.169,37.985,27.015,27119.6,0.0,82467.5,13799.1,25.0,2664.0,1524.4,31.1,45443.9,23.8,0.00,pathseer:22
beir500k-f32,neg10_cat01,neg10,61585,pathseer,512,3,22,0.9955,0.9545,0.00006,30.869,36.523,37.944,27.250,27119.6,0.0,82467.5,13799.1,25.0,2664.0,1524.4,31.1,45443.9,23.8,0.00,pathseer:22
beir500k-f32,neg10_cat02,neg10,55947,sweeping,64,1,60,0.9717,0.7667,0.00036,22.304,50.834,56.723,25.385,42144.9,0.0,11109.1,6457.2,3.0,152.0,0.0,0.0,0.0,0.0,0.00,sweeping:60
beir500k-f32,neg10_cat02,neg10,55947,sweeping,64,2,60,0.9717,0.7667,0.00036,23.024,50.553,54.929,25.535,42144.9,0.0,11109.1,6457.2,3.0,152.0,0.0,0.0,0.0,0.0,0.00,sweeping:60
beir500k-f32,neg10_cat02,neg10,55947,sweeping,64,3,60,0.9717,0.7667,0.00036,22.260,51.356,55.422,25.651,42144.9,0.0,11109.1,6457.2,3.0,152.0,0.0,0.0,0.0,0.0,0.00,sweeping:60
beir500k-f32,neg10_cat02,neg10,55947,sweeping,128,1,60,0.9867,0.8667,0.00019,31.139,66.370,70.521,34.292,54743.5,0.0,15345.0,9061.5,5.0,295.0,0.0,0.0,0.0,0.0,0.00,sweeping:60
beir500k-f32,neg10_cat02,neg10,55947,sweeping,128,2,60,0.9867,0.8667,0.00019,31.045,67.193,70.440,34.259,54743.5,0.0,15345.0,9061.5,5.0,295.0,0.0,0.0,0.0,0.0,0.00,sweeping:60
beir500k-f32,neg10_cat02,neg10,55947,sweeping,128,3,60,0.9867,0.8667,0.00019,32.133,68.127,70.798,34.388,54743.5,0.0,15345.0,9061.5,5.0,295.0,0.0,0.0,0.0,0.0,0.00,sweeping:60
beir500k-f32,neg10_cat02,neg10,55947,sweeping,256,1,60,0.9917,0.9167,0.00014,44.585,82.727,92.975,46.348,72461.5,0.0,21215.1,12780.3,9.0,564.0,0.0,0.0,0.0,0.0,0.00,sweeping:60
beir500k-f32,neg10_cat02,neg10,55947,sweeping,256,2,60,0.9917,0.9167,0.00014,45.195,84.058,90.438,46.407,72461.5,0.0,21215.1,12780.3,9.0,564.0,0.0,0.0,0.0,0.0,0.00,sweeping:60
beir500k-f32,neg10_cat02,neg10,55947,sweeping,256,3,60,0.9917,0.9167,0.00014,44.205,83.472,92.209,46.286,72461.5,0.0,21215.1,12780.3,9.0,564.0,0.0,0.0,0.0,0.0,0.00,sweeping:60
beir500k-f32,neg10_cat02,neg10,55947,sweeping,512,1,60,0.9967,0.9667,0.00003,60.089,109.328,113.871,62.709,97495.4,0.0,29536.6,18131.8,18.0,1082.0,0.0,0.0,0.0,0.0,0.00,sweeping:60
beir500k-f32,neg10_cat02,neg10,55947,sweeping,512,2,60,0.9967,0.9667,0.00003,61.046,109.725,118.204,63.614,97495.4,0.0,29536.6,18131.8,18.0,1082.0,0.0,0.0,0.0,0.0,0.00,sweeping:60
beir500k-f32,neg10_cat02,neg10,55947,sweeping,512,3,60,0.9967,0.9667,0.00003,61.375,110.270,114.819,64.116,97495.4,0.0,29536.6,18131.8,18.0,1082.0,0.0,0.0,0.0,0.0,0.00,sweeping:60
beir500k-f32,neg10_cat02,neg10,55947,acorn,64,1,60,0.9067,0.4333,0.00194,1.784,2.214,2.391,1.806,2321.8,10.0,15144.5,67.2,3.0,3.0,0.0,0.0,0.0,0.0,0.00,acorn:59|rre:1
beir500k-f32,neg10_cat02,neg10,55947,acorn,64,2,60,0.9067,0.4333,0.00194,1.790,2.329,2.442,1.804,2321.8,10.0,15144.5,67.2,3.0,3.0,0.0,0.0,0.0,0.0,0.00,acorn:59|rre:1
beir500k-f32,neg10_cat02,neg10,55947,acorn,64,3,60,0.9067,0.4333,0.00194,1.832,2.383,2.430,1.850,2321.8,10.0,15144.5,67.2,3.0,3.0,0.0,0.0,0.0,0.0,0.00,acorn:59|rre:1
beir500k-f32,neg10_cat02,neg10,55947,acorn,128,1,60,0.9583,0.6667,0.00082,2.978,3.714,4.012,3.056,3892.9,10.0,23532.3,130.6,4.0,4.0,0.0,0.0,0.0,0.0,0.00,acorn:59|rre:1
beir500k-f32,neg10_cat02,neg10,55947,acorn,128,2,60,0.9583,0.6667,0.00082,2.972,3.642,3.985,2.997,3892.9,10.0,23532.3,130.6,4.0,4.0,0.0,0.0,0.0,0.0,0.00,acorn:59|rre:1
beir500k-f32,neg10_cat02,neg10,55947,acorn,128,3,60,0.9583,0.6667,0.00082,2.940,3.551,3.567,2.911,3892.9,10.0,23532.3,130.6,4.0,4.0,0.0,0.0,0.0,0.0,0.00,acorn:59|rre:1
beir500k-f32,neg10_cat02,neg10,55947,acorn,256,1,60,0.9750,0.8000,0.00041,5.044,5.710,5.757,4.933,6406.4,10.0,35677.2,258.2,7.0,7.0,0.0,0.0,0.0,0.0,0.00,acorn:59|rre:1
beir500k-f32,neg10_cat02,neg10,55947,acorn,256,2,60,0.9750,0.8000,0.00041,5.139,5.926,5.984,5.093,6406.4,10.0,35677.2,258.2,7.0,7.0,0.0,0.0,0.0,0.0,0.00,acorn:59|rre:1
beir500k-f32,neg10_cat02,neg10,55947,acorn,256,3,60,0.9750,0.8000,0.00041,4.898,5.734,6.171,4.893,6406.4,10.0,35677.2,258.2,7.0,7.0,0.0,0.0,0.0,0.0,0.00,acorn:59|rre:1
beir500k-f32,neg10_cat02,neg10,55947,acorn,512,1,60,0.9867,0.8833,0.00016,8.295,9.377,9.565,8.249,10411.6,10.0,53249.6,514.2,12.0,11.0,0.0,0.0,0.0,0.0,0.00,acorn:59|rre:1
beir500k-f32,neg10_cat02,neg10,55947,acorn,512,2,60,0.9867,0.8833,0.00016,8.376,9.457,9.832,8.334,10411.6,10.0,53249.6,514.2,12.0,11.0,0.0,0.0,0.0,0.0,0.00,acorn:59|rre:1
beir500k-f32,neg10_cat02,neg10,55947,acorn,512,3,60,0.9867,0.8833,0.00016,8.415,9.683,9.958,8.393,10411.6,10.0,53249.6,514.2,12.0,11.0,0.0,0.0,0.0,0.0,0.00,acorn:59|rre:1
beir500k-f32,neg10_cat02,neg10,55947,pathseer,64,1,60,0.9467,0.6000,0.00081,4.514,13.786,14.256,5.897,6152.1,0.0,27110.8,2838.4,3.0,143.0,138.7,5.2,19142.0,2.2,0.00,pathseer:60
beir500k-f32,neg10_cat02,neg10,55947,pathseer,64,2,60,0.9467,0.6000,0.00081,4.569,13.606,13.987,6.009,6152.1,0.0,27110.8,2838.4,3.0,143.0,138.7,5.2,19142.0,2.2,0.00,pathseer:60
beir500k-f32,neg10_cat02,neg10,55947,pathseer,64,3,60,0.9467,0.6000,0.00081,4.609,13.259,14.119,5.872,6152.1,0.0,27110.8,2838.4,3.0,143.0,138.7,5.2,19142.0,2.2,0.00,pathseer:60
beir500k-f32,neg10_cat02,neg10,55947,pathseer,128,1,60,0.9817,0.8167,0.00021,7.989,19.296,20.429,9.540,9986.5,0.0,37137.3,4560.1,5.0,277.0,251.7,10.1,24471.8,3.9,0.00,pathseer:60
beir500k-f32,neg10_cat02,neg10,55947,pathseer,128,2,60,0.9817,0.8167,0.00021,8.179,19.416,20.577,9.650,9986.5,0.0,37137.3,4560.1,5.0,277.0,251.7,10.1,24471.8,3.9,0.00,pathseer:60
beir500k-f32,neg10_cat02,neg10,55947,pathseer,128,3,60,0.9817,0.8167,0.00021,7.903,19.476,20.800,9.562,9986.5,0.0,37137.3,4560.1,5.0,277.0,251.7,10.1,24471.8,3.9,0.00,pathseer:60
beir500k-f32,neg10_cat02,neg10,55947,pathseer,256,1,60,0.9867,0.8667,0.00019,13.617,27.647,29.999,15.652,16226.4,0.0,51373.4,7388.9,9.0,528.0,503.5,21.0,31053.0,7.9,0.00,pathseer:60
beir500k-f32,neg10_cat02,neg10,55947,pathseer,256,2,60,0.9867,0.8667,0.00019,13.958,27.829,30.912,15.791,16226.4,0.0,51373.4,7388.9,9.0,528.0,503.5,21.0,31053.0,7.9,0.00,pathseer:60
beir500k-f32,neg10_cat02,neg10,55947,pathseer,256,3,60,0.9867,0.8667,0.00019,13.550,26.847,30.125,15.606,16226.4,0.0,51373.4,7388.9,9.0,528.0,503.5,21.0,31053.0,7.9,0.00,pathseer:60
beir500k-f32,neg10_cat02,neg10,55947,pathseer,512,1,60,0.9950,0.9500,0.00005,22.787,39.600,43.004,24.542,25531.6,0.0,71170.1,11481.1,17.0,1047.0,1026.1,41.6,39798.1,16.0,0.00,pathseer:60
beir500k-f32,neg10_cat02,neg10,55947,pathseer,512,2,60,0.9950,0.9500,0.00005,22.943,39.858,44.660,24.318,25531.6,0.0,71170.1,11481.1,17.0,1047.0,1026.1,41.6,39798.1,16.0,0.00,pathseer:60
beir500k-f32,neg10_cat02,neg10,55947,pathseer,512,3,60,0.9950,0.9500,0.00005,22.637,39.224,43.581,24.327,25531.6,0.0,71170.1,11481.1,17.0,1047.0,1026.1,41.6,39798.1,16.0,0.00,pathseer:60
beir500k-f32,neg10_cat03,neg10,66486,sweeping,64,1,55,0.8509,0.3636,0.00271,20.954,41.944,46.882,22.722,39452.6,0.0,12508.5,4675.0,3.0,266.0,0.0,0.0,0.0,0.0,0.00,sweeping:55
beir500k-f32,neg10_cat03,neg10,66486,sweeping,64,2,55,0.8509,0.3636,0.00271,21.230,41.960,48.588,22.889,39452.6,0.0,12508.5,4675.0,3.0,266.0,0.0,0.0,0.0,0.0,0.00,sweeping:55
beir500k-f32,neg10_cat03,neg10,66486,sweeping,64,3,55,0.8509,0.3636,0.00271,20.926,42.541,47.037,22.668,39452.6,0.0,12508.5,4675.0,3.0,266.0,0.0,0.0,0.0,0.0,0.00,sweeping:55
beir500k-f32,neg10_cat03,neg10,66486,sweeping,128,1,55,0.9055,0.5455,0.00163,26.827,52.626,60.956,29.449,49701.7,0.0,16895.0,6169.8,5.0,501.0,0.0,0.0,0.0,0.0,0.00,sweeping:55
beir500k-f32,neg10_cat03,neg10,66486,sweeping,128,2,55,0.9055,0.5455,0.00163,26.718,52.795,60.335,29.423,49701.7,0.0,16895.0,6169.8,5.0,501.0,0.0,0.0,0.0,0.0,0.00,sweeping:55
beir500k-f32,neg10_cat03,neg10,66486,sweeping,128,3,55,0.9055,0.5455,0.00163,26.889,53.433,58.951,29.557,49701.7,0.0,16895.0,6169.8,5.0,501.0,0.0,0.0,0.0,0.0,0.00,sweeping:55
beir500k-f32,neg10_cat03,neg10,66486,sweeping,256,1,55,0.9527,0.7273,0.00070,34.931,67.055,75.104,38.310,63665.7,0.0,22679.3,8297.7,10.0,830.0,0.0,0.0,0.0,0.0,0.00,sweeping:55
beir500k-f32,neg10_cat03,neg10,66486,sweeping,256,2,55,0.9527,0.7273,0.00070,35.087,68.851,77.637,38.562,63665.7,0.0,22679.3,8297.7,10.0,830.0,0.0,0.0,0.0,0.0,0.00,sweeping:55
beir500k-f32,neg10_cat03,neg10,66486,sweeping,256,3,55,0.9527,0.7273,0.00070,34.477,64.900,74.905,38.220,63665.7,0.0,22679.3,8297.7,10.0,830.0,0.0,0.0,0.0,0.0,0.00,sweeping:55
beir500k-f32,neg10_cat03,neg10,66486,sweeping,512,1,55,0.9873,0.9273,0.00023,44.731,88.406,102.196,51.171,83393.3,0.0,30312.4,11513.4,19.0,1595.0,0.0,0.0,0.0,0.0,0.00,sweeping:55
beir500k-f32,neg10_cat03,neg10,66486,sweeping,512,2,55,0.9873,0.9273,0.00023,44.979,86.608,93.397,50.674,83393.3,0.0,30312.4,11513.4,19.0,1595.0,0.0,0.0,0.0,0.0,0.00,sweeping:55
beir500k-f32,neg10_cat03,neg10,66486,sweeping,512,3,55,0.9873,0.9273,0.00023,45.508,86.025,90.510,50.675,83393.3,0.0,30312.4,11513.4,19.0,1595.0,0.0,0.0,0.0,0.0,0.00,sweeping:55
beir500k-f32,neg10_cat03,neg10,66486,acorn,64,1,55,0.7618,0.2000,0.00443,1.595,2.091,2.240,1.547,2256.1,10.0,10703.2,69.6,3.0,3.0,0.0,0.0,0.0,0.0,0.00,acorn:50|rre:5
beir500k-f32,neg10_cat03,neg10,66486,acorn,64,2,55,0.7618,0.2000,0.00443,1.647,2.204,2.323,1.581,2256.1,10.0,10703.2,69.6,3.0,3.0,0.0,0.0,0.0,0.0,0.00,acorn:50|rre:5
beir500k-f32,neg10_cat03,neg10,66486,acorn,64,3,55,0.7618,0.2000,0.00443,1.621,2.144,2.282,1.580,2256.1,10.0,10703.2,69.6,3.0,3.0,0.0,0.0,0.0,0.0,0.00,acorn:50|rre:5
beir500k-f32,neg10_cat03,neg10,66486,acorn,128,1,55,0.8600,0.3455,0.00253,2.719,3.404,3.537,2.583,3738.8,10.0,16594.9,133.2,4.0,4.0,0.0,0.0,0.0,0.0,0.00,acorn:50|rre:5
beir500k-f32,neg10_cat03,neg10,66486,acorn,128,2,55,0.8600,0.3455,0.00253,2.729,3.408,3.475,2.580,3738.8,10.0,16594.9,133.2,4.0,4.0,0.0,0.0,0.0,0.0,0.00,acorn:50|rre:5
beir500k-f32,neg10_cat03,neg10,66486,acorn,128,3,55,0.8600,0.3455,0.00253,2.705,3.406,3.442,2.579,3738.8,10.0,16594.9,133.2,4.0,4.0,0.0,0.0,0.0,0.0,0.00,acorn:50|rre:5
beir500k-f32,neg10_cat03,neg10,66486,acorn,256,1,55,0.9327,0.5636,0.00122,4.536,5.437,5.555,4.313,6120.8,10.0,25136.6,259.1,7.0,7.0,0.0,0.0,0.0,0.0,0.00,acorn:50|rre:5
beir500k-f32,neg10_cat03,neg10,66486,acorn,256,2,55,0.9327,0.5636,0.00122,4.548,5.364,5.441,4.263,6120.8,10.0,25136.6,259.1,7.0,7.0,0.0,0.0,0.0,0.0,0.00,acorn:50|rre:5
beir500k-f32,neg10_cat03,neg10,66486,acorn,256,3,55,0.9327,0.5636,0.00122,4.557,5.311,5.481,4.272,6120.8,10.0,25136.6,259.1,7.0,7.0,0.0,0.0,0.0,0.0,0.00,acorn:50|rre:5
beir500k-f32,neg10_cat03,neg10,66486,acorn,512,1,55,0.9727,0.7818,0.00051,7.492,8.506,8.836,7.121,9920.9,10.0,37798.2,514.7,13.0,13.0,0.0,0.0,0.0,0.0,0.00,acorn:50|rre:5
beir500k-f32,neg10_cat03,neg10,66486,acorn,512,2,55,0.9727,0.7818,0.00051,7.502,8.809,8.882,7.146,9920.9,10.0,37798.2,514.7,13.0,13.0,0.0,0.0,0.0,0.0,0.00,acorn:50|rre:5
beir500k-f32,neg10_cat03,neg10,66486,acorn,512,3,55,0.9727,0.7818,0.00051,7.612,8.977,9.186,7.307,9920.9,10.0,37798.2,514.7,13.0,13.0,0.0,0.0,0.0,0.0,0.00,acorn:50|rre:5
beir500k-f32,neg10_cat03,neg10,66486,pathseer,64,1,55,0.8255,0.3273,0.00318,5.586,14.449,17.260,6.631,7583.4,0.0,26137.4,2704.9,3.0,266.0,144.3,8.1,16954.3,2.3,0.00,pathseer:55
beir500k-f32,neg10_cat03,neg10,66486,pathseer,64,2,55,0.8255,0.3273,0.00318,5.465,14.718,17.377,6.595,7583.4,0.0,26137.4,2704.9,3.0,266.0,144.3,8.1,16954.3,2.3,0.00,pathseer:55
beir500k-f32,neg10_cat03,neg10,66486,pathseer,64,3,55,0.8255,0.3273,0.00318,5.574,14.420,17.517,6.640,7583.4,0.0,26137.4,2704.9,3.0,266.0,144.3,8.1,16954.3,2.3,0.00,pathseer:55
beir500k-f32,neg10_cat03,neg10,66486,pathseer,128,1,55,0.8836,0.4909,0.00200,8.496,21.309,23.556,10.136,11985.5,0.0,34577.7,3888.4,5.0,435.0,257.2,14.9,20684.0,4.0,0.00,pathseer:55
beir500k-f32,neg10_cat03,neg10,66486,pathseer,128,2,55,0.8836,0.4909,0.00200,8.444,21.040,23.533,10.114,11985.5,0.0,34577.7,3888.4,5.0,435.0,257.2,14.9,20684.0,4.0,0.00,pathseer:55
beir500k-f32,neg10_cat03,neg10,66486,pathseer,128,3,55,0.8836,0.4909,0.00200,8.603,20.640,24.387,10.147,11985.5,0.0,34577.7,3888.4,5.0,435.0,257.2,14.9,20684.0,4.0,0.00,pathseer:55
beir500k-f32,neg10_cat03,neg10,66486,pathseer,256,1,55,0.9473,0.6727,0.00079,13.154,29.570,32.230,15.316,18405.1,0.0,46215.6,5566.8,9.0,808.0,524.8,30.0,25654.2,8.2,0.00,pathseer:55
beir500k-f32,neg10_cat03,neg10,66486,pathseer,256,2,55,0.9473,0.6727,0.00079,13.252,29.414,32.568,15.343,18405.1,0.0,46215.6,5566.8,9.0,808.0,524.8,30.0,25654.2,8.2,0.00,pathseer:55
beir500k-f32,neg10_cat03,neg10,66486,pathseer,256,3,55,0.9473,0.6727,0.00079,12.894,28.896,31.605,14.958,18405.1,0.0,46215.6,5566.8,9.0,808.0,524.8,30.0,25654.2,8.2,0.00,pathseer:55
beir500k-f32,neg10_cat03,neg10,66486,pathseer,512,1,55,0.9836,0.8909,0.00025,21.826,40.584,41.131,23.035,28402.9,0.0,64798.3,8445.7,18.0,1382.0,1119.4,50.6,33656.6,17.5,0.00,pathseer:55
beir500k-f32,neg10_cat03,neg10,66486,pathseer,512,2,55,0.9836,0.8909,0.00025,21.869,40.316,41.121,23.010,28402.9,0.0,64798.3,8445.7,18.0,1382.0,1119.4,50.6,33656.6,17.5,0.00,pathseer:55
beir500k-f32,neg10_cat03,neg10,66486,pathseer,512,3,55,0.9836,0.8909,0.00025,21.936,39.344,43.724,22.920,28402.9,0.0,64798.3,8445.7,18.0,1382.0,1119.4,50.6,33656.6,17.5,0.00,pathseer:55
beir500k-f32,neg10_cat04,neg10,52652,sweeping,64,1,57,0.9544,0.7193,0.00042,20.603,32.846,34.857,20.418,30366.6,0.0,11084.4,6669.4,3.0,292.0,0.0,0.0,0.0,0.0,0.00,sweeping:57
beir500k-f32,neg10_cat04,neg10,52652,sweeping,64,2,57,0.9544,0.7193,0.00042,20.570,32.611,35.172,20.289,30366.6,0.0,11084.4,6669.4,3.0,292.0,0.0,0.0,0.0,0.0,0.00,sweeping:57
beir500k-f32,neg10_cat04,neg10,52652,sweeping,64,3,57,0.9544,0.7193,0.00042,20.282,32.275,35.087,20.206,30366.6,0.0,11084.4,6669.4,3.0,292.0,0.0,0.0,0.0,0.0,0.00,sweeping:57
beir500k-f32,neg10_cat04,neg10,52652,sweeping,128,1,57,0.9825,0.8596,0.00024,25.122,38.852,42.847,25.487,37255.4,0.0,14212.5,8475.8,6.0,597.0,0.0,0.0,0.0,0.0,0.00,sweeping:57
beir500k-f32,neg10_cat04,neg10,52652,sweeping,128,2,57,0.9825,0.8596,0.00024,25.978,39.135,43.017,25.573,37255.4,0.0,14212.5,8475.8,6.0,597.0,0.0,0.0,0.0,0.0,0.00,sweeping:57
beir500k-f32,neg10_cat04,neg10,52652,sweeping,128,3,57,0.9825,0.8596,0.00024,25.688,39.388,42.749,25.483,37255.4,0.0,14212.5,8475.8,6.0,597.0,0.0,0.0,0.0,0.0,0.00,sweeping:57
beir500k-f32,neg10_cat04,neg10,52652,sweeping,256,1,57,0.9965,0.9649,0.00004,31.823,50.671,55.291,32.386,46638.0,0.0,18086.9,10828.6,11.0,1160.0,0.0,0.0,0.0,0.0,0.00,sweeping:57
beir500k-f32,neg10_cat04,neg10,52652,sweeping,256,2,57,0.9965,0.9649,0.00004,31.764,50.720,55.024,32.248,46638.0,0.0,18086.9,10828.6,11.0,1160.0,0.0,0.0,0.0,0.0,0.00,sweeping:57
beir500k-f32,neg10_cat04,neg10,52652,sweeping,256,3,57,0.9965,0.9649,0.00004,31.514,50.894,56.001,32.285,46638.0,0.0,18086.9,10828.6,11.0,1160.0,0.0,0.0,0.0,0.0,0.00,sweeping:57
beir500k-f32,neg10_cat04,neg10,52652,sweeping,512,1,57,1.0000,1.0000,0.00000,42.566,68.929,75.189,42.638,59818.8,0.0,23089.0,13956.1,22.0,2033.0,0.0,0.0,0.0,0.0,0.00,sweeping:57
beir500k-f32,neg10_cat04,neg10,52652,sweeping,512,2,57,1.0000,1.0000,0.00000,41.278,61.855,72.262,42.166,59818.8,0.0,23089.0,13956.1,22.0,2033.0,0.0,0.0,0.0,0.0,0.00,sweeping:57
beir500k-f32,neg10_cat04,neg10,52652,sweeping,512,3,57,1.0000,1.0000,0.00000,41.002,61.528,70.375,41.958,59818.8,0.0,23089.0,13956.1,22.0,2033.0,0.0,0.0,0.0,0.0,0.00,sweeping:57
beir500k-f32,neg10_cat04,neg10,52652,acorn,64,1,57,0.8579,0.3333,0.00309,1.577,2.294,2.528,1.570,2104.3,10.0,10924.4,68.8,3.0,3.0,0.0,0.0,0.0,0.0,0.00,acorn:56|rre:1
beir500k-f32,neg10_cat04,neg10,52652,acorn,64,2,57,0.8579,0.3333,0.00309,1.600,2.259,2.551,1.560,2104.3,10.0,10924.4,68.8,3.0,3.0,0.0,0.0,0.0,0.0,0.00,acorn:56|rre:1
beir500k-f32,neg10_cat04,neg10,52652,acorn,64,3,57,0.8579,0.3333,0.00309,1.618,2.191,2.580,1.558,2104.3,10.0,10924.4,68.8,3.0,3.0,0.0,0.0,0.0,0.0,0.00,acorn:56|rre:1
beir500k-f32,neg10_cat04,neg10,52652,acorn,128,1,57,0.9158,0.5263,0.00205,2.559,3.429,3.788,2.547,3459.2,10.0,16525.0,131.8,5.0,5.0,0.0,0.0,0.0,0.0,0.00,acorn:56|rre:1
beir500k-f32,neg10_cat04,neg10,52652,acorn,128,2,57,0.9158,0.5263,0.00205,2.600,3.424,3.798,2.540,3459.2,10.0,16525.0,131.8,5.0,5.0,0.0,0.0,0.0,0.0,0.00,acorn:56|rre:1
beir500k-f32,neg10_cat04,neg10,52652,acorn,128,3,57,0.9158,0.5263,0.00205,2.632,3.511,3.806,2.558,3459.2,10.0,16525.0,131.8,5.0,5.0,0.0,0.0,0.0,0.0,0.00,acorn:56|rre:1
beir500k-f32,neg10_cat04,neg10,52652,acorn,256,1,57,0.9526,0.7018,0.00119,4.257,6.162,6.217,4.267,5571.2,10.0,25157.6,258.9,8.0,8.0,0.0,0.0,0.0,0.0,0.00,acorn:56|rre:1
beir500k-f32,neg10_cat04,neg10,52652,acorn,256,2,57,0.9526,0.7018,0.00119,4.302,5.686,6.150,4.254,5571.2,10.0,25157.6,258.9,8.0,8.0,0.0,0.0,0.0,0.0,0.00,acorn:56|rre:1
beir500k-f32,neg10_cat04,neg10,52652,acorn,256,3,57,0.9526,0.7018,0.00119,4.260,5.565,6.485,4.175,5571.2,10.0,25157.6,258.9,8.0,8.0,0.0,0.0,0.0,0.0,0.00,acorn:56|rre:1
beir500k-f32,neg10_cat04,neg10,52652,acorn,512,1,57,0.9737,0.8070,0.00075,6.974,9.183,10.157,6.909,8882.7,10.0,37684.1,514.7,15.0,14.0,0.0,0.0,0.0,0.0,0.00,acorn:56|rre:1
beir500k-f32,neg10_cat04,neg10,52652,acorn,512,2,57,0.9737,0.8070,0.00075,7.077,9.225,9.865,6.940,8882.7,10.0,37684.1,514.7,15.0,14.0,0.0,0.0,0.0,0.0,0.00,acorn:56|rre:1
beir500k-f32,neg10_cat04,neg10,52652,acorn,512,3,57,0.9737,0.8070,0.00075,7.082,9.333,10.368,7.060,8882.7,10.0,37684.1,514.7,15.0,14.0,0.0,0.0,0.0,0.0,0.00,acorn:56|rre:1
beir500k-f32,neg10_cat04,neg10,52652,pathseer,64,1,57,0.9439,0.6667,0.00064,6.389,10.940,11.603,6.157,6176.1,0.0,22958.1,3202.6,3.0,267.0,149.3,6.8,14457.1,2.3,0.00,pathseer:57
beir500k-f32,neg10_cat04,neg10,52652,pathseer,64,2,57,0.9439,0.6667,0.00064,6.382,10.559,11.273,6.120,6176.1,0.0,22958.1,3202.6,3.0,267.0,149.3,6.8,14457.1,2.3,0.00,pathseer:57
beir500k-f32,neg10_cat04,neg10,52652,pathseer,64,3,57,0.9439,0.6667,0.00064,6.373,10.882,11.047,6.062,6176.1,0.0,22958.1,3202.6,3.0,267.0,149.3,6.8,14457.1,2.3,0.00,pathseer:57
beir500k-f32,neg10_cat04,neg10,52652,pathseer,128,1,57,0.9719,0.7895,0.00036,9.959,15.733,15.845,9.554,9856.1,0.0,30219.4,4920.7,5.0,564.0,287.4,12.6,16999.5,4.5,0.00,pathseer:57
beir500k-f32,neg10_cat04,neg10,52652,pathseer,128,2,57,0.9719,0.7895,0.00036,10.114,15.440,15.890,9.604,9856.1,0.0,30219.4,4920.7,5.0,564.0,287.4,12.6,16999.5,4.5,0.00,pathseer:57
beir500k-f32,neg10_cat04,neg10,52652,pathseer,128,3,57,0.9719,0.7895,0.00036,10.169,15.851,16.199,9.707,9856.1,0.0,30219.4,4920.7,5.0,564.0,287.4,12.6,16999.5,4.5,0.00,pathseer:57
beir500k-f32,neg10_cat04,neg10,52652,pathseer,256,1,57,0.9930,0.9298,0.00014,14.984,21.138,22.165,14.605,15263.3,0.0,39463.4,7268.0,10.0,1112.0,596.2,24.0,19551.7,9.3,0.00,pathseer:57
beir500k-f32,neg10_cat04,neg10,52652,pathseer,256,2,57,0.9930,0.9298,0.00014,15.246,21.262,22.470,14.698,15263.3,0.0,39463.4,7268.0,10.0,1112.0,596.2,24.0,19551.7,9.3,0.00,pathseer:57
beir500k-f32,neg10_cat04,neg10,52652,pathseer,256,3,57,0.9930,0.9298,0.00014,15.182,21.286,22.273,14.643,15263.3,0.0,39463.4,7268.0,10.0,1112.0,596.2,24.0,19551.7,9.3,0.00,pathseer:57
beir500k-f32,neg10_cat04,neg10,52652,pathseer,512,1,57,0.9982,0.9825,0.00002,21.502,29.114,31.380,21.438,22952.9,0.0,51971.3,10452.2,20.0,1995.0,1239.6,51.7,22794.5,19.4,0.00,pathseer:57
beir500k-f32,neg10_cat04,neg10,52652,pathseer,512,2,57,0.9982,0.9825,0.00002,21.948,29.810,31.648,21.588,22952.9,0.0,51971.3,10452.2,20.0,1995.0,1239.6,51.7,22794.5,19.4,0.00,pathseer:57
beir500k-f32,neg10_cat04,neg10,52652,pathseer,512,3,57,0.9982,0.9825,0.00002,21.868,30.284,31.871,22.027,22952.9,0.0,51971.3,10452.2,20.0,1995.0,1239.6,51.7,22794.5,19.4,0.00,pathseer:57
beir500k-f32,neg10_cat05,neg10,52680,sweeping,64,1,20,0.9900,0.9000,0.00004,27.549,57.447,58.564,26.951,43523.3,0.0,10503.0,7423.1,4.0,138.0,0.0,0.0,0.0,0.0,0.00,sweeping:20
beir500k-f32,neg10_cat05,neg10,52680,sweeping,64,2,20,0.9900,0.9000,0.00004,27.635,57.085,58.107,26.876,43523.3,0.0,10503.0,7423.1,4.0,138.0,0.0,0.0,0.0,0.0,0.00,sweeping:20
beir500k-f32,neg10_cat05,neg10,52680,sweeping,64,3,20,0.9900,0.9000,0.00004,27.360,57.543,58.164,26.935,43523.3,0.0,10503.0,7423.1,4.0,138.0,0.0,0.0,0.0,0.0,0.00,sweeping:20
beir500k-f32,neg10_cat05,neg10,52680,sweeping,128,1,20,1.0000,1.0000,0.00000,38.706,72.750,73.221,37.583,59144.9,0.0,15367.6,10984.3,5.0,305.0,0.0,0.0,0.0,0.0,0.00,sweeping:20
beir500k-f32,neg10_cat05,neg10,52680,sweeping,128,2,20,1.0000,1.0000,0.00000,38.794,72.759,73.195,37.723,59144.9,0.0,15367.6,10984.3,5.0,305.0,0.0,0.0,0.0,0.0,0.00,sweeping:20
beir500k-f32,neg10_cat05,neg10,52680,sweeping,128,3,20,1.0000,1.0000,0.00000,38.601,72.568,73.807,37.648,59144.9,0.0,15367.6,10984.3,5.0,305.0,0.0,0.0,0.0,0.0,0.00,sweeping:20
beir500k-f32,neg10_cat05,neg10,52680,sweeping,256,1,20,1.0000,1.0000,0.00000,55.858,93.640,96.438,52.982,80667.9,0.0,22785.3,16315.9,11.0,546.0,0.0,0.0,0.0,0.0,0.00,sweeping:20
beir500k-f32,neg10_cat05,neg10,52680,sweeping,256,2,20,1.0000,1.0000,0.00000,56.779,90.657,96.341,52.915,80667.9,0.0,22785.3,16315.9,11.0,546.0,0.0,0.0,0.0,0.0,0.00,sweeping:20
beir500k-f32,neg10_cat05,neg10,52680,sweeping,256,3,20,1.0000,1.0000,0.00000,55.564,92.117,96.435,53.093,80667.9,0.0,22785.3,16315.9,11.0,546.0,0.0,0.0,0.0,0.0,0.00,sweeping:20
beir500k-f32,neg10_cat05,neg10,52680,sweeping,512,1,20,1.0000,1.0000,0.00000,76.785,121.086,123.345,73.957,109605.7,0.0,33858.8,24001.3,23.0,1220.0,0.0,0.0,0.0,0.0,0.00,sweeping:20
beir500k-f32,neg10_cat05,neg10,52680,sweeping,512,2,20,1.0000,1.0000,0.00000,76.841,120.936,123.043,74.221,109605.7,0.0,33858.8,24001.3,23.0,1220.0,0.0,0.0,0.0,0.0,0.00,sweeping:20
beir500k-f32,neg10_cat05,neg10,52680,sweeping,512,3,20,1.0000,1.0000,0.00000,77.267,120.731,127.311,74.135,109605.7,0.0,33858.8,24001.3,23.0,1220.0,0.0,0.0,0.0,0.0,0.00,sweeping:20
beir500k-f32,neg10_cat05,neg10,52680,acorn,64,1,20,0.9050,0.4500,0.00299,1.897,2.308,2.360,1.871,2184.8,10.0,17018.8,66.5,3.0,3.0,0.0,0.0,0.0,0.0,0.00,acorn:20
beir500k-f32,neg10_cat05,neg10,52680,acorn,64,2,20,0.9050,0.4500,0.00299,1.877,2.228,2.321,1.856,2184.8,10.0,17018.8,66.5,3.0,3.0,0.0,0.0,0.0,0.0,0.00,acorn:20
beir500k-f32,neg10_cat05,neg10,52680,acorn,64,3,20,0.9050,0.4500,0.00299,1.946,2.265,2.486,1.916,2184.8,10.0,17018.8,66.5,3.0,3.0,0.0,0.0,0.0,0.0,0.00,acorn:20
beir500k-f32,neg10_cat05,neg10,52680,acorn,128,1,20,0.9500,0.7500,0.00156,3.222,3.666,3.921,3.131,3583.1,10.0,27396.8,130.6,5.0,5.0,0.0,0.0,0.0,0.0,0.00,acorn:20
beir500k-f32,neg10_cat05,neg10,52680,acorn,128,2,20,0.9500,0.7500,0.00156,3.108,3.523,3.710,3.059,3583.1,10.0,27396.8,130.6,5.0,5.0,0.0,0.0,0.0,0.0,0.00,acorn:20
beir500k-f32,neg10_cat05,neg10,52680,acorn,128,3,20,0.9500,0.7500,0.00156,3.074,3.535,3.665,3.036,3583.1,10.0,27396.8,130.6,5.0,5.0,0.0,0.0,0.0,0.0,0.00,acorn:20
beir500k-f32,neg10_cat05,neg10,52680,acorn,256,1,20,0.9750,0.7500,0.00085,5.122,5.844,6.139,5.044,5675.4,10.0,42094.5,258.4,7.0,7.0,0.0,0.0,0.0,0.0,0.00,acorn:20
beir500k-f32,neg10_cat05,neg10,52680,acorn,256,2,20,0.9750,0.7500,0.00085,5.212,5.793,6.212,5.011,5675.4,10.0,42094.5,258.4,7.0,7.0,0.0,0.0,0.0,0.0,0.00,acorn:20
beir500k-f32,neg10_cat05,neg10,52680,acorn,256,3,20,0.9750,0.7500,0.00085,5.131,5.751,6.166,4.992,5675.4,10.0,42094.5,258.4,7.0,7.0,0.0,0.0,0.0,0.0,0.00,acorn:20
beir500k-f32,neg10_cat05,neg10,52680,acorn,512,1,20,0.9900,0.9000,0.00016,8.367,9.868,10.064,8.311,8876.5,10.0,63150.9,514.4,14.0,13.0,0.0,0.0,0.0,0.0,0.00,acorn:20
beir500k-f32,neg10_cat05,neg10,52680,acorn,512,2,20,0.9900,0.9000,0.00016,8.542,9.951,10.947,8.378,8876.5,10.0,63150.9,514.4,14.0,13.0,0.0,0.0,0.0,0.0,0.00,acorn:20
beir500k-f32,neg10_cat05,neg10,52680,acorn,512,3,20,0.9900,0.9000,0.00016,8.543,10.388,11.261,8.577,8876.5,10.0,63150.9,514.4,14.0,13.0,0.0,0.0,0.0,0.0,0.00,acorn:20
beir500k-f32,neg10_cat05,neg10,52680,pathseer,64,1,20,0.9800,0.8500,0.00025,3.756,12.738,14.914,5.179,5147.2,0.0,24740.3,2669.3,3.0,130.0,147.2,8.7,17681.7,2.3,0.00,pathseer:20
beir500k-f32,neg10_cat05,neg10,52680,pathseer,64,2,20,0.9800,0.8500,0.00025,3.756,12.839,14.867,5.174,5147.2,0.0,24740.3,2669.3,3.0,130.0,147.2,8.7,17681.7,2.3,0.00,pathseer:20
beir500k-f32,neg10_cat05,neg10,52680,pathseer,64,3,20,0.9800,0.8500,0.00025,3.773,12.925,14.952,5.193,5147.2,0.0,24740.3,2669.3,3.0,130.0,147.2,8.7,17681.7,2.3,0.00,pathseer:20
beir500k-f32,neg10_cat05,neg10,52680,pathseer,128,1,20,0.9950,0.9500,0.00003,6.694,22.524,23.209,8.975,8876.9,0.0,37431.3,4648.8,5.0,282.0,265.6,14.9,25238.9,4.2,0.00,pathseer:20
beir500k-f32,neg10_cat05,neg10,52680,pathseer,128,2,20,0.9950,0.9500,0.00003,6.900,22.389,23.273,8.997,8876.9,0.0,37431.3,4648.8,5.0,282.0,265.6,14.9,25238.9,4.2,0.00,pathseer:20
beir500k-f32,neg10_cat05,neg10,52680,pathseer,128,3,20,0.9950,0.9500,0.00003,7.093,22.621,23.435,9.078,8876.9,0.0,37431.3,4648.8,5.0,282.0,265.6,14.9,25238.9,4.2,0.00,pathseer:20
beir500k-f32,neg10_cat05,neg10,52680,pathseer,256,1,20,1.0000,1.0000,0.00000,12.133,33.741,34.130,15.095,14513.2,0.0,54533.2,7651.6,10.0,539.0,553.6,28.9,34593.7,8.7,0.00,pathseer:20
beir500k-f32,neg10_cat05,neg10,52680,pathseer,256,2,20,1.0000,1.0000,0.00000,12.114,33.936,35.325,15.100,14513.2,0.0,54533.2,7651.6,10.0,539.0,553.6,28.9,34593.7,8.7,0.00,pathseer:20
beir500k-f32,neg10_cat05,neg10,52680,pathseer,256,3,20,1.0000,1.0000,0.00000,11.970,33.190,33.336,14.853,14513.2,0.0,54533.2,7651.6,10.0,539.0,553.6,28.9,34593.7,8.7,0.00,pathseer:20
beir500k-f32,neg10_cat05,neg10,52680,pathseer,512,1,20,1.0000,1.0000,0.00000,21.556,48.461,48.525,24.313,23669.9,0.0,79757.6,12469.5,20.0,1107.0,1241.6,56.2,47225.5,19.4,0.00,pathseer:20
beir500k-f32,neg10_cat05,neg10,52680,pathseer,512,2,20,1.0000,1.0000,0.00000,21.472,48.209,49.110,24.322,23669.9,0.0,79757.6,12469.5,20.0,1107.0,1241.6,56.2,47225.5,19.4,0.00,pathseer:20
beir500k-f32,neg10_cat05,neg10,52680,pathseer,512,3,20,1.0000,1.0000,0.00000,21.640,48.469,48.619,24.544,23669.9,0.0,79757.6,12469.5,20.0,1107.0,1241.6,56.2,47225.5,19.4,0.00,pathseer:20
beir500k-f32,neg10_cat06,neg10,73753,sweeping,64,1,49,0.9735,0.7347,0.00031,14.049,31.737,42.503,15.321,24486.0,0.0,7788.3,4471.2,3.0,240.0,0.0,0.0,0.0,0.0,0.00,sweeping:49
beir500k-f32,neg10_cat06,neg10,73753,sweeping,64,2,49,0.9735,0.7347,0.00031,14.228,31.935,43.059,15.428,24486.0,0.0,7788.3,4471.2,3.0,240.0,0.0,0.0,0.0,0.0,0.00,sweeping:49
beir500k-f32,neg10_cat06,neg10,73753,sweeping,64,3,49,0.9735,0.7347,0.00031,14.273,32.102,42.368,15.330,24486.0,0.0,7788.3,4471.2,3.0,240.0,0.0,0.0,0.0,0.0,0.00,sweeping:49
beir500k-f32,neg10_cat06,neg10,73753,sweeping,128,1,49,0.9816,0.8163,0.00011,18.416,40.263,52.470,19.628,30778.4,0.0,10308.8,5729.5,5.0,427.0,0.0,0.0,0.0,0.0,0.00,sweeping:49
beir500k-f32,neg10_cat06,neg10,73753,sweeping,128,2,49,0.9816,0.8163,0.00011,18.203,38.860,52.682,19.573,30778.4,0.0,10308.8,5729.5,5.0,427.0,0.0,0.0,0.0,0.0,0.00,sweeping:49
beir500k-f32,neg10_cat06,neg10,73753,sweeping,128,3,49,0.9816,0.8163,0.00011,18.296,38.728,52.093,19.590,30778.4,0.0,10308.8,5729.5,5.0,427.0,0.0,0.0,0.0,0.0,0.00,sweeping:49
beir500k-f32,neg10_cat06,neg10,73753,sweeping,256,1,49,0.9878,0.8776,0.00008,23.683,47.667,64.731,25.294,39634.7,0.0,13635.1,7369.2,10.0,771.0,0.0,0.0,0.0,0.0,0.00,sweeping:49
beir500k-f32,neg10_cat06,neg10,73753,sweeping,256,2,49,0.9878,0.8776,0.00008,23.801,47.808,64.937,25.359,39634.7,0.0,13635.1,7369.2,10.0,771.0,0.0,0.0,0.0,0.0,0.00,sweeping:49
beir500k-f32,neg10_cat06,neg10,73753,sweeping,256,3,49,0.9878,0.8776,0.00008,23.499,48.118,64.560,25.289,39634.7,0.0,13635.1,7369.2,10.0,771.0,0.0,0.0,0.0,0.0,0.00,sweeping:49
beir500k-f32,neg10_cat06,neg10,73753,sweeping,512,1,49,0.9959,0.9592,0.00002,31.424,60.439,80.024,33.811,52581.4,0.0,18155.1,9689.5,23.0,1405.0,0.0,0.0,0.0,0.0,0.00,sweeping:49
beir500k-f32,neg10_cat06,neg10,73753,sweeping,512,2,49,0.9959,0.9592,0.00002,30.484,60.582,80.382,33.829,52581.4,0.0,18155.1,9689.5,23.0,1405.0,0.0,0.0,0.0,0.0,0.00,sweeping:49
beir500k-f32,neg10_cat06,neg10,73753,sweeping,512,3,49,0.9959,0.9592,0.00002,30.617,60.424,80.250,33.858,52581.4,0.0,18155.1,9689.5,23.0,1405.0,0.0,0.0,0.0,0.0,0.00,sweeping:49
beir500k-f32,neg10_cat06,neg10,73753,acorn,64,1,49,0.8082,0.1837,0.00545,1.632,1.970,2.019,1.487,2182.2,10.0,10278.5,67.4,3.0,3.0,0.0,0.0,0.0,0.0,0.00,acorn:45|rre:4
beir500k-f32,neg10_cat06,neg10,73753,acorn,64,2,49,0.8082,0.1837,0.00545,1.649,1.967,2.026,1.522,2182.2,10.0,10278.5,67.4,3.0,3.0,0.0,0.0,0.0,0.0,0.00,acorn:45|rre:4
beir500k-f32,neg10_cat06,neg10,73753,acorn,64,3,49,0.8082,0.1837,0.00545,1.646,2.046,2.063,1.521,2182.2,10.0,10278.5,67.4,3.0,3.0,0.0,0.0,0.0,0.0,0.00,acorn:45|rre:4
beir500k-f32,neg10_cat06,neg10,73753,acorn,128,1,49,0.9020,0.4694,0.00241,2.688,3.343,3.629,2.574,3722.8,10.0,16036.3,131.9,5.0,5.0,0.0,0.0,0.0,0.0,0.00,acorn:45|rre:4
beir500k-f32,neg10_cat06,neg10,73753,acorn,128,2,49,0.9020,0.4694,0.00241,2.676,3.443,3.581,2.567,3722.8,10.0,16036.3,131.9,5.0,5.0,0.0,0.0,0.0,0.0,0.00,acorn:45|rre:4
beir500k-f32,neg10_cat06,neg10,73753,acorn,128,3,49,0.9020,0.4694,0.00241,2.666,3.325,3.550,2.559,3722.8,10.0,16036.3,131.9,5.0,5.0,0.0,0.0,0.0,0.0,0.00,acorn:45|rre:4
beir500k-f32,neg10_cat06,neg10,73753,acorn,256,1,49,0.9469,0.6327,0.00113,4.338,5.720,5.803,4.213,6123.7,10.0,24394.8,258.4,7.0,7.0,0.0,0.0,0.0,0.0,0.00,acorn:45|rre:4
beir500k-f32,neg10_cat06,neg10,73753,acorn,256,2,49,0.9469,0.6327,0.00113,4.445,5.619,5.779,4.260,6123.7,10.0,24394.8,258.4,7.0,7.0,0.0,0.0,0.0,0.0,0.00,acorn:45|rre:4
beir500k-f32,neg10_cat06,neg10,73753,acorn,256,3,49,0.9469,0.6327,0.00113,4.352,5.665,5.900,4.240,6123.7,10.0,24394.8,258.4,7.0,7.0,0.0,0.0,0.0,0.0,0.00,acorn:45|rre:4
beir500k-f32,neg10_cat06,neg10,73753,acorn,512,1,49,0.9694,0.7143,0.00076,7.234,9.372,10.176,7.008,9840.4,10.0,36869.0,514.2,14.0,13.0,0.0,0.0,0.0,0.0,0.00,acorn:45|rre:4
beir500k-f32,neg10_cat06,neg10,73753,acorn,512,2,49,0.9694,0.7143,0.00076,7.293,9.289,9.874,7.009,9840.4,10.0,36869.0,514.2,14.0,13.0,0.0,0.0,0.0,0.0,0.00,acorn:45|rre:4
beir500k-f32,neg10_cat06,neg10,73753,acorn,512,3,49,0.9694,0.7143,0.00076,7.385,9.191,9.613,6.984,9840.4,10.0,36869.0,514.2,14.0,13.0,0.0,0.0,0.0,0.0,0.00,acorn:45|rre:4
beir500k-f32,neg10_cat06,neg10,73753,pathseer,64,1,49,0.9490,0.6122,0.00075,4.347,11.758,16.230,5.171,5488.1,0.0,19269.4,2642.1,3.0,239.0,142.4,9.4,12088.4,2.2,0.00,pathseer:49
beir500k-f32,neg10_cat06,neg10,73753,pathseer,64,2,49,0.9490,0.6122,0.00075,4.443,11.725,16.250,5.177,5488.1,0.0,19269.4,2642.1,3.0,239.0,142.4,9.4,12088.4,2.2,0.00,pathseer:49
beir500k-f32,neg10_cat06,neg10,73753,pathseer,64,3,49,0.9490,0.6122,0.00075,4.353,11.815,16.399,5.270,5488.1,0.0,19269.4,2642.1,3.0,239.0,142.4,9.4,12088.4,2.2,0.00,pathseer:49
beir500k-f32,neg10_cat06,neg10,73753,pathseer,128,1,49,0.9796,0.8367,0.00011,6.950,16.635,21.508,7.949,8691.5,0.0,25218.6,3857.7,5.0,415.0,266.4,18.3,14439.4,4.2,0.00,pathseer:49
beir500k-f32,neg10_cat06,neg10,73753,pathseer,128,2,49,0.9796,0.8367,0.00011,7.005,16.421,21.550,7.955,8691.5,0.0,25218.6,3857.7,5.0,415.0,266.4,18.3,14439.4,4.2,0.00,pathseer:49
beir500k-f32,neg10_cat06,neg10,73753,pathseer,128,3,49,0.9796,0.8367,0.00011,6.982,16.617,21.506,7.928,8691.5,0.0,25218.6,3857.7,5.0,415.0,266.4,18.3,14439.4,4.2,0.00,pathseer:49
beir500k-f32,neg10_cat06,neg10,73753,pathseer,256,1,49,0.9878,0.8776,0.00008,11.168,23.994,28.757,12.129,13695.9,0.0,33424.9,5571.3,9.0,741.0,543.3,31.6,17291.7,8.5,0.00,pathseer:49
beir500k-f32,neg10_cat06,neg10,73753,pathseer,256,2,49,0.9878,0.8776,0.00008,11.245,23.997,28.520,12.206,13695.9,0.0,33424.9,5571.3,9.0,741.0,543.3,31.6,17291.7,8.5,0.00,pathseer:49
beir500k-f32,neg10_cat06,neg10,73753,pathseer,256,3,49,0.9878,0.8776,0.00008,11.552,24.244,40.662,12.757,13695.9,0.0,33424.9,5571.3,9.0,741.0,543.3,31.6,17291.7,8.5,0.00,pathseer:49
beir500k-f32,neg10_cat06,neg10,73753,pathseer,512,1,49,0.9959,0.9592,0.00002,17.214,32.429,38.669,18.236,20912.2,0.0,44370.3,7839.5,20.0,1337.0,1191.2,63.1,20881.3,18.6,0.00,pathseer:49
beir500k-f32,neg10_cat06,neg10,73753,pathseer,512,2,49,0.9959,0.9592,0.00002,17.308,32.503,39.026,18.112,20912.2,0.0,44370.3,7839.5,20.0,1337.0,1191.2,63.1,20881.3,18.6,0.00,pathseer:49
beir500k-f32,neg10_cat06,neg10,73753,pathseer,512,3,49,0.9959,0.9592,0.00002,17.137,32.600,38.355,17.997,20912.2,0.0,44370.3,7839.5,20.0,1337.0,1191.2,63.1,20881.3,18.6,0.00,pathseer:49
beir500k-f32,neg10_cat07,neg10,63741,sweeping,64,1,41,0.9585,0.7805,0.00102,20.361,46.402,65.100,23.357,40065.2,0.0,10256.6,4775.0,3.0,164.0,0.0,0.0,0.0,0.0,0.00,sweeping:41
beir500k-f32,neg10_cat07,neg10,63741,sweeping,64,2,41,0.9585,0.7805,0.00102,19.542,46.268,64.771,23.014,40065.2,0.0,10256.6,4775.0,3.0,164.0,0.0,0.0,0.0,0.0,0.00,sweeping:41
beir500k-f32,neg10_cat07,neg10,63741,sweeping,64,3,41,0.9585,0.7805,0.00102,19.448,46.114,65.024,22.918,40065.2,0.0,10256.6,4775.0,3.0,164.0,0.0,0.0,0.0,0.0,0.00,sweeping:41
beir500k-f32,neg10_cat07,neg10,63741,sweeping,128,1,41,0.9805,0.8537,0.00040,26.948,59.370,81.297,31.349,53672.0,0.0,14870.8,6833.0,5.0,331.0,0.0,0.0,0.0,0.0,0.00,sweeping:41
beir500k-f32,neg10_cat07,neg10,63741,sweeping,128,2,41,0.9805,0.8537,0.00040,26.831,58.820,81.594,31.423,53672.0,0.0,14870.8,6833.0,5.0,331.0,0.0,0.0,0.0,0.0,0.00,sweeping:41
beir500k-f32,neg10_cat07,neg10,63741,sweeping,128,3,41,0.9805,0.8537,0.00040,27.742,59.089,83.168,31.491,53672.0,0.0,14870.8,6833.0,5.0,331.0,0.0,0.0,0.0,0.0,0.00,sweeping:41
beir500k-f32,neg10_cat07,neg10,63741,sweeping,256,1,41,0.9878,0.9024,0.00030,37.371,79.904,105.577,43.341,72589.7,0.0,21340.6,9933.3,9.0,663.0,0.0,0.0,0.0,0.0,0.00,sweeping:41
beir500k-f32,neg10_cat07,neg10,63741,sweeping,256,2,41,0.9878,0.9024,0.00030,37.410,80.150,104.837,43.400,72589.7,0.0,21340.6,9933.3,9.0,663.0,0.0,0.0,0.0,0.0,0.00,sweeping:41
beir500k-f32,neg10_cat07,neg10,63741,sweeping,256,3,41,0.9878,0.9024,0.00030,38.320,79.808,106.363,43.571,72589.7,0.0,21340.6,9933.3,9.0,663.0,0.0,0.0,0.0,0.0,0.00,sweeping:41
beir500k-f32,neg10_cat07,neg10,63741,sweeping,512,1,41,0.9951,0.9512,0.00017,54.671,107.185,135.816,59.742,97563.1,0.0,30494.3,14436.9,19.0,1188.0,0.0,0.0,0.0,0.0,0.00,sweeping:41
beir500k-f32,neg10_cat07,neg10,63741,sweeping,512,2,41,0.9951,0.9512,0.00017,54.363,107.553,134.958,59.676,97563.1,0.0,30494.3,14436.9,19.0,1188.0,0.0,0.0,0.0,0.0,0.00,sweeping:41
beir500k-f32,neg10_cat07,neg10,63741,sweeping,512,3,41,0.9951,0.9512,0.00017,54.387,111.252,135.383,59.675,97563.1,0.0,30494.3,14436.9,19.0,1188.0,0.0,0.0,0.0,0.0,0.00,sweeping:41
beir500k-f32,neg10_cat07,neg10,63741,acorn,64,1,41,0.8585,0.5122,0.00351,1.430,2.100,2.195,1.451,1848.5,10.0,11774.1,68.0,4.0,4.0,0.0,0.0,0.0,0.0,0.00,acorn:38|rre:3
beir500k-f32,neg10_cat07,neg10,63741,acorn,64,2,41,0.8585,0.5122,0.00351,1.427,2.040,2.199,1.459,1848.5,10.0,11774.1,68.0,4.0,4.0,0.0,0.0,0.0,0.0,0.00,acorn:38|rre:3
beir500k-f32,neg10_cat07,neg10,63741,acorn,64,3,41,0.8585,0.5122,0.00351,1.488,2.211,2.523,1.531,1848.5,10.0,11774.1,68.0,4.0,4.0,0.0,0.0,0.0,0.0,0.00,acorn:38|rre:3
beir500k-f32,neg10_cat07,neg10,63741,acorn,128,1,41,0.9463,0.7073,0.00107,2.503,3.569,3.707,2.522,3177.4,10.0,18795.8,132.9,6.0,5.0,0.0,0.0,0.0,0.0,0.00,acorn:38|rre:3
beir500k-f32,neg10_cat07,neg10,63741,acorn,128,2,41,0.9463,0.7073,0.00107,2.471,3.703,3.994,2.517,3177.4,10.0,18795.8,132.9,6.0,5.0,0.0,0.0,0.0,0.0,0.00,acorn:38|rre:3
beir500k-f32,neg10_cat07,neg10,63741,acorn,128,3,41,0.9463,0.7073,0.00107,2.466,3.602,3.682,2.498,3177.4,10.0,18795.8,132.9,6.0,5.0,0.0,0.0,0.0,0.0,0.00,acorn:38|rre:3
beir500k-f32,neg10_cat07,neg10,63741,acorn,256,1,41,0.9732,0.7805,0.00056,4.152,5.483,5.731,4.099,5251.3,10.0,28592.1,258.6,9.0,8.0,0.0,0.0,0.0,0.0,0.00,acorn:38|rre:3
beir500k-f32,neg10_cat07,neg10,63741,acorn,256,2,41,0.9732,0.7805,0.00056,4.196,5.455,5.639,4.077,5251.3,10.0,28592.1,258.6,9.0,8.0,0.0,0.0,0.0,0.0,0.00,acorn:38|rre:3
beir500k-f32,neg10_cat07,neg10,63741,acorn,256,3,41,0.9732,0.7805,0.00056,4.223,5.554,5.669,4.149,5251.3,10.0,28592.1,258.6,9.0,8.0,0.0,0.0,0.0,0.0,0.00,acorn:38|rre:3
beir500k-f32,neg10_cat07,neg10,63741,acorn,512,1,41,0.9854,0.8537,0.00037,7.385,8.885,9.380,7.031,8636.9,10.0,44110.8,514.3,17.0,17.0,0.0,0.0,0.0,0.0,0.00,acorn:38|rre:3
beir500k-f32,neg10_cat07,neg10,63741,acorn,512,2,41,0.9854,0.8537,0.00037,7.346,8.649,9.041,6.907,8636.9,10.0,44110.8,514.3,17.0,17.0,0.0,0.0,0.0,0.0,0.00,acorn:38|rre:3
beir500k-f32,neg10_cat07,neg10,63741,acorn,512,3,41,0.9854,0.8537,0.00037,7.435,8.884,9.008,6.961,8636.9,10.0,44110.8,514.3,17.0,17.0,0.0,0.0,0.0,0.0,0.00,acorn:38|rre:3
beir500k-f32,neg10_cat07,neg10,63741,pathseer,64,1,41,0.9415,0.7073,0.00140,4.259,15.841,22.477,5.910,6260.5,0.0,26277.4,2615.2,3.0,159.0,140.5,8.5,18347.9,2.2,0.00,pathseer:41
beir500k-f32,neg10_cat07,neg10,63741,pathseer,64,2,41,0.9415,0.7073,0.00140,4.313,15.850,22.724,5.881,6260.5,0.0,26277.4,2615.2,3.0,159.0,140.5,8.5,18347.9,2.2,0.00,pathseer:41
beir500k-f32,neg10_cat07,neg10,63741,pathseer,64,3,41,0.9415,0.7073,0.00140,4.275,16.006,22.387,5.886,6260.5,0.0,26277.4,2615.2,3.0,159.0,140.5,8.5,18347.9,2.2,0.00,pathseer:41
beir500k-f32,neg10_cat07,neg10,63741,pathseer,128,1,41,0.9805,0.8537,0.00040,7.433,23.048,31.029,9.516,10362.4,0.0,38198.3,4138.1,5.0,321.0,256.0,11.8,25382.1,4.0,0.00,pathseer:41
beir500k-f32,neg10_cat07,neg10,63741,pathseer,128,2,41,0.9805,0.8537,0.00040,7.507,23.123,30.957,9.557,10362.4,0.0,38198.3,4138.1,5.0,321.0,256.0,11.8,25382.1,4.0,0.00,pathseer:41
beir500k-f32,neg10_cat07,neg10,63741,pathseer,128,3,41,0.9805,0.8537,0.00040,7.632,23.144,30.695,9.526,10362.4,0.0,38198.3,4138.1,5.0,321.0,256.0,11.8,25382.1,4.0,0.00,pathseer:41
beir500k-f32,neg10_cat07,neg10,63741,pathseer,256,1,41,0.9878,0.9024,0.00030,12.898,31.985,41.452,15.264,16696.1,0.0,54974.1,6495.5,9.0,614.0,524.5,22.9,34654.6,8.2,0.00,pathseer:41
beir500k-f32,neg10_cat07,neg10,63741,pathseer,256,2,41,0.9878,0.9024,0.00030,12.934,31.850,41.571,15.202,16696.1,0.0,54974.1,6495.5,9.0,614.0,524.5,22.9,34654.6,8.2,0.00,pathseer:41
beir500k-f32,neg10_cat07,neg10,63741,pathseer,256,3,41,0.9878,0.9024,0.00030,12.824,31.871,41.289,15.174,16696.1,0.0,54974.1,6495.5,9.0,614.0,524.5,22.9,34654.6,8.2,0.00,pathseer:41
beir500k-f32,neg10_cat07,neg10,63741,pathseer,512,1,41,0.9951,0.9512,0.00017,20.996,47.902,62.467,24.439,26384.0,0.0,77617.2,10033.1,18.0,1108.0,1136.4,47.4,45865.9,17.8,0.00,pathseer:41
beir500k-f32,neg10_cat07,neg10,63741,pathseer,512,2,41,0.9951,0.9512,0.00017,20.333,46.043,59.287,24.035,26384.0,0.0,77617.2,10033.1,18.0,1108.0,1136.4,47.4,45865.9,17.8,0.00,pathseer:41
beir500k-f32,neg10_cat07,neg10,63741,pathseer,512,3,41,0.9951,0.9512,0.00017,20.077,46.070,59.087,23.758,26384.0,0.0,77617.2,10033.1,18.0,1108.0,1136.4,47.4,45865.9,17.8,0.00,pathseer:41
beir500k-f32,neg10_cat08,neg10,63800,sweeping,64,1,52,0.9923,0.9423,0.00013,43.177,60.312,71.577,40.805,59138.3,0.0,19344.4,13530.4,3.0,708.0,0.0,0.0,0.0,0.0,0.00,sweeping:52
beir500k-f32,neg10_cat08,neg10,63800,sweeping,64,2,52,0.9923,0.9423,0.00013,42.992,60.306,71.236,40.276,59138.3,0.0,19344.4,13530.4,3.0,708.0,0.0,0.0,0.0,0.0,0.00,sweeping:52
beir500k-f32,neg10_cat08,neg10,63800,sweeping,64,3,52,0.9923,0.9423,0.00013,43.291,62.421,71.806,40.349,59138.3,0.0,19344.4,13530.4,3.0,708.0,0.0,0.0,0.0,0.0,0.00,sweeping:52
beir500k-f32,neg10_cat08,neg10,63800,sweeping,128,1,52,0.9942,0.9423,0.00008,54.838,77.974,96.634,53.635,77571.7,0.0,26135.6,18178.2,5.0,1383.0,0.0,0.0,0.0,0.0,0.00,sweeping:52
beir500k-f32,neg10_cat08,neg10,63800,sweeping,128,2,52,0.9942,0.9423,0.00008,55.644,77.442,96.743,53.517,77571.7,0.0,26135.6,18178.2,5.0,1383.0,0.0,0.0,0.0,0.0,0.00,sweeping:52
beir500k-f32,neg10_cat08,neg10,63800,sweeping,128,3,52,0.9942,0.9423,0.00008,55.357,77.712,95.023,53.600,77571.7,0.0,26135.6,18178.2,5.0,1383.0,0.0,0.0,0.0,0.0,0.00,sweeping:52
beir500k-f32,neg10_cat08,neg10,63800,sweeping,256,1,52,0.9981,0.9808,0.00000,73.830,104.635,119.508,72.557,104442.7,0.0,35918.8,24782.3,10.0,2531.0,0.0,0.0,0.0,0.0,0.00,sweeping:52
beir500k-f32,neg10_cat08,neg10,63800,sweeping,256,2,52,0.9981,0.9808,0.00000,73.979,104.378,121.692,72.715,104442.7,0.0,35918.8,24782.3,10.0,2531.0,0.0,0.0,0.0,0.0,0.00,sweeping:52
beir500k-f32,neg10_cat08,neg10,63800,sweeping,256,3,52,0.9981,0.9808,0.00000,74.118,104.535,119.208,72.793,104442.7,0.0,35918.8,24782.3,10.0,2531.0,0.0,0.0,0.0,0.0,0.00,sweeping:52
beir500k-f32,neg10_cat08,neg10,63800,sweeping,512,1,52,0.9981,0.9808,0.00000,102.339,149.420,160.071,101.566,143189.9,0.0,50919.7,34727.9,21.0,4940.0,0.0,0.0,0.0,0.0,0.00,sweeping:52
beir500k-f32,neg10_cat08,neg10,63800,sweeping,512,2,52,0.9981,0.9808,0.00000,101.553,144.277,149.924,101.448,143189.9,0.0,50919.7,34727.9,21.0,4940.0,0.0,0.0,0.0,0.0,0.00,sweeping:52
beir500k-f32,neg10_cat08,neg10,63800,sweeping,512,3,52,0.9981,0.9808,0.00000,101.535,143.333,150.395,101.002,143189.9,0.0,50919.7,34727.9,21.0,4940.0,0.0,0.0,0.0,0.0,0.00,sweeping:52
beir500k-f32,neg10_cat08,neg10,63800,acorn,64,1,52,0.8788,0.3654,0.00280,1.715,2.028,2.093,1.699,1935.0,10.0,17172.6,67.4,4.0,4.0,0.0,0.0,0.0,0.0,0.00,acorn:52
beir500k-f32,neg10_cat08,neg10,63800,acorn,64,2,52,0.8788,0.3654,0.00280,1.762,2.030,2.048,1.704,1935.0,10.0,17172.6,67.4,4.0,4.0,0.0,0.0,0.0,0.0,0.00,acorn:52
beir500k-f32,neg10_cat08,neg10,63800,acorn,64,3,52,0.8788,0.3654,0.00280,1.714,2.015,2.073,1.684,1935.0,10.0,17172.6,67.4,4.0,4.0,0.0,0.0,0.0,0.0,0.00,acorn:52
beir500k-f32,neg10_cat08,neg10,63800,acorn,128,1,52,0.9173,0.5192,0.00206,2.818,3.312,3.513,2.780,3094.1,10.0,25253.2,130.6,5.0,5.0,0.0,0.0,0.0,0.0,0.00,acorn:52
beir500k-f32,neg10_cat08,neg10,63800,acorn,128,2,52,0.9173,0.5192,0.00206,2.758,3.267,3.317,2.707,3094.1,10.0,25253.2,130.6,5.0,5.0,0.0,0.0,0.0,0.0,0.00,acorn:52
beir500k-f32,neg10_cat08,neg10,63800,acorn,128,3,52,0.9173,0.5192,0.00206,2.783,3.268,3.296,2.732,3094.1,10.0,25253.2,130.6,5.0,5.0,0.0,0.0,0.0,0.0,0.00,acorn:52
beir500k-f32,neg10_cat08,neg10,63800,acorn,256,1,52,0.9404,0.5962,0.00153,4.418,5.213,5.451,4.412,4919.0,10.0,37223.3,258.6,7.0,7.0,0.0,0.0,0.0,0.0,0.00,acorn:52
beir500k-f32,neg10_cat08,neg10,63800,acorn,256,2,52,0.9404,0.5962,0.00153,4.426,5.222,5.487,4.430,4919.0,10.0,37223.3,258.6,7.0,7.0,0.0,0.0,0.0,0.0,0.00,acorn:52
beir500k-f32,neg10_cat08,neg10,63800,acorn,256,3,52,0.9404,0.5962,0.00153,4.433,5.478,5.698,4.470,4919.0,10.0,37223.3,258.6,7.0,7.0,0.0,0.0,0.0,0.0,0.00,acorn:52
beir500k-f32,neg10_cat08,neg10,63800,acorn,512,1,52,0.9596,0.6731,0.00120,7.330,8.371,8.974,7.286,7721.9,10.0,53673.2,514.4,16.0,15.0,0.0,0.0,0.0,0.0,0.00,acorn:52
beir500k-f32,neg10_cat08,neg10,63800,acorn,512,2,52,0.9596,0.6731,0.00120,7.256,8.310,8.423,7.160,7721.9,10.0,53673.2,514.4,16.0,15.0,0.0,0.0,0.0,0.0,0.00,acorn:52
beir500k-f32,neg10_cat08,neg10,63800,acorn,512,3,52,0.9596,0.6731,0.00120,7.273,8.377,8.413,7.267,7721.9,10.0,53673.2,514.4,16.0,15.0,0.0,0.0,0.0,0.0,0.00,acorn:52
beir500k-f32,neg10_cat08,neg10,63800,pathseer,64,1,52,0.9827,0.8654,0.00027,12.637,22.219,22.684,12.863,10882.5,0.0,45041.2,7556.7,3.0,688.0,148.9,3.2,27137.8,2.3,0.00,pathseer:52
beir500k-f32,neg10_cat08,neg10,63800,pathseer,64,2,52,0.9827,0.8654,0.00027,12.558,21.797,22.653,12.641,10882.5,0.0,45041.2,7556.7,3.0,688.0,148.9,3.2,27137.8,2.3,0.00,pathseer:52
beir500k-f32,neg10_cat08,neg10,63800,pathseer,64,3,52,0.9827,0.8654,0.00027,12.414,21.905,22.591,12.675,10882.5,0.0,45041.2,7556.7,3.0,688.0,148.9,3.2,27137.8,2.3,0.00,pathseer:52
beir500k-f32,neg10_cat08,neg10,63800,pathseer,128,1,52,0.9923,0.9423,0.00013,18.315,29.386,30.672,19.304,16733.9,0.0,61176.1,11343.3,5.0,1332.0,269.5,4.9,34061.8,4.2,0.00,pathseer:52
beir500k-f32,neg10_cat08,neg10,63800,pathseer,128,2,52,0.9923,0.9423,0.00013,18.434,29.696,30.909,19.378,16733.9,0.0,61176.1,11343.3,5.0,1332.0,269.5,4.9,34061.8,4.2,0.00,pathseer:52
beir500k-f32,neg10_cat08,neg10,63800,pathseer,128,3,52,0.9923,0.9423,0.00013,18.435,29.346,30.975,19.282,16733.9,0.0,61176.1,11343.3,5.0,1332.0,269.5,4.9,34061.8,4.2,0.00,pathseer:52
beir500k-f32,neg10_cat08,neg10,63800,pathseer,256,1,52,0.9942,0.9615,0.00011,29.743,42.352,43.508,29.272,25179.0,0.0,83885.0,16606.9,9.0,2497.0,550.2,9.9,43745.6,8.6,0.00,pathseer:52
beir500k-f32,neg10_cat08,neg10,63800,pathseer,256,2,52,0.9942,0.9615,0.00011,29.109,43.224,44.282,29.561,25179.0,0.0,83885.0,16606.9,9.0,2497.0,550.2,9.9,43745.6,8.6,0.00,pathseer:52
beir500k-f32,neg10_cat08,neg10,63800,pathseer,256,3,52,0.9942,0.9615,0.00011,28.645,43.359,45.311,28.930,25179.0,0.0,83885.0,16606.9,9.0,2497.0,550.2,9.9,43745.6,8.6,0.00,pathseer:52
beir500k-f32,neg10_cat08,neg10,63800,pathseer,512,1,52,0.9981,0.9808,0.00000,42.487,62.447,69.090,42.112,37248.1,0.0,116502.5,23840.0,20.0,4940.0,1201.2,17.7,58087.2,18.8,0.00,pathseer:52
beir500k-f32,neg10_cat08,neg10,63800,pathseer,512,2,52,0.9981,0.9808,0.00000,42.314,60.971,67.170,42.137,37248.1,0.0,116502.5,23840.0,20.0,4940.0,1201.2,17.7,58087.2,18.8,0.00,pathseer:52
beir500k-f32,neg10_cat08,neg10,63800,pathseer,512,3,52,0.9981,0.9808,0.00000,42.723,61.106,68.314,42.159,37248.1,0.0,116502.5,23840.0,20.0,4940.0,1201.2,17.7,58087.2,18.8,0.00,pathseer:52
beir500k-f32,neg10_cat09,neg10,60723,sweeping,64,1,55,0.9564,0.7455,0.00056,94.739,140.153,143.248,94.010,124203.0,0.0,50924.3,37424.9,3.0,3729.0,0.0,0.0,0.0,0.0,0.00,sweeping:55
beir500k-f32,neg10_cat09,neg10,60723,sweeping,64,2,55,0.9564,0.7455,0.00056,95.008,142.697,143.567,94.082,124203.0,0.0,50924.3,37424.9,3.0,3729.0,0.0,0.0,0.0,0.0,0.00,sweeping:55
beir500k-f32,neg10_cat09,neg10,60723,sweeping,64,3,55,0.9564,0.7455,0.00056,94.742,140.818,144.206,94.017,124203.0,0.0,50924.3,37424.9,3.0,3729.0,0.0,0.0,0.0,0.0,0.00,sweeping:55
beir500k-f32,neg10_cat09,neg10,60723,sweeping,128,1,55,0.9727,0.7818,0.00037,112.004,162.663,168.042,113.680,148414.2,0.0,63400.2,45507.9,5.0,6765.0,0.0,0.0,0.0,0.0,0.00,sweeping:55
beir500k-f32,neg10_cat09,neg10,60723,sweeping,128,2,55,0.9727,0.7818,0.00037,112.044,162.223,168.218,113.617,148414.2,0.0,63400.2,45507.9,5.0,6765.0,0.0,0.0,0.0,0.0,0.00,sweeping:55
beir500k-f32,neg10_cat09,neg10,60723,sweeping,128,3,55,0.9727,0.7818,0.00037,111.474,162.608,167.064,113.498,148414.2,0.0,63400.2,45507.9,5.0,6765.0,0.0,0.0,0.0,0.0,0.00,sweeping:55
beir500k-f32,neg10_cat09,neg10,60723,sweeping,256,1,55,0.9891,0.8909,0.00018,135.667,189.681,194.734,138.268,177972.5,0.0,79758.7,56075.2,10.0,11538.0,0.0,0.0,0.0,0.0,0.00,sweeping:55
beir500k-f32,neg10_cat09,neg10,60723,sweeping,256,2,55,0.9891,0.8909,0.00018,139.980,189.857,198.314,138.855,177972.5,0.0,79758.7,56075.2,10.0,11538.0,0.0,0.0,0.0,0.0,0.00,sweeping:55
beir500k-f32,neg10_cat09,neg10,60723,sweeping,256,3,55,0.9891,0.8909,0.00018,135.776,189.524,194.399,138.142,177972.5,0.0,79758.7,56075.2,10.0,11538.0,0.0,0.0,0.0,0.0,0.00,sweeping:55
beir500k-f32,neg10_cat09,neg10,60723,sweeping,512,1,55,0.9964,0.9636,0.00006,170.229,225.814,229.949,169.380,212716.8,0.0,100766.3,69750.7,23.0,17832.0,0.0,0.0,0.0,0.0,0.00,sweeping:55
beir500k-f32,neg10_cat09,neg10,60723,sweeping,512,2,55,0.9964,0.9636,0.00006,171.587,224.409,234.715,169.216,212716.8,0.0,100766.3,69750.7,23.0,17832.0,0.0,0.0,0.0,0.0,0.00,sweeping:55
beir500k-f32,neg10_cat09,neg10,60723,sweeping,512,3,55,0.9964,0.9636,0.00006,170.539,227.009,230.162,168.879,212716.8,0.0,100766.3,69750.7,23.0,17832.0,0.0,0.0,0.0,0.0,0.00,sweeping:55
beir500k-f32,neg10_cat09,neg10,60723,acorn,64,1,55,0.7164,0.1636,0.00926,1.644,2.074,2.162,1.582,2003.6,10.0,13763.2,72.2,3.0,3.0,0.0,0.0,0.0,0.0,0.00,acorn:55
beir500k-f32,neg10_cat09,neg10,60723,acorn,64,2,55,0.7164,0.1636,0.00926,1.627,2.026,2.149,1.576,2003.6,10.0,13763.2,72.2,3.0,3.0,0.0,0.0,0.0,0.0,0.00,acorn:55
beir500k-f32,neg10_cat09,neg10,60723,acorn,64,3,55,0.7164,0.1636,0.00926,1.637,2.069,2.111,1.576,2003.6,10.0,13763.2,72.2,3.0,3.0,0.0,0.0,0.0,0.0,0.00,acorn:55
beir500k-f32,neg10_cat09,neg10,60723,acorn,128,1,55,0.8091,0.4000,0.00580,2.806,3.547,3.896,2.806,3424.3,10.0,22438.7,138.3,5.0,5.0,0.0,0.0,0.0,0.0,0.00,acorn:55
beir500k-f32,neg10_cat09,neg10,60723,acorn,128,2,55,0.8091,0.4000,0.00580,2.742,3.439,3.968,2.760,3424.3,10.0,22438.7,138.3,5.0,5.0,0.0,0.0,0.0,0.0,0.00,acorn:55
beir500k-f32,neg10_cat09,neg10,60723,acorn,128,3,55,0.8091,0.4000,0.00580,2.732,3.321,3.771,2.704,3424.3,10.0,22438.7,138.3,5.0,5.0,0.0,0.0,0.0,0.0,0.00,acorn:55
beir500k-f32,neg10_cat09,neg10,60723,acorn,256,1,55,0.9018,0.4545,0.00230,4.675,5.760,6.274,4.706,5879.8,10.0,36802.2,271.5,8.0,8.0,0.0,0.0,0.0,0.0,0.00,acorn:55
beir500k-f32,neg10_cat09,neg10,60723,acorn,256,2,55,0.9018,0.4545,0.00230,4.656,5.834,6.325,4.712,5879.8,10.0,36802.2,271.5,8.0,8.0,0.0,0.0,0.0,0.0,0.00,acorn:55
beir500k-f32,neg10_cat09,neg10,60723,acorn,256,3,55,0.9018,0.4545,0.00230,4.697,5.632,6.179,4.686,5879.8,10.0,36802.2,271.5,8.0,8.0,0.0,0.0,0.0,0.0,0.00,acorn:55
beir500k-f32,neg10_cat09,neg10,60723,acorn,512,1,55,0.9400,0.5818,0.00131,7.796,9.240,9.441,7.757,9304.1,10.0,55204.8,522.3,17.0,17.0,0.0,0.0,0.0,0.0,0.00,acorn:55
beir500k-f32,neg10_cat09,neg10,60723,acorn,512,2,55,0.9400,0.5818,0.00131,7.817,8.799,9.148,7.705,9304.1,10.0,55204.8,522.3,17.0,17.0,0.0,0.0,0.0,0.0,0.00,acorn:55
beir500k-f32,neg10_cat09,neg10,60723,acorn,512,3,55,0.9400,0.5818,0.00131,7.821,8.858,9.212,7.674,9304.1,10.0,55204.8,522.3,17.0,17.0,0.0,0.0,0.0,0.0,0.00,acorn:55
beir500k-f32,neg10_cat09,neg10,60723,pathseer,64,1,55,0.9127,0.6000,0.00149,33.827,46.025,51.091,31.551,24731.4,0.0,91991.4,20351.5,3.0,3729.0,155.9,0.6,47814.3,2.4,0.00,pathseer:55
beir500k-f32,neg10_cat09,neg10,60723,pathseer,64,2,55,0.9127,0.6000,0.00149,33.945,46.121,51.704,31.508,24731.4,0.0,91991.4,20351.5,3.0,3729.0,155.9,0.6,47814.3,2.4,0.00,pathseer:55
beir500k-f32,neg10_cat09,neg10,60723,pathseer,64,3,55,0.9127,0.6000,0.00149,33.538,45.891,51.517,31.365,24731.4,0.0,91991.4,20351.5,3.0,3729.0,155.9,0.6,47814.3,2.4,0.00,pathseer:55
beir500k-f32,neg10_cat09,neg10,60723,pathseer,128,1,55,0.9582,0.7636,0.00084,44.663,60.932,63.897,43.166,34809.1,0.0,118938.7,27430.6,5.0,6765.0,286.3,1.9,58344.9,4.5,0.00,pathseer:55
beir500k-f32,neg10_cat09,neg10,60723,pathseer,128,2,55,0.9582,0.7636,0.00084,45.957,61.857,75.671,43.837,34809.1,0.0,118938.7,27430.6,5.0,6765.0,286.3,1.9,58344.9,4.5,0.00,pathseer:55
beir500k-f32,neg10_cat09,neg10,60723,pathseer,128,3,55,0.9582,0.7636,0.00084,45.052,61.011,63.710,43.248,34809.1,0.0,118938.7,27430.6,5.0,6765.0,286.3,1.9,58344.9,4.5,0.00,pathseer:55
beir500k-f32,neg10_cat09,neg10,60723,pathseer,256,1,55,0.9818,0.8545,0.00039,59.871,80.076,81.971,59.102,49005.8,0.0,155081.7,36563.7,10.0,11538.0,602.8,3.9,72402.1,9.4,0.00,pathseer:55
beir500k-f32,neg10_cat09,neg10,60723,pathseer,256,2,55,0.9818,0.8545,0.00039,60.401,79.812,82.234,59.344,49005.8,0.0,155081.7,36563.7,10.0,11538.0,602.8,3.9,72402.1,9.4,0.00,pathseer:55
beir500k-f32,neg10_cat09,neg10,60723,pathseer,256,3,55,0.9818,0.8545,0.00039,60.111,79.756,83.552,59.367,49005.8,0.0,155081.7,36563.7,10.0,11538.0,602.8,3.9,72402.1,9.4,0.00,pathseer:55
beir500k-f32,neg10_cat09,neg10,60723,pathseer,512,1,55,0.9964,0.9636,0.00006,83.163,108.212,112.827,80.864,68334.8,0.0,200830.5,48340.5,22.0,17832.0,1403.3,9.8,88796.3,21.9,0.00,pathseer:55
beir500k-f32,neg10_cat09,neg10,60723,pathseer,512,2,55,0.9964,0.9636,0.00006,83.586,106.982,112.606,81.020,68334.8,0.0,200830.5,48340.5,22.0,17832.0,1403.3,9.8,88796.3,21.9,0.00,pathseer:55
beir500k-f32,neg10_cat09,neg10,60723,pathseer,512,3,55,0.9964,0.9636,0.00006,83.123,106.324,112.772,80.559,68334.8,0.0,200830.5,48340.5,22.0,17832.0,1403.3,9.8,88796.3,21.9,0.00,pathseer:55
beir500k-f32,neg10_cat10,neg10,61023,sweeping,64,1,50,0.9900,0.9000,0.00012,47.321,79.724,92.088,47.024,72003.9,0.0,20709.9,14505.3,4.0,694.0,0.0,0.0,0.0,0.0,0.00,sweeping:50
beir500k-f32,neg10_cat10,neg10,61023,sweeping,64,2,50,0.9900,0.9000,0.00012,47.388,79.971,93.659,47.033,72003.9,0.0,20709.9,14505.3,4.0,694.0,0.0,0.0,0.0,0.0,0.00,sweeping:50
beir500k-f32,neg10_cat10,neg10,61023,sweeping,64,3,50,0.9900,0.9000,0.00012,49.189,79.884,92.090,47.159,72003.9,0.0,20709.9,14505.3,4.0,694.0,0.0,0.0,0.0,0.0,0.00,sweeping:50
beir500k-f32,neg10_cat10,neg10,61023,sweeping,128,1,50,1.0000,1.0000,0.00000,67.152,100.922,119.170,65.394,95513.3,0.0,30289.5,21292.2,5.0,1119.0,0.0,0.0,0.0,0.0,0.00,sweeping:50
beir500k-f32,neg10_cat10,neg10,61023,sweeping,128,2,50,1.0000,1.0000,0.00000,65.928,101.183,116.647,64.968,95513.3,0.0,30289.5,21292.2,5.0,1119.0,0.0,0.0,0.0,0.0,0.00,sweeping:50
beir500k-f32,neg10_cat10,neg10,61023,sweeping,128,3,50,1.0000,1.0000,0.00000,66.764,101.172,116.817,65.223,95513.3,0.0,30289.5,21292.2,5.0,1119.0,0.0,0.0,0.0,0.0,0.00,sweeping:50
beir500k-f32,neg10_cat10,neg10,61023,sweeping,256,1,50,1.0000,1.0000,0.00000,91.372,121.807,139.690,87.955,124983.3,0.0,43682.5,30516.7,10.0,2249.0,0.0,0.0,0.0,0.0,0.00,sweeping:50
beir500k-f32,neg10_cat10,neg10,61023,sweeping,256,2,50,1.0000,1.0000,0.00000,91.721,122.640,140.080,87.766,124983.3,0.0,43682.5,30516.7,10.0,2249.0,0.0,0.0,0.0,0.0,0.00,sweeping:50
beir500k-f32,neg10_cat10,neg10,61023,sweeping,256,3,50,1.0000,1.0000,0.00000,92.677,122.101,139.796,87.853,124983.3,0.0,43682.5,30516.7,10.0,2249.0,0.0,0.0,0.0,0.0,0.00,sweeping:50
beir500k-f32,neg10_cat10,neg10,61023,sweeping,512,1,50,1.0000,1.0000,0.00000,125.548,156.194,167.541,117.277,160836.0,0.0,62407.0,42647.2,22.0,4568.0,0.0,0.0,0.0,0.0,0.00,sweeping:50
beir500k-f32,neg10_cat10,neg10,61023,sweeping,512,2,50,1.0000,1.0000,0.00000,125.544,160.620,167.348,117.589,160836.0,0.0,62407.0,42647.2,22.0,4568.0,0.0,0.0,0.0,0.0,0.00,sweeping:50
beir500k-f32,neg10_cat10,neg10,61023,sweeping,512,3,50,1.0000,1.0000,0.00000,125.145,156.735,171.803,117.312,160836.0,0.0,62407.0,42647.2,22.0,4568.0,0.0,0.0,0.0,0.0,0.00,sweeping:50
beir500k-f32,neg10_cat10,neg10,61023,acorn,64,1,50,0.8520,0.2800,0.00506,1.530,1.983,2.861,1.534,1672.0,10.0,14465.2,70.3,4.0,4.0,0.0,0.0,0.0,0.0,0.00,acorn:50
beir500k-f32,neg10_cat10,neg10,61023,acorn,64,2,50,0.8520,0.2800,0.00506,1.561,2.019,2.876,1.544,1672.0,10.0,14465.2,70.3,4.0,4.0,0.0,0.0,0.0,0.0,0.00,acorn:50
beir500k-f32,neg10_cat10,neg10,61023,acorn,64,3,50,0.8520,0.2800,0.00506,1.576,2.035,2.928,1.556,1672.0,10.0,14465.2,70.3,4.0,4.0,0.0,0.0,0.0,0.0,0.00,acorn:50
beir500k-f32,neg10_cat10,neg10,61023,acorn,128,1,50,0.9420,0.6400,0.00103,2.652,3.383,3.636,2.642,2932.2,10.0,23490.6,134.4,6.0,6.0,0.0,0.0,0.0,0.0,0.00,acorn:50
beir500k-f32,neg10_cat10,neg10,61023,acorn,128,2,50,0.9420,0.6400,0.00103,2.646,3.603,4.146,2.696,2932.2,10.0,23490.6,134.4,6.0,6.0,0.0,0.0,0.0,0.0,0.00,acorn:50
beir500k-f32,neg10_cat10,neg10,61023,acorn,128,3,50,0.9420,0.6400,0.00103,2.668,3.364,3.691,2.641,2932.2,10.0,23490.6,134.4,6.0,6.0,0.0,0.0,0.0,0.0,0.00,acorn:50
beir500k-f32,neg10_cat10,neg10,61023,acorn,256,1,50,0.9600,0.7200,0.00073,4.818,5.425,6.501,4.647,5167.7,10.0,37498.0,262.4,10.0,9.0,0.0,0.0,0.0,0.0,0.00,acorn:50
beir500k-f32,neg10_cat10,neg10,61023,acorn,256,2,50,0.9600,0.7200,0.00073,4.812,5.591,6.256,4.645,5167.7,10.0,37498.0,262.4,10.0,9.0,0.0,0.0,0.0,0.0,0.00,acorn:50
beir500k-f32,neg10_cat10,neg10,61023,acorn,256,3,50,0.9600,0.7200,0.00073,4.821,5.930,6.218,4.734,5167.7,10.0,37498.0,262.4,10.0,9.0,0.0,0.0,0.0,0.0,0.00,acorn:50
beir500k-f32,neg10_cat10,neg10,61023,acorn,512,1,50,0.9760,0.8000,0.00036,8.126,9.578,10.350,8.054,8835.8,10.0,58201.7,515.7,18.0,17.0,0.0,0.0,0.0,0.0,0.00,acorn:50
beir500k-f32,neg10_cat10,neg10,61023,acorn,512,2,50,0.9760,0.8000,0.00036,8.126,9.344,10.227,8.022,8835.8,10.0,58201.7,515.7,18.0,17.0,0.0,0.0,0.0,0.0,0.00,acorn:50
beir500k-f32,neg10_cat10,neg10,61023,acorn,512,3,50,0.9760,0.8000,0.00036,8.036,9.926,10.650,8.065,8835.8,10.0,58201.7,515.7,18.0,17.0,0.0,0.0,0.0,0.0,0.00,acorn:50
beir500k-f32,neg10_cat10,neg10,61023,pathseer,64,1,50,0.9860,0.8600,0.00006,10.317,18.177,20.653,10.483,9012.5,0.0,45517.2,5979.8,3.0,658.0,158.7,3.3,31109.9,2.5,0.00,pathseer:50
beir500k-f32,neg10_cat10,neg10,61023,pathseer,64,2,50,0.9860,0.8600,0.00006,10.685,19.107,20.367,10.799,9012.5,0.0,45517.2,5979.8,3.0,658.0,158.7,3.3,31109.9,2.5,0.00,pathseer:50
beir500k-f32,neg10_cat10,neg10,61023,pathseer,64,3,50,0.9860,0.8600,0.00006,10.372,18.171,20.751,10.590,9012.5,0.0,45517.2,5979.8,3.0,658.0,158.7,3.3,31109.9,2.5,0.00,pathseer:50
beir500k-f32,neg10_cat10,neg10,61023,pathseer,128,1,50,0.9980,0.9800,0.00000,17.269,27.693,30.005,17.069,14660.2,0.0,65053.8,9734.8,5.0,1119.0,280.3,6.4,41771.3,4.4,0.00,pathseer:50
beir500k-f32,neg10_cat10,neg10,61023,pathseer,128,2,50,0.9980,0.9800,0.00000,17.249,27.411,29.530,17.123,14660.2,0.0,65053.8,9734.8,5.0,1119.0,280.3,6.4,41771.3,4.4,0.00,pathseer:50
beir500k-f32,neg10_cat10,neg10,61023,pathseer,128,3,50,0.9980,0.9800,0.00000,17.183,27.441,30.959,17.195,14660.2,0.0,65053.8,9734.8,5.0,1119.0,280.3,6.4,41771.3,4.4,0.00,pathseer:50
beir500k-f32,neg10_cat10,neg10,61023,pathseer,256,1,50,1.0000,1.0000,0.00000,28.351,43.733,46.619,28.171,23945.9,0.0,92136.1,15682.4,10.0,2084.0,590.1,13.7,54541.6,9.2,0.00,pathseer:50
beir500k-f32,neg10_cat10,neg10,61023,pathseer,256,2,50,1.0000,1.0000,0.00000,29.138,43.780,45.804,27.802,23945.9,0.0,92136.1,15682.4,10.0,2084.0,590.1,13.7,54541.6,9.2,0.00,pathseer:50
beir500k-f32,neg10_cat10,neg10,61023,pathseer,256,3,50,1.0000,1.0000,0.00000,28.593,43.074,44.206,27.579,23945.9,0.0,92136.1,15682.4,10.0,2084.0,590.1,13.7,54541.6,9.2,0.00,pathseer:50
beir500k-f32,neg10_cat10,neg10,61023,pathseer,512,1,50,1.0000,1.0000,0.00000,46.075,63.085,71.166,43.334,38293.0,0.0,128388.1,24358.0,21.0,4375.0,1294.1,25.4,69281.6,20.2,0.00,pathseer:50
beir500k-f32,neg10_cat10,neg10,61023,pathseer,512,2,50,1.0000,1.0000,0.00000,45.868,60.408,71.740,43.156,38293.0,0.0,128388.1,24358.0,21.0,4375.0,1294.1,25.4,69281.6,20.2,0.00,pathseer:50
beir500k-f32,neg10_cat10,neg10,61023,pathseer,512,3,50,1.0000,1.0000,0.00000,46.103,60.632,71.440,43.180,38293.0,0.0,128388.1,24358.0,21.0,4375.0,1294.1,25.4,69281.6,20.2,0.00,pathseer:50
beir500k-f32,neg10_cat11,neg10,58822,sweeping,64,1,32,0.9875,0.9062,0.00019,80.614,133.588,144.214,78.849,111438.8,0.0,42177.9,27766.0,4.0,2905.0,0.0,0.0,0.0,0.0,0.00,sweeping:32
beir500k-f32,neg10_cat11,neg10,58822,sweeping,64,2,32,0.9875,0.9062,0.00019,82.275,132.413,144.729,78.951,111438.8,0.0,42177.9,27766.0,4.0,2905.0,0.0,0.0,0.0,0.0,0.00,sweeping:32
beir500k-f32,neg10_cat11,neg10,58822,sweeping,64,3,32,0.9875,0.9062,0.00019,80.797,132.152,144.588,78.673,111438.8,0.0,42177.9,27766.0,4.0,2905.0,0.0,0.0,0.0,0.0,0.00,sweeping:32
beir500k-f32,neg10_cat11,neg10,58822,sweeping,128,1,32,0.9938,0.9688,0.00006,108.918,158.402,171.858,100.398,137497.0,0.0,55720.7,36059.5,6.0,4647.0,0.0,0.0,0.0,0.0,0.00,sweeping:32
beir500k-f32,neg10_cat11,neg10,58822,sweeping,128,2,32,0.9938,0.9688,0.00006,106.025,157.965,175.556,99.270,137497.0,0.0,55720.7,36059.5,6.0,4647.0,0.0,0.0,0.0,0.0,0.00,sweeping:32
beir500k-f32,neg10_cat11,neg10,58822,sweeping,128,3,32,0.9938,0.9688,0.00006,105.704,158.410,172.356,99.275,137497.0,0.0,55720.7,36059.5,6.0,4647.0,0.0,0.0,0.0,0.0,0.00,sweeping:32
beir500k-f32,neg10_cat11,neg10,58822,sweeping,256,1,32,0.9938,0.9688,0.00006,130.042,188.987,202.852,125.746,169775.2,0.0,73432.9,46912.4,11.0,7682.0,0.0,0.0,0.0,0.0,0.00,sweeping:32
beir500k-f32,neg10_cat11,neg10,58822,sweeping,256,2,32,0.9938,0.9688,0.00006,131.703,192.819,203.086,126.193,169775.2,0.0,73432.9,46912.4,11.0,7682.0,0.0,0.0,0.0,0.0,0.00,sweeping:32
beir500k-f32,neg10_cat11,neg10,58822,sweeping,256,3,32,0.9938,0.9688,0.00006,131.192,189.573,206.938,126.049,169775.2,0.0,73432.9,46912.4,11.0,7682.0,0.0,0.0,0.0,0.0,0.00,sweeping:32
beir500k-f32,neg10_cat11,neg10,58822,sweeping,512,1,32,0.9969,0.9688,0.00004,164.697,231.648,234.488,157.656,206727.0,0.0,96241.4,60207.1,23.0,12974.0,0.0,0.0,0.0,0.0,0.00,sweeping:32
beir500k-f32,neg10_cat11,neg10,58822,sweeping,512,2,32,0.9969,0.9688,0.00004,163.651,232.067,238.764,157.082,206727.0,0.0,96241.4,60207.1,23.0,12974.0,0.0,0.0,0.0,0.0,0.00,sweeping:32
beir500k-f32,neg10_cat11,neg10,58822,sweeping,512,3,32,0.9969,0.9688,0.00004,165.280,232.063,234.975,157.611,206727.0,0.0,96241.4,60207.1,23.0,12974.0,0.0,0.0,0.0,0.0,0.00,sweeping:32
beir500k-f32,neg10_cat11,neg10,58822,acorn,64,1,32,0.9219,0.5000,0.00142,1.726,2.034,2.078,1.687,1973.3,10.0,17192.8,67.6,3.0,3.0,0.0,0.0,0.0,0.0,0.00,acorn:32
beir500k-f32,neg10_cat11,neg10,58822,acorn,64,2,32,0.9219,0.5000,0.00142,1.681,1.905,2.029,1.654,1973.3,10.0,17192.8,67.6,3.0,3.0,0.0,0.0,0.0,0.0,0.00,acorn:32
beir500k-f32,neg10_cat11,neg10,58822,acorn,64,3,32,0.9219,0.5000,0.00142,1.708,1.897,1.988,1.664,1973.3,10.0,17192.8,67.6,3.0,3.0,0.0,0.0,0.0,0.0,0.00,acorn:32
beir500k-f32,neg10_cat11,neg10,58822,acorn,128,1,32,0.9594,0.7188,0.00080,2.705,2.980,3.324,2.698,3208.1,10.0,25805.2,131.1,5.0,4.0,0.0,0.0,0.0,0.0,0.00,acorn:32
beir500k-f32,neg10_cat11,neg10,58822,acorn,128,2,32,0.9594,0.7188,0.00080,2.790,3.110,3.296,2.716,3208.1,10.0,25805.2,131.1,5.0,4.0,0.0,0.0,0.0,0.0,0.00,acorn:32
beir500k-f32,neg10_cat11,neg10,58822,acorn,128,3,32,0.9594,0.7188,0.00080,2.716,3.173,3.329,2.716,3208.1,10.0,25805.2,131.1,5.0,4.0,0.0,0.0,0.0,0.0,0.00,acorn:32
beir500k-f32,neg10_cat11,neg10,58822,acorn,256,1,32,0.9719,0.8125,0.00048,4.556,5.000,5.174,4.501,5300.2,10.0,38317.2,258.8,8.0,7.0,0.0,0.0,0.0,0.0,0.00,acorn:32
beir500k-f32,neg10_cat11,neg10,58822,acorn,256,2,32,0.9719,0.8125,0.00048,4.716,5.851,17.754,5.444,5300.2,10.0,38317.2,258.8,8.0,7.0,0.0,0.0,0.0,0.0,0.00,acorn:32
beir500k-f32,neg10_cat11,neg10,58822,acorn,256,3,32,0.9719,0.8125,0.00048,4.526,4.997,5.178,4.506,5300.2,10.0,38317.2,258.8,8.0,7.0,0.0,0.0,0.0,0.0,0.00,acorn:32
beir500k-f32,neg10_cat11,neg10,58822,acorn,512,1,32,0.9938,0.9375,0.00006,7.523,8.116,8.578,7.426,8566.2,10.0,54925.7,514.5,14.0,13.0,0.0,0.0,0.0,0.0,0.00,acorn:32
beir500k-f32,neg10_cat11,neg10,58822,acorn,512,2,32,0.9938,0.9375,0.00006,7.733,8.609,9.090,7.667,8566.2,10.0,54925.7,514.5,14.0,13.0,0.0,0.0,0.0,0.0,0.00,acorn:32
beir500k-f32,neg10_cat11,neg10,58822,acorn,512,3,32,0.9938,0.9375,0.00006,7.431,8.024,8.653,7.429,8566.2,10.0,54925.7,514.5,14.0,13.0,0.0,0.0,0.0,0.0,0.00,acorn:32
beir500k-f32,neg10_cat11,neg10,58822,pathseer,64,1,32,0.9750,0.7812,0.00034,27.823,55.889,58.372,28.083,23623.5,0.0,93980.3,16730.1,4.0,2905.0,172.0,1.1,54427.4,2.7,0.00,pathseer:32
beir500k-f32,neg10_cat11,neg10,58822,pathseer,64,2,32,0.9750,0.7812,0.00034,28.223,56.096,58.618,27.995,23623.5,0.0,93980.3,16730.1,4.0,2905.0,172.0,1.1,54427.4,2.7,0.00,pathseer:32
beir500k-f32,neg10_cat11,neg10,58822,pathseer,64,3,32,0.9750,0.7812,0.00034,27.732,56.439,58.886,28.570,23623.5,0.0,93980.3,16730.1,4.0,2905.0,172.0,1.1,54427.4,2.7,0.00,pathseer:32
beir500k-f32,neg10_cat11,neg10,58822,pathseer,128,1,32,0.9906,0.9375,0.00017,40.204,75.468,79.684,40.928,34911.0,0.0,122795.0,24146.6,6.0,4647.0,310.0,2.0,65195.8,4.8,0.00,pathseer:32
beir500k-f32,neg10_cat11,neg10,58822,pathseer,128,2,32,0.9906,0.9375,0.00017,39.961,73.644,79.065,40.555,34911.0,0.0,122795.0,24146.6,6.0,4647.0,310.0,2.0,65195.8,4.8,0.00,pathseer:32
beir500k-f32,neg10_cat11,neg10,58822,pathseer,128,3,32,0.9906,0.9375,0.00017,40.353,73.378,81.878,40.920,34911.0,0.0,122795.0,24146.6,6.0,4647.0,310.0,2.0,65195.8,4.8,0.00,pathseer:32
beir500k-f32,neg10_cat11,neg10,58822,pathseer,256,1,32,0.9938,0.9688,0.00006,56.407,101.894,109.938,57.716,50212.8,0.0,158510.8,33797.3,11.0,7654.0,626.0,4.2,77128.9,9.8,0.00,pathseer:32
beir500k-f32,neg10_cat11,neg10,58822,pathseer,256,2,32,0.9938,0.9688,0.00006,56.613,101.939,110.684,57.804,50212.8,0.0,158510.8,33797.3,11.0,7654.0,626.0,4.2,77128.9,9.8,0.00,pathseer:32
beir500k-f32,neg10_cat11,neg10,58822,pathseer,256,3,32,0.9938,0.9688,0.00006,56.609,101.582,110.534,57.807,50212.8,0.0,158510.8,33797.3,11.0,7654.0,626.0,4.2,77128.9,9.8,0.00,pathseer:32
beir500k-f32,neg10_cat11,neg10,58822,pathseer,512,1,32,0.9969,0.9688,0.00004,79.933,131.228,153.754,81.325,72849.4,0.0,205012.4,46626.6,23.0,12974.0,1404.0,10.9,89874.0,21.9,0.00,pathseer:32
beir500k-f32,neg10_cat11,neg10,58822,pathseer,512,2,32,0.9969,0.9688,0.00004,81.221,131.886,157.261,81.572,72849.4,0.0,205012.4,46626.6,23.0,12974.0,1404.0,10.9,89874.0,21.9,0.00,pathseer:32
beir500k-f32,neg10_cat11,neg10,58822,pathseer,512,3,32,0.9969,0.9688,0.00004,81.548,131.368,153.445,81.767,72849.4,0.0,205012.4,46626.6,23.0,12974.0,1404.0,10.9,89874.0,21.9,0.00,pathseer:32
beir500k-f32,neg10_cat12,neg10,60873,sweeping,64,1,66,0.9712,0.7273,0.00041,68.030,99.974,110.327,65.822,86711.0,0.0,34534.5,27122.2,3.0,1447.0,0.0,0.0,0.0,0.0,0.00,sweeping:66
beir500k-f32,neg10_cat12,neg10,60873,sweeping,64,2,66,0.9712,0.7273,0.00041,68.301,103.171,110.099,65.986,86711.0,0.0,34534.5,27122.2,3.0,1447.0,0.0,0.0,0.0,0.0,0.00,sweeping:66
beir500k-f32,neg10_cat12,neg10,60873,sweeping,64,3,66,0.9712,0.7273,0.00041,68.758,100.653,110.869,66.218,86711.0,0.0,34534.5,27122.2,3.0,1447.0,0.0,0.0,0.0,0.0,0.00,sweeping:66
beir500k-f32,neg10_cat12,neg10,60873,sweeping,128,1,66,0.9833,0.8485,0.00036,81.179,117.237,126.819,79.312,103393.7,0.0,42334.3,32359.4,5.0,2731.0,0.0,0.0,0.0,0.0,0.00,sweeping:66
beir500k-f32,neg10_cat12,neg10,60873,sweeping,128,2,66,0.9833,0.8485,0.00036,84.265,117.228,131.853,81.834,103393.7,0.0,42334.3,32359.4,5.0,2731.0,0.0,0.0,0.0,0.0,0.00,sweeping:66
beir500k-f32,neg10_cat12,neg10,60873,sweeping,128,3,66,0.9833,0.8485,0.00036,83.055,118.332,128.692,80.049,103393.7,0.0,42334.3,32359.4,5.0,2731.0,0.0,0.0,0.0,0.0,0.00,sweeping:66
beir500k-f32,neg10_cat12,neg10,60873,sweeping,256,1,66,0.9909,0.9091,0.00016,100.437,144.669,151.991,99.165,124926.2,0.0,52533.1,39092.1,11.0,5158.0,0.0,0.0,0.0,0.0,0.00,sweeping:66
beir500k-f32,neg10_cat12,neg10,60873,sweeping,256,2,66,0.9909,0.9091,0.00016,101.119,141.359,152.565,98.887,124926.2,0.0,52533.1,39092.1,11.0,5158.0,0.0,0.0,0.0,0.0,0.00,sweeping:66
beir500k-f32,neg10_cat12,neg10,60873,sweeping,256,3,66,0.9909,0.9091,0.00016,101.715,142.654,153.040,99.515,124926.2,0.0,52533.1,39092.1,11.0,5158.0,0.0,0.0,0.0,0.0,0.00,sweeping:66
beir500k-f32,neg10_cat12,neg10,60873,sweeping,512,1,66,0.9970,0.9697,0.00004,118.256,167.354,172.654,118.775,152156.0,0.0,66132.0,48006.0,23.0,9345.0,0.0,0.0,0.0,0.0,0.00,sweeping:66
beir500k-f32,neg10_cat12,neg10,60873,sweeping,512,2,66,0.9970,0.9697,0.00004,116.707,163.566,175.454,117.789,152156.0,0.0,66132.0,48006.0,23.0,9345.0,0.0,0.0,0.0,0.0,0.00,sweeping:66
beir500k-f32,neg10_cat12,neg10,60873,sweeping,512,3,66,0.9970,0.9697,0.00004,118.272,163.461,171.779,118.315,152156.0,0.0,66132.0,48006.0,23.0,9345.0,0.0,0.0,0.0,0.0,0.00,sweeping:66
beir500k-f32,neg10_cat12,neg10,60873,acorn,64,1,66,0.8318,0.2576,0.00409,1.594,1.863,1.986,1.568,2060.2,10.0,13434.4,70.5,4.0,4.0,0.0,0.0,0.0,0.0,0.00,acorn:66
beir500k-f32,neg10_cat12,neg10,60873,acorn,64,2,66,0.8318,0.2576,0.00409,1.573,1.848,1.956,1.553,2060.2,10.0,13434.4,70.5,4.0,4.0,0.0,0.0,0.0,0.0,0.00,acorn:66
beir500k-f32,neg10_cat12,neg10,60873,acorn,64,3,66,0.8318,0.2576,0.00409,1.564,1.874,1.976,1.550,2060.2,10.0,13434.4,70.5,4.0,4.0,0.0,0.0,0.0,0.0,0.00,acorn:66
beir500k-f32,neg10_cat12,neg10,60873,acorn,128,1,66,0.9045,0.4091,0.00191,2.720,3.224,3.292,2.712,3450.1,10.0,21180.1,133.1,5.0,5.0,0.0,0.0,0.0,0.0,0.00,acorn:66
beir500k-f32,neg10_cat12,neg10,60873,acorn,128,2,66,0.9045,0.4091,0.00191,2.666,3.032,3.152,2.594,3450.1,10.0,21180.1,133.1,5.0,5.0,0.0,0.0,0.0,0.0,0.00,acorn:66
beir500k-f32,neg10_cat12,neg10,60873,acorn,128,3,66,0.9045,0.4091,0.00191,2.647,3.014,3.233,2.597,3450.1,10.0,21180.1,133.1,5.0,5.0,0.0,0.0,0.0,0.0,0.00,acorn:66
beir500k-f32,neg10_cat12,neg10,60873,acorn,256,1,66,0.9455,0.6212,0.00126,4.574,5.356,5.655,4.535,5812.3,10.0,33826.2,260.4,8.0,8.0,0.0,0.0,0.0,0.0,0.00,acorn:66
beir500k-f32,neg10_cat12,neg10,60873,acorn,256,2,66,0.9455,0.6212,0.00126,4.513,5.268,5.460,4.452,5812.3,10.0,33826.2,260.4,8.0,8.0,0.0,0.0,0.0,0.0,0.00,acorn:66
beir500k-f32,neg10_cat12,neg10,60873,acorn,256,3,66,0.9455,0.6212,0.00126,4.516,5.283,5.528,4.482,5812.3,10.0,33826.2,260.4,8.0,8.0,0.0,0.0,0.0,0.0,0.00,acorn:66
beir500k-f32,neg10_cat12,neg10,60873,acorn,512,1,66,0.9682,0.7576,0.00076,7.703,9.058,9.420,7.698,9522.6,10.0,52567.9,515.6,16.0,15.0,0.0,0.0,0.0,0.0,0.00,acorn:66
beir500k-f32,neg10_cat12,neg10,60873,acorn,512,2,66,0.9682,0.7576,0.00076,7.589,8.853,8.930,7.590,9522.6,10.0,52567.9,515.6,16.0,15.0,0.0,0.0,0.0,0.0,0.00,acorn:66
beir500k-f32,neg10_cat12,neg10,60873,acorn,512,3,66,0.9682,0.7576,0.00076,7.593,8.898,9.096,7.581,9522.6,10.0,52567.9,515.6,16.0,15.0,0.0,0.0,0.0,0.0,0.00,acorn:66
beir500k-f32,neg10_cat12,neg10,60873,pathseer,64,1,66,0.9545,0.6364,0.00068,19.501,33.182,35.934,18.834,15136.0,0.0,60597.9,12001.3,3.0,1447.0,161.0,1.6,34407.3,2.5,0.00,pathseer:66
beir500k-f32,neg10_cat12,neg10,60873,pathseer,64,2,66,0.9545,0.6364,0.00068,19.392,32.973,35.755,18.795,15136.0,0.0,60597.9,12001.3,3.0,1447.0,161.0,1.6,34407.3,2.5,0.00,pathseer:66
beir500k-f32,neg10_cat12,neg10,60873,pathseer,64,3,66,0.9545,0.6364,0.00068,19.623,33.109,35.675,18.802,15136.0,0.0,60597.9,12001.3,3.0,1447.0,161.0,1.6,34407.3,2.5,0.00,pathseer:66
beir500k-f32,neg10_cat12,neg10,60873,pathseer,128,1,66,0.9803,0.8182,0.00037,30.084,43.456,47.662,27.592,22767.4,0.0,79204.1,17408.9,5.0,2625.0,299.6,2.9,40760.8,4.7,0.00,pathseer:66
beir500k-f32,neg10_cat12,neg10,60873,pathseer,128,2,66,0.9803,0.8182,0.00037,30.486,43.416,48.638,27.786,22767.4,0.0,79204.1,17408.9,5.0,2625.0,299.6,2.9,40760.8,4.7,0.00,pathseer:66
beir500k-f32,neg10_cat12,neg10,60873,pathseer,128,3,66,0.9803,0.8182,0.00037,29.950,43.574,47.994,27.672,22767.4,0.0,79204.1,17408.9,5.0,2625.0,299.6,2.9,40760.8,4.7,0.00,pathseer:66
beir500k-f32,neg10_cat12,neg10,60873,pathseer,256,1,66,0.9894,0.8939,0.00031,42.450,57.509,57.781,39.124,33001.4,0.0,103014.8,24112.7,10.0,5158.0,639.0,6.7,48867.7,10.0,0.00,pathseer:66
beir500k-f32,neg10_cat12,neg10,60873,pathseer,256,2,66,0.9894,0.8939,0.00031,42.600,57.123,58.369,39.107,33001.4,0.0,103014.8,24112.7,10.0,5158.0,639.0,6.7,48867.7,10.0,0.00,pathseer:66
beir500k-f32,neg10_cat12,neg10,60873,pathseer,256,3,66,0.9894,0.8939,0.00031,42.392,57.529,57.922,39.133,33001.4,0.0,103014.8,24112.7,10.0,5158.0,639.0,6.7,48867.7,10.0,0.00,pathseer:66
beir500k-f32,neg10_cat12,neg10,60873,pathseer,512,1,66,0.9939,0.9394,0.00025,58.589,72.269,80.733,54.548,46735.3,0.0,133975.9,32356.6,23.0,9345.0,1452.4,17.4,59710.6,22.7,0.00,pathseer:66
beir500k-f32,neg10_cat12,neg10,60873,pathseer,512,2,66,0.9939,0.9394,0.00025,58.277,72.504,78.982,54.565,46735.3,0.0,133975.9,32356.6,23.0,9345.0,1452.4,17.4,59710.6,22.7,0.00,pathseer:66
beir500k-f32,neg10_cat12,neg10,60873,pathseer,512,3,66,0.9939,0.9394,0.00025,58.007,72.401,79.076,54.608,46735.3,0.0,133975.9,32356.6,23.0,9345.0,1452.4,17.4,59710.6,22.7,0.00,pathseer:66
beir500k-f32,neg10_cat13,neg10,62221,sweeping,64,1,54,0.9944,0.9444,0.00010,11.204,33.632,35.131,13.800,23725.8,0.0,5189.2,3069.2,3.0,106.0,0.0,0.0,0.0,0.0,0.00,sweeping:54
beir500k-f32,neg10_cat13,neg10,62221,sweeping,64,2,54,0.9944,0.9444,0.00010,11.187,35.094,37.412,14.320,23725.8,0.0,5189.2,3069.2,3.0,106.0,0.0,0.0,0.0,0.0,0.00,sweeping:54
beir500k-f32,neg10_cat13,neg10,62221,sweeping,64,3,54,0.9944,0.9444,0.00010,11.270,34.101,35.558,13.878,23725.8,0.0,5189.2,3069.2,3.0,106.0,0.0,0.0,0.0,0.0,0.00,sweeping:54
beir500k-f32,neg10_cat13,neg10,62221,sweeping,128,1,54,0.9981,0.9815,0.00001,16.858,46.616,53.137,20.534,34477.3,0.0,7999.4,4785.6,6.0,215.0,0.0,0.0,0.0,0.0,0.00,sweeping:54
beir500k-f32,neg10_cat13,neg10,62221,sweeping,128,2,54,0.9981,0.9815,0.00001,17.472,46.585,52.573,20.509,34477.3,0.0,7999.4,4785.6,6.0,215.0,0.0,0.0,0.0,0.0,0.00,sweeping:54
beir500k-f32,neg10_cat13,neg10,62221,sweeping,128,3,54,0.9981,0.9815,0.00001,16.744,46.714,53.112,20.536,34477.3,0.0,7999.4,4785.6,6.0,215.0,0.0,0.0,0.0,0.0,0.00,sweeping:54
beir500k-f32,neg10_cat13,neg10,62221,sweeping,256,1,54,1.0000,1.0000,0.00000,25.602,65.186,72.699,30.854,50016.4,0.0,12525.3,7492.1,11.0,509.0,0.0,0.0,0.0,0.0,0.00,sweeping:54
beir500k-f32,neg10_cat13,neg10,62221,sweeping,256,2,54,1.0000,1.0000,0.00000,25.687,65.527,72.360,30.525,50016.4,0.0,12525.3,7492.1,11.0,509.0,0.0,0.0,0.0,0.0,0.00,sweeping:54
beir500k-f32,neg10_cat13,neg10,62221,sweeping,256,3,54,1.0000,1.0000,0.00000,25.665,65.354,72.498,30.596,50016.4,0.0,12525.3,7492.1,11.0,509.0,0.0,0.0,0.0,0.0,0.00,sweeping:54
beir500k-f32,neg10_cat13,neg10,62221,sweeping,512,1,54,1.0000,1.0000,0.00000,40.053,95.984,100.230,46.000,73110.4,0.0,19840.2,11915.1,23.0,957.0,0.0,0.0,0.0,0.0,0.00,sweeping:54
beir500k-f32,neg10_cat13,neg10,62221,sweeping,512,2,54,1.0000,1.0000,0.00000,40.113,95.771,101.859,46.062,73110.4,0.0,19840.2,11915.1,23.0,957.0,0.0,0.0,0.0,0.0,0.00,sweeping:54
beir500k-f32,neg10_cat13,neg10,62221,sweeping,512,3,54,1.0000,1.0000,0.00000,39.130,95.139,99.561,45.778,73110.4,0.0,19840.2,11915.1,23.0,957.0,0.0,0.0,0.0,0.0,0.00,sweeping:54
beir500k-f32,neg10_cat13,neg10,62221,acorn,64,1,54,0.9556,0.7222,0.00076,1.234,1.885,1.973,1.257,1417.2,10.0,11038.1,67.0,4.0,3.0,0.0,0.0,0.0,0.0,0.00,acorn:53|rre:1
beir500k-f32,neg10_cat13,neg10,62221,acorn,64,2,54,0.9556,0.7222,0.00076,1.245,1.892,1.987,1.268,1417.2,10.0,11038.1,67.0,4.0,3.0,0.0,0.0,0.0,0.0,0.00,acorn:53|rre:1
beir500k-f32,neg10_cat13,neg10,62221,acorn,64,3,54,0.9556,0.7222,0.00076,1.274,1.950,2.168,1.324,1417.2,10.0,11038.1,67.0,4.0,3.0,0.0,0.0,0.0,0.0,0.00,acorn:53|rre:1
beir500k-f32,neg10_cat13,neg10,62221,acorn,128,1,54,0.9741,0.8333,0.00033,2.090,3.201,3.809,2.121,2372.7,10.0,17400.9,131.3,5.0,5.0,0.0,0.0,0.0,0.0,0.00,acorn:53|rre:1
beir500k-f32,neg10_cat13,neg10,62221,acorn,128,2,54,0.9741,0.8333,0.00033,2.053,3.196,3.811,2.103,2372.7,10.0,17400.9,131.3,5.0,5.0,0.0,0.0,0.0,0.0,0.00,acorn:53|rre:1
beir500k-f32,neg10_cat13,neg10,62221,acorn,128,3,54,0.9741,0.8333,0.00033,2.044,3.233,3.796,2.085,2372.7,10.0,17400.9,131.3,5.0,5.0,0.0,0.0,0.0,0.0,0.00,acorn:53|rre:1
beir500k-f32,neg10_cat13,neg10,62221,acorn,256,1,54,0.9852,0.8889,0.00017,3.493,5.204,5.520,3.492,3914.1,10.0,27117.5,258.3,9.0,9.0,0.0,0.0,0.0,0.0,0.00,acorn:53|rre:1
beir500k-f32,neg10_cat13,neg10,62221,acorn,256,2,54,0.9852,0.8889,0.00017,3.537,5.370,5.724,3.540,3914.1,10.0,27117.5,258.3,9.0,9.0,0.0,0.0,0.0,0.0,0.00,acorn:53|rre:1
beir500k-f32,neg10_cat13,neg10,62221,acorn,256,3,54,0.9852,0.8889,0.00017,3.549,5.400,5.837,3.574,3914.1,10.0,27117.5,258.3,9.0,9.0,0.0,0.0,0.0,0.0,0.00,acorn:53|rre:1
beir500k-f32,neg10_cat13,neg10,62221,acorn,512,1,54,0.9889,0.9259,0.00012,5.959,8.361,8.856,5.926,6411.7,10.0,42293.0,514.2,22.0,21.0,0.0,0.0,0.0,0.0,0.00,acorn:53|rre:1
beir500k-f32,neg10_cat13,neg10,62221,acorn,512,2,54,0.9889,0.9259,0.00012,5.919,8.502,8.946,5.909,6411.7,10.0,42293.0,514.2,22.0,21.0,0.0,0.0,0.0,0.0,0.00,acorn:53|rre:1
beir500k-f32,neg10_cat13,neg10,62221,acorn,512,3,54,0.9889,0.9259,0.00012,5.918,8.407,9.081,5.917,6411.7,10.0,42293.0,514.2,22.0,21.0,0.0,0.0,0.0,0.0,0.00,acorn:53|rre:1
beir500k-f32,neg10_cat13,neg10,62221,pathseer,64,1,54,0.9796,0.8704,0.00040,2.441,7.440,9.595,3.253,3565.6,0.0,14798.0,1505.2,3.0,91.0,149.3,8.9,10335.6,2.3,0.00,pathseer:54
beir500k-f32,neg10_cat13,neg10,62221,pathseer,64,2,54,0.9796,0.8704,0.00040,2.479,7.591,9.803,3.278,3565.6,0.0,14798.0,1505.2,3.0,91.0,149.3,8.9,10335.6,2.3,0.00,pathseer:54
beir500k-f32,neg10_cat13,neg10,62221,pathseer,64,3,54,0.9796,0.8704,0.00040,2.660,8.204,9.795,3.385,3565.6,0.0,14798.0,1505.2,3.0,91.0,149.3,8.9,10335.6,2.3,0.00,pathseer:54
beir500k-f32,neg10_cat13,neg10,62221,pathseer,128,1,54,0.9944,0.9444,0.00004,4.828,11.182,15.036,5.457,5964.7,0.0,22205.0,2510.6,5.0,194.0,267.9,18.2,14796.1,4.2,0.00,pathseer:54
beir500k-f32,neg10_cat13,neg10,62221,pathseer,128,2,54,0.9944,0.9444,0.00004,4.803,11.224,14.794,5.450,5964.7,0.0,22205.0,2510.6,5.0,194.0,267.9,18.2,14796.1,4.2,0.00,pathseer:54
beir500k-f32,neg10_cat13,neg10,62221,pathseer,128,3,54,0.9944,0.9444,0.00004,4.946,11.308,15.088,5.495,5964.7,0.0,22205.0,2510.6,5.0,194.0,267.9,18.2,14796.1,4.2,0.00,pathseer:54
beir500k-f32,neg10_cat13,neg10,62221,pathseer,256,1,54,0.9981,0.9815,0.00001,8.436,19.424,20.722,9.196,9875.7,0.0,33455.1,4177.1,9.0,418.0,565.3,34.8,21148.4,8.8,0.00,pathseer:54
beir500k-f32,neg10_cat13,neg10,62221,pathseer,256,2,54,0.9981,0.9815,0.00001,8.395,19.444,20.772,9.129,9875.7,0.0,33455.1,4177.1,9.0,418.0,565.3,34.8,21148.4,8.8,0.00,pathseer:54
beir500k-f32,neg10_cat13,neg10,62221,pathseer,256,3,54,0.9981,0.9815,0.00001,8.662,19.670,20.751,9.192,9875.7,0.0,33455.1,4177.1,9.0,418.0,565.3,34.8,21148.4,8.8,0.00,pathseer:54
beir500k-f32,neg10_cat13,neg10,62221,pathseer,512,1,54,0.9981,0.9815,0.00001,15.001,30.202,31.862,15.545,16513.9,0.0,51095.4,7058.0,19.0,914.0,1207.7,72.1,30315.0,18.9,0.00,pathseer:54
beir500k-f32,neg10_cat13,neg10,62221,pathseer,512,2,54,0.9981,0.9815,0.00001,14.943,30.641,32.196,15.536,16513.9,0.0,51095.4,7058.0,19.0,914.0,1207.7,72.1,30315.0,18.9,0.00,pathseer:54
beir500k-f32,neg10_cat13,neg10,62221,pathseer,512,3,54,0.9981,0.9815,0.00001,15.183,30.207,32.147,15.554,16513.9,0.0,51095.4,7058.0,19.0,914.0,1207.7,72.1,30315.0,18.9,0.00,pathseer:54
beir500k-f32,neg10_cat14,neg10,63772,sweeping,64,1,6,0.9167,0.3333,0.00128,35.905,46.034,46.034,31.532,48577.8,0.0,16018.2,9691.2,4.0,966.0,0.0,0.0,0.0,0.0,0.00,sweeping:6
beir500k-f32,neg10_cat14,neg10,63772,sweeping,64,2,6,0.9167,0.3333,0.00128,36.403,47.260,47.260,32.109,48577.8,0.0,16018.2,9691.2,4.0,966.0,0.0,0.0,0.0,0.0,0.00,sweeping:6
beir500k-f32,neg10_cat14,neg10,63772,sweeping,64,3,6,0.9167,0.3333,0.00128,35.444,46.435,46.435,31.474,48577.8,0.0,16018.2,9691.2,4.0,966.0,0.0,0.0,0.0,0.0,0.00,sweeping:6
beir500k-f32,neg10_cat14,neg10,63772,sweeping,128,1,6,0.9500,0.5000,0.00094,45.782,58.045,58.045,42.248,63381.0,0.0,22927.2,13651.3,7.0,1623.0,0.0,0.0,0.0,0.0,0.00,sweeping:6
beir500k-f32,neg10_cat14,neg10,63772,sweeping,128,2,6,0.9500,0.5000,0.00094,45.196,58.101,58.101,42.232,63381.0,0.0,22927.2,13651.3,7.0,1623.0,0.0,0.0,0.0,0.0,0.00,sweeping:6
beir500k-f32,neg10_cat14,neg10,63772,sweeping,128,3,6,0.9500,0.5000,0.00094,45.389,62.708,62.708,43.076,63381.0,0.0,22927.2,13651.3,7.0,1623.0,0.0,0.0,0.0,0.0,0.00,sweeping:6
beir500k-f32,neg10_cat14,neg10,63772,sweeping,256,1,6,0.9667,0.6667,0.00090,62.530,77.004,77.004,58.026,84933.8,0.0,33029.3,19398.5,12.0,3812.0,0.0,0.0,0.0,0.0,0.00,sweeping:6
beir500k-f32,neg10_cat14,neg10,63772,sweeping,256,2,6,0.9667,0.6667,0.00090,62.123,77.434,77.434,58.040,84933.8,0.0,33029.3,19398.5,12.0,3812.0,0.0,0.0,0.0,0.0,0.00,sweeping:6
beir500k-f32,neg10_cat14,neg10,63772,sweeping,256,3,6,0.9667,0.6667,0.00090,62.908,77.460,77.460,58.137,84933.8,0.0,33029.3,19398.5,12.0,3812.0,0.0,0.0,0.0,0.0,0.00,sweeping:6
beir500k-f32,neg10_cat14,neg10,63772,sweeping,512,1,6,0.9833,0.8333,0.00024,83.761,99.415,99.415,80.602,115504.3,0.0,46725.7,27164.5,22.0,6016.0,0.0,0.0,0.0,0.0,0.00,sweeping:6
beir500k-f32,neg10_cat14,neg10,63772,sweeping,512,2,6,0.9833,0.8333,0.00024,83.926,99.319,99.319,80.137,115504.3,0.0,46725.7,27164.5,22.0,6016.0,0.0,0.0,0.0,0.0,0.00,sweeping:6
beir500k-f32,neg10_cat14,neg10,63772,sweeping,512,3,6,0.9833,0.8333,0.00024,84.364,99.894,99.894,80.321,115504.3,0.0,46725.7,27164.5,22.0,6016.0,0.0,0.0,0.0,0.0,0.00,sweeping:6
beir500k-f32,neg10_cat14,neg10,63772,acorn,64,1,6,0.8500,0.1667,0.00660,1.041,1.666,1.666,1.154,1325.5,10.0,13695.8,75.0,5.0,5.0,0.0,0.0,0.0,0.0,0.00,acorn:6
beir500k-f32,neg10_cat14,neg10,63772,acorn,64,2,6,0.8500,0.1667,0.00660,1.038,1.607,1.607,1.128,1325.5,10.0,13695.8,75.0,5.0,5.0,0.0,0.0,0.0,0.0,0.00,acorn:6
beir500k-f32,neg10_cat14,neg10,63772,acorn,64,3,6,0.8500,0.1667,0.00660,1.037,1.613,1.613,1.131,1325.5,10.0,13695.8,75.0,5.0,5.0,0.0,0.0,0.0,0.0,0.00,acorn:6
beir500k-f32,neg10_cat14,neg10,63772,acorn,128,1,6,0.9167,0.3333,0.00149,1.880,2.863,2.863,2.063,2079.3,10.0,19817.8,139.2,8.0,8.0,0.0,0.0,0.0,0.0,0.00,acorn:6
beir500k-f32,neg10_cat14,neg10,63772,acorn,128,2,6,0.9167,0.3333,0.00149,1.734,2.676,2.676,1.924,2079.3,10.0,19817.8,139.2,8.0,8.0,0.0,0.0,0.0,0.0,0.00,acorn:6
beir500k-f32,neg10_cat14,neg10,63772,acorn,128,3,6,0.9167,0.3333,0.00149,1.789,2.508,2.508,1.879,2079.3,10.0,19817.8,139.2,8.0,8.0,0.0,0.0,0.0,0.0,0.00,acorn:6
beir500k-f32,neg10_cat14,neg10,63772,acorn,256,1,6,0.9333,0.5000,0.00120,3.072,3.912,3.912,3.080,3331.7,10.0,28224.5,266.0,15.0,14.0,0.0,0.0,0.0,0.0,0.00,acorn:6
beir500k-f32,neg10_cat14,neg10,63772,acorn,256,2,6,0.9333,0.5000,0.00120,3.139,3.951,3.951,3.091,3331.7,10.0,28224.5,266.0,15.0,14.0,0.0,0.0,0.0,0.0,0.00,acorn:6
beir500k-f32,neg10_cat14,neg10,63772,acorn,256,3,6,0.9333,0.5000,0.00120,3.116,3.927,3.927,3.067,3331.7,10.0,28224.5,266.0,15.0,14.0,0.0,0.0,0.0,0.0,0.00,acorn:6
beir500k-f32,neg10_cat14,neg10,63772,acorn,512,1,6,0.9500,0.6667,0.00055,6.088,6.379,6.379,5.416,5988.3,10.0,41314.2,520.7,24.0,24.0,0.0,0.0,0.0,0.0,0.00,acorn:6
beir500k-f32,neg10_cat14,neg10,63772,acorn,512,2,6,0.9500,0.6667,0.00055,6.060,6.538,6.538,5.459,5988.3,10.0,41314.2,520.7,24.0,24.0,0.0,0.0,0.0,0.0,0.00,acorn:6
beir500k-f32,neg10_cat14,neg10,63772,acorn,512,3,6,0.9500,0.6667,0.00055,6.129,6.507,6.507,5.474,5988.3,10.0,41314.2,520.7,24.0,24.0,0.0,0.0,0.0,0.0,0.00,acorn:6
beir500k-f32,neg10_cat14,neg10,63772,pathseer,64,1,6,0.9167,0.3333,0.00146,9.874,15.544,15.544,9.529,9102.0,0.0,38236.0,5572.3,4.0,924.0,170.7,2.0,24023.3,2.7,0.00,pathseer:6
beir500k-f32,neg10_cat14,neg10,63772,pathseer,64,2,6,0.9167,0.3333,0.00146,9.748,16.034,16.034,9.777,9102.0,0.0,38236.0,5572.3,4.0,924.0,170.7,2.0,24023.3,2.7,0.00,pathseer:6
beir500k-f32,neg10_cat14,neg10,63772,pathseer,64,3,6,0.9167,0.3333,0.00146,9.820,15.475,15.475,9.606,9102.0,0.0,38236.0,5572.3,4.0,924.0,170.7,2.0,24023.3,2.7,0.00,pathseer:6
beir500k-f32,neg10_cat14,neg10,63772,pathseer,128,1,6,0.9500,0.5000,0.00094,15.283,27.060,27.060,16.324,14645.3,0.0,53397.8,8842.3,7.0,1623.0,352.0,3.7,30686.5,5.5,0.00,pathseer:6
beir500k-f32,neg10_cat14,neg10,63772,pathseer,128,2,6,0.9500,0.5000,0.00094,15.143,24.617,24.617,15.601,14645.3,0.0,53397.8,8842.3,7.0,1623.0,352.0,3.7,30686.5,5.5,0.00,pathseer:6
beir500k-f32,neg10_cat14,neg10,63772,pathseer,128,3,6,0.9500,0.5000,0.00094,15.342,24.838,24.838,15.712,14645.3,0.0,53397.8,8842.3,7.0,1623.0,352.0,3.7,30686.5,5.5,0.00,pathseer:6
beir500k-f32,neg10_cat14,neg10,63772,pathseer,256,1,6,0.9667,0.6667,0.00090,25.170,36.822,36.822,25.391,24193.0,0.0,75489.8,13934.0,11.0,3733.0,629.3,8.3,38752.5,9.8,0.00,pathseer:6
beir500k-f32,neg10_cat14,neg10,63772,pathseer,256,2,6,0.9667,0.6667,0.00090,25.293,37.611,37.611,25.700,24193.0,0.0,75489.8,13934.0,11.0,3733.0,629.3,8.3,38752.5,9.8,0.00,pathseer:6
beir500k-f32,neg10_cat14,neg10,63772,pathseer,256,3,6,0.9667,0.6667,0.00090,25.286,36.593,36.593,25.470,24193.0,0.0,75489.8,13934.0,11.0,3733.0,629.3,8.3,38752.5,9.8,0.00,pathseer:6
beir500k-f32,neg10_cat14,neg10,63772,pathseer,512,1,6,0.9833,0.8333,0.00024,40.972,51.634,51.634,38.613,37296.7,0.0,104666.2,20661.0,22.0,6016.0,1429.3,16.0,49379.5,22.3,0.00,pathseer:6
beir500k-f32,neg10_cat14,neg10,63772,pathseer,512,2,6,0.9833,0.8333,0.00024,40.749,51.959,51.959,38.480,37296.7,0.0,104666.2,20661.0,22.0,6016.0,1429.3,16.0,49379.5,22.3,0.00,pathseer:6
beir500k-f32,neg10_cat14,neg10,63772,pathseer,512,3,6,0.9833,0.8333,0.00024,40.789,51.912,51.912,38.521,37296.7,0.0,104666.2,20661.0,22.0,6016.0,1429.3,16.0,49379.5,22.3,0.00,pathseer:6
beir500k-f32,neg10_cat15,neg10,63900,sweeping,64,1,84,0.9690,0.7500,0.00060,8.156,27.125,35.419,11.032,20056.8,0.0,4062.9,2038.7,4.0,59.0,0.0,0.0,0.0,0.0,0.00,sweeping:84
beir500k-f32,neg10_cat15,neg10,63900,sweeping,64,2,84,0.9690,0.7500,0.00060,8.053,27.245,35.410,11.088,20056.8,0.0,4062.9,2038.7,4.0,59.0,0.0,0.0,0.0,0.0,0.00,sweeping:84
beir500k-f32,neg10_cat15,neg10,63900,sweeping,64,3,84,0.9690,0.7500,0.00060,8.107,27.328,35.566,11.050,20056.8,0.0,4062.9,2038.7,4.0,59.0,0.0,0.0,0.0,0.0,0.00,sweeping:84
beir500k-f32,neg10_cat15,neg10,63900,sweeping,128,1,84,0.9893,0.8929,0.00012,12.867,42.817,55.865,17.001,29820.0,0.0,6499.8,3237.4,6.0,106.0,0.0,0.0,0.0,0.0,0.00,sweeping:84
beir500k-f32,neg10_cat15,neg10,63900,sweeping,128,2,84,0.9893,0.8929,0.00012,12.375,42.938,56.031,16.722,29820.0,0.0,6499.8,3237.4,6.0,106.0,0.0,0.0,0.0,0.0,0.00,sweeping:84
beir500k-f32,neg10_cat15,neg10,63900,sweeping,128,3,84,0.9893,0.8929,0.00012,12.371,42.661,56.312,16.731,29820.0,0.0,6499.8,3237.4,6.0,106.0,0.0,0.0,0.0,0.0,0.00,sweeping:84
beir500k-f32,neg10_cat15,neg10,63900,sweeping,256,1,84,0.9952,0.9524,0.00004,19.377,62.734,81.820,25.338,44097.6,0.0,10393.0,5144.5,12.0,221.0,0.0,0.0,0.0,0.0,0.00,sweeping:84
beir500k-f32,neg10_cat15,neg10,63900,sweeping,256,2,84,0.9952,0.9524,0.00004,19.342,61.914,79.441,25.200,44097.6,0.0,10393.0,5144.5,12.0,221.0,0.0,0.0,0.0,0.0,0.00,sweeping:84
beir500k-f32,neg10_cat15,neg10,63900,sweeping,256,3,84,0.9952,0.9524,0.00004,18.939,62.529,79.359,25.198,44097.6,0.0,10393.0,5144.5,12.0,221.0,0.0,0.0,0.0,0.0,0.00,sweeping:84
beir500k-f32,neg10_cat15,neg10,63900,sweeping,512,1,84,0.9976,0.9762,0.00002,31.561,93.984,114.309,37.922,64508.2,0.0,16548.2,8225.5,25.0,380.0,0.0,0.0,0.0,0.0,0.00,sweeping:84
beir500k-f32,neg10_cat15,neg10,63900,sweeping,512,2,84,0.9976,0.9762,0.00002,31.311,93.060,114.509,37.830,64508.2,0.0,16548.2,8225.5,25.0,380.0,0.0,0.0,0.0,0.0,0.00,sweeping:84
beir500k-f32,neg10_cat15,neg10,63900,sweeping,512,3,84,0.9976,0.9762,0.00002,31.460,92.480,114.424,37.798,64508.2,0.0,16548.2,8225.5,25.0,380.0,0.0,0.0,0.0,0.0,0.00,sweeping:84
beir500k-f32,neg10_cat15,neg10,63900,acorn,64,1,84,0.8964,0.4524,0.00291,1.760,2.405,2.908,1.725,2273.6,10.0,12105.6,67.7,3.0,3.0,0.0,0.0,0.0,0.0,0.00,acorn:76|rre:8
beir500k-f32,neg10_cat15,neg10,63900,acorn,64,2,84,0.8964,0.4524,0.00291,1.769,2.417,2.871,1.740,2273.6,10.0,12105.6,67.7,3.0,3.0,0.0,0.0,0.0,0.0,0.00,acorn:76|rre:8
beir500k-f32,neg10_cat15,neg10,63900,acorn,64,3,84,0.8964,0.4524,0.00291,1.755,2.459,2.890,1.724,2273.6,10.0,12105.6,67.7,3.0,3.0,0.0,0.0,0.0,0.0,0.00,acorn:76|rre:8
beir500k-f32,neg10_cat15,neg10,63900,acorn,128,1,84,0.9536,0.6667,0.00110,3.060,3.843,4.505,2.891,3840.4,10.0,19237.9,131.5,4.0,4.0,0.0,0.0,0.0,0.0,0.00,acorn:76|rre:8
beir500k-f32,neg10_cat15,neg10,63900,acorn,128,2,84,0.9536,0.6667,0.00110,3.012,4.150,4.491,2.912,3840.4,10.0,19237.9,131.5,4.0,4.0,0.0,0.0,0.0,0.0,0.00,acorn:76|rre:8
beir500k-f32,neg10_cat15,neg10,63900,acorn,128,3,84,0.9536,0.6667,0.00110,3.036,3.923,4.452,2.936,3840.4,10.0,19237.9,131.5,4.0,4.0,0.0,0.0,0.0,0.0,0.00,acorn:76|rre:8
beir500k-f32,neg10_cat15,neg10,63900,acorn,256,1,84,0.9857,0.8690,0.00037,4.912,6.326,6.506,4.707,6228.9,10.0,29215.3,258.7,6.0,6.0,0.0,0.0,0.0,0.0,0.00,acorn:76|rre:8
beir500k-f32,neg10_cat15,neg10,63900,acorn,256,2,84,0.9857,0.8690,0.00037,5.007,6.388,6.542,4.778,6228.9,10.0,29215.3,258.7,6.0,6.0,0.0,0.0,0.0,0.0,0.00,acorn:76|rre:8
beir500k-f32,neg10_cat15,neg10,63900,acorn,256,3,84,0.9857,0.8690,0.00037,4.956,6.475,6.873,4.811,6228.9,10.0,29215.3,258.7,6.0,6.0,0.0,0.0,0.0,0.0,0.00,acorn:76|rre:8
beir500k-f32,neg10_cat15,neg10,63900,acorn,512,1,84,0.9905,0.9167,0.00020,8.206,10.160,10.567,7.800,9980.9,10.0,44072.8,514.4,11.0,11.0,0.0,0.0,0.0,0.0,0.00,acorn:76|rre:8
beir500k-f32,neg10_cat15,neg10,63900,acorn,512,2,84,0.9905,0.9167,0.00020,8.275,10.150,10.702,7.813,9980.9,10.0,44072.8,514.4,11.0,11.0,0.0,0.0,0.0,0.0,0.00,acorn:76|rre:8
beir500k-f32,neg10_cat15,neg10,63900,acorn,512,3,84,0.9905,0.9167,0.00020,8.134,10.005,10.491,7.721,9980.9,10.0,44072.8,514.4,11.0,11.0,0.0,0.0,0.0,0.0,0.00,acorn:76|rre:8
beir500k-f32,neg10_cat15,neg10,63900,pathseer,64,1,84,0.9512,0.6548,0.00102,1.811,5.315,11.053,2.476,3089.2,0.0,10121.7,874.8,3.0,45.0,157.0,18.9,7060.5,2.5,0.00,pathseer:84
beir500k-f32,neg10_cat15,neg10,63900,pathseer,64,2,84,0.9512,0.6548,0.00102,1.792,5.318,11.160,2.560,3089.2,0.0,10121.7,874.8,3.0,45.0,157.0,18.9,7060.5,2.5,0.00,pathseer:84
beir500k-f32,neg10_cat15,neg10,63900,pathseer,64,3,84,0.9512,0.6548,0.00102,1.773,5.577,11.097,2.488,3089.2,0.0,10121.7,874.8,3.0,45.0,157.0,18.9,7060.5,2.5,0.00,pathseer:84
beir500k-f32,neg10_cat15,neg10,63900,pathseer,128,1,84,0.9810,0.8095,0.00030,3.059,8.115,17.950,4.176,5316.5,0.0,15875.7,1466.5,5.0,93.0,285.0,31.0,10730.5,4.5,0.00,pathseer:84
beir500k-f32,neg10_cat15,neg10,63900,pathseer,128,2,84,0.9810,0.8095,0.00030,3.076,8.073,17.932,4.183,5316.5,0.0,15875.7,1466.5,5.0,93.0,285.0,31.0,10730.5,4.5,0.00,pathseer:84
beir500k-f32,neg10_cat15,neg10,63900,pathseer,128,3,84,0.9810,0.8095,0.00030,3.066,8.127,18.122,4.191,5316.5,0.0,15875.7,1466.5,5.0,93.0,285.0,31.0,10730.5,4.5,0.00,pathseer:84
beir500k-f32,neg10_cat15,neg10,63900,pathseer,256,1,84,0.9952,0.9524,0.00005,5.787,13.667,26.959,7.168,9111.6,0.0,24978.7,2472.0,10.0,177.0,589.7,62.3,16165.1,9.2,0.00,pathseer:84
beir500k-f32,neg10_cat15,neg10,63900,pathseer,256,2,84,0.9952,0.9524,0.00005,5.729,13.799,26.838,7.151,9111.6,0.0,24978.7,2472.0,10.0,177.0,589.7,62.3,16165.1,9.2,0.00,pathseer:84
beir500k-f32,neg10_cat15,neg10,63900,pathseer,256,3,84,0.9952,0.9524,0.00005,5.696,13.783,26.792,7.113,9111.6,0.0,24978.7,2472.0,10.0,177.0,589.7,62.3,16165.1,9.2,0.00,pathseer:84
beir500k-f32,neg10_cat15,neg10,63900,pathseer,512,1,84,0.9964,0.9643,0.00005,10.572,24.768,41.213,12.501,15348.9,0.0,39291.5,4206.7,19.0,344.0,1229.7,127.3,24268.3,19.2,0.00,pathseer:84
beir500k-f32,neg10_cat15,neg10,63900,pathseer,512,2,84,0.9964,0.9643,0.00005,10.194,23.733,43.512,12.291,15348.9,0.0,39291.5,4206.7,19.0,344.0,1229.7,127.3,24268.3,19.2,0.00,pathseer:84
beir500k-f32,neg10_cat15,neg10,63900,pathseer,512,3,84,0.9964,0.9643,0.00005,10.101,23.781,40.516,12.085,15348.9,0.0,39291.5,4206.7,19.0,344.0,1229.7,127.3,24268.3,19.2,0.00,pathseer:84
beir500k-f32,neg10_cat16,neg10,51796,sweeping,64,1,42,0.9976,0.9762,0.00001,14.099,28.080,30.178,15.009,23403.8,0.0,7130.0,4911.2,4.0,190.0,0.0,0.0,0.0,0.0,0.00,sweeping:42
beir500k-f32,neg10_cat16,neg10,51796,sweeping,64,2,42,0.9976,0.9762,0.00001,14.095,27.995,29.787,14.995,23403.8,0.0,7130.0,4911.2,4.0,190.0,0.0,0.0,0.0,0.0,0.00,sweeping:42
beir500k-f32,neg10_cat16,neg10,51796,sweeping,64,3,42,0.9976,0.9762,0.00001,14.135,27.796,29.876,15.115,23403.8,0.0,7130.0,4911.2,4.0,190.0,0.0,0.0,0.0,0.0,0.00,sweeping:42
beir500k-f32,neg10_cat16,neg10,51796,sweeping,128,1,42,0.9976,0.9762,0.00001,19.267,33.877,36.738,19.939,29893.7,0.0,9996.8,6943.3,8.0,400.0,0.0,0.0,0.0,0.0,0.00,sweeping:42
beir500k-f32,neg10_cat16,neg10,51796,sweeping,128,2,42,0.9976,0.9762,0.00001,19.278,34.275,37.154,20.065,29893.7,0.0,9996.8,6943.3,8.0,400.0,0.0,0.0,0.0,0.0,0.00,sweeping:42
beir500k-f32,neg10_cat16,neg10,51796,sweeping,128,3,42,0.9976,0.9762,0.00001,19.528,34.354,36.911,20.039,29893.7,0.0,9996.8,6943.3,8.0,400.0,0.0,0.0,0.0,0.0,0.00,sweeping:42
beir500k-f32,neg10_cat16,neg10,51796,sweeping,256,1,42,1.0000,1.0000,0.00000,27.592,42.980,43.733,26.780,38513.1,0.0,14047.3,9792.1,15.0,810.0,0.0,0.0,0.0,0.0,0.00,sweeping:42
beir500k-f32,neg10_cat16,neg10,51796,sweeping,256,2,42,1.0000,1.0000,0.00000,28.214,42.612,43.698,26.898,38513.1,0.0,14047.3,9792.1,15.0,810.0,0.0,0.0,0.0,0.0,0.00,sweeping:42
beir500k-f32,neg10_cat16,neg10,51796,sweeping,256,3,42,1.0000,1.0000,0.00000,27.398,42.873,43.450,26.722,38513.1,0.0,14047.3,9792.1,15.0,810.0,0.0,0.0,0.0,0.0,0.00,sweeping:42
beir500k-f32,neg10_cat16,neg10,51796,sweeping,512,1,42,1.0000,1.0000,0.00000,35.816,52.892,55.495,36.349,50461.8,0.0,19667.6,13894.8,35.0,1564.0,0.0,0.0,0.0,0.0,0.00,sweeping:42
beir500k-f32,neg10_cat16,neg10,51796,sweeping,512,2,42,1.0000,1.0000,0.00000,35.797,53.132,55.535,36.437,50461.8,0.0,19667.6,13894.8,35.0,1564.0,0.0,0.0,0.0,0.0,0.00,sweeping:42
beir500k-f32,neg10_cat16,neg10,51796,sweeping,512,3,42,1.0000,1.0000,0.00000,35.434,53.094,55.874,36.307,50461.8,0.0,19667.6,13894.8,35.0,1564.0,0.0,0.0,0.0,0.0,0.00,sweeping:42
beir500k-f32,neg10_cat16,neg10,51796,acorn,64,1,42,0.9714,0.8095,0.00046,1.116,1.531,1.837,1.116,1496.3,10.0,9066.5,67.1,3.0,3.0,0.0,0.0,0.0,0.0,0.00,acorn:40|rre:2
beir500k-f32,neg10_cat16,neg10,51796,acorn,64,2,42,0.9714,0.8095,0.00046,1.109,1.493,1.816,1.116,1496.3,10.0,9066.5,67.1,3.0,3.0,0.0,0.0,0.0,0.0,0.00,acorn:40|rre:2
beir500k-f32,neg10_cat16,neg10,51796,acorn,64,3,42,0.9714,0.8095,0.00046,1.116,1.474,1.820,1.111,1496.3,10.0,9066.5,67.1,3.0,3.0,0.0,0.0,0.0,0.0,0.00,acorn:40|rre:2
beir500k-f32,neg10_cat16,neg10,51796,acorn,128,1,42,0.9905,0.9524,0.00017,1.873,2.510,2.907,1.871,2445.9,10.0,14300.6,131.0,4.0,4.0,0.0,0.0,0.0,0.0,0.00,acorn:40|rre:2
beir500k-f32,neg10_cat16,neg10,51796,acorn,128,2,42,0.9905,0.9524,0.00017,2.021,2.562,3.048,2.011,2445.9,10.0,14300.6,131.0,4.0,4.0,0.0,0.0,0.0,0.0,0.00,acorn:40|rre:2
beir500k-f32,neg10_cat16,neg10,51796,acorn,128,3,42,0.9905,0.9524,0.00017,1.950,2.849,2.976,1.951,2445.9,10.0,14300.6,131.0,4.0,4.0,0.0,0.0,0.0,0.0,0.00,acorn:40|rre:2
beir500k-f32,neg10_cat16,neg10,51796,acorn,256,1,42,0.9952,0.9762,0.00012,3.155,4.138,4.430,3.188,3991.1,10.0,22493.7,258.7,7.0,7.0,0.0,0.0,0.0,0.0,0.00,acorn:40|rre:2
beir500k-f32,neg10_cat16,neg10,51796,acorn,256,2,42,0.9952,0.9762,0.00012,3.219,4.339,4.500,3.235,3991.1,10.0,22493.7,258.7,7.0,7.0,0.0,0.0,0.0,0.0,0.00,acorn:40|rre:2
beir500k-f32,neg10_cat16,neg10,51796,acorn,256,3,42,0.9952,0.9762,0.00012,3.114,4.067,4.391,3.146,3991.1,10.0,22493.7,258.7,7.0,7.0,0.0,0.0,0.0,0.0,0.00,acorn:40|rre:2
beir500k-f32,neg10_cat16,neg10,51796,acorn,512,1,42,1.0000,1.0000,0.00000,5.310,6.779,7.002,5.339,6443.5,10.0,35144.6,514.3,17.0,16.0,0.0,0.0,0.0,0.0,0.00,acorn:40|rre:2
beir500k-f32,neg10_cat16,neg10,51796,acorn,512,2,42,1.0000,1.0000,0.00000,5.392,6.845,7.009,5.370,6443.5,10.0,35144.6,514.3,17.0,16.0,0.0,0.0,0.0,0.0,0.00,acorn:40|rre:2
beir500k-f32,neg10_cat16,neg10,51796,acorn,512,3,42,1.0000,1.0000,0.00000,5.523,6.839,6.975,5.395,6443.5,10.0,35144.6,514.3,17.0,16.0,0.0,0.0,0.0,0.0,0.00,acorn:40|rre:2
beir500k-f32,neg10_cat16,neg10,51796,pathseer,64,1,42,0.9810,0.8571,0.00027,3.385,6.548,7.334,3.575,3722.9,0.0,15578.8,1860.7,4.0,190.0,187.4,8.3,10467.6,2.9,0.00,pathseer:42
beir500k-f32,neg10_cat16,neg10,51796,pathseer,64,2,42,0.9810,0.8571,0.00027,3.528,6.880,7.492,3.656,3722.9,0.0,15578.8,1860.7,4.0,190.0,187.4,8.3,10467.6,2.9,0.00,pathseer:42
beir500k-f32,neg10_cat16,neg10,51796,pathseer,64,3,42,0.9810,0.8571,0.00027,3.407,6.772,7.640,3.691,3722.9,0.0,15578.8,1860.7,4.0,190.0,187.4,8.3,10467.6,2.9,0.00,pathseer:42
beir500k-f32,neg10_cat16,neg10,51796,pathseer,128,1,42,0.9976,0.9762,0.00001,5.324,10.098,11.739,5.966,6256.5,0.0,22857.7,3166.9,7.0,349.0,365.7,17.3,14218.9,5.7,0.00,pathseer:42
beir500k-f32,neg10_cat16,neg10,51796,pathseer,128,2,42,0.9976,0.9762,0.00001,5.387,10.043,11.873,5.998,6256.5,0.0,22857.7,3166.9,7.0,349.0,365.7,17.3,14218.9,5.7,0.00,pathseer:42
beir500k-f32,neg10_cat16,neg10,51796,pathseer,128,3,42,0.9976,0.9762,0.00001,5.358,10.097,11.671,5.963,6256.5,0.0,22857.7,3166.9,7.0,349.0,365.7,17.3,14218.9,5.7,0.00,pathseer:42
beir500k-f32,neg10_cat16,neg10,51796,pathseer,256,1,42,1.0000,1.0000,0.00000,9.687,16.172,18.031,10.070,10332.5,0.0,32849.5,5301.7,13.0,757.0,799.7,35.0,18436.0,12.5,0.00,pathseer:42
beir500k-f32,neg10_cat16,neg10,51796,pathseer,256,2,42,1.0000,1.0000,0.00000,9.683,16.157,17.993,10.165,10332.5,0.0,32849.5,5301.7,13.0,757.0,799.7,35.0,18436.0,12.5,0.00,pathseer:42
beir500k-f32,neg10_cat16,neg10,51796,pathseer,256,3,42,1.0000,1.0000,0.00000,9.481,15.904,17.940,10.082,10332.5,0.0,32849.5,5301.7,13.0,757.0,799.7,35.0,18436.0,12.5,0.00,pathseer:42
beir500k-f32,neg10_cat16,neg10,51796,pathseer,512,1,42,1.0000,1.0000,0.00000,16.072,25.851,28.742,16.553,16709.5,0.0,46491.9,8664.2,30.0,1452.0,1893.5,69.4,22902.0,29.6,0.00,pathseer:42
beir500k-f32,neg10_cat16,neg10,51796,pathseer,512,2,42,1.0000,1.0000,0.00000,16.151,25.709,26.229,16.446,16709.5,0.0,46491.9,8664.2,30.0,1452.0,1893.5,69.4,22902.0,29.6,0.00,pathseer:42
beir500k-f32,neg10_cat16,neg10,51796,pathseer,512,3,42,1.0000,1.0000,0.00000,16.349,25.834,26.275,16.477,16709.5,0.0,46491.9,8664.2,30.0,1452.0,1893.5,69.4,22902.0,29.6,0.00,pathseer:42
beir500k-f32,neg10_cat17,neg10,62171,sweeping,64,1,45,0.9511,0.7111,0.00073,27.892,59.178,66.150,28.540,48118.2,0.0,12435.1,6693.6,3.0,272.0,0.0,0.0,0.0,0.0,0.00,sweeping:45
beir500k-f32,neg10_cat17,neg10,62171,sweeping,64,2,45,0.9511,0.7111,0.00073,27.843,61.844,66.109,28.599,48118.2,0.0,12435.1,6693.6,3.0,272.0,0.0,0.0,0.0,0.0,0.00,sweeping:45
beir500k-f32,neg10_cat17,neg10,62171,sweeping,64,3,45,0.9511,0.7111,0.00073,27.917,59.461,66.038,28.600,48118.2,0.0,12435.1,6693.6,3.0,272.0,0.0,0.0,0.0,0.0,0.00,sweeping:45
beir500k-f32,neg10_cat17,neg10,62171,sweeping,128,1,45,0.9644,0.7778,0.00041,39.474,74.112,84.035,38.718,64192.8,0.0,18028.0,9445.7,6.0,540.0,0.0,0.0,0.0,0.0,0.00,sweeping:45
beir500k-f32,neg10_cat17,neg10,62171,sweeping,128,2,45,0.9644,0.7778,0.00041,39.612,74.010,83.463,38.714,64192.8,0.0,18028.0,9445.7,6.0,540.0,0.0,0.0,0.0,0.0,0.00,sweeping:45
beir500k-f32,neg10_cat17,neg10,62171,sweeping,128,3,45,0.9644,0.7778,0.00041,39.287,74.674,85.689,38.886,64192.8,0.0,18028.0,9445.7,6.0,540.0,0.0,0.0,0.0,0.0,0.00,sweeping:45
beir500k-f32,neg10_cat17,neg10,62171,sweeping,256,1,45,0.9800,0.9111,0.00011,54.537,98.945,107.096,53.618,87008.4,0.0,25964.3,13513.0,11.0,1052.0,0.0,0.0,0.0,0.0,0.00,sweeping:45
beir500k-f32,neg10_cat17,neg10,62171,sweeping,256,2,45,0.9800,0.9111,0.00011,54.612,98.714,110.806,53.628,87008.4,0.0,25964.3,13513.0,11.0,1052.0,0.0,0.0,0.0,0.0,0.00,sweeping:45
beir500k-f32,neg10_cat17,neg10,62171,sweeping,256,3,45,0.9800,0.9111,0.00011,54.526,98.747,106.659,53.904,87008.4,0.0,25964.3,13513.0,11.0,1052.0,0.0,0.0,0.0,0.0,0.00,sweeping:45
beir500k-f32,neg10_cat17,neg10,62171,sweeping,512,1,45,0.9911,0.9556,0.00001,75.443,125.938,133.895,74.533,117335.9,0.0,37223.4,19511.6,23.0,1754.0,0.0,0.0,0.0,0.0,0.00,sweeping:45
beir500k-f32,neg10_cat17,neg10,62171,sweeping,512,2,45,0.9911,0.9556,0.00001,75.610,126.486,133.717,73.927,117335.9,0.0,37223.4,19511.6,23.0,1754.0,0.0,0.0,0.0,0.0,0.00,sweeping:45
beir500k-f32,neg10_cat17,neg10,62171,sweeping,512,3,45,0.9911,0.9556,0.00001,75.551,125.979,134.383,74.026,117335.9,0.0,37223.4,19511.6,23.0,1754.0,0.0,0.0,0.0,0.0,0.00,sweeping:45
beir500k-f32,neg10_cat17,neg10,62171,acorn,64,1,45,0.8622,0.2889,0.00235,1.912,2.653,2.880,1.880,2284.1,10.0,14618.9,70.2,3.0,3.0,0.0,0.0,0.0,0.0,0.00,acorn:45
beir500k-f32,neg10_cat17,neg10,62171,acorn,64,2,45,0.8622,0.2889,0.00235,1.883,2.692,2.872,1.867,2284.1,10.0,14618.9,70.2,3.0,3.0,0.0,0.0,0.0,0.0,0.00,acorn:45
beir500k-f32,neg10_cat17,neg10,62171,acorn,64,3,45,0.8622,0.2889,0.00235,1.864,2.607,2.906,1.857,2284.1,10.0,14618.9,70.2,3.0,3.0,0.0,0.0,0.0,0.0,0.00,acorn:45
beir500k-f32,neg10_cat17,neg10,62171,acorn,128,1,45,0.9200,0.4889,0.00138,3.225,3.977,4.213,3.129,3736.1,10.0,22441.4,132.3,4.0,4.0,0.0,0.0,0.0,0.0,0.00,acorn:45
beir500k-f32,neg10_cat17,neg10,62171,acorn,128,2,45,0.9200,0.4889,0.00138,3.126,3.774,3.859,3.011,3736.1,10.0,22441.4,132.3,4.0,4.0,0.0,0.0,0.0,0.0,0.00,acorn:45
beir500k-f32,neg10_cat17,neg10,62171,acorn,128,3,45,0.9200,0.4889,0.00138,3.217,3.804,4.242,3.071,3736.1,10.0,22441.4,132.3,4.0,4.0,0.0,0.0,0.0,0.0,0.00,acorn:45
beir500k-f32,neg10_cat17,neg10,62171,acorn,256,1,45,0.9600,0.7111,0.00069,5.075,6.427,6.784,5.051,6249.8,10.0,35229.8,259.8,7.0,7.0,0.0,0.0,0.0,0.0,0.00,acorn:45
beir500k-f32,neg10_cat17,neg10,62171,acorn,256,2,45,0.9600,0.7111,0.00069,5.059,6.452,8.415,5.142,6249.8,10.0,35229.8,259.8,7.0,7.0,0.0,0.0,0.0,0.0,0.00,acorn:45
beir500k-f32,neg10_cat17,neg10,62171,acorn,256,3,45,0.9600,0.7111,0.00069,5.081,6.352,6.436,5.069,6249.8,10.0,35229.8,259.8,7.0,7.0,0.0,0.0,0.0,0.0,0.00,acorn:45
beir500k-f32,neg10_cat17,neg10,62171,acorn,512,1,45,0.9711,0.8222,0.00042,8.546,10.251,10.596,8.309,10105.7,10.0,53800.7,515.4,13.0,13.0,0.0,0.0,0.0,0.0,0.00,acorn:45
beir500k-f32,neg10_cat17,neg10,62171,acorn,512,2,45,0.9711,0.8222,0.00042,8.387,10.744,11.034,8.427,10105.7,10.0,53800.7,515.4,13.0,13.0,0.0,0.0,0.0,0.0,0.00,acorn:45
beir500k-f32,neg10_cat17,neg10,62171,acorn,512,3,45,0.9711,0.8222,0.00042,8.334,10.294,11.612,8.341,10105.7,10.0,53800.7,515.4,13.0,13.0,0.0,0.0,0.0,0.0,0.00,acorn:45
beir500k-f32,neg10_cat17,neg10,62171,pathseer,64,1,45,0.9133,0.5333,0.00114,5.735,16.436,26.253,6.602,6545.9,0.0,29451.6,3209.8,3.0,256.0,153.6,7.3,20538.6,2.4,0.00,pathseer:45
beir500k-f32,neg10_cat17,neg10,62171,pathseer,64,2,45,0.9133,0.5333,0.00114,5.735,16.300,26.421,6.583,6545.9,0.0,29451.6,3209.8,3.0,256.0,153.6,7.3,20538.6,2.4,0.00,pathseer:45
beir500k-f32,neg10_cat17,neg10,62171,pathseer,64,3,45,0.9133,0.5333,0.00114,5.681,16.376,26.329,6.589,6545.9,0.0,29451.6,3209.8,3.0,256.0,153.6,7.3,20538.6,2.4,0.00,pathseer:45
beir500k-f32,neg10_cat17,neg10,62171,pathseer,128,1,45,0.9444,0.6222,0.00081,9.999,24.004,34.000,10.930,11110.3,0.0,43203.5,5173.3,5.0,515.0,287.3,10.9,28460.5,4.5,0.00,pathseer:45
beir500k-f32,neg10_cat17,neg10,62171,pathseer,128,2,45,0.9444,0.6222,0.00081,10.083,24.090,33.831,10.905,11110.3,0.0,43203.5,5173.3,5.0,515.0,287.3,10.9,28460.5,4.5,0.00,pathseer:45
beir500k-f32,neg10_cat17,neg10,62171,pathseer,128,3,45,0.9444,0.6222,0.00081,9.931,23.834,33.921,10.891,11110.3,0.0,43203.5,5173.3,5.0,515.0,287.3,10.9,28460.5,4.5,0.00,pathseer:45
beir500k-f32,neg10_cat17,neg10,62171,pathseer,256,1,45,0.9733,0.8222,0.00032,16.818,31.359,45.701,17.442,18195.3,0.0,62210.2,8100.2,11.0,996.0,631.5,20.7,38559.9,9.9,0.00,pathseer:45
beir500k-f32,neg10_cat17,neg10,62171,pathseer,256,2,45,0.9733,0.8222,0.00032,17.202,31.692,48.901,17.594,18195.3,0.0,62210.2,8100.2,11.0,996.0,631.5,20.7,38559.9,9.9,0.00,pathseer:45
beir500k-f32,neg10_cat17,neg10,62171,pathseer,256,3,45,0.9733,0.8222,0.00032,16.870,31.343,45.618,17.471,18195.3,0.0,62210.2,8100.2,11.0,996.0,631.5,20.7,38559.9,9.9,0.00,pathseer:45
beir500k-f32,neg10_cat17,neg10,62171,pathseer,512,1,45,0.9844,0.9333,0.00004,26.431,44.863,60.609,27.369,28932.8,0.0,88351.4,12418.7,21.0,1691.0,1376.7,43.6,51357.6,21.5,0.00,pathseer:45
beir500k-f32,neg10_cat17,neg10,62171,pathseer,512,2,45,0.9844,0.9333,0.00004,26.439,44.921,60.657,27.349,28932.8,0.0,88351.4,12418.7,21.0,1691.0,1376.7,43.6,51357.6,21.5,0.00,pathseer:45
beir500k-f32,neg10_cat17,neg10,62171,pathseer,512,3,45,0.9844,0.9333,0.00004,25.902,44.738,60.813,27.272,28932.8,0.0,88351.4,12418.7,21.0,1691.0,1376.7,43.6,51357.6,21.5,0.00,pathseer:45
beir500k-f32,neg10_cat18,neg10,61365,sweeping,64,1,10,1.0000,1.0000,0.00000,1.010,1.224,1.224,0.930,2160.1,0.0,337.9,144.6,4.0,5.0,0.0,0.0,0.0,0.0,0.00,sweeping:10
beir500k-f32,neg10_cat18,neg10,61365,sweeping,64,2,10,1.0000,1.0000,0.00000,1.037,1.227,1.227,0.932,2160.1,0.0,337.9,144.6,4.0,5.0,0.0,0.0,0.0,0.0,0.00,sweeping:10
beir500k-f32,neg10_cat18,neg10,61365,sweeping,64,3,10,1.0000,1.0000,0.00000,1.029,1.262,1.262,0.957,2160.1,0.0,337.9,144.6,4.0,5.0,0.0,0.0,0.0,0.0,0.00,sweeping:10
beir500k-f32,neg10_cat18,neg10,61365,sweeping,128,1,10,1.0000,1.0000,0.00000,1.686,2.106,2.106,1.584,3342.4,0.0,576.5,258.3,6.0,11.0,0.0,0.0,0.0,0.0,0.00,sweeping:10
beir500k-f32,neg10_cat18,neg10,61365,sweeping,128,2,10,1.0000,1.0000,0.00000,1.742,2.134,2.134,1.569,3342.4,0.0,576.5,258.3,6.0,11.0,0.0,0.0,0.0,0.0,0.00,sweeping:10
beir500k-f32,neg10_cat18,neg10,61365,sweeping,128,3,10,1.0000,1.0000,0.00000,1.687,2.036,2.036,1.543,3342.4,0.0,576.5,258.3,6.0,11.0,0.0,0.0,0.0,0.0,0.00,sweeping:10
beir500k-f32,neg10_cat18,neg10,61365,sweeping,256,1,10,1.0000,1.0000,0.00000,2.603,4.354,4.354,2.640,5439.4,0.0,995.3,488.9,11.0,21.0,0.0,0.0,0.0,0.0,0.00,sweeping:10
beir500k-f32,neg10_cat18,neg10,61365,sweeping,256,2,10,1.0000,1.0000,0.00000,2.679,4.377,4.377,2.653,5439.4,0.0,995.3,488.9,11.0,21.0,0.0,0.0,0.0,0.0,0.00,sweeping:10
beir500k-f32,neg10_cat18,neg10,61365,sweeping,256,3,10,1.0000,1.0000,0.00000,2.654,4.406,4.406,2.649,5439.4,0.0,995.3,488.9,11.0,21.0,0.0,0.0,0.0,0.0,0.00,sweeping:10
beir500k-f32,neg10_cat18,neg10,61365,sweeping,512,1,10,1.0000,1.0000,0.00000,4.127,9.252,9.252,4.640,8837.5,0.0,1763.3,930.0,24.0,46.0,0.0,0.0,0.0,0.0,0.00,sweeping:10
beir500k-f32,neg10_cat18,neg10,61365,sweeping,512,2,10,1.0000,1.0000,0.00000,4.142,9.316,9.316,4.594,8837.5,0.0,1763.3,930.0,24.0,46.0,0.0,0.0,0.0,0.0,0.00,sweeping:10
beir500k-f32,neg10_cat18,neg10,61365,sweeping,512,3,10,1.0000,1.0000,0.00000,4.889,9.390,9.390,4.765,8837.5,0.0,1763.3,930.0,24.0,46.0,0.0,0.0,0.0,0.0,0.00,sweeping:10
beir500k-f32,neg10_cat18,neg10,61365,acorn,64,1,10,0.9700,0.7000,0.00090,0.517,1.994,1.994,0.750,1278.0,10.0,2442.7,65.8,4.0,4.0,0.0,0.0,0.0,0.0,0.00,acorn:2|rre:8
beir500k-f32,neg10_cat18,neg10,61365,acorn,64,2,10,0.9700,0.7000,0.00090,0.589,1.935,1.935,0.758,1278.0,10.0,2442.7,65.8,4.0,4.0,0.0,0.0,0.0,0.0,0.00,acorn:2|rre:8
beir500k-f32,neg10_cat18,neg10,61365,acorn,64,3,10,0.9700,0.7000,0.00090,0.522,2.034,2.034,0.758,1278.0,10.0,2442.7,65.8,4.0,4.0,0.0,0.0,0.0,0.0,0.00,acorn:2|rre:8
beir500k-f32,neg10_cat18,neg10,61365,acorn,128,1,10,0.9800,0.8000,0.00043,0.820,2.896,2.896,1.091,2036.4,10.0,3725.7,129.6,7.0,7.0,0.0,0.0,0.0,0.0,0.00,acorn:2|rre:8
beir500k-f32,neg10_cat18,neg10,61365,acorn,128,2,10,0.9800,0.8000,0.00043,0.817,2.703,2.703,1.054,2036.4,10.0,3725.7,129.6,7.0,7.0,0.0,0.0,0.0,0.0,0.00,acorn:2|rre:8
beir500k-f32,neg10_cat18,neg10,61365,acorn,128,3,10,0.9800,0.8000,0.00043,0.821,2.830,2.830,1.075,2036.4,10.0,3725.7,129.6,7.0,7.0,0.0,0.0,0.0,0.0,0.00,acorn:2|rre:8
beir500k-f32,neg10_cat18,neg10,61365,acorn,256,1,10,0.9900,0.9000,0.00023,1.431,4.105,4.105,1.738,3198.1,10.0,5647.7,257.5,14.0,14.0,0.0,0.0,0.0,0.0,0.00,acorn:2|rre:8
beir500k-f32,neg10_cat18,neg10,61365,acorn,256,2,10,0.9900,0.9000,0.00023,1.455,4.113,4.113,1.741,3198.1,10.0,5647.7,257.5,14.0,14.0,0.0,0.0,0.0,0.0,0.00,acorn:2|rre:8
beir500k-f32,neg10_cat18,neg10,61365,acorn,256,3,10,0.9900,0.9000,0.00023,1.455,4.112,4.112,1.744,3198.1,10.0,5647.7,257.5,14.0,14.0,0.0,0.0,0.0,0.0,0.00,acorn:2|rre:8
beir500k-f32,neg10_cat18,neg10,61365,acorn,512,1,10,1.0000,1.0000,0.00000,2.519,6.270,6.270,2.897,5083.8,10.0,8844.4,513.4,34.0,32.0,0.0,0.0,0.0,0.0,0.00,acorn:2|rre:8
beir500k-f32,neg10_cat18,neg10,61365,acorn,512,2,10,1.0000,1.0000,0.00000,2.528,6.344,6.344,2.924,5083.8,10.0,8844.4,513.4,34.0,32.0,0.0,0.0,0.0,0.0,0.00,acorn:2|rre:8
beir500k-f32,neg10_cat18,neg10,61365,acorn,512,3,10,1.0000,1.0000,0.00000,2.494,6.434,6.434,2.907,5083.8,10.0,8844.4,513.4,34.0,32.0,0.0,0.0,0.0,0.0,0.00,acorn:2|rre:8
beir500k-f32,neg10_cat18,neg10,61365,pathseer,64,1,10,1.0000,1.0000,0.00000,0.670,0.814,0.814,0.657,1499.2,0.0,1078.6,99.8,2.0,3.0,89.6,49.6,325.9,1.4,0.00,pathseer:10
beir500k-f32,neg10_cat18,neg10,61365,pathseer,64,2,10,1.0000,1.0000,0.00000,0.694,0.836,0.836,0.671,1499.2,0.0,1078.6,99.8,2.0,3.0,89.6,49.6,325.9,1.4,0.00,pathseer:10
beir500k-f32,neg10_cat18,neg10,61365,pathseer,64,3,10,1.0000,1.0000,0.00000,0.667,0.812,0.812,0.651,1499.2,0.0,1078.6,99.8,2.0,3.0,89.6,49.6,325.9,1.4,0.00,pathseer:10
beir500k-f32,neg10_cat18,neg10,61365,pathseer,128,1,10,1.0000,1.0000,0.00000,1.262,1.552,1.552,1.212,2431.2,0.0,1723.8,193.6,3.0,4.0,147.2,82.5,502.0,2.3,0.00,pathseer:10
beir500k-f32,neg10_cat18,neg10,61365,pathseer,128,2,10,1.0000,1.0000,0.00000,1.255,1.666,1.666,1.225,2431.2,0.0,1723.8,193.6,3.0,4.0,147.2,82.5,502.0,2.3,0.00,pathseer:10
beir500k-f32,neg10_cat18,neg10,61365,pathseer,128,3,10,1.0000,1.0000,0.00000,1.235,1.554,1.554,1.190,2431.2,0.0,1723.8,193.6,3.0,4.0,147.2,82.5,502.0,2.3,0.00,pathseer:10
beir500k-f32,neg10_cat18,neg10,61365,pathseer,256,1,10,1.0000,1.0000,0.00000,2.078,2.516,2.516,1.987,3915.7,0.0,2819.2,372.9,6.0,7.0,300.8,161.8,725.1,4.7,0.00,pathseer:10
beir500k-f32,neg10_cat18,neg10,61365,pathseer,256,2,10,1.0000,1.0000,0.00000,2.072,2.517,2.517,1.981,3915.7,0.0,2819.2,372.9,6.0,7.0,300.8,161.8,725.1,4.7,0.00,pathseer:10
beir500k-f32,neg10_cat18,neg10,61365,pathseer,256,3,10,1.0000,1.0000,0.00000,2.093,2.524,2.524,1.996,3915.7,0.0,2819.2,372.9,6.0,7.0,300.8,161.8,725.1,4.7,0.00,pathseer:10
beir500k-f32,neg10_cat18,neg10,61365,pathseer,512,1,10,1.0000,1.0000,0.00000,3.653,4.376,4.376,3.465,6322.0,0.0,4846.0,739.3,10.0,17.0,595.2,310.6,1137.9,9.3,0.00,pathseer:10
beir500k-f32,neg10_cat18,neg10,61365,pathseer,512,2,10,1.0000,1.0000,0.00000,3.544,4.447,4.447,3.490,6322.0,0.0,4846.0,739.3,10.0,17.0,595.2,310.6,1137.9,9.3,0.00,pathseer:10
beir500k-f32,neg10_cat18,neg10,61365,pathseer,512,3,10,1.0000,1.0000,0.00000,3.543,4.377,4.377,3.438,6322.0,0.0,4846.0,739.3,10.0,17.0,595.2,310.6,1137.9,9.3,0.00,pathseer:10
beir500k-f32,neg10_cat19,neg10,52824,sweeping,64,1,60,0.9483,0.6500,0.00092,22.309,44.542,51.331,23.558,34726.5,0.0,13749.5,8178.5,4.0,1113.0,0.0,0.0,0.0,0.0,0.00,sweeping:60
beir500k-f32,neg10_cat19,neg10,52824,sweeping,64,2,60,0.9483,0.6500,0.00092,22.277,44.738,52.005,23.661,34726.5,0.0,13749.5,8178.5,4.0,1113.0,0.0,0.0,0.0,0.0,0.00,sweeping:60
beir500k-f32,neg10_cat19,neg10,52824,sweeping,64,3,60,0.9483,0.6500,0.00092,22.219,45.854,52.558,23.663,34726.5,0.0,13749.5,8178.5,4.0,1113.0,0.0,0.0,0.0,0.0,0.00,sweeping:60
beir500k-f32,neg10_cat19,neg10,52824,sweeping,128,1,60,0.9817,0.8500,0.00021,26.675,57.904,61.751,30.095,44394.8,0.0,17949.8,10261.8,7.0,1946.0,0.0,0.0,0.0,0.0,0.00,sweeping:60
beir500k-f32,neg10_cat19,neg10,52824,sweeping,128,2,60,0.9817,0.8500,0.00021,27.695,57.893,61.332,30.175,44394.8,0.0,17949.8,10261.8,7.0,1946.0,0.0,0.0,0.0,0.0,0.00,sweeping:60
beir500k-f32,neg10_cat19,neg10,52824,sweeping,128,3,60,0.9817,0.8500,0.00021,26.706,58.153,61.449,30.168,44394.8,0.0,17949.8,10261.8,7.0,1946.0,0.0,0.0,0.0,0.0,0.00,sweeping:60
beir500k-f32,neg10_cat19,neg10,52824,sweeping,256,1,60,0.9917,0.9333,0.00007,34.749,79.274,82.720,39.510,58473.1,0.0,23418.5,13077.7,15.0,3168.0,0.0,0.0,0.0,0.0,0.00,sweeping:60
beir500k-f32,neg10_cat19,neg10,52824,sweeping,256,2,60,0.9917,0.9333,0.00007,35.295,78.709,82.436,39.500,58473.1,0.0,23418.5,13077.7,15.0,3168.0,0.0,0.0,0.0,0.0,0.00,sweeping:60
beir500k-f32,neg10_cat19,neg10,52824,sweeping,256,3,60,0.9917,0.9333,0.00007,34.688,79.128,85.168,39.618,58473.1,0.0,23418.5,13077.7,15.0,3168.0,0.0,0.0,0.0,0.0,0.00,sweeping:60
beir500k-f32,neg10_cat19,neg10,52824,sweeping,512,1,60,0.9950,0.9500,0.00005,46.352,109.471,120.547,53.319,78937.5,0.0,30570.5,16950.1,31.0,5124.0,0.0,0.0,0.0,0.0,0.00,sweeping:60
beir500k-f32,neg10_cat19,neg10,52824,sweeping,512,2,60,0.9950,0.9500,0.00005,46.617,107.003,120.690,52.819,78937.5,0.0,30570.5,16950.1,31.0,5124.0,0.0,0.0,0.0,0.0,0.00,sweeping:60
beir500k-f32,neg10_cat19,neg10,52824,sweeping,512,3,60,0.9950,0.9500,0.00005,46.508,104.807,122.111,52.942,78937.5,0.0,30570.5,16950.1,31.0,5124.0,0.0,0.0,0.0,0.0,0.00,sweeping:60
beir500k-f32,neg10_cat19,neg10,52824,acorn,64,1,60,0.8750,0.3833,0.00269,1.346,1.895,1.961,1.374,1938.7,10.0,9243.1,68.8,4.0,4.0,0.0,0.0,0.0,0.0,0.00,acorn:60
beir500k-f32,neg10_cat19,neg10,52824,acorn,64,2,60,0.8750,0.3833,0.00269,1.338,1.896,1.958,1.382,1938.7,10.0,9243.1,68.8,4.0,4.0,0.0,0.0,0.0,0.0,0.00,acorn:60
beir500k-f32,neg10_cat19,neg10,52824,acorn,64,3,60,0.8750,0.3833,0.00269,1.282,1.835,1.875,1.321,1938.7,10.0,9243.1,68.8,4.0,4.0,0.0,0.0,0.0,0.0,0.00,acorn:60
beir500k-f32,neg10_cat19,neg10,52824,acorn,128,1,60,0.9283,0.5667,0.00134,2.175,3.032,3.131,2.266,3329.9,10.0,14338.7,132.1,5.0,5.0,0.0,0.0,0.0,0.0,0.00,acorn:60
beir500k-f32,neg10_cat19,neg10,52824,acorn,128,2,60,0.9283,0.5667,0.00134,2.238,3.037,3.142,2.287,3329.9,10.0,14338.7,132.1,5.0,5.0,0.0,0.0,0.0,0.0,0.00,acorn:60
beir500k-f32,neg10_cat19,neg10,52824,acorn,128,3,60,0.9283,0.5667,0.00134,2.220,3.034,3.148,2.271,3329.9,10.0,14338.7,132.1,5.0,5.0,0.0,0.0,0.0,0.0,0.00,acorn:60
beir500k-f32,neg10_cat19,neg10,52824,acorn,256,1,60,0.9583,0.7000,0.00089,3.806,5.057,5.344,3.862,5618.8,10.0,22274.2,259.6,8.0,8.0,0.0,0.0,0.0,0.0,0.00,acorn:60
beir500k-f32,neg10_cat19,neg10,52824,acorn,256,2,60,0.9583,0.7000,0.00089,3.926,5.176,5.720,3.990,5618.8,10.0,22274.2,259.6,8.0,8.0,0.0,0.0,0.0,0.0,0.00,acorn:60
beir500k-f32,neg10_cat19,neg10,52824,acorn,256,3,60,0.9583,0.7000,0.00089,3.811,5.067,5.366,3.869,5618.8,10.0,22274.2,259.6,8.0,8.0,0.0,0.0,0.0,0.0,0.00,acorn:60
beir500k-f32,neg10_cat19,neg10,52824,acorn,512,1,60,0.9733,0.7667,0.00055,6.439,8.104,8.916,6.548,9275.2,10.0,34735.8,515.3,15.0,15.0,0.0,0.0,0.0,0.0,0.00,acorn:60
beir500k-f32,neg10_cat19,neg10,52824,acorn,512,2,60,0.9733,0.7667,0.00055,6.492,8.191,8.860,6.561,9275.2,10.0,34735.8,515.3,15.0,15.0,0.0,0.0,0.0,0.0,0.00,acorn:60
beir500k-f32,neg10_cat19,neg10,52824,acorn,512,3,60,0.9733,0.7667,0.00055,6.477,8.077,8.812,6.554,9275.2,10.0,34735.8,515.3,15.0,15.0,0.0,0.0,0.0,0.0,0.00,acorn:60
beir500k-f32,neg10_cat19,neg10,52824,pathseer,64,1,60,0.9300,0.5833,0.00138,10.002,17.548,22.900,9.780,9494.0,0.0,30341.1,5670.6,4.0,1105.0,201.6,4.2,16020.5,3.1,0.00,pathseer:60
beir500k-f32,neg10_cat19,neg10,52824,pathseer,64,2,60,0.9300,0.5833,0.00138,9.928,17.543,22.822,9.729,9494.0,0.0,30341.1,5670.6,4.0,1105.0,201.6,4.2,16020.5,3.1,0.00,pathseer:60
beir500k-f32,neg10_cat19,neg10,52824,pathseer,64,3,60,0.9300,0.5833,0.00138,10.049,17.581,23.289,9.831,9494.0,0.0,30341.1,5670.6,4.0,1105.0,201.6,4.2,16020.5,3.1,0.00,pathseer:60
beir500k-f32,neg10_cat19,neg10,52824,pathseer,128,1,60,0.9800,0.8500,0.00023,14.004,23.987,29.790,13.936,14015.1,0.0,39298.2,7631.8,7.0,1946.0,418.1,8.2,19223.1,6.5,0.00,pathseer:60
beir500k-f32,neg10_cat19,neg10,52824,pathseer,128,2,60,0.9800,0.8500,0.00023,14.167,23.974,29.976,13.992,14015.1,0.0,39298.2,7631.8,7.0,1946.0,418.1,8.2,19223.1,6.5,0.00,pathseer:60
beir500k-f32,neg10_cat19,neg10,52824,pathseer,128,3,60,0.9800,0.8500,0.00023,13.996,23.993,29.837,13.960,14015.1,0.0,39298.2,7631.8,7.0,1946.0,418.1,8.2,19223.1,6.5,0.00,pathseer:60
beir500k-f32,neg10_cat19,neg10,52824,pathseer,256,1,60,0.9900,0.9333,0.00009,19.174,35.154,40.731,19.812,20555.0,0.0,51349.4,10278.2,14.0,3168.0,913.1,13.8,23247.0,14.3,0.00,pathseer:60
beir500k-f32,neg10_cat19,neg10,52824,pathseer,256,2,60,0.9900,0.9333,0.00009,19.228,35.140,40.113,19.821,20555.0,0.0,51349.4,10278.2,14.0,3168.0,913.1,13.8,23247.0,14.3,0.00,pathseer:60
beir500k-f32,neg10_cat19,neg10,52824,pathseer,256,3,60,0.9900,0.9333,0.00009,19.309,34.832,40.218,19.808,20555.0,0.0,51349.4,10278.2,14.0,3168.0,913.1,13.8,23247.0,14.3,0.00,pathseer:60
beir500k-f32,neg10_cat19,neg10,52824,pathseer,512,1,60,0.9950,0.9500,0.00005,26.826,45.181,51.624,27.425,29340.5,0.0,67048.4,13528.2,30.0,5085.0,2154.4,32.3,28529.8,33.7,0.00,pathseer:60
beir500k-f32,neg10_cat19,neg10,52824,pathseer,512,2,60,0.9950,0.9500,0.00005,26.864,45.014,51.558,27.401,29340.5,0.0,67048.4,13528.2,30.0,5085.0,2154.4,32.3,28529.8,33.7,0.00,pathseer:60
beir500k-f32,neg10_cat19,neg10,52824,pathseer,512,3,60,0.9950,0.9500,0.00005,27.094,45.279,52.001,27.473,29340.5,0.0,67048.4,13528.2,30.0,5085.0,2154.4,32.3,28529.8,33.7,0.00,pathseer:60
beir500k-f32,neg10_cat20,neg10,52122,sweeping,64,1,67,0.9896,0.9254,0.00017,8.332,32.978,45.377,11.418,19870.9,0.0,4428.5,2640.9,4.0,65.0,0.0,0.0,0.0,0.0,0.00,sweeping:67
beir500k-f32,neg10_cat20,neg10,52122,sweeping,64,2,67,0.9896,0.9254,0.00017,8.367,33.358,45.366,11.475,19870.9,0.0,4428.5,2640.9,4.0,65.0,0.0,0.0,0.0,0.0,0.00,sweeping:67
beir500k-f32,neg10_cat20,neg10,52122,sweeping,64,3,67,0.9896,0.9254,0.00017,8.326,32.706,45.419,11.382,19870.9,0.0,4428.5,2640.9,4.0,65.0,0.0,0.0,0.0,0.0,0.00,sweeping:67
beir500k-f32,neg10_cat20,neg10,52122,sweeping,128,1,67,1.0000,1.0000,0.00000,13.612,45.657,56.753,16.703,28639.0,0.0,6736.4,3979.9,6.0,152.0,0.0,0.0,0.0,0.0,0.00,sweeping:67
beir500k-f32,neg10_cat20,neg10,52122,sweeping,128,2,67,1.0000,1.0000,0.00000,13.691,45.933,57.100,16.788,28639.0,0.0,6736.4,3979.9,6.0,152.0,0.0,0.0,0.0,0.0,0.00,sweeping:67
beir500k-f32,neg10_cat20,neg10,52122,sweeping,128,3,67,1.0000,1.0000,0.00000,13.775,46.127,56.854,16.720,28639.0,0.0,6736.4,3979.9,6.0,152.0,0.0,0.0,0.0,0.0,0.00,sweeping:67
beir500k-f32,neg10_cat20,neg10,52122,sweeping,256,1,67,1.0000,1.0000,0.00000,21.804,62.885,71.374,24.960,41628.9,0.0,10438.3,6107.9,12.0,305.0,0.0,0.0,0.0,0.0,0.00,sweeping:67
beir500k-f32,neg10_cat20,neg10,52122,sweeping,256,2,67,1.0000,1.0000,0.00000,21.384,63.467,72.875,25.321,41628.9,0.0,10438.3,6107.9,12.0,305.0,0.0,0.0,0.0,0.0,0.00,sweeping:67
beir500k-f32,neg10_cat20,neg10,52122,sweeping,256,3,67,1.0000,1.0000,0.00000,21.563,62.521,71.147,24.816,41628.9,0.0,10438.3,6107.9,12.0,305.0,0.0,0.0,0.0,0.0,0.00,sweeping:67
beir500k-f32,neg10_cat20,neg10,52122,sweeping,512,1,67,1.0000,1.0000,0.00000,31.340,87.290,92.322,36.790,60093.2,0.0,16300.0,9483.6,27.0,622.0,0.0,0.0,0.0,0.0,0.00,sweeping:67
beir500k-f32,neg10_cat20,neg10,52122,sweeping,512,2,67,1.0000,1.0000,0.00000,31.414,87.011,92.146,36.841,60093.2,0.0,16300.0,9483.6,27.0,622.0,0.0,0.0,0.0,0.0,0.00,sweeping:67
beir500k-f32,neg10_cat20,neg10,52122,sweeping,512,3,67,1.0000,1.0000,0.00000,31.122,86.935,92.186,36.796,60093.2,0.0,16300.0,9483.6,27.0,622.0,0.0,0.0,0.0,0.0,0.00,sweeping:67
beir500k-f32,neg10_cat20,neg10,52122,acorn,64,1,67,0.9582,0.7313,0.00065,1.362,2.041,2.158,1.380,1733.8,10.0,10495.9,66.8,3.0,3.0,0.0,0.0,0.0,0.0,0.00,acorn:61|rre:6
beir500k-f32,neg10_cat20,neg10,52122,acorn,64,2,67,0.9582,0.7313,0.00065,1.449,2.218,2.358,1.465,1733.8,10.0,10495.9,66.8,3.0,3.0,0.0,0.0,0.0,0.0,0.00,acorn:61|rre:6
beir500k-f32,neg10_cat20,neg10,52122,acorn,64,3,67,0.9582,0.7313,0.00065,1.334,2.053,2.153,1.389,1733.8,10.0,10495.9,66.8,3.0,3.0,0.0,0.0,0.0,0.0,0.00,acorn:61|rre:6
beir500k-f32,neg10_cat20,neg10,52122,acorn,128,1,67,0.9746,0.8507,0.00037,2.350,3.294,3.484,2.305,2888.0,10.0,16764.0,130.7,4.0,4.0,0.0,0.0,0.0,0.0,0.00,acorn:61|rre:6
beir500k-f32,neg10_cat20,neg10,52122,acorn,128,2,67,0.9746,0.8507,0.00037,2.378,3.279,3.485,2.306,2888.0,10.0,16764.0,130.7,4.0,4.0,0.0,0.0,0.0,0.0,0.00,acorn:61|rre:6
beir500k-f32,neg10_cat20,neg10,52122,acorn,128,3,67,0.9746,0.8507,0.00037,2.356,3.276,3.528,2.311,2888.0,10.0,16764.0,130.7,4.0,4.0,0.0,0.0,0.0,0.0,0.00,acorn:61|rre:6
beir500k-f32,neg10_cat20,neg10,52122,acorn,256,1,67,0.9866,0.9104,0.00014,3.923,5.297,5.699,3.845,4735.7,10.0,26187.7,258.5,7.0,7.0,0.0,0.0,0.0,0.0,0.00,acorn:61|rre:6
beir500k-f32,neg10_cat20,neg10,52122,acorn,256,2,67,0.9866,0.9104,0.00014,3.942,5.311,5.574,3.925,4735.7,10.0,26187.7,258.5,7.0,7.0,0.0,0.0,0.0,0.0,0.00,acorn:61|rre:6
beir500k-f32,neg10_cat20,neg10,52122,acorn,256,3,67,0.9866,0.9104,0.00014,3.966,5.331,5.394,3.849,4735.7,10.0,26187.7,258.5,7.0,7.0,0.0,0.0,0.0,0.0,0.00,acorn:61|rre:6
beir500k-f32,neg10_cat20,neg10,52122,acorn,512,1,67,0.9940,0.9403,0.00009,6.573,8.390,8.633,6.356,7588.4,10.0,40349.0,514.3,15.0,14.0,0.0,0.0,0.0,0.0,0.00,acorn:61|rre:6
beir500k-f32,neg10_cat20,neg10,52122,acorn,512,2,67,0.9940,0.9403,0.00009,6.638,8.516,8.884,6.455,7588.4,10.0,40349.0,514.3,15.0,14.0,0.0,0.0,0.0,0.0,0.00,acorn:61|rre:6
beir500k-f32,neg10_cat20,neg10,52122,acorn,512,3,67,0.9940,0.9403,0.00009,6.687,8.374,8.692,6.363,7588.4,10.0,40349.0,514.3,15.0,14.0,0.0,0.0,0.0,0.0,0.00,acorn:61|rre:6
beir500k-f32,neg10_cat20,neg10,52122,pathseer,64,1,67,0.9746,0.7910,0.00040,1.735,6.203,10.526,2.499,2970.7,0.0,10479.2,1014.6,3.0,41.0,150.9,15.4,7201.3,2.4,0.00,pathseer:67
beir500k-f32,neg10_cat20,neg10,52122,pathseer,64,2,67,0.9746,0.7910,0.00040,1.761,6.309,10.451,2.497,2970.7,0.0,10479.2,1014.6,3.0,41.0,150.9,15.4,7201.3,2.4,0.00,pathseer:67
beir500k-f32,neg10_cat20,neg10,52122,pathseer,64,3,67,0.9746,0.7910,0.00040,1.860,6.210,10.716,2.567,2970.7,0.0,10479.2,1014.6,3.0,41.0,150.9,15.4,7201.3,2.4,0.00,pathseer:67
beir500k-f32,neg10_cat20,neg10,52122,pathseer,128,1,67,0.9881,0.8806,0.00013,3.338,10.627,14.682,4.216,5014.2,0.0,16064.9,1683.7,5.0,89.0,299.9,28.8,10595.7,4.7,0.00,pathseer:67
beir500k-f32,neg10_cat20,neg10,52122,pathseer,128,2,67,0.9881,0.8806,0.00013,3.326,10.536,15.019,4.203,5014.2,0.0,16064.9,1683.7,5.0,89.0,299.9,28.8,10595.7,4.7,0.00,pathseer:67
beir500k-f32,neg10_cat20,neg10,52122,pathseer,128,3,67,0.9881,0.8806,0.00013,3.272,10.410,14.971,4.178,5014.2,0.0,16064.9,1683.7,5.0,89.0,299.9,28.8,10595.7,4.7,0.00,pathseer:67
beir500k-f32,neg10_cat20,neg10,52122,pathseer,256,1,67,0.9955,0.9552,0.00001,6.401,16.644,19.913,7.234,8535.1,0.0,24713.1,2844.7,10.0,258.0,641.0,51.9,15388.6,10.0,0.00,pathseer:67
beir500k-f32,neg10_cat20,neg10,52122,pathseer,256,2,67,0.9955,0.9552,0.00001,6.094,16.311,20.295,7.111,8535.1,0.0,24713.1,2844.7,10.0,258.0,641.0,51.9,15388.6,10.0,0.00,pathseer:67
beir500k-f32,neg10_cat20,neg10,52122,pathseer,256,3,67,0.9955,0.9552,0.00001,6.124,16.431,20.011,7.128,8535.1,0.0,24713.1,2844.7,10.0,258.0,641.0,51.9,15388.6,10.0,0.00,pathseer:67
beir500k-f32,neg10_cat20,neg10,52122,pathseer,512,1,67,1.0000,1.0000,0.00000,10.934,24.048,28.079,12.047,14267.6,0.0,38154.0,4780.1,20.0,555.0,1586.3,109.1,22262.3,24.8,0.00,pathseer:67
beir500k-f32,neg10_cat20,neg10,52122,pathseer,512,2,67,1.0000,1.0000,0.00000,10.875,24.077,27.820,11.956,14267.6,0.0,38154.0,4780.1,20.0,555.0,1586.3,109.1,22262.3,24.8,0.00,pathseer:67
beir500k-f32,neg10_cat20,neg10,52122,pathseer,512,3,67,1.0000,1.0000,0.00000,10.996,24.020,29.769,12.023,14267.6,0.0,38154.0,4780.1,20.0,555.0,1586.3,109.1,22262.3,24.8,0.00,pathseer:67
beir500k-f32,neg10_cat21,neg10,74356,sweeping,64,1,61,0.9836,0.8689,0.00014,20.799,45.674,52.054,22.324,37893.4,0.0,8471.7,5346.8,4.0,144.0,0.0,0.0,0.0,0.0,0.00,sweeping:61
beir500k-f32,neg10_cat21,neg10,74356,sweeping,64,2,61,0.9836,0.8689,0.00014,20.568,45.333,51.615,22.327,37893.4,0.0,8471.7,5346.8,4.0,144.0,0.0,0.0,0.0,0.0,0.00,sweeping:61
beir500k-f32,neg10_cat21,neg10,74356,sweeping,64,3,61,0.9836,0.8689,0.00014,20.612,45.455,52.322,22.296,37893.4,0.0,8471.7,5346.8,4.0,144.0,0.0,0.0,0.0,0.0,0.00,sweeping:61
beir500k-f32,neg10_cat21,neg10,74356,sweeping,128,1,61,0.9885,0.9016,0.00012,30.311,59.188,70.331,32.728,54277.7,0.0,13005.3,8184.3,6.0,285.0,0.0,0.0,0.0,0.0,0.00,sweeping:61
beir500k-f32,neg10_cat21,neg10,74356,sweeping,128,2,61,0.9885,0.9016,0.00012,30.046,59.354,70.481,32.673,54277.7,0.0,13005.3,8184.3,6.0,285.0,0.0,0.0,0.0,0.0,0.00,sweeping:61
beir500k-f32,neg10_cat21,neg10,74356,sweeping,128,3,61,0.9885,0.9016,0.00012,29.885,59.218,70.414,32.623,54277.7,0.0,13005.3,8184.3,6.0,285.0,0.0,0.0,0.0,0.0,0.00,sweeping:61
beir500k-f32,neg10_cat21,neg10,74356,sweeping,256,1,61,0.9984,0.9836,0.00001,45.695,78.825,89.054,47.408,77027.9,0.0,19919.8,12431.9,13.0,562.0,0.0,0.0,0.0,0.0,0.00,sweeping:61
beir500k-f32,neg10_cat21,neg10,74356,sweeping,256,2,61,0.9984,0.9836,0.00001,45.730,79.031,88.909,47.360,77027.9,0.0,19919.8,12431.9,13.0,562.0,0.0,0.0,0.0,0.0,0.00,sweeping:61
beir500k-f32,neg10_cat21,neg10,74356,sweeping,256,3,61,0.9984,0.9836,0.00001,45.926,78.947,89.215,47.459,77027.9,0.0,19919.8,12431.9,13.0,562.0,0.0,0.0,0.0,0.0,0.00,sweeping:61
beir500k-f32,neg10_cat21,neg10,74356,sweeping,512,1,61,1.0000,1.0000,0.00000,69.193,103.579,112.538,68.586,108196.0,0.0,30476.0,18950.5,27.0,1109.0,0.0,0.0,0.0,0.0,0.00,sweeping:61
beir500k-f32,neg10_cat21,neg10,74356,sweeping,512,2,61,1.0000,1.0000,0.00000,69.504,104.070,112.922,68.715,108196.0,0.0,30476.0,18950.5,27.0,1109.0,0.0,0.0,0.0,0.0,0.00,sweeping:61
beir500k-f32,neg10_cat21,neg10,74356,sweeping,512,3,61,1.0000,1.0000,0.00000,69.231,103.571,112.869,68.642,108196.0,0.0,30476.0,18950.5,27.0,1109.0,0.0,0.0,0.0,0.0,0.00,sweeping:61
beir500k-f32,neg10_cat21,neg10,74356,acorn,64,1,61,0.9180,0.5738,0.00144,1.440,2.111,2.231,1.421,1701.7,10.0,11672.0,68.4,3.0,3.0,0.0,0.0,0.0,0.0,0.00,acorn:61
beir500k-f32,neg10_cat21,neg10,74356,acorn,64,2,61,0.9180,0.5738,0.00144,1.477,2.143,2.205,1.429,1701.7,10.0,11672.0,68.4,3.0,3.0,0.0,0.0,0.0,0.0,0.00,acorn:61
beir500k-f32,neg10_cat21,neg10,74356,acorn,64,3,61,0.9180,0.5738,0.00144,1.431,2.132,2.215,1.406,1701.7,10.0,11672.0,68.4,3.0,3.0,0.0,0.0,0.0,0.0,0.00,acorn:61
beir500k-f32,neg10_cat21,neg10,74356,acorn,128,1,61,0.9525,0.6885,0.00080,2.601,3.264,3.590,2.468,2958.5,10.0,19311.6,131.6,5.0,5.0,0.0,0.0,0.0,0.0,0.00,acorn:61
beir500k-f32,neg10_cat21,neg10,74356,acorn,128,2,61,0.9525,0.6885,0.00080,2.626,3.358,3.643,2.489,2958.5,10.0,19311.6,131.6,5.0,5.0,0.0,0.0,0.0,0.0,0.00,acorn:61
beir500k-f32,neg10_cat21,neg10,74356,acorn,128,3,61,0.9525,0.6885,0.00080,2.623,3.335,3.608,2.463,2958.5,10.0,19311.6,131.6,5.0,5.0,0.0,0.0,0.0,0.0,0.00,acorn:61
beir500k-f32,neg10_cat21,neg10,74356,acorn,256,1,61,0.9787,0.8525,0.00040,4.584,5.902,6.081,4.401,5120.0,10.0,31763.7,258.8,9.0,9.0,0.0,0.0,0.0,0.0,0.00,acorn:61
beir500k-f32,neg10_cat21,neg10,74356,acorn,256,2,61,0.9787,0.8525,0.00040,4.448,5.612,5.848,4.283,5120.0,10.0,31763.7,258.8,9.0,9.0,0.0,0.0,0.0,0.0,0.00,acorn:61
beir500k-f32,neg10_cat21,neg10,74356,acorn,256,3,61,0.9787,0.8525,0.00040,4.424,5.669,5.840,4.291,5120.0,10.0,31763.7,258.8,9.0,9.0,0.0,0.0,0.0,0.0,0.00,acorn:61
beir500k-f32,neg10_cat21,neg10,74356,acorn,512,1,61,0.9852,0.9180,0.00031,7.610,9.542,9.811,7.476,8637.9,10.0,51042.6,514.5,19.0,17.0,0.0,0.0,0.0,0.0,0.00,acorn:61
beir500k-f32,neg10_cat21,neg10,74356,acorn,512,2,61,0.9852,0.9180,0.00031,7.618,9.582,9.873,7.451,8637.9,10.0,51042.6,514.5,19.0,17.0,0.0,0.0,0.0,0.0,0.00,acorn:61
beir500k-f32,neg10_cat21,neg10,74356,acorn,512,3,61,0.9852,0.9180,0.00031,7.709,10.126,10.473,7.601,8637.9,10.0,51042.6,514.5,19.0,17.0,0.0,0.0,0.0,0.0,0.00,acorn:61
beir500k-f32,neg10_cat21,neg10,74356,pathseer,64,1,61,0.9689,0.7869,0.00032,3.127,9.102,9.578,3.926,4075.9,0.0,18796.4,1868.4,3.0,115.0,167.9,10.1,13492.3,2.6,0.00,pathseer:61
beir500k-f32,neg10_cat21,neg10,74356,pathseer,64,2,61,0.9689,0.7869,0.00032,3.103,9.270,9.592,3.888,4075.9,0.0,18796.4,1868.4,3.0,115.0,167.9,10.1,13492.3,2.6,0.00,pathseer:61
beir500k-f32,neg10_cat21,neg10,74356,pathseer,64,3,61,0.9689,0.7869,0.00032,3.097,9.580,9.820,3.970,4075.9,0.0,18796.4,1868.4,3.0,115.0,167.9,10.1,13492.3,2.6,0.00,pathseer:61
beir500k-f32,neg10_cat21,neg10,74356,pathseer,128,1,61,0.9852,0.8689,0.00013,5.525,15.051,15.389,6.784,7049.2,0.0,28962.8,3177.8,6.0,248.0,322.1,19.0,19917.1,5.0,0.00,pathseer:61
beir500k-f32,neg10_cat21,neg10,74356,pathseer,128,2,61,0.9852,0.8689,0.00013,5.502,14.869,15.078,6.763,7049.2,0.0,28962.8,3177.8,6.0,248.0,322.1,19.0,19917.1,5.0,0.00,pathseer:61
beir500k-f32,neg10_cat21,neg10,74356,pathseer,128,3,61,0.9852,0.8689,0.00013,5.437,14.421,15.048,6.708,7049.2,0.0,28962.8,3177.8,6.0,248.0,322.1,19.0,19917.1,5.0,0.00,pathseer:61
beir500k-f32,neg10_cat21,neg10,74356,pathseer,256,1,61,0.9951,0.9508,0.00008,9.470,21.289,23.326,11.333,11829.3,0.0,43796.4,5218.6,11.0,506.0,664.1,38.7,28822.5,10.4,0.00,pathseer:61
beir500k-f32,neg10_cat21,neg10,74356,pathseer,256,2,61,0.9951,0.9508,0.00008,9.394,21.408,22.728,11.201,11829.3,0.0,43796.4,5218.6,11.0,506.0,664.1,38.7,28822.5,10.4,0.00,pathseer:61
beir500k-f32,neg10_cat21,neg10,74356,pathseer,256,3,61,0.9951,0.9508,0.00008,9.408,21.423,22.714,11.289,11829.3,0.0,43796.4,5218.6,11.0,506.0,664.1,38.7,28822.5,10.4,0.00,pathseer:61
beir500k-f32,neg10_cat21,neg10,74356,pathseer,512,1,61,0.9967,0.9672,0.00006,16.289,33.696,34.464,18.818,19861.4,0.0,66423.2,8643.1,23.0,988.0,1444.7,84.4,41383.9,22.6,0.00,pathseer:61
beir500k-f32,neg10_cat21,neg10,74356,pathseer,512,2,61,0.9967,0.9672,0.00006,16.971,33.968,34.594,18.892,19861.4,0.0,66423.2,8643.1,23.0,988.0,1444.7,84.4,41383.9,22.6,0.00,pathseer:61
beir500k-f32,neg10_cat21,neg10,74356,pathseer,512,3,61,0.9967,0.9672,0.00006,16.391,33.748,34.771,18.945,19861.4,0.0,66423.2,8643.1,23.0,988.0,1444.7,84.4,41383.9,22.6,0.00,pathseer:61
beir500k-f32,neg40_cat00,neg40,210687,sweeping,64,1,12,0.9917,0.9167,0.00033,1.363,1.847,2.183,1.372,2789.6,0.0,391.6,146.9,3.0,7.0,0.0,0.0,0.0,0.0,0.00,sweeping:12
beir500k-f32,neg40_cat00,neg40,210687,sweeping,64,2,12,0.9917,0.9167,0.00033,1.379,1.835,2.209,1.376,2789.6,0.0,391.6,146.9,3.0,7.0,0.0,0.0,0.0,0.0,0.00,sweeping:12
beir500k-f32,neg40_cat00,neg40,210687,sweeping,64,3,12,0.9917,0.9167,0.00033,1.371,1.976,2.179,1.380,2789.6,0.0,391.6,146.9,3.0,7.0,0.0,0.0,0.0,0.0,0.00,sweeping:12
beir500k-f32,neg40_cat00,neg40,210687,sweeping,128,1,12,1.0000,1.0000,0.00000,2.482,3.601,3.964,2.454,4864.3,0.0,694.6,286.8,6.0,13.0,0.0,0.0,0.0,0.0,0.00,sweeping:12
beir500k-f32,neg40_cat00,neg40,210687,sweeping,128,2,12,1.0000,1.0000,0.00000,2.483,3.584,4.114,2.456,4864.3,0.0,694.6,286.8,6.0,13.0,0.0,0.0,0.0,0.0,0.00,sweeping:12
beir500k-f32,neg40_cat00,neg40,210687,sweeping,128,3,12,1.0000,1.0000,0.00000,2.476,3.547,3.941,2.431,4864.3,0.0,694.6,286.8,6.0,13.0,0.0,0.0,0.0,0.0,0.00,sweeping:12
beir500k-f32,neg40_cat00,neg40,210687,sweeping,256,1,12,1.0000,1.0000,0.00000,4.391,6.891,7.013,4.271,8337.4,0.0,1276.9,552.7,11.0,20.0,0.0,0.0,0.0,0.0,0.00,sweeping:12
beir500k-f32,neg40_cat00,neg40,210687,sweeping,256,2,12,1.0000,1.0000,0.00000,4.466,6.667,6.989,4.283,8337.4,0.0,1276.9,552.7,11.0,20.0,0.0,0.0,0.0,0.0,0.00,sweeping:12
beir500k-f32,neg40_cat00,neg40,210687,sweeping,256,3,12,1.0000,1.0000,0.00000,4.431,6.650,6.978,4.261,8337.4,0.0,1276.9,552.7,11.0,20.0,0.0,0.0,0.0,0.0,0.00,sweeping:12
beir500k-f32,neg40_cat00,neg40,210687,sweeping,512,1,12,1.0000,1.0000,0.00000,7.449,12.341,12.722,7.628,14194.4,0.0,2413.9,1094.0,24.0,49.0,0.0,0.0,0.0,0.0,0.00,sweeping:12
beir500k-f32,neg40_cat00,neg40,210687,sweeping,512,2,12,1.0000,1.0000,0.00000,7.729,11.962,13.337,7.867,14194.4,0.0,2413.9,1094.0,24.0,49.0,0.0,0.0,0.0,0.0,0.00,sweeping:12
beir500k-f32,neg40_cat00,neg40,210687,sweeping,512,3,12,1.0000,1.0000,0.00000,7.437,12.043,12.218,7.560,14194.4,0.0,2413.9,1094.0,24.0,49.0,0.0,0.0,0.0,0.0,0.00,sweeping:12
beir500k-f32,neg40_cat00,neg40,210687,acorn,64,1,12,0.9917,0.9167,0.00033,1.389,1.838,2.194,1.377,2789.6,0.0,391.6,146.9,3.0,7.0,0.0,0.0,0.0,0.0,0.00,sweeping:12
beir500k-f32,neg40_cat00,neg40,210687,acorn,64,2,12,0.9917,0.9167,0.00033,1.385,1.825,2.183,1.370,2789.6,0.0,391.6,146.9,3.0,7.0,0.0,0.0,0.0,0.0,0.00,sweeping:12
beir500k-f32,neg40_cat00,neg40,210687,acorn,64,3,12,0.9917,0.9167,0.00033,1.369,1.833,2.173,1.376,2789.6,0.0,391.6,146.9,3.0,7.0,0.0,0.0,0.0,0.0,0.00,sweeping:12
beir500k-f32,neg40_cat00,neg40,210687,acorn,128,1,12,1.0000,1.0000,0.00000,2.463,3.544,4.108,2.459,4864.3,0.0,694.6,286.8,6.0,13.0,0.0,0.0,0.0,0.0,0.00,sweeping:12
beir500k-f32,neg40_cat00,neg40,210687,acorn,128,2,12,1.0000,1.0000,0.00000,2.482,3.581,4.027,2.452,4864.3,0.0,694.6,286.8,6.0,13.0,0.0,0.0,0.0,0.0,0.00,sweeping:12
beir500k-f32,neg40_cat00,neg40,210687,acorn,128,3,12,1.0000,1.0000,0.00000,2.485,3.589,3.940,2.447,4864.3,0.0,694.6,286.8,6.0,13.0,0.0,0.0,0.0,0.0,0.00,sweeping:12
beir500k-f32,neg40_cat00,neg40,210687,acorn,256,1,12,1.0000,1.0000,0.00000,4.511,6.885,7.102,4.375,8337.4,0.0,1276.9,552.7,11.0,20.0,0.0,0.0,0.0,0.0,0.00,sweeping:12
beir500k-f32,neg40_cat00,neg40,210687,acorn,256,2,12,1.0000,1.0000,0.00000,4.556,6.966,7.204,4.401,8337.4,0.0,1276.9,552.7,11.0,20.0,0.0,0.0,0.0,0.0,0.00,sweeping:12
beir500k-f32,neg40_cat00,neg40,210687,acorn,256,3,12,1.0000,1.0000,0.00000,4.498,6.701,7.214,4.413,8337.4,0.0,1276.9,552.7,11.0,20.0,0.0,0.0,0.0,0.0,0.00,sweeping:12
beir500k-f32,neg40_cat00,neg40,210687,acorn,512,1,12,1.0000,1.0000,0.00000,7.434,11.842,12.110,7.530,14194.4,0.0,2413.9,1094.0,24.0,49.0,0.0,0.0,0.0,0.0,0.00,sweeping:12
beir500k-f32,neg40_cat00,neg40,210687,acorn,512,2,12,1.0000,1.0000,0.00000,7.358,11.908,12.108,7.507,14194.4,0.0,2413.9,1094.0,24.0,49.0,0.0,0.0,0.0,0.0,0.00,sweeping:12
beir500k-f32,neg40_cat00,neg40,210687,acorn,512,3,12,1.0000,1.0000,0.00000,7.381,12.051,12.074,7.535,14194.4,0.0,2413.9,1094.0,24.0,49.0,0.0,0.0,0.0,0.0,0.00,sweeping:12
beir500k-f32,neg40_cat00,neg40,210687,pathseer,64,1,12,0.9917,0.9167,0.00033,0.800,0.954,0.980,0.822,1565.3,0.0,1183.0,100.3,3.0,3.0,96.0,39.0,497.7,1.5,0.00,pathseer:12
beir500k-f32,neg40_cat00,neg40,210687,pathseer,64,2,12,0.9917,0.9167,0.00033,0.793,0.927,0.960,0.808,1565.3,0.0,1183.0,100.3,3.0,3.0,96.0,39.0,497.7,1.5,0.00,pathseer:12
beir500k-f32,neg40_cat00,neg40,210687,pathseer,64,3,12,0.9917,0.9167,0.00033,0.805,0.925,0.965,0.813,1565.3,0.0,1183.0,100.3,3.0,3.0,96.0,39.0,497.7,1.5,0.00,pathseer:12
beir500k-f32,neg40_cat00,neg40,210687,pathseer,128,1,12,1.0000,1.0000,0.00000,1.469,1.669,1.818,1.475,2764.0,0.0,2122.7,198.3,4.0,6.0,176.0,73.2,897.8,2.8,0.00,pathseer:12
beir500k-f32,neg40_cat00,neg40,210687,pathseer,128,2,12,1.0000,1.0000,0.00000,1.489,1.680,1.826,1.482,2764.0,0.0,2122.7,198.3,4.0,6.0,176.0,73.2,897.8,2.8,0.00,pathseer:12
beir500k-f32,neg40_cat00,neg40,210687,pathseer,128,3,12,1.0000,1.0000,0.00000,1.503,1.670,1.802,1.488,2764.0,0.0,2122.7,198.3,4.0,6.0,176.0,73.2,897.8,2.8,0.00,pathseer:12
beir500k-f32,neg40_cat00,neg40,210687,pathseer,256,1,12,1.0000,1.0000,0.00000,2.637,3.012,3.151,2.626,4794.6,0.0,3812.2,388.2,6.0,10.0,320.0,144.8,1629.2,5.0,0.00,pathseer:12
beir500k-f32,neg40_cat00,neg40,210687,pathseer,256,2,12,1.0000,1.0000,0.00000,2.702,2.982,3.204,2.643,4794.6,0.0,3812.2,388.2,6.0,10.0,320.0,144.8,1629.2,5.0,0.00,pathseer:12
beir500k-f32,neg40_cat00,neg40,210687,pathseer,256,3,12,1.0000,1.0000,0.00000,2.676,3.038,3.159,2.653,4794.6,0.0,3812.2,388.2,6.0,10.0,320.0,144.8,1629.2,5.0,0.00,pathseer:12
beir500k-f32,neg40_cat00,neg40,210687,pathseer,512,1,12,1.0000,1.0000,0.00000,4.845,5.400,5.568,4.663,8150.6,0.0,7051.1,778.0,11.0,21.0,640.0,281.0,3038.1,10.0,0.00,pathseer:12
beir500k-f32,neg40_cat00,neg40,210687,pathseer,512,2,12,1.0000,1.0000,0.00000,5.014,5.558,6.182,4.938,8150.6,0.0,7051.1,778.0,11.0,21.0,640.0,281.0,3038.1,10.0,0.00,pathseer:12
beir500k-f32,neg40_cat00,neg40,210687,pathseer,512,3,12,1.0000,1.0000,0.00000,4.895,5.543,6.219,4.832,8150.6,0.0,7051.1,778.0,11.0,21.0,640.0,281.0,3038.1,10.0,0.00,pathseer:12
beir500k-f32,neg40_cat01,neg40,224458,sweeping,64,1,22,0.9909,0.9091,0.00007,8.663,16.842,34.676,9.744,15472.9,0.0,3644.8,2257.1,4.0,65.0,0.0,0.0,0.0,0.0,0.00,sweeping:22
beir500k-f32,neg40_cat01,neg40,224458,sweeping,64,2,22,0.9909,0.9091,0.00007,8.574,16.737,16.933,8.885,15472.9,0.0,3644.8,2257.1,4.0,65.0,0.0,0.0,0.0,0.0,0.00,sweeping:22
beir500k-f32,neg40_cat01,neg40,224458,sweeping,64,3,22,0.9909,0.9091,0.00007,8.501,16.589,16.912,8.877,15472.9,0.0,3644.8,2257.1,4.0,65.0,0.0,0.0,0.0,0.0,0.00,sweeping:22
beir500k-f32,neg40_cat01,neg40,224458,sweeping,128,1,22,0.9955,0.9545,0.00004,11.430,20.564,21.017,11.982,20076.2,0.0,5256.1,3186.5,6.0,120.0,0.0,0.0,0.0,0.0,0.00,sweeping:22
beir500k-f32,neg40_cat01,neg40,224458,sweeping,128,2,22,0.9955,0.9545,0.00004,11.099,20.390,20.954,11.963,20076.2,0.0,5256.1,3186.5,6.0,120.0,0.0,0.0,0.0,0.0,0.00,sweeping:22
beir500k-f32,neg40_cat01,neg40,224458,sweeping,128,3,22,0.9955,0.9545,0.00004,11.300,20.355,20.926,11.945,20076.2,0.0,5256.1,3186.5,6.0,120.0,0.0,0.0,0.0,0.0,0.00,sweeping:22
beir500k-f32,neg40_cat01,neg40,224458,sweeping,256,1,22,1.0000,1.0000,0.00000,15.241,26.006,26.647,16.293,26452.5,0.0,7483.3,4521.0,12.0,216.0,0.0,0.0,0.0,0.0,0.00,sweeping:22
beir500k-f32,neg40_cat01,neg40,224458,sweeping,256,2,22,1.0000,1.0000,0.00000,15.052,26.228,26.557,16.297,26452.5,0.0,7483.3,4521.0,12.0,216.0,0.0,0.0,0.0,0.0,0.00,sweeping:22
beir500k-f32,neg40_cat01,neg40,224458,sweeping,256,3,22,1.0000,1.0000,0.00000,15.189,26.238,26.596,16.298,26452.5,0.0,7483.3,4521.0,12.0,216.0,0.0,0.0,0.0,0.0,0.00,sweeping:22
beir500k-f32,neg40_cat01,neg40,224458,sweeping,512,1,22,1.0000,1.0000,0.00000,20.683,33.396,34.807,22.384,35101.2,0.0,10600.6,6329.6,26.0,405.0,0.0,0.0,0.0,0.0,0.00,sweeping:22
beir500k-f32,neg40_cat01,neg40,224458,sweeping,512,2,22,1.0000,1.0000,0.00000,20.741,32.860,33.546,22.192,35101.2,0.0,10600.6,6329.6,26.0,405.0,0.0,0.0,0.0,0.0,0.00,sweeping:22
beir500k-f32,neg40_cat01,neg40,224458,sweeping,512,3,22,1.0000,1.0000,0.00000,20.703,32.680,33.662,22.209,35101.2,0.0,10600.6,6329.6,26.0,405.0,0.0,0.0,0.0,0.0,0.00,sweeping:22
beir500k-f32,neg40_cat01,neg40,224458,acorn,64,1,22,0.9909,0.9091,0.00007,8.607,16.703,16.836,8.890,15472.9,0.0,3644.8,2257.1,4.0,65.0,0.0,0.0,0.0,0.0,0.00,sweeping:22
beir500k-f32,neg40_cat01,neg40,224458,acorn,64,2,22,0.9909,0.9091,0.00007,8.525,16.608,16.854,8.871,15472.9,0.0,3644.8,2257.1,4.0,65.0,0.0,0.0,0.0,0.0,0.00,sweeping:22
beir500k-f32,neg40_cat01,neg40,224458,acorn,64,3,22,0.9909,0.9091,0.00007,8.551,16.585,16.971,8.892,15472.9,0.0,3644.8,2257.1,4.0,65.0,0.0,0.0,0.0,0.0,0.00,sweeping:22
beir500k-f32,neg40_cat01,neg40,224458,acorn,128,1,22,0.9955,0.9545,0.00004,11.341,20.608,21.222,11.978,20076.2,0.0,5256.1,3186.5,6.0,120.0,0.0,0.0,0.0,0.0,0.00,sweeping:22
beir500k-f32,neg40_cat01,neg40,224458,acorn,128,2,22,0.9955,0.9545,0.00004,11.141,20.062,20.962,11.933,20076.2,0.0,5256.1,3186.5,6.0,120.0,0.0,0.0,0.0,0.0,0.00,sweeping:22
beir500k-f32,neg40_cat01,neg40,224458,acorn,128,3,22,0.9955,0.9545,0.00004,11.356,20.160,20.942,11.964,20076.2,0.0,5256.1,3186.5,6.0,120.0,0.0,0.0,0.0,0.0,0.00,sweeping:22
beir500k-f32,neg40_cat01,neg40,224458,acorn,256,1,22,1.0000,1.0000,0.00000,15.259,26.070,26.588,16.310,26452.5,0.0,7483.3,4521.0,12.0,216.0,0.0,0.0,0.0,0.0,0.00,sweeping:22
beir500k-f32,neg40_cat01,neg40,224458,acorn,256,2,22,1.0000,1.0000,0.00000,15.560,26.114,26.476,16.488,26452.5,0.0,7483.3,4521.0,12.0,216.0,0.0,0.0,0.0,0.0,0.00,sweeping:22
beir500k-f32,neg40_cat01,neg40,224458,acorn,256,3,22,1.0000,1.0000,0.00000,15.301,26.015,26.559,16.441,26452.5,0.0,7483.3,4521.0,12.0,216.0,0.0,0.0,0.0,0.0,0.00,sweeping:22
beir500k-f32,neg40_cat01,neg40,224458,acorn,512,1,22,1.0000,1.0000,0.00000,21.045,33.548,33.852,22.439,35101.2,0.0,10600.6,6329.6,26.0,405.0,0.0,0.0,0.0,0.0,0.00,sweeping:22
beir500k-f32,neg40_cat01,neg40,224458,acorn,512,2,22,1.0000,1.0000,0.00000,20.616,32.815,33.551,22.203,35101.2,0.0,10600.6,6329.6,26.0,405.0,0.0,0.0,0.0,0.0,0.00,sweeping:22
beir500k-f32,neg40_cat01,neg40,224458,acorn,512,3,22,1.0000,1.0000,0.00000,20.888,33.085,33.456,22.424,35101.2,0.0,10600.6,6329.6,26.0,405.0,0.0,0.0,0.0,0.0,0.00,sweeping:22
beir500k-f32,neg40_cat01,neg40,224458,pathseer,64,1,22,0.9682,0.7273,0.00043,1.807,4.009,4.339,2.005,2700.5,0.0,7968.5,693.0,3.0,41.0,133.8,28.5,5468.4,2.1,0.00,pathseer:22
beir500k-f32,neg40_cat01,neg40,224458,pathseer,64,2,22,0.9682,0.7273,0.00043,1.774,4.011,4.352,2.004,2700.5,0.0,7968.5,693.0,3.0,41.0,133.8,28.5,5468.4,2.1,0.00,pathseer:22
beir500k-f32,neg40_cat01,neg40,224458,pathseer,64,3,22,0.9682,0.7273,0.00043,1.767,4.002,4.347,1.997,2700.5,0.0,7968.5,693.0,3.0,41.0,133.8,28.5,5468.4,2.1,0.00,pathseer:22
beir500k-f32,neg40_cat01,neg40,224458,pathseer,128,1,22,1.0000,1.0000,0.00000,3.646,6.938,6.949,3.607,4901.8,0.0,12172.9,1256.5,4.0,80.0,238.5,47.5,7702.7,3.7,0.00,pathseer:22
beir500k-f32,neg40_cat01,neg40,224458,pathseer,128,2,22,1.0000,1.0000,0.00000,3.641,6.922,6.930,3.590,4901.8,0.0,12172.9,1256.5,4.0,80.0,238.5,47.5,7702.7,3.7,0.00,pathseer:22
beir500k-f32,neg40_cat01,neg40,224458,pathseer,128,3,22,1.0000,1.0000,0.00000,3.709,6.971,7.008,3.607,4901.8,0.0,12172.9,1256.5,4.0,80.0,238.5,47.5,7702.7,3.7,0.00,pathseer:22
beir500k-f32,neg40_cat01,neg40,224458,pathseer,256,1,22,1.0000,1.0000,0.00000,5.882,10.857,10.888,6.369,8606.5,0.0,18016.0,2203.3,8.0,180.0,477.1,86.0,10277.2,7.5,0.00,pathseer:22
beir500k-f32,neg40_cat01,neg40,224458,pathseer,256,2,22,1.0000,1.0000,0.00000,5.989,10.665,10.667,6.327,8606.5,0.0,18016.0,2203.3,8.0,180.0,477.1,86.0,10277.2,7.5,0.00,pathseer:22
beir500k-f32,neg40_cat01,neg40,224458,pathseer,256,3,22,1.0000,1.0000,0.00000,6.004,10.837,10.867,6.369,8606.5,0.0,18016.0,2203.3,8.0,180.0,477.1,86.0,10277.2,7.5,0.00,pathseer:22
beir500k-f32,neg40_cat01,neg40,224458,pathseer,512,1,22,1.0000,1.0000,0.00000,10.023,16.614,17.100,10.737,14543.0,0.0,25718.2,3635.9,16.0,307.0,1024.0,170.7,12891.3,16.0,0.00,pathseer:22
beir500k-f32,neg40_cat01,neg40,224458,pathseer,512,2,22,1.0000,1.0000,0.00000,10.187,16.582,17.236,10.741,14543.0,0.0,25718.2,3635.9,16.0,307.0,1024.0,170.7,12891.3,16.0,0.00,pathseer:22
beir500k-f32,neg40_cat01,neg40,224458,pathseer,512,3,22,1.0000,1.0000,0.00000,10.347,16.643,17.093,10.987,14543.0,0.0,25718.2,3635.9,16.0,307.0,1024.0,170.7,12891.3,16.0,0.00,pathseer:22
beir500k-f32,neg40_cat02,neg40,201752,sweeping,64,1,60,0.9467,0.7000,0.00074,11.768,23.521,24.227,12.731,22303.6,0.0,5360.9,2787.6,3.0,69.0,0.0,0.0,0.0,0.0,0.00,sweeping:60
beir500k-f32,neg40_cat02,neg40,201752,sweeping,64,2,60,0.9467,0.7000,0.00074,12.051,23.596,24.173,12.812,22303.6,0.0,5360.9,2787.6,3.0,69.0,0.0,0.0,0.0,0.0,0.00,sweeping:60
beir500k-f32,neg40_cat02,neg40,201752,sweeping,64,3,60,0.9467,0.7000,0.00074,11.806,23.555,24.120,12.688,22303.6,0.0,5360.9,2787.6,3.0,69.0,0.0,0.0,0.0,0.0,0.00,sweeping:60
beir500k-f32,neg40_cat02,neg40,201752,sweeping,128,1,60,0.9667,0.7833,0.00050,16.624,29.598,31.137,16.889,28650.0,0.0,7588.5,3996.8,5.0,135.0,0.0,0.0,0.0,0.0,0.00,sweeping:60
beir500k-f32,neg40_cat02,neg40,201752,sweeping,128,2,60,0.9667,0.7833,0.00050,16.899,30.038,31.785,16.998,28650.0,0.0,7588.5,3996.8,5.0,135.0,0.0,0.0,0.0,0.0,0.00,sweeping:60
beir500k-f32,neg40_cat02,neg40,201752,sweeping,128,3,60,0.9667,0.7833,0.00050,16.647,29.442,31.369,17.039,28650.0,0.0,7588.5,3996.8,5.0,135.0,0.0,0.0,0.0,0.0,0.00,sweeping:60
beir500k-f32,neg40_cat02,neg40,201752,sweeping,256,1,60,0.9817,0.8667,0.00022,22.267,37.616,41.720,22.477,37014.1,0.0,10617.3,5643.1,9.0,252.0,0.0,0.0,0.0,0.0,0.00,sweeping:60
beir500k-f32,neg40_cat02,neg40,201752,sweeping,256,2,60,0.9817,0.8667,0.00022,22.521,37.403,41.401,22.519,37014.1,0.0,10617.3,5643.1,9.0,252.0,0.0,0.0,0.0,0.0,0.00,sweeping:60
beir500k-f32,neg40_cat02,neg40,201752,sweeping,256,3,60,0.9817,0.8667,0.00022,22.269,37.731,41.550,22.531,37014.1,0.0,10617.3,5643.1,9.0,252.0,0.0,0.0,0.0,0.0,0.00,sweeping:60
beir500k-f32,neg40_cat02,neg40,201752,sweeping,512,1,60,0.9917,0.9333,0.00012,29.657,48.467,51.244,30.196,48525.3,0.0,14697.1,7908.4,18.0,493.0,0.0,0.0,0.0,0.0,0.00,sweeping:60
beir500k-f32,neg40_cat02,neg40,201752,sweeping,512,2,60,0.9917,0.9333,0.00012,31.292,49.570,50.926,30.366,48525.3,0.0,14697.1,7908.4,18.0,493.0,0.0,0.0,0.0,0.0,0.00,sweeping:60
beir500k-f32,neg40_cat02,neg40,201752,sweeping,512,3,60,0.9917,0.9333,0.00012,29.441,48.671,51.308,30.282,48525.3,0.0,14697.1,7908.4,18.0,493.0,0.0,0.0,0.0,0.0,0.00,sweeping:60
beir500k-f32,neg40_cat02,neg40,201752,acorn,64,1,60,0.9467,0.7000,0.00074,11.711,23.584,24.038,12.685,22303.6,0.0,5360.9,2787.6,3.0,69.0,0.0,0.0,0.0,0.0,0.00,sweeping:60
beir500k-f32,neg40_cat02,neg40,201752,acorn,64,2,60,0.9467,0.7000,0.00074,11.768,23.451,24.235,12.674,22303.6,0.0,5360.9,2787.6,3.0,69.0,0.0,0.0,0.0,0.0,0.00,sweeping:60
beir500k-f32,neg40_cat02,neg40,201752,acorn,64,3,60,0.9467,0.7000,0.00074,11.854,24.065,26.064,12.801,22303.6,0.0,5360.9,2787.6,3.0,69.0,0.0,0.0,0.0,0.0,0.00,sweeping:60
beir500k-f32,neg40_cat02,neg40,201752,acorn,128,1,60,0.9667,0.7833,0.00050,17.170,31.286,33.937,17.378,28650.0,0.0,7588.5,3996.8,5.0,135.0,0.0,0.0,0.0,0.0,0.00,sweeping:60
beir500k-f32,neg40_cat02,neg40,201752,acorn,128,2,60,0.9667,0.7833,0.00050,16.684,30.840,31.359,16.948,28650.0,0.0,7588.5,3996.8,5.0,135.0,0.0,0.0,0.0,0.0,0.00,sweeping:60
beir500k-f32,neg40_cat02,neg40,201752,acorn,128,3,60,0.9667,0.7833,0.00050,16.762,29.592,31.501,16.976,28650.0,0.0,7588.5,3996.8,5.0,135.0,0.0,0.0,0.0,0.0,0.00,sweeping:60
beir500k-f32,neg40_cat02,neg40,201752,acorn,256,1,60,0.9817,0.8667,0.00022,22.029,37.527,41.508,22.507,37014.1,0.0,10617.3,5643.1,9.0,252.0,0.0,0.0,0.0,0.0,0.00,sweeping:60
beir500k-f32,neg40_cat02,neg40,201752,acorn,256,2,60,0.9817,0.8667,0.00022,22.210,37.737,41.469,22.587,37014.1,0.0,10617.3,5643.1,9.0,252.0,0.0,0.0,0.0,0.0,0.00,sweeping:60
beir500k-f32,neg40_cat02,neg40,201752,acorn,256,3,60,0.9817,0.8667,0.00022,22.058,37.480,41.515,22.442,37014.1,0.0,10617.3,5643.1,9.0,252.0,0.0,0.0,0.0,0.0,0.00,sweeping:60
beir500k-f32,neg40_cat02,neg40,201752,acorn,512,1,60,0.9917,0.9333,0.00012,29.476,48.884,51.261,30.225,48525.3,0.0,14697.1,7908.4,18.0,493.0,0.0,0.0,0.0,0.0,0.00,sweeping:60
beir500k-f32,neg40_cat02,neg40,201752,acorn,512,2,60,0.9917,0.9333,0.00012,29.944,48.973,51.754,30.393,48525.3,0.0,14697.1,7908.4,18.0,493.0,0.0,0.0,0.0,0.0,0.00,sweeping:60
beir500k-f32,neg40_cat02,neg40,201752,acorn,512,3,60,0.9917,0.9333,0.00012,29.537,49.028,51.411,30.264,48525.3,0.0,14697.1,7908.4,18.0,493.0,0.0,0.0,0.0,0.0,0.00,sweeping:60
beir500k-f32,neg40_cat02,neg40,201752,pathseer,64,1,60,0.9167,0.5667,0.00114,2.551,5.965,6.826,2.904,3792.1,0.0,12869.6,1019.6,3.0,54.0,124.8,17.9,9207.4,1.9,0.00,pathseer:60
beir500k-f32,neg40_cat02,neg40,201752,pathseer,64,2,60,0.9167,0.5667,0.00114,2.532,5.978,6.927,2.904,3792.1,0.0,12869.6,1019.6,3.0,54.0,124.8,17.9,9207.4,1.9,0.00,pathseer:60
beir500k-f32,neg40_cat02,neg40,201752,pathseer,64,3,60,0.9167,0.5667,0.00114,2.643,5.888,6.813,2.900,3792.1,0.0,12869.6,1019.6,3.0,54.0,124.8,17.9,9207.4,1.9,0.00,pathseer:60
beir500k-f32,neg40_cat02,neg40,201752,pathseer,128,1,60,0.9583,0.7333,0.00053,4.708,9.105,10.589,5.172,6636.3,0.0,18942.1,1823.1,4.0,125.0,218.7,28.8,12593.4,3.4,0.00,pathseer:60
beir500k-f32,neg40_cat02,neg40,201752,pathseer,128,2,60,0.9583,0.7333,0.00053,4.851,9.198,10.383,5.173,6636.3,0.0,18942.1,1823.1,4.0,125.0,218.7,28.8,12593.4,3.4,0.00,pathseer:60
beir500k-f32,neg40_cat02,neg40,201752,pathseer,128,3,60,0.9583,0.7333,0.00053,4.696,8.983,10.504,5.092,6636.3,0.0,18942.1,1823.1,4.0,125.0,218.7,28.8,12593.4,3.4,0.00,pathseer:60
beir500k-f32,neg40_cat02,neg40,201752,pathseer,256,1,60,0.9750,0.8333,0.00030,8.537,14.673,15.386,8.725,11328.9,0.0,26659.6,3110.2,8.0,239.0,436.3,51.0,15984.8,6.8,0.00,pathseer:60
beir500k-f32,neg40_cat02,neg40,201752,pathseer,256,2,60,0.9750,0.8333,0.00030,8.766,14.888,15.315,8.812,11328.9,0.0,26659.6,3110.2,8.0,239.0,436.3,51.0,15984.8,6.8,0.00,pathseer:60
beir500k-f32,neg40_cat02,neg40,201752,pathseer,256,3,60,0.9750,0.8333,0.00030,8.477,14.988,15.307,8.739,11328.9,0.0,26659.6,3110.2,8.0,239.0,436.3,51.0,15984.8,6.8,0.00,pathseer:60
beir500k-f32,neg40_cat02,neg40,201752,pathseer,512,1,60,0.9867,0.8833,0.00016,14.809,24.079,24.697,14.554,18782.9,0.0,36655.0,5109.8,15.0,428.0,898.1,100.5,19313.1,14.0,0.00,pathseer:60
beir500k-f32,neg40_cat02,neg40,201752,pathseer,512,2,60,0.9867,0.8833,0.00016,14.620,22.982,24.862,14.510,18782.9,0.0,36655.0,5109.8,15.0,428.0,898.1,100.5,19313.1,14.0,0.00,pathseer:60
beir500k-f32,neg40_cat02,neg40,201752,pathseer,512,3,60,0.9867,0.8833,0.00016,14.648,23.057,24.697,14.497,18782.9,0.0,36655.0,5109.8,15.0,428.0,898.1,100.5,19313.1,14.0,0.00,pathseer:60
beir500k-f32,neg40_cat03,neg40,212381,sweeping,64,1,55,0.9164,0.5818,0.00163,11.612,21.556,22.542,11.004,19994.8,0.0,4803.8,2062.6,3.0,58.0,0.0,0.0,0.0,0.0,0.00,sweeping:55
beir500k-f32,neg40_cat03,neg40,212381,sweeping,64,2,55,0.9164,0.5818,0.00163,11.496,21.555,22.368,10.993,19994.8,0.0,4803.8,2062.6,3.0,58.0,0.0,0.0,0.0,0.0,0.00,sweeping:55
beir500k-f32,neg40_cat03,neg40,212381,sweeping,64,3,55,0.9164,0.5818,0.00163,11.593,21.602,22.550,11.104,19994.8,0.0,4803.8,2062.6,3.0,58.0,0.0,0.0,0.0,0.0,0.00,sweeping:55
beir500k-f32,neg40_cat03,neg40,212381,sweeping,128,1,55,0.9509,0.7091,0.00091,15.130,25.846,29.944,14.398,25645.3,0.0,6806.1,2801.8,5.0,95.0,0.0,0.0,0.0,0.0,0.00,sweeping:55
beir500k-f32,neg40_cat03,neg40,212381,sweeping,128,2,55,0.9509,0.7091,0.00091,15.086,25.950,29.805,14.494,25645.3,0.0,6806.1,2801.8,5.0,95.0,0.0,0.0,0.0,0.0,0.00,sweeping:55
beir500k-f32,neg40_cat03,neg40,212381,sweeping,128,3,55,0.9509,0.7091,0.00091,15.151,25.753,29.849,14.390,25645.3,0.0,6806.1,2801.8,5.0,95.0,0.0,0.0,0.0,0.0,0.00,sweeping:55
beir500k-f32,neg40_cat03,neg40,212381,sweeping,256,1,55,0.9727,0.8364,0.00028,19.633,35.057,39.828,19.611,34281.2,0.0,9599.3,3951.9,10.0,195.0,0.0,0.0,0.0,0.0,0.00,sweeping:55
beir500k-f32,neg40_cat03,neg40,212381,sweeping,256,2,55,0.9727,0.8364,0.00028,20.453,38.101,39.346,19.873,34281.2,0.0,9599.3,3951.9,10.0,195.0,0.0,0.0,0.0,0.0,0.00,sweeping:55
beir500k-f32,neg40_cat03,neg40,212381,sweeping,256,3,55,0.9727,0.8364,0.00028,20.589,35.225,39.531,19.846,34281.2,0.0,9599.3,3951.9,10.0,195.0,0.0,0.0,0.0,0.0,0.00,sweeping:55
beir500k-f32,neg40_cat03,neg40,212381,sweeping,512,1,55,0.9800,0.8545,0.00019,28.120,48.158,57.981,27.590,46373.9,0.0,13507.4,5563.5,19.0,412.0,0.0,0.0,0.0,0.0,0.00,sweeping:55
beir500k-f32,neg40_cat03,neg40,212381,sweeping,512,2,55,0.9800,0.8545,0.00019,27.055,45.743,53.861,27.157,46373.9,0.0,13507.4,5563.5,19.0,412.0,0.0,0.0,0.0,0.0,0.00,sweeping:55
beir500k-f32,neg40_cat03,neg40,212381,sweeping,512,3,55,0.9800,0.8545,0.00019,27.210,45.868,53.831,26.900,46373.9,0.0,13507.4,5563.5,19.0,412.0,0.0,0.0,0.0,0.0,0.00,sweeping:55
beir500k-f32,neg40_cat03,neg40,212381,acorn,64,1,55,0.9164,0.5818,0.00163,11.502,21.594,22.645,10.997,19994.8,0.0,4803.8,2062.6,3.0,58.0,0.0,0.0,0.0,0.0,0.00,sweeping:55
beir500k-f32,neg40_cat03,neg40,212381,acorn,64,2,55,0.9164,0.5818,0.00163,11.574,21.707,22.482,11.024,19994.8,0.0,4803.8,2062.6,3.0,58.0,0.0,0.0,0.0,0.0,0.00,sweeping:55
beir500k-f32,neg40_cat03,neg40,212381,acorn,64,3,55,0.9164,0.5818,0.00163,11.503,21.613,22.364,10.982,19994.8,0.0,4803.8,2062.6,3.0,58.0,0.0,0.0,0.0,0.0,0.00,sweeping:55
beir500k-f32,neg40_cat03,neg40,212381,acorn,128,1,55,0.9509,0.7091,0.00091,15.429,26.290,29.884,14.461,25645.3,0.0,6806.1,2801.8,5.0,95.0,0.0,0.0,0.0,0.0,0.00,sweeping:55
beir500k-f32,neg40_cat03,neg40,212381,acorn,128,2,55,0.9509,0.7091,0.00091,15.097,25.907,29.995,14.532,25645.3,0.0,6806.1,2801.8,5.0,95.0,0.0,0.0,0.0,0.0,0.00,sweeping:55
beir500k-f32,neg40_cat03,neg40,212381,acorn,128,3,55,0.9509,0.7091,0.00091,15.165,25.763,30.078,14.425,25645.3,0.0,6806.1,2801.8,5.0,95.0,0.0,0.0,0.0,0.0,0.00,sweeping:55
beir500k-f32,neg40_cat03,neg40,212381,acorn,256,1,55,0.9727,0.8364,0.00028,20.661,35.047,39.370,19.679,34281.2,0.0,9599.3,3951.9,10.0,195.0,0.0,0.0,0.0,0.0,0.00,sweeping:55
beir500k-f32,neg40_cat03,neg40,212381,acorn,256,2,55,0.9727,0.8364,0.00028,19.794,35.174,43.064,19.694,34281.2,0.0,9599.3,3951.9,10.0,195.0,0.0,0.0,0.0,0.0,0.00,sweeping:55
beir500k-f32,neg40_cat03,neg40,212381,acorn,256,3,55,0.9727,0.8364,0.00028,19.603,35.137,39.666,19.587,34281.2,0.0,9599.3,3951.9,10.0,195.0,0.0,0.0,0.0,0.0,0.00,sweeping:55
beir500k-f32,neg40_cat03,neg40,212381,acorn,512,1,55,0.9800,0.8545,0.00019,26.918,45.812,53.873,27.041,46373.9,0.0,13507.4,5563.5,19.0,412.0,0.0,0.0,0.0,0.0,0.00,sweeping:55
beir500k-f32,neg40_cat03,neg40,212381,acorn,512,2,55,0.9800,0.8545,0.00019,27.292,45.795,53.740,26.966,46373.9,0.0,13507.4,5563.5,19.0,412.0,0.0,0.0,0.0,0.0,0.00,sweeping:55
beir500k-f32,neg40_cat03,neg40,212381,acorn,512,3,55,0.9800,0.8545,0.00019,27.790,45.661,53.936,27.151,46373.9,0.0,13507.4,5563.5,19.0,412.0,0.0,0.0,0.0,0.0,0.00,sweeping:55
beir500k-f32,neg40_cat03,neg40,212381,pathseer,64,1,55,0.8545,0.3636,0.00291,2.030,5.797,6.030,2.575,3413.8,0.0,10494.3,811.2,3.0,30.0,125.7,26.0,7428.5,2.0,0.00,pathseer:55
beir500k-f32,neg40_cat03,neg40,212381,pathseer,64,2,55,0.8545,0.3636,0.00291,2.022,5.822,6.136,2.577,3413.8,0.0,10494.3,811.2,3.0,30.0,125.7,26.0,7428.5,2.0,0.00,pathseer:55
beir500k-f32,neg40_cat03,neg40,212381,pathseer,64,3,55,0.8545,0.3636,0.00291,2.024,5.928,6.030,2.574,3413.8,0.0,10494.3,811.2,3.0,30.0,125.7,26.0,7428.5,2.0,0.00,pathseer:55
beir500k-f32,neg40_cat03,neg40,212381,pathseer,128,1,55,0.9273,0.6727,0.00117,3.941,8.868,9.491,4.349,5926.6,0.0,15354.7,1349.3,4.0,66.0,221.1,42.7,10180.3,3.5,0.00,pathseer:55
beir500k-f32,neg40_cat03,neg40,212381,pathseer,128,2,55,0.9273,0.6727,0.00117,3.974,8.942,9.567,4.451,5926.6,0.0,15354.7,1349.3,4.0,66.0,221.1,42.7,10180.3,3.5,0.00,pathseer:55
beir500k-f32,neg40_cat03,neg40,212381,pathseer,128,3,55,0.9273,0.6727,0.00117,3.935,9.004,9.467,4.395,5926.6,0.0,15354.7,1349.3,4.0,66.0,221.1,42.7,10180.3,3.5,0.00,pathseer:55
beir500k-f32,neg40_cat03,neg40,212381,pathseer,256,1,55,0.9655,0.8000,0.00034,6.795,13.975,14.757,7.427,10304.8,0.0,21780.7,2234.3,7.0,129.0,418.9,73.0,13059.1,6.5,0.00,pathseer:55
beir500k-f32,neg40_cat03,neg40,212381,pathseer,256,2,55,0.9655,0.8000,0.00034,6.838,13.873,14.723,7.443,10304.8,0.0,21780.7,2234.3,7.0,129.0,418.9,73.0,13059.1,6.5,0.00,pathseer:55
beir500k-f32,neg40_cat03,neg40,212381,pathseer,256,3,55,0.9655,0.8000,0.00034,6.820,13.967,14.974,7.521,10304.8,0.0,21780.7,2234.3,7.0,129.0,418.9,73.0,13059.1,6.5,0.00,pathseer:55
beir500k-f32,neg40_cat03,neg40,212381,pathseer,512,1,55,0.9764,0.8182,0.00022,12.427,22.277,23.286,12.876,17518.3,0.0,30986.1,3651.2,15.0,262.0,868.1,141.4,16519.7,13.6,0.00,pathseer:55
beir500k-f32,neg40_cat03,neg40,212381,pathseer,512,2,55,0.9764,0.8182,0.00022,12.347,22.321,23.274,12.736,17518.3,0.0,30986.1,3651.2,15.0,262.0,868.1,141.4,16519.7,13.6,0.00,pathseer:55
beir500k-f32,neg40_cat03,neg40,212381,pathseer,512,3,55,0.9764,0.8182,0.00022,12.221,21.421,21.754,12.502,17518.3,0.0,30986.1,3651.2,15.0,262.0,868.1,141.4,16519.7,13.6,0.00,pathseer:55
beir500k-f32,neg40_cat04,neg40,219419,sweeping,64,1,57,0.9632,0.7368,0.00041,15.119,22.430,25.074,14.660,22802.4,0.0,8186.3,4548.7,3.0,168.0,0.0,0.0,0.0,0.0,0.00,sweeping:57
beir500k-f32,neg40_cat04,neg40,219419,sweeping,64,2,57,0.9632,0.7368,0.00041,14.898,22.579,25.093,14.653,22802.4,0.0,8186.3,4548.7,3.0,168.0,0.0,0.0,0.0,0.0,0.00,sweeping:57
beir500k-f32,neg40_cat04,neg40,219419,sweeping,64,3,57,0.9632,0.7368,0.00041,14.764,22.584,24.992,14.679,22802.4,0.0,8186.3,4548.7,3.0,168.0,0.0,0.0,0.0,0.0,0.00,sweeping:57
beir500k-f32,neg40_cat04,neg40,219419,sweeping,128,1,57,0.9860,0.9123,0.00021,19.916,27.624,31.141,19.398,27691.3,0.0,10644.4,5961.6,6.0,322.0,0.0,0.0,0.0,0.0,0.00,sweeping:57
beir500k-f32,neg40_cat04,neg40,219419,sweeping,128,2,57,0.9860,0.9123,0.00021,19.468,27.434,29.791,18.991,27691.3,0.0,10644.4,5961.6,6.0,322.0,0.0,0.0,0.0,0.0,0.00,sweeping:57
beir500k-f32,neg40_cat04,neg40,219419,sweeping,128,3,57,0.9860,0.9123,0.00021,19.226,27.329,29.517,18.999,27691.3,0.0,10644.4,5961.6,6.0,322.0,0.0,0.0,0.0,0.0,0.00,sweeping:57
beir500k-f32,neg40_cat04,neg40,219419,sweeping,256,1,57,0.9947,0.9474,0.00004,24.711,34.969,41.244,24.335,34072.6,0.0,13695.1,7734.5,11.0,640.0,0.0,0.0,0.0,0.0,0.00,sweeping:57
beir500k-f32,neg40_cat04,neg40,219419,sweeping,256,2,57,0.9947,0.9474,0.00004,24.600,32.995,35.179,23.955,34072.6,0.0,13695.1,7734.5,11.0,640.0,0.0,0.0,0.0,0.0,0.00,sweeping:57
beir500k-f32,neg40_cat04,neg40,219419,sweeping,256,3,57,0.9947,0.9474,0.00004,24.835,32.587,34.804,23.921,34072.6,0.0,13695.1,7734.5,11.0,640.0,0.0,0.0,0.0,0.0,0.00,sweeping:57
beir500k-f32,neg40_cat04,neg40,219419,sweeping,512,1,57,0.9982,0.9825,0.00002,30.757,40.322,41.281,29.873,42972.7,0.0,17493.5,10051.0,22.0,1176.0,0.0,0.0,0.0,0.0,0.00,sweeping:57
beir500k-f32,neg40_cat04,neg40,219419,sweeping,512,2,57,0.9982,0.9825,0.00002,31.006,40.366,41.441,29.747,42972.7,0.0,17493.5,10051.0,22.0,1176.0,0.0,0.0,0.0,0.0,0.00,sweeping:57
beir500k-f32,neg40_cat04,neg40,219419,sweeping,512,3,57,0.9982,0.9825,0.00002,30.758,38.427,40.907,29.712,42972.7,0.0,17493.5,10051.0,22.0,1176.0,0.0,0.0,0.0,0.0,0.00,sweeping:57
beir500k-f32,neg40_cat04,neg40,219419,acorn,64,1,57,0.9632,0.7368,0.00041,14.859,22.850,25.204,14.656,22802.4,0.0,8186.3,4548.7,3.0,168.0,0.0,0.0,0.0,0.0,0.00,sweeping:57
beir500k-f32,neg40_cat04,neg40,219419,acorn,64,2,57,0.9632,0.7368,0.00041,15.072,22.585,25.052,14.754,22802.4,0.0,8186.3,4548.7,3.0,168.0,0.0,0.0,0.0,0.0,0.00,sweeping:57
beir500k-f32,neg40_cat04,neg40,219419,acorn,64,3,57,0.9632,0.7368,0.00041,14.989,22.443,25.028,14.610,22802.4,0.0,8186.3,4548.7,3.0,168.0,0.0,0.0,0.0,0.0,0.00,sweeping:57
beir500k-f32,neg40_cat04,neg40,219419,acorn,128,1,57,0.9860,0.9123,0.00021,18.625,26.988,28.631,18.348,27691.3,0.0,10644.4,5961.6,6.0,322.0,0.0,0.0,0.0,0.0,0.00,sweeping:57
beir500k-f32,neg40_cat04,neg40,219419,acorn,128,2,57,0.9860,0.9123,0.00021,18.776,26.731,29.310,18.399,27691.3,0.0,10644.4,5961.6,6.0,322.0,0.0,0.0,0.0,0.0,0.00,sweeping:57
beir500k-f32,neg40_cat04,neg40,219419,acorn,128,3,57,0.9860,0.9123,0.00021,19.022,28.468,33.660,18.839,27691.3,0.0,10644.4,5961.6,6.0,322.0,0.0,0.0,0.0,0.0,0.00,sweeping:57
beir500k-f32,neg40_cat04,neg40,219419,acorn,256,1,57,0.9947,0.9474,0.00004,23.836,31.437,34.034,23.250,34072.6,0.0,13695.1,7734.5,11.0,640.0,0.0,0.0,0.0,0.0,0.00,sweeping:57
beir500k-f32,neg40_cat04,neg40,219419,acorn,256,2,57,0.9947,0.9474,0.00004,23.841,33.573,34.127,23.237,34072.6,0.0,13695.1,7734.5,11.0,640.0,0.0,0.0,0.0,0.0,0.00,sweeping:57
beir500k-f32,neg40_cat04,neg40,219419,acorn,256,3,57,0.9947,0.9474,0.00004,24.179,33.062,33.924,23.307,34072.6,0.0,13695.1,7734.5,11.0,640.0,0.0,0.0,0.0,0.0,0.00,sweeping:57
beir500k-f32,neg40_cat04,neg40,219419,acorn,512,1,57,0.9982,0.9825,0.00002,30.723,39.511,40.975,29.803,42972.7,0.0,17493.5,10051.0,22.0,1176.0,0.0,0.0,0.0,0.0,0.00,sweeping:57
beir500k-f32,neg40_cat04,neg40,219419,acorn,512,2,57,0.9982,0.9825,0.00002,30.770,38.769,41.074,29.688,42972.7,0.0,17493.5,10051.0,22.0,1176.0,0.0,0.0,0.0,0.0,0.00,sweeping:57
beir500k-f32,neg40_cat04,neg40,219419,acorn,512,3,57,0.9982,0.9825,0.00002,31.319,38.445,40.653,29.691,42972.7,0.0,17493.5,10051.0,22.0,1176.0,0.0,0.0,0.0,0.0,0.00,sweeping:57
beir500k-f32,neg40_cat04,neg40,219419,pathseer,64,1,57,0.9491,0.6667,0.00080,3.670,6.341,7.215,3.982,4472.4,0.0,16195.0,1902.9,3.0,135.0,143.7,13.1,10701.2,2.2,0.00,pathseer:57
beir500k-f32,neg40_cat04,neg40,219419,pathseer,64,2,57,0.9491,0.6667,0.00080,3.733,6.351,7.367,3.984,4472.4,0.0,16195.0,1902.9,3.0,135.0,143.7,13.1,10701.2,2.2,0.00,pathseer:57
beir500k-f32,neg40_cat04,neg40,219419,pathseer,64,3,57,0.9491,0.6667,0.00080,3.965,6.382,7.213,4.077,4472.4,0.0,16195.0,1902.9,3.0,135.0,143.7,13.1,10701.2,2.2,0.00,pathseer:57
beir500k-f32,neg40_cat04,neg40,219419,pathseer,128,1,57,0.9754,0.8246,0.00054,6.447,10.917,11.557,6.712,7647.8,0.0,22340.8,3149.6,5.0,284.0,261.6,21.8,13146.0,4.1,0.00,pathseer:57
beir500k-f32,neg40_cat04,neg40,219419,pathseer,128,2,57,0.9754,0.8246,0.00054,6.417,10.870,11.429,6.693,7647.8,0.0,22340.8,3149.6,5.0,284.0,261.6,21.8,13146.0,4.1,0.00,pathseer:57
beir500k-f32,neg40_cat04,neg40,219419,pathseer,128,3,57,0.9754,0.8246,0.00054,6.532,10.887,11.386,6.686,7647.8,0.0,22340.8,3149.6,5.0,284.0,261.6,21.8,13146.0,4.1,0.00,pathseer:57
beir500k-f32,neg40_cat04,neg40,219419,pathseer,256,1,57,0.9947,0.9474,0.00004,10.881,17.050,17.627,10.826,12413.3,0.0,29535.0,4900.7,10.0,558.0,549.1,43.1,15048.8,8.6,0.00,pathseer:57
beir500k-f32,neg40_cat04,neg40,219419,pathseer,256,2,57,0.9947,0.9474,0.00004,10.947,16.781,17.777,10.925,12413.3,0.0,29535.0,4900.7,10.0,558.0,549.1,43.1,15048.8,8.6,0.00,pathseer:57
beir500k-f32,neg40_cat04,neg40,219419,pathseer,256,3,57,0.9947,0.9474,0.00004,11.057,16.654,18.605,10.848,12413.3,0.0,29535.0,4900.7,10.0,558.0,549.1,43.1,15048.8,8.6,0.00,pathseer:57
beir500k-f32,neg40_cat04,neg40,219419,pathseer,512,1,57,0.9982,0.9825,0.00002,17.194,23.083,25.593,16.799,19611.8,0.0,38711.6,7356.5,18.0,993.0,1130.7,87.8,16539.9,17.7,0.00,pathseer:57
beir500k-f32,neg40_cat04,neg40,219419,pathseer,512,2,57,0.9982,0.9825,0.00002,16.994,23.290,25.414,16.868,19611.8,0.0,38711.6,7356.5,18.0,993.0,1130.7,87.8,16539.9,17.7,0.00,pathseer:57
beir500k-f32,neg40_cat04,neg40,219419,pathseer,512,3,57,0.9982,0.9825,0.00002,16.946,23.131,25.325,16.803,19611.8,0.0,38711.6,7356.5,18.0,993.0,1130.7,87.8,16539.9,17.7,0.00,pathseer:57
beir500k-f32,neg40_cat05,neg40,210419,sweeping,64,1,20,0.9800,0.8000,0.00043,4.205,7.332,7.913,3.714,7269.1,0.0,1463.1,690.0,4.0,16.0,0.0,0.0,0.0,0.0,0.00,sweeping:20
beir500k-f32,neg40_cat05,neg40,210419,sweeping,64,2,20,0.9800,0.8000,0.00043,4.207,8.115,8.467,3.994,7269.1,0.0,1463.1,690.0,4.0,16.0,0.0,0.0,0.0,0.0,0.00,sweeping:20
beir500k-f32,neg40_cat05,neg40,210419,sweeping,64,3,20,0.9800,0.8000,0.00043,4.319,7.546,7.959,3.771,7269.1,0.0,1463.1,690.0,4.0,16.0,0.0,0.0,0.0,0.0,0.00,sweeping:20
beir500k-f32,neg40_cat05,neg40,210419,sweeping,128,1,20,1.0000,1.0000,0.00000,6.215,9.604,9.852,5.249,9925.1,0.0,2136.8,997.5,5.0,39.0,0.0,0.0,0.0,0.0,0.00,sweeping:20
beir500k-f32,neg40_cat05,neg40,210419,sweeping,128,2,20,1.0000,1.0000,0.00000,6.137,9.661,9.983,5.269,9925.1,0.0,2136.8,997.5,5.0,39.0,0.0,0.0,0.0,0.0,0.00,sweeping:20
beir500k-f32,neg40_cat05,neg40,210419,sweeping,128,3,20,1.0000,1.0000,0.00000,6.259,9.523,9.935,5.240,9925.1,0.0,2136.8,997.5,5.0,39.0,0.0,0.0,0.0,0.0,0.00,sweeping:20
beir500k-f32,neg40_cat05,neg40,210419,sweeping,256,1,20,1.0000,1.0000,0.00000,8.188,12.960,13.697,7.655,14023.8,0.0,3110.5,1507.0,11.0,75.0,0.0,0.0,0.0,0.0,0.00,sweeping:20
beir500k-f32,neg40_cat05,neg40,210419,sweeping,256,2,20,1.0000,1.0000,0.00000,8.541,12.873,13.505,7.686,14023.8,0.0,3110.5,1507.0,11.0,75.0,0.0,0.0,0.0,0.0,0.00,sweeping:20
beir500k-f32,neg40_cat05,neg40,210419,sweeping,256,3,20,1.0000,1.0000,0.00000,8.398,12.911,13.463,7.682,14023.8,0.0,3110.5,1507.0,11.0,75.0,0.0,0.0,0.0,0.0,0.00,sweeping:20
beir500k-f32,neg40_cat05,neg40,210419,sweeping,512,1,20,1.0000,1.0000,0.00000,12.302,16.656,18.635,11.382,20194.5,0.0,4623.1,2310.9,23.0,141.0,0.0,0.0,0.0,0.0,0.00,sweeping:20
beir500k-f32,neg40_cat05,neg40,210419,sweeping,512,2,20,1.0000,1.0000,0.00000,12.048,16.660,18.768,11.386,20194.5,0.0,4623.1,2310.9,23.0,141.0,0.0,0.0,0.0,0.0,0.00,sweeping:20
beir500k-f32,neg40_cat05,neg40,210419,sweeping,512,3,20,1.0000,1.0000,0.00000,12.251,16.827,19.929,11.460,20194.5,0.0,4623.1,2310.9,23.0,141.0,0.0,0.0,0.0,0.0,0.00,sweeping:20
beir500k-f32,neg40_cat05,neg40,210419,acorn,64,1,20,0.9800,0.8000,0.00043,4.191,7.411,7.896,3.711,7269.1,0.0,1463.1,690.0,4.0,16.0,0.0,0.0,0.0,0.0,0.00,sweeping:20
beir500k-f32,neg40_cat05,neg40,210419,acorn,64,2,20,0.9800,0.8000,0.00043,4.199,7.333,8.044,3.740,7269.1,0.0,1463.1,690.0,4.0,16.0,0.0,0.0,0.0,0.0,0.00,sweeping:20
beir500k-f32,neg40_cat05,neg40,210419,acorn,64,3,20,0.9800,0.8000,0.00043,4.256,7.379,7.863,3.742,7269.1,0.0,1463.1,690.0,4.0,16.0,0.0,0.0,0.0,0.0,0.00,sweeping:20
beir500k-f32,neg40_cat05,neg40,210419,acorn,128,1,20,1.0000,1.0000,0.00000,6.170,9.548,10.047,5.256,9925.1,0.0,2136.8,997.5,5.0,39.0,0.0,0.0,0.0,0.0,0.00,sweeping:20
beir500k-f32,neg40_cat05,neg40,210419,acorn,128,2,20,1.0000,1.0000,0.00000,6.173,9.622,9.878,5.235,9925.1,0.0,2136.8,997.5,5.0,39.0,0.0,0.0,0.0,0.0,0.00,sweeping:20
beir500k-f32,neg40_cat05,neg40,210419,acorn,128,3,20,1.0000,1.0000,0.00000,6.155,9.525,9.877,5.259,9925.1,0.0,2136.8,997.5,5.0,39.0,0.0,0.0,0.0,0.0,0.00,sweeping:20
beir500k-f32,neg40_cat05,neg40,210419,acorn,256,1,20,1.0000,1.0000,0.00000,8.239,12.966,13.518,7.659,14023.8,0.0,3110.5,1507.0,11.0,75.0,0.0,0.0,0.0,0.0,0.00,sweeping:20
beir500k-f32,neg40_cat05,neg40,210419,acorn,256,2,20,1.0000,1.0000,0.00000,8.287,12.920,13.465,7.680,14023.8,0.0,3110.5,1507.0,11.0,75.0,0.0,0.0,0.0,0.0,0.00,sweeping:20
beir500k-f32,neg40_cat05,neg40,210419,acorn,256,3,20,1.0000,1.0000,0.00000,8.258,12.991,13.603,7.706,14023.8,0.0,3110.5,1507.0,11.0,75.0,0.0,0.0,0.0,0.0,0.00,sweeping:20
beir500k-f32,neg40_cat05,neg40,210419,acorn,512,1,20,1.0000,1.0000,0.00000,12.173,16.704,18.942,11.405,20194.5,0.0,4623.1,2310.9,23.0,141.0,0.0,0.0,0.0,0.0,0.00,sweeping:20
beir500k-f32,neg40_cat05,neg40,210419,acorn,512,2,20,1.0000,1.0000,0.00000,12.121,16.896,19.017,11.460,20194.5,0.0,4623.1,2310.9,23.0,141.0,0.0,0.0,0.0,0.0,0.00,sweeping:20
beir500k-f32,neg40_cat05,neg40,210419,acorn,512,3,20,1.0000,1.0000,0.00000,13.269,16.652,18.816,11.682,20194.5,0.0,4623.1,2310.9,23.0,141.0,0.0,0.0,0.0,0.0,0.00,sweeping:20
beir500k-f32,neg40_cat05,neg40,210419,pathseer,64,1,20,0.9400,0.7500,0.00070,1.059,2.206,2.209,1.278,2091.3,0.0,3621.5,282.1,3.0,11.0,124.8,30.9,2198.8,1.9,0.00,pathseer:20
beir500k-f32,neg40_cat05,neg40,210419,pathseer,64,2,20,0.9400,0.7500,0.00070,1.079,2.202,2.291,1.281,2091.3,0.0,3621.5,282.1,3.0,11.0,124.8,30.9,2198.8,1.9,0.00,pathseer:20
beir500k-f32,neg40_cat05,neg40,210419,pathseer,64,3,20,0.9400,0.7500,0.00070,1.087,2.232,2.267,1.287,2091.3,0.0,3621.5,282.1,3.0,11.0,124.8,30.9,2198.8,1.9,0.00,pathseer:20
beir500k-f32,neg40_cat05,neg40,210419,pathseer,128,1,20,0.9850,0.8500,0.00004,2.102,3.877,4.076,2.249,3678.3,0.0,5670.6,533.0,4.0,22.0,198.4,54.5,3126.4,3.1,0.00,pathseer:20
beir500k-f32,neg40_cat05,neg40,210419,pathseer,128,2,20,0.9850,0.8500,0.00004,2.123,3.898,4.119,2.259,3678.3,0.0,5670.6,533.0,4.0,22.0,198.4,54.5,3126.4,3.1,0.00,pathseer:20
beir500k-f32,neg40_cat05,neg40,210419,pathseer,128,3,20,0.9850,0.8500,0.00004,2.206,3.911,4.134,2.279,3678.3,0.0,5670.6,533.0,4.0,22.0,198.4,54.5,3126.4,3.1,0.00,pathseer:20
beir500k-f32,neg40_cat05,neg40,210419,pathseer,256,1,20,0.9950,0.9500,0.00002,4.113,6.423,6.587,3.925,6315.8,0.0,8669.0,947.5,7.0,46.0,380.8,99.0,4286.1,6.0,0.00,pathseer:20
beir500k-f32,neg40_cat05,neg40,210419,pathseer,256,2,20,0.9950,0.9500,0.00002,4.076,6.593,6.621,3.940,6315.8,0.0,8669.0,947.5,7.0,46.0,380.8,99.0,4286.1,6.0,0.00,pathseer:20
beir500k-f32,neg40_cat05,neg40,210419,pathseer,256,3,20,0.9950,0.9500,0.00002,4.134,6.538,6.585,3.945,6315.8,0.0,8669.0,947.5,7.0,46.0,380.8,99.0,4286.1,6.0,0.00,pathseer:20
beir500k-f32,neg40_cat05,neg40,210419,pathseer,512,1,20,1.0000,1.0000,0.00000,7.164,9.598,10.116,6.408,10209.1,0.0,12419.9,1534.5,13.0,87.0,774.4,223.1,5521.8,12.1,0.00,pathseer:20
beir500k-f32,neg40_cat05,neg40,210419,pathseer,512,2,20,1.0000,1.0000,0.00000,7.223,9.810,10.449,6.603,10209.1,0.0,12419.9,1534.5,13.0,87.0,774.4,223.1,5521.8,12.1,0.00,pathseer:20
beir500k-f32,neg40_cat05,neg40,210419,pathseer,512,3,20,1.0000,1.0000,0.00000,7.047,10.442,10.466,6.570,10209.1,0.0,12419.9,1534.5,13.0,87.0,774.4,223.1,5521.8,12.1,0.00,pathseer:20
beir500k-f32,neg40_cat06,neg40,214755,sweeping,64,1,49,0.9653,0.7347,0.00060,14.526,31.509,36.034,15.598,25500.3,0.0,6945.1,4316.5,3.0,172.0,0.0,0.0,0.0,0.0,0.00,sweeping:49
beir500k-f32,neg40_cat06,neg40,214755,sweeping,64,2,49,0.9653,0.7347,0.00060,14.449,31.155,35.991,15.583,25500.3,0.0,6945.1,4316.5,3.0,172.0,0.0,0.0,0.0,0.0,0.00,sweeping:49
beir500k-f32,neg40_cat06,neg40,214755,sweeping,64,3,49,0.9653,0.7347,0.00060,14.649,31.704,35.819,15.679,25500.3,0.0,6945.1,4316.5,3.0,172.0,0.0,0.0,0.0,0.0,0.00,sweeping:49
beir500k-f32,neg40_cat06,neg40,214755,sweeping,128,1,49,0.9857,0.8571,0.00023,20.465,41.621,46.049,21.502,33993.7,0.0,10069.3,6183.4,5.0,331.0,0.0,0.0,0.0,0.0,0.00,sweeping:49
beir500k-f32,neg40_cat06,neg40,214755,sweeping,128,2,49,0.9857,0.8571,0.00023,20.252,41.207,45.894,21.358,33993.7,0.0,10069.3,6183.4,5.0,331.0,0.0,0.0,0.0,0.0,0.00,sweeping:49
beir500k-f32,neg40_cat06,neg40,214755,sweeping,128,3,49,0.9857,0.8571,0.00023,20.469,41.446,45.954,21.460,33993.7,0.0,10069.3,6183.4,5.0,331.0,0.0,0.0,0.0,0.0,0.00,sweeping:49
beir500k-f32,neg40_cat06,neg40,214755,sweeping,256,1,49,0.9918,0.9184,0.00020,28.722,51.550,60.447,29.546,45463.2,0.0,14404.9,8780.9,10.0,541.0,0.0,0.0,0.0,0.0,0.00,sweeping:49
beir500k-f32,neg40_cat06,neg40,214755,sweeping,256,2,49,0.9918,0.9184,0.00020,28.801,51.826,59.042,29.495,45463.2,0.0,14404.9,8780.9,10.0,541.0,0.0,0.0,0.0,0.0,0.00,sweeping:49
beir500k-f32,neg40_cat06,neg40,214755,sweeping,256,3,49,0.9918,0.9184,0.00020,28.704,51.682,58.883,29.293,45463.2,0.0,14404.9,8780.9,10.0,541.0,0.0,0.0,0.0,0.0,0.00,sweeping:49
beir500k-f32,neg40_cat06,neg40,214755,sweeping,512,1,49,0.9980,0.9796,0.00005,39.007,69.208,74.111,40.051,60667.3,0.0,20451.5,12237.3,23.0,1097.0,0.0,0.0,0.0,0.0,0.00,sweeping:49
beir500k-f32,neg40_cat06,neg40,214755,sweeping,512,2,49,0.9980,0.9796,0.00005,38.845,69.025,74.822,40.081,60667.3,0.0,20451.5,12237.3,23.0,1097.0,0.0,0.0,0.0,0.0,0.00,sweeping:49
beir500k-f32,neg40_cat06,neg40,214755,sweeping,512,3,49,0.9980,0.9796,0.00005,38.701,69.100,74.698,40.730,60667.3,0.0,20451.5,12237.3,23.0,1097.0,0.0,0.0,0.0,0.0,0.00,sweeping:49
beir500k-f32,neg40_cat06,neg40,214755,acorn,64,1,49,0.9653,0.7347,0.00060,14.532,31.365,35.922,15.595,25500.3,0.0,6945.1,4316.5,3.0,172.0,0.0,0.0,0.0,0.0,0.00,sweeping:49
beir500k-f32,neg40_cat06,neg40,214755,acorn,64,2,49,0.9653,0.7347,0.00060,14.610,31.519,35.927,15.592,25500.3,0.0,6945.1,4316.5,3.0,172.0,0.0,0.0,0.0,0.0,0.00,sweeping:49
beir500k-f32,neg40_cat06,neg40,214755,acorn,64,3,49,0.9653,0.7347,0.00060,14.553,31.466,35.789,15.665,25500.3,0.0,6945.1,4316.5,3.0,172.0,0.0,0.0,0.0,0.0,0.00,sweeping:49
beir500k-f32,neg40_cat06,neg40,214755,acorn,128,1,49,0.9857,0.8571,0.00023,20.406,41.316,46.157,21.511,33993.7,0.0,10069.3,6183.4,5.0,331.0,0.0,0.0,0.0,0.0,0.00,sweeping:49
beir500k-f32,neg40_cat06,neg40,214755,acorn,128,2,49,0.9857,0.8571,0.00023,20.323,41.655,46.018,21.383,33993.7,0.0,10069.3,6183.4,5.0,331.0,0.0,0.0,0.0,0.0,0.00,sweeping:49
beir500k-f32,neg40_cat06,neg40,214755,acorn,128,3,49,0.9857,0.8571,0.00023,20.643,43.643,46.087,22.005,33993.7,0.0,10069.3,6183.4,5.0,331.0,0.0,0.0,0.0,0.0,0.00,sweeping:49
beir500k-f32,neg40_cat06,neg40,214755,acorn,256,1,49,0.9918,0.9184,0.00020,28.812,51.718,58.724,29.418,45463.2,0.0,14404.9,8780.9,10.0,541.0,0.0,0.0,0.0,0.0,0.00,sweeping:49
beir500k-f32,neg40_cat06,neg40,214755,acorn,256,2,49,0.9918,0.9184,0.00020,28.813,51.663,58.821,29.392,45463.2,0.0,14404.9,8780.9,10.0,541.0,0.0,0.0,0.0,0.0,0.00,sweeping:49
beir500k-f32,neg40_cat06,neg40,214755,acorn,256,3,49,0.9918,0.9184,0.00020,28.936,51.939,58.885,29.383,45463.2,0.0,14404.9,8780.9,10.0,541.0,0.0,0.0,0.0,0.0,0.00,sweeping:49
beir500k-f32,neg40_cat06,neg40,214755,acorn,512,1,49,0.9980,0.9796,0.00005,38.478,69.483,75.059,39.923,60667.3,0.0,20451.5,12237.3,23.0,1097.0,0.0,0.0,0.0,0.0,0.00,sweeping:49
beir500k-f32,neg40_cat06,neg40,214755,acorn,512,2,49,0.9980,0.9796,0.00005,38.695,70.305,74.293,40.099,60667.3,0.0,20451.5,12237.3,23.0,1097.0,0.0,0.0,0.0,0.0,0.00,sweeping:49
beir500k-f32,neg40_cat06,neg40,214755,acorn,512,3,49,0.9980,0.9796,0.00005,38.774,69.848,74.370,40.182,60667.3,0.0,20451.5,12237.3,23.0,1097.0,0.0,0.0,0.0,0.0,0.00,sweeping:49
beir500k-f32,neg40_cat06,neg40,214755,pathseer,64,1,49,0.9490,0.6735,0.00115,3.690,12.284,13.022,4.384,4527.5,0.0,17467.0,2251.4,3.0,149.0,145.0,7.9,11384.6,2.3,0.00,pathseer:49
beir500k-f32,neg40_cat06,neg40,214755,pathseer,64,2,49,0.9490,0.6735,0.00115,3.835,11.995,12.461,4.335,4527.5,0.0,17467.0,2251.4,3.0,149.0,145.0,7.9,11384.6,2.3,0.00,pathseer:49
beir500k-f32,neg40_cat06,neg40,214755,pathseer,64,3,49,0.9490,0.6735,0.00115,3.647,12.023,12.401,4.337,4527.5,0.0,17467.0,2251.4,3.0,149.0,145.0,7.9,11384.6,2.3,0.00,pathseer:49
beir500k-f32,neg40_cat06,neg40,214755,pathseer,128,1,49,0.9714,0.7755,0.00054,6.082,16.612,16.773,7.032,7489.1,0.0,24657.9,3532.2,5.0,282.0,273.0,16.0,14945.5,4.3,0.00,pathseer:49
beir500k-f32,neg40_cat06,neg40,214755,pathseer,128,2,49,0.9714,0.7755,0.00054,6.205,16.724,16.941,7.002,7489.1,0.0,24657.9,3532.2,5.0,282.0,273.0,16.0,14945.5,4.3,0.00,pathseer:49
beir500k-f32,neg40_cat06,neg40,214755,pathseer,128,3,49,0.9714,0.7755,0.00054,6.164,16.823,17.487,7.052,7489.1,0.0,24657.9,3532.2,5.0,282.0,273.0,16.0,14945.5,4.3,0.00,pathseer:49
beir500k-f32,neg40_cat06,neg40,214755,pathseer,256,1,49,0.9878,0.8776,0.00028,9.990,22.741,24.457,11.366,12249.9,0.0,34639.9,5487.8,9.0,514.0,535.5,34.2,19309.1,8.4,0.00,pathseer:49
beir500k-f32,neg40_cat06,neg40,214755,pathseer,256,2,49,0.9878,0.8776,0.00028,9.995,22.939,24.259,11.327,12249.9,0.0,34639.9,5487.8,9.0,514.0,535.5,34.2,19309.1,8.4,0.00,pathseer:49
beir500k-f32,neg40_cat06,neg40,214755,pathseer,256,3,49,0.9878,0.8776,0.00028,10.111,23.510,24.219,11.450,12249.9,0.0,34639.9,5487.8,9.0,514.0,535.5,34.2,19309.1,8.4,0.00,pathseer:49
beir500k-f32,neg40_cat06,neg40,214755,pathseer,512,1,49,0.9939,0.9388,0.00012,17.350,33.243,34.960,18.107,19871.8,0.0,48460.4,8358.1,19.0,1066.0,1154.6,72.0,24521.4,18.0,0.00,pathseer:49
beir500k-f32,neg40_cat06,neg40,214755,pathseer,512,2,49,0.9939,0.9388,0.00012,17.620,32.966,35.690,18.214,19871.8,0.0,48460.4,8358.1,19.0,1066.0,1154.6,72.0,24521.4,18.0,0.00,pathseer:49
beir500k-f32,neg40_cat06,neg40,214755,pathseer,512,3,49,0.9939,0.9388,0.00012,17.917,33.422,35.917,18.495,19871.8,0.0,48460.4,8358.1,19.0,1066.0,1154.6,72.0,24521.4,18.0,0.00,pathseer:49
beir500k-f32,neg40_cat07,neg40,227993,sweeping,64,1,41,0.9927,0.9268,0.00023,5.656,12.766,15.353,6.447,11549.1,0.0,1949.9,982.0,3.0,21.0,0.0,0.0,0.0,0.0,0.00,sweeping:41
beir500k-f32,neg40_cat07,neg40,227993,sweeping,64,2,41,0.9927,0.9268,0.00023,5.386,12.463,14.816,6.289,11549.1,0.0,1949.9,982.0,3.0,21.0,0.0,0.0,0.0,0.0,0.00,sweeping:41
beir500k-f32,neg40_cat07,neg40,227993,sweeping,64,3,41,0.9927,0.9268,0.00023,5.492,12.300,14.689,6.246,11549.1,0.0,1949.9,982.0,3.0,21.0,0.0,0.0,0.0,0.0,0.00,sweeping:41
beir500k-f32,neg40_cat07,neg40,227993,sweeping,128,1,41,0.9976,0.9756,0.00009,8.743,17.489,20.483,9.260,16936.5,0.0,3092.0,1546.0,5.0,43.0,0.0,0.0,0.0,0.0,0.00,sweeping:41
beir500k-f32,neg40_cat07,neg40,227993,sweeping,128,2,41,0.9976,0.9756,0.00009,8.587,17.401,20.753,9.224,16936.5,0.0,3092.0,1546.0,5.0,43.0,0.0,0.0,0.0,0.0,0.00,sweeping:41
beir500k-f32,neg40_cat07,neg40,227993,sweeping,128,3,41,0.9976,0.9756,0.00009,8.826,17.217,21.989,9.300,16936.5,0.0,3092.0,1546.0,5.0,43.0,0.0,0.0,0.0,0.0,0.00,sweeping:41
beir500k-f32,neg40_cat07,neg40,227993,sweeping,256,1,41,1.0000,1.0000,0.00000,13.143,25.023,29.822,14.058,24876.4,0.0,4917.6,2443.1,9.0,87.0,0.0,0.0,0.0,0.0,0.00,sweeping:41
beir500k-f32,neg40_cat07,neg40,227993,sweeping,256,2,41,1.0000,1.0000,0.00000,13.157,24.598,29.563,13.980,24876.4,0.0,4917.6,2443.1,9.0,87.0,0.0,0.0,0.0,0.0,0.00,sweeping:41
beir500k-f32,neg40_cat07,neg40,227993,sweeping,256,3,41,1.0000,1.0000,0.00000,13.325,24.902,29.262,13.911,24876.4,0.0,4917.6,2443.1,9.0,87.0,0.0,0.0,0.0,0.0,0.00,sweeping:41
beir500k-f32,neg40_cat07,neg40,227993,sweeping,512,1,41,1.0000,1.0000,0.00000,19.455,34.019,39.663,20.684,36407.5,0.0,7780.7,3848.6,19.0,188.0,0.0,0.0,0.0,0.0,0.00,sweeping:41
beir500k-f32,neg40_cat07,neg40,227993,sweeping,512,2,41,1.0000,1.0000,0.00000,19.393,34.052,39.867,20.489,36407.5,0.0,7780.7,3848.6,19.0,188.0,0.0,0.0,0.0,0.0,0.00,sweeping:41
beir500k-f32,neg40_cat07,neg40,227993,sweeping,512,3,41,1.0000,1.0000,0.00000,19.539,34.413,39.269,20.528,36407.5,0.0,7780.7,3848.6,19.0,188.0,0.0,0.0,0.0,0.0,0.00,sweeping:41
beir500k-f32,neg40_cat07,neg40,227993,acorn,64,1,41,0.9927,0.9268,0.00023,5.265,13.016,14.708,6.209,11549.1,0.0,1949.9,982.0,3.0,21.0,0.0,0.0,0.0,0.0,0.00,sweeping:41
beir500k-f32,neg40_cat07,neg40,227993,acorn,64,2,41,0.9927,0.9268,0.00023,5.308,11.999,14.620,6.090,11549.1,0.0,1949.9,982.0,3.0,21.0,0.0,0.0,0.0,0.0,0.00,sweeping:41
beir500k-f32,neg40_cat07,neg40,227993,acorn,64,3,41,0.9927,0.9268,0.00023,5.272,12.129,14.493,6.086,11549.1,0.0,1949.9,982.0,3.0,21.0,0.0,0.0,0.0,0.0,0.00,sweeping:41
beir500k-f32,neg40_cat07,neg40,227993,acorn,128,1,41,0.9976,0.9756,0.00009,8.584,17.398,20.268,9.194,16936.5,0.0,3092.0,1546.0,5.0,43.0,0.0,0.0,0.0,0.0,0.00,sweeping:41
beir500k-f32,neg40_cat07,neg40,227993,acorn,128,2,41,0.9976,0.9756,0.00009,8.487,17.434,19.972,9.124,16936.5,0.0,3092.0,1546.0,5.0,43.0,0.0,0.0,0.0,0.0,0.00,sweeping:41
beir500k-f32,neg40_cat07,neg40,227993,acorn,128,3,41,0.9976,0.9756,0.00009,8.689,17.601,19.964,9.225,16936.5,0.0,3092.0,1546.0,5.0,43.0,0.0,0.0,0.0,0.0,0.00,sweeping:41
beir500k-f32,neg40_cat07,neg40,227993,acorn,256,1,41,1.0000,1.0000,0.00000,12.688,23.877,28.804,13.670,24876.4,0.0,4917.6,2443.1,9.0,87.0,0.0,0.0,0.0,0.0,0.00,sweeping:41
beir500k-f32,neg40_cat07,neg40,227993,acorn,256,2,41,1.0000,1.0000,0.00000,12.706,23.773,29.108,13.687,24876.4,0.0,4917.6,2443.1,9.0,87.0,0.0,0.0,0.0,0.0,0.00,sweeping:41
beir500k-f32,neg40_cat07,neg40,227993,acorn,256,3,41,1.0000,1.0000,0.00000,13.403,23.978,29.048,13.801,24876.4,0.0,4917.6,2443.1,9.0,87.0,0.0,0.0,0.0,0.0,0.00,sweeping:41
beir500k-f32,neg40_cat07,neg40,227993,acorn,512,1,41,1.0000,1.0000,0.00000,19.390,36.365,54.273,21.106,36407.5,0.0,7780.7,3848.6,19.0,188.0,0.0,0.0,0.0,0.0,0.00,sweeping:41
beir500k-f32,neg40_cat07,neg40,227993,acorn,512,2,41,1.0000,1.0000,0.00000,19.442,33.883,39.349,20.576,36407.5,0.0,7780.7,3848.6,19.0,188.0,0.0,0.0,0.0,0.0,0.00,sweeping:41
beir500k-f32,neg40_cat07,neg40,227993,acorn,512,3,41,1.0000,1.0000,0.00000,19.388,33.906,39.322,20.470,36407.5,0.0,7780.7,3848.6,19.0,188.0,0.0,0.0,0.0,0.0,0.00,sweeping:41
beir500k-f32,neg40_cat07,neg40,227993,pathseer,64,1,41,0.9707,0.7561,0.00066,1.413,2.882,3.014,1.584,2374.5,0.0,5417.0,380.8,3.0,17.0,115.5,27.1,3681.7,1.8,0.00,pathseer:41
beir500k-f32,neg40_cat07,neg40,227993,pathseer,64,2,41,0.9707,0.7561,0.00066,1.412,2.900,3.094,1.583,2374.5,0.0,5417.0,380.8,3.0,17.0,115.5,27.1,3681.7,1.8,0.00,pathseer:41
beir500k-f32,neg40_cat07,neg40,227993,pathseer,64,3,41,0.9707,0.7561,0.00066,1.405,2.879,3.025,1.579,2374.5,0.0,5417.0,380.8,3.0,17.0,115.5,27.1,3681.7,1.8,0.00,pathseer:41
beir500k-f32,neg40_cat07,neg40,227993,pathseer,128,1,41,0.9902,0.9268,0.00020,2.661,5.119,5.612,2.986,4316.5,0.0,8877.7,704.2,4.0,31.0,193.6,47.3,5740.8,3.0,0.00,pathseer:41
beir500k-f32,neg40_cat07,neg40,227993,pathseer,128,2,41,0.9902,0.9268,0.00020,2.542,4.806,5.116,2.865,4316.5,0.0,8877.7,704.2,4.0,31.0,193.6,47.3,5740.8,3.0,0.00,pathseer:41
beir500k-f32,neg40_cat07,neg40,227993,pathseer,128,3,41,0.9902,0.9268,0.00020,2.614,4.809,5.075,2.867,4316.5,0.0,8877.7,704.2,4.0,31.0,193.6,47.3,5740.8,3.0,0.00,pathseer:41
beir500k-f32,neg40_cat07,neg40,227993,pathseer,256,1,41,0.9976,0.9756,0.00004,4.480,8.089,8.487,4.941,7466.6,0.0,13764.3,1235.8,7.0,64.0,376.2,90.6,8434.7,5.9,0.00,pathseer:41
beir500k-f32,neg40_cat07,neg40,227993,pathseer,256,2,41,0.9976,0.9756,0.00004,4.476,8.094,8.366,4.944,7466.6,0.0,13764.3,1235.8,7.0,64.0,376.2,90.6,8434.7,5.9,0.00,pathseer:41
beir500k-f32,neg40_cat07,neg40,227993,pathseer,256,3,41,0.9976,0.9756,0.00004,4.605,8.173,8.347,4.954,7466.6,0.0,13764.3,1235.8,7.0,64.0,376.2,90.6,8434.7,5.9,0.00,pathseer:41
beir500k-f32,neg40_cat07,neg40,227993,pathseer,512,1,41,1.0000,1.0000,0.00000,8.222,12.831,13.979,8.656,12873.2,0.0,21472.2,2172.5,13.0,122.0,835.1,176.0,12213.2,13.0,0.00,pathseer:41
beir500k-f32,neg40_cat07,neg40,227993,pathseer,512,2,41,1.0000,1.0000,0.00000,8.259,13.149,14.220,8.753,12873.2,0.0,21472.2,2172.5,13.0,122.0,835.1,176.0,12213.2,13.0,0.00,pathseer:41
beir500k-f32,neg40_cat07,neg40,227993,pathseer,512,3,41,1.0000,1.0000,0.00000,8.189,13.232,13.923,8.625,12873.2,0.0,21472.2,2172.5,13.0,122.0,835.1,176.0,12213.2,13.0,0.00,pathseer:41
beir500k-f32,neg40_cat08,neg40,220050,sweeping,64,1,52,0.9923,0.9423,0.00013,10.971,21.569,22.642,12.021,19722.8,0.0,5336.6,3292.4,3.0,67.0,0.0,0.0,0.0,0.0,0.00,sweeping:52
beir500k-f32,neg40_cat08,neg40,220050,sweeping,64,2,52,0.9923,0.9423,0.00013,11.138,22.425,22.800,12.305,19722.8,0.0,5336.6,3292.4,3.0,67.0,0.0,0.0,0.0,0.0,0.00,sweeping:52
beir500k-f32,neg40_cat08,neg40,220050,sweeping,64,3,52,0.9923,0.9423,0.00013,11.120,21.809,22.359,12.001,19722.8,0.0,5336.6,3292.4,3.0,67.0,0.0,0.0,0.0,0.0,0.00,sweeping:52
beir500k-f32,neg40_cat08,neg40,220050,sweeping,128,1,52,0.9981,0.9808,0.00003,15.140,27.000,27.237,15.953,25067.9,0.0,7534.1,4700.2,5.0,146.0,0.0,0.0,0.0,0.0,0.00,sweeping:52
beir500k-f32,neg40_cat08,neg40,220050,sweeping,128,2,52,0.9981,0.9808,0.00003,15.229,26.006,27.413,15.909,25067.9,0.0,7534.1,4700.2,5.0,146.0,0.0,0.0,0.0,0.0,0.00,sweeping:52
beir500k-f32,neg40_cat08,neg40,220050,sweeping,128,3,52,0.9981,0.9808,0.00003,15.187,26.117,27.378,15.975,25067.9,0.0,7534.1,4700.2,5.0,146.0,0.0,0.0,0.0,0.0,0.00,sweeping:52
beir500k-f32,neg40_cat08,neg40,220050,sweeping,256,1,52,1.0000,1.0000,0.00000,21.757,33.378,34.530,21.346,32316.2,0.0,10475.4,6648.7,10.0,286.0,0.0,0.0,0.0,0.0,0.00,sweeping:52
beir500k-f32,neg40_cat08,neg40,220050,sweeping,256,2,52,1.0000,1.0000,0.00000,21.818,32.447,33.491,21.219,32316.2,0.0,10475.4,6648.7,10.0,286.0,0.0,0.0,0.0,0.0,0.00,sweeping:52
beir500k-f32,neg40_cat08,neg40,220050,sweeping,256,3,52,1.0000,1.0000,0.00000,22.116,32.166,33.647,21.395,32316.2,0.0,10475.4,6648.7,10.0,286.0,0.0,0.0,0.0,0.0,0.00,sweeping:52
beir500k-f32,neg40_cat08,neg40,220050,sweeping,512,1,52,1.0000,1.0000,0.00000,29.075,40.244,40.609,28.757,42313.2,0.0,14430.6,9266.3,21.0,635.0,0.0,0.0,0.0,0.0,0.00,sweeping:52
beir500k-f32,neg40_cat08,neg40,220050,sweeping,512,2,52,1.0000,1.0000,0.00000,28.541,40.169,40.611,28.617,42313.2,0.0,14430.6,9266.3,21.0,635.0,0.0,0.0,0.0,0.0,0.00,sweeping:52
beir500k-f32,neg40_cat08,neg40,220050,sweeping,512,3,52,1.0000,1.0000,0.00000,28.836,40.180,41.597,28.654,42313.2,0.0,14430.6,9266.3,21.0,635.0,0.0,0.0,0.0,0.0,0.00,sweeping:52
beir500k-f32,neg40_cat08,neg40,220050,acorn,64,1,52,0.9923,0.9423,0.00013,10.994,21.666,22.374,11.996,19722.8,0.0,5336.6,3292.4,3.0,67.0,0.0,0.0,0.0,0.0,0.00,sweeping:52
beir500k-f32,neg40_cat08,neg40,220050,acorn,64,2,52,0.9923,0.9423,0.00013,12.642,23.757,34.410,13.210,19722.8,0.0,5336.6,3292.4,3.0,67.0,0.0,0.0,0.0,0.0,0.00,sweeping:52
beir500k-f32,neg40_cat08,neg40,220050,acorn,64,3,52,0.9923,0.9423,0.00013,10.964,21.636,22.339,11.993,19722.8,0.0,5336.6,3292.4,3.0,67.0,0.0,0.0,0.0,0.0,0.00,sweeping:52
beir500k-f32,neg40_cat08,neg40,220050,acorn,128,1,52,0.9981,0.9808,0.00003,15.171,25.890,27.486,16.024,25067.9,0.0,7534.1,4700.2,5.0,146.0,0.0,0.0,0.0,0.0,0.00,sweeping:52
beir500k-f32,neg40_cat08,neg40,220050,acorn,128,2,52,0.9981,0.9808,0.00003,15.173,25.932,27.306,15.950,25067.9,0.0,7534.1,4700.2,5.0,146.0,0.0,0.0,0.0,0.0,0.00,sweeping:52
beir500k-f32,neg40_cat08,neg40,220050,acorn,128,3,52,0.9981,0.9808,0.00003,17.182,27.014,28.871,16.664,25067.9,0.0,7534.1,4700.2,5.0,146.0,0.0,0.0,0.0,0.0,0.00,sweeping:52
beir500k-f32,neg40_cat08,neg40,220050,acorn,256,1,52,1.0000,1.0000,0.00000,21.841,32.407,33.634,21.294,32316.2,0.0,10475.4,6648.7,10.0,286.0,0.0,0.0,0.0,0.0,0.00,sweeping:52
beir500k-f32,neg40_cat08,neg40,220050,acorn,256,2,52,1.0000,1.0000,0.00000,21.856,32.262,33.736,21.229,32316.2,0.0,10475.4,6648.7,10.0,286.0,0.0,0.0,0.0,0.0,0.00,sweeping:52
beir500k-f32,neg40_cat08,neg40,220050,acorn,256,3,52,1.0000,1.0000,0.00000,21.996,32.288,34.315,21.400,32316.2,0.0,10475.4,6648.7,10.0,286.0,0.0,0.0,0.0,0.0,0.00,sweeping:52
beir500k-f32,neg40_cat08,neg40,220050,acorn,512,1,52,1.0000,1.0000,0.00000,28.513,40.087,40.651,28.626,42313.2,0.0,14430.6,9266.3,21.0,635.0,0.0,0.0,0.0,0.0,0.00,sweeping:52
beir500k-f32,neg40_cat08,neg40,220050,acorn,512,2,52,1.0000,1.0000,0.00000,28.514,40.323,41.047,28.671,42313.2,0.0,14430.6,9266.3,21.0,635.0,0.0,0.0,0.0,0.0,0.00,sweeping:52
beir500k-f32,neg40_cat08,neg40,220050,acorn,512,3,52,1.0000,1.0000,0.00000,28.999,40.768,41.116,28.950,42313.2,0.0,14430.6,9266.3,21.0,635.0,0.0,0.0,0.0,0.0,0.00,sweeping:52
beir500k-f32,neg40_cat08,neg40,220050,pathseer,64,1,52,0.9769,0.8846,0.00024,2.408,6.579,6.817,3.001,3513.2,0.0,12773.1,1272.4,3.0,55.0,131.7,17.2,8801.6,2.1,0.00,pathseer:52
beir500k-f32,neg40_cat08,neg40,220050,pathseer,64,2,52,0.9769,0.8846,0.00024,2.338,6.545,6.829,2.992,3513.2,0.0,12773.1,1272.4,3.0,55.0,131.7,17.2,8801.6,2.1,0.00,pathseer:52
beir500k-f32,neg40_cat08,neg40,220050,pathseer,64,3,52,0.9769,0.8846,0.00024,2.301,6.593,6.877,2.975,3513.2,0.0,12773.1,1272.4,3.0,55.0,131.7,17.2,8801.6,2.1,0.00,pathseer:52
beir500k-f32,neg40_cat08,neg40,220050,pathseer,128,1,52,0.9962,0.9615,0.00004,4.255,10.267,11.599,5.315,6224.5,0.0,18538.0,2308.2,5.0,100.0,227.7,29.7,11484.5,3.6,0.00,pathseer:52
beir500k-f32,neg40_cat08,neg40,220050,pathseer,128,2,52,0.9962,0.9615,0.00004,4.157,10.406,11.702,5.340,6224.5,0.0,18538.0,2308.2,5.0,100.0,227.7,29.7,11484.5,3.6,0.00,pathseer:52
beir500k-f32,neg40_cat08,neg40,220050,pathseer,128,3,52,0.9962,0.9615,0.00004,4.247,10.437,11.553,5.322,6224.5,0.0,18538.0,2308.2,5.0,100.0,227.7,29.7,11484.5,3.6,0.00,pathseer:52
beir500k-f32,neg40_cat08,neg40,220050,pathseer,256,1,52,1.0000,1.0000,0.00000,7.820,15.788,17.018,8.951,10470.3,0.0,25839.5,3826.9,8.0,230.0,445.5,56.7,14193.8,7.0,0.00,pathseer:52
beir500k-f32,neg40_cat08,neg40,220050,pathseer,256,2,52,1.0000,1.0000,0.00000,8.052,15.791,17.058,8.962,10470.3,0.0,25839.5,3826.9,8.0,230.0,445.5,56.7,14193.8,7.0,0.00,pathseer:52
beir500k-f32,neg40_cat08,neg40,220050,pathseer,256,3,52,1.0000,1.0000,0.00000,7.894,16.139,16.931,8.995,10470.3,0.0,25839.5,3826.9,8.0,230.0,445.5,56.7,14193.8,7.0,0.00,pathseer:52
beir500k-f32,neg40_cat08,neg40,220050,pathseer,512,1,52,1.0000,1.0000,0.00000,13.458,23.869,24.426,14.456,17038.2,0.0,35323.4,6073.1,16.0,507.0,953.8,111.4,16829.2,14.9,0.00,pathseer:52
beir500k-f32,neg40_cat08,neg40,220050,pathseer,512,2,52,1.0000,1.0000,0.00000,13.472,23.805,24.267,14.475,17038.2,0.0,35323.4,6073.1,16.0,507.0,953.8,111.4,16829.2,14.9,0.00,pathseer:52
beir500k-f32,neg40_cat08,neg40,220050,pathseer,512,3,52,1.0000,1.0000,0.00000,14.010,24.289,24.799,14.587,17038.2,0.0,35323.4,6073.1,16.0,507.0,953.8,111.4,16829.2,14.9,0.00,pathseer:52
beir500k-f32,neg40_cat09,neg40,211545,sweeping,64,1,55,0.9964,0.9636,0.00004,20.910,34.013,36.922,20.242,30053.6,0.0,9583.7,6746.5,3.0,215.0,0.0,0.0,0.0,0.0,0.00,sweeping:55
beir500k-f32,neg40_cat09,neg40,211545,sweeping,64,2,55,0.9964,0.9636,0.00004,20.871,32.800,36.793,20.137,30053.6,0.0,9583.7,6746.5,3.0,215.0,0.0,0.0,0.0,0.0,0.00,sweeping:55
beir500k-f32,neg40_cat09,neg40,211545,sweeping,64,3,55,0.9964,0.9636,0.00004,21.709,33.196,38.092,20.295,30053.6,0.0,9583.7,6746.5,3.0,215.0,0.0,0.0,0.0,0.0,0.00,sweeping:55
beir500k-f32,neg40_cat09,neg40,211545,sweeping,128,1,55,1.0000,1.0000,0.00000,27.646,40.027,42.788,25.704,37108.6,0.0,12939.3,9091.5,5.0,408.0,0.0,0.0,0.0,0.0,0.00,sweeping:55
beir500k-f32,neg40_cat09,neg40,211545,sweeping,128,2,55,1.0000,1.0000,0.00000,27.538,41.703,42.907,25.816,37108.6,0.0,12939.3,9091.5,5.0,408.0,0.0,0.0,0.0,0.0,0.00,sweeping:55
beir500k-f32,neg40_cat09,neg40,211545,sweeping,128,3,55,1.0000,1.0000,0.00000,27.509,40.096,43.224,25.779,37108.6,0.0,12939.3,9091.5,5.0,408.0,0.0,0.0,0.0,0.0,0.00,sweeping:55
beir500k-f32,neg40_cat09,neg40,211545,sweeping,256,1,55,1.0000,1.0000,0.00000,34.703,49.034,50.067,32.900,45945.0,0.0,17141.4,12110.3,10.0,784.0,0.0,0.0,0.0,0.0,0.00,sweeping:55
beir500k-f32,neg40_cat09,neg40,211545,sweeping,256,2,55,1.0000,1.0000,0.00000,33.932,48.602,49.039,32.766,45945.0,0.0,17141.4,12110.3,10.0,784.0,0.0,0.0,0.0,0.0,0.00,sweeping:55
beir500k-f32,neg40_cat09,neg40,211545,sweeping,256,3,55,1.0000,1.0000,0.00000,33.859,48.516,49.062,32.821,45945.0,0.0,17141.4,12110.3,10.0,784.0,0.0,0.0,0.0,0.0,0.00,sweeping:55
beir500k-f32,neg40_cat09,neg40,211545,sweeping,512,1,55,1.0000,1.0000,0.00000,44.486,58.273,58.746,41.711,57162.7,0.0,22351.5,15749.3,23.0,1522.0,0.0,0.0,0.0,0.0,0.00,sweeping:55
beir500k-f32,neg40_cat09,neg40,211545,sweeping,512,2,55,1.0000,1.0000,0.00000,44.237,58.122,59.933,41.885,57162.7,0.0,22351.5,15749.3,23.0,1522.0,0.0,0.0,0.0,0.0,0.00,sweeping:55
beir500k-f32,neg40_cat09,neg40,211545,sweeping,512,3,55,1.0000,1.0000,0.00000,43.170,58.368,60.152,41.753,57162.7,0.0,22351.5,15749.3,23.0,1522.0,0.0,0.0,0.0,0.0,0.00,sweeping:55
beir500k-f32,neg40_cat09,neg40,211545,acorn,64,1,55,0.9964,0.9636,0.00004,20.995,34.445,37.177,20.191,30053.6,0.0,9583.7,6746.5,3.0,215.0,0.0,0.0,0.0,0.0,0.00,sweeping:55
beir500k-f32,neg40_cat09,neg40,211545,acorn,64,2,55,0.9964,0.9636,0.00004,21.167,34.587,38.102,20.574,30053.6,0.0,9583.7,6746.5,3.0,215.0,0.0,0.0,0.0,0.0,0.00,sweeping:55
beir500k-f32,neg40_cat09,neg40,211545,acorn,64,3,55,0.9964,0.9636,0.00004,21.254,32.560,37.438,20.129,30053.6,0.0,9583.7,6746.5,3.0,215.0,0.0,0.0,0.0,0.0,0.00,sweeping:55
beir500k-f32,neg40_cat09,neg40,211545,acorn,128,1,55,1.0000,1.0000,0.00000,27.546,40.074,42.739,25.955,37108.6,0.0,12939.3,9091.5,5.0,408.0,0.0,0.0,0.0,0.0,0.00,sweeping:55
beir500k-f32,neg40_cat09,neg40,211545,acorn,128,2,55,1.0000,1.0000,0.00000,27.668,39.706,42.358,25.724,37108.6,0.0,12939.3,9091.5,5.0,408.0,0.0,0.0,0.0,0.0,0.00,sweeping:55
beir500k-f32,neg40_cat09,neg40,211545,acorn,128,3,55,1.0000,1.0000,0.00000,27.431,39.923,42.181,25.656,37108.6,0.0,12939.3,9091.5,5.0,408.0,0.0,0.0,0.0,0.0,0.00,sweeping:55
beir500k-f32,neg40_cat09,neg40,211545,acorn,256,1,55,1.0000,1.0000,0.00000,33.984,48.550,49.178,32.808,45945.0,0.0,17141.4,12110.3,10.0,784.0,0.0,0.0,0.0,0.0,0.00,sweeping:55
beir500k-f32,neg40_cat09,neg40,211545,acorn,256,2,55,1.0000,1.0000,0.00000,34.264,48.827,50.051,33.160,45945.0,0.0,17141.4,12110.3,10.0,784.0,0.0,0.0,0.0,0.0,0.00,sweeping:55
beir500k-f32,neg40_cat09,neg40,211545,acorn,256,3,55,1.0000,1.0000,0.00000,34.261,48.260,49.123,32.900,45945.0,0.0,17141.4,12110.3,10.0,784.0,0.0,0.0,0.0,0.0,0.00,sweeping:55
beir500k-f32,neg40_cat09,neg40,211545,acorn,512,1,55,1.0000,1.0000,0.00000,43.488,58.604,59.276,41.920,57162.7,0.0,22351.5,15749.3,23.0,1522.0,0.0,0.0,0.0,0.0,0.00,sweeping:55
beir500k-f32,neg40_cat09,neg40,211545,acorn,512,2,55,1.0000,1.0000,0.00000,44.492,57.950,58.547,41.723,57162.7,0.0,22351.5,15749.3,23.0,1522.0,0.0,0.0,0.0,0.0,0.00,sweeping:55
beir500k-f32,neg40_cat09,neg40,211545,acorn,512,3,55,1.0000,1.0000,0.00000,43.430,58.162,58.809,41.794,57162.7,0.0,22351.5,15749.3,23.0,1522.0,0.0,0.0,0.0,0.0,0.00,sweeping:55
beir500k-f32,neg40_cat09,neg40,211545,pathseer,64,1,55,0.9745,0.7818,0.00040,4.735,8.981,10.800,4.952,5056.2,0.0,19999.3,2532.1,3.0,215.0,148.9,10.1,13158.9,2.3,0.00,pathseer:55
beir500k-f32,neg40_cat09,neg40,211545,pathseer,64,2,55,0.9745,0.7818,0.00040,4.699,8.963,10.920,4.968,5056.2,0.0,19999.3,2532.1,3.0,215.0,148.9,10.1,13158.9,2.3,0.00,pathseer:55
beir500k-f32,neg40_cat09,neg40,211545,pathseer,64,3,55,0.9745,0.7818,0.00040,4.828,9.359,10.800,5.050,5056.2,0.0,19999.3,2532.1,3.0,215.0,148.9,10.1,13158.9,2.3,0.00,pathseer:55
beir500k-f32,neg40_cat09,neg40,211545,pathseer,128,1,55,0.9927,0.9273,0.00011,7.563,14.204,14.598,7.948,8243.8,0.0,27138.7,3974.0,5.0,383.0,263.0,17.3,16340.3,4.1,0.00,pathseer:55
beir500k-f32,neg40_cat09,neg40,211545,pathseer,128,2,55,0.9927,0.9273,0.00011,7.484,14.176,14.540,7.993,8243.8,0.0,27138.7,3974.0,5.0,383.0,263.0,17.3,16340.3,4.1,0.00,pathseer:55
beir500k-f32,neg40_cat09,neg40,211545,pathseer,128,3,55,0.9927,0.9273,0.00011,7.622,14.287,15.111,7.928,8243.8,0.0,27138.7,3974.0,5.0,383.0,263.0,17.3,16340.3,4.1,0.00,pathseer:55
beir500k-f32,neg40_cat09,neg40,211545,pathseer,256,1,55,0.9982,0.9818,0.00002,12.122,20.522,21.076,12.574,13201.9,0.0,36310.3,6127.1,9.0,732.0,528.3,34.1,19544.3,8.3,0.00,pathseer:55
beir500k-f32,neg40_cat09,neg40,211545,pathseer,256,2,55,0.9982,0.9818,0.00002,12.185,20.626,21.253,12.582,13201.9,0.0,36310.3,6127.1,9.0,732.0,528.3,34.1,19544.3,8.3,0.00,pathseer:55
beir500k-f32,neg40_cat09,neg40,211545,pathseer,256,3,55,0.9982,0.9818,0.00002,12.249,20.394,21.268,12.609,13201.9,0.0,36310.3,6127.1,9.0,732.0,528.3,34.1,19544.3,8.3,0.00,pathseer:55
beir500k-f32,neg40_cat09,neg40,211545,pathseer,512,1,55,0.9982,0.9818,0.00002,21.131,30.259,30.365,19.844,21162.5,0.0,48594.2,9422.7,20.0,1416.0,1192.7,78.0,22386.4,18.6,0.00,pathseer:55
beir500k-f32,neg40_cat09,neg40,211545,pathseer,512,2,55,0.9982,0.9818,0.00002,21.289,30.263,31.059,19.873,21162.5,0.0,48594.2,9422.7,20.0,1416.0,1192.7,78.0,22386.4,18.6,0.00,pathseer:55
beir500k-f32,neg40_cat09,neg40,211545,pathseer,512,3,55,0.9982,0.9818,0.00002,21.263,30.297,30.355,19.840,21162.5,0.0,48594.2,9422.7,20.0,1416.0,1192.7,78.0,22386.4,18.6,0.00,pathseer:55
beir500k-f32,neg40_cat10,neg40,228898,sweeping,64,1,50,0.9800,0.8000,0.00014,5.973,11.687,14.215,6.253,11475.9,0.0,2140.0,1109.3,4.0,25.0,0.0,0.0,0.0,0.0,0.00,sweeping:50
beir500k-f32,neg40_cat10,neg40,228898,sweeping,64,2,50,0.9800,0.8000,0.00014,5.680,11.933,14.505,6.171,11475.9,0.0,2140.0,1109.3,4.0,25.0,0.0,0.0,0.0,0.0,0.00,sweeping:50
beir500k-f32,neg40_cat10,neg40,228898,sweeping,64,3,50,0.9800,0.8000,0.00014,5.773,11.902,14.582,6.256,11475.9,0.0,2140.0,1109.3,4.0,25.0,0.0,0.0,0.0,0.0,0.00,sweeping:50
beir500k-f32,neg40_cat10,neg40,228898,sweeping,128,1,50,0.9940,0.9400,0.00007,8.678,15.605,18.692,8.928,16060.2,0.0,3303.3,1752.0,5.0,51.0,0.0,0.0,0.0,0.0,0.00,sweeping:50
beir500k-f32,neg40_cat10,neg40,228898,sweeping,128,2,50,0.9940,0.9400,0.00007,8.617,15.778,18.645,9.043,16060.2,0.0,3303.3,1752.0,5.0,51.0,0.0,0.0,0.0,0.0,0.00,sweeping:50
beir500k-f32,neg40_cat10,neg40,228898,sweeping,128,3,50,0.9940,0.9400,0.00007,8.625,15.417,18.672,8.919,16060.2,0.0,3303.3,1752.0,5.0,51.0,0.0,0.0,0.0,0.0,0.00,sweeping:50
beir500k-f32,neg40_cat10,neg40,228898,sweeping,256,1,50,0.9980,0.9800,0.00004,12.518,20.296,23.360,12.926,22437.8,0.0,5096.0,2743.1,10.0,104.0,0.0,0.0,0.0,0.0,0.00,sweeping:50
beir500k-f32,neg40_cat10,neg40,228898,sweeping,256,2,50,0.9980,0.9800,0.00004,12.656,20.253,23.345,13.016,22437.8,0.0,5096.0,2743.1,10.0,104.0,0.0,0.0,0.0,0.0,0.00,sweeping:50
beir500k-f32,neg40_cat10,neg40,228898,sweeping,256,3,50,0.9980,0.9800,0.00004,12.707,20.200,23.430,12.981,22437.8,0.0,5096.0,2743.1,10.0,104.0,0.0,0.0,0.0,0.0,0.00,sweeping:50
beir500k-f32,neg40_cat10,neg40,228898,sweeping,512,1,50,1.0000,1.0000,0.00000,18.730,27.110,30.649,18.894,31564.5,0.0,7864.2,4359.3,22.0,230.0,0.0,0.0,0.0,0.0,0.00,sweeping:50
beir500k-f32,neg40_cat10,neg40,228898,sweeping,512,2,50,1.0000,1.0000,0.00000,18.662,27.020,30.630,18.893,31564.5,0.0,7864.2,4359.3,22.0,230.0,0.0,0.0,0.0,0.0,0.00,sweeping:50
beir500k-f32,neg40_cat10,neg40,228898,sweeping,512,3,50,1.0000,1.0000,0.00000,18.519,27.171,30.486,18.964,31564.5,0.0,7864.2,4359.3,22.0,230.0,0.0,0.0,0.0,0.0,0.00,sweeping:50
beir500k-f32,neg40_cat10,neg40,228898,acorn,64,1,50,0.9800,0.8000,0.00014,5.706,11.894,14.247,6.156,11475.9,0.0,2140.0,1109.3,4.0,25.0,0.0,0.0,0.0,0.0,0.00,sweeping:50
beir500k-f32,neg40_cat10,neg40,228898,acorn,64,2,50,0.9800,0.8000,0.00014,5.744,11.987,14.528,6.232,11475.9,0.0,2140.0,1109.3,4.0,25.0,0.0,0.0,0.0,0.0,0.00,sweeping:50
beir500k-f32,neg40_cat10,neg40,228898,acorn,64,3,50,0.9800,0.8000,0.00014,5.734,11.808,14.332,6.171,11475.9,0.0,2140.0,1109.3,4.0,25.0,0.0,0.0,0.0,0.0,0.00,sweeping:50
beir500k-f32,neg40_cat10,neg40,228898,acorn,128,1,50,0.9940,0.9400,0.00007,8.698,15.566,19.192,9.128,16060.2,0.0,3303.3,1752.0,5.0,51.0,0.0,0.0,0.0,0.0,0.00,sweeping:50
beir500k-f32,neg40_cat10,neg40,228898,acorn,128,2,50,0.9940,0.9400,0.00007,8.650,15.488,18.758,8.924,16060.2,0.0,3303.3,1752.0,5.0,51.0,0.0,0.0,0.0,0.0,0.00,sweeping:50
beir500k-f32,neg40_cat10,neg40,228898,acorn,128,3,50,0.9940,0.9400,0.00007,8.564,15.498,18.528,8.904,16060.2,0.0,3303.3,1752.0,5.0,51.0,0.0,0.0,0.0,0.0,0.00,sweeping:50
beir500k-f32,neg40_cat10,neg40,228898,acorn,256,1,50,0.9980,0.9800,0.00004,12.554,20.299,23.417,12.942,22437.8,0.0,5096.0,2743.1,10.0,104.0,0.0,0.0,0.0,0.0,0.00,sweeping:50
beir500k-f32,neg40_cat10,neg40,228898,acorn,256,2,50,0.9980,0.9800,0.00004,12.617,20.186,23.393,12.927,22437.8,0.0,5096.0,2743.1,10.0,104.0,0.0,0.0,0.0,0.0,0.00,sweeping:50
beir500k-f32,neg40_cat10,neg40,228898,acorn,256,3,50,0.9980,0.9800,0.00004,13.248,20.260,23.374,13.038,22437.8,0.0,5096.0,2743.1,10.0,104.0,0.0,0.0,0.0,0.0,0.00,sweeping:50
beir500k-f32,neg40_cat10,neg40,228898,acorn,512,1,50,1.0000,1.0000,0.00000,18.565,27.128,33.063,19.008,31564.5,0.0,7864.2,4359.3,22.0,230.0,0.0,0.0,0.0,0.0,0.00,sweeping:50
beir500k-f32,neg40_cat10,neg40,228898,acorn,512,2,50,1.0000,1.0000,0.00000,18.743,26.974,30.435,18.897,31564.5,0.0,7864.2,4359.3,22.0,230.0,0.0,0.0,0.0,0.0,0.00,sweeping:50
beir500k-f32,neg40_cat10,neg40,228898,acorn,512,3,50,1.0000,1.0000,0.00000,18.588,27.346,30.986,19.027,31564.5,0.0,7864.2,4359.3,22.0,230.0,0.0,0.0,0.0,0.0,0.00,sweeping:50
beir500k-f32,neg40_cat10,neg40,228898,pathseer,64,1,50,0.9740,0.7800,0.00041,1.494,2.657,2.803,1.597,2315.6,0.0,5466.8,373.4,3.0,17.0,122.9,27.4,3728.1,1.9,0.00,pathseer:50
beir500k-f32,neg40_cat10,neg40,228898,pathseer,64,2,50,0.9740,0.7800,0.00041,1.539,2.547,2.705,1.554,2315.6,0.0,5466.8,373.4,3.0,17.0,122.9,27.4,3728.1,1.9,0.00,pathseer:50
beir500k-f32,neg40_cat10,neg40,228898,pathseer,64,3,50,0.9740,0.7800,0.00041,1.517,2.668,2.768,1.564,2315.6,0.0,5466.8,373.4,3.0,17.0,122.9,27.4,3728.1,1.9,0.00,pathseer:50
beir500k-f32,neg40_cat10,neg40,228898,pathseer,128,1,50,0.9940,0.9400,0.00007,2.700,4.526,4.749,2.751,4051.9,0.0,8762.5,708.2,4.0,33.0,211.2,45.4,5667.4,3.3,0.00,pathseer:50
beir500k-f32,neg40_cat10,neg40,228898,pathseer,128,2,50,0.9940,0.9400,0.00007,2.689,4.456,4.720,2.749,4051.9,0.0,8762.5,708.2,4.0,33.0,211.2,45.4,5667.4,3.3,0.00,pathseer:50
beir500k-f32,neg40_cat10,neg40,228898,pathseer,128,3,50,0.9940,0.9400,0.00007,2.640,4.357,4.714,2.743,4051.9,0.0,8762.5,708.2,4.0,33.0,211.2,45.4,5667.4,3.3,0.00,pathseer:50
beir500k-f32,neg40_cat10,neg40,228898,pathseer,256,1,50,0.9980,0.9800,0.00004,4.639,7.421,7.919,4.759,6963.0,0.0,13446.7,1273.2,7.0,70.0,410.9,89.3,8089.9,6.4,0.00,pathseer:50
beir500k-f32,neg40_cat10,neg40,228898,pathseer,256,2,50,0.9980,0.9800,0.00004,4.801,7.604,7.815,4.827,6963.0,0.0,13446.7,1273.2,7.0,70.0,410.9,89.3,8089.9,6.4,0.00,pathseer:50
beir500k-f32,neg40_cat10,neg40,228898,pathseer,256,3,50,0.9980,0.9800,0.00004,4.656,7.565,7.771,4.755,6963.0,0.0,13446.7,1273.2,7.0,70.0,410.9,89.3,8089.9,6.4,0.00,pathseer:50
beir500k-f32,neg40_cat10,neg40,228898,pathseer,512,1,50,1.0000,1.0000,0.00000,8.576,12.318,13.822,8.496,11929.4,0.0,20718.7,2346.0,14.0,144.0,862.7,177.7,11310.2,13.5,0.00,pathseer:50
beir500k-f32,neg40_cat10,neg40,228898,pathseer,512,2,50,1.0000,1.0000,0.00000,8.475,12.130,13.474,8.427,11929.4,0.0,20718.7,2346.0,14.0,144.0,862.7,177.7,11310.2,13.5,0.00,pathseer:50
beir500k-f32,neg40_cat10,neg40,228898,pathseer,512,3,50,1.0000,1.0000,0.00000,8.408,12.115,13.606,8.363,11929.4,0.0,20718.7,2346.0,14.0,144.0,862.7,177.7,11310.2,13.5,0.00,pathseer:50
beir500k-f32,neg40_cat11,neg40,203547,sweeping,64,1,32,0.9906,0.9062,0.00013,12.309,25.855,30.226,12.652,21069.3,0.0,4796.8,3090.9,4.0,93.0,0.0,0.0,0.0,0.0,0.00,sweeping:32
beir500k-f32,neg40_cat11,neg40,203547,sweeping,64,2,32,0.9906,0.9062,0.00013,12.276,25.832,30.423,12.611,21069.3,0.0,4796.8,3090.9,4.0,93.0,0.0,0.0,0.0,0.0,0.00,sweeping:32
beir500k-f32,neg40_cat11,neg40,203547,sweeping,64,3,32,0.9906,0.9062,0.00013,12.429,25.642,30.560,12.590,21069.3,0.0,4796.8,3090.9,4.0,93.0,0.0,0.0,0.0,0.0,0.00,sweeping:32
beir500k-f32,neg40_cat11,neg40,203547,sweeping,128,1,32,0.9969,0.9688,0.00006,18.730,34.298,40.069,17.892,28847.7,0.0,7156.8,4677.7,6.0,167.0,0.0,0.0,0.0,0.0,0.00,sweeping:32
beir500k-f32,neg40_cat11,neg40,203547,sweeping,128,2,32,0.9969,0.9688,0.00006,18.406,34.122,40.085,17.739,28847.7,0.0,7156.8,4677.7,6.0,167.0,0.0,0.0,0.0,0.0,0.00,sweeping:32
beir500k-f32,neg40_cat11,neg40,203547,sweeping,128,3,32,0.9969,0.9688,0.00006,18.838,33.673,40.329,17.788,28847.7,0.0,7156.8,4677.7,6.0,167.0,0.0,0.0,0.0,0.0,0.00,sweeping:32
beir500k-f32,neg40_cat11,neg40,203547,sweeping,256,1,32,0.9969,0.9688,0.00006,26.285,42.969,50.929,25.307,39657.3,0.0,10735.3,7037.0,11.0,396.0,0.0,0.0,0.0,0.0,0.00,sweeping:32
beir500k-f32,neg40_cat11,neg40,203547,sweeping,256,2,32,0.9969,0.9688,0.00006,26.247,42.352,50.972,24.897,39657.3,0.0,10735.3,7037.0,11.0,396.0,0.0,0.0,0.0,0.0,0.00,sweeping:32
beir500k-f32,neg40_cat11,neg40,203547,sweeping,256,3,32,0.9969,0.9688,0.00006,26.342,42.695,52.975,25.070,39657.3,0.0,10735.3,7037.0,11.0,396.0,0.0,0.0,0.0,0.0,0.00,sweeping:32
beir500k-f32,neg40_cat11,neg40,203547,sweeping,512,1,32,1.0000,1.0000,0.00000,39.355,53.957,64.580,35.264,54024.3,0.0,16068.6,10452.0,23.0,673.0,0.0,0.0,0.0,0.0,0.00,sweeping:32
beir500k-f32,neg40_cat11,neg40,203547,sweeping,512,2,32,1.0000,1.0000,0.00000,37.971,54.158,64.491,35.026,54024.3,0.0,16068.6,10452.0,23.0,673.0,0.0,0.0,0.0,0.0,0.00,sweeping:32
beir500k-f32,neg40_cat11,neg40,203547,sweeping,512,3,32,1.0000,1.0000,0.00000,38.259,56.179,64.320,35.139,54024.3,0.0,16068.6,10452.0,23.0,673.0,0.0,0.0,0.0,0.0,0.00,sweeping:32
beir500k-f32,neg40_cat11,neg40,203547,acorn,64,1,32,0.9906,0.9062,0.00013,12.181,24.986,29.881,12.393,21069.3,0.0,4796.8,3090.9,4.0,93.0,0.0,0.0,0.0,0.0,0.00,sweeping:32
beir500k-f32,neg40_cat11,neg40,203547,acorn,64,2,32,0.9906,0.9062,0.00013,12.235,25.016,30.034,12.402,21069.3,0.0,4796.8,3090.9,4.0,93.0,0.0,0.0,0.0,0.0,0.00,sweeping:32
beir500k-f32,neg40_cat11,neg40,203547,acorn,64,3,32,0.9906,0.9062,0.00013,12.145,25.022,30.058,12.540,21069.3,0.0,4796.8,3090.9,4.0,93.0,0.0,0.0,0.0,0.0,0.00,sweeping:32
beir500k-f32,neg40_cat11,neg40,203547,acorn,128,1,32,0.9969,0.9688,0.00006,18.184,33.262,39.498,17.520,28847.7,0.0,7156.8,4677.7,6.0,167.0,0.0,0.0,0.0,0.0,0.00,sweeping:32
beir500k-f32,neg40_cat11,neg40,203547,acorn,128,2,32,0.9969,0.9688,0.00006,18.341,33.429,39.619,17.531,28847.7,0.0,7156.8,4677.7,6.0,167.0,0.0,0.0,0.0,0.0,0.00,sweeping:32
beir500k-f32,neg40_cat11,neg40,203547,acorn,128,3,32,0.9969,0.9688,0.00006,18.820,33.597,39.740,17.693,28847.7,0.0,7156.8,4677.7,6.0,167.0,0.0,0.0,0.0,0.0,0.00,sweeping:32
beir500k-f32,neg40_cat11,neg40,203547,acorn,256,1,32,0.9969,0.9688,0.00006,26.469,42.488,50.635,24.887,39657.3,0.0,10735.3,7037.0,11.0,396.0,0.0,0.0,0.0,0.0,0.00,sweeping:32
beir500k-f32,neg40_cat11,neg40,203547,acorn,256,2,32,0.9969,0.9688,0.00006,26.386,42.234,50.835,25.024,39657.3,0.0,10735.3,7037.0,11.0,396.0,0.0,0.0,0.0,0.0,0.00,sweeping:32
beir500k-f32,neg40_cat11,neg40,203547,acorn,256,3,32,0.9969,0.9688,0.00006,26.261,42.312,51.836,24.973,39657.3,0.0,10735.3,7037.0,11.0,396.0,0.0,0.0,0.0,0.0,0.00,sweeping:32
beir500k-f32,neg40_cat11,neg40,203547,acorn,512,1,32,1.0000,1.0000,0.00000,38.272,53.896,64.491,35.050,54024.3,0.0,16068.6,10452.0,23.0,673.0,0.0,0.0,0.0,0.0,0.00,sweeping:32
beir500k-f32,neg40_cat11,neg40,203547,acorn,512,2,32,1.0000,1.0000,0.00000,38.307,53.969,64.949,35.328,54024.3,0.0,16068.6,10452.0,23.0,673.0,0.0,0.0,0.0,0.0,0.00,sweeping:32
beir500k-f32,neg40_cat11,neg40,203547,acorn,512,3,32,1.0000,1.0000,0.00000,38.499,53.772,64.363,35.060,54024.3,0.0,16068.6,10452.0,23.0,673.0,0.0,0.0,0.0,0.0,0.00,sweeping:32
beir500k-f32,neg40_cat11,neg40,203547,pathseer,64,1,32,0.9844,0.8438,0.00018,2.209,5.148,6.387,2.494,3030.8,0.0,11028.7,997.4,3.0,67.0,140.0,22.5,7814.9,2.2,0.00,pathseer:32
beir500k-f32,neg40_cat11,neg40,203547,pathseer,64,2,32,0.9844,0.8438,0.00018,2.299,5.140,6.372,2.633,3030.8,0.0,11028.7,997.4,3.0,67.0,140.0,22.5,7814.9,2.2,0.00,pathseer:32
beir500k-f32,neg40_cat11,neg40,203547,pathseer,64,3,32,0.9844,0.8438,0.00018,2.192,5.046,6.328,2.451,3030.8,0.0,11028.7,997.4,3.0,67.0,140.0,22.5,7814.9,2.2,0.00,pathseer:32
beir500k-f32,neg40_cat11,neg40,203547,pathseer,128,1,32,0.9969,0.9688,0.00006,4.272,8.373,10.061,4.465,5462.5,0.0,17303.1,1856.1,5.0,124.0,242.0,34.6,11509.6,3.8,0.00,pathseer:32
beir500k-f32,neg40_cat11,neg40,203547,pathseer,128,2,32,0.9969,0.9688,0.00006,4.179,8.501,9.907,4.471,5462.5,0.0,17303.1,1856.1,5.0,124.0,242.0,34.6,11509.6,3.8,0.00,pathseer:32
beir500k-f32,neg40_cat11,neg40,203547,pathseer,128,3,32,0.9969,0.9688,0.00006,4.154,8.437,9.805,4.455,5462.5,0.0,17303.1,1856.1,5.0,124.0,242.0,34.6,11509.6,3.8,0.00,pathseer:32
beir500k-f32,neg40_cat11,neg40,203547,pathseer,256,1,32,0.9969,0.9688,0.00006,7.011,14.151,15.518,7.595,9259.4,0.0,25393.6,3079.9,9.0,307.0,490.0,61.7,15857.9,7.7,0.00,pathseer:32
beir500k-f32,neg40_cat11,neg40,203547,pathseer,256,2,32,0.9969,0.9688,0.00006,7.043,13.944,15.392,7.589,9259.4,0.0,25393.6,3079.9,9.0,307.0,490.0,61.7,15857.9,7.7,0.00,pathseer:32
beir500k-f32,neg40_cat11,neg40,203547,pathseer,256,3,32,0.9969,0.9688,0.00006,6.985,14.313,15.523,7.602,9259.4,0.0,25393.6,3079.9,9.0,307.0,490.0,61.7,15857.9,7.7,0.00,pathseer:32
beir500k-f32,neg40_cat11,neg40,203547,pathseer,512,1,32,1.0000,1.0000,0.00000,12.825,22.216,26.747,12.991,15741.2,0.0,37604.2,5184.7,17.0,640.0,1066.0,127.2,21640.2,16.7,0.00,pathseer:32
beir500k-f32,neg40_cat11,neg40,203547,pathseer,512,2,32,1.0000,1.0000,0.00000,12.799,22.119,26.663,13.045,15741.2,0.0,37604.2,5184.7,17.0,640.0,1066.0,127.2,21640.2,16.7,0.00,pathseer:32
beir500k-f32,neg40_cat11,neg40,203547,pathseer,512,3,32,1.0000,1.0000,0.00000,13.018,22.514,26.659,13.131,15741.2,0.0,37604.2,5184.7,17.0,640.0,1066.0,127.2,21640.2,16.7,0.00,pathseer:32
beir500k-f32,neg40_cat12,neg40,222191,sweeping,64,1,66,0.9788,0.8636,0.00029,12.250,27.795,30.526,13.860,21447.4,0.0,6439.2,4478.3,3.0,97.0,0.0,0.0,0.0,0.0,0.00,sweeping:66
beir500k-f32,neg40_cat12,neg40,222191,sweeping,64,2,66,0.9788,0.8636,0.00029,12.354,27.971,29.993,13.857,21447.4,0.0,6439.2,4478.3,3.0,97.0,0.0,0.0,0.0,0.0,0.00,sweeping:66
beir500k-f32,neg40_cat12,neg40,222191,sweeping,64,3,66,0.9788,0.8636,0.00029,12.349,27.684,30.198,13.969,21447.4,0.0,6439.2,4478.3,3.0,97.0,0.0,0.0,0.0,0.0,0.00,sweeping:66
beir500k-f32,neg40_cat12,neg40,222191,sweeping,128,1,66,0.9909,0.9242,0.00004,16.028,31.266,34.837,17.816,26593.2,0.0,8744.3,6045.0,5.0,168.0,0.0,0.0,0.0,0.0,0.00,sweeping:66
beir500k-f32,neg40_cat12,neg40,222191,sweeping,128,2,66,0.9909,0.9242,0.00004,16.147,32.186,35.283,17.823,26593.2,0.0,8744.3,6045.0,5.0,168.0,0.0,0.0,0.0,0.0,0.00,sweeping:66
beir500k-f32,neg40_cat12,neg40,222191,sweeping,128,3,66,0.9909,0.9242,0.00004,16.093,31.887,35.117,17.769,26593.2,0.0,8744.3,6045.0,5.0,168.0,0.0,0.0,0.0,0.0,0.00,sweeping:66
beir500k-f32,neg40_cat12,neg40,222191,sweeping,256,1,66,0.9939,0.9394,0.00003,22.860,36.193,40.724,22.925,33122.2,0.0,11842.7,8158.3,11.0,335.0,0.0,0.0,0.0,0.0,0.00,sweeping:66
beir500k-f32,neg40_cat12,neg40,222191,sweeping,256,2,66,0.9939,0.9394,0.00003,22.623,36.147,41.368,22.947,33122.2,0.0,11842.7,8158.3,11.0,335.0,0.0,0.0,0.0,0.0,0.00,sweeping:66
beir500k-f32,neg40_cat12,neg40,222191,sweeping,256,3,66,0.9939,0.9394,0.00003,22.960,36.372,40.609,22.995,33122.2,0.0,11842.7,8158.3,11.0,335.0,0.0,0.0,0.0,0.0,0.00,sweeping:66
beir500k-f32,neg40_cat12,neg40,222191,sweeping,512,1,66,0.9970,0.9697,0.00001,30.896,43.833,46.410,29.699,41388.8,0.0,15931.0,11036.3,23.0,679.0,0.0,0.0,0.0,0.0,0.00,sweeping:66
beir500k-f32,neg40_cat12,neg40,222191,sweeping,512,2,66,0.9970,0.9697,0.00001,30.562,42.658,45.613,29.642,41388.8,0.0,15931.0,11036.3,23.0,679.0,0.0,0.0,0.0,0.0,0.00,sweeping:66
beir500k-f32,neg40_cat12,neg40,222191,sweeping,512,3,66,0.9970,0.9697,0.00001,30.892,42.955,46.392,29.701,41388.8,0.0,15931.0,11036.3,23.0,679.0,0.0,0.0,0.0,0.0,0.00,sweeping:66
beir500k-f32,neg40_cat12,neg40,222191,acorn,64,1,66,0.9788,0.8636,0.00029,12.386,27.850,29.717,13.920,21447.4,0.0,6439.2,4478.3,3.0,97.0,0.0,0.0,0.0,0.0,0.00,sweeping:66
beir500k-f32,neg40_cat12,neg40,222191,acorn,64,2,66,0.9788,0.8636,0.00029,12.119,28.276,30.105,13.871,21447.4,0.0,6439.2,4478.3,3.0,97.0,0.0,0.0,0.0,0.0,0.00,sweeping:66
beir500k-f32,neg40_cat12,neg40,222191,acorn,64,3,66,0.9788,0.8636,0.00029,12.165,28.057,29.852,13.913,21447.4,0.0,6439.2,4478.3,3.0,97.0,0.0,0.0,0.0,0.0,0.00,sweeping:66
beir500k-f32,neg40_cat12,neg40,222191,acorn,128,1,66,0.9909,0.9242,0.00004,16.248,31.281,35.106,17.837,26593.2,0.0,8744.3,6045.0,5.0,168.0,0.0,0.0,0.0,0.0,0.00,sweeping:66
beir500k-f32,neg40_cat12,neg40,222191,acorn,128,2,66,0.9909,0.9242,0.00004,15.978,31.276,35.153,17.773,26593.2,0.0,8744.3,6045.0,5.0,168.0,0.0,0.0,0.0,0.0,0.00,sweeping:66
beir500k-f32,neg40_cat12,neg40,222191,acorn,128,3,66,0.9909,0.9242,0.00004,16.025,31.431,35.363,17.887,26593.2,0.0,8744.3,6045.0,5.0,168.0,0.0,0.0,0.0,0.0,0.00,sweeping:66
beir500k-f32,neg40_cat12,neg40,222191,acorn,256,1,66,0.9939,0.9394,0.00003,22.669,36.921,40.422,22.991,33122.2,0.0,11842.7,8158.3,11.0,335.0,0.0,0.0,0.0,0.0,0.00,sweeping:66
beir500k-f32,neg40_cat12,neg40,222191,acorn,256,2,66,0.9939,0.9394,0.00003,22.641,36.284,40.752,22.998,33122.2,0.0,11842.7,8158.3,11.0,335.0,0.0,0.0,0.0,0.0,0.00,sweeping:66
beir500k-f32,neg40_cat12,neg40,222191,acorn,256,3,66,0.9939,0.9394,0.00003,22.650,37.907,40.397,22.968,33122.2,0.0,11842.7,8158.3,11.0,335.0,0.0,0.0,0.0,0.0,0.00,sweeping:66
beir500k-f32,neg40_cat12,neg40,222191,acorn,512,1,66,0.9970,0.9697,0.00001,30.799,42.959,45.608,29.689,41388.8,0.0,15931.0,11036.3,23.0,679.0,0.0,0.0,0.0,0.0,0.00,sweeping:66
beir500k-f32,neg40_cat12,neg40,222191,acorn,512,2,66,0.9970,0.9697,0.00001,30.664,42.783,46.643,29.701,41388.8,0.0,15931.0,11036.3,23.0,679.0,0.0,0.0,0.0,0.0,0.00,sweeping:66
beir500k-f32,neg40_cat12,neg40,222191,acorn,512,3,66,0.9970,0.9697,0.00001,30.756,43.671,48.086,29.810,41388.8,0.0,15931.0,11036.3,23.0,679.0,0.0,0.0,0.0,0.0,0.00,sweeping:66
beir500k-f32,neg40_cat12,neg40,222191,pathseer,64,1,66,0.9652,0.7727,0.00041,3.128,9.474,9.591,3.753,4022.4,0.0,14499.7,1748.9,3.0,91.0,138.7,12.3,9475.9,2.2,0.00,pathseer:66
beir500k-f32,neg40_cat12,neg40,222191,pathseer,64,2,66,0.9652,0.7727,0.00041,2.946,9.647,9.763,3.807,4022.4,0.0,14499.7,1748.9,3.0,91.0,138.7,12.3,9475.9,2.2,0.00,pathseer:66
beir500k-f32,neg40_cat12,neg40,222191,pathseer,64,3,66,0.9652,0.7727,0.00041,2.993,9.258,9.506,3.722,4022.4,0.0,14499.7,1748.9,3.0,91.0,138.7,12.3,9475.9,2.2,0.00,pathseer:66
beir500k-f32,neg40_cat12,neg40,222191,pathseer,128,1,66,0.9879,0.8939,0.00006,4.807,13.433,14.175,5.889,6495.4,0.0,19750.3,2750.5,5.0,147.0,255.0,25.8,11826.8,4.0,0.00,pathseer:66
beir500k-f32,neg40_cat12,neg40,222191,pathseer,128,2,66,0.9879,0.8939,0.00006,4.817,13.199,14.076,5.794,6495.4,0.0,19750.3,2750.5,5.0,147.0,255.0,25.8,11826.8,4.0,0.00,pathseer:66
beir500k-f32,neg40_cat12,neg40,222191,pathseer,128,3,66,0.9879,0.8939,0.00006,4.764,13.213,14.138,5.787,6495.4,0.0,19750.3,2750.5,5.0,147.0,255.0,25.8,11826.8,4.0,0.00,pathseer:66
beir500k-f32,neg40_cat12,neg40,222191,pathseer,256,1,66,0.9939,0.9394,0.00003,7.969,20.149,21.926,9.626,10414.4,0.0,26794.2,4289.2,8.0,303.0,515.9,53.7,14354.2,8.1,0.00,pathseer:66
beir500k-f32,neg40_cat12,neg40,222191,pathseer,256,2,66,0.9939,0.9394,0.00003,7.412,18.840,20.581,9.225,10414.4,0.0,26794.2,4289.2,8.0,303.0,515.9,53.7,14354.2,8.1,0.00,pathseer:66
beir500k-f32,neg40_cat12,neg40,222191,pathseer,256,3,66,0.9939,0.9394,0.00003,7.350,18.699,20.448,9.206,10414.4,0.0,26794.2,4289.2,8.0,303.0,515.9,53.7,14354.2,8.1,0.00,pathseer:66
beir500k-f32,neg40_cat12,neg40,222191,pathseer,512,1,66,0.9970,0.9697,0.00001,12.521,27.487,28.642,14.548,16488.6,0.0,36410.1,6665.8,18.0,585.0,1125.6,117.6,16916.0,17.6,0.00,pathseer:66
beir500k-f32,neg40_cat12,neg40,222191,pathseer,512,2,66,0.9970,0.9697,0.00001,12.582,27.983,29.271,14.631,16488.6,0.0,36410.1,6665.8,18.0,585.0,1125.6,117.6,16916.0,17.6,0.00,pathseer:66
beir500k-f32,neg40_cat12,neg40,222191,pathseer,512,3,66,0.9970,0.9697,0.00001,12.872,27.311,28.812,14.616,16488.6,0.0,36410.1,6665.8,18.0,585.0,1125.6,117.6,16916.0,17.6,0.00,pathseer:66
beir500k-f32,neg40_cat13,neg40,231299,sweeping,64,1,54,0.9778,0.8333,0.00028,6.932,12.926,13.465,6.868,12326.1,0.0,2550.0,1460.8,3.0,26.0,0.0,0.0,0.0,0.0,0.00,sweeping:54
beir500k-f32,neg40_cat13,neg40,231299,sweeping,64,2,54,0.9778,0.8333,0.00028,6.913,13.049,13.910,6.963,12326.1,0.0,2550.0,1460.8,3.0,26.0,0.0,0.0,0.0,0.0,0.00,sweeping:54
beir500k-f32,neg40_cat13,neg40,231299,sweeping,64,3,54,0.9778,0.8333,0.00028,6.970,12.827,13.290,6.857,12326.1,0.0,2550.0,1460.8,3.0,26.0,0.0,0.0,0.0,0.0,0.00,sweeping:54
beir500k-f32,neg40_cat13,neg40,231299,sweeping,128,1,54,0.9907,0.9259,0.00010,10.501,17.003,19.163,10.403,17193.1,0.0,3853.2,2222.8,6.0,56.0,0.0,0.0,0.0,0.0,0.00,sweeping:54
beir500k-f32,neg40_cat13,neg40,231299,sweeping,128,2,54,0.9907,0.9259,0.00010,10.386,17.004,19.448,9.940,17193.1,0.0,3853.2,2222.8,6.0,56.0,0.0,0.0,0.0,0.0,0.00,sweeping:54
beir500k-f32,neg40_cat13,neg40,231299,sweeping,128,3,54,0.9907,0.9259,0.00010,10.579,16.989,18.027,9.837,17193.1,0.0,3853.2,2222.8,6.0,56.0,0.0,0.0,0.0,0.0,0.00,sweeping:54
beir500k-f32,neg40_cat13,neg40,231299,sweeping,256,1,54,0.9963,0.9815,0.00003,15.015,22.882,24.427,14.137,23914.7,0.0,5817.6,3317.5,11.0,118.0,0.0,0.0,0.0,0.0,0.00,sweeping:54
beir500k-f32,neg40_cat13,neg40,231299,sweeping,256,2,54,0.9963,0.9815,0.00003,14.969,22.953,24.323,14.136,23914.7,0.0,5817.6,3317.5,11.0,118.0,0.0,0.0,0.0,0.0,0.00,sweeping:54
beir500k-f32,neg40_cat13,neg40,231299,sweeping,256,3,54,0.9963,0.9815,0.00003,15.090,23.199,24.072,14.134,23914.7,0.0,5817.6,3317.5,11.0,118.0,0.0,0.0,0.0,0.0,0.00,sweeping:54
beir500k-f32,neg40_cat13,neg40,231299,sweeping,512,1,54,0.9963,0.9815,0.00003,21.847,29.955,32.083,20.187,33560.6,0.0,8744.2,4932.4,23.0,248.0,0.0,0.0,0.0,0.0,0.00,sweeping:54
beir500k-f32,neg40_cat13,neg40,231299,sweeping,512,2,54,0.9963,0.9815,0.00003,21.948,30.178,31.636,20.313,33560.6,0.0,8744.2,4932.4,23.0,248.0,0.0,0.0,0.0,0.0,0.00,sweeping:54
beir500k-f32,neg40_cat13,neg40,231299,sweeping,512,3,54,0.9963,0.9815,0.00003,22.096,30.021,32.079,20.345,33560.6,0.0,8744.2,4932.4,23.0,248.0,0.0,0.0,0.0,0.0,0.00,sweeping:54
beir500k-f32,neg40_cat13,neg40,231299,acorn,64,1,54,0.9778,0.8333,0.00028,6.993,13.009,13.262,6.845,12326.1,0.0,2550.0,1460.8,3.0,26.0,0.0,0.0,0.0,0.0,0.00,sweeping:54
beir500k-f32,neg40_cat13,neg40,231299,acorn,64,2,54,0.9778,0.8333,0.00028,6.818,13.048,13.314,6.843,12326.1,0.0,2550.0,1460.8,3.0,26.0,0.0,0.0,0.0,0.0,0.00,sweeping:54
beir500k-f32,neg40_cat13,neg40,231299,acorn,64,3,54,0.9778,0.8333,0.00028,6.981,12.870,13.495,6.866,12326.1,0.0,2550.0,1460.8,3.0,26.0,0.0,0.0,0.0,0.0,0.00,sweeping:54
beir500k-f32,neg40_cat13,neg40,231299,acorn,128,1,54,0.9907,0.9259,0.00010,10.431,16.924,17.945,9.937,17193.1,0.0,3853.2,2222.8,6.0,56.0,0.0,0.0,0.0,0.0,0.00,sweeping:54
beir500k-f32,neg40_cat13,neg40,231299,acorn,128,2,54,0.9907,0.9259,0.00010,10.504,17.128,17.880,9.845,17193.1,0.0,3853.2,2222.8,6.0,56.0,0.0,0.0,0.0,0.0,0.00,sweeping:54
beir500k-f32,neg40_cat13,neg40,231299,acorn,128,3,54,0.9907,0.9259,0.00010,10.568,17.173,18.001,9.865,17193.1,0.0,3853.2,2222.8,6.0,56.0,0.0,0.0,0.0,0.0,0.00,sweeping:54
beir500k-f32,neg40_cat13,neg40,231299,acorn,256,1,54,0.9963,0.9815,0.00003,14.950,23.051,24.076,14.077,23914.7,0.0,5817.6,3317.5,11.0,118.0,0.0,0.0,0.0,0.0,0.00,sweeping:54
beir500k-f32,neg40_cat13,neg40,231299,acorn,256,2,54,0.9963,0.9815,0.00003,15.039,23.044,24.051,14.043,23914.7,0.0,5817.6,3317.5,11.0,118.0,0.0,0.0,0.0,0.0,0.00,sweeping:54
beir500k-f32,neg40_cat13,neg40,231299,acorn,256,3,54,0.9963,0.9815,0.00003,15.099,23.008,24.205,14.144,23914.7,0.0,5817.6,3317.5,11.0,118.0,0.0,0.0,0.0,0.0,0.00,sweeping:54
beir500k-f32,neg40_cat13,neg40,231299,acorn,512,1,54,0.9963,0.9815,0.00003,21.907,29.994,32.212,20.314,33560.6,0.0,8744.2,4932.4,23.0,248.0,0.0,0.0,0.0,0.0,0.00,sweeping:54
beir500k-f32,neg40_cat13,neg40,231299,acorn,512,2,54,0.9963,0.9815,0.00003,22.026,30.339,31.799,20.281,33560.6,0.0,8744.2,4932.4,23.0,248.0,0.0,0.0,0.0,0.0,0.00,sweeping:54
beir500k-f32,neg40_cat13,neg40,231299,acorn,512,3,54,0.9963,0.9815,0.00003,21.806,29.989,31.689,20.297,33560.6,0.0,8744.2,4932.4,23.0,248.0,0.0,0.0,0.0,0.0,0.00,sweeping:54
beir500k-f32,neg40_cat13,neg40,231299,pathseer,64,1,54,0.9481,0.6667,0.00056,1.317,3.410,3.478,1.601,2320.3,0.0,5772.1,474.4,3.0,13.0,119.7,32.6,3850.3,1.9,0.00,pathseer:54
beir500k-f32,neg40_cat13,neg40,231299,pathseer,64,2,54,0.9481,0.6667,0.00056,1.314,3.393,3.617,1.608,2320.3,0.0,5772.1,474.4,3.0,13.0,119.7,32.6,3850.3,1.9,0.00,pathseer:54
beir500k-f32,neg40_cat13,neg40,231299,pathseer,64,3,54,0.9481,0.6667,0.00056,1.326,3.476,3.565,1.611,2320.3,0.0,5772.1,474.4,3.0,13.0,119.7,32.6,3850.3,1.9,0.00,pathseer:54
beir500k-f32,neg40_cat13,neg40,231299,pathseer,128,1,54,0.9815,0.8704,0.00019,2.673,5.214,5.354,2.918,4186.8,0.0,9378.3,872.9,4.0,32.0,209.8,53.1,5924.2,3.3,0.00,pathseer:54
beir500k-f32,neg40_cat13,neg40,231299,pathseer,128,2,54,0.9815,0.8704,0.00019,2.738,5.213,5.355,2.920,4186.8,0.0,9378.3,872.9,4.0,32.0,209.8,53.1,5924.2,3.3,0.00,pathseer:54
beir500k-f32,neg40_cat13,neg40,231299,pathseer,128,3,54,0.9815,0.8704,0.00019,2.644,5.182,5.226,2.918,4186.8,0.0,9378.3,872.9,4.0,32.0,209.8,53.1,5924.2,3.3,0.00,pathseer:54
beir500k-f32,neg40_cat13,neg40,231299,pathseer,256,1,54,0.9944,0.9630,0.00006,5.310,8.436,9.106,5.424,7561.7,0.0,14806.3,1616.0,7.0,81.0,421.9,96.1,8554.1,6.6,0.00,pathseer:54
beir500k-f32,neg40_cat13,neg40,231299,pathseer,256,2,54,0.9944,0.9630,0.00006,5.276,8.367,8.693,5.294,7561.7,0.0,14806.3,1616.0,7.0,81.0,421.9,96.1,8554.1,6.6,0.00,pathseer:54
beir500k-f32,neg40_cat13,neg40,231299,pathseer,256,3,54,0.9944,0.9630,0.00006,5.275,8.488,8.818,5.315,7561.7,0.0,14806.3,1616.0,7.0,81.0,421.9,96.1,8554.1,6.6,0.00,pathseer:54
beir500k-f32,neg40_cat13,neg40,231299,pathseer,512,1,54,0.9963,0.9815,0.00003,9.724,14.174,14.911,9.306,13190.3,0.0,22333.5,2801.1,14.0,173.0,896.0,184.7,11538.2,14.0,0.00,pathseer:54
beir500k-f32,neg40_cat13,neg40,231299,pathseer,512,2,54,0.9963,0.9815,0.00003,9.746,14.173,15.945,9.406,13190.3,0.0,22333.5,2801.1,14.0,173.0,896.0,184.7,11538.2,14.0,0.00,pathseer:54
beir500k-f32,neg40_cat13,neg40,231299,pathseer,512,3,54,0.9963,0.9815,0.00003,9.698,14.219,14.777,9.309,13190.3,0.0,22333.5,2801.1,14.0,173.0,896.0,184.7,11538.2,14.0,0.00,pathseer:54
beir500k-f32,neg40_cat14,neg40,212386,sweeping,64,1,6,1.0000,1.0000,0.00000,3.158,4.737,4.737,2.763,5737.2,0.0,944.2,489.2,4.0,19.0,0.0,0.0,0.0,0.0,0.00,sweeping:6
beir500k-f32,neg40_cat14,neg40,212386,sweeping,64,2,6,1.0000,1.0000,0.00000,3.166,4.730,4.730,2.786,5737.2,0.0,944.2,489.2,4.0,19.0,0.0,0.0,0.0,0.0,0.00,sweeping:6
beir500k-f32,neg40_cat14,neg40,212386,sweeping,64,3,6,1.0000,1.0000,0.00000,3.157,4.616,4.616,2.759,5737.2,0.0,944.2,489.2,4.0,19.0,0.0,0.0,0.0,0.0,0.00,sweeping:6
beir500k-f32,neg40_cat14,neg40,212386,sweeping,128,1,6,1.0000,1.0000,0.00000,5.542,8.107,8.107,4.782,9329.3,0.0,1696.0,930.5,7.0,41.0,0.0,0.0,0.0,0.0,0.00,sweeping:6
beir500k-f32,neg40_cat14,neg40,212386,sweeping,128,2,6,1.0000,1.0000,0.00000,5.658,8.102,8.102,4.788,9329.3,0.0,1696.0,930.5,7.0,41.0,0.0,0.0,0.0,0.0,0.00,sweeping:6
beir500k-f32,neg40_cat14,neg40,212386,sweeping,128,3,6,1.0000,1.0000,0.00000,5.535,8.221,8.221,4.796,9329.3,0.0,1696.0,930.5,7.0,41.0,0.0,0.0,0.0,0.0,0.00,sweeping:6
beir500k-f32,neg40_cat14,neg40,212386,sweeping,256,1,6,1.0000,1.0000,0.00000,8.715,12.991,12.991,8.289,15150.0,0.0,3049.5,1758.8,12.0,85.0,0.0,0.0,0.0,0.0,0.00,sweeping:6
beir500k-f32,neg40_cat14,neg40,212386,sweeping,256,2,6,1.0000,1.0000,0.00000,8.802,12.938,12.938,8.312,15150.0,0.0,3049.5,1758.8,12.0,85.0,0.0,0.0,0.0,0.0,0.00,sweeping:6
beir500k-f32,neg40_cat14,neg40,212386,sweeping,256,3,6,1.0000,1.0000,0.00000,8.884,13.038,13.038,8.384,15150.0,0.0,3049.5,1758.8,12.0,85.0,0.0,0.0,0.0,0.0,0.00,sweeping:6
beir500k-f32,neg40_cat14,neg40,212386,sweeping,512,1,6,1.0000,1.0000,0.00000,13.279,21.745,21.745,14.131,24271.7,0.0,5590.2,3339.8,22.0,183.0,0.0,0.0,0.0,0.0,0.00,sweeping:6
beir500k-f32,neg40_cat14,neg40,212386,sweeping,512,2,6,1.0000,1.0000,0.00000,13.386,21.525,21.525,14.081,24271.7,0.0,5590.2,3339.8,22.0,183.0,0.0,0.0,0.0,0.0,0.00,sweeping:6
beir500k-f32,neg40_cat14,neg40,212386,sweeping,512,3,6,1.0000,1.0000,0.00000,13.235,21.570,21.570,14.095,24271.7,0.0,5590.2,3339.8,22.0,183.0,0.0,0.0,0.0,0.0,0.00,sweeping:6
beir500k-f32,neg40_cat14,neg40,212386,acorn,64,1,6,1.0000,1.0000,0.00000,3.136,4.603,4.603,2.716,5737.2,0.0,944.2,489.2,4.0,19.0,0.0,0.0,0.0,0.0,0.00,sweeping:6
beir500k-f32,neg40_cat14,neg40,212386,acorn,64,2,6,1.0000,1.0000,0.00000,3.149,4.587,4.587,2.730,5737.2,0.0,944.2,489.2,4.0,19.0,0.0,0.0,0.0,0.0,0.00,sweeping:6
beir500k-f32,neg40_cat14,neg40,212386,acorn,64,3,6,1.0000,1.0000,0.00000,3.170,4.595,4.595,2.747,5737.2,0.0,944.2,489.2,4.0,19.0,0.0,0.0,0.0,0.0,0.00,sweeping:6
beir500k-f32,neg40_cat14,neg40,212386,acorn,128,1,6,1.0000,1.0000,0.00000,5.529,8.082,8.082,4.795,9329.3,0.0,1696.0,930.5,7.0,41.0,0.0,0.0,0.0,0.0,0.00,sweeping:6
beir500k-f32,neg40_cat14,neg40,212386,acorn,128,2,6,1.0000,1.0000,0.00000,5.658,8.235,8.235,4.822,9329.3,0.0,1696.0,930.5,7.0,41.0,0.0,0.0,0.0,0.0,0.00,sweeping:6
beir500k-f32,neg40_cat14,neg40,212386,acorn,128,3,6,1.0000,1.0000,0.00000,5.583,8.131,8.131,4.789,9329.3,0.0,1696.0,930.5,7.0,41.0,0.0,0.0,0.0,0.0,0.00,sweeping:6
beir500k-f32,neg40_cat14,neg40,212386,acorn,256,1,6,1.0000,1.0000,0.00000,8.718,13.040,13.040,8.308,15150.0,0.0,3049.5,1758.8,12.0,85.0,0.0,0.0,0.0,0.0,0.00,sweeping:6
beir500k-f32,neg40_cat14,neg40,212386,acorn,256,2,6,1.0000,1.0000,0.00000,8.650,12.964,12.964,8.280,15150.0,0.0,3049.5,1758.8,12.0,85.0,0.0,0.0,0.0,0.0,0.00,sweeping:6
beir500k-f32,neg40_cat14,neg40,212386,acorn,256,3,6,1.0000,1.0000,0.00000,8.771,13.054,13.054,8.323,15150.0,0.0,3049.5,1758.8,12.0,85.0,0.0,0.0,0.0,0.0,0.00,sweeping:6
beir500k-f32,neg40_cat14,neg40,212386,acorn,512,1,6,1.0000,1.0000,0.00000,13.379,21.421,21.421,14.107,24271.7,0.0,5590.2,3339.8,22.0,183.0,0.0,0.0,0.0,0.0,0.00,sweeping:6
beir500k-f32,neg40_cat14,neg40,212386,acorn,512,2,6,1.0000,1.0000,0.00000,13.299,21.514,21.514,14.092,24271.7,0.0,5590.2,3339.8,22.0,183.0,0.0,0.0,0.0,0.0,0.00,sweeping:6
beir500k-f32,neg40_cat14,neg40,212386,acorn,512,3,6,1.0000,1.0000,0.00000,14.941,23.129,23.129,14.792,24271.7,0.0,5590.2,3339.8,22.0,183.0,0.0,0.0,0.0,0.0,0.00,sweeping:6
beir500k-f32,neg40_cat14,neg40,212386,pathseer,64,1,6,1.0000,1.0000,0.00000,0.908,1.033,1.033,0.833,1627.3,0.0,3380.2,241.3,3.0,15.0,138.7,25.0,2141.7,2.2,0.00,pathseer:6
beir500k-f32,neg40_cat14,neg40,212386,pathseer,64,2,6,1.0000,1.0000,0.00000,0.861,0.931,0.931,0.771,1627.3,0.0,3380.2,241.3,3.0,15.0,138.7,25.0,2141.7,2.2,0.00,pathseer:6
beir500k-f32,neg40_cat14,neg40,212386,pathseer,64,3,6,1.0000,1.0000,0.00000,0.854,0.920,0.920,0.776,1627.3,0.0,3380.2,241.3,3.0,15.0,138.7,25.0,2141.7,2.2,0.00,pathseer:6
beir500k-f32,neg40_cat14,neg40,212386,pathseer,128,1,6,1.0000,1.0000,0.00000,1.784,2.053,2.053,1.603,2763.5,0.0,5919.7,498.7,5.0,31.0,245.3,44.2,3651.2,3.8,0.00,pathseer:6
beir500k-f32,neg40_cat14,neg40,212386,pathseer,128,2,6,1.0000,1.0000,0.00000,1.795,2.119,2.119,1.655,2763.5,0.0,5919.7,498.7,5.0,31.0,245.3,44.2,3651.2,3.8,0.00,pathseer:6
beir500k-f32,neg40_cat14,neg40,212386,pathseer,128,3,6,1.0000,1.0000,0.00000,1.685,1.986,1.986,1.551,2763.5,0.0,5919.7,498.7,5.0,31.0,245.3,44.2,3651.2,3.8,0.00,pathseer:6
beir500k-f32,neg40_cat14,neg40,212386,pathseer,256,1,6,1.0000,1.0000,0.00000,3.159,3.972,3.972,2.977,4614.7,0.0,10095.3,972.8,9.0,62.0,469.3,94.2,6027.8,7.3,0.00,pathseer:6
beir500k-f32,neg40_cat14,neg40,212386,pathseer,256,2,6,1.0000,1.0000,0.00000,3.167,3.846,3.846,2.928,4614.7,0.0,10095.3,972.8,9.0,62.0,469.3,94.2,6027.8,7.3,0.00,pathseer:6
beir500k-f32,neg40_cat14,neg40,212386,pathseer,256,3,6,1.0000,1.0000,0.00000,3.191,3.861,3.861,2.938,4614.7,0.0,10095.3,972.8,9.0,62.0,469.3,94.2,6027.8,7.3,0.00,pathseer:6
beir500k-f32,neg40_cat14,neg40,212386,pathseer,512,1,6,1.0000,1.0000,0.00000,5.710,7.445,7.445,5.593,7913.5,0.0,17308.7,1954.2,16.0,132.0,949.3,171.0,9822.7,14.8,0.00,pathseer:6
beir500k-f32,neg40_cat14,neg40,212386,pathseer,512,2,6,1.0000,1.0000,0.00000,5.583,7.507,7.507,5.704,7913.5,0.0,17308.7,1954.2,16.0,132.0,949.3,171.0,9822.7,14.8,0.00,pathseer:6
beir500k-f32,neg40_cat14,neg40,212386,pathseer,512,3,6,1.0000,1.0000,0.00000,5.770,7.525,7.525,5.653,7913.5,0.0,17308.7,1954.2,16.0,132.0,949.3,171.0,9822.7,14.8,0.00,pathseer:6
beir500k-f32,neg40_cat15,neg40,220102,sweeping,64,1,84,0.9524,0.7262,0.00108,4.219,12.743,14.943,5.318,10149.2,0.0,1892.1,795.0,4.0,34.0,0.0,0.0,0.0,0.0,0.00,sweeping:84
beir500k-f32,neg40_cat15,neg40,220102,sweeping,64,2,84,0.9524,0.7262,0.00108,4.237,12.622,14.992,5.339,10149.2,0.0,1892.1,795.0,4.0,34.0,0.0,0.0,0.0,0.0,0.00,sweeping:84
beir500k-f32,neg40_cat15,neg40,220102,sweeping,64,3,84,0.9524,0.7262,0.00108,4.419,12.715,14.853,5.408,10149.2,0.0,1892.1,795.0,4.0,34.0,0.0,0.0,0.0,0.0,0.00,sweeping:84
beir500k-f32,neg40_cat15,neg40,220102,sweeping,128,1,84,0.9786,0.8095,0.00033,6.664,18.516,21.764,8.084,15054.1,0.0,3027.0,1257.6,6.0,67.0,0.0,0.0,0.0,0.0,0.00,sweeping:84
beir500k-f32,neg40_cat15,neg40,220102,sweeping,128,2,84,0.9786,0.8095,0.00033,6.628,18.448,21.184,8.049,15054.1,0.0,3027.0,1257.6,6.0,67.0,0.0,0.0,0.0,0.0,0.00,sweeping:84
beir500k-f32,neg40_cat15,neg40,220102,sweeping,128,3,84,0.9786,0.8095,0.00033,6.936,18.301,21.201,8.057,15054.1,0.0,3027.0,1257.6,6.0,67.0,0.0,0.0,0.0,0.0,0.00,sweeping:84
beir500k-f32,neg40_cat15,neg40,220102,sweeping,256,1,84,0.9869,0.8810,0.00014,11.078,27.428,28.417,12.412,22739.7,0.0,4904.2,2066.5,12.0,118.0,0.0,0.0,0.0,0.0,0.00,sweeping:84
beir500k-f32,neg40_cat15,neg40,220102,sweeping,256,2,84,0.9869,0.8810,0.00014,10.944,27.440,28.553,12.386,22739.7,0.0,4904.2,2066.5,12.0,118.0,0.0,0.0,0.0,0.0,0.00,sweeping:84
beir500k-f32,neg40_cat15,neg40,220102,sweeping,256,3,84,0.9869,0.8810,0.00014,11.215,27.452,28.446,12.477,22739.7,0.0,4904.2,2066.5,12.0,118.0,0.0,0.0,0.0,0.0,0.00,sweeping:84
beir500k-f32,neg40_cat15,neg40,220102,sweeping,512,1,84,0.9952,0.9524,0.00005,18.156,39.351,41.236,19.108,34340.6,0.0,7892.0,3399.3,25.0,204.0,0.0,0.0,0.0,0.0,0.00,sweeping:84
beir500k-f32,neg40_cat15,neg40,220102,sweeping,512,2,84,0.9952,0.9524,0.00005,18.174,38.837,41.123,19.238,34340.6,0.0,7892.0,3399.3,25.0,204.0,0.0,0.0,0.0,0.0,0.00,sweeping:84
beir500k-f32,neg40_cat15,neg40,220102,sweeping,512,3,84,0.9952,0.9524,0.00005,18.041,38.577,41.491,19.146,34340.6,0.0,7892.0,3399.3,25.0,204.0,0.0,0.0,0.0,0.0,0.00,sweeping:84
beir500k-f32,neg40_cat15,neg40,220102,acorn,64,1,84,0.9524,0.7262,0.00108,4.253,12.557,14.951,5.327,10149.2,0.0,1892.1,795.0,4.0,34.0,0.0,0.0,0.0,0.0,0.00,sweeping:84
beir500k-f32,neg40_cat15,neg40,220102,acorn,64,2,84,0.9524,0.7262,0.00108,4.337,12.699,14.924,5.398,10149.2,0.0,1892.1,795.0,4.0,34.0,0.0,0.0,0.0,0.0,0.00,sweeping:84
beir500k-f32,neg40_cat15,neg40,220102,acorn,64,3,84,0.9524,0.7262,0.00108,4.220,12.635,14.943,5.319,10149.2,0.0,1892.1,795.0,4.0,34.0,0.0,0.0,0.0,0.0,0.00,sweeping:84
beir500k-f32,neg40_cat15,neg40,220102,acorn,128,1,84,0.9786,0.8095,0.00033,6.661,18.634,21.185,8.064,15054.1,0.0,3027.0,1257.6,6.0,67.0,0.0,0.0,0.0,0.0,0.00,sweeping:84
beir500k-f32,neg40_cat15,neg40,220102,acorn,128,2,84,0.9786,0.8095,0.00033,6.850,18.509,21.198,8.081,15054.1,0.0,3027.0,1257.6,6.0,67.0,0.0,0.0,0.0,0.0,0.00,sweeping:84
beir500k-f32,neg40_cat15,neg40,220102,acorn,128,3,84,0.9786,0.8095,0.00033,6.654,18.544,21.119,8.020,15054.1,0.0,3027.0,1257.6,6.0,67.0,0.0,0.0,0.0,0.0,0.00,sweeping:84
beir500k-f32,neg40_cat15,neg40,220102,acorn,256,1,84,0.9869,0.8810,0.00014,11.004,27.303,28.271,12.353,22739.7,0.0,4904.2,2066.5,12.0,118.0,0.0,0.0,0.0,0.0,0.00,sweeping:84
beir500k-f32,neg40_cat15,neg40,220102,acorn,256,2,84,0.9869,0.8810,0.00014,11.152,27.328,28.389,12.449,22739.7,0.0,4904.2,2066.5,12.0,118.0,0.0,0.0,0.0,0.0,0.00,sweeping:84
beir500k-f32,neg40_cat15,neg40,220102,acorn,256,3,84,0.9869,0.8810,0.00014,11.017,27.214,28.892,12.414,22739.7,0.0,4904.2,2066.5,12.0,118.0,0.0,0.0,0.0,0.0,0.00,sweeping:84
beir500k-f32,neg40_cat15,neg40,220102,acorn,512,1,84,0.9952,0.9524,0.00005,18.109,38.556,41.471,19.125,34340.6,0.0,7892.0,3399.3,25.0,204.0,0.0,0.0,0.0,0.0,0.00,sweeping:84
beir500k-f32,neg40_cat15,neg40,220102,acorn,512,2,84,0.9952,0.9524,0.00005,18.134,38.694,41.239,19.124,34340.6,0.0,7892.0,3399.3,25.0,204.0,0.0,0.0,0.0,0.0,0.00,sweeping:84
beir500k-f32,neg40_cat15,neg40,220102,acorn,512,3,84,0.9952,0.9524,0.00005,18.143,38.827,41.147,19.070,34340.6,0.0,7892.0,3399.3,25.0,204.0,0.0,0.0,0.0,0.0,0.00,sweeping:84
beir500k-f32,neg40_cat15,neg40,220102,pathseer,64,1,84,0.9190,0.6310,0.00207,1.361,2.656,3.486,1.469,2196.2,0.0,4789.8,337.3,3.0,23.0,133.3,27.8,3206.9,2.1,0.00,pathseer:84
beir500k-f32,neg40_cat15,neg40,220102,pathseer,64,2,84,0.9190,0.6310,0.00207,1.365,2.767,3.782,1.503,2196.2,0.0,4789.8,337.3,3.0,23.0,133.3,27.8,3206.9,2.1,0.00,pathseer:84
beir500k-f32,neg40_cat15,neg40,220102,pathseer,64,3,84,0.9190,0.6310,0.00207,1.391,2.653,3.497,1.476,2196.2,0.0,4789.8,337.3,3.0,23.0,133.3,27.8,3206.9,2.1,0.00,pathseer:84
beir500k-f32,neg40_cat15,neg40,220102,pathseer,128,1,84,0.9476,0.7381,0.00139,2.490,4.410,5.154,2.523,3826.6,0.0,7722.6,592.4,5.0,45.0,243.8,51.6,5003.8,3.8,0.00,pathseer:84
beir500k-f32,neg40_cat15,neg40,220102,pathseer,128,2,84,0.9476,0.7381,0.00139,2.500,4.432,5.167,2.522,3826.6,0.0,7722.6,592.4,5.0,45.0,243.8,51.6,5003.8,3.8,0.00,pathseer:84
beir500k-f32,neg40_cat15,neg40,220102,pathseer,128,3,84,0.9476,0.7381,0.00139,2.476,4.416,5.216,2.525,3826.6,0.0,7722.6,592.4,5.0,45.0,243.8,51.6,5003.8,3.8,0.00,pathseer:84
beir500k-f32,neg40_cat15,neg40,220102,pathseer,256,1,84,0.9810,0.8452,0.00019,4.428,7.789,8.666,4.515,6761.0,0.0,12648.9,1077.2,8.0,86.0,486.1,99.0,7825.9,7.6,0.00,pathseer:84
beir500k-f32,neg40_cat15,neg40,220102,pathseer,256,2,84,0.9810,0.8452,0.00019,4.402,7.800,9.164,4.534,6761.0,0.0,12648.9,1077.2,8.0,86.0,486.1,99.0,7825.9,7.6,0.00,pathseer:84
beir500k-f32,neg40_cat15,neg40,220102,pathseer,256,3,84,0.9810,0.8452,0.00019,4.324,7.739,8.576,4.499,6761.0,0.0,12648.9,1077.2,8.0,86.0,486.1,99.0,7825.9,7.6,0.00,pathseer:84
beir500k-f32,neg40_cat15,neg40,220102,pathseer,512,1,84,0.9917,0.9286,0.00007,7.610,12.930,16.292,7.899,11843.4,0.0,20344.6,1938.2,16.0,153.0,1009.5,192.2,11764.4,15.8,0.00,pathseer:84
beir500k-f32,neg40_cat15,neg40,220102,pathseer,512,2,84,0.9917,0.9286,0.00007,7.745,12.703,16.453,7.970,11843.4,0.0,20344.6,1938.2,16.0,153.0,1009.5,192.2,11764.4,15.8,0.00,pathseer:84
beir500k-f32,neg40_cat15,neg40,220102,pathseer,512,3,84,0.9917,0.9286,0.00007,7.599,12.750,16.339,7.916,11843.4,0.0,20344.6,1938.2,16.0,153.0,1009.5,192.2,11764.4,15.8,0.00,pathseer:84
beir500k-f32,neg40_cat16,neg40,209134,sweeping,64,1,42,0.9952,0.9524,0.00004,26.047,41.362,46.618,26.836,38256.0,0.0,13156.3,10002.5,4.0,436.0,0.0,0.0,0.0,0.0,0.00,sweeping:42
beir500k-f32,neg40_cat16,neg40,209134,sweeping,64,2,42,0.9952,0.9524,0.00004,26.099,41.466,47.136,26.928,38256.0,0.0,13156.3,10002.5,4.0,436.0,0.0,0.0,0.0,0.0,0.00,sweeping:42
beir500k-f32,neg40_cat16,neg40,209134,sweeping,64,3,42,0.9952,0.9524,0.00004,26.043,41.352,46.356,26.701,38256.0,0.0,13156.3,10002.5,4.0,436.0,0.0,0.0,0.0,0.0,0.00,sweeping:42
beir500k-f32,neg40_cat16,neg40,209134,sweeping,128,1,42,0.9976,0.9762,0.00002,35.235,48.108,52.195,34.927,48331.5,0.0,17846.3,13469.3,8.0,747.0,0.0,0.0,0.0,0.0,0.00,sweeping:42
beir500k-f32,neg40_cat16,neg40,209134,sweeping,128,2,42,0.9976,0.9762,0.00002,34.893,47.869,52.356,34.771,48331.5,0.0,17846.3,13469.3,8.0,747.0,0.0,0.0,0.0,0.0,0.00,sweeping:42
beir500k-f32,neg40_cat16,neg40,209134,sweeping,128,3,42,0.9976,0.9762,0.00002,34.925,48.395,52.566,34.842,48331.5,0.0,17846.3,13469.3,8.0,747.0,0.0,0.0,0.0,0.0,0.00,sweeping:42
beir500k-f32,neg40_cat16,neg40,209134,sweeping,256,1,42,1.0000,1.0000,0.00000,46.478,57.903,60.847,45.345,61436.1,0.0,24061.2,18053.5,15.0,1337.0,0.0,0.0,0.0,0.0,0.00,sweeping:42
beir500k-f32,neg40_cat16,neg40,209134,sweeping,256,2,42,1.0000,1.0000,0.00000,46.399,57.641,65.598,45.384,61436.1,0.0,24061.2,18053.5,15.0,1337.0,0.0,0.0,0.0,0.0,0.00,sweeping:42
beir500k-f32,neg40_cat16,neg40,209134,sweeping,256,3,42,1.0000,1.0000,0.00000,46.606,58.141,61.232,45.562,61436.1,0.0,24061.2,18053.5,15.0,1337.0,0.0,0.0,0.0,0.0,0.00,sweeping:42
beir500k-f32,neg40_cat16,neg40,209134,sweeping,512,1,42,1.0000,1.0000,0.00000,62.170,72.604,74.388,59.623,79393.6,0.0,32523.5,24002.6,35.0,2495.0,0.0,0.0,0.0,0.0,0.00,sweeping:42
beir500k-f32,neg40_cat16,neg40,209134,sweeping,512,2,42,1.0000,1.0000,0.00000,62.573,73.052,73.568,59.562,79393.6,0.0,32523.5,24002.6,35.0,2495.0,0.0,0.0,0.0,0.0,0.00,sweeping:42
beir500k-f32,neg40_cat16,neg40,209134,sweeping,512,3,42,1.0000,1.0000,0.00000,64.072,73.104,74.224,60.097,79393.6,0.0,32523.5,24002.6,35.0,2495.0,0.0,0.0,0.0,0.0,0.00,sweeping:42
beir500k-f32,neg40_cat16,neg40,209134,acorn,64,1,42,0.9952,0.9524,0.00004,26.150,41.252,49.725,26.793,38256.0,0.0,13156.3,10002.5,4.0,436.0,0.0,0.0,0.0,0.0,0.00,sweeping:42
beir500k-f32,neg40_cat16,neg40,209134,acorn,64,2,42,0.9952,0.9524,0.00004,25.894,44.727,57.298,27.360,38256.0,0.0,13156.3,10002.5,4.0,436.0,0.0,0.0,0.0,0.0,0.00,sweeping:42
beir500k-f32,neg40_cat16,neg40,209134,acorn,64,3,42,0.9952,0.9524,0.00004,27.386,41.528,46.608,26.988,38256.0,0.0,13156.3,10002.5,4.0,436.0,0.0,0.0,0.0,0.0,0.00,sweeping:42
beir500k-f32,neg40_cat16,neg40,209134,acorn,128,1,42,0.9976,0.9762,0.00002,35.292,47.910,52.459,34.777,48331.5,0.0,17846.3,13469.3,8.0,747.0,0.0,0.0,0.0,0.0,0.00,sweeping:42
beir500k-f32,neg40_cat16,neg40,209134,acorn,128,2,42,0.9976,0.9762,0.00002,35.178,47.912,52.469,34.820,48331.5,0.0,17846.3,13469.3,8.0,747.0,0.0,0.0,0.0,0.0,0.00,sweeping:42
beir500k-f32,neg40_cat16,neg40,209134,acorn,128,3,42,0.9976,0.9762,0.00002,35.310,48.744,53.601,35.170,48331.5,0.0,17846.3,13469.3,8.0,747.0,0.0,0.0,0.0,0.0,0.00,sweeping:42
beir500k-f32,neg40_cat16,neg40,209134,acorn,256,1,42,1.0000,1.0000,0.00000,46.414,57.847,60.674,45.280,61436.1,0.0,24061.2,18053.5,15.0,1337.0,0.0,0.0,0.0,0.0,0.00,sweeping:42
beir500k-f32,neg40_cat16,neg40,209134,acorn,256,2,42,1.0000,1.0000,0.00000,46.692,58.360,60.827,45.503,61436.1,0.0,24061.2,18053.5,15.0,1337.0,0.0,0.0,0.0,0.0,0.00,sweeping:42
beir500k-f32,neg40_cat16,neg40,209134,acorn,256,3,42,1.0000,1.0000,0.00000,46.242,58.266,61.005,45.299,61436.1,0.0,24061.2,18053.5,15.0,1337.0,0.0,0.0,0.0,0.0,0.00,sweeping:42
beir500k-f32,neg40_cat16,neg40,209134,acorn,512,1,42,1.0000,1.0000,0.00000,62.335,72.534,74.136,59.595,79393.6,0.0,32523.5,24002.6,35.0,2495.0,0.0,0.0,0.0,0.0,0.00,sweeping:42
beir500k-f32,neg40_cat16,neg40,209134,acorn,512,2,42,1.0000,1.0000,0.00000,62.383,72.773,73.972,59.710,79393.6,0.0,32523.5,24002.6,35.0,2495.0,0.0,0.0,0.0,0.0,0.00,sweeping:42
beir500k-f32,neg40_cat16,neg40,209134,acorn,512,3,42,1.0000,1.0000,0.00000,62.194,73.077,86.690,60.328,79393.6,0.0,32523.5,24002.6,35.0,2495.0,0.0,0.0,0.0,0.0,0.00,sweeping:42
beir500k-f32,neg40_cat16,neg40,209134,pathseer,64,1,42,0.9857,0.8571,0.00023,6.085,9.070,10.870,5.749,5483.9,0.0,24769.6,3278.1,4.0,361.0,190.5,7.1,16584.3,3.0,0.00,pathseer:42
beir500k-f32,neg40_cat16,neg40,209134,pathseer,64,2,42,0.9857,0.8571,0.00023,5.922,10.237,10.856,5.902,5483.9,0.0,24769.6,3278.1,4.0,361.0,190.5,7.1,16584.3,3.0,0.00,pathseer:42
beir500k-f32,neg40_cat16,neg40,209134,pathseer,64,3,42,0.9857,0.8571,0.00023,5.960,9.256,11.049,5.750,5483.9,0.0,24769.6,3278.1,4.0,361.0,190.5,7.1,16584.3,3.0,0.00,pathseer:42
beir500k-f32,neg40_cat16,neg40,209134,pathseer,128,1,42,0.9905,0.9048,0.00011,9.643,15.375,16.687,9.673,9125.1,0.0,34949.2,5454.2,7.0,668.0,370.0,15.8,21368.5,5.8,0.00,pathseer:42
beir500k-f32,neg40_cat16,neg40,209134,pathseer,128,2,42,0.9905,0.9048,0.00011,9.548,15.422,16.362,9.681,9125.1,0.0,34949.2,5454.2,7.0,668.0,370.0,15.8,21368.5,5.8,0.00,pathseer:42
beir500k-f32,neg40_cat16,neg40,209134,pathseer,128,3,42,0.9905,0.9048,0.00011,9.449,15.452,17.069,9.730,9125.1,0.0,34949.2,5454.2,7.0,668.0,370.0,15.8,21368.5,5.8,0.00,pathseer:42
beir500k-f32,neg40_cat16,neg40,209134,pathseer,256,1,42,0.9976,0.9762,0.00009,15.503,23.883,24.544,15.540,14686.3,0.0,48510.2,8749.2,14.0,1304.0,818.0,28.6,26658.5,12.8,0.00,pathseer:42
beir500k-f32,neg40_cat16,neg40,209134,pathseer,256,2,42,0.9976,0.9762,0.00009,15.371,23.699,24.121,15.580,14686.3,0.0,48510.2,8749.2,14.0,1304.0,818.0,28.6,26658.5,12.8,0.00,pathseer:42
beir500k-f32,neg40_cat16,neg40,209134,pathseer,256,3,42,0.9976,0.9762,0.00009,15.704,23.710,24.571,15.658,14686.3,0.0,48510.2,8749.2,14.0,1304.0,818.0,28.6,26658.5,12.8,0.00,pathseer:42
beir500k-f32,neg40_cat16,neg40,209134,pathseer,512,1,42,1.0000,1.0000,0.00000,25.412,34.953,35.969,24.794,23500.5,0.0,66786.4,13727.6,31.0,2415.0,1980.3,60.5,32120.2,31.0,0.00,pathseer:42
beir500k-f32,neg40_cat16,neg40,209134,pathseer,512,2,42,1.0000,1.0000,0.00000,25.441,34.992,36.053,24.686,23500.5,0.0,66786.4,13727.6,31.0,2415.0,1980.3,60.5,32120.2,31.0,0.00,pathseer:42
beir500k-f32,neg40_cat16,neg40,209134,pathseer,512,3,42,1.0000,1.0000,0.00000,25.573,35.003,36.000,24.767,23500.5,0.0,66786.4,13727.6,31.0,2415.0,1980.3,60.5,32120.2,31.0,0.00,pathseer:42
beir500k-f32,neg40_cat17,neg40,224270,sweeping,64,1,45,0.9867,0.8889,0.00030,2.496,4.609,6.800,2.672,5281.0,0.0,831.0,384.4,3.0,10.0,0.0,0.0,0.0,0.0,0.00,sweeping:45
beir500k-f32,neg40_cat17,neg40,224270,sweeping,64,2,45,0.9867,0.8889,0.00030,2.494,4.737,6.832,2.669,5281.0,0.0,831.0,384.4,3.0,10.0,0.0,0.0,0.0,0.0,0.00,sweeping:45
beir500k-f32,neg40_cat17,neg40,224270,sweeping,64,3,45,0.9867,0.8889,0.00030,2.504,4.663,6.766,2.655,5281.0,0.0,831.0,384.4,3.0,10.0,0.0,0.0,0.0,0.0,0.00,sweeping:45
beir500k-f32,neg40_cat17,neg40,224270,sweeping,128,1,45,0.9956,0.9778,0.00009,3.755,7.042,9.261,4.224,8176.2,0.0,1372.7,635.8,6.0,19.0,0.0,0.0,0.0,0.0,0.00,sweeping:45
beir500k-f32,neg40_cat17,neg40,224270,sweeping,128,2,45,0.9956,0.9778,0.00009,3.691,7.164,9.387,4.222,8176.2,0.0,1372.7,635.8,6.0,19.0,0.0,0.0,0.0,0.0,0.00,sweeping:45
beir500k-f32,neg40_cat17,neg40,224270,sweeping,128,3,45,0.9956,0.9778,0.00009,3.810,7.056,9.349,4.234,8176.2,0.0,1372.7,635.8,6.0,19.0,0.0,0.0,0.0,0.0,0.00,sweeping:45
beir500k-f32,neg40_cat17,neg40,224270,sweeping,256,1,45,1.0000,1.0000,0.00000,6.133,11.686,12.582,6.860,12906.7,0.0,2285.8,1083.0,11.0,38.0,0.0,0.0,0.0,0.0,0.00,sweeping:45
beir500k-f32,neg40_cat17,neg40,224270,sweeping,256,2,45,1.0000,1.0000,0.00000,6.152,11.729,12.590,6.869,12906.7,0.0,2285.8,1083.0,11.0,38.0,0.0,0.0,0.0,0.0,0.00,sweeping:45
beir500k-f32,neg40_cat17,neg40,224270,sweeping,256,3,45,1.0000,1.0000,0.00000,6.190,11.840,12.727,6.907,12906.7,0.0,2285.8,1083.0,11.0,38.0,0.0,0.0,0.0,0.0,0.00,sweeping:45
beir500k-f32,neg40_cat17,neg40,224270,sweeping,512,1,45,1.0000,1.0000,0.00000,10.145,18.738,19.593,11.153,20180.2,0.0,3850.9,1853.3,23.0,76.0,0.0,0.0,0.0,0.0,0.00,sweeping:45
beir500k-f32,neg40_cat17,neg40,224270,sweeping,512,2,45,1.0000,1.0000,0.00000,10.128,18.760,19.398,11.108,20180.2,0.0,3850.9,1853.3,23.0,76.0,0.0,0.0,0.0,0.0,0.00,sweeping:45
beir500k-f32,neg40_cat17,neg40,224270,sweeping,512,3,45,1.0000,1.0000,0.00000,10.120,18.639,19.522,11.021,20180.2,0.0,3850.9,1853.3,23.0,76.0,0.0,0.0,0.0,0.0,0.00,sweeping:45
beir500k-f32,neg40_cat17,neg40,224270,acorn,64,1,45,0.9867,0.8889,0.00030,2.526,4.720,6.734,2.711,5281.0,0.0,831.0,384.4,3.0,10.0,0.0,0.0,0.0,0.0,0.00,sweeping:45
beir500k-f32,neg40_cat17,neg40,224270,acorn,64,2,45,0.9867,0.8889,0.00030,2.465,4.688,6.899,2.680,5281.0,0.0,831.0,384.4,3.0,10.0,0.0,0.0,0.0,0.0,0.00,sweeping:45
beir500k-f32,neg40_cat17,neg40,224270,acorn,64,3,45,0.9867,0.8889,0.00030,2.495,4.639,6.887,2.666,5281.0,0.0,831.0,384.4,3.0,10.0,0.0,0.0,0.0,0.0,0.00,sweeping:45
beir500k-f32,neg40_cat17,neg40,224270,acorn,128,1,45,0.9956,0.9778,0.00009,3.712,7.020,9.266,4.222,8176.2,0.0,1372.7,635.8,6.0,19.0,0.0,0.0,0.0,0.0,0.00,sweeping:45
beir500k-f32,neg40_cat17,neg40,224270,acorn,128,2,45,0.9956,0.9778,0.00009,3.779,6.995,9.288,4.224,8176.2,0.0,1372.7,635.8,6.0,19.0,0.0,0.0,0.0,0.0,0.00,sweeping:45
beir500k-f32,neg40_cat17,neg40,224270,acorn,128,3,45,0.9956,0.9778,0.00009,3.821,7.564,9.250,4.324,8176.2,0.0,1372.7,635.8,6.0,19.0,0.0,0.0,0.0,0.0,0.00,sweeping:45
beir500k-f32,neg40_cat17,neg40,224270,acorn,256,1,45,1.0000,1.0000,0.00000,6.124,11.876,12.599,6.860,12906.7,0.0,2285.8,1083.0,11.0,38.0,0.0,0.0,0.0,0.0,0.00,sweeping:45
beir500k-f32,neg40_cat17,neg40,224270,acorn,256,2,45,1.0000,1.0000,0.00000,6.130,11.673,12.475,6.826,12906.7,0.0,2285.8,1083.0,11.0,38.0,0.0,0.0,0.0,0.0,0.00,sweeping:45
beir500k-f32,neg40_cat17,neg40,224270,acorn,256,3,45,1.0000,1.0000,0.00000,6.156,11.816,12.455,6.859,12906.7,0.0,2285.8,1083.0,11.0,38.0,0.0,0.0,0.0,0.0,0.00,sweeping:45
beir500k-f32,neg40_cat17,neg40,224270,acorn,512,1,45,1.0000,1.0000,0.00000,10.274,18.882,19.370,11.107,20180.2,0.0,3850.9,1853.3,23.0,76.0,0.0,0.0,0.0,0.0,0.00,sweeping:45
beir500k-f32,neg40_cat17,neg40,224270,acorn,512,2,45,1.0000,1.0000,0.00000,10.130,18.899,19.630,11.034,20180.2,0.0,3850.9,1853.3,23.0,76.0,0.0,0.0,0.0,0.0,0.00,sweeping:45
beir500k-f32,neg40_cat17,neg40,224270,acorn,512,3,45,1.0000,1.0000,0.00000,10.156,18.618,19.579,11.030,20180.2,0.0,3850.9,1853.3,23.0,76.0,0.0,0.0,0.0,0.0,0.00,sweeping:45
beir500k-f32,neg40_cat17,neg40,224270,pathseer,64,1,45,0.9756,0.8222,0.00046,1.037,1.384,1.805,1.045,1855.2,0.0,2273.9,160.8,3.0,3.0,102.4,42.5,1244.9,1.6,0.00,pathseer:45
beir500k-f32,neg40_cat17,neg40,224270,pathseer,64,2,45,0.9756,0.8222,0.00046,1.041,1.383,1.815,1.047,1855.2,0.0,2273.9,160.8,3.0,3.0,102.4,42.5,1244.9,1.6,0.00,pathseer:45
beir500k-f32,neg40_cat17,neg40,224270,pathseer,64,3,45,0.9756,0.8222,0.00046,1.047,1.407,1.798,1.052,1855.2,0.0,2273.9,160.8,3.0,3.0,102.4,42.5,1244.9,1.6,0.00,pathseer:45
beir500k-f32,neg40_cat17,neg40,224270,pathseer,128,1,45,0.9911,0.9333,0.00010,1.817,2.481,3.153,1.887,3306.4,0.0,3868.8,312.0,4.0,7.0,176.4,73.6,2029.8,2.8,0.00,pathseer:45
beir500k-f32,neg40_cat17,neg40,224270,pathseer,128,2,45,0.9911,0.9333,0.00010,1.852,2.489,3.114,1.894,3306.4,0.0,3868.8,312.0,4.0,7.0,176.4,73.6,2029.8,2.8,0.00,pathseer:45
beir500k-f32,neg40_cat17,neg40,224270,pathseer,128,3,45,0.9911,0.9333,0.00010,1.827,2.503,3.152,1.884,3306.4,0.0,3868.8,312.0,4.0,7.0,176.4,73.6,2029.8,2.8,0.00,pathseer:45
beir500k-f32,neg40_cat17,neg40,224270,pathseer,256,1,45,0.9978,0.9778,0.00001,3.402,4.762,5.299,3.503,5810.8,0.0,6522.9,598.9,6.0,19.0,347.0,127.1,3231.9,5.4,0.00,pathseer:45
beir500k-f32,neg40_cat17,neg40,224270,pathseer,256,2,45,0.9978,0.9778,0.00001,3.341,4.396,5.385,3.379,5810.8,0.0,6522.9,598.9,6.0,19.0,347.0,127.1,3231.9,5.4,0.00,pathseer:45
beir500k-f32,neg40_cat17,neg40,224270,pathseer,256,3,45,0.9978,0.9778,0.00001,3.311,4.644,5.408,3.391,5810.8,0.0,6522.9,598.9,6.0,19.0,347.0,127.1,3231.9,5.4,0.00,pathseer:45
beir500k-f32,neg40_cat17,neg40,224270,pathseer,512,1,45,1.0000,1.0000,0.00000,5.959,7.700,8.712,5.979,10031.8,0.0,10733.0,1116.7,11.0,42.0,721.1,264.0,4944.2,11.3,0.00,pathseer:45
beir500k-f32,neg40_cat17,neg40,224270,pathseer,512,2,45,1.0000,1.0000,0.00000,5.945,7.770,8.724,5.968,10031.8,0.0,10733.0,1116.7,11.0,42.0,721.1,264.0,4944.2,11.3,0.00,pathseer:45
beir500k-f32,neg40_cat17,neg40,224270,pathseer,512,3,45,1.0000,1.0000,0.00000,5.914,7.724,8.784,5.970,10031.8,0.0,10733.0,1116.7,11.0,42.0,721.1,264.0,4944.2,11.3,0.00,pathseer:45
beir500k-f32,neg40_cat18,neg40,205532,sweeping,64,1,10,0.9900,0.9000,0.00019,16.427,23.748,23.748,14.952,22520.0,0.0,7042.5,5112.9,4.0,237.0,0.0,0.0,0.0,0.0,0.00,sweeping:10
beir500k-f32,neg40_cat18,neg40,205532,sweeping,64,2,10,0.9900,0.9000,0.00019,16.158,23.508,23.508,14.845,22520.0,0.0,7042.5,5112.9,4.0,237.0,0.0,0.0,0.0,0.0,0.00,sweeping:10
beir500k-f32,neg40_cat18,neg40,205532,sweeping,64,3,10,0.9900,0.9000,0.00019,16.352,23.475,23.475,14.879,22520.0,0.0,7042.5,5112.9,4.0,237.0,0.0,0.0,0.0,0.0,0.00,sweeping:10
beir500k-f32,neg40_cat18,neg40,205532,sweeping,128,1,10,1.0000,1.0000,0.00000,22.316,33.843,33.843,20.705,30299.3,0.0,10104.1,7386.4,6.0,488.0,0.0,0.0,0.0,0.0,0.00,sweeping:10
beir500k-f32,neg40_cat18,neg40,205532,sweeping,128,2,10,1.0000,1.0000,0.00000,22.829,34.455,34.455,21.000,30299.3,0.0,10104.1,7386.4,6.0,488.0,0.0,0.0,0.0,0.0,0.00,sweeping:10
beir500k-f32,neg40_cat18,neg40,205532,sweeping,128,3,10,1.0000,1.0000,0.00000,22.435,33.749,33.749,20.792,30299.3,0.0,10104.1,7386.4,6.0,488.0,0.0,0.0,0.0,0.0,0.00,sweeping:10
beir500k-f32,neg40_cat18,neg40,205532,sweeping,256,1,10,1.0000,1.0000,0.00000,30.530,45.634,45.634,28.383,40677.2,0.0,14220.6,9978.2,11.0,962.0,0.0,0.0,0.0,0.0,0.00,sweeping:10
beir500k-f32,neg40_cat18,neg40,205532,sweeping,256,2,10,1.0000,1.0000,0.00000,30.718,45.350,45.350,28.294,40677.2,0.0,14220.6,9978.2,11.0,962.0,0.0,0.0,0.0,0.0,0.00,sweeping:10
beir500k-f32,neg40_cat18,neg40,205532,sweeping,256,3,10,1.0000,1.0000,0.00000,30.407,45.883,45.883,28.141,40677.2,0.0,14220.6,9978.2,11.0,962.0,0.0,0.0,0.0,0.0,0.00,sweeping:10
beir500k-f32,neg40_cat18,neg40,205532,sweeping,512,1,10,1.0000,1.0000,0.00000,42.028,59.523,59.523,37.697,54746.2,0.0,20024.5,13084.5,24.0,1919.0,0.0,0.0,0.0,0.0,0.00,sweeping:10
beir500k-f32,neg40_cat18,neg40,205532,sweeping,512,2,10,1.0000,1.0000,0.00000,42.237,59.579,59.579,37.751,54746.2,0.0,20024.5,13084.5,24.0,1919.0,0.0,0.0,0.0,0.0,0.00,sweeping:10
beir500k-f32,neg40_cat18,neg40,205532,sweeping,512,3,10,1.0000,1.0000,0.00000,42.231,59.602,59.602,37.734,54746.2,0.0,20024.5,13084.5,24.0,1919.0,0.0,0.0,0.0,0.0,0.00,sweeping:10
beir500k-f32,neg40_cat18,neg40,205532,acorn,64,1,10,0.9900,0.9000,0.00019,16.537,23.618,23.618,14.885,22520.0,0.0,7042.5,5112.9,4.0,237.0,0.0,0.0,0.0,0.0,0.00,sweeping:10
beir500k-f32,neg40_cat18,neg40,205532,acorn,64,2,10,0.9900,0.9000,0.00019,16.179,23.538,23.538,14.857,22520.0,0.0,7042.5,5112.9,4.0,237.0,0.0,0.0,0.0,0.0,0.00,sweeping:10
beir500k-f32,neg40_cat18,neg40,205532,acorn,64,3,10,0.9900,0.9000,0.00019,16.174,23.681,23.681,14.884,22520.0,0.0,7042.5,5112.9,4.0,237.0,0.0,0.0,0.0,0.0,0.00,sweeping:10
beir500k-f32,neg40_cat18,neg40,205532,acorn,128,1,10,1.0000,1.0000,0.00000,22.432,33.775,33.775,20.724,30299.3,0.0,10104.1,7386.4,6.0,488.0,0.0,0.0,0.0,0.0,0.00,sweeping:10
beir500k-f32,neg40_cat18,neg40,205532,acorn,128,2,10,1.0000,1.0000,0.00000,22.398,33.867,33.867,20.770,30299.3,0.0,10104.1,7386.4,6.0,488.0,0.0,0.0,0.0,0.0,0.00,sweeping:10
beir500k-f32,neg40_cat18,neg40,205532,acorn,128,3,10,1.0000,1.0000,0.00000,22.384,34.083,34.083,20.740,30299.3,0.0,10104.1,7386.4,6.0,488.0,0.0,0.0,0.0,0.0,0.00,sweeping:10
beir500k-f32,neg40_cat18,neg40,205532,acorn,256,1,10,1.0000,1.0000,0.00000,30.459,45.371,45.371,28.062,40677.2,0.0,14220.6,9978.2,11.0,962.0,0.0,0.0,0.0,0.0,0.00,sweeping:10
beir500k-f32,neg40_cat18,neg40,205532,acorn,256,2,10,1.0000,1.0000,0.00000,30.584,45.387,45.387,28.056,40677.2,0.0,14220.6,9978.2,11.0,962.0,0.0,0.0,0.0,0.0,0.00,sweeping:10
beir500k-f32,neg40_cat18,neg40,205532,acorn,256,3,10,1.0000,1.0000,0.00000,30.495,45.186,45.186,28.096,40677.2,0.0,14220.6,9978.2,11.0,962.0,0.0,0.0,0.0,0.0,0.00,sweeping:10
beir500k-f32,neg40_cat18,neg40,205532,acorn,512,1,10,1.0000,1.0000,0.00000,42.097,59.221,59.221,37.657,54746.2,0.0,20024.5,13084.5,24.0,1919.0,0.0,0.0,0.0,0.0,0.00,sweeping:10
beir500k-f32,neg40_cat18,neg40,205532,acorn,512,2,10,1.0000,1.0000,0.00000,42.147,59.745,59.745,37.802,54746.2,0.0,20024.5,13084.5,24.0,1919.0,0.0,0.0,0.0,0.0,0.00,sweeping:10
beir500k-f32,neg40_cat18,neg40,205532,acorn,512,3,10,1.0000,1.0000,0.00000,42.138,59.728,59.728,37.809,54746.2,0.0,20024.5,13084.5,24.0,1919.0,0.0,0.0,0.0,0.0,0.00,sweeping:10
beir500k-f32,neg40_cat18,neg40,205532,pathseer,64,1,10,0.9900,0.9000,0.00019,4.405,5.311,5.311,3.663,3926.6,0.0,15475.3,2116.7,4.0,225.0,166.4,9.0,9931.8,2.6,0.00,pathseer:10
beir500k-f32,neg40_cat18,neg40,205532,pathseer,64,2,10,0.9900,0.9000,0.00019,4.401,5.386,5.386,3.625,3926.6,0.0,15475.3,2116.7,4.0,225.0,166.4,9.0,9931.8,2.6,0.00,pathseer:10
beir500k-f32,neg40_cat18,neg40,205532,pathseer,64,3,10,0.9900,0.9000,0.00019,4.358,5.296,5.296,3.640,3926.6,0.0,15475.3,2116.7,4.0,225.0,166.4,9.0,9931.8,2.6,0.00,pathseer:10
beir500k-f32,neg40_cat18,neg40,205532,pathseer,128,1,10,1.0000,1.0000,0.00000,6.898,9.068,9.068,6.174,6645.2,0.0,22069.5,3533.3,6.0,476.0,294.4,15.8,12872.5,4.6,0.00,pathseer:10
beir500k-f32,neg40_cat18,neg40,205532,pathseer,128,2,10,1.0000,1.0000,0.00000,6.993,9.075,9.075,6.201,6645.2,0.0,22069.5,3533.3,6.0,476.0,294.4,15.8,12872.5,4.6,0.00,pathseer:10
beir500k-f32,neg40_cat18,neg40,205532,pathseer,128,3,10,1.0000,1.0000,0.00000,6.888,9.087,9.087,6.139,6645.2,0.0,22069.5,3533.3,6.0,476.0,294.4,15.8,12872.5,4.6,0.00,pathseer:10
beir500k-f32,neg40_cat18,neg40,205532,pathseer,256,1,10,1.0000,1.0000,0.00000,11.775,14.696,14.696,10.506,11076.2,0.0,30438.4,5519.6,10.0,907.0,588.8,32.6,15959.1,9.2,0.00,pathseer:10
beir500k-f32,neg40_cat18,neg40,205532,pathseer,256,2,10,1.0000,1.0000,0.00000,11.521,14.725,14.725,10.748,11076.2,0.0,30438.4,5519.6,10.0,907.0,588.8,32.6,15959.1,9.2,0.00,pathseer:10
beir500k-f32,neg40_cat18,neg40,205532,pathseer,256,3,10,1.0000,1.0000,0.00000,12.793,14.991,14.991,10.757,11076.2,0.0,30438.4,5519.6,10.0,907.0,588.8,32.6,15959.1,9.2,0.00,pathseer:10
beir500k-f32,neg40_cat18,neg40,205532,pathseer,512,1,10,1.0000,1.0000,0.00000,18.376,24.054,24.054,17.018,18341.7,0.0,42046.3,8331.5,22.0,1844.0,1299.2,61.7,19546.4,20.3,0.00,pathseer:10
beir500k-f32,neg40_cat18,neg40,205532,pathseer,512,2,10,1.0000,1.0000,0.00000,18.425,23.766,23.766,16.953,18341.7,0.0,42046.3,8331.5,22.0,1844.0,1299.2,61.7,19546.4,20.3,0.00,pathseer:10
beir500k-f32,neg40_cat18,neg40,205532,pathseer,512,3,10,1.0000,1.0000,0.00000,18.489,23.690,23.690,16.936,18341.7,0.0,42046.3,8331.5,22.0,1844.0,1299.2,61.7,19546.4,20.3,0.00,pathseer:10
beir500k-f32,neg40_cat19,neg40,204140,sweeping,64,1,60,0.9417,0.7833,0.00018,8.675,17.293,18.378,9.187,14485.1,0.0,4444.2,3036.6,4.0,137.0,0.0,0.0,0.0,0.0,0.00,sweeping:60
beir500k-f32,neg40_cat19,neg40,204140,sweeping,64,2,60,0.9417,0.7833,0.00018,8.770,17.826,18.513,9.250,14485.1,0.0,4444.2,3036.6,4.0,137.0,0.0,0.0,0.0,0.0,0.00,sweeping:60
beir500k-f32,neg40_cat19,neg40,204140,sweeping,64,3,60,0.9417,0.7833,0.00018,8.718,17.480,18.277,9.218,14485.1,0.0,4444.2,3036.6,4.0,137.0,0.0,0.0,0.0,0.0,0.00,sweeping:60
beir500k-f32,neg40_cat19,neg40,204140,sweeping,128,1,60,0.9517,0.8000,0.00010,12.730,21.637,22.781,12.479,19340.4,0.0,6044.8,4045.2,7.0,270.0,0.0,0.0,0.0,0.0,0.00,sweeping:60
beir500k-f32,neg40_cat19,neg40,204140,sweeping,128,2,60,0.9517,0.8000,0.00010,12.165,21.721,22.563,12.396,19340.4,0.0,6044.8,4045.2,7.0,270.0,0.0,0.0,0.0,0.0,0.00,sweeping:60
beir500k-f32,neg40_cat19,neg40,204140,sweeping,128,3,60,0.9517,0.8000,0.00010,12.298,21.598,22.629,12.373,19340.4,0.0,6044.8,4045.2,7.0,270.0,0.0,0.0,0.0,0.0,0.00,sweeping:60
beir500k-f32,neg40_cat19,neg40,204140,sweeping,256,1,60,0.9550,0.8333,0.00007,17.813,26.487,28.314,16.994,26342.2,0.0,8358.2,5456.1,15.0,649.0,0.0,0.0,0.0,0.0,0.00,sweeping:60
beir500k-f32,neg40_cat19,neg40,204140,sweeping,256,2,60,0.9550,0.8333,0.00007,17.953,27.877,28.149,17.056,26342.2,0.0,8358.2,5456.1,15.0,649.0,0.0,0.0,0.0,0.0,0.00,sweeping:60
beir500k-f32,neg40_cat19,neg40,204140,sweeping,256,3,60,0.9550,0.8333,0.00007,17.895,26.602,28.241,17.030,26342.2,0.0,8358.2,5456.1,15.0,649.0,0.0,0.0,0.0,0.0,0.00,sweeping:60
beir500k-f32,neg40_cat19,neg40,204140,sweeping,512,1,60,0.9583,0.8500,0.00004,25.479,34.931,35.406,23.852,36464.9,0.0,11728.5,7502.2,31.0,1238.0,0.0,0.0,0.0,0.0,0.00,sweeping:60
beir500k-f32,neg40_cat19,neg40,204140,sweeping,512,2,60,0.9583,0.8500,0.00004,25.084,34.417,36.364,23.840,36464.9,0.0,11728.5,7502.2,31.0,1238.0,0.0,0.0,0.0,0.0,0.00,sweeping:60
beir500k-f32,neg40_cat19,neg40,204140,sweeping,512,3,60,0.9583,0.8500,0.00004,25.254,35.043,41.946,24.386,36464.9,0.0,11728.5,7502.2,31.0,1238.0,0.0,0.0,0.0,0.0,0.00,sweeping:60
beir500k-f32,neg40_cat19,neg40,204140,acorn,64,1,60,0.9417,0.7833,0.00018,8.973,17.239,18.372,9.266,14485.1,0.0,4444.2,3036.6,4.0,137.0,0.0,0.0,0.0,0.0,0.00,sweeping:60
beir500k-f32,neg40_cat19,neg40,204140,acorn,64,2,60,0.9417,0.7833,0.00018,8.996,17.203,18.428,9.250,14485.1,0.0,4444.2,3036.6,4.0,137.0,0.0,0.0,0.0,0.0,0.00,sweeping:60
beir500k-f32,neg40_cat19,neg40,204140,acorn,64,3,60,0.9417,0.7833,0.00018,8.736,17.260,18.305,9.190,14485.1,0.0,4444.2,3036.6,4.0,137.0,0.0,0.0,0.0,0.0,0.00,sweeping:60
beir500k-f32,neg40_cat19,neg40,204140,acorn,128,1,60,0.9517,0.8000,0.00010,12.136,21.533,22.985,12.401,19340.4,0.0,6044.8,4045.2,7.0,270.0,0.0,0.0,0.0,0.0,0.00,sweeping:60
beir500k-f32,neg40_cat19,neg40,204140,acorn,128,2,60,0.9517,0.8000,0.00010,12.269,21.754,23.033,12.452,19340.4,0.0,6044.8,4045.2,7.0,270.0,0.0,0.0,0.0,0.0,0.00,sweeping:60
beir500k-f32,neg40_cat19,neg40,204140,acorn,128,3,60,0.9517,0.8000,0.00010,12.705,21.680,22.884,12.489,19340.4,0.0,6044.8,4045.2,7.0,270.0,0.0,0.0,0.0,0.0,0.00,sweeping:60
beir500k-f32,neg40_cat19,neg40,204140,acorn,256,1,60,0.9550,0.8333,0.00007,18.475,26.893,28.189,17.128,26342.2,0.0,8358.2,5456.1,15.0,649.0,0.0,0.0,0.0,0.0,0.00,sweeping:60
beir500k-f32,neg40_cat19,neg40,204140,acorn,256,2,60,0.9550,0.8333,0.00007,18.357,26.458,28.281,17.072,26342.2,0.0,8358.2,5456.1,15.0,649.0,0.0,0.0,0.0,0.0,0.00,sweeping:60
beir500k-f32,neg40_cat19,neg40,204140,acorn,256,3,60,0.9550,0.8333,0.00007,18.446,28.044,30.416,17.429,26342.2,0.0,8358.2,5456.1,15.0,649.0,0.0,0.0,0.0,0.0,0.00,sweeping:60
beir500k-f32,neg40_cat19,neg40,204140,acorn,512,1,60,0.9583,0.8500,0.00004,25.157,34.971,36.044,23.797,36464.9,0.0,11728.5,7502.2,31.0,1238.0,0.0,0.0,0.0,0.0,0.00,sweeping:60
beir500k-f32,neg40_cat19,neg40,204140,acorn,512,2,60,0.9583,0.8500,0.00004,25.043,34.504,35.731,23.784,36464.9,0.0,11728.5,7502.2,31.0,1238.0,0.0,0.0,0.0,0.0,0.00,sweeping:60
beir500k-f32,neg40_cat19,neg40,204140,acorn,512,3,60,0.9583,0.8500,0.00004,25.098,35.219,35.623,23.789,36464.9,0.0,11728.5,7502.2,31.0,1238.0,0.0,0.0,0.0,0.0,0.00,sweeping:60
beir500k-f32,neg40_cat19,neg40,204140,pathseer,64,1,60,0.9217,0.7000,0.00118,2.395,5.471,6.111,2.751,3204.2,0.0,10058.0,1386.7,4.0,108.0,189.9,14.7,6081.2,3.0,0.00,pathseer:60
beir500k-f32,neg40_cat19,neg40,204140,pathseer,64,2,60,0.9217,0.7000,0.00118,2.392,5.454,6.234,2.751,3204.2,0.0,10058.0,1386.7,4.0,108.0,189.9,14.7,6081.2,3.0,0.00,pathseer:60
beir500k-f32,neg40_cat19,neg40,204140,pathseer,64,3,60,0.9217,0.7000,0.00118,2.398,5.407,6.210,2.732,3204.2,0.0,10058.0,1386.7,4.0,108.0,189.9,14.7,6081.2,3.0,0.00,pathseer:60
beir500k-f32,neg40_cat19,neg40,204140,pathseer,128,1,60,0.9483,0.8000,0.00009,4.228,8.300,8.530,4.437,5266.2,0.0,14187.3,2135.7,6.0,222.0,355.2,27.7,7958.9,5.5,0.00,pathseer:60
beir500k-f32,neg40_cat19,neg40,204140,pathseer,128,2,60,0.9483,0.8000,0.00009,4.199,8.318,8.678,4.437,5266.2,0.0,14187.3,2135.7,6.0,222.0,355.2,27.7,7958.9,5.5,0.00,pathseer:60
beir500k-f32,neg40_cat19,neg40,204140,pathseer,128,3,60,0.9483,0.8000,0.00009,4.235,8.179,8.643,4.433,5266.2,0.0,14187.3,2135.7,6.0,222.0,355.2,27.7,7958.9,5.5,0.00,pathseer:60
beir500k-f32,neg40_cat19,neg40,204140,pathseer,256,1,60,0.9533,0.8167,0.00009,7.296,12.416,12.641,7.410,8801.6,0.0,20688.9,3387.6,12.0,556.0,774.4,53.1,10509.2,12.1,0.00,pathseer:60
beir500k-f32,neg40_cat19,neg40,204140,pathseer,256,2,60,0.9533,0.8167,0.00009,7.273,12.500,12.827,7.500,8801.6,0.0,20688.9,3387.6,12.0,556.0,774.4,53.1,10509.2,12.1,0.00,pathseer:60
beir500k-f32,neg40_cat19,neg40,204140,pathseer,256,3,60,0.9533,0.8167,0.00009,7.345,12.476,12.603,7.388,8801.6,0.0,20688.9,3387.6,12.0,556.0,774.4,53.1,10509.2,12.1,0.00,pathseer:60
beir500k-f32,neg40_cat19,neg40,204140,pathseer,512,1,60,0.9450,0.8500,0.00004,11.733,18.623,18.960,11.813,14174.9,0.0,29787.0,5135.6,24.0,1040.0,1752.2,116.4,13779.9,27.4,0.00,pathseer:60
beir500k-f32,neg40_cat19,neg40,204140,pathseer,512,2,60,0.9450,0.8500,0.00004,11.967,18.591,19.227,11.922,14174.9,0.0,29787.0,5135.6,24.0,1040.0,1752.2,116.4,13779.9,27.4,0.00,pathseer:60
beir500k-f32,neg40_cat19,neg40,204140,pathseer,512,3,60,0.9450,0.8500,0.00004,11.759,19.010,19.494,11.892,14174.9,0.0,29787.0,5135.6,24.0,1040.0,1752.2,116.4,13779.9,27.4,0.00,pathseer:60
beir500k-f32,neg40_cat20,neg40,212946,sweeping,64,1,67,0.9761,0.8209,0.00039,12.090,23.701,26.635,11.828,20691.3,0.0,4353.8,2708.3,4.0,59.0,0.0,0.0,0.0,0.0,0.00,sweeping:67
beir500k-f32,neg40_cat20,neg40,212946,sweeping,64,2,67,0.9761,0.8209,0.00039,11.988,23.534,28.297,11.910,20691.3,0.0,4353.8,2708.3,4.0,59.0,0.0,0.0,0.0,0.0,0.00,sweeping:67
beir500k-f32,neg40_cat20,neg40,212946,sweeping,64,3,67,0.9761,0.8209,0.00039,12.139,23.588,26.440,11.827,20691.3,0.0,4353.8,2708.3,4.0,59.0,0.0,0.0,0.0,0.0,0.00,sweeping:67
beir500k-f32,neg40_cat20,neg40,212946,sweeping,128,1,67,0.9791,0.8209,0.00035,17.511,32.589,33.815,17.117,29311.5,0.0,6656.1,4059.5,6.0,122.0,0.0,0.0,0.0,0.0,0.00,sweeping:67
beir500k-f32,neg40_cat20,neg40,212946,sweeping,128,2,67,0.9791,0.8209,0.00035,17.759,33.245,34.009,17.216,29311.5,0.0,6656.1,4059.5,6.0,122.0,0.0,0.0,0.0,0.0,0.00,sweeping:67
beir500k-f32,neg40_cat20,neg40,212946,sweeping,128,3,67,0.9791,0.8209,0.00035,17.729,32.789,33.992,17.206,29311.5,0.0,6656.1,4059.5,6.0,122.0,0.0,0.0,0.0,0.0,0.00,sweeping:67
beir500k-f32,neg40_cat20,neg40,212946,sweeping,256,1,67,0.9910,0.9104,0.00019,25.536,44.459,49.684,24.561,41022.6,0.0,10214.8,6083.1,12.0,223.0,0.0,0.0,0.0,0.0,0.00,sweeping:67
beir500k-f32,neg40_cat20,neg40,212946,sweeping,256,2,67,0.9910,0.9104,0.00019,25.930,44.357,46.068,24.569,41022.6,0.0,10214.8,6083.1,12.0,223.0,0.0,0.0,0.0,0.0,0.00,sweeping:67
beir500k-f32,neg40_cat20,neg40,212946,sweeping,256,3,67,0.9910,0.9104,0.00019,25.599,44.544,46.307,24.603,41022.6,0.0,10214.8,6083.1,12.0,223.0,0.0,0.0,0.0,0.0,0.00,sweeping:67
beir500k-f32,neg40_cat20,neg40,212946,sweeping,512,1,67,0.9970,0.9701,0.00005,37.116,59.328,62.339,35.608,57660.4,0.0,15748.8,9324.9,27.0,475.0,0.0,0.0,0.0,0.0,0.00,sweeping:67
beir500k-f32,neg40_cat20,neg40,212946,sweeping,512,2,67,0.9970,0.9701,0.00005,37.007,59.848,62.619,35.525,57660.4,0.0,15748.8,9324.9,27.0,475.0,0.0,0.0,0.0,0.0,0.00,sweeping:67
beir500k-f32,neg40_cat20,neg40,212946,sweeping,512,3,67,0.9970,0.9701,0.00005,37.014,60.116,70.050,35.905,57660.4,0.0,15748.8,9324.9,27.0,475.0,0.0,0.0,0.0,0.0,0.00,sweeping:67
beir500k-f32,neg40_cat20,neg40,212946,acorn,64,1,67,0.9761,0.8209,0.00039,11.996,23.876,26.627,11.866,20691.3,0.0,4353.8,2708.3,4.0,59.0,0.0,0.0,0.0,0.0,0.00,sweeping:67
beir500k-f32,neg40_cat20,neg40,212946,acorn,64,2,67,0.9761,0.8209,0.00039,12.042,23.350,26.571,11.864,20691.3,0.0,4353.8,2708.3,4.0,59.0,0.0,0.0,0.0,0.0,0.00,sweeping:67
beir500k-f32,neg40_cat20,neg40,212946,acorn,64,3,67,0.9761,0.8209,0.00039,12.010,23.479,27.999,11.999,20691.3,0.0,4353.8,2708.3,4.0,59.0,0.0,0.0,0.0,0.0,0.00,sweeping:67
beir500k-f32,neg40_cat20,neg40,212946,acorn,128,1,67,0.9791,0.8209,0.00035,17.675,33.146,34.334,17.251,29311.5,0.0,6656.1,4059.5,6.0,122.0,0.0,0.0,0.0,0.0,0.00,sweeping:67
beir500k-f32,neg40_cat20,neg40,212946,acorn,128,2,67,0.9791,0.8209,0.00035,17.485,32.985,33.790,17.114,29311.5,0.0,6656.1,4059.5,6.0,122.0,0.0,0.0,0.0,0.0,0.00,sweeping:67
beir500k-f32,neg40_cat20,neg40,212946,acorn,128,3,67,0.9791,0.8209,0.00035,17.531,33.329,34.982,17.164,29311.5,0.0,6656.1,4059.5,6.0,122.0,0.0,0.0,0.0,0.0,0.00,sweeping:67
beir500k-f32,neg40_cat20,neg40,212946,acorn,256,1,67,0.9910,0.9104,0.00019,26.153,44.459,46.022,24.664,41022.6,0.0,10214.8,6083.1,12.0,223.0,0.0,0.0,0.0,0.0,0.00,sweeping:67
beir500k-f32,neg40_cat20,neg40,212946,acorn,256,2,67,0.9910,0.9104,0.00019,25.459,44.726,46.004,24.601,41022.6,0.0,10214.8,6083.1,12.0,223.0,0.0,0.0,0.0,0.0,0.00,sweeping:67
beir500k-f32,neg40_cat20,neg40,212946,acorn,256,3,67,0.9910,0.9104,0.00019,25.407,46.015,47.877,24.707,41022.6,0.0,10214.8,6083.1,12.0,223.0,0.0,0.0,0.0,0.0,0.00,sweeping:67
beir500k-f32,neg40_cat20,neg40,212946,acorn,512,1,67,0.9970,0.9701,0.00005,37.711,59.106,62.587,35.525,57660.4,0.0,15748.8,9324.9,27.0,475.0,0.0,0.0,0.0,0.0,0.00,sweeping:67
beir500k-f32,neg40_cat20,neg40,212946,acorn,512,2,67,0.9970,0.9701,0.00005,36.999,59.701,61.818,35.600,57660.4,0.0,15748.8,9324.9,27.0,475.0,0.0,0.0,0.0,0.0,0.00,sweeping:67
beir500k-f32,neg40_cat20,neg40,212946,acorn,512,3,67,0.9970,0.9701,0.00005,37.432,59.495,62.645,35.625,57660.4,0.0,15748.8,9324.9,27.0,475.0,0.0,0.0,0.0,0.0,0.00,sweeping:67
beir500k-f32,neg40_cat20,neg40,212946,pathseer,64,1,67,0.9418,0.6866,0.00089,1.869,4.122,4.537,2.178,2759.7,0.0,8991.6,808.8,3.0,37.0,149.0,17.6,6243.5,2.3,0.00,pathseer:67
beir500k-f32,neg40_cat20,neg40,212946,pathseer,64,2,67,0.9418,0.6866,0.00089,1.855,4.107,4.670,2.174,2759.7,0.0,8991.6,808.8,3.0,37.0,149.0,17.6,6243.5,2.3,0.00,pathseer:67
beir500k-f32,neg40_cat20,neg40,212946,pathseer,64,3,67,0.9418,0.6866,0.00089,1.857,4.258,4.507,2.177,2759.7,0.0,8991.6,808.8,3.0,37.0,149.0,17.6,6243.5,2.3,0.00,pathseer:67
beir500k-f32,neg40_cat20,neg40,212946,pathseer,128,1,67,0.9746,0.8060,0.00042,3.529,7.343,7.631,3.827,4857.2,0.0,14431.4,1409.9,5.0,96.0,286.6,36.0,9619.6,4.5,0.00,pathseer:67
beir500k-f32,neg40_cat20,neg40,212946,pathseer,128,2,67,0.9746,0.8060,0.00042,3.542,7.322,7.652,3.828,4857.2,0.0,14431.4,1409.9,5.0,96.0,286.6,36.0,9619.6,4.5,0.00,pathseer:67
beir500k-f32,neg40_cat20,neg40,212946,pathseer,128,3,67,0.9746,0.8060,0.00042,3.560,7.317,7.642,3.903,4857.2,0.0,14431.4,1409.9,5.0,96.0,286.6,36.0,9619.6,4.5,0.00,pathseer:67
beir500k-f32,neg40_cat20,neg40,212946,pathseer,256,1,67,0.9881,0.8955,0.00022,6.221,11.905,12.076,6.590,8415.3,0.0,22462.2,2403.0,9.0,169.0,597.0,71.7,14188.2,9.3,0.00,pathseer:67
beir500k-f32,neg40_cat20,neg40,212946,pathseer,256,2,67,0.9881,0.8955,0.00022,6.248,11.862,12.214,6.588,8415.3,0.0,22462.2,2403.0,9.0,169.0,597.0,71.7,14188.2,9.3,0.00,pathseer:67
beir500k-f32,neg40_cat20,neg40,212946,pathseer,256,3,67,0.9881,0.8955,0.00022,6.282,11.870,11.977,6.600,8415.3,0.0,22462.2,2403.0,9.0,169.0,597.0,71.7,14188.2,9.3,0.00,pathseer:67
beir500k-f32,neg40_cat20,neg40,212946,pathseer,512,1,67,0.9955,0.9552,0.00005,11.370,19.339,20.266,11.385,14455.0,0.0,34725.3,4105.9,18.0,368.0,1381.7,152.8,20455.4,21.6,0.00,pathseer:67
beir500k-f32,neg40_cat20,neg40,212946,pathseer,512,2,67,0.9955,0.9552,0.00005,11.379,19.519,20.070,11.461,14455.0,0.0,34725.3,4105.9,18.0,368.0,1381.7,152.8,20455.4,21.6,0.00,pathseer:67
beir500k-f32,neg40_cat20,neg40,212946,pathseer,512,3,67,0.9955,0.9552,0.00005,11.382,20.219,20.458,11.565,14455.0,0.0,34725.3,4105.9,18.0,368.0,1381.7,152.8,20455.4,21.6,0.00,pathseer:67
beir500k-f32,neg40_cat21,neg40,200035,sweeping,64,1,61,0.9787,0.8361,0.00014,12.519,23.031,26.295,12.268,20926.3,0.0,4751.1,2924.7,4.0,77.0,0.0,0.0,0.0,0.0,0.00,sweeping:61
beir500k-f32,neg40_cat21,neg40,200035,sweeping,64,2,61,0.9787,0.8361,0.00014,12.235,22.972,26.240,12.160,20926.3,0.0,4751.1,2924.7,4.0,77.0,0.0,0.0,0.0,0.0,0.00,sweeping:61
beir500k-f32,neg40_cat21,neg40,200035,sweeping,64,3,61,0.9787,0.8361,0.00014,12.120,23.397,26.070,12.223,20926.3,0.0,4751.1,2924.7,4.0,77.0,0.0,0.0,0.0,0.0,0.00,sweeping:61
beir500k-f32,neg40_cat21,neg40,200035,sweeping,128,1,61,0.9852,0.9016,0.00005,17.314,30.434,33.444,16.807,28239.7,0.0,6786.3,4055.9,6.0,149.0,0.0,0.0,0.0,0.0,0.00,sweeping:61
beir500k-f32,neg40_cat21,neg40,200035,sweeping,128,2,61,0.9852,0.9016,0.00005,17.073,30.121,33.189,16.707,28239.7,0.0,6786.3,4055.9,6.0,149.0,0.0,0.0,0.0,0.0,0.00,sweeping:61
beir500k-f32,neg40_cat21,neg40,200035,sweeping,128,3,61,0.9852,0.9016,0.00005,16.925,30.054,33.214,16.623,28239.7,0.0,6786.3,4055.9,6.0,149.0,0.0,0.0,0.0,0.0,0.00,sweeping:61
beir500k-f32,neg40_cat21,neg40,200035,sweeping,256,1,61,0.9885,0.9344,0.00003,23.700,39.848,43.763,22.931,38281.3,0.0,9704.1,5654.7,13.0,260.0,0.0,0.0,0.0,0.0,0.00,sweeping:61
beir500k-f32,neg40_cat21,neg40,200035,sweeping,256,2,61,0.9885,0.9344,0.00003,23.617,39.968,43.891,22.852,38281.3,0.0,9704.1,5654.7,13.0,260.0,0.0,0.0,0.0,0.0,0.00,sweeping:61
beir500k-f32,neg40_cat21,neg40,200035,sweeping,256,3,61,0.9885,0.9344,0.00003,23.770,40.192,44.141,22.959,38281.3,0.0,9704.1,5654.7,13.0,260.0,0.0,0.0,0.0,0.0,0.00,sweeping:61
beir500k-f32,neg40_cat21,neg40,200035,sweeping,512,1,61,0.9885,0.9344,0.00003,32.823,53.914,65.933,32.147,52136.7,0.0,13959.0,7955.0,27.0,539.0,0.0,0.0,0.0,0.0,0.00,sweeping:61
beir500k-f32,neg40_cat21,neg40,200035,sweeping,512,2,61,0.9885,0.9344,0.00003,33.058,53.529,59.403,31.787,52136.7,0.0,13959.0,7955.0,27.0,539.0,0.0,0.0,0.0,0.0,0.00,sweeping:61
beir500k-f32,neg40_cat21,neg40,200035,sweeping,512,3,61,0.9885,0.9344,0.00003,32.951,53.333,59.479,31.683,52136.7,0.0,13959.0,7955.0,27.0,539.0,0.0,0.0,0.0,0.0,0.00,sweeping:61
beir500k-f32,neg40_cat21,neg40,200035,acorn,64,1,61,0.9787,0.8361,0.00014,12.285,22.945,26.436,12.267,20926.3,0.0,4751.1,2924.7,4.0,77.0,0.0,0.0,0.0,0.0,0.00,sweeping:61
beir500k-f32,neg40_cat21,neg40,200035,acorn,64,2,61,0.9787,0.8361,0.00014,12.103,23.195,26.173,12.172,20926.3,0.0,4751.1,2924.7,4.0,77.0,0.0,0.0,0.0,0.0,0.00,sweeping:61
beir500k-f32,neg40_cat21,neg40,200035,acorn,64,3,61,0.9787,0.8361,0.00014,12.226,23.349,26.384,12.227,20926.3,0.0,4751.1,2924.7,4.0,77.0,0.0,0.0,0.0,0.0,0.00,sweeping:61
beir500k-f32,neg40_cat21,neg40,200035,acorn,128,1,61,0.9852,0.9016,0.00005,16.918,30.204,33.521,16.625,28239.7,0.0,6786.3,4055.9,6.0,149.0,0.0,0.0,0.0,0.0,0.00,sweeping:61
beir500k-f32,neg40_cat21,neg40,200035,acorn,128,2,61,0.9852,0.9016,0.00005,16.925,30.253,33.419,16.703,28239.7,0.0,6786.3,4055.9,6.0,149.0,0.0,0.0,0.0,0.0,0.00,sweeping:61
beir500k-f32,neg40_cat21,neg40,200035,acorn,128,3,61,0.9852,0.9016,0.00005,16.869,30.273,33.479,16.623,28239.7,0.0,6786.3,4055.9,6.0,149.0,0.0,0.0,0.0,0.0,0.00,sweeping:61
beir500k-f32,neg40_cat21,neg40,200035,acorn,256,1,61,0.9885,0.9344,0.00003,23.614,40.200,43.927,22.967,38281.3,0.0,9704.1,5654.7,13.0,260.0,0.0,0.0,0.0,0.0,0.00,sweeping:61
beir500k-f32,neg40_cat21,neg40,200035,acorn,256,2,61,0.9885,0.9344,0.00003,23.550,39.929,43.903,22.848,38281.3,0.0,9704.1,5654.7,13.0,260.0,0.0,0.0,0.0,0.0,0.00,sweeping:61
beir500k-f32,neg40_cat21,neg40,200035,acorn,256,3,61,0.9885,0.9344,0.00003,23.541,39.960,43.694,22.977,38281.3,0.0,9704.1,5654.7,13.0,260.0,0.0,0.0,0.0,0.0,0.00,sweeping:61
beir500k-f32,neg40_cat21,neg40,200035,acorn,512,1,61,0.9885,0.9344,0.00003,32.886,53.633,59.693,31.635,52136.7,0.0,13959.0,7955.0,27.0,539.0,0.0,0.0,0.0,0.0,0.00,sweeping:61
beir500k-f32,neg40_cat21,neg40,200035,acorn,512,2,61,0.9885,0.9344,0.00003,32.863,53.448,59.563,31.648,52136.7,0.0,13959.0,7955.0,27.0,539.0,0.0,0.0,0.0,0.0,0.00,sweeping:61
beir500k-f32,neg40_cat21,neg40,200035,acorn,512,3,61,0.9885,0.9344,0.00003,32.939,53.381,59.371,31.761,52136.7,0.0,13959.0,7955.0,27.0,539.0,0.0,0.0,0.0,0.0,0.00,sweeping:61
beir500k-f32,neg40_cat21,neg40,200035,pathseer,64,1,61,0.9607,0.7705,0.00055,2.206,6.746,7.754,2.941,3608.3,0.0,11635.3,1271.9,3.0,58.0,154.2,17.5,7700.1,2.4,0.00,pathseer:61
beir500k-f32,neg40_cat21,neg40,200035,pathseer,64,2,61,0.9607,0.7705,0.00055,2.200,6.902,7.705,2.939,3608.3,0.0,11635.3,1271.9,3.0,58.0,154.2,17.5,7700.1,2.4,0.00,pathseer:61
beir500k-f32,neg40_cat21,neg40,200035,pathseer,64,3,61,0.9607,0.7705,0.00055,2.263,6.749,7.807,2.940,3608.3,0.0,11635.3,1271.9,3.0,58.0,154.2,17.5,7700.1,2.4,0.00,pathseer:61
beir500k-f32,neg40_cat21,neg40,200035,pathseer,128,1,61,0.9787,0.8852,0.00020,3.967,10.172,10.736,4.814,6011.8,0.0,16961.6,1962.2,5.0,110.0,280.1,34.5,10727.6,4.4,0.00,pathseer:61
beir500k-f32,neg40_cat21,neg40,200035,pathseer,128,2,61,0.9787,0.8852,0.00020,3.961,10.223,11.217,4.844,6011.8,0.0,16961.6,1962.2,5.0,110.0,280.1,34.5,10727.6,4.4,0.00,pathseer:61
beir500k-f32,neg40_cat21,neg40,200035,pathseer,128,3,61,0.9787,0.8852,0.00020,4.145,10.135,10.916,4.917,6011.8,0.0,16961.6,1962.2,5.0,110.0,280.1,34.5,10727.6,4.4,0.00,pathseer:61
beir500k-f32,neg40_cat21,neg40,200035,pathseer,256,1,61,0.9869,0.9344,0.00003,7.012,15.446,15.811,7.957,10046.3,0.0,24790.7,3034.2,10.0,227.0,592.8,62.9,14791.8,9.3,0.00,pathseer:61
beir500k-f32,neg40_cat21,neg40,200035,pathseer,256,2,61,0.9869,0.9344,0.00003,7.074,15.389,16.305,8.019,10046.3,0.0,24790.7,3034.2,10.0,227.0,592.8,62.9,14791.8,9.3,0.00,pathseer:61
beir500k-f32,neg40_cat21,neg40,200035,pathseer,256,3,61,0.9869,0.9344,0.00003,7.280,15.410,15.981,8.050,10046.3,0.0,24790.7,3034.2,10.0,227.0,592.8,62.9,14791.8,9.3,0.00,pathseer:61
beir500k-f32,neg40_cat21,neg40,200035,pathseer,512,1,61,0.9869,0.9344,0.00003,12.392,22.655,23.521,12.971,16543.6,0.0,35951.4,4713.4,20.0,472.0,1290.5,133.5,19962.4,20.2,0.00,pathseer:61
beir500k-f32,neg40_cat21,neg40,200035,pathseer,512,2,61,0.9869,0.9344,0.00003,12.320,22.726,23.479,12.983,16543.6,0.0,35951.4,4713.4,20.0,472.0,1290.5,133.5,19962.4,20.2,0.00,pathseer:61
beir500k-f32,neg40_cat21,neg40,200035,pathseer,512,3,61,0.9869,0.9344,0.00003,12.375,22.423,23.604,12.901,16543.6,0.0,35951.4,4713.4,20.0,472.0,1290.5,133.5,19962.4,20.2,0.00,pathseer:61
