dataset,filter,family,size,strategy,ef,pass,queries,recall_at_10,perfect_frac,sim_regret,p50_ms,p95_ms,p99_ms,mean_ms,mean_dist_comps,mean_seed_dist_comps,mean_filter_checks,mean_nodes_popped,median_pop_idx_cand_full,median_pop_idx_results_full,mean_twohop_examined,mean_twohop_appended,mean_prefilter_skips,mean_secondorder_allocs,mean_reencountered_burned,strategy_used
beir500k-f32,pos10_cat00,pos10,69460,pathseer,64,1,12,1.0000,1.0000,0.00000,0.895,1.029,1.109,0.887,1526.8,0.0,1298.3,104.8,3.0,4.0,112.0,29.7,610.8,1.8,46.00,pathseer:12
beir500k-f32,pos10_cat00,pos10,69460,pathseer,64,2,12,1.0000,1.0000,0.00000,0.904,0.989,1.078,0.878,1526.8,0.0,1298.3,104.8,3.0,4.0,112.0,29.7,610.8,1.8,46.00,pathseer:12
beir500k-f32,pos10_cat00,pos10,69460,pathseer,64,3,12,1.0000,1.0000,0.00000,0.904,0.989,1.085,0.881,1526.8,0.0,1298.3,104.8,3.0,4.0,112.0,29.7,610.8,1.8,46.00,pathseer:12
beir500k-f32,pos10_cat00,pos10,69460,pathseer-nc,64,1,12,1.0000,1.0000,0.00000,0.875,0.953,1.023,0.855,0.0,0.0,0.0,0.0,0.0,0.0,0.0,0.0,0.0,0.0,0.00,
beir500k-f32,pos10_cat00,pos10,69460,pathseer-nc,64,2,12,1.0000,1.0000,0.00000,0.859,0.917,1.022,0.839,0.0,0.0,0.0,0.0,0.0,0.0,0.0,0.0,0.0,0.0,0.00,
beir500k-f32,pos10_cat00,pos10,69460,pathseer-nc,64,3,12,1.0000,1.0000,0.00000,0.845,0.934,0.997,0.830,0.0,0.0,0.0,0.0,0.0,0.0,0.0,0.0,0.0,0.0,0.00,
beir500k-f32,pos10_cat00,pos10,69460,pathseer,128,1,12,1.0000,1.0000,0.00000,1.643,1.839,1.996,1.605,2729.7,0.0,2530.7,215.5,4.0,7.0,213.3,55.3,1288.5,3.3,115.08,pathseer:12
beir500k-f32,pos10_cat00,pos10,69460,pathseer,128,2,12,1.0000,1.0000,0.00000,1.635,1.873,2.096,1.658,2729.7,0.0,2530.7,215.5,4.0,7.0,213.3,55.3,1288.5,3.3,115.08,pathseer:12
beir500k-f32,pos10_cat00,pos10,69460,pathseer,128,3,12,1.0000,1.0000,0.00000,1.653,1.850,2.049,1.621,2729.7,0.0,2530.7,215.5,4.0,7.0,213.3,55.3,1288.5,3.3,115.08,pathseer:12
beir500k-f32,pos10_cat00,pos10,69460,pathseer-nc,128,1,12,1.0000,1.0000,0.00000,1.627,1.815,2.174,1.622,0.0,0.0,0.0,0.0,0.0,0.0,0.0,0.0,0.0,0.0,0.00,
beir500k-f32,pos10_cat00,pos10,69460,pathseer-nc,128,2,12,1.0000,1.0000,0.00000,1.731,1.872,2.285,1.699,0.0,0.0,0.0,0.0,0.0,0.0,0.0,0.0,0.0,0.0,0.00,
beir500k-f32,pos10_cat00,pos10,69460,pathseer-nc,128,3,12,1.0000,1.0000,0.00000,1.688,1.847,2.107,1.639,0.0,0.0,0.0,0.0,0.0,0.0,0.0,0.0,0.0,0.0,0.00,
beir500k-f32,pos10_cat00,pos10,69460,pathseer,256,1,12,1.0000,1.0000,0.00000,3.091,3.718,3.827,2.940,4764.2,0.0,4797.4,435.2,7.0,12.0,394.7,119.0,2522.7,6.2,282.50,pathseer:12
beir500k-f32,pos10_cat00,pos10,69460,pathseer,256,2,12,1.0000,1.0000,0.00000,3.073,3.778,3.843,2.965,4764.2,0.0,4797.4,435.2,7.0,12.0,394.7,119.0,2522.7,6.2,282.50,pathseer:12
beir500k-f32,pos10_cat00,pos10,69460,pathseer,256,3,12,1.0000,1.0000,0.00000,3.107,3.875,3.968,3.088,4764.2,0.0,4797.4,435.2,7.0,12.0,394.7,119.0,2522.7,6.2,282.50,pathseer:12
beir500k-f32,pos10_cat00,pos10,69460,pathseer-nc,256,1,12,1.0000,1.0000,0.00000,2.881,3.347,3.462,2.744,0.0,0.0,0.0,0.0,0.0,0.0,0.0,0.0,0.0,0.0,0.00,
beir500k-f32,pos10_cat00,pos10,69460,pathseer-nc,256,2,12,1.0000,1.0000,0.00000,2.850,3.407,3.481,2.731,0.0,0.0,0.0,0.0,0.0,0.0,0.0,0.0,0.0,0.0,0.00,
beir500k-f32,pos10_cat00,pos10,69460,pathseer-nc,256,3,12,1.0000,1.0000,0.00000,2.836,3.344,3.534,2.761,0.0,0.0,0.0,0.0,0.0,0.0,0.0,0.0,0.0,0.0,0.00,
beir500k-f32,pos10_cat00,pos10,69460,pathseer,512,1,12,1.0000,1.0000,0.00000,5.505,6.335,6.583,5.260,8174.6,0.0,9147.2,894.5,13.0,28.0,752.0,246.2,4867.8,11.8,631.92,pathseer:12
beir500k-f32,pos10_cat00,pos10,69460,pathseer,512,2,12,1.0000,1.0000,0.00000,5.518,6.260,6.643,5.257,8174.6,0.0,9147.2,894.5,13.0,28.0,752.0,246.2,4867.8,11.8,631.92,pathseer:12
beir500k-f32,pos10_cat00,pos10,69460,pathseer,512,3,12,1.0000,1.0000,0.00000,5.470,6.416,6.724,5.278,8174.6,0.0,9147.2,894.5,13.0,28.0,752.0,246.2,4867.8,11.8,631.92,pathseer:12
beir500k-f32,pos10_cat00,pos10,69460,pathseer-nc,512,1,12,1.0000,1.0000,0.00000,5.071,5.868,6.146,4.895,0.0,0.0,0.0,0.0,0.0,0.0,0.0,0.0,0.0,0.0,0.00,
beir500k-f32,pos10_cat00,pos10,69460,pathseer-nc,512,2,12,1.0000,1.0000,0.00000,4.958,5.926,6.102,4.936,0.0,0.0,0.0,0.0,0.0,0.0,0.0,0.0,0.0,0.0,0.00,
beir500k-f32,pos10_cat00,pos10,69460,pathseer-nc,512,3,12,1.0000,1.0000,0.00000,5.046,5.929,6.141,4.919,0.0,0.0,0.0,0.0,0.0,0.0,0.0,0.0,0.0,0.0,0.00,
beir500k-f32,pos10_cat01,pos10,50038,pathseer,64,1,22,1.0000,1.0000,0.00000,0.577,0.819,0.836,0.601,1270.8,0.0,434.6,68.8,2.0,2.0,81.5,49.9,57.5,1.3,4.36,pathseer:22
beir500k-f32,pos10_cat01,pos10,50038,pathseer,64,2,22,1.0000,1.0000,0.00000,0.580,0.788,0.832,0.590,1270.8,0.0,434.6,68.8,2.0,2.0,81.5,49.9,57.5,1.3,4.36,pathseer:22
beir500k-f32,pos10_cat01,pos10,50038,pathseer,64,3,22,1.0000,1.0000,0.00000,0.582,0.793,0.919,0.601,1270.8,0.0,434.6,68.8,2.0,2.0,81.5,49.9,57.5,1.3,4.36,pathseer:22
beir500k-f32,pos10_cat01,pos10,50038,pathseer-nc,64,1,22,1.0000,1.0000,0.00000,0.573,0.758,0.804,0.581,0.0,0.0,0.0,0.0,0.0,0.0,0.0,0.0,0.0,0.0,0.00,
beir500k-f32,pos10_cat01,pos10,50038,pathseer-nc,64,2,22,1.0000,1.0000,0.00000,0.606,0.821,0.840,0.610,0.0,0.0,0.0,0.0,0.0,0.0,0.0,0.0,0.0,0.0,0.00,
beir500k-f32,pos10_cat01,pos10,50038,pathseer-nc,64,3,22,1.0000,1.0000,0.00000,0.584,0.778,0.789,0.592,0.0,0.0,0.0,0.0,0.0,0.0,0.0,0.0,0.0,0.0,0.00,
beir500k-f32,pos10_cat01,pos10,50038,pathseer,128,1,22,1.0000,1.0000,0.00000,1.145,1.565,1.640,1.138,2177.9,0.0,839.7,137.6,3.0,3.0,154.2,88.0,145.2,2.4,10.86,pathseer:22
beir500k-f32,pos10_cat01,pos10,50038,pathseer,128,2,22,1.0000,1.0000,0.00000,1.115,1.466,1.553,1.103,2177.9,0.0,839.7,137.6,3.0,3.0,154.2,88.0,145.2,2.4,10.86,pathseer:22
beir500k-f32,pos10_cat01,pos10,50038,pathseer,128,3,22,1.0000,1.0000,0.00000,1.082,1.517,1.571,1.098,2177.9,0.0,839.7,137.6,3.0,3.0,154.2,88.0,145.2,2.4,10.86,pathseer:22
beir500k-f32,pos10_cat01,pos10,50038,pathseer-nc,128,1,22,1.0000,1.0000,0.00000,1.110,1.472,1.630,1.119,0.0,0.0,0.0,0.0,0.0,0.0,0.0,0.0,0.0,0.0,0.00,
beir500k-f32,pos10_cat01,pos10,50038,pathseer-nc,128,2,22,1.0000,1.0000,0.00000,1.051,1.371,1.442,1.071,0.0,0.0,0.0,0.0,0.0,0.0,0.0,0.0,0.0,0.0,0.00,
beir500k-f32,pos10_cat01,pos10,50038,pathseer-nc,128,3,22,1.0000,1.0000,0.00000,1.024,1.361,1.381,1.035,0.0,0.0,0.0,0.0,0.0,0.0,0.0,0.0,0.0,0.0,0.00,
beir500k-f32,pos10_cat01,pos10,50038,pathseer,256,1,22,1.0000,1.0000,0.00000,1.917,2.501,2.554,1.901,3746.4,0.0,1631.0,277.7,6.0,6.0,290.9,171.1,345.0,4.5,29.18,pathseer:22
beir500k-f32,pos10_cat01,pos10,50038,pathseer,256,2,22,1.0000,1.0000,0.00000,1.897,2.527,2.580,1.904,3746.4,0.0,1631.0,277.7,6.0,6.0,290.9,171.1,345.0,4.5,29.18,pathseer:22
beir500k-f32,pos10_cat01,pos10,50038,pathseer,256,3,22,1.0000,1.0000,0.00000,1.920,2.552,2.669,1.943,3746.4,0.0,1631.0,277.7,6.0,6.0,290.9,171.1,345.0,4.5,29.18,pathseer:22
beir500k-f32,pos10_cat01,pos10,50038,pathseer-nc,256,1,22,1.0000,1.0000,0.00000,1.934,11.697,12.312,3.180,0.0,0.0,0.0,0.0,0.0,0.0,0.0,0.0,0.0,0.0,0.00,
beir500k-f32,pos10_cat01,pos10,50038,pathseer-nc,256,2,22,1.0000,1.0000,0.00000,1.791,2.394,2.437,1.844,0.0,0.0,0.0,0.0,0.0,0.0,0.0,0.0,0.0,0.0,0.00,
beir500k-f32,pos10_cat01,pos10,50038,pathseer-nc,256,3,22,1.0000,1.0000,0.00000,1.803,2.375,2.389,1.825,0.0,0.0,0.0,0.0,0.0,0.0,0.0,0.0,0.0,0.0,0.00,
beir500k-f32,pos10_cat01,pos10,50038,pathseer,512,1,22,1.0000,1.0000,0.00000,3.281,4.396,4.569,3.423,6298.4,0.0,3216.5,561.9,10.0,11.0,608.0,320.9,783.2,9.5,76.77,pathseer:22
beir500k-f32,pos10_cat01,pos10,50038,pathseer,512,2,22,1.0000,1.0000,0.00000,3.263,4.433,4.473,3.355,6298.4,0.0,3216.5,561.9,10.0,11.0,608.0,320.9,783.2,9.5,76.77,pathseer:22
beir500k-f32,pos10_cat01,pos10,50038,pathseer,512,3,22,1.0000,1.0000,0.00000,3.218,4.392,4.455,3.343,6298.4,0.0,3216.5,561.9,10.0,11.0,608.0,320.9,783.2,9.5,76.77,pathseer:22
beir500k-f32,pos10_cat01,pos10,50038,pathseer-nc,512,1,22,1.0000,1.0000,0.00000,3.150,4.202,4.224,3.284,0.0,0.0,0.0,0.0,0.0,0.0,0.0,0.0,0.0,0.0,0.00,
beir500k-f32,pos10_cat01,pos10,50038,pathseer-nc,512,2,22,1.0000,1.0000,0.00000,3.197,4.202,4.249,3.293,0.0,0.0,0.0,0.0,0.0,0.0,0.0,0.0,0.0,0.0,0.00,
beir500k-f32,pos10_cat01,pos10,50038,pathseer-nc,512,3,22,1.0000,1.0000,0.00000,3.376,4.618,4.705,3.464,0.0,0.0,0.0,0.0,0.0,0.0,0.0,0.0,0.0,0.0,0.00,
beir500k-f32,pos10_cat02,pos10,50303,pathseer,64,1,60,0.9667,0.7667,0.00057,0.833,0.987,1.081,0.834,1798.7,0.0,526.2,70.8,2.0,2.0,82.1,51.1,96.1,1.3,3.28,pathseer:60
beir500k-f32,pos10_cat02,pos10,50303,pathseer,64,2,60,0.9667,0.7667,0.00057,0.836,0.989,1.032,0.834,1798.7,0.0,526.2,70.8,2.0,2.0,82.1,51.1,96.1,1.3,3.28,pathseer:60
beir500k-f32,pos10_cat02,pos10,50303,pathseer,64,3,60,0.9667,0.7667,0.00057,0.851,0.992,1.004,0.841,1798.7,0.0,526.2,70.8,2.0,2.0,82.1,51.1,96.1,1.3,3.28,pathseer:60
beir500k-f32,pos10_cat02,pos10,50303,pathseer-nc,64,1,60,0.9667,0.7667,0.00057,0.836,1.010,1.051,0.839,0.0,0.0,0.0,0.0,0.0,0.0,0.0,0.0,0.0,0.0,0.00,
beir500k-f32,pos10_cat02,pos10,50303,pathseer-nc,64,2,60,0.9667,0.7667,0.00057,0.832,0.986,1.038,0.834,0.0,0.0,0.0,0.0,0.0,0.0,0.0,0.0,0.0,0.0,0.00,
beir500k-f32,pos10_cat02,pos10,50303,pathseer-nc,64,3,60,0.9667,0.7667,0.00057,0.835,0.984,1.014,0.838,0.0,0.0,0.0,0.0,0.0,0.0,0.0,0.0,0.0,0.0,0.00,
beir500k-f32,pos10_cat02,pos10,50303,pathseer,128,1,60,0.9833,0.9000,0.00034,1.509,1.899,1.952,1.525,3169.1,0.0,963.0,139.3,3.0,3.0,144.0,91.4,189.6,2.2,7.62,pathseer:60
beir500k-f32,pos10_cat02,pos10,50303,pathseer,128,2,60,0.9833,0.9000,0.00034,1.515,1.783,1.863,1.492,3169.1,0.0,963.0,139.3,3.0,3.0,144.0,91.4,189.6,2.2,7.62,pathseer:60
beir500k-f32,pos10_cat02,pos10,50303,pathseer,128,3,60,0.9833,0.9000,0.00034,1.505,1.805,1.869,1.506,3169.1,0.0,963.0,139.3,3.0,3.0,144.0,91.4,189.6,2.2,7.62,pathseer:60
beir500k-f32,pos10_cat02,pos10,50303,pathseer-nc,128,1,60,0.9833,0.9000,0.00034,1.489,1.817,1.892,1.486,0.0,0.0,0.0,0.0,0.0,0.0,0.0,0.0,0.0,0.0,0.00,
beir500k-f32,pos10_cat02,pos10,50303,pathseer-nc,128,2,60,0.9833,0.9000,0.00034,1.479,1.790,1.855,1.481,0.0,0.0,0.0,0.0,0.0,0.0,0.0,0.0,0.0,0.0,0.00,
beir500k-f32,pos10_cat02,pos10,50303,pathseer-nc,128,3,60,0.9833,0.9000,0.00034,1.476,1.770,1.808,1.473,0.0,0.0,0.0,0.0,0.0,0.0,0.0,0.0,0.0,0.0,0.00,
beir500k-f32,pos10_cat02,pos10,50303,pathseer,256,1,60,0.9983,0.9833,0.00001,2.586,3.171,3.573,2.620,5388.5,0.0,1790.5,277.9,5.0,5.0,256.0,163.8,391.4,4.0,19.32,pathseer:60
beir500k-f32,pos10_cat02,pos10,50303,pathseer,256,2,60,0.9983,0.9833,0.00001,2.575,3.145,3.470,2.603,5388.5,0.0,1790.5,277.9,5.0,5.0,256.0,163.8,391.4,4.0,19.32,pathseer:60
beir500k-f32,pos10_cat02,pos10,50303,pathseer,256,3,60,0.9983,0.9833,0.00001,2.581,3.173,3.488,2.612,5388.5,0.0,1790.5,277.9,5.0,5.0,256.0,163.8,391.4,4.0,19.32,pathseer:60
beir500k-f32,pos10_cat02,pos10,50303,pathseer-nc,256,1,60,0.9983,0.9833,0.00001,2.675,3.389,3.535,2.683,0.0,0.0,0.0,0.0,0.0,0.0,0.0,0.0,0.0,0.0,0.00,
beir500k-f32,pos10_cat02,pos10,50303,pathseer-nc,256,2,60,0.9983,0.9833,0.00001,2.596,3.122,3.252,2.609,0.0,0.0,0.0,0.0,0.0,0.0,0.0,0.0,0.0,0.0,0.00,
beir500k-f32,pos10_cat02,pos10,50303,pathseer-nc,256,3,60,0.9983,0.9833,0.00001,2.576,3.156,3.249,2.581,0.0,0.0,0.0,0.0,0.0,0.0,0.0,0.0,0.0,0.0,0.00,
beir500k-f32,pos10_cat02,pos10,50303,pathseer,512,1,60,1.0000,1.0000,0.00000,4.509,5.663,7.132,4.597,8843.5,0.0,3421.4,561.5,8.0,8.0,496.0,311.1,812.6,7.8,46.10,pathseer:60
beir500k-f32,pos10_cat02,pos10,50303,pathseer,512,2,60,1.0000,1.0000,0.00000,4.481,5.597,7.127,4.583,8843.5,0.0,3421.4,561.5,8.0,8.0,496.0,311.1,812.6,7.8,46.10,pathseer:60
beir500k-f32,pos10_cat02,pos10,50303,pathseer,512,3,60,1.0000,1.0000,0.00000,4.525,5.705,7.205,4.587,8843.5,0.0,3421.4,561.5,8.0,8.0,496.0,311.1,812.6,7.8,46.10,pathseer:60
beir500k-f32,pos10_cat02,pos10,50303,pathseer-nc,512,1,60,1.0000,1.0000,0.00000,4.442,5.269,6.658,4.472,0.0,0.0,0.0,0.0,0.0,0.0,0.0,0.0,0.0,0.0,0.00,
beir500k-f32,pos10_cat02,pos10,50303,pathseer-nc,512,2,60,1.0000,1.0000,0.00000,4.469,5.576,6.765,4.548,0.0,0.0,0.0,0.0,0.0,0.0,0.0,0.0,0.0,0.0,0.00,
beir500k-f32,pos10_cat02,pos10,50303,pathseer-nc,512,3,60,1.0000,1.0000,0.00000,4.469,5.367,6.589,4.475,0.0,0.0,0.0,0.0,0.0,0.0,0.0,0.0,0.0,0.0,0.00,
beir500k-f32,pos10_cat03,pos10,65848,pathseer,64,1,55,0.9836,0.8364,0.00042,0.830,1.005,1.096,0.834,1669.9,0.0,539.1,71.2,2.0,2.0,101.2,45.6,86.7,1.6,4.78,pathseer:55
beir500k-f32,pos10_cat03,pos10,65848,pathseer,64,2,55,0.9836,0.8364,0.00042,0.878,1.032,1.058,0.852,1669.9,0.0,539.1,71.2,2.0,2.0,101.2,45.6,86.7,1.6,4.78,pathseer:55
beir500k-f32,pos10_cat03,pos10,65848,pathseer,64,3,55,0.9836,0.8364,0.00042,0.840,1.013,1.083,0.839,1669.9,0.0,539.1,71.2,2.0,2.0,101.2,45.6,86.7,1.6,4.78,pathseer:55
beir500k-f32,pos10_cat03,pos10,65848,pathseer-nc,64,1,55,0.9836,0.8364,0.00042,0.809,0.951,1.014,0.801,0.0,0.0,0.0,0.0,0.0,0.0,0.0,0.0,0.0,0.0,0.00,
beir500k-f32,pos10_cat03,pos10,65848,pathseer-nc,64,2,55,0.9836,0.8364,0.00042,0.809,0.990,1.011,0.811,0.0,0.0,0.0,0.0,0.0,0.0,0.0,0.0,0.0,0.0,0.00,
beir500k-f32,pos10_cat03,pos10,65848,pathseer-nc,64,3,55,0.9836,0.8364,0.00042,0.806,0.967,1.016,0.811,0.0,0.0,0.0,0.0,0.0,0.0,0.0,0.0,0.0,0.0,0.00,
beir500k-f32,pos10_cat03,pos10,65848,pathseer,128,1,55,0.9945,0.9455,0.00017,1.445,1.700,1.824,1.414,2919.8,0.0,974.7,140.2,3.0,4.0,168.7,83.8,191.2,2.6,11.07,pathseer:55
beir500k-f32,pos10_cat03,pos10,65848,pathseer,128,2,55,0.9945,0.9455,0.00017,1.440,1.761,1.813,1.408,2919.8,0.0,974.7,140.2,3.0,4.0,168.7,83.8,191.2,2.6,11.07,pathseer:55
beir500k-f32,pos10_cat03,pos10,65848,pathseer,128,3,55,0.9945,0.9455,0.00017,1.420,1.683,1.780,1.403,2919.8,0.0,974.7,140.2,3.0,4.0,168.7,83.8,191.2,2.6,11.07,pathseer:55
beir500k-f32,pos10_cat03,pos10,65848,pathseer-nc,128,1,55,0.9945,0.9455,0.00017,1.417,1.679,1.778,1.392,0.0,0.0,0.0,0.0,0.0,0.0,0.0,0.0,0.0,0.0,0.00,
beir500k-f32,pos10_cat03,pos10,65848,pathseer-nc,128,2,55,0.9945,0.9455,0.00017,1.416,1.682,1.716,1.393,0.0,0.0,0.0,0.0,0.0,0.0,0.0,0.0,0.0,0.0,0.00,
beir500k-f32,pos10_cat03,pos10,65848,pathseer-nc,128,3,55,0.9945,0.9455,0.00017,1.413,1.754,1.790,1.398,0.0,0.0,0.0,0.0,0.0,0.0,0.0,0.0,0.0,0.0,0.00,
beir500k-f32,pos10_cat03,pos10,65848,pathseer,256,1,55,0.9964,0.9636,0.00015,2.526,3.064,3.216,2.510,5043.1,0.0,1759.4,278.3,5.0,5.0,271.1,153.6,376.6,4.2,24.60,pathseer:55
beir500k-f32,pos10_cat03,pos10,65848,pathseer,256,2,55,0.9964,0.9636,0.00015,2.530,3.090,3.265,2.522,5043.1,0.0,1759.4,278.3,5.0,5.0,271.1,153.6,376.6,4.2,24.60,pathseer:55
beir500k-f32,pos10_cat03,pos10,65848,pathseer,256,3,55,0.9964,0.9636,0.00015,2.559,3.129,3.222,2.554,5043.1,0.0,1759.4,278.3,5.0,5.0,271.1,153.6,376.6,4.2,24.60,pathseer:55
beir500k-f32,pos10_cat03,pos10,65848,pathseer-nc,256,1,55,0.9964,0.9636,0.00015,2.569,3.001,3.243,2.514,0.0,0.0,0.0,0.0,0.0,0.0,0.0,0.0,0.0,0.0,0.00,
beir500k-f32,pos10_cat03,pos10,65848,pathseer-nc,256,2,55,0.9964,0.9636,0.00015,2.681,3.123,3.484,2.593,0.0,0.0,0.0,0.0,0.0,0.0,0.0,0.0,0.0,0.0,0.00,
beir500k-f32,pos10_cat03,pos10,65848,pathseer-nc,256,3,55,0.9964,0.9636,0.00015,2.509,2.951,3.200,2.474,0.0,0.0,0.0,0.0,0.0,0.0,0.0,0.0,0.0,0.0,0.00,
beir500k-f32,pos10_cat03,pos10,65848,pathseer,512,1,55,0.9964,0.9636,0.00015,4.568,5.310,6.179,4.467,8471.6,0.0,3518.3,568.5,9.0,9.0,515.5,314.4,906.4,8.1,64.29,pathseer:55
beir500k-f32,pos10_cat03,pos10,65848,pathseer,512,2,55,0.9964,0.9636,0.00015,4.582,5.317,6.038,4.476,8471.6,0.0,3518.3,568.5,9.0,9.0,515.5,314.4,906.4,8.1,64.29,pathseer:55
beir500k-f32,pos10_cat03,pos10,65848,pathseer,512,3,55,0.9964,0.9636,0.00015,4.577,5.372,6.191,4.484,8471.6,0.0,3518.3,568.5,9.0,9.0,515.5,314.4,906.4,8.1,64.29,pathseer:55
beir500k-f32,pos10_cat03,pos10,65848,pathseer-nc,512,1,55,0.9964,0.9636,0.00015,4.435,5.151,5.596,4.346,0.0,0.0,0.0,0.0,0.0,0.0,0.0,0.0,0.0,0.0,0.00,
beir500k-f32,pos10_cat03,pos10,65848,pathseer-nc,512,2,55,0.9964,0.9636,0.00015,4.571,5.461,5.978,4.463,0.0,0.0,0.0,0.0,0.0,0.0,0.0,0.0,0.0,0.0,0.00,
beir500k-f32,pos10_cat03,pos10,65848,pathseer-nc,512,3,55,0.9964,0.9636,0.00015,4.491,5.160,5.604,4.355,0.0,0.0,0.0,0.0,0.0,0.0,0.0,0.0,0.0,0.0,0.00,
beir500k-f32,pos10_cat04,pos10,55993,pathseer,64,1,57,0.9947,0.9474,0.00005,0.659,0.878,0.961,0.677,1455.7,0.0,412.8,67.5,2.0,2.0,75.2,55.1,29.2,1.2,0.75,pathseer:57
beir500k-f32,pos10_cat04,pos10,55993,pathseer,64,2,57,0.9947,0.9474,0.00005,0.659,0.895,1.010,0.676,1455.7,0.0,412.8,67.5,2.0,2.0,75.2,55.1,29.2,1.2,0.75,pathseer:57
beir500k-f32,pos10_cat04,pos10,55993,pathseer,64,3,57,0.9947,0.9474,0.00005,0.664,0.883,0.965,0.675,1455.7,0.0,412.8,67.5,2.0,2.0,75.2,55.1,29.2,1.2,0.75,pathseer:57
beir500k-f32,pos10_cat04,pos10,55993,pathseer-nc,64,1,57,0.9947,0.9474,0.00005,0.643,0.868,0.935,0.655,0.0,0.0,0.0,0.0,0.0,0.0,0.0,0.0,0.0,0.0,0.00,
beir500k-f32,pos10_cat04,pos10,55993,pathseer-nc,64,2,57,0.9947,0.9474,0.00005,0.634,0.925,1.023,0.655,0.0,0.0,0.0,0.0,0.0,0.0,0.0,0.0,0.0,0.0,0.00,
beir500k-f32,pos10_cat04,pos10,55993,pathseer-nc,64,3,57,0.9947,0.9474,0.00005,0.655,0.920,1.031,0.663,0.0,0.0,0.0,0.0,0.0,0.0,0.0,0.0,0.0,0.0,0.00,
beir500k-f32,pos10_cat04,pos10,55993,pathseer,128,1,57,0.9982,0.9825,0.00001,1.110,1.467,1.613,1.123,2474.7,0.0,745.9,132.4,3.0,3.0,142.6,106.5,57.5,2.2,2.12,pathseer:57
beir500k-f32,pos10_cat04,pos10,55993,pathseer,128,2,57,0.9982,0.9825,0.00001,1.131,1.524,1.642,1.143,2474.7,0.0,745.9,132.4,3.0,3.0,142.6,106.5,57.5,2.2,2.12,pathseer:57
beir500k-f32,pos10_cat04,pos10,55993,pathseer,128,3,57,0.9982,0.9825,0.00001,1.115,1.530,1.645,1.134,2474.7,0.0,745.9,132.4,3.0,3.0,142.6,106.5,57.5,2.2,2.12,pathseer:57
beir500k-f32,pos10_cat04,pos10,55993,pathseer-nc,128,1,57,0.9982,0.9825,0.00001,1.114,1.470,1.667,1.139,0.0,0.0,0.0,0.0,0.0,0.0,0.0,0.0,0.0,0.0,0.00,
beir500k-f32,pos10_cat04,pos10,55993,pathseer-nc,128,2,57,0.9982,0.9825,0.00001,1.107,1.505,1.613,1.133,0.0,0.0,0.0,0.0,0.0,0.0,0.0,0.0,0.0,0.0,0.00,
beir500k-f32,pos10_cat04,pos10,55993,pathseer-nc,128,3,57,0.9982,0.9825,0.00001,1.111,1.481,1.595,1.119,0.0,0.0,0.0,0.0,0.0,0.0,0.0,0.0,0.0,0.0,0.00,
beir500k-f32,pos10_cat04,pos10,55993,pathseer,256,1,57,1.0000,1.0000,0.00000,1.979,2.523,2.631,1.965,4074.5,0.0,1337.7,263.3,5.0,5.0,242.5,171.9,115.6,3.8,5.44,pathseer:57
beir500k-f32,pos10_cat04,pos10,55993,pathseer,256,2,57,1.0000,1.0000,0.00000,1.968,2.602,2.759,1.977,4074.5,0.0,1337.7,263.3,5.0,5.0,242.5,171.9,115.6,3.8,5.44,pathseer:57
beir500k-f32,pos10_cat04,pos10,55993,pathseer,256,3,57,1.0000,1.0000,0.00000,1.960,2.562,2.647,1.958,4074.5,0.0,1337.7,263.3,5.0,5.0,242.5,171.9,115.6,3.8,5.44,pathseer:57
beir500k-f32,pos10_cat04,pos10,55993,pathseer-nc,256,1,57,1.0000,1.0000,0.00000,1.916,2.490,2.661,1.932,0.0,0.0,0.0,0.0,0.0,0.0,0.0,0.0,0.0,0.0,0.00,
beir500k-f32,pos10_cat04,pos10,55993,pathseer-nc,256,2,57,1.0000,1.0000,0.00000,2.077,2.588,2.648,2.061,0.0,0.0,0.0,0.0,0.0,0.0,0.0,0.0,0.0,0.0,0.00,
beir500k-f32,pos10_cat04,pos10,55993,pathseer-nc,256,3,57,1.0000,1.0000,0.00000,1.941,2.491,2.636,1.945,0.0,0.0,0.0,0.0,0.0,0.0,0.0,0.0,0.0,0.0,0.00,
beir500k-f32,pos10_cat04,pos10,55993,pathseer,512,1,57,1.0000,1.0000,0.00000,3.469,4.474,4.782,3.453,6599.9,0.0,2531.6,526.5,8.0,8.0,492.9,340.4,250.9,7.7,14.00,pathseer:57
beir500k-f32,pos10_cat04,pos10,55993,pathseer,512,2,57,1.0000,1.0000,0.00000,3.415,4.388,4.769,3.398,6599.9,0.0,2531.6,526.5,8.0,8.0,492.9,340.4,250.9,7.7,14.00,pathseer:57
beir500k-f32,pos10_cat04,pos10,55993,pathseer,512,3,57,1.0000,1.0000,0.00000,3.380,4.310,4.678,3.369,6599.9,0.0,2531.6,526.5,8.0,8.0,492.9,340.4,250.9,7.7,14.00,pathseer:57
beir500k-f32,pos10_cat04,pos10,55993,pathseer-nc,512,1,57,1.0000,1.0000,0.00000,3.328,4.260,4.655,3.318,0.0,0.0,0.0,0.0,0.0,0.0,0.0,0.0,0.0,0.0,0.00,
beir500k-f32,pos10_cat04,pos10,55993,pathseer-nc,512,2,57,1.0000,1.0000,0.00000,3.362,4.157,4.726,3.322,0.0,0.0,0.0,0.0,0.0,0.0,0.0,0.0,0.0,0.0,0.00,
beir500k-f32,pos10_cat04,pos10,55993,pathseer-nc,512,3,57,1.0000,1.0000,0.00000,3.365,4.300,4.725,3.342,0.0,0.0,0.0,0.0,0.0,0.0,0.0,0.0,0.0,0.0,0.00,
beir500k-f32,pos10_cat05,pos10,57358,pathseer,64,1,20,1.0000,1.0000,0.00000,0.666,1.381,1.572,0.726,1467.2,0.0,1124.3,97.5,3.0,3.0,115.2,37.2,573.4,1.8,19.25,pathseer:20
beir500k-f32,pos10_cat05,pos10,57358,pathseer,64,2,20,1.0000,1.0000,0.00000,0.660,1.423,1.613,0.745,1467.2,0.0,1124.3,97.5,3.0,3.0,115.2,37.2,573.4,1.8,19.25,pathseer:20
beir500k-f32,pos10_cat05,pos10,57358,pathseer,64,3,20,1.0000,1.0000,0.00000,0.657,1.410,1.574,0.733,1467.2,0.0,1124.3,97.5,3.0,3.0,115.2,37.2,573.4,1.8,19.25,pathseer:20
beir500k-f32,pos10_cat05,pos10,57358,pathseer-nc,64,1,20,1.0000,1.0000,0.00000,0.648,1.305,1.419,0.703,0.0,0.0,0.0,0.0,0.0,0.0,0.0,0.0,0.0,0.0,0.00,
beir500k-f32,pos10_cat05,pos10,57358,pathseer-nc,64,2,20,1.0000,1.0000,0.00000,0.642,1.266,1.355,0.700,0.0,0.0,0.0,0.0,0.0,0.0,0.0,0.0,0.0,0.0,0.00,
beir500k-f32,pos10_cat05,pos10,57358,pathseer-nc,64,3,20,1.0000,1.0000,0.00000,0.646,1.320,1.377,0.705,0.0,0.0,0.0,0.0,0.0,0.0,0.0,0.0,0.0,0.0,0.00,
beir500k-f32,pos10_cat05,pos10,57358,pathseer,128,1,20,1.0000,1.0000,0.00000,1.112,2.789,2.853,1.295,2511.9,0.0,2206.1,202.1,4.0,4.0,195.2,60.8,1191.7,3.0,49.50,pathseer:20
beir500k-f32,pos10_cat05,pos10,57358,pathseer,128,2,20,1.0000,1.0000,0.00000,1.142,2.785,2.818,1.304,2511.9,0.0,2206.1,202.1,4.0,4.0,195.2,60.8,1191.7,3.0,49.50,pathseer:20
beir500k-f32,pos10_cat05,pos10,57358,pathseer,128,3,20,1.0000,1.0000,0.00000,1.142,2.838,2.858,1.323,2511.9,0.0,2206.1,202.1,4.0,4.0,195.2,60.8,1191.7,3.0,49.50,pathseer:20
beir500k-f32,pos10_cat05,pos10,57358,pathseer-nc,128,1,20,1.0000,1.0000,0.00000,1.117,2.364,2.598,1.240,0.0,0.0,0.0,0.0,0.0,0.0,0.0,0.0,0.0,0.0,0.00,
beir500k-f32,pos10_cat05,pos10,57358,pathseer-nc,128,2,20,1.0000,1.0000,0.00000,1.094,2.444,2.551,1.234,0.0,0.0,0.0,0.0,0.0,0.0,0.0,0.0,0.0,0.0,0.00,
beir500k-f32,pos10_cat05,pos10,57358,pathseer-nc,128,3,20,1.0000,1.0000,0.00000,1.110,2.444,2.614,1.254,0.0,0.0,0.0,0.0,0.0,0.0,0.0,0.0,0.0,0.0,0.00,
beir500k-f32,pos10_cat05,pos10,57358,pathseer,256,1,20,1.0000,1.0000,0.00000,2.057,5.084,7.762,2.523,4217.6,0.0,4556.9,452.4,6.0,6.0,348.8,120.5,2640.5,5.5,116.30,pathseer:20
beir500k-f32,pos10_cat05,pos10,57358,pathseer,256,2,20,1.0000,1.0000,0.00000,2.138,4.617,7.451,2.531,4217.6,0.0,4556.9,452.4,6.0,6.0,348.8,120.5,2640.5,5.5,116.30,pathseer:20
beir500k-f32,pos10_cat05,pos10,57358,pathseer,256,3,20,1.0000,1.0000,0.00000,1.924,4.616,7.443,2.416,4217.6,0.0,4556.9,452.4,6.0,6.0,348.8,120.5,2640.5,5.5,116.30,pathseer:20
beir500k-f32,pos10_cat05,pos10,57358,pathseer-nc,256,1,20,1.0000,1.0000,0.00000,1.912,4.086,6.387,2.247,0.0,0.0,0.0,0.0,0.0,0.0,0.0,0.0,0.0,0.0,0.00,
beir500k-f32,pos10_cat05,pos10,57358,pathseer-nc,256,2,20,1.0000,1.0000,0.00000,1.904,4.099,6.573,2.286,0.0,0.0,0.0,0.0,0.0,0.0,0.0,0.0,0.0,0.0,0.00,
beir500k-f32,pos10_cat05,pos10,57358,pathseer-nc,256,3,20,1.0000,1.0000,0.00000,1.956,4.147,6.496,2.279,0.0,0.0,0.0,0.0,0.0,0.0,0.0,0.0,0.0,0.0,0.00,
beir500k-f32,pos10_cat05,pos10,57358,pathseer,512,1,20,1.0000,1.0000,0.00000,3.686,8.755,17.373,4.637,7134.1,0.0,9173.1,1027.5,12.0,16.0,742.4,242.5,5228.7,11.6,274.70,pathseer:20
beir500k-f32,pos10_cat05,pos10,57358,pathseer,512,2,20,1.0000,1.0000,0.00000,3.568,8.688,16.839,4.568,7134.1,0.0,9173.1,1027.5,12.0,16.0,742.4,242.5,5228.7,11.6,274.70,pathseer:20
beir500k-f32,pos10_cat05,pos10,57358,pathseer,512,3,20,1.0000,1.0000,0.00000,3.575,8.611,16.947,4.528,7134.1,0.0,9173.1,1027.5,12.0,16.0,742.4,242.5,5228.7,11.6,274.70,pathseer:20
beir500k-f32,pos10_cat05,pos10,57358,pathseer-nc,512,1,20,1.0000,1.0000,0.00000,3.394,7.592,14.857,4.182,0.0,0.0,0.0,0.0,0.0,0.0,0.0,0.0,0.0,0.0,0.00,
beir500k-f32,pos10_cat05,pos10,57358,pathseer-nc,512,2,20,1.0000,1.0000,0.00000,3.381,7.631,15.010,4.249,0.0,0.0,0.0,0.0,0.0,0.0,0.0,0.0,0.0,0.0,0.00,
beir500k-f32,pos10_cat05,pos10,57358,pathseer-nc,512,3,20,1.0000,1.0000,0.00000,3.396,7.568,14.812,4.190,0.0,0.0,0.0,0.0,0.0,0.0,0.0,0.0,0.0,0.0,0.00,
beir500k-f32,pos10_cat06,pos10,64313,pathseer,64,1,49,1.0000,1.0000,0.00000,0.673,0.824,0.967,0.675,1408.8,0.0,438.6,68.5,2.0,2.0,75.8,54.8,47.5,1.2,3.67,pathseer:49
beir500k-f32,pos10_cat06,pos10,64313,pathseer,64,2,49,1.0000,1.0000,0.00000,0.667,0.854,1.004,0.683,1408.8,0.0,438.6,68.5,2.0,2.0,75.8,54.8,47.5,1.2,3.67,pathseer:49
beir500k-f32,pos10_cat06,pos10,64313,pathseer,64,3,49,1.0000,1.0000,0.00000,0.666,0.828,0.960,0.672,1408.8,0.0,438.6,68.5,2.0,2.0,75.8,54.8,47.5,1.2,3.67,pathseer:49
beir500k-f32,pos10_cat06,pos10,64313,pathseer-nc,64,1,49,1.0000,1.0000,0.00000,0.671,0.807,1.000,0.667,0.0,0.0,0.0,0.0,0.0,0.0,0.0,0.0,0.0,0.0,0.00,
beir500k-f32,pos10_cat06,pos10,64313,pathseer-nc,64,2,49,1.0000,1.0000,0.00000,0.660,0.818,0.950,0.667,0.0,0.0,0.0,0.0,0.0,0.0,0.0,0.0,0.0,0.0,0.00,
beir500k-f32,pos10_cat06,pos10,64313,pathseer-nc,64,3,49,1.0000,1.0000,0.00000,0.677,0.841,0.986,0.686,0.0,0.0,0.0,0.0,0.0,0.0,0.0,0.0,0.0,0.0,0.00,
beir500k-f32,pos10_cat06,pos10,64313,pathseer,128,1,49,1.0000,1.0000,0.00000,1.159,1.499,1.707,1.158,2393.0,0.0,797.3,135.5,3.0,3.0,134.5,96.4,103.5,2.1,7.98,pathseer:49
beir500k-f32,pos10_cat06,pos10,64313,pathseer,128,2,49,1.0000,1.0000,0.00000,1.160,1.512,1.721,1.167,2393.0,0.0,797.3,135.5,3.0,3.0,134.5,96.4,103.5,2.1,7.98,pathseer:49
beir500k-f32,pos10_cat06,pos10,64313,pathseer,128,3,49,1.0000,1.0000,0.00000,1.152,1.569,1.712,1.179,2393.0,0.0,797.3,135.5,3.0,3.0,134.5,96.4,103.5,2.1,7.98,pathseer:49
beir500k-f32,pos10_cat06,pos10,64313,pathseer-nc,128,1,49,1.0000,1.0000,0.00000,1.144,1.447,1.720,1.147,0.0,0.0,0.0,0.0,0.0,0.0,0.0,0.0,0.0,0.0,0.00,
beir500k-f32,pos10_cat06,pos10,64313,pathseer-nc,128,2,49,1.0000,1.0000,0.00000,1.141,1.422,1.673,1.149,0.0,0.0,0.0,0.0,0.0,0.0,0.0,0.0,0.0,0.0,0.00,
beir500k-f32,pos10_cat06,pos10,64313,pathseer-nc,128,3,49,1.0000,1.0000,0.00000,1.143,1.470,1.744,1.167,0.0,0.0,0.0,0.0,0.0,0.0,0.0,0.0,0.0,0.0,0.00,
beir500k-f32,pos10_cat06,pos10,64313,pathseer,256,1,49,1.0000,1.0000,0.00000,2.046,2.770,2.902,2.022,4013.1,0.0,1457.6,269.2,5.0,5.0,249.5,175.0,197.2,3.9,18.14,pathseer:49
beir500k-f32,pos10_cat06,pos10,64313,pathseer,256,2,49,1.0000,1.0000,0.00000,2.168,2.997,3.203,2.140,4013.1,0.0,1457.6,269.2,5.0,5.0,249.5,175.0,197.2,3.9,18.14,pathseer:49
beir500k-f32,pos10_cat06,pos10,64313,pathseer,256,3,49,1.0000,1.0000,0.00000,2.010,2.785,3.077,2.022,4013.1,0.0,1457.6,269.2,5.0,5.0,249.5,175.0,197.2,3.9,18.14,pathseer:49
beir500k-f32,pos10_cat06,pos10,64313,pathseer-nc,256,1,49,1.0000,1.0000,0.00000,1.981,2.668,2.797,2.000,0.0,0.0,0.0,0.0,0.0,0.0,0.0,0.0,0.0,0.0,0.00,
beir500k-f32,pos10_cat06,pos10,64313,pathseer-nc,256,2,49,1.0000,1.0000,0.00000,1.999,2.729,2.791,1.982,0.0,0.0,0.0,0.0,0.0,0.0,0.0,0.0,0.0,0.0,0.00,
beir500k-f32,pos10_cat06,pos10,64313,pathseer-nc,256,3,49,1.0000,1.0000,0.00000,1.991,2.690,2.866,1.996,0.0,0.0,0.0,0.0,0.0,0.0,0.0,0.0,0.0,0.0,0.00,
beir500k-f32,pos10_cat06,pos10,64313,pathseer,512,1,49,1.0000,1.0000,0.00000,3.385,5.150,5.211,3.505,6590.8,0.0,2796.1,540.4,9.0,9.0,496.3,340.6,433.4,7.8,43.10,pathseer:49
beir500k-f32,pos10_cat06,pos10,64313,pathseer,512,2,49,1.0000,1.0000,0.00000,3.371,5.118,5.279,3.506,6590.8,0.0,2796.1,540.4,9.0,9.0,496.3,340.6,433.4,7.8,43.10,pathseer:49
beir500k-f32,pos10_cat06,pos10,64313,pathseer,512,3,49,1.0000,1.0000,0.00000,3.377,5.098,5.262,3.486,6590.8,0.0,2796.1,540.4,9.0,9.0,496.3,340.6,433.4,7.8,43.10,pathseer:49
beir500k-f32,pos10_cat06,pos10,64313,pathseer-nc,512,1,49,1.0000,1.0000,0.00000,3.373,4.865,5.216,3.439,0.0,0.0,0.0,0.0,0.0,0.0,0.0,0.0,0.0,0.0,0.00,
beir500k-f32,pos10_cat06,pos10,64313,pathseer-nc,512,2,49,1.0000,1.0000,0.00000,3.354,4.860,5.129,3.423,0.0,0.0,0.0,0.0,0.0,0.0,0.0,0.0,0.0,0.0,0.00,
beir500k-f32,pos10_cat06,pos10,64313,pathseer-nc,512,3,49,1.0000,1.0000,0.00000,3.323,4.846,5.010,3.429,0.0,0.0,0.0,0.0,0.0,0.0,0.0,0.0,0.0,0.0,0.00,
beir500k-f32,pos10_cat07,pos10,78303,pathseer,64,1,41,0.9927,0.9268,0.00010,0.767,1.223,1.290,0.815,1576.4,0.0,824.1,82.6,2.0,2.0,89.0,41.9,304.4,1.4,16.44,pathseer:41
beir500k-f32,pos10_cat07,pos10,78303,pathseer,64,2,41,0.9927,0.9268,0.00010,0.757,1.194,1.277,0.806,1576.4,0.0,824.1,82.6,2.0,2.0,89.0,41.9,304.4,1.4,16.44,pathseer:41
beir500k-f32,pos10_cat07,pos10,78303,pathseer,64,3,41,0.9927,0.9268,0.00010,0.769,1.181,1.306,0.812,1576.4,0.0,824.1,82.6,2.0,2.0,89.0,41.9,304.4,1.4,16.44,pathseer:41
beir500k-f32,pos10_cat07,pos10,78303,pathseer-nc,64,1,41,0.9927,0.9268,0.00010,0.830,1.236,1.342,0.861,0.0,0.0,0.0,0.0,0.0,0.0,0.0,0.0,0.0,0.0,0.00,
beir500k-f32,pos10_cat07,pos10,78303,pathseer-nc,64,2,41,0.9927,0.9268,0.00010,0.781,1.119,1.245,0.817,0.0,0.0,0.0,0.0,0.0,0.0,0.0,0.0,0.0,0.0,0.00,
beir500k-f32,pos10_cat07,pos10,78303,pathseer-nc,64,3,41,0.9927,0.9268,0.00010,0.793,1.116,1.231,0.811,0.0,0.0,0.0,0.0,0.0,0.0,0.0,0.0,0.0,0.0,0.00,
beir500k-f32,pos10_cat07,pos10,78303,pathseer,128,1,41,0.9976,0.9756,0.00007,1.419,2.406,2.565,1.473,2747.9,0.0,1578.4,167.8,3.0,4.0,160.8,76.3,642.3,2.5,38.41,pathseer:41
beir500k-f32,pos10_cat07,pos10,78303,pathseer,128,2,41,0.9976,0.9756,0.00007,1.433,2.274,2.570,1.472,2747.9,0.0,1578.4,167.8,3.0,4.0,160.8,76.3,642.3,2.5,38.41,pathseer:41
beir500k-f32,pos10_cat07,pos10,78303,pathseer,128,3,41,0.9976,0.9756,0.00007,1.383,2.215,2.456,1.433,2747.9,0.0,1578.4,167.8,3.0,4.0,160.8,76.3,642.3,2.5,38.41,pathseer:41
beir500k-f32,pos10_cat07,pos10,78303,pathseer-nc,128,1,41,0.9976,0.9756,0.00007,1.358,2.066,2.362,1.407,0.0,0.0,0.0,0.0,0.0,0.0,0.0,0.0,0.0,0.0,0.00,
beir500k-f32,pos10_cat07,pos10,78303,pathseer-nc,128,2,41,0.9976,0.9756,0.00007,1.361,2.143,2.352,1.400,0.0,0.0,0.0,0.0,0.0,0.0,0.0,0.0,0.0,0.0,0.00,
beir500k-f32,pos10_cat07,pos10,78303,pathseer-nc,128,3,41,0.9976,0.9756,0.00007,1.359,2.065,2.338,1.398,0.0,0.0,0.0,0.0,0.0,0.0,0.0,0.0,0.0,0.0,0.00,
beir500k-f32,pos10_cat07,pos10,78303,pathseer,256,1,41,1.0000,1.0000,0.00000,2.552,4.294,4.903,2.582,4759.4,0.0,3018.5,342.9,5.0,6.0,301.3,144.0,1295.3,4.7,88.88,pathseer:41
beir500k-f32,pos10_cat07,pos10,78303,pathseer,256,2,41,1.0000,1.0000,0.00000,2.574,4.424,5.022,2.589,4759.4,0.0,3018.5,342.9,5.0,6.0,301.3,144.0,1295.3,4.7,88.88,pathseer:41
beir500k-f32,pos10_cat07,pos10,78303,pathseer,256,3,41,1.0000,1.0000,0.00000,2.578,4.253,4.910,2.571,4759.4,0.0,3018.5,342.9,5.0,6.0,301.3,144.0,1295.3,4.7,88.88,pathseer:41
beir500k-f32,pos10_cat07,pos10,78303,pathseer-nc,256,1,41,1.0000,1.0000,0.00000,2.487,3.985,4.487,2.478,0.0,0.0,0.0,0.0,0.0,0.0,0.0,0.0,0.0,0.0,0.00,
beir500k-f32,pos10_cat07,pos10,78303,pathseer-nc,256,2,41,1.0000,1.0000,0.00000,2.492,4.000,4.499,2.502,0.0,0.0,0.0,0.0,0.0,0.0,0.0,0.0,0.0,0.0,0.00,
beir500k-f32,pos10_cat07,pos10,78303,pathseer-nc,256,3,41,1.0000,1.0000,0.00000,2.493,4.019,4.543,2.493,0.0,0.0,0.0,0.0,0.0,0.0,0.0,0.0,0.0,0.0,0.00,
beir500k-f32,pos10_cat07,pos10,78303,pathseer,512,1,41,1.0000,1.0000,0.00000,4.547,7.234,9.364,4.657,8092.8,0.0,5654.8,693.7,10.0,11.0,585.4,279.0,2463.4,9.1,200.80,pathseer:41
beir500k-f32,pos10_cat07,pos10,78303,pathseer,512,2,41,1.0000,1.0000,0.00000,4.525,7.179,9.419,4.636,8092.8,0.0,5654.8,693.7,10.0,11.0,585.4,279.0,2463.4,9.1,200.80,pathseer:41
beir500k-f32,pos10_cat07,pos10,78303,pathseer,512,3,41,1.0000,1.0000,0.00000,4.651,7.178,10.301,4.758,8092.8,0.0,5654.8,693.7,10.0,11.0,585.4,279.0,2463.4,9.1,200.80,pathseer:41
beir500k-f32,pos10_cat07,pos10,78303,pathseer-nc,512,1,41,1.0000,1.0000,0.00000,4.462,6.705,8.064,4.434,0.0,0.0,0.0,0.0,0.0,0.0,0.0,0.0,0.0,0.0,0.00,
beir500k-f32,pos10_cat07,pos10,78303,pathseer-nc,512,2,41,1.0000,1.0000,0.00000,4.442,6.733,8.095,4.418,0.0,0.0,0.0,0.0,0.0,0.0,0.0,0.0,0.0,0.0,0.00,
beir500k-f32,pos10_cat07,pos10,78303,pathseer-nc,512,3,41,1.0000,1.0000,0.00000,4.455,6.762,8.141,4.441,0.0,0.0,0.0,0.0,0.0,0.0,0.0,0.0,0.0,0.0,0.00,
beir500k-f32,pos10_cat08,pos10,51067,pathseer,64,1,52,0.9923,0.9231,0.00021,0.733,0.856,0.865,0.739,1579.7,0.0,539.0,72.0,2.0,2.0,78.8,56.0,116.5,1.2,7.77,pathseer:52
beir500k-f32,pos10_cat08,pos10,51067,pathseer,64,2,52,0.9923,0.9231,0.00021,0.736,0.853,0.856,0.742,1579.7,0.0,539.0,72.0,2.0,2.0,78.8,56.0,116.5,1.2,7.77,pathseer:52
beir500k-f32,pos10_cat08,pos10,51067,pathseer,64,3,52,0.9923,0.9231,0.00021,0.745,0.856,0.874,0.743,1579.7,0.0,539.0,72.0,2.0,2.0,78.8,56.0,116.5,1.2,7.77,pathseer:52
beir500k-f32,pos10_cat08,pos10,51067,pathseer-nc,64,1,52,0.9923,0.9231,0.00021,0.725,0.850,0.860,0.732,0.0,0.0,0.0,0.0,0.0,0.0,0.0,0.0,0.0,0.0,0.00,
beir500k-f32,pos10_cat08,pos10,51067,pathseer-nc,64,2,52,0.9923,0.9231,0.00021,0.734,0.837,0.857,0.731,0.0,0.0,0.0,0.0,0.0,0.0,0.0,0.0,0.0,0.0,0.00,
beir500k-f32,pos10_cat08,pos10,51067,pathseer-nc,64,3,52,0.9923,0.9231,0.00021,0.727,0.845,0.859,0.733,0.0,0.0,0.0,0.0,0.0,0.0,0.0,0.0,0.0,0.0,0.00,
beir500k-f32,pos10_cat08,pos10,51067,pathseer,128,1,52,0.9981,0.9808,0.00009,1.304,1.588,1.645,1.324,2755.7,0.0,962.8,141.3,3.0,3.0,141.5,100.2,205.9,2.2,15.92,pathseer:52
beir500k-f32,pos10_cat08,pos10,51067,pathseer,128,2,52,0.9981,0.9808,0.00009,1.274,1.552,1.569,1.305,2755.7,0.0,962.8,141.3,3.0,3.0,141.5,100.2,205.9,2.2,15.92,pathseer:52
beir500k-f32,pos10_cat08,pos10,51067,pathseer,128,3,52,0.9981,0.9808,0.00009,1.294,1.605,1.625,1.326,2755.7,0.0,962.8,141.3,3.0,3.0,141.5,100.2,205.9,2.2,15.92,pathseer:52
beir500k-f32,pos10_cat08,pos10,51067,pathseer-nc,128,1,52,0.9981,0.9808,0.00009,1.265,1.542,1.563,1.293,0.0,0.0,0.0,0.0,0.0,0.0,0.0,0.0,0.0,0.0,0.00,
beir500k-f32,pos10_cat08,pos10,51067,pathseer-nc,128,2,52,0.9981,0.9808,0.00009,1.280,1.527,1.558,1.301,0.0,0.0,0.0,0.0,0.0,0.0,0.0,0.0,0.0,0.0,0.00,
beir500k-f32,pos10_cat08,pos10,51067,pathseer-nc,128,3,52,0.9981,0.9808,0.00009,1.264,1.522,1.616,1.294,0.0,0.0,0.0,0.0,0.0,0.0,0.0,0.0,0.0,0.0,0.00,
beir500k-f32,pos10_cat08,pos10,51067,pathseer,256,1,52,1.0000,1.0000,0.00000,2.271,2.762,2.896,2.299,4669.0,0.0,1750.0,282.5,5.0,5.0,247.4,166.7,371.7,3.9,31.27,pathseer:52
beir500k-f32,pos10_cat08,pos10,51067,pathseer,256,2,52,1.0000,1.0000,0.00000,2.372,2.890,3.256,2.426,4669.0,0.0,1750.0,282.5,5.0,5.0,247.4,166.7,371.7,3.9,31.27,pathseer:52
beir500k-f32,pos10_cat08,pos10,51067,pathseer,256,3,52,1.0000,1.0000,0.00000,2.282,2.778,2.819,2.308,4669.0,0.0,1750.0,282.5,5.0,5.0,247.4,166.7,371.7,3.9,31.27,pathseer:52
beir500k-f32,pos10_cat08,pos10,51067,pathseer-nc,256,1,52,1.0000,1.0000,0.00000,2.267,2.671,2.843,2.290,0.0,0.0,0.0,0.0,0.0,0.0,0.0,0.0,0.0,0.0,0.00,
beir500k-f32,pos10_cat08,pos10,51067,pathseer-nc,256,2,52,1.0000,1.0000,0.00000,2.252,2.673,2.723,2.253,0.0,0.0,0.0,0.0,0.0,0.0,0.0,0.0,0.0,0.0,0.00,
beir500k-f32,pos10_cat08,pos10,51067,pathseer-nc,256,3,52,1.0000,1.0000,0.00000,2.275,2.665,2.677,2.258,0.0,0.0,0.0,0.0,0.0,0.0,0.0,0.0,0.0,0.0,0.00,
beir500k-f32,pos10_cat08,pos10,51067,pathseer,512,1,52,1.0000,1.0000,0.00000,3.956,4.840,5.006,4.006,7680.1,0.0,3210.1,563.9,8.0,8.0,487.4,320.8,673.7,7.6,67.13,pathseer:52
beir500k-f32,pos10_cat08,pos10,51067,pathseer,512,2,52,1.0000,1.0000,0.00000,3.980,4.811,5.063,4.019,7680.1,0.0,3210.1,563.9,8.0,8.0,487.4,320.8,673.7,7.6,67.13,pathseer:52
beir500k-f32,pos10_cat08,pos10,51067,pathseer,512,3,52,1.0000,1.0000,0.00000,3.974,4.853,4.992,4.018,7680.1,0.0,3210.1,563.9,8.0,8.0,487.4,320.8,673.7,7.6,67.13,pathseer:52
beir500k-f32,pos10_cat08,pos10,51067,pathseer-nc,512,1,52,1.0000,1.0000,0.00000,3.873,4.762,4.814,3.916,0.0,0.0,0.0,0.0,0.0,0.0,0.0,0.0,0.0,0.0,0.00,
beir500k-f32,pos10_cat08,pos10,51067,pathseer-nc,512,2,52,1.0000,1.0000,0.00000,4.003,4.916,5.215,4.021,0.0,0.0,0.0,0.0,0.0,0.0,0.0,0.0,0.0,0.0,0.00,
beir500k-f32,pos10_cat08,pos10,51067,pathseer-nc,512,3,52,1.0000,1.0000,0.00000,3.902,4.560,4.981,3.927,0.0,0.0,0.0,0.0,0.0,0.0,0.0,0.0,0.0,0.0,0.00,
beir500k-f32,pos10_cat09,pos10,56475,pathseer,64,1,55,0.9909,0.9273,0.00019,0.643,0.815,0.873,0.659,1354.3,0.0,426.5,67.9,2.0,2.0,74.5,54.2,49.2,1.2,2.67,pathseer:55
beir500k-f32,pos10_cat09,pos10,56475,pathseer,64,2,55,0.9909,0.9273,0.00019,0.646,0.807,0.859,0.663,1354.3,0.0,426.5,67.9,2.0,2.0,74.5,54.2,49.2,1.2,2.67,pathseer:55
beir500k-f32,pos10_cat09,pos10,56475,pathseer,64,3,55,0.9909,0.9273,0.00019,0.642,0.799,0.849,0.660,1354.3,0.0,426.5,67.9,2.0,2.0,74.5,54.2,49.2,1.2,2.67,pathseer:55
beir500k-f32,pos10_cat09,pos10,56475,pathseer-nc,64,1,55,0.9909,0.9273,0.00019,0.641,0.795,0.834,0.653,0.0,0.0,0.0,0.0,0.0,0.0,0.0,0.0,0.0,0.0,0.00,
beir500k-f32,pos10_cat09,pos10,56475,pathseer-nc,64,2,55,0.9909,0.9273,0.00019,0.640,0.793,0.832,0.655,0.0,0.0,0.0,0.0,0.0,0.0,0.0,0.0,0.0,0.0,0.00,
beir500k-f32,pos10_cat09,pos10,56475,pathseer-nc,64,3,55,0.9909,0.9273,0.00019,0.640,0.790,0.827,0.653,0.0,0.0,0.0,0.0,0.0,0.0,0.0,0.0,0.0,0.0,0.00,
beir500k-f32,pos10_cat09,pos10,56475,pathseer,128,1,55,0.9927,0.9455,0.00016,1.157,1.394,1.677,1.159,2288.6,0.0,794.8,134.7,3.0,3.0,138.5,104.1,114.6,2.2,6.85,pathseer:55
beir500k-f32,pos10_cat09,pos10,56475,pathseer,128,2,55,0.9927,0.9455,0.00016,1.267,1.536,1.685,1.231,2288.6,0.0,794.8,134.7,3.0,3.0,138.5,104.1,114.6,2.2,6.85,pathseer:55
beir500k-f32,pos10_cat09,pos10,56475,pathseer,128,3,55,0.9927,0.9455,0.00016,1.186,1.475,1.606,1.181,2288.6,0.0,794.8,134.7,3.0,3.0,138.5,104.1,114.6,2.2,6.85,pathseer:55
beir500k-f32,pos10_cat09,pos10,56475,pathseer-nc,128,1,55,0.9927,0.9455,0.00016,1.135,1.409,1.548,1.125,0.0,0.0,0.0,0.0,0.0,0.0,0.0,0.0,0.0,0.0,0.00,
beir500k-f32,pos10_cat09,pos10,56475,pathseer-nc,128,2,55,0.9927,0.9455,0.00016,1.144,1.394,1.551,1.138,0.0,0.0,0.0,0.0,0.0,0.0,0.0,0.0,0.0,0.0,0.00,
beir500k-f32,pos10_cat09,pos10,56475,pathseer-nc,128,3,55,0.9927,0.9455,0.00016,1.134,1.376,1.548,1.122,0.0,0.0,0.0,0.0,0.0,0.0,0.0,0.0,0.0,0.0,0.00,
beir500k-f32,pos10_cat09,pos10,56475,pathseer,256,1,55,0.9927,0.9455,0.00016,2.006,2.557,2.799,1.989,3815.3,0.0,1476.8,270.5,5.0,5.0,233.9,175.0,255.2,3.7,16.65,pathseer:55
beir500k-f32,pos10_cat09,pos10,56475,pathseer,256,2,55,0.9927,0.9455,0.00016,2.015,2.424,2.622,1.966,3815.3,0.0,1476.8,270.5,5.0,5.0,233.9,175.0,255.2,3.7,16.65,pathseer:55
beir500k-f32,pos10_cat09,pos10,56475,pathseer,256,3,55,0.9927,0.9455,0.00016,1.994,2.432,2.770,1.966,3815.3,0.0,1476.8,270.5,5.0,5.0,233.9,175.0,255.2,3.7,16.65,pathseer:55
beir500k-f32,pos10_cat09,pos10,56475,pathseer-nc,256,1,55,0.9927,0.9455,0.00016,1.970,2.395,2.559,1.937,0.0,0.0,0.0,0.0,0.0,0.0,0.0,0.0,0.0,0.0,0.00,
beir500k-f32,pos10_cat09,pos10,56475,pathseer-nc,256,2,55,0.9927,0.9455,0.00016,1.982,2.397,2.531,1.949,0.0,0.0,0.0,0.0,0.0,0.0,0.0,0.0,0.0,0.0,0.00,
beir500k-f32,pos10_cat09,pos10,56475,pathseer-nc,256,3,55,0.9927,0.9455,0.00016,1.973,2.386,2.541,1.934,0.0,0.0,0.0,0.0,0.0,0.0,0.0,0.0,0.0,0.0,0.00,
beir500k-f32,pos10_cat09,pos10,56475,pathseer,512,1,55,0.9982,0.9818,0.00006,3.455,4.312,4.766,3.409,6256.8,0.0,2775.9,541.5,8.0,8.0,481.7,346.5,487.9,7.5,36.36,pathseer:55
beir500k-f32,pos10_cat09,pos10,56475,pathseer,512,2,55,0.9982,0.9818,0.00006,3.400,4.275,4.757,3.392,6256.8,0.0,2775.9,541.5,8.0,8.0,481.7,346.5,487.9,7.5,36.36,pathseer:55
beir500k-f32,pos10_cat09,pos10,56475,pathseer,512,3,55,0.9982,0.9818,0.00006,3.370,4.259,4.699,3.385,6256.8,0.0,2775.9,541.5,8.0,8.0,481.7,346.5,487.9,7.5,36.36,pathseer:55
beir500k-f32,pos10_cat09,pos10,56475,pathseer-nc,512,1,55,0.9982,0.9818,0.00006,3.411,4.339,4.467,3.394,0.0,0.0,0.0,0.0,0.0,0.0,0.0,0.0,0.0,0.0,0.00,
beir500k-f32,pos10_cat09,pos10,56475,pathseer-nc,512,2,55,0.9982,0.9818,0.00006,3.349,4.204,4.369,3.334,0.0,0.0,0.0,0.0,0.0,0.0,0.0,0.0,0.0,0.0,0.00,
beir500k-f32,pos10_cat09,pos10,56475,pathseer-nc,512,3,55,0.9982,0.9818,0.00006,3.341,4.201,4.388,3.334,0.0,0.0,0.0,0.0,0.0,0.0,0.0,0.0,0.0,0.0,0.00,
beir500k-f32,pos10_cat10,pos10,61591,pathseer,64,1,50,0.9980,0.9800,0.00000,0.692,0.851,1.049,0.704,1423.3,0.0,472.1,69.6,2.0,2.0,83.2,50.2,64.6,1.3,4.92,pathseer:50
beir500k-f32,pos10_cat10,pos10,61591,pathseer,64,2,50,0.9980,0.9800,0.00000,0.686,0.862,1.055,0.703,1423.3,0.0,472.1,69.6,2.0,2.0,83.2,50.2,64.6,1.3,4.92,pathseer:50
beir500k-f32,pos10_cat10,pos10,61591,pathseer,64,3,50,0.9980,0.9800,0.00000,0.711,0.846,1.050,0.706,1423.3,0.0,472.1,69.6,2.0,2.0,83.2,50.2,64.6,1.3,4.92,pathseer:50
beir500k-f32,pos10_cat10,pos10,61591,pathseer-nc,64,1,50,0.9980,0.9800,0.00000,0.696,0.829,1.035,0.706,0.0,0.0,0.0,0.0,0.0,0.0,0.0,0.0,0.0,0.0,0.00,
beir500k-f32,pos10_cat10,pos10,61591,pathseer-nc,64,2,50,0.9980,0.9800,0.00000,0.695,0.854,1.023,0.703,0.0,0.0,0.0,0.0,0.0,0.0,0.0,0.0,0.0,0.0,0.00,
beir500k-f32,pos10_cat10,pos10,61591,pathseer-nc,64,3,50,0.9980,0.9800,0.00000,0.711,0.864,1.080,0.702,0.0,0.0,0.0,0.0,0.0,0.0,0.0,0.0,0.0,0.0,0.00,
beir500k-f32,pos10_cat10,pos10,61591,pathseer,128,1,50,1.0000,1.0000,0.00000,1.239,1.570,1.826,1.250,2486.7,0.0,880.6,138.2,3.0,3.0,145.9,94.2,140.4,2.3,11.78,pathseer:50
beir500k-f32,pos10_cat10,pos10,61591,pathseer,128,2,50,1.0000,1.0000,0.00000,1.237,1.577,1.768,1.249,2486.7,0.0,880.6,138.2,3.0,3.0,145.9,94.2,140.4,2.3,11.78,pathseer:50
beir500k-f32,pos10_cat10,pos10,61591,pathseer,128,3,50,1.0000,1.0000,0.00000,1.242,1.523,1.851,1.244,2486.7,0.0,880.6,138.2,3.0,3.0,145.9,94.2,140.4,2.3,11.78,pathseer:50
beir500k-f32,pos10_cat10,pos10,61591,pathseer-nc,128,1,50,1.0000,1.0000,0.00000,1.301,1.662,1.748,1.308,0.0,0.0,0.0,0.0,0.0,0.0,0.0,0.0,0.0,0.0,0.00,
beir500k-f32,pos10_cat10,pos10,61591,pathseer-nc,128,2,50,1.0000,1.0000,0.00000,1.315,1.708,1.848,1.331,0.0,0.0,0.0,0.0,0.0,0.0,0.0,0.0,0.0,0.0,0.00,
beir500k-f32,pos10_cat10,pos10,61591,pathseer-nc,128,3,50,1.0000,1.0000,0.00000,1.322,1.676,1.772,1.307,0.0,0.0,0.0,0.0,0.0,0.0,0.0,0.0,0.0,0.0,0.00,
beir500k-f32,pos10_cat10,pos10,61591,pathseer,256,1,50,1.0000,1.0000,0.00000,2.179,2.806,3.044,2.188,4286.4,0.0,1634.7,276.2,5.0,5.0,258.6,164.7,286.6,4.0,29.46,pathseer:50
beir500k-f32,pos10_cat10,pos10,61591,pathseer,256,2,50,1.0000,1.0000,0.00000,2.203,2.798,3.017,2.186,4286.4,0.0,1634.7,276.2,5.0,5.0,258.6,164.7,286.6,4.0,29.46,pathseer:50
beir500k-f32,pos10_cat10,pos10,61591,pathseer,256,3,50,1.0000,1.0000,0.00000,2.165,2.745,3.010,2.190,4286.4,0.0,1634.7,276.2,5.0,5.0,258.6,164.7,286.6,4.0,29.46,pathseer:50
beir500k-f32,pos10_cat10,pos10,61591,pathseer-nc,256,1,50,1.0000,1.0000,0.00000,2.129,2.665,2.947,2.153,0.0,0.0,0.0,0.0,0.0,0.0,0.0,0.0,0.0,0.0,0.00,
beir500k-f32,pos10_cat10,pos10,61591,pathseer-nc,256,2,50,1.0000,1.0000,0.00000,2.120,2.735,2.921,2.152,0.0,0.0,0.0,0.0,0.0,0.0,0.0,0.0,0.0,0.0,0.00,
beir500k-f32,pos10_cat10,pos10,61591,pathseer-nc,256,3,50,1.0000,1.0000,0.00000,2.137,2.640,2.989,2.158,0.0,0.0,0.0,0.0,0.0,0.0,0.0,0.0,0.0,0.0,0.00,
beir500k-f32,pos10_cat10,pos10,61591,pathseer,512,1,50,1.0000,1.0000,0.00000,3.870,5.011,5.455,3.866,7213.7,0.0,3200.3,558.5,9.0,9.0,522.2,322.8,641.7,8.2,71.84,pathseer:50
beir500k-f32,pos10_cat10,pos10,61591,pathseer,512,2,50,1.0000,1.0000,0.00000,3.854,5.102,5.502,3.865,7213.7,0.0,3200.3,558.5,9.0,9.0,522.2,322.8,641.7,8.2,71.84,pathseer:50
beir500k-f32,pos10_cat10,pos10,61591,pathseer,512,3,50,1.0000,1.0000,0.00000,3.852,5.079,5.576,3.876,7213.7,0.0,3200.3,558.5,9.0,9.0,522.2,322.8,641.7,8.2,71.84,pathseer:50
beir500k-f32,pos10_cat10,pos10,61591,pathseer-nc,512,1,50,1.0000,1.0000,0.00000,3.885,5.294,5.913,3.897,0.0,0.0,0.0,0.0,0.0,0.0,0.0,0.0,0.0,0.0,0.00,
beir500k-f32,pos10_cat10,pos10,61591,pathseer-nc,512,2,50,1.0000,1.0000,0.00000,3.759,4.845,5.272,3.773,0.0,0.0,0.0,0.0,0.0,0.0,0.0,0.0,0.0,0.0,0.00,
beir500k-f32,pos10_cat10,pos10,61591,pathseer-nc,512,3,50,1.0000,1.0000,0.00000,3.736,4.974,5.283,3.781,0.0,0.0,0.0,0.0,0.0,0.0,0.0,0.0,0.0,0.0,0.00,
beir500k-f32,pos10_cat11,pos10,74790,pathseer,64,1,32,0.9938,0.9375,0.00011,0.677,0.926,1.063,0.693,1382.2,0.0,1108.4,97.1,3.0,3.0,102.0,42.6,540.6,1.6,42.75,pathseer:32
beir500k-f32,pos10_cat11,pos10,74790,pathseer,64,2,32,0.9938,0.9375,0.00011,0.691,0.933,1.110,0.698,1382.2,0.0,1108.4,97.1,3.0,3.0,102.0,42.6,540.6,1.6,42.75,pathseer:32
beir500k-f32,pos10_cat11,pos10,74790,pathseer,64,3,32,0.9938,0.9375,0.00011,0.702,0.923,1.136,0.707,1382.2,0.0,1108.4,97.1,3.0,3.0,102.0,42.6,540.6,1.6,42.75,pathseer:32
beir500k-f32,pos10_cat11,pos10,74790,pathseer-nc,64,1,32,0.9938,0.9375,0.00011,0.693,0.863,0.977,0.677,0.0,0.0,0.0,0.0,0.0,0.0,0.0,0.0,0.0,0.0,0.00,
beir500k-f32,pos10_cat11,pos10,74790,pathseer-nc,64,2,32,0.9938,0.9375,0.00011,0.685,0.897,0.977,0.695,0.0,0.0,0.0,0.0,0.0,0.0,0.0,0.0,0.0,0.0,0.00,
beir500k-f32,pos10_cat11,pos10,74790,pathseer-nc,64,3,32,0.9938,0.9375,0.00011,0.679,0.887,0.998,0.679,0.0,0.0,0.0,0.0,0.0,0.0,0.0,0.0,0.0,0.0,0.00,
beir500k-f32,pos10_cat11,pos10,74790,pathseer,128,1,32,0.9938,0.9375,0.00011,1.242,1.693,2.267,1.254,2366.8,0.0,2157.1,203.7,4.0,4.0,180.0,73.4,1114.2,2.8,99.66,pathseer:32
beir500k-f32,pos10_cat11,pos10,74790,pathseer,128,2,32,0.9938,0.9375,0.00011,1.228,1.624,2.275,1.249,2366.8,0.0,2157.1,203.7,4.0,4.0,180.0,73.4,1114.2,2.8,99.66,pathseer:32
beir500k-f32,pos10_cat11,pos10,74790,pathseer,128,3,32,0.9938,0.9375,0.00011,1.237,1.657,2.274,1.248,2366.8,0.0,2157.1,203.7,4.0,4.0,180.0,73.4,1114.2,2.8,99.66,pathseer:32
beir500k-f32,pos10_cat11,pos10,74790,pathseer-nc,128,1,32,0.9938,0.9375,0.00011,1.203,1.571,2.049,1.223,0.0,0.0,0.0,0.0,0.0,0.0,0.0,0.0,0.0,0.0,0.00,
beir500k-f32,pos10_cat11,pos10,74790,pathseer-nc,128,2,32,0.9938,0.9375,0.00011,1.186,1.532,2.024,1.204,0.0,0.0,0.0,0.0,0.0,0.0,0.0,0.0,0.0,0.0,0.00,
beir500k-f32,pos10_cat11,pos10,74790,pathseer-nc,128,3,32,0.9938,0.9375,0.00011,1.226,1.533,2.052,1.221,0.0,0.0,0.0,0.0,0.0,0.0,0.0,0.0,0.0,0.0,0.00,
beir500k-f32,pos10_cat11,pos10,74790,pathseer,256,1,32,0.9969,0.9688,0.00006,2.217,3.155,5.080,2.316,4033.5,0.0,4321.1,435.3,6.0,10.0,338.0,128.4,2319.6,5.3,219.09,pathseer:32
beir500k-f32,pos10_cat11,pos10,74790,pathseer,256,2,32,0.9969,0.9688,0.00006,2.235,3.103,5.085,2.335,4033.5,0.0,4321.1,435.3,6.0,10.0,338.0,128.4,2319.6,5.3,219.09,pathseer:32
beir500k-f32,pos10_cat11,pos10,74790,pathseer,256,3,32,0.9969,0.9688,0.00006,2.296,3.081,5.065,2.316,4033.5,0.0,4321.1,435.3,6.0,10.0,338.0,128.4,2319.6,5.3,219.09,pathseer:32
beir500k-f32,pos10_cat11,pos10,74790,pathseer-nc,256,1,32,0.9969,0.9688,0.00006,2.097,2.839,4.567,2.175,0.0,0.0,0.0,0.0,0.0,0.0,0.0,0.0,0.0,0.0,0.00,
beir500k-f32,pos10_cat11,pos10,74790,pathseer-nc,256,2,32,0.9969,0.9688,0.00006,2.123,2.814,4.544,2.203,0.0,0.0,0.0,0.0,0.0,0.0,0.0,0.0,0.0,0.0,0.00,
beir500k-f32,pos10_cat11,pos10,74790,pathseer-nc,256,3,32,0.9969,0.9688,0.00006,2.135,2.911,4.537,2.192,0.0,0.0,0.0,0.0,0.0,0.0,0.0,0.0,0.0,0.0,0.00,
beir500k-f32,pos10_cat11,pos10,74790,pathseer,512,1,32,0.9969,0.9688,0.00006,4.193,5.948,9.925,4.263,6699.3,0.0,8528.6,937.0,12.0,23.0,708.0,249.2,4607.0,11.1,489.91,pathseer:32
beir500k-f32,pos10_cat11,pos10,74790,pathseer,512,2,32,0.9969,0.9688,0.00006,4.117,5.906,10.187,4.278,6699.3,0.0,8528.6,937.0,12.0,23.0,708.0,249.2,4607.0,11.1,489.91,pathseer:32
beir500k-f32,pos10_cat11,pos10,74790,pathseer,512,3,32,0.9969,0.9688,0.00006,4.296,6.573,10.212,4.475,6699.3,0.0,8528.6,937.0,12.0,23.0,708.0,249.2,4607.0,11.1,489.91,pathseer:32
beir500k-f32,pos10_cat11,pos10,74790,pathseer-nc,512,1,32,0.9969,0.9688,0.00006,3.833,5.355,8.919,3.918,0.0,0.0,0.0,0.0,0.0,0.0,0.0,0.0,0.0,0.0,0.00,
beir500k-f32,pos10_cat11,pos10,74790,pathseer-nc,512,2,32,0.9969,0.9688,0.00006,3.721,5.285,8.882,3.906,0.0,0.0,0.0,0.0,0.0,0.0,0.0,0.0,0.0,0.0,0.00,
beir500k-f32,pos10_cat11,pos10,74790,pathseer-nc,512,3,32,0.9969,0.9688,0.00006,3.747,5.310,8.819,3.929,0.0,0.0,0.0,0.0,0.0,0.0,0.0,0.0,0.0,0.0,0.00,
beir500k-f32,pos10_cat12,pos10,63118,pathseer,64,1,66,0.9894,0.9091,0.00007,0.654,0.783,0.821,0.638,1304.8,0.0,427.5,68.5,2.0,2.0,72.7,54.9,52.3,1.1,4.15,pathseer:66
beir500k-f32,pos10_cat12,pos10,63118,pathseer,64,2,66,0.9894,0.9091,0.00007,0.643,0.782,0.798,0.636,1304.8,0.0,427.5,68.5,2.0,2.0,72.7,54.9,52.3,1.1,4.15,pathseer:66
beir500k-f32,pos10_cat12,pos10,63118,pathseer,64,3,66,0.9894,0.9091,0.00007,0.638,0.763,0.807,0.628,1304.8,0.0,427.5,68.5,2.0,2.0,72.7,54.9,52.3,1.1,4.15,pathseer:66
beir500k-f32,pos10_cat12,pos10,63118,pathseer-nc,64,1,66,0.9894,0.9091,0.00007,0.643,0.756,0.807,0.624,0.0,0.0,0.0,0.0,0.0,0.0,0.0,0.0,0.0,0.0,0.00,
beir500k-f32,pos10_cat12,pos10,63118,pathseer-nc,64,2,66,0.9894,0.9091,0.00007,0.642,0.802,0.814,0.629,0.0,0.0,0.0,0.0,0.0,0.0,0.0,0.0,0.0,0.0,0.00,
beir500k-f32,pos10_cat12,pos10,63118,pathseer-nc,64,3,66,0.9894,0.9091,0.00007,0.664,0.788,0.844,0.653,0.0,0.0,0.0,0.0,0.0,0.0,0.0,0.0,0.0,0.0,0.00,
beir500k-f32,pos10_cat12,pos10,63118,pathseer,128,1,66,0.9985,0.9848,0.00002,1.097,1.427,1.452,1.105,2251.4,0.0,785.6,135.3,3.0,3.0,138.7,101.7,102.0,2.2,8.89,pathseer:66
beir500k-f32,pos10_cat12,pos10,63118,pathseer,128,2,66,0.9985,0.9848,0.00002,1.123,1.426,1.454,1.110,2251.4,0.0,785.6,135.3,3.0,3.0,138.7,101.7,102.0,2.2,8.89,pathseer:66
beir500k-f32,pos10_cat12,pos10,63118,pathseer,128,3,66,0.9985,0.9848,0.00002,1.086,1.436,1.438,1.097,2251.4,0.0,785.6,135.3,3.0,3.0,138.7,101.7,102.0,2.2,8.89,pathseer:66
beir500k-f32,pos10_cat12,pos10,63118,pathseer-nc,128,1,66,0.9985,0.9848,0.00002,1.092,1.397,1.436,1.095,0.0,0.0,0.0,0.0,0.0,0.0,0.0,0.0,0.0,0.0,0.00,
beir500k-f32,pos10_cat12,pos10,63118,pathseer-nc,128,2,66,0.9985,0.9848,0.00002,1.098,1.420,1.470,1.098,0.0,0.0,0.0,0.0,0.0,0.0,0.0,0.0,0.0,0.0,0.00,
beir500k-f32,pos10_cat12,pos10,63118,pathseer-nc,128,3,66,0.9985,0.9848,0.00002,1.119,1.405,1.465,1.102,0.0,0.0,0.0,0.0,0.0,0.0,0.0,0.0,0.0,0.0,0.00,
beir500k-f32,pos10_cat12,pos10,63118,pathseer,256,1,66,1.0000,1.0000,0.00000,1.939,2.544,2.632,1.958,3839.6,0.0,1460.9,270.8,5.0,5.0,242.4,174.3,211.3,3.8,20.14,pathseer:66
beir500k-f32,pos10_cat12,pos10,63118,pathseer,256,2,66,1.0000,1.0000,0.00000,1.945,2.578,2.679,1.978,3839.6,0.0,1460.9,270.8,5.0,5.0,242.4,174.3,211.3,3.8,20.14,pathseer:66
beir500k-f32,pos10_cat12,pos10,63118,pathseer,256,3,66,1.0000,1.0000,0.00000,2.007,2.592,2.735,2.029,3839.6,0.0,1460.9,270.8,5.0,5.0,242.4,174.3,211.3,3.8,20.14,pathseer:66
beir500k-f32,pos10_cat12,pos10,63118,pathseer-nc,256,1,66,1.0000,1.0000,0.00000,1.911,2.505,2.664,1.926,0.0,0.0,0.0,0.0,0.0,0.0,0.0,0.0,0.0,0.0,0.00,
beir500k-f32,pos10_cat12,pos10,63118,pathseer-nc,256,2,66,1.0000,1.0000,0.00000,1.912,2.523,2.581,1.927,0.0,0.0,0.0,0.0,0.0,0.0,0.0,0.0,0.0,0.0,0.00,
beir500k-f32,pos10_cat12,pos10,63118,pathseer-nc,256,3,66,1.0000,1.0000,0.00000,1.917,2.513,2.573,1.931,0.0,0.0,0.0,0.0,0.0,0.0,0.0,0.0,0.0,0.0,0.00,
beir500k-f32,pos10_cat12,pos10,63118,pathseer,512,1,66,1.0000,1.0000,0.00000,3.499,4.546,4.662,3.479,6474.5,0.0,2817.7,542.9,8.0,9.0,502.3,349.9,443.9,7.8,41.67,pathseer:66
beir500k-f32,pos10_cat12,pos10,63118,pathseer,512,2,66,1.0000,1.0000,0.00000,3.562,4.494,4.781,3.495,6474.5,0.0,2817.7,542.9,8.0,9.0,502.3,349.9,443.9,7.8,41.67,pathseer:66
beir500k-f32,pos10_cat12,pos10,63118,pathseer,512,3,66,1.0000,1.0000,0.00000,3.547,4.453,4.674,3.481,6474.5,0.0,2817.7,542.9,8.0,9.0,502.3,349.9,443.9,7.8,41.67,pathseer:66
beir500k-f32,pos10_cat12,pos10,63118,pathseer-nc,512,1,66,1.0000,1.0000,0.00000,3.415,4.378,4.560,3.411,0.0,0.0,0.0,0.0,0.0,0.0,0.0,0.0,0.0,0.0,0.00,
beir500k-f32,pos10_cat12,pos10,63118,pathseer-nc,512,2,66,1.0000,1.0000,0.00000,3.470,4.700,5.072,3.488,0.0,0.0,0.0,0.0,0.0,0.0,0.0,0.0,0.0,0.0,0.00,
beir500k-f32,pos10_cat12,pos10,63118,pathseer-nc,512,3,66,1.0000,1.0000,0.00000,3.438,4.363,4.499,3.399,0.0,0.0,0.0,0.0,0.0,0.0,0.0,0.0,0.0,0.0,0.00,
beir500k-f32,pos10_cat13,pos10,56401,pathseer,64,1,54,0.9926,0.9259,0.00012,0.726,0.967,1.207,0.773,1505.3,0.0,883.4,89.5,2.0,2.0,87.7,48.1,380.1,1.4,15.39,pathseer:54
beir500k-f32,pos10_cat13,pos10,56401,pathseer,64,2,54,0.9926,0.9259,0.00012,0.730,0.979,1.247,0.788,1505.3,0.0,883.4,89.5,2.0,2.0,87.7,48.1,380.1,1.4,15.39,pathseer:54
beir500k-f32,pos10_cat13,pos10,56401,pathseer,64,3,54,0.9926,0.9259,0.00012,0.721,0.978,1.201,0.779,1505.3,0.0,883.4,89.5,2.0,2.0,87.7,48.1,380.1,1.4,15.39,pathseer:54
beir500k-f32,pos10_cat13,pos10,56401,pathseer-nc,64,1,54,0.9926,0.9259,0.00012,0.726,0.937,1.147,0.760,0.0,0.0,0.0,0.0,0.0,0.0,0.0,0.0,0.0,0.0,0.00,
beir500k-f32,pos10_cat13,pos10,56401,pathseer-nc,64,2,54,0.9926,0.9259,0.00012,0.712,0.953,1.136,0.759,0.0,0.0,0.0,0.0,0.0,0.0,0.0,0.0,0.0,0.0,0.00,
beir500k-f32,pos10_cat13,pos10,56401,pathseer-nc,64,3,54,0.9926,0.9259,0.00012,0.726,0.969,1.169,0.769,0.0,0.0,0.0,0.0,0.0,0.0,0.0,0.0,0.0,0.0,0.00,
beir500k-f32,pos10_cat13,pos10,56401,pathseer,128,1,54,0.9981,0.9815,0.00003,1.267,2.012,2.756,1.397,2623.9,0.0,1708.5,186.4,3.0,3.0,155.3,87.4,783.2,2.4,33.94,pathseer:54
beir500k-f32,pos10_cat13,pos10,56401,pathseer,128,2,54,0.9981,0.9815,0.00003,1.265,2.045,2.784,1.408,2623.9,0.0,1708.5,186.4,3.0,3.0,155.3,87.4,783.2,2.4,33.94,pathseer:54
beir500k-f32,pos10_cat13,pos10,56401,pathseer,128,3,54,0.9981,0.9815,0.00003,1.254,2.000,2.768,1.386,2623.9,0.0,1708.5,186.4,3.0,3.0,155.3,87.4,783.2,2.4,33.94,pathseer:54
beir500k-f32,pos10_cat13,pos10,56401,pathseer-nc,128,1,54,0.9981,0.9815,0.00003,1.260,1.917,2.545,1.349,0.0,0.0,0.0,0.0,0.0,0.0,0.0,0.0,0.0,0.0,0.00,
beir500k-f32,pos10_cat13,pos10,56401,pathseer-nc,128,2,54,0.9981,0.9815,0.00003,1.251,1.922,2.582,1.349,0.0,0.0,0.0,0.0,0.0,0.0,0.0,0.0,0.0,0.0,0.00,
beir500k-f32,pos10_cat13,pos10,56401,pathseer-nc,128,3,54,0.9981,0.9815,0.00003,1.254,1.894,2.545,1.350,0.0,0.0,0.0,0.0,0.0,0.0,0.0,0.0,0.0,0.0,0.00,
beir500k-f32,pos10_cat13,pos10,56401,pathseer,256,1,54,1.0000,1.0000,0.00000,2.182,3.514,5.496,2.440,4460.8,0.0,3026.2,363.5,5.0,5.0,289.2,155.5,1352.4,4.5,70.81,pathseer:54
beir500k-f32,pos10_cat13,pos10,56401,pathseer,256,2,54,1.0000,1.0000,0.00000,2.227,3.566,5.337,2.441,4460.8,0.0,3026.2,363.5,5.0,5.0,289.2,155.5,1352.4,4.5,70.81,pathseer:54
beir500k-f32,pos10_cat13,pos10,56401,pathseer,256,3,54,1.0000,1.0000,0.00000,2.264,3.523,5.321,2.446,4460.8,0.0,3026.2,363.5,5.0,5.0,289.2,155.5,1352.4,4.5,70.81,pathseer:54
beir500k-f32,pos10_cat13,pos10,56401,pathseer-nc,256,1,54,1.0000,1.0000,0.00000,2.271,3.423,5.114,2.444,0.0,0.0,0.0,0.0,0.0,0.0,0.0,0.0,0.0,0.0,0.00,
beir500k-f32,pos10_cat13,pos10,56401,pathseer-nc,256,2,54,1.0000,1.0000,0.00000,2.302,3.329,4.920,2.460,0.0,0.0,0.0,0.0,0.0,0.0,0.0,0.0,0.0,0.0,0.00,
beir500k-f32,pos10_cat13,pos10,56401,pathseer-nc,256,3,54,1.0000,1.0000,0.00000,2.176,3.339,4.883,2.368,0.0,0.0,0.0,0.0,0.0,0.0,0.0,0.0,0.0,0.0,0.00,
beir500k-f32,pos10_cat13,pos10,56401,pathseer,512,1,54,1.0000,1.0000,0.00000,4.122,6.877,10.194,4.350,7509.1,0.0,5579.5,729.4,9.0,10.0,583.1,307.3,2426.8,9.1,149.91,pathseer:54
beir500k-f32,pos10_cat13,pos10,56401,pathseer,512,2,54,1.0000,1.0000,0.00000,4.052,6.839,10.068,4.355,7509.1,0.0,5579.5,729.4,9.0,10.0,583.1,307.3,2426.8,9.1,149.91,pathseer:54
beir500k-f32,pos10_cat13,pos10,56401,pathseer,512,3,54,1.0000,1.0000,0.00000,4.059,6.863,10.096,4.362,7509.1,0.0,5579.5,729.4,9.0,10.0,583.1,307.3,2426.8,9.1,149.91,pathseer:54
beir500k-f32,pos10_cat13,pos10,56401,pathseer-nc,512,1,54,1.0000,1.0000,0.00000,4.093,6.606,9.250,4.209,0.0,0.0,0.0,0.0,0.0,0.0,0.0,0.0,0.0,0.0,0.00,
beir500k-f32,pos10_cat13,pos10,56401,pathseer-nc,512,2,54,1.0000,1.0000,0.00000,3.993,6.575,9.291,4.169,0.0,0.0,0.0,0.0,0.0,0.0,0.0,0.0,0.0,0.0,0.00,
beir500k-f32,pos10_cat13,pos10,56401,pathseer-nc,512,3,54,1.0000,1.0000,0.00000,4.099,6.548,9.202,4.284,0.0,0.0,0.0,0.0,0.0,0.0,0.0,0.0,0.0,0.0,0.00,
beir500k-f32,pos10_cat14,pos10,63179,pathseer,64,1,6,1.0000,1.0000,0.00000,0.504,0.651,0.651,0.487,1232.7,0.0,1305.2,105.3,3.0,4.0,117.3,27.2,666.7,1.8,68.17,pathseer:6
beir500k-f32,pos10_cat14,pos10,63179,pathseer,64,2,6,1.0000,1.0000,0.00000,0.502,0.649,0.649,0.490,1232.7,0.0,1305.2,105.3,3.0,4.0,117.3,27.2,666.7,1.8,68.17,pathseer:6
beir500k-f32,pos10_cat14,pos10,63179,pathseer,64,3,6,1.0000,1.0000,0.00000,0.517,0.642,0.642,0.489,1232.7,0.0,1305.2,105.3,3.0,4.0,117.3,27.2,666.7,1.8,68.17,pathseer:6
beir500k-f32,pos10_cat14,pos10,63179,pathseer-nc,64,1,6,1.0000,1.0000,0.00000,0.524,0.609,0.609,0.492,0.0,0.0,0.0,0.0,0.0,0.0,0.0,0.0,0.0,0.0,0.00,
beir500k-f32,pos10_cat14,pos10,63179,pathseer-nc,64,2,6,1.0000,1.0000,0.00000,0.495,0.629,0.629,0.470,0.0,0.0,0.0,0.0,0.0,0.0,0.0,0.0,0.0,0.0,0.00,
beir500k-f32,pos10_cat14,pos10,63179,pathseer-nc,64,3,6,1.0000,1.0000,0.00000,0.482,0.610,0.610,0.461,0.0,0.0,0.0,0.0,0.0,0.0,0.0,0.0,0.0,0.0,0.00,
beir500k-f32,pos10_cat14,pos10,63179,pathseer,128,1,6,1.0000,1.0000,0.00000,0.961,1.288,1.288,0.922,2020.7,0.0,2469.8,220.5,4.0,10.0,192.0,49.5,1308.5,3.0,153.17,pathseer:6
beir500k-f32,pos10_cat14,pos10,63179,pathseer,128,2,6,1.0000,1.0000,0.00000,0.973,1.309,1.309,0.936,2020.7,0.0,2469.8,220.5,4.0,10.0,192.0,49.5,1308.5,3.0,153.17,pathseer:6
beir500k-f32,pos10_cat14,pos10,63179,pathseer,128,3,6,1.0000,1.0000,0.00000,0.940,1.228,1.228,0.894,2020.7,0.0,2469.8,220.5,4.0,10.0,192.0,49.5,1308.5,3.0,153.17,pathseer:6
beir500k-f32,pos10_cat14,pos10,63179,pathseer-nc,128,1,6,1.0000,1.0000,0.00000,0.872,1.113,1.113,0.830,0.0,0.0,0.0,0.0,0.0,0.0,0.0,0.0,0.0,0.0,0.00,
beir500k-f32,pos10_cat14,pos10,63179,pathseer-nc,128,2,6,1.0000,1.0000,0.00000,0.884,1.156,1.156,0.844,0.0,0.0,0.0,0.0,0.0,0.0,0.0,0.0,0.0,0.0,0.00,
beir500k-f32,pos10_cat14,pos10,63179,pathseer-nc,128,3,6,1.0000,1.0000,0.00000,0.901,1.120,1.120,0.837,0.0,0.0,0.0,0.0,0.0,0.0,0.0,0.0,0.0,0.0,0.00,
beir500k-f32,pos10_cat14,pos10,63179,pathseer,256,1,6,1.0000,1.0000,0.00000,1.880,2.317,2.317,1.722,3251.2,0.0,4518.3,452.0,8.0,19.0,437.3,102.2,2338.0,6.8,312.33,pathseer:6
beir500k-f32,pos10_cat14,pos10,63179,pathseer,256,2,6,1.0000,1.0000,0.00000,1.935,2.361,2.361,1.779,3251.2,0.0,4518.3,452.0,8.0,19.0,437.3,102.2,2338.0,6.8,312.33,pathseer:6
beir500k-f32,pos10_cat14,pos10,63179,pathseer,256,3,6,1.0000,1.0000,0.00000,2.047,2.516,2.516,1.868,3251.2,0.0,4518.3,452.0,8.0,19.0,437.3,102.2,2338.0,6.8,312.33,pathseer:6
beir500k-f32,pos10_cat14,pos10,63179,pathseer-nc,256,1,6,1.0000,1.0000,0.00000,1.746,2.215,2.215,1.638,0.0,0.0,0.0,0.0,0.0,0.0,0.0,0.0,0.0,0.0,0.00,
beir500k-f32,pos10_cat14,pos10,63179,pathseer-nc,256,2,6,1.0000,1.0000,0.00000,1.755,2.188,2.188,1.612,0.0,0.0,0.0,0.0,0.0,0.0,0.0,0.0,0.0,0.0,0.00,
beir500k-f32,pos10_cat14,pos10,63179,pathseer-nc,256,3,6,1.0000,1.0000,0.00000,1.790,2.235,2.235,1.638,0.0,0.0,0.0,0.0,0.0,0.0,0.0,0.0,0.0,0.0,0.00,
beir500k-f32,pos10_cat14,pos10,63179,pathseer,512,1,6,1.0000,1.0000,0.00000,3.810,4.650,4.650,3.407,5183.7,0.0,8631.7,979.8,14.0,43.0,832.0,216.7,4488.0,13.0,637.67,pathseer:6
beir500k-f32,pos10_cat14,pos10,63179,pathseer,512,2,6,1.0000,1.0000,0.00000,3.813,4.532,4.532,3.345,5183.7,0.0,8631.7,979.8,14.0,43.0,832.0,216.7,4488.0,13.0,637.67,pathseer:6
beir500k-f32,pos10_cat14,pos10,63179,pathseer,512,3,6,1.0000,1.0000,0.00000,3.932,4.668,4.668,3.413,5183.7,0.0,8631.7,979.8,14.0,43.0,832.0,216.7,4488.0,13.0,637.67,pathseer:6
beir500k-f32,pos10_cat14,pos10,63179,pathseer-nc,512,1,6,1.0000,1.0000,0.00000,3.438,4.148,4.148,3.043,0.0,0.0,0.0,0.0,0.0,0.0,0.0,0.0,0.0,0.0,0.00,
beir500k-f32,pos10_cat14,pos10,63179,pathseer-nc,512,2,6,1.0000,1.0000,0.00000,3.437,4.157,4.157,3.107,0.0,0.0,0.0,0.0,0.0,0.0,0.0,0.0,0.0,0.0,0.00,
beir500k-f32,pos10_cat14,pos10,63179,pathseer-nc,512,3,6,1.0000,1.0000,0.00000,3.514,4.098,4.098,3.068,0.0,0.0,0.0,0.0,0.0,0.0,0.0,0.0,0.0,0.0,0.00,
beir500k-f32,pos10_cat15,pos10,62186,pathseer,64,1,84,0.9833,0.9167,0.00057,0.752,1.079,1.389,0.789,1388.2,0.0,1194.8,102.3,3.0,3.0,133.3,36.4,581.3,2.1,26.45,pathseer:84
beir500k-f32,pos10_cat15,pos10,62186,pathseer,64,2,84,0.9833,0.9167,0.00057,0.745,1.110,1.399,0.791,1388.2,0.0,1194.8,102.3,3.0,3.0,133.3,36.4,581.3,2.1,26.45,pathseer:84
beir500k-f32,pos10_cat15,pos10,62186,pathseer,64,3,84,0.9833,0.9167,0.00057,0.756,1.111,1.390,0.795,1388.2,0.0,1194.8,102.3,3.0,3.0,133.3,36.4,581.3,2.1,26.45,pathseer:84
beir500k-f32,pos10_cat15,pos10,62186,pathseer-nc,64,1,84,0.9833,0.9167,0.00057,0.736,1.050,1.422,0.771,0.0,0.0,0.0,0.0,0.0,0.0,0.0,0.0,0.0,0.0,0.00,
beir500k-f32,pos10_cat15,pos10,62186,pathseer-nc,64,2,84,0.9833,0.9167,0.00057,0.736,1.052,1.278,0.767,0.0,0.0,0.0,0.0,0.0,0.0,0.0,0.0,0.0,0.0,0.00,
beir500k-f32,pos10_cat15,pos10,62186,pathseer-nc,64,3,84,0.9833,0.9167,0.00057,0.734,1.054,1.291,0.768,0.0,0.0,0.0,0.0,0.0,0.0,0.0,0.0,0.0,0.0,0.00,
beir500k-f32,pos10_cat15,pos10,62186,pathseer,128,1,84,0.9952,0.9762,0.00012,1.413,2.100,2.616,1.421,2458.7,0.0,2260.4,204.6,4.0,6.0,217.9,61.9,1198.4,3.4,62.04,pathseer:84
beir500k-f32,pos10_cat15,pos10,62186,pathseer,128,2,84,0.9952,0.9762,0.00012,1.411,2.096,2.644,1.425,2458.7,0.0,2260.4,204.6,4.0,6.0,217.9,61.9,1198.4,3.4,62.04,pathseer:84
beir500k-f32,pos10_cat15,pos10,62186,pathseer,128,3,84,0.9952,0.9762,0.00012,1.422,2.068,2.624,1.442,2458.7,0.0,2260.4,204.6,4.0,6.0,217.9,61.9,1198.4,3.4,62.04,pathseer:84
beir500k-f32,pos10_cat15,pos10,62186,pathseer-nc,128,1,84,0.9952,0.9762,0.00012,1.361,1.949,2.365,1.360,0.0,0.0,0.0,0.0,0.0,0.0,0.0,0.0,0.0,0.0,0.00,
beir500k-f32,pos10_cat15,pos10,62186,pathseer-nc,128,2,84,0.9952,0.9762,0.00012,1.363,1.958,2.364,1.369,0.0,0.0,0.0,0.0,0.0,0.0,0.0,0.0,0.0,0.0,0.00,
beir500k-f32,pos10_cat15,pos10,62186,pathseer-nc,128,3,84,0.9952,0.9762,0.00012,1.360,1.926,2.372,1.363,0.0,0.0,0.0,0.0,0.0,0.0,0.0,0.0,0.0,0.0,0.00,
beir500k-f32,pos10_cat15,pos10,62186,pathseer,256,1,84,0.9988,0.9881,0.00002,2.657,5.239,7.437,2.930,4417.9,0.0,4553.3,430.9,7.0,12.0,403.8,120.5,2531.5,6.3,154.68,pathseer:84
beir500k-f32,pos10_cat15,pos10,62186,pathseer,256,2,84,0.9988,0.9881,0.00002,2.550,4.373,5.089,2.645,4417.9,0.0,4553.3,430.9,7.0,12.0,403.8,120.5,2531.5,6.3,154.68,pathseer:84
beir500k-f32,pos10_cat15,pos10,62186,pathseer,256,3,84,0.9988,0.9881,0.00002,2.575,4.378,5.353,2.669,4417.9,0.0,4553.3,430.9,7.0,12.0,403.8,120.5,2531.5,6.3,154.68,pathseer:84
beir500k-f32,pos10_cat15,pos10,62186,pathseer-nc,256,1,84,0.9988,0.9881,0.00002,2.458,3.976,4.611,2.521,0.0,0.0,0.0,0.0,0.0,0.0,0.0,0.0,0.0,0.0,0.00,
beir500k-f32,pos10_cat15,pos10,62186,pathseer-nc,256,2,84,0.9988,0.9881,0.00002,2.449,4.000,4.614,2.514,0.0,0.0,0.0,0.0,0.0,0.0,0.0,0.0,0.0,0.0,0.00,
beir500k-f32,pos10_cat15,pos10,62186,pathseer-nc,256,3,84,0.9988,0.9881,0.00002,2.502,4.080,4.730,2.537,0.0,0.0,0.0,0.0,0.0,0.0,0.0,0.0,0.0,0.0,0.00,
beir500k-f32,pos10_cat15,pos10,62186,pathseer,512,1,84,1.0000,1.0000,0.00000,4.868,8.007,10.289,5.073,7867.7,0.0,9298.2,923.5,13.0,25.0,813.7,249.4,5304.0,12.7,381.36,pathseer:84
beir500k-f32,pos10_cat15,pos10,62186,pathseer,512,2,84,1.0000,1.0000,0.00000,4.852,8.272,9.354,5.084,7867.7,0.0,9298.2,923.5,13.0,25.0,813.7,249.4,5304.0,12.7,381.36,pathseer:84
beir500k-f32,pos10_cat15,pos10,62186,pathseer,512,3,84,1.0000,1.0000,0.00000,5.090,8.611,9.884,5.242,7867.7,0.0,9298.2,923.5,13.0,25.0,813.7,249.4,5304.0,12.7,381.36,pathseer:84
beir500k-f32,pos10_cat15,pos10,62186,pathseer-nc,512,1,84,1.0000,1.0000,0.00000,4.595,7.423,8.701,4.831,0.0,0.0,0.0,0.0,0.0,0.0,0.0,0.0,0.0,0.0,0.00,
beir500k-f32,pos10_cat15,pos10,62186,pathseer-nc,512,2,84,1.0000,1.0000,0.00000,4.529,7.476,8.776,4.777,0.0,0.0,0.0,0.0,0.0,0.0,0.0,0.0,0.0,0.0,0.00,
beir500k-f32,pos10_cat15,pos10,62186,pathseer-nc,512,3,84,1.0000,1.0000,0.00000,4.521,7.384,8.558,4.718,0.0,0.0,0.0,0.0,0.0,0.0,0.0,0.0,0.0,0.0,0.00,
beir500k-f32,pos10_cat16,pos10,73905,pathseer,64,1,42,0.9976,0.9762,0.00000,0.544,0.683,1.111,0.534,1030.5,0.0,431.5,69.4,2.0,2.0,85.3,57.8,23.0,1.3,1.10,pathseer:42
beir500k-f32,pos10_cat16,pos10,73905,pathseer,64,2,42,0.9976,0.9762,0.00000,0.540,0.732,1.122,0.533,1030.5,0.0,431.5,69.4,2.0,2.0,85.3,57.8,23.0,1.3,1.10,pathseer:42
beir500k-f32,pos10_cat16,pos10,73905,pathseer,64,3,42,0.9976,0.9762,0.00000,0.540,0.674,1.123,0.529,1030.5,0.0,431.5,69.4,2.0,2.0,85.3,57.8,23.0,1.3,1.10,pathseer:42
beir500k-f32,pos10_cat16,pos10,73905,pathseer-nc,64,1,42,0.9976,0.9762,0.00000,0.533,0.709,1.114,0.527,0.0,0.0,0.0,0.0,0.0,0.0,0.0,0.0,0.0,0.0,0.00,
beir500k-f32,pos10_cat16,pos10,73905,pathseer-nc,64,2,42,0.9976,0.9762,0.00000,0.531,0.678,1.128,0.522,0.0,0.0,0.0,0.0,0.0,0.0,0.0,0.0,0.0,0.0,0.00,
beir500k-f32,pos10_cat16,pos10,73905,pathseer-nc,64,3,42,0.9976,0.9762,0.00000,0.538,0.675,1.122,0.527,0.0,0.0,0.0,0.0,0.0,0.0,0.0,0.0,0.0,0.0,0.00,
beir500k-f32,pos10_cat16,pos10,73905,pathseer,128,1,42,1.0000,1.0000,0.00000,0.909,1.058,1.234,0.881,1696.4,0.0,718.1,133.7,3.0,3.0,153.9,103.0,43.6,2.4,3.64,pathseer:42
beir500k-f32,pos10_cat16,pos10,73905,pathseer,128,2,42,1.0000,1.0000,0.00000,0.907,1.156,1.215,0.876,1696.4,0.0,718.1,133.7,3.0,3.0,153.9,103.0,43.6,2.4,3.64,pathseer:42
beir500k-f32,pos10_cat16,pos10,73905,pathseer,128,3,42,1.0000,1.0000,0.00000,0.915,1.058,1.195,0.870,1696.4,0.0,718.1,133.7,3.0,3.0,153.9,103.0,43.6,2.4,3.64,pathseer:42
beir500k-f32,pos10_cat16,pos10,73905,pathseer-nc,128,1,42,1.0000,1.0000,0.00000,0.902,1.107,1.192,0.864,0.0,0.0,0.0,0.0,0.0,0.0,0.0,0.0,0.0,0.0,0.00,
beir500k-f32,pos10_cat16,pos10,73905,pathseer-nc,128,2,42,1.0000,1.0000,0.00000,0.915,1.061,1.263,0.866,0.0,0.0,0.0,0.0,0.0,0.0,0.0,0.0,0.0,0.0,0.00,
beir500k-f32,pos10_cat16,pos10,73905,pathseer-nc,128,3,42,1.0000,1.0000,0.00000,0.913,1.049,1.203,0.872,0.0,0.0,0.0,0.0,0.0,0.0,0.0,0.0,0.0,0.0,0.00,
beir500k-f32,pos10_cat16,pos10,73905,pathseer,256,1,42,0.9976,0.9762,0.00000,1.563,1.855,2.098,1.516,2873.7,0.0,1307.3,265.1,5.0,5.0,289.5,195.2,88.5,4.5,9.57,pathseer:42
beir500k-f32,pos10_cat16,pos10,73905,pathseer,256,2,42,0.9976,0.9762,0.00000,1.595,1.881,2.156,1.544,2873.7,0.0,1307.3,265.1,5.0,5.0,289.5,195.2,88.5,4.5,9.57,pathseer:42
beir500k-f32,pos10_cat16,pos10,73905,pathseer,256,3,42,0.9976,0.9762,0.00000,1.580,1.884,2.130,1.527,2873.7,0.0,1307.3,265.1,5.0,5.0,289.5,195.2,88.5,4.5,9.57,pathseer:42
beir500k-f32,pos10_cat16,pos10,73905,pathseer-nc,256,1,42,0.9976,0.9762,0.00000,1.574,1.893,2.087,1.527,0.0,0.0,0.0,0.0,0.0,0.0,0.0,0.0,0.0,0.0,0.00,
beir500k-f32,pos10_cat16,pos10,73905,pathseer-nc,256,2,42,0.9976,0.9762,0.00000,1.649,1.884,2.134,1.553,0.0,0.0,0.0,0.0,0.0,0.0,0.0,0.0,0.0,0.0,0.00,
beir500k-f32,pos10_cat16,pos10,73905,pathseer-nc,256,3,42,0.9976,0.9762,0.00000,1.589,1.878,2.126,1.557,0.0,0.0,0.0,0.0,0.0,0.0,0.0,0.0,0.0,0.0,0.00,
beir500k-f32,pos10_cat16,pos10,73905,pathseer,512,1,42,1.0000,1.0000,0.00000,2.834,3.480,3.671,2.782,4910.8,0.0,2507.9,531.6,10.0,10.0,595.5,377.7,213.0,9.3,26.36,pathseer:42
beir500k-f32,pos10_cat16,pos10,73905,pathseer,512,2,42,1.0000,1.0000,0.00000,2.920,3.664,3.829,2.875,4910.8,0.0,2507.9,531.6,10.0,10.0,595.5,377.7,213.0,9.3,26.36,pathseer:42
beir500k-f32,pos10_cat16,pos10,73905,pathseer,512,3,42,1.0000,1.0000,0.00000,2.764,3.404,3.465,2.739,4910.8,0.0,2507.9,531.6,10.0,10.0,595.5,377.7,213.0,9.3,26.36,pathseer:42
beir500k-f32,pos10_cat16,pos10,73905,pathseer-nc,512,1,42,1.0000,1.0000,0.00000,2.757,3.284,3.389,2.701,0.0,0.0,0.0,0.0,0.0,0.0,0.0,0.0,0.0,0.0,0.00,
beir500k-f32,pos10_cat16,pos10,73905,pathseer-nc,512,2,42,1.0000,1.0000,0.00000,2.756,3.278,3.394,2.678,0.0,0.0,0.0,0.0,0.0,0.0,0.0,0.0,0.0,0.0,0.00,
beir500k-f32,pos10_cat16,pos10,73905,pathseer-nc,512,3,42,1.0000,1.0000,0.00000,2.820,3.540,3.639,2.819,0.0,0.0,0.0,0.0,0.0,0.0,0.0,0.0,0.0,0.0,0.00,
beir500k-f32,pos10_cat17,pos10,58906,pathseer,64,1,45,0.9911,0.9333,0.00014,0.746,2.373,2.752,0.884,1476.3,0.0,1584.8,129.4,3.0,3.0,110.9,34.4,866.0,1.7,43.67,pathseer:45
beir500k-f32,pos10_cat17,pos10,58906,pathseer,64,2,45,0.9911,0.9333,0.00014,0.706,2.236,2.700,0.840,1476.3,0.0,1584.8,129.4,3.0,3.0,110.9,34.4,866.0,1.7,43.67,pathseer:45
beir500k-f32,pos10_cat17,pos10,58906,pathseer,64,3,45,0.9911,0.9333,0.00014,0.700,2.259,2.721,0.841,1476.3,0.0,1584.8,129.4,3.0,3.0,110.9,34.4,866.0,1.7,43.67,pathseer:45
beir500k-f32,pos10_cat17,pos10,58906,pathseer-nc,64,1,45,0.9911,0.9333,0.00014,0.688,1.976,2.348,0.802,0.0,0.0,0.0,0.0,0.0,0.0,0.0,0.0,0.0,0.0,0.00,
beir500k-f32,pos10_cat17,pos10,58906,pathseer-nc,64,2,45,0.9911,0.9333,0.00014,0.697,2.063,2.316,0.802,0.0,0.0,0.0,0.0,0.0,0.0,0.0,0.0,0.0,0.0,0.00,
beir500k-f32,pos10_cat17,pos10,58906,pathseer-nc,64,3,45,0.9911,0.9333,0.00014,0.697,2.042,2.351,0.807,0.0,0.0,0.0,0.0,0.0,0.0,0.0,0.0,0.0,0.0,0.00,
beir500k-f32,pos10_cat17,pos10,58906,pathseer,128,1,45,0.9978,0.9778,0.00001,1.252,4.025,4.147,1.472,2535.9,0.0,2827.6,255.7,4.0,4.0,189.2,64.4,1578.2,3.0,97.89,pathseer:45
beir500k-f32,pos10_cat17,pos10,58906,pathseer,128,2,45,0.9978,0.9778,0.00001,1.200,4.046,4.087,1.469,2535.9,0.0,2827.6,255.7,4.0,4.0,189.2,64.4,1578.2,3.0,97.89,pathseer:45
beir500k-f32,pos10_cat17,pos10,58906,pathseer,128,3,45,0.9978,0.9778,0.00001,1.239,4.047,4.219,1.485,2535.9,0.0,2827.6,255.7,4.0,4.0,189.2,64.4,1578.2,3.0,97.89,pathseer:45
beir500k-f32,pos10_cat17,pos10,58906,pathseer-nc,128,1,45,0.9978,0.9778,0.00001,1.198,3.624,3.715,1.403,0.0,0.0,0.0,0.0,0.0,0.0,0.0,0.0,0.0,0.0,0.00,
beir500k-f32,pos10_cat17,pos10,58906,pathseer-nc,128,2,45,0.9978,0.9778,0.00001,1.230,3.595,3.800,1.420,0.0,0.0,0.0,0.0,0.0,0.0,0.0,0.0,0.0,0.0,0.00,
beir500k-f32,pos10_cat17,pos10,58906,pathseer-nc,128,3,45,0.9978,0.9778,0.00001,1.200,3.600,3.716,1.399,0.0,0.0,0.0,0.0,0.0,0.0,0.0,0.0,0.0,0.0,0.00,
beir500k-f32,pos10_cat17,pos10,58906,pathseer,256,1,45,0.9978,0.9778,0.00001,2.250,6.715,7.044,2.633,4343.0,0.0,5088.1,508.1,6.0,8.0,366.9,123.7,2823.8,5.7,223.38,pathseer:45
beir500k-f32,pos10_cat17,pos10,58906,pathseer,256,2,45,0.9978,0.9778,0.00001,2.268,6.734,7.217,2.648,4343.0,0.0,5088.1,508.1,6.0,8.0,366.9,123.7,2823.8,5.7,223.38,pathseer:45
beir500k-f32,pos10_cat17,pos10,58906,pathseer,256,3,45,0.9978,0.9778,0.00001,2.249,6.722,7.003,2.626,4343.0,0.0,5088.1,508.1,6.0,8.0,366.9,123.7,2823.8,5.7,223.38,pathseer:45
beir500k-f32,pos10_cat17,pos10,58906,pathseer-nc,256,1,45,0.9978,0.9778,0.00001,2.168,6.080,6.190,2.492,0.0,0.0,0.0,0.0,0.0,0.0,0.0,0.0,0.0,0.0,0.00,
beir500k-f32,pos10_cat17,pos10,58906,pathseer-nc,256,2,45,0.9978,0.9778,0.00001,2.200,6.055,6.231,2.487,0.0,0.0,0.0,0.0,0.0,0.0,0.0,0.0,0.0,0.0,0.00,
beir500k-f32,pos10_cat17,pos10,58906,pathseer-nc,256,3,45,0.9978,0.9778,0.00001,2.203,6.233,6.345,2.508,0.0,0.0,0.0,0.0,0.0,0.0,0.0,0.0,0.0,0.0,0.00,
beir500k-f32,pos10_cat17,pos10,58906,pathseer,512,1,45,1.0000,1.0000,0.00000,4.280,12.627,13.732,5.065,7600.9,0.0,10224.7,1140.8,12.0,18.0,790.7,249.9,5610.4,12.4,487.18,pathseer:45
beir500k-f32,pos10_cat17,pos10,58906,pathseer,512,2,45,1.0000,1.0000,0.00000,4.337,13.088,13.748,5.119,7600.9,0.0,10224.7,1140.8,12.0,18.0,790.7,249.9,5610.4,12.4,487.18,pathseer:45
beir500k-f32,pos10_cat17,pos10,58906,pathseer,512,3,45,1.0000,1.0000,0.00000,4.290,12.585,13.863,5.071,7600.9,0.0,10224.7,1140.8,12.0,18.0,790.7,249.9,5610.4,12.4,487.18,pathseer:45
beir500k-f32,pos10_cat17,pos10,58906,pathseer-nc,512,1,45,1.0000,1.0000,0.00000,4.024,11.427,12.174,4.703,0.0,0.0,0.0,0.0,0.0,0.0,0.0,0.0,0.0,0.0,0.00,
beir500k-f32,pos10_cat17,pos10,58906,pathseer-nc,512,2,45,1.0000,1.0000,0.00000,4.134,11.637,12.325,4.788,0.0,0.0,0.0,0.0,0.0,0.0,0.0,0.0,0.0,0.0,0.00,
beir500k-f32,pos10_cat17,pos10,58906,pathseer-nc,512,3,45,1.0000,1.0000,0.00000,4.039,11.875,13.197,4.808,0.0,0.0,0.0,0.0,0.0,0.0,0.0,0.0,0.0,0.0,0.00,
beir500k-f32,pos10_cat18,pos10,72773,pathseer,64,1,10,0.9900,0.9000,0.00027,0.674,1.143,1.143,0.706,1366.8,0.0,2206.9,173.2,3.0,3.0,140.8,35.5,1312.9,2.2,147.00,pathseer:10
beir500k-f32,pos10_cat18,pos10,72773,pathseer,64,2,10,0.9900,0.9000,0.00027,0.651,1.144,1.144,0.720,1366.8,0.0,2206.9,173.2,3.0,3.0,140.8,35.5,1312.9,2.2,147.00,pathseer:10
beir500k-f32,pos10_cat18,pos10,72773,pathseer,64,3,10,0.9900,0.9000,0.00027,0.661,1.304,1.304,0.731,1366.8,0.0,2206.9,173.2,3.0,3.0,140.8,35.5,1312.9,2.2,147.00,pathseer:10
beir500k-f32,pos10_cat18,pos10,72773,pathseer-nc,64,1,10,0.9900,0.9000,0.00027,0.688,1.129,1.129,0.714,0.0,0.0,0.0,0.0,0.0,0.0,0.0,0.0,0.0,0.0,0.00,
beir500k-f32,pos10_cat18,pos10,72773,pathseer-nc,64,2,10,0.9900,0.9000,0.00027,0.620,0.994,0.994,0.645,0.0,0.0,0.0,0.0,0.0,0.0,0.0,0.0,0.0,0.0,0.00,
beir500k-f32,pos10_cat18,pos10,72773,pathseer-nc,64,3,10,0.9900,0.9000,0.00027,0.581,1.048,1.048,0.659,0.0,0.0,0.0,0.0,0.0,0.0,0.0,0.0,0.0,0.0,0.00,
beir500k-f32,pos10_cat18,pos10,72773,pathseer,128,1,10,0.9900,0.9000,0.00027,1.265,2.905,2.905,1.428,2277.2,0.0,4196.2,393.8,4.0,10.0,204.8,47.2,2493.5,3.2,313.40,pathseer:10
beir500k-f32,pos10_cat18,pos10,72773,pathseer,128,2,10,0.9900,0.9000,0.00027,1.255,2.955,2.955,1.455,2277.2,0.0,4196.2,393.8,4.0,10.0,204.8,47.2,2493.5,3.2,313.40,pathseer:10
beir500k-f32,pos10_cat18,pos10,72773,pathseer,128,3,10,0.9900,0.9000,0.00027,1.270,3.085,3.085,1.496,2277.2,0.0,4196.2,393.8,4.0,10.0,204.8,47.2,2493.5,3.2,313.40,pathseer:10
beir500k-f32,pos10_cat18,pos10,72773,pathseer-nc,128,1,10,0.9900,0.9000,0.00027,1.132,2.564,2.564,1.297,0.0,0.0,0.0,0.0,0.0,0.0,0.0,0.0,0.0,0.0,0.00,
beir500k-f32,pos10_cat18,pos10,72773,pathseer-nc,128,2,10,0.9900,0.9000,0.00027,1.113,2.672,2.672,1.331,0.0,0.0,0.0,0.0,0.0,0.0,0.0,0.0,0.0,0.0,0.00,
beir500k-f32,pos10_cat18,pos10,72773,pathseer-nc,128,3,10,0.9900,0.9000,0.00027,1.126,2.583,2.583,1.309,0.0,0.0,0.0,0.0,0.0,0.0,0.0,0.0,0.0,0.0,0.00,
beir500k-f32,pos10_cat18,pos10,72773,pathseer,256,1,10,0.9900,0.9000,0.00027,2.319,5.751,5.751,2.738,3795.5,0.0,7755.9,856.5,7.0,34.0,409.6,92.1,4446.2,6.4,641.70,pathseer:10
beir500k-f32,pos10_cat18,pos10,72773,pathseer,256,2,10,0.9900,0.9000,0.00027,2.276,5.905,5.905,2.719,3795.5,0.0,7755.9,856.5,7.0,34.0,409.6,92.1,4446.2,6.4,641.70,pathseer:10
beir500k-f32,pos10_cat18,pos10,72773,pathseer,256,3,10,0.9900,0.9000,0.00027,2.296,5.852,5.852,2.734,3795.5,0.0,7755.9,856.5,7.0,34.0,409.6,92.1,4446.2,6.4,641.70,pathseer:10
beir500k-f32,pos10_cat18,pos10,72773,pathseer-nc,256,1,10,0.9900,0.9000,0.00027,1.980,5.340,5.340,2.456,0.0,0.0,0.0,0.0,0.0,0.0,0.0,0.0,0.0,0.0,0.00,
beir500k-f32,pos10_cat18,pos10,72773,pathseer-nc,256,2,10,0.9900,0.9000,0.00027,1.974,5.249,5.249,2.434,0.0,0.0,0.0,0.0,0.0,0.0,0.0,0.0,0.0,0.0,0.00,
beir500k-f32,pos10_cat18,pos10,72773,pathseer-nc,256,3,10,0.9900,0.9000,0.00027,2.135,5.358,5.358,2.511,0.0,0.0,0.0,0.0,0.0,0.0,0.0,0.0,0.0,0.0,0.00,
beir500k-f32,pos10_cat18,pos10,72773,pathseer,512,1,10,0.9900,0.9000,0.00027,4.073,11.131,11.131,5.057,6309.6,0.0,13821.0,1784.4,15.0,88.0,915.2,186.9,7544.0,14.3,1203.40,pathseer:10
beir500k-f32,pos10_cat18,pos10,72773,pathseer,512,2,10,0.9900,0.9000,0.00027,4.002,10.975,10.975,5.001,6309.6,0.0,13821.0,1784.4,15.0,88.0,915.2,186.9,7544.0,14.3,1203.40,pathseer:10
beir500k-f32,pos10_cat18,pos10,72773,pathseer,512,3,10,0.9900,0.9000,0.00027,3.976,11.080,11.080,5.003,6309.6,0.0,13821.0,1784.4,15.0,88.0,915.2,186.9,7544.0,14.3,1203.40,pathseer:10
beir500k-f32,pos10_cat18,pos10,72773,pathseer-nc,512,1,10,0.9900,0.9000,0.00027,3.573,10.051,10.051,4.541,0.0,0.0,0.0,0.0,0.0,0.0,0.0,0.0,0.0,0.0,0.00,
beir500k-f32,pos10_cat18,pos10,72773,pathseer-nc,512,2,10,0.9900,0.9000,0.00027,3.541,10.029,10.029,4.507,0.0,0.0,0.0,0.0,0.0,0.0,0.0,0.0,0.0,0.0,0.00,
beir500k-f32,pos10_cat18,pos10,72773,pathseer-nc,512,3,10,0.9900,0.9000,0.00027,3.546,10.014,10.014,4.507,0.0,0.0,0.0,0.0,0.0,0.0,0.0,0.0,0.0,0.0,0.00,
beir500k-f32,pos10_cat19,pos10,63769,pathseer,64,1,60,0.9967,0.9667,0.00004,0.562,1.088,1.537,0.666,1143.3,0.0,963.0,100.1,2.0,2.0,96.0,49.9,404.1,1.5,26.33,pathseer:60
beir500k-f32,pos10_cat19,pos10,63769,pathseer,64,2,60,0.9967,0.9667,0.00004,0.557,1.113,1.487,0.671,1143.3,0.0,963.0,100.1,2.0,2.0,96.0,49.9,404.1,1.5,26.33,pathseer:60
beir500k-f32,pos10_cat19,pos10,63769,pathseer,64,3,60,0.9967,0.9667,0.00004,0.550,1.102,1.513,0.657,1143.3,0.0,963.0,100.1,2.0,2.0,96.0,49.9,404.1,1.5,26.33,pathseer:60
beir500k-f32,pos10_cat19,pos10,63769,pathseer-nc,64,1,60,0.9967,0.9667,0.00004,0.544,1.043,1.405,0.640,0.0,0.0,0.0,0.0,0.0,0.0,0.0,0.0,0.0,0.0,0.00,
beir500k-f32,pos10_cat19,pos10,63769,pathseer-nc,64,2,60,0.9967,0.9667,0.00004,0.547,1.045,1.400,0.644,0.0,0.0,0.0,0.0,0.0,0.0,0.0,0.0,0.0,0.0,0.00,
beir500k-f32,pos10_cat19,pos10,63769,pathseer-nc,64,3,60,0.9967,0.9667,0.00004,0.566,1.039,1.394,0.648,0.0,0.0,0.0,0.0,0.0,0.0,0.0,0.0,0.0,0.0,0.00,
beir500k-f32,pos10_cat19,pos10,63769,pathseer,128,1,60,0.9983,0.9833,0.00002,0.943,1.842,2.776,1.130,1900.4,0.0,1697.9,199.2,3.0,3.0,169.6,90.0,732.8,2.6,51.42,pathseer:60
beir500k-f32,pos10_cat19,pos10,63769,pathseer,128,2,60,0.9983,0.9833,0.00002,0.941,1.836,2.763,1.131,1900.4,0.0,1697.9,199.2,3.0,3.0,169.6,90.0,732.8,2.6,51.42,pathseer:60
beir500k-f32,pos10_cat19,pos10,63769,pathseer,128,3,60,0.9983,0.9833,0.00002,0.927,1.865,2.787,1.118,1900.4,0.0,1697.9,199.2,3.0,3.0,169.6,90.0,732.8,2.6,51.42,pathseer:60
beir500k-f32,pos10_cat19,pos10,63769,pathseer-nc,128,1,60,0.9983,0.9833,0.00002,0.940,1.640,2.506,1.095,0.0,0.0,0.0,0.0,0.0,0.0,0.0,0.0,0.0,0.0,0.00,
beir500k-f32,pos10_cat19,pos10,63769,pathseer-nc,128,2,60,0.9983,0.9833,0.00002,0.917,1.688,2.523,1.081,0.0,0.0,0.0,0.0,0.0,0.0,0.0,0.0,0.0,0.0,0.00,
beir500k-f32,pos10_cat19,pos10,63769,pathseer-nc,128,3,60,0.9983,0.9833,0.00002,0.930,1.662,2.518,1.085,0.0,0.0,0.0,0.0,0.0,0.0,0.0,0.0,0.0,0.0,0.00,
beir500k-f32,pos10_cat19,pos10,63769,pathseer,256,1,60,1.0000,1.0000,0.00000,1.565,3.469,5.394,1.953,3196.5,0.0,3006.3,394.8,5.0,6.0,320.0,166.3,1272.2,5.0,96.90,pathseer:60
beir500k-f32,pos10_cat19,pos10,63769,pathseer,256,2,60,1.0000,1.0000,0.00000,1.659,3.692,5.480,2.045,3196.5,0.0,3006.3,394.8,5.0,6.0,320.0,166.3,1272.2,5.0,96.90,pathseer:60
beir500k-f32,pos10_cat19,pos10,63769,pathseer,256,3,60,1.0000,1.0000,0.00000,1.567,3.506,5.475,1.961,3196.5,0.0,3006.3,394.8,5.0,6.0,320.0,166.3,1272.2,5.0,96.90,pathseer:60
beir500k-f32,pos10_cat19,pos10,63769,pathseer-nc,256,1,60,1.0000,1.0000,0.00000,1.535,3.296,4.856,1.873,0.0,0.0,0.0,0.0,0.0,0.0,0.0,0.0,0.0,0.0,0.00,
beir500k-f32,pos10_cat19,pos10,63769,pathseer-nc,256,2,60,1.0000,1.0000,0.00000,1.533,3.277,4.875,1.880,0.0,0.0,0.0,0.0,0.0,0.0,0.0,0.0,0.0,0.0,0.00,
beir500k-f32,pos10_cat19,pos10,63769,pathseer-nc,256,3,60,1.0000,1.0000,0.00000,1.551,3.301,4.843,1.877,0.0,0.0,0.0,0.0,0.0,0.0,0.0,0.0,0.0,0.0,0.00,
beir500k-f32,pos10_cat19,pos10,63769,pathseer,512,1,60,1.0000,1.0000,0.00000,2.700,6.089,10.284,3.553,5417.0,0.0,5856.7,845.9,10.0,11.0,653.9,337.4,2444.9,10.2,165.85,pathseer:60
beir500k-f32,pos10_cat19,pos10,63769,pathseer,512,2,60,1.0000,1.0000,0.00000,2.683,6.097,10.232,3.571,5417.0,0.0,5856.7,845.9,10.0,11.0,653.9,337.4,2444.9,10.2,165.85,pathseer:60
beir500k-f32,pos10_cat19,pos10,63769,pathseer,512,3,60,1.0000,1.0000,0.00000,2.800,6.605,10.345,3.587,5417.0,0.0,5856.7,845.9,10.0,11.0,653.9,337.4,2444.9,10.2,165.85,pathseer:60
beir500k-f32,pos10_cat19,pos10,63769,pathseer-nc,512,1,60,1.0000,1.0000,0.00000,2.774,5.855,9.388,3.434,0.0,0.0,0.0,0.0,0.0,0.0,0.0,0.0,0.0,0.0,0.00,
beir500k-f32,pos10_cat19,pos10,63769,pathseer-nc,512,2,60,1.0000,1.0000,0.00000,2.867,5.790,9.286,3.485,0.0,0.0,0.0,0.0,0.0,0.0,0.0,0.0,0.0,0.0,0.00,
beir500k-f32,pos10_cat19,pos10,63769,pathseer-nc,512,3,60,1.0000,1.0000,0.00000,2.700,5.863,9.437,3.403,0.0,0.0,0.0,0.0,0.0,0.0,0.0,0.0,0.0,0.0,0.00,
beir500k-f32,pos10_cat20,pos10,50595,pathseer,64,1,67,0.9985,0.9851,0.00004,0.621,1.202,2.167,0.859,1332.8,0.0,1277.9,195.5,2.0,3.0,94.6,46.7,563.2,1.5,18.39,pathseer:67
beir500k-f32,pos10_cat20,pos10,50595,pathseer,64,2,67,0.9985,0.9851,0.00004,0.634,1.029,1.956,0.853,1332.8,0.0,1277.9,195.5,2.0,3.0,94.6,46.7,563.2,1.5,18.39,pathseer:67
beir500k-f32,pos10_cat20,pos10,50595,pathseer,64,3,67,0.9985,0.9851,0.00004,0.634,1.033,1.950,0.856,1332.8,0.0,1277.9,195.5,2.0,3.0,94.6,46.7,563.2,1.5,18.39,pathseer:67
beir500k-f32,pos10_cat20,pos10,50595,pathseer-nc,64,1,67,0.9985,0.9851,0.00004,0.607,1.022,1.740,0.820,0.0,0.0,0.0,0.0,0.0,0.0,0.0,0.0,0.0,0.0,0.00,
beir500k-f32,pos10_cat20,pos10,50595,pathseer-nc,64,2,67,0.9985,0.9851,0.00004,0.629,1.029,1.727,0.825,0.0,0.0,0.0,0.0,0.0,0.0,0.0,0.0,0.0,0.0,0.00,
beir500k-f32,pos10_cat20,pos10,50595,pathseer-nc,64,3,67,0.9985,0.9851,0.00004,0.613,1.050,1.747,0.826,0.0,0.0,0.0,0.0,0.0,0.0,0.0,0.0,0.0,0.0,0.00,
beir500k-f32,pos10_cat20,pos10,50595,pathseer,128,1,67,1.0000,1.0000,0.00000,1.113,1.918,3.093,1.478,2359.7,0.0,2069.4,352.1,3.0,4.0,172.9,84.9,801.7,2.7,42.82,pathseer:67
beir500k-f32,pos10_cat20,pos10,50595,pathseer,128,2,67,1.0000,1.0000,0.00000,1.105,1.825,3.013,1.480,2359.7,0.0,2069.4,352.1,3.0,4.0,172.9,84.9,801.7,2.7,42.82,pathseer:67
beir500k-f32,pos10_cat20,pos10,50595,pathseer,128,3,67,1.0000,1.0000,0.00000,1.099,1.991,3.113,1.485,2359.7,0.0,2069.4,352.1,3.0,4.0,172.9,84.9,801.7,2.7,42.82,pathseer:67
beir500k-f32,pos10_cat20,pos10,50595,pathseer-nc,128,1,67,1.0000,1.0000,0.00000,1.088,1.788,2.777,1.434,0.0,0.0,0.0,0.0,0.0,0.0,0.0,0.0,0.0,0.0,0.00,
beir500k-f32,pos10_cat20,pos10,50595,pathseer-nc,128,2,67,1.0000,1.0000,0.00000,1.079,1.752,2.766,1.439,0.0,0.0,0.0,0.0,0.0,0.0,0.0,0.0,0.0,0.0,0.00,
beir500k-f32,pos10_cat20,pos10,50595,pathseer-nc,128,3,67,1.0000,1.0000,0.00000,1.100,1.831,2.837,1.447,0.0,0.0,0.0,0.0,0.0,0.0,0.0,0.0,0.0,0.0,0.00,
beir500k-f32,pos10_cat20,pos10,50595,pathseer,256,1,67,1.0000,1.0000,0.00000,2.091,3.450,5.280,2.494,4023.3,0.0,3323.0,561.9,6.0,6.0,329.6,153.9,1241.2,5.1,93.24,pathseer:67
beir500k-f32,pos10_cat20,pos10,50595,pathseer,256,2,67,1.0000,1.0000,0.00000,2.096,3.425,5.454,2.485,4023.3,0.0,3323.0,561.9,6.0,6.0,329.6,153.9,1241.2,5.1,93.24,pathseer:67
beir500k-f32,pos10_cat20,pos10,50595,pathseer,256,3,67,1.0000,1.0000,0.00000,2.181,3.573,5.222,2.557,4023.3,0.0,3323.0,561.9,6.0,6.0,329.6,153.9,1241.2,5.1,93.24,pathseer:67
beir500k-f32,pos10_cat20,pos10,50595,pathseer-nc,256,1,67,1.0000,1.0000,0.00000,2.045,3.181,4.862,2.406,0.0,0.0,0.0,0.0,0.0,0.0,0.0,0.0,0.0,0.0,0.00,
beir500k-f32,pos10_cat20,pos10,50595,pathseer-nc,256,2,67,1.0000,1.0000,0.00000,2.049,3.202,4.757,2.400,0.0,0.0,0.0,0.0,0.0,0.0,0.0,0.0,0.0,0.0,0.00,
beir500k-f32,pos10_cat20,pos10,50595,pathseer-nc,256,3,67,1.0000,1.0000,0.00000,2.042,3.215,4.749,2.397,0.0,0.0,0.0,0.0,0.0,0.0,0.0,0.0,0.0,0.0,0.00,
beir500k-f32,pos10_cat20,pos10,50595,pathseer,512,1,67,1.0000,1.0000,0.00000,3.857,6.616,10.241,4.328,6889.3,0.0,5884.1,966.8,11.0,12.0,694.4,306.6,2193.4,10.9,198.48,pathseer:67
beir500k-f32,pos10_cat20,pos10,50595,pathseer,512,2,67,1.0000,1.0000,0.00000,3.854,6.685,10.197,4.337,6889.3,0.0,5884.1,966.8,11.0,12.0,694.4,306.6,2193.4,10.9,198.48,pathseer:67
beir500k-f32,pos10_cat20,pos10,50595,pathseer,512,3,67,1.0000,1.0000,0.00000,3.849,6.510,10.245,4.326,6889.3,0.0,5884.1,966.8,11.0,12.0,694.4,306.6,2193.4,10.9,198.48,pathseer:67
beir500k-f32,pos10_cat20,pos10,50595,pathseer-nc,512,1,67,1.0000,1.0000,0.00000,3.780,6.254,9.749,4.190,0.0,0.0,0.0,0.0,0.0,0.0,0.0,0.0,0.0,0.0,0.00,
beir500k-f32,pos10_cat20,pos10,50595,pathseer-nc,512,2,67,1.0000,1.0000,0.00000,3.761,6.091,9.633,4.182,0.0,0.0,0.0,0.0,0.0,0.0,0.0,0.0,0.0,0.0,0.00,
beir500k-f32,pos10_cat20,pos10,50595,pathseer-nc,512,3,67,1.0000,1.0000,0.00000,3.769,6.254,9.645,4.217,0.0,0.0,0.0,0.0,0.0,0.0,0.0,0.0,0.0,0.0,0.00,
beir500k-f32,pos10_cat21,pos10,74269,pathseer,64,1,61,0.9951,0.9508,0.00032,0.599,0.895,1.087,0.651,1237.7,0.0,729.9,84.7,3.0,3.0,99.7,51.6,258.9,1.6,14.25,pathseer:61
beir500k-f32,pos10_cat21,pos10,74269,pathseer,64,2,61,0.9951,0.9508,0.00032,0.598,0.889,1.044,0.647,1237.7,0.0,729.9,84.7,3.0,3.0,99.7,51.6,258.9,1.6,14.25,pathseer:61
beir500k-f32,pos10_cat21,pos10,74269,pathseer,64,3,61,0.9951,0.9508,0.00032,0.589,0.882,1.106,0.649,1237.7,0.0,729.9,84.7,3.0,3.0,99.7,51.6,258.9,1.6,14.25,pathseer:61
beir500k-f32,pos10_cat21,pos10,74269,pathseer-nc,64,1,61,0.9951,0.9508,0.00032,0.600,0.866,0.969,0.647,0.0,0.0,0.0,0.0,0.0,0.0,0.0,0.0,0.0,0.0,0.00,
beir500k-f32,pos10_cat21,pos10,74269,pathseer-nc,64,2,61,0.9951,0.9508,0.00032,0.588,0.868,0.965,0.636,0.0,0.0,0.0,0.0,0.0,0.0,0.0,0.0,0.0,0.0,0.00,
beir500k-f32,pos10_cat21,pos10,74269,pathseer-nc,64,3,61,0.9951,0.9508,0.00032,0.582,0.904,0.958,0.637,0.0,0.0,0.0,0.0,0.0,0.0,0.0,0.0,0.0,0.0,0.00,
beir500k-f32,pos10_cat21,pos10,74269,pathseer,128,1,61,0.9967,0.9672,0.00019,1.127,1.565,2.055,1.158,2139.7,0.0,1319.8,168.9,3.0,4.0,173.1,89.8,469.1,2.7,31.95,pathseer:61
beir500k-f32,pos10_cat21,pos10,74269,pathseer,128,2,61,0.9967,0.9672,0.00019,1.088,1.495,2.000,1.139,2139.7,0.0,1319.8,168.9,3.0,4.0,173.1,89.8,469.1,2.7,31.95,pathseer:61
beir500k-f32,pos10_cat21,pos10,74269,pathseer,128,3,61,0.9967,0.9672,0.00019,1.092,1.497,2.013,1.143,2139.7,0.0,1319.8,168.9,3.0,4.0,173.1,89.8,469.1,2.7,31.95,pathseer:61
beir500k-f32,pos10_cat21,pos10,74269,pathseer-nc,128,1,61,0.9967,0.9672,0.00019,1.079,1.455,1.896,1.132,0.0,0.0,0.0,0.0,0.0,0.0,0.0,0.0,0.0,0.0,0.00,
beir500k-f32,pos10_cat21,pos10,74269,pathseer-nc,128,2,61,0.9967,0.9672,0.00019,1.083,1.444,1.887,1.136,0.0,0.0,0.0,0.0,0.0,0.0,0.0,0.0,0.0,0.0,0.00,
beir500k-f32,pos10_cat21,pos10,74269,pathseer-nc,128,3,61,0.9967,0.9672,0.00019,1.056,1.479,1.968,1.120,0.0,0.0,0.0,0.0,0.0,0.0,0.0,0.0,0.0,0.0,0.00,
beir500k-f32,pos10_cat21,pos10,74269,pathseer,256,1,61,0.9984,0.9836,0.00000,2.045,2.803,3.656,2.064,3691.5,0.0,2368.2,333.5,6.0,6.0,321.0,163.8,815.6,5.0,67.30,pathseer:61
beir500k-f32,pos10_cat21,pos10,74269,pathseer,256,2,61,0.9984,0.9836,0.00000,2.005,2.829,3.685,2.042,3691.5,0.0,2368.2,333.5,6.0,6.0,321.0,163.8,815.6,5.0,67.30,pathseer:61
beir500k-f32,pos10_cat21,pos10,74269,pathseer,256,3,61,0.9984,0.9836,0.00000,1.999,2.814,3.588,2.019,3691.5,0.0,2368.2,333.5,6.0,6.0,321.0,163.8,815.6,5.0,67.30,pathseer:61
beir500k-f32,pos10_cat21,pos10,74269,pathseer-nc,256,1,61,0.9984,0.9836,0.00000,2.067,2.659,3.408,2.074,0.0,0.0,0.0,0.0,0.0,0.0,0.0,0.0,0.0,0.0,0.00,
beir500k-f32,pos10_cat21,pos10,74269,pathseer-nc,256,2,61,0.9984,0.9836,0.00000,1.944,2.635,3.449,1.974,0.0,0.0,0.0,0.0,0.0,0.0,0.0,0.0,0.0,0.0,0.00,
beir500k-f32,pos10_cat21,pos10,74269,pathseer-nc,256,3,61,0.9984,0.9836,0.00000,1.956,2.634,3.370,1.978,0.0,0.0,0.0,0.0,0.0,0.0,0.0,0.0,0.0,0.0,0.00,
beir500k-f32,pos10_cat21,pos10,74269,pathseer,512,1,61,0.9984,0.9836,0.00000,3.465,5.223,6.489,3.669,6257.5,0.0,4443.5,665.4,11.0,13.0,662.0,313.6,1488.5,10.3,135.38,pathseer:61
beir500k-f32,pos10_cat21,pos10,74269,pathseer,512,2,61,0.9984,0.9836,0.00000,3.522,4.855,6.499,3.651,6257.5,0.0,4443.5,665.4,11.0,13.0,662.0,313.6,1488.5,10.3,135.38,pathseer:61
beir500k-f32,pos10_cat21,pos10,74269,pathseer,512,3,61,0.9984,0.9836,0.00000,3.523,4.837,6.459,3.631,6257.5,0.0,4443.5,665.4,11.0,13.0,662.0,313.6,1488.5,10.3,135.38,pathseer:61
beir500k-f32,pos10_cat21,pos10,74269,pathseer-nc,512,1,61,0.9984,0.9836,0.00000,3.452,4.730,5.962,3.590,0.0,0.0,0.0,0.0,0.0,0.0,0.0,0.0,0.0,0.0,0.00,
beir500k-f32,pos10_cat21,pos10,74269,pathseer-nc,512,2,61,0.9984,0.9836,0.00000,3.453,4.539,6.049,3.499,0.0,0.0,0.0,0.0,0.0,0.0,0.0,0.0,0.0,0.0,0.00,
beir500k-f32,pos10_cat21,pos10,74269,pathseer-nc,512,3,61,0.9984,0.9836,0.00000,3.431,4.509,6.010,3.513,0.0,0.0,0.0,0.0,0.0,0.0,0.0,0.0,0.0,0.0,0.00,
beir500k-f32,pos40_cat00,pos40,202630,pathseer,64,1,12,1.0000,1.0000,0.00000,0.861,0.936,0.981,0.846,1486.2,0.0,1673.2,122.6,3.0,6.0,128.0,28.2,963.9,2.0,67.58,pathseer:12
beir500k-f32,pos40_cat00,pos40,202630,pathseer,64,2,12,1.0000,1.0000,0.00000,0.855,0.938,0.992,0.844,1486.2,0.0,1673.2,122.6,3.0,6.0,128.0,28.2,963.9,2.0,67.58,pathseer:12
beir500k-f32,pos40_cat00,pos40,202630,pathseer,64,3,12,1.0000,1.0000,0.00000,0.864,0.931,0.981,0.836,1486.2,0.0,1673.2,122.6,3.0,6.0,128.0,28.2,963.9,2.0,67.58,pathseer:12
beir500k-f32,pos40_cat00,pos40,202630,pathseer-nc,64,1,12,1.0000,1.0000,0.00000,0.816,0.855,0.934,0.800,0.0,0.0,0.0,0.0,0.0,0.0,0.0,0.0,0.0,0.0,0.00,
beir500k-f32,pos40_cat00,pos40,202630,pathseer-nc,64,2,12,1.0000,1.0000,0.00000,0.803,0.830,0.927,0.788,0.0,0.0,0.0,0.0,0.0,0.0,0.0,0.0,0.0,0.0,0.00,
beir500k-f32,pos40_cat00,pos40,202630,pathseer-nc,64,3,12,1.0000,1.0000,0.00000,0.796,0.832,0.935,0.784,0.0,0.0,0.0,0.0,0.0,0.0,0.0,0.0,0.0,0.0,0.00,
beir500k-f32,pos40_cat00,pos40,202630,pathseer,128,1,12,1.0000,1.0000,0.00000,1.636,1.855,2.188,1.603,2689.2,0.0,3484.0,265.4,4.0,11.0,218.7,51.9,2116.7,3.4,162.75,pathseer:12
beir500k-f32,pos40_cat00,pos40,202630,pathseer,128,2,12,1.0000,1.0000,0.00000,1.622,1.893,2.268,1.614,2689.2,0.0,3484.0,265.4,4.0,11.0,218.7,51.9,2116.7,3.4,162.75,pathseer:12
beir500k-f32,pos40_cat00,pos40,202630,pathseer,128,3,12,1.0000,1.0000,0.00000,1.611,1.866,2.165,1.607,2689.2,0.0,3484.0,265.4,4.0,11.0,218.7,51.9,2116.7,3.4,162.75,pathseer:12
beir500k-f32,pos40_cat00,pos40,202630,pathseer-nc,128,1,12,1.0000,1.0000,0.00000,1.561,1.747,2.008,1.538,0.0,0.0,0.0,0.0,0.0,0.0,0.0,0.0,0.0,0.0,0.00,
beir500k-f32,pos40_cat00,pos40,202630,pathseer-nc,128,2,12,1.0000,1.0000,0.00000,1.528,1.751,1.991,1.512,0.0,0.0,0.0,0.0,0.0,0.0,0.0,0.0,0.0,0.0,0.00,
beir500k-f32,pos40_cat00,pos40,202630,pathseer-nc,128,3,12,1.0000,1.0000,0.00000,1.528,1.769,1.973,1.526,0.0,0.0,0.0,0.0,0.0,0.0,0.0,0.0,0.0,0.0,0.00,
beir500k-f32,pos40_cat00,pos40,202630,pathseer,256,1,12,1.0000,1.0000,0.00000,2.986,4.027,4.638,3.069,4895.8,0.0,6641.6,556.3,7.0,23.0,405.3,110.8,3969.5,6.3,350.42,pathseer:12
beir500k-f32,pos40_cat00,pos40,202630,pathseer,256,2,12,1.0000,1.0000,0.00000,3.020,4.039,4.751,3.093,4895.8,0.0,6641.6,556.3,7.0,23.0,405.3,110.8,3969.5,6.3,350.42,pathseer:12
beir500k-f32,pos40_cat00,pos40,202630,pathseer,256,3,12,1.0000,1.0000,0.00000,2.984,4.119,4.642,3.104,4895.8,0.0,6641.6,556.3,7.0,23.0,405.3,110.8,3969.5,6.3,350.42,pathseer:12
beir500k-f32,pos40_cat00,pos40,202630,pathseer-nc,256,1,12,1.0000,1.0000,0.00000,2.828,3.608,4.195,2.888,0.0,0.0,0.0,0.0,0.0,0.0,0.0,0.0,0.0,0.0,0.00,
beir500k-f32,pos40_cat00,pos40,202630,pathseer-nc,256,2,12,1.0000,1.0000,0.00000,2.719,3.617,4.164,2.863,0.0,0.0,0.0,0.0,0.0,0.0,0.0,0.0,0.0,0.0,0.00,
beir500k-f32,pos40_cat00,pos40,202630,pathseer-nc,256,3,12,1.0000,1.0000,0.00000,2.777,3.615,4.210,2.865,0.0,0.0,0.0,0.0,0.0,0.0,0.0,0.0,0.0,0.0,0.00,
beir500k-f32,pos40_cat00,pos40,202630,pathseer,512,1,12,1.0000,1.0000,0.00000,5.359,8.674,9.639,5.857,8665.3,0.0,12893.8,1185.2,14.0,41.0,874.7,218.7,7526.3,13.7,723.42,pathseer:12
beir500k-f32,pos40_cat00,pos40,202630,pathseer,512,2,12,1.0000,1.0000,0.00000,5.381,8.572,9.606,5.842,8665.3,0.0,12893.8,1185.2,14.0,41.0,874.7,218.7,7526.3,13.7,723.42,pathseer:12
beir500k-f32,pos40_cat00,pos40,202630,pathseer,512,3,12,1.0000,1.0000,0.00000,5.385,8.528,9.664,5.842,8665.3,0.0,12893.8,1185.2,14.0,41.0,874.7,218.7,7526.3,13.7,723.42,pathseer:12
beir500k-f32,pos40_cat00,pos40,202630,pathseer-nc,512,1,12,1.0000,1.0000,0.00000,4.936,7.610,8.641,5.378,0.0,0.0,0.0,0.0,0.0,0.0,0.0,0.0,0.0,0.0,0.00,
beir500k-f32,pos40_cat00,pos40,202630,pathseer-nc,512,2,12,1.0000,1.0000,0.00000,4.989,7.572,8.654,5.401,0.0,0.0,0.0,0.0,0.0,0.0,0.0,0.0,0.0,0.0,0.00,
beir500k-f32,pos40_cat00,pos40,202630,pathseer-nc,512,3,12,1.0000,1.0000,0.00000,4.944,7.734,8.822,5.409,0.0,0.0,0.0,0.0,0.0,0.0,0.0,0.0,0.0,0.0,0.00,
beir500k-f32,pos40_cat01,pos40,222136,pathseer,64,1,22,1.0000,1.0000,0.00000,0.584,0.786,0.798,0.584,1274.6,0.0,404.3,67.7,2.0,2.0,75.6,52.3,30.9,1.2,3.27,pathseer:22
beir500k-f32,pos40_cat01,pos40,222136,pathseer,64,2,22,1.0000,1.0000,0.00000,0.578,0.771,0.782,0.579,1274.6,0.0,404.3,67.7,2.0,2.0,75.6,52.3,30.9,1.2,3.27,pathseer:22
beir500k-f32,pos40_cat01,pos40,222136,pathseer,64,3,22,1.0000,1.0000,0.00000,0.565,0.767,0.771,0.576,1274.6,0.0,404.3,67.7,2.0,2.0,75.6,52.3,30.9,1.2,3.27,pathseer:22
beir500k-f32,pos40_cat01,pos40,222136,pathseer-nc,64,1,22,1.0000,1.0000,0.00000,0.563,0.774,0.779,0.580,0.0,0.0,0.0,0.0,0.0,0.0,0.0,0.0,0.0,0.0,0.00,
beir500k-f32,pos40_cat01,pos40,222136,pathseer-nc,64,2,22,1.0000,1.0000,0.00000,0.569,0.766,0.772,0.578,0.0,0.0,0.0,0.0,0.0,0.0,0.0,0.0,0.0,0.0,0.00,
beir500k-f32,pos40_cat01,pos40,222136,pathseer-nc,64,3,22,1.0000,1.0000,0.00000,0.567,0.775,0.781,0.579,0.0,0.0,0.0,0.0,0.0,0.0,0.0,0.0,0.0,0.0,0.00,
beir500k-f32,pos40_cat01,pos40,222136,pathseer,128,1,22,1.0000,1.0000,0.00000,1.057,1.418,1.439,1.043,2196.5,0.0,768.0,135.1,3.0,3.0,133.8,93.9,89.1,2.1,6.86,pathseer:22
beir500k-f32,pos40_cat01,pos40,222136,pathseer,128,2,22,1.0000,1.0000,0.00000,1.015,1.397,1.402,1.044,2196.5,0.0,768.0,135.1,3.0,3.0,133.8,93.9,89.1,2.1,6.86,pathseer:22
beir500k-f32,pos40_cat01,pos40,222136,pathseer,128,3,22,1.0000,1.0000,0.00000,1.033,1.425,1.468,1.051,2196.5,0.0,768.0,135.1,3.0,3.0,133.8,93.9,89.1,2.1,6.86,pathseer:22
beir500k-f32,pos40_cat01,pos40,222136,pathseer-nc,128,1,22,1.0000,1.0000,0.00000,1.002,1.380,1.380,1.019,0.0,0.0,0.0,0.0,0.0,0.0,0.0,0.0,0.0,0.0,0.00,
beir500k-f32,pos40_cat01,pos40,222136,pathseer-nc,128,2,22,1.0000,1.0000,0.00000,0.984,1.396,1.405,1.013,0.0,0.0,0.0,0.0,0.0,0.0,0.0,0.0,0.0,0.0,0.00,
beir500k-f32,pos40_cat01,pos40,222136,pathseer-nc,128,3,22,1.0000,1.0000,0.00000,1.018,1.382,1.389,1.035,0.0,0.0,0.0,0.0,0.0,0.0,0.0,0.0,0.0,0.0,0.00,
beir500k-f32,pos40_cat01,pos40,222136,pathseer,256,1,22,1.0000,1.0000,0.00000,1.916,2.735,2.867,1.968,3805.1,0.0,1496.8,271.7,5.0,5.0,267.6,185.8,221.1,4.2,19.64,pathseer:22
beir500k-f32,pos40_cat01,pos40,222136,pathseer,256,2,22,1.0000,1.0000,0.00000,2.071,2.818,3.031,2.123,3805.1,0.0,1496.8,271.7,5.0,5.0,267.6,185.8,221.1,4.2,19.64,pathseer:22
beir500k-f32,pos40_cat01,pos40,222136,pathseer,256,3,22,1.0000,1.0000,0.00000,1.842,2.615,2.663,1.912,3805.1,0.0,1496.8,271.7,5.0,5.0,267.6,185.8,221.1,4.2,19.64,pathseer:22
beir500k-f32,pos40_cat01,pos40,222136,pathseer-nc,256,1,22,1.0000,1.0000,0.00000,1.795,2.471,2.541,1.840,0.0,0.0,0.0,0.0,0.0,0.0,0.0,0.0,0.0,0.0,0.00,
beir500k-f32,pos40_cat01,pos40,222136,pathseer-nc,256,2,22,1.0000,1.0000,0.00000,1.796,2.455,2.545,1.853,0.0,0.0,0.0,0.0,0.0,0.0,0.0,0.0,0.0,0.0,0.00,
beir500k-f32,pos40_cat01,pos40,222136,pathseer-nc,256,3,22,1.0000,1.0000,0.00000,1.803,2.472,2.529,1.822,0.0,0.0,0.0,0.0,0.0,0.0,0.0,0.0,0.0,0.0,0.00,
beir500k-f32,pos40_cat01,pos40,222136,pathseer,512,1,22,1.0000,1.0000,0.00000,3.307,4.668,4.753,3.404,6472.2,0.0,2912.4,548.3,9.0,10.0,532.4,348.1,510.0,8.3,53.64,pathseer:22
beir500k-f32,pos40_cat01,pos40,222136,pathseer,512,2,22,1.0000,1.0000,0.00000,3.281,4.635,4.692,3.453,6472.2,0.0,2912.4,548.3,9.0,10.0,532.4,348.1,510.0,8.3,53.64,pathseer:22
beir500k-f32,pos40_cat01,pos40,222136,pathseer,512,3,22,1.0000,1.0000,0.00000,3.259,4.593,4.646,3.388,6472.2,0.0,2912.4,548.3,9.0,10.0,532.4,348.1,510.0,8.3,53.64,pathseer:22
beir500k-f32,pos40_cat01,pos40,222136,pathseer-nc,512,1,22,1.0000,1.0000,0.00000,3.182,4.406,4.566,3.274,0.0,0.0,0.0,0.0,0.0,0.0,0.0,0.0,0.0,0.0,0.00,
beir500k-f32,pos40_cat01,pos40,222136,pathseer-nc,512,2,22,1.0000,1.0000,0.00000,3.148,4.450,4.512,3.287,0.0,0.0,0.0,0.0,0.0,0.0,0.0,0.0,0.0,0.0,0.00,
beir500k-f32,pos40_cat01,pos40,222136,pathseer-nc,512,3,22,1.0000,1.0000,0.00000,3.264,4.366,4.551,3.327,0.0,0.0,0.0,0.0,0.0,0.0,0.0,0.0,0.0,0.0,0.00,
beir500k-f32,pos40_cat02,pos40,209153,pathseer,64,1,60,0.9517,0.7500,0.00165,0.822,0.971,0.987,0.815,1794.9,0.0,453.3,68.3,2.0,2.0,71.5,57.0,46.0,1.1,2.03,pathseer:60
beir500k-f32,pos40_cat02,pos40,209153,pathseer,64,2,60,0.9517,0.7500,0.00165,0.814,0.975,1.001,0.822,1794.9,0.0,453.3,68.3,2.0,2.0,71.5,57.0,46.0,1.1,2.03,pathseer:60
beir500k-f32,pos40_cat02,pos40,209153,pathseer,64,3,60,0.9517,0.7500,0.00165,0.817,0.983,0.985,0.820,1794.9,0.0,453.3,68.3,2.0,2.0,71.5,57.0,46.0,1.1,2.03,pathseer:60
beir500k-f32,pos40_cat02,pos40,209153,pathseer-nc,64,1,60,0.9517,0.7500,0.00165,0.814,0.954,0.970,0.803,0.0,0.0,0.0,0.0,0.0,0.0,0.0,0.0,0.0,0.0,0.00,
beir500k-f32,pos40_cat02,pos40,209153,pathseer-nc,64,2,60,0.9517,0.7500,0.00165,0.816,0.952,0.967,0.809,0.0,0.0,0.0,0.0,0.0,0.0,0.0,0.0,0.0,0.0,0.00,
beir500k-f32,pos40_cat02,pos40,209153,pathseer-nc,64,3,60,0.9517,0.7500,0.00165,0.825,0.965,0.995,0.812,0.0,0.0,0.0,0.0,0.0,0.0,0.0,0.0,0.0,0.0,0.00,
beir500k-f32,pos40_cat02,pos40,209153,pathseer,128,1,60,0.9650,0.8500,0.00142,1.449,1.810,1.870,1.461,3176.1,0.0,853.3,134.9,3.0,3.0,132.3,103.0,103.0,2.1,4.85,pathseer:60
beir500k-f32,pos40_cat02,pos40,209153,pathseer,128,2,60,0.9650,0.8500,0.00142,1.500,1.807,1.902,1.500,3176.1,0.0,853.3,134.9,3.0,3.0,132.3,103.0,103.0,2.1,4.85,pathseer:60
beir500k-f32,pos40_cat02,pos40,209153,pathseer,128,3,60,0.9650,0.8500,0.00142,1.476,1.864,1.892,1.504,3176.1,0.0,853.3,134.9,3.0,3.0,132.3,103.0,103.0,2.1,4.85,pathseer:60
beir500k-f32,pos40_cat02,pos40,209153,pathseer-nc,128,1,60,0.9650,0.8500,0.00142,1.443,1.792,1.806,1.436,0.0,0.0,0.0,0.0,0.0,0.0,0.0,0.0,0.0,0.0,0.00,
beir500k-f32,pos40_cat02,pos40,209153,pathseer-nc,128,2,60,0.9650,0.8500,0.00142,1.441,1.788,1.850,1.444,0.0,0.0,0.0,0.0,0.0,0.0,0.0,0.0,0.0,0.0,0.00,
beir500k-f32,pos40_cat02,pos40,209153,pathseer-nc,128,3,60,0.9650,0.8500,0.00142,1.441,1.785,1.838,1.438,0.0,0.0,0.0,0.0,0.0,0.0,0.0,0.0,0.0,0.0,0.00,
beir500k-f32,pos40_cat02,pos40,209153,pathseer,256,1,60,0.9883,0.9167,0.00030,2.543,3.211,3.359,2.571,5438.3,0.0,1605.1,270.4,5.0,5.0,230.4,176.6,231.2,3.6,14.00,pathseer:60
beir500k-f32,pos40_cat02,pos40,209153,pathseer,256,2,60,0.9883,0.9167,0.00030,2.572,3.195,3.386,2.580,5438.3,0.0,1605.1,270.4,5.0,5.0,230.4,176.6,231.2,3.6,14.00,pathseer:60
beir500k-f32,pos40_cat02,pos40,209153,pathseer,256,3,60,0.9883,0.9167,0.00030,2.584,3.219,3.533,2.577,5438.3,0.0,1605.1,270.4,5.0,5.0,230.4,176.6,231.2,3.6,14.00,pathseer:60
beir500k-f32,pos40_cat02,pos40,209153,pathseer-nc,256,1,60,0.9883,0.9167,0.00030,2.544,3.128,3.303,2.550,0.0,0.0,0.0,0.0,0.0,0.0,0.0,0.0,0.0,0.0,0.00,
beir500k-f32,pos40_cat02,pos40,209153,pathseer-nc,256,2,60,0.9883,0.9167,0.00030,2.561,3.111,3.343,2.552,0.0,0.0,0.0,0.0,0.0,0.0,0.0,0.0,0.0,0.0,0.00,
beir500k-f32,pos40_cat02,pos40,209153,pathseer-nc,256,3,60,0.9883,0.9167,0.00030,2.494,3.184,3.318,2.534,0.0,0.0,0.0,0.0,0.0,0.0,0.0,0.0,0.0,0.0,0.00,
beir500k-f32,pos40_cat02,pos40,209153,pathseer,512,1,60,1.0000,1.0000,0.00000,4.451,5.756,6.164,4.553,9015.7,0.0,3002.4,540.0,8.0,8.0,445.9,336.2,444.1,7.0,36.30,pathseer:60
beir500k-f32,pos40_cat02,pos40,209153,pathseer,512,2,60,1.0000,1.0000,0.00000,4.459,5.623,6.122,4.545,9015.7,0.0,3002.4,540.0,8.0,8.0,445.9,336.2,444.1,7.0,36.30,pathseer:60
beir500k-f32,pos40_cat02,pos40,209153,pathseer,512,3,60,1.0000,1.0000,0.00000,4.639,5.659,6.124,4.657,9015.7,0.0,3002.4,540.0,8.0,8.0,445.9,336.2,444.1,7.0,36.30,pathseer:60
beir500k-f32,pos40_cat02,pos40,209153,pathseer-nc,512,1,60,1.0000,1.0000,0.00000,4.455,5.598,5.961,4.453,0.0,0.0,0.0,0.0,0.0,0.0,0.0,0.0,0.0,0.0,0.00,
beir500k-f32,pos40_cat02,pos40,209153,pathseer-nc,512,2,60,1.0000,1.0000,0.00000,4.452,5.565,6.080,4.474,0.0,0.0,0.0,0.0,0.0,0.0,0.0,0.0,0.0,0.0,0.00,
beir500k-f32,pos40_cat02,pos40,209153,pathseer-nc,512,3,60,1.0000,1.0000,0.00000,4.421,5.530,5.948,4.471,0.0,0.0,0.0,0.0,0.0,0.0,0.0,0.0,0.0,0.0,0.00,
beir500k-f32,pos40_cat03,pos40,220547,pathseer,64,1,55,0.9855,0.8545,0.00033,0.825,0.977,1.019,0.817,1681.7,0.0,484.3,69.6,2.0,2.0,86.1,55.5,45.7,1.3,2.91,pathseer:55
beir500k-f32,pos40_cat03,pos40,220547,pathseer,64,2,55,0.9855,0.8545,0.00033,0.805,0.966,0.980,0.805,1681.7,0.0,484.3,69.6,2.0,2.0,86.1,55.5,45.7,1.3,2.91,pathseer:55
beir500k-f32,pos40_cat03,pos40,220547,pathseer,64,3,55,0.9855,0.8545,0.00033,0.814,0.977,0.981,0.810,1681.7,0.0,484.3,69.6,2.0,2.0,86.1,55.5,45.7,1.3,2.91,pathseer:55
beir500k-f32,pos40_cat03,pos40,220547,pathseer-nc,64,1,55,0.9855,0.8545,0.00033,0.824,0.982,1.041,0.818,0.0,0.0,0.0,0.0,0.0,0.0,0.0,0.0,0.0,0.0,0.00,
beir500k-f32,pos40_cat03,pos40,220547,pathseer-nc,64,2,55,0.9855,0.8545,0.00033,0.822,1.003,1.013,0.824,0.0,0.0,0.0,0.0,0.0,0.0,0.0,0.0,0.0,0.0,0.00,
beir500k-f32,pos40_cat03,pos40,220547,pathseer-nc,64,3,55,0.9855,0.8545,0.00033,0.815,0.976,0.985,0.822,0.0,0.0,0.0,0.0,0.0,0.0,0.0,0.0,0.0,0.0,0.00,
beir500k-f32,pos40_cat03,pos40,220547,pathseer,128,1,55,0.9909,0.9091,0.00020,1.438,1.719,1.745,1.426,2933.3,0.0,860.7,136.4,3.0,3.0,150.1,101.2,95.4,2.3,8.13,pathseer:55
beir500k-f32,pos40_cat03,pos40,220547,pathseer,128,2,55,0.9909,0.9091,0.00020,1.441,1.721,1.729,1.416,2933.3,0.0,860.7,136.4,3.0,3.0,150.1,101.2,95.4,2.3,8.13,pathseer:55
beir500k-f32,pos40_cat03,pos40,220547,pathseer,128,3,55,0.9909,0.9091,0.00020,1.462,1.732,1.744,1.426,2933.3,0.0,860.7,136.4,3.0,3.0,150.1,101.2,95.4,2.3,8.13,pathseer:55
beir500k-f32,pos40_cat03,pos40,220547,pathseer-nc,128,1,55,0.9909,0.9091,0.00020,1.547,1.810,1.945,1.516,0.0,0.0,0.0,0.0,0.0,0.0,0.0,0.0,0.0,0.0,0.00,
beir500k-f32,pos40_cat03,pos40,220547,pathseer-nc,128,2,55,0.9909,0.9091,0.00020,1.444,1.725,1.767,1.416,0.0,0.0,0.0,0.0,0.0,0.0,0.0,0.0,0.0,0.0,0.00,
beir500k-f32,pos40_cat03,pos40,220547,pathseer-nc,128,3,55,0.9909,0.9091,0.00020,1.431,1.687,1.707,1.399,0.0,0.0,0.0,0.0,0.0,0.0,0.0,0.0,0.0,0.0,0.00,
beir500k-f32,pos40_cat03,pos40,220547,pathseer,256,1,55,0.9964,0.9636,0.00015,2.545,3.000,3.186,2.512,5074.8,0.0,1553.6,270.9,5.0,5.0,244.4,175.1,197.6,3.8,17.65,pathseer:55
beir500k-f32,pos40_cat03,pos40,220547,pathseer,256,2,55,0.9964,0.9636,0.00015,2.499,3.039,3.188,2.500,5074.8,0.0,1553.6,270.9,5.0,5.0,244.4,175.1,197.6,3.8,17.65,pathseer:55
beir500k-f32,pos40_cat03,pos40,220547,pathseer,256,3,55,0.9964,0.9636,0.00015,2.565,3.096,3.223,2.526,5074.8,0.0,1553.6,270.9,5.0,5.0,244.4,175.1,197.6,3.8,17.65,pathseer:55
beir500k-f32,pos40_cat03,pos40,220547,pathseer-nc,256,1,55,0.9964,0.9636,0.00015,2.500,3.021,3.096,2.475,0.0,0.0,0.0,0.0,0.0,0.0,0.0,0.0,0.0,0.0,0.00,
beir500k-f32,pos40_cat03,pos40,220547,pathseer-nc,256,2,55,0.9964,0.9636,0.00015,2.589,3.028,3.100,2.493,0.0,0.0,0.0,0.0,0.0,0.0,0.0,0.0,0.0,0.0,0.00,
beir500k-f32,pos40_cat03,pos40,220547,pathseer-nc,256,3,55,0.9964,0.9636,0.00015,2.496,3.018,3.076,2.479,0.0,0.0,0.0,0.0,0.0,0.0,0.0,0.0,0.0,0.0,0.00,
beir500k-f32,pos40_cat03,pos40,220547,pathseer,512,1,55,0.9964,0.9636,0.00015,4.564,5.709,5.903,4.511,8665.5,0.0,2984.7,544.3,8.0,8.0,455.0,339.7,450.2,7.1,43.25,pathseer:55
beir500k-f32,pos40_cat03,pos40,220547,pathseer,512,2,55,0.9964,0.9636,0.00015,4.576,5.749,6.068,4.538,8665.5,0.0,2984.7,544.3,8.0,8.0,455.0,339.7,450.2,7.1,43.25,pathseer:55
beir500k-f32,pos40_cat03,pos40,220547,pathseer,512,3,55,0.9964,0.9636,0.00015,4.599,5.593,5.800,4.577,8665.5,0.0,2984.7,544.3,8.0,8.0,455.0,339.7,450.2,7.1,43.25,pathseer:55
beir500k-f32,pos40_cat03,pos40,220547,pathseer-nc,512,1,55,0.9964,0.9636,0.00015,4.534,5.496,5.590,4.449,0.0,0.0,0.0,0.0,0.0,0.0,0.0,0.0,0.0,0.0,0.00,
beir500k-f32,pos40_cat03,pos40,220547,pathseer-nc,512,2,55,0.9964,0.9636,0.00015,4.500,5.552,5.584,4.429,0.0,0.0,0.0,0.0,0.0,0.0,0.0,0.0,0.0,0.0,0.00,
beir500k-f32,pos40_cat03,pos40,220547,pathseer-nc,512,3,55,0.9964,0.9636,0.00015,4.504,5.433,5.718,4.421,0.0,0.0,0.0,0.0,0.0,0.0,0.0,0.0,0.0,0.0,0.00,
beir500k-f32,pos40_cat04,pos40,224049,pathseer,64,1,57,0.9912,0.9123,0.00017,0.640,0.878,0.898,0.647,1454.2,0.0,383.7,66.4,2.0,2.0,71.9,59.8,10.9,1.1,0.51,pathseer:57
beir500k-f32,pos40_cat04,pos40,224049,pathseer,64,2,57,0.9912,0.9123,0.00017,0.650,0.880,0.893,0.649,1454.2,0.0,383.7,66.4,2.0,2.0,71.9,59.8,10.9,1.1,0.51,pathseer:57
beir500k-f32,pos40_cat04,pos40,224049,pathseer,64,3,57,0.9912,0.9123,0.00017,0.649,0.877,0.893,0.656,1454.2,0.0,383.7,66.4,2.0,2.0,71.9,59.8,10.9,1.1,0.51,pathseer:57
beir500k-f32,pos40_cat04,pos40,224049,pathseer-nc,64,1,57,0.9912,0.9123,0.00017,0.654,0.894,0.910,0.661,0.0,0.0,0.0,0.0,0.0,0.0,0.0,0.0,0.0,0.0,0.00,
beir500k-f32,pos40_cat04,pos40,224049,pathseer-nc,64,2,57,0.9912,0.9123,0.00017,0.637,0.871,0.892,0.645,0.0,0.0,0.0,0.0,0.0,0.0,0.0,0.0,0.0,0.0,0.00,
beir500k-f32,pos40_cat04,pos40,224049,pathseer-nc,64,3,57,0.9912,0.9123,0.00017,0.645,0.896,0.902,0.654,0.0,0.0,0.0,0.0,0.0,0.0,0.0,0.0,0.0,0.0,0.00,
beir500k-f32,pos40_cat04,pos40,224049,pathseer,128,1,57,0.9947,0.9474,0.00012,1.247,1.586,1.640,1.238,2487.6,0.0,702.2,130.7,3.0,3.0,134.7,112.9,24.7,2.1,1.42,pathseer:57
beir500k-f32,pos40_cat04,pos40,224049,pathseer,128,2,57,0.9947,0.9474,0.00012,1.116,1.477,1.643,1.144,2487.6,0.0,702.2,130.7,3.0,3.0,134.7,112.9,24.7,2.1,1.42,pathseer:57
beir500k-f32,pos40_cat04,pos40,224049,pathseer,128,3,57,0.9947,0.9474,0.00012,1.160,1.560,1.618,1.177,2487.6,0.0,702.2,130.7,3.0,3.0,134.7,112.9,24.7,2.1,1.42,pathseer:57
beir500k-f32,pos40_cat04,pos40,224049,pathseer-nc,128,1,57,0.9947,0.9474,0.00012,1.118,1.470,1.588,1.133,0.0,0.0,0.0,0.0,0.0,0.0,0.0,0.0,0.0,0.0,0.00,
beir500k-f32,pos40_cat04,pos40,224049,pathseer-nc,128,2,57,0.9947,0.9474,0.00012,1.110,1.498,1.613,1.133,0.0,0.0,0.0,0.0,0.0,0.0,0.0,0.0,0.0,0.0,0.00,
beir500k-f32,pos40_cat04,pos40,224049,pathseer-nc,128,3,57,0.9947,0.9474,0.00012,1.232,1.612,1.800,1.257,0.0,0.0,0.0,0.0,0.0,0.0,0.0,0.0,0.0,0.0,0.00,
beir500k-f32,pos40_cat04,pos40,224049,pathseer,256,1,57,0.9982,0.9825,0.00002,1.941,2.606,2.735,1.978,4119.2,0.0,1261.1,260.4,4.0,4.0,223.4,184.6,53.5,3.5,3.91,pathseer:57
beir500k-f32,pos40_cat04,pos40,224049,pathseer,256,2,57,0.9982,0.9825,0.00002,1.974,2.572,2.733,1.999,4119.2,0.0,1261.1,260.4,4.0,4.0,223.4,184.6,53.5,3.5,3.91,pathseer:57
beir500k-f32,pos40_cat04,pos40,224049,pathseer,256,3,57,0.9982,0.9825,0.00002,2.015,2.627,2.699,1.989,4119.2,0.0,1261.1,260.4,4.0,4.0,223.4,184.6,53.5,3.5,3.91,pathseer:57
beir500k-f32,pos40_cat04,pos40,224049,pathseer-nc,256,1,57,0.9982,0.9825,0.00002,1.951,2.626,2.677,1.966,0.0,0.0,0.0,0.0,0.0,0.0,0.0,0.0,0.0,0.0,0.00,
beir500k-f32,pos40_cat04,pos40,224049,pathseer-nc,256,2,57,0.9982,0.9825,0.00002,1.938,2.499,2.661,1.965,0.0,0.0,0.0,0.0,0.0,0.0,0.0,0.0,0.0,0.0,0.00,
beir500k-f32,pos40_cat04,pos40,224049,pathseer-nc,256,3,57,0.9982,0.9825,0.00002,1.940,2.549,2.796,1.953,0.0,0.0,0.0,0.0,0.0,0.0,0.0,0.0,0.0,0.0,0.00,
beir500k-f32,pos40_cat04,pos40,224049,pathseer,512,1,57,1.0000,1.0000,0.00000,3.481,4.400,4.937,3.465,6723.1,0.0,2365.6,520.4,8.0,8.0,444.6,357.0,114.1,6.9,10.30,pathseer:57
beir500k-f32,pos40_cat04,pos40,224049,pathseer,512,2,57,1.0000,1.0000,0.00000,3.533,4.480,5.204,3.508,6723.1,0.0,2365.6,520.4,8.0,8.0,444.6,357.0,114.1,6.9,10.30,pathseer:57
beir500k-f32,pos40_cat04,pos40,224049,pathseer,512,3,57,1.0000,1.0000,0.00000,3.426,4.408,4.848,3.422,6723.1,0.0,2365.6,520.4,8.0,8.0,444.6,357.0,114.1,6.9,10.30,pathseer:57
beir500k-f32,pos40_cat04,pos40,224049,pathseer-nc,512,1,57,1.0000,1.0000,0.00000,3.459,4.357,4.775,3.479,0.0,0.0,0.0,0.0,0.0,0.0,0.0,0.0,0.0,0.0,0.00,
beir500k-f32,pos40_cat04,pos40,224049,pathseer-nc,512,2,57,1.0000,1.0000,0.00000,3.368,4.280,4.700,3.358,0.0,0.0,0.0,0.0,0.0,0.0,0.0,0.0,0.0,0.0,0.00,
beir500k-f32,pos40_cat04,pos40,224049,pathseer-nc,512,3,57,1.0000,1.0000,0.00000,3.390,4.295,4.774,3.390,0.0,0.0,0.0,0.0,0.0,0.0,0.0,0.0,0.0,0.0,0.00,
beir500k-f32,pos40_cat05,pos40,206003,pathseer,64,1,20,0.9900,0.9500,0.00020,0.686,0.924,1.103,0.697,1466.9,0.0,679.6,76.5,2.0,3.0,92.8,48.9,202.6,1.4,10.00,pathseer:20
beir500k-f32,pos40_cat05,pos40,206003,pathseer,64,2,20,0.9900,0.9500,0.00020,0.683,0.914,1.120,0.692,1466.9,0.0,679.6,76.5,2.0,3.0,92.8,48.9,202.6,1.4,10.00,pathseer:20
beir500k-f32,pos40_cat05,pos40,206003,pathseer,64,3,20,0.9900,0.9500,0.00020,0.695,0.918,1.092,0.699,1466.9,0.0,679.6,76.5,2.0,3.0,92.8,48.9,202.6,1.4,10.00,pathseer:20
beir500k-f32,pos40_cat05,pos40,206003,pathseer-nc,64,1,20,0.9900,0.9500,0.00020,0.704,0.899,1.071,0.696,0.0,0.0,0.0,0.0,0.0,0.0,0.0,0.0,0.0,0.0,0.00,
beir500k-f32,pos40_cat05,pos40,206003,pathseer-nc,64,2,20,0.9900,0.9500,0.00020,0.683,0.934,1.095,0.719,0.0,0.0,0.0,0.0,0.0,0.0,0.0,0.0,0.0,0.0,0.00,
beir500k-f32,pos40_cat05,pos40,206003,pathseer-nc,64,3,20,0.9900,0.9500,0.00020,0.683,0.942,1.120,0.708,0.0,0.0,0.0,0.0,0.0,0.0,0.0,0.0,0.0,0.0,0.00,
beir500k-f32,pos40_cat05,pos40,206003,pathseer,128,1,20,0.9950,0.9500,0.00015,1.176,1.601,2.092,1.221,2524.9,0.0,1247.5,153.0,3.0,3.0,153.6,81.3,401.1,2.4,27.15,pathseer:20
beir500k-f32,pos40_cat05,pos40,206003,pathseer,128,2,20,0.9950,0.9500,0.00015,1.185,1.631,2.146,1.225,2524.9,0.0,1247.5,153.0,3.0,3.0,153.6,81.3,401.1,2.4,27.15,pathseer:20
beir500k-f32,pos40_cat05,pos40,206003,pathseer,128,3,20,0.9950,0.9500,0.00015,1.198,1.609,2.139,1.226,2524.9,0.0,1247.5,153.0,3.0,3.0,153.6,81.3,401.1,2.4,27.15,pathseer:20
beir500k-f32,pos40_cat05,pos40,206003,pathseer-nc,128,1,20,0.9950,0.9500,0.00015,1.179,1.591,2.059,1.217,0.0,0.0,0.0,0.0,0.0,0.0,0.0,0.0,0.0,0.0,0.00,
beir500k-f32,pos40_cat05,pos40,206003,pathseer-nc,128,2,20,0.9950,0.9500,0.00015,1.228,1.591,2.054,1.235,0.0,0.0,0.0,0.0,0.0,0.0,0.0,0.0,0.0,0.0,0.00,
beir500k-f32,pos40_cat05,pos40,206003,pathseer-nc,128,3,20,0.9950,0.9500,0.00015,1.219,1.616,2.070,1.215,0.0,0.0,0.0,0.0,0.0,0.0,0.0,0.0,0.0,0.0,0.00,
beir500k-f32,pos40_cat05,pos40,206003,pathseer,256,1,20,1.0000,1.0000,0.00000,2.010,3.011,3.688,2.189,4267.5,0.0,2373.8,313.1,5.0,5.0,278.4,154.4,840.4,4.3,70.05,pathseer:20
beir500k-f32,pos40_cat05,pos40,206003,pathseer,256,2,20,1.0000,1.0000,0.00000,2.020,3.035,3.669,2.190,4267.5,0.0,2373.8,313.1,5.0,5.0,278.4,154.4,840.4,4.3,70.05,pathseer:20
beir500k-f32,pos40_cat05,pos40,206003,pathseer,256,3,20,1.0000,1.0000,0.00000,2.069,2.959,3.699,2.186,4267.5,0.0,2373.8,313.1,5.0,5.0,278.4,154.4,840.4,4.3,70.05,pathseer:20
beir500k-f32,pos40_cat05,pos40,206003,pathseer-nc,256,1,20,1.0000,1.0000,0.00000,1.996,2.876,3.545,2.118,0.0,0.0,0.0,0.0,0.0,0.0,0.0,0.0,0.0,0.0,0.00,
beir500k-f32,pos40_cat05,pos40,206003,pathseer-nc,256,2,20,1.0000,1.0000,0.00000,1.991,2.864,3.563,2.108,0.0,0.0,0.0,0.0,0.0,0.0,0.0,0.0,0.0,0.0,0.00,
beir500k-f32,pos40_cat05,pos40,206003,pathseer-nc,256,3,20,1.0000,1.0000,0.00000,2.066,2.852,3.545,2.133,0.0,0.0,0.0,0.0,0.0,0.0,0.0,0.0,0.0,0.0,0.00,
beir500k-f32,pos40_cat05,pos40,206003,pathseer,512,1,20,1.0000,1.0000,0.00000,3.785,5.370,6.453,3.903,7177.6,0.0,4436.9,629.0,9.0,10.0,569.6,299.6,1586.5,8.9,162.45,pathseer:20
beir500k-f32,pos40_cat05,pos40,206003,pathseer,512,2,20,1.0000,1.0000,0.00000,3.973,5.370,6.496,3.963,7177.6,0.0,4436.9,629.0,9.0,10.0,569.6,299.6,1586.5,8.9,162.45,pathseer:20
beir500k-f32,pos40_cat05,pos40,206003,pathseer,512,3,20,1.0000,1.0000,0.00000,3.813,5.461,6.587,3.939,7177.6,0.0,4436.9,629.0,9.0,10.0,569.6,299.6,1586.5,8.9,162.45,pathseer:20
beir500k-f32,pos40_cat05,pos40,206003,pathseer-nc,512,1,20,1.0000,1.0000,0.00000,3.815,5.226,6.244,3.812,0.0,0.0,0.0,0.0,0.0,0.0,0.0,0.0,0.0,0.0,0.00,
beir500k-f32,pos40_cat05,pos40,206003,pathseer-nc,512,2,20,1.0000,1.0000,0.00000,3.727,5.174,6.177,3.762,0.0,0.0,0.0,0.0,0.0,0.0,0.0,0.0,0.0,0.0,0.00,
beir500k-f32,pos40_cat05,pos40,206003,pathseer-nc,512,3,20,1.0000,1.0000,0.00000,3.734,5.177,6.180,3.776,0.0,0.0,0.0,0.0,0.0,0.0,0.0,0.0,0.0,0.0,0.00,
beir500k-f32,pos40_cat06,pos40,210435,pathseer,64,1,49,1.0000,1.0000,0.00000,0.684,0.834,0.881,0.678,1414.8,0.0,425.4,68.4,2.0,2.0,71.8,56.1,41.7,1.1,4.29,pathseer:49
beir500k-f32,pos40_cat06,pos40,210435,pathseer,64,2,49,1.0000,1.0000,0.00000,0.666,0.824,0.880,0.670,1414.8,0.0,425.4,68.4,2.0,2.0,71.8,56.1,41.7,1.1,4.29,pathseer:49
beir500k-f32,pos40_cat06,pos40,210435,pathseer,64,3,49,1.0000,1.0000,0.00000,0.679,0.834,0.915,0.683,1414.8,0.0,425.4,68.4,2.0,2.0,71.8,56.1,41.7,1.1,4.29,pathseer:49
beir500k-f32,pos40_cat06,pos40,210435,pathseer-nc,64,1,49,1.0000,1.0000,0.00000,0.670,0.835,0.853,0.669,0.0,0.0,0.0,0.0,0.0,0.0,0.0,0.0,0.0,0.0,0.00,
beir500k-f32,pos40_cat06,pos40,210435,pathseer-nc,64,2,49,1.0000,1.0000,0.00000,0.665,0.853,0.879,0.679,0.0,0.0,0.0,0.0,0.0,0.0,0.0,0.0,0.0,0.0,0.00,
beir500k-f32,pos40_cat06,pos40,210435,pathseer-nc,64,3,49,1.0000,1.0000,0.00000,0.662,0.835,1.010,0.678,0.0,0.0,0.0,0.0,0.0,0.0,0.0,0.0,0.0,0.0,0.00,
beir500k-f32,pos40_cat06,pos40,210435,pathseer,128,1,49,1.0000,1.0000,0.00000,1.190,1.533,1.709,1.201,2424.4,0.0,775.3,135.2,3.0,3.0,138.4,107.9,78.9,2.2,7.84,pathseer:49
beir500k-f32,pos40_cat06,pos40,210435,pathseer,128,2,49,1.0000,1.0000,0.00000,1.179,1.514,1.641,1.184,2424.4,0.0,775.3,135.2,3.0,3.0,138.4,107.9,78.9,2.2,7.84,pathseer:49
beir500k-f32,pos40_cat06,pos40,210435,pathseer,128,3,49,1.0000,1.0000,0.00000,1.173,1.545,1.642,1.172,2424.4,0.0,775.3,135.2,3.0,3.0,138.4,107.9,78.9,2.2,7.84,pathseer:49
beir500k-f32,pos40_cat06,pos40,210435,pathseer-nc,128,1,49,1.0000,1.0000,0.00000,1.178,1.515,1.623,1.183,0.0,0.0,0.0,0.0,0.0,0.0,0.0,0.0,0.0,0.0,0.00,
beir500k-f32,pos40_cat06,pos40,210435,pathseer-nc,128,2,49,1.0000,1.0000,0.00000,1.165,1.493,1.562,1.167,0.0,0.0,0.0,0.0,0.0,0.0,0.0,0.0,0.0,0.0,0.00,
beir500k-f32,pos40_cat06,pos40,210435,pathseer-nc,128,3,49,1.0000,1.0000,0.00000,1.164,1.501,1.580,1.164,0.0,0.0,0.0,0.0,0.0,0.0,0.0,0.0,0.0,0.0,0.00,
beir500k-f32,pos40_cat06,pos40,210435,pathseer,256,1,49,1.0000,1.0000,0.00000,1.993,2.718,2.946,2.032,4085.8,0.0,1392.6,268.6,5.0,5.0,233.8,181.0,144.4,3.7,14.86,pathseer:49
beir500k-f32,pos40_cat06,pos40,210435,pathseer,256,2,49,1.0000,1.0000,0.00000,2.044,2.751,2.960,2.059,4085.8,0.0,1392.6,268.6,5.0,5.0,233.8,181.0,144.4,3.7,14.86,pathseer:49
beir500k-f32,pos40_cat06,pos40,210435,pathseer,256,3,49,1.0000,1.0000,0.00000,2.087,2.759,2.939,2.043,4085.8,0.0,1392.6,268.6,5.0,5.0,233.8,181.0,144.4,3.7,14.86,pathseer:49
beir500k-f32,pos40_cat06,pos40,210435,pathseer-nc,256,1,49,1.0000,1.0000,0.00000,2.027,2.648,2.786,2.004,0.0,0.0,0.0,0.0,0.0,0.0,0.0,0.0,0.0,0.0,0.00,
beir500k-f32,pos40_cat06,pos40,210435,pathseer-nc,256,2,49,1.0000,1.0000,0.00000,1.989,2.648,2.839,2.018,0.0,0.0,0.0,0.0,0.0,0.0,0.0,0.0,0.0,0.0,0.00,
beir500k-f32,pos40_cat06,pos40,210435,pathseer-nc,256,3,49,1.0000,1.0000,0.00000,1.998,2.653,2.802,2.014,0.0,0.0,0.0,0.0,0.0,0.0,0.0,0.0,0.0,0.0,0.00,
beir500k-f32,pos40_cat06,pos40,210435,pathseer,512,1,49,1.0000,1.0000,0.00000,3.631,5.057,5.346,3.662,6741.3,0.0,2608.2,535.8,8.0,8.0,465.0,358.7,269.3,7.3,29.16,pathseer:49
beir500k-f32,pos40_cat06,pos40,210435,pathseer,512,2,49,1.0000,1.0000,0.00000,3.453,4.890,5.367,3.564,6741.3,0.0,2608.2,535.8,8.0,8.0,465.0,358.7,269.3,7.3,29.16,pathseer:49
beir500k-f32,pos40_cat06,pos40,210435,pathseer,512,3,49,1.0000,1.0000,0.00000,3.488,4.856,5.160,3.562,6741.3,0.0,2608.2,535.8,8.0,8.0,465.0,358.7,269.3,7.3,29.16,pathseer:49
beir500k-f32,pos40_cat06,pos40,210435,pathseer-nc,512,1,49,1.0000,1.0000,0.00000,3.433,4.679,5.002,3.477,0.0,0.0,0.0,0.0,0.0,0.0,0.0,0.0,0.0,0.0,0.00,
beir500k-f32,pos40_cat06,pos40,210435,pathseer-nc,512,2,49,1.0000,1.0000,0.00000,3.424,4.757,5.001,3.503,0.0,0.0,0.0,0.0,0.0,0.0,0.0,0.0,0.0,0.0,0.00,
beir500k-f32,pos40_cat06,pos40,210435,pathseer-nc,512,3,49,1.0000,1.0000,0.00000,3.408,4.733,4.928,3.478,0.0,0.0,0.0,0.0,0.0,0.0,0.0,0.0,0.0,0.0,0.00,
beir500k-f32,pos40_cat07,pos40,209279,pathseer,64,1,41,0.9780,0.8537,0.00038,0.768,1.152,1.252,0.794,1558.9,0.0,778.5,80.8,2.0,2.0,90.5,43.9,276.1,1.4,15.76,pathseer:41
beir500k-f32,pos40_cat07,pos40,209279,pathseer,64,2,41,0.9780,0.8537,0.00038,0.762,1.151,1.259,0.802,1558.9,0.0,778.5,80.8,2.0,2.0,90.5,43.9,276.1,1.4,15.76,pathseer:41
beir500k-f32,pos40_cat07,pos40,209279,pathseer,64,3,41,0.9780,0.8537,0.00038,0.772,1.156,1.248,0.802,1558.9,0.0,778.5,80.8,2.0,2.0,90.5,43.9,276.1,1.4,15.76,pathseer:41
beir500k-f32,pos40_cat07,pos40,209279,pathseer-nc,64,1,41,0.9780,0.8537,0.00038,0.756,1.088,1.222,0.791,0.0,0.0,0.0,0.0,0.0,0.0,0.0,0.0,0.0,0.0,0.00,
beir500k-f32,pos40_cat07,pos40,209279,pathseer-nc,64,2,41,0.9780,0.8537,0.00038,0.753,1.089,1.214,0.790,0.0,0.0,0.0,0.0,0.0,0.0,0.0,0.0,0.0,0.0,0.00,
beir500k-f32,pos40_cat07,pos40,209279,pathseer-nc,64,3,41,0.9780,0.8537,0.00038,0.751,1.099,1.161,0.780,0.0,0.0,0.0,0.0,0.0,0.0,0.0,0.0,0.0,0.0,0.00,
beir500k-f32,pos40_cat07,pos40,209279,pathseer,128,1,41,0.9976,0.9756,0.00007,1.360,1.964,2.532,1.405,2720.1,0.0,1437.0,162.7,3.0,3.0,154.5,79.1,535.1,2.4,36.12,pathseer:41
beir500k-f32,pos40_cat07,pos40,209279,pathseer,128,2,41,0.9976,0.9756,0.00007,1.347,1.942,2.507,1.408,2720.1,0.0,1437.0,162.7,3.0,3.0,154.5,79.1,535.1,2.4,36.12,pathseer:41
beir500k-f32,pos40_cat07,pos40,209279,pathseer,128,3,41,0.9976,0.9756,0.00007,1.377,1.942,2.510,1.415,2720.1,0.0,1437.0,162.7,3.0,3.0,154.5,79.1,535.1,2.4,36.12,pathseer:41
beir500k-f32,pos40_cat07,pos40,209279,pathseer-nc,128,1,41,0.9976,0.9756,0.00007,1.336,1.862,2.350,1.375,0.0,0.0,0.0,0.0,0.0,0.0,0.0,0.0,0.0,0.0,0.00,
beir500k-f32,pos40_cat07,pos40,209279,pathseer-nc,128,2,41,0.9976,0.9756,0.00007,1.337,1.846,2.413,1.384,0.0,0.0,0.0,0.0,0.0,0.0,0.0,0.0,0.0,0.0,0.00,
beir500k-f32,pos40_cat07,pos40,209279,pathseer-nc,128,3,41,0.9976,0.9756,0.00007,1.339,1.833,2.360,1.388,0.0,0.0,0.0,0.0,0.0,0.0,0.0,0.0,0.0,0.0,0.00,
beir500k-f32,pos40_cat07,pos40,209279,pathseer,256,1,41,1.0000,1.0000,0.00000,2.518,3.597,4.330,2.517,4698.9,0.0,2588.4,322.5,5.0,6.0,279.4,150.2,968.3,4.4,80.12,pathseer:41
beir500k-f32,pos40_cat07,pos40,209279,pathseer,256,2,41,1.0000,1.0000,0.00000,2.498,3.440,4.334,2.504,4698.9,0.0,2588.4,322.5,5.0,6.0,279.4,150.2,968.3,4.4,80.12,pathseer:41
beir500k-f32,pos40_cat07,pos40,209279,pathseer,256,3,41,1.0000,1.0000,0.00000,2.497,3.458,4.305,2.504,4698.9,0.0,2588.4,322.5,5.0,6.0,279.4,150.2,968.3,4.4,80.12,pathseer:41
beir500k-f32,pos40_cat07,pos40,209279,pathseer-nc,256,1,41,1.0000,1.0000,0.00000,2.420,3.198,4.081,2.447,0.0,0.0,0.0,0.0,0.0,0.0,0.0,0.0,0.0,0.0,0.00,
beir500k-f32,pos40_cat07,pos40,209279,pathseer-nc,256,2,41,1.0000,1.0000,0.00000,2.468,3.202,4.015,2.457,0.0,0.0,0.0,0.0,0.0,0.0,0.0,0.0,0.0,0.0,0.00,
beir500k-f32,pos40_cat07,pos40,209279,pathseer-nc,256,3,41,1.0000,1.0000,0.00000,2.530,3.661,4.432,2.560,0.0,0.0,0.0,0.0,0.0,0.0,0.0,0.0,0.0,0.0,0.00,
beir500k-f32,pos40_cat07,pos40,209279,pathseer,512,1,41,1.0000,1.0000,0.00000,4.553,6.857,8.002,4.532,8052.7,0.0,5002.5,656.4,9.0,10.0,546.3,299.8,1945.1,8.5,173.46,pathseer:41
beir500k-f32,pos40_cat07,pos40,209279,pathseer,512,2,41,1.0000,1.0000,0.00000,4.611,6.853,7.968,4.556,8052.7,0.0,5002.5,656.4,9.0,10.0,546.3,299.8,1945.1,8.5,173.46,pathseer:41
beir500k-f32,pos40_cat07,pos40,209279,pathseer,512,3,41,1.0000,1.0000,0.00000,4.553,6.930,8.045,4.607,8052.7,0.0,5002.5,656.4,9.0,10.0,546.3,299.8,1945.1,8.5,173.46,pathseer:41
beir500k-f32,pos40_cat07,pos40,209279,pathseer-nc,512,1,41,1.0000,1.0000,0.00000,4.447,6.459,7.343,4.473,0.0,0.0,0.0,0.0,0.0,0.0,0.0,0.0,0.0,0.0,0.00,
beir500k-f32,pos40_cat07,pos40,209279,pathseer-nc,512,2,41,1.0000,1.0000,0.00000,4.472,6.254,7.357,4.367,0.0,0.0,0.0,0.0,0.0,0.0,0.0,0.0,0.0,0.0,0.00,
beir500k-f32,pos40_cat07,pos40,209279,pathseer-nc,512,3,41,1.0000,1.0000,0.00000,4.415,6.475,7.325,4.360,0.0,0.0,0.0,0.0,0.0,0.0,0.0,0.0,0.0,0.0,0.00,
beir500k-f32,pos40_cat08,pos40,218758,pathseer,64,1,52,0.9904,0.9038,0.00026,0.744,0.843,0.906,0.733,1570.3,0.0,396.0,67.0,2.0,2.0,65.2,58.6,12.6,1.0,1.04,pathseer:52
beir500k-f32,pos40_cat08,pos40,218758,pathseer,64,2,52,0.9904,0.9038,0.00026,0.747,0.859,0.911,0.741,1570.3,0.0,396.0,67.0,2.0,2.0,65.2,58.6,12.6,1.0,1.04,pathseer:52
beir500k-f32,pos40_cat08,pos40,218758,pathseer,64,3,52,0.9904,0.9038,0.00026,0.736,0.842,0.857,0.727,1570.3,0.0,396.0,67.0,2.0,2.0,65.2,58.6,12.6,1.0,1.04,pathseer:52
beir500k-f32,pos40_cat08,pos40,218758,pathseer-nc,64,1,52,0.9904,0.9038,0.00026,0.741,0.842,0.881,0.733,0.0,0.0,0.0,0.0,0.0,0.0,0.0,0.0,0.0,0.0,0.00,
beir500k-f32,pos40_cat08,pos40,218758,pathseer-nc,64,2,52,0.9904,0.9038,0.00026,0.742,0.861,0.895,0.731,0.0,0.0,0.0,0.0,0.0,0.0,0.0,0.0,0.0,0.0,0.00,
beir500k-f32,pos40_cat08,pos40,218758,pathseer-nc,64,3,52,0.9904,0.9038,0.00026,0.747,0.861,0.881,0.737,0.0,0.0,0.0,0.0,0.0,0.0,0.0,0.0,0.0,0.0,0.00,
beir500k-f32,pos40_cat08,pos40,218758,pathseer,128,1,52,0.9942,0.9423,0.00016,1.318,1.569,1.776,1.334,2764.2,0.0,740.4,132.1,3.0,3.0,129.2,115.0,32.8,2.0,2.69,pathseer:52
beir500k-f32,pos40_cat08,pos40,218758,pathseer,128,2,52,0.9942,0.9423,0.00016,1.411,1.695,1.733,1.403,2764.2,0.0,740.4,132.1,3.0,3.0,129.2,115.0,32.8,2.0,2.69,pathseer:52
beir500k-f32,pos40_cat08,pos40,218758,pathseer,128,3,52,0.9942,0.9423,0.00016,1.314,1.524,1.579,1.305,2764.2,0.0,740.4,132.1,3.0,3.0,129.2,115.0,32.8,2.0,2.69,pathseer:52
beir500k-f32,pos40_cat08,pos40,218758,pathseer-nc,128,1,52,0.9942,0.9423,0.00016,1.324,1.535,1.607,1.313,0.0,0.0,0.0,0.0,0.0,0.0,0.0,0.0,0.0,0.0,0.00,
beir500k-f32,pos40_cat08,pos40,218758,pathseer-nc,128,2,52,0.9942,0.9423,0.00016,1.308,1.517,1.570,1.298,0.0,0.0,0.0,0.0,0.0,0.0,0.0,0.0,0.0,0.0,0.00,
beir500k-f32,pos40_cat08,pos40,218758,pathseer-nc,128,3,52,0.9942,0.9423,0.00016,1.292,1.535,1.557,1.291,0.0,0.0,0.0,0.0,0.0,0.0,0.0,0.0,0.0,0.0,0.00,
beir500k-f32,pos40_cat08,pos40,218758,pathseer,256,1,52,0.9981,0.9808,0.00009,2.305,2.629,2.789,2.294,4690.3,0.0,1332.1,262.5,4.0,4.0,214.2,183.8,68.0,3.3,5.63,pathseer:52
beir500k-f32,pos40_cat08,pos40,218758,pathseer,256,2,52,0.9981,0.9808,0.00009,2.352,2.675,2.775,2.313,4690.3,0.0,1332.1,262.5,4.0,4.0,214.2,183.8,68.0,3.3,5.63,pathseer:52
beir500k-f32,pos40_cat08,pos40,218758,pathseer,256,3,52,0.9981,0.9808,0.00009,2.324,2.614,2.773,2.301,4690.3,0.0,1332.1,262.5,4.0,4.0,214.2,183.8,68.0,3.3,5.63,pathseer:52
beir500k-f32,pos40_cat08,pos40,218758,pathseer-nc,256,1,52,0.9981,0.9808,0.00009,2.332,2.754,2.777,2.290,0.0,0.0,0.0,0.0,0.0,0.0,0.0,0.0,0.0,0.0,0.00,
beir500k-f32,pos40_cat08,pos40,218758,pathseer-nc,256,2,52,0.9981,0.9808,0.00009,2.350,2.696,2.962,2.330,0.0,0.0,0.0,0.0,0.0,0.0,0.0,0.0,0.0,0.0,0.00,
beir500k-f32,pos40_cat08,pos40,218758,pathseer-nc,256,3,52,0.9981,0.9808,0.00009,2.338,2.699,2.991,2.310,0.0,0.0,0.0,0.0,0.0,0.0,0.0,0.0,0.0,0.0,0.00,
beir500k-f32,pos40_cat08,pos40,218758,pathseer,512,1,52,1.0000,1.0000,0.00000,3.997,4.635,4.753,3.991,7772.3,0.0,2513.2,525.1,7.0,7.0,422.2,347.6,154.3,6.6,14.77,pathseer:52
beir500k-f32,pos40_cat08,pos40,218758,pathseer,512,2,52,1.0000,1.0000,0.00000,4.020,4.578,4.760,3.977,7772.3,0.0,2513.2,525.1,7.0,7.0,422.2,347.6,154.3,6.6,14.77,pathseer:52
beir500k-f32,pos40_cat08,pos40,218758,pathseer,512,3,52,1.0000,1.0000,0.00000,4.151,5.037,5.220,4.116,7772.3,0.0,2513.2,525.1,7.0,7.0,422.2,347.6,154.3,6.6,14.77,pathseer:52
beir500k-f32,pos40_cat08,pos40,218758,pathseer-nc,512,1,52,1.0000,1.0000,0.00000,3.930,4.522,4.695,3.922,0.0,0.0,0.0,0.0,0.0,0.0,0.0,0.0,0.0,0.0,0.00,
beir500k-f32,pos40_cat08,pos40,218758,pathseer-nc,512,2,52,1.0000,1.0000,0.00000,3.954,4.532,4.688,3.926,0.0,0.0,0.0,0.0,0.0,0.0,0.0,0.0,0.0,0.0,0.00,
beir500k-f32,pos40_cat08,pos40,218758,pathseer-nc,512,3,52,1.0000,1.0000,0.00000,3.930,4.560,4.667,3.910,0.0,0.0,0.0,0.0,0.0,0.0,0.0,0.0,0.0,0.0,0.00,
beir500k-f32,pos40_cat09,pos40,222267,pathseer,64,1,55,0.9909,0.9273,0.00019,0.672,0.812,0.846,0.672,1365.7,0.0,380.5,66.3,2.0,2.0,68.7,58.1,12.9,1.1,0.95,pathseer:55
beir500k-f32,pos40_cat09,pos40,222267,pathseer,64,2,55,0.9909,0.9273,0.00019,0.660,0.808,0.844,0.662,1365.7,0.0,380.5,66.3,2.0,2.0,68.7,58.1,12.9,1.1,0.95,pathseer:55
beir500k-f32,pos40_cat09,pos40,222267,pathseer,64,3,55,0.9909,0.9273,0.00019,0.643,0.814,0.851,0.664,1365.7,0.0,380.5,66.3,2.0,2.0,68.7,58.1,12.9,1.1,0.95,pathseer:55
beir500k-f32,pos40_cat09,pos40,222267,pathseer-nc,64,1,55,0.9909,0.9273,0.00019,0.651,0.802,0.851,0.662,0.0,0.0,0.0,0.0,0.0,0.0,0.0,0.0,0.0,0.0,0.00,
beir500k-f32,pos40_cat09,pos40,222267,pathseer-nc,64,2,55,0.9909,0.9273,0.00019,0.648,0.825,0.848,0.664,0.0,0.0,0.0,0.0,0.0,0.0,0.0,0.0,0.0,0.0,0.00,
beir500k-f32,pos40_cat09,pos40,222267,pathseer-nc,64,3,55,0.9909,0.9273,0.00019,0.660,0.805,0.857,0.669,0.0,0.0,0.0,0.0,0.0,0.0,0.0,0.0,0.0,0.0,0.00,
beir500k-f32,pos40_cat09,pos40,222267,pathseer,128,1,55,0.9927,0.9455,0.00016,1.174,1.499,1.649,1.164,2316.2,0.0,695.1,130.9,3.0,3.0,132.7,113.4,28.1,2.1,2.56,pathseer:55
beir500k-f32,pos40_cat09,pos40,222267,pathseer,128,2,55,0.9927,0.9455,0.00016,1.138,1.399,1.617,1.156,2316.2,0.0,695.1,130.9,3.0,3.0,132.7,113.4,28.1,2.1,2.56,pathseer:55
beir500k-f32,pos40_cat09,pos40,222267,pathseer,128,3,55,0.9927,0.9455,0.00016,1.134,1.388,1.638,1.144,2316.2,0.0,695.1,130.9,3.0,3.0,132.7,113.4,28.1,2.1,2.56,pathseer:55
beir500k-f32,pos40_cat09,pos40,222267,pathseer-nc,128,1,55,0.9927,0.9455,0.00016,1.153,1.426,1.612,1.149,0.0,0.0,0.0,0.0,0.0,0.0,0.0,0.0,0.0,0.0,0.00,
beir500k-f32,pos40_cat09,pos40,222267,pathseer-nc,128,2,55,0.9927,0.9455,0.00016,1.146,1.397,1.624,1.135,0.0,0.0,0.0,0.0,0.0,0.0,0.0,0.0,0.0,0.0,0.00,
beir500k-f32,pos40_cat09,pos40,222267,pathseer-nc,128,3,55,0.9927,0.9455,0.00016,1.173,1.401,1.646,1.145,0.0,0.0,0.0,0.0,0.0,0.0,0.0,0.0,0.0,0.0,0.00,
beir500k-f32,pos40_cat09,pos40,222267,pathseer,256,1,55,0.9927,0.9455,0.00016,2.036,2.574,2.738,1.991,3875.9,0.0,1260.7,260.9,4.0,4.0,224.6,189.8,62.9,3.5,6.20,pathseer:55
beir500k-f32,pos40_cat09,pos40,222267,pathseer,256,2,55,0.9927,0.9455,0.00016,2.085,2.704,2.965,2.093,3875.9,0.0,1260.7,260.9,4.0,4.0,224.6,189.8,62.9,3.5,6.20,pathseer:55
beir500k-f32,pos40_cat09,pos40,222267,pathseer,256,3,55,0.9927,0.9455,0.00016,2.032,2.485,2.762,1.989,3875.9,0.0,1260.7,260.9,4.0,4.0,224.6,189.8,62.9,3.5,6.20,pathseer:55
beir500k-f32,pos40_cat09,pos40,222267,pathseer-nc,256,1,55,0.9927,0.9455,0.00016,2.010,2.505,2.631,1.965,0.0,0.0,0.0,0.0,0.0,0.0,0.0,0.0,0.0,0.0,0.00,
beir500k-f32,pos40_cat09,pos40,222267,pathseer-nc,256,2,55,0.9927,0.9455,0.00016,2.014,2.554,2.660,1.996,0.0,0.0,0.0,0.0,0.0,0.0,0.0,0.0,0.0,0.0,0.00,
beir500k-f32,pos40_cat09,pos40,222267,pathseer-nc,256,3,55,0.9927,0.9455,0.00016,2.024,2.490,2.736,1.970,0.0,0.0,0.0,0.0,0.0,0.0,0.0,0.0,0.0,0.0,0.00,
beir500k-f32,pos40_cat09,pos40,222267,pathseer,512,1,55,0.9982,0.9818,0.00006,3.465,4.389,4.927,3.419,6401.3,0.0,2365.2,521.6,8.0,8.0,446.8,367.0,136.0,7.0,13.95,pathseer:55
beir500k-f32,pos40_cat09,pos40,222267,pathseer,512,2,55,0.9982,0.9818,0.00006,3.456,4.310,4.896,3.411,6401.3,0.0,2365.2,521.6,8.0,8.0,446.8,367.0,136.0,7.0,13.95,pathseer:55
beir500k-f32,pos40_cat09,pos40,222267,pathseer,512,3,55,0.9982,0.9818,0.00006,3.473,4.422,5.037,3.450,6401.3,0.0,2365.2,521.6,8.0,8.0,446.8,367.0,136.0,7.0,13.95,pathseer:55
beir500k-f32,pos40_cat09,pos40,222267,pathseer-nc,512,1,55,0.9982,0.9818,0.00006,3.387,4.200,4.689,3.366,0.0,0.0,0.0,0.0,0.0,0.0,0.0,0.0,0.0,0.0,0.00,
beir500k-f32,pos40_cat09,pos40,222267,pathseer-nc,512,2,55,0.9982,0.9818,0.00006,3.398,4.308,4.713,3.395,0.0,0.0,0.0,0.0,0.0,0.0,0.0,0.0,0.0,0.0,0.00,
beir500k-f32,pos40_cat09,pos40,222267,pathseer-nc,512,3,55,0.9982,0.9818,0.00006,3.471,4.588,5.146,3.486,0.0,0.0,0.0,0.0,0.0,0.0,0.0,0.0,0.0,0.0,0.00,
beir500k-f32,pos40_cat10,pos40,207074,pathseer,64,1,50,0.9980,0.9800,0.00000,0.710,0.850,1.081,0.712,1429.3,0.0,464.1,69.3,2.0,2.0,80.6,53.5,56.3,1.3,4.40,pathseer:50
beir500k-f32,pos40_cat10,pos40,207074,pathseer,64,2,50,0.9980,0.9800,0.00000,0.715,0.868,1.131,0.717,1429.3,0.0,464.1,69.3,2.0,2.0,80.6,53.5,56.3,1.3,4.40,pathseer:50
beir500k-f32,pos40_cat10,pos40,207074,pathseer,64,3,50,0.9980,0.9800,0.00000,0.694,0.849,1.085,0.708,1429.3,0.0,464.1,69.3,2.0,2.0,80.6,53.5,56.3,1.3,4.40,pathseer:50
beir500k-f32,pos40_cat10,pos40,207074,pathseer-nc,64,1,50,0.9980,0.9800,0.00000,0.709,0.850,1.041,0.702,0.0,0.0,0.0,0.0,0.0,0.0,0.0,0.0,0.0,0.0,0.00,
beir500k-f32,pos40_cat10,pos40,207074,pathseer-nc,64,2,50,0.9980,0.9800,0.00000,0.709,0.854,1.049,0.704,0.0,0.0,0.0,0.0,0.0,0.0,0.0,0.0,0.0,0.0,0.00,
beir500k-f32,pos40_cat10,pos40,207074,pathseer-nc,64,3,50,0.9980,0.9800,0.00000,0.717,0.910,1.045,0.710,0.0,0.0,0.0,0.0,0.0,0.0,0.0,0.0,0.0,0.0,0.00,
beir500k-f32,pos40_cat10,pos40,207074,pathseer,128,1,50,1.0000,1.0000,0.00000,1.223,1.527,1.747,1.240,2500.0,0.0,855.4,137.3,3.0,3.0,140.8,97.9,116.6,2.2,9.98,pathseer:50
beir500k-f32,pos40_cat10,pos40,207074,pathseer,128,2,50,1.0000,1.0000,0.00000,1.231,1.557,1.745,1.253,2500.0,0.0,855.4,137.3,3.0,3.0,140.8,97.9,116.6,2.2,9.98,pathseer:50
beir500k-f32,pos40_cat10,pos40,207074,pathseer,128,3,50,1.0000,1.0000,0.00000,1.219,1.564,1.735,1.244,2500.0,0.0,855.4,137.3,3.0,3.0,140.8,97.9,116.6,2.2,9.98,pathseer:50
beir500k-f32,pos40_cat10,pos40,207074,pathseer-nc,128,1,50,1.0000,1.0000,0.00000,1.221,1.556,1.725,1.237,0.0,0.0,0.0,0.0,0.0,0.0,0.0,0.0,0.0,0.0,0.00,
beir500k-f32,pos40_cat10,pos40,207074,pathseer-nc,128,2,50,1.0000,1.0000,0.00000,1.201,1.533,1.691,1.231,0.0,0.0,0.0,0.0,0.0,0.0,0.0,0.0,0.0,0.0,0.00,
beir500k-f32,pos40_cat10,pos40,207074,pathseer-nc,128,3,50,1.0000,1.0000,0.00000,1.218,1.517,1.725,1.228,0.0,0.0,0.0,0.0,0.0,0.0,0.0,0.0,0.0,0.0,0.00,
beir500k-f32,pos40_cat10,pos40,207074,pathseer,256,1,50,1.0000,1.0000,0.00000,2.170,2.791,3.103,2.193,4317.9,0.0,1580.0,274.2,5.0,5.0,244.5,171.9,235.0,3.8,25.70,pathseer:50
beir500k-f32,pos40_cat10,pos40,207074,pathseer,256,2,50,1.0000,1.0000,0.00000,2.162,2.743,3.269,2.205,4317.9,0.0,1580.0,274.2,5.0,5.0,244.5,171.9,235.0,3.8,25.70,pathseer:50
beir500k-f32,pos40_cat10,pos40,207074,pathseer,256,3,50,1.0000,1.0000,0.00000,2.146,2.735,3.099,2.187,4317.9,0.0,1580.0,274.2,5.0,5.0,244.5,171.9,235.0,3.8,25.70,pathseer:50
beir500k-f32,pos40_cat10,pos40,207074,pathseer-nc,256,1,50,1.0000,1.0000,0.00000,2.128,2.678,2.992,2.162,0.0,0.0,0.0,0.0,0.0,0.0,0.0,0.0,0.0,0.0,0.00,
beir500k-f32,pos40_cat10,pos40,207074,pathseer-nc,256,2,50,1.0000,1.0000,0.00000,2.130,2.705,3.021,2.168,0.0,0.0,0.0,0.0,0.0,0.0,0.0,0.0,0.0,0.0,0.00,
beir500k-f32,pos40_cat10,pos40,207074,pathseer-nc,256,3,50,1.0000,1.0000,0.00000,2.147,2.701,3.016,2.165,0.0,0.0,0.0,0.0,0.0,0.0,0.0,0.0,0.0,0.0,0.00,
beir500k-f32,pos40_cat10,pos40,207074,pathseer,512,1,50,1.0000,1.0000,0.00000,3.956,5.418,6.051,4.016,7298.8,0.0,3075.5,553.7,8.0,9.0,483.8,335.7,523.9,7.6,62.80,pathseer:50
beir500k-f32,pos40_cat10,pos40,207074,pathseer,512,2,50,1.0000,1.0000,0.00000,3.868,5.273,5.601,3.888,7298.8,0.0,3075.5,553.7,8.0,9.0,483.8,335.7,523.9,7.6,62.80,pathseer:50
beir500k-f32,pos40_cat10,pos40,207074,pathseer,512,3,50,1.0000,1.0000,0.00000,3.866,5.134,5.560,3.887,7298.8,0.0,3075.5,553.7,8.0,9.0,483.8,335.7,523.9,7.6,62.80,pathseer:50
beir500k-f32,pos40_cat10,pos40,207074,pathseer-nc,512,1,50,1.0000,1.0000,0.00000,3.750,4.964,5.400,3.808,0.0,0.0,0.0,0.0,0.0,0.0,0.0,0.0,0.0,0.0,0.00,
beir500k-f32,pos40_cat10,pos40,207074,pathseer-nc,512,2,50,1.0000,1.0000,0.00000,3.763,4.944,5.343,3.809,0.0,0.0,0.0,0.0,0.0,0.0,0.0,0.0,0.0,0.0,0.00,
beir500k-f32,pos40_cat10,pos40,207074,pathseer-nc,512,3,50,1.0000,1.0000,0.00000,3.811,4.915,5.374,3.802,0.0,0.0,0.0,0.0,0.0,0.0,0.0,0.0,0.0,0.0,0.00,
beir500k-f32,pos40_cat11,pos40,211992,pathseer,64,1,32,0.9938,0.9375,0.00010,0.689,0.890,1.103,0.702,1401.5,0.0,886.0,87.5,2.0,3.0,88.0,45.3,358.2,1.4,29.19,pathseer:32
beir500k-f32,pos40_cat11,pos40,211992,pathseer,64,2,32,0.9938,0.9375,0.00010,0.691,0.927,1.105,0.709,1401.5,0.0,886.0,87.5,2.0,3.0,88.0,45.3,358.2,1.4,29.19,pathseer:32
beir500k-f32,pos40_cat11,pos40,211992,pathseer,64,3,32,0.9938,0.9375,0.00010,0.720,0.946,1.238,0.715,1401.5,0.0,886.0,87.5,2.0,3.0,88.0,45.3,358.2,1.4,29.19,pathseer:32
beir500k-f32,pos40_cat11,pos40,211992,pathseer-nc,64,1,32,0.9938,0.9375,0.00010,0.674,0.880,1.000,0.683,0.0,0.0,0.0,0.0,0.0,0.0,0.0,0.0,0.0,0.0,0.00,
beir500k-f32,pos40_cat11,pos40,211992,pathseer-nc,64,2,32,0.9938,0.9375,0.00010,0.669,0.884,1.019,0.678,0.0,0.0,0.0,0.0,0.0,0.0,0.0,0.0,0.0,0.0,0.00,
beir500k-f32,pos40_cat11,pos40,211992,pathseer-nc,64,3,32,0.9938,0.9375,0.00010,0.668,0.862,0.994,0.686,0.0,0.0,0.0,0.0,0.0,0.0,0.0,0.0,0.0,0.0,0.00,
beir500k-f32,pos40_cat11,pos40,211992,pathseer,128,1,32,0.9938,0.9375,0.00010,1.222,1.692,2.236,1.249,2400.0,0.0,1683.7,177.6,4.0,4.0,162.0,81.5,723.4,2.5,66.53,pathseer:32
beir500k-f32,pos40_cat11,pos40,211992,pathseer,128,2,32,0.9938,0.9375,0.00010,1.247,1.696,2.220,1.263,2400.0,0.0,1683.7,177.6,4.0,4.0,162.0,81.5,723.4,2.5,66.53,pathseer:32
beir500k-f32,pos40_cat11,pos40,211992,pathseer,128,3,32,0.9938,0.9375,0.00010,1.210,1.698,2.189,1.247,2400.0,0.0,1683.7,177.6,4.0,4.0,162.0,81.5,723.4,2.5,66.53,pathseer:32
beir500k-f32,pos40_cat11,pos40,211992,pathseer-nc,128,1,32,0.9938,0.9375,0.00010,1.220,1.639,1.969,1.203,0.0,0.0,0.0,0.0,0.0,0.0,0.0,0.0,0.0,0.0,0.00,
beir500k-f32,pos40_cat11,pos40,211992,pathseer-nc,128,2,32,0.9938,0.9375,0.00010,1.228,1.628,2.017,1.205,0.0,0.0,0.0,0.0,0.0,0.0,0.0,0.0,0.0,0.0,0.00,
beir500k-f32,pos40_cat11,pos40,211992,pathseer-nc,128,3,32,0.9938,0.9375,0.00010,1.239,1.632,2.145,1.229,0.0,0.0,0.0,0.0,0.0,0.0,0.0,0.0,0.0,0.0,0.00,
beir500k-f32,pos40_cat11,pos40,211992,pathseer,256,1,32,0.9969,0.9688,0.00005,2.085,3.115,4.591,2.269,4119.2,0.0,3309.8,371.7,6.0,8.0,308.0,146.7,1493.9,4.8,147.97,pathseer:32
beir500k-f32,pos40_cat11,pos40,211992,pathseer,256,2,32,0.9969,0.9688,0.00005,2.096,3.095,4.528,2.271,4119.2,0.0,3309.8,371.7,6.0,8.0,308.0,146.7,1493.9,4.8,147.97,pathseer:32
beir500k-f32,pos40_cat11,pos40,211992,pathseer,256,3,32,0.9969,0.9688,0.00005,2.323,3.212,4.948,2.359,4119.2,0.0,3309.8,371.7,6.0,8.0,308.0,146.7,1493.9,4.8,147.97,pathseer:32
beir500k-f32,pos40_cat11,pos40,211992,pathseer-nc,256,1,32,0.9969,0.9688,0.00005,2.060,3.067,4.019,2.170,0.0,0.0,0.0,0.0,0.0,0.0,0.0,0.0,0.0,0.0,0.00,
beir500k-f32,pos40_cat11,pos40,211992,pathseer-nc,256,2,32,0.9969,0.9688,0.00005,2.031,2.892,4.052,2.159,0.0,0.0,0.0,0.0,0.0,0.0,0.0,0.0,0.0,0.0,0.00,
beir500k-f32,pos40_cat11,pos40,211992,pathseer-nc,256,3,32,0.9969,0.9688,0.00005,2.026,2.951,4.154,2.167,0.0,0.0,0.0,0.0,0.0,0.0,0.0,0.0,0.0,0.0,0.00,
beir500k-f32,pos40_cat11,pos40,211992,pathseer,512,1,32,0.9969,0.9688,0.00005,3.830,5.908,8.692,4.110,6937.0,0.0,6350.8,767.9,11.0,14.0,622.0,293.6,2889.8,9.7,348.28,pathseer:32
beir500k-f32,pos40_cat11,pos40,211992,pathseer,512,2,32,0.9969,0.9688,0.00005,3.692,5.818,8.741,4.094,6937.0,0.0,6350.8,767.9,11.0,14.0,622.0,293.6,2889.8,9.7,348.28,pathseer:32
beir500k-f32,pos40_cat11,pos40,211992,pathseer,512,3,32,0.9969,0.9688,0.00005,3.605,5.814,8.888,4.114,6937.0,0.0,6350.8,767.9,11.0,14.0,622.0,293.6,2889.8,9.7,348.28,pathseer:32
beir500k-f32,pos40_cat11,pos40,211992,pathseer-nc,512,1,32,0.9969,0.9688,0.00005,3.702,5.628,8.121,4.007,0.0,0.0,0.0,0.0,0.0,0.0,0.0,0.0,0.0,0.0,0.00,
beir500k-f32,pos40_cat11,pos40,211992,pathseer-nc,512,2,32,0.9969,0.9688,0.00005,3.611,5.503,7.838,4.014,0.0,0.0,0.0,0.0,0.0,0.0,0.0,0.0,0.0,0.0,0.00,
beir500k-f32,pos40_cat11,pos40,211992,pathseer-nc,512,3,32,0.9969,0.9688,0.00005,3.461,5.383,7.816,3.879,0.0,0.0,0.0,0.0,0.0,0.0,0.0,0.0,0.0,0.0,0.00,
beir500k-f32,pos40_cat12,pos40,216862,pathseer,64,1,66,0.9909,0.9091,0.00005,0.651,0.788,0.815,0.634,1311.9,0.0,424.4,68.4,2.0,2.0,68.8,55.5,47.9,1.1,3.94,pathseer:66
beir500k-f32,pos40_cat12,pos40,216862,pathseer,64,2,66,0.9909,0.9091,0.00005,0.647,0.784,0.811,0.634,1311.9,0.0,424.4,68.4,2.0,2.0,68.8,55.5,47.9,1.1,3.94,pathseer:66
beir500k-f32,pos40_cat12,pos40,216862,pathseer,64,3,66,0.9909,0.9091,0.00005,0.649,0.795,0.822,0.635,1311.9,0.0,424.4,68.4,2.0,2.0,68.8,55.5,47.9,1.1,3.94,pathseer:66
beir500k-f32,pos40_cat12,pos40,216862,pathseer-nc,64,1,66,0.9909,0.9091,0.00005,0.659,0.779,0.822,0.642,0.0,0.0,0.0,0.0,0.0,0.0,0.0,0.0,0.0,0.0,0.00,
beir500k-f32,pos40_cat12,pos40,216862,pathseer-nc,64,2,66,0.9909,0.9091,0.00005,0.651,0.789,0.840,0.640,0.0,0.0,0.0,0.0,0.0,0.0,0.0,0.0,0.0,0.0,0.00,
beir500k-f32,pos40_cat12,pos40,216862,pathseer-nc,64,3,66,0.9909,0.9091,0.00005,0.661,0.800,0.826,0.643,0.0,0.0,0.0,0.0,0.0,0.0,0.0,0.0,0.0,0.0,0.00,
beir500k-f32,pos40_cat12,pos40,216862,pathseer,128,1,66,0.9985,0.9848,0.00001,1.105,1.420,1.468,1.108,2267.1,0.0,767.8,134.4,3.0,3.0,132.8,105.6,81.1,2.1,8.61,pathseer:66
beir500k-f32,pos40_cat12,pos40,216862,pathseer,128,2,66,0.9985,0.9848,0.00001,1.102,1.441,1.495,1.111,2267.1,0.0,767.8,134.4,3.0,3.0,132.8,105.6,81.1,2.1,8.61,pathseer:66
beir500k-f32,pos40_cat12,pos40,216862,pathseer,128,3,66,0.9985,0.9848,0.00001,1.113,1.416,1.487,1.134,2267.1,0.0,767.8,134.4,3.0,3.0,132.8,105.6,81.1,2.1,8.61,pathseer:66
beir500k-f32,pos40_cat12,pos40,216862,pathseer-nc,128,1,66,0.9985,0.9848,0.00001,1.151,1.549,1.563,1.150,0.0,0.0,0.0,0.0,0.0,0.0,0.0,0.0,0.0,0.0,0.00,
beir500k-f32,pos40_cat12,pos40,216862,pathseer-nc,128,2,66,0.9985,0.9848,0.00001,1.094,1.427,1.447,1.100,0.0,0.0,0.0,0.0,0.0,0.0,0.0,0.0,0.0,0.0,0.00,
beir500k-f32,pos40_cat12,pos40,216862,pathseer-nc,128,3,66,0.9985,0.9848,0.00001,1.111,1.428,1.479,1.111,0.0,0.0,0.0,0.0,0.0,0.0,0.0,0.0,0.0,0.0,0.00,
beir500k-f32,pos40_cat12,pos40,216862,pathseer,256,1,66,1.0000,1.0000,0.00000,1.946,2.523,2.707,1.959,3872.7,0.0,1412.2,268.2,5.0,5.0,234.7,183.3,159.1,3.7,18.86,pathseer:66
beir500k-f32,pos40_cat12,pos40,216862,pathseer,256,2,66,1.0000,1.0000,0.00000,1.940,2.561,2.690,1.958,3872.7,0.0,1412.2,268.2,5.0,5.0,234.7,183.3,159.1,3.7,18.86,pathseer:66
beir500k-f32,pos40_cat12,pos40,216862,pathseer,256,3,66,1.0000,1.0000,0.00000,1.959,2.529,2.692,1.975,3872.7,0.0,1412.2,268.2,5.0,5.0,234.7,183.3,159.1,3.7,18.86,pathseer:66
beir500k-f32,pos40_cat12,pos40,216862,pathseer-nc,256,1,66,1.0000,1.0000,0.00000,1.942,2.547,2.645,1.940,0.0,0.0,0.0,0.0,0.0,0.0,0.0,0.0,0.0,0.0,0.00,
beir500k-f32,pos40_cat12,pos40,216862,pathseer-nc,256,2,66,1.0000,1.0000,0.00000,1.939,2.544,2.602,1.959,0.0,0.0,0.0,0.0,0.0,0.0,0.0,0.0,0.0,0.0,0.00,
beir500k-f32,pos40_cat12,pos40,216862,pathseer-nc,256,3,66,1.0000,1.0000,0.00000,1.945,2.514,2.583,1.947,0.0,0.0,0.0,0.0,0.0,0.0,0.0,0.0,0.0,0.0,0.00,
beir500k-f32,pos40_cat12,pos40,216862,pathseer,512,1,66,1.0000,1.0000,0.00000,3.535,4.625,4.801,3.493,6552.4,0.0,2707.0,537.4,8.0,8.0,481.0,360.8,329.6,7.5,38.61,pathseer:66
beir500k-f32,pos40_cat12,pos40,216862,pathseer,512,2,66,1.0000,1.0000,0.00000,3.525,4.615,4.871,3.485,6552.4,0.0,2707.0,537.4,8.0,8.0,481.0,360.8,329.6,7.5,38.61,pathseer:66
beir500k-f32,pos40_cat12,pos40,216862,pathseer,512,3,66,1.0000,1.0000,0.00000,3.576,4.822,5.148,3.587,6552.4,0.0,2707.0,537.4,8.0,8.0,481.0,360.8,329.6,7.5,38.61,pathseer:66
beir500k-f32,pos40_cat12,pos40,216862,pathseer-nc,512,1,66,1.0000,1.0000,0.00000,3.456,4.432,4.684,3.429,0.0,0.0,0.0,0.0,0.0,0.0,0.0,0.0,0.0,0.0,0.00,
beir500k-f32,pos40_cat12,pos40,216862,pathseer-nc,512,2,66,1.0000,1.0000,0.00000,3.461,4.467,4.627,3.438,0.0,0.0,0.0,0.0,0.0,0.0,0.0,0.0,0.0,0.0,0.00,
beir500k-f32,pos40_cat12,pos40,216862,pathseer-nc,512,3,66,1.0000,1.0000,0.00000,3.461,4.498,4.732,3.437,0.0,0.0,0.0,0.0,0.0,0.0,0.0,0.0,0.0,0.0,0.00,
beir500k-f32,pos40_cat13,pos40,200600,pathseer,64,1,54,0.9870,0.8704,0.00015,0.715,0.936,0.960,0.731,1473.1,0.0,519.7,71.7,2.0,2.0,77.0,54.4,88.8,1.2,5.93,pathseer:54
beir500k-f32,pos40_cat13,pos40,200600,pathseer,64,2,54,0.9870,0.8704,0.00015,0.747,0.937,0.979,0.746,1473.1,0.0,519.7,71.7,2.0,2.0,77.0,54.4,88.8,1.2,5.93,pathseer:54
beir500k-f32,pos40_cat13,pos40,200600,pathseer,64,3,54,0.9870,0.8704,0.00015,0.728,0.961,1.019,0.746,1473.1,0.0,519.7,71.7,2.0,2.0,77.0,54.4,88.8,1.2,5.93,pathseer:54
beir500k-f32,pos40_cat13,pos40,200600,pathseer-nc,64,1,54,0.9870,0.8704,0.00015,0.730,0.964,1.044,0.741,0.0,0.0,0.0,0.0,0.0,0.0,0.0,0.0,0.0,0.0,0.00,
beir500k-f32,pos40_cat13,pos40,200600,pathseer-nc,64,2,54,0.9870,0.8704,0.00015,0.724,0.958,1.001,0.740,0.0,0.0,0.0,0.0,0.0,0.0,0.0,0.0,0.0,0.0,0.00,
beir500k-f32,pos40_cat13,pos40,200600,pathseer-nc,64,3,54,0.9870,0.8704,0.00015,0.709,0.939,0.968,0.724,0.0,0.0,0.0,0.0,0.0,0.0,0.0,0.0,0.0,0.0,0.00,
beir500k-f32,pos40_cat13,pos40,200600,pathseer,128,1,54,0.9963,0.9630,0.00003,1.249,1.646,1.733,1.263,2519.9,0.0,924.0,139.8,3.0,3.0,139.9,101.3,156.8,2.2,12.54,pathseer:54
beir500k-f32,pos40_cat13,pos40,200600,pathseer,128,2,54,0.9963,0.9630,0.00003,1.256,1.650,1.677,1.257,2519.9,0.0,924.0,139.8,3.0,3.0,139.9,101.3,156.8,2.2,12.54,pathseer:54
beir500k-f32,pos40_cat13,pos40,200600,pathseer,128,3,54,0.9963,0.9630,0.00003,1.263,1.675,1.693,1.280,2519.9,0.0,924.0,139.8,3.0,3.0,139.9,101.3,156.8,2.2,12.54,pathseer:54
beir500k-f32,pos40_cat13,pos40,200600,pathseer-nc,128,1,54,0.9963,0.9630,0.00003,1.243,1.624,1.668,1.245,0.0,0.0,0.0,0.0,0.0,0.0,0.0,0.0,0.0,0.0,0.00,
beir500k-f32,pos40_cat13,pos40,200600,pathseer-nc,128,2,54,0.9963,0.9630,0.00003,1.253,1.632,1.668,1.254,0.0,0.0,0.0,0.0,0.0,0.0,0.0,0.0,0.0,0.0,0.00,
beir500k-f32,pos40_cat13,pos40,200600,pathseer-nc,128,3,54,0.9963,0.9630,0.00003,1.241,1.601,1.668,1.247,0.0,0.0,0.0,0.0,0.0,0.0,0.0,0.0,0.0,0.0,0.00,
beir500k-f32,pos40_cat13,pos40,200600,pathseer,256,1,54,1.0000,1.0000,0.00000,2.212,2.992,3.127,2.265,4273.3,0.0,1711.4,278.9,5.0,5.0,254.8,174.7,320.1,4.0,29.31,pathseer:54
beir500k-f32,pos40_cat13,pos40,200600,pathseer,256,2,54,1.0000,1.0000,0.00000,2.201,2.883,3.118,2.237,4273.3,0.0,1711.4,278.9,5.0,5.0,254.8,174.7,320.1,4.0,29.31,pathseer:54
beir500k-f32,pos40_cat13,pos40,200600,pathseer,256,3,54,1.0000,1.0000,0.00000,2.153,2.856,3.056,2.211,4273.3,0.0,1711.4,278.9,5.0,5.0,254.8,174.7,320.1,4.0,29.31,pathseer:54
beir500k-f32,pos40_cat13,pos40,200600,pathseer-nc,256,1,54,1.0000,1.0000,0.00000,2.129,2.930,2.967,2.181,0.0,0.0,0.0,0.0,0.0,0.0,0.0,0.0,0.0,0.0,0.00,
beir500k-f32,pos40_cat13,pos40,200600,pathseer-nc,256,2,54,1.0000,1.0000,0.00000,2.140,2.873,3.004,2.188,0.0,0.0,0.0,0.0,0.0,0.0,0.0,0.0,0.0,0.0,0.00,
beir500k-f32,pos40_cat13,pos40,200600,pathseer-nc,256,3,54,1.0000,1.0000,0.00000,2.112,2.970,3.057,2.184,0.0,0.0,0.0,0.0,0.0,0.0,0.0,0.0,0.0,0.0,0.00,
beir500k-f32,pos40_cat13,pos40,200600,pathseer,512,1,54,1.0000,1.0000,0.00000,3.880,5.478,5.945,3.964,7252.0,0.0,3275.0,562.2,8.0,8.0,497.8,337.2,656.4,7.8,68.72,pathseer:54
beir500k-f32,pos40_cat13,pos40,200600,pathseer,512,2,54,1.0000,1.0000,0.00000,3.871,5.524,5.860,3.955,7252.0,0.0,3275.0,562.2,8.0,8.0,497.8,337.2,656.4,7.8,68.72,pathseer:54
beir500k-f32,pos40_cat13,pos40,200600,pathseer,512,3,54,1.0000,1.0000,0.00000,3.864,5.479,5.840,3.952,7252.0,0.0,3275.0,562.2,8.0,8.0,497.8,337.2,656.4,7.8,68.72,pathseer:54
beir500k-f32,pos40_cat13,pos40,200600,pathseer-nc,512,1,54,1.0000,1.0000,0.00000,4.047,5.340,5.682,3.981,0.0,0.0,0.0,0.0,0.0,0.0,0.0,0.0,0.0,0.0,0.00,
beir500k-f32,pos40_cat13,pos40,200600,pathseer-nc,512,2,54,1.0000,1.0000,0.00000,3.871,5.183,5.667,3.870,0.0,0.0,0.0,0.0,0.0,0.0,0.0,0.0,0.0,0.0,0.00,
beir500k-f32,pos40_cat13,pos40,200600,pathseer-nc,512,3,54,1.0000,1.0000,0.00000,3.866,5.239,5.664,3.842,0.0,0.0,0.0,0.0,0.0,0.0,0.0,0.0,0.0,0.0,0.00,
beir500k-f32,pos40_cat14,pos40,225031,pathseer,64,1,6,1.0000,1.0000,0.00000,0.475,0.521,0.521,0.459,1303.7,0.0,482.3,70.2,2.0,2.0,74.7,57.8,69.0,1.2,5.33,pathseer:6
beir500k-f32,pos40_cat14,pos40,225031,pathseer,64,2,6,1.0000,1.0000,0.00000,0.491,0.546,0.546,0.470,1303.7,0.0,482.3,70.2,2.0,2.0,74.7,57.8,69.0,1.2,5.33,pathseer:6
beir500k-f32,pos40_cat14,pos40,225031,pathseer,64,3,6,1.0000,1.0000,0.00000,0.474,0.506,0.506,0.458,1303.7,0.0,482.3,70.2,2.0,2.0,74.7,57.8,69.0,1.2,5.33,pathseer:6
beir500k-f32,pos40_cat14,pos40,225031,pathseer-nc,64,1,6,1.0000,1.0000,0.00000,0.482,0.517,0.517,0.460,0.0,0.0,0.0,0.0,0.0,0.0,0.0,0.0,0.0,0.0,0.00,
beir500k-f32,pos40_cat14,pos40,225031,pathseer-nc,64,2,6,1.0000,1.0000,0.00000,0.503,0.507,0.507,0.462,0.0,0.0,0.0,0.0,0.0,0.0,0.0,0.0,0.0,0.0,0.00,
beir500k-f32,pos40_cat14,pos40,225031,pathseer-nc,64,3,6,1.0000,1.0000,0.00000,0.496,0.571,0.571,0.473,0.0,0.0,0.0,0.0,0.0,0.0,0.0,0.0,0.0,0.0,0.00,
beir500k-f32,pos40_cat14,pos40,225031,pathseer,128,1,6,1.0000,1.0000,0.00000,0.968,1.088,1.088,0.921,2232.3,0.0,875.3,138.3,3.0,3.0,138.7,105.0,124.3,2.2,15.50,pathseer:6
beir500k-f32,pos40_cat14,pos40,225031,pathseer,128,2,6,1.0000,1.0000,0.00000,1.010,1.167,1.167,0.949,2232.3,0.0,875.3,138.3,3.0,3.0,138.7,105.0,124.3,2.2,15.50,pathseer:6
beir500k-f32,pos40_cat14,pos40,225031,pathseer,128,3,6,1.0000,1.0000,0.00000,0.989,1.053,1.053,0.890,2232.3,0.0,875.3,138.3,3.0,3.0,138.7,105.0,124.3,2.2,15.50,pathseer:6
beir500k-f32,pos40_cat14,pos40,225031,pathseer-nc,128,1,6,1.0000,1.0000,0.00000,0.983,1.101,1.101,0.933,0.0,0.0,0.0,0.0,0.0,0.0,0.0,0.0,0.0,0.0,0.00,
beir500k-f32,pos40_cat14,pos40,225031,pathseer-nc,128,2,6,1.0000,1.0000,0.00000,0.959,1.130,1.130,0.907,0.0,0.0,0.0,0.0,0.0,0.0,0.0,0.0,0.0,0.0,0.00,
beir500k-f32,pos40_cat14,pos40,225031,pathseer-nc,128,3,6,1.0000,1.0000,0.00000,1.009,1.098,1.098,0.928,0.0,0.0,0.0,0.0,0.0,0.0,0.0,0.0,0.0,0.0,0.00,
beir500k-f32,pos40_cat14,pos40,225031,pathseer,256,1,6,1.0000,1.0000,0.00000,1.822,2.291,2.291,1.808,3689.7,0.0,1554.8,274.7,5.0,5.0,245.3,172.2,209.3,3.8,29.33,pathseer:6
beir500k-f32,pos40_cat14,pos40,225031,pathseer,256,2,6,1.0000,1.0000,0.00000,1.775,2.175,2.175,1.736,3689.7,0.0,1554.8,274.7,5.0,5.0,245.3,172.2,209.3,3.8,29.33,pathseer:6
beir500k-f32,pos40_cat14,pos40,225031,pathseer,256,3,6,1.0000,1.0000,0.00000,1.811,2.331,2.331,1.795,3689.7,0.0,1554.8,274.7,5.0,5.0,245.3,172.2,209.3,3.8,29.33,pathseer:6
beir500k-f32,pos40_cat14,pos40,225031,pathseer-nc,256,1,6,1.0000,1.0000,0.00000,1.756,2.110,2.110,1.689,0.0,0.0,0.0,0.0,0.0,0.0,0.0,0.0,0.0,0.0,0.00,
beir500k-f32,pos40_cat14,pos40,225031,pathseer-nc,256,2,6,1.0000,1.0000,0.00000,1.710,2.101,2.101,1.683,0.0,0.0,0.0,0.0,0.0,0.0,0.0,0.0,0.0,0.0,0.00,
beir500k-f32,pos40_cat14,pos40,225031,pathseer-nc,256,3,6,1.0000,1.0000,0.00000,1.808,2.202,2.202,1.759,0.0,0.0,0.0,0.0,0.0,0.0,0.0,0.0,0.0,0.0,0.00,
beir500k-f32,pos40_cat14,pos40,225031,pathseer,512,1,6,1.0000,1.0000,0.00000,3.150,4.099,4.099,3.115,5985.5,0.0,2973.3,552.5,9.0,9.0,512.0,372.2,426.5,8.0,55.17,pathseer:6
beir500k-f32,pos40_cat14,pos40,225031,pathseer,512,2,6,1.0000,1.0000,0.00000,3.195,4.099,4.099,3.112,5985.5,0.0,2973.3,552.5,9.0,9.0,512.0,372.2,426.5,8.0,55.17,pathseer:6
beir500k-f32,pos40_cat14,pos40,225031,pathseer,512,3,6,1.0000,1.0000,0.00000,3.220,4.100,4.100,3.135,5985.5,0.0,2973.3,552.5,9.0,9.0,512.0,372.2,426.5,8.0,55.17,pathseer:6
beir500k-f32,pos40_cat14,pos40,225031,pathseer-nc,512,1,6,1.0000,1.0000,0.00000,3.043,3.906,3.906,3.046,0.0,0.0,0.0,0.0,0.0,0.0,0.0,0.0,0.0,0.0,0.00,
beir500k-f32,pos40_cat14,pos40,225031,pathseer-nc,512,2,6,1.0000,1.0000,0.00000,3.185,3.973,3.973,3.064,0.0,0.0,0.0,0.0,0.0,0.0,0.0,0.0,0.0,0.0,0.00,
beir500k-f32,pos40_cat14,pos40,225031,pathseer-nc,512,3,6,1.0000,1.0000,0.00000,3.216,3.993,3.993,3.114,0.0,0.0,0.0,0.0,0.0,0.0,0.0,0.0,0.0,0.0,0.00,
beir500k-f32,pos40_cat15,pos40,200325,pathseer,64,1,84,0.9821,0.8929,0.00059,0.760,1.018,1.143,0.773,1402.3,0.0,894.0,88.9,3.0,3.0,112.0,47.0,333.6,1.8,19.49,pathseer:84
beir500k-f32,pos40_cat15,pos40,200325,pathseer,64,2,84,0.9821,0.8929,0.00059,0.762,1.032,1.152,0.780,1402.3,0.0,894.0,88.9,3.0,3.0,112.0,47.0,333.6,1.8,19.49,pathseer:84
beir500k-f32,pos40_cat15,pos40,200325,pathseer,64,3,84,0.9821,0.8929,0.00059,0.761,1.021,1.147,0.776,1402.3,0.0,894.0,88.9,3.0,3.0,112.0,47.0,333.6,1.8,19.49,pathseer:84
beir500k-f32,pos40_cat15,pos40,200325,pathseer-nc,64,1,84,0.9821,0.8929,0.00059,0.762,1.003,1.103,0.773,0.0,0.0,0.0,0.0,0.0,0.0,0.0,0.0,0.0,0.0,0.00,
beir500k-f32,pos40_cat15,pos40,200325,pathseer-nc,64,2,84,0.9821,0.8929,0.00059,0.760,0.993,1.114,0.769,0.0,0.0,0.0,0.0,0.0,0.0,0.0,0.0,0.0,0.0,0.00,
beir500k-f32,pos40_cat15,pos40,200325,pathseer-nc,64,3,84,0.9821,0.8929,0.00059,0.747,0.975,1.106,0.758,0.0,0.0,0.0,0.0,0.0,0.0,0.0,0.0,0.0,0.0,0.00,
beir500k-f32,pos40_cat15,pos40,200325,pathseer,128,1,84,0.9964,0.9643,0.00005,1.378,1.785,2.017,1.377,2488.5,0.0,1602.4,174.0,4.0,4.0,184.4,81.1,636.6,2.9,44.24,pathseer:84
beir500k-f32,pos40_cat15,pos40,200325,pathseer,128,2,84,0.9964,0.9643,0.00005,1.360,1.841,2.032,1.381,2488.5,0.0,1602.4,174.0,4.0,4.0,184.4,81.1,636.6,2.9,44.24,pathseer:84
beir500k-f32,pos40_cat15,pos40,200325,pathseer,128,3,84,0.9964,0.9643,0.00005,1.383,1.794,2.120,1.378,2488.5,0.0,1602.4,174.0,4.0,4.0,184.4,81.1,636.6,2.9,44.24,pathseer:84
beir500k-f32,pos40_cat15,pos40,200325,pathseer-nc,128,1,84,0.9964,0.9643,0.00005,1.373,1.792,2.228,1.372,0.0,0.0,0.0,0.0,0.0,0.0,0.0,0.0,0.0,0.0,0.00,
beir500k-f32,pos40_cat15,pos40,200325,pathseer-nc,128,2,84,0.9964,0.9643,0.00005,1.383,1.878,1.922,1.384,0.0,0.0,0.0,0.0,0.0,0.0,0.0,0.0,0.0,0.0,0.00,
beir500k-f32,pos40_cat15,pos40,200325,pathseer-nc,128,3,84,0.9964,0.9643,0.00005,1.352,1.737,1.901,1.352,0.0,0.0,0.0,0.0,0.0,0.0,0.0,0.0,0.0,0.0,0.00,
beir500k-f32,pos40_cat15,pos40,200325,pathseer,256,1,84,0.9976,0.9762,0.00004,2.530,3.579,3.794,2.559,4507.0,0.0,3127.0,358.0,6.0,7.0,333.0,149.8,1318.9,5.2,104.64,pathseer:84
beir500k-f32,pos40_cat15,pos40,200325,pathseer,256,2,84,0.9976,0.9762,0.00004,2.569,3.544,3.782,2.572,4507.0,0.0,3127.0,358.0,6.0,7.0,333.0,149.8,1318.9,5.2,104.64,pathseer:84
beir500k-f32,pos40_cat15,pos40,200325,pathseer,256,3,84,0.9976,0.9762,0.00004,2.595,3.563,3.913,2.613,4507.0,0.0,3127.0,358.0,6.0,7.0,333.0,149.8,1318.9,5.2,104.64,pathseer:84
beir500k-f32,pos40_cat15,pos40,200325,pathseer-nc,256,1,84,0.9976,0.9762,0.00004,2.470,3.350,3.558,2.493,0.0,0.0,0.0,0.0,0.0,0.0,0.0,0.0,0.0,0.0,0.00,
beir500k-f32,pos40_cat15,pos40,200325,pathseer-nc,256,2,84,0.9976,0.9762,0.00004,2.471,3.347,3.558,2.486,0.0,0.0,0.0,0.0,0.0,0.0,0.0,0.0,0.0,0.0,0.00,
beir500k-f32,pos40_cat15,pos40,200325,pathseer-nc,256,3,84,0.9976,0.9762,0.00004,2.453,3.322,3.546,2.471,0.0,0.0,0.0,0.0,0.0,0.0,0.0,0.0,0.0,0.0,0.00,
beir500k-f32,pos40_cat15,pos40,200325,pathseer,512,1,84,0.9988,0.9881,0.00002,4.746,6.452,7.400,4.772,8092.5,0.0,6140.0,735.8,11.0,14.0,669.0,302.0,2636.9,10.5,241.98,pathseer:84
beir500k-f32,pos40_cat15,pos40,200325,pathseer,512,2,84,0.9988,0.9881,0.00002,4.720,6.478,7.380,4.771,8092.5,0.0,6140.0,735.8,11.0,14.0,669.0,302.0,2636.9,10.5,241.98,pathseer:84
beir500k-f32,pos40_cat15,pos40,200325,pathseer,512,3,84,0.9988,0.9881,0.00002,4.725,6.421,7.370,4.784,8092.5,0.0,6140.0,735.8,11.0,14.0,669.0,302.0,2636.9,10.5,241.98,pathseer:84
beir500k-f32,pos40_cat15,pos40,200325,pathseer-nc,512,1,84,0.9988,0.9881,0.00002,4.556,6.120,6.961,4.633,0.0,0.0,0.0,0.0,0.0,0.0,0.0,0.0,0.0,0.0,0.00,
beir500k-f32,pos40_cat15,pos40,200325,pathseer-nc,512,2,84,0.9988,0.9881,0.00002,4.544,6.067,6.987,4.590,0.0,0.0,0.0,0.0,0.0,0.0,0.0,0.0,0.0,0.0,0.00,
beir500k-f32,pos40_cat15,pos40,200325,pathseer-nc,512,3,84,0.9988,0.9881,0.00002,4.495,6.083,6.871,4.582,0.0,0.0,0.0,0.0,0.0,0.0,0.0,0.0,0.0,0.0,0.00,
beir500k-f32,pos40_cat16,pos40,219781,pathseer,64,1,42,0.9976,0.9762,0.00000,0.549,0.721,1.245,0.546,1040.4,0.0,428.8,70.1,2.0,2.0,83.8,58.6,35.2,1.3,1.33,pathseer:42
beir500k-f32,pos40_cat16,pos40,219781,pathseer,64,2,42,0.9976,0.9762,0.00000,0.548,0.713,1.345,0.548,1040.4,0.0,428.8,70.1,2.0,2.0,83.8,58.6,35.2,1.3,1.33,pathseer:42
beir500k-f32,pos40_cat16,pos40,219781,pathseer,64,3,42,0.9976,0.9762,0.00000,0.545,0.703,1.261,0.543,1040.4,0.0,428.8,70.1,2.0,2.0,83.8,58.6,35.2,1.3,1.33,pathseer:42
beir500k-f32,pos40_cat16,pos40,219781,pathseer-nc,64,1,42,0.9976,0.9762,0.00000,0.547,0.721,1.291,0.548,0.0,0.0,0.0,0.0,0.0,0.0,0.0,0.0,0.0,0.0,0.00,
beir500k-f32,pos40_cat16,pos40,219781,pathseer-nc,64,2,42,0.9976,0.9762,0.00000,0.547,0.710,1.280,0.548,0.0,0.0,0.0,0.0,0.0,0.0,0.0,0.0,0.0,0.0,0.00,
beir500k-f32,pos40_cat16,pos40,219781,pathseer-nc,64,3,42,0.9976,0.9762,0.00000,0.538,0.720,1.246,0.538,0.0,0.0,0.0,0.0,0.0,0.0,0.0,0.0,0.0,0.0,0.00,
beir500k-f32,pos40_cat16,pos40,219781,pathseer,128,1,42,1.0000,1.0000,0.00000,0.911,1.074,1.231,0.872,1705.2,0.0,710.0,133.4,3.0,3.0,147.8,103.3,37.4,2.3,3.64,pathseer:42
beir500k-f32,pos40_cat16,pos40,219781,pathseer,128,2,42,1.0000,1.0000,0.00000,0.942,1.094,1.236,0.892,1705.2,0.0,710.0,133.4,3.0,3.0,147.8,103.3,37.4,2.3,3.64,pathseer:42
beir500k-f32,pos40_cat16,pos40,219781,pathseer,128,3,42,1.0000,1.0000,0.00000,0.923,1.124,1.239,0.891,1705.2,0.0,710.0,133.4,3.0,3.0,147.8,103.3,37.4,2.3,3.64,pathseer:42
beir500k-f32,pos40_cat16,pos40,219781,pathseer-nc,128,1,42,1.0000,1.0000,0.00000,0.901,1.043,1.201,0.864,0.0,0.0,0.0,0.0,0.0,0.0,0.0,0.0,0.0,0.0,0.00,
beir500k-f32,pos40_cat16,pos40,219781,pathseer-nc,128,2,42,1.0000,1.0000,0.00000,0.896,1.123,1.205,0.871,0.0,0.0,0.0,0.0,0.0,0.0,0.0,0.0,0.0,0.0,0.00,
beir500k-f32,pos40_cat16,pos40,219781,pathseer-nc,128,3,42,1.0000,1.0000,0.00000,0.902,1.109,1.197,0.869,0.0,0.0,0.0,0.0,0.0,0.0,0.0,0.0,0.0,0.0,0.00,
beir500k-f32,pos40_cat16,pos40,219781,pathseer,256,1,42,1.0000,1.0000,0.00000,1.593,1.915,2.079,1.522,2890.9,0.0,1292.0,264.5,5.0,5.0,280.4,196.6,75.6,4.4,9.05,pathseer:42
beir500k-f32,pos40_cat16,pos40,219781,pathseer,256,2,42,1.0000,1.0000,0.00000,1.592,1.906,2.080,1.534,2890.9,0.0,1292.0,264.5,5.0,5.0,280.4,196.6,75.6,4.4,9.05,pathseer:42
beir500k-f32,pos40_cat16,pos40,219781,pathseer,256,3,42,1.0000,1.0000,0.00000,1.564,1.925,2.123,1.540,2890.9,0.0,1292.0,264.5,5.0,5.0,280.4,196.6,75.6,4.4,9.05,pathseer:42
beir500k-f32,pos40_cat16,pos40,219781,pathseer-nc,256,1,42,1.0000,1.0000,0.00000,1.554,1.858,2.033,1.513,0.0,0.0,0.0,0.0,0.0,0.0,0.0,0.0,0.0,0.0,0.00,
beir500k-f32,pos40_cat16,pos40,219781,pathseer-nc,256,2,42,1.0000,1.0000,0.00000,1.569,1.874,2.177,1.523,0.0,0.0,0.0,0.0,0.0,0.0,0.0,0.0,0.0,0.0,0.00,
beir500k-f32,pos40_cat16,pos40,219781,pathseer-nc,256,3,42,1.0000,1.0000,0.00000,1.575,1.858,2.057,1.508,0.0,0.0,0.0,0.0,0.0,0.0,0.0,0.0,0.0,0.0,0.00,
beir500k-f32,pos40_cat16,pos40,219781,pathseer,512,1,42,0.9976,0.9762,0.00000,2.779,3.386,3.584,2.756,4953.5,0.0,2489.0,530.7,10.0,10.0,577.2,386.7,189.7,9.0,25.88,pathseer:42
beir500k-f32,pos40_cat16,pos40,219781,pathseer,512,2,42,0.9976,0.9762,0.00000,2.792,3.585,3.693,2.777,4953.5,0.0,2489.0,530.7,10.0,10.0,577.2,386.7,189.7,9.0,25.88,pathseer:42
beir500k-f32,pos40_cat16,pos40,219781,pathseer,512,3,42,0.9976,0.9762,0.00000,2.747,3.417,3.666,2.760,4953.5,0.0,2489.0,530.7,10.0,10.0,577.2,386.7,189.7,9.0,25.88,pathseer:42
beir500k-f32,pos40_cat16,pos40,219781,pathseer-nc,512,1,42,0.9976,0.9762,0.00000,2.738,3.394,3.446,2.704,0.0,0.0,0.0,0.0,0.0,0.0,0.0,0.0,0.0,0.0,0.00,
beir500k-f32,pos40_cat16,pos40,219781,pathseer-nc,512,2,42,0.9976,0.9762,0.00000,2.749,3.371,3.473,2.727,0.0,0.0,0.0,0.0,0.0,0.0,0.0,0.0,0.0,0.0,0.00,
beir500k-f32,pos40_cat16,pos40,219781,pathseer-nc,512,3,42,0.9976,0.9762,0.00000,2.875,3.485,3.674,2.802,0.0,0.0,0.0,0.0,0.0,0.0,0.0,0.0,0.0,0.0,0.00,
beir500k-f32,pos40_cat17,pos40,228068,pathseer,64,1,45,0.9844,0.9333,0.00033,0.721,1.376,2.076,0.790,1461.8,0.0,1094.7,103.4,2.0,3.0,99.6,44.4,478.0,1.6,31.56,pathseer:45
beir500k-f32,pos40_cat17,pos40,228068,pathseer,64,2,45,0.9844,0.9333,0.00033,0.770,1.367,2.270,0.834,1461.8,0.0,1094.7,103.4,2.0,3.0,99.6,44.4,478.0,1.6,31.56,pathseer:45
beir500k-f32,pos40_cat17,pos40,228068,pathseer,64,3,45,0.9844,0.9333,0.00033,0.723,1.328,2.068,0.787,1461.8,0.0,1094.7,103.4,2.0,3.0,99.6,44.4,478.0,1.6,31.56,pathseer:45
beir500k-f32,pos40_cat17,pos40,228068,pathseer-nc,64,1,45,0.9844,0.9333,0.00033,0.731,1.214,2.038,0.774,0.0,0.0,0.0,0.0,0.0,0.0,0.0,0.0,0.0,0.0,0.00,
beir500k-f32,pos40_cat17,pos40,228068,pathseer-nc,64,2,45,0.9844,0.9333,0.00033,0.700,1.230,1.857,0.761,0.0,0.0,0.0,0.0,0.0,0.0,0.0,0.0,0.0,0.0,0.00,
beir500k-f32,pos40_cat17,pos40,228068,pathseer-nc,64,3,45,0.9844,0.9333,0.00033,0.712,1.224,1.847,0.759,0.0,0.0,0.0,0.0,0.0,0.0,0.0,0.0,0.0,0.0,0.00,
beir500k-f32,pos40_cat17,pos40,228068,pathseer,128,1,45,0.9933,0.9556,0.00017,1.294,2.769,3.700,1.419,2571.5,0.0,1974.2,207.1,3.0,4.0,165.0,77.7,882.3,2.6,73.58,pathseer:45
beir500k-f32,pos40_cat17,pos40,228068,pathseer,128,2,45,0.9933,0.9556,0.00017,1.269,2.656,3.722,1.418,2571.5,0.0,1974.2,207.1,3.0,4.0,165.0,77.7,882.3,2.6,73.58,pathseer:45
beir500k-f32,pos40_cat17,pos40,228068,pathseer,128,3,45,0.9933,0.9556,0.00017,1.281,2.644,3.678,1.408,2571.5,0.0,1974.2,207.1,3.0,4.0,165.0,77.7,882.3,2.6,73.58,pathseer:45
beir500k-f32,pos40_cat17,pos40,228068,pathseer-nc,128,1,45,0.9933,0.9556,0.00017,1.258,2.443,3.223,1.359,0.0,0.0,0.0,0.0,0.0,0.0,0.0,0.0,0.0,0.0,0.00,
beir500k-f32,pos40_cat17,pos40,228068,pathseer-nc,128,2,45,0.9933,0.9556,0.00017,1.279,2.390,3.236,1.365,0.0,0.0,0.0,0.0,0.0,0.0,0.0,0.0,0.0,0.0,0.00,
beir500k-f32,pos40_cat17,pos40,228068,pathseer-nc,128,3,45,0.9933,0.9556,0.00017,1.280,2.383,3.264,1.375,0.0,0.0,0.0,0.0,0.0,0.0,0.0,0.0,0.0,0.0,0.00,
beir500k-f32,pos40_cat17,pos40,228068,pathseer,256,1,45,0.9956,0.9778,0.00017,2.353,4.588,6.492,2.560,4482.8,0.0,3506.9,409.3,5.0,6.0,317.2,147.6,1523.4,5.0,149.29,pathseer:45
beir500k-f32,pos40_cat17,pos40,228068,pathseer,256,2,45,0.9956,0.9778,0.00017,2.490,4.978,6.491,2.634,4482.8,0.0,3506.9,409.3,5.0,6.0,317.2,147.6,1523.4,5.0,149.29,pathseer:45
beir500k-f32,pos40_cat17,pos40,228068,pathseer,256,3,45,0.9956,0.9778,0.00017,2.398,5.317,6.394,2.667,4482.8,0.0,3506.9,409.3,5.0,6.0,317.2,147.6,1523.4,5.0,149.29,pathseer:45
beir500k-f32,pos40_cat17,pos40,228068,pathseer-nc,256,1,45,0.9956,0.9778,0.00017,2.391,4.118,5.887,2.471,0.0,0.0,0.0,0.0,0.0,0.0,0.0,0.0,0.0,0.0,0.00,
beir500k-f32,pos40_cat17,pos40,228068,pathseer-nc,256,2,45,0.9956,0.9778,0.00017,2.261,4.028,5.873,2.445,0.0,0.0,0.0,0.0,0.0,0.0,0.0,0.0,0.0,0.0,0.00,
beir500k-f32,pos40_cat17,pos40,228068,pathseer-nc,256,3,45,0.9956,0.9778,0.00017,2.234,4.179,5.907,2.448,0.0,0.0,0.0,0.0,0.0,0.0,0.0,0.0,0.0,0.0,0.00,
beir500k-f32,pos40_cat17,pos40,228068,pathseer,512,1,45,1.0000,1.0000,0.00000,4.395,8.690,10.718,4.725,7877.3,0.0,6606.6,847.2,10.0,12.0,678.3,294.0,2771.6,10.6,315.82,pathseer:45
beir500k-f32,pos40_cat17,pos40,228068,pathseer,512,2,45,1.0000,1.0000,0.00000,4.422,8.843,10.881,4.720,7877.3,0.0,6606.6,847.2,10.0,12.0,678.3,294.0,2771.6,10.6,315.82,pathseer:45
beir500k-f32,pos40_cat17,pos40,228068,pathseer,512,3,45,1.0000,1.0000,0.00000,4.432,8.467,10.714,4.727,7877.3,0.0,6606.6,847.2,10.0,12.0,678.3,294.0,2771.6,10.6,315.82,pathseer:45
beir500k-f32,pos40_cat17,pos40,228068,pathseer-nc,512,1,45,1.0000,1.0000,0.00000,4.341,7.920,9.784,4.503,0.0,0.0,0.0,0.0,0.0,0.0,0.0,0.0,0.0,0.0,0.00,
beir500k-f32,pos40_cat17,pos40,228068,pathseer-nc,512,2,45,1.0000,1.0000,0.00000,4.304,8.098,9.892,4.504,0.0,0.0,0.0,0.0,0.0,0.0,0.0,0.0,0.0,0.0,0.00,
beir500k-f32,pos40_cat17,pos40,228068,pathseer-nc,512,3,45,1.0000,1.0000,0.00000,4.337,8.588,9.919,4.625,0.0,0.0,0.0,0.0,0.0,0.0,0.0,0.0,0.0,0.0,0.00,
beir500k-f32,pos40_cat18,pos40,201873,pathseer,64,1,10,0.9900,0.9000,0.00011,0.564,0.688,0.688,0.559,1297.3,0.0,381.4,66.7,2.0,2.0,64.0,57.2,9.9,1.0,1.50,pathseer:10
beir500k-f32,pos40_cat18,pos40,201873,pathseer,64,2,10,0.9900,0.9000,0.00011,0.591,0.720,0.720,0.588,1297.3,0.0,381.4,66.7,2.0,2.0,64.0,57.2,9.9,1.0,1.50,pathseer:10
beir500k-f32,pos40_cat18,pos40,201873,pathseer,64,3,10,0.9900,0.9000,0.00011,0.521,0.602,0.602,0.509,1297.3,0.0,381.4,66.7,2.0,2.0,64.0,57.2,9.9,1.0,1.50,pathseer:10
beir500k-f32,pos40_cat18,pos40,201873,pathseer-nc,64,1,10,0.9900,0.9000,0.00011,0.532,0.636,0.636,0.520,0.0,0.0,0.0,0.0,0.0,0.0,0.0,0.0,0.0,0.0,0.00,
beir500k-f32,pos40_cat18,pos40,201873,pathseer-nc,64,2,10,0.9900,0.9000,0.00011,0.522,0.603,0.603,0.510,0.0,0.0,0.0,0.0,0.0,0.0,0.0,0.0,0.0,0.0,0.00,
beir500k-f32,pos40_cat18,pos40,201873,pathseer-nc,64,3,10,0.9900,0.9000,0.00011,0.520,0.598,0.598,0.501,0.0,0.0,0.0,0.0,0.0,0.0,0.0,0.0,0.0,0.0,0.00,
beir500k-f32,pos40_cat18,pos40,201873,pathseer,128,1,10,0.9900,0.9000,0.00011,1.059,1.313,1.313,1.018,2167.3,0.0,698.1,131.4,3.0,3.0,128.0,114.1,28.6,2.0,2.60,pathseer:10
beir500k-f32,pos40_cat18,pos40,201873,pathseer,128,2,10,0.9900,0.9000,0.00011,1.020,1.312,1.312,0.997,2167.3,0.0,698.1,131.4,3.0,3.0,128.0,114.1,28.6,2.0,2.60,pathseer:10
beir500k-f32,pos40_cat18,pos40,201873,pathseer,128,3,10,0.9900,0.9000,0.00011,0.990,1.287,1.287,0.977,2167.3,0.0,698.1,131.4,3.0,3.0,128.0,114.1,28.6,2.0,2.60,pathseer:10
beir500k-f32,pos40_cat18,pos40,201873,pathseer-nc,128,1,10,0.9900,0.9000,0.00011,0.993,1.294,1.294,0.983,0.0,0.0,0.0,0.0,0.0,0.0,0.0,0.0,0.0,0.0,0.00,
beir500k-f32,pos40_cat18,pos40,201873,pathseer-nc,128,2,10,0.9900,0.9000,0.00011,0.972,1.269,1.269,0.972,0.0,0.0,0.0,0.0,0.0,0.0,0.0,0.0,0.0,0.0,0.00,
beir500k-f32,pos40_cat18,pos40,201873,pathseer-nc,128,3,10,0.9900,0.9000,0.00011,0.995,1.289,1.289,0.984,0.0,0.0,0.0,0.0,0.0,0.0,0.0,0.0,0.0,0.0,0.00,
beir500k-f32,pos40_cat18,pos40,201873,pathseer,256,1,10,0.9900,0.9000,0.00011,1.688,2.339,2.339,1.693,3508.0,0.0,1258.6,261.2,5.0,5.0,224.0,199.3,60.3,3.5,7.20,pathseer:10
beir500k-f32,pos40_cat18,pos40,201873,pathseer,256,2,10,0.9900,0.9000,0.00011,1.673,2.403,2.403,1.712,3508.0,0.0,1258.6,261.2,5.0,5.0,224.0,199.3,60.3,3.5,7.20,pathseer:10
beir500k-f32,pos40_cat18,pos40,201873,pathseer,256,3,10,0.9900,0.9000,0.00011,1.695,2.498,2.498,1.770,3508.0,0.0,1258.6,261.2,5.0,5.0,224.0,199.3,60.3,3.5,7.20,pathseer:10
beir500k-f32,pos40_cat18,pos40,201873,pathseer-nc,256,1,10,0.9900,0.9000,0.00011,1.689,2.324,2.324,1.718,0.0,0.0,0.0,0.0,0.0,0.0,0.0,0.0,0.0,0.0,0.00,
beir500k-f32,pos40_cat18,pos40,201873,pathseer-nc,256,2,10,0.9900,0.9000,0.00011,1.665,2.348,2.348,1.696,0.0,0.0,0.0,0.0,0.0,0.0,0.0,0.0,0.0,0.0,0.00,
beir500k-f32,pos40_cat18,pos40,201873,pathseer-nc,256,3,10,0.9900,0.9000,0.00011,1.671,2.336,2.336,1.702,0.0,0.0,0.0,0.0,0.0,0.0,0.0,0.0,0.0,0.0,0.00,
beir500k-f32,pos40_cat18,pos40,201873,pathseer,512,1,10,0.9900,0.9000,0.00011,2.846,4.216,4.216,2.965,5765.2,0.0,2379.5,523.0,8.0,8.0,435.2,374.7,135.6,6.8,15.90,pathseer:10
beir500k-f32,pos40_cat18,pos40,201873,pathseer,512,2,10,0.9900,0.9000,0.00011,2.861,4.210,4.210,2.969,5765.2,0.0,2379.5,523.0,8.0,8.0,435.2,374.7,135.6,6.8,15.90,pathseer:10
beir500k-f32,pos40_cat18,pos40,201873,pathseer,512,3,10,0.9900,0.9000,0.00011,2.846,4.165,4.165,2.975,5765.2,0.0,2379.5,523.0,8.0,8.0,435.2,374.7,135.6,6.8,15.90,pathseer:10
beir500k-f32,pos40_cat18,pos40,201873,pathseer-nc,512,1,10,0.9900,0.9000,0.00011,2.850,4.182,4.182,2.967,0.0,0.0,0.0,0.0,0.0,0.0,0.0,0.0,0.0,0.0,0.00,
beir500k-f32,pos40_cat18,pos40,201873,pathseer-nc,512,2,10,0.9900,0.9000,0.00011,2.779,4.170,4.170,2.922,0.0,0.0,0.0,0.0,0.0,0.0,0.0,0.0,0.0,0.0,0.00,
beir500k-f32,pos40_cat18,pos40,201873,pathseer-nc,512,3,10,0.9900,0.9000,0.00011,2.861,4.088,4.088,2.977,0.0,0.0,0.0,0.0,0.0,0.0,0.0,0.0,0.0,0.0,0.00,
beir500k-f32,pos40_cat19,pos40,213280,pathseer,64,1,60,0.9950,0.9500,0.00005,0.578,1.087,1.111,0.619,1105.1,0.0,580.0,77.2,2.0,2.0,83.2,54.9,123.5,1.3,16.98,pathseer:60
beir500k-f32,pos40_cat19,pos40,213280,pathseer,64,2,60,0.9950,0.9500,0.00005,0.579,1.050,1.151,0.624,1105.1,0.0,580.0,77.2,2.0,2.0,83.2,54.9,123.5,1.3,16.98,pathseer:60
beir500k-f32,pos40_cat19,pos40,213280,pathseer,64,3,60,0.9950,0.9500,0.00005,0.594,1.237,1.362,0.847,1105.1,0.0,580.0,77.2,2.0,2.0,83.2,54.9,123.5,1.3,16.98,pathseer:60
beir500k-f32,pos40_cat19,pos40,213280,pathseer-nc,64,1,60,0.9950,0.9500,0.00005,0.562,1.067,1.149,0.615,0.0,0.0,0.0,0.0,0.0,0.0,0.0,0.0,0.0,0.0,0.00,
beir500k-f32,pos40_cat19,pos40,213280,pathseer-nc,64,2,60,0.9950,0.9500,0.00005,0.548,0.998,1.067,0.594,0.0,0.0,0.0,0.0,0.0,0.0,0.0,0.0,0.0,0.0,0.00,
beir500k-f32,pos40_cat19,pos40,213280,pathseer-nc,64,3,60,0.9950,0.9500,0.00005,0.560,1.001,1.153,0.604,0.0,0.0,0.0,0.0,0.0,0.0,0.0,0.0,0.0,0.0,0.00,
beir500k-f32,pos40_cat19,pos40,213280,pathseer,128,1,60,0.9983,0.9833,0.00002,0.937,1.700,2.058,1.020,1874.0,0.0,1020.7,150.5,3.0,3.0,151.5,100.7,211.0,2.4,32.07,pathseer:60
beir500k-f32,pos40_cat19,pos40,213280,pathseer,128,2,60,0.9983,0.9833,0.00002,0.953,1.716,2.137,1.032,1874.0,0.0,1020.7,150.5,3.0,3.0,151.5,100.7,211.0,2.4,32.07,pathseer:60
beir500k-f32,pos40_cat19,pos40,213280,pathseer,128,3,60,0.9983,0.9833,0.00002,0.957,1.733,2.072,1.031,1874.0,0.0,1020.7,150.5,3.0,3.0,151.5,100.7,211.0,2.4,32.07,pathseer:60
beir500k-f32,pos40_cat19,pos40,213280,pathseer-nc,128,1,60,0.9983,0.9833,0.00002,0.943,1.655,1.986,1.015,0.0,0.0,0.0,0.0,0.0,0.0,0.0,0.0,0.0,0.0,0.00,
beir500k-f32,pos40_cat19,pos40,213280,pathseer-nc,128,2,60,0.9983,0.9833,0.00002,0.939,1.697,1.987,1.021,0.0,0.0,0.0,0.0,0.0,0.0,0.0,0.0,0.0,0.0,0.00,
beir500k-f32,pos40_cat19,pos40,213280,pathseer-nc,128,3,60,0.9983,0.9833,0.00002,0.929,1.647,1.997,1.014,0.0,0.0,0.0,0.0,0.0,0.0,0.0,0.0,0.0,0.0,0.00,
beir500k-f32,pos40_cat19,pos40,213280,pathseer,256,1,60,1.0000,1.0000,0.00000,1.654,2.990,3.731,1.778,3148.4,0.0,1784.9,295.7,5.0,5.0,283.7,183.4,347.0,4.4,60.40,pathseer:60
beir500k-f32,pos40_cat19,pos40,213280,pathseer,256,2,60,1.0000,1.0000,0.00000,1.643,3.000,3.509,1.774,3148.4,0.0,1784.9,295.7,5.0,5.0,283.7,183.4,347.0,4.4,60.40,pathseer:60
beir500k-f32,pos40_cat19,pos40,213280,pathseer,256,3,60,1.0000,1.0000,0.00000,1.651,3.014,3.676,1.773,3148.4,0.0,1784.9,295.7,5.0,5.0,283.7,183.4,347.0,4.4,60.40,pathseer:60
beir500k-f32,pos40_cat19,pos40,213280,pathseer-nc,256,1,60,1.0000,1.0000,0.00000,1.676,2.883,3.918,1.791,0.0,0.0,0.0,0.0,0.0,0.0,0.0,0.0,0.0,0.0,0.00,
beir500k-f32,pos40_cat19,pos40,213280,pathseer-nc,256,2,60,1.0000,1.0000,0.00000,1.630,3.104,3.412,1.748,0.0,0.0,0.0,0.0,0.0,0.0,0.0,0.0,0.0,0.0,0.00,
beir500k-f32,pos40_cat19,pos40,213280,pathseer-nc,256,3,60,1.0000,1.0000,0.00000,1.593,2.935,3.383,1.745,0.0,0.0,0.0,0.0,0.0,0.0,0.0,0.0,0.0,0.0,0.00,
beir500k-f32,pos40_cat19,pos40,213280,pathseer,512,1,60,1.0000,1.0000,0.00000,2.848,5.538,6.225,3.128,5251.7,0.0,3313.7,593.2,10.0,10.0,584.5,361.6,635.8,9.1,104.33,pathseer:60
beir500k-f32,pos40_cat19,pos40,213280,pathseer,512,2,60,1.0000,1.0000,0.00000,2.926,5.635,6.305,3.128,5251.7,0.0,3313.7,593.2,10.0,10.0,584.5,361.6,635.8,9.1,104.33,pathseer:60
beir500k-f32,pos40_cat19,pos40,213280,pathseer,512,3,60,1.0000,1.0000,0.00000,2.849,5.552,6.192,3.119,5251.7,0.0,3313.7,593.2,10.0,10.0,584.5,361.6,635.8,9.1,104.33,pathseer:60
beir500k-f32,pos40_cat19,pos40,213280,pathseer-nc,512,1,60,1.0000,1.0000,0.00000,2.786,5.431,5.854,3.050,0.0,0.0,0.0,0.0,0.0,0.0,0.0,0.0,0.0,0.0,0.00,
beir500k-f32,pos40_cat19,pos40,213280,pathseer-nc,512,2,60,1.0000,1.0000,0.00000,2.852,5.246,5.848,3.097,0.0,0.0,0.0,0.0,0.0,0.0,0.0,0.0,0.0,0.0,0.00,
beir500k-f32,pos40_cat19,pos40,213280,pathseer-nc,512,3,60,1.0000,1.0000,0.00000,2.751,5.243,5.821,3.012,0.0,0.0,0.0,0.0,0.0,0.0,0.0,0.0,0.0,0.0,0.00,
beir500k-f32,pos40_cat20,pos40,204763,pathseer,64,1,67,0.9985,0.9851,0.00001,0.621,0.994,1.071,0.741,1265.8,0.0,903.1,129.5,2.0,2.0,85.0,52.9,340.0,1.3,12.25,pathseer:67
beir500k-f32,pos40_cat20,pos40,204763,pathseer,64,2,67,0.9985,0.9851,0.00001,0.631,1.032,1.136,0.744,1265.8,0.0,903.1,129.5,2.0,2.0,85.0,52.9,340.0,1.3,12.25,pathseer:67
beir500k-f32,pos40_cat20,pos40,204763,pathseer,64,3,67,0.9985,0.9851,0.00001,0.640,1.012,1.072,0.750,1265.8,0.0,903.1,129.5,2.0,2.0,85.0,52.9,340.0,1.3,12.25,pathseer:67
beir500k-f32,pos40_cat20,pos40,204763,pathseer-nc,64,1,67,0.9985,0.9851,0.00001,0.622,0.982,1.060,0.725,0.0,0.0,0.0,0.0,0.0,0.0,0.0,0.0,0.0,0.0,0.00,
beir500k-f32,pos40_cat20,pos40,204763,pathseer-nc,64,2,67,0.9985,0.9851,0.00001,0.630,0.968,1.083,0.730,0.0,0.0,0.0,0.0,0.0,0.0,0.0,0.0,0.0,0.0,0.00,
beir500k-f32,pos40_cat20,pos40,204763,pathseer-nc,64,3,67,0.9985,0.9851,0.00001,0.628,1.013,1.122,0.732,0.0,0.0,0.0,0.0,0.0,0.0,0.0,0.0,0.0,0.0,0.00,
beir500k-f32,pos40_cat20,pos40,204763,pathseer,128,1,67,1.0000,1.0000,0.00000,1.134,1.745,1.879,1.307,2251.0,0.0,1489.3,244.0,3.0,3.0,153.8,93.4,484.0,2.4,28.37,pathseer:67
beir500k-f32,pos40_cat20,pos40,204763,pathseer,128,2,67,1.0000,1.0000,0.00000,1.148,1.754,1.847,1.311,2251.0,0.0,1489.3,244.0,3.0,3.0,153.8,93.4,484.0,2.4,28.37,pathseer:67
beir500k-f32,pos40_cat20,pos40,204763,pathseer,128,3,67,1.0000,1.0000,0.00000,1.151,1.759,1.856,1.307,2251.0,0.0,1489.3,244.0,3.0,3.0,153.8,93.4,484.0,2.4,28.37,pathseer:67
beir500k-f32,pos40_cat20,pos40,204763,pathseer-nc,128,1,67,1.0000,1.0000,0.00000,1.143,1.724,1.799,1.290,0.0,0.0,0.0,0.0,0.0,0.0,0.0,0.0,0.0,0.0,0.00,
beir500k-f32,pos40_cat20,pos40,204763,pathseer-nc,128,2,67,1.0000,1.0000,0.00000,1.187,1.857,1.881,1.355,0.0,0.0,0.0,0.0,0.0,0.0,0.0,0.0,0.0,0.0,0.00,
beir500k-f32,pos40_cat20,pos40,204763,pathseer-nc,128,3,67,1.0000,1.0000,0.00000,1.118,1.692,1.784,1.278,0.0,0.0,0.0,0.0,0.0,0.0,0.0,0.0,0.0,0.0,0.00,
beir500k-f32,pos40_cat20,pos40,204763,pathseer,256,1,67,1.0000,1.0000,0.00000,2.143,3.215,3.553,2.325,3970.6,0.0,2512.7,447.1,5.0,6.0,289.4,170.8,713.0,4.5,56.31,pathseer:67
beir500k-f32,pos40_cat20,pos40,204763,pathseer,256,2,67,1.0000,1.0000,0.00000,2.136,3.225,3.593,2.313,3970.6,0.0,2512.7,447.1,5.0,6.0,289.4,170.8,713.0,4.5,56.31,pathseer:67
beir500k-f32,pos40_cat20,pos40,204763,pathseer,256,3,67,1.0000,1.0000,0.00000,2.157,3.200,4.116,2.347,3970.6,0.0,2512.7,447.1,5.0,6.0,289.4,170.8,713.0,4.5,56.31,pathseer:67
beir500k-f32,pos40_cat20,pos40,204763,pathseer-nc,256,1,67,1.0000,1.0000,0.00000,2.104,3.104,3.511,2.266,0.0,0.0,0.0,0.0,0.0,0.0,0.0,0.0,0.0,0.0,0.00,
beir500k-f32,pos40_cat20,pos40,204763,pathseer-nc,256,2,67,1.0000,1.0000,0.00000,2.096,3.067,3.410,2.253,0.0,0.0,0.0,0.0,0.0,0.0,0.0,0.0,0.0,0.0,0.00,
beir500k-f32,pos40_cat20,pos40,204763,pathseer-nc,256,3,67,1.0000,1.0000,0.00000,2.125,3.307,3.401,2.348,0.0,0.0,0.0,0.0,0.0,0.0,0.0,0.0,0.0,0.0,0.00,
beir500k-f32,pos40_cat20,pos40,204763,pathseer,512,1,67,1.0000,1.0000,0.00000,3.939,5.582,6.558,4.095,6889.2,0.0,4378.6,797.4,10.0,10.0,606.6,338.0,1129.7,9.5,120.40,pathseer:67
beir500k-f32,pos40_cat20,pos40,204763,pathseer,512,2,67,1.0000,1.0000,0.00000,3.956,5.594,6.642,4.104,6889.2,0.0,4378.6,797.4,10.0,10.0,606.6,338.0,1129.7,9.5,120.40,pathseer:67
beir500k-f32,pos40_cat20,pos40,204763,pathseer,512,3,67,1.0000,1.0000,0.00000,3.888,5.548,6.593,4.098,6889.2,0.0,4378.6,797.4,10.0,10.0,606.6,338.0,1129.7,9.5,120.40,pathseer:67
beir500k-f32,pos40_cat20,pos40,204763,pathseer-nc,512,1,67,1.0000,1.0000,0.00000,3.784,5.280,6.314,3.982,0.0,0.0,0.0,0.0,0.0,0.0,0.0,0.0,0.0,0.0,0.00,
beir500k-f32,pos40_cat20,pos40,204763,pathseer-nc,512,2,67,1.0000,1.0000,0.00000,3.804,5.395,6.268,3.985,0.0,0.0,0.0,0.0,0.0,0.0,0.0,0.0,0.0,0.0,0.00,
beir500k-f32,pos40_cat20,pos40,204763,pathseer-nc,512,3,67,1.0000,1.0000,0.00000,3.840,5.383,6.235,4.051,0.0,0.0,0.0,0.0,0.0,0.0,0.0,0.0,0.0,0.0,0.00,
beir500k-f32,pos40_cat21,pos40,209359,pathseer,64,1,61,0.9967,0.9672,0.00032,0.594,0.845,0.926,0.628,1233.8,0.0,470.1,70.3,2.0,2.0,85.0,60.4,63.6,1.3,3.98,pathseer:61
beir500k-f32,pos40_cat21,pos40,209359,pathseer,64,2,61,0.9967,0.9672,0.00032,0.592,0.842,0.921,0.628,1233.8,0.0,470.1,70.3,2.0,2.0,85.0,60.4,63.6,1.3,3.98,pathseer:61
beir500k-f32,pos40_cat21,pos40,209359,pathseer,64,3,61,0.9967,0.9672,0.00032,0.593,0.851,0.921,0.629,1233.8,0.0,470.1,70.3,2.0,2.0,85.0,60.4,63.6,1.3,3.98,pathseer:61
beir500k-f32,pos40_cat21,pos40,209359,pathseer-nc,64,1,61,0.9967,0.9672,0.00032,0.594,0.829,0.889,0.623,0.0,0.0,0.0,0.0,0.0,0.0,0.0,0.0,0.0,0.0,0.00,
beir500k-f32,pos40_cat21,pos40,209359,pathseer-nc,64,2,61,0.9967,0.9672,0.00032,0.653,0.937,1.002,0.682,0.0,0.0,0.0,0.0,0.0,0.0,0.0,0.0,0.0,0.0,0.00,
beir500k-f32,pos40_cat21,pos40,209359,pathseer-nc,64,3,61,0.9967,0.9672,0.00032,0.608,0.845,0.926,0.637,0.0,0.0,0.0,0.0,0.0,0.0,0.0,0.0,0.0,0.0,0.00,
beir500k-f32,pos40_cat21,pos40,209359,pathseer,128,1,61,0.9984,0.9836,0.00019,1.045,1.463,1.533,1.093,2130.6,0.0,849.7,138.3,3.0,3.0,140.6,100.7,133.3,2.2,11.84,pathseer:61
beir500k-f32,pos40_cat21,pos40,209359,pathseer,128,2,61,0.9984,0.9836,0.00019,1.041,1.465,1.551,1.097,2130.6,0.0,849.7,138.3,3.0,3.0,140.6,100.7,133.3,2.2,11.84,pathseer:61
beir500k-f32,pos40_cat21,pos40,209359,pathseer,128,3,61,0.9984,0.9836,0.00019,1.033,1.482,1.527,1.085,2130.6,0.0,849.7,138.3,3.0,3.0,140.6,100.7,133.3,2.2,11.84,pathseer:61
beir500k-f32,pos40_cat21,pos40,209359,pathseer-nc,128,1,61,0.9984,0.9836,0.00019,1.065,1.485,1.582,1.099,0.0,0.0,0.0,0.0,0.0,0.0,0.0,0.0,0.0,0.0,0.00,
beir500k-f32,pos40_cat21,pos40,209359,pathseer-nc,128,2,61,0.9984,0.9836,0.00019,1.059,1.520,1.576,1.091,0.0,0.0,0.0,0.0,0.0,0.0,0.0,0.0,0.0,0.0,0.00,
beir500k-f32,pos40_cat21,pos40,209359,pathseer-nc,128,3,61,0.9984,0.9836,0.00019,1.090,1.564,1.754,1.149,0.0,0.0,0.0,0.0,0.0,0.0,0.0,0.0,0.0,0.0,0.00,
beir500k-f32,pos40_cat21,pos40,209359,pathseer,256,1,61,1.0000,1.0000,0.00000,1.987,2.602,2.813,1.953,3683.5,0.0,1579.4,275.7,5.0,5.0,268.6,188.1,255.1,4.2,26.25,pathseer:61
beir500k-f32,pos40_cat21,pos40,209359,pathseer,256,2,61,1.0000,1.0000,0.00000,1.954,2.587,2.883,1.940,3683.5,0.0,1579.4,275.7,5.0,5.0,268.6,188.1,255.1,4.2,26.25,pathseer:61
beir500k-f32,pos40_cat21,pos40,209359,pathseer,256,3,61,1.0000,1.0000,0.00000,1.972,2.718,2.895,1.962,3683.5,0.0,1579.4,275.7,5.0,5.0,268.6,188.1,255.1,4.2,26.25,pathseer:61
beir500k-f32,pos40_cat21,pos40,209359,pathseer-nc,256,1,61,1.0000,1.0000,0.00000,1.944,2.579,2.751,1.924,0.0,0.0,0.0,0.0,0.0,0.0,0.0,0.0,0.0,0.0,0.00,
beir500k-f32,pos40_cat21,pos40,209359,pathseer-nc,256,2,61,1.0000,1.0000,0.00000,1.943,2.563,2.773,1.920,0.0,0.0,0.0,0.0,0.0,0.0,0.0,0.0,0.0,0.0,0.00,
beir500k-f32,pos40_cat21,pos40,209359,pathseer-nc,256,3,61,1.0000,1.0000,0.00000,1.973,2.497,2.763,1.933,0.0,0.0,0.0,0.0,0.0,0.0,0.0,0.0,0.0,0.0,0.00,
beir500k-f32,pos40_cat21,pos40,209359,pathseer,512,1,61,1.0000,1.0000,0.00000,3.497,4.976,5.303,3.476,6286.0,0.0,3009.7,552.3,9.0,9.0,527.7,364.5,518.3,8.2,59.10,pathseer:61
beir500k-f32,pos40_cat21,pos40,209359,pathseer,512,2,61,1.0000,1.0000,0.00000,3.549,5.042,5.410,3.546,6286.0,0.0,3009.7,552.3,9.0,9.0,527.7,364.5,518.3,8.2,59.10,pathseer:61
beir500k-f32,pos40_cat21,pos40,209359,pathseer,512,3,61,1.0000,1.0000,0.00000,3.598,4.967,5.441,3.584,6286.0,0.0,3009.7,552.3,9.0,9.0,527.7,364.5,518.3,8.2,59.10,pathseer:61
beir500k-f32,pos40_cat21,pos40,209359,pathseer-nc,512,1,61,1.0000,1.0000,0.00000,3.396,4.714,5.152,3.394,0.0,0.0,0.0,0.0,0.0,0.0,0.0,0.0,0.0,0.0,0.00,
beir500k-f32,pos40_cat21,pos40,209359,pathseer-nc,512,2,61,1.0000,1.0000,0.00000,3.427,4.723,5.075,3.401,0.0,0.0,0.0,0.0,0.0,0.0,0.0,0.0,0.0,0.0,0.00,
beir500k-f32,pos40_cat21,pos40,209359,pathseer-nc,512,3,61,1.0000,1.0000,0.00000,3.422,4.734,5.097,3.418,0.0,0.0,0.0,0.0,0.0,0.0,0.0,0.0,0.0,0.0,0.00,
beir500k-f32,neg10_cat00,neg10,63950,pathseer,64,1,12,0.9917,0.9167,0.00002,1.206,1.427,2.193,1.172,1788.3,0.0,3353.2,211.7,3.0,10.0,138.7,22.8,2222.1,2.2,109.58,pathseer:12
beir500k-f32,neg10_cat00,neg10,63950,pathseer,64,2,12,0.9917,0.9167,0.00002,1.138,1.444,2.226,1.182,1788.3,0.0,3353.2,211.7,3.0,10.0,138.7,22.8,2222.1,2.2,109.58,pathseer:12
beir500k-f32,neg10_cat00,neg10,63950,pathseer,64,3,12,0.9917,0.9167,0.00002,1.159,1.473,2.213,1.182,1788.3,0.0,3353.2,211.7,3.0,10.0,138.7,22.8,2222.1,2.2,109.58,pathseer:12
beir500k-f32,neg10_cat00,neg10,63950,pathseer-nc,64,1,12,0.9917,0.9167,0.00002,1.086,1.356,1.960,1.080,0.0,0.0,0.0,0.0,0.0,0.0,0.0,0.0,0.0,0.0,0.00,
beir500k-f32,neg10_cat00,neg10,63950,pathseer-nc,64,2,12,0.9917,0.9167,0.00002,1.091,1.323,1.954,1.074,0.0,0.0,0.0,0.0,0.0,0.0,0.0,0.0,0.0,0.0,0.00,
beir500k-f32,neg10_cat00,neg10,63950,pathseer-nc,64,3,12,0.9917,0.9167,0.00002,1.091,1.316,1.977,1.071,0.0,0.0,0.0,0.0,0.0,0.0,0.0,0.0,0.0,0.0,0.00,
beir500k-f32,neg10_cat00,neg10,63950,pathseer,128,1,12,1.0000,1.0000,0.00000,1.984,2.744,4.499,2.128,3133.2,0.0,6011.5,428.4,4.0,29.0,234.7,39.3,3968.2,3.7,232.17,pathseer:12
beir500k-f32,neg10_cat00,neg10,63950,pathseer,128,2,12,1.0000,1.0000,0.00000,2.065,2.757,4.485,2.149,3133.2,0.0,6011.5,428.4,4.0,29.0,234.7,39.3,3968.2,3.7,232.17,pathseer:12
beir500k-f32,neg10_cat00,neg10,63950,pathseer,128,3,12,1.0000,1.0000,0.00000,2.014,2.862,4.685,2.169,3133.2,0.0,6011.5,428.4,4.0,29.0,234.7,39.3,3968.2,3.7,232.17,pathseer:12
beir500k-f32,neg10_cat00,neg10,63950,pathseer-nc,128,1,12,1.0000,1.0000,0.00000,1.913,2.520,4.091,1.985,0.0,0.0,0.0,0.0,0.0,0.0,0.0,0.0,0.0,0.0,0.00,
beir500k-f32,neg10_cat00,neg10,63950,pathseer-nc,128,2,12,1.0000,1.0000,0.00000,1.870,2.503,4.060,1.974,0.0,0.0,0.0,0.0,0.0,0.0,0.0,0.0,0.0,0.0,0.00,
beir500k-f32,neg10_cat00,neg10,63950,pathseer-nc,128,3,12,1.0000,1.0000,0.00000,1.874,2.559,4.075,1.995,0.0,0.0,0.0,0.0,0.0,0.0,0.0,0.0,0.0,0.0,0.00,
beir500k-f32,neg10_cat00,neg10,63950,pathseer,256,1,12,1.0000,1.0000,0.00000,3.886,5.234,7.785,4.066,5249.5,0.0,10271.9,804.3,8.0,46.0,464.0,78.0,6715.1,7.2,477.92,pathseer:12
beir500k-f32,neg10_cat00,neg10,63950,pathseer,256,2,12,1.0000,1.0000,0.00000,3.643,4.924,7.253,3.771,5249.5,0.0,10271.9,804.3,8.0,46.0,464.0,78.0,6715.1,7.2,477.92,pathseer:12
beir500k-f32,neg10_cat00,neg10,63950,pathseer,256,3,12,1.0000,1.0000,0.00000,3.502,4.887,7.077,3.733,5249.5,0.0,10271.9,804.3,8.0,46.0,464.0,78.0,6715.1,7.2,477.92,pathseer:12
beir500k-f32,neg10_cat00,neg10,63950,pathseer-nc,256,1,12,1.0000,1.0000,0.00000,3.230,4.444,6.257,3.391,0.0,0.0,0.0,0.0,0.0,0.0,0.0,0.0,0.0,0.0,0.00,
beir500k-f32,neg10_cat00,neg10,63950,pathseer-nc,256,2,12,1.0000,1.0000,0.00000,3.268,4.500,6.185,3.407,0.0,0.0,0.0,0.0,0.0,0.0,0.0,0.0,0.0,0.0,0.00,
beir500k-f32,neg10_cat00,neg10,63950,pathseer-nc,256,3,12,1.0000,1.0000,0.00000,3.242,4.466,6.475,3.410,0.0,0.0,0.0,0.0,0.0,0.0,0.0,0.0,0.0,0.0,0.00,
beir500k-f32,neg10_cat00,neg10,63950,pathseer,512,1,12,1.0000,1.0000,0.00000,6.359,9.263,13.735,6.865,9049.1,0.0,18390.3,1657.7,16.0,97.0,933.3,177.8,11581.9,14.6,939.92,pathseer:12
beir500k-f32,neg10_cat00,neg10,63950,pathseer,512,2,12,1.0000,1.0000,0.00000,6.316,9.339,13.632,6.815,9049.1,0.0,18390.3,1657.7,16.0,97.0,933.3,177.8,11581.9,14.6,939.92,pathseer:12
beir500k-f32,neg10_cat00,neg10,63950,pathseer,512,3,12,1.0000,1.0000,0.00000,6.964,13.588,30.979,9.021,9049.1,0.0,18390.3,1657.7,16.0,97.0,933.3,177.8,11581.9,14.6,939.92,pathseer:12
beir500k-f32,neg10_cat00,neg10,63950,pathseer-nc,512,1,12,1.0000,1.0000,0.00000,5.705,8.068,12.364,6.162,0.0,0.0,0.0,0.0,0.0,0.0,0.0,0.0,0.0,0.0,0.00,
beir500k-f32,neg10_cat00,neg10,63950,pathseer-nc,512,2,12,1.0000,1.0000,0.00000,5.754,8.205,12.396,6.222,0.0,0.0,0.0,0.0,0.0,0.0,0.0,0.0,0.0,0.0,0.00,
beir500k-f32,neg10_cat00,neg10,63950,pathseer-nc,512,3,12,1.0000,1.0000,0.00000,5.750,8.353,12.380,6.179,0.0,0.0,0.0,0.0,0.0,0.0,0.0,0.0,0.0,0.0,0.00,
beir500k-f32,neg10_cat01,neg10,61585,pathseer,64,1,22,0.9818,0.8182,0.00026,8.231,12.206,14.534,7.609,6703.5,0.0,29107.0,3776.5,4.0,447.0,171.6,3.6,19400.3,2.7,379.41,pathseer:22
beir500k-f32,neg10_cat01,neg10,61585,pathseer,64,2,22,0.9818,0.8182,0.00026,8.164,12.356,14.498,7.607,6703.5,0.0,29107.0,3776.5,4.0,447.0,171.6,3.6,19400.3,2.7,379.41,pathseer:22
beir500k-f32,neg10_cat01,neg10,61585,pathseer,64,3,22,0.9818,0.8182,0.00026,8.173,12.199,14.242,7.608,6703.5,0.0,29107.0,3776.5,4.0,447.0,171.6,3.6,19400.3,2.7,379.41,pathseer:22
beir500k-f32,neg10_cat01,neg10,61585,pathseer-nc,64,1,22,0.9818,0.8182,0.00026,7.384,11.397,13.487,6.789,0.0,0.0,0.0,0.0,0.0,0.0,0.0,0.0,0.0,0.0,0.00,
beir500k-f32,neg10_cat01,neg10,61585,pathseer-nc,64,2,22,0.9818,0.8182,0.00026,7.311,11.175,13.827,6.938,0.0,0.0,0.0,0.0,0.0,0.0,0.0,0.0,0.0,0.0,0.00,
beir500k-f32,neg10_cat01,neg10,61585,pathseer-nc,64,3,22,0.9818,0.8182,0.00026,7.334,11.826,13.244,6.886,0.0,0.0,0.0,0.0,0.0,0.0,0.0,0.0,0.0,0.0,0.00,
beir500k-f32,neg10_cat01,neg10,61585,pathseer,128,1,22,0.9909,0.9091,0.00007,13.615,20.395,20.408,12.689,10998.7,0.0,41579.4,6065.3,7.0,730.0,340.4,7.6,25880.9,5.3,667.77,pathseer:22
beir500k-f32,neg10_cat01,neg10,61585,pathseer,128,2,22,0.9909,0.9091,0.00007,12.940,20.293,20.622,12.597,10998.7,0.0,41579.4,6065.3,7.0,730.0,340.4,7.6,25880.9,5.3,667.77,pathseer:22
beir500k-f32,neg10_cat01,neg10,61585,pathseer,128,3,22,0.9909,0.9091,0.00007,12.607,20.077,20.228,12.425,10998.7,0.0,41579.4,6065.3,7.0,730.0,340.4,7.6,25880.9,5.3,667.77,pathseer:22
beir500k-f32,neg10_cat01,neg10,61585,pathseer-nc,128,1,22,0.9909,0.9091,0.00007,11.781,18.132,18.528,11.207,0.0,0.0,0.0,0.0,0.0,0.0,0.0,0.0,0.0,0.0,0.00,
beir500k-f32,neg10_cat01,neg10,61585,pathseer-nc,128,2,22,0.9909,0.9091,0.00007,11.629,18.185,18.666,11.214,0.0,0.0,0.0,0.0,0.0,0.0,0.0,0.0,0.0,0.0,0.00,
beir500k-f32,neg10_cat01,neg10,61585,pathseer-nc,128,3,22,0.9909,0.9091,0.00007,11.629,18.477,20.460,11.499,0.0,0.0,0.0,0.0,0.0,0.0,0.0,0.0,0.0,0.0,0.00,
beir500k-f32,neg10_cat01,neg10,61585,pathseer,256,1,22,0.9955,0.9545,0.00006,21.230,29.274,29.633,19.890,17680.7,0.0,58970.9,9375.0,11.0,1430.0,692.4,13.8,34273.7,10.8,1098.41,pathseer:22
beir500k-f32,neg10_cat01,neg10,61585,pathseer,256,2,22,0.9955,0.9545,0.00006,20.983,28.912,29.393,19.712,17680.7,0.0,58970.9,9375.0,11.0,1430.0,692.4,13.8,34273.7,10.8,1098.41,pathseer:22
beir500k-f32,neg10_cat01,neg10,61585,pathseer,256,3,22,0.9955,0.9545,0.00006,21.118,29.130,29.256,19.687,17680.7,0.0,58970.9,9375.0,11.0,1430.0,692.4,13.8,34273.7,10.8,1098.41,pathseer:22
beir500k-f32,neg10_cat01,neg10,61585,pathseer-nc,256,1,22,0.9955,0.9545,0.00006,18.296,26.784,27.284,18.036,0.0,0.0,0.0,0.0,0.0,0.0,0.0,0.0,0.0,0.0,0.00,
beir500k-f32,neg10_cat01,neg10,61585,pathseer-nc,256,2,22,0.9955,0.9545,0.00006,18.009,26.697,27.043,17.937,0.0,0.0,0.0,0.0,0.0,0.0,0.0,0.0,0.0,0.0,0.00,
beir500k-f32,neg10_cat01,neg10,61585,pathseer-nc,256,3,22,0.9955,0.9545,0.00006,17.812,26.703,27.212,17.941,0.0,0.0,0.0,0.0,0.0,0.0,0.0,0.0,0.0,0.0,0.00,
beir500k-f32,neg10_cat01,neg10,61585,pathseer,512,1,22,0.9955,0.9545,0.00006,32.174,40.517,41.024,29.861,27113.5,0.0,82437.4,13799.6,25.0,2687.0,1533.1,34.4,45406.1,24.0,1819.86,pathseer:22
beir500k-f32,neg10_cat01,neg10,61585,pathseer,512,2,22,0.9955,0.9545,0.00006,32.267,39.856,40.523,29.739,27113.5,0.0,82437.4,13799.6,25.0,2687.0,1533.1,34.4,45406.1,24.0,1819.86,pathseer:22
beir500k-f32,neg10_cat01,neg10,61585,pathseer,512,3,22,0.9955,0.9545,0.00006,32.084,40.144,41.175,29.592,27113.5,0.0,82437.4,13799.6,25.0,2687.0,1533.1,34.4,45406.1,24.0,1819.86,pathseer:22
beir500k-f32,neg10_cat01,neg10,61585,pathseer-nc,512,1,22,0.9955,0.9545,0.00006,29.500,36.505,38.063,27.148,0.0,0.0,0.0,0.0,0.0,0.0,0.0,0.0,0.0,0.0,0.00,
beir500k-f32,neg10_cat01,neg10,61585,pathseer-nc,512,2,22,0.9955,0.9545,0.00006,29.772,36.567,38.084,27.176,0.0,0.0,0.0,0.0,0.0,0.0,0.0,0.0,0.0,0.0,0.00,
beir500k-f32,neg10_cat01,neg10,61585,pathseer-nc,512,3,22,0.9955,0.9545,0.00006,30.702,36.609,38.222,27.363,0.0,0.0,0.0,0.0,0.0,0.0,0.0,0.0,0.0,0.0,0.00,
beir500k-f32,neg10_cat02,neg10,55947,pathseer,64,1,60,0.9500,0.6000,0.00086,5.238,15.377,15.936,6.639,6070.3,0.0,26681.8,2794.5,3.0,123.0,140.8,7.3,18835.1,2.2,275.80,pathseer:60
beir500k-f32,neg10_cat02,neg10,55947,pathseer,64,2,60,0.9500,0.6000,0.00086,5.276,15.426,17.625,6.641,6070.3,0.0,26681.8,2794.5,3.0,123.0,140.8,7.3,18835.1,2.2,275.80,pathseer:60
beir500k-f32,neg10_cat02,neg10,55947,pathseer,64,3,60,0.9500,0.6000,0.00086,5.308,15.413,15.753,6.571,6070.3,0.0,26681.8,2794.5,3.0,123.0,140.8,7.3,18835.1,2.2,275.80,pathseer:60
beir500k-f32,neg10_cat02,neg10,55947,pathseer-nc,64,1,60,0.9500,0.6000,0.00086,4.600,13.786,14.594,5.776,0.0,0.0,0.0,0.0,0.0,0.0,0.0,0.0,0.0,0.0,0.00,
beir500k-f32,neg10_cat02,neg10,55947,pathseer-nc,64,2,60,0.9500,0.6000,0.00086,4.440,13.776,14.935,5.760,0.0,0.0,0.0,0.0,0.0,0.0,0.0,0.0,0.0,0.0,0.00,
beir500k-f32,neg10_cat02,neg10,55947,pathseer-nc,64,3,60,0.9500,0.6000,0.00086,4.522,13.738,14.489,5.763,0.0,0.0,0.0,0.0,0.0,0.0,0.0,0.0,0.0,0.0,0.00,
beir500k-f32,neg10_cat02,neg10,55947,pathseer,128,1,60,0.9783,0.8000,0.00024,9.642,22.728,24.380,11.289,10043.6,0.0,37246.0,4574.9,5.0,264.0,253.9,11.7,24507.0,4.0,483.32,pathseer:60
beir500k-f32,neg10_cat02,neg10,55947,pathseer,128,2,60,0.9783,0.8000,0.00024,9.708,21.134,24.170,11.248,10043.6,0.0,37246.0,4574.9,5.0,264.0,253.9,11.7,24507.0,4.0,483.32,pathseer:60
beir500k-f32,neg10_cat02,neg10,55947,pathseer,128,3,60,0.9783,0.8000,0.00024,9.680,21.720,25.157,11.385,10043.6,0.0,37246.0,4574.9,5.0,264.0,253.9,11.7,24507.0,4.0,483.32,pathseer:60
beir500k-f32,neg10_cat02,neg10,55947,pathseer-nc,128,1,60,0.9783,0.8000,0.00024,8.941,19.510,22.663,10.163,0.0,0.0,0.0,0.0,0.0,0.0,0.0,0.0,0.0,0.0,0.00,
beir500k-f32,neg10_cat02,neg10,55947,pathseer-nc,128,2,60,0.9783,0.8000,0.00024,8.681,19.196,22.392,10.111,0.0,0.0,0.0,0.0,0.0,0.0,0.0,0.0,0.0,0.0,0.00,
beir500k-f32,neg10_cat02,neg10,55947,pathseer-nc,128,3,60,0.9783,0.8000,0.00024,8.661,21.820,23.304,10.714,0.0,0.0,0.0,0.0,0.0,0.0,0.0,0.0,0.0,0.0,0.00,
beir500k-f32,neg10_cat02,neg10,55947,pathseer,256,1,60,0.9867,0.8667,0.00019,16.544,31.156,34.248,18.059,16199.7,0.0,51337.8,7364.4,9.0,529.0,502.4,21.4,31075.2,7.8,797.88,pathseer:60
beir500k-f32,neg10_cat02,neg10,55947,pathseer,256,2,60,0.9867,0.8667,0.00019,16.192,31.174,35.498,17.955,16199.7,0.0,51337.8,7364.4,9.0,529.0,502.4,21.4,31075.2,7.8,797.88,pathseer:60
beir500k-f32,neg10_cat02,neg10,55947,pathseer,256,3,60,0.9867,0.8667,0.00019,15.895,31.689,34.699,17.976,16199.7,0.0,51337.8,7364.4,9.0,529.0,502.4,21.4,31075.2,7.8,797.88,pathseer:60
beir500k-f32,neg10_cat02,neg10,55947,pathseer-nc,256,1,60,0.9867,0.8667,0.00019,14.539,28.553,31.824,16.309,0.0,0.0,0.0,0.0,0.0,0.0,0.0,0.0,0.0,0.0,0.00,
beir500k-f32,neg10_cat02,neg10,55947,pathseer-nc,256,2,60,0.9867,0.8667,0.00019,14.484,28.277,32.115,16.267,0.0,0.0,0.0,0.0,0.0,0.0,0.0,0.0,0.0,0.0,0.00,
beir500k-f32,neg10_cat02,neg10,55947,pathseer-nc,256,3,60,0.9867,0.8667,0.00019,14.730,31.280,32.765,16.857,0.0,0.0,0.0,0.0,0.0,0.0,0.0,0.0,0.0,0.0,0.00,
beir500k-f32,neg10_cat02,neg10,55947,pathseer,512,1,60,0.9950,0.9500,0.00005,26.189,45.302,51.792,27.820,25518.9,0.0,71115.7,11476.1,17.0,1041.0,1032.5,42.0,39758.9,16.1,1258.93,pathseer:60
beir500k-f32,neg10_cat02,neg10,55947,pathseer,512,2,60,0.9950,0.9500,0.00005,25.361,43.418,48.097,27.118,25518.9,0.0,71115.7,11476.1,17.0,1041.0,1032.5,42.0,39758.9,16.1,1258.93,pathseer:60
beir500k-f32,neg10_cat02,neg10,55947,pathseer,512,3,60,0.9950,0.9500,0.00005,25.216,43.307,48.735,27.158,25518.9,0.0,71115.7,11476.1,17.0,1041.0,1032.5,42.0,39758.9,16.1,1258.93,pathseer:60
beir500k-f32,neg10_cat02,neg10,55947,pathseer-nc,512,1,60,0.9950,0.9500,0.00005,23.527,41.149,47.399,25.367,0.0,0.0,0.0,0.0,0.0,0.0,0.0,0.0,0.0,0.0,0.00,
beir500k-f32,neg10_cat02,neg10,55947,pathseer-nc,512,2,60,0.9950,0.9500,0.00005,23.316,40.450,43.672,24.922,0.0,0.0,0.0,0.0,0.0,0.0,0.0,0.0,0.0,0.0,0.00,
beir500k-f32,neg10_cat02,neg10,55947,pathseer-nc,512,3,60,0.9950,0.9500,0.00005,23.324,39.779,43.967,24.821,0.0,0.0,0.0,0.0,0.0,0.0,0.0,0.0,0.0,0.0,0.00,
beir500k-f32,neg10_cat03,neg10,66486,pathseer,64,1,55,0.8127,0.2909,0.00360,6.009,16.808,18.791,7.408,7596.4,0.0,25461.7,2712.2,3.0,231.0,135.0,11.6,16254.5,2.1,99.58,pathseer:55
beir500k-f32,neg10_cat03,neg10,66486,pathseer,64,2,55,0.8127,0.2909,0.00360,6.115,16.491,18.690,7.342,7596.4,0.0,25461.7,2712.2,3.0,231.0,135.0,11.6,16254.5,2.1,99.58,pathseer:55
beir500k-f32,neg10_cat03,neg10,66486,pathseer,64,3,55,0.8127,0.2909,0.00360,6.090,16.403,18.485,7.388,7596.4,0.0,25461.7,2712.2,3.0,231.0,135.0,11.6,16254.5,2.1,99.58,pathseer:55
beir500k-f32,neg10_cat03,neg10,66486,pathseer-nc,64,1,55,0.8127,0.2909,0.00360,5.218,15.515,16.995,6.684,0.0,0.0,0.0,0.0,0.0,0.0,0.0,0.0,0.0,0.0,0.00,
beir500k-f32,neg10_cat03,neg10,66486,pathseer-nc,64,2,55,0.8127,0.2909,0.00360,5.395,14.930,17.378,6.704,0.0,0.0,0.0,0.0,0.0,0.0,0.0,0.0,0.0,0.0,0.00,
beir500k-f32,neg10_cat03,neg10,66486,pathseer-nc,64,3,55,0.8127,0.2909,0.00360,5.230,14.745,17.087,6.677,0.0,0.0,0.0,0.0,0.0,0.0,0.0,0.0,0.0,0.0,0.00,
beir500k-f32,neg10_cat03,neg10,66486,pathseer,128,1,55,0.8891,0.4909,0.00173,9.253,22.357,25.318,11.146,12181.3,0.0,34527.8,3952.7,5.0,416.0,252.5,18.2,20381.7,3.9,186.47,pathseer:55
beir500k-f32,neg10_cat03,neg10,66486,pathseer,128,2,55,0.8891,0.4909,0.00173,9.397,22.822,25.155,11.122,12181.3,0.0,34527.8,3952.7,5.0,416.0,252.5,18.2,20381.7,3.9,186.47,pathseer:55
beir500k-f32,neg10_cat03,neg10,66486,pathseer,128,3,55,0.8891,0.4909,0.00173,9.563,24.804,25.546,11.728,12181.3,0.0,34527.8,3952.7,5.0,416.0,252.5,18.2,20381.7,3.9,186.47,pathseer:55
beir500k-f32,neg10_cat03,neg10,66486,pathseer-nc,128,1,55,0.8891,0.4909,0.00173,8.717,21.289,23.542,10.217,0.0,0.0,0.0,0.0,0.0,0.0,0.0,0.0,0.0,0.0,0.00,
beir500k-f32,neg10_cat03,neg10,66486,pathseer-nc,128,2,55,0.8891,0.4909,0.00173,8.741,21.292,23.411,10.234,0.0,0.0,0.0,0.0,0.0,0.0,0.0,0.0,0.0,0.0,0.00,
beir500k-f32,neg10_cat03,neg10,66486,pathseer-nc,128,3,55,0.8891,0.4909,0.00173,8.813,21.557,23.383,10.362,0.0,0.0,0.0,0.0,0.0,0.0,0.0,0.0,0.0,0.0,0.00,
beir500k-f32,neg10_cat03,neg10,66486,pathseer,256,1,55,0.9491,0.6909,0.00079,15.583,31.590,34.985,17.358,19078.1,0.0,47689.1,5827.7,9.0,809.0,512.0,26.3,26211.5,8.0,327.31,pathseer:55
beir500k-f32,neg10_cat03,neg10,66486,pathseer,256,2,55,0.9491,0.6909,0.00079,15.462,30.904,34.083,17.000,19078.1,0.0,47689.1,5827.7,9.0,809.0,512.0,26.3,26211.5,8.0,327.31,pathseer:55
beir500k-f32,neg10_cat03,neg10,66486,pathseer,256,3,55,0.9491,0.6909,0.00079,17.073,31.184,33.985,17.121,19078.1,0.0,47689.1,5827.7,9.0,809.0,512.0,26.3,26211.5,8.0,327.31,pathseer:55
beir500k-f32,neg10_cat03,neg10,66486,pathseer-nc,256,1,55,0.9491,0.6909,0.00079,13.788,28.542,32.110,15.495,0.0,0.0,0.0,0.0,0.0,0.0,0.0,0.0,0.0,0.0,0.00,
beir500k-f32,neg10_cat03,neg10,66486,pathseer-nc,256,2,55,0.9491,0.6909,0.00079,14.300,28.611,32.054,15.580,0.0,0.0,0.0,0.0,0.0,0.0,0.0,0.0,0.0,0.0,0.00,
beir500k-f32,neg10_cat03,neg10,66486,pathseer-nc,256,3,55,0.9491,0.6909,0.00079,13.883,28.804,31.982,15.531,0.0,0.0,0.0,0.0,0.0,0.0,0.0,0.0,0.0,0.0,0.00,
beir500k-f32,neg10_cat03,neg10,66486,pathseer,512,1,55,0.9818,0.8909,0.00028,25.417,42.310,44.335,24.931,28715.7,0.0,64666.6,8490.7,18.0,1496.0,1112.4,45.4,33179.5,17.4,568.29,pathseer:55
beir500k-f32,neg10_cat03,neg10,66486,pathseer,512,2,55,0.9818,0.8909,0.00028,24.961,42.250,44.246,25.004,28715.7,0.0,64666.6,8490.7,18.0,1496.0,1112.4,45.4,33179.5,17.4,568.29,pathseer:55
beir500k-f32,neg10_cat03,neg10,66486,pathseer,512,3,55,0.9818,0.8909,0.00028,25.045,42.953,44.403,24.945,28715.7,0.0,64666.6,8490.7,18.0,1496.0,1112.4,45.4,33179.5,17.4,568.29,pathseer:55
beir500k-f32,neg10_cat03,neg10,66486,pathseer-nc,512,1,55,0.9818,0.8909,0.00028,23.171,39.770,41.441,23.229,0.0,0.0,0.0,0.0,0.0,0.0,0.0,0.0,0.0,0.0,0.00,
beir500k-f32,neg10_cat03,neg10,66486,pathseer-nc,512,2,55,0.9818,0.8909,0.00028,23.057,39.652,41.035,23.118,0.0,0.0,0.0,0.0,0.0,0.0,0.0,0.0,0.0,0.0,0.00,
beir500k-f32,neg10_cat03,neg10,66486,pathseer-nc,512,3,55,0.9818,0.8909,0.00028,23.267,40.019,41.211,23.084,0.0,0.0,0.0,0.0,0.0,0.0,0.0,0.0,0.0,0.0,0.00,
beir500k-f32,neg10_cat04,neg10,52652,pathseer,64,1,57,0.9509,0.6667,0.00058,6.718,11.700,12.522,6.660,6153.4,0.0,22983.4,3175.0,3.0,246.0,150.5,6.2,14534.2,2.4,176.84,pathseer:57
beir500k-f32,neg10_cat04,neg10,52652,pathseer,64,2,57,0.9509,0.6667,0.00058,6.628,11.710,11.745,6.545,6153.4,0.0,22983.4,3175.0,3.0,246.0,150.5,6.2,14534.2,2.4,176.84,pathseer:57
beir500k-f32,neg10_cat04,neg10,52652,pathseer,64,3,57,0.9509,0.6667,0.00058,6.633,11.853,12.078,6.607,6153.4,0.0,22983.4,3175.0,3.0,246.0,150.5,6.2,14534.2,2.4,176.84,pathseer:57
beir500k-f32,neg10_cat04,neg10,52652,pathseer-nc,64,1,57,0.9509,0.6667,0.00058,6.025,10.885,10.967,5.906,0.0,0.0,0.0,0.0,0.0,0.0,0.0,0.0,0.0,0.0,0.00,
beir500k-f32,neg10_cat04,neg10,52652,pathseer-nc,64,2,57,0.9509,0.6667,0.00058,6.145,10.901,11.290,5.999,0.0,0.0,0.0,0.0,0.0,0.0,0.0,0.0,0.0,0.0,0.00,
beir500k-f32,neg10_cat04,neg10,52652,pathseer-nc,64,3,57,0.9509,0.6667,0.00058,6.068,10.881,11.020,6.005,0.0,0.0,0.0,0.0,0.0,0.0,0.0,0.0,0.0,0.0,0.00,
beir500k-f32,neg10_cat04,neg10,52652,pathseer,128,1,57,0.9754,0.7895,0.00032,10.535,16.114,16.573,10.272,9932.2,0.0,30464.7,4942.1,5.0,550.0,268.4,11.2,17163.2,4.2,288.44,pathseer:57
beir500k-f32,neg10_cat04,neg10,52652,pathseer,128,2,57,0.9754,0.7895,0.00032,10.528,16.096,16.519,10.240,9932.2,0.0,30464.7,4942.1,5.0,550.0,268.4,11.2,17163.2,4.2,288.44,pathseer:57
beir500k-f32,neg10_cat04,neg10,52652,pathseer,128,3,57,0.9754,0.7895,0.00032,10.558,16.192,16.853,10.359,9932.2,0.0,30464.7,4942.1,5.0,550.0,268.4,11.2,17163.2,4.2,288.44,pathseer:57
beir500k-f32,neg10_cat04,neg10,52652,pathseer-nc,128,1,57,0.9754,0.7895,0.00032,9.558,15.235,15.625,9.430,0.0,0.0,0.0,0.0,0.0,0.0,0.0,0.0,0.0,0.0,0.00,
beir500k-f32,neg10_cat04,neg10,52652,pathseer-nc,128,2,57,0.9754,0.7895,0.00032,9.570,15.150,15.638,9.453,0.0,0.0,0.0,0.0,0.0,0.0,0.0,0.0,0.0,0.0,0.00,
beir500k-f32,neg10_cat04,neg10,52652,pathseer-nc,128,3,57,0.9754,0.7895,0.00032,9.759,15.574,15.812,9.609,0.0,0.0,0.0,0.0,0.0,0.0,0.0,0.0,0.0,0.0,0.00,
beir500k-f32,neg10_cat04,neg10,52652,pathseer,256,1,57,0.9947,0.9474,0.00013,16.290,22.358,23.822,15.631,15354.7,0.0,39737.6,7298.9,9.0,1054.0,572.6,22.4,19728.0,8.9,476.51,pathseer:57
beir500k-f32,neg10_cat04,neg10,52652,pathseer,256,2,57,0.9947,0.9474,0.00013,16.080,22.175,22.419,15.475,15354.7,0.0,39737.6,7298.9,9.0,1054.0,572.6,22.4,19728.0,8.9,476.51,pathseer:57
beir500k-f32,neg10_cat04,neg10,52652,pathseer,256,3,57,0.9947,0.9474,0.00013,16.015,22.225,22.379,15.491,15354.7,0.0,39737.6,7298.9,9.0,1054.0,572.6,22.4,19728.0,8.9,476.51,pathseer:57
beir500k-f32,neg10_cat04,neg10,52652,pathseer-nc,256,1,57,0.9947,0.9474,0.00013,15.242,21.303,21.956,14.496,0.0,0.0,0.0,0.0,0.0,0.0,0.0,0.0,0.0,0.0,0.00,
beir500k-f32,neg10_cat04,neg10,52652,pathseer-nc,256,2,57,0.9947,0.9474,0.00013,15.201,21.391,21.836,14.746,0.0,0.0,0.0,0.0,0.0,0.0,0.0,0.0,0.0,0.0,0.00,
beir500k-f32,neg10_cat04,neg10,52652,pathseer-nc,256,3,57,0.9947,0.9474,0.00013,14.885,21.021,21.426,14.447,0.0,0.0,0.0,0.0,0.0,0.0,0.0,0.0,0.0,0.0,0.00,
beir500k-f32,neg10_cat04,neg10,52652,pathseer,512,1,57,0.9982,0.9825,0.00002,22.599,31.103,32.644,22.643,22989.7,0.0,51986.2,10448.7,20.0,1995.0,1226.1,49.5,22796.1,19.2,761.26,pathseer:57
beir500k-f32,neg10_cat04,neg10,52652,pathseer,512,2,57,0.9982,0.9825,0.00002,23.301,31.431,32.547,22.779,22989.7,0.0,51986.2,10448.7,20.0,1995.0,1226.1,49.5,22796.1,19.2,761.26,pathseer:57
beir500k-f32,neg10_cat04,neg10,52652,pathseer,512,3,57,0.9982,0.9825,0.00002,23.493,31.175,32.606,22.771,22989.7,0.0,51986.2,10448.7,20.0,1995.0,1226.1,49.5,22796.1,19.2,761.26,pathseer:57
beir500k-f32,neg10_cat04,neg10,52652,pathseer-nc,512,1,57,0.9982,0.9825,0.00002,21.935,28.922,30.862,21.417,0.0,0.0,0.0,0.0,0.0,0.0,0.0,0.0,0.0,0.0,0.00,
beir500k-f32,neg10_cat04,neg10,52652,pathseer-nc,512,2,57,0.9982,0.9825,0.00002,21.962,29.794,31.066,21.429,0.0,0.0,0.0,0.0,0.0,0.0,0.0,0.0,0.0,0.0,0.00,
beir500k-f32,neg10_cat04,neg10,52652,pathseer-nc,512,3,57,0.9982,0.9825,0.00002,21.776,28.912,31.143,21.409,0.0,0.0,0.0,0.0,0.0,0.0,0.0,0.0,0.0,0.0,0.00,
beir500k-f32,neg10_cat05,neg10,52680,pathseer,64,1,20,0.9800,0.8500,0.00016,4.602,14.181,16.624,5.789,5074.9,0.0,24308.2,2619.2,3.0,133.0,128.0,9.4,17399.1,2.0,315.70,pathseer:20
beir500k-f32,neg10_cat05,neg10,52680,pathseer,64,2,20,0.9800,0.8500,0.00016,4.605,14.317,16.562,5.830,5074.9,0.0,24308.2,2619.2,3.0,133.0,128.0,9.4,17399.1,2.0,315.70,pathseer:20
beir500k-f32,neg10_cat05,neg10,52680,pathseer,64,3,20,0.9800,0.8500,0.00016,4.551,14.328,16.763,5.810,5074.9,0.0,24308.2,2619.2,3.0,133.0,128.0,9.4,17399.1,2.0,315.70,pathseer:20
beir500k-f32,neg10_cat05,neg10,52680,pathseer-nc,64,1,20,0.9800,0.8500,0.00016,3.898,12.466,15.024,5.083,0.0,0.0,0.0,0.0,0.0,0.0,0.0,0.0,0.0,0.0,0.00,
beir500k-f32,neg10_cat05,neg10,52680,pathseer-nc,64,2,20,0.9800,0.8500,0.00016,3.893,12.520,14.868,5.064,0.0,0.0,0.0,0.0,0.0,0.0,0.0,0.0,0.0,0.0,0.00,
beir500k-f32,neg10_cat05,neg10,52680,pathseer-nc,64,3,20,0.9800,0.8500,0.00016,3.932,12.590,14.962,5.090,0.0,0.0,0.0,0.0,0.0,0.0,0.0,0.0,0.0,0.0,0.00,
beir500k-f32,neg10_cat05,neg10,52680,pathseer,128,1,20,0.9900,0.9000,0.00011,8.744,25.006,27.175,10.294,8751.5,0.0,36746.2,4580.6,5.0,310.0,256.0,18.6,24766.7,4.0,585.90,pathseer:20
beir500k-f32,neg10_cat05,neg10,52680,pathseer,128,2,20,0.9900,0.9000,0.00011,8.179,25.109,26.438,9.949,8751.5,0.0,36746.2,4580.6,5.0,310.0,256.0,18.6,24766.7,4.0,585.90,pathseer:20
beir500k-f32,neg10_cat05,neg10,52680,pathseer,128,3,20,0.9900,0.9000,0.00011,8.089,24.888,26.185,9.954,8751.5,0.0,36746.2,4580.6,5.0,310.0,256.0,18.6,24766.7,4.0,585.90,pathseer:20
beir500k-f32,neg10_cat05,neg10,52680,pathseer-nc,128,1,20,0.9900,0.9000,0.00011,7.185,22.799,23.959,8.824,0.0,0.0,0.0,0.0,0.0,0.0,0.0,0.0,0.0,0.0,0.00,
beir500k-f32,neg10_cat05,neg10,52680,pathseer-nc,128,2,20,0.9900,0.9000,0.00011,7.261,22.831,24.090,8.889,0.0,0.0,0.0,0.0,0.0,0.0,0.0,0.0,0.0,0.0,0.00,
beir500k-f32,neg10_cat05,neg10,52680,pathseer-nc,128,3,20,0.9900,0.9000,0.00011,7.211,22.861,24.142,8.865,0.0,0.0,0.0,0.0,0.0,0.0,0.0,0.0,0.0,0.0,0.00,
beir500k-f32,neg10_cat05,neg10,52680,pathseer,256,1,20,1.0000,1.0000,0.00000,13.952,36.622,37.515,16.673,14424.2,0.0,53824.7,7596.4,10.0,542.0,547.2,35.4,34059.8,8.6,1060.00,pathseer:20
beir500k-f32,neg10_cat05,neg10,52680,pathseer,256,2,20,1.0000,1.0000,0.00000,13.149,37.092,37.141,16.600,14424.2,0.0,53824.7,7596.4,10.0,542.0,547.2,35.4,34059.8,8.6,1060.00,pathseer:20
beir500k-f32,neg10_cat05,neg10,52680,pathseer,256,3,20,1.0000,1.0000,0.00000,13.253,37.142,37.197,16.386,14424.2,0.0,53824.7,7596.4,10.0,542.0,547.2,35.4,34059.8,8.6,1060.00,pathseer:20
beir500k-f32,neg10_cat05,neg10,52680,pathseer-nc,256,1,20,1.0000,1.0000,0.00000,12.229,34.025,34.081,14.725,0.0,0.0,0.0,0.0,0.0,0.0,0.0,0.0,0.0,0.0,0.00,
beir500k-f32,neg10_cat05,neg10,52680,pathseer-nc,256,2,20,1.0000,1.0000,0.00000,11.993,33.913,34.140,14.669,0.0,0.0,0.0,0.0,0.0,0.0,0.0,0.0,0.0,0.0,0.00,
beir500k-f32,neg10_cat05,neg10,52680,pathseer-nc,256,3,20,1.0000,1.0000,0.00000,12.158,33.755,34.094,14.660,0.0,0.0,0.0,0.0,0.0,0.0,0.0,0.0,0.0,0.0,0.00,
beir500k-f32,neg10_cat05,neg10,52680,pathseer,512,1,20,1.0000,1.0000,0.00000,25.317,53.521,54.485,26.925,23604.4,0.0,79407.3,12423.2,20.0,1165.0,1225.6,60.6,47011.5,19.1,1807.15,pathseer:20
beir500k-f32,neg10_cat05,neg10,52680,pathseer,512,2,20,1.0000,1.0000,0.00000,24.434,52.309,55.357,27.247,23604.4,0.0,79407.3,12423.2,20.0,1165.0,1225.6,60.6,47011.5,19.1,1807.15,pathseer:20
beir500k-f32,neg10_cat05,neg10,52680,pathseer,512,3,20,1.0000,1.0000,0.00000,24.444,53.033,53.355,26.800,23604.4,0.0,79407.3,12423.2,20.0,1165.0,1225.6,60.6,47011.5,19.1,1807.15,pathseer:20
beir500k-f32,neg10_cat05,neg10,52680,pathseer-nc,512,1,20,1.0000,1.0000,0.00000,22.004,48.306,48.994,24.219,0.0,0.0,0.0,0.0,0.0,0.0,0.0,0.0,0.0,0.0,0.00,
beir500k-f32,neg10_cat05,neg10,52680,pathseer-nc,512,2,20,1.0000,1.0000,0.00000,21.507,48.452,48.891,24.138,0.0,0.0,0.0,0.0,0.0,0.0,0.0,0.0,0.0,0.0,0.00,
beir500k-f32,neg10_cat05,neg10,52680,pathseer-nc,512,3,20,1.0000,1.0000,0.00000,21.548,48.257,50.305,24.392,0.0,0.0,0.0,0.0,0.0,0.0,0.0,0.0,0.0,0.0,0.00,
beir500k-f32,neg10_cat06,neg10,73753,pathseer,64,1,49,0.9551,0.6531,0.00063,4.598,11.981,17.264,5.575,5330.6,0.0,18639.7,2511.3,3.0,171.0,147.6,9.6,11741.3,2.3,153.55,pathseer:49
beir500k-f32,neg10_cat06,neg10,73753,pathseer,64,2,49,0.9551,0.6531,0.00063,4.606,11.532,17.519,5.501,5330.6,0.0,18639.7,2511.3,3.0,171.0,147.6,9.6,11741.3,2.3,153.55,pathseer:49
beir500k-f32,neg10_cat06,neg10,73753,pathseer,64,3,49,0.9551,0.6531,0.00063,4.673,11.528,17.214,5.459,5330.6,0.0,18639.7,2511.3,3.0,171.0,147.6,9.6,11741.3,2.3,153.55,pathseer:49
beir500k-f32,neg10_cat06,neg10,73753,pathseer-nc,64,1,49,0.9551,0.6531,0.00063,4.189,10.710,16.233,4.969,0.0,0.0,0.0,0.0,0.0,0.0,0.0,0.0,0.0,0.0,0.00,
beir500k-f32,neg10_cat06,neg10,73753,pathseer-nc,64,2,49,0.9551,0.6531,0.00063,4.186,10.518,16.272,4.947,0.0,0.0,0.0,0.0,0.0,0.0,0.0,0.0,0.0,0.0,0.00,
beir500k-f32,neg10_cat06,neg10,73753,pathseer-nc,64,3,49,0.9551,0.6531,0.00063,4.165,10.826,16.079,4.977,0.0,0.0,0.0,0.0,0.0,0.0,0.0,0.0,0.0,0.0,0.00,
beir500k-f32,neg10_cat06,neg10,73753,pathseer,128,1,49,0.9735,0.7959,0.00025,7.882,18.152,24.014,8.613,8672.1,0.0,25356.0,3827.5,5.0,388.0,270.4,17.0,14614.4,4.2,251.78,pathseer:49
beir500k-f32,neg10_cat06,neg10,73753,pathseer,128,2,49,0.9735,0.7959,0.00025,7.787,17.248,23.738,8.540,8672.1,0.0,25356.0,3827.5,5.0,388.0,270.4,17.0,14614.4,4.2,251.78,pathseer:49
beir500k-f32,neg10_cat06,neg10,73753,pathseer,128,3,49,0.9735,0.7959,0.00025,7.797,17.312,23.784,8.523,8672.1,0.0,25356.0,3827.5,5.0,388.0,270.4,17.0,14614.4,4.2,251.78,pathseer:49
beir500k-f32,neg10_cat06,neg10,73753,pathseer-nc,128,1,49,0.9735,0.7959,0.00025,7.434,16.372,22.273,7.899,0.0,0.0,0.0,0.0,0.0,0.0,0.0,0.0,0.0,0.0,0.00,
beir500k-f32,neg10_cat06,neg10,73753,pathseer-nc,128,2,49,0.9735,0.7959,0.00025,7.404,16.293,22.275,7.984,0.0,0.0,0.0,0.0,0.0,0.0,0.0,0.0,0.0,0.0,0.00,
beir500k-f32,neg10_cat06,neg10,73753,pathseer-nc,128,3,49,0.9735,0.7959,0.00025,7.533,16.703,22.148,7.957,0.0,0.0,0.0,0.0,0.0,0.0,0.0,0.0,0.0,0.0,0.00,
beir500k-f32,neg10_cat06,neg10,73753,pathseer,256,1,49,0.9796,0.8571,0.00020,11.780,25.646,30.717,12.902,13616.3,0.0,33413.1,5547.2,10.0,687.0,565.6,32.4,17354.0,8.8,387.78,pathseer:49
beir500k-f32,neg10_cat06,neg10,73753,pathseer,256,2,49,0.9796,0.8571,0.00020,12.527,25.562,30.556,12.970,13616.3,0.0,33413.1,5547.2,10.0,687.0,565.6,32.4,17354.0,8.8,387.78,pathseer:49
beir500k-f32,neg10_cat06,neg10,73753,pathseer,256,3,49,0.9796,0.8571,0.00020,11.954,25.447,30.981,12.897,13616.3,0.0,33413.1,5547.2,10.0,687.0,565.6,32.4,17354.0,8.8,387.78,pathseer:49
beir500k-f32,neg10_cat06,neg10,73753,pathseer-nc,256,1,49,0.9796,0.8571,0.00020,11.112,23.824,30.629,12.089,0.0,0.0,0.0,0.0,0.0,0.0,0.0,0.0,0.0,0.0,0.00,
beir500k-f32,neg10_cat06,neg10,73753,pathseer-nc,256,2,49,0.9796,0.8571,0.00020,10.873,23.981,28.889,12.055,0.0,0.0,0.0,0.0,0.0,0.0,0.0,0.0,0.0,0.0,0.00,
beir500k-f32,neg10_cat06,neg10,73753,pathseer-nc,256,3,49,0.9796,0.8571,0.00020,11.168,23.947,29.757,12.198,0.0,0.0,0.0,0.0,0.0,0.0,0.0,0.0,0.0,0.0,0.00,
beir500k-f32,neg10_cat06,neg10,73753,pathseer,512,1,49,0.9939,0.9388,0.00002,18.818,35.320,40.681,19.184,20880.9,0.0,44484.5,7835.9,20.0,1326.0,1219.9,60.5,21000.3,19.1,616.61,pathseer:49
beir500k-f32,neg10_cat06,neg10,73753,pathseer,512,2,49,0.9939,0.9388,0.00002,18.380,35.034,40.640,19.160,20880.9,0.0,44484.5,7835.9,20.0,1326.0,1219.9,60.5,21000.3,19.1,616.61,pathseer:49
beir500k-f32,neg10_cat06,neg10,73753,pathseer,512,3,49,0.9939,0.9388,0.00002,18.800,34.444,40.965,19.055,20880.9,0.0,44484.5,7835.9,20.0,1326.0,1219.9,60.5,21000.3,19.1,616.61,pathseer:49
beir500k-f32,neg10_cat06,neg10,73753,pathseer-nc,512,1,49,0.9939,0.9388,0.00002,17.210,33.032,38.316,18.032,0.0,0.0,0.0,0.0,0.0,0.0,0.0,0.0,0.0,0.0,0.00,
beir500k-f32,neg10_cat06,neg10,73753,pathseer-nc,512,2,49,0.9939,0.9388,0.00002,17.226,32.819,38.658,18.001,0.0,0.0,0.0,0.0,0.0,0.0,0.0,0.0,0.0,0.0,0.00,
beir500k-f32,neg10_cat06,neg10,73753,pathseer-nc,512,3,49,0.9939,0.9388,0.00002,17.098,32.499,39.513,17.998,0.0,0.0,0.0,0.0,0.0,0.0,0.0,0.0,0.0,0.0,0.00,
beir500k-f32,neg10_cat07,neg10,63741,pathseer,64,1,41,0.9488,0.7317,0.00129,5.076,17.307,24.778,6.862,6481.6,0.0,27339.1,2696.6,3.0,164.0,143.6,5.7,19101.1,2.2,165.00,pathseer:41
beir500k-f32,neg10_cat07,neg10,63741,pathseer,64,2,41,0.9488,0.7317,0.00129,5.068,17.187,24.352,6.861,6481.6,0.0,27339.1,2696.6,3.0,164.0,143.6,5.7,19101.1,2.2,165.00,pathseer:41
beir500k-f32,neg10_cat07,neg10,63741,pathseer,64,3,41,0.9488,0.7317,0.00129,5.086,17.230,24.600,6.884,6481.6,0.0,27339.1,2696.6,3.0,164.0,143.6,5.7,19101.1,2.2,165.00,pathseer:41
beir500k-f32,neg10_cat07,neg10,63741,pathseer-nc,64,1,41,0.9488,0.7317,0.00129,4.580,15.448,22.219,6.165,0.0,0.0,0.0,0.0,0.0,0.0,0.0,0.0,0.0,0.0,0.00,
beir500k-f32,neg10_cat07,neg10,63741,pathseer-nc,64,2,41,0.9488,0.7317,0.00129,4.370,15.371,22.024,6.043,0.0,0.0,0.0,0.0,0.0,0.0,0.0,0.0,0.0,0.0,0.00,
beir500k-f32,neg10_cat07,neg10,63741,pathseer-nc,64,3,41,0.9488,0.7317,0.00129,4.399,15.273,22.279,6.048,0.0,0.0,0.0,0.0,0.0,0.0,0.0,0.0,0.0,0.0,0.00,
beir500k-f32,neg10_cat07,neg10,63741,pathseer,128,1,41,0.9805,0.8537,0.00040,8.751,24.698,33.716,10.897,10578.6,0.0,38984.6,4214.4,5.0,385.0,273.2,9.3,25857.1,4.3,292.34,pathseer:41
beir500k-f32,neg10_cat07,neg10,63741,pathseer,128,2,41,0.9805,0.8537,0.00040,8.702,24.529,33.718,10.805,10578.6,0.0,38984.6,4214.4,5.0,385.0,273.2,9.3,25857.1,4.3,292.34,pathseer:41
beir500k-f32,neg10_cat07,neg10,63741,pathseer,128,3,41,0.9805,0.8537,0.00040,8.968,24.711,34.996,10.986,10578.6,0.0,38984.6,4214.4,5.0,385.0,273.2,9.3,25857.1,4.3,292.34,pathseer:41
beir500k-f32,neg10_cat07,neg10,63741,pathseer-nc,128,1,41,0.9805,0.8537,0.00040,7.734,22.414,30.612,9.669,0.0,0.0,0.0,0.0,0.0,0.0,0.0,0.0,0.0,0.0,0.00,
beir500k-f32,neg10_cat07,neg10,63741,pathseer-nc,128,2,41,0.9805,0.8537,0.00040,7.733,22.513,30.454,9.667,0.0,0.0,0.0,0.0,0.0,0.0,0.0,0.0,0.0,0.0,0.00,
beir500k-f32,neg10_cat07,neg10,63741,pathseer-nc,128,3,41,0.9805,0.8537,0.00040,7.747,22.651,30.441,9.644,0.0,0.0,0.0,0.0,0.0,0.0,0.0,0.0,0.0,0.0,0.00,
beir500k-f32,neg10_cat07,neg10,63741,pathseer,256,1,41,0.9878,0.9024,0.00030,14.252,34.857,46.085,16.954,16851.9,0.0,55510.7,6548.0,10.0,635.0,563.5,18.7,34946.2,8.8,508.41,pathseer:41
beir500k-f32,neg10_cat07,neg10,63741,pathseer,256,2,41,0.9878,0.9024,0.00030,14.294,35.217,46.069,17.028,16851.9,0.0,55510.7,6548.0,10.0,635.0,563.5,18.7,34946.2,8.8,508.41,pathseer:41
beir500k-f32,neg10_cat07,neg10,63741,pathseer,256,3,41,0.9878,0.9024,0.00030,14.432,35.176,47.469,16.982,16851.9,0.0,55510.7,6548.0,10.0,635.0,563.5,18.7,34946.2,8.8,508.41,pathseer:41
beir500k-f32,neg10_cat07,neg10,63741,pathseer-nc,256,1,41,0.9878,0.9024,0.00030,12.645,32.078,41.017,15.219,0.0,0.0,0.0,0.0,0.0,0.0,0.0,0.0,0.0,0.0,0.00,
beir500k-f32,neg10_cat07,neg10,63741,pathseer-nc,256,2,41,0.9878,0.9024,0.00030,12.717,31.975,40.897,15.330,0.0,0.0,0.0,0.0,0.0,0.0,0.0,0.0,0.0,0.0,0.00,
beir500k-f32,neg10_cat07,neg10,63741,pathseer-nc,256,3,41,0.9878,0.9024,0.00030,12.657,31.979,40.808,15.215,0.0,0.0,0.0,0.0,0.0,0.0,0.0,0.0,0.0,0.0,0.00,
beir500k-f32,neg10_cat07,neg10,63741,pathseer,512,1,41,0.9951,0.9512,0.00017,22.387,51.670,62.869,26.204,26436.0,0.0,77819.7,10040.9,18.0,1124.0,1191.0,41.8,45970.9,18.6,861.98,pathseer:41
beir500k-f32,neg10_cat07,neg10,63741,pathseer,512,2,41,0.9951,0.9512,0.00017,22.060,49.862,63.525,26.196,26436.0,0.0,77819.7,10040.9,18.0,1124.0,1191.0,41.8,45970.9,18.6,861.98,pathseer:41
beir500k-f32,neg10_cat07,neg10,63741,pathseer,512,3,41,0.9951,0.9512,0.00017,21.975,50.053,62.678,26.050,26436.0,0.0,77819.7,10040.9,18.0,1124.0,1191.0,41.8,45970.9,18.6,861.98,pathseer:41
beir500k-f32,neg10_cat07,neg10,63741,pathseer-nc,512,1,41,0.9951,0.9512,0.00017,19.899,45.888,58.222,23.637,0.0,0.0,0.0,0.0,0.0,0.0,0.0,0.0,0.0,0.0,0.00,
beir500k-f32,neg10_cat07,neg10,63741,pathseer-nc,512,2,41,0.9951,0.9512,0.00017,20.167,46.112,59.136,23.718,0.0,0.0,0.0,0.0,0.0,0.0,0.0,0.0,0.0,0.0,0.00,
beir500k-f32,neg10_cat07,neg10,63741,pathseer-nc,512,3,41,0.9951,0.9512,0.00017,19.918,45.758,58.317,23.670,0.0,0.0,0.0,0.0,0.0,0.0,0.0,0.0,0.0,0.0,0.00,
beir500k-f32,neg10_cat08,neg10,63800,pathseer,64,1,52,0.9846,0.8846,0.00022,13.716,23.178,25.657,13.895,10842.0,0.0,44910.6,7529.6,3.0,637.0,150.2,2.2,27066.9,2.3,413.87,pathseer:52
beir500k-f32,neg10_cat08,neg10,63800,pathseer,64,2,52,0.9846,0.8846,0.00022,13.547,22.613,23.058,13.707,10842.0,0.0,44910.6,7529.6,3.0,637.0,150.2,2.2,27066.9,2.3,413.87,pathseer:52
beir500k-f32,neg10_cat08,neg10,63800,pathseer,64,3,52,0.9846,0.8846,0.00022,13.651,22.573,23.245,13.814,10842.0,0.0,44910.6,7529.6,3.0,637.0,150.2,2.2,27066.9,2.3,413.87,pathseer:52
beir500k-f32,neg10_cat08,neg10,63800,pathseer-nc,64,1,52,0.9846,0.8846,0.00022,12.768,21.696,21.995,12.623,0.0,0.0,0.0,0.0,0.0,0.0,0.0,0.0,0.0,0.0,0.00,
beir500k-f32,neg10_cat08,neg10,63800,pathseer-nc,64,2,52,0.9846,0.8846,0.00022,12.692,21.265,21.524,12.489,0.0,0.0,0.0,0.0,0.0,0.0,0.0,0.0,0.0,0.0,0.00,
beir500k-f32,neg10_cat08,neg10,63800,pathseer-nc,64,3,52,0.9846,0.8846,0.00022,12.431,22.006,22.916,12.586,0.0,0.0,0.0,0.0,0.0,0.0,0.0,0.0,0.0,0.0,0.00,
beir500k-f32,neg10_cat08,neg10,63800,pathseer,128,1,52,0.9923,0.9423,0.00013,20.527,31.081,31.879,20.925,16681.0,0.0,60956.0,11276.7,5.0,1432.0,263.4,4.0,33963.0,4.1,693.27,pathseer:52
beir500k-f32,neg10_cat08,neg10,63800,pathseer,128,2,52,0.9923,0.9423,0.00013,20.314,31.409,31.930,20.789,16681.0,0.0,60956.0,11276.7,5.0,1432.0,263.4,4.0,33963.0,4.1,693.27,pathseer:52
beir500k-f32,neg10_cat08,neg10,63800,pathseer,128,3,52,0.9923,0.9423,0.00013,19.976,30.253,34.689,20.822,16681.0,0.0,60956.0,11276.7,5.0,1432.0,263.4,4.0,33963.0,4.1,693.27,pathseer:52
beir500k-f32,neg10_cat08,neg10,63800,pathseer-nc,128,1,52,0.9923,0.9423,0.00013,19.085,28.734,31.892,19.215,0.0,0.0,0.0,0.0,0.0,0.0,0.0,0.0,0.0,0.0,0.00,
beir500k-f32,neg10_cat08,neg10,63800,pathseer-nc,128,2,52,0.9923,0.9423,0.00013,18.831,28.362,29.896,19.047,0.0,0.0,0.0,0.0,0.0,0.0,0.0,0.0,0.0,0.0,0.00,
beir500k-f32,neg10_cat08,neg10,63800,pathseer-nc,128,3,52,0.9923,0.9423,0.00013,18.972,29.199,30.143,19.513,0.0,0.0,0.0,0.0,0.0,0.0,0.0,0.0,0.0,0.0,0.00,
beir500k-f32,neg10_cat08,neg10,63800,pathseer,256,1,52,0.9942,0.9615,0.00011,32.988,45.824,52.920,32.336,24999.6,0.0,83430.7,16488.5,9.0,2486.0,546.5,8.8,43591.1,8.5,1114.98,pathseer:52
beir500k-f32,neg10_cat08,neg10,63800,pathseer,256,2,52,0.9942,0.9615,0.00011,32.448,46.003,51.209,32.205,24999.6,0.0,83430.7,16488.5,9.0,2486.0,546.5,8.8,43591.1,8.5,1114.98,pathseer:52
beir500k-f32,neg10_cat08,neg10,63800,pathseer,256,3,52,0.9942,0.9615,0.00011,31.307,44.988,46.558,31.314,24999.6,0.0,83430.7,16488.5,9.0,2486.0,546.5,8.8,43591.1,8.5,1114.98,pathseer:52
beir500k-f32,neg10_cat08,neg10,63800,pathseer-nc,256,1,52,0.9942,0.9615,0.00011,27.938,40.613,42.604,28.597,0.0,0.0,0.0,0.0,0.0,0.0,0.0,0.0,0.0,0.0,0.00,
beir500k-f32,neg10_cat08,neg10,63800,pathseer-nc,256,2,52,0.9942,0.9615,0.00011,28.787,42.080,49.591,29.246,0.0,0.0,0.0,0.0,0.0,0.0,0.0,0.0,0.0,0.0,0.00,
beir500k-f32,neg10_cat08,neg10,63800,pathseer-nc,256,3,52,0.9942,0.9615,0.00011,27.985,41.201,42.616,28.751,0.0,0.0,0.0,0.0,0.0,0.0,0.0,0.0,0.0,0.0,0.00,
beir500k-f32,neg10_cat08,neg10,63800,pathseer,512,1,52,0.9981,0.9808,0.00000,46.578,66.087,74.915,45.064,36954.2,0.0,116008.6,23693.2,19.0,4905.0,1206.2,17.4,58019.9,18.8,1718.13,pathseer:52
beir500k-f32,neg10_cat08,neg10,63800,pathseer,512,2,52,0.9981,0.9808,0.00000,46.758,68.347,74.133,45.715,36954.2,0.0,116008.6,23693.2,19.0,4905.0,1206.2,17.4,58019.9,18.8,1718.13,pathseer:52
beir500k-f32,neg10_cat08,neg10,63800,pathseer,512,3,52,0.9981,0.9808,0.00000,46.673,64.893,72.503,45.328,36954.2,0.0,116008.6,23693.2,19.0,4905.0,1206.2,17.4,58019.9,18.8,1718.13,pathseer:52
beir500k-f32,neg10_cat08,neg10,63800,pathseer-nc,512,1,52,0.9981,0.9808,0.00000,43.449,60.384,66.553,41.825,0.0,0.0,0.0,0.0,0.0,0.0,0.0,0.0,0.0,0.0,0.00,
beir500k-f32,neg10_cat08,neg10,63800,pathseer-nc,512,2,52,0.9981,0.9808,0.00000,42.380,60.849,66.320,41.801,0.0,0.0,0.0,0.0,0.0,0.0,0.0,0.0,0.0,0.0,0.00,
beir500k-f32,neg10_cat08,neg10,63800,pathseer-nc,512,3,52,0.9981,0.9808,0.00000,43.108,60.694,71.040,42.355,0.0,0.0,0.0,0.0,0.0,0.0,0.0,0.0,0.0,0.0,0.00,
beir500k-f32,neg10_cat09,neg10,60723,pathseer,64,1,55,0.9127,0.5818,0.00134,35.702,48.864,53.441,33.582,24792.3,0.0,92010.0,20385.8,3.0,3731.0,161.7,0.9,47731.1,2.5,227.82,pathseer:55
beir500k-f32,neg10_cat09,neg10,60723,pathseer,64,2,55,0.9127,0.5818,0.00134,36.211,48.914,53.756,33.617,24792.3,0.0,92010.0,20385.8,3.0,3731.0,161.7,0.9,47731.1,2.5,227.82,pathseer:55
beir500k-f32,neg10_cat09,neg10,60723,pathseer,64,3,55,0.9127,0.5818,0.00134,35.431,48.816,53.532,33.581,24792.3,0.0,92010.0,20385.8,3.0,3731.0,161.7,0.9,47731.1,2.5,227.82,pathseer:55
beir500k-f32,neg10_cat09,neg10,60723,pathseer-nc,64,1,55,0.9127,0.5818,0.00134,34.343,46.406,53.889,31.438,0.0,0.0,0.0,0.0,0.0,0.0,0.0,0.0,0.0,0.0,0.00,
beir500k-f32,neg10_cat09,neg10,60723,pathseer-nc,64,2,55,0.9127,0.5818,0.00134,33.105,46.745,51.478,31.410,0.0,0.0,0.0,0.0,0.0,0.0,0.0,0.0,0.0,0.0,0.00,
beir500k-f32,neg10_cat09,neg10,60723,pathseer-nc,64,3,55,0.9127,0.5818,0.00134,33.892,46.303,51.361,31.310,0.0,0.0,0.0,0.0,0.0,0.0,0.0,0.0,0.0,0.0,0.00,
beir500k-f32,neg10_cat09,neg10,60723,pathseer,128,1,55,0.9600,0.7636,0.00074,48.077,64.486,67.029,45.911,34825.3,0.0,118891.5,27445.9,5.0,7016.0,301.4,1.6,58249.5,4.7,400.05,pathseer:55
beir500k-f32,neg10_cat09,neg10,60723,pathseer,128,2,55,0.9600,0.7636,0.00074,48.363,64.666,66.660,46.140,34825.3,0.0,118891.5,27445.9,5.0,7016.0,301.4,1.6,58249.5,4.7,400.05,pathseer:55
beir500k-f32,neg10_cat09,neg10,60723,pathseer,128,3,55,0.9600,0.7636,0.00074,47.666,64.078,66.613,45.946,34825.3,0.0,118891.5,27445.9,5.0,7016.0,301.4,1.6,58249.5,4.7,400.05,pathseer:55
beir500k-f32,neg10_cat09,neg10,60723,pathseer-nc,128,1,55,0.9600,0.7636,0.00074,45.013,60.277,63.046,42.909,0.0,0.0,0.0,0.0,0.0,0.0,0.0,0.0,0.0,0.0,0.00,
beir500k-f32,neg10_cat09,neg10,60723,pathseer-nc,128,2,55,0.9600,0.7636,0.00074,45.657,60.284,63.291,43.095,0.0,0.0,0.0,0.0,0.0,0.0,0.0,0.0,0.0,0.0,0.00,
beir500k-f32,neg10_cat09,neg10,60723,pathseer-nc,128,3,55,0.9600,0.7636,0.00074,45.781,60.475,72.770,43.304,0.0,0.0,0.0,0.0,0.0,0.0,0.0,0.0,0.0,0.0,0.00,
beir500k-f32,neg10_cat09,neg10,60723,pathseer,256,1,55,0.9855,0.8545,0.00026,63.873,86.956,87.988,63.015,48734.8,0.0,154625.0,36420.8,11.0,11407.0,624.9,3.3,72332.2,9.8,679.84,pathseer:55
beir500k-f32,neg10_cat09,neg10,60723,pathseer,256,2,55,0.9855,0.8545,0.00026,65.278,83.963,86.578,62.610,48734.8,0.0,154625.0,36420.8,11.0,11407.0,624.9,3.3,72332.2,9.8,679.84,pathseer:55
beir500k-f32,neg10_cat09,neg10,60723,pathseer,256,3,55,0.9855,0.8545,0.00026,63.433,83.743,87.975,62.529,48734.8,0.0,154625.0,36420.8,11.0,11407.0,624.9,3.3,72332.2,9.8,679.84,pathseer:55
beir500k-f32,neg10_cat09,neg10,60723,pathseer-nc,256,1,55,0.9855,0.8545,0.00026,59.972,78.761,81.018,58.646,0.0,0.0,0.0,0.0,0.0,0.0,0.0,0.0,0.0,0.0,0.00,
beir500k-f32,neg10_cat09,neg10,60723,pathseer-nc,256,2,55,0.9855,0.8545,0.00026,60.514,80.915,83.578,59.319,0.0,0.0,0.0,0.0,0.0,0.0,0.0,0.0,0.0,0.0,0.00,
beir500k-f32,neg10_cat09,neg10,60723,pathseer-nc,256,3,55,0.9855,0.8545,0.00026,60.880,78.838,81.391,58.560,0.0,0.0,0.0,0.0,0.0,0.0,0.0,0.0,0.0,0.0,0.00,
beir500k-f32,neg10_cat09,neg10,60723,pathseer,512,1,55,0.9964,0.9636,0.00006,86.757,110.116,117.492,84.825,68086.4,0.0,200351.2,48208.0,22.0,17755.0,1420.8,8.6,88676.3,22.2,1098.89,pathseer:55
beir500k-f32,neg10_cat09,neg10,60723,pathseer,512,2,55,0.9964,0.9636,0.00006,87.223,112.234,117.601,84.988,68086.4,0.0,200351.2,48208.0,22.0,17755.0,1420.8,8.6,88676.3,22.2,1098.89,pathseer:55
beir500k-f32,neg10_cat09,neg10,60723,pathseer,512,3,55,0.9964,0.9636,0.00006,86.827,108.990,118.203,84.713,68086.4,0.0,200351.2,48208.0,22.0,17755.0,1420.8,8.6,88676.3,22.2,1098.89,pathseer:55
beir500k-f32,neg10_cat09,neg10,60723,pathseer-nc,512,1,55,0.9964,0.9636,0.00006,81.633,105.018,112.693,80.092,0.0,0.0,0.0,0.0,0.0,0.0,0.0,0.0,0.0,0.0,0.00,
beir500k-f32,neg10_cat09,neg10,60723,pathseer-nc,512,2,55,0.9964,0.9636,0.00006,82.497,103.919,112.237,79.813,0.0,0.0,0.0,0.0,0.0,0.0,0.0,0.0,0.0,0.0,0.00,
beir500k-f32,neg10_cat09,neg10,60723,pathseer-nc,512,3,55,0.9964,0.9636,0.00006,82.009,103.723,111.155,79.764,0.0,0.0,0.0,0.0,0.0,0.0,0.0,0.0,0.0,0.0,0.00,
beir500k-f32,neg10_cat10,neg10,61023,pathseer,64,1,50,0.9840,0.8400,0.00008,11.043,19.913,21.513,11.620,8892.1,0.0,45134.2,5918.7,3.0,608.0,149.8,3.1,30919.8,2.3,293.44,pathseer:50
beir500k-f32,neg10_cat10,neg10,61023,pathseer,64,2,50,0.9840,0.8400,0.00008,11.308,20.069,21.630,11.553,8892.1,0.0,45134.2,5918.7,3.0,608.0,149.8,3.1,30919.8,2.3,293.44,pathseer:50
beir500k-f32,neg10_cat10,neg10,61023,pathseer,64,3,50,0.9840,0.8400,0.00008,11.467,20.038,22.118,11.681,8892.1,0.0,45134.2,5918.7,3.0,608.0,149.8,3.1,30919.8,2.3,293.44,pathseer:50
beir500k-f32,neg10_cat10,neg10,61023,pathseer-nc,64,1,50,0.9840,0.8400,0.00008,10.106,18.240,20.063,10.227,0.0,0.0,0.0,0.0,0.0,0.0,0.0,0.0,0.0,0.0,0.00,
beir500k-f32,neg10_cat10,neg10,61023,pathseer-nc,64,2,50,0.9840,0.8400,0.00008,10.155,18.211,19.835,10.270,0.0,0.0,0.0,0.0,0.0,0.0,0.0,0.0,0.0,0.0,0.00,
beir500k-f32,neg10_cat10,neg10,61023,pathseer-nc,64,3,50,0.9840,0.8400,0.00008,10.029,18.014,20.182,10.313,0.0,0.0,0.0,0.0,0.0,0.0,0.0,0.0,0.0,0.0,0.00,
beir500k-f32,neg10_cat10,neg10,61023,pathseer,128,1,50,0.9960,0.9600,0.00001,19.117,28.775,31.810,18.674,14547.4,0.0,64669.3,9655.7,5.0,1118.0,284.2,5.4,41570.7,4.4,516.86,pathseer:50
beir500k-f32,neg10_cat10,neg10,61023,pathseer,128,2,50,0.9960,0.9600,0.00001,18.974,28.641,31.502,18.644,14547.4,0.0,64669.3,9655.7,5.0,1118.0,284.2,5.4,41570.7,4.4,516.86,pathseer:50
beir500k-f32,neg10_cat10,neg10,61023,pathseer,128,3,50,0.9960,0.9600,0.00001,18.986,28.184,31.278,18.590,14547.4,0.0,64669.3,9655.7,5.0,1118.0,284.2,5.4,41570.7,4.4,516.86,pathseer:50
beir500k-f32,neg10_cat10,neg10,61023,pathseer-nc,128,1,50,0.9960,0.9600,0.00001,17.232,26.519,29.304,16.785,0.0,0.0,0.0,0.0,0.0,0.0,0.0,0.0,0.0,0.0,0.00,
beir500k-f32,neg10_cat10,neg10,61023,pathseer-nc,128,2,50,0.9960,0.9600,0.00001,17.185,26.491,29.082,16.782,0.0,0.0,0.0,0.0,0.0,0.0,0.0,0.0,0.0,0.0,0.00,
beir500k-f32,neg10_cat10,neg10,61023,pathseer-nc,128,3,50,0.9960,0.9600,0.00001,17.058,26.509,28.922,16.726,0.0,0.0,0.0,0.0,0.0,0.0,0.0,0.0,0.0,0.0,0.00,
beir500k-f32,neg10_cat10,neg10,61023,pathseer,256,1,50,1.0000,1.0000,0.00000,30.978,45.347,47.620,30.165,23857.4,0.0,91916.5,15620.9,10.0,2228.0,590.1,10.9,54462.2,9.2,856.94,pathseer:50
beir500k-f32,neg10_cat10,neg10,61023,pathseer,256,2,50,1.0000,1.0000,0.00000,30.744,45.284,48.117,30.010,23857.4,0.0,91916.5,15620.9,10.0,2228.0,590.1,10.9,54462.2,9.2,856.94,pathseer:50
beir500k-f32,neg10_cat10,neg10,61023,pathseer,256,3,50,1.0000,1.0000,0.00000,30.278,45.767,47.944,30.017,23857.4,0.0,91916.5,15620.9,10.0,2228.0,590.1,10.9,54462.2,9.2,856.94,pathseer:50
beir500k-f32,neg10_cat10,neg10,61023,pathseer-nc,256,1,50,1.0000,1.0000,0.00000,27.338,41.723,44.943,27.222,0.0,0.0,0.0,0.0,0.0,0.0,0.0,0.0,0.0,0.0,0.00,
beir500k-f32,neg10_cat10,neg10,61023,pathseer-nc,256,2,50,1.0000,1.0000,0.00000,27.240,41.755,43.549,27.185,0.0,0.0,0.0,0.0,0.0,0.0,0.0,0.0,0.0,0.0,0.00,
beir500k-f32,neg10_cat10,neg10,61023,pathseer-nc,256,3,50,1.0000,1.0000,0.00000,27.142,41.262,43.863,27.139,0.0,0.0,0.0,0.0,0.0,0.0,0.0,0.0,0.0,0.0,0.00,
beir500k-f32,neg10_cat10,neg10,61023,pathseer,512,1,50,1.0000,1.0000,0.00000,49.111,64.171,73.946,46.706,38068.9,0.0,127918.4,24223.9,21.0,4370.0,1283.8,24.6,69170.8,20.1,1389.94,pathseer:50
beir500k-f32,neg10_cat10,neg10,61023,pathseer,512,2,50,1.0000,1.0000,0.00000,49.401,65.154,75.119,46.531,38068.9,0.0,127918.4,24223.9,21.0,4370.0,1283.8,24.6,69170.8,20.1,1389.94,pathseer:50
beir500k-f32,neg10_cat10,neg10,61023,pathseer,512,3,50,1.0000,1.0000,0.00000,49.745,64.313,74.411,46.508,38068.9,0.0,127918.4,24223.9,21.0,4370.0,1283.8,24.6,69170.8,20.1,1389.94,pathseer:50
beir500k-f32,neg10_cat10,neg10,61023,pathseer-nc,512,1,50,1.0000,1.0000,0.00000,45.345,59.839,68.671,42.709,0.0,0.0,0.0,0.0,0.0,0.0,0.0,0.0,0.0,0.0,0.00,
beir500k-f32,neg10_cat10,neg10,61023,pathseer-nc,512,2,50,1.0000,1.0000,0.00000,44.464,59.917,68.823,42.543,0.0,0.0,0.0,0.0,0.0,0.0,0.0,0.0,0.0,0.0,0.00,
beir500k-f32,neg10_cat10,neg10,61023,pathseer-nc,512,3,50,1.0000,1.0000,0.00000,45.392,61.952,69.036,42.563,0.0,0.0,0.0,0.0,0.0,0.0,0.0,0.0,0.0,0.0,0.00,
beir500k-f32,neg10_cat11,neg10,58822,pathseer,64,1,32,0.9812,0.8438,0.00027,28.912,59.371,62.945,29.857,23318.1,0.0,92903.2,16469.8,4.0,2384.0,166.0,2.6,53926.3,2.6,290.59,pathseer:32
beir500k-f32,neg10_cat11,neg10,58822,pathseer,64,2,32,0.9812,0.8438,0.00027,28.707,59.512,62.510,30.014,23318.1,0.0,92903.2,16469.8,4.0,2384.0,166.0,2.6,53926.3,2.6,290.59,pathseer:32
beir500k-f32,neg10_cat11,neg10,58822,pathseer,64,3,32,0.9812,0.8438,0.00027,28.867,58.876,62.889,29.871,23318.1,0.0,92903.2,16469.8,4.0,2384.0,166.0,2.6,53926.3,2.6,290.59,pathseer:32
beir500k-f32,neg10_cat11,neg10,58822,pathseer-nc,64,1,32,0.9812,0.8438,0.00027,26.033,55.557,59.890,27.564,0.0,0.0,0.0,0.0,0.0,0.0,0.0,0.0,0.0,0.0,0.00,
beir500k-f32,neg10_cat11,neg10,58822,pathseer-nc,64,2,32,0.9812,0.8438,0.00027,26.155,54.652,58.005,27.230,0.0,0.0,0.0,0.0,0.0,0.0,0.0,0.0,0.0,0.0,0.00,
beir500k-f32,neg10_cat11,neg10,58822,pathseer-nc,64,3,32,0.9812,0.8438,0.00027,26.182,54.595,58.724,27.463,0.0,0.0,0.0,0.0,0.0,0.0,0.0,0.0,0.0,0.0,0.00,
beir500k-f32,neg10_cat11,neg10,58822,pathseer,128,1,32,0.9906,0.9375,0.00017,41.962,78.230,84.256,43.694,34762.2,0.0,122567.4,24036.0,6.0,4362.0,314.0,3.8,65219.3,4.9,476.50,pathseer:32
beir500k-f32,neg10_cat11,neg10,58822,pathseer,128,2,32,0.9906,0.9375,0.00017,41.013,78.286,82.706,43.952,34762.2,0.0,122567.4,24036.0,6.0,4362.0,314.0,3.8,65219.3,4.9,476.50,pathseer:32
beir500k-f32,neg10_cat11,neg10,58822,pathseer,128,3,32,0.9906,0.9375,0.00017,40.989,79.339,89.893,44.553,34762.2,0.0,122567.4,24036.0,6.0,4362.0,314.0,3.8,65219.3,4.9,476.50,pathseer:32
beir500k-f32,neg10_cat11,neg10,58822,pathseer-nc,128,1,32,0.9906,0.9375,0.00017,38.720,78.632,80.459,41.145,0.0,0.0,0.0,0.0,0.0,0.0,0.0,0.0,0.0,0.0,0.00,
beir500k-f32,neg10_cat11,neg10,58822,pathseer-nc,128,2,32,0.9906,0.9375,0.00017,37.928,72.227,78.047,40.333,0.0,0.0,0.0,0.0,0.0,0.0,0.0,0.0,0.0,0.0,0.00,
beir500k-f32,neg10_cat11,neg10,58822,pathseer-nc,128,3,32,0.9906,0.9375,0.00017,37.616,73.671,77.675,40.224,0.0,0.0,0.0,0.0,0.0,0.0,0.0,0.0,0.0,0.0,0.00,
beir500k-f32,neg10_cat11,neg10,58822,pathseer,256,1,32,0.9938,0.9688,0.00006,60.613,104.973,116.702,61.274,50132.2,0.0,158347.2,33745.2,10.0,7681.0,622.0,6.3,77099.8,9.7,783.84,pathseer:32
beir500k-f32,neg10_cat11,neg10,58822,pathseer,256,2,32,0.9938,0.9688,0.00006,60.149,105.087,116.313,61.196,50132.2,0.0,158347.2,33745.2,10.0,7681.0,622.0,6.3,77099.8,9.7,783.84,pathseer:32
beir500k-f32,neg10_cat11,neg10,58822,pathseer,256,3,32,0.9938,0.9688,0.00006,60.492,104.606,116.736,61.485,50132.2,0.0,158347.2,33745.2,10.0,7681.0,622.0,6.3,77099.8,9.7,783.84,pathseer:32
beir500k-f32,neg10_cat11,neg10,58822,pathseer-nc,256,1,32,0.9938,0.9688,0.00006,55.828,99.138,110.554,57.026,0.0,0.0,0.0,0.0,0.0,0.0,0.0,0.0,0.0,0.0,0.00,
beir500k-f32,neg10_cat11,neg10,58822,pathseer-nc,256,2,32,0.9938,0.9688,0.00006,56.167,100.339,111.545,57.284,0.0,0.0,0.0,0.0,0.0,0.0,0.0,0.0,0.0,0.0,0.00,
beir500k-f32,neg10_cat11,neg10,58822,pathseer-nc,256,3,32,0.9938,0.9688,0.00006,55.527,98.741,110.816,56.918,0.0,0.0,0.0,0.0,0.0,0.0,0.0,0.0,0.0,0.0,0.00,
beir500k-f32,neg10_cat11,neg10,58822,pathseer,512,1,32,0.9969,0.9688,0.00004,86.352,137.281,160.123,87.049,72635.4,0.0,204703.6,46531.3,22.0,12547.0,1380.0,11.2,89907.9,21.6,1204.22,pathseer:32
beir500k-f32,neg10_cat11,neg10,58822,pathseer,512,2,32,0.9969,0.9688,0.00004,85.771,137.299,163.329,86.241,72635.4,0.0,204703.6,46531.3,22.0,12547.0,1380.0,11.2,89907.9,21.6,1204.22,pathseer:32
beir500k-f32,neg10_cat11,neg10,58822,pathseer,512,3,32,0.9969,0.9688,0.00004,85.538,141.031,159.507,87.260,72635.4,0.0,204703.6,46531.3,22.0,12547.0,1380.0,11.2,89907.9,21.6,1204.22,pathseer:32
beir500k-f32,neg10_cat11,neg10,58822,pathseer-nc,512,1,32,0.9969,0.9688,0.00004,79.465,130.464,154.464,80.611,0.0,0.0,0.0,0.0,0.0,0.0,0.0,0.0,0.0,0.0,0.00,
beir500k-f32,neg10_cat11,neg10,58822,pathseer-nc,512,2,32,0.9969,0.9688,0.00004,79.827,130.760,156.762,80.898,0.0,0.0,0.0,0.0,0.0,0.0,0.0,0.0,0.0,0.0,0.00,
beir500k-f32,neg10_cat11,neg10,58822,pathseer-nc,512,3,32,0.9969,0.9688,0.00004,78.957,131.805,153.642,80.687,0.0,0.0,0.0,0.0,0.0,0.0,0.0,0.0,0.0,0.0,0.00,
beir500k-f32,neg10_cat12,neg10,60873,pathseer,64,1,66,0.9621,0.6667,0.00036,21.718,34.166,35.995,19.990,14948.4,0.0,59932.2,11849.0,3.0,1361.0,167.8,2.4,34080.1,2.6,186.00,pathseer:66
beir500k-f32,neg10_cat12,neg10,60873,pathseer,64,2,66,0.9621,0.6667,0.00036,21.949,34.745,36.659,20.027,14948.4,0.0,59932.2,11849.0,3.0,1361.0,167.8,2.4,34080.1,2.6,186.00,pathseer:66
beir500k-f32,neg10_cat12,neg10,60873,pathseer,64,3,66,0.9621,0.6667,0.00036,21.783,34.429,35.687,19.906,14948.4,0.0,59932.2,11849.0,3.0,1361.0,167.8,2.4,34080.1,2.6,186.00,pathseer:66
beir500k-f32,neg10_cat12,neg10,60873,pathseer-nc,64,1,66,0.9621,0.6667,0.00036,19.312,33.370,34.963,18.326,0.0,0.0,0.0,0.0,0.0,0.0,0.0,0.0,0.0,0.0,0.00,
beir500k-f32,neg10_cat12,neg10,60873,pathseer-nc,64,2,66,0.9621,0.6667,0.00036,19.130,33.181,33.605,18.283,0.0,0.0,0.0,0.0,0.0,0.0,0.0,0.0,0.0,0.0,0.00,
beir500k-f32,neg10_cat12,neg10,60873,pathseer-nc,64,3,66,0.9621,0.6667,0.00036,19.325,32.582,33.658,18.343,0.0,0.0,0.0,0.0,0.0,0.0,0.0,0.0,0.0,0.0,0.00,
beir500k-f32,neg10_cat12,neg10,60873,pathseer,128,1,66,0.9924,0.9242,0.00007,30.879,44.789,47.798,28.858,22406.5,0.0,78280.0,17138.3,5.0,2609.0,305.5,3.0,40470.0,4.8,342.41,pathseer:66
beir500k-f32,neg10_cat12,neg10,60873,pathseer,128,2,66,0.9924,0.9242,0.00007,31.631,45.015,48.286,28.930,22406.5,0.0,78280.0,17138.3,5.0,2609.0,305.5,3.0,40470.0,4.8,342.41,pathseer:66
beir500k-f32,neg10_cat12,neg10,60873,pathseer,128,3,66,0.9924,0.9242,0.00007,30.819,45.794,48.846,29.184,22406.5,0.0,78280.0,17138.3,5.0,2609.0,305.5,3.0,40470.0,4.8,342.41,pathseer:66
beir500k-f32,neg10_cat12,neg10,60873,pathseer-nc,128,1,66,0.9924,0.9242,0.00007,29.204,42.620,45.580,26.977,0.0,0.0,0.0,0.0,0.0,0.0,0.0,0.0,0.0,0.0,0.00,
beir500k-f32,neg10_cat12,neg10,60873,pathseer-nc,128,2,66,0.9924,0.9242,0.00007,29.000,42.548,47.362,27.076,0.0,0.0,0.0,0.0,0.0,0.0,0.0,0.0,0.0,0.0,0.00,
beir500k-f32,neg10_cat12,neg10,60873,pathseer-nc,128,3,66,0.9924,0.9242,0.00007,28.648,42.967,46.000,27.301,0.0,0.0,0.0,0.0,0.0,0.0,0.0,0.0,0.0,0.0,0.00,
beir500k-f32,neg10_cat12,neg10,60873,pathseer,256,1,66,0.9955,0.9545,0.00004,44.772,59.544,62.098,40.788,32652.8,0.0,102218.4,23888.3,11.0,5050.0,659.4,8.2,48633.6,10.3,610.85,pathseer:66
beir500k-f32,neg10_cat12,neg10,60873,pathseer,256,2,66,0.9955,0.9545,0.00004,44.907,59.736,62.803,41.016,32652.8,0.0,102218.4,23888.3,11.0,5050.0,659.4,8.2,48633.6,10.3,610.85,pathseer:66
beir500k-f32,neg10_cat12,neg10,60873,pathseer,256,3,66,0.9955,0.9545,0.00004,44.549,59.262,60.482,40.784,32652.8,0.0,102218.4,23888.3,11.0,5050.0,659.4,8.2,48633.6,10.3,610.85,pathseer:66
beir500k-f32,neg10_cat12,neg10,60873,pathseer-nc,256,1,66,0.9955,0.9545,0.00004,41.976,55.384,56.954,38.302,0.0,0.0,0.0,0.0,0.0,0.0,0.0,0.0,0.0,0.0,0.00,
beir500k-f32,neg10_cat12,neg10,60873,pathseer-nc,256,2,66,0.9955,0.9545,0.00004,41.707,56.717,61.610,38.697,0.0,0.0,0.0,0.0,0.0,0.0,0.0,0.0,0.0,0.0,0.00,
beir500k-f32,neg10_cat12,neg10,60873,pathseer-nc,256,3,66,0.9955,0.9545,0.00004,41.823,55.303,57.196,38.345,0.0,0.0,0.0,0.0,0.0,0.0,0.0,0.0,0.0,0.0,0.00,
beir500k-f32,neg10_cat12,neg10,60873,pathseer,512,1,66,1.0000,1.0000,0.00000,59.323,73.842,79.460,56.613,46454.7,0.0,133360.0,32178.5,23.0,8978.0,1465.0,18.3,59556.2,22.9,1039.83,pathseer:66
beir500k-f32,neg10_cat12,neg10,60873,pathseer,512,2,66,1.0000,1.0000,0.00000,59.393,74.733,80.267,56.543,46454.7,0.0,133360.0,32178.5,23.0,8978.0,1465.0,18.3,59556.2,22.9,1039.83,pathseer:66
beir500k-f32,neg10_cat12,neg10,60873,pathseer,512,3,66,1.0000,1.0000,0.00000,59.275,74.283,80.007,56.448,46454.7,0.0,133360.0,32178.5,23.0,8978.0,1465.0,18.3,59556.2,22.9,1039.83,pathseer:66
beir500k-f32,neg10_cat12,neg10,60873,pathseer-nc,512,1,66,1.0000,1.0000,0.00000,57.136,69.737,75.697,53.108,0.0,0.0,0.0,0.0,0.0,0.0,0.0,0.0,0.0,0.0,0.00,
beir500k-f32,neg10_cat12,neg10,60873,pathseer-nc,512,2,66,1.0000,1.0000,0.00000,56.655,70.193,75.755,52.927,0.0,0.0,0.0,0.0,0.0,0.0,0.0,0.0,0.0,0.0,0.00,
beir500k-f32,neg10_cat12,neg10,60873,pathseer-nc,512,3,66,1.0000,1.0000,0.00000,56.400,69.784,76.056,53.176,0.0,0.0,0.0,0.0,0.0,0.0,0.0,0.0,0.0,0.0,0.00,
beir500k-f32,neg10_cat13,neg10,62221,pathseer,64,1,54,0.9796,0.8704,0.00038,3.092,7.890,10.389,3.649,3586.6,0.0,14924.2,1515.1,3.0,107.0,149.3,7.7,10429.5,2.3,223.85,pathseer:54
beir500k-f32,neg10_cat13,neg10,62221,pathseer,64,2,54,0.9796,0.8704,0.00038,3.127,8.141,10.536,3.704,3586.6,0.0,14924.2,1515.1,3.0,107.0,149.3,7.7,10429.5,2.3,223.85,pathseer:54
beir500k-f32,neg10_cat13,neg10,62221,pathseer,64,3,54,0.9796,0.8704,0.00038,3.135,8.352,10.404,3.674,3586.6,0.0,14924.2,1515.1,3.0,107.0,149.3,7.7,10429.5,2.3,223.85,pathseer:54
beir500k-f32,neg10_cat13,neg10,62221,pathseer-nc,64,1,54,0.9796,0.8704,0.00038,2.729,7.106,9.391,3.237,0.0,0.0,0.0,0.0,0.0,0.0,0.0,0.0,0.0,0.0,0.00,
beir500k-f32,neg10_cat13,neg10,62221,pathseer-nc,64,2,54,0.9796,0.8704,0.00038,2.733,6.963,9.332,3.233,0.0,0.0,0.0,0.0,0.0,0.0,0.0,0.0,0.0,0.0,0.00,
beir500k-f32,neg10_cat13,neg10,62221,pathseer-nc,64,3,54,0.9796,0.8704,0.00038,2.787,7.140,9.433,3.243,0.0,0.0,0.0,0.0,0.0,0.0,0.0,0.0,0.0,0.0,0.00,
beir500k-f32,neg10_cat13,neg10,62221,pathseer,128,1,54,0.9963,0.9630,0.00001,5.450,12.489,15.812,6.048,5981.5,0.0,22277.5,2529.9,5.0,191.0,272.6,16.4,14828.1,4.3,405.87,pathseer:54
beir500k-f32,neg10_cat13,neg10,62221,pathseer,128,2,54,0.9963,0.9630,0.00001,5.808,13.194,16.158,6.213,5981.5,0.0,22277.5,2529.9,5.0,191.0,272.6,16.4,14828.1,4.3,405.87,pathseer:54
beir500k-f32,neg10_cat13,neg10,62221,pathseer,128,3,54,0.9963,0.9630,0.00001,5.630,12.706,15.980,6.064,5981.5,0.0,22277.5,2529.9,5.0,191.0,272.6,16.4,14828.1,4.3,405.87,pathseer:54
beir500k-f32,neg10_cat13,neg10,62221,pathseer-nc,128,1,54,0.9963,0.9630,0.00001,4.947,11.168,15.332,5.509,0.0,0.0,0.0,0.0,0.0,0.0,0.0,0.0,0.0,0.0,0.00,
beir500k-f32,neg10_cat13,neg10,62221,pathseer-nc,128,2,54,0.9963,0.9630,0.00001,5.047,11.346,14.563,5.505,0.0,0.0,0.0,0.0,0.0,0.0,0.0,0.0,0.0,0.0,0.00,
beir500k-f32,neg10_cat13,neg10,62221,pathseer-nc,128,3,54,0.9963,0.9630,0.00001,5.089,11.358,14.763,5.495,0.0,0.0,0.0,0.0,0.0,0.0,0.0,0.0,0.0,0.0,0.00,
beir500k-f32,neg10_cat13,neg10,62221,pathseer,256,1,54,0.9981,0.9815,0.00001,9.550,21.328,22.909,10.304,9934.2,0.0,33550.9,4207.9,10.0,480.0,567.7,31.6,21158.0,8.9,718.50,pathseer:54
beir500k-f32,neg10_cat13,neg10,62221,pathseer,256,2,54,0.9981,0.9815,0.00001,10.242,21.265,23.038,10.299,9934.2,0.0,33550.9,4207.9,10.0,480.0,567.7,31.6,21158.0,8.9,718.50,pathseer:54
beir500k-f32,neg10_cat13,neg10,62221,pathseer,256,3,54,0.9981,0.9815,0.00001,9.766,21.282,22.870,10.233,9934.2,0.0,33550.9,4207.9,10.0,480.0,567.7,31.6,21158.0,8.9,718.50,pathseer:54
beir500k-f32,neg10_cat13,neg10,62221,pathseer-nc,256,1,54,0.9981,0.9815,0.00001,9.065,19.924,21.012,9.378,0.0,0.0,0.0,0.0,0.0,0.0,0.0,0.0,0.0,0.0,0.00,
beir500k-f32,neg10_cat13,neg10,62221,pathseer-nc,256,2,54,0.9981,0.9815,0.00001,8.959,20.094,21.485,9.849,0.0,0.0,0.0,0.0,0.0,0.0,0.0,0.0,0.0,0.0,0.00,
beir500k-f32,neg10_cat13,neg10,62221,pathseer-nc,256,3,54,0.9981,0.9815,0.00001,9.048,19.066,20.328,9.212,0.0,0.0,0.0,0.0,0.0,0.0,0.0,0.0,0.0,0.0,0.00,
beir500k-f32,neg10_cat13,neg10,62221,pathseer,512,1,54,0.9981,0.9815,0.00001,16.375,33.058,34.350,17.122,16567.5,0.0,51151.4,7070.6,20.0,916.0,1210.1,65.9,30313.7,18.9,1263.63,pathseer:54
beir500k-f32,neg10_cat13,neg10,62221,pathseer,512,2,54,0.9981,0.9815,0.00001,16.260,33.210,34.605,17.245,16567.5,0.0,51151.4,7070.6,20.0,916.0,1210.1,65.9,30313.7,18.9,1263.63,pathseer:54
beir500k-f32,neg10_cat13,neg10,62221,pathseer,512,3,54,0.9981,0.9815,0.00001,16.816,33.180,34.608,17.272,16567.5,0.0,51151.4,7070.6,20.0,916.0,1210.1,65.9,30313.7,18.9,1263.63,pathseer:54
beir500k-f32,neg10_cat13,neg10,62221,pathseer-nc,512,1,54,0.9981,0.9815,0.00001,15.103,30.535,31.664,15.594,0.0,0.0,0.0,0.0,0.0,0.0,0.0,0.0,0.0,0.0,0.00,
beir500k-f32,neg10_cat13,neg10,62221,pathseer-nc,512,2,54,0.9981,0.9815,0.00001,15.007,30.582,32.141,15.540,0.0,0.0,0.0,0.0,0.0,0.0,0.0,0.0,0.0,0.0,0.00,
beir500k-f32,neg10_cat13,neg10,62221,pathseer-nc,512,3,54,0.9981,0.9815,0.00001,15.101,30.479,31.822,15.579,0.0,0.0,0.0,0.0,0.0,0.0,0.0,0.0,0.0,0.0,0.00,
beir500k-f32,neg10_cat14,neg10,63772,pathseer,64,1,6,0.9167,0.3333,0.00146,10.079,17.854,17.854,10.762,9234.7,0.0,38454.7,5655.0,3.0,863.0,138.7,3.5,24048.8,2.2,297.00,pathseer:6
beir500k-f32,neg10_cat14,neg10,63772,pathseer,64,2,6,0.9167,0.3333,0.00146,10.731,18.067,18.067,10.925,9234.7,0.0,38454.7,5655.0,3.0,863.0,138.7,3.5,24048.8,2.2,297.00,pathseer:6
beir500k-f32,neg10_cat14,neg10,63772,pathseer,64,3,6,0.9167,0.3333,0.00146,10.282,18.370,18.370,10.952,9234.7,0.0,38454.7,5655.0,3.0,863.0,138.7,3.5,24048.8,2.2,297.00,pathseer:6
beir500k-f32,neg10_cat14,neg10,63772,pathseer-nc,64,1,6,0.9167,0.3333,0.00146,9.085,16.572,16.572,9.727,0.0,0.0,0.0,0.0,0.0,0.0,0.0,0.0,0.0,0.0,0.00,
beir500k-f32,neg10_cat14,neg10,63772,pathseer-nc,64,2,6,0.9167,0.3333,0.00146,9.644,16.713,16.713,9.834,0.0,0.0,0.0,0.0,0.0,0.0,0.0,0.0,0.0,0.0,0.00,
beir500k-f32,neg10_cat14,neg10,63772,pathseer-nc,64,3,6,0.9167,0.3333,0.00146,9.409,16.466,16.466,9.756,0.0,0.0,0.0,0.0,0.0,0.0,0.0,0.0,0.0,0.0,0.00,
beir500k-f32,neg10_cat14,neg10,63772,pathseer,128,1,6,0.9500,0.5000,0.00094,15.553,27.518,27.518,17.059,14531.2,0.0,53200.2,8791.0,5.0,1534.0,288.0,6.7,30711.7,4.5,448.50,pathseer:6
beir500k-f32,neg10_cat14,neg10,63772,pathseer,128,2,6,0.9500,0.5000,0.00094,15.801,26.465,26.465,16.955,14531.2,0.0,53200.2,8791.0,5.0,1534.0,288.0,6.7,30711.7,4.5,448.50,pathseer:6
beir500k-f32,neg10_cat14,neg10,63772,pathseer,128,3,6,0.9500,0.5000,0.00094,15.717,26.588,26.588,16.963,14531.2,0.0,53200.2,8791.0,5.0,1534.0,288.0,6.7,30711.7,4.5,448.50,pathseer:6
beir500k-f32,neg10_cat14,neg10,63772,pathseer-nc,128,1,6,0.9500,0.5000,0.00094,14.873,24.825,24.825,15.570,0.0,0.0,0.0,0.0,0.0,0.0,0.0,0.0,0.0,0.0,0.00,
beir500k-f32,neg10_cat14,neg10,63772,pathseer-nc,128,2,6,0.9500,0.5000,0.00094,15.593,26.119,26.119,15.836,0.0,0.0,0.0,0.0,0.0,0.0,0.0,0.0,0.0,0.0,0.00,
beir500k-f32,neg10_cat14,neg10,63772,pathseer-nc,128,3,6,0.9500,0.5000,0.00094,15.044,24.981,24.981,15.667,0.0,0.0,0.0,0.0,0.0,0.0,0.0,0.0,0.0,0.0,0.00,
beir500k-f32,neg10_cat14,neg10,63772,pathseer,256,1,6,0.9500,0.5000,0.00094,26.968,39.619,39.619,27.398,23980.7,0.0,75100.3,13855.5,13.0,3689.0,650.7,13.0,38668.7,10.2,524.17,pathseer:6
beir500k-f32,neg10_cat14,neg10,63772,pathseer,256,2,6,0.9500,0.5000,0.00094,26.924,39.717,39.717,27.262,23980.7,0.0,75100.3,13855.5,13.0,3689.0,650.7,13.0,38668.7,10.2,524.17,pathseer:6
beir500k-f32,neg10_cat14,neg10,63772,pathseer,256,3,6,0.9500,0.5000,0.00094,26.845,39.824,39.824,27.227,23980.7,0.0,75100.3,13855.5,13.0,3689.0,650.7,13.0,38668.7,10.2,524.17,pathseer:6
beir500k-f32,neg10_cat14,neg10,63772,pathseer-nc,256,1,6,0.9500,0.5000,0.00094,24.338,37.336,37.336,25.256,0.0,0.0,0.0,0.0,0.0,0.0,0.0,0.0,0.0,0.0,0.00,
beir500k-f32,neg10_cat14,neg10,63772,pathseer-nc,256,2,6,0.9500,0.5000,0.00094,24.160,37.524,37.524,25.310,0.0,0.0,0.0,0.0,0.0,0.0,0.0,0.0,0.0,0.0,0.00,
beir500k-f32,neg10_cat14,neg10,63772,pathseer-nc,256,3,6,0.9500,0.5000,0.00094,24.922,38.448,38.448,25.842,0.0,0.0,0.0,0.0,0.0,0.0,0.0,0.0,0.0,0.0,0.00,
beir500k-f32,neg10_cat14,neg10,63772,pathseer,512,1,6,0.9833,0.8333,0.00024,43.698,54.924,54.924,41.195,37216.8,0.0,104503.8,20634.8,23.0,6015.0,1450.7,17.7,49323.8,22.7,686.33,pathseer:6
beir500k-f32,neg10_cat14,neg10,63772,pathseer,512,2,6,0.9833,0.8333,0.00024,43.514,54.962,54.962,41.226,37216.8,0.0,104503.8,20634.8,23.0,6015.0,1450.7,17.7,49323.8,22.7,686.33,pathseer:6
beir500k-f32,neg10_cat14,neg10,63772,pathseer,512,3,6,0.9833,0.8333,0.00024,43.852,54.826,54.826,41.282,37216.8,0.0,104503.8,20634.8,23.0,6015.0,1450.7,17.7,49323.8,22.7,686.33,pathseer:6
beir500k-f32,neg10_cat14,neg10,63772,pathseer-nc,512,1,6,0.9833,0.8333,0.00024,40.816,52.577,52.577,38.677,0.0,0.0,0.0,0.0,0.0,0.0,0.0,0.0,0.0,0.0,0.00,
beir500k-f32,neg10_cat14,neg10,63772,pathseer-nc,512,2,6,0.9833,0.8333,0.00024,40.749,54.797,54.797,39.578,0.0,0.0,0.0,0.0,0.0,0.0,0.0,0.0,0.0,0.0,0.00,
beir500k-f32,neg10_cat14,neg10,63772,pathseer-nc,512,3,6,0.9833,0.8333,0.00024,41.591,53.618,53.618,39.270,0.0,0.0,0.0,0.0,0.0,0.0,0.0,0.0,0.0,0.0,0.00,
beir500k-f32,neg10_cat15,neg10,63900,pathseer,64,1,84,0.9452,0.6190,0.00124,2.070,6.560,12.353,2.831,3114.9,0.0,10297.1,886.5,3.0,46.0,160.8,17.1,7186.1,2.5,157.54,pathseer:84
beir500k-f32,neg10_cat15,neg10,63900,pathseer,64,2,84,0.9452,0.6190,0.00124,1.976,5.940,12.274,2.802,3114.9,0.0,10297.1,886.5,3.0,46.0,160.8,17.1,7186.1,2.5,157.54,pathseer:84
beir500k-f32,neg10_cat15,neg10,63900,pathseer,64,3,84,0.9452,0.6190,0.00124,2.045,5.906,12.272,2.812,3114.9,0.0,10297.1,886.5,3.0,46.0,160.8,17.1,7186.1,2.5,157.54,pathseer:84
beir500k-f32,neg10_cat15,neg10,63900,pathseer-nc,64,1,84,0.9452,0.6190,0.00124,1.846,5.282,11.269,2.522,0.0,0.0,0.0,0.0,0.0,0.0,0.0,0.0,0.0,0.0,0.00,
beir500k-f32,neg10_cat15,neg10,63900,pathseer-nc,64,2,84,0.9452,0.6190,0.00124,1.908,5.236,11.408,2.546,0.0,0.0,0.0,0.0,0.0,0.0,0.0,0.0,0.0,0.0,0.00,
beir500k-f32,neg10_cat15,neg10,63900,pathseer-nc,64,3,84,0.9452,0.6190,0.00124,1.911,5.667,12.039,2.601,0.0,0.0,0.0,0.0,0.0,0.0,0.0,0.0,0.0,0.0,0.00,
beir500k-f32,neg10_cat15,neg10,63900,pathseer,128,1,84,0.9786,0.8095,0.00033,3.611,9.305,19.702,4.694,5335.5,0.0,16015.1,1472.6,5.0,100.0,289.5,30.5,10833.4,4.5,295.08,pathseer:84
beir500k-f32,neg10_cat15,neg10,63900,pathseer,128,2,84,0.9786,0.8095,0.00033,3.734,9.160,19.753,4.721,5335.5,0.0,16015.1,1472.6,5.0,100.0,289.5,30.5,10833.4,4.5,295.08,pathseer:84
beir500k-f32,neg10_cat15,neg10,63900,pathseer,128,3,84,0.9786,0.8095,0.00033,3.624,9.217,19.918,4.721,5335.5,0.0,16015.1,1472.6,5.0,100.0,289.5,30.5,10833.4,4.5,295.08,pathseer:84
beir500k-f32,neg10_cat15,neg10,63900,pathseer-nc,128,1,84,0.9786,0.8095,0.00033,3.333,8.351,17.998,4.253,0.0,0.0,0.0,0.0,0.0,0.0,0.0,0.0,0.0,0.0,0.00,
beir500k-f32,neg10_cat15,neg10,63900,pathseer-nc,128,2,84,0.9786,0.8095,0.00033,3.340,8.275,17.927,4.223,0.0,0.0,0.0,0.0,0.0,0.0,0.0,0.0,0.0,0.0,0.00,
beir500k-f32,neg10_cat15,neg10,63900,pathseer-nc,128,3,84,0.9786,0.8095,0.00033,3.359,8.754,18.033,4.239,0.0,0.0,0.0,0.0,0.0,0.0,0.0,0.0,0.0,0.0,0.00,
beir500k-f32,neg10_cat15,neg10,63900,pathseer,256,1,84,0.9929,0.9286,0.00007,6.456,15.644,30.798,8.008,9126.0,0.0,25012.2,2484.2,10.0,175.0,575.2,60.4,16178.6,9.0,539.23,pathseer:84
beir500k-f32,neg10_cat15,neg10,63900,pathseer,256,2,84,0.9929,0.9286,0.00007,6.253,15.717,29.968,7.951,9126.0,0.0,25012.2,2484.2,10.0,175.0,575.2,60.4,16178.6,9.0,539.23,pathseer:84
beir500k-f32,neg10_cat15,neg10,63900,pathseer,256,3,84,0.9929,0.9286,0.00007,6.082,15.842,29.986,7.995,9126.0,0.0,25012.2,2484.2,10.0,175.0,575.2,60.4,16178.6,9.0,539.23,pathseer:84
beir500k-f32,neg10_cat15,neg10,63900,pathseer-nc,256,1,84,0.9929,0.9286,0.00007,5.720,13.775,27.630,7.204,0.0,0.0,0.0,0.0,0.0,0.0,0.0,0.0,0.0,0.0,0.00,
beir500k-f32,neg10_cat15,neg10,63900,pathseer-nc,256,2,84,0.9929,0.9286,0.00007,5.561,13.816,27.738,7.178,0.0,0.0,0.0,0.0,0.0,0.0,0.0,0.0,0.0,0.0,0.00,
beir500k-f32,neg10_cat15,neg10,63900,pathseer-nc,256,3,84,0.9929,0.9286,0.00007,5.637,13.690,27.861,7.206,0.0,0.0,0.0,0.0,0.0,0.0,0.0,0.0,0.0,0.0,0.00,
beir500k-f32,neg10_cat15,neg10,63900,pathseer,512,1,84,0.9964,0.9643,0.00005,11.129,27.354,45.184,13.548,15382.8,0.0,39367.5,4219.3,19.0,336.0,1205.9,127.4,24314.7,18.8,972.40,pathseer:84
beir500k-f32,neg10_cat15,neg10,63900,pathseer,512,2,84,0.9964,0.9643,0.00005,11.139,26.087,44.921,13.597,15382.8,0.0,39367.5,4219.3,19.0,336.0,1205.9,127.4,24314.7,18.8,972.40,pathseer:84
beir500k-f32,neg10_cat15,neg10,63900,pathseer,512,3,84,0.9964,0.9643,0.00005,11.100,25.989,45.098,13.506,15382.8,0.0,39367.5,4219.3,19.0,336.0,1205.9,127.4,24314.7,18.8,972.40,pathseer:84
beir500k-f32,neg10_cat15,neg10,63900,pathseer-nc,512,1,84,0.9964,0.9643,0.00005,10.041,23.474,41.283,12.257,0.0,0.0,0.0,0.0,0.0,0.0,0.0,0.0,0.0,0.0,0.00,
beir500k-f32,neg10_cat15,neg10,63900,pathseer-nc,512,2,84,0.9964,0.9643,0.00005,9.980,23.419,40.693,12.048,0.0,0.0,0.0,0.0,0.0,0.0,0.0,0.0,0.0,0.0,0.00,
beir500k-f32,neg10_cat15,neg10,63900,pathseer-nc,512,3,84,0.9964,0.9643,0.00005,10.094,24.286,40.596,12.160,0.0,0.0,0.0,0.0,0.0,0.0,0.0,0.0,0.0,0.0,0.00,
beir500k-f32,neg10_cat16,neg10,51796,pathseer,64,1,42,0.9929,0.9286,0.00008,3.643,7.378,7.838,4.073,3849.2,0.0,16003.2,1915.9,4.0,189.0,189.0,6.5,10712.9,3.0,202.93,pathseer:42
beir500k-f32,neg10_cat16,neg10,51796,pathseer,64,2,42,0.9929,0.9286,0.00008,3.734,7.550,8.030,4.091,3849.2,0.0,16003.2,1915.9,4.0,189.0,189.0,6.5,10712.9,3.0,202.93,pathseer:42
beir500k-f32,neg10_cat16,neg10,51796,pathseer,64,3,42,0.9929,0.9286,0.00008,3.685,7.503,7.756,4.075,3849.2,0.0,16003.2,1915.9,4.0,189.0,189.0,6.5,10712.9,3.0,202.93,pathseer:42
beir500k-f32,neg10_cat16,neg10,51796,pathseer-nc,64,1,42,0.9929,0.9286,0.00008,3.445,6.604,7.116,3.654,0.0,0.0,0.0,0.0,0.0,0.0,0.0,0.0,0.0,0.0,0.00,
beir500k-f32,neg10_cat16,neg10,51796,pathseer-nc,64,2,42,0.9929,0.9286,0.00008,3.315,6.531,7.050,3.611,0.0,0.0,0.0,0.0,0.0,0.0,0.0,0.0,0.0,0.0,0.00,
beir500k-f32,neg10_cat16,neg10,51796,pathseer-nc,64,3,42,0.9929,0.9286,0.00008,3.254,6.592,6.990,3.634,0.0,0.0,0.0,0.0,0.0,0.0,0.0,0.0,0.0,0.0,0.00,
beir500k-f32,neg10_cat16,neg10,51796,pathseer,128,1,42,0.9976,0.9762,0.00001,6.692,11.586,12.575,6.891,6432.9,0.0,23366.9,3240.9,7.0,434.0,392.8,12.6,14458.5,6.1,365.02,pathseer:42
beir500k-f32,neg10_cat16,neg10,51796,pathseer,128,2,42,0.9976,0.9762,0.00001,6.470,10.848,12.447,6.727,6432.9,0.0,23366.9,3240.9,7.0,434.0,392.8,12.6,14458.5,6.1,365.02,pathseer:42
beir500k-f32,neg10_cat16,neg10,51796,pathseer,128,3,42,0.9976,0.9762,0.00001,6.492,11.043,12.518,6.801,6432.9,0.0,23366.9,3240.9,7.0,434.0,392.8,12.6,14458.5,6.1,365.02,pathseer:42
beir500k-f32,neg10_cat16,neg10,51796,pathseer-nc,128,1,42,0.9976,0.9762,0.00001,5.804,9.956,11.375,6.109,0.0,0.0,0.0,0.0,0.0,0.0,0.0,0.0,0.0,0.0,0.00,
beir500k-f32,neg10_cat16,neg10,51796,pathseer-nc,128,2,42,0.9976,0.9762,0.00001,5.833,9.899,11.444,6.082,0.0,0.0,0.0,0.0,0.0,0.0,0.0,0.0,0.0,0.0,0.00,
beir500k-f32,neg10_cat16,neg10,51796,pathseer-nc,128,3,42,0.9976,0.9762,0.00001,5.796,9.955,11.570,6.099,0.0,0.0,0.0,0.0,0.0,0.0,0.0,0.0,0.0,0.0,0.00,
beir500k-f32,neg10_cat16,neg10,51796,pathseer,256,1,42,1.0000,1.0000,0.00000,10.403,17.315,19.339,10.945,10469.0,0.0,33114.7,5350.5,14.0,765.0,840.8,29.6,18495.8,13.1,617.69,pathseer:42
beir500k-f32,neg10_cat16,neg10,51796,pathseer,256,2,42,1.0000,1.0000,0.00000,10.748,17.557,19.386,11.064,10469.0,0.0,33114.7,5350.5,14.0,765.0,840.8,29.6,18495.8,13.1,617.69,pathseer:42
beir500k-f32,neg10_cat16,neg10,51796,pathseer,256,3,42,1.0000,1.0000,0.00000,10.521,17.233,19.308,11.061,10469.0,0.0,33114.7,5350.5,14.0,765.0,840.8,29.6,18495.8,13.1,617.69,pathseer:42
beir500k-f32,neg10_cat16,neg10,51796,pathseer-nc,256,1,42,1.0000,1.0000,0.00000,9.639,16.668,19.624,10.176,0.0,0.0,0.0,0.0,0.0,0.0,0.0,0.0,0.0,0.0,0.00,
beir500k-f32,neg10_cat16,neg10,51796,pathseer-nc,256,2,42,1.0000,1.0000,0.00000,9.526,16.381,18.120,10.075,0.0,0.0,0.0,0.0,0.0,0.0,0.0,0.0,0.0,0.0,0.00,
beir500k-f32,neg10_cat16,neg10,51796,pathseer-nc,256,3,42,1.0000,1.0000,0.00000,9.489,16.290,18.203,10.096,0.0,0.0,0.0,0.0,0.0,0.0,0.0,0.0,0.0,0.0,0.00,
beir500k-f32,neg10_cat16,neg10,51796,pathseer,512,1,42,1.0000,1.0000,0.00000,17.872,27.203,29.450,17.856,16784.5,0.0,46656.7,8697.6,30.0,1464.0,1943.7,64.0,22923.6,30.4,1052.81,pathseer:42
beir500k-f32,neg10_cat16,neg10,51796,pathseer,512,2,42,1.0000,1.0000,0.00000,17.495,27.501,27.741,17.744,16784.5,0.0,46656.7,8697.6,30.0,1464.0,1943.7,64.0,22923.6,30.4,1052.81,pathseer:42
beir500k-f32,neg10_cat16,neg10,51796,pathseer,512,3,42,1.0000,1.0000,0.00000,18.144,27.284,28.591,17.883,16784.5,0.0,46656.7,8697.6,30.0,1464.0,1943.7,64.0,22923.6,30.4,1052.81,pathseer:42
beir500k-f32,neg10_cat16,neg10,51796,pathseer-nc,512,1,42,1.0000,1.0000,0.00000,15.886,25.780,26.324,16.418,0.0,0.0,0.0,0.0,0.0,0.0,0.0,0.0,0.0,0.0,0.00,
beir500k-f32,neg10_cat16,neg10,51796,pathseer-nc,512,2,42,1.0000,1.0000,0.00000,16.194,25.866,26.111,16.483,0.0,0.0,0.0,0.0,0.0,0.0,0.0,0.0,0.0,0.0,0.00,
beir500k-f32,neg10_cat16,neg10,51796,pathseer-nc,512,3,42,1.0000,1.0000,0.00000,16.060,26.009,26.477,16.527,0.0,0.0,0.0,0.0,0.0,0.0,0.0,0.0,0.0,0.0,0.00,
beir500k-f32,neg10_cat17,neg10,62171,pathseer,64,1,45,0.9156,0.5556,0.00114,6.578,17.960,29.487,7.415,6579.2,0.0,29540.2,3225.5,3.0,251.0,155.0,5.2,20580.0,2.4,220.36,pathseer:45
beir500k-f32,neg10_cat17,neg10,62171,pathseer,64,2,45,0.9156,0.5556,0.00114,6.633,17.599,31.141,7.475,6579.2,0.0,29540.2,3225.5,3.0,251.0,155.0,5.2,20580.0,2.4,220.36,pathseer:45
beir500k-f32,neg10_cat17,neg10,62171,pathseer,64,3,45,0.9156,0.5556,0.00114,6.616,19.077,29.465,7.560,6579.2,0.0,29540.2,3225.5,3.0,251.0,155.0,5.2,20580.0,2.4,220.36,pathseer:45
beir500k-f32,neg10_cat17,neg10,62171,pathseer-nc,64,1,45,0.9156,0.5556,0.00114,5.746,16.144,27.727,6.577,0.0,0.0,0.0,0.0,0.0,0.0,0.0,0.0,0.0,0.0,0.00,
beir500k-f32,neg10_cat17,neg10,62171,pathseer-nc,64,2,45,0.9156,0.5556,0.00114,5.851,16.562,29.671,6.718,0.0,0.0,0.0,0.0,0.0,0.0,0.0,0.0,0.0,0.0,0.00,
beir500k-f32,neg10_cat17,neg10,62171,pathseer-nc,64,3,45,0.9156,0.5556,0.00114,5.919,16.332,35.023,7.157,0.0,0.0,0.0,0.0,0.0,0.0,0.0,0.0,0.0,0.0,0.00,
beir500k-f32,neg10_cat17,neg10,62171,pathseer,128,1,45,0.9467,0.6444,0.00080,11.425,25.915,36.039,12.225,11120.7,0.0,43164.3,5169.9,5.0,520.0,278.8,10.4,28423.6,4.4,377.78,pathseer:45
beir500k-f32,neg10_cat17,neg10,62171,pathseer,128,2,45,0.9467,0.6444,0.00080,11.468,25.585,36.288,12.128,11120.7,0.0,43164.3,5169.9,5.0,520.0,278.8,10.4,28423.6,4.4,377.78,pathseer:45
beir500k-f32,neg10_cat17,neg10,62171,pathseer,128,3,45,0.9467,0.6444,0.00080,11.410,25.665,35.873,12.081,11120.7,0.0,43164.3,5169.9,5.0,520.0,278.8,10.4,28423.6,4.4,377.78,pathseer:45
beir500k-f32,neg10_cat17,neg10,62171,pathseer-nc,128,1,45,0.9467,0.6444,0.00080,9.977,23.848,33.600,10.946,0.0,0.0,0.0,0.0,0.0,0.0,0.0,0.0,0.0,0.0,0.00,
beir500k-f32,neg10_cat17,neg10,62171,pathseer-nc,128,2,45,0.9467,0.6444,0.00080,9.859,23.620,33.603,10.806,0.0,0.0,0.0,0.0,0.0,0.0,0.0,0.0,0.0,0.0,0.00,
beir500k-f32,neg10_cat17,neg10,62171,pathseer-nc,128,3,45,0.9467,0.6444,0.00080,9.938,23.972,33.497,10.825,0.0,0.0,0.0,0.0,0.0,0.0,0.0,0.0,0.0,0.0,0.00,
beir500k-f32,neg10_cat17,neg10,62171,pathseer,256,1,45,0.9711,0.8222,0.00032,18.554,33.422,48.446,19.016,18070.6,0.0,61803.2,8042.6,10.0,978.0,628.6,25.8,38340.4,9.8,651.67,pathseer:45
beir500k-f32,neg10_cat17,neg10,62171,pathseer,256,2,45,0.9711,0.8222,0.00032,18.613,33.507,48.310,18.973,18070.6,0.0,61803.2,8042.6,10.0,978.0,628.6,25.8,38340.4,9.8,651.67,pathseer:45
beir500k-f32,neg10_cat17,neg10,62171,pathseer,256,3,45,0.9711,0.8222,0.00032,18.652,36.094,48.370,19.126,18070.6,0.0,61803.2,8042.6,10.0,978.0,628.6,25.8,38340.4,9.8,651.67,pathseer:45
beir500k-f32,neg10_cat17,neg10,62171,pathseer-nc,256,1,45,0.9711,0.8222,0.00032,16.690,31.114,45.732,17.307,0.0,0.0,0.0,0.0,0.0,0.0,0.0,0.0,0.0,0.0,0.00,
beir500k-f32,neg10_cat17,neg10,62171,pathseer-nc,256,2,45,0.9711,0.8222,0.00032,16.968,31.486,45.323,17.260,0.0,0.0,0.0,0.0,0.0,0.0,0.0,0.0,0.0,0.0,0.00,
beir500k-f32,neg10_cat17,neg10,62171,pathseer-nc,256,3,45,0.9711,0.8222,0.00032,16.713,31.278,45.655,17.193,0.0,0.0,0.0,0.0,0.0,0.0,0.0,0.0,0.0,0.0,0.00,
beir500k-f32,neg10_cat17,neg10,62171,pathseer,512,1,45,0.9844,0.9333,0.00004,29.743,50.084,64.155,29.967,28864.0,0.0,88246.0,12392.3,21.0,1706.0,1418.6,48.7,51334.9,22.2,1162.91,pathseer:45
beir500k-f32,neg10_cat17,neg10,62171,pathseer,512,2,45,0.9844,0.9333,0.00004,29.220,50.584,64.402,29.843,28864.0,0.0,88246.0,12392.3,21.0,1706.0,1418.6,48.7,51334.9,22.2,1162.91,pathseer:45
beir500k-f32,neg10_cat17,neg10,62171,pathseer,512,3,45,0.9844,0.9333,0.00004,29.380,50.238,64.133,30.118,28864.0,0.0,88246.0,12392.3,21.0,1706.0,1418.6,48.7,51334.9,22.2,1162.91,pathseer:45
beir500k-f32,neg10_cat17,neg10,62171,pathseer-nc,512,1,45,0.9844,0.9333,0.00004,25.715,45.063,60.951,27.018,0.0,0.0,0.0,0.0,0.0,0.0,0.0,0.0,0.0,0.0,0.00,
beir500k-f32,neg10_cat17,neg10,62171,pathseer-nc,512,2,45,0.9844,0.9333,0.00004,25.819,45.348,60.516,27.136,0.0,0.0,0.0,0.0,0.0,0.0,0.0,0.0,0.0,0.0,0.00,
beir500k-f32,neg10_cat17,neg10,62171,pathseer-nc,512,3,45,0.9844,0.9333,0.00004,25.947,45.903,60.824,27.113,0.0,0.0,0.0,0.0,0.0,0.0,0.0,0.0,0.0,0.0,0.00,
beir500k-f32,neg10_cat18,neg10,61365,pathseer,64,1,10,0.9900,0.9000,0.00012,0.718,0.801,0.801,0.684,1511.7,0.0,1105.4,102.5,2.0,3.0,89.6,49.1,340.5,1.4,77.00,pathseer:10
beir500k-f32,neg10_cat18,neg10,61365,pathseer,64,2,10,0.9900,0.9000,0.00012,0.725,0.826,0.826,0.688,1511.7,0.0,1105.4,102.5,2.0,3.0,89.6,49.1,340.5,1.4,77.00,pathseer:10
beir500k-f32,neg10_cat18,neg10,61365,pathseer,64,3,10,0.9900,0.9000,0.00012,0.712,0.825,0.825,0.686,1511.7,0.0,1105.4,102.5,2.0,3.0,89.6,49.1,340.5,1.4,77.00,pathseer:10
beir500k-f32,neg10_cat18,neg10,61365,pathseer-nc,64,1,10,0.9900,0.9000,0.00012,0.681,0.776,0.776,0.652,0.0,0.0,0.0,0.0,0.0,0.0,0.0,0.0,0.0,0.0,0.00,
beir500k-f32,neg10_cat18,neg10,61365,pathseer-nc,64,2,10,0.9900,0.9000,0.00012,0.665,0.768,0.768,0.652,0.0,0.0,0.0,0.0,0.0,0.0,0.0,0.0,0.0,0.0,0.00,
beir500k-f32,neg10_cat18,neg10,61365,pathseer-nc,64,3,10,0.9900,0.9000,0.00012,0.674,0.775,0.775,0.652,0.0,0.0,0.0,0.0,0.0,0.0,0.0,0.0,0.0,0.0,0.00,
beir500k-f32,neg10_cat18,neg10,61365,pathseer,128,1,10,0.9900,0.9000,0.00012,1.290,1.483,1.483,1.208,2438.1,0.0,1751.9,194.2,3.0,4.0,160.0,86.9,501.2,2.5,149.90,pathseer:10
beir500k-f32,neg10_cat18,neg10,61365,pathseer,128,2,10,0.9900,0.9000,0.00012,1.258,1.524,1.524,1.220,2438.1,0.0,1751.9,194.2,3.0,4.0,160.0,86.9,501.2,2.5,149.90,pathseer:10
beir500k-f32,neg10_cat18,neg10,61365,pathseer,128,3,10,0.9900,0.9000,0.00012,1.279,1.514,1.514,1.217,2438.1,0.0,1751.9,194.2,3.0,4.0,160.0,86.9,501.2,2.5,149.90,pathseer:10
beir500k-f32,neg10_cat18,neg10,61365,pathseer-nc,128,1,10,0.9900,0.9000,0.00012,1.258,1.436,1.436,1.180,0.0,0.0,0.0,0.0,0.0,0.0,0.0,0.0,0.0,0.0,0.00,
beir500k-f32,neg10_cat18,neg10,61365,pathseer-nc,128,2,10,0.9900,0.9000,0.00012,1.255,1.441,1.441,1.171,0.0,0.0,0.0,0.0,0.0,0.0,0.0,0.0,0.0,0.0,0.00,
beir500k-f32,neg10_cat18,neg10,61365,pathseer-nc,128,3,10,0.9900,0.9000,0.00012,1.257,1.457,1.457,1.184,0.0,0.0,0.0,0.0,0.0,0.0,0.0,0.0,0.0,0.0,0.00,
beir500k-f32,neg10_cat18,neg10,61365,pathseer,256,1,10,0.9900,0.9000,0.00012,2.170,2.624,2.624,2.054,3929.3,0.0,2850.2,378.0,5.0,8.0,288.0,153.3,737.7,4.5,245.80,pathseer:10
beir500k-f32,neg10_cat18,neg10,61365,pathseer,256,2,10,0.9900,0.9000,0.00012,2.170,2.611,2.611,2.071,3929.3,0.0,2850.2,378.0,5.0,8.0,288.0,153.3,737.7,4.5,245.80,pathseer:10
beir500k-f32,neg10_cat18,neg10,61365,pathseer,256,3,10,0.9900,0.9000,0.00012,2.206,2.635,2.635,2.074,3929.3,0.0,2850.2,378.0,5.0,8.0,288.0,153.3,737.7,4.5,245.80,pathseer:10
beir500k-f32,neg10_cat18,neg10,61365,pathseer-nc,256,1,10,0.9900,0.9000,0.00012,2.094,2.530,2.530,2.007,0.0,0.0,0.0,0.0,0.0,0.0,0.0,0.0,0.0,0.0,0.00,
beir500k-f32,neg10_cat18,neg10,61365,pathseer-nc,256,2,10,0.9900,0.9000,0.00012,2.099,2.524,2.524,1.995,0.0,0.0,0.0,0.0,0.0,0.0,0.0,0.0,0.0,0.0,0.00,
beir500k-f32,neg10_cat18,neg10,61365,pathseer-nc,256,3,10,0.9900,0.9000,0.00012,2.088,2.522,2.522,1.999,0.0,0.0,0.0,0.0,0.0,0.0,0.0,0.0,0.0,0.0,0.00,
beir500k-f32,neg10_cat18,neg10,61365,pathseer,512,1,10,0.9900,0.9000,0.00012,3.613,4.557,4.557,3.552,6313.8,0.0,4818.4,737.2,10.0,21.0,582.4,301.6,1130.8,9.1,384.80,pathseer:10
beir500k-f32,neg10_cat18,neg10,61365,pathseer,512,2,10,0.9900,0.9000,0.00012,3.846,4.915,4.915,3.762,6313.8,0.0,4818.4,737.2,10.0,21.0,582.4,301.6,1130.8,9.1,384.80,pathseer:10
beir500k-f32,neg10_cat18,neg10,61365,pathseer,512,3,10,0.9900,0.9000,0.00012,4.093,5.068,5.068,4.009,6313.8,0.0,4818.4,737.2,10.0,21.0,582.4,301.6,1130.8,9.1,384.80,pathseer:10
beir500k-f32,neg10_cat18,neg10,61365,pathseer-nc,512,1,10,0.9900,0.9000,0.00012,3.468,4.306,4.306,3.434,0.0,0.0,0.0,0.0,0.0,0.0,0.0,0.0,0.0,0.0,0.00,
beir500k-f32,neg10_cat18,neg10,61365,pathseer-nc,512,2,10,0.9900,0.9000,0.00012,3.466,4.346,4.346,3.413,0.0,0.0,0.0,0.0,0.0,0.0,0.0,0.0,0.0,0.0,0.00,
beir500k-f32,neg10_cat18,neg10,61365,pathseer-nc,512,3,10,0.9900,0.9000,0.00012,3.490,4.275,4.275,3.385,0.0,0.0,0.0,0.0,0.0,0.0,0.0,0.0,0.0,0.0,0.00,
beir500k-f32,neg10_cat19,neg10,52824,pathseer,64,1,60,0.9267,0.5500,0.00139,10.349,17.975,23.823,10.026,9172.4,0.0,29144.1,5501.8,4.0,1152.0,184.5,6.5,15339.4,2.9,110.20,pathseer:60
beir500k-f32,neg10_cat19,neg10,52824,pathseer,64,2,60,0.9267,0.5500,0.00139,10.503,18.049,23.830,10.018,9172.4,0.0,29144.1,5501.8,4.0,1152.0,184.5,6.5,15339.4,2.9,110.20,pathseer:60
beir500k-f32,neg10_cat19,neg10,52824,pathseer,64,3,60,0.9267,0.5500,0.00139,10.365,18.073,23.805,10.147,9172.4,0.0,29144.1,5501.8,4.0,1152.0,184.5,6.5,15339.4,2.9,110.20,pathseer:60
beir500k-f32,neg10_cat19,neg10,52824,pathseer-nc,64,1,60,0.9267,0.5500,0.00139,9.843,17.147,23.428,9.404,0.0,0.0,0.0,0.0,0.0,0.0,0.0,0.0,0.0,0.0,0.00,
beir500k-f32,neg10_cat19,neg10,52824,pathseer-nc,64,2,60,0.9267,0.5500,0.00139,9.981,17.267,23.083,9.484,0.0,0.0,0.0,0.0,0.0,0.0,0.0,0.0,0.0,0.0,0.00,
beir500k-f32,neg10_cat19,neg10,52824,pathseer-nc,64,3,60,0.9267,0.5500,0.00139,9.951,17.119,22.722,9.360,0.0,0.0,0.0,0.0,0.0,0.0,0.0,0.0,0.0,0.0,0.00,
beir500k-f32,neg10_cat19,neg10,52824,pathseer,128,1,60,0.9783,0.8167,0.00028,14.244,25.106,31.843,14.436,13651.8,0.0,38112.1,7467.6,6.0,1929.0,374.4,13.1,18610.5,5.8,171.18,pathseer:60
beir500k-f32,neg10_cat19,neg10,52824,pathseer,128,2,60,0.9783,0.8167,0.00028,15.605,28.911,35.578,15.101,13651.8,0.0,38112.1,7467.6,6.0,1929.0,374.4,13.1,18610.5,5.8,171.18,pathseer:60
beir500k-f32,neg10_cat19,neg10,52824,pathseer,128,3,60,0.9783,0.8167,0.00028,14.355,26.869,33.292,14.609,13651.8,0.0,38112.1,7467.6,6.0,1929.0,374.4,13.1,18610.5,5.8,171.18,pathseer:60
beir500k-f32,neg10_cat19,neg10,52824,pathseer-nc,128,1,60,0.9783,0.8167,0.00028,13.997,23.840,30.071,13.635,0.0,0.0,0.0,0.0,0.0,0.0,0.0,0.0,0.0,0.0,0.00,
beir500k-f32,neg10_cat19,neg10,52824,pathseer-nc,128,2,60,0.9783,0.8167,0.00028,14.024,23.635,29.905,13.694,0.0,0.0,0.0,0.0,0.0,0.0,0.0,0.0,0.0,0.0,0.00,
beir500k-f32,neg10_cat19,neg10,52824,pathseer-nc,128,3,60,0.9783,0.8167,0.00028,13.505,23.890,29.921,13.565,0.0,0.0,0.0,0.0,0.0,0.0,0.0,0.0,0.0,0.0,0.00,
beir500k-f32,neg10_cat19,neg10,52824,pathseer,256,1,60,0.9933,0.9333,0.00006,19.974,35.833,44.277,20.730,20155.9,0.0,50406.3,10137.3,14.0,3139.0,833.1,23.6,22910.2,13.0,267.25,pathseer:60
beir500k-f32,neg10_cat19,neg10,52824,pathseer,256,2,60,0.9933,0.9333,0.00006,19.995,35.774,42.939,20.682,20155.9,0.0,50406.3,10137.3,14.0,3139.0,833.1,23.6,22910.2,13.0,267.25,pathseer:60
beir500k-f32,neg10_cat19,neg10,52824,pathseer,256,3,60,0.9933,0.9333,0.00006,20.708,36.825,42.987,20.874,20155.9,0.0,50406.3,10137.3,14.0,3139.0,833.1,23.6,22910.2,13.0,267.25,pathseer:60
beir500k-f32,neg10_cat19,neg10,52824,pathseer-nc,256,1,60,0.9933,0.9333,0.00006,18.767,34.752,39.746,20.086,0.0,0.0,0.0,0.0,0.0,0.0,0.0,0.0,0.0,0.0,0.00,
beir500k-f32,neg10_cat19,neg10,52824,pathseer-nc,256,2,60,0.9933,0.9333,0.00006,18.674,34.833,39.372,19.436,0.0,0.0,0.0,0.0,0.0,0.0,0.0,0.0,0.0,0.0,0.00,
beir500k-f32,neg10_cat19,neg10,52824,pathseer-nc,256,3,60,0.9933,0.9333,0.00006,18.865,34.488,39.038,19.525,0.0,0.0,0.0,0.0,0.0,0.0,0.0,0.0,0.0,0.0,0.00,
beir500k-f32,neg10_cat19,neg10,52824,pathseer,512,1,60,0.9950,0.9500,0.00005,28.394,47.303,53.972,28.907,29073.9,0.0,66483.7,13451.6,30.0,5031.0,2049.1,41.9,28392.7,32.0,431.27,pathseer:60
beir500k-f32,neg10_cat19,neg10,52824,pathseer,512,2,60,0.9950,0.9500,0.00005,28.317,46.758,53.891,28.817,29073.9,0.0,66483.7,13451.6,30.0,5031.0,2049.1,41.9,28392.7,32.0,431.27,pathseer:60
beir500k-f32,neg10_cat19,neg10,52824,pathseer,512,3,60,0.9950,0.9500,0.00005,28.526,52.954,66.767,29.417,29073.9,0.0,66483.7,13451.6,30.0,5031.0,2049.1,41.9,28392.7,32.0,431.27,pathseer:60
beir500k-f32,neg10_cat19,neg10,52824,pathseer-nc,512,1,60,0.9950,0.9500,0.00005,27.079,44.904,51.877,27.371,0.0,0.0,0.0,0.0,0.0,0.0,0.0,0.0,0.0,0.0,0.00,
beir500k-f32,neg10_cat19,neg10,52824,pathseer-nc,512,2,60,0.9950,0.9500,0.00005,27.326,46.218,51.220,27.405,0.0,0.0,0.0,0.0,0.0,0.0,0.0,0.0,0.0,0.0,0.00,
beir500k-f32,neg10_cat19,neg10,52824,pathseer-nc,512,3,60,0.9950,0.9500,0.00005,27.477,50.790,66.150,28.208,0.0,0.0,0.0,0.0,0.0,0.0,0.0,0.0,0.0,0.0,0.00,
beir500k-f32,neg10_cat20,neg10,52122,pathseer,64,1,67,0.9731,0.7761,0.00039,2.153,7.122,11.570,2.949,3053.7,0.0,10871.5,1055.0,3.0,58.0,169.1,15.2,7450.9,2.6,177.19,pathseer:67
beir500k-f32,neg10_cat20,neg10,52122,pathseer,64,2,67,0.9731,0.7761,0.00039,2.330,8.235,11.630,3.045,3053.7,0.0,10871.5,1055.0,3.0,58.0,169.1,15.2,7450.9,2.6,177.19,pathseer:67
beir500k-f32,neg10_cat20,neg10,52122,pathseer,64,3,67,0.9731,0.7761,0.00039,2.207,7.016,11.558,2.942,3053.7,0.0,10871.5,1055.0,3.0,58.0,169.1,15.2,7450.9,2.6,177.19,pathseer:67
beir500k-f32,neg10_cat20,neg10,52122,pathseer-nc,64,1,67,0.9731,0.7761,0.00039,1.931,6.222,10.961,2.661,0.0,0.0,0.0,0.0,0.0,0.0,0.0,0.0,0.0,0.0,0.00,
beir500k-f32,neg10_cat20,neg10,52122,pathseer-nc,64,2,67,0.9731,0.7761,0.00039,1.954,6.137,10.511,2.632,0.0,0.0,0.0,0.0,0.0,0.0,0.0,0.0,0.0,0.0,0.00,
beir500k-f32,neg10_cat20,neg10,52122,pathseer-nc,64,3,67,0.9731,0.7761,0.00039,1.866,6.317,10.520,2.613,0.0,0.0,0.0,0.0,0.0,0.0,0.0,0.0,0.0,0.0,0.00,
beir500k-f32,neg10_cat20,neg10,52122,pathseer,128,1,67,0.9925,0.9254,0.00008,3.955,11.647,15.704,4.768,5110.2,0.0,16447.4,1724.8,6.0,127.0,314.3,26.0,10824.7,4.9,327.49,pathseer:67
beir500k-f32,neg10_cat20,neg10,52122,pathseer,128,2,67,0.9925,0.9254,0.00008,4.087,12.382,17.063,4.858,5110.2,0.0,16447.4,1724.8,6.0,127.0,314.3,26.0,10824.7,4.9,327.49,pathseer:67
beir500k-f32,neg10_cat20,neg10,52122,pathseer,128,3,67,0.9925,0.9254,0.00008,3.968,11.492,15.826,4.745,5110.2,0.0,16447.4,1724.8,6.0,127.0,314.3,26.0,10824.7,4.9,327.49,pathseer:67
beir500k-f32,neg10_cat20,neg10,52122,pathseer-nc,128,1,67,0.9925,0.9254,0.00008,3.533,10.518,15.083,4.333,0.0,0.0,0.0,0.0,0.0,0.0,0.0,0.0,0.0,0.0,0.00,
beir500k-f32,neg10_cat20,neg10,52122,pathseer-nc,128,2,67,0.9925,0.9254,0.00008,3.565,10.407,14.925,4.296,0.0,0.0,0.0,0.0,0.0,0.0,0.0,0.0,0.0,0.0,0.00,
beir500k-f32,neg10_cat20,neg10,52122,pathseer-nc,128,3,67,0.9925,0.9254,0.00008,3.488,10.482,14.756,4.290,0.0,0.0,0.0,0.0,0.0,0.0,0.0,0.0,0.0,0.0,0.00,
beir500k-f32,neg10_cat20,neg10,52122,pathseer,256,1,67,0.9970,0.9701,0.00001,7.224,18.311,21.865,7.987,8598.0,0.0,25000.8,2869.7,11.0,252.0,682.0,50.8,15550.0,10.7,585.79,pathseer:67
beir500k-f32,neg10_cat20,neg10,52122,pathseer,256,2,67,0.9970,0.9701,0.00001,7.266,17.863,23.904,8.256,8598.0,0.0,25000.8,2869.7,11.0,252.0,682.0,50.8,15550.0,10.7,585.79,pathseer:67
beir500k-f32,neg10_cat20,neg10,52122,pathseer,256,3,67,0.9970,0.9701,0.00001,7.123,18.608,21.789,8.004,8598.0,0.0,25000.8,2869.7,11.0,252.0,682.0,50.8,15550.0,10.7,585.79,pathseer:67
beir500k-f32,neg10_cat20,neg10,52122,pathseer-nc,256,1,67,0.9970,0.9701,0.00001,6.291,16.003,20.005,7.150,0.0,0.0,0.0,0.0,0.0,0.0,0.0,0.0,0.0,0.0,0.00,
beir500k-f32,neg10_cat20,neg10,52122,pathseer-nc,256,2,67,0.9970,0.9701,0.00001,6.324,16.300,19.773,7.170,0.0,0.0,0.0,0.0,0.0,0.0,0.0,0.0,0.0,0.0,0.00,
beir500k-f32,neg10_cat20,neg10,52122,pathseer-nc,256,3,67,0.9970,0.9701,0.00001,6.546,16.642,19.992,7.246,0.0,0.0,0.0,0.0,0.0,0.0,0.0,0.0,0.0,0.0,0.00,
beir500k-f32,neg10_cat20,neg10,52122,pathseer,512,1,67,1.0000,1.0000,0.00000,12.040,29.001,32.838,13.719,14287.4,0.0,38266.4,4787.0,21.0,576.0,1604.4,109.0,22338.4,25.1,1051.37,pathseer:67
beir500k-f32,neg10_cat20,neg10,52122,pathseer,512,2,67,1.0000,1.0000,0.00000,12.066,26.516,31.452,13.309,14287.4,0.0,38266.4,4787.0,21.0,576.0,1604.4,109.0,22338.4,25.1,1051.37,pathseer:67
beir500k-f32,neg10_cat20,neg10,52122,pathseer,512,3,67,1.0000,1.0000,0.00000,11.969,26.828,30.777,13.203,14287.4,0.0,38266.4,4787.0,21.0,576.0,1604.4,109.0,22338.4,25.1,1051.37,pathseer:67
beir500k-f32,neg10_cat20,neg10,52122,pathseer-nc,512,1,67,1.0000,1.0000,0.00000,11.441,25.532,28.229,12.341,0.0,0.0,0.0,0.0,0.0,0.0,0.0,0.0,0.0,0.0,0.00,
beir500k-f32,neg10_cat20,neg10,52122,pathseer-nc,512,2,67,1.0000,1.0000,0.00000,10.943,24.323,28.137,12.025,0.0,0.0,0.0,0.0,0.0,0.0,0.0,0.0,0.0,0.0,0.00,
beir500k-f32,neg10_cat20,neg10,52122,pathseer-nc,512,3,67,1.0000,1.0000,0.00000,11.181,26.011,28.951,12.141,0.0,0.0,0.0,0.0,0.0,0.0,0.0,0.0,0.0,0.0,0.00,
beir500k-f32,neg10_cat21,neg10,74356,pathseer,64,1,61,0.9656,0.7541,0.00038,3.430,10.163,10.704,4.445,4064.9,0.0,18747.3,1854.8,4.0,117.0,173.1,8.7,13466.1,2.7,221.48,pathseer:61
beir500k-f32,neg10_cat21,neg10,74356,pathseer,64,2,61,0.9656,0.7541,0.00038,3.399,10.173,11.114,4.451,4064.9,0.0,18747.3,1854.8,4.0,117.0,173.1,8.7,13466.1,2.7,221.48,pathseer:61
beir500k-f32,neg10_cat21,neg10,74356,pathseer,64,3,61,0.9656,0.7541,0.00038,3.410,10.549,10.826,4.529,4064.9,0.0,18747.3,1854.8,4.0,117.0,173.1,8.7,13466.1,2.7,221.48,pathseer:61
beir500k-f32,neg10_cat21,neg10,74356,pathseer-nc,64,1,61,0.9656,0.7541,0.00038,3.099,9.385,10.009,3.875,0.0,0.0,0.0,0.0,0.0,0.0,0.0,0.0,0.0,0.0,0.00,
beir500k-f32,neg10_cat21,neg10,74356,pathseer-nc,64,2,61,0.9656,0.7541,0.00038,3.085,9.294,9.910,3.968,0.0,0.0,0.0,0.0,0.0,0.0,0.0,0.0,0.0,0.0,0.00,
beir500k-f32,neg10_cat21,neg10,74356,pathseer-nc,64,3,61,0.9656,0.7541,0.00038,3.004,9.193,9.919,3.909,0.0,0.0,0.0,0.0,0.0,0.0,0.0,0.0,0.0,0.0,0.00,
beir500k-f32,neg10_cat21,neg10,74356,pathseer,128,1,61,0.9852,0.8689,0.00013,5.997,16.195,16.570,7.692,7018.6,0.0,28922.6,3155.9,6.0,247.0,319.0,17.5,19932.9,5.0,423.72,pathseer:61
beir500k-f32,neg10_cat21,neg10,74356,pathseer,128,2,61,0.9852,0.8689,0.00013,6.252,16.031,16.388,7.573,7018.6,0.0,28922.6,3155.9,6.0,247.0,319.0,17.5,19932.9,5.0,423.72,pathseer:61
beir500k-f32,neg10_cat21,neg10,74356,pathseer,128,3,61,0.9852,0.8689,0.00013,6.012,16.297,16.961,7.660,7018.6,0.0,28922.6,3155.9,6.0,247.0,319.0,17.5,19932.9,5.0,423.72,pathseer:61
beir500k-f32,neg10_cat21,neg10,74356,pathseer-nc,128,1,61,0.9852,0.8689,0.00013,5.494,14.481,14.979,7.149,0.0,0.0,0.0,0.0,0.0,0.0,0.0,0.0,0.0,0.0,0.00,
beir500k-f32,neg10_cat21,neg10,74356,pathseer-nc,128,2,61,0.9852,0.8689,0.00013,5.420,14.568,14.993,6.726,0.0,0.0,0.0,0.0,0.0,0.0,0.0,0.0,0.0,0.0,0.00,
beir500k-f32,neg10_cat21,neg10,74356,pathseer-nc,128,3,61,0.9852,0.8689,0.00013,5.572,14.465,14.706,6.754,0.0,0.0,0.0,0.0,0.0,0.0,0.0,0.0,0.0,0.0,0.00,
beir500k-f32,neg10_cat21,neg10,74356,pathseer,256,1,61,0.9951,0.9508,0.00008,10.545,23.962,24.538,12.583,11810.0,0.0,43668.2,5198.6,11.0,534.0,656.8,40.4,28750.1,10.3,772.54,pathseer:61
beir500k-f32,neg10_cat21,neg10,74356,pathseer,256,2,61,0.9951,0.9508,0.00008,10.588,24.183,25.690,12.675,11810.0,0.0,43668.2,5198.6,11.0,534.0,656.8,40.4,28750.1,10.3,772.54,pathseer:61
beir500k-f32,neg10_cat21,neg10,74356,pathseer,256,3,61,0.9951,0.9508,0.00008,10.693,24.386,25.681,12.681,11810.0,0.0,43668.2,5198.6,11.0,534.0,656.8,40.4,28750.1,10.3,772.54,pathseer:61
beir500k-f32,neg10_cat21,neg10,74356,pathseer-nc,256,1,61,0.9951,0.9508,0.00008,9.586,21.704,23.562,11.342,0.0,0.0,0.0,0.0,0.0,0.0,0.0,0.0,0.0,0.0,0.00,
beir500k-f32,neg10_cat21,neg10,74356,pathseer-nc,256,2,61,0.9951,0.9508,0.00008,9.374,21.813,23.699,11.319,0.0,0.0,0.0,0.0,0.0,0.0,0.0,0.0,0.0,0.0,0.00,
beir500k-f32,neg10_cat21,neg10,74356,pathseer-nc,256,3,61,0.9951,0.9508,0.00008,9.547,21.542,22.659,11.180,0.0,0.0,0.0,0.0,0.0,0.0,0.0,0.0,0.0,0.0,0.00,
beir500k-f32,neg10_cat21,neg10,74356,pathseer,512,1,61,0.9984,0.9836,0.00004,18.568,37.432,39.604,21.208,19891.0,0.0,66569.4,8663.1,23.0,1011.0,1440.5,83.8,41492.6,22.5,1392.51,pathseer:61
beir500k-f32,neg10_cat21,neg10,74356,pathseer,512,2,61,0.9984,0.9836,0.00004,18.572,39.497,39.645,21.765,19891.0,0.0,66569.4,8663.1,23.0,1011.0,1440.5,83.8,41492.6,22.5,1392.51,pathseer:61
beir500k-f32,neg10_cat21,neg10,74356,pathseer,512,3,61,0.9984,0.9836,0.00004,18.345,37.819,39.310,21.311,19891.0,0.0,66569.4,8663.1,23.0,1011.0,1440.5,83.8,41492.6,22.5,1392.51,pathseer:61
beir500k-f32,neg10_cat21,neg10,74356,pathseer-nc,512,1,61,0.9984,0.9836,0.00004,17.244,34.848,35.421,19.502,0.0,0.0,0.0,0.0,0.0,0.0,0.0,0.0,0.0,0.0,0.00,
beir500k-f32,neg10_cat21,neg10,74356,pathseer-nc,512,2,61,0.9984,0.9836,0.00004,16.417,34.149,34.707,19.002,0.0,0.0,0.0,0.0,0.0,0.0,0.0,0.0,0.0,0.0,0.00,
beir500k-f32,neg10_cat21,neg10,74356,pathseer-nc,512,3,61,0.9984,0.9836,0.00004,17.059,33.685,34.811,19.089,0.0,0.0,0.0,0.0,0.0,0.0,0.0,0.0,0.0,0.0,0.00,
beir500k-f32,neg40_cat00,neg40,210687,pathseer,64,1,12,0.9917,0.9167,0.00033,0.848,0.992,1.017,0.859,1601.0,0.0,1271.5,103.0,3.0,4.0,106.7,49.4,525.4,1.7,57.83,pathseer:12
beir500k-f32,neg40_cat00,neg40,210687,pathseer,64,2,12,0.9917,0.9167,0.00033,0.870,0.980,1.040,0.869,1601.0,0.0,1271.5,103.0,3.0,4.0,106.7,49.4,525.4,1.7,57.83,pathseer:12
beir500k-f32,neg40_cat00,neg40,210687,pathseer,64,3,12,0.9917,0.9167,0.00033,0.852,0.985,1.019,0.859,1601.0,0.0,1271.5,103.0,3.0,4.0,106.7,49.4,525.4,1.7,57.83,pathseer:12
beir500k-f32,neg40_cat00,neg40,210687,pathseer-nc,64,1,12,0.9917,0.9167,0.00033,0.825,0.966,0.980,0.842,0.0,0.0,0.0,0.0,0.0,0.0,0.0,0.0,0.0,0.0,0.00,
beir500k-f32,neg40_cat00,neg40,210687,pathseer-nc,64,2,12,0.9917,0.9167,0.00033,0.846,0.971,0.982,0.856,0.0,0.0,0.0,0.0,0.0,0.0,0.0,0.0,0.0,0.0,0.00,
beir500k-f32,neg40_cat00,neg40,210687,pathseer-nc,64,3,12,0.9917,0.9167,0.00033,0.831,0.981,1.021,0.849,0.0,0.0,0.0,0.0,0.0,0.0,0.0,0.0,0.0,0.0,0.00,
beir500k-f32,neg40_cat00,neg40,210687,pathseer,128,1,12,1.0000,1.0000,0.00000,1.551,1.875,2.004,1.590,2815.1,0.0,2258.2,202.1,4.0,6.0,176.0,80.8,961.3,2.8,112.50,pathseer:12
beir500k-f32,neg40_cat00,neg40,210687,pathseer,128,2,12,1.0000,1.0000,0.00000,1.553,1.951,2.007,1.579,2815.1,0.0,2258.2,202.1,4.0,6.0,176.0,80.8,961.3,2.8,112.50,pathseer:12
beir500k-f32,neg40_cat00,neg40,210687,pathseer,128,3,12,1.0000,1.0000,0.00000,1.554,1.919,1.961,1.575,2815.1,0.0,2258.2,202.1,4.0,6.0,176.0,80.8,961.3,2.8,112.50,pathseer:12
beir500k-f32,neg40_cat00,neg40,210687,pathseer-nc,128,1,12,1.0000,1.0000,0.00000,1.507,1.766,1.824,1.507,0.0,0.0,0.0,0.0,0.0,0.0,0.0,0.0,0.0,0.0,0.00,
beir500k-f32,neg40_cat00,neg40,210687,pathseer-nc,128,2,12,1.0000,1.0000,0.00000,1.488,1.769,1.814,1.505,0.0,0.0,0.0,0.0,0.0,0.0,0.0,0.0,0.0,0.0,0.00,
beir500k-f32,neg40_cat00,neg40,210687,pathseer-nc,128,3,12,1.0000,1.0000,0.00000,1.527,1.791,1.849,1.524,0.0,0.0,0.0,0.0,0.0,0.0,0.0,0.0,0.0,0.0,0.00,
beir500k-f32,neg40_cat00,neg40,210687,pathseer,256,1,12,1.0000,1.0000,0.00000,2.947,3.344,3.441,2.829,4843.8,0.0,3978.8,393.9,6.0,13.0,330.7,150.7,1707.2,5.2,234.75,pathseer:12
beir500k-f32,neg40_cat00,neg40,210687,pathseer,256,2,12,1.0000,1.0000,0.00000,3.028,3.322,3.509,2.910,4843.8,0.0,3978.8,393.9,6.0,13.0,330.7,150.7,1707.2,5.2,234.75,pathseer:12
beir500k-f32,neg40_cat00,neg40,210687,pathseer,256,3,12,1.0000,1.0000,0.00000,2.893,3.299,3.350,2.835,4843.8,0.0,3978.8,393.9,6.0,13.0,330.7,150.7,1707.2,5.2,234.75,pathseer:12
beir500k-f32,neg40_cat00,neg40,210687,pathseer-nc,256,1,12,1.0000,1.0000,0.00000,2.753,3.108,3.171,2.653,0.0,0.0,0.0,0.0,0.0,0.0,0.0,0.0,0.0,0.0,0.00,
beir500k-f32,neg40_cat00,neg40,210687,pathseer-nc,256,2,12,1.0000,1.0000,0.00000,2.794,3.139,3.150,2.690,0.0,0.0,0.0,0.0,0.0,0.0,0.0,0.0,0.0,0.0,0.00,
beir500k-f32,neg40_cat00,neg40,210687,pathseer-nc,256,3,12,1.0000,1.0000,0.00000,2.762,3.123,3.140,2.660,0.0,0.0,0.0,0.0,0.0,0.0,0.0,0.0,0.0,0.0,0.00,
beir500k-f32,neg40_cat00,neg40,210687,pathseer,512,1,12,1.0000,1.0000,0.00000,5.076,5.840,5.941,4.929,8203.2,0.0,7201.4,781.7,11.0,21.0,661.3,287.4,3101.5,10.3,461.75,pathseer:12
beir500k-f32,neg40_cat00,neg40,210687,pathseer,512,2,12,1.0000,1.0000,0.00000,4.967,5.808,5.959,4.904,8203.2,0.0,7201.4,781.7,11.0,21.0,661.3,287.4,3101.5,10.3,461.75,pathseer:12
beir500k-f32,neg40_cat00,neg40,210687,pathseer,512,3,12,1.0000,1.0000,0.00000,5.147,5.854,6.096,5.034,8203.2,0.0,7201.4,781.7,11.0,21.0,661.3,287.4,3101.5,10.3,461.75,pathseer:12
beir500k-f32,neg40_cat00,neg40,210687,pathseer-nc,512,1,12,1.0000,1.0000,0.00000,5.084,5.613,6.294,4.905,0.0,0.0,0.0,0.0,0.0,0.0,0.0,0.0,0.0,0.0,0.00,
beir500k-f32,neg40_cat00,neg40,210687,pathseer-nc,512,2,12,1.0000,1.0000,0.00000,4.735,5.466,5.560,4.653,0.0,0.0,0.0,0.0,0.0,0.0,0.0,0.0,0.0,0.0,0.00,
beir500k-f32,neg40_cat00,neg40,210687,pathseer-nc,512,3,12,1.0000,1.0000,0.00000,4.747,5.444,5.640,4.673,0.0,0.0,0.0,0.0,0.0,0.0,0.0,0.0,0.0,0.0,0.00,
beir500k-f32,neg40_cat01,neg40,224458,pathseer,64,1,22,0.9773,0.8182,0.00046,2.122,4.299,4.758,2.437,2911.5,0.0,8864.4,793.9,3.0,42.0,151.3,19.5,6024.2,2.4,171.73,pathseer:22
beir500k-f32,neg40_cat01,neg40,224458,pathseer,64,2,22,0.9773,0.8182,0.00046,2.177,4.362,4.909,2.515,2911.5,0.0,8864.4,793.9,3.0,42.0,151.3,19.5,6024.2,2.4,171.73,pathseer:22
beir500k-f32,neg40_cat01,neg40,224458,pathseer,64,3,22,0.9773,0.8182,0.00046,2.276,4.345,5.032,2.560,2911.5,0.0,8864.4,793.9,3.0,42.0,151.3,19.5,6024.2,2.4,171.73,pathseer:22
beir500k-f32,neg40_cat01,neg40,224458,pathseer-nc,64,1,22,0.9773,0.8182,0.00046,1.945,3.794,4.376,2.196,0.0,0.0,0.0,0.0,0.0,0.0,0.0,0.0,0.0,0.0,0.00,
beir500k-f32,neg40_cat01,neg40,224458,pathseer-nc,64,2,22,0.9773,0.8182,0.00046,2.037,3.853,4.477,2.245,0.0,0.0,0.0,0.0,0.0,0.0,0.0,0.0,0.0,0.0,0.00,
beir500k-f32,neg40_cat01,neg40,224458,pathseer-nc,64,3,22,0.9773,0.8182,0.00046,1.990,4.059,4.496,2.277,0.0,0.0,0.0,0.0,0.0,0.0,0.0,0.0,0.0,0.0,0.00,
beir500k-f32,neg40_cat01,neg40,224458,pathseer,128,1,22,1.0000,1.0000,0.00000,3.725,7.621,7.873,4.300,5060.4,0.0,12764.5,1339.9,5.0,90.0,267.6,39.3,8028.2,4.2,303.14,pathseer:22
beir500k-f32,neg40_cat01,neg40,224458,pathseer,128,2,22,1.0000,1.0000,0.00000,3.897,7.943,7.957,4.263,5060.4,0.0,12764.5,1339.9,5.0,90.0,267.6,39.3,8028.2,4.2,303.14,pathseer:22
beir500k-f32,neg40_cat01,neg40,224458,pathseer,128,3,22,1.0000,1.0000,0.00000,3.649,7.581,7.779,4.140,5060.4,0.0,12764.5,1339.9,5.0,90.0,267.6,39.3,8028.2,4.2,303.14,pathseer:22
beir500k-f32,neg40_cat01,neg40,224458,pathseer-nc,128,1,22,1.0000,1.0000,0.00000,3.294,7.076,7.082,3.855,0.0,0.0,0.0,0.0,0.0,0.0,0.0,0.0,0.0,0.0,0.00,
beir500k-f32,neg40_cat01,neg40,224458,pathseer-nc,128,2,22,1.0000,1.0000,0.00000,3.403,6.940,7.142,3.804,0.0,0.0,0.0,0.0,0.0,0.0,0.0,0.0,0.0,0.0,0.00,
beir500k-f32,neg40_cat01,neg40,224458,pathseer-nc,128,3,22,1.0000,1.0000,0.00000,3.330,6.902,6.911,3.772,0.0,0.0,0.0,0.0,0.0,0.0,0.0,0.0,0.0,0.0,0.00,
beir500k-f32,neg40_cat01,neg40,224458,pathseer,256,1,22,1.0000,1.0000,0.00000,6.372,11.716,12.189,6.910,8641.2,0.0,18136.7,2211.7,9.0,184.0,526.5,82.3,10318.9,8.2,531.86,pathseer:22
beir500k-f32,neg40_cat01,neg40,224458,pathseer,256,2,22,1.0000,1.0000,0.00000,6.359,11.763,12.262,6.913,8641.2,0.0,18136.7,2211.7,9.0,184.0,526.5,82.3,10318.9,8.2,531.86,pathseer:22
beir500k-f32,neg40_cat01,neg40,224458,pathseer,256,3,22,1.0000,1.0000,0.00000,6.444,11.764,12.131,6.963,8641.2,0.0,18136.7,2211.7,9.0,184.0,526.5,82.3,10318.9,8.2,531.86,pathseer:22
beir500k-f32,neg40_cat01,neg40,224458,pathseer-nc,256,1,22,1.0000,1.0000,0.00000,5.850,10.710,10.942,6.337,0.0,0.0,0.0,0.0,0.0,0.0,0.0,0.0,0.0,0.0,0.00,
beir500k-f32,neg40_cat01,neg40,224458,pathseer-nc,256,2,22,1.0000,1.0000,0.00000,6.146,11.177,11.717,6.592,0.0,0.0,0.0,0.0,0.0,0.0,0.0,0.0,0.0,0.0,0.00,
beir500k-f32,neg40_cat01,neg40,224458,pathseer-nc,256,3,22,1.0000,1.0000,0.00000,5.880,10.732,10.949,6.362,0.0,0.0,0.0,0.0,0.0,0.0,0.0,0.0,0.0,0.0,0.00,
beir500k-f32,neg40_cat01,neg40,224458,pathseer,512,1,22,1.0000,1.0000,0.00000,10.918,17.669,18.202,11.671,14577.4,0.0,25775.9,3636.1,17.0,321.0,1053.1,167.5,12899.2,16.5,865.32,pathseer:22
beir500k-f32,neg40_cat01,neg40,224458,pathseer,512,2,22,1.0000,1.0000,0.00000,11.191,17.599,17.969,11.689,14577.4,0.0,25775.9,3636.1,17.0,321.0,1053.1,167.5,12899.2,16.5,865.32,pathseer:22
beir500k-f32,neg40_cat01,neg40,224458,pathseer,512,3,22,1.0000,1.0000,0.00000,10.754,17.599,18.144,11.525,14577.4,0.0,25775.9,3636.1,17.0,321.0,1053.1,167.5,12899.2,16.5,865.32,pathseer:22
beir500k-f32,neg40_cat01,neg40,224458,pathseer-nc,512,1,22,1.0000,1.0000,0.00000,9.921,16.396,16.840,10.737,0.0,0.0,0.0,0.0,0.0,0.0,0.0,0.0,0.0,0.0,0.00,
beir500k-f32,neg40_cat01,neg40,224458,pathseer-nc,512,2,22,1.0000,1.0000,0.00000,9.914,16.445,16.699,10.690,0.0,0.0,0.0,0.0,0.0,0.0,0.0,0.0,0.0,0.0,0.00,
beir500k-f32,neg40_cat01,neg40,224458,pathseer-nc,512,3,22,1.0000,1.0000,0.00000,10.203,16.781,17.785,10.860,0.0,0.0,0.0,0.0,0.0,0.0,0.0,0.0,0.0,0.0,0.00,
beir500k-f32,neg40_cat02,neg40,201752,pathseer,64,1,60,0.9167,0.5167,0.00107,3.097,6.850,7.540,3.330,3828.4,0.0,13064.5,1044.5,3.0,59.0,131.2,15.4,9332.7,2.0,237.92,pathseer:60
beir500k-f32,neg40_cat02,neg40,201752,pathseer,64,2,60,0.9167,0.5167,0.00107,3.130,6.707,7.419,3.323,3828.4,0.0,13064.5,1044.5,3.0,59.0,131.2,15.4,9332.7,2.0,237.92,pathseer:60
beir500k-f32,neg40_cat02,neg40,201752,pathseer,64,3,60,0.9167,0.5167,0.00107,3.145,6.807,7.660,3.375,3828.4,0.0,13064.5,1044.5,3.0,59.0,131.2,15.4,9332.7,2.0,237.92,pathseer:60
beir500k-f32,neg40_cat02,neg40,201752,pathseer-nc,64,1,60,0.9167,0.5167,0.00107,2.694,6.250,7.176,3.009,0.0,0.0,0.0,0.0,0.0,0.0,0.0,0.0,0.0,0.0,0.00,
beir500k-f32,neg40_cat02,neg40,201752,pathseer-nc,64,2,60,0.9167,0.5167,0.00107,2.751,6.062,6.944,2.981,0.0,0.0,0.0,0.0,0.0,0.0,0.0,0.0,0.0,0.0,0.00,
beir500k-f32,neg40_cat02,neg40,201752,pathseer-nc,64,3,60,0.9167,0.5167,0.00107,2.700,5.728,6.913,2.929,0.0,0.0,0.0,0.0,0.0,0.0,0.0,0.0,0.0,0.0,0.00,
beir500k-f32,neg40_cat02,neg40,201752,pathseer,128,1,60,0.9600,0.7333,0.00042,5.235,9.967,11.168,5.643,6580.3,0.0,18702.7,1809.1,5.0,110.0,233.6,29.4,12413.8,3.6,412.83,pathseer:60
beir500k-f32,neg40_cat02,neg40,201752,pathseer,128,2,60,0.9600,0.7333,0.00042,5.236,10.079,11.365,5.627,6580.3,0.0,18702.7,1809.1,5.0,110.0,233.6,29.4,12413.8,3.6,412.83,pathseer:60
beir500k-f32,neg40_cat02,neg40,201752,pathseer,128,3,60,0.9600,0.7333,0.00042,5.202,10.145,11.302,5.567,6580.3,0.0,18702.7,1809.1,5.0,110.0,233.6,29.4,12413.8,3.6,412.83,pathseer:60
beir500k-f32,neg40_cat02,neg40,201752,pathseer-nc,128,1,60,0.9600,0.7333,0.00042,4.818,9.417,10.306,5.046,0.0,0.0,0.0,0.0,0.0,0.0,0.0,0.0,0.0,0.0,0.00,
beir500k-f32,neg40_cat02,neg40,201752,pathseer-nc,128,2,60,0.9600,0.7333,0.00042,4.681,9.138,10.340,5.042,0.0,0.0,0.0,0.0,0.0,0.0,0.0,0.0,0.0,0.0,0.00,
beir500k-f32,neg40_cat02,neg40,201752,pathseer-nc,128,3,60,0.9600,0.7333,0.00042,4.707,9.886,11.750,5.120,0.0,0.0,0.0,0.0,0.0,0.0,0.0,0.0,0.0,0.0,0.00,
beir500k-f32,neg40_cat02,neg40,201752,pathseer,256,1,60,0.9767,0.8333,0.00029,9.101,15.783,16.646,9.503,11307.5,0.0,26574.7,3105.9,8.0,223.0,444.8,51.5,15917.8,7.0,687.53,pathseer:60
beir500k-f32,neg40_cat02,neg40,201752,pathseer,256,2,60,0.9767,0.8333,0.00029,8.982,15.697,16.533,9.471,11307.5,0.0,26574.7,3105.9,8.0,223.0,444.8,51.5,15917.8,7.0,687.53,pathseer:60
beir500k-f32,neg40_cat02,neg40,201752,pathseer,256,3,60,0.9767,0.8333,0.00029,9.446,15.600,16.622,9.597,11307.5,0.0,26574.7,3105.9,8.0,223.0,444.8,51.5,15917.8,7.0,687.53,pathseer:60
beir500k-f32,neg40_cat02,neg40,201752,pathseer-nc,256,1,60,0.9767,0.8333,0.00029,8.177,14.556,15.389,8.666,0.0,0.0,0.0,0.0,0.0,0.0,0.0,0.0,0.0,0.0,0.00,
beir500k-f32,neg40_cat02,neg40,201752,pathseer-nc,256,2,60,0.9767,0.8333,0.00029,8.254,14.355,15.185,8.670,0.0,0.0,0.0,0.0,0.0,0.0,0.0,0.0,0.0,0.0,0.00,
beir500k-f32,neg40_cat02,neg40,201752,pathseer-nc,256,3,60,0.9767,0.8333,0.00029,8.479,14.468,15.574,8.747,0.0,0.0,0.0,0.0,0.0,0.0,0.0,0.0,0.0,0.0,0.00,
beir500k-f32,neg40_cat02,neg40,201752,pathseer,512,1,60,0.9867,0.8833,0.00016,15.766,24.395,26.120,15.624,18766.2,0.0,36616.5,5100.2,15.0,438.0,886.4,101.2,19304.4,13.8,1079.73,pathseer:60
beir500k-f32,neg40_cat02,neg40,201752,pathseer,512,2,60,0.9867,0.8833,0.00016,15.727,26.614,27.296,16.039,18766.2,0.0,36616.5,5100.2,15.0,438.0,886.4,101.2,19304.4,13.8,1079.73,pathseer:60
beir500k-f32,neg40_cat02,neg40,201752,pathseer,512,3,60,0.9867,0.8833,0.00016,17.124,27.037,30.890,16.886,18766.2,0.0,36616.5,5100.2,15.0,438.0,886.4,101.2,19304.4,13.8,1079.73,pathseer:60
beir500k-f32,neg40_cat02,neg40,201752,pathseer-nc,512,1,60,0.9867,0.8833,0.00016,14.838,23.835,24.990,14.641,0.0,0.0,0.0,0.0,0.0,0.0,0.0,0.0,0.0,0.0,0.00,
beir500k-f32,neg40_cat02,neg40,201752,pathseer-nc,512,2,60,0.9867,0.8833,0.00016,14.990,22.869,25.051,14.636,0.0,0.0,0.0,0.0,0.0,0.0,0.0,0.0,0.0,0.0,0.00,
beir500k-f32,neg40_cat02,neg40,201752,pathseer-nc,512,3,60,0.9867,0.8833,0.00016,14.813,23.118,24.631,14.543,0.0,0.0,0.0,0.0,0.0,0.0,0.0,0.0,0.0,0.0,0.00,
beir500k-f32,neg40_cat03,neg40,212381,pathseer,64,1,55,0.8545,0.4182,0.00342,2.279,6.267,6.712,2.779,3325.0,0.0,10276.8,780.5,3.0,29.0,119.9,25.2,7326.6,1.9,111.04,pathseer:55
beir500k-f32,neg40_cat03,neg40,212381,pathseer,64,2,55,0.8545,0.4182,0.00342,2.322,6.296,6.838,2.856,3325.0,0.0,10276.8,780.5,3.0,29.0,119.9,25.2,7326.6,1.9,111.04,pathseer:55
beir500k-f32,neg40_cat03,neg40,212381,pathseer,64,3,55,0.8545,0.4182,0.00342,2.371,6.134,7.080,2.906,3325.0,0.0,10276.8,780.5,3.0,29.0,119.9,25.2,7326.6,1.9,111.04,pathseer:55
beir500k-f32,neg40_cat03,neg40,212381,pathseer-nc,64,1,55,0.8545,0.4182,0.00342,2.119,5.796,6.038,2.542,0.0,0.0,0.0,0.0,0.0,0.0,0.0,0.0,0.0,0.0,0.00,
beir500k-f32,neg40_cat03,neg40,212381,pathseer-nc,64,2,55,0.8545,0.4182,0.00342,2.086,5.662,6.081,2.528,0.0,0.0,0.0,0.0,0.0,0.0,0.0,0.0,0.0,0.0,0.00,
beir500k-f32,neg40_cat03,neg40,212381,pathseer-nc,64,3,55,0.8545,0.4182,0.00342,2.099,5.784,6.287,2.568,0.0,0.0,0.0,0.0,0.0,0.0,0.0,0.0,0.0,0.0,0.00,
beir500k-f32,neg40_cat03,neg40,212381,pathseer,128,1,55,0.9164,0.6727,0.00184,4.321,9.820,10.304,4.889,5931.6,0.0,15171.7,1328.7,4.0,69.0,212.9,43.4,10032.0,3.3,191.75,pathseer:55
beir500k-f32,neg40_cat03,neg40,212381,pathseer,128,2,55,0.9164,0.6727,0.00184,4.166,9.306,10.620,4.808,5931.6,0.0,15171.7,1328.7,4.0,69.0,212.9,43.4,10032.0,3.3,191.75,pathseer:55
beir500k-f32,neg40_cat03,neg40,212381,pathseer,128,3,55,0.9164,0.6727,0.00184,4.213,9.276,10.461,4.785,5931.6,0.0,15171.7,1328.7,4.0,69.0,212.9,43.4,10032.0,3.3,191.75,pathseer:55
beir500k-f32,neg40_cat03,neg40,212381,pathseer-nc,128,1,55,0.9164,0.6727,0.00184,3.887,8.453,9.273,4.440,0.0,0.0,0.0,0.0,0.0,0.0,0.0,0.0,0.0,0.0,0.00,
beir500k-f32,neg40_cat03,neg40,212381,pathseer-nc,128,2,55,0.9164,0.6727,0.00184,4.002,9.750,10.351,4.913,0.0,0.0,0.0,0.0,0.0,0.0,0.0,0.0,0.0,0.0,0.00,
beir500k-f32,neg40_cat03,neg40,212381,pathseer-nc,128,3,55,0.9164,0.6727,0.00184,3.772,8.485,9.789,4.430,0.0,0.0,0.0,0.0,0.0,0.0,0.0,0.0,0.0,0.0,0.00,
beir500k-f32,neg40_cat03,neg40,212381,pathseer,256,1,55,0.9618,0.8000,0.00055,7.755,15.450,16.326,8.312,10434.6,0.0,22530.4,2295.6,8.0,134.0,422.4,70.1,13601.5,6.6,340.85,pathseer:55
beir500k-f32,neg40_cat03,neg40,212381,pathseer,256,2,55,0.9618,0.8000,0.00055,7.704,15.470,16.079,8.288,10434.6,0.0,22530.4,2295.6,8.0,134.0,422.4,70.1,13601.5,6.6,340.85,pathseer:55
beir500k-f32,neg40_cat03,neg40,212381,pathseer,256,3,55,0.9618,0.8000,0.00055,8.090,14.995,16.043,8.380,10434.6,0.0,22530.4,2295.6,8.0,134.0,422.4,70.1,13601.5,6.6,340.85,pathseer:55
beir500k-f32,neg40_cat03,neg40,212381,pathseer-nc,256,1,55,0.9618,0.8000,0.00055,7.006,13.622,15.221,7.638,0.0,0.0,0.0,0.0,0.0,0.0,0.0,0.0,0.0,0.0,0.00,
beir500k-f32,neg40_cat03,neg40,212381,pathseer-nc,256,2,55,0.9618,0.8000,0.00055,7.256,13.651,15.428,7.716,0.0,0.0,0.0,0.0,0.0,0.0,0.0,0.0,0.0,0.0,0.00,
beir500k-f32,neg40_cat03,neg40,212381,pathseer-nc,256,3,55,0.9618,0.8000,0.00055,7.260,13.698,15.047,7.696,0.0,0.0,0.0,0.0,0.0,0.0,0.0,0.0,0.0,0.0,0.00,
beir500k-f32,neg40_cat03,neg40,212381,pathseer,512,1,55,0.9764,0.8545,0.00025,13.823,22.724,24.137,13.616,17731.2,0.0,31691.2,3733.3,15.0,298.0,898.3,129.1,16886.4,14.0,571.82,pathseer:55
beir500k-f32,neg40_cat03,neg40,212381,pathseer,512,2,55,0.9764,0.8545,0.00025,13.980,23.676,24.251,13.673,17731.2,0.0,31691.2,3733.3,15.0,298.0,898.3,129.1,16886.4,14.0,571.82,pathseer:55
beir500k-f32,neg40_cat03,neg40,212381,pathseer,512,3,55,0.9764,0.8545,0.00025,13.989,22.607,24.269,13.594,17731.2,0.0,31691.2,3733.3,15.0,298.0,898.3,129.1,16886.4,14.0,571.82,pathseer:55
beir500k-f32,neg40_cat03,neg40,212381,pathseer-nc,512,1,55,0.9764,0.8545,0.00025,12.850,21.049,22.707,12.774,0.0,0.0,0.0,0.0,0.0,0.0,0.0,0.0,0.0,0.0,0.00,
beir500k-f32,neg40_cat03,neg40,212381,pathseer-nc,512,2,55,0.9764,0.8545,0.00025,12.954,21.454,22.018,12.656,0.0,0.0,0.0,0.0,0.0,0.0,0.0,0.0,0.0,0.0,0.00,
beir500k-f32,neg40_cat03,neg40,212381,pathseer-nc,512,3,55,0.9764,0.8545,0.00025,12.809,20.905,22.186,12.621,0.0,0.0,0.0,0.0,0.0,0.0,0.0,0.0,0.0,0.0,0.00,
beir500k-f32,neg40_cat04,neg40,219419,pathseer,64,1,57,0.9491,0.7193,0.00096,4.574,7.824,8.042,4.704,4586.4,0.0,16493.8,1952.5,3.0,144.0,143.7,12.3,10830.6,2.2,143.82,pathseer:57
beir500k-f32,neg40_cat04,neg40,219419,pathseer,64,2,57,0.9491,0.7193,0.00096,4.617,7.501,8.246,4.619,4586.4,0.0,16493.8,1952.5,3.0,144.0,143.7,12.3,10830.6,2.2,143.82,pathseer:57
beir500k-f32,neg40_cat04,neg40,219419,pathseer,64,3,57,0.9491,0.7193,0.00096,4.581,7.224,8.015,4.539,4586.4,0.0,16493.8,1952.5,3.0,144.0,143.7,12.3,10830.6,2.2,143.82,pathseer:57
beir500k-f32,neg40_cat04,neg40,219419,pathseer-nc,64,1,57,0.9491,0.7193,0.00096,4.133,6.588,7.167,4.080,0.0,0.0,0.0,0.0,0.0,0.0,0.0,0.0,0.0,0.0,0.00,
beir500k-f32,neg40_cat04,neg40,219419,pathseer-nc,64,2,57,0.9491,0.7193,0.00096,4.101,6.537,7.229,4.084,0.0,0.0,0.0,0.0,0.0,0.0,0.0,0.0,0.0,0.0,0.00,
beir500k-f32,neg40_cat04,neg40,219419,pathseer-nc,64,3,57,0.9491,0.7193,0.00096,4.160,6.495,7.434,4.089,0.0,0.0,0.0,0.0,0.0,0.0,0.0,0.0,0.0,0.0,0.00,
beir500k-f32,neg40_cat04,neg40,219419,pathseer,128,1,57,0.9754,0.8070,0.00050,7.164,12.034,12.762,7.371,7680.4,0.0,22355.6,3162.0,5.0,301.0,251.5,22.5,13124.8,3.9,240.91,pathseer:57
beir500k-f32,neg40_cat04,neg40,219419,pathseer,128,2,57,0.9754,0.8070,0.00050,7.116,11.858,13.039,7.320,7680.4,0.0,22355.6,3162.0,5.0,301.0,251.5,22.5,13124.8,3.9,240.91,pathseer:57
beir500k-f32,neg40_cat04,neg40,219419,pathseer,128,3,57,0.9754,0.8070,0.00050,7.215,11.876,12.935,7.314,7680.4,0.0,22355.6,3162.0,5.0,301.0,251.5,22.5,13124.8,3.9,240.91,pathseer:57
beir500k-f32,neg40_cat04,neg40,219419,pathseer-nc,128,1,57,0.9754,0.8070,0.00050,6.480,12.541,13.290,6.832,0.0,0.0,0.0,0.0,0.0,0.0,0.0,0.0,0.0,0.0,0.00,
beir500k-f32,neg40_cat04,neg40,219419,pathseer-nc,128,2,57,0.9754,0.8070,0.00050,6.548,11.017,12.035,6.727,0.0,0.0,0.0,0.0,0.0,0.0,0.0,0.0,0.0,0.0,0.00,
beir500k-f32,neg40_cat04,neg40,219419,pathseer-nc,128,3,57,0.9754,0.8070,0.00050,6.510,11.042,11.965,6.710,0.0,0.0,0.0,0.0,0.0,0.0,0.0,0.0,0.0,0.0,0.00,
beir500k-f32,neg40_cat04,neg40,219419,pathseer,256,1,57,0.9947,0.9474,0.00004,11.673,18.203,19.384,11.627,12412.4,0.0,29537.7,4893.4,9.0,531.0,530.0,43.0,15082.5,8.3,388.32,pathseer:57
beir500k-f32,neg40_cat04,neg40,219419,pathseer,256,2,57,0.9947,0.9474,0.00004,11.564,17.737,18.713,11.607,12412.4,0.0,29537.7,4893.4,9.0,531.0,530.0,43.0,15082.5,8.3,388.32,pathseer:57
beir500k-f32,neg40_cat04,neg40,219419,pathseer,256,3,57,0.9947,0.9474,0.00004,11.649,17.951,18.645,11.533,12412.4,0.0,29537.7,4893.4,9.0,531.0,530.0,43.0,15082.5,8.3,388.32,pathseer:57
beir500k-f32,neg40_cat04,neg40,219419,pathseer-nc,256,1,57,0.9947,0.9474,0.00004,10.761,17.023,17.721,10.826,0.0,0.0,0.0,0.0,0.0,0.0,0.0,0.0,0.0,0.0,0.00,
beir500k-f32,neg40_cat04,neg40,219419,pathseer-nc,256,2,57,0.9947,0.9474,0.00004,10.780,16.979,17.752,10.796,0.0,0.0,0.0,0.0,0.0,0.0,0.0,0.0,0.0,0.0,0.00,
beir500k-f32,neg40_cat04,neg40,219419,pathseer-nc,256,3,57,0.9947,0.9474,0.00004,10.654,16.867,17.659,10.750,0.0,0.0,0.0,0.0,0.0,0.0,0.0,0.0,0.0,0.0,0.00,
beir500k-f32,neg40_cat04,neg40,219419,pathseer,512,1,57,0.9982,0.9825,0.00002,17.786,24.271,26.329,17.795,19673.5,0.0,38903.8,7368.0,19.0,972.0,1120.6,86.8,16676.0,17.5,603.86,pathseer:57
beir500k-f32,neg40_cat04,neg40,219419,pathseer,512,2,57,0.9982,0.9825,0.00002,17.888,24.085,26.408,17.851,19673.5,0.0,38903.8,7368.0,19.0,972.0,1120.6,86.8,16676.0,17.5,603.86,pathseer:57
beir500k-f32,neg40_cat04,neg40,219419,pathseer,512,3,57,0.9982,0.9825,0.00002,17.694,24.152,26.187,17.820,19673.5,0.0,38903.8,7368.0,19.0,972.0,1120.6,86.8,16676.0,17.5,603.86,pathseer:57
beir500k-f32,neg40_cat04,neg40,219419,pathseer-nc,512,1,57,0.9982,0.9825,0.00002,16.856,23.011,25.606,16.906,0.0,0.0,0.0,0.0,0.0,0.0,0.0,0.0,0.0,0.0,0.00,
beir500k-f32,neg40_cat04,neg40,219419,pathseer-nc,512,2,57,0.9982,0.9825,0.00002,16.809,22.990,25.341,16.838,0.0,0.0,0.0,0.0,0.0,0.0,0.0,0.0,0.0,0.0,0.00,
beir500k-f32,neg40_cat04,neg40,219419,pathseer-nc,512,3,57,0.9982,0.9825,0.00002,16.763,23.042,25.333,16.761,0.0,0.0,0.0,0.0,0.0,0.0,0.0,0.0,0.0,0.0,0.00,
beir500k-f32,neg40_cat05,neg40,210419,pathseer,64,1,20,0.9400,0.7500,0.00064,1.149,2.263,2.324,1.291,2017.0,0.0,3191.6,248.4,3.0,7.0,99.2,34.3,1926.2,1.6,78.65,pathseer:20
beir500k-f32,neg40_cat05,neg40,210419,pathseer,64,2,20,0.9400,0.7500,0.00064,1.123,2.256,2.324,1.280,2017.0,0.0,3191.6,248.4,3.0,7.0,99.2,34.3,1926.2,1.6,78.65,pathseer:20
beir500k-f32,neg40_cat05,neg40,210419,pathseer,64,3,20,0.9400,0.7500,0.00064,1.124,2.241,2.332,1.280,2017.0,0.0,3191.6,248.4,3.0,7.0,99.2,34.3,1926.2,1.6,78.65,pathseer:20
beir500k-f32,neg40_cat05,neg40,210419,pathseer-nc,64,1,20,0.9400,0.7500,0.00064,1.065,2.034,2.153,1.201,0.0,0.0,0.0,0.0,0.0,0.0,0.0,0.0,0.0,0.0,0.00,
beir500k-f32,neg40_cat05,neg40,210419,pathseer-nc,64,2,20,0.9400,0.7500,0.00064,1.061,2.027,2.225,1.202,0.0,0.0,0.0,0.0,0.0,0.0,0.0,0.0,0.0,0.0,0.00,
beir500k-f32,neg40_cat05,neg40,210419,pathseer-nc,64,3,20,0.9400,0.7500,0.00064,1.074,2.132,2.132,1.215,0.0,0.0,0.0,0.0,0.0,0.0,0.0,0.0,0.0,0.0,0.00,
beir500k-f32,neg40_cat05,neg40,210419,pathseer,128,1,20,0.9700,0.8000,0.00015,2.014,3.959,4.430,2.298,3570.2,0.0,5299.9,495.1,4.0,23.0,198.4,57.8,2916.8,3.1,137.30,pathseer:20
beir500k-f32,neg40_cat05,neg40,210419,pathseer,128,2,20,0.9700,0.8000,0.00015,2.018,3.978,4.464,2.322,3570.2,0.0,5299.9,495.1,4.0,23.0,198.4,57.8,2916.8,3.1,137.30,pathseer:20
beir500k-f32,neg40_cat05,neg40,210419,pathseer,128,3,20,0.9700,0.8000,0.00015,2.004,3.950,4.447,2.307,3570.2,0.0,5299.9,495.1,4.0,23.0,198.4,57.8,2916.8,3.1,137.30,pathseer:20
beir500k-f32,neg40_cat05,neg40,210419,pathseer-nc,128,1,20,0.9700,0.8000,0.00015,1.903,3.668,4.099,2.181,0.0,0.0,0.0,0.0,0.0,0.0,0.0,0.0,0.0,0.0,0.00,
beir500k-f32,neg40_cat05,neg40,210419,pathseer-nc,128,2,20,0.9700,0.8000,0.00015,1.906,3.690,4.117,2.168,0.0,0.0,0.0,0.0,0.0,0.0,0.0,0.0,0.0,0.0,0.00,
beir500k-f32,neg40_cat05,neg40,210419,pathseer-nc,128,3,20,0.9700,0.8000,0.00015,1.887,3.623,4.303,2.185,0.0,0.0,0.0,0.0,0.0,0.0,0.0,0.0,0.0,0.0,0.00,
beir500k-f32,neg40_cat05,neg40,210419,pathseer,256,1,20,0.9950,0.9500,0.00002,3.446,6.739,6.902,3.955,6093.4,0.0,7986.7,877.4,7.0,38.0,361.6,111.2,3938.3,5.7,231.90,pathseer:20
beir500k-f32,neg40_cat05,neg40,210419,pathseer,256,2,20,0.9950,0.9500,0.00002,3.618,6.756,6.955,3.967,6093.4,0.0,7986.7,877.4,7.0,38.0,361.6,111.2,3938.3,5.7,231.90,pathseer:20
beir500k-f32,neg40_cat05,neg40,210419,pathseer,256,3,20,0.9950,0.9500,0.00002,3.462,6.806,6.947,3.979,6093.4,0.0,7986.7,877.4,7.0,38.0,361.6,111.2,3938.3,5.7,231.90,pathseer:20
beir500k-f32,neg40_cat05,neg40,210419,pathseer-nc,256,1,20,0.9950,0.9500,0.00002,3.304,6.408,6.469,3.751,0.0,0.0,0.0,0.0,0.0,0.0,0.0,0.0,0.0,0.0,0.00,
beir500k-f32,neg40_cat05,neg40,210419,pathseer-nc,256,2,20,0.9950,0.9500,0.00002,3.250,6.414,6.423,3.750,0.0,0.0,0.0,0.0,0.0,0.0,0.0,0.0,0.0,0.0,0.00,
beir500k-f32,neg40_cat05,neg40,210419,pathseer-nc,256,3,20,0.9950,0.9500,0.00002,3.292,6.431,6.442,3.737,0.0,0.0,0.0,0.0,0.0,0.0,0.0,0.0,0.0,0.0,0.00,
beir500k-f32,neg40_cat05,neg40,210419,pathseer,512,1,20,1.0000,1.0000,0.00000,7.501,10.453,10.787,6.814,10200.6,0.0,12304.0,1528.9,13.0,82.0,755.2,225.6,5452.8,11.8,395.20,pathseer:20
beir500k-f32,neg40_cat05,neg40,210419,pathseer,512,2,20,1.0000,1.0000,0.00000,7.427,10.193,10.849,6.765,10200.6,0.0,12304.0,1528.9,13.0,82.0,755.2,225.6,5452.8,11.8,395.20,pathseer:20
beir500k-f32,neg40_cat05,neg40,210419,pathseer,512,3,20,1.0000,1.0000,0.00000,7.511,10.377,10.928,6.814,10200.6,0.0,12304.0,1528.9,13.0,82.0,755.2,225.6,5452.8,11.8,395.20,pathseer:20
beir500k-f32,neg40_cat05,neg40,210419,pathseer-nc,512,1,20,1.0000,1.0000,0.00000,7.112,9.952,10.343,6.469,0.0,0.0,0.0,0.0,0.0,0.0,0.0,0.0,0.0,0.0,0.00,
beir500k-f32,neg40_cat05,neg40,210419,pathseer-nc,512,2,20,1.0000,1.0000,0.00000,7.059,9.761,10.255,6.480,0.0,0.0,0.0,0.0,0.0,0.0,0.0,0.0,0.0,0.0,0.00,
beir500k-f32,neg40_cat05,neg40,210419,pathseer-nc,512,3,20,1.0000,1.0000,0.00000,6.985,9.814,10.390,6.465,0.0,0.0,0.0,0.0,0.0,0.0,0.0,0.0,0.0,0.0,0.00,
beir500k-f32,neg40_cat06,neg40,214755,pathseer,64,1,49,0.9510,0.6939,0.00094,4.112,13.325,14.058,4.931,4513.8,0.0,17358.8,2228.6,3.0,144.0,146.3,9.6,11314.9,2.3,288.49,pathseer:49
beir500k-f32,neg40_cat06,neg40,214755,pathseer,64,2,49,0.9510,0.6939,0.00094,4.293,13.052,13.383,4.797,4513.8,0.0,17358.8,2228.6,3.0,144.0,146.3,9.6,11314.9,2.3,288.49,pathseer:49
beir500k-f32,neg40_cat06,neg40,214755,pathseer,64,3,49,0.9510,0.6939,0.00094,3.993,13.101,13.337,4.761,4513.8,0.0,17358.8,2228.6,3.0,144.0,146.3,9.6,11314.9,2.3,288.49,pathseer:49
beir500k-f32,neg40_cat06,neg40,214755,pathseer-nc,64,1,49,0.9510,0.6939,0.00094,3.561,12.147,36.441,4.824,0.0,0.0,0.0,0.0,0.0,0.0,0.0,0.0,0.0,0.0,0.00,
beir500k-f32,neg40_cat06,neg40,214755,pathseer-nc,64,2,49,0.9510,0.6939,0.00094,3.703,12.345,12.473,4.331,0.0,0.0,0.0,0.0,0.0,0.0,0.0,0.0,0.0,0.0,0.00,
beir500k-f32,neg40_cat06,neg40,214755,pathseer-nc,64,3,49,0.9510,0.6939,0.00094,3.631,12.157,12.306,4.288,0.0,0.0,0.0,0.0,0.0,0.0,0.0,0.0,0.0,0.0,0.00,
beir500k-f32,neg40_cat06,neg40,214755,pathseer,128,1,49,0.9755,0.8163,0.00048,7.036,17.895,18.061,7.796,7500.9,0.0,24672.4,3535.7,5.0,302.0,265.1,15.6,14956.5,4.1,474.18,pathseer:49
beir500k-f32,neg40_cat06,neg40,214755,pathseer,128,2,49,0.9755,0.8163,0.00048,6.949,17.687,17.991,7.685,7500.9,0.0,24672.4,3535.7,5.0,302.0,265.1,15.6,14956.5,4.1,474.18,pathseer:49
beir500k-f32,neg40_cat06,neg40,214755,pathseer,128,3,49,0.9755,0.8163,0.00048,7.121,18.066,18.373,7.850,7500.9,0.0,24672.4,3535.7,5.0,302.0,265.1,15.6,14956.5,4.1,474.18,pathseer:49
beir500k-f32,neg40_cat06,neg40,214755,pathseer-nc,128,1,49,0.9755,0.8163,0.00048,6.176,16.532,16.955,6.988,0.0,0.0,0.0,0.0,0.0,0.0,0.0,0.0,0.0,0.0,0.00,
beir500k-f32,neg40_cat06,neg40,214755,pathseer-nc,128,2,49,0.9755,0.8163,0.00048,6.142,16.609,16.983,6.984,0.0,0.0,0.0,0.0,0.0,0.0,0.0,0.0,0.0,0.0,0.00,
beir500k-f32,neg40_cat06,neg40,214755,pathseer-nc,128,3,49,0.9755,0.8163,0.00048,6.289,16.607,16.996,7.132,0.0,0.0,0.0,0.0,0.0,0.0,0.0,0.0,0.0,0.0,0.00,
beir500k-f32,neg40_cat06,neg40,214755,pathseer,256,1,49,0.9898,0.8980,0.00017,11.484,24.735,26.214,12.380,12283.5,0.0,34689.6,5492.0,10.0,526.0,553.8,34.7,19309.8,8.7,742.86,pathseer:49
beir500k-f32,neg40_cat06,neg40,214755,pathseer,256,2,49,0.9898,0.8980,0.00017,11.598,24.171,26.241,12.389,12283.5,0.0,34689.6,5492.0,10.0,526.0,553.8,34.7,19309.8,8.7,742.86,pathseer:49
beir500k-f32,neg40_cat06,neg40,214755,pathseer,256,3,49,0.9898,0.8980,0.00017,11.027,25.132,26.304,12.441,12283.5,0.0,34689.6,5492.0,10.0,526.0,553.8,34.7,19309.8,8.7,742.86,pathseer:49
beir500k-f32,neg40_cat06,neg40,214755,pathseer-nc,256,1,49,0.9898,0.8980,0.00017,10.239,22.726,24.496,11.332,0.0,0.0,0.0,0.0,0.0,0.0,0.0,0.0,0.0,0.0,0.00,
beir500k-f32,neg40_cat06,neg40,214755,pathseer-nc,256,2,49,0.9898,0.8980,0.00017,10.284,22.743,24.389,11.416,0.0,0.0,0.0,0.0,0.0,0.0,0.0,0.0,0.0,0.0,0.00,
beir500k-f32,neg40_cat06,neg40,214755,pathseer-nc,256,3,49,0.9898,0.8980,0.00017,10.378,23.308,24.309,11.324,0.0,0.0,0.0,0.0,0.0,0.0,0.0,0.0,0.0,0.0,0.00,
beir500k-f32,neg40_cat06,neg40,214755,pathseer,512,1,49,0.9959,0.9592,0.00001,18.601,35.593,37.473,19.525,19889.5,0.0,48484.5,8352.3,19.0,1046.0,1176.8,72.3,24517.3,18.4,1124.55,pathseer:49
beir500k-f32,neg40_cat06,neg40,214755,pathseer,512,2,49,0.9959,0.9592,0.00001,18.590,34.877,37.236,19.348,19889.5,0.0,48484.5,8352.3,19.0,1046.0,1176.8,72.3,24517.3,18.4,1124.55,pathseer:49
beir500k-f32,neg40_cat06,neg40,214755,pathseer,512,3,49,0.9959,0.9592,0.00001,18.680,34.915,37.952,19.401,19889.5,0.0,48484.5,8352.3,19.0,1046.0,1176.8,72.3,24517.3,18.4,1124.55,pathseer:49
beir500k-f32,neg40_cat06,neg40,214755,pathseer-nc,512,1,49,0.9959,0.9592,0.00001,17.557,33.126,34.994,18.157,0.0,0.0,0.0,0.0,0.0,0.0,0.0,0.0,0.0,0.0,0.00,
beir500k-f32,neg40_cat06,neg40,214755,pathseer-nc,512,2,49,0.9959,0.9592,0.00001,17.189,33.216,35.092,18.050,0.0,0.0,0.0,0.0,0.0,0.0,0.0,0.0,0.0,0.0,0.00,
beir500k-f32,neg40_cat06,neg40,214755,pathseer-nc,512,3,49,0.9959,0.9592,0.00001,17.238,32.611,34.723,17.995,0.0,0.0,0.0,0.0,0.0,0.0,0.0,0.0,0.0,0.0,0.00,
beir500k-f32,neg40_cat07,neg40,227993,pathseer,64,1,41,0.9756,0.8293,0.00055,1.560,3.450,3.905,1.749,2351.7,0.0,5377.1,371.3,3.0,14.0,115.5,30.3,3673.5,1.8,177.46,pathseer:41
beir500k-f32,neg40_cat07,neg40,227993,pathseer,64,2,41,0.9756,0.8293,0.00055,1.555,3.593,3.779,1.748,2351.7,0.0,5377.1,371.3,3.0,14.0,115.5,30.3,3673.5,1.8,177.46,pathseer:41
beir500k-f32,neg40_cat07,neg40,227993,pathseer,64,3,41,0.9756,0.8293,0.00055,1.582,3.383,3.658,1.692,2351.7,0.0,5377.1,371.3,3.0,14.0,115.5,30.3,3673.5,1.8,177.46,pathseer:41
beir500k-f32,neg40_cat07,neg40,227993,pathseer-nc,64,1,41,0.9756,0.8293,0.00055,1.379,3.045,3.264,1.540,0.0,0.0,0.0,0.0,0.0,0.0,0.0,0.0,0.0,0.0,0.00,
beir500k-f32,neg40_cat07,neg40,227993,pathseer-nc,64,2,41,0.9756,0.8293,0.00055,1.334,3.022,3.248,1.532,0.0,0.0,0.0,0.0,0.0,0.0,0.0,0.0,0.0,0.0,0.00,
beir500k-f32,neg40_cat07,neg40,227993,pathseer-nc,64,3,41,0.9756,0.8293,0.00055,1.357,3.187,3.257,1.547,0.0,0.0,0.0,0.0,0.0,0.0,0.0,0.0,0.0,0.0,0.00,
beir500k-f32,neg40_cat07,neg40,227993,pathseer,128,1,41,0.9854,0.8780,0.00031,2.793,5.123,6.069,3.066,4254.0,0.0,8752.3,693.9,4.0,29.0,193.6,50.1,5693.3,3.0,335.12,pathseer:41
beir500k-f32,neg40_cat07,neg40,227993,pathseer,128,2,41,0.9854,0.8780,0.00031,2.837,5.351,6.356,3.165,4254.0,0.0,8752.3,693.9,4.0,29.0,193.6,50.1,5693.3,3.0,335.12,pathseer:41
beir500k-f32,neg40_cat07,neg40,227993,pathseer,128,3,41,0.9854,0.8780,0.00031,2.824,5.381,6.206,3.132,4254.0,0.0,8752.3,693.9,4.0,29.0,193.6,50.1,5693.3,3.0,335.12,pathseer:41
beir500k-f32,neg40_cat07,neg40,227993,pathseer-nc,128,1,41,0.9854,0.8780,0.00031,2.658,4.868,5.517,2.906,0.0,0.0,0.0,0.0,0.0,0.0,0.0,0.0,0.0,0.0,0.00,
beir500k-f32,neg40_cat07,neg40,227993,pathseer-nc,128,2,41,0.9854,0.8780,0.00031,2.603,4.923,5.460,2.873,0.0,0.0,0.0,0.0,0.0,0.0,0.0,0.0,0.0,0.0,0.00,
beir500k-f32,neg40_cat07,neg40,227993,pathseer-nc,128,3,41,0.9854,0.8780,0.00031,2.700,5.021,5.519,2.921,0.0,0.0,0.0,0.0,0.0,0.0,0.0,0.0,0.0,0.0,0.00,
beir500k-f32,neg40_cat07,neg40,227993,pathseer,256,1,41,0.9976,0.9756,0.00004,5.170,8.997,9.473,5.449,7462.1,0.0,13810.3,1240.8,7.0,66.0,390.2,94.4,8464.4,6.1,597.49,pathseer:41
beir500k-f32,neg40_cat07,neg40,227993,pathseer,256,2,41,0.9976,0.9756,0.00004,5.032,9.076,9.339,5.497,7462.1,0.0,13810.3,1240.8,7.0,66.0,390.2,94.4,8464.4,6.1,597.49,pathseer:41
beir500k-f32,neg40_cat07,neg40,227993,pathseer,256,3,41,0.9976,0.9756,0.00004,5.119,9.062,9.093,5.514,7462.1,0.0,13810.3,1240.8,7.0,66.0,390.2,94.4,8464.4,6.1,597.49,pathseer:41
beir500k-f32,neg40_cat07,neg40,227993,pathseer-nc,256,1,41,0.9976,0.9756,0.00004,4.645,8.269,8.553,5.025,0.0,0.0,0.0,0.0,0.0,0.0,0.0,0.0,0.0,0.0,0.00,
beir500k-f32,neg40_cat07,neg40,227993,pathseer-nc,256,2,41,0.9976,0.9756,0.00004,4.607,8.159,8.358,5.079,0.0,0.0,0.0,0.0,0.0,0.0,0.0,0.0,0.0,0.0,0.00,
beir500k-f32,neg40_cat07,neg40,227993,pathseer-nc,256,3,41,0.9976,0.9756,0.00004,4.782,8.073,8.506,5.047,0.0,0.0,0.0,0.0,0.0,0.0,0.0,0.0,0.0,0.0,0.00,
beir500k-f32,neg40_cat07,neg40,227993,pathseer,512,1,41,1.0000,1.0000,0.00000,9.604,14.810,15.655,9.660,12882.0,0.0,21560.7,2177.8,14.0,131.0,853.9,178.5,12276.7,13.3,1017.68,pathseer:41
beir500k-f32,neg40_cat07,neg40,227993,pathseer,512,2,41,1.0000,1.0000,0.00000,9.408,15.165,16.403,9.761,12882.0,0.0,21560.7,2177.8,14.0,131.0,853.9,178.5,12276.7,13.3,1017.68,pathseer:41
beir500k-f32,neg40_cat07,neg40,227993,pathseer,512,3,41,1.0000,1.0000,0.00000,9.008,15.232,16.053,9.611,12882.0,0.0,21560.7,2177.8,14.0,131.0,853.9,178.5,12276.7,13.3,1017.68,pathseer:41
beir500k-f32,neg40_cat07,neg40,227993,pathseer-nc,512,1,41,1.0000,1.0000,0.00000,8.406,13.293,14.045,8.824,0.0,0.0,0.0,0.0,0.0,0.0,0.0,0.0,0.0,0.0,0.00,
beir500k-f32,neg40_cat07,neg40,227993,pathseer-nc,512,2,41,1.0000,1.0000,0.00000,8.728,13.526,13.677,8.898,0.0,0.0,0.0,0.0,0.0,0.0,0.0,0.0,0.0,0.0,0.00,
beir500k-f32,neg40_cat07,neg40,227993,pathseer-nc,512,3,41,1.0000,1.0000,0.00000,8.623,13.511,14.050,8.870,0.0,0.0,0.0,0.0,0.0,0.0,0.0,0.0,0.0,0.0,0.00,
beir500k-f32,neg40_cat08,neg40,220050,pathseer,64,1,52,0.9788,0.8846,0.00021,3.299,8.052,8.151,3.806,3722.9,0.0,13334.6,1396.0,3.0,61.0,136.6,14.8,9018.7,2.1,336.69,pathseer:52
beir500k-f32,neg40_cat08,neg40,220050,pathseer,64,2,52,0.9788,0.8846,0.00021,2.957,7.777,7.995,3.721,3722.9,0.0,13334.6,1396.0,3.0,61.0,136.6,14.8,9018.7,2.1,336.69,pathseer:52
beir500k-f32,neg40_cat08,neg40,220050,pathseer,64,3,52,0.9788,0.8846,0.00021,2.979,7.799,7.856,3.718,3722.9,0.0,13334.6,1396.0,3.0,61.0,136.6,14.8,9018.7,2.1,336.69,pathseer:52
beir500k-f32,neg40_cat08,neg40,220050,pathseer-nc,64,1,52,0.9788,0.8846,0.00021,2.685,7.230,7.386,3.353,0.0,0.0,0.0,0.0,0.0,0.0,0.0,0.0,0.0,0.0,0.00,
beir500k-f32,neg40_cat08,neg40,220050,pathseer-nc,64,2,52,0.9788,0.8846,0.00021,2.714,6.857,7.074,3.308,0.0,0.0,0.0,0.0,0.0,0.0,0.0,0.0,0.0,0.0,0.00,
beir500k-f32,neg40_cat08,neg40,220050,pathseer-nc,64,3,52,0.9788,0.8846,0.00021,2.621,7.089,7.246,3.302,0.0,0.0,0.0,0.0,0.0,0.0,0.0,0.0,0.0,0.0,0.00,
beir500k-f32,neg40_cat08,neg40,220050,pathseer,128,1,52,0.9942,0.9423,0.00004,5.341,12.407,13.114,6.398,6354.8,0.0,18772.7,2375.8,5.0,126.0,233.8,24.8,11514.7,3.7,582.79,pathseer:52
beir500k-f32,neg40_cat08,neg40,220050,pathseer,128,2,52,0.9942,0.9423,0.00004,6.524,12.739,20.524,7.377,6354.8,0.0,18772.7,2375.8,5.0,126.0,233.8,24.8,11514.7,3.7,582.79,pathseer:52
beir500k-f32,neg40_cat08,neg40,220050,pathseer,128,3,52,0.9942,0.9423,0.00004,5.874,13.130,13.632,6.684,6354.8,0.0,18772.7,2375.8,5.0,126.0,233.8,24.8,11514.7,3.7,582.79,pathseer:52
beir500k-f32,neg40_cat08,neg40,220050,pathseer-nc,128,1,52,0.9942,0.9423,0.00004,4.942,11.604,12.182,5.890,0.0,0.0,0.0,0.0,0.0,0.0,0.0,0.0,0.0,0.0,0.00,
beir500k-f32,neg40_cat08,neg40,220050,pathseer-nc,128,2,52,0.9942,0.9423,0.00004,6.034,11.996,14.300,8.163,0.0,0.0,0.0,0.0,0.0,0.0,0.0,0.0,0.0,0.0,0.00,
beir500k-f32,neg40_cat08,neg40,220050,pathseer-nc,128,3,52,0.9942,0.9423,0.00004,4.891,11.800,11.956,5.951,0.0,0.0,0.0,0.0,0.0,0.0,0.0,0.0,0.0,0.0,0.00,
beir500k-f32,neg40_cat08,neg40,220050,pathseer,256,1,52,1.0000,1.0000,0.00000,9.757,18.443,18.656,10.412,10529.8,0.0,25949.7,3853.5,8.0,258.0,444.3,48.6,14218.1,6.9,955.08,pathseer:52
beir500k-f32,neg40_cat08,neg40,220050,pathseer,256,2,52,1.0000,1.0000,0.00000,9.292,17.665,17.936,10.022,10529.8,0.0,25949.7,3853.5,8.0,258.0,444.3,48.6,14218.1,6.9,955.08,pathseer:52
beir500k-f32,neg40_cat08,neg40,220050,pathseer,256,3,52,1.0000,1.0000,0.00000,8.850,17.330,17.769,9.887,10529.8,0.0,25949.7,3853.5,8.0,258.0,444.3,48.6,14218.1,6.9,955.08,pathseer:52
beir500k-f32,neg40_cat08,neg40,220050,pathseer-nc,256,1,52,1.0000,1.0000,0.00000,7.848,16.308,16.642,9.044,0.0,0.0,0.0,0.0,0.0,0.0,0.0,0.0,0.0,0.0,0.00,
beir500k-f32,neg40_cat08,neg40,220050,pathseer-nc,256,2,52,1.0000,1.0000,0.00000,8.006,16.327,16.995,9.049,0.0,0.0,0.0,0.0,0.0,0.0,0.0,0.0,0.0,0.0,0.00,
beir500k-f32,neg40_cat08,neg40,220050,pathseer-nc,256,3,52,1.0000,1.0000,0.00000,8.316,16.484,16.723,9.233,0.0,0.0,0.0,0.0,0.0,0.0,0.0,0.0,0.0,0.0,0.00,
beir500k-f32,neg40_cat08,neg40,220050,pathseer,512,1,52,1.0000,1.0000,0.00000,15.116,26.004,26.982,15.930,17056.3,0.0,35332.2,6076.5,16.0,473.0,960.0,112.6,16820.6,15.0,1449.44,pathseer:52
beir500k-f32,neg40_cat08,neg40,220050,pathseer,512,2,52,1.0000,1.0000,0.00000,14.856,25.874,26.110,16.026,17056.3,0.0,35332.2,6076.5,16.0,473.0,960.0,112.6,16820.6,15.0,1449.44,pathseer:52
beir500k-f32,neg40_cat08,neg40,220050,pathseer,512,3,52,1.0000,1.0000,0.00000,15.279,26.821,27.191,16.306,17056.3,0.0,35332.2,6076.5,16.0,473.0,960.0,112.6,16820.6,15.0,1449.44,pathseer:52
beir500k-f32,neg40_cat08,neg40,220050,pathseer-nc,512,1,52,1.0000,1.0000,0.00000,13.918,24.574,25.740,14.946,0.0,0.0,0.0,0.0,0.0,0.0,0.0,0.0,0.0,0.0,0.00,
beir500k-f32,neg40_cat08,neg40,220050,pathseer-nc,512,2,52,1.0000,1.0000,0.00000,14.009,24.358,24.642,14.846,0.0,0.0,0.0,0.0,0.0,0.0,0.0,0.0,0.0,0.0,0.00,
beir500k-f32,neg40_cat08,neg40,220050,pathseer-nc,512,3,52,1.0000,1.0000,0.00000,14.028,24.750,25.165,14.951,0.0,0.0,0.0,0.0,0.0,0.0,0.0,0.0,0.0,0.0,0.00,
beir500k-f32,neg40_cat09,neg40,211545,pathseer,64,1,55,0.9709,0.7455,0.00041,5.593,10.721,11.369,5.773,5059.1,0.0,19905.7,2528.9,3.0,197.0,146.6,10.7,13078.4,2.3,282.20,pathseer:55
beir500k-f32,neg40_cat09,neg40,211545,pathseer,64,2,55,0.9709,0.7455,0.00041,5.379,10.924,11.364,5.644,5059.1,0.0,19905.7,2528.9,3.0,197.0,146.6,10.7,13078.4,2.3,282.20,pathseer:55
beir500k-f32,neg40_cat09,neg40,211545,pathseer,64,3,55,0.9709,0.7455,0.00041,5.447,10.667,11.268,5.683,5059.1,0.0,19905.7,2528.9,3.0,197.0,146.6,10.7,13078.4,2.3,282.20,pathseer:55
beir500k-f32,neg40_cat09,neg40,211545,pathseer-nc,64,1,55,0.9709,0.7455,0.00041,4.999,9.848,11.516,5.169,0.0,0.0,0.0,0.0,0.0,0.0,0.0,0.0,0.0,0.0,0.00,
beir500k-f32,neg40_cat09,neg40,211545,pathseer-nc,64,2,55,0.9709,0.7455,0.00041,4.912,9.764,10.833,5.085,0.0,0.0,0.0,0.0,0.0,0.0,0.0,0.0,0.0,0.0,0.00,
beir500k-f32,neg40_cat09,neg40,211545,pathseer-nc,64,3,55,0.9709,0.7455,0.00041,4.870,9.845,10.442,5.063,0.0,0.0,0.0,0.0,0.0,0.0,0.0,0.0,0.0,0.0,0.00,
beir500k-f32,neg40_cat09,neg40,211545,pathseer,128,1,55,0.9927,0.9273,0.00011,8.642,15.720,16.822,8.858,8178.5,0.0,26981.8,3932.9,5.0,384.0,259.5,21.5,16295.2,4.1,482.40,pathseer:55
beir500k-f32,neg40_cat09,neg40,211545,pathseer,128,2,55,0.9927,0.9273,0.00011,8.539,15.530,16.878,8.906,8178.5,0.0,26981.8,3932.9,5.0,384.0,259.5,21.5,16295.2,4.1,482.40,pathseer:55
beir500k-f32,neg40_cat09,neg40,211545,pathseer,128,3,55,0.9927,0.9273,0.00011,8.515,15.636,16.492,8.882,8178.5,0.0,26981.8,3932.9,5.0,384.0,259.5,21.5,16295.2,4.1,482.40,pathseer:55
beir500k-f32,neg40_cat09,neg40,211545,pathseer-nc,128,1,55,0.9927,0.9273,0.00011,7.707,14.384,15.159,8.063,0.0,0.0,0.0,0.0,0.0,0.0,0.0,0.0,0.0,0.0,0.00,
beir500k-f32,neg40_cat09,neg40,211545,pathseer-nc,128,2,55,0.9927,0.9273,0.00011,7.650,14.894,15.657,8.069,0.0,0.0,0.0,0.0,0.0,0.0,0.0,0.0,0.0,0.0,0.00,
beir500k-f32,neg40_cat09,neg40,211545,pathseer-nc,128,3,55,0.9927,0.9273,0.00011,7.923,14.307,15.393,8.102,0.0,0.0,0.0,0.0,0.0,0.0,0.0,0.0,0.0,0.0,0.00,
beir500k-f32,neg40_cat09,neg40,211545,pathseer,256,1,55,0.9964,0.9636,0.00005,13.210,21.543,23.441,13.741,13141.7,0.0,36223.6,6080.1,9.0,740.0,548.1,38.3,19548.9,8.6,768.98,pathseer:55
beir500k-f32,neg40_cat09,neg40,211545,pathseer,256,2,55,0.9964,0.9636,0.00005,13.465,22.268,24.092,13.781,13141.7,0.0,36223.6,6080.1,9.0,740.0,548.1,38.3,19548.9,8.6,768.98,pathseer:55
beir500k-f32,neg40_cat09,neg40,211545,pathseer,256,3,55,0.9964,0.9636,0.00005,13.733,21.705,23.128,13.739,13141.7,0.0,36223.6,6080.1,9.0,740.0,548.1,38.3,19548.9,8.6,768.98,pathseer:55
beir500k-f32,neg40_cat09,neg40,211545,pathseer-nc,256,1,55,0.9964,0.9636,0.00005,12.301,20.935,21.359,12.743,0.0,0.0,0.0,0.0,0.0,0.0,0.0,0.0,0.0,0.0,0.00,
beir500k-f32,neg40_cat09,neg40,211545,pathseer-nc,256,2,55,0.9964,0.9636,0.00005,12.614,20.285,21.469,12.719,0.0,0.0,0.0,0.0,0.0,0.0,0.0,0.0,0.0,0.0,0.00,
beir500k-f32,neg40_cat09,neg40,211545,pathseer-nc,256,3,55,0.9964,0.9636,0.00005,12.381,20.625,21.328,12.690,0.0,0.0,0.0,0.0,0.0,0.0,0.0,0.0,0.0,0.0,0.00,
beir500k-f32,neg40_cat09,neg40,211545,pathseer,512,1,55,0.9982,0.9818,0.00002,22.422,31.746,32.788,21.408,21116.5,0.0,48532.5,9381.3,19.0,1368.0,1199.7,78.5,22414.4,18.7,1151.73,pathseer:55
beir500k-f32,neg40_cat09,neg40,211545,pathseer,512,2,55,0.9982,0.9818,0.00002,22.443,31.176,31.981,21.350,21116.5,0.0,48532.5,9381.3,19.0,1368.0,1199.7,78.5,22414.4,18.7,1151.73,pathseer:55
beir500k-f32,neg40_cat09,neg40,211545,pathseer,512,3,55,0.9982,0.9818,0.00002,21.968,31.396,32.740,21.406,21116.5,0.0,48532.5,9381.3,19.0,1368.0,1199.7,78.5,22414.4,18.7,1151.73,pathseer:55
beir500k-f32,neg40_cat09,neg40,211545,pathseer-nc,512,1,55,0.9982,0.9818,0.00002,21.302,30.288,32.319,20.152,0.0,0.0,0.0,0.0,0.0,0.0,0.0,0.0,0.0,0.0,0.00,
beir500k-f32,neg40_cat09,neg40,211545,pathseer-nc,512,2,55,0.9982,0.9818,0.00002,20.843,30.174,30.934,20.041,0.0,0.0,0.0,0.0,0.0,0.0,0.0,0.0,0.0,0.0,0.00,
beir500k-f32,neg40_cat09,neg40,211545,pathseer-nc,512,3,55,0.9982,0.9818,0.00002,21.102,29.949,30.354,20.055,0.0,0.0,0.0,0.0,0.0,0.0,0.0,0.0,0.0,0.0,0.00,
beir500k-f32,neg40_cat10,neg40,228898,pathseer,64,1,50,0.9760,0.8000,0.00030,1.687,2.876,3.645,1.762,2296.4,0.0,5507.0,370.6,3.0,15.0,115.2,26.6,3790.1,1.8,200.44,pathseer:50
beir500k-f32,neg40_cat10,neg40,228898,pathseer,64,2,50,0.9760,0.8000,0.00030,1.645,2.813,3.465,1.762,2296.4,0.0,5507.0,370.6,3.0,15.0,115.2,26.6,3790.1,1.8,200.44,pathseer:50
beir500k-f32,neg40_cat10,neg40,228898,pathseer,64,3,50,0.9760,0.8000,0.00030,1.702,2.826,3.576,1.753,2296.4,0.0,5507.0,370.6,3.0,15.0,115.2,26.6,3790.1,1.8,200.44,pathseer:50
beir500k-f32,neg40_cat10,neg40,228898,pathseer-nc,64,1,50,0.9760,0.8000,0.00030,1.540,2.485,3.098,1.603,0.0,0.0,0.0,0.0,0.0,0.0,0.0,0.0,0.0,0.0,0.00,
beir500k-f32,neg40_cat10,neg40,228898,pathseer-nc,64,2,50,0.9760,0.8000,0.00030,1.502,2.459,3.040,1.550,0.0,0.0,0.0,0.0,0.0,0.0,0.0,0.0,0.0,0.0,0.00,
beir500k-f32,neg40_cat10,neg40,228898,pathseer-nc,64,3,50,0.9760,0.8000,0.00030,1.534,2.549,3.191,1.577,0.0,0.0,0.0,0.0,0.0,0.0,0.0,0.0,0.0,0.0,0.00,
beir500k-f32,neg40_cat10,neg40,228898,pathseer,128,1,50,0.9940,0.9400,0.00007,2.994,4.508,6.079,3.103,4066.0,0.0,8883.8,716.4,4.0,36.0,212.5,46.2,5759.5,3.3,374.02,pathseer:50
beir500k-f32,neg40_cat10,neg40,228898,pathseer,128,2,50,0.9940,0.9400,0.00007,2.936,4.596,5.817,3.074,4066.0,0.0,8883.8,716.4,4.0,36.0,212.5,46.2,5759.5,3.3,374.02,pathseer:50
beir500k-f32,neg40_cat10,neg40,228898,pathseer,128,3,50,0.9940,0.9400,0.00007,3.067,4.881,6.013,3.134,4066.0,0.0,8883.8,716.4,4.0,36.0,212.5,46.2,5759.5,3.3,374.02,pathseer:50
beir500k-f32,neg40_cat10,neg40,228898,pathseer-nc,128,1,50,0.9940,0.9400,0.00007,2.728,3.973,5.288,2.811,0.0,0.0,0.0,0.0,0.0,0.0,0.0,0.0,0.0,0.0,0.00,
beir500k-f32,neg40_cat10,neg40,228898,pathseer-nc,128,2,50,0.9940,0.9400,0.00007,2.771,3.980,5.425,2.830,0.0,0.0,0.0,0.0,0.0,0.0,0.0,0.0,0.0,0.0,0.00,
beir500k-f32,neg40_cat10,neg40,228898,pathseer-nc,128,3,50,0.9940,0.9400,0.00007,2.717,4.001,5.196,2.801,0.0,0.0,0.0,0.0,0.0,0.0,0.0,0.0,0.0,0.0,0.00,
beir500k-f32,neg40_cat10,neg40,228898,pathseer,256,1,50,0.9980,0.9800,0.00004,5.003,7.826,9.508,5.255,7022.8,0.0,13638.4,1309.3,8.0,77.0,426.2,85.8,8169.0,6.7,654.40,pathseer:50
beir500k-f32,neg40_cat10,neg40,228898,pathseer,256,2,50,0.9980,0.9800,0.00004,5.826,33.340,41.985,7.758,7022.8,0.0,13638.4,1309.3,8.0,77.0,426.2,85.8,8169.0,6.7,654.40,pathseer:50
beir500k-f32,neg40_cat10,neg40,228898,pathseer,256,3,50,0.9980,0.9800,0.00004,5.152,7.927,9.411,5.278,7022.8,0.0,13638.4,1309.3,8.0,77.0,426.2,85.8,8169.0,6.7,654.40,pathseer:50
beir500k-f32,neg40_cat10,neg40,228898,pathseer-nc,256,1,50,0.9980,0.9800,0.00004,5.136,7.527,9.801,5.140,0.0,0.0,0.0,0.0,0.0,0.0,0.0,0.0,0.0,0.0,0.00,
beir500k-f32,neg40_cat10,neg40,228898,pathseer-nc,256,2,50,0.9980,0.9800,0.00004,5.188,9.598,12.411,5.476,0.0,0.0,0.0,0.0,0.0,0.0,0.0,0.0,0.0,0.0,0.00,
beir500k-f32,neg40_cat10,neg40,228898,pathseer-nc,256,3,50,0.9980,0.9800,0.00004,5.036,7.795,8.912,5.030,0.0,0.0,0.0,0.0,0.0,0.0,0.0,0.0,0.0,0.0,0.00,
beir500k-f32,neg40_cat10,neg40,228898,pathseer,512,1,50,1.0000,1.0000,0.00000,9.153,13.925,25.760,9.480,11988.3,0.0,20860.7,2380.7,14.0,138.0,866.6,173.2,11339.5,13.5,1102.92,pathseer:50
beir500k-f32,neg40_cat10,neg40,228898,pathseer,512,2,50,1.0000,1.0000,0.00000,8.858,14.003,14.978,9.093,11988.3,0.0,20860.7,2380.7,14.0,138.0,866.6,173.2,11339.5,13.5,1102.92,pathseer:50
beir500k-f32,neg40_cat10,neg40,228898,pathseer,512,3,50,1.0000,1.0000,0.00000,9.177,13.290,14.814,9.097,11988.3,0.0,20860.7,2380.7,14.0,138.0,866.6,173.2,11339.5,13.5,1102.92,pathseer:50
beir500k-f32,neg40_cat10,neg40,228898,pathseer-nc,512,1,50,1.0000,1.0000,0.00000,8.426,12.294,13.543,8.314,0.0,0.0,0.0,0.0,0.0,0.0,0.0,0.0,0.0,0.0,0.00,
beir500k-f32,neg40_cat10,neg40,228898,pathseer-nc,512,2,50,1.0000,1.0000,0.00000,8.282,12.356,13.522,8.313,0.0,0.0,0.0,0.0,0.0,0.0,0.0,0.0,0.0,0.0,0.00,
beir500k-f32,neg40_cat10,neg40,228898,pathseer-nc,512,3,50,1.0000,1.0000,0.00000,8.265,12.477,14.159,8.378,0.0,0.0,0.0,0.0,0.0,0.0,0.0,0.0,0.0,0.0,0.00,
beir500k-f32,neg40_cat11,neg40,203547,pathseer,64,1,32,0.9812,0.8125,0.00022,2.833,6.100,9.053,2.933,3118.5,0.0,11181.1,1044.6,3.0,63.0,140.0,19.5,7836.4,2.2,237.00,pathseer:32
beir500k-f32,neg40_cat11,neg40,203547,pathseer,64,2,32,0.9812,0.8125,0.00022,2.688,5.770,8.797,2.841,3118.5,0.0,11181.1,1044.6,3.0,63.0,140.0,19.5,7836.4,2.2,237.00,pathseer:32
beir500k-f32,neg40_cat11,neg40,203547,pathseer,64,3,32,0.9812,0.8125,0.00022,2.752,5.949,8.493,2.847,3118.5,0.0,11181.1,1044.6,3.0,63.0,140.0,19.5,7836.4,2.2,237.00,pathseer:32
beir500k-f32,neg40_cat11,neg40,203547,pathseer-nc,64,1,32,0.9812,0.8125,0.00022,2.398,5.039,7.604,2.506,0.0,0.0,0.0,0.0,0.0,0.0,0.0,0.0,0.0,0.0,0.00,
beir500k-f32,neg40_cat11,neg40,203547,pathseer-nc,64,2,32,0.9812,0.8125,0.00022,2.460,5.003,7.856,2.542,0.0,0.0,0.0,0.0,0.0,0.0,0.0,0.0,0.0,0.0,0.00,
beir500k-f32,neg40_cat11,neg40,203547,pathseer-nc,64,3,32,0.9812,0.8125,0.00022,2.413,4.975,7.561,2.506,0.0,0.0,0.0,0.0,0.0,0.0,0.0,0.0,0.0,0.0,0.00,
beir500k-f32,neg40_cat11,neg40,203547,pathseer,128,1,32,0.9938,0.9375,0.00010,4.580,9.207,11.243,4.839,5384.8,0.0,17026.3,1805.8,5.0,130.0,260.0,31.4,11340.5,4.1,413.72,pathseer:32
beir500k-f32,neg40_cat11,neg40,203547,pathseer,128,2,32,0.9938,0.9375,0.00010,4.584,9.170,11.354,4.947,5384.8,0.0,17026.3,1805.8,5.0,130.0,260.0,31.4,11340.5,4.1,413.72,pathseer:32
beir500k-f32,neg40_cat11,neg40,203547,pathseer,128,3,32,0.9938,0.9375,0.00010,4.633,9.038,11.558,4.866,5384.8,0.0,17026.3,1805.8,5.0,130.0,260.0,31.4,11340.5,4.1,413.72,pathseer:32
beir500k-f32,neg40_cat11,neg40,203547,pathseer-nc,128,1,32,0.9938,0.9375,0.00010,4.078,8.311,10.138,4.343,0.0,0.0,0.0,0.0,0.0,0.0,0.0,0.0,0.0,0.0,0.00,
beir500k-f32,neg40_cat11,neg40,203547,pathseer-nc,128,2,32,0.9938,0.9375,0.00010,4.178,8.229,10.401,4.389,0.0,0.0,0.0,0.0,0.0,0.0,0.0,0.0,0.0,0.0,0.00,
beir500k-f32,neg40_cat11,neg40,203547,pathseer-nc,128,3,32,0.9938,0.9375,0.00010,4.274,8.114,10.583,4.390,0.0,0.0,0.0,0.0,0.0,0.0,0.0,0.0,0.0,0.0,0.00,
beir500k-f32,neg40_cat11,neg40,203547,pathseer,256,1,32,0.9938,0.9375,0.00010,7.999,15.986,16.926,8.345,9301.6,0.0,25504.9,3093.7,9.0,266.0,504.0,55.3,15894.0,7.9,693.31,pathseer:32
beir500k-f32,neg40_cat11,neg40,203547,pathseer,256,2,32,0.9938,0.9375,0.00010,8.289,16.173,16.964,8.375,9301.6,0.0,25504.9,3093.7,9.0,266.0,504.0,55.3,15894.0,7.9,693.31,pathseer:32
beir500k-f32,neg40_cat11,neg40,203547,pathseer,256,3,32,0.9938,0.9375,0.00010,8.217,16.015,17.113,8.443,9301.6,0.0,25504.9,3093.7,9.0,266.0,504.0,55.3,15894.0,7.9,693.31,pathseer:32
beir500k-f32,neg40_cat11,neg40,203547,pathseer-nc,256,1,32,0.9938,0.9375,0.00010,7.233,14.031,15.843,7.611,0.0,0.0,0.0,0.0,0.0,0.0,0.0,0.0,0.0,0.0,0.00,
beir500k-f32,neg40_cat11,neg40,203547,pathseer-nc,256,2,32,0.9938,0.9375,0.00010,7.370,14.421,16.343,7.802,0.0,0.0,0.0,0.0,0.0,0.0,0.0,0.0,0.0,0.0,0.00,
beir500k-f32,neg40_cat11,neg40,203547,pathseer-nc,256,3,32,0.9938,0.9375,0.00010,7.187,14.344,15.830,7.596,0.0,0.0,0.0,0.0,0.0,0.0,0.0,0.0,0.0,0.0,0.00,
beir500k-f32,neg40_cat11,neg40,203547,pathseer,512,1,32,1.0000,1.0000,0.00000,14.588,25.093,28.286,14.175,15764.5,0.0,37710.7,5191.6,17.0,608.0,1072.0,117.9,21707.2,16.8,1152.50,pathseer:32
beir500k-f32,neg40_cat11,neg40,203547,pathseer,512,2,32,1.0000,1.0000,0.00000,14.534,25.523,29.224,14.351,15764.5,0.0,37710.7,5191.6,17.0,608.0,1072.0,117.9,21707.2,16.8,1152.50,pathseer:32
beir500k-f32,neg40_cat11,neg40,203547,pathseer,512,3,32,1.0000,1.0000,0.00000,14.598,24.866,28.679,14.188,15764.5,0.0,37710.7,5191.6,17.0,608.0,1072.0,117.9,21707.2,16.8,1152.50,pathseer:32
beir500k-f32,neg40_cat11,neg40,203547,pathseer-nc,512,1,32,1.0000,1.0000,0.00000,13.340,22.833,26.238,12.930,0.0,0.0,0.0,0.0,0.0,0.0,0.0,0.0,0.0,0.0,0.00,
beir500k-f32,neg40_cat11,neg40,203547,pathseer-nc,512,2,32,1.0000,1.0000,0.00000,13.316,22.909,26.181,12.956,0.0,0.0,0.0,0.0,0.0,0.0,0.0,0.0,0.0,0.0,0.00,
beir500k-f32,neg40_cat11,neg40,203547,pathseer-nc,512,3,32,1.0000,1.0000,0.00000,13.326,22.902,26.242,12.922,0.0,0.0,0.0,0.0,0.0,0.0,0.0,0.0,0.0,0.0,0.00,
beir500k-f32,neg40_cat12,neg40,222191,pathseer,64,1,66,0.9621,0.7424,0.00055,2.884,9.872,10.570,3.886,3886.4,0.0,13955.7,1692.9,3.0,75.0,144.5,17.5,9119.4,2.3,296.14,pathseer:66
beir500k-f32,neg40_cat12,neg40,222191,pathseer,64,2,66,0.9621,0.7424,0.00055,3.179,10.304,10.650,3.993,3886.4,0.0,13955.7,1692.9,3.0,75.0,144.5,17.5,9119.4,2.3,296.14,pathseer:66
beir500k-f32,neg40_cat12,neg40,222191,pathseer,64,3,66,0.9621,0.7424,0.00055,2.907,9.750,10.453,3.868,3886.4,0.0,13955.7,1692.9,3.0,75.0,144.5,17.5,9119.4,2.3,296.14,pathseer:66
beir500k-f32,neg40_cat12,neg40,222191,pathseer-nc,64,1,66,0.9621,0.7424,0.00055,2.561,9.047,9.799,3.490,0.0,0.0,0.0,0.0,0.0,0.0,0.0,0.0,0.0,0.0,0.00,
beir500k-f32,neg40_cat12,neg40,222191,pathseer-nc,64,2,66,0.9621,0.7424,0.00055,2.609,9.492,9.908,3.531,0.0,0.0,0.0,0.0,0.0,0.0,0.0,0.0,0.0,0.0,0.00,
beir500k-f32,neg40_cat12,neg40,222191,pathseer-nc,64,3,66,0.9621,0.7424,0.00055,2.573,9.262,9.553,3.481,0.0,0.0,0.0,0.0,0.0,0.0,0.0,0.0,0.0,0.0,0.00,
beir500k-f32,neg40_cat12,neg40,222191,pathseer,128,1,66,0.9879,0.8939,0.00015,5.279,14.997,15.614,6.449,6468.9,0.0,19754.7,2745.7,5.0,152.0,258.9,27.1,11850.2,4.0,535.64,pathseer:66
beir500k-f32,neg40_cat12,neg40,222191,pathseer,128,2,66,0.9879,0.8939,0.00015,5.255,14.561,15.238,6.313,6468.9,0.0,19754.7,2745.7,5.0,152.0,258.9,27.1,11850.2,4.0,535.64,pathseer:66
beir500k-f32,neg40_cat12,neg40,222191,pathseer,128,3,66,0.9879,0.8939,0.00015,5.180,14.035,15.567,6.295,6468.9,0.0,19754.7,2745.7,5.0,152.0,258.9,27.1,11850.2,4.0,535.64,pathseer:66
beir500k-f32,neg40_cat12,neg40,222191,pathseer-nc,128,1,66,0.9879,0.8939,0.00015,4.710,13.267,14.201,5.723,0.0,0.0,0.0,0.0,0.0,0.0,0.0,0.0,0.0,0.0,0.00,
beir500k-f32,neg40_cat12,neg40,222191,pathseer-nc,128,2,66,0.9879,0.8939,0.00015,4.757,13.168,14.245,5.721,0.0,0.0,0.0,0.0,0.0,0.0,0.0,0.0,0.0,0.0,0.00,
beir500k-f32,neg40_cat12,neg40,222191,pathseer-nc,128,3,66,0.9879,0.8939,0.00015,4.752,14.103,14.616,5.804,0.0,0.0,0.0,0.0,0.0,0.0,0.0,0.0,0.0,0.0,0.00,
beir500k-f32,neg40_cat12,neg40,222191,pathseer,256,1,66,0.9939,0.9394,0.00003,8.475,19.479,21.631,9.875,10386.1,0.0,26830.2,4281.6,9.0,302.0,532.4,58.4,14403.8,8.3,884.82,pathseer:66
beir500k-f32,neg40_cat12,neg40,222191,pathseer,256,2,66,0.9939,0.9394,0.00003,8.360,20.075,21.725,9.928,10386.1,0.0,26830.2,4281.6,9.0,302.0,532.4,58.4,14403.8,8.3,884.82,pathseer:66
beir500k-f32,neg40_cat12,neg40,222191,pathseer,256,3,66,0.9939,0.9394,0.00003,8.399,19.327,21.642,9.920,10386.1,0.0,26830.2,4281.6,9.0,302.0,532.4,58.4,14403.8,8.3,884.82,pathseer:66
beir500k-f32,neg40_cat12,neg40,222191,pathseer-nc,256,1,66,0.9939,0.9394,0.00003,7.495,19.454,20.442,9.197,0.0,0.0,0.0,0.0,0.0,0.0,0.0,0.0,0.0,0.0,0.00,
beir500k-f32,neg40_cat12,neg40,222191,pathseer-nc,256,2,66,0.9939,0.9394,0.00003,7.507,18.133,20.831,9.146,0.0,0.0,0.0,0.0,0.0,0.0,0.0,0.0,0.0,0.0,0.00,
beir500k-f32,neg40_cat12,neg40,222191,pathseer-nc,256,3,66,0.9939,0.9394,0.00003,7.640,18.193,20.540,9.145,0.0,0.0,0.0,0.0,0.0,0.0,0.0,0.0,0.0,0.0,0.00,
beir500k-f32,neg40_cat12,neg40,222191,pathseer,512,1,66,0.9970,0.9697,0.00001,13.905,27.751,29.847,15.526,16502.1,0.0,36459.7,6656.2,18.0,596.0,1129.5,118.1,16960.9,17.7,1390.56,pathseer:66
beir500k-f32,neg40_cat12,neg40,222191,pathseer,512,2,66,0.9970,0.9697,0.00001,14.594,28.689,30.853,15.685,16502.1,0.0,36459.7,6656.2,18.0,596.0,1129.5,118.1,16960.9,17.7,1390.56,pathseer:66
beir500k-f32,neg40_cat12,neg40,222191,pathseer,512,3,66,0.9970,0.9697,0.00001,14.473,28.144,30.186,15.648,16502.1,0.0,36459.7,6656.2,18.0,596.0,1129.5,118.1,16960.9,17.7,1390.56,pathseer:66
beir500k-f32,neg40_cat12,neg40,222191,pathseer-nc,512,1,66,0.9970,0.9697,0.00001,12.801,27.130,28.572,14.518,0.0,0.0,0.0,0.0,0.0,0.0,0.0,0.0,0.0,0.0,0.00,
beir500k-f32,neg40_cat12,neg40,222191,pathseer-nc,512,2,66,0.9970,0.9697,0.00001,12.858,26.550,28.756,14.522,0.0,0.0,0.0,0.0,0.0,0.0,0.0,0.0,0.0,0.0,0.00,
beir500k-f32,neg40_cat12,neg40,222191,pathseer-nc,512,3,66,0.9970,0.9697,0.00001,12.830,27.057,28.684,14.497,0.0,0.0,0.0,0.0,0.0,0.0,0.0,0.0,0.0,0.0,0.00,
beir500k-f32,neg40_cat13,neg40,231299,pathseer,64,1,54,0.9463,0.7778,0.00108,1.809,3.674,3.984,1.894,2451.8,0.0,6281.6,521.0,3.0,19.0,123.3,26.8,4169.3,1.9,202.72,pathseer:54
beir500k-f32,neg40_cat13,neg40,231299,pathseer,64,2,54,0.9463,0.7778,0.00108,1.818,3.673,3.800,1.891,2451.8,0.0,6281.6,521.0,3.0,19.0,123.3,26.8,4169.3,1.9,202.72,pathseer:54
beir500k-f32,neg40_cat13,neg40,231299,pathseer,64,3,54,0.9463,0.7778,0.00108,1.802,3.630,3.827,1.889,2451.8,0.0,6281.6,521.0,3.0,19.0,123.3,26.8,4169.3,1.9,202.72,pathseer:54
beir500k-f32,neg40_cat13,neg40,231299,pathseer-nc,64,1,54,0.9463,0.7778,0.00108,1.661,3.318,3.481,1.712,0.0,0.0,0.0,0.0,0.0,0.0,0.0,0.0,0.0,0.0,0.00,
beir500k-f32,neg40_cat13,neg40,231299,pathseer-nc,64,2,54,0.9463,0.7778,0.00108,1.632,3.249,3.442,1.709,0.0,0.0,0.0,0.0,0.0,0.0,0.0,0.0,0.0,0.0,0.00,
beir500k-f32,neg40_cat13,neg40,231299,pathseer-nc,64,3,54,0.9463,0.7778,0.00108,1.658,3.279,3.388,1.705,0.0,0.0,0.0,0.0,0.0,0.0,0.0,0.0,0.0,0.0,0.00,
beir500k-f32,neg40_cat13,neg40,231299,pathseer,128,1,54,0.9796,0.8889,0.00054,3.220,6.362,7.039,3.407,4299.5,0.0,9668.1,923.0,4.0,35.0,215.7,48.6,6030.0,3.4,375.57,pathseer:54
beir500k-f32,neg40_cat13,neg40,231299,pathseer,128,2,54,0.9796,0.8889,0.00054,2.941,5.863,6.338,3.272,4299.5,0.0,9668.1,923.0,4.0,35.0,215.7,48.6,6030.0,3.4,375.57,pathseer:54
beir500k-f32,neg40_cat13,neg40,231299,pathseer,128,3,54,0.9796,0.8889,0.00054,3.009,5.882,6.318,3.247,4299.5,0.0,9668.1,923.0,4.0,35.0,215.7,48.6,6030.0,3.4,375.57,pathseer:54
beir500k-f32,neg40_cat13,neg40,231299,pathseer-nc,128,1,54,0.9796,0.8889,0.00054,2.755,5.482,5.795,2.987,0.0,0.0,0.0,0.0,0.0,0.0,0.0,0.0,0.0,0.0,0.00,
beir500k-f32,neg40_cat13,neg40,231299,pathseer-nc,128,2,54,0.9796,0.8889,0.00054,2.704,5.412,5.791,2.982,0.0,0.0,0.0,0.0,0.0,0.0,0.0,0.0,0.0,0.0,0.00,
beir500k-f32,neg40_cat13,neg40,231299,pathseer-nc,128,3,54,0.9796,0.8889,0.00054,2.677,5.421,5.835,2.989,0.0,0.0,0.0,0.0,0.0,0.0,0.0,0.0,0.0,0.0,0.00,
beir500k-f32,neg40_cat13,neg40,231299,pathseer,256,1,54,0.9944,0.9630,0.00006,5.964,9.074,10.315,5.760,7629.4,0.0,14923.9,1645.3,8.0,76.0,432.6,91.6,8570.3,6.8,693.91,pathseer:54
beir500k-f32,neg40_cat13,neg40,231299,pathseer,256,2,54,0.9944,0.9630,0.00006,5.854,9.163,10.268,5.750,7629.4,0.0,14923.9,1645.3,8.0,76.0,432.6,91.6,8570.3,6.8,693.91,pathseer:54
beir500k-f32,neg40_cat13,neg40,231299,pathseer,256,3,54,0.9944,0.9630,0.00006,5.809,9.305,10.587,5.892,7629.4,0.0,14923.9,1645.3,8.0,76.0,432.6,91.6,8570.3,6.8,693.91,pathseer:54
beir500k-f32,neg40_cat13,neg40,231299,pathseer-nc,256,1,54,0.9944,0.9630,0.00006,5.416,8.367,9.387,5.324,0.0,0.0,0.0,0.0,0.0,0.0,0.0,0.0,0.0,0.0,0.00,
beir500k-f32,neg40_cat13,neg40,231299,pathseer-nc,256,2,54,0.9944,0.9630,0.00006,5.319,8.468,9.563,5.344,0.0,0.0,0.0,0.0,0.0,0.0,0.0,0.0,0.0,0.0,0.00,
beir500k-f32,neg40_cat13,neg40,231299,pathseer-nc,256,3,54,0.9944,0.9630,0.00006,5.216,8.383,9.473,5.309,0.0,0.0,0.0,0.0,0.0,0.0,0.0,0.0,0.0,0.0,0.00,
beir500k-f32,neg40_cat13,neg40,231299,pathseer,512,1,54,0.9963,0.9815,0.00003,10.501,15.291,15.943,10.036,13207.6,0.0,22350.3,2818.0,15.0,177.0,900.7,184.9,11517.8,14.1,1175.28,pathseer:54
beir500k-f32,neg40_cat13,neg40,231299,pathseer,512,2,54,0.9963,0.9815,0.00003,10.491,15.530,16.011,10.001,13207.6,0.0,22350.3,2818.0,15.0,177.0,900.7,184.9,11517.8,14.1,1175.28,pathseer:54
beir500k-f32,neg40_cat13,neg40,231299,pathseer,512,3,54,0.9963,0.9815,0.00003,10.408,15.899,16.162,10.110,13207.6,0.0,22350.3,2818.0,15.0,177.0,900.7,184.9,11517.8,14.1,1175.28,pathseer:54
beir500k-f32,neg40_cat13,neg40,231299,pathseer-nc,512,1,54,0.9963,0.9815,0.00003,9.732,14.329,15.011,9.335,0.0,0.0,0.0,0.0,0.0,0.0,0.0,0.0,0.0,0.0,0.00,
beir500k-f32,neg40_cat13,neg40,231299,pathseer-nc,512,2,54,0.9963,0.9815,0.00003,9.881,14.361,14.992,9.285,0.0,0.0,0.0,0.0,0.0,0.0,0.0,0.0,0.0,0.0,0.00,
beir500k-f32,neg40_cat13,neg40,231299,pathseer-nc,512,3,54,0.9963,0.9815,0.00003,9.793,14.430,14.992,9.302,0.0,0.0,0.0,0.0,0.0,0.0,0.0,0.0,0.0,0.0,0.00,
beir500k-f32,neg40_cat14,neg40,212386,pathseer,64,1,6,1.0000,1.0000,0.00000,0.955,1.260,1.260,0.875,1663.8,0.0,3447.2,248.8,3.0,15.0,128.0,28.0,2203.5,2.0,255.33,pathseer:6
beir500k-f32,neg40_cat14,neg40,212386,pathseer,64,2,6,1.0000,1.0000,0.00000,0.940,1.258,1.258,0.877,1663.8,0.0,3447.2,248.8,3.0,15.0,128.0,28.0,2203.5,2.0,255.33,pathseer:6
beir500k-f32,neg40_cat14,neg40,212386,pathseer,64,3,6,1.0000,1.0000,0.00000,0.961,1.277,1.277,0.900,1663.8,0.0,3447.2,248.8,3.0,15.0,128.0,28.0,2203.5,2.0,255.33,pathseer:6
beir500k-f32,neg40_cat14,neg40,212386,pathseer-nc,64,1,6,1.0000,1.0000,0.00000,0.791,1.036,1.036,0.764,0.0,0.0,0.0,0.0,0.0,0.0,0.0,0.0,0.0,0.0,0.00,
beir500k-f32,neg40_cat14,neg40,212386,pathseer-nc,64,2,6,1.0000,1.0000,0.00000,0.788,1.054,1.054,0.760,0.0,0.0,0.0,0.0,0.0,0.0,0.0,0.0,0.0,0.0,0.00,
beir500k-f32,neg40_cat14,neg40,212386,pathseer-nc,64,3,6,1.0000,1.0000,0.00000,0.789,1.038,1.038,0.757,0.0,0.0,0.0,0.0,0.0,0.0,0.0,0.0,0.0,0.0,0.00,
beir500k-f32,neg40_cat14,neg40,212386,pathseer,128,1,6,1.0000,1.0000,0.00000,1.967,2.158,2.158,1.717,2772.7,0.0,5891.3,496.3,4.0,30.0,213.3,44.0,3642.3,3.3,510.17,pathseer:6
beir500k-f32,neg40_cat14,neg40,212386,pathseer,128,2,6,1.0000,1.0000,0.00000,2.032,2.297,2.297,1.792,2772.7,0.0,5891.3,496.3,4.0,30.0,213.3,44.0,3642.3,3.3,510.17,pathseer:6
beir500k-f32,neg40_cat14,neg40,212386,pathseer,128,3,6,1.0000,1.0000,0.00000,1.927,2.222,2.222,1.702,2772.7,0.0,5891.3,496.3,4.0,30.0,213.3,44.0,3642.3,3.3,510.17,pathseer:6
beir500k-f32,neg40_cat14,neg40,212386,pathseer-nc,128,1,6,1.0000,1.0000,0.00000,1.837,2.013,2.013,1.624,0.0,0.0,0.0,0.0,0.0,0.0,0.0,0.0,0.0,0.0,0.00,
beir500k-f32,neg40_cat14,neg40,212386,pathseer-nc,128,2,6,1.0000,1.0000,0.00000,1.710,2.044,2.044,1.564,0.0,0.0,0.0,0.0,0.0,0.0,0.0,0.0,0.0,0.0,0.00,
beir500k-f32,neg40_cat14,neg40,212386,pathseer-nc,128,3,6,1.0000,1.0000,0.00000,1.829,1.918,1.918,1.611,0.0,0.0,0.0,0.0,0.0,0.0,0.0,0.0,0.0,0.0,0.00,
beir500k-f32,neg40_cat14,neg40,212386,pathseer,256,1,6,1.0000,1.0000,0.00000,3.575,4.444,4.444,3.321,4624.7,0.0,10100.2,978.0,9.0,62.0,469.3,89.7,6017.8,7.3,975.33,pathseer:6
beir500k-f32,neg40_cat14,neg40,212386,pathseer,256,2,6,1.0000,1.0000,0.00000,3.541,4.313,4.313,3.348,4624.7,0.0,10100.2,978.0,9.0,62.0,469.3,89.7,6017.8,7.3,975.33,pathseer:6
beir500k-f32,neg40_cat14,neg40,212386,pathseer,256,3,6,1.0000,1.0000,0.00000,3.550,4.641,4.641,3.385,4624.7,0.0,10100.2,978.0,9.0,62.0,469.3,89.7,6017.8,7.3,975.33,pathseer:6
beir500k-f32,neg40_cat14,neg40,212386,pathseer-nc,256,1,6,1.0000,1.0000,0.00000,3.120,3.760,3.760,2.925,0.0,0.0,0.0,0.0,0.0,0.0,0.0,0.0,0.0,0.0,0.00,
beir500k-f32,neg40_cat14,neg40,212386,pathseer-nc,256,2,6,1.0000,1.0000,0.00000,3.124,3.782,3.782,2.907,0.0,0.0,0.0,0.0,0.0,0.0,0.0,0.0,0.0,0.0,0.00,
beir500k-f32,neg40_cat14,neg40,212386,pathseer-nc,256,3,6,1.0000,1.0000,0.00000,3.178,3.755,3.755,2.924,0.0,0.0,0.0,0.0,0.0,0.0,0.0,0.0,0.0,0.0,0.00,
beir500k-f32,neg40_cat14,neg40,212386,pathseer,512,1,6,1.0000,1.0000,0.00000,6.173,8.258,8.258,6.199,7892.2,0.0,17316.2,1954.2,16.0,128.0,992.0,173.8,9817.7,15.5,1793.83,pathseer:6
beir500k-f32,neg40_cat14,neg40,212386,pathseer,512,2,6,1.0000,1.0000,0.00000,6.304,8.422,8.422,6.251,7892.2,0.0,17316.2,1954.2,16.0,128.0,992.0,173.8,9817.7,15.5,1793.83,pathseer:6
beir500k-f32,neg40_cat14,neg40,212386,pathseer,512,3,6,1.0000,1.0000,0.00000,6.120,8.535,8.535,6.336,7892.2,0.0,17316.2,1954.2,16.0,128.0,992.0,173.8,9817.7,15.5,1793.83,pathseer:6
beir500k-f32,neg40_cat14,neg40,212386,pathseer-nc,512,1,6,1.0000,1.0000,0.00000,5.645,7.429,7.429,5.576,0.0,0.0,0.0,0.0,0.0,0.0,0.0,0.0,0.0,0.0,0.00,
beir500k-f32,neg40_cat14,neg40,212386,pathseer-nc,512,2,6,1.0000,1.0000,0.00000,5.656,7.574,7.574,5.609,0.0,0.0,0.0,0.0,0.0,0.0,0.0,0.0,0.0,0.0,0.00,
beir500k-f32,neg40_cat14,neg40,212386,pathseer-nc,512,3,6,1.0000,1.0000,0.00000,6.022,7.630,7.630,6.039,0.0,0.0,0.0,0.0,0.0,0.0,0.0,0.0,0.0,0.0,0.00,
beir500k-f32,neg40_cat15,neg40,220102,pathseer,64,1,84,0.9262,0.6667,0.00228,1.450,2.935,3.905,1.559,2162.1,0.0,4728.2,330.5,3.0,21.0,134.1,32.1,3183.5,2.1,104.39,pathseer:84
beir500k-f32,neg40_cat15,neg40,220102,pathseer,64,2,84,0.9262,0.6667,0.00228,1.416,2.961,3.999,1.555,2162.1,0.0,4728.2,330.5,3.0,21.0,134.1,32.1,3183.5,2.1,104.39,pathseer:84
beir500k-f32,neg40_cat15,neg40,220102,pathseer,64,3,84,0.9262,0.6667,0.00228,1.421,2.945,3.964,1.554,2162.1,0.0,4728.2,330.5,3.0,21.0,134.1,32.1,3183.5,2.1,104.39,pathseer:84
beir500k-f32,neg40_cat15,neg40,220102,pathseer-nc,64,1,84,0.9262,0.6667,0.00228,1.346,2.657,3.609,1.459,0.0,0.0,0.0,0.0,0.0,0.0,0.0,0.0,0.0,0.0,0.00,
beir500k-f32,neg40_cat15,neg40,220102,pathseer-nc,64,2,84,0.9262,0.6667,0.00228,1.371,2.754,3.584,1.476,0.0,0.0,0.0,0.0,0.0,0.0,0.0,0.0,0.0,0.0,0.00,
beir500k-f32,neg40_cat15,neg40,220102,pathseer-nc,64,3,84,0.9262,0.6667,0.00228,1.335,2.579,3.543,1.435,0.0,0.0,0.0,0.0,0.0,0.0,0.0,0.0,0.0,0.0,0.00,
beir500k-f32,neg40_cat15,neg40,220102,pathseer,128,1,84,0.9607,0.7500,0.00088,2.605,5.620,5.953,2.760,3848.3,0.0,7745.9,597.6,5.0,42.0,243.0,55.4,5014.5,3.8,197.39,pathseer:84
beir500k-f32,neg40_cat15,neg40,220102,pathseer,128,2,84,0.9607,0.7500,0.00088,2.667,5.648,5.915,2.752,3848.3,0.0,7745.9,597.6,5.0,42.0,243.0,55.4,5014.5,3.8,197.39,pathseer:84
beir500k-f32,neg40_cat15,neg40,220102,pathseer,128,3,84,0.9607,0.7500,0.00088,2.627,5.624,5.835,2.732,3848.3,0.0,7745.9,597.6,5.0,42.0,243.0,55.4,5014.5,3.8,197.39,pathseer:84
beir500k-f32,neg40_cat15,neg40,220102,pathseer-nc,128,1,84,0.9607,0.7500,0.00088,2.384,5.042,5.236,2.529,0.0,0.0,0.0,0.0,0.0,0.0,0.0,0.0,0.0,0.0,0.00,
beir500k-f32,neg40_cat15,neg40,220102,pathseer-nc,128,2,84,0.9607,0.7500,0.00088,2.398,5.061,5.194,2.522,0.0,0.0,0.0,0.0,0.0,0.0,0.0,0.0,0.0,0.0,0.00,
beir500k-f32,neg40_cat15,neg40,220102,pathseer-nc,128,3,84,0.9607,0.7500,0.00088,2.405,5.088,5.186,2.522,0.0,0.0,0.0,0.0,0.0,0.0,0.0,0.0,0.0,0.0,0.00,
beir500k-f32,neg40_cat15,neg40,220102,pathseer,256,1,84,0.9750,0.8452,0.00049,4.629,8.596,11.053,4.835,6774.0,0.0,12655.1,1081.8,8.0,85.0,482.3,99.6,7809.7,7.5,371.81,pathseer:84
beir500k-f32,neg40_cat15,neg40,220102,pathseer,256,2,84,0.9750,0.8452,0.00049,4.833,8.646,11.052,4.872,6774.0,0.0,12655.1,1081.8,8.0,85.0,482.3,99.6,7809.7,7.5,371.81,pathseer:84
beir500k-f32,neg40_cat15,neg40,220102,pathseer,256,3,84,0.9750,0.8452,0.00049,4.771,8.516,11.049,4.908,6774.0,0.0,12655.1,1081.8,8.0,85.0,482.3,99.6,7809.7,7.5,371.81,pathseer:84
beir500k-f32,neg40_cat15,neg40,220102,pathseer-nc,256,1,84,0.9750,0.8452,0.00049,4.403,7.954,10.650,4.756,0.0,0.0,0.0,0.0,0.0,0.0,0.0,0.0,0.0,0.0,0.00,
beir500k-f32,neg40_cat15,neg40,220102,pathseer-nc,256,2,84,0.9750,0.8452,0.00049,4.276,7.766,10.039,4.461,0.0,0.0,0.0,0.0,0.0,0.0,0.0,0.0,0.0,0.0,0.00,
beir500k-f32,neg40_cat15,neg40,220102,pathseer-nc,256,3,84,0.9750,0.8452,0.00049,4.365,7.636,9.971,4.492,0.0,0.0,0.0,0.0,0.0,0.0,0.0,0.0,0.0,0.0,0.00,
beir500k-f32,neg40_cat15,neg40,220102,pathseer,512,1,84,0.9929,0.9405,0.00010,8.219,14.268,17.804,8.553,11845.8,0.0,20408.5,1944.9,16.0,150.0,1011.8,188.6,11800.2,15.8,672.30,pathseer:84
beir500k-f32,neg40_cat15,neg40,220102,pathseer,512,2,84,0.9929,0.9405,0.00010,8.197,14.342,17.791,8.507,11845.8,0.0,20408.5,1944.9,16.0,150.0,1011.8,188.6,11800.2,15.8,672.30,pathseer:84
beir500k-f32,neg40_cat15,neg40,220102,pathseer,512,3,84,0.9929,0.9405,0.00010,8.289,14.384,17.741,8.591,11845.8,0.0,20408.5,1944.9,16.0,150.0,1011.8,188.6,11800.2,15.8,672.30,pathseer:84
beir500k-f32,neg40_cat15,neg40,220102,pathseer-nc,512,1,84,0.9929,0.9405,0.00010,7.659,12.758,16.369,7.871,0.0,0.0,0.0,0.0,0.0,0.0,0.0,0.0,0.0,0.0,0.00,
beir500k-f32,neg40_cat15,neg40,220102,pathseer-nc,512,2,84,0.9929,0.9405,0.00010,7.732,12.950,16.293,7.909,0.0,0.0,0.0,0.0,0.0,0.0,0.0,0.0,0.0,0.0,0.00,
beir500k-f32,neg40_cat15,neg40,220102,pathseer-nc,512,3,84,0.9929,0.9405,0.00010,7.668,13.190,16.126,7.917,0.0,0.0,0.0,0.0,0.0,0.0,0.0,0.0,0.0,0.0,0.00,
beir500k-f32,neg40_cat16,neg40,209134,pathseer,64,1,42,0.9595,0.8333,0.00245,6.569,9.825,11.946,6.227,5347.0,0.0,24289.0,3200.1,4.0,358.0,181.3,8.0,16334.1,2.8,214.83,pathseer:42
beir500k-f32,neg40_cat16,neg40,209134,pathseer,64,2,42,0.9595,0.8333,0.00245,6.563,10.554,12.064,6.493,5347.0,0.0,24289.0,3200.1,4.0,358.0,181.3,8.0,16334.1,2.8,214.83,pathseer:42
beir500k-f32,neg40_cat16,neg40,209134,pathseer,64,3,42,0.9595,0.8333,0.00245,6.446,10.463,12.253,6.395,5347.0,0.0,24289.0,3200.1,4.0,358.0,181.3,8.0,16334.1,2.8,214.83,pathseer:42
beir500k-f32,neg40_cat16,neg40,209134,pathseer-nc,64,1,42,0.9595,0.8333,0.00245,5.638,9.107,10.755,5.570,0.0,0.0,0.0,0.0,0.0,0.0,0.0,0.0,0.0,0.0,0.00,
beir500k-f32,neg40_cat16,neg40,209134,pathseer-nc,64,2,42,0.9595,0.8333,0.00245,5.747,8.891,10.732,5.548,0.0,0.0,0.0,0.0,0.0,0.0,0.0,0.0,0.0,0.0,0.00,
beir500k-f32,neg40_cat16,neg40,209134,pathseer-nc,64,3,42,0.9595,0.8333,0.00245,5.663,9.574,10.920,5.609,0.0,0.0,0.0,0.0,0.0,0.0,0.0,0.0,0.0,0.0,0.00,
beir500k-f32,neg40_cat16,neg40,209134,pathseer,128,1,42,0.9857,0.8810,0.00030,10.256,16.779,17.432,10.469,9063.3,0.0,34874.8,5449.4,7.0,677.0,391.3,15.0,21313.8,6.1,398.71,pathseer:42
beir500k-f32,neg40_cat16,neg40,209134,pathseer,128,2,42,0.9857,0.8810,0.00030,10.198,16.844,17.655,10.496,9063.3,0.0,34874.8,5449.4,7.0,677.0,391.3,15.0,21313.8,6.1,398.71,pathseer:42
beir500k-f32,neg40_cat16,neg40,209134,pathseer,128,3,42,0.9857,0.8810,0.00030,10.054,16.607,17.687,10.358,9063.3,0.0,34874.8,5449.4,7.0,677.0,391.3,15.0,21313.8,6.1,398.71,pathseer:42
beir500k-f32,neg40_cat16,neg40,209134,pathseer-nc,128,1,42,0.9857,0.8810,0.00030,9.331,15.344,16.130,9.559,0.0,0.0,0.0,0.0,0.0,0.0,0.0,0.0,0.0,0.0,0.00,
beir500k-f32,neg40_cat16,neg40,209134,pathseer-nc,128,2,42,0.9857,0.8810,0.00030,9.172,15.222,16.435,9.550,0.0,0.0,0.0,0.0,0.0,0.0,0.0,0.0,0.0,0.0,0.00,
beir500k-f32,neg40_cat16,neg40,209134,pathseer-nc,128,3,42,0.9857,0.8810,0.00030,9.054,15.257,16.425,9.549,0.0,0.0,0.0,0.0,0.0,0.0,0.0,0.0,0.0,0.0,0.00,
beir500k-f32,neg40_cat16,neg40,209134,pathseer,256,1,42,0.9952,0.9524,0.00011,16.984,25.804,25.816,16.770,14655.5,0.0,48304.3,8722.6,13.0,1285.0,853.0,31.3,26509.7,13.3,728.90,pathseer:42
beir500k-f32,neg40_cat16,neg40,209134,pathseer,256,2,42,0.9952,0.9524,0.00011,17.060,25.844,27.978,16.951,14655.5,0.0,48304.3,8722.6,13.0,1285.0,853.0,31.3,26509.7,13.3,728.90,pathseer:42
beir500k-f32,neg40_cat16,neg40,209134,pathseer,256,3,42,0.9952,0.9524,0.00011,16.911,25.494,25.852,16.706,14655.5,0.0,48304.3,8722.6,13.0,1285.0,853.0,31.3,26509.7,13.3,728.90,pathseer:42
beir500k-f32,neg40_cat16,neg40,209134,pathseer-nc,256,1,42,0.9952,0.9524,0.00011,15.500,23.732,25.573,15.496,0.0,0.0,0.0,0.0,0.0,0.0,0.0,0.0,0.0,0.0,0.00,
beir500k-f32,neg40_cat16,neg40,209134,pathseer-nc,256,2,42,0.9952,0.9524,0.00011,15.461,23.703,25.057,15.504,0.0,0.0,0.0,0.0,0.0,0.0,0.0,0.0,0.0,0.0,0.00,
beir500k-f32,neg40_cat16,neg40,209134,pathseer-nc,256,3,42,0.9952,0.9524,0.00011,15.548,23.720,24.464,15.491,0.0,0.0,0.0,0.0,0.0,0.0,0.0,0.0,0.0,0.0,0.00,
beir500k-f32,neg40_cat16,neg40,209134,pathseer,512,1,42,0.9976,0.9762,0.00002,27.392,37.013,38.027,26.162,23332.7,0.0,66262.2,13619.2,31.0,2374.0,1959.0,67.0,31906.2,30.6,1283.29,pathseer:42
beir500k-f32,neg40_cat16,neg40,209134,pathseer,512,2,42,0.9976,0.9762,0.00002,27.545,36.906,38.214,26.306,23332.7,0.0,66262.2,13619.2,31.0,2374.0,1959.0,67.0,31906.2,30.6,1283.29,pathseer:42
beir500k-f32,neg40_cat16,neg40,209134,pathseer,512,3,42,0.9976,0.9762,0.00002,28.256,36.869,37.901,26.286,23332.7,0.0,66262.2,13619.2,31.0,2374.0,1959.0,67.0,31906.2,30.6,1283.29,pathseer:42
beir500k-f32,neg40_cat16,neg40,209134,pathseer-nc,512,1,42,0.9976,0.9762,0.00002,25.250,34.809,36.121,24.325,0.0,0.0,0.0,0.0,0.0,0.0,0.0,0.0,0.0,0.0,0.00,
beir500k-f32,neg40_cat16,neg40,209134,pathseer-nc,512,2,42,0.9976,0.9762,0.00002,25.343,34.960,38.302,24.450,0.0,0.0,0.0,0.0,0.0,0.0,0.0,0.0,0.0,0.0,0.00,
beir500k-f32,neg40_cat16,neg40,209134,pathseer-nc,512,3,42,0.9976,0.9762,0.00002,25.304,34.955,36.228,24.300,0.0,0.0,0.0,0.0,0.0,0.0,0.0,0.0,0.0,0.0,0.00,
beir500k-f32,neg40_cat17,neg40,224270,pathseer,64,1,45,0.9800,0.8222,0.00037,1.195,1.601,1.777,1.204,1868.8,0.0,2337.2,162.1,3.0,4.0,103.8,40.6,1282.8,1.6,147.07,pathseer:45
beir500k-f32,neg40_cat17,neg40,224270,pathseer,64,2,45,0.9800,0.8222,0.00037,1.127,1.552,1.689,1.137,1868.8,0.0,2337.2,162.1,3.0,4.0,103.8,40.6,1282.8,1.6,147.07,pathseer:45
beir500k-f32,neg40_cat17,neg40,224270,pathseer,64,3,45,0.9800,0.8222,0.00037,1.066,1.406,1.570,1.102,1868.8,0.0,2337.2,162.1,3.0,4.0,103.8,40.6,1282.8,1.6,147.07,pathseer:45
beir500k-f32,neg40_cat17,neg40,224270,pathseer-nc,64,1,45,0.9800,0.8222,0.00037,1.041,1.305,1.477,1.056,0.0,0.0,0.0,0.0,0.0,0.0,0.0,0.0,0.0,0.0,0.00,
beir500k-f32,neg40_cat17,neg40,224270,pathseer-nc,64,2,45,0.9800,0.8222,0.00037,1.027,1.333,1.437,1.045,0.0,0.0,0.0,0.0,0.0,0.0,0.0,0.0,0.0,0.0,0.00,
beir500k-f32,neg40_cat17,neg40,224270,pathseer-nc,64,3,45,0.9800,0.8222,0.00037,1.043,1.323,1.442,1.058,0.0,0.0,0.0,0.0,0.0,0.0,0.0,0.0,0.0,0.0,0.00,
beir500k-f32,neg40_cat17,neg40,224270,pathseer,128,1,45,0.9911,0.9333,0.00010,1.993,2.757,3.365,2.040,3316.0,0.0,3928.3,319.0,4.0,10.0,174.9,69.5,2060.9,2.7,278.33,pathseer:45
beir500k-f32,neg40_cat17,neg40,224270,pathseer,128,2,45,0.9911,0.9333,0.00010,1.949,2.672,3.297,1.983,3316.0,0.0,3928.3,319.0,4.0,10.0,174.9,69.5,2060.9,2.7,278.33,pathseer:45
beir500k-f32,neg40_cat17,neg40,224270,pathseer,128,3,45,0.9911,0.9333,0.00010,1.948,2.684,3.291,1.992,3316.0,0.0,3928.3,319.0,4.0,10.0,174.9,69.5,2060.9,2.7,278.33,pathseer:45
beir500k-f32,neg40_cat17,neg40,224270,pathseer-nc,128,1,45,0.9911,0.9333,0.00010,1.866,2.437,3.060,1.895,0.0,0.0,0.0,0.0,0.0,0.0,0.0,0.0,0.0,0.0,0.00,
beir500k-f32,neg40_cat17,neg40,224270,pathseer-nc,128,2,45,0.9911,0.9333,0.00010,1.841,2.457,3.054,1.876,0.0,0.0,0.0,0.0,0.0,0.0,0.0,0.0,0.0,0.0,0.00,
beir500k-f32,neg40_cat17,neg40,224270,pathseer-nc,128,3,45,0.9911,0.9333,0.00010,1.862,2.458,3.148,1.896,0.0,0.0,0.0,0.0,0.0,0.0,0.0,0.0,0.0,0.0,0.00,
beir500k-f32,neg40_cat17,neg40,224270,pathseer,256,1,45,0.9956,0.9556,0.00002,3.505,4.944,5.269,3.538,5808.1,0.0,6487.8,601.2,6.0,19.0,341.3,127.8,3199.6,5.3,483.29,pathseer:45
beir500k-f32,neg40_cat17,neg40,224270,pathseer,256,2,45,0.9956,0.9556,0.00002,3.499,4.763,5.335,3.548,5808.1,0.0,6487.8,601.2,6.0,19.0,341.3,127.8,3199.6,5.3,483.29,pathseer:45
beir500k-f32,neg40_cat17,neg40,224270,pathseer,256,3,45,0.9956,0.9556,0.00002,3.519,4.742,5.307,3.540,5808.1,0.0,6487.8,601.2,6.0,19.0,341.3,127.8,3199.6,5.3,483.29,pathseer:45
beir500k-f32,neg40_cat17,neg40,224270,pathseer-nc,256,1,45,0.9956,0.9556,0.00002,3.371,4.386,4.966,3.354,0.0,0.0,0.0,0.0,0.0,0.0,0.0,0.0,0.0,0.0,0.00,
beir500k-f32,neg40_cat17,neg40,224270,pathseer-nc,256,2,45,0.9956,0.9556,0.00002,3.449,4.709,4.972,3.451,0.0,0.0,0.0,0.0,0.0,0.0,0.0,0.0,0.0,0.0,0.00,
beir500k-f32,neg40_cat17,neg40,224270,pathseer-nc,256,3,45,0.9956,0.9556,0.00002,3.328,4.525,4.982,3.357,0.0,0.0,0.0,0.0,0.0,0.0,0.0,0.0,0.0,0.0,0.00,
beir500k-f32,neg40_cat17,neg40,224270,pathseer,512,1,45,1.0000,1.0000,0.00000,6.328,8.411,9.094,6.347,10071.3,0.0,10818.0,1132.7,11.0,44.0,731.0,257.5,4972.4,11.4,819.20,pathseer:45
beir500k-f32,neg40_cat17,neg40,224270,pathseer,512,2,45,1.0000,1.0000,0.00000,6.339,8.416,9.155,6.318,10071.3,0.0,10818.0,1132.7,11.0,44.0,731.0,257.5,4972.4,11.4,819.20,pathseer:45
beir500k-f32,neg40_cat17,neg40,224270,pathseer,512,3,45,1.0000,1.0000,0.00000,6.319,8.609,9.158,6.310,10071.3,0.0,10818.0,1132.7,11.0,44.0,731.0,257.5,4972.4,11.4,819.20,pathseer:45
beir500k-f32,neg40_cat17,neg40,224270,pathseer-nc,512,1,45,1.0000,1.0000,0.00000,6.047,7.890,8.558,5.994,0.0,0.0,0.0,0.0,0.0,0.0,0.0,0.0,0.0,0.0,0.00,
beir500k-f32,neg40_cat17,neg40,224270,pathseer-nc,512,2,45,1.0000,1.0000,0.00000,6.058,7.905,8.758,6.082,0.0,0.0,0.0,0.0,0.0,0.0,0.0,0.0,0.0,0.0,0.00,
beir500k-f32,neg40_cat17,neg40,224270,pathseer-nc,512,3,45,1.0000,1.0000,0.00000,5.975,7.792,8.516,5.976,0.0,0.0,0.0,0.0,0.0,0.0,0.0,0.0,0.0,0.0,0.00,
beir500k-f32,neg40_cat18,neg40,205532,pathseer,64,1,10,1.0000,1.0000,0.00000,4.857,6.967,6.967,4.057,3780.0,0.0,15011.8,2071.6,3.0,238.0,134.4,13.3,9685.6,2.1,277.20,pathseer:10
beir500k-f32,neg40_cat18,neg40,205532,pathseer,64,2,10,1.0000,1.0000,0.00000,4.936,5.994,5.994,3.914,3780.0,0.0,15011.8,2071.6,3.0,238.0,134.4,13.3,9685.6,2.1,277.20,pathseer:10
beir500k-f32,neg40_cat18,neg40,205532,pathseer,64,3,10,1.0000,1.0000,0.00000,4.859,5.990,5.990,3.908,3780.0,0.0,15011.8,2071.6,3.0,238.0,134.4,13.3,9685.6,2.1,277.20,pathseer:10
beir500k-f32,neg40_cat18,neg40,205532,pathseer-nc,64,1,10,1.0000,1.0000,0.00000,4.365,5.226,5.226,3.485,0.0,0.0,0.0,0.0,0.0,0.0,0.0,0.0,0.0,0.0,0.00,
beir500k-f32,neg40_cat18,neg40,205532,pathseer-nc,64,2,10,1.0000,1.0000,0.00000,4.280,5.330,5.330,3.489,0.0,0.0,0.0,0.0,0.0,0.0,0.0,0.0,0.0,0.0,0.00,
beir500k-f32,neg40_cat18,neg40,205532,pathseer-nc,64,3,10,1.0000,1.0000,0.00000,4.241,5.230,5.230,3.479,0.0,0.0,0.0,0.0,0.0,0.0,0.0,0.0,0.0,0.0,0.00,
beir500k-f32,neg40_cat18,neg40,205532,pathseer,128,1,10,1.0000,1.0000,0.00000,7.814,10.267,10.267,6.878,6659.6,0.0,22170.0,3553.3,5.0,471.0,249.6,18.3,12971.2,3.9,472.80,pathseer:10
beir500k-f32,neg40_cat18,neg40,205532,pathseer,128,2,10,1.0000,1.0000,0.00000,7.853,10.054,10.054,6.824,6659.6,0.0,22170.0,3553.3,5.0,471.0,249.6,18.3,12971.2,3.9,472.80,pathseer:10
beir500k-f32,neg40_cat18,neg40,205532,pathseer,128,3,10,1.0000,1.0000,0.00000,7.682,10.259,10.259,6.770,6659.6,0.0,22170.0,3553.3,5.0,471.0,249.6,18.3,12971.2,3.9,472.80,pathseer:10
beir500k-f32,neg40_cat18,neg40,205532,pathseer-nc,128,1,10,1.0000,1.0000,0.00000,6.779,9.200,9.200,6.112,0.0,0.0,0.0,0.0,0.0,0.0,0.0,0.0,0.0,0.0,0.00,
beir500k-f32,neg40_cat18,neg40,205532,pathseer-nc,128,2,10,1.0000,1.0000,0.00000,7.018,9.199,9.199,6.184,0.0,0.0,0.0,0.0,0.0,0.0,0.0,0.0,0.0,0.0,0.00,
beir500k-f32,neg40_cat18,neg40,205532,pathseer-nc,128,3,10,1.0000,1.0000,0.00000,7.005,9.346,9.346,6.233,0.0,0.0,0.0,0.0,0.0,0.0,0.0,0.0,0.0,0.0,0.00,
beir500k-f32,neg40_cat18,neg40,205532,pathseer,256,1,10,1.0000,1.0000,0.00000,12.725,16.235,16.235,11.573,11161.8,0.0,30675.3,5575.4,10.0,909.0,563.2,31.5,16075.5,8.8,719.00,pathseer:10
beir500k-f32,neg40_cat18,neg40,205532,pathseer,256,2,10,1.0000,1.0000,0.00000,12.476,15.961,15.961,11.305,11161.8,0.0,30675.3,5575.4,10.0,909.0,563.2,31.5,16075.5,8.8,719.00,pathseer:10
beir500k-f32,neg40_cat18,neg40,205532,pathseer,256,3,10,1.0000,1.0000,0.00000,12.567,16.071,16.071,11.383,11161.8,0.0,30675.3,5575.4,10.0,909.0,563.2,31.5,16075.5,8.8,719.00,pathseer:10
beir500k-f32,neg40_cat18,neg40,205532,pathseer-nc,256,1,10,1.0000,1.0000,0.00000,11.738,14.805,14.805,10.584,0.0,0.0,0.0,0.0,0.0,0.0,0.0,0.0,0.0,0.0,0.00,
beir500k-f32,neg40_cat18,neg40,205532,pathseer-nc,256,2,10,1.0000,1.0000,0.00000,11.658,14.800,14.800,10.532,0.0,0.0,0.0,0.0,0.0,0.0,0.0,0.0,0.0,0.0,0.00,
beir500k-f32,neg40_cat18,neg40,205532,pathseer-nc,256,3,10,1.0000,1.0000,0.00000,11.869,16.253,16.253,11.116,0.0,0.0,0.0,0.0,0.0,0.0,0.0,0.0,0.0,0.0,0.00,
beir500k-f32,neg40_cat18,neg40,205532,pathseer,512,1,10,1.0000,1.0000,0.00000,19.459,25.706,25.706,18.063,18422.1,0.0,42130.0,8352.4,22.0,1825.0,1248.0,61.5,19585.4,19.5,997.30,pathseer:10
beir500k-f32,neg40_cat18,neg40,205532,pathseer,512,2,10,1.0000,1.0000,0.00000,19.480,25.653,25.653,18.035,18422.1,0.0,42130.0,8352.4,22.0,1825.0,1248.0,61.5,19585.4,19.5,997.30,pathseer:10
beir500k-f32,neg40_cat18,neg40,205532,pathseer,512,3,10,1.0000,1.0000,0.00000,19.636,26.013,26.013,18.235,18422.1,0.0,42130.0,8352.4,22.0,1825.0,1248.0,61.5,19585.4,19.5,997.30,pathseer:10
beir500k-f32,neg40_cat18,neg40,205532,pathseer-nc,512,1,10,1.0000,1.0000,0.00000,18.479,23.661,23.661,16.934,0.0,0.0,0.0,0.0,0.0,0.0,0.0,0.0,0.0,0.0,0.00,
beir500k-f32,neg40_cat18,neg40,205532,pathseer-nc,512,2,10,1.0000,1.0000,0.00000,18.378,23.831,23.831,16.932,0.0,0.0,0.0,0.0,0.0,0.0,0.0,0.0,0.0,0.0,0.00,
beir500k-f32,neg40_cat18,neg40,205532,pathseer-nc,512,3,10,1.0000,1.0000,0.00000,18.428,23.842,23.842,16.889,0.0,0.0,0.0,0.0,0.0,0.0,0.0,0.0,0.0,0.0,0.00,
beir500k-f32,neg40_cat19,neg40,204140,pathseer,64,1,60,0.9183,0.6667,0.00121,2.601,5.822,6.584,2.955,3154.9,0.0,9611.3,1333.1,4.0,115.0,180.3,16.6,5783.0,2.8,260.97,pathseer:60
beir500k-f32,neg40_cat19,neg40,204140,pathseer,64,2,60,0.9183,0.6667,0.00121,2.565,5.790,6.222,2.912,3154.9,0.0,9611.3,1333.1,4.0,115.0,180.3,16.6,5783.0,2.8,260.97,pathseer:60
beir500k-f32,neg40_cat19,neg40,204140,pathseer,64,3,60,0.9183,0.6667,0.00121,2.561,5.985,6.228,2.976,3154.9,0.0,9611.3,1333.1,4.0,115.0,180.3,16.6,5783.0,2.8,260.97,pathseer:60
beir500k-f32,neg40_cat19,neg40,204140,pathseer-nc,64,1,60,0.9183,0.6667,0.00121,2.304,5.189,5.768,2.651,0.0,0.0,0.0,0.0,0.0,0.0,0.0,0.0,0.0,0.0,0.00,
beir500k-f32,neg40_cat19,neg40,204140,pathseer-nc,64,2,60,0.9183,0.6667,0.00121,2.336,5.267,5.762,2.656,0.0,0.0,0.0,0.0,0.0,0.0,0.0,0.0,0.0,0.0,0.00,
beir500k-f32,neg40_cat19,neg40,204140,pathseer-nc,64,3,60,0.9183,0.6667,0.00121,2.348,5.302,5.747,2.675,0.0,0.0,0.0,0.0,0.0,0.0,0.0,0.0,0.0,0.0,0.00,
beir500k-f32,neg40_cat19,neg40,204140,pathseer,128,1,60,0.9400,0.7667,0.00023,4.456,8.574,9.017,4.678,5225.1,0.0,13782.0,2079.2,6.0,225.0,323.2,30.1,7712.4,5.0,482.37,pathseer:60
beir500k-f32,neg40_cat19,neg40,204140,pathseer,128,2,60,0.9400,0.7667,0.00023,4.463,8.620,9.079,4.725,5225.1,0.0,13782.0,2079.2,6.0,225.0,323.2,30.1,7712.4,5.0,482.37,pathseer:60
beir500k-f32,neg40_cat19,neg40,204140,pathseer,128,3,60,0.9400,0.7667,0.00023,4.407,8.731,9.330,4.718,5225.1,0.0,13782.0,2079.2,6.0,225.0,323.2,30.1,7712.4,5.0,482.37,pathseer:60
beir500k-f32,neg40_cat19,neg40,204140,pathseer-nc,128,1,60,0.9400,0.7667,0.00023,4.088,8.209,8.736,4.450,0.0,0.0,0.0,0.0,0.0,0.0,0.0,0.0,0.0,0.0,0.00,
beir500k-f32,neg40_cat19,neg40,204140,pathseer-nc,128,2,60,0.9400,0.7667,0.00023,4.203,8.065,8.518,4.383,0.0,0.0,0.0,0.0,0.0,0.0,0.0,0.0,0.0,0.0,0.00,
beir500k-f32,neg40_cat19,neg40,204140,pathseer-nc,128,3,60,0.9400,0.7667,0.00023,3.993,8.196,8.526,4.352,0.0,0.0,0.0,0.0,0.0,0.0,0.0,0.0,0.0,0.0,0.00,
beir500k-f32,neg40_cat19,neg40,204140,pathseer,256,1,60,0.9483,0.8000,0.00019,7.723,13.287,13.548,7.663,8617.5,0.0,20015.4,3261.9,12.0,554.0,709.3,55.4,10221.4,11.1,840.43,pathseer:60
beir500k-f32,neg40_cat19,neg40,204140,pathseer,256,2,60,0.9483,0.8000,0.00019,7.798,13.434,13.643,7.889,8617.5,0.0,20015.4,3261.9,12.0,554.0,709.3,55.4,10221.4,11.1,840.43,pathseer:60
beir500k-f32,neg40_cat19,neg40,204140,pathseer,256,3,60,0.9483,0.8000,0.00019,7.779,13.510,13.775,7.713,8617.5,0.0,20015.4,3261.9,12.0,554.0,709.3,55.4,10221.4,11.1,840.43,pathseer:60
beir500k-f32,neg40_cat19,neg40,204140,pathseer-nc,256,1,60,0.9483,0.8000,0.00019,7.764,13.354,15.308,7.786,0.0,0.0,0.0,0.0,0.0,0.0,0.0,0.0,0.0,0.0,0.00,
beir500k-f32,neg40_cat19,neg40,204140,pathseer-nc,256,2,60,0.9483,0.8000,0.00019,7.267,12.727,12.857,7.230,0.0,0.0,0.0,0.0,0.0,0.0,0.0,0.0,0.0,0.0,0.00,
beir500k-f32,neg40_cat19,neg40,204140,pathseer-nc,256,3,60,0.9483,0.8000,0.00019,7.188,12.442,12.994,7.213,0.0,0.0,0.0,0.0,0.0,0.0,0.0,0.0,0.0,0.0,0.00,
beir500k-f32,neg40_cat19,neg40,204140,pathseer,512,1,60,0.9517,0.8333,0.00007,12.323,20.065,20.303,12.453,13980.1,0.0,29134.0,4990.2,24.0,1031.0,1658.7,124.2,13570.0,25.9,1387.72,pathseer:60
beir500k-f32,neg40_cat19,neg40,204140,pathseer,512,2,60,0.9517,0.8333,0.00007,12.559,19.833,20.560,12.450,13980.1,0.0,29134.0,4990.2,24.0,1031.0,1658.7,124.2,13570.0,25.9,1387.72,pathseer:60
beir500k-f32,neg40_cat19,neg40,204140,pathseer,512,3,60,0.9517,0.8333,0.00007,12.458,20.058,21.533,12.867,13980.1,0.0,29134.0,4990.2,24.0,1031.0,1658.7,124.2,13570.0,25.9,1387.72,pathseer:60
beir500k-f32,neg40_cat19,neg40,204140,pathseer-nc,512,1,60,0.9517,0.8333,0.00007,11.428,18.962,19.444,11.637,0.0,0.0,0.0,0.0,0.0,0.0,0.0,0.0,0.0,0.0,0.00,
beir500k-f32,neg40_cat19,neg40,204140,pathseer-nc,512,2,60,0.9517,0.8333,0.00007,11.373,18.505,18.881,11.510,0.0,0.0,0.0,0.0,0.0,0.0,0.0,0.0,0.0,0.0,0.00,
beir500k-f32,neg40_cat19,neg40,204140,pathseer-nc,512,3,60,0.9517,0.8333,0.00007,11.869,18.945,18.999,11.540,0.0,0.0,0.0,0.0,0.0,0.0,0.0,0.0,0.0,0.0,0.00,
beir500k-f32,neg40_cat20,neg40,212946,pathseer,64,1,67,0.9418,0.6418,0.00083,2.167,4.927,5.133,2.501,2800.5,0.0,9208.9,814.3,3.0,44.0,158.6,18.4,6409.2,2.5,146.84,pathseer:67
beir500k-f32,neg40_cat20,neg40,212946,pathseer,64,2,67,0.9418,0.6418,0.00083,2.116,4.797,5.025,2.465,2800.5,0.0,9208.9,814.3,3.0,44.0,158.6,18.4,6409.2,2.5,146.84,pathseer:67
beir500k-f32,neg40_cat20,neg40,212946,pathseer,64,3,67,0.9418,0.6418,0.00083,2.145,4.757,5.072,2.454,2800.5,0.0,9208.9,814.3,3.0,44.0,158.6,18.4,6409.2,2.5,146.84,pathseer:67
beir500k-f32,neg40_cat20,neg40,212946,pathseer-nc,64,1,67,0.9418,0.6418,0.00083,1.970,4.025,4.500,2.194,0.0,0.0,0.0,0.0,0.0,0.0,0.0,0.0,0.0,0.0,0.00,
beir500k-f32,neg40_cat20,neg40,212946,pathseer-nc,64,2,67,0.9418,0.6418,0.00083,1.911,4.185,4.482,2.200,0.0,0.0,0.0,0.0,0.0,0.0,0.0,0.0,0.0,0.0,0.00,
beir500k-f32,neg40_cat20,neg40,212946,pathseer-nc,64,3,67,0.9418,0.6418,0.00083,1.899,4.098,4.543,2.201,0.0,0.0,0.0,0.0,0.0,0.0,0.0,0.0,0.0,0.0,0.00,
beir500k-f32,neg40_cat20,neg40,212946,pathseer,128,1,67,0.9687,0.7612,0.00044,3.909,8.267,9.029,4.494,4854.6,0.0,14415.1,1393.4,5.0,84.0,293.3,36.7,9627.2,4.6,282.52,pathseer:67
beir500k-f32,neg40_cat20,neg40,212946,pathseer,128,2,67,0.9687,0.7612,0.00044,3.839,8.060,8.371,4.319,4854.6,0.0,14415.1,1393.4,5.0,84.0,293.3,36.7,9627.2,4.6,282.52,pathseer:67
beir500k-f32,neg40_cat20,neg40,212946,pathseer,128,3,67,0.9687,0.7612,0.00044,3.779,7.669,8.486,4.204,4854.6,0.0,14415.1,1393.4,5.0,84.0,293.3,36.7,9627.2,4.6,282.52,pathseer:67
beir500k-f32,neg40_cat20,neg40,212946,pathseer-nc,128,1,67,0.9687,0.7612,0.00044,3.387,7.175,7.533,3.794,0.0,0.0,0.0,0.0,0.0,0.0,0.0,0.0,0.0,0.0,0.00,
beir500k-f32,neg40_cat20,neg40,212946,pathseer-nc,128,2,67,0.9687,0.7612,0.00044,3.469,7.185,7.545,3.800,0.0,0.0,0.0,0.0,0.0,0.0,0.0,0.0,0.0,0.0,0.00,
beir500k-f32,neg40_cat20,neg40,212946,pathseer-nc,128,3,67,0.9687,0.7612,0.00044,3.438,7.222,7.500,3.812,0.0,0.0,0.0,0.0,0.0,0.0,0.0,0.0,0.0,0.0,0.00,
beir500k-f32,neg40_cat20,neg40,212946,pathseer,256,1,67,0.9821,0.8507,0.00028,7.117,12.975,13.775,7.351,8433.0,0.0,22464.6,2397.3,10.0,196.0,604.7,73.0,14179.0,9.4,533.12,pathseer:67
beir500k-f32,neg40_cat20,neg40,212946,pathseer,256,2,67,0.9821,0.8507,0.00028,6.807,12.798,13.322,7.216,8433.0,0.0,22464.6,2397.3,10.0,196.0,604.7,73.0,14179.0,9.4,533.12,pathseer:67
beir500k-f32,neg40_cat20,neg40,212946,pathseer,256,3,67,0.9821,0.8507,0.00028,6.932,13.152,13.728,7.384,8433.0,0.0,22464.6,2397.3,10.0,196.0,604.7,73.0,14179.0,9.4,533.12,pathseer:67
beir500k-f32,neg40_cat20,neg40,212946,pathseer-nc,256,1,67,0.9821,0.8507,0.00028,6.181,11.771,12.174,6.653,0.0,0.0,0.0,0.0,0.0,0.0,0.0,0.0,0.0,0.0,0.00,
beir500k-f32,neg40_cat20,neg40,212946,pathseer-nc,256,2,67,0.9821,0.8507,0.00028,6.086,11.599,12.276,6.578,0.0,0.0,0.0,0.0,0.0,0.0,0.0,0.0,0.0,0.0,0.00,
beir500k-f32,neg40_cat20,neg40,212946,pathseer-nc,256,3,67,0.9821,0.8507,0.00028,6.076,11.744,12.142,6.575,0.0,0.0,0.0,0.0,0.0,0.0,0.0,0.0,0.0,0.0,0.00,
beir500k-f32,neg40_cat20,neg40,212946,pathseer,512,1,67,0.9925,0.9254,0.00009,12.385,21.381,22.063,12.562,14478.2,0.0,34771.9,4102.0,18.0,357.0,1377.1,152.6,20488.6,21.6,975.94,pathseer:67
beir500k-f32,neg40_cat20,neg40,212946,pathseer,512,2,67,0.9925,0.9254,0.00009,12.216,21.159,21.965,12.447,14478.2,0.0,34771.9,4102.0,18.0,357.0,1377.1,152.6,20488.6,21.6,975.94,pathseer:67
beir500k-f32,neg40_cat20,neg40,212946,pathseer,512,3,67,0.9925,0.9254,0.00009,12.320,21.661,22.289,12.620,14478.2,0.0,34771.9,4102.0,18.0,357.0,1377.1,152.6,20488.6,21.6,975.94,pathseer:67
beir500k-f32,neg40_cat20,neg40,212946,pathseer-nc,512,1,67,0.9925,0.9254,0.00009,11.185,19.026,19.846,11.342,0.0,0.0,0.0,0.0,0.0,0.0,0.0,0.0,0.0,0.0,0.00,
beir500k-f32,neg40_cat20,neg40,212946,pathseer-nc,512,2,67,0.9925,0.9254,0.00009,11.219,19.038,19.829,11.431,0.0,0.0,0.0,0.0,0.0,0.0,0.0,0.0,0.0,0.0,0.00,
beir500k-f32,neg40_cat20,neg40,212946,pathseer-nc,512,3,67,0.9925,0.9254,0.00009,11.230,19.108,19.985,11.432,0.0,0.0,0.0,0.0,0.0,0.0,0.0,0.0,0.0,0.0,0.00,
beir500k-f32,neg40_cat21,neg40,200035,pathseer,64,1,61,0.9590,0.7377,0.00062,2.337,7.500,8.735,3.241,3588.0,0.0,11499.5,1253.1,3.0,46.0,160.5,16.3,7598.9,2.5,193.74,pathseer:61
beir500k-f32,neg40_cat21,neg40,200035,pathseer,64,2,61,0.9590,0.7377,0.00062,2.352,7.489,8.564,3.240,3588.0,0.0,11499.5,1253.1,3.0,46.0,160.5,16.3,7598.9,2.5,193.74,pathseer:61
beir500k-f32,neg40_cat21,neg40,200035,pathseer,64,3,61,0.9590,0.7377,0.00062,2.374,7.444,8.623,3.235,3588.0,0.0,11499.5,1253.1,3.0,46.0,160.5,16.3,7598.9,2.5,193.74,pathseer:61
beir500k-f32,neg40_cat21,neg40,200035,pathseer-nc,64,1,61,0.9590,0.7377,0.00062,2.067,6.517,7.658,2.890,0.0,0.0,0.0,0.0,0.0,0.0,0.0,0.0,0.0,0.0,0.00,
beir500k-f32,neg40_cat21,neg40,200035,pathseer-nc,64,2,61,0.9590,0.7377,0.00062,2.057,6.733,7.812,2.887,0.0,0.0,0.0,0.0,0.0,0.0,0.0,0.0,0.0,0.0,0.00,
beir500k-f32,neg40_cat21,neg40,200035,pathseer-nc,64,3,61,0.9590,0.7377,0.00062,2.043,6.570,7.723,2.888,0.0,0.0,0.0,0.0,0.0,0.0,0.0,0.0,0.0,0.0,0.00,
beir500k-f32,neg40_cat21,neg40,200035,pathseer,128,1,61,0.9754,0.8525,0.00015,4.308,11.018,11.749,5.281,6007.8,0.0,16904.5,1951.3,5.0,106.0,290.6,30.5,10681.8,4.5,351.46,pathseer:61
beir500k-f32,neg40_cat21,neg40,200035,pathseer,128,2,61,0.9754,0.8525,0.00015,4.366,10.940,11.614,5.279,6007.8,0.0,16904.5,1951.3,5.0,106.0,290.6,30.5,10681.8,4.5,351.46,pathseer:61
beir500k-f32,neg40_cat21,neg40,200035,pathseer,128,3,61,0.9754,0.8525,0.00015,4.456,10.965,12.053,5.295,6007.8,0.0,16904.5,1951.3,5.0,106.0,290.6,30.5,10681.8,4.5,351.46,pathseer:61
beir500k-f32,neg40_cat21,neg40,200035,pathseer-nc,128,1,61,0.9754,0.8525,0.00015,3.898,10.315,10.712,4.800,0.0,0.0,0.0,0.0,0.0,0.0,0.0,0.0,0.0,0.0,0.00,
beir500k-f32,neg40_cat21,neg40,200035,pathseer-nc,128,2,61,0.9754,0.8525,0.00015,3.902,9.917,10.638,4.772,0.0,0.0,0.0,0.0,0.0,0.0,0.0,0.0,0.0,0.0,0.00,
beir500k-f32,neg40_cat21,neg40,200035,pathseer-nc,128,3,61,0.9754,0.8525,0.00015,3.868,10.211,10.729,4.779,0.0,0.0,0.0,0.0,0.0,0.0,0.0,0.0,0.0,0.0,0.00,
beir500k-f32,neg40_cat21,neg40,200035,pathseer,256,1,61,0.9869,0.9344,0.00003,8.206,16.510,16.797,8.728,10032.9,0.0,24748.2,3017.0,10.0,230.0,602.2,60.3,14774.9,9.4,621.30,pathseer:61
beir500k-f32,neg40_cat21,neg40,200035,pathseer,256,2,61,0.9869,0.9344,0.00003,7.846,16.437,16.760,8.583,10032.9,0.0,24748.2,3017.0,10.0,230.0,602.2,60.3,14774.9,9.4,621.30,pathseer:61
beir500k-f32,neg40_cat21,neg40,200035,pathseer,256,3,61,0.9869,0.9344,0.00003,7.867,16.607,16.958,8.619,10032.9,0.0,24748.2,3017.0,10.0,230.0,602.2,60.3,14774.9,9.4,621.30,pathseer:61
beir500k-f32,neg40_cat21,neg40,200035,pathseer-nc,256,1,61,0.9869,0.9344,0.00003,7.121,15.665,16.885,8.036,0.0,0.0,0.0,0.0,0.0,0.0,0.0,0.0,0.0,0.0,0.00,
beir500k-f32,neg40_cat21,neg40,200035,pathseer-nc,256,2,61,0.9869,0.9344,0.00003,6.982,15.388,15.515,7.864,0.0,0.0,0.0,0.0,0.0,0.0,0.0,0.0,0.0,0.0,0.00,
beir500k-f32,neg40_cat21,neg40,200035,pathseer-nc,256,3,61,0.9869,0.9344,0.00003,7.055,15.205,15.575,7.865,0.0,0.0,0.0,0.0,0.0,0.0,0.0,0.0,0.0,0.0,0.00,
beir500k-f32,neg40_cat21,neg40,200035,pathseer,512,1,61,0.9885,0.9508,0.00003,13.720,24.264,26.353,14.022,16484.7,0.0,35733.9,4674.6,20.0,449.0,1289.4,131.3,19855.0,20.1,1069.34,pathseer:61
beir500k-f32,neg40_cat21,neg40,200035,pathseer,512,2,61,0.9885,0.9508,0.00003,13.567,24.683,25.638,13.946,16484.7,0.0,35733.9,4674.6,20.0,449.0,1289.4,131.3,19855.0,20.1,1069.34,pathseer:61
beir500k-f32,neg40_cat21,neg40,200035,pathseer,512,3,61,0.9885,0.9508,0.00003,13.452,24.600,25.364,13.925,16484.7,0.0,35733.9,4674.6,20.0,449.0,1289.4,131.3,19855.0,20.1,1069.34,pathseer:61
beir500k-f32,neg40_cat21,neg40,200035,pathseer-nc,512,1,61,0.9885,0.9508,0.00003,12.508,22.347,23.536,12.786,0.0,0.0,0.0,0.0,0.0,0.0,0.0,0.0,0.0,0.0,0.00,
beir500k-f32,neg40_cat21,neg40,200035,pathseer-nc,512,2,61,0.9885,0.9508,0.00003,12.500,22.520,23.356,12.909,0.0,0.0,0.0,0.0,0.0,0.0,0.0,0.0,0.0,0.0,0.00,
beir500k-f32,neg40_cat21,neg40,200035,pathseer-nc,512,3,61,0.9885,0.9508,0.00003,12.580,22.350,23.329,12.784,0.0,0.0,0.0,0.0,0.0,0.0,0.0,0.0,0.0,0.0,0.00,
