dataset,filter,family,size,strategy,ef,pass,queries,recall_at_10,perfect_frac,sim_regret,p50_ms,p95_ms,p99_ms,mean_ms,mean_dist_comps,mean_seed_dist_comps,mean_filter_checks,mean_nodes_popped,median_pop_idx_cand_full,median_pop_idx_results_full,mean_twohop_examined,mean_twohop_appended,mean_prefilter_skips,mean_secondorder_allocs,mean_reencountered_burned,strategy_used
beir500k-f32,neg10_cat00,neg10,63950,pathseer-seeded,64,1,12,0.9917,0.9167,0.00002,1.064,1.275,1.962,1.111,1693.6,10.0,2931.8,183.1,3.0,11.0,122.7,18.2,1951.5,1.9,109.83,pathseer:12
beir500k-f32,neg10_cat00,neg10,63950,pathseer-seeded,64,2,12,0.9917,0.9167,0.00002,1.127,1.286,1.806,1.109,1693.6,10.0,2931.8,183.1,3.0,11.0,122.7,18.2,1951.5,1.9,109.83,pathseer:12
beir500k-f32,neg10_cat00,neg10,63950,pathseer-seeded,64,3,12,0.9917,0.9167,0.00002,1.068,1.308,1.847,1.109,1693.6,10.0,2931.8,183.1,3.0,11.0,122.7,18.2,1951.5,1.9,109.83,pathseer:12
beir500k-f32,neg10_cat00,neg10,63950,pathseer-seeded,128,1,12,1.0000,1.0000,0.00000,2.070,2.483,4.475,2.107,3034.6,10.0,5587.0,396.8,4.0,22.0,218.7,46.3,3701.2,3.4,237.67,pathseer:12
beir500k-f32,neg10_cat00,neg10,63950,pathseer-seeded,128,2,12,1.0000,1.0000,0.00000,2.050,2.456,4.423,2.076,3034.6,10.0,5587.0,396.8,4.0,22.0,218.7,46.3,3701.2,3.4,237.67,pathseer:12
beir500k-f32,neg10_cat00,neg10,63950,pathseer-seeded,128,3,12,1.0000,1.0000,0.00000,2.068,2.508,4.529,2.097,3034.6,10.0,5587.0,396.8,4.0,22.0,218.7,46.3,3701.2,3.4,237.67,pathseer:12
beir500k-f32,neg10_cat00,neg10,63950,pathseer-seeded,256,1,12,1.0000,1.0000,0.00000,3.591,5.687,8.345,3.912,5191.8,10.0,9839.0,779.2,7.0,47.0,400.0,88.1,6442.0,6.2,484.42,pathseer:12
beir500k-f32,neg10_cat00,neg10,63950,pathseer-seeded,256,2,12,1.0000,1.0000,0.00000,3.531,4.509,7.601,3.703,5191.8,10.0,9839.0,779.2,7.0,47.0,400.0,88.1,6442.0,6.2,484.42,pathseer:12
beir500k-f32,neg10_cat00,neg10,63950,pathseer-seeded,256,3,12,1.0000,1.0000,0.00000,3.531,4.532,7.493,3.705,5191.8,10.0,9839.0,779.2,7.0,47.0,400.0,88.1,6442.0,6.2,484.42,pathseer:12
beir500k-f32,neg10_cat00,neg10,63950,pathseer-seeded,512,1,12,1.0000,1.0000,0.00000,6.417,8.864,13.729,6.827,8978.5,10.0,18043.1,1631.0,15.0,103.0,869.3,173.8,11399.3,13.6,949.17,pathseer:12
beir500k-f32,neg10_cat00,neg10,63950,pathseer-seeded,512,2,12,1.0000,1.0000,0.00000,6.467,8.823,13.599,6.791,8978.5,10.0,18043.1,1631.0,15.0,103.0,869.3,173.8,11399.3,13.6,949.17,pathseer:12
beir500k-f32,neg10_cat00,neg10,63950,pathseer-seeded,512,3,12,1.0000,1.0000,0.00000,6.570,8.932,13.904,6.906,8978.5,10.0,18043.1,1631.0,15.0,103.0,869.3,173.8,11399.3,13.6,949.17,pathseer:12
beir500k-f32,neg10_cat01,neg10,61585,pathseer-seeded,64,1,22,0.9727,0.7273,0.00034,8.054,12.158,14.578,7.570,6310.9,10.0,27939.4,3566.0,3.0,389.0,145.5,4.4,18884.6,2.3,385.59,pathseer:22
beir500k-f32,neg10_cat01,neg10,61585,pathseer-seeded,64,2,22,0.9727,0.7273,0.00034,7.849,11.955,13.449,7.367,6310.9,10.0,27939.4,3566.0,3.0,389.0,145.5,4.4,18884.6,2.3,385.59,pathseer:22
beir500k-f32,neg10_cat01,neg10,61585,pathseer-seeded,64,3,22,0.9727,0.7273,0.00034,8.659,12.765,14.360,7.621,6310.9,10.0,27939.4,3566.0,3.0,389.0,145.5,4.4,18884.6,2.3,385.59,pathseer:22
beir500k-f32,neg10_cat01,neg10,61585,pathseer-seeded,128,1,22,0.9909,0.9091,0.00007,12.135,20.291,20.850,12.370,10615.0,10.0,40601.7,5861.0,5.0,731.0,285.1,7.5,25571.5,4.5,675.18,pathseer:22
beir500k-f32,neg10_cat01,neg10,61585,pathseer-seeded,128,2,22,0.9909,0.9091,0.00007,12.162,19.661,20.289,12.238,10615.0,10.0,40601.7,5861.0,5.0,731.0,285.1,7.5,25571.5,4.5,675.18,pathseer:22
beir500k-f32,neg10_cat01,neg10,61585,pathseer-seeded,128,3,22,0.9909,0.9091,0.00007,12.039,19.636,21.195,12.308,10615.0,10.0,40601.7,5861.0,5.0,731.0,285.1,7.5,25571.5,4.5,675.18,pathseer:22
beir500k-f32,neg10_cat01,neg10,61585,pathseer-seeded,256,1,22,0.9955,0.9545,0.00006,20.996,28.785,29.391,19.726,17388.2,10.0,58322.8,9225.5,11.0,1365.0,631.3,14.9,34158.8,9.9,1110.86,pathseer:22
beir500k-f32,neg10_cat01,neg10,61585,pathseer-seeded,256,2,22,0.9955,0.9545,0.00006,21.521,28.721,29.116,19.505,17388.2,10.0,58322.8,9225.5,11.0,1365.0,631.3,14.9,34158.8,9.9,1110.86,pathseer:22
beir500k-f32,neg10_cat01,neg10,61585,pathseer-seeded,256,3,22,0.9955,0.9545,0.00006,21.191,29.168,29.252,19.618,17388.2,10.0,58322.8,9225.5,11.0,1365.0,631.3,14.9,34158.8,9.9,1110.86,pathseer:22
beir500k-f32,neg10_cat01,neg10,61585,pathseer-seeded,512,1,22,0.9955,0.9545,0.00006,32.780,40.319,41.099,29.868,26952.7,10.0,82054.0,13715.9,23.0,2665.0,1480.7,32.6,45342.2,23.1,1829.73,pathseer:22
beir500k-f32,neg10_cat01,neg10,61585,pathseer-seeded,512,2,22,0.9955,0.9545,0.00006,31.879,39.632,40.612,29.526,26952.7,10.0,82054.0,13715.9,23.0,2665.0,1480.7,32.6,45342.2,23.1,1829.73,pathseer:22
beir500k-f32,neg10_cat01,neg10,61585,pathseer-seeded,512,3,22,0.9955,0.9545,0.00006,31.931,40.272,40.598,29.635,26952.7,10.0,82054.0,13715.9,23.0,2665.0,1480.7,32.6,45342.2,23.1,1829.73,pathseer:22
beir500k-f32,neg10_cat02,neg10,55947,pathseer-seeded,64,1,60,0.9433,0.5833,0.00088,4.829,13.516,15.124,6.040,5458.9,10.0,24805.7,2483.9,3.0,110.0,119.5,7.4,17923.2,1.9,274.75,pathseer:60
beir500k-f32,neg10_cat02,neg10,55947,pathseer-seeded,64,2,60,0.9433,0.5833,0.00088,4.863,13.605,14.871,5.975,5458.9,10.0,24805.7,2483.9,3.0,110.0,119.5,7.4,17923.2,1.9,274.75,pathseer:60
beir500k-f32,neg10_cat02,neg10,55947,pathseer-seeded,64,3,60,0.9433,0.5833,0.00088,4.544,13.873,15.817,6.023,5458.9,10.0,24805.7,2483.9,3.0,110.0,119.5,7.4,17923.2,1.9,274.75,pathseer:60
beir500k-f32,neg10_cat02,neg10,55947,pathseer-seeded,128,1,60,0.9783,0.8000,0.00024,8.989,21.817,22.597,10.458,9658.0,10.0,36269.4,4391.3,4.0,245.0,212.3,11.1,24156.2,3.3,484.65,pathseer:60
beir500k-f32,neg10_cat02,neg10,55947,pathseer-seeded,128,2,60,0.9783,0.8000,0.00024,8.990,21.346,22.195,10.299,9658.0,10.0,36269.4,4391.3,4.0,245.0,212.3,11.1,24156.2,3.3,484.65,pathseer:60
beir500k-f32,neg10_cat02,neg10,55947,pathseer-seeded,128,3,60,0.9783,0.8000,0.00024,8.923,21.405,22.335,10.329,9658.0,10.0,36269.4,4391.3,4.0,245.0,212.3,11.1,24156.2,3.3,484.65,pathseer:60
beir500k-f32,neg10_cat02,neg10,55947,pathseer-seeded,256,1,60,0.9883,0.8833,0.00018,14.160,30.036,31.970,16.805,15843.0,10.0,50570.1,7197.0,8.0,489.0,450.1,24.7,30887.1,7.0,802.57,pathseer:60
beir500k-f32,neg10_cat02,neg10,55947,pathseer-seeded,256,2,60,0.9883,0.8833,0.00018,14.255,30.242,33.299,16.781,15843.0,10.0,50570.1,7197.0,8.0,489.0,450.1,24.7,30887.1,7.0,802.57,pathseer:60
beir500k-f32,neg10_cat02,neg10,55947,pathseer-seeded,256,3,60,0.9883,0.8833,0.00018,14.349,29.682,31.973,16.735,15843.0,10.0,50570.1,7197.0,8.0,489.0,450.1,24.7,30887.1,7.0,802.57,pathseer:60
beir500k-f32,neg10_cat02,neg10,55947,pathseer-seeded,512,1,60,0.9950,0.9500,0.00005,24.774,42.770,45.209,26.404,25229.3,10.0,70520.9,11330.7,16.0,1013.0,964.3,46.7,39666.9,15.1,1266.78,pathseer:60
beir500k-f32,neg10_cat02,neg10,55947,pathseer-seeded,512,2,60,0.9950,0.9500,0.00005,24.930,43.166,47.140,26.900,25229.3,10.0,70520.9,11330.7,16.0,1013.0,964.3,46.7,39666.9,15.1,1266.78,pathseer:60
beir500k-f32,neg10_cat02,neg10,55947,pathseer-seeded,512,3,60,0.9950,0.9500,0.00005,24.677,42.753,45.403,26.398,25229.3,10.0,70520.9,11330.7,16.0,1013.0,964.3,46.7,39666.9,15.1,1266.78,pathseer:60
beir500k-f32,neg10_cat03,neg10,66486,pathseer-seeded,64,1,55,0.8273,0.2727,0.00290,6.708,16.079,18.082,7.445,7546.4,10.0,26755.2,2764.4,3.0,263.0,131.5,3.9,17560.3,2.1,109.75,pathseer:55
beir500k-f32,neg10_cat03,neg10,66486,pathseer-seeded,64,2,55,0.8273,0.2727,0.00290,6.491,15.902,18.117,7.335,7546.4,10.0,26755.2,2764.4,3.0,263.0,131.5,3.9,17560.3,2.1,109.75,pathseer:55
beir500k-f32,neg10_cat03,neg10,66486,pathseer-seeded,64,3,55,0.8273,0.2727,0.00290,6.765,16.143,18.515,7.552,7546.4,10.0,26755.2,2764.4,3.0,263.0,131.5,3.9,17560.3,2.1,109.75,pathseer:55
beir500k-f32,neg10_cat03,neg10,66486,pathseer-seeded,128,1,55,0.8873,0.4545,0.00168,11.789,22.040,23.895,11.617,12552.4,10.0,36440.3,4130.1,5.0,487.0,251.3,7.5,21733.7,3.9,192.87,pathseer:55
beir500k-f32,neg10_cat03,neg10,66486,pathseer-seeded,128,2,55,0.8873,0.4545,0.00168,11.117,21.990,24.193,11.490,12552.4,10.0,36440.3,4130.1,5.0,487.0,251.3,7.5,21733.7,3.9,192.87,pathseer:55
beir500k-f32,neg10_cat03,neg10,66486,pathseer-seeded,128,3,55,0.8873,0.4545,0.00168,11.022,21.850,23.912,11.540,12552.4,10.0,36440.3,4130.1,5.0,487.0,251.3,7.5,21733.7,3.9,192.87,pathseer:55
beir500k-f32,neg10_cat03,neg10,66486,pathseer-seeded,256,1,55,0.9491,0.6909,0.00077,17.047,30.022,33.061,17.214,19544.9,10.0,49051.3,5985.8,9.0,814.0,516.7,14.7,26946.5,8.1,327.11,pathseer:55
beir500k-f32,neg10_cat03,neg10,66486,pathseer-seeded,256,2,55,0.9491,0.6909,0.00077,17.355,30.170,34.705,17.356,19544.9,10.0,49051.3,5985.8,9.0,814.0,516.7,14.7,26946.5,8.1,327.11,pathseer:55
beir500k-f32,neg10_cat03,neg10,66486,pathseer-seeded,256,3,55,0.9491,0.6909,0.00077,17.249,31.012,33.114,17.353,19544.9,10.0,49051.3,5985.8,9.0,814.0,516.7,14.7,26946.5,8.1,327.11,pathseer:55
beir500k-f32,neg10_cat03,neg10,66486,pathseer-seeded,512,1,55,0.9836,0.8909,0.00025,24.345,41.872,45.090,25.464,29214.1,10.0,66221.2,8657.3,18.0,1446.0,1128.7,30.9,34060.2,17.6,571.18,pathseer:55
beir500k-f32,neg10_cat03,neg10,66486,pathseer-seeded,512,2,55,0.9836,0.8909,0.00025,24.499,43.812,44.889,25.601,29214.1,10.0,66221.2,8657.3,18.0,1446.0,1128.7,30.9,34060.2,17.6,571.18,pathseer:55
beir500k-f32,neg10_cat03,neg10,66486,pathseer-seeded,512,3,55,0.9836,0.8909,0.00025,25.192,42.711,44.457,25.547,29214.1,10.0,66221.2,8657.3,18.0,1446.0,1128.7,30.9,34060.2,17.6,571.18,pathseer:55
beir500k-f32,neg10_cat04,neg10,52652,pathseer-seeded,64,1,57,0.9509,0.6667,0.00055,6.186,10.198,11.722,6.020,5551.6,10.0,21631.9,2836.9,3.0,211.0,123.5,4.9,14158.8,1.9,181.82,pathseer:57
beir500k-f32,neg10_cat04,neg10,52652,pathseer-seeded,64,2,57,0.9509,0.6667,0.00055,6.303,10.145,11.186,5.981,5551.6,10.0,21631.9,2836.9,3.0,211.0,123.5,4.9,14158.8,1.9,181.82,pathseer:57
beir500k-f32,neg10_cat04,neg10,52652,pathseer-seeded,64,3,57,0.9509,0.6667,0.00055,6.262,10.918,11.941,6.087,5551.6,10.0,21631.9,2836.9,3.0,211.0,123.5,4.9,14158.8,1.9,181.82,pathseer:57
beir500k-f32,neg10_cat04,neg10,52652,pathseer-seeded,128,1,57,0.9754,0.7895,0.00034,10.540,16.115,16.340,10.025,9585.9,10.0,29897.6,4772.6,5.0,494.0,247.0,9.1,17144.0,3.9,294.51,pathseer:57
beir500k-f32,neg10_cat04,neg10,52652,pathseer-seeded,128,2,57,0.9754,0.7895,0.00034,10.429,15.905,16.345,10.020,9585.9,10.0,29897.6,4772.6,5.0,494.0,247.0,9.1,17144.0,3.9,294.51,pathseer:57
beir500k-f32,neg10_cat04,neg10,52652,pathseer-seeded,128,3,57,0.9754,0.7895,0.00034,10.552,16.187,16.311,10.127,9585.9,10.0,29897.6,4772.6,5.0,494.0,247.0,9.1,17144.0,3.9,294.51,pathseer:57
beir500k-f32,neg10_cat04,neg10,52652,pathseer-seeded,256,1,57,0.9947,0.9474,0.00013,15.924,22.111,22.512,15.319,15083.8,10.0,39351.4,7176.4,9.0,1061.0,545.7,21.7,19764.8,8.5,480.67,pathseer:57
beir500k-f32,neg10_cat04,neg10,52652,pathseer-seeded,256,2,57,0.9947,0.9474,0.00013,16.471,21.902,22.758,15.419,15083.8,10.0,39351.4,7176.4,9.0,1061.0,545.7,21.7,19764.8,8.5,480.67,pathseer:57
beir500k-f32,neg10_cat04,neg10,52652,pathseer-seeded,256,3,57,0.9947,0.9474,0.00013,16.201,21.674,22.494,15.340,15083.8,10.0,39351.4,7176.4,9.0,1061.0,545.7,21.7,19764.8,8.5,480.67,pathseer:57
beir500k-f32,neg10_cat04,neg10,52652,pathseer-seeded,512,1,57,0.9982,0.9825,0.00002,23.176,30.719,32.488,22.718,22873.4,10.0,51874.6,10401.8,19.0,1878.0,1205.9,48.3,22871.6,18.8,767.09,pathseer:57
beir500k-f32,neg10_cat04,neg10,52652,pathseer-seeded,512,2,57,0.9982,0.9825,0.00002,22.597,31.214,32.693,22.728,22873.4,10.0,51874.6,10401.8,19.0,1878.0,1205.9,48.3,22871.6,18.8,767.09,pathseer:57
beir500k-f32,neg10_cat04,neg10,52652,pathseer-seeded,512,3,57,0.9982,0.9825,0.00002,22.666,31.741,32.471,22.737,22873.4,10.0,51874.6,10401.8,19.0,1878.0,1205.9,48.3,22871.6,18.8,767.09,pathseer:57
beir500k-f32,neg10_cat05,neg10,52680,pathseer-seeded,64,1,20,0.9750,0.8000,0.00037,3.959,13.639,15.574,5.532,4817.9,10.0,23453.8,2466.9,3.0,110.0,131.2,5.7,16964.3,2.0,318.90,pathseer:20
beir500k-f32,neg10_cat05,neg10,52680,pathseer-seeded,64,2,20,0.9750,0.8000,0.00037,4.004,13.984,15.682,5.705,4817.9,10.0,23453.8,2466.9,3.0,110.0,131.2,5.7,16964.3,2.0,318.90,pathseer:20
beir500k-f32,neg10_cat05,neg10,52680,pathseer-seeded,64,3,20,0.9750,0.8000,0.00037,4.014,13.545,15.724,5.539,4817.9,10.0,23453.8,2466.9,3.0,110.0,131.2,5.7,16964.3,2.0,318.90,pathseer:20
beir500k-f32,neg10_cat05,neg10,52680,pathseer-seeded,128,1,20,0.9900,0.9000,0.00006,7.404,23.980,24.775,9.713,8537.1,10.0,36338.2,4437.6,5.0,223.0,252.8,10.8,24733.6,4.0,598.55,pathseer:20
beir500k-f32,neg10_cat05,neg10,52680,pathseer-seeded,128,2,20,0.9900,0.9000,0.00006,7.621,24.084,25.159,9.781,8537.1,10.0,36338.2,4437.6,5.0,223.0,252.8,10.8,24733.6,4.0,598.55,pathseer:20
beir500k-f32,neg10_cat05,neg10,52680,pathseer-seeded,128,3,20,0.9900,0.9000,0.00006,7.448,24.105,25.165,9.851,8537.1,10.0,36338.2,4437.6,5.0,223.0,252.8,10.8,24733.6,4.0,598.55,pathseer:20
beir500k-f32,neg10_cat05,neg10,52680,pathseer-seeded,256,1,20,1.0000,1.0000,0.00000,13.573,35.978,36.919,16.649,14372.1,10.0,54278.9,7552.3,9.0,520.0,544.0,20.4,34619.7,8.5,1087.60,pathseer:20
beir500k-f32,neg10_cat05,neg10,52680,pathseer-seeded,256,2,20,1.0000,1.0000,0.00000,13.429,35.831,36.021,16.402,14372.1,10.0,54278.9,7552.3,9.0,520.0,544.0,20.4,34619.7,8.5,1087.60,pathseer:20
beir500k-f32,neg10_cat05,neg10,52680,pathseer-seeded,256,3,20,1.0000,1.0000,0.00000,13.283,36.497,36.536,16.540,14372.1,10.0,54278.9,7552.3,9.0,520.0,544.0,20.4,34619.7,8.5,1087.60,pathseer:20
beir500k-f32,neg10_cat05,neg10,52680,pathseer-seeded,512,1,20,1.0000,1.0000,0.00000,24.402,52.348,52.737,27.118,23536.8,10.0,79480.8,12351.8,19.0,1107.0,1206.4,55.9,47271.2,18.9,1829.50,pathseer:20
beir500k-f32,neg10_cat05,neg10,52680,pathseer-seeded,512,2,20,1.0000,1.0000,0.00000,24.497,52.641,52.820,26.798,23536.8,10.0,79480.8,12351.8,19.0,1107.0,1206.4,55.9,47271.2,18.9,1829.50,pathseer:20
beir500k-f32,neg10_cat05,neg10,52680,pathseer-seeded,512,3,20,1.0000,1.0000,0.00000,24.342,52.482,53.022,26.788,23536.8,10.0,79480.8,12351.8,19.0,1107.0,1206.4,55.9,47271.2,18.9,1829.50,pathseer:20
beir500k-f32,neg10_cat06,neg10,73753,pathseer-seeded,64,1,49,0.9510,0.6939,0.00077,4.205,11.416,16.881,5.281,5063.2,10.0,18257.0,2422.5,3.0,158.0,114.9,6.7,11760.0,1.8,162.35,pathseer:49
beir500k-f32,neg10_cat06,neg10,73753,pathseer-seeded,64,2,49,0.9510,0.6939,0.00077,4.275,11.598,16.964,5.356,5063.2,10.0,18257.0,2422.5,3.0,158.0,114.9,6.7,11760.0,1.8,162.35,pathseer:49
beir500k-f32,neg10_cat06,neg10,73753,pathseer-seeded,64,3,49,0.9510,0.6939,0.00077,4.289,11.753,16.826,5.325,5063.2,10.0,18257.0,2422.5,3.0,158.0,114.9,6.7,11760.0,1.8,162.35,pathseer:49
beir500k-f32,neg10_cat06,neg10,73753,pathseer-seeded,128,1,49,0.9776,0.8163,0.00016,7.561,17.326,22.941,8.390,8473.3,10.0,24841.3,3739.7,5.0,365.0,241.6,14.4,14425.1,3.8,253.02,pathseer:49
beir500k-f32,neg10_cat06,neg10,73753,pathseer-seeded,128,2,49,0.9776,0.8163,0.00016,7.639,17.320,22.906,8.380,8473.3,10.0,24841.3,3739.7,5.0,365.0,241.6,14.4,14425.1,3.8,253.02,pathseer:49
beir500k-f32,neg10_cat06,neg10,73753,pathseer-seeded,128,3,49,0.9776,0.8163,0.00016,7.749,17.435,23.742,8.483,8473.3,10.0,24841.3,3739.7,5.0,365.0,241.6,14.4,14425.1,3.8,253.02,pathseer:49
beir500k-f32,neg10_cat06,neg10,73753,pathseer-seeded,256,1,49,0.9837,0.8571,0.00012,11.773,24.823,30.445,12.749,13434.2,10.0,32913.2,5448.2,9.0,723.0,531.6,29.8,17183.1,8.3,386.86,pathseer:49
beir500k-f32,neg10_cat06,neg10,73753,pathseer-seeded,256,2,49,0.9837,0.8571,0.00012,11.931,24.972,30.502,12.795,13434.2,10.0,32913.2,5448.2,9.0,723.0,531.6,29.8,17183.1,8.3,386.86,pathseer:49
beir500k-f32,neg10_cat06,neg10,73753,pathseer-seeded,256,3,49,0.9837,0.8571,0.00012,11.773,25.026,30.301,12.837,13434.2,10.0,32913.2,5448.2,9.0,723.0,531.6,29.8,17183.1,8.3,386.86,pathseer:49
beir500k-f32,neg10_cat06,neg10,73753,pathseer-seeded,512,1,49,0.9939,0.9388,0.00005,18.375,34.129,40.623,19.050,20644.8,10.0,43794.2,7724.8,19.0,1306.0,1175.5,64.0,20707.1,18.4,613.37,pathseer:49
beir500k-f32,neg10_cat06,neg10,73753,pathseer-seeded,512,2,49,0.9939,0.9388,0.00005,18.500,34.481,42.188,19.025,20644.8,10.0,43794.2,7724.8,19.0,1306.0,1175.5,64.0,20707.1,18.4,613.37,pathseer:49
beir500k-f32,neg10_cat06,neg10,73753,pathseer-seeded,512,3,49,0.9939,0.9388,0.00005,18.543,34.052,41.051,18.956,20644.8,10.0,43794.2,7724.8,19.0,1306.0,1175.5,64.0,20707.1,18.4,613.37,pathseer:49
beir500k-f32,neg10_cat07,neg10,63741,pathseer-seeded,64,1,41,0.9488,0.7561,0.00130,4.807,15.761,22.491,6.436,5992.5,10.0,25839.4,2516.7,3.0,152.0,120.2,3.8,18302.2,1.9,165.83,pathseer:41
beir500k-f32,neg10_cat07,neg10,63741,pathseer-seeded,64,2,41,0.9488,0.7561,0.00130,4.890,15.867,22.511,6.436,5992.5,10.0,25839.4,2516.7,3.0,152.0,120.2,3.8,18302.2,1.9,165.83,pathseer:41
beir500k-f32,neg10_cat07,neg10,63741,pathseer-seeded,64,3,41,0.9488,0.7561,0.00130,4.839,15.783,22.633,6.402,5992.5,10.0,25839.4,2516.7,3.0,152.0,120.2,3.8,18302.2,1.9,165.83,pathseer:41
beir500k-f32,neg10_cat07,neg10,63741,pathseer-seeded,128,1,41,0.9780,0.8537,0.00043,8.669,24.138,33.553,10.493,10175.1,10.0,38040.2,4098.3,4.0,345.0,245.1,9.0,25462.8,3.8,294.24,pathseer:41
beir500k-f32,neg10_cat07,neg10,63741,pathseer-seeded,128,2,41,0.9780,0.8537,0.00043,8.839,24.175,33.399,10.698,10175.1,10.0,38040.2,4098.3,4.0,345.0,245.1,9.0,25462.8,3.8,294.24,pathseer:41
beir500k-f32,neg10_cat07,neg10,63741,pathseer-seeded,128,3,41,0.9780,0.8537,0.00043,8.971,24.346,34.502,10.670,10175.1,10.0,38040.2,4098.3,4.0,345.0,245.1,9.0,25462.8,3.8,294.24,pathseer:41
beir500k-f32,neg10_cat07,neg10,63741,pathseer-seeded,256,1,41,0.9878,0.9024,0.00030,14.220,34.671,44.760,16.883,16691.1,10.0,55153.8,6495.8,9.0,638.0,521.4,17.9,34845.5,8.1,512.02,pathseer:41
beir500k-f32,neg10_cat07,neg10,63741,pathseer-seeded,256,2,41,0.9878,0.9024,0.00030,14.208,34.679,44.713,16.929,16691.1,10.0,55153.8,6495.8,9.0,638.0,521.4,17.9,34845.5,8.1,512.02,pathseer:41
beir500k-f32,neg10_cat07,neg10,63741,pathseer-seeded,256,3,41,0.9878,0.9024,0.00030,14.147,34.824,44.616,16.779,16691.1,10.0,55153.8,6495.8,9.0,638.0,521.4,17.9,34845.5,8.1,512.02,pathseer:41
beir500k-f32,neg10_cat07,neg10,63741,pathseer-seeded,512,1,41,0.9951,0.9512,0.00017,22.114,49.790,63.584,25.976,26157.6,10.0,77317.4,9973.7,18.0,1110.0,1144.2,44.6,45867.1,17.9,870.29,pathseer:41
beir500k-f32,neg10_cat07,neg10,63741,pathseer-seeded,512,2,41,0.9951,0.9512,0.00017,22.306,50.109,63.220,26.190,26157.6,10.0,77317.4,9973.7,18.0,1110.0,1144.2,44.6,45867.1,17.9,870.29,pathseer:41
beir500k-f32,neg10_cat07,neg10,63741,pathseer-seeded,512,3,41,0.9951,0.9512,0.00017,22.246,50.983,62.808,26.579,26157.6,10.0,77317.4,9973.7,18.0,1110.0,1144.2,44.6,45867.1,17.9,870.29,pathseer:41
beir500k-f32,neg10_cat08,neg10,63800,pathseer-seeded,64,1,52,0.9808,0.8462,0.00032,11.836,21.558,21.929,12.719,9853.6,10.0,42600.4,6933.7,3.0,560.0,134.2,3.0,26375.8,2.1,424.94,pathseer:52
beir500k-f32,neg10_cat08,neg10,63800,pathseer-seeded,64,2,52,0.9808,0.8462,0.00032,11.782,21.986,22.053,12.757,9853.6,10.0,42600.4,6933.7,3.0,560.0,134.2,3.0,26375.8,2.1,424.94,pathseer:52
beir500k-f32,neg10_cat08,neg10,63800,pathseer-seeded,64,3,52,0.9808,0.8462,0.00032,11.661,21.728,22.373,12.827,9853.6,10.0,42600.4,6933.7,3.0,560.0,134.2,3.0,26375.8,2.1,424.94,pathseer:52
beir500k-f32,neg10_cat08,neg10,63800,pathseer-seeded,128,1,52,0.9923,0.9423,0.00013,19.191,30.545,31.115,20.136,15956.8,10.0,59599.2,10906.4,5.0,1206.0,248.6,5.4,33728.0,3.9,708.00,pathseer:52
beir500k-f32,neg10_cat08,neg10,63800,pathseer-seeded,128,2,52,0.9923,0.9423,0.00013,19.298,30.480,31.286,19.994,15956.8,10.0,59599.2,10906.4,5.0,1206.0,248.6,5.4,33728.0,3.9,708.00,pathseer:52
beir500k-f32,neg10_cat08,neg10,63800,pathseer-seeded,128,3,52,0.9923,0.9423,0.00013,19.317,30.470,31.190,20.153,15956.8,10.0,59599.2,10906.4,5.0,1206.0,248.6,5.4,33728.0,3.9,708.00,pathseer:52
beir500k-f32,neg10_cat08,neg10,63800,pathseer-seeded,256,1,52,0.9942,0.9615,0.00011,30.879,45.280,48.371,30.540,24719.2,10.0,82945.5,16356.3,9.0,2410.0,532.9,9.4,43534.7,8.3,1121.54,pathseer:52
beir500k-f32,neg10_cat08,neg10,63800,pathseer-seeded,256,2,52,0.9942,0.9615,0.00011,30.494,44.231,46.142,30.469,24719.2,10.0,82945.5,16356.3,9.0,2410.0,532.9,9.4,43534.7,8.3,1121.54,pathseer:52
beir500k-f32,neg10_cat08,neg10,63800,pathseer-seeded,256,3,52,0.9942,0.9615,0.00011,30.670,44.497,46.012,30.550,24719.2,10.0,82945.5,16356.3,9.0,2410.0,532.9,9.4,43534.7,8.3,1121.54,pathseer:52
beir500k-f32,neg10_cat08,neg10,63800,pathseer-seeded,512,1,52,1.0000,1.0000,0.00000,46.819,65.291,72.996,44.789,36972.6,10.0,116038.8,23700.6,19.0,4920.0,1201.2,17.4,58037.4,18.8,1714.25,pathseer:52
beir500k-f32,neg10_cat08,neg10,63800,pathseer-seeded,512,2,52,1.0000,1.0000,0.00000,46.395,64.970,73.131,44.930,36972.6,10.0,116038.8,23700.6,19.0,4920.0,1201.2,17.4,58037.4,18.8,1714.25,pathseer:52
beir500k-f32,neg10_cat08,neg10,63800,pathseer-seeded,512,3,52,1.0000,1.0000,0.00000,46.555,64.666,72.938,44.715,36972.6,10.0,116038.8,23700.6,19.0,4920.0,1201.2,17.4,58037.4,18.8,1714.25,pathseer:52
beir500k-f32,neg10_cat09,neg10,60723,pathseer-seeded,64,1,55,0.9036,0.5455,0.00157,33.572,47.324,51.451,31.028,22623.5,10.0,86840.7,18771.3,3.0,3368.0,137.3,1.5,46392.3,2.1,226.69,pathseer:55
beir500k-f32,neg10_cat09,neg10,60723,pathseer-seeded,64,2,55,0.9036,0.5455,0.00157,33.600,47.490,51.663,30.999,22623.5,10.0,86840.7,18771.3,3.0,3368.0,137.3,1.5,46392.3,2.1,226.69,pathseer:55
beir500k-f32,neg10_cat09,neg10,60723,pathseer-seeded,64,3,55,0.9036,0.5455,0.00157,33.766,46.785,51.101,30.964,22623.5,10.0,86840.7,18771.3,3.0,3368.0,137.3,1.5,46392.3,2.1,226.69,pathseer:55
beir500k-f32,neg10_cat09,neg10,60723,pathseer-seeded,128,1,55,0.9509,0.7273,0.00087,47.526,63.147,64.568,44.707,33616.7,10.0,116309.7,26653.3,5.0,6187.0,264.1,2.3,57718.9,4.1,401.69,pathseer:55
beir500k-f32,neg10_cat09,neg10,60723,pathseer-seeded,128,2,55,0.9509,0.7273,0.00087,46.606,63.077,64.936,44.612,33616.7,10.0,116309.7,26653.3,5.0,6187.0,264.1,2.3,57718.9,4.1,401.69,pathseer:55
beir500k-f32,neg10_cat09,neg10,60723,pathseer-seeded,128,3,55,0.9509,0.7273,0.00087,46.461,62.802,64.120,44.566,33616.7,10.0,116309.7,26653.3,5.0,6187.0,264.1,2.3,57718.9,4.1,401.69,pathseer:55
beir500k-f32,neg10_cat09,neg10,60723,pathseer-seeded,256,1,55,0.9836,0.8364,0.00026,63.068,83.534,87.789,62.133,48234.5,10.0,153619.5,36134.9,10.0,10717.0,580.7,4.1,72164.5,9.1,684.65,pathseer:55
beir500k-f32,neg10_cat09,neg10,60723,pathseer-seeded,256,2,55,0.9836,0.8364,0.00026,62.885,83.898,85.553,61.945,48234.5,10.0,153619.5,36134.9,10.0,10717.0,580.7,4.1,72164.5,9.1,684.65,pathseer:55
beir500k-f32,neg10_cat09,neg10,60723,pathseer-seeded,256,3,55,0.9836,0.8364,0.00026,63.413,83.987,84.359,62.050,48234.5,10.0,153619.5,36134.9,10.0,10717.0,580.7,4.1,72164.5,9.1,684.65,pathseer:55
beir500k-f32,neg10_cat09,neg10,60723,pathseer-seeded,512,1,55,0.9964,0.9636,0.00006,87.345,108.339,123.401,85.055,67969.3,10.0,200225.7,48144.1,22.0,17456.0,1377.7,8.5,88790.9,21.5,1103.51,pathseer:55
beir500k-f32,neg10_cat09,neg10,60723,pathseer-seeded,512,2,55,0.9964,0.9636,0.00006,87.025,109.478,119.854,84.939,67969.3,10.0,200225.7,48144.1,22.0,17456.0,1377.7,8.5,88790.9,21.5,1103.51,pathseer:55
beir500k-f32,neg10_cat09,neg10,60723,pathseer-seeded,512,3,55,0.9964,0.9636,0.00006,86.875,109.006,118.062,84.733,67969.3,10.0,200225.7,48144.1,22.0,17456.0,1377.7,8.5,88790.9,21.5,1103.51,pathseer:55
beir500k-f32,neg10_cat10,neg10,61023,pathseer-seeded,64,1,50,0.9840,0.8400,0.00007,10.735,17.591,21.338,10.673,8192.5,10.0,43075.4,5465.0,3.0,569.0,135.7,2.0,30037.3,2.1,304.92,pathseer:50
beir500k-f32,neg10_cat10,neg10,61023,pathseer-seeded,64,2,50,0.9840,0.8400,0.00007,10.817,17.758,21.245,10.810,8192.5,10.0,43075.4,5465.0,3.0,569.0,135.7,2.0,30037.3,2.1,304.92,pathseer:50
beir500k-f32,neg10_cat10,neg10,61023,pathseer-seeded,64,3,50,0.9840,0.8400,0.00007,10.660,18.665,21.259,10.704,8192.5,10.0,43075.4,5465.0,3.0,569.0,135.7,2.0,30037.3,2.1,304.92,pathseer:50
beir500k-f32,neg10_cat10,neg10,61023,pathseer-seeded,128,1,50,0.9960,0.9600,0.00001,18.124,27.211,30.893,18.079,14040.3,10.0,63428.8,9324.3,5.0,996.0,272.6,4.1,41191.8,4.3,526.02,pathseer:50
beir500k-f32,neg10_cat10,neg10,61023,pathseer-seeded,128,2,50,0.9960,0.9600,0.00001,18.194,27.927,30.488,18.008,14040.3,10.0,63428.8,9324.3,5.0,996.0,272.6,4.1,41191.8,4.3,526.02,pathseer:50
beir500k-f32,neg10_cat10,neg10,61023,pathseer-seeded,128,3,50,0.9960,0.9600,0.00001,18.122,27.276,31.143,18.175,14040.3,10.0,63428.8,9324.3,5.0,996.0,272.6,4.1,41191.8,4.3,526.02,pathseer:50
beir500k-f32,neg10_cat10,neg10,61023,pathseer-seeded,256,1,50,1.0000,1.0000,0.00000,29.840,46.404,48.705,29.831,23624.0,10.0,91498.6,15454.9,10.0,2134.0,570.9,9.3,54472.0,8.9,863.26,pathseer:50
beir500k-f32,neg10_cat10,neg10,61023,pathseer-seeded,256,2,50,1.0000,1.0000,0.00000,30.936,44.585,45.882,29.878,23624.0,10.0,91498.6,15454.9,10.0,2134.0,570.9,9.3,54472.0,8.9,863.26,pathseer:50
beir500k-f32,neg10_cat10,neg10,61023,pathseer-seeded,256,3,50,1.0000,1.0000,0.00000,29.940,44.555,46.273,29.763,23624.0,10.0,91498.6,15454.9,10.0,2134.0,570.9,9.3,54472.0,8.9,863.26,pathseer:50
beir500k-f32,neg10_cat10,neg10,61023,pathseer-seeded,512,1,50,1.0000,1.0000,0.00000,49.115,65.203,76.377,46.842,37934.6,10.0,127640.4,24113.6,21.0,4281.0,1267.2,22.8,69164.3,19.8,1397.04,pathseer:50
beir500k-f32,neg10_cat10,neg10,61023,pathseer-seeded,512,2,50,1.0000,1.0000,0.00000,49.262,64.354,75.085,46.288,37934.6,10.0,127640.4,24113.6,21.0,4281.0,1267.2,22.8,69164.3,19.8,1397.04,pathseer:50
beir500k-f32,neg10_cat10,neg10,61023,pathseer-seeded,512,3,50,1.0000,1.0000,0.00000,49.116,65.235,73.773,46.320,37934.6,10.0,127640.4,24113.6,21.0,4281.0,1267.2,22.8,69164.3,19.8,1397.04,pathseer:50
beir500k-f32,neg10_cat11,neg10,58822,pathseer-seeded,64,1,32,0.9750,0.7812,0.00031,26.669,54.325,58.440,27.844,21258.9,10.0,89121.4,15417.6,3.0,2263.0,150.0,0.9,53287.2,2.3,302.03,pathseer:32
beir500k-f32,neg10_cat11,neg10,58822,pathseer-seeded,64,2,32,0.9750,0.7812,0.00031,27.095,55.884,60.559,27.942,21258.9,10.0,89121.4,15417.6,3.0,2263.0,150.0,0.9,53287.2,2.3,302.03,pathseer:32
beir500k-f32,neg10_cat11,neg10,58822,pathseer-seeded,64,3,32,0.9750,0.7812,0.00031,27.793,56.533,58.383,27.995,21258.9,10.0,89121.4,15417.6,3.0,2263.0,150.0,0.9,53287.2,2.3,302.03,pathseer:32
beir500k-f32,neg10_cat11,neg10,58822,pathseer-seeded,128,1,32,0.9906,0.9375,0.00016,40.852,75.133,83.450,42.285,33600.1,10.0,120460.2,23491.4,5.0,4215.0,282.0,2.2,64869.5,4.4,482.84,pathseer:32
beir500k-f32,neg10_cat11,neg10,58822,pathseer-seeded,128,2,32,0.9906,0.9375,0.00016,40.610,74.502,82.062,42.469,33600.1,10.0,120460.2,23491.4,5.0,4215.0,282.0,2.2,64869.5,4.4,482.84,pathseer:32
beir500k-f32,neg10_cat11,neg10,58822,pathseer-seeded,128,3,32,0.9906,0.9375,0.00016,41.123,76.774,80.892,42.335,33600.1,10.0,120460.2,23491.4,5.0,4215.0,282.0,2.2,64869.5,4.4,482.84,pathseer:32
beir500k-f32,neg10_cat11,neg10,58822,pathseer-seeded,256,1,32,0.9938,0.9688,0.00006,60.491,103.176,115.213,60.651,49426.8,10.0,157278.5,33439.3,10.0,7602.0,594.0,4.5,77076.4,9.3,788.16,pathseer:32
beir500k-f32,neg10_cat11,neg10,58822,pathseer-seeded,256,2,32,0.9938,0.9688,0.00006,59.638,105.616,115.107,60.433,49426.8,10.0,157278.5,33439.3,10.0,7602.0,594.0,4.5,77076.4,9.3,788.16,pathseer:32
beir500k-f32,neg10_cat11,neg10,58822,pathseer-seeded,256,3,32,0.9938,0.9688,0.00006,60.207,105.985,114.871,60.567,49426.8,10.0,157278.5,33439.3,10.0,7602.0,594.0,4.5,77076.4,9.3,788.16,pathseer:32
beir500k-f32,neg10_cat11,neg10,58822,pathseer-seeded,512,1,32,0.9969,0.9688,0.00004,84.669,134.917,157.353,85.289,71875.8,10.0,203689.8,46249.9,22.0,12241.0,1356.0,9.9,89951.0,21.2,1208.69,pathseer:32
beir500k-f32,neg10_cat11,neg10,58822,pathseer-seeded,512,2,32,0.9969,0.9688,0.00004,84.190,136.442,158.055,85.176,71875.8,10.0,203689.8,46249.9,22.0,12241.0,1356.0,9.9,89951.0,21.2,1208.69,pathseer:32
beir500k-f32,neg10_cat11,neg10,58822,pathseer-seeded,512,3,32,0.9969,0.9688,0.00004,88.361,135.567,157.714,86.205,71875.8,10.0,203689.8,46249.9,22.0,12241.0,1356.0,9.9,89951.0,21.2,1208.69,pathseer:32
beir500k-f32,neg10_cat12,neg10,60873,pathseer-seeded,64,1,66,0.9470,0.6061,0.00070,19.711,32.600,34.214,18.201,13561.7,10.0,56204.4,10755.1,3.0,1237.0,148.4,3.1,32865.1,2.3,185.08,pathseer:66
beir500k-f32,neg10_cat12,neg10,60873,pathseer-seeded,64,2,66,0.9470,0.6061,0.00070,19.708,32.897,33.736,18.061,13561.7,10.0,56204.4,10755.1,3.0,1237.0,148.4,3.1,32865.1,2.3,185.08,pathseer:66
beir500k-f32,neg10_cat12,neg10,60873,pathseer-seeded,64,3,66,0.9470,0.6061,0.00070,19.533,33.140,35.250,18.282,13561.7,10.0,56204.4,10755.1,3.0,1237.0,148.4,3.1,32865.1,2.3,185.08,pathseer:66
beir500k-f32,neg10_cat12,neg10,60873,pathseer-seeded,128,1,66,0.9803,0.8182,0.00036,30.034,46.357,49.236,28.404,21680.6,10.0,76768.9,16606.8,5.0,2482.0,283.2,4.0,40240.4,4.4,343.39,pathseer:66
beir500k-f32,neg10_cat12,neg10,60873,pathseer-seeded,128,2,66,0.9803,0.8182,0.00036,30.405,44.597,47.611,28.045,21680.6,10.0,76768.9,16606.8,5.0,2482.0,283.2,4.0,40240.4,4.4,343.39,pathseer:66
beir500k-f32,neg10_cat12,neg10,60873,pathseer-seeded,128,3,66,0.9803,0.8182,0.00036,29.784,44.982,47.625,27.980,21680.6,10.0,76768.9,16606.8,5.0,2482.0,283.2,4.0,40240.4,4.4,343.39,pathseer:66
beir500k-f32,neg10_cat12,neg10,60873,pathseer-seeded,256,1,66,0.9879,0.8788,0.00032,44.305,58.594,59.063,40.396,32334.8,10.0,101619.8,23685.1,10.0,4766.0,631.3,9.3,48590.5,9.9,608.64,pathseer:66
beir500k-f32,neg10_cat12,neg10,60873,pathseer-seeded,256,2,66,0.9879,0.8788,0.00032,44.913,58.765,59.631,40.451,32334.8,10.0,101619.8,23685.1,10.0,4766.0,631.3,9.3,48590.5,9.9,608.64,pathseer:66
beir500k-f32,neg10_cat12,neg10,60873,pathseer-seeded,256,3,66,0.9879,0.8788,0.00032,44.678,58.993,60.027,40.479,32334.8,10.0,101619.8,23685.1,10.0,4766.0,631.3,9.3,48590.5,9.9,608.64,pathseer:66
beir500k-f32,neg10_cat12,neg10,60873,pathseer-seeded,512,1,66,0.9939,0.9394,0.00025,59.581,74.638,80.153,56.634,46630.0,10.0,133734.6,32284.7,22.0,9154.0,1433.0,17.1,59690.4,22.4,1031.21,pathseer:66
beir500k-f32,neg10_cat12,neg10,60873,pathseer-seeded,512,2,66,0.9939,0.9394,0.00025,62.361,79.115,86.922,58.892,46630.0,10.0,133734.6,32284.7,22.0,9154.0,1433.0,17.1,59690.4,22.4,1031.21,pathseer:66
beir500k-f32,neg10_cat12,neg10,60873,pathseer-seeded,512,3,66,0.9939,0.9394,0.00025,62.111,77.511,88.590,58.666,46630.0,10.0,133734.6,32284.7,22.0,9154.0,1433.0,17.1,59690.4,22.4,1031.21,pathseer:66
beir500k-f32,neg10_cat13,neg10,62221,pathseer-seeded,64,1,54,0.9796,0.8889,0.00041,3.071,8.619,10.534,3.643,3299.4,10.0,13912.5,1382.0,3.0,68.0,126.8,8.5,9880.8,2.0,233.30,pathseer:54
beir500k-f32,neg10_cat13,neg10,62221,pathseer-seeded,64,2,54,0.9796,0.8889,0.00041,3.157,8.416,10.795,3.702,3299.4,10.0,13912.5,1382.0,3.0,68.0,126.8,8.5,9880.8,2.0,233.30,pathseer:54
beir500k-f32,neg10_cat13,neg10,62221,pathseer-seeded,64,3,54,0.9796,0.8889,0.00041,3.133,8.051,10.588,3.605,3299.4,10.0,13912.5,1382.0,3.0,68.0,126.8,8.5,9880.8,2.0,233.30,pathseer:54
beir500k-f32,neg10_cat13,neg10,62221,pathseer-seeded,128,1,54,0.9981,0.9815,0.00000,5.485,13.485,15.996,6.093,5715.3,10.0,21484.6,2401.5,5.0,191.0,240.6,16.1,14483.3,3.8,418.09,pathseer:54
beir500k-f32,neg10_cat13,neg10,62221,pathseer-seeded,128,2,54,0.9981,0.9815,0.00000,5.298,13.257,15.769,6.007,5715.3,10.0,21484.6,2401.5,5.0,191.0,240.6,16.1,14483.3,3.8,418.09,pathseer:54
beir500k-f32,neg10_cat13,neg10,62221,pathseer-seeded,128,3,54,0.9981,0.9815,0.00000,5.403,13.273,15.388,6.056,5715.3,10.0,21484.6,2401.5,5.0,191.0,240.6,16.1,14483.3,3.8,418.09,pathseer:54
beir500k-f32,neg10_cat13,neg10,62221,pathseer-seeded,256,1,54,1.0000,1.0000,0.00000,10.702,22.214,23.265,10.633,9794.4,10.0,33298.7,4132.9,9.0,440.0,512.0,30.7,21181.2,8.0,730.33,pathseer:54
beir500k-f32,neg10_cat13,neg10,62221,pathseer-seeded,256,2,54,1.0000,1.0000,0.00000,9.557,20.826,22.063,10.096,9794.4,10.0,33298.7,4132.9,9.0,440.0,512.0,30.7,21181.2,8.0,730.33,pathseer:54
beir500k-f32,neg10_cat13,neg10,62221,pathseer-seeded,256,3,54,1.0000,1.0000,0.00000,10.171,21.721,22.203,10.285,9794.4,10.0,33298.7,4132.9,9.0,440.0,512.0,30.7,21181.2,8.0,730.33,pathseer:54
beir500k-f32,neg10_cat13,neg10,62221,pathseer-seeded,512,1,54,1.0000,1.0000,0.00000,16.283,34.040,37.537,17.499,16460.1,10.0,51077.1,7021.4,19.0,867.0,1173.3,63.6,30428.2,18.3,1275.96,pathseer:54
beir500k-f32,neg10_cat13,neg10,62221,pathseer-seeded,512,2,54,1.0000,1.0000,0.00000,16.427,31.871,34.848,17.211,16460.1,10.0,51077.1,7021.4,19.0,867.0,1173.3,63.6,30428.2,18.3,1275.96,pathseer:54
beir500k-f32,neg10_cat13,neg10,62221,pathseer-seeded,512,3,54,1.0000,1.0000,0.00000,16.679,34.384,37.514,18.084,16460.1,10.0,51077.1,7021.4,19.0,867.0,1173.3,63.6,30428.2,18.3,1275.96,pathseer:54
beir500k-f32,neg10_cat14,neg10,63772,pathseer-seeded,64,1,6,0.9167,0.3333,0.00146,10.690,16.936,16.936,10.503,8295.2,10.0,36580.3,5201.0,3.0,764.0,138.7,2.2,23594.5,2.2,318.83,pathseer:6
beir500k-f32,neg10_cat14,neg10,63772,pathseer-seeded,64,2,6,0.9167,0.3333,0.00146,10.998,17.365,17.365,10.843,8295.2,10.0,36580.3,5201.0,3.0,764.0,138.7,2.2,23594.5,2.2,318.83,pathseer:6
beir500k-f32,neg10_cat14,neg10,63772,pathseer-seeded,64,3,6,0.9167,0.3333,0.00146,10.155,17.227,17.227,10.515,8295.2,10.0,36580.3,5201.0,3.0,764.0,138.7,2.2,23594.5,2.2,318.83,pathseer:6
beir500k-f32,neg10_cat14,neg10,63772,pathseer-seeded,128,1,6,0.9500,0.5000,0.00094,16.051,27.378,27.378,17.111,13804.7,10.0,52025.3,8445.5,6.0,1379.0,277.3,4.8,30624.2,4.3,464.67,pathseer:6
beir500k-f32,neg10_cat14,neg10,63772,pathseer-seeded,128,2,6,0.9500,0.5000,0.00094,16.185,25.948,25.948,17.200,13804.7,10.0,52025.3,8445.5,6.0,1379.0,277.3,4.8,30624.2,4.3,464.67,pathseer:6
beir500k-f32,neg10_cat14,neg10,63772,pathseer-seeded,128,3,6,0.9500,0.5000,0.00094,18.656,26.947,26.947,17.960,13804.7,10.0,52025.3,8445.5,6.0,1379.0,277.3,4.8,30624.2,4.3,464.67,pathseer:6
beir500k-f32,neg10_cat14,neg10,63772,pathseer-seeded,256,1,6,0.9500,0.5000,0.00094,26.712,38.189,38.189,27.018,23063.0,10.0,73787.3,13536.2,12.0,3401.0,640.0,13.2,38571.8,10.0,544.50,pathseer:6
beir500k-f32,neg10_cat14,neg10,63772,pathseer-seeded,256,2,6,0.9500,0.5000,0.00094,28.008,38.635,38.635,27.273,23063.0,10.0,73787.3,13536.2,12.0,3401.0,640.0,13.2,38571.8,10.0,544.50,pathseer:6
beir500k-f32,neg10_cat14,neg10,63772,pathseer-seeded,256,3,6,0.9500,0.5000,0.00094,27.311,38.681,38.681,26.875,23063.0,10.0,73787.3,13536.2,12.0,3401.0,640.0,13.2,38571.8,10.0,544.50,pathseer:6
beir500k-f32,neg10_cat14,neg10,63772,pathseer-seeded,512,1,6,0.9833,0.8333,0.00024,42.540,54.343,54.343,40.750,37111.2,10.0,104315.8,20597.0,22.0,6013.0,1429.3,17.8,49277.3,22.3,683.17,pathseer:6
beir500k-f32,neg10_cat14,neg10,63772,pathseer-seeded,512,2,6,0.9833,0.8333,0.00024,44.285,56.782,56.782,41.811,37111.2,10.0,104315.8,20597.0,22.0,6013.0,1429.3,17.8,49277.3,22.3,683.17,pathseer:6
beir500k-f32,neg10_cat14,neg10,63772,pathseer-seeded,512,3,6,0.9833,0.8333,0.00024,43.098,54.076,54.076,40.879,37111.2,10.0,104315.8,20597.0,22.0,6013.0,1429.3,17.8,49277.3,22.3,683.17,pathseer:6
beir500k-f32,neg10_cat15,neg10,63900,pathseer-seeded,64,1,84,0.9393,0.6310,0.00141,1.755,5.673,11.408,2.593,2957.2,10.0,9703.5,814.3,3.0,39.0,138.7,14.0,6855.6,2.2,159.05,pathseer:84
beir500k-f32,neg10_cat15,neg10,63900,pathseer-seeded,64,2,84,0.9393,0.6310,0.00141,1.759,5.597,11.274,2.587,2957.2,10.0,9703.5,814.3,3.0,39.0,138.7,14.0,6855.6,2.2,159.05,pathseer:84
beir500k-f32,neg10_cat15,neg10,63900,pathseer-seeded,64,3,84,0.9393,0.6310,0.00141,1.783,5.677,11.382,2.643,2957.2,10.0,9703.5,814.3,3.0,39.0,138.7,14.0,6855.6,2.2,159.05,pathseer:84
beir500k-f32,neg10_cat15,neg10,63900,pathseer-seeded,128,1,84,0.9798,0.8095,0.00030,3.284,9.483,19.146,4.555,5170.7,10.0,15439.6,1394.1,5.0,76.0,262.1,28.0,10534.5,4.1,297.52,pathseer:84
beir500k-f32,neg10_cat15,neg10,63900,pathseer-seeded,128,2,84,0.9798,0.8095,0.00030,3.254,8.757,19.257,4.518,5170.7,10.0,15439.6,1394.1,5.0,76.0,262.1,28.0,10534.5,4.1,297.52,pathseer:84
beir500k-f32,neg10_cat15,neg10,63900,pathseer-seeded,128,3,84,0.9798,0.8095,0.00030,3.287,9.203,19.175,4.494,5170.7,10.0,15439.6,1394.1,5.0,76.0,262.1,28.0,10534.5,4.1,297.52,pathseer:84
beir500k-f32,neg10_cat15,neg10,63900,pathseer-seeded,256,1,84,0.9929,0.9286,0.00007,6.142,15.018,28.526,7.773,9013.8,10.0,24602.2,2428.9,9.0,166.0,539.4,54.6,15979.2,8.4,542.82,pathseer:84
beir500k-f32,neg10_cat15,neg10,63900,pathseer-seeded,256,2,84,0.9929,0.9286,0.00007,6.017,14.705,28.607,7.771,9013.8,10.0,24602.2,2428.9,9.0,166.0,539.4,54.6,15979.2,8.4,542.82,pathseer:84
beir500k-f32,neg10_cat15,neg10,63900,pathseer-seeded,256,3,84,0.9929,0.9286,0.00007,6.416,15.033,29.089,7.868,9013.8,10.0,24602.2,2428.9,9.0,166.0,539.4,54.6,15979.2,8.4,542.82,pathseer:84
beir500k-f32,neg10_cat15,neg10,63900,pathseer-seeded,512,1,84,0.9964,0.9643,0.00005,11.278,27.261,44.473,13.828,15312.0,10.0,39098.1,4174.3,19.0,315.0,1215.2,119.5,24160.4,19.0,978.13,pathseer:84
beir500k-f32,neg10_cat15,neg10,63900,pathseer-seeded,512,2,84,0.9964,0.9643,0.00005,11.025,25.734,43.657,13.287,15312.0,10.0,39098.1,4174.3,19.0,315.0,1215.2,119.5,24160.4,19.0,978.13,pathseer:84
beir500k-f32,neg10_cat15,neg10,63900,pathseer-seeded,512,3,84,0.9964,0.9643,0.00005,10.969,26.619,44.867,13.438,15312.0,10.0,39098.1,4174.3,19.0,315.0,1215.2,119.5,24160.4,19.0,978.13,pathseer:84
beir500k-f32,neg10_cat16,neg10,51796,pathseer-seeded,64,1,42,0.9881,0.9048,0.00013,3.151,6.883,7.339,3.883,3513.0,10.0,15088.3,1745.0,3.0,164.0,157.0,5.4,10346.5,2.5,210.07,pathseer:42
beir500k-f32,neg10_cat16,neg10,51796,pathseer-seeded,64,2,42,0.9881,0.9048,0.00013,3.262,6.926,7.522,3.891,3513.0,10.0,15088.3,1745.0,3.0,164.0,157.0,5.4,10346.5,2.5,210.07,pathseer:42
beir500k-f32,neg10_cat16,neg10,51796,pathseer-seeded,64,3,42,0.9881,0.9048,0.00013,3.271,7.077,7.588,3.985,3513.0,10.0,15088.3,1745.0,3.0,164.0,157.0,5.4,10346.5,2.5,210.07,pathseer:42
beir500k-f32,neg10_cat16,neg10,51796,pathseer-seeded,128,1,42,0.9929,0.9524,0.00006,6.583,12.092,21.631,7.252,6174.2,10.0,22728.1,3121.5,6.0,351.0,329.1,11.3,14261.4,5.1,366.57,pathseer:42
beir500k-f32,neg10_cat16,neg10,51796,pathseer-seeded,128,2,42,0.9929,0.9524,0.00006,8.616,13.296,25.333,8.050,6174.2,10.0,22728.1,3121.5,6.0,351.0,329.1,11.3,14261.4,5.1,366.57,pathseer:42
beir500k-f32,neg10_cat16,neg10,51796,pathseer-seeded,128,3,42,0.9929,0.9524,0.00006,6.396,11.252,12.850,6.840,6174.2,10.0,22728.1,3121.5,6.0,351.0,329.1,11.3,14261.4,5.1,366.57,pathseer:42
beir500k-f32,neg10_cat16,neg10,51796,pathseer-seeded,256,1,42,1.0000,1.0000,0.00000,9.705,17.723,19.264,10.835,10224.4,10.0,32561.2,5231.9,12.0,736.0,778.4,32.4,18372.0,12.2,624.02,pathseer:42
beir500k-f32,neg10_cat16,neg10,51796,pathseer-seeded,256,2,42,1.0000,1.0000,0.00000,9.607,17.323,19.273,10.720,10224.4,10.0,32561.2,5231.9,12.0,736.0,778.4,32.4,18372.0,12.2,624.02,pathseer:42
beir500k-f32,neg10_cat16,neg10,51796,pathseer-seeded,256,3,42,1.0000,1.0000,0.00000,9.825,17.620,19.474,11.051,10224.4,10.0,32561.2,5231.9,12.0,736.0,778.4,32.4,18372.0,12.2,624.02,pathseer:42
beir500k-f32,neg10_cat16,neg10,51796,pathseer-seeded,512,1,42,1.0000,1.0000,0.00000,17.321,27.444,27.636,17.533,16607.2,10.0,46321.9,8603.8,29.0,1375.0,1873.7,66.1,22926.7,29.3,1061.21,pathseer:42
beir500k-f32,neg10_cat16,neg10,51796,pathseer-seeded,512,2,42,1.0000,1.0000,0.00000,17.405,27.439,27.829,17.890,16607.2,10.0,46321.9,8603.8,29.0,1375.0,1873.7,66.1,22926.7,29.3,1061.21,pathseer:42
beir500k-f32,neg10_cat16,neg10,51796,pathseer-seeded,512,3,42,1.0000,1.0000,0.00000,17.299,27.380,28.243,18.033,16607.2,10.0,46321.9,8603.8,29.0,1375.0,1873.7,66.1,22926.7,29.3,1061.21,pathseer:42
beir500k-f32,neg10_cat17,neg10,62171,pathseer-seeded,64,1,45,0.9000,0.4889,0.00130,6.056,18.040,26.615,7.071,6083.3,10.0,28015.9,3007.7,3.0,222.0,140.8,6.0,19796.3,2.2,220.42,pathseer:45
beir500k-f32,neg10_cat17,neg10,62171,pathseer-seeded,64,2,45,0.9000,0.4889,0.00130,5.960,18.248,27.604,7.099,6083.3,10.0,28015.9,3007.7,3.0,222.0,140.8,6.0,19796.3,2.2,220.42,pathseer:45
beir500k-f32,neg10_cat17,neg10,62171,pathseer-seeded,64,3,45,0.9000,0.4889,0.00130,6.051,17.687,26.765,7.080,6083.3,10.0,28015.9,3007.7,3.0,222.0,140.8,6.0,19796.3,2.2,220.42,pathseer:45
beir500k-f32,neg10_cat17,neg10,62171,pathseer-seeded,128,1,45,0.9400,0.5778,0.00088,10.921,25.349,35.656,11.727,10629.7,10.0,41882.7,4983.0,5.0,478.0,263.1,12.3,27842.7,4.1,381.24,pathseer:45
beir500k-f32,neg10_cat17,neg10,62171,pathseer-seeded,128,2,45,0.9400,0.5778,0.00088,10.905,26.148,35.101,11.922,10629.7,10.0,41882.7,4983.0,5.0,478.0,263.1,12.3,27842.7,4.1,381.24,pathseer:45
beir500k-f32,neg10_cat17,neg10,62171,pathseer-seeded,128,3,45,0.9400,0.5778,0.00088,10.797,25.316,35.843,11.796,10629.7,10.0,41882.7,4983.0,5.0,478.0,263.1,12.3,27842.7,4.1,381.24,pathseer:45
beir500k-f32,neg10_cat17,neg10,62171,pathseer-seeded,256,1,45,0.9689,0.8222,0.00032,18.060,32.855,48.296,18.808,17785.8,10.0,61139.0,7948.1,10.0,952.0,610.1,25.8,38078.6,9.5,658.98,pathseer:45
beir500k-f32,neg10_cat17,neg10,62171,pathseer-seeded,256,2,45,0.9689,0.8222,0.00032,18.196,33.230,48.675,18.915,17785.8,10.0,61139.0,7948.1,10.0,952.0,610.1,25.8,38078.6,9.5,658.98,pathseer:45
beir500k-f32,neg10_cat17,neg10,62171,pathseer-seeded,256,3,45,0.9689,0.8222,0.00032,18.320,33.192,48.766,18.815,17785.8,10.0,61139.0,7948.1,10.0,952.0,610.1,25.8,38078.6,9.5,658.98,pathseer:45
beir500k-f32,neg10_cat17,neg10,62171,pathseer-seeded,512,1,45,0.9867,0.9333,0.00004,29.437,50.101,68.155,30.249,28628.4,10.0,87780.7,12309.0,21.0,1670.0,1404.4,50.6,51210.5,22.0,1161.93,pathseer:45
beir500k-f32,neg10_cat17,neg10,62171,pathseer-seeded,512,2,45,0.9867,0.9333,0.00004,29.673,51.147,65.216,30.426,28628.4,10.0,87780.7,12309.0,21.0,1670.0,1404.4,50.6,51210.5,22.0,1161.93,pathseer:45
beir500k-f32,neg10_cat17,neg10,62171,pathseer-seeded,512,3,45,0.9867,0.9333,0.00004,29.343,53.248,66.677,30.847,28628.4,10.0,87780.7,12309.0,21.0,1670.0,1404.4,50.6,51210.5,22.0,1161.93,pathseer:45
beir500k-f32,neg10_cat18,neg10,61365,pathseer-seeded,64,1,10,1.0000,1.0000,0.00000,0.873,0.987,0.987,0.820,1499.1,10.0,1062.6,101.7,2.0,2.0,83.2,40.4,330.9,1.3,74.90,pathseer:10
beir500k-f32,neg10_cat18,neg10,61365,pathseer-seeded,64,2,10,1.0000,1.0000,0.00000,0.821,1.044,1.044,0.800,1499.1,10.0,1062.6,101.7,2.0,2.0,83.2,40.4,330.9,1.3,74.90,pathseer:10
beir500k-f32,neg10_cat18,neg10,61365,pathseer-seeded,64,3,10,1.0000,1.0000,0.00000,0.831,1.035,1.035,0.821,1499.1,10.0,1062.6,101.7,2.0,2.0,83.2,40.4,330.9,1.3,74.90,pathseer:10
beir500k-f32,neg10_cat18,neg10,61365,pathseer-seeded,128,1,10,1.0000,1.0000,0.00000,1.463,1.737,1.737,1.416,2412.5,10.0,1680.5,192.0,3.0,4.0,140.8,74.3,493.7,2.2,151.00,pathseer:10
beir500k-f32,neg10_cat18,neg10,61365,pathseer-seeded,128,2,10,1.0000,1.0000,0.00000,1.434,1.652,1.652,1.385,2412.5,10.0,1680.5,192.0,3.0,4.0,140.8,74.3,493.7,2.2,151.00,pathseer:10
beir500k-f32,neg10_cat18,neg10,61365,pathseer-seeded,128,3,10,1.0000,1.0000,0.00000,1.513,1.680,1.680,1.406,2412.5,10.0,1680.5,192.0,3.0,4.0,140.8,74.3,493.7,2.2,151.00,pathseer:10
beir500k-f32,neg10_cat18,neg10,61365,pathseer-seeded,256,1,10,1.0000,1.0000,0.00000,2.171,2.599,2.599,2.082,3928.0,10.0,2826.2,377.7,6.0,9.0,300.8,144.1,731.0,4.7,245.70,pathseer:10
beir500k-f32,neg10_cat18,neg10,61365,pathseer-seeded,256,2,10,1.0000,1.0000,0.00000,2.129,2.632,2.632,2.069,3928.0,10.0,2826.2,377.7,6.0,9.0,300.8,144.1,731.0,4.7,245.70,pathseer:10
beir500k-f32,neg10_cat18,neg10,61365,pathseer-seeded,256,3,10,1.0000,1.0000,0.00000,2.254,2.589,2.589,2.117,3928.0,10.0,2826.2,377.7,6.0,9.0,300.8,144.1,731.0,4.7,245.70,pathseer:10
beir500k-f32,neg10_cat18,neg10,61365,pathseer-seeded,512,1,10,1.0000,1.0000,0.00000,3.658,4.673,4.673,3.569,6319.9,10.0,4837.8,740.7,10.0,20.0,601.6,294.8,1138.5,9.4,382.60,pathseer:10
beir500k-f32,neg10_cat18,neg10,61365,pathseer-seeded,512,2,10,1.0000,1.0000,0.00000,3.712,4.525,4.525,3.544,6319.9,10.0,4837.8,740.7,10.0,20.0,601.6,294.8,1138.5,9.4,382.60,pathseer:10
beir500k-f32,neg10_cat18,neg10,61365,pathseer-seeded,512,3,10,1.0000,1.0000,0.00000,3.879,4.886,4.886,3.755,6319.9,10.0,4837.8,740.7,10.0,20.0,601.6,294.8,1138.5,9.4,382.60,pathseer:10
beir500k-f32,neg10_cat19,neg10,52824,pathseer-seeded,64,1,60,0.9250,0.5500,0.00154,9.915,17.297,23.763,9.846,8785.7,10.0,29115.2,5365.4,4.0,977.0,169.6,4.2,15840.7,2.6,115.00,pathseer:60
beir500k-f32,neg10_cat19,neg10,52824,pathseer-seeded,64,2,60,0.9250,0.5500,0.00154,10.087,23.294,26.677,10.519,8785.7,10.0,29115.2,5365.4,4.0,977.0,169.6,4.2,15840.7,2.6,115.00,pathseer:60
beir500k-f32,neg10_cat19,neg10,52824,pathseer-seeded,64,3,60,0.9250,0.5500,0.00154,9.813,17.494,23.218,9.831,8785.7,10.0,29115.2,5365.4,4.0,977.0,169.6,4.2,15840.7,2.6,115.00,pathseer:60
beir500k-f32,neg10_cat19,neg10,52824,pathseer-seeded,128,1,60,0.9750,0.8167,0.00031,14.161,24.458,30.859,14.281,13552.8,10.0,38503.4,7460.4,6.0,1718.0,356.3,7.4,19120.8,5.6,176.00,pathseer:60
beir500k-f32,neg10_cat19,neg10,52824,pathseer-seeded,128,2,60,0.9750,0.8167,0.00031,14.709,25.197,30.851,14.562,13552.8,10.0,38503.4,7460.4,6.0,1718.0,356.3,7.4,19120.8,5.6,176.00,pathseer:60
beir500k-f32,neg10_cat19,neg10,52824,pathseer-seeded,128,3,60,0.9750,0.8167,0.00031,14.826,26.486,30.467,14.629,13552.8,10.0,38503.4,7460.4,6.0,1718.0,356.3,7.4,19120.8,5.6,176.00,pathseer:60
beir500k-f32,neg10_cat19,neg10,52824,pathseer-seeded,256,1,60,0.9917,0.9333,0.00007,19.813,35.839,40.270,20.688,20213.6,10.0,50716.9,10146.6,13.0,3114.0,829.9,13.0,23157.7,13.0,269.50,pathseer:60
beir500k-f32,neg10_cat19,neg10,52824,pathseer-seeded,256,2,60,0.9917,0.9333,0.00007,19.822,35.914,39.465,20.650,20213.6,10.0,50716.9,10146.6,13.0,3114.0,829.9,13.0,23157.7,13.0,269.50,pathseer:60
beir500k-f32,neg10_cat19,neg10,52824,pathseer-seeded,256,3,60,0.9917,0.9333,0.00007,19.726,35.805,39.430,20.501,20213.6,10.0,50716.9,10146.6,13.0,3114.0,829.9,13.0,23157.7,13.0,269.50,pathseer:60
beir500k-f32,neg10_cat19,neg10,52824,pathseer-seeded,512,1,60,0.9950,0.9500,0.00005,28.504,46.229,56.534,28.807,29159.6,10.0,66703.5,13473.9,30.0,5007.0,2037.0,31.4,28504.7,31.8,428.12,pathseer:60
beir500k-f32,neg10_cat19,neg10,52824,pathseer-seeded,512,2,60,0.9950,0.9500,0.00005,28.632,48.981,56.651,29.564,29159.6,10.0,66703.5,13473.9,30.0,5007.0,2037.0,31.4,28504.7,31.8,428.12,pathseer:60
beir500k-f32,neg10_cat19,neg10,52824,pathseer-seeded,512,3,60,0.9950,0.9500,0.00005,28.834,47.978,53.732,29.320,29159.6,10.0,66703.5,13473.9,30.0,5007.0,2037.0,31.4,28504.7,31.8,428.12,pathseer:60
beir500k-f32,neg10_cat20,neg10,52122,pathseer-seeded,64,1,67,0.9522,0.7164,0.00247,1.928,6.231,10.948,2.641,2773.0,10.0,9679.1,910.1,3.0,47.0,137.6,14.9,6741.9,2.1,171.09,pathseer:67
beir500k-f32,neg10_cat20,neg10,52122,pathseer-seeded,64,2,67,0.9522,0.7164,0.00247,1.823,6.202,10.504,2.557,2773.0,10.0,9679.1,910.1,3.0,47.0,137.6,14.9,6741.9,2.1,171.09,pathseer:67
beir500k-f32,neg10_cat20,neg10,52122,pathseer-seeded,64,3,67,0.9522,0.7164,0.00247,1.860,6.157,10.486,2.591,2773.0,10.0,9679.1,910.1,3.0,47.0,137.6,14.9,6741.9,2.1,171.09,pathseer:67
beir500k-f32,neg10_cat20,neg10,52122,pathseer-seeded,128,1,67,0.9896,0.8955,0.00011,3.399,11.059,15.668,4.424,4841.0,10.0,15441.2,1582.9,5.0,115.0,261.7,26.0,10321.3,4.1,329.09,pathseer:67
beir500k-f32,neg10_cat20,neg10,52122,pathseer-seeded,128,2,67,0.9896,0.8955,0.00011,3.683,10.946,15.498,4.573,4841.0,10.0,15441.2,1582.9,5.0,115.0,261.7,26.0,10321.3,4.1,329.09,pathseer:67
beir500k-f32,neg10_cat20,neg10,52122,pathseer-seeded,128,3,67,0.9896,0.8955,0.00011,3.696,11.172,16.218,4.608,4841.0,10.0,15441.2,1582.9,5.0,115.0,261.7,26.0,10321.3,4.1,329.09,pathseer:67
beir500k-f32,neg10_cat20,neg10,52122,pathseer-seeded,256,1,67,0.9940,0.9403,0.00002,6.281,18.305,21.981,7.771,8390.0,10.0,24244.4,2749.0,9.0,240.0,587.5,53.4,15242.1,9.2,594.85,pathseer:67
beir500k-f32,neg10_cat20,neg10,52122,pathseer-seeded,256,2,67,0.9940,0.9403,0.00002,6.370,17.802,22.860,7.995,8390.0,10.0,24244.4,2749.0,9.0,240.0,587.5,53.4,15242.1,9.2,594.85,pathseer:67
beir500k-f32,neg10_cat20,neg10,52122,pathseer-seeded,256,3,67,0.9940,0.9403,0.00002,6.580,18.203,22.988,7.979,8390.0,10.0,24244.4,2749.0,9.0,240.0,587.5,53.4,15242.1,9.2,594.85,pathseer:67
beir500k-f32,neg10_cat20,neg10,52122,pathseer-seeded,512,1,67,0.9985,0.9851,0.00000,11.705,26.920,32.065,13.298,14055.2,10.0,37449.6,4650.6,20.0,508.0,1424.3,113.8,22041.7,22.3,1061.30,pathseer:67
beir500k-f32,neg10_cat20,neg10,52122,pathseer-seeded,512,2,67,0.9985,0.9851,0.00000,11.733,26.717,30.631,13.083,14055.2,10.0,37449.6,4650.6,20.0,508.0,1424.3,113.8,22041.7,22.3,1061.30,pathseer:67
beir500k-f32,neg10_cat20,neg10,52122,pathseer-seeded,512,3,67,0.9985,0.9851,0.00000,11.928,28.238,31.691,13.486,14055.2,10.0,37449.6,4650.6,20.0,508.0,1424.3,113.8,22041.7,22.3,1061.30,pathseer:67
beir500k-f32,neg10_cat21,neg10,74356,pathseer-seeded,64,1,61,0.9607,0.7049,0.00058,2.933,9.157,10.049,3.763,3518.4,10.0,16417.4,1553.6,3.0,88.0,144.8,9.9,12040.8,2.3,226.79,pathseer:61
beir500k-f32,neg10_cat21,neg10,74356,pathseer-seeded,64,2,61,0.9607,0.7049,0.00058,3.312,9.420,13.949,4.355,3518.4,10.0,16417.4,1553.6,3.0,88.0,144.8,9.9,12040.8,2.3,226.79,pathseer:61
beir500k-f32,neg10_cat21,neg10,74356,pathseer-seeded,64,3,61,0.9607,0.7049,0.00058,3.071,9.168,10.138,3.846,3518.4,10.0,16417.4,1553.6,3.0,88.0,144.8,9.9,12040.8,2.3,226.79,pathseer:61
beir500k-f32,neg10_cat21,neg10,74356,pathseer-seeded,128,1,61,0.9852,0.8689,0.00013,5.730,15.867,16.410,7.363,6710.5,10.0,27830.2,3000.0,6.0,237.0,300.1,19.4,19333.2,4.7,423.72,pathseer:61
beir500k-f32,neg10_cat21,neg10,74356,pathseer-seeded,128,2,61,0.9852,0.8689,0.00013,5.987,16.120,16.303,7.511,6710.5,10.0,27830.2,3000.0,6.0,237.0,300.1,19.4,19333.2,4.7,423.72,pathseer:61
beir500k-f32,neg10_cat21,neg10,74356,pathseer-seeded,128,3,61,0.9852,0.8689,0.00013,5.864,15.599,15.714,7.258,6710.5,10.0,27830.2,3000.0,6.0,237.0,300.1,19.4,19333.2,4.7,423.72,pathseer:61
beir500k-f32,neg10_cat21,neg10,74356,pathseer-seeded,256,1,61,0.9951,0.9508,0.00008,10.559,23.806,25.711,12.506,11583.7,10.0,42979.1,5087.6,10.0,478.0,626.4,38.8,28439.6,9.8,776.95,pathseer:61
beir500k-f32,neg10_cat21,neg10,74356,pathseer-seeded,256,2,61,0.9951,0.9508,0.00008,11.019,24.367,24.465,12.742,11583.7,10.0,42979.1,5087.6,10.0,478.0,626.4,38.8,28439.6,9.8,776.95,pathseer:61
beir500k-f32,neg10_cat21,neg10,74356,pathseer-seeded,256,3,61,0.9951,0.9508,0.00008,10.554,23.518,24.419,12.397,11583.7,10.0,42979.1,5087.6,10.0,478.0,626.4,38.8,28439.6,9.8,776.95,pathseer:61
beir500k-f32,neg10_cat21,neg10,74356,pathseer-seeded,512,1,61,0.9984,0.9836,0.00004,18.313,37.610,38.438,20.738,19597.5,10.0,65734.6,8518.6,22.0,940.0,1400.7,87.0,41133.8,21.9,1407.30,pathseer:61
beir500k-f32,neg10_cat21,neg10,74356,pathseer-seeded,512,2,61,0.9984,0.9836,0.00004,17.991,37.722,39.119,20.820,19597.5,10.0,65734.6,8518.6,22.0,940.0,1400.7,87.0,41133.8,21.9,1407.30,pathseer:61
beir500k-f32,neg10_cat21,neg10,74356,pathseer-seeded,512,3,61,0.9984,0.9836,0.00004,18.058,37.088,39.119,20.792,19597.5,10.0,65734.6,8518.6,22.0,940.0,1400.7,87.0,41133.8,21.9,1407.30,pathseer:61
beir500k-f32,neg40_cat00,neg40,210687,pathseer-seeded,64,1,12,0.9833,0.8333,0.00042,0.884,1.194,1.404,0.947,1656.6,10.0,1174.8,102.4,2.0,2.0,85.3,39.5,483.5,1.3,57.08,pathseer:12
beir500k-f32,neg40_cat00,neg40,210687,pathseer-seeded,64,2,12,0.9833,0.8333,0.00042,0.826,1.045,1.396,0.899,1656.6,10.0,1174.8,102.4,2.0,2.0,85.3,39.5,483.5,1.3,57.08,pathseer:12
beir500k-f32,neg40_cat00,neg40,210687,pathseer-seeded,64,3,12,0.9833,0.8333,0.00042,0.829,1.046,1.407,0.889,1656.6,10.0,1174.8,102.4,2.0,2.0,85.3,39.5,483.5,1.3,57.08,pathseer:12
beir500k-f32,neg40_cat00,neg40,210687,pathseer-seeded,128,1,12,1.0000,1.0000,0.00000,1.528,1.842,2.050,1.574,2859.1,10.0,2107.2,194.6,3.0,4.0,154.7,82.7,871.0,2.4,114.83,pathseer:12
beir500k-f32,neg40_cat00,neg40,210687,pathseer-seeded,128,2,12,1.0000,1.0000,0.00000,1.505,1.805,2.053,1.558,2859.1,10.0,2107.2,194.6,3.0,4.0,154.7,82.7,871.0,2.4,114.83,pathseer:12
beir500k-f32,neg40_cat00,neg40,210687,pathseer-seeded,128,3,12,1.0000,1.0000,0.00000,1.519,1.814,2.062,1.569,2859.1,10.0,2107.2,194.6,3.0,4.0,154.7,82.7,871.0,2.4,114.83,pathseer:12
beir500k-f32,neg40_cat00,neg40,210687,pathseer-seeded,256,1,12,1.0000,1.0000,0.00000,2.903,3.171,3.222,2.766,4890.8,10.0,3810.2,383.2,5.0,9.0,288.0,150.4,1604.0,4.5,236.17,pathseer:12
beir500k-f32,neg40_cat00,neg40,210687,pathseer-seeded,256,2,12,1.0000,1.0000,0.00000,2.981,3.164,3.321,2.802,4890.8,10.0,3810.2,383.2,5.0,9.0,288.0,150.4,1604.0,4.5,236.17,pathseer:12
beir500k-f32,neg40_cat00,neg40,210687,pathseer-seeded,256,3,12,1.0000,1.0000,0.00000,2.919,3.174,3.182,2.776,4890.8,10.0,3810.2,383.2,5.0,9.0,288.0,150.4,1604.0,4.5,236.17,pathseer:12
beir500k-f32,neg40_cat00,neg40,210687,pathseer-seeded,512,1,12,1.0000,1.0000,0.00000,5.287,5.897,6.034,5.132,8266.1,10.0,7039.8,766.1,10.0,22.0,560.0,284.4,3002.0,8.8,466.00,pathseer:12
beir500k-f32,neg40_cat00,neg40,210687,pathseer-seeded,512,2,12,1.0000,1.0000,0.00000,5.220,5.743,6.051,5.019,8266.1,10.0,7039.8,766.1,10.0,22.0,560.0,284.4,3002.0,8.8,466.00,pathseer:12
beir500k-f32,neg40_cat00,neg40,210687,pathseer-seeded,512,3,12,1.0000,1.0000,0.00000,5.153,5.717,6.070,4.984,8266.1,10.0,7039.8,766.1,10.0,22.0,560.0,284.4,3002.0,8.8,466.00,pathseer:12
beir500k-f32,neg40_cat01,neg40,224458,pathseer-seeded,64,1,22,0.9636,0.7727,0.00087,2.124,4.287,4.610,2.319,2733.4,10.0,8059.0,707.7,3.0,46.0,116.4,20.1,5542.2,1.8,169.27,pathseer:22
beir500k-f32,neg40_cat01,neg40,224458,pathseer-seeded,64,2,22,0.9636,0.7727,0.00087,2.259,4.824,7.794,2.740,2733.4,10.0,8059.0,707.7,3.0,46.0,116.4,20.1,5542.2,1.8,169.27,pathseer:22
beir500k-f32,neg40_cat01,neg40,224458,pathseer-seeded,64,3,22,0.9636,0.7727,0.00087,2.242,4.274,4.681,2.343,2733.4,10.0,8059.0,707.7,3.0,46.0,116.4,20.1,5542.2,1.8,169.27,pathseer:22
beir500k-f32,neg40_cat01,neg40,224458,pathseer-seeded,128,1,22,0.9955,0.9545,0.00005,3.767,7.267,7.437,4.044,4774.0,10.0,11820.4,1197.3,4.0,76.0,229.8,45.5,7577.5,3.6,302.41,pathseer:22
beir500k-f32,neg40_cat01,neg40,224458,pathseer-seeded,128,2,22,0.9955,0.9545,0.00005,4.390,7.333,8.519,4.335,4774.0,10.0,11820.4,1197.3,4.0,76.0,229.8,45.5,7577.5,3.6,302.41,pathseer:22
beir500k-f32,neg40_cat01,neg40,224458,pathseer-seeded,128,3,22,0.9955,0.9545,0.00005,3.907,6.931,7.721,3.979,4774.0,10.0,11820.4,1197.3,4.0,76.0,229.8,45.5,7577.5,3.6,302.41,pathseer:22
beir500k-f32,neg40_cat01,neg40,224458,pathseer-seeded,256,1,22,1.0000,1.0000,0.00000,6.131,10.958,11.090,6.720,8497.1,10.0,17825.6,2144.8,8.0,171.0,453.8,82.8,10286.8,7.1,534.50,pathseer:22
beir500k-f32,neg40_cat01,neg40,224458,pathseer-seeded,256,2,22,1.0000,1.0000,0.00000,6.322,10.870,11.064,6.699,8497.1,10.0,17825.6,2144.8,8.0,171.0,453.8,82.8,10286.8,7.1,534.50,pathseer:22
beir500k-f32,neg40_cat01,neg40,224458,pathseer-seeded,256,3,22,1.0000,1.0000,0.00000,6.487,12.236,12.378,7.142,8497.1,10.0,17825.6,2144.8,8.0,171.0,453.8,82.8,10286.8,7.1,534.50,pathseer:22
beir500k-f32,neg40_cat01,neg40,224458,pathseer-seeded,512,1,22,1.0000,1.0000,0.00000,10.752,17.232,17.667,11.387,14494.0,10.0,25552.7,3594.6,15.0,297.0,1026.9,165.2,12851.8,16.0,867.82,pathseer:22
beir500k-f32,neg40_cat01,neg40,224458,pathseer-seeded,512,2,22,1.0000,1.0000,0.00000,10.769,17.531,17.788,11.505,14494.0,10.0,25552.7,3594.6,15.0,297.0,1026.9,165.2,12851.8,16.0,867.82,pathseer:22
beir500k-f32,neg40_cat01,neg40,224458,pathseer-seeded,512,3,22,1.0000,1.0000,0.00000,10.983,17.165,17.465,11.426,14494.0,10.0,25552.7,3594.6,15.0,297.0,1026.9,165.2,12851.8,16.0,867.82,pathseer:22
beir500k-f32,neg40_cat02,neg40,201752,pathseer-seeded,64,1,60,0.9083,0.5333,0.00140,3.050,6.260,7.422,3.213,3715.2,10.0,12750.6,1001.1,3.0,53.0,108.8,12.8,9202.6,1.7,234.78,pathseer:60
beir500k-f32,neg40_cat02,neg40,201752,pathseer-seeded,64,2,60,0.9083,0.5333,0.00140,3.031,6.687,7.446,3.209,3715.2,10.0,12750.6,1001.1,3.0,53.0,108.8,12.8,9202.6,1.7,234.78,pathseer:60
beir500k-f32,neg40_cat02,neg40,201752,pathseer-seeded,64,3,60,0.9083,0.5333,0.00140,3.473,6.674,7.704,3.426,3715.2,10.0,12750.6,1001.1,3.0,53.0,108.8,12.8,9202.6,1.7,234.78,pathseer:60
beir500k-f32,neg40_cat02,neg40,201752,pathseer-seeded,128,1,60,0.9567,0.7000,0.00043,5.087,9.888,11.130,5.582,6535.3,10.0,18514.3,1771.7,4.0,106.0,200.5,25.8,12367.9,3.1,409.58,pathseer:60
beir500k-f32,neg40_cat02,neg40,201752,pathseer-seeded,128,2,60,0.9567,0.7000,0.00043,5.089,10.178,11.642,5.590,6535.3,10.0,18514.3,1771.7,4.0,106.0,200.5,25.8,12367.9,3.1,409.58,pathseer:60
beir500k-f32,neg40_cat02,neg40,201752,pathseer-seeded,128,3,60,0.9567,0.7000,0.00043,5.229,10.053,11.590,5.651,6535.3,10.0,18514.3,1771.7,4.0,106.0,200.5,25.8,12367.9,3.1,409.58,pathseer:60
beir500k-f32,neg40_cat02,neg40,201752,pathseer-seeded,256,1,60,0.9750,0.8167,0.00032,10.097,15.588,17.157,10.050,11241.2,10.0,26378.3,3066.4,7.0,224.0,402.1,48.1,15882.0,6.3,686.93,pathseer:60
beir500k-f32,neg40_cat02,neg40,201752,pathseer-seeded,256,2,60,0.9750,0.8167,0.00032,9.609,15.364,16.104,9.406,11241.2,10.0,26378.3,3066.4,7.0,224.0,402.1,48.1,15882.0,6.3,686.93,pathseer:60
beir500k-f32,neg40_cat02,neg40,201752,pathseer-seeded,256,3,60,0.9750,0.8167,0.00032,9.790,15.559,16.069,9.476,11241.2,10.0,26378.3,3066.4,7.0,224.0,402.1,48.1,15882.0,6.3,686.93,pathseer:60
beir500k-f32,neg40_cat02,neg40,201752,pathseer-seeded,512,1,60,0.9867,0.8833,0.00016,16.288,24.444,26.450,15.869,18703.2,10.0,36474.1,5070.5,14.0,426.0,838.4,100.6,19309.8,13.1,1084.95,pathseer:60
beir500k-f32,neg40_cat02,neg40,201752,pathseer-seeded,512,2,60,0.9867,0.8833,0.00016,15.955,25.899,26.409,15.868,18703.2,10.0,36474.1,5070.5,14.0,426.0,838.4,100.6,19309.8,13.1,1084.95,pathseer:60
beir500k-f32,neg40_cat02,neg40,201752,pathseer-seeded,512,3,60,0.9867,0.8833,0.00016,15.806,24.616,26.917,15.633,18703.2,10.0,36474.1,5070.5,14.0,426.0,838.4,100.6,19309.8,13.1,1084.95,pathseer:60
beir500k-f32,neg40_cat03,neg40,212381,pathseer-seeded,64,1,55,0.8600,0.4364,0.00335,2.547,5.994,6.437,2.803,3347.3,10.0,10580.5,781.2,3.0,35.0,112.9,20.0,7619.5,1.8,117.53,pathseer:55
beir500k-f32,neg40_cat03,neg40,212381,pathseer-seeded,64,2,55,0.8600,0.4364,0.00335,2.614,6.099,6.604,2.850,3347.3,10.0,10580.5,781.2,3.0,35.0,112.9,20.0,7619.5,1.8,117.53,pathseer:55
beir500k-f32,neg40_cat03,neg40,212381,pathseer-seeded,64,3,55,0.8600,0.4364,0.00335,2.674,6.124,6.522,2.905,3347.3,10.0,10580.5,781.2,3.0,35.0,112.9,20.0,7619.5,1.8,117.53,pathseer:55
beir500k-f32,neg40_cat03,neg40,212381,pathseer-seeded,128,1,55,0.9364,0.7091,0.00126,4.709,10.006,10.548,5.093,6116.1,10.0,16001.1,1400.4,4.0,76.0,201.3,32.4,10606.5,3.1,200.71,pathseer:55
beir500k-f32,neg40_cat03,neg40,212381,pathseer-seeded,128,2,55,0.9364,0.7091,0.00126,4.436,9.774,10.203,4.971,6116.1,10.0,16001.1,1400.4,4.0,76.0,201.3,32.4,10606.5,3.1,200.71,pathseer:55
beir500k-f32,neg40_cat03,neg40,212381,pathseer-seeded,128,3,55,0.9364,0.7091,0.00126,4.873,11.425,16.091,5.993,6116.1,10.0,16001.1,1400.4,4.0,76.0,201.3,32.4,10606.5,3.1,200.71,pathseer:55
beir500k-f32,neg40_cat03,neg40,212381,pathseer-seeded,256,1,55,0.9691,0.8182,0.00034,8.160,15.398,16.369,8.547,10514.5,10.0,22684.7,2311.6,7.0,149.0,416.6,62.9,13670.2,6.5,343.56,pathseer:55
beir500k-f32,neg40_cat03,neg40,212381,pathseer-seeded,256,2,55,0.9691,0.8182,0.00034,8.923,16.546,21.855,9.184,10514.5,10.0,22684.7,2311.6,7.0,149.0,416.6,62.9,13670.2,6.5,343.56,pathseer:55
beir500k-f32,neg40_cat03,neg40,212381,pathseer-seeded,256,3,55,0.9691,0.8182,0.00034,8.186,15.226,16.264,8.406,10514.5,10.0,22684.7,2311.6,7.0,149.0,416.6,62.9,13670.2,6.5,343.56,pathseer:55
beir500k-f32,neg40_cat03,neg40,212381,pathseer-seeded,512,1,55,0.9782,0.8727,0.00025,14.560,23.033,25.165,14.068,17806.3,10.0,31735.7,3748.4,15.0,323.0,899.5,120.4,16850.0,14.1,573.38,pathseer:55
beir500k-f32,neg40_cat03,neg40,212381,pathseer-seeded,512,2,55,0.9782,0.8727,0.00025,14.323,24.118,25.288,14.103,17806.3,10.0,31735.7,3748.4,15.0,323.0,899.5,120.4,16850.0,14.1,573.38,pathseer:55
beir500k-f32,neg40_cat03,neg40,212381,pathseer-seeded,512,3,55,0.9782,0.8727,0.00025,14.473,22.658,25.699,13.642,17806.3,10.0,31735.7,3748.4,15.0,323.0,899.5,120.4,16850.0,14.1,573.38,pathseer:55
beir500k-f32,neg40_cat04,neg40,219419,pathseer-seeded,64,1,57,0.9439,0.6667,0.00108,4.307,7.127,9.310,4.398,4185.3,10.0,15380.7,1730.4,3.0,105.0,117.9,9.0,10381.7,1.8,146.68,pathseer:57
beir500k-f32,neg40_cat04,neg40,219419,pathseer-seeded,64,2,57,0.9439,0.6667,0.00108,3.934,6.911,6.974,4.102,4185.3,10.0,15380.7,1730.4,3.0,105.0,117.9,9.0,10381.7,1.8,146.68,pathseer:57
beir500k-f32,neg40_cat04,neg40,219419,pathseer-seeded,64,3,57,0.9439,0.6667,0.00108,3.991,6.870,7.144,4.101,4185.3,10.0,15380.7,1730.4,3.0,105.0,117.9,9.0,10381.7,1.8,146.68,pathseer:57
beir500k-f32,neg40_cat04,neg40,219419,pathseer-seeded,128,1,57,0.9789,0.8421,0.00046,7.252,11.573,12.817,7.319,7442.5,10.0,21972.9,3028.6,5.0,260.0,235.8,16.6,13145.1,3.7,241.95,pathseer:57
beir500k-f32,neg40_cat04,neg40,219419,pathseer-seeded,128,2,57,0.9789,0.8421,0.00046,7.037,11.235,12.216,7.072,7442.5,10.0,21972.9,3028.6,5.0,260.0,235.8,16.6,13145.1,3.7,241.95,pathseer:57
beir500k-f32,neg40_cat04,neg40,219419,pathseer-seeded,128,3,57,0.9789,0.8421,0.00046,7.269,11.462,12.504,7.329,7442.5,10.0,21972.9,3028.6,5.0,260.0,235.8,16.6,13145.1,3.7,241.95,pathseer:57
beir500k-f32,neg40_cat04,neg40,219419,pathseer-seeded,256,1,57,0.9947,0.9474,0.00004,11.624,17.534,18.351,11.537,12294.7,10.0,29442.6,4827.2,9.0,527.0,508.6,36.9,15198.9,7.9,391.86,pathseer:57
beir500k-f32,neg40_cat04,neg40,219419,pathseer-seeded,256,2,57,0.9947,0.9474,0.00004,11.987,17.977,19.395,11.699,12294.7,10.0,29442.6,4827.2,9.0,527.0,508.6,36.9,15198.9,7.9,391.86,pathseer:57
beir500k-f32,neg40_cat04,neg40,219419,pathseer-seeded,256,3,57,0.9947,0.9474,0.00004,11.716,17.673,18.333,11.530,12294.7,10.0,29442.6,4827.2,9.0,527.0,508.6,36.9,15198.9,7.9,391.86,pathseer:57
beir500k-f32,neg40_cat04,neg40,219419,pathseer-seeded,512,1,57,0.9982,0.9825,0.00002,17.852,24.055,26.024,17.714,19575.9,10.0,38782.2,7326.8,18.0,958.0,1103.7,82.8,16723.2,17.2,607.09,pathseer:57
beir500k-f32,neg40_cat04,neg40,219419,pathseer-seeded,512,2,57,0.9982,0.9825,0.00002,17.851,24.948,25.926,17.657,19575.9,10.0,38782.2,7326.8,18.0,958.0,1103.7,82.8,16723.2,17.2,607.09,pathseer:57
beir500k-f32,neg40_cat04,neg40,219419,pathseer-seeded,512,3,57,0.9982,0.9825,0.00002,17.794,24.758,26.082,17.751,19575.9,10.0,38782.2,7326.8,18.0,958.0,1103.7,82.8,16723.2,17.2,607.09,pathseer:57
beir500k-f32,neg40_cat05,neg40,210419,pathseer-seeded,64,1,20,0.9250,0.6500,0.00091,1.007,2.020,2.199,1.159,1886.5,10.0,2774.2,207.6,3.0,6.0,99.2,36.1,1692.6,1.6,78.90,pathseer:20
beir500k-f32,neg40_cat05,neg40,210419,pathseer-seeded,64,2,20,0.9250,0.6500,0.00091,1.040,2.012,2.196,1.152,1886.5,10.0,2774.2,207.6,3.0,6.0,99.2,36.1,1692.6,1.6,78.90,pathseer:20
beir500k-f32,neg40_cat05,neg40,210419,pathseer-seeded,64,3,20,0.9250,0.6500,0.00091,1.010,2.078,2.208,1.163,1886.5,10.0,2774.2,207.6,3.0,6.0,99.2,36.1,1692.6,1.6,78.90,pathseer:20
beir500k-f32,neg40_cat05,neg40,210419,pathseer-seeded,128,1,20,0.9750,0.8000,0.00021,2.071,4.058,4.116,2.278,3522.9,10.0,5124.2,478.1,4.0,19.0,176.0,60.8,2858.8,2.8,138.30,pathseer:20
beir500k-f32,neg40_cat05,neg40,210419,pathseer-seeded,128,2,20,0.9750,0.8000,0.00021,2.004,3.925,4.213,2.264,3522.9,10.0,5124.2,478.1,4.0,19.0,176.0,60.8,2858.8,2.8,138.30,pathseer:20
beir500k-f32,neg40_cat05,neg40,210419,pathseer-seeded,128,3,20,0.9750,0.8000,0.00021,1.997,3.867,4.183,2.247,3522.9,10.0,5124.2,478.1,4.0,19.0,176.0,60.8,2858.8,2.8,138.30,pathseer:20
beir500k-f32,neg40_cat05,neg40,210419,pathseer-seeded,256,1,20,0.9900,0.9000,0.00006,3.412,6.403,6.999,3.886,6057.7,10.0,7845.5,854.5,6.0,36.0,345.6,116.4,3892.2,5.4,233.25,pathseer:20
beir500k-f32,neg40_cat05,neg40,210419,pathseer-seeded,256,2,20,0.9900,0.9000,0.00006,3.444,6.444,6.909,3.889,6057.7,10.0,7845.5,854.5,6.0,36.0,345.6,116.4,3892.2,5.4,233.25,pathseer:20
beir500k-f32,neg40_cat05,neg40,210419,pathseer-seeded,256,3,20,0.9900,0.9000,0.00006,3.471,6.616,7.272,3.925,6057.7,10.0,7845.5,854.5,6.0,36.0,345.6,116.4,3892.2,5.4,233.25,pathseer:20
beir500k-f32,neg40_cat05,neg40,210419,pathseer-seeded,512,1,20,1.0000,1.0000,0.00000,7.236,10.231,11.099,6.665,10118.0,10.0,12017.2,1492.0,12.0,72.0,732.8,237.6,5336.4,11.4,396.50,pathseer:20
beir500k-f32,neg40_cat05,neg40,210419,pathseer-seeded,512,2,20,1.0000,1.0000,0.00000,7.235,10.215,10.940,6.689,10118.0,10.0,12017.2,1492.0,12.0,72.0,732.8,237.6,5336.4,11.4,396.50,pathseer:20
beir500k-f32,neg40_cat05,neg40,210419,pathseer-seeded,512,3,20,1.0000,1.0000,0.00000,7.161,10.131,10.854,6.687,10118.0,10.0,12017.2,1492.0,12.0,72.0,732.8,237.6,5336.4,11.4,396.50,pathseer:20
beir500k-f32,neg40_cat06,neg40,214755,pathseer-seeded,64,1,49,0.9469,0.6735,0.00106,3.867,12.239,12.604,4.514,4163.9,10.0,16267.1,2047.3,3.0,127.0,112.3,8.0,10804.7,1.8,293.61,pathseer:49
beir500k-f32,neg40_cat06,neg40,214755,pathseer-seeded,64,2,49,0.9469,0.6735,0.00106,3.684,11.740,12.745,4.398,4163.9,10.0,16267.1,2047.3,3.0,127.0,112.3,8.0,10804.7,1.8,293.61,pathseer:49
beir500k-f32,neg40_cat06,neg40,214755,pathseer-seeded,64,3,49,0.9469,0.6735,0.00106,3.788,12.535,13.829,4.447,4163.9,10.0,16267.1,2047.3,3.0,127.0,112.3,8.0,10804.7,1.8,293.61,pathseer:49
beir500k-f32,neg40_cat06,neg40,214755,pathseer-seeded,128,1,49,0.9735,0.7959,0.00038,6.611,17.554,18.481,7.559,7234.3,10.0,23905.2,3392.2,5.0,256.0,245.6,16.8,14623.8,3.8,472.39,pathseer:49
beir500k-f32,neg40_cat06,neg40,214755,pathseer-seeded,128,2,49,0.9735,0.7959,0.00038,6.342,17.215,17.959,7.388,7234.3,10.0,23905.2,3392.2,5.0,256.0,245.6,16.8,14623.8,3.8,472.39,pathseer:49
beir500k-f32,neg40_cat06,neg40,214755,pathseer-seeded,128,3,49,0.9735,0.7959,0.00038,6.506,17.346,18.902,7.460,7234.3,10.0,23905.2,3392.2,5.0,256.0,245.6,16.8,14623.8,3.8,472.39,pathseer:49
beir500k-f32,neg40_cat06,neg40,214755,pathseer-seeded,256,1,49,0.9857,0.8776,0.00025,10.914,24.026,27.216,12.135,12049.1,10.0,34143.6,5373.4,9.0,499.0,530.3,36.5,19145.9,8.3,748.47,pathseer:49
beir500k-f32,neg40_cat06,neg40,214755,pathseer-seeded,256,2,49,0.9857,0.8776,0.00025,11.213,25.365,27.270,12.271,12049.1,10.0,34143.6,5373.4,9.0,499.0,530.3,36.5,19145.9,8.3,748.47,pathseer:49
beir500k-f32,neg40_cat06,neg40,214755,pathseer-seeded,256,3,49,0.9857,0.8776,0.00025,11.322,24.657,26.661,12.660,12049.1,10.0,34143.6,5373.4,9.0,499.0,530.3,36.5,19145.9,8.3,748.47,pathseer:49
beir500k-f32,neg40_cat06,neg40,214755,pathseer-seeded,512,1,49,0.9939,0.9388,0.00008,18.778,36.323,37.455,19.547,19740.4,10.0,48172.6,8281.5,18.0,919.0,1141.6,72.3,24465.1,17.8,1127.37,pathseer:49
beir500k-f32,neg40_cat06,neg40,214755,pathseer-seeded,512,2,49,0.9939,0.9388,0.00008,18.215,35.938,38.641,19.558,19740.4,10.0,48172.6,8281.5,18.0,919.0,1141.6,72.3,24465.1,17.8,1127.37,pathseer:49
beir500k-f32,neg40_cat06,neg40,214755,pathseer-seeded,512,3,49,0.9939,0.9388,0.00008,19.059,36.723,38.587,19.815,19740.4,10.0,48172.6,8281.5,18.0,919.0,1141.6,72.3,24465.1,17.8,1127.37,pathseer:49
beir500k-f32,neg40_cat07,neg40,227993,pathseer-seeded,64,1,41,0.9707,0.7805,0.00067,1.494,3.212,3.228,1.691,2335.6,10.0,5291.5,369.0,3.0,13.0,101.5,21.8,3629.6,1.6,179.29,pathseer:41
beir500k-f32,neg40_cat07,neg40,227993,pathseer-seeded,64,2,41,0.9707,0.7805,0.00067,1.506,3.281,3.485,1.757,2335.6,10.0,5291.5,369.0,3.0,13.0,101.5,21.8,3629.6,1.6,179.29,pathseer:41
beir500k-f32,neg40_cat07,neg40,227993,pathseer-seeded,64,3,41,0.9707,0.7805,0.00067,1.501,3.246,3.400,1.731,2335.6,10.0,5291.5,369.0,3.0,13.0,101.5,21.8,3629.6,1.6,179.29,pathseer:41
beir500k-f32,neg40_cat07,neg40,227993,pathseer-seeded,128,1,41,0.9902,0.9024,0.00021,2.870,5.497,6.114,3.171,4278.1,10.0,8796.0,691.0,4.0,30.0,196.7,44.5,5714.5,3.1,332.46,pathseer:41
beir500k-f32,neg40_cat07,neg40,227993,pathseer-seeded,128,2,41,0.9902,0.9024,0.00021,3.028,5.493,5.948,3.291,4278.1,10.0,8796.0,691.0,4.0,30.0,196.7,44.5,5714.5,3.1,332.46,pathseer:41
beir500k-f32,neg40_cat07,neg40,227993,pathseer-seeded,128,3,41,0.9902,0.9024,0.00021,2.853,5.446,5.940,3.085,4278.1,10.0,8796.0,691.0,4.0,30.0,196.7,44.5,5714.5,3.1,332.46,pathseer:41
beir500k-f32,neg40_cat07,neg40,227993,pathseer-seeded,256,1,41,0.9976,0.9756,0.00004,5.049,8.887,9.562,5.384,7519.4,10.0,13941.3,1256.0,7.0,61.0,390.2,79.8,8510.0,6.1,593.22,pathseer:41
beir500k-f32,neg40_cat07,neg40,227993,pathseer-seeded,256,2,41,0.9976,0.9756,0.00004,5.121,8.879,9.361,5.366,7519.4,10.0,13941.3,1256.0,7.0,61.0,390.2,79.8,8510.0,6.1,593.22,pathseer:41
beir500k-f32,neg40_cat07,neg40,227993,pathseer-seeded,256,3,41,0.9976,0.9756,0.00004,5.060,8.770,9.535,5.370,7519.4,10.0,13941.3,1256.0,7.0,61.0,390.2,79.8,8510.0,6.1,593.22,pathseer:41
beir500k-f32,neg40_cat07,neg40,227993,pathseer-seeded,512,1,41,1.0000,1.0000,0.00000,8.942,14.785,15.250,9.329,12900.5,10.0,21564.8,2177.1,13.0,112.0,836.7,168.1,12281.0,13.1,1019.10,pathseer:41
beir500k-f32,neg40_cat07,neg40,227993,pathseer-seeded,512,2,41,1.0000,1.0000,0.00000,8.885,14.143,15.235,9.347,12900.5,10.0,21564.8,2177.1,13.0,112.0,836.7,168.1,12281.0,13.1,1019.10,pathseer:41
beir500k-f32,neg40_cat07,neg40,227993,pathseer-seeded,512,3,41,1.0000,1.0000,0.00000,8.864,14.041,15.029,9.247,12900.5,10.0,21564.8,2177.1,13.0,112.0,836.7,168.1,12281.0,13.1,1019.10,pathseer:41
beir500k-f32,neg40_cat08,neg40,220050,pathseer-seeded,64,1,52,0.9769,0.8654,0.00026,2.797,6.725,6.804,3.241,3431.8,10.0,12570.6,1243.2,3.0,55.0,128.0,12.8,8726.5,2.0,341.00,pathseer:52
beir500k-f32,neg40_cat08,neg40,220050,pathseer-seeded,64,2,52,0.9769,0.8654,0.00026,2.754,6.768,7.437,3.300,3431.8,10.0,12570.6,1243.2,3.0,55.0,128.0,12.8,8726.5,2.0,341.00,pathseer:52
beir500k-f32,neg40_cat08,neg40,220050,pathseer-seeded,64,3,52,0.9769,0.8654,0.00026,2.697,6.667,6.763,3.260,3431.8,10.0,12570.6,1243.2,3.0,55.0,128.0,12.8,8726.5,2.0,341.00,pathseer:52
beir500k-f32,neg40_cat08,neg40,220050,pathseer-seeded,128,1,52,0.9942,0.9423,0.00004,4.706,10.568,12.084,5.617,6070.0,10.0,18255.4,2220.9,4.0,109.0,222.8,28.7,11464.0,3.5,594.25,pathseer:52
beir500k-f32,neg40_cat08,neg40,220050,pathseer-seeded,128,2,52,0.9942,0.9423,0.00004,4.740,10.575,11.939,5.674,6070.0,10.0,18255.4,2220.9,4.0,109.0,222.8,28.7,11464.0,3.5,594.25,pathseer:52
beir500k-f32,neg40_cat08,neg40,220050,pathseer-seeded,128,3,52,0.9942,0.9423,0.00004,4.651,10.677,12.036,5.637,6070.0,10.0,18255.4,2220.9,4.0,109.0,222.8,28.7,11464.0,3.5,594.25,pathseer:52
beir500k-f32,neg40_cat08,neg40,220050,pathseer-seeded,256,1,52,1.0000,1.0000,0.00000,8.572,16.744,18.617,9.450,10319.1,10.0,25504.7,3742.9,8.0,267.0,432.0,53.0,14122.0,6.8,964.65,pathseer:52
beir500k-f32,neg40_cat08,neg40,220050,pathseer-seeded,256,2,52,1.0000,1.0000,0.00000,8.917,16.633,17.584,9.507,10319.1,10.0,25504.7,3742.9,8.0,267.0,432.0,53.0,14122.0,6.8,964.65,pathseer:52
beir500k-f32,neg40_cat08,neg40,220050,pathseer-seeded,256,3,52,1.0000,1.0000,0.00000,8.661,17.065,17.553,9.545,10319.1,10.0,25504.7,3742.9,8.0,267.0,432.0,53.0,14122.0,6.8,964.65,pathseer:52
beir500k-f32,neg40_cat08,neg40,220050,pathseer-seeded,512,1,52,1.0000,1.0000,0.00000,15.008,25.658,26.090,15.579,16935.5,10.0,35147.6,6004.8,16.0,492.0,957.5,112.5,16839.6,15.0,1459.56,pathseer:52
beir500k-f32,neg40_cat08,neg40,220050,pathseer-seeded,512,2,52,1.0000,1.0000,0.00000,15.718,25.880,25.954,15.951,16935.5,10.0,35147.6,6004.8,16.0,492.0,957.5,112.5,16839.6,15.0,1459.56,pathseer:52
beir500k-f32,neg40_cat08,neg40,220050,pathseer-seeded,512,3,52,1.0000,1.0000,0.00000,15.293,24.837,25.303,15.540,16935.5,10.0,35147.6,6004.8,16.0,492.0,957.5,112.5,16839.6,15.0,1459.56,pathseer:52
beir500k-f32,neg40_cat09,neg40,211545,pathseer-seeded,64,1,55,0.9655,0.7455,0.00074,4.702,10.011,10.505,4.946,4612.2,10.0,18515.0,2242.4,3.0,176.0,128.0,9.1,12452.6,2.0,280.80,pathseer:55
beir500k-f32,neg40_cat09,neg40,211545,pathseer-seeded,64,2,55,0.9655,0.7455,0.00074,4.752,9.934,10.624,5.004,4612.2,10.0,18515.0,2242.4,3.0,176.0,128.0,9.1,12452.6,2.0,280.80,pathseer:55
beir500k-f32,neg40_cat09,neg40,211545,pathseer-seeded,64,3,55,0.9655,0.7455,0.00074,4.547,9.927,10.797,4.921,4612.2,10.0,18515.0,2242.4,3.0,176.0,128.0,9.1,12452.6,2.0,280.80,pathseer:55
beir500k-f32,neg40_cat09,neg40,211545,pathseer-seeded,128,1,55,0.9909,0.9091,0.00013,8.505,16.054,16.661,9.051,7886.8,10.0,26214.6,3766.0,5.0,371.0,243.2,16.0,16011.1,3.8,482.45,pathseer:55
beir500k-f32,neg40_cat09,neg40,211545,pathseer-seeded,128,2,55,0.9909,0.9091,0.00013,8.458,15.189,16.302,8.581,7886.8,10.0,26214.6,3766.0,5.0,371.0,243.2,16.0,16011.1,3.8,482.45,pathseer:55
beir500k-f32,neg40_cat09,neg40,211545,pathseer-seeded,128,3,55,0.9909,0.9091,0.00013,8.030,15.513,15.806,8.487,7886.8,10.0,26214.6,3766.0,5.0,371.0,243.2,16.0,16011.1,3.8,482.45,pathseer:55
beir500k-f32,neg40_cat09,neg40,211545,pathseer-seeded,256,1,55,0.9945,0.9455,0.00007,13.106,21.771,22.424,13.073,12902.9,10.0,35728.5,5945.6,9.0,713.0,515.5,34.2,19459.7,8.1,775.64,pathseer:55
beir500k-f32,neg40_cat09,neg40,211545,pathseer-seeded,256,2,55,0.9945,0.9455,0.00007,13.079,20.733,22.226,13.016,12902.9,10.0,35728.5,5945.6,9.0,713.0,515.5,34.2,19459.7,8.1,775.64,pathseer:55
beir500k-f32,neg40_cat09,neg40,211545,pathseer-seeded,256,3,55,0.9945,0.9455,0.00007,12.936,20.947,21.798,12.972,12902.9,10.0,35728.5,5945.6,9.0,713.0,515.5,34.2,19459.7,8.1,775.64,pathseer:55
beir500k-f32,neg40_cat09,neg40,211545,pathseer-seeded,512,1,55,0.9982,0.9818,0.00002,21.353,30.724,31.155,20.812,20931.9,10.0,48222.7,9294.3,19.0,1343.0,1162.5,77.0,22409.4,18.2,1161.27,pathseer:55
beir500k-f32,neg40_cat09,neg40,211545,pathseer-seeded,512,2,55,0.9982,0.9818,0.00002,21.643,31.488,32.891,21.099,20931.9,10.0,48222.7,9294.3,19.0,1343.0,1162.5,77.0,22409.4,18.2,1161.27,pathseer:55
beir500k-f32,neg40_cat09,neg40,211545,pathseer-seeded,512,3,55,0.9982,0.9818,0.00002,22.274,31.505,31.722,20.848,20931.9,10.0,48222.7,9294.3,19.0,1343.0,1162.5,77.0,22409.4,18.2,1161.27,pathseer:55
beir500k-f32,neg40_cat10,neg40,228898,pathseer-seeded,64,1,50,0.9740,0.7800,0.00021,1.512,2.665,3.182,1.619,2264.5,10.0,5284.5,359.6,3.0,16.0,113.9,25.3,3626.2,1.8,193.94,pathseer:50
beir500k-f32,neg40_cat10,neg40,228898,pathseer-seeded,64,2,50,0.9740,0.7800,0.00021,1.516,2.654,3.449,1.644,2264.5,10.0,5284.5,359.6,3.0,16.0,113.9,25.3,3626.2,1.8,193.94,pathseer:50
beir500k-f32,neg40_cat10,neg40,228898,pathseer-seeded,64,3,50,0.9740,0.7800,0.00021,1.596,2.835,3.394,1.691,2264.5,10.0,5284.5,359.6,3.0,16.0,113.9,25.3,3626.2,1.8,193.94,pathseer:50
beir500k-f32,neg40_cat10,neg40,228898,pathseer-seeded,128,1,50,0.9920,0.9200,0.00008,2.925,4.618,4.889,2.948,4058.5,10.0,8756.7,714.5,4.0,39.0,199.7,41.8,5672.2,3.1,372.36,pathseer:50
beir500k-f32,neg40_cat10,neg40,228898,pathseer-seeded,128,2,50,0.9920,0.9200,0.00008,2.972,4.649,5.517,2.995,4058.5,10.0,8756.7,714.5,4.0,39.0,199.7,41.8,5672.2,3.1,372.36,pathseer:50
beir500k-f32,neg40_cat10,neg40,228898,pathseer-seeded,128,3,50,0.9920,0.9200,0.00008,2.934,4.740,5.127,3.002,4058.5,10.0,8756.7,714.5,4.0,39.0,199.7,41.8,5672.2,3.1,372.36,pathseer:50
beir500k-f32,neg40_cat10,neg40,228898,pathseer-seeded,256,1,50,0.9980,0.9800,0.00004,5.261,7.903,8.651,5.341,7032.2,10.0,13592.5,1303.6,7.0,79.0,400.6,84.5,8160.2,6.3,658.82,pathseer:50
beir500k-f32,neg40_cat10,neg40,228898,pathseer-seeded,256,2,50,0.9980,0.9800,0.00004,5.435,8.120,8.519,5.369,7032.2,10.0,13592.5,1303.6,7.0,79.0,400.6,84.5,8160.2,6.3,658.82,pathseer:50
beir500k-f32,neg40_cat10,neg40,228898,pathseer-seeded,256,3,50,0.9980,0.9800,0.00004,5.332,8.635,34.193,5.926,7032.2,10.0,13592.5,1303.6,7.0,79.0,400.6,84.5,8160.2,6.3,658.82,pathseer:50
beir500k-f32,neg40_cat10,neg40,228898,pathseer-seeded,512,1,50,1.0000,1.0000,0.00000,9.601,14.287,15.090,9.577,11995.3,10.0,20822.7,2372.0,14.0,148.0,858.9,170.6,11327.6,13.4,1108.82,pathseer:50
beir500k-f32,neg40_cat10,neg40,228898,pathseer-seeded,512,2,50,1.0000,1.0000,0.00000,9.421,14.051,15.004,9.426,11995.3,10.0,20822.7,2372.0,14.0,148.0,858.9,170.6,11327.6,13.4,1108.82,pathseer:50
beir500k-f32,neg40_cat10,neg40,228898,pathseer-seeded,512,3,50,1.0000,1.0000,0.00000,9.295,13.954,14.891,9.501,11995.3,10.0,20822.7,2372.0,14.0,148.0,858.9,170.6,11327.6,13.4,1108.82,pathseer:50
beir500k-f32,neg40_cat11,neg40,203547,pathseer-seeded,64,1,32,0.9719,0.7812,0.00032,2.647,5.205,7.561,2.809,3038.6,10.0,10816.6,1014.1,3.0,70.0,132.0,14.3,7599.7,2.1,235.53,pathseer:32
beir500k-f32,neg40_cat11,neg40,203547,pathseer-seeded,64,2,32,0.9719,0.7812,0.00032,2.738,5.286,7.640,2.907,3038.6,10.0,10816.6,1014.1,3.0,70.0,132.0,14.3,7599.7,2.1,235.53,pathseer:32
beir500k-f32,neg40_cat11,neg40,203547,pathseer-seeded,64,3,32,0.9719,0.7812,0.00032,2.721,5.343,7.696,2.849,3038.6,10.0,10816.6,1014.1,3.0,70.0,132.0,14.3,7599.7,2.1,235.53,pathseer:32
beir500k-f32,neg40_cat11,neg40,203547,pathseer-seeded,128,1,32,0.9906,0.9062,0.00012,4.294,9.417,11.623,4.995,5314.1,10.0,16608.3,1789.9,5.0,128.0,242.0,32.0,11029.1,3.8,409.12,pathseer:32
beir500k-f32,neg40_cat11,neg40,203547,pathseer-seeded,128,2,32,0.9906,0.9062,0.00012,4.256,9.392,11.177,4.885,5314.1,10.0,16608.3,1789.9,5.0,128.0,242.0,32.0,11029.1,3.8,409.12,pathseer:32
beir500k-f32,neg40_cat11,neg40,203547,pathseer-seeded,128,3,32,0.9906,0.9062,0.00012,4.382,9.740,11.849,5.002,5314.1,10.0,16608.3,1789.9,5.0,128.0,242.0,32.0,11029.1,3.8,409.12,pathseer:32
beir500k-f32,neg40_cat11,neg40,203547,pathseer-seeded,256,1,32,0.9938,0.9375,0.00010,7.926,17.217,18.194,8.740,9191.6,10.0,25039.0,3064.3,8.0,305.0,456.0,58.7,15627.3,7.1,688.62,pathseer:32
beir500k-f32,neg40_cat11,neg40,203547,pathseer-seeded,256,2,32,0.9938,0.9375,0.00010,7.489,16.690,17.828,8.498,9191.6,10.0,25039.0,3064.3,8.0,305.0,456.0,58.7,15627.3,7.1,688.62,pathseer:32
beir500k-f32,neg40_cat11,neg40,203547,pathseer-seeded,256,3,32,0.9938,0.9375,0.00010,7.868,17.240,17.651,8.697,9191.6,10.0,25039.0,3064.3,8.0,305.0,456.0,58.7,15627.3,7.1,688.62,pathseer:32
beir500k-f32,neg40_cat11,neg40,203547,pathseer-seeded,512,1,32,1.0000,1.0000,0.00000,13.149,25.135,28.640,14.225,15577.4,10.0,37042.2,5104.8,16.0,630.0,1028.0,126.8,21375.0,16.1,1154.84,pathseer:32
beir500k-f32,neg40_cat11,neg40,203547,pathseer-seeded,512,2,32,1.0000,1.0000,0.00000,13.106,25.078,28.683,14.222,15577.4,10.0,37042.2,5104.8,16.0,630.0,1028.0,126.8,21375.0,16.1,1154.84,pathseer:32
beir500k-f32,neg40_cat11,neg40,203547,pathseer-seeded,512,3,32,1.0000,1.0000,0.00000,13.101,25.100,28.518,14.139,15577.4,10.0,37042.2,5104.8,16.0,630.0,1028.0,126.8,21375.0,16.1,1154.84,pathseer:32
beir500k-f32,neg40_cat12,neg40,222191,pathseer-seeded,64,1,66,0.9652,0.6970,0.00045,2.898,8.992,10.099,3.759,3664.7,10.0,13376.9,1569.4,3.0,66.0,131.9,15.5,8912.5,2.1,289.45,pathseer:66
beir500k-f32,neg40_cat12,neg40,222191,pathseer-seeded,64,2,66,0.9652,0.6970,0.00045,2.928,9.064,10.148,3.717,3664.7,10.0,13376.9,1569.4,3.0,66.0,131.9,15.5,8912.5,2.1,289.45,pathseer:66
beir500k-f32,neg40_cat12,neg40,222191,pathseer-seeded,64,3,66,0.9652,0.6970,0.00045,2.972,9.232,10.224,3.723,3664.7,10.0,13376.9,1569.4,3.0,66.0,131.9,15.5,8912.5,2.1,289.45,pathseer:66
beir500k-f32,neg40_cat12,neg40,222191,pathseer-seeded,128,1,66,0.9848,0.8636,0.00017,5.211,13.758,14.977,6.207,6265.6,10.0,19161.8,2629.9,5.0,143.0,240.5,28.2,11613.3,3.8,528.50,pathseer:66
beir500k-f32,neg40_cat12,neg40,222191,pathseer-seeded,128,2,66,0.9848,0.8636,0.00017,5.158,14.766,15.143,6.339,6265.6,10.0,19161.8,2629.9,5.0,143.0,240.5,28.2,11613.3,3.8,528.50,pathseer:66
beir500k-f32,neg40_cat12,neg40,222191,pathseer-seeded,128,3,66,0.9848,0.8636,0.00017,5.241,13.594,15.001,6.213,6265.6,10.0,19161.8,2629.9,5.0,143.0,240.5,28.2,11613.3,3.8,528.50,pathseer:66
beir500k-f32,neg40_cat12,neg40,222191,pathseer-seeded,256,1,66,0.9939,0.9394,0.00003,8.514,20.598,20.736,10.094,10272.3,10.0,26557.0,4221.4,8.0,304.0,500.4,55.1,14345.3,7.8,883.18,pathseer:66
beir500k-f32,neg40_cat12,neg40,222191,pathseer-seeded,256,2,66,0.9939,0.9394,0.00003,8.708,20.191,21.863,10.268,10272.3,10.0,26557.0,4221.4,8.0,304.0,500.4,55.1,14345.3,7.8,883.18,pathseer:66
beir500k-f32,neg40_cat12,neg40,222191,pathseer-seeded,256,3,66,0.9939,0.9394,0.00003,8.468,20.616,20.829,9.953,10272.3,10.0,26557.0,4221.4,8.0,304.0,500.4,55.1,14345.3,7.8,883.18,pathseer:66
beir500k-f32,neg40_cat12,neg40,222191,pathseer-seeded,512,1,66,0.9970,0.9697,0.00001,14.288,30.072,30.365,16.217,16392.8,10.0,36242.6,6606.4,17.0,595.0,1114.9,117.4,16918.7,17.4,1394.85,pathseer:66
beir500k-f32,neg40_cat12,neg40,222191,pathseer-seeded,512,2,66,0.9970,0.9697,0.00001,13.980,28.959,29.581,15.992,16392.8,10.0,36242.6,6606.4,17.0,595.0,1114.9,117.4,16918.7,17.4,1394.85,pathseer:66
beir500k-f32,neg40_cat12,neg40,222191,pathseer-seeded,512,3,66,0.9970,0.9697,0.00001,14.003,29.030,29.654,15.708,16392.8,10.0,36242.6,6606.4,17.0,595.0,1114.9,117.4,16918.7,17.4,1394.85,pathseer:66
beir500k-f32,neg40_cat13,neg40,231299,pathseer-seeded,64,1,54,0.9481,0.7222,0.00103,1.527,3.161,3.890,1.769,2293.1,10.0,5724.6,454.8,3.0,11.0,105.5,25.1,3859.0,1.6,196.44,pathseer:54
beir500k-f32,neg40_cat13,neg40,231299,pathseer-seeded,64,2,54,0.9481,0.7222,0.00103,1.562,3.128,3.940,1.778,2293.1,10.0,5724.6,454.8,3.0,11.0,105.5,25.1,3859.0,1.6,196.44,pathseer:54
beir500k-f32,neg40_cat13,neg40,231299,pathseer-seeded,64,3,54,0.9481,0.7222,0.00103,1.612,3.558,3.894,1.818,2293.1,10.0,5724.6,454.8,3.0,11.0,105.5,25.1,3859.0,1.6,196.44,pathseer:54
beir500k-f32,neg40_cat13,neg40,231299,pathseer-seeded,128,1,54,0.9815,0.8704,0.00021,3.057,5.894,6.466,3.302,4165.3,10.0,9240.4,849.1,4.0,34.0,193.2,49.7,5845.5,3.0,375.48,pathseer:54
beir500k-f32,neg40_cat13,neg40,231299,pathseer-seeded,128,2,54,0.9815,0.8704,0.00021,3.042,5.962,6.452,3.370,4165.3,10.0,9240.4,849.1,4.0,34.0,193.2,49.7,5845.5,3.0,375.48,pathseer:54
beir500k-f32,neg40_cat13,neg40,231299,pathseer-seeded,128,3,54,0.9815,0.8704,0.00021,2.927,5.723,6.077,3.174,4165.3,10.0,9240.4,849.1,4.0,34.0,193.2,49.7,5845.5,3.0,375.48,pathseer:54
beir500k-f32,neg40_cat13,neg40,231299,pathseer-seeded,256,1,54,0.9944,0.9630,0.00006,5.411,9.065,10.268,5.682,7463.7,10.0,14388.3,1547.4,7.0,63.0,391.1,91.4,8353.6,6.1,690.56,pathseer:54
beir500k-f32,neg40_cat13,neg40,231299,pathseer-seeded,256,2,54,0.9944,0.9630,0.00006,5.659,9.813,10.742,5.953,7463.7,10.0,14388.3,1547.4,7.0,63.0,391.1,91.4,8353.6,6.1,690.56,pathseer:54
beir500k-f32,neg40_cat13,neg40,231299,pathseer-seeded,256,3,54,0.9944,0.9630,0.00006,5.684,9.321,10.463,5.927,7463.7,10.0,14388.3,1547.4,7.0,63.0,391.1,91.4,8353.6,6.1,690.56,pathseer:54
beir500k-f32,neg40_cat13,neg40,231299,pathseer-seeded,512,1,54,0.9963,0.9815,0.00003,10.456,16.093,16.566,10.198,13021.6,10.0,21785.1,2699.0,13.0,163.0,851.0,190.0,11331.0,13.3,1177.56,pathseer:54
beir500k-f32,neg40_cat13,neg40,231299,pathseer-seeded,512,2,54,0.9963,0.9815,0.00003,10.488,15.601,16.762,10.198,13021.6,10.0,21785.1,2699.0,13.0,163.0,851.0,190.0,11331.0,13.3,1177.56,pathseer:54
beir500k-f32,neg40_cat13,neg40,231299,pathseer-seeded,512,3,54,0.9963,0.9815,0.00003,10.465,15.921,16.598,10.242,13021.6,10.0,21785.1,2699.0,13.0,163.0,851.0,190.0,11331.0,13.3,1177.56,pathseer:54
beir500k-f32,neg40_cat14,neg40,212386,pathseer-seeded,64,1,6,1.0000,1.0000,0.00000,1.187,1.361,1.361,1.089,1601.3,10.0,3123.5,222.2,3.0,13.0,117.3,27.2,1981.2,1.8,254.83,pathseer:6
beir500k-f32,neg40_cat14,neg40,212386,pathseer-seeded,64,2,6,1.0000,1.0000,0.00000,1.130,1.335,1.335,1.080,1601.3,10.0,3123.5,222.2,3.0,13.0,117.3,27.2,1981.2,1.8,254.83,pathseer:6
beir500k-f32,neg40_cat14,neg40,212386,pathseer-seeded,64,3,6,1.0000,1.0000,0.00000,1.127,1.287,1.287,1.005,1601.3,10.0,3123.5,222.2,3.0,13.0,117.3,27.2,1981.2,1.8,254.83,pathseer:6
beir500k-f32,neg40_cat14,neg40,212386,pathseer-seeded,128,1,6,1.0000,1.0000,0.00000,2.567,2.729,2.729,2.125,2726.5,10.0,5635.8,462.7,4.0,26.0,213.3,48.5,3494.5,3.3,511.67,pathseer:6
beir500k-f32,neg40_cat14,neg40,212386,pathseer-seeded,128,2,6,1.0000,1.0000,0.00000,2.422,2.519,2.519,2.021,2726.5,10.0,5635.8,462.7,4.0,26.0,213.3,48.5,3494.5,3.3,511.67,pathseer:6
beir500k-f32,neg40_cat14,neg40,212386,pathseer-seeded,128,3,6,1.0000,1.0000,0.00000,2.334,3.002,3.002,2.206,2726.5,10.0,5635.8,462.7,4.0,26.0,213.3,48.5,3494.5,3.3,511.67,pathseer:6
beir500k-f32,neg40_cat14,neg40,212386,pathseer-seeded,256,1,6,1.0000,1.0000,0.00000,3.548,4.524,4.524,3.449,4561.8,10.0,9771.3,935.7,7.0,61.0,426.7,90.5,5859.5,6.7,988.17,pathseer:6
beir500k-f32,neg40_cat14,neg40,212386,pathseer-seeded,256,2,6,1.0000,1.0000,0.00000,3.763,4.485,4.485,3.503,4561.8,10.0,9771.3,935.7,7.0,61.0,426.7,90.5,5859.5,6.7,988.17,pathseer:6
beir500k-f32,neg40_cat14,neg40,212386,pathseer-seeded,256,3,6,1.0000,1.0000,0.00000,3.646,4.451,4.451,3.508,4561.8,10.0,9771.3,935.7,7.0,61.0,426.7,90.5,5859.5,6.7,988.17,pathseer:6
beir500k-f32,neg40_cat14,neg40,212386,pathseer-seeded,512,1,6,1.0000,1.0000,0.00000,6.566,8.606,8.606,6.495,7877.8,10.0,17189.8,1938.7,16.0,125.0,992.0,167.2,9730.5,15.5,1799.67,pathseer:6
beir500k-f32,neg40_cat14,neg40,212386,pathseer-seeded,512,2,6,1.0000,1.0000,0.00000,6.644,8.593,8.593,6.574,7877.8,10.0,17189.8,1938.7,16.0,125.0,992.0,167.2,9730.5,15.5,1799.67,pathseer:6
beir500k-f32,neg40_cat14,neg40,212386,pathseer-seeded,512,3,6,1.0000,1.0000,0.00000,6.478,8.659,8.659,6.526,7877.8,10.0,17189.8,1938.7,16.0,125.0,992.0,167.2,9730.5,15.5,1799.67,pathseer:6
beir500k-f32,neg40_cat15,neg40,220102,pathseer-seeded,64,1,84,0.9214,0.5952,0.00207,1.353,3.494,4.179,1.593,2109.6,10.0,4488.5,310.8,3.0,15.0,122.7,26.0,3030.3,1.9,101.40,pathseer:84
beir500k-f32,neg40_cat15,neg40,220102,pathseer-seeded,64,2,84,0.9214,0.5952,0.00207,1.302,3.339,3.858,1.575,2109.6,10.0,4488.5,310.8,3.0,15.0,122.7,26.0,3030.3,1.9,101.40,pathseer:84
beir500k-f32,neg40_cat15,neg40,220102,pathseer-seeded,64,3,84,0.9214,0.5952,0.00207,1.304,3.183,3.813,1.530,2109.6,10.0,4488.5,310.8,3.0,15.0,122.7,26.0,3030.3,1.9,101.40,pathseer:84
beir500k-f32,neg40_cat15,neg40,220102,pathseer-seeded,128,1,84,0.9500,0.7381,0.00142,2.620,6.030,6.211,2.854,3809.4,10.0,7636.8,587.7,4.0,35.0,224.8,47.2,4963.1,3.5,200.21,pathseer:84
beir500k-f32,neg40_cat15,neg40,220102,pathseer-seeded,128,2,84,0.9500,0.7381,0.00142,2.555,5.680,5.902,2.801,3809.4,10.0,7636.8,587.7,4.0,35.0,224.8,47.2,4963.1,3.5,200.21,pathseer:84
beir500k-f32,neg40_cat15,neg40,220102,pathseer-seeded,128,3,84,0.9500,0.7381,0.00142,2.546,5.632,6.217,2.797,3809.4,10.0,7636.8,587.7,4.0,35.0,224.8,47.2,4963.1,3.5,200.21,pathseer:84
beir500k-f32,neg40_cat15,neg40,220102,pathseer-seeded,256,1,84,0.9798,0.8333,0.00031,4.741,9.225,11.289,5.021,6750.0,10.0,12516.3,1064.6,7.0,77.0,439.6,92.4,7763.2,6.9,372.94,pathseer:84
beir500k-f32,neg40_cat15,neg40,220102,pathseer-seeded,256,2,84,0.9798,0.8333,0.00031,4.545,8.734,11.219,4.933,6750.0,10.0,12516.3,1064.6,7.0,77.0,439.6,92.4,7763.2,6.9,372.94,pathseer:84
beir500k-f32,neg40_cat15,neg40,220102,pathseer-seeded,256,3,84,0.9798,0.8333,0.00031,4.739,8.434,11.209,5.042,6750.0,10.0,12516.3,1064.6,7.0,77.0,439.6,92.4,7763.2,6.9,372.94,pathseer:84
beir500k-f32,neg40_cat15,neg40,220102,pathseer-seeded,512,1,84,0.9929,0.9405,0.00010,8.954,15.537,18.608,9.136,11870.2,10.0,20372.3,1937.1,16.0,137.0,996.6,182.5,11802.9,15.6,674.18,pathseer:84
beir500k-f32,neg40_cat15,neg40,220102,pathseer-seeded,512,2,84,0.9929,0.9405,0.00010,8.693,15.629,18.771,9.081,11870.2,10.0,20372.3,1937.1,16.0,137.0,996.6,182.5,11802.9,15.6,674.18,pathseer:84
beir500k-f32,neg40_cat15,neg40,220102,pathseer-seeded,512,3,84,0.9929,0.9405,0.00010,8.763,15.614,19.419,9.099,11870.2,10.0,20372.3,1937.1,16.0,137.0,996.6,182.5,11802.9,15.6,674.18,pathseer:84
beir500k-f32,neg40_cat16,neg40,209134,pathseer-seeded,64,1,42,0.9857,0.8571,0.00023,6.667,9.879,11.202,6.382,5021.2,10.0,23437.5,2996.7,3.0,359.0,155.4,5.8,16017.5,2.4,221.02,pathseer:42
beir500k-f32,neg40_cat16,neg40,209134,pathseer-seeded,64,2,42,0.9857,0.8571,0.00023,6.471,9.926,12.161,6.508,5021.2,10.0,23437.5,2996.7,3.0,359.0,155.4,5.8,16017.5,2.4,221.02,pathseer:42
beir500k-f32,neg40_cat16,neg40,209134,pathseer-seeded,64,3,42,0.9857,0.8571,0.00023,6.471,9.742,11.825,6.344,5021.2,10.0,23437.5,2996.7,3.0,359.0,155.4,5.8,16017.5,2.4,221.02,pathseer:42
beir500k-f32,neg40_cat16,neg40,209134,pathseer-seeded,128,1,42,0.9929,0.9286,0.00011,10.583,18.013,23.675,11.406,8912.9,10.0,34664.4,5337.3,6.0,688.0,323.0,10.6,21448.0,5.0,409.21,pathseer:42
beir500k-f32,neg40_cat16,neg40,209134,pathseer-seeded,128,2,42,0.9929,0.9286,0.00011,10.475,16.754,17.814,10.852,8912.9,10.0,34664.4,5337.3,6.0,688.0,323.0,10.6,21448.0,5.0,409.21,pathseer:42
beir500k-f32,neg40_cat16,neg40,209134,pathseer-seeded,128,3,42,0.9929,0.9286,0.00011,10.629,16.746,17.913,10.973,8912.9,10.0,34664.4,5337.3,6.0,688.0,323.0,10.6,21448.0,5.0,409.21,pathseer:42
beir500k-f32,neg40_cat16,neg40,209134,pathseer-seeded,256,1,42,0.9976,0.9762,0.00009,17.898,27.743,35.559,18.700,14660.3,10.0,48707.2,8737.0,13.0,1302.0,814.9,22.3,26893.2,12.7,744.55,pathseer:42
beir500k-f32,neg40_cat16,neg40,209134,pathseer-seeded,256,2,42,0.9976,0.9762,0.00009,17.552,25.791,28.071,17.603,14660.3,10.0,48707.2,8737.0,13.0,1302.0,814.9,22.3,26893.2,12.7,744.55,pathseer:42
beir500k-f32,neg40_cat16,neg40,209134,pathseer-seeded,256,3,42,0.9976,0.9762,0.00009,16.735,25.573,26.472,16.983,14660.3,10.0,48707.2,8737.0,13.0,1302.0,814.9,22.3,26893.2,12.7,744.55,pathseer:42
beir500k-f32,neg40_cat16,neg40,209134,pathseer-seeded,512,1,42,1.0000,1.0000,0.00000,28.375,37.356,39.658,27.523,23731.2,10.0,67461.3,13875.3,31.0,2463.0,1965.1,48.5,32465.1,30.7,1298.14,pathseer:42
beir500k-f32,neg40_cat16,neg40,209134,pathseer-seeded,512,2,42,1.0000,1.0000,0.00000,29.002,37.055,39.063,27.538,23731.2,10.0,67461.3,13875.3,31.0,2463.0,1965.1,48.5,32465.1,30.7,1298.14,pathseer:42
beir500k-f32,neg40_cat16,neg40,209134,pathseer-seeded,512,3,42,1.0000,1.0000,0.00000,28.815,37.337,38.412,27.227,23731.2,10.0,67461.3,13875.3,31.0,2463.0,1965.1,48.5,32465.1,30.7,1298.14,pathseer:42
beir500k-f32,neg40_cat17,neg40,224270,pathseer-seeded,64,1,45,0.9778,0.8000,0.00056,1.096,1.451,1.648,1.091,1862.7,10.0,2264.2,156.5,3.0,3.0,102.4,37.2,1242.8,1.6,145.60,pathseer:45
beir500k-f32,neg40_cat17,neg40,224270,pathseer-seeded,64,2,45,0.9778,0.8000,0.00056,1.090,1.426,1.653,1.094,1862.7,10.0,2264.2,156.5,3.0,3.0,102.4,37.2,1242.8,1.6,145.60,pathseer:45
beir500k-f32,neg40_cat17,neg40,224270,pathseer-seeded,64,3,45,0.9778,0.8000,0.00056,1.093,1.434,1.632,1.105,1862.7,10.0,2264.2,156.5,3.0,3.0,102.4,37.2,1242.8,1.6,145.60,pathseer:45
beir500k-f32,neg40_cat17,neg40,224270,pathseer-seeded,128,1,45,0.9911,0.9333,0.00010,2.016,2.521,3.232,1.985,3312.9,10.0,3917.7,317.2,3.0,9.0,166.4,61.8,2070.8,2.6,279.38,pathseer:45
beir500k-f32,neg40_cat17,neg40,224270,pathseer-seeded,128,2,45,0.9911,0.9333,0.00010,2.043,2.635,3.223,2.009,3312.9,10.0,3917.7,317.2,3.0,9.0,166.4,61.8,2070.8,2.6,279.38,pathseer:45
beir500k-f32,neg40_cat17,neg40,224270,pathseer-seeded,128,3,45,0.9911,0.9333,0.00010,2.067,2.576,3.331,2.047,3312.9,10.0,3917.7,317.2,3.0,9.0,166.4,61.8,2070.8,2.6,279.38,pathseer:45
beir500k-f32,neg40_cat17,neg40,224270,pathseer-seeded,256,1,45,0.9978,0.9778,0.00001,3.657,4.821,5.888,3.677,5806.7,10.0,6465.1,600.7,6.0,21.0,332.8,124.8,3202.3,5.2,479.38,pathseer:45
beir500k-f32,neg40_cat17,neg40,224270,pathseer-seeded,256,2,45,0.9978,0.9778,0.00001,3.728,4.874,5.833,3.709,5806.7,10.0,6465.1,600.7,6.0,21.0,332.8,124.8,3202.3,5.2,479.38,pathseer:45
beir500k-f32,neg40_cat17,neg40,224270,pathseer-seeded,256,3,45,0.9978,0.9778,0.00001,3.681,4.801,5.690,3.654,5806.7,10.0,6465.1,600.7,6.0,21.0,332.8,124.8,3202.3,5.2,479.38,pathseer:45
beir500k-f32,neg40_cat17,neg40,224270,pathseer-seeded,512,1,45,1.0000,1.0000,0.00000,6.379,9.188,9.353,6.430,10075.1,10.0,10829.8,1139.6,12.0,44.0,726.8,255.1,4979.8,11.4,815.71,pathseer:45
beir500k-f32,neg40_cat17,neg40,224270,pathseer-seeded,512,2,45,1.0000,1.0000,0.00000,6.468,8.332,9.962,6.476,10075.1,10.0,10829.8,1139.6,12.0,44.0,726.8,255.1,4979.8,11.4,815.71,pathseer:45
beir500k-f32,neg40_cat17,neg40,224270,pathseer-seeded,512,3,45,1.0000,1.0000,0.00000,6.369,9.079,9.360,6.377,10075.1,10.0,10829.8,1139.6,12.0,44.0,726.8,255.1,4979.8,11.4,815.71,pathseer:45
beir500k-f32,neg40_cat18,neg40,205532,pathseer-seeded,64,1,10,0.9900,0.9000,0.00019,4.819,5.306,5.306,3.914,3645.7,10.0,14643.8,1940.8,3.0,215.0,121.6,7.1,9599.8,1.9,287.60,pathseer:10
beir500k-f32,neg40_cat18,neg40,205532,pathseer-seeded,64,2,10,0.9900,0.9000,0.00019,4.677,5.310,5.310,3.818,3645.7,10.0,14643.8,1940.8,3.0,215.0,121.6,7.1,9599.8,1.9,287.60,pathseer:10
beir500k-f32,neg40_cat18,neg40,205532,pathseer-seeded,64,3,10,0.9900,0.9000,0.00019,4.619,5.223,5.223,3.742,3645.7,10.0,14643.8,1940.8,3.0,215.0,121.6,7.1,9599.8,1.9,287.60,pathseer:10
beir500k-f32,neg40_cat18,neg40,205532,pathseer-seeded,128,1,10,1.0000,1.0000,0.00000,7.611,9.480,9.480,6.542,6380.1,10.0,21456.1,3368.8,5.0,446.0,281.6,15.8,12700.0,4.4,481.10,pathseer:10
beir500k-f32,neg40_cat18,neg40,205532,pathseer-seeded,128,2,10,1.0000,1.0000,0.00000,8.249,9.697,9.697,6.830,6380.1,10.0,21456.1,3368.8,5.0,446.0,281.6,15.8,12700.0,4.4,481.10,pathseer:10
beir500k-f32,neg40_cat18,neg40,205532,pathseer-seeded,128,3,10,1.0000,1.0000,0.00000,7.563,9.781,9.781,6.765,6380.1,10.0,21456.1,3368.8,5.0,446.0,281.6,15.8,12700.0,4.4,481.10,pathseer:10
beir500k-f32,neg40_cat18,neg40,205532,pathseer-seeded,256,1,10,1.0000,1.0000,0.00000,12.357,15.792,15.792,11.422,10896.4,10.0,30145.8,5389.7,10.0,855.0,595.2,32.6,15984.4,9.3,724.30,pathseer:10
beir500k-f32,neg40_cat18,neg40,205532,pathseer-seeded,256,2,10,1.0000,1.0000,0.00000,12.505,15.711,15.711,11.390,10896.4,10.0,30145.8,5389.7,10.0,855.0,595.2,32.6,15984.4,9.3,724.30,pathseer:10
beir500k-f32,neg40_cat18,neg40,205532,pathseer-seeded,256,3,10,1.0000,1.0000,0.00000,12.349,15.130,15.130,11.016,10896.4,10.0,30145.8,5389.7,10.0,855.0,595.2,32.6,15984.4,9.3,724.30,pathseer:10
beir500k-f32,neg40_cat18,neg40,205532,pathseer-seeded,512,1,10,1.0000,1.0000,0.00000,20.090,25.637,25.637,18.333,18258.2,10.0,41895.9,8270.3,22.0,1772.0,1267.2,62.9,19595.0,19.8,1004.10,pathseer:10
beir500k-f32,neg40_cat18,neg40,205532,pathseer-seeded,512,2,10,1.0000,1.0000,0.00000,19.522,25.548,25.548,18.141,18258.2,10.0,41895.9,8270.3,22.0,1772.0,1267.2,62.9,19595.0,19.8,1004.10,pathseer:10
beir500k-f32,neg40_cat18,neg40,205532,pathseer-seeded,512,3,10,1.0000,1.0000,0.00000,19.505,27.354,27.354,18.627,18258.2,10.0,41895.9,8270.3,22.0,1772.0,1267.2,62.9,19595.0,19.8,1004.10,pathseer:10
beir500k-f32,neg40_cat19,neg40,204140,pathseer-seeded,64,1,60,0.9117,0.6500,0.00082,2.430,5.734,5.860,2.727,2955.7,10.0,9044.9,1221.3,3.0,101.0,152.5,14.3,5547.1,2.4,257.75,pathseer:60
beir500k-f32,neg40_cat19,neg40,204140,pathseer-seeded,64,2,60,0.9117,0.6500,0.00082,2.432,5.652,5.791,2.713,2955.7,10.0,9044.9,1221.3,3.0,101.0,152.5,14.3,5547.1,2.4,257.75,pathseer:60
beir500k-f32,neg40_cat19,neg40,204140,pathseer-seeded,64,3,60,0.9117,0.6500,0.00082,2.426,5.691,5.921,2.738,2955.7,10.0,9044.9,1221.3,3.0,101.0,152.5,14.3,5547.1,2.4,257.75,pathseer:60
beir500k-f32,neg40_cat19,neg40,204140,pathseer-seeded,128,1,60,0.9400,0.7833,0.00039,4.407,8.463,9.322,4.561,5015.9,10.0,13303.8,1983.0,5.0,176.0,301.9,29.2,7532.7,4.7,486.02,pathseer:60
beir500k-f32,neg40_cat19,neg40,204140,pathseer-seeded,128,2,60,0.9400,0.7833,0.00039,4.379,8.523,9.033,4.531,5015.9,10.0,13303.8,1983.0,5.0,176.0,301.9,29.2,7532.7,4.7,486.02,pathseer:60
beir500k-f32,neg40_cat19,neg40,204140,pathseer-seeded,128,3,60,0.9400,0.7833,0.00039,4.367,8.560,9.113,4.567,5015.9,10.0,13303.8,1983.0,5.0,176.0,301.9,29.2,7532.7,4.7,486.02,pathseer:60
beir500k-f32,neg40_cat19,neg40,204140,pathseer-seeded,256,1,60,0.9500,0.8000,0.00009,7.610,13.417,14.070,7.720,8508.2,10.0,19748.3,3194.3,11.0,428.0,686.9,58.0,10171.6,10.7,839.77,pathseer:60
beir500k-f32,neg40_cat19,neg40,204140,pathseer-seeded,256,2,60,0.9500,0.8000,0.00009,8.241,13.609,14.175,7.954,8508.2,10.0,19748.3,3194.3,11.0,428.0,686.9,58.0,10171.6,10.7,839.77,pathseer:60
beir500k-f32,neg40_cat19,neg40,204140,pathseer-seeded,256,3,60,0.9500,0.8000,0.00009,7.713,13.138,13.527,7.701,8508.2,10.0,19748.3,3194.3,11.0,428.0,686.9,58.0,10171.6,10.7,839.77,pathseer:60
beir500k-f32,neg40_cat19,neg40,204140,pathseer-seeded,512,1,60,0.9483,0.8333,0.00004,12.348,19.592,20.639,12.470,13821.9,10.0,28806.3,4920.3,22.0,811.0,1626.4,124.2,13489.8,25.4,1371.17,pathseer:60
beir500k-f32,neg40_cat19,neg40,204140,pathseer-seeded,512,2,60,0.9483,0.8333,0.00004,12.443,19.477,20.648,12.513,13821.9,10.0,28806.3,4920.3,22.0,811.0,1626.4,124.2,13489.8,25.4,1371.17,pathseer:60
beir500k-f32,neg40_cat19,neg40,204140,pathseer-seeded,512,3,60,0.9483,0.8333,0.00004,12.167,19.365,19.964,12.320,13821.9,10.0,28806.3,4920.3,22.0,811.0,1626.4,124.2,13489.8,25.4,1371.17,pathseer:60
beir500k-f32,neg40_cat20,neg40,212946,pathseer-seeded,64,1,67,0.9403,0.6567,0.00092,1.986,4.428,4.755,2.222,2573.4,10.0,8331.6,695.3,3.0,32.0,130.9,19.1,5908.7,2.0,147.13,pathseer:67
beir500k-f32,neg40_cat20,neg40,212946,pathseer-seeded,64,2,67,0.9403,0.6567,0.00092,1.970,4.403,4.851,2.217,2573.4,10.0,8331.6,695.3,3.0,32.0,130.9,19.1,5908.7,2.0,147.13,pathseer:67
beir500k-f32,neg40_cat20,neg40,212946,pathseer-seeded,64,3,67,0.9403,0.6567,0.00092,1.984,4.376,4.706,2.222,2573.4,10.0,8331.6,695.3,3.0,32.0,130.9,19.1,5908.7,2.0,147.13,pathseer:67
beir500k-f32,neg40_cat20,neg40,212946,pathseer-seeded,128,1,67,0.9672,0.7761,0.00053,3.766,7.855,7.990,4.066,4687.4,10.0,13755.7,1296.6,5.0,83.0,246.4,34.2,9286.9,3.9,282.99,pathseer:67
beir500k-f32,neg40_cat20,neg40,212946,pathseer-seeded,128,2,67,0.9672,0.7761,0.00053,3.833,7.825,7.907,4.043,4687.4,10.0,13755.7,1296.6,5.0,83.0,246.4,34.2,9286.9,3.9,282.99,pathseer:67
beir500k-f32,neg40_cat20,neg40,212946,pathseer-seeded,128,3,67,0.9672,0.7761,0.00053,3.728,7.844,8.408,4.090,4687.4,10.0,13755.7,1296.6,5.0,83.0,246.4,34.2,9286.9,3.9,282.99,pathseer:67
beir500k-f32,neg40_cat20,neg40,212946,pathseer-seeded,256,1,67,0.9851,0.8657,0.00031,6.725,12.967,13.430,7.100,8272.3,10.0,21917.7,2291.6,9.0,175.0,540.7,70.0,13973.4,8.4,532.64,pathseer:67
beir500k-f32,neg40_cat20,neg40,212946,pathseer-seeded,256,2,67,0.9851,0.8657,0.00031,6.852,12.883,13.350,7.081,8272.3,10.0,21917.7,2291.6,9.0,175.0,540.7,70.0,13973.4,8.4,532.64,pathseer:67
beir500k-f32,neg40_cat20,neg40,212946,pathseer-seeded,256,3,67,0.9851,0.8657,0.00031,6.782,12.947,13.118,7.234,8272.3,10.0,21917.7,2291.6,9.0,175.0,540.7,70.0,13973.4,8.4,532.64,pathseer:67
beir500k-f32,neg40_cat20,neg40,212946,pathseer-seeded,512,1,67,0.9910,0.9254,0.00015,12.007,21.257,21.778,12.339,14329.1,10.0,34214.4,3994.3,18.0,355.0,1272.7,149.2,20287.7,19.9,975.25,pathseer:67
beir500k-f32,neg40_cat20,neg40,212946,pathseer-seeded,512,2,67,0.9910,0.9254,0.00015,11.965,21.307,22.379,12.537,14329.1,10.0,34214.4,3994.3,18.0,355.0,1272.7,149.2,20287.7,19.9,975.25,pathseer:67
beir500k-f32,neg40_cat20,neg40,212946,pathseer-seeded,512,3,67,0.9910,0.9254,0.00015,12.185,21.983,22.315,12.560,14329.1,10.0,34214.4,3994.3,18.0,355.0,1272.7,149.2,20287.7,19.9,975.25,pathseer:67
beir500k-f32,neg40_cat21,neg40,200035,pathseer-seeded,64,1,61,0.9590,0.7541,0.00068,2.224,7.295,7.827,3.127,3305.7,10.0,10553.9,1105.5,3.0,38.0,134.3,17.6,7130.7,2.1,196.46,pathseer:61
beir500k-f32,neg40_cat21,neg40,200035,pathseer-seeded,64,2,61,0.9590,0.7541,0.00068,2.281,7.374,8.988,3.182,3305.7,10.0,10553.9,1105.5,3.0,38.0,134.3,17.6,7130.7,2.1,196.46,pathseer:61
beir500k-f32,neg40_cat21,neg40,200035,pathseer-seeded,64,3,61,0.9590,0.7541,0.00068,2.301,7.068,7.882,3.098,3305.7,10.0,10553.9,1105.5,3.0,38.0,134.3,17.6,7130.7,2.1,196.46,pathseer:61
beir500k-f32,neg40_cat21,neg40,200035,pathseer-seeded,128,1,61,0.9770,0.8525,0.00020,4.415,10.389,10.855,5.129,5819.3,10.0,16365.0,1861.9,5.0,110.0,272.8,32.6,10448.0,4.3,358.10,pathseer:61
beir500k-f32,neg40_cat21,neg40,200035,pathseer-seeded,128,2,61,0.9770,0.8525,0.00020,4.564,10.904,11.229,5.459,5819.3,10.0,16365.0,1861.9,5.0,110.0,272.8,32.6,10448.0,4.3,358.10,pathseer:61
beir500k-f32,neg40_cat21,neg40,200035,pathseer-seeded,128,3,61,0.9770,0.8525,0.00020,4.362,10.815,10.906,5.255,5819.3,10.0,16365.0,1861.9,5.0,110.0,272.8,32.6,10448.0,4.3,358.10,pathseer:61
beir500k-f32,neg40_cat21,neg40,200035,pathseer-seeded,256,1,61,0.9852,0.9016,0.00008,8.413,17.198,18.614,9.268,9864.5,10.0,24289.0,2953.6,10.0,215.0,577.0,65.8,14584.8,9.0,629.97,pathseer:61
beir500k-f32,neg40_cat21,neg40,200035,pathseer-seeded,256,2,61,0.9852,0.9016,0.00008,7.891,15.898,16.752,8.557,9864.5,10.0,24289.0,2953.6,10.0,215.0,577.0,65.8,14584.8,9.0,629.97,pathseer:61
beir500k-f32,neg40_cat21,neg40,200035,pathseer-seeded,256,3,61,0.9852,0.9016,0.00008,7.786,16.199,16.492,8.463,9864.5,10.0,24289.0,2953.6,10.0,215.0,577.0,65.8,14584.8,9.0,629.97,pathseer:61
beir500k-f32,neg40_cat21,neg40,200035,pathseer-seeded,512,1,61,0.9885,0.9344,0.00003,14.191,25.688,26.700,14.619,16435.2,10.0,35688.1,4658.3,19.0,447.0,1247.5,132.3,19911.0,19.5,1080.57,pathseer:61
beir500k-f32,neg40_cat21,neg40,200035,pathseer-seeded,512,2,61,0.9885,0.9344,0.00003,15.169,25.704,27.929,15.280,16435.2,10.0,35688.1,4658.3,19.0,447.0,1247.5,132.3,19911.0,19.5,1080.57,pathseer:61
beir500k-f32,neg40_cat21,neg40,200035,pathseer-seeded,512,3,61,0.9885,0.9344,0.00003,14.155,25.175,28.069,14.559,16435.2,10.0,35688.1,4658.3,19.0,447.0,1247.5,132.3,19911.0,19.5,1080.57,pathseer:61
