dataset,filter,family,size,strategy,ef,pass,queries,recall_at_10,perfect_frac,sim_regret,p50_ms,p95_ms,p99_ms,mean_ms,mean_dist_comps,mean_seed_dist_comps,mean_filter_checks,mean_nodes_popped,median_pop_idx_cand_full,median_pop_idx_results_full,mean_twohop_examined,mean_twohop_appended,mean_prefilter_skips,mean_secondorder_allocs,mean_reencountered_burned,strategy_used
beir500k-f32,pos10_cat00,pos10,69460,pathseer-reorder,64,1,12,1.0000,1.0000,0.00000,0.868,1.035,1.053,0.876,1599.3,0.0,1598.3,112.6,3.0,5.0,117.3,29.1,869.8,1.8,0.00,pathseer:12
beir500k-f32,pos10_cat00,pos10,69460,pathseer-reorder,64,2,12,1.0000,1.0000,0.00000,0.877,1.045,1.076,0.900,1599.3,0.0,1598.3,112.6,3.0,5.0,117.3,29.1,869.8,1.8,0.00,pathseer:12
beir500k-f32,pos10_cat00,pos10,69460,pathseer-reorder,64,3,12,1.0000,1.0000,0.00000,0.888,1.041,1.146,0.906,1599.3,0.0,1598.3,112.6,3.0,5.0,117.3,29.1,869.8,1.8,0.00,pathseer:12
beir500k-f32,pos10_cat00,pos10,69460,pathseer-reorder,128,1,12,1.0000,1.0000,0.00000,1.708,1.888,2.033,1.623,2883.8,0.0,3393.8,239.5,4.0,6.0,224.0,55.4,2031.8,3.5,0.00,pathseer:12
beir500k-f32,pos10_cat00,pos10,69460,pathseer-reorder,128,2,12,1.0000,1.0000,0.00000,1.712,1.906,2.069,1.637,2883.8,0.0,3393.8,239.5,4.0,6.0,224.0,55.4,2031.8,3.5,0.00,pathseer:12
beir500k-f32,pos10_cat00,pos10,69460,pathseer-reorder,128,3,12,1.0000,1.0000,0.00000,1.690,1.881,2.022,1.620,2883.8,0.0,3393.8,239.5,4.0,6.0,224.0,55.4,2031.8,3.5,0.00,pathseer:12
beir500k-f32,pos10_cat00,pos10,69460,pathseer-reorder,256,1,12,1.0000,1.0000,0.00000,3.152,3.422,3.954,2.993,5127.7,0.0,6987.8,500.4,7.0,17.0,384.0,119.2,4452.6,6.0,0.00,pathseer:12
beir500k-f32,pos10_cat00,pos10,69460,pathseer-reorder,256,2,12,1.0000,1.0000,0.00000,3.272,3.500,3.859,3.065,5127.7,0.0,6987.8,500.4,7.0,17.0,384.0,119.2,4452.6,6.0,0.00,pathseer:12
beir500k-f32,pos10_cat00,pos10,69460,pathseer-reorder,256,3,12,1.0000,1.0000,0.00000,3.441,3.981,4.009,3.219,5127.7,0.0,6987.8,500.4,7.0,17.0,384.0,119.2,4452.6,6.0,0.00,pathseer:12
beir500k-f32,pos10_cat00,pos10,69460,pathseer-reorder,512,1,12,1.0000,1.0000,0.00000,6.074,6.458,6.906,5.563,8994.1,0.0,14671.3,1063.2,13.0,30.0,746.7,252.8,9772.3,11.7,0.00,pathseer:12
beir500k-f32,pos10_cat00,pos10,69460,pathseer-reorder,512,2,12,1.0000,1.0000,0.00000,6.029,6.543,6.936,5.601,8994.1,0.0,14671.3,1063.2,13.0,30.0,746.7,252.8,9772.3,11.7,0.00,pathseer:12
beir500k-f32,pos10_cat00,pos10,69460,pathseer-reorder,512,3,12,1.0000,1.0000,0.00000,6.011,6.433,6.893,5.542,8994.1,0.0,14671.3,1063.2,13.0,30.0,746.7,252.8,9772.3,11.7,0.00,pathseer:12
beir500k-f32,pos10_cat01,pos10,50038,pathseer-reorder,64,1,22,1.0000,1.0000,0.00000,0.600,0.791,0.806,0.598,1286.4,0.0,455.6,69.4,2.0,2.0,78.5,50.3,66.8,1.2,0.00,pathseer:22
beir500k-f32,pos10_cat01,pos10,50038,pathseer-reorder,64,2,22,1.0000,1.0000,0.00000,0.599,0.798,0.801,0.597,1286.4,0.0,455.6,69.4,2.0,2.0,78.5,50.3,66.8,1.2,0.00,pathseer:22
beir500k-f32,pos10_cat01,pos10,50038,pathseer-reorder,64,3,22,1.0000,1.0000,0.00000,0.595,0.781,0.790,0.588,1286.4,0.0,455.6,69.4,2.0,2.0,78.5,50.3,66.8,1.2,0.00,pathseer:22
beir500k-f32,pos10_cat01,pos10,50038,pathseer-reorder,128,1,22,1.0000,1.0000,0.00000,1.068,1.428,1.525,1.050,2201.9,0.0,904.4,139.5,3.0,3.0,145.5,89.4,196.6,2.3,0.00,pathseer:22
beir500k-f32,pos10_cat01,pos10,50038,pathseer-reorder,128,2,22,1.0000,1.0000,0.00000,1.046,1.401,1.459,1.030,2201.9,0.0,904.4,139.5,3.0,3.0,145.5,89.4,196.6,2.3,0.00,pathseer:22
beir500k-f32,pos10_cat01,pos10,50038,pathseer-reorder,128,3,22,1.0000,1.0000,0.00000,1.038,1.397,1.451,1.032,2201.9,0.0,904.4,139.5,3.0,3.0,145.5,89.4,196.6,2.3,0.00,pathseer:22
beir500k-f32,pos10_cat01,pos10,50038,pathseer-reorder,256,1,22,1.0000,1.0000,0.00000,1.876,2.480,2.619,1.880,3787.0,0.0,1790.4,283.0,5.0,5.0,267.6,158.5,503.8,4.2,0.00,pathseer:22
beir500k-f32,pos10_cat01,pos10,50038,pathseer-reorder,256,2,22,1.0000,1.0000,0.00000,1.879,2.490,2.608,1.891,3787.0,0.0,1790.4,283.0,5.0,5.0,267.6,158.5,503.8,4.2,0.00,pathseer:22
beir500k-f32,pos10_cat01,pos10,50038,pathseer-reorder,256,3,22,1.0000,1.0000,0.00000,1.871,2.477,2.571,1.872,3787.0,0.0,1790.4,283.0,5.0,5.0,267.6,158.5,503.8,4.2,0.00,pathseer:22
beir500k-f32,pos10_cat01,pos10,50038,pathseer-reorder,512,1,22,1.0000,1.0000,0.00000,3.244,4.271,4.594,3.335,6393.0,0.0,3650.7,574.5,10.0,11.0,584.7,312.9,1188.1,9.1,0.00,pathseer:22
beir500k-f32,pos10_cat01,pos10,50038,pathseer-reorder,512,2,22,1.0000,1.0000,0.00000,3.173,4.351,4.660,3.307,6393.0,0.0,3650.7,574.5,10.0,11.0,584.7,312.9,1188.1,9.1,0.00,pathseer:22
beir500k-f32,pos10_cat01,pos10,50038,pathseer-reorder,512,3,22,1.0000,1.0000,0.00000,3.229,4.527,4.698,3.325,6393.0,0.0,3650.7,574.5,10.0,11.0,584.7,312.9,1188.1,9.1,0.00,pathseer:22
beir500k-f32,pos10_cat02,pos10,50303,pathseer-reorder,64,1,60,0.9583,0.7167,0.00142,0.885,1.067,1.133,0.879,1809.2,0.0,562.7,71.4,2.0,2.0,80.0,54.2,125.6,1.2,0.00,pathseer:60
beir500k-f32,pos10_cat02,pos10,50303,pathseer-reorder,64,2,60,0.9583,0.7167,0.00142,0.862,4.227,5.289,1.256,1809.2,0.0,562.7,71.4,2.0,2.0,80.0,54.2,125.6,1.2,0.00,pathseer:60
beir500k-f32,pos10_cat02,pos10,50303,pathseer-reorder,64,3,60,0.9583,0.7167,0.00142,0.854,1.123,1.312,0.863,1809.2,0.0,562.7,71.4,2.0,2.0,80.0,54.2,125.6,1.2,0.00,pathseer:60
beir500k-f32,pos10_cat02,pos10,50303,pathseer-reorder,128,1,60,0.9817,0.8833,0.00042,1.449,1.797,2.118,1.475,3188.6,0.0,1086.7,142.7,3.0,3.0,139.7,93.7,293.9,2.2,0.00,pathseer:60
beir500k-f32,pos10_cat02,pos10,50303,pathseer-reorder,128,2,60,0.9817,0.8833,0.00042,1.463,1.814,2.129,1.485,3188.6,0.0,1086.7,142.7,3.0,3.0,139.7,93.7,293.9,2.2,0.00,pathseer:60
beir500k-f32,pos10_cat02,pos10,50303,pathseer-reorder,128,3,60,0.9817,0.8833,0.00042,1.482,1.837,2.167,1.496,3188.6,0.0,1086.7,142.7,3.0,3.0,139.7,93.7,293.9,2.2,0.00,pathseer:60
beir500k-f32,pos10_cat02,pos10,50303,pathseer-reorder,256,1,60,0.9983,0.9833,0.00001,2.496,3.111,3.752,2.561,5416.5,0.0,2025.7,283.5,5.0,5.0,246.4,167.2,598.5,3.9,0.00,pathseer:60
beir500k-f32,pos10_cat02,pos10,50303,pathseer-reorder,256,2,60,0.9983,0.9833,0.00001,2.576,3.059,3.782,2.569,5416.5,0.0,2025.7,283.5,5.0,5.0,246.4,167.2,598.5,3.9,0.00,pathseer:60
beir500k-f32,pos10_cat02,pos10,50303,pathseer-reorder,256,3,60,0.9983,0.9833,0.00001,2.519,3.127,3.803,2.570,5416.5,0.0,2025.7,283.5,5.0,5.0,246.4,167.2,598.5,3.9,0.00,pathseer:60
beir500k-f32,pos10_cat02,pos10,50303,pathseer-reorder,512,1,60,1.0000,1.0000,0.00000,4.408,5.521,7.117,4.500,8899.0,0.0,3889.1,569.5,8.0,8.0,490.7,306.5,1240.8,7.7,0.00,pathseer:60
beir500k-f32,pos10_cat02,pos10,50303,pathseer-reorder,512,2,60,1.0000,1.0000,0.00000,4.438,5.453,6.908,4.476,8899.0,0.0,3889.1,569.5,8.0,8.0,490.7,306.5,1240.8,7.7,0.00,pathseer:60
beir500k-f32,pos10_cat02,pos10,50303,pathseer-reorder,512,3,60,1.0000,1.0000,0.00000,4.411,5.484,6.925,4.504,8899.0,0.0,3889.1,569.5,8.0,8.0,490.7,306.5,1240.8,7.7,0.00,pathseer:60
beir500k-f32,pos10_cat03,pos10,65848,pathseer-reorder,64,1,55,0.9855,0.8545,0.00041,0.824,0.986,1.018,0.825,1690.3,0.0,623.4,73.7,2.0,2.0,96.6,48.1,160.8,1.5,0.00,pathseer:55
beir500k-f32,pos10_cat03,pos10,65848,pathseer-reorder,64,2,55,0.9855,0.8545,0.00041,0.820,0.989,1.021,0.824,1690.3,0.0,623.4,73.7,2.0,2.0,96.6,48.1,160.8,1.5,0.00,pathseer:55
beir500k-f32,pos10_cat03,pos10,65848,pathseer-reorder,64,3,55,0.9855,0.8545,0.00041,0.837,0.987,1.015,0.826,1690.3,0.0,623.4,73.7,2.0,2.0,96.6,48.1,160.8,1.5,0.00,pathseer:55
beir500k-f32,pos10_cat03,pos10,65848,pathseer-reorder,128,1,55,0.9945,0.9455,0.00017,1.477,1.761,1.876,1.431,2952.6,0.0,1148.1,145.3,3.0,3.0,165.2,86.3,339.2,2.6,0.00,pathseer:55
beir500k-f32,pos10_cat03,pos10,65848,pathseer-reorder,128,2,55,0.9945,0.9455,0.00017,1.472,1.798,1.885,1.445,2952.6,0.0,1148.1,145.3,3.0,3.0,165.2,86.3,339.2,2.6,0.00,pathseer:55
beir500k-f32,pos10_cat03,pos10,65848,pathseer-reorder,128,3,55,0.9945,0.9455,0.00017,1.476,1.813,1.933,1.439,2952.6,0.0,1148.1,145.3,3.0,3.0,165.2,86.3,339.2,2.6,0.00,pathseer:55
beir500k-f32,pos10_cat03,pos10,65848,pathseer-reorder,256,1,55,0.9964,0.9636,0.00015,2.546,3.061,3.411,2.538,5103.8,0.0,2104.6,288.3,5.0,5.0,276.9,155.6,666.4,4.3,0.00,pathseer:55
beir500k-f32,pos10_cat03,pos10,65848,pathseer-reorder,256,2,55,0.9964,0.9636,0.00015,2.604,3.070,3.437,2.557,5103.8,0.0,2104.6,288.3,5.0,5.0,276.9,155.6,666.4,4.3,0.00,pathseer:55
beir500k-f32,pos10_cat03,pos10,65848,pathseer-reorder,256,3,55,0.9964,0.9636,0.00015,2.614,3.182,3.571,2.617,5103.8,0.0,2104.6,288.3,5.0,5.0,276.9,155.6,666.4,4.3,0.00,pathseer:55
beir500k-f32,pos10_cat03,pos10,65848,pathseer-reorder,512,1,55,0.9964,0.9636,0.00015,4.575,5.663,6.384,4.515,8581.9,0.0,4318.5,591.9,9.0,9.0,512.0,306.3,1624.4,8.0,0.00,pathseer:55
beir500k-f32,pos10_cat03,pos10,65848,pathseer-reorder,512,2,55,0.9964,0.9636,0.00015,4.549,5.693,6.364,4.494,8581.9,0.0,4318.5,591.9,9.0,9.0,512.0,306.3,1624.4,8.0,0.00,pathseer:55
beir500k-f32,pos10_cat03,pos10,65848,pathseer-reorder,512,3,55,0.9964,0.9636,0.00015,4.600,5.636,6.482,4.580,8581.9,0.0,4318.5,591.9,9.0,9.0,512.0,306.3,1624.4,8.0,0.00,pathseer:55
beir500k-f32,pos10_cat04,pos10,55993,pathseer-reorder,64,1,57,0.9947,0.9474,0.00005,0.656,0.871,0.963,0.671,1454.7,0.0,421.8,67.5,2.0,2.0,79.7,53.9,32.1,1.2,0.00,pathseer:57
beir500k-f32,pos10_cat04,pos10,55993,pathseer-reorder,64,2,57,0.9947,0.9474,0.00005,0.677,0.894,0.971,0.682,1454.7,0.0,421.8,67.5,2.0,2.0,79.7,53.9,32.1,1.2,0.00,pathseer:57
beir500k-f32,pos10_cat04,pos10,55993,pathseer-reorder,64,3,57,0.9947,0.9474,0.00005,0.667,0.885,0.960,0.678,1454.7,0.0,421.8,67.5,2.0,2.0,79.7,53.9,32.1,1.2,0.00,pathseer:57
beir500k-f32,pos10_cat04,pos10,55993,pathseer-reorder,128,1,57,0.9982,0.9825,0.00001,1.157,1.497,1.650,1.156,2475.9,0.0,762.8,132.9,3.0,3.0,144.8,99.0,70.2,2.3,0.00,pathseer:57
beir500k-f32,pos10_cat04,pos10,55993,pathseer-reorder,128,2,57,0.9982,0.9825,0.00001,1.181,1.489,1.743,1.180,2475.9,0.0,762.8,132.9,3.0,3.0,144.8,99.0,70.2,2.3,0.00,pathseer:57
beir500k-f32,pos10_cat04,pos10,55993,pathseer-reorder,128,3,57,0.9982,0.9825,0.00001,1.146,1.488,1.617,1.151,2475.9,0.0,762.8,132.9,3.0,3.0,144.8,99.0,70.2,2.3,0.00,pathseer:57
beir500k-f32,pos10_cat04,pos10,55993,pathseer-reorder,256,1,57,1.0000,1.0000,0.00000,1.966,2.528,2.789,1.969,4084.2,0.0,1392.6,264.0,5.0,5.0,261.6,178.9,144.6,4.1,0.00,pathseer:57
beir500k-f32,pos10_cat04,pos10,55993,pathseer-reorder,256,2,57,1.0000,1.0000,0.00000,1.972,2.521,2.696,1.980,4084.2,0.0,1392.6,264.0,5.0,5.0,261.6,178.9,144.6,4.1,0.00,pathseer:57
beir500k-f32,pos10_cat04,pos10,55993,pathseer-reorder,256,3,57,1.0000,1.0000,0.00000,1.994,2.521,2.660,1.975,4084.2,0.0,1392.6,264.0,5.0,5.0,261.6,178.9,144.6,4.1,0.00,pathseer:57
beir500k-f32,pos10_cat04,pos10,55993,pathseer-reorder,512,1,57,1.0000,1.0000,0.00000,3.419,4.336,4.671,3.380,6619.5,0.0,2631.7,528.6,8.0,8.0,500.8,341.7,332.9,7.8,0.00,pathseer:57
beir500k-f32,pos10_cat04,pos10,55993,pathseer-reorder,512,2,57,1.0000,1.0000,0.00000,3.418,4.399,4.699,3.388,6619.5,0.0,2631.7,528.6,8.0,8.0,500.8,341.7,332.9,7.8,0.00,pathseer:57
beir500k-f32,pos10_cat04,pos10,55993,pathseer-reorder,512,3,57,1.0000,1.0000,0.00000,3.427,4.344,4.767,3.385,6619.5,0.0,2631.7,528.6,8.0,8.0,500.8,341.7,332.9,7.8,0.00,pathseer:57
beir500k-f32,pos10_cat05,pos10,57358,pathseer-reorder,64,1,20,1.0000,1.0000,0.00000,0.634,1.128,1.746,0.708,1480.8,0.0,1225.2,96.3,3.0,3.0,99.2,43.5,690.8,1.6,0.00,pathseer:20
beir500k-f32,pos10_cat05,pos10,57358,pathseer-reorder,64,2,20,1.0000,1.0000,0.00000,0.603,1.141,1.732,0.700,1480.8,0.0,1225.2,96.3,3.0,3.0,99.2,43.5,690.8,1.6,0.00,pathseer:20
beir500k-f32,pos10_cat05,pos10,57358,pathseer-reorder,64,3,20,1.0000,1.0000,0.00000,0.638,1.256,1.737,0.712,1480.8,0.0,1225.2,96.3,3.0,3.0,99.2,43.5,690.8,1.6,0.00,pathseer:20
beir500k-f32,pos10_cat05,pos10,57358,pathseer-reorder,128,1,20,1.0000,1.0000,0.00000,1.164,2.065,2.935,1.265,2525.4,0.0,2487.5,197.6,4.0,4.0,166.4,73.2,1530.5,2.6,0.00,pathseer:20
beir500k-f32,pos10_cat05,pos10,57358,pathseer-reorder,128,2,20,1.0000,1.0000,0.00000,1.118,2.066,2.953,1.243,2525.4,0.0,2487.5,197.6,4.0,4.0,166.4,73.2,1530.5,2.6,0.00,pathseer:20
beir500k-f32,pos10_cat05,pos10,57358,pathseer-reorder,128,3,20,1.0000,1.0000,0.00000,1.126,2.069,2.956,1.254,2525.4,0.0,2487.5,197.6,4.0,4.0,166.4,73.2,1530.5,2.6,0.00,pathseer:20
beir500k-f32,pos10_cat05,pos10,57358,pathseer-reorder,256,1,20,1.0000,1.0000,0.00000,1.898,4.539,6.669,2.339,4320.9,0.0,6403.4,471.5,6.0,7.0,316.8,129.9,4488.4,5.0,0.00,pathseer:20
beir500k-f32,pos10_cat05,pos10,57358,pathseer-reorder,256,2,20,1.0000,1.0000,0.00000,1.964,4.566,6.989,2.390,4320.9,0.0,6403.4,471.5,6.0,7.0,316.8,129.9,4488.4,5.0,0.00,pathseer:20
beir500k-f32,pos10_cat05,pos10,57358,pathseer-reorder,256,3,20,1.0000,1.0000,0.00000,2.167,4.540,6.872,2.529,4320.9,0.0,6403.4,471.5,6.0,7.0,316.8,129.9,4488.4,5.0,0.00,pathseer:20
beir500k-f32,pos10_cat05,pos10,57358,pathseer-reorder,512,1,20,1.0000,1.0000,0.00000,3.522,8.613,16.518,4.533,7407.4,0.0,14572.5,1085.1,11.0,14.0,694.4,253.8,10553.6,10.8,0.00,pathseer:20
beir500k-f32,pos10_cat05,pos10,57358,pathseer-reorder,512,2,20,1.0000,1.0000,0.00000,3.454,8.549,16.673,4.521,7407.4,0.0,14572.5,1085.1,11.0,14.0,694.4,253.8,10553.6,10.8,0.00,pathseer:20
beir500k-f32,pos10_cat05,pos10,57358,pathseer-reorder,512,3,20,1.0000,1.0000,0.00000,3.805,8.564,17.112,4.663,7407.4,0.0,14572.5,1085.1,11.0,14.0,694.4,253.8,10553.6,10.8,0.00,pathseer:20
beir500k-f32,pos10_cat06,pos10,64313,pathseer-reorder,64,1,49,1.0000,1.0000,0.00000,0.680,0.831,0.965,0.686,1418.4,0.0,469.7,69.5,2.0,2.0,78.4,54.6,66.6,1.2,0.00,pathseer:49
beir500k-f32,pos10_cat06,pos10,64313,pathseer-reorder,64,2,49,1.0000,1.0000,0.00000,0.686,0.831,0.963,0.688,1418.4,0.0,469.7,69.5,2.0,2.0,78.4,54.6,66.6,1.2,0.00,pathseer:49
beir500k-f32,pos10_cat06,pos10,64313,pathseer-reorder,64,3,49,1.0000,1.0000,0.00000,0.687,0.873,0.993,0.694,1418.4,0.0,469.7,69.5,2.0,2.0,78.4,54.6,66.6,1.2,0.00,pathseer:49
beir500k-f32,pos10_cat06,pos10,64313,pathseer-reorder,128,1,49,1.0000,1.0000,0.00000,1.166,1.479,1.758,1.186,2405.4,0.0,866.8,137.7,3.0,3.0,139.8,97.9,153.9,2.2,0.00,pathseer:49
beir500k-f32,pos10_cat06,pos10,64313,pathseer-reorder,128,2,49,1.0000,1.0000,0.00000,1.161,1.472,1.803,1.180,2405.4,0.0,866.8,137.7,3.0,3.0,139.8,97.9,153.9,2.2,0.00,pathseer:49
beir500k-f32,pos10_cat06,pos10,64313,pathseer-reorder,128,3,49,1.0000,1.0000,0.00000,1.193,1.459,1.760,1.188,2405.4,0.0,866.8,137.7,3.0,3.0,139.8,97.9,153.9,2.2,0.00,pathseer:49
beir500k-f32,pos10_cat06,pos10,64313,pathseer-reorder,256,1,49,1.0000,1.0000,0.00000,2.014,2.831,2.983,2.038,4039.4,0.0,1599.6,273.6,5.0,5.0,257.3,178.4,308.7,4.0,0.00,pathseer:49
beir500k-f32,pos10_cat06,pos10,64313,pathseer-reorder,256,2,49,1.0000,1.0000,0.00000,2.026,2.687,3.000,2.050,4039.4,0.0,1599.6,273.6,5.0,5.0,257.3,178.4,308.7,4.0,0.00,pathseer:49
beir500k-f32,pos10_cat06,pos10,64313,pathseer-reorder,256,3,49,1.0000,1.0000,0.00000,2.011,2.706,3.056,2.035,4039.4,0.0,1599.6,273.6,5.0,5.0,257.3,178.4,308.7,4.0,0.00,pathseer:49
beir500k-f32,pos10_cat06,pos10,64313,pathseer-reorder,512,1,49,1.0000,1.0000,0.00000,3.408,5.133,5.436,3.512,6648.1,0.0,3096.5,549.8,9.0,9.0,510.7,339.3,683.1,8.0,0.00,pathseer:49
beir500k-f32,pos10_cat06,pos10,64313,pathseer-reorder,512,2,49,1.0000,1.0000,0.00000,3.404,5.158,5.397,3.516,6648.1,0.0,3096.5,549.8,9.0,9.0,510.7,339.3,683.1,8.0,0.00,pathseer:49
beir500k-f32,pos10_cat06,pos10,64313,pathseer-reorder,512,3,49,1.0000,1.0000,0.00000,3.483,5.239,5.491,3.578,6648.1,0.0,3096.5,549.8,9.0,9.0,510.7,339.3,683.1,8.0,0.00,pathseer:49
beir500k-f32,pos10_cat07,pos10,78303,pathseer-reorder,64,1,41,0.9902,0.9024,0.00014,0.785,1.205,1.360,0.850,1584.8,0.0,966.3,85.8,2.0,3.0,95.2,42.4,441.8,1.5,0.00,pathseer:41
beir500k-f32,pos10_cat07,pos10,78303,pathseer-reorder,64,2,41,0.9902,0.9024,0.00014,0.812,1.228,1.401,0.853,1584.8,0.0,966.3,85.8,2.0,3.0,95.2,42.4,441.8,1.5,0.00,pathseer:41
beir500k-f32,pos10_cat07,pos10,78303,pathseer-reorder,64,3,41,0.9902,0.9024,0.00014,0.785,1.197,1.330,0.834,1584.8,0.0,966.3,85.8,2.0,3.0,95.2,42.4,441.8,1.5,0.00,pathseer:41
beir500k-f32,pos10_cat07,pos10,78303,pathseer-reorder,128,1,41,0.9976,0.9756,0.00007,1.482,2.461,2.641,1.485,2792.2,0.0,2001.0,176.1,4.0,4.0,176.4,83.9,1032.3,2.8,0.00,pathseer:41
beir500k-f32,pos10_cat07,pos10,78303,pathseer-reorder,128,2,41,0.9976,0.9756,0.00007,1.399,2.471,2.687,1.464,2792.2,0.0,2001.0,176.1,4.0,4.0,176.4,83.9,1032.3,2.8,0.00,pathseer:41
beir500k-f32,pos10_cat07,pos10,78303,pathseer-reorder,128,3,41,0.9976,0.9756,0.00007,1.409,2.496,2.797,1.480,2792.2,0.0,2001.0,176.1,4.0,4.0,176.4,83.9,1032.3,2.8,0.00,pathseer:41
beir500k-f32,pos10_cat07,pos10,78303,pathseer-reorder,256,1,41,1.0000,1.0000,0.00000,2.597,4.422,5.126,2.630,4848.8,0.0,3917.2,357.9,5.0,6.0,296.6,149.5,2159.2,4.6,0.00,pathseer:41
beir500k-f32,pos10_cat07,pos10,78303,pathseer-reorder,256,2,41,1.0000,1.0000,0.00000,2.625,4.387,5.072,2.609,4848.8,0.0,3917.2,357.9,5.0,6.0,296.6,149.5,2159.2,4.6,0.00,pathseer:41
beir500k-f32,pos10_cat07,pos10,78303,pathseer-reorder,256,3,41,1.0000,1.0000,0.00000,2.574,4.415,5.022,2.605,4848.8,0.0,3917.2,357.9,5.0,6.0,296.6,149.5,2159.2,4.6,0.00,pathseer:41
beir500k-f32,pos10_cat07,pos10,78303,pathseer-reorder,512,1,41,1.0000,1.0000,0.00000,4.531,7.370,10.098,4.711,8323.4,0.0,7952.7,737.7,10.0,11.0,586.9,290.8,4612.1,9.2,0.00,pathseer:41
beir500k-f32,pos10_cat07,pos10,78303,pathseer-reorder,512,2,41,1.0000,1.0000,0.00000,4.578,7.470,9.889,4.673,8323.4,0.0,7952.7,737.7,10.0,11.0,586.9,290.8,4612.1,9.2,0.00,pathseer:41
beir500k-f32,pos10_cat07,pos10,78303,pathseer-reorder,512,3,41,1.0000,1.0000,0.00000,4.542,7.411,9.858,4.677,8323.4,0.0,7952.7,737.7,10.0,11.0,586.9,290.8,4612.1,9.2,0.00,pathseer:41
beir500k-f32,pos10_cat08,pos10,51067,pathseer-reorder,64,1,52,0.9923,0.9231,0.00022,0.745,0.876,1.047,0.753,1596.4,0.0,618.5,74.2,2.0,2.0,78.8,51.4,179.3,1.2,0.00,pathseer:52
beir500k-f32,pos10_cat08,pos10,51067,pathseer-reorder,64,2,52,0.9923,0.9231,0.00022,0.752,0.914,1.047,0.758,1596.4,0.0,618.5,74.2,2.0,2.0,78.8,51.4,179.3,1.2,0.00,pathseer:52
beir500k-f32,pos10_cat08,pos10,51067,pathseer-reorder,64,3,52,0.9923,0.9231,0.00022,0.740,0.892,1.051,0.756,1596.4,0.0,618.5,74.2,2.0,2.0,78.8,51.4,179.3,1.2,0.00,pathseer:52
beir500k-f32,pos10_cat08,pos10,51067,pathseer-reorder,128,1,52,0.9981,0.9808,0.00009,1.321,1.569,1.767,1.336,2789.7,0.0,1120.1,146.0,3.0,3.0,145.2,95.6,324.9,2.3,0.00,pathseer:52
beir500k-f32,pos10_cat08,pos10,51067,pathseer-reorder,128,2,52,0.9981,0.9808,0.00009,1.309,1.557,1.768,1.332,2789.7,0.0,1120.1,146.0,3.0,3.0,145.2,95.6,324.9,2.3,0.00,pathseer:52
beir500k-f32,pos10_cat08,pos10,51067,pathseer-reorder,128,3,52,0.9981,0.9808,0.00009,1.301,1.564,1.769,1.336,2789.7,0.0,1120.1,146.0,3.0,3.0,145.2,95.6,324.9,2.3,0.00,pathseer:52
beir500k-f32,pos10_cat08,pos10,51067,pathseer-reorder,256,1,52,1.0000,1.0000,0.00000,2.399,2.936,3.298,2.462,4717.1,0.0,1997.5,288.6,5.0,5.0,251.1,169.0,579.9,3.9,0.00,pathseer:52
beir500k-f32,pos10_cat08,pos10,51067,pathseer-reorder,256,2,52,1.0000,1.0000,0.00000,2.301,2.857,2.876,2.325,4717.1,0.0,1997.5,288.6,5.0,5.0,251.1,169.0,579.9,3.9,0.00,pathseer:52
beir500k-f32,pos10_cat08,pos10,51067,pathseer-reorder,256,3,52,1.0000,1.0000,0.00000,2.286,2.776,2.910,2.315,4717.1,0.0,1997.5,288.6,5.0,5.0,251.1,169.0,579.9,3.9,0.00,pathseer:52
beir500k-f32,pos10_cat08,pos10,51067,pathseer-reorder,512,1,52,1.0000,1.0000,0.00000,3.980,4.780,5.176,4.022,7767.3,0.0,3679.3,574.8,8.0,8.0,487.4,324.2,1092.9,7.6,0.00,pathseer:52
beir500k-f32,pos10_cat08,pos10,51067,pathseer-reorder,512,2,52,1.0000,1.0000,0.00000,4.010,4.769,5.126,4.014,7767.3,0.0,3679.3,574.8,8.0,8.0,487.4,324.2,1092.9,7.6,0.00,pathseer:52
beir500k-f32,pos10_cat08,pos10,51067,pathseer-reorder,512,3,52,1.0000,1.0000,0.00000,3.980,4.826,5.083,4.027,7767.3,0.0,3679.3,574.8,8.0,8.0,487.4,324.2,1092.9,7.6,0.00,pathseer:52
beir500k-f32,pos10_cat09,pos10,56475,pathseer-reorder,64,1,55,0.9927,0.9455,0.00013,0.657,0.868,0.894,0.671,1354.3,0.0,438.4,68.3,2.0,2.0,75.6,52.1,63.4,1.2,0.00,pathseer:55
beir500k-f32,pos10_cat09,pos10,56475,pathseer-reorder,64,2,55,0.9927,0.9455,0.00013,0.657,0.848,0.892,0.669,1354.3,0.0,438.4,68.3,2.0,2.0,75.6,52.1,63.4,1.2,0.00,pathseer:55
beir500k-f32,pos10_cat09,pos10,56475,pathseer-reorder,64,3,55,0.9927,0.9455,0.00013,0.660,0.861,0.940,0.673,1354.3,0.0,438.4,68.3,2.0,2.0,75.6,52.1,63.4,1.2,0.00,pathseer:55
beir500k-f32,pos10_cat09,pos10,56475,pathseer-reorder,128,1,55,0.9945,0.9636,0.00010,1.164,1.438,1.625,1.148,2287.5,0.0,823.4,135.6,3.0,3.0,139.6,99.3,147.2,2.2,0.00,pathseer:55
beir500k-f32,pos10_cat09,pos10,56475,pathseer-reorder,128,2,55,0.9945,0.9636,0.00010,1.169,1.431,1.615,1.141,2287.5,0.0,823.4,135.6,3.0,3.0,139.6,99.3,147.2,2.2,0.00,pathseer:55
beir500k-f32,pos10_cat09,pos10,56475,pathseer-reorder,128,3,55,0.9945,0.9636,0.00010,1.158,1.436,1.625,1.149,2287.5,0.0,823.4,135.6,3.0,3.0,139.6,99.3,147.2,2.2,0.00,pathseer:55
beir500k-f32,pos10_cat09,pos10,56475,pathseer-reorder,256,1,55,0.9964,0.9818,0.00010,2.017,2.526,2.586,1.983,3833.8,0.0,1629.3,273.6,5.0,5.0,243.2,175.5,390.1,3.8,0.00,pathseer:55
beir500k-f32,pos10_cat09,pos10,56475,pathseer-reorder,256,2,55,0.9964,0.9818,0.00010,2.034,2.524,2.577,1.993,3833.8,0.0,1629.3,273.6,5.0,5.0,243.2,175.5,390.1,3.8,0.00,pathseer:55
beir500k-f32,pos10_cat09,pos10,56475,pathseer-reorder,256,3,55,0.9964,0.9818,0.00010,2.039,2.522,2.580,1.984,3833.8,0.0,1629.3,273.6,5.0,5.0,243.2,175.5,390.1,3.8,0.00,pathseer:55
beir500k-f32,pos10_cat09,pos10,56475,pathseer-reorder,512,1,55,1.0000,1.0000,0.00000,3.416,4.263,4.723,3.446,6295.6,0.0,3142.8,549.7,8.0,8.0,475.9,339.5,839.3,7.4,0.00,pathseer:55
beir500k-f32,pos10_cat09,pos10,56475,pathseer-reorder,512,2,55,1.0000,1.0000,0.00000,3.429,4.206,4.539,3.410,6295.6,0.0,3142.8,549.7,8.0,8.0,475.9,339.5,839.3,7.4,0.00,pathseer:55
beir500k-f32,pos10_cat09,pos10,56475,pathseer-reorder,512,3,55,1.0000,1.0000,0.00000,3.424,4.359,4.600,3.411,6295.6,0.0,3142.8,549.7,8.0,8.0,475.9,339.5,839.3,7.4,0.00,pathseer:55
beir500k-f32,pos10_cat10,pos10,61591,pathseer-reorder,64,1,50,0.9980,0.9800,0.00000,0.726,0.866,1.044,0.725,1439.6,0.0,495.4,70.4,2.0,2.0,76.8,50.3,83.1,1.2,0.00,pathseer:50
beir500k-f32,pos10_cat10,pos10,61591,pathseer-reorder,64,2,50,0.9980,0.9800,0.00000,0.731,0.887,1.065,0.731,1439.6,0.0,495.4,70.4,2.0,2.0,76.8,50.3,83.1,1.2,0.00,pathseer:50
beir500k-f32,pos10_cat10,pos10,61591,pathseer-reorder,64,3,50,0.9980,0.9800,0.00000,0.728,0.908,1.060,0.731,1439.6,0.0,495.4,70.4,2.0,2.0,76.8,50.3,83.1,1.2,0.00,pathseer:50
beir500k-f32,pos10_cat10,pos10,61591,pathseer-reorder,128,1,50,1.0000,1.0000,0.00000,1.285,1.588,1.858,1.288,2506.8,0.0,928.0,140.3,3.0,3.0,135.7,90.4,187.3,2.1,0.00,pathseer:50
beir500k-f32,pos10_cat10,pos10,61591,pathseer-reorder,128,2,50,1.0000,1.0000,0.00000,1.258,1.585,1.805,1.279,2506.8,0.0,928.0,140.3,3.0,3.0,135.7,90.4,187.3,2.1,0.00,pathseer:50
beir500k-f32,pos10_cat10,pos10,61591,pathseer-reorder,128,3,50,1.0000,1.0000,0.00000,1.242,1.612,1.819,1.257,2506.8,0.0,928.0,140.3,3.0,3.0,135.7,90.4,187.3,2.1,0.00,pathseer:50
beir500k-f32,pos10_cat10,pos10,61591,pathseer-reorder,256,1,50,1.0000,1.0000,0.00000,2.188,2.736,3.231,2.215,4333.2,0.0,1796.3,281.7,5.0,5.0,265.0,172.9,413.0,4.1,0.00,pathseer:50
beir500k-f32,pos10_cat10,pos10,61591,pathseer-reorder,256,2,50,1.0000,1.0000,0.00000,2.184,2.783,3.155,2.222,4333.2,0.0,1796.3,281.7,5.0,5.0,265.0,172.9,413.0,4.1,0.00,pathseer:50
beir500k-f32,pos10_cat10,pos10,61591,pathseer-reorder,256,3,50,1.0000,1.0000,0.00000,2.216,2.745,3.245,2.213,4333.2,0.0,1796.3,281.7,5.0,5.0,265.0,172.9,413.0,4.1,0.00,pathseer:50
beir500k-f32,pos10_cat10,pos10,61591,pathseer-reorder,512,1,50,1.0000,1.0000,0.00000,3.893,5.173,5.644,3.883,7308.4,0.0,3575.1,571.3,9.0,9.0,515.8,325.5,969.8,8.1,0.00,pathseer:50
beir500k-f32,pos10_cat10,pos10,61591,pathseer-reorder,512,2,50,1.0000,1.0000,0.00000,4.007,5.122,6.287,3.993,7308.4,0.0,3575.1,571.3,9.0,9.0,515.8,325.5,969.8,8.1,0.00,pathseer:50
beir500k-f32,pos10_cat10,pos10,61591,pathseer-reorder,512,3,50,1.0000,1.0000,0.00000,3.856,5.063,5.649,3.888,7308.4,0.0,3575.1,571.3,9.0,9.0,515.8,325.5,969.8,8.1,0.00,pathseer:50
beir500k-f32,pos10_cat11,pos10,74790,pathseer-reorder,64,1,32,0.9938,0.9375,0.00011,0.749,1.092,1.197,0.756,1461.5,0.0,1544.2,111.4,3.0,3.0,102.0,33.4,904.2,1.6,0.00,pathseer:32
beir500k-f32,pos10_cat11,pos10,74790,pathseer-reorder,64,2,32,0.9938,0.9375,0.00011,0.748,1.048,1.206,0.755,1461.5,0.0,1544.2,111.4,3.0,3.0,102.0,33.4,904.2,1.6,0.00,pathseer:32
beir500k-f32,pos10_cat11,pos10,74790,pathseer-reorder,64,3,32,0.9938,0.9375,0.00011,0.719,1.017,1.226,0.757,1461.5,0.0,1544.2,111.4,3.0,3.0,102.0,33.4,904.2,1.6,0.00,pathseer:32
beir500k-f32,pos10_cat11,pos10,74790,pathseer-reorder,128,1,32,0.9938,0.9375,0.00011,1.362,1.785,2.591,1.360,2528.6,0.0,3173.7,235.5,4.0,5.0,188.0,61.7,1982.3,2.9,0.00,pathseer:32
beir500k-f32,pos10_cat11,pos10,74790,pathseer-reorder,128,2,32,0.9938,0.9375,0.00011,1.247,1.747,2.552,1.339,2528.6,0.0,3173.7,235.5,4.0,5.0,188.0,61.7,1982.3,2.9,0.00,pathseer:32
beir500k-f32,pos10_cat11,pos10,74790,pathseer-reorder,128,3,32,0.9938,0.9375,0.00011,1.291,1.754,2.545,1.362,2528.6,0.0,3173.7,235.5,4.0,5.0,188.0,61.7,1982.3,2.9,0.00,pathseer:32
beir500k-f32,pos10_cat11,pos10,74790,pathseer-reorder,256,1,32,0.9969,0.9688,0.00006,2.418,3.317,5.447,2.459,4345.1,0.0,6775.9,504.4,6.0,12.0,360.0,117.9,4500.5,5.6,0.00,pathseer:32
beir500k-f32,pos10_cat11,pos10,74790,pathseer-reorder,256,2,32,0.9969,0.9688,0.00006,2.363,3.373,5.447,2.467,4345.1,0.0,6775.9,504.4,6.0,12.0,360.0,117.9,4500.5,5.6,0.00,pathseer:32
beir500k-f32,pos10_cat11,pos10,74790,pathseer-reorder,256,3,32,0.9969,0.9688,0.00006,2.374,3.268,5.398,2.440,4345.1,0.0,6775.9,504.4,6.0,12.0,360.0,117.9,4500.5,5.6,0.00,pathseer:32
beir500k-f32,pos10_cat11,pos10,74790,pathseer-reorder,512,1,32,0.9969,0.9688,0.00006,4.451,6.458,11.296,4.503,7304.4,0.0,14136.7,1079.4,12.0,22.0,738.0,237.1,9729.4,11.5,0.00,pathseer:32
beir500k-f32,pos10_cat11,pos10,74790,pathseer-reorder,512,2,32,0.9969,0.9688,0.00006,4.378,6.428,11.523,4.508,7304.4,0.0,14136.7,1079.4,12.0,22.0,738.0,237.1,9729.4,11.5,0.00,pathseer:32
beir500k-f32,pos10_cat11,pos10,74790,pathseer-reorder,512,3,32,0.9969,0.9688,0.00006,4.434,6.390,11.541,4.507,7304.4,0.0,14136.7,1079.4,12.0,22.0,738.0,237.1,9729.4,11.5,0.00,pathseer:32
beir500k-f32,pos10_cat12,pos10,63118,pathseer-reorder,64,1,66,0.9909,0.9242,0.00004,0.662,0.802,0.831,0.650,1311.8,0.0,465.8,69.3,2.0,2.0,82.4,53.9,72.0,1.3,0.00,pathseer:66
beir500k-f32,pos10_cat12,pos10,63118,pathseer-reorder,64,2,66,0.9909,0.9242,0.00004,0.670,0.826,0.873,0.661,1311.8,0.0,465.8,69.3,2.0,2.0,82.4,53.9,72.0,1.3,0.00,pathseer:66
beir500k-f32,pos10_cat12,pos10,63118,pathseer-reorder,64,3,66,0.9909,0.9242,0.00004,0.656,0.821,0.828,0.653,1311.8,0.0,465.8,69.3,2.0,2.0,82.4,53.9,72.0,1.3,0.00,pathseer:66
beir500k-f32,pos10_cat12,pos10,63118,pathseer-reorder,128,1,66,0.9985,0.9848,0.00002,1.154,1.448,1.492,1.141,2267.6,0.0,848.1,137.1,3.0,3.0,146.4,98.3,144.9,2.3,0.00,pathseer:66
beir500k-f32,pos10_cat12,pos10,63118,pathseer-reorder,128,2,66,0.9985,0.9848,0.00002,1.132,1.449,1.470,1.134,2267.6,0.0,848.1,137.1,3.0,3.0,146.4,98.3,144.9,2.3,0.00,pathseer:66
beir500k-f32,pos10_cat12,pos10,63118,pathseer-reorder,128,3,66,0.9985,0.9848,0.00002,1.144,1.455,1.483,1.131,2267.6,0.0,848.1,137.1,3.0,3.0,146.4,98.3,144.9,2.3,0.00,pathseer:66
beir500k-f32,pos10_cat12,pos10,63118,pathseer-reorder,256,1,66,1.0000,1.0000,0.00000,1.977,2.580,2.844,1.988,3865.1,0.0,1596.4,274.9,5.0,5.0,251.2,172.8,317.2,3.9,0.00,pathseer:66
beir500k-f32,pos10_cat12,pos10,63118,pathseer-reorder,256,2,66,1.0000,1.0000,0.00000,1.959,2.555,2.734,1.975,3865.1,0.0,1596.4,274.9,5.0,5.0,251.2,172.8,317.2,3.9,0.00,pathseer:66
beir500k-f32,pos10_cat12,pos10,63118,pathseer-reorder,256,3,66,1.0000,1.0000,0.00000,1.970,2.610,2.780,1.989,3865.1,0.0,1596.4,274.9,5.0,5.0,251.2,172.8,317.2,3.9,0.00,pathseer:66
beir500k-f32,pos10_cat12,pos10,63118,pathseer-reorder,512,1,66,1.0000,1.0000,0.00000,3.548,4.583,4.818,3.512,6528.7,0.0,3136.5,552.6,9.0,9.0,514.9,343.4,716.0,8.0,0.00,pathseer:66
beir500k-f32,pos10_cat12,pos10,63118,pathseer-reorder,512,2,66,1.0000,1.0000,0.00000,3.540,4.593,4.805,3.504,6528.7,0.0,3136.5,552.6,9.0,9.0,514.9,343.4,716.0,8.0,0.00,pathseer:66
beir500k-f32,pos10_cat12,pos10,63118,pathseer-reorder,512,3,66,1.0000,1.0000,0.00000,3.570,4.560,4.931,3.534,6528.7,0.0,3136.5,552.6,9.0,9.0,514.9,343.4,716.0,8.0,0.00,pathseer:66
beir500k-f32,pos10_cat13,pos10,56401,pathseer-reorder,64,1,54,0.9944,0.9444,0.00009,0.734,1.248,2.050,0.839,1582.4,0.0,1393.5,107.9,2.0,2.0,90.1,50.9,803.4,1.4,0.00,pathseer:54
beir500k-f32,pos10_cat13,pos10,56401,pathseer-reorder,64,2,54,0.9944,0.9444,0.00009,0.722,1.248,2.060,0.837,1582.4,0.0,1393.5,107.9,2.0,2.0,90.1,50.9,803.4,1.4,0.00,pathseer:54
beir500k-f32,pos10_cat13,pos10,56401,pathseer-reorder,64,3,54,0.9944,0.9444,0.00009,0.740,1.255,2.065,0.842,1582.4,0.0,1393.5,107.9,2.0,2.0,90.1,50.9,803.4,1.4,0.00,pathseer:54
beir500k-f32,pos10_cat13,pos10,56401,pathseer-reorder,128,1,54,1.0000,1.0000,0.00000,1.302,2.299,3.172,1.472,2717.5,0.0,2462.2,204.9,3.0,3.0,160.0,89.4,1441.2,2.5,0.00,pathseer:54
beir500k-f32,pos10_cat13,pos10,56401,pathseer-reorder,128,2,54,1.0000,1.0000,0.00000,1.376,2.269,3.205,1.505,2717.5,0.0,2462.2,204.9,3.0,3.0,160.0,89.4,1441.2,2.5,0.00,pathseer:54
beir500k-f32,pos10_cat13,pos10,56401,pathseer-reorder,128,3,54,1.0000,1.0000,0.00000,1.333,2.359,3.227,1.483,2717.5,0.0,2462.2,204.9,3.0,3.0,160.0,89.4,1441.2,2.5,0.00,pathseer:54
beir500k-f32,pos10_cat13,pos10,56401,pathseer-reorder,256,1,54,1.0000,1.0000,0.00000,2.332,4.070,5.493,2.553,4594.6,0.0,4279.2,388.5,5.0,5.0,292.7,159.0,2485.0,4.6,0.00,pathseer:54
beir500k-f32,pos10_cat13,pos10,56401,pathseer-reorder,256,2,54,1.0000,1.0000,0.00000,2.201,4.064,5.407,2.498,4594.6,0.0,4279.2,388.5,5.0,5.0,292.7,159.0,2485.0,4.6,0.00,pathseer:54
beir500k-f32,pos10_cat13,pos10,56401,pathseer-reorder,256,3,54,1.0000,1.0000,0.00000,2.286,4.045,5.391,2.516,4594.6,0.0,4279.2,388.5,5.0,5.0,292.7,159.0,2485.0,4.6,0.00,pathseer:54
beir500k-f32,pos10_cat13,pos10,56401,pathseer-reorder,512,1,54,1.0000,1.0000,0.00000,4.091,7.176,10.231,4.425,7740.1,0.0,7954.9,774.4,9.0,10.0,600.9,302.4,4601.0,9.4,0.00,pathseer:54
beir500k-f32,pos10_cat13,pos10,56401,pathseer-reorder,512,2,54,1.0000,1.0000,0.00000,4.067,7.024,10.155,4.427,7740.1,0.0,7954.9,774.4,9.0,10.0,600.9,302.4,4601.0,9.4,0.00,pathseer:54
beir500k-f32,pos10_cat13,pos10,56401,pathseer-reorder,512,3,54,1.0000,1.0000,0.00000,4.182,7.052,10.210,4.429,7740.1,0.0,7954.9,774.4,9.0,10.0,600.9,302.4,4601.0,9.4,0.00,pathseer:54
beir500k-f32,pos10_cat14,pos10,63179,pathseer-reorder,64,1,6,1.0000,1.0000,0.00000,0.565,0.698,0.698,0.536,1342.7,0.0,1803.8,120.5,3.0,6.0,117.3,27.7,1079.7,1.8,0.00,pathseer:6
beir500k-f32,pos10_cat14,pos10,63179,pathseer-reorder,64,2,6,1.0000,1.0000,0.00000,0.574,0.660,0.660,0.533,1342.7,0.0,1803.8,120.5,3.0,6.0,117.3,27.7,1079.7,1.8,0.00,pathseer:6
beir500k-f32,pos10_cat14,pos10,63179,pathseer-reorder,64,3,6,1.0000,1.0000,0.00000,0.591,0.678,0.678,0.564,1342.7,0.0,1803.8,120.5,3.0,6.0,117.3,27.7,1079.7,1.8,0.00,pathseer:6
beir500k-f32,pos10_cat14,pos10,63179,pathseer-reorder,128,1,6,1.0000,1.0000,0.00000,1.120,1.310,1.310,0.981,2231.2,0.0,3617.3,256.0,4.0,10.0,213.3,56.8,2296.8,3.3,0.00,pathseer:6
beir500k-f32,pos10_cat14,pos10,63179,pathseer-reorder,128,2,6,1.0000,1.0000,0.00000,1.125,1.427,1.427,1.023,2231.2,0.0,3617.3,256.0,4.0,10.0,213.3,56.8,2296.8,3.3,0.00,pathseer:6
beir500k-f32,pos10_cat14,pos10,63179,pathseer-reorder,128,3,6,1.0000,1.0000,0.00000,1.173,1.331,1.331,1.016,2231.2,0.0,3617.3,256.0,4.0,10.0,213.3,56.8,2296.8,3.3,0.00,pathseer:6
beir500k-f32,pos10_cat14,pos10,63179,pathseer-reorder,256,1,6,1.0000,1.0000,0.00000,2.337,2.660,2.660,2.007,3654.5,0.0,6995.7,528.8,8.0,21.0,448.0,109.3,4537.8,7.0,0.00,pathseer:6
beir500k-f32,pos10_cat14,pos10,63179,pathseer-reorder,256,2,6,1.0000,1.0000,0.00000,2.318,2.669,2.669,1.969,3654.5,0.0,6995.7,528.8,8.0,21.0,448.0,109.3,4537.8,7.0,0.00,pathseer:6
beir500k-f32,pos10_cat14,pos10,63179,pathseer-reorder,256,3,6,1.0000,1.0000,0.00000,2.374,2.579,2.579,1.973,3654.5,0.0,6995.7,528.8,8.0,21.0,448.0,109.3,4537.8,7.0,0.00,pathseer:6
beir500k-f32,pos10_cat14,pos10,63179,pathseer-reorder,512,1,6,1.0000,1.0000,0.00000,4.573,4.914,4.914,3.684,5916.8,0.0,14498.2,1148.0,14.0,41.0,853.3,224.7,9851.0,13.3,0.00,pathseer:6
beir500k-f32,pos10_cat14,pos10,63179,pathseer-reorder,512,2,6,1.0000,1.0000,0.00000,4.600,4.854,4.854,3.671,5916.8,0.0,14498.2,1148.0,14.0,41.0,853.3,224.7,9851.0,13.3,0.00,pathseer:6
beir500k-f32,pos10_cat14,pos10,63179,pathseer-reorder,512,3,6,1.0000,1.0000,0.00000,4.621,4.987,4.987,3.716,5916.8,0.0,14498.2,1148.0,14.0,41.0,853.3,224.7,9851.0,13.3,0.00,pathseer:6
beir500k-f32,pos10_cat15,pos10,62186,pathseer-reorder,64,1,84,0.9845,0.9286,0.00053,0.757,1.220,1.362,0.808,1423.4,0.0,1636.0,112.4,3.0,4.0,132.6,35.9,995.7,2.1,0.00,pathseer:84
beir500k-f32,pos10_cat15,pos10,62186,pathseer-reorder,64,2,84,0.9845,0.9286,0.00053,0.754,1.226,1.371,0.802,1423.4,0.0,1636.0,112.4,3.0,4.0,132.6,35.9,995.7,2.1,0.00,pathseer:84
beir500k-f32,pos10_cat15,pos10,62186,pathseer-reorder,64,3,84,0.9845,0.9286,0.00053,0.755,1.243,1.411,0.806,1423.4,0.0,1636.0,112.4,3.0,4.0,132.6,35.9,995.7,2.1,0.00,pathseer:84
beir500k-f32,pos10_cat15,pos10,62186,pathseer-reorder,128,1,84,0.9964,0.9762,0.00012,1.412,2.519,2.765,1.522,2560.3,0.0,3288.6,233.4,4.0,6.0,213.3,58.9,2139.5,3.3,0.00,pathseer:84
beir500k-f32,pos10_cat15,pos10,62186,pathseer-reorder,128,2,84,0.9964,0.9762,0.00012,1.372,2.413,2.697,1.464,2560.3,0.0,3288.6,233.4,4.0,6.0,213.3,58.9,2139.5,3.3,0.00,pathseer:84
beir500k-f32,pos10_cat15,pos10,62186,pathseer-reorder,128,3,84,0.9964,0.9762,0.00012,1.364,2.448,2.674,1.470,2560.3,0.0,3288.6,233.4,4.0,6.0,213.3,58.9,2139.5,3.3,0.00,pathseer:84
beir500k-f32,pos10_cat15,pos10,62186,pathseer-reorder,256,1,84,0.9988,0.9881,0.00005,2.613,4.727,5.145,2.736,4643.5,0.0,6879.1,493.8,7.0,13.0,402.3,120.2,4667.2,6.3,0.00,pathseer:84
beir500k-f32,pos10_cat15,pos10,62186,pathseer-reorder,256,2,84,0.9988,0.9881,0.00005,2.634,4.707,5.307,2.748,4643.5,0.0,6879.1,493.8,7.0,13.0,402.3,120.2,4667.2,6.3,0.00,pathseer:84
beir500k-f32,pos10_cat15,pos10,62186,pathseer-reorder,256,3,84,0.9988,0.9881,0.00005,2.656,4.728,5.136,2.762,4643.5,0.0,6879.1,493.8,7.0,13.0,402.3,120.2,4667.2,6.3,0.00,pathseer:84
beir500k-f32,pos10_cat15,pos10,62186,pathseer-reorder,512,1,84,0.9988,0.9881,0.00005,5.030,8.781,9.772,5.300,8328.9,0.0,14504.8,1041.8,14.0,25.0,822.1,250.3,10165.2,12.8,0.00,pathseer:84
beir500k-f32,pos10_cat15,pos10,62186,pathseer-reorder,512,2,84,0.9988,0.9881,0.00005,4.860,8.805,9.693,5.179,8328.9,0.0,14504.8,1041.8,14.0,25.0,822.1,250.3,10165.2,12.8,0.00,pathseer:84
beir500k-f32,pos10_cat15,pos10,62186,pathseer-reorder,512,3,84,0.9988,0.9881,0.00005,4.825,8.957,9.761,5.205,8328.9,0.0,14504.8,1041.8,14.0,25.0,822.1,250.3,10165.2,12.8,0.00,pathseer:84
beir500k-f32,pos10_cat16,pos10,73905,pathseer-reorder,64,1,42,0.9976,0.9762,0.00000,0.541,0.632,0.682,0.514,986.1,0.0,390.0,67.3,2.0,2.0,79.2,58.7,28.6,1.2,0.00,pathseer:42
beir500k-f32,pos10_cat16,pos10,73905,pathseer-reorder,64,2,42,0.9976,0.9762,0.00000,0.525,0.654,0.674,0.517,986.1,0.0,390.0,67.3,2.0,2.0,79.2,58.7,28.6,1.2,0.00,pathseer:42
beir500k-f32,pos10_cat16,pos10,73905,pathseer-reorder,64,3,42,0.9976,0.9762,0.00000,0.531,0.643,0.670,0.508,986.1,0.0,390.0,67.3,2.0,2.0,79.2,58.7,28.6,1.2,0.00,pathseer:42
beir500k-f32,pos10_cat16,pos10,73905,pathseer-reorder,128,1,42,1.0000,1.0000,0.00000,0.918,1.051,1.115,0.864,1693.1,0.0,725.6,133.5,3.0,3.0,149.3,107.3,65.9,2.3,0.00,pathseer:42
beir500k-f32,pos10_cat16,pos10,73905,pathseer-reorder,128,2,42,1.0000,1.0000,0.00000,0.921,1.049,1.120,0.872,1693.1,0.0,725.6,133.5,3.0,3.0,149.3,107.3,65.9,2.3,0.00,pathseer:42
beir500k-f32,pos10_cat16,pos10,73905,pathseer-reorder,128,3,42,1.0000,1.0000,0.00000,0.922,1.063,1.121,0.872,1693.1,0.0,725.6,133.5,3.0,3.0,149.3,107.3,65.9,2.3,0.00,pathseer:42
beir500k-f32,pos10_cat16,pos10,73905,pathseer-reorder,256,1,42,1.0000,1.0000,0.00000,1.542,1.874,2.111,1.513,2880.6,0.0,1341.1,266.0,5.0,5.0,281.9,196.6,134.9,4.4,0.00,pathseer:42
beir500k-f32,pos10_cat16,pos10,73905,pathseer-reorder,256,2,42,1.0000,1.0000,0.00000,1.553,1.874,2.132,1.524,2880.6,0.0,1341.1,266.0,5.0,5.0,281.9,196.6,134.9,4.4,0.00,pathseer:42
beir500k-f32,pos10_cat16,pos10,73905,pathseer-reorder,256,3,42,1.0000,1.0000,0.00000,1.557,1.913,2.096,1.538,2880.6,0.0,1341.1,266.0,5.0,5.0,281.9,196.6,134.9,4.4,0.00,pathseer:42
beir500k-f32,pos10_cat16,pos10,73905,pathseer-reorder,512,1,42,0.9976,0.9762,0.00000,2.734,3.406,3.468,2.741,4927.4,0.0,2617.3,535.9,10.0,10.0,575.7,380.4,341.5,9.0,0.00,pathseer:42
beir500k-f32,pos10_cat16,pos10,73905,pathseer-reorder,512,2,42,0.9976,0.9762,0.00000,2.750,3.376,3.502,2.746,4927.4,0.0,2617.3,535.9,10.0,10.0,575.7,380.4,341.5,9.0,0.00,pathseer:42
beir500k-f32,pos10_cat16,pos10,73905,pathseer-reorder,512,3,42,0.9976,0.9762,0.00000,2.750,3.423,3.471,2.732,4927.4,0.0,2617.3,535.9,10.0,10.0,575.7,380.4,341.5,9.0,0.00,pathseer:42
beir500k-f32,pos10_cat17,pos10,58906,pathseer-reorder,64,1,45,0.9956,0.9556,0.00012,0.733,2.217,2.546,0.860,1537.7,0.0,2242.3,138.4,3.0,3.0,113.8,34.6,1479.2,1.8,0.00,pathseer:45
beir500k-f32,pos10_cat17,pos10,58906,pathseer-reorder,64,2,45,0.9956,0.9556,0.00012,0.749,2.381,2.580,0.870,1537.7,0.0,2242.3,138.4,3.0,3.0,113.8,34.6,1479.2,1.8,0.00,pathseer:45
beir500k-f32,pos10_cat17,pos10,58906,pathseer-reorder,64,3,45,0.9956,0.9556,0.00012,0.799,2.211,2.803,0.922,1537.7,0.0,2242.3,138.4,3.0,3.0,113.8,34.6,1479.2,1.8,0.00,pathseer:45
beir500k-f32,pos10_cat17,pos10,58906,pathseer-reorder,128,1,45,1.0000,1.0000,0.00000,1.282,4.029,4.441,1.531,2663.5,0.0,4305.5,279.6,4.0,5.0,193.4,62.3,2961.0,3.0,0.00,pathseer:45
beir500k-f32,pos10_cat17,pos10,58906,pathseer-reorder,128,2,45,1.0000,1.0000,0.00000,1.298,3.970,4.433,1.539,2663.5,0.0,4305.5,279.6,4.0,5.0,193.4,62.3,2961.0,3.0,0.00,pathseer:45
beir500k-f32,pos10_cat17,pos10,58906,pathseer-reorder,128,3,45,1.0000,1.0000,0.00000,1.278,4.017,4.415,1.526,2663.5,0.0,4305.5,279.6,4.0,5.0,193.4,62.3,2961.0,3.0,0.00,pathseer:45
beir500k-f32,pos10_cat17,pos10,58906,pathseer-reorder,256,1,45,1.0000,1.0000,0.00000,2.346,7.212,7.678,2.790,4648.4,0.0,8554.1,575.7,7.0,9.0,381.2,120.8,6043.0,6.0,0.00,pathseer:45
beir500k-f32,pos10_cat17,pos10,58906,pathseer-reorder,256,2,45,1.0000,1.0000,0.00000,2.358,7.319,7.722,2.813,4648.4,0.0,8554.1,575.7,7.0,9.0,381.2,120.8,6043.0,6.0,0.00,pathseer:45
beir500k-f32,pos10_cat17,pos10,58906,pathseer-reorder,256,3,45,1.0000,1.0000,0.00000,2.394,7.304,7.601,2.801,4648.4,0.0,8554.1,575.7,7.0,9.0,381.2,120.8,6043.0,6.0,0.00,pathseer:45
beir500k-f32,pos10_cat17,pos10,58906,pathseer-reorder,512,1,45,1.0000,1.0000,0.00000,4.491,14.009,15.236,5.408,8206.8,0.0,17846.0,1280.1,12.0,20.0,842.7,250.6,12755.0,13.2,0.00,pathseer:45
beir500k-f32,pos10_cat17,pos10,58906,pathseer-reorder,512,2,45,1.0000,1.0000,0.00000,4.455,14.130,15.215,5.359,8206.8,0.0,17846.0,1280.1,12.0,20.0,842.7,250.6,12755.0,13.2,0.00,pathseer:45
beir500k-f32,pos10_cat17,pos10,58906,pathseer-reorder,512,3,45,1.0000,1.0000,0.00000,4.468,13.995,15.813,5.412,8206.8,0.0,17846.0,1280.1,12.0,20.0,842.7,250.6,12755.0,13.2,0.00,pathseer:45
beir500k-f32,pos10_cat18,pos10,72773,pathseer-reorder,64,1,10,1.0000,1.0000,0.00000,0.754,1.406,1.406,0.814,1544.2,0.0,3560.3,208.6,3.0,5.0,121.6,24.3,2567.9,1.9,0.00,pathseer:10
beir500k-f32,pos10_cat18,pos10,72773,pathseer-reorder,64,2,10,1.0000,1.0000,0.00000,0.770,1.535,1.535,0.861,1544.2,0.0,3560.3,208.6,3.0,5.0,121.6,24.3,2567.9,1.9,0.00,pathseer:10
beir500k-f32,pos10_cat18,pos10,72773,pathseer-reorder,64,3,10,1.0000,1.0000,0.00000,0.812,1.475,1.475,0.847,1544.2,0.0,3560.3,208.6,3.0,5.0,121.6,24.3,2567.9,1.9,0.00,pathseer:10
beir500k-f32,pos10_cat18,pos10,72773,pathseer-reorder,128,1,10,1.0000,1.0000,0.00000,1.517,3.382,3.382,1.642,2667.4,0.0,7363.7,478.5,5.0,11.0,224.0,50.7,5386.6,3.5,0.00,pathseer:10
beir500k-f32,pos10_cat18,pos10,72773,pathseer-reorder,128,2,10,1.0000,1.0000,0.00000,1.517,3.421,3.421,1.644,2667.4,0.0,7363.7,478.5,5.0,11.0,224.0,50.7,5386.6,3.5,0.00,pathseer:10
beir500k-f32,pos10_cat18,pos10,72773,pathseer-reorder,128,3,10,1.0000,1.0000,0.00000,1.496,3.375,3.375,1.625,2667.4,0.0,7363.7,478.5,5.0,11.0,224.0,50.7,5386.6,3.5,0.00,pathseer:10
beir500k-f32,pos10_cat18,pos10,72773,pathseer-reorder,256,1,10,1.0000,1.0000,0.00000,2.786,6.706,6.706,3.105,4567.9,0.0,14333.6,1032.8,7.0,32.0,454.4,93.1,10499.5,7.1,0.00,pathseer:10
beir500k-f32,pos10_cat18,pos10,72773,pathseer-reorder,256,2,10,1.0000,1.0000,0.00000,2.716,6.720,6.720,3.086,4567.9,0.0,14333.6,1032.8,7.0,32.0,454.4,93.1,10499.5,7.1,0.00,pathseer:10
beir500k-f32,pos10_cat18,pos10,72773,pathseer-reorder,256,3,10,1.0000,1.0000,0.00000,2.765,6.988,6.988,3.136,4567.9,0.0,14333.6,1032.8,7.0,32.0,454.4,93.1,10499.5,7.1,0.00,pathseer:10
beir500k-f32,pos10_cat18,pos10,72773,pathseer-reorder,512,1,10,1.0000,1.0000,0.00000,5.600,13.231,13.231,6.184,7623.4,0.0,26158.3,2114.7,16.0,86.0,940.8,186.6,19006.8,14.7,0.00,pathseer:10
beir500k-f32,pos10_cat18,pos10,72773,pathseer-reorder,512,2,10,1.0000,1.0000,0.00000,4.992,12.542,12.542,5.726,7623.4,0.0,26158.3,2114.7,16.0,86.0,940.8,186.6,19006.8,14.7,0.00,pathseer:10
beir500k-f32,pos10_cat18,pos10,72773,pathseer-reorder,512,3,10,1.0000,1.0000,0.00000,5.156,12.644,12.644,5.818,7623.4,0.0,26158.3,2114.7,16.0,86.0,940.8,186.6,19006.8,14.7,0.00,pathseer:10
beir500k-f32,pos10_cat19,pos10,63769,pathseer-reorder,64,1,60,0.9983,0.9833,0.00002,0.540,1.153,1.807,0.682,1175.5,0.0,1402.5,112.8,2.0,2.0,94.9,48.4,812.4,1.5,0.00,pathseer:60
beir500k-f32,pos10_cat19,pos10,63769,pathseer-reorder,64,2,60,0.9983,0.9833,0.00002,0.536,1.167,1.807,0.678,1175.5,0.0,1402.5,112.8,2.0,2.0,94.9,48.4,812.4,1.5,0.00,pathseer:60
beir500k-f32,pos10_cat19,pos10,63769,pathseer-reorder,64,3,60,0.9983,0.9833,0.00002,0.536,1.175,1.819,0.689,1175.5,0.0,1402.5,112.8,2.0,2.0,94.9,48.4,812.4,1.5,0.00,pathseer:60
beir500k-f32,pos10_cat19,pos10,63769,pathseer-reorder,128,1,60,1.0000,1.0000,0.00000,0.911,2.069,3.396,1.154,1965.7,0.0,2427.0,214.1,3.0,3.0,167.5,91.1,1418.9,2.6,0.00,pathseer:60
beir500k-f32,pos10_cat19,pos10,63769,pathseer-reorder,128,2,60,1.0000,1.0000,0.00000,0.925,2.040,3.347,1.165,1965.7,0.0,2427.0,214.1,3.0,3.0,167.5,91.1,1418.9,2.6,0.00,pathseer:60
beir500k-f32,pos10_cat19,pos10,63769,pathseer-reorder,128,3,60,1.0000,1.0000,0.00000,0.925,2.045,3.394,1.160,1965.7,0.0,2427.0,214.1,3.0,3.0,167.5,91.1,1418.9,2.6,0.00,pathseer:60
beir500k-f32,pos10_cat19,pos10,63769,pathseer-reorder,256,1,60,1.0000,1.0000,0.00000,1.546,3.636,6.110,2.001,3311.9,0.0,4377.4,421.6,5.0,5.0,306.1,166.5,2572.2,4.8,0.00,pathseer:60
beir500k-f32,pos10_cat19,pos10,63769,pathseer-reorder,256,2,60,1.0000,1.0000,0.00000,1.650,3.816,6.076,2.026,3311.9,0.0,4377.4,421.6,5.0,5.0,306.1,166.5,2572.2,4.8,0.00,pathseer:60
beir500k-f32,pos10_cat19,pos10,63769,pathseer-reorder,256,3,60,1.0000,1.0000,0.00000,1.587,3.855,6.236,2.053,3311.9,0.0,4377.4,421.6,5.0,5.0,306.1,166.5,2572.2,4.8,0.00,pathseer:60
beir500k-f32,pos10_cat19,pos10,63769,pathseer-reorder,512,1,60,1.0000,1.0000,0.00000,2.808,6.796,11.175,3.683,5621.6,0.0,8848.1,893.0,10.0,10.0,636.8,347.7,5307.1,9.9,0.00,pathseer:60
beir500k-f32,pos10_cat19,pos10,63769,pathseer-reorder,512,2,60,1.0000,1.0000,0.00000,2.820,6.773,11.454,3.724,5621.6,0.0,8848.1,893.0,10.0,10.0,636.8,347.7,5307.1,9.9,0.00,pathseer:60
beir500k-f32,pos10_cat19,pos10,63769,pathseer-reorder,512,3,60,1.0000,1.0000,0.00000,2.695,6.709,11.125,3.675,5621.6,0.0,8848.1,893.0,10.0,10.0,636.8,347.7,5307.1,9.9,0.00,pathseer:60
beir500k-f32,pos10_cat20,pos10,50595,pathseer-reorder,64,1,67,0.9985,0.9851,0.00004,0.669,1.151,1.306,0.871,1358.3,0.0,2320.4,196.1,2.0,2.0,95.5,46.3,1601.2,1.5,0.00,pathseer:67
beir500k-f32,pos10_cat20,pos10,50595,pathseer-reorder,64,2,67,0.9985,0.9851,0.00004,0.671,1.222,1.305,0.873,1358.3,0.0,2320.4,196.1,2.0,2.0,95.5,46.3,1601.2,1.5,0.00,pathseer:67
beir500k-f32,pos10_cat20,pos10,50595,pathseer-reorder,64,3,67,0.9985,0.9851,0.00004,0.653,1.160,1.338,0.868,1358.3,0.0,2320.4,196.1,2.0,2.0,95.5,46.3,1601.2,1.5,0.00,pathseer:67
beir500k-f32,pos10_cat20,pos10,50595,pathseer-reorder,128,1,67,1.0000,1.0000,0.00000,1.136,2.034,3.080,1.522,2411.1,0.0,3268.8,360.3,3.0,3.0,165.3,82.1,1979.8,2.6,0.00,pathseer:67
beir500k-f32,pos10_cat20,pos10,50595,pathseer-reorder,128,2,67,1.0000,1.0000,0.00000,1.125,2.010,3.003,1.510,2411.1,0.0,3268.8,360.3,3.0,3.0,165.3,82.1,1979.8,2.6,0.00,pathseer:67
beir500k-f32,pos10_cat20,pos10,50595,pathseer-reorder,128,3,67,1.0000,1.0000,0.00000,1.170,2.008,2.999,1.509,2411.1,0.0,3268.8,360.3,3.0,3.0,165.3,82.1,1979.8,2.6,0.00,pathseer:67
beir500k-f32,pos10_cat20,pos10,50595,pathseer-reorder,256,1,67,1.0000,1.0000,0.00000,2.117,3.665,5.711,2.544,4140.7,0.0,4908.6,582.1,6.0,6.0,320.0,152.5,2762.7,5.0,0.00,pathseer:67
beir500k-f32,pos10_cat20,pos10,50595,pathseer-reorder,256,2,67,1.0000,1.0000,0.00000,2.158,3.775,5.716,2.537,4140.7,0.0,4908.6,582.1,6.0,6.0,320.0,152.5,2762.7,5.0,0.00,pathseer:67
beir500k-f32,pos10_cat20,pos10,50595,pathseer-reorder,256,3,67,1.0000,1.0000,0.00000,2.128,3.677,5.714,2.544,4140.7,0.0,4908.6,582.1,6.0,6.0,320.0,152.5,2762.7,5.0,0.00,pathseer:67
beir500k-f32,pos10_cat20,pos10,50595,pathseer-reorder,512,1,67,1.0000,1.0000,0.00000,3.843,7.095,11.615,4.395,7107.6,0.0,8239.9,1004.9,11.0,11.0,679.2,299.8,4444.2,10.6,0.00,pathseer:67
beir500k-f32,pos10_cat20,pos10,50595,pathseer-reorder,512,2,67,1.0000,1.0000,0.00000,3.905,6.853,11.571,4.487,7107.6,0.0,8239.9,1004.9,11.0,11.0,679.2,299.8,4444.2,10.6,0.00,pathseer:67
beir500k-f32,pos10_cat20,pos10,50595,pathseer-reorder,512,3,67,1.0000,1.0000,0.00000,3.847,6.957,11.643,4.426,7107.6,0.0,8239.9,1004.9,11.0,11.0,679.2,299.8,4444.2,10.6,0.00,pathseer:67
beir500k-f32,pos10_cat21,pos10,74269,pathseer-reorder,64,1,61,0.9934,0.9344,0.00036,0.621,0.934,1.017,0.652,1244.1,0.0,788.4,81.3,2.0,3.0,98.6,47.5,326.9,1.5,0.00,pathseer:61
beir500k-f32,pos10_cat21,pos10,74269,pathseer-reorder,64,2,61,0.9934,0.9344,0.00036,0.627,0.934,1.027,0.651,1244.1,0.0,788.4,81.3,2.0,3.0,98.6,47.5,326.9,1.5,0.00,pathseer:61
beir500k-f32,pos10_cat21,pos10,74269,pathseer-reorder,64,3,61,0.9934,0.9344,0.00036,0.641,0.973,1.009,0.657,1244.1,0.0,788.4,81.3,2.0,3.0,98.6,47.5,326.9,1.5,0.00,pathseer:61
beir500k-f32,pos10_cat21,pos10,74269,pathseer-reorder,128,1,61,0.9967,0.9672,0.00024,1.134,1.642,1.874,1.129,2151.7,0.0,1480.7,161.8,3.0,4.0,172.1,86.7,649.8,2.7,0.00,pathseer:61
beir500k-f32,pos10_cat21,pos10,74269,pathseer-reorder,128,2,61,0.9967,0.9672,0.00024,1.138,1.660,1.888,1.137,2151.7,0.0,1480.7,161.8,3.0,4.0,172.1,86.7,649.8,2.7,0.00,pathseer:61
beir500k-f32,pos10_cat21,pos10,74269,pathseer-reorder,128,3,61,0.9967,0.9672,0.00024,1.126,1.646,1.875,1.122,2151.7,0.0,1480.7,161.8,3.0,4.0,172.1,86.7,649.8,2.7,0.00,pathseer:61
beir500k-f32,pos10_cat21,pos10,74269,pathseer-reorder,256,1,61,0.9984,0.9836,0.00000,1.998,2.887,3.415,2.006,3718.9,0.0,2785.0,322.2,6.0,6.0,324.2,164.7,1262.1,5.1,0.00,pathseer:61
beir500k-f32,pos10_cat21,pos10,74269,pathseer-reorder,256,2,61,0.9984,0.9836,0.00000,2.006,2.862,3.438,2.017,3718.9,0.0,2785.0,322.2,6.0,6.0,324.2,164.7,1262.1,5.1,0.00,pathseer:61
beir500k-f32,pos10_cat21,pos10,74269,pathseer-reorder,256,3,61,0.9984,0.9836,0.00000,2.007,2.876,3.437,2.011,3718.9,0.0,2785.0,322.2,6.0,6.0,324.2,164.7,1262.1,5.1,0.00,pathseer:61
beir500k-f32,pos10_cat21,pos10,74269,pathseer-reorder,512,1,61,0.9984,0.9836,0.00000,3.515,5.116,6.119,3.572,6316.0,0.0,5440.2,650.2,11.0,13.0,667.3,320.5,2527.9,10.4,0.00,pathseer:61
beir500k-f32,pos10_cat21,pos10,74269,pathseer-reorder,512,2,61,0.9984,0.9836,0.00000,3.567,5.182,6.231,3.633,6316.0,0.0,5440.2,650.2,11.0,13.0,667.3,320.5,2527.9,10.4,0.00,pathseer:61
beir500k-f32,pos10_cat21,pos10,74269,pathseer-reorder,512,3,61,0.9984,0.9836,0.00000,3.573,5.234,6.111,3.640,6316.0,0.0,5440.2,650.2,11.0,13.0,667.3,320.5,2527.9,10.4,0.00,pathseer:61
beir500k-f32,pos40_cat00,pos40,202630,pathseer-reorder,64,1,12,1.0000,1.0000,0.00000,0.938,1.067,1.149,0.918,1611.2,0.0,2284.2,138.8,3.0,3.0,122.7,44.2,1487.4,1.9,0.00,pathseer:12
beir500k-f32,pos40_cat00,pos40,202630,pathseer-reorder,64,2,12,1.0000,1.0000,0.00000,0.928,1.044,1.063,0.888,1611.2,0.0,2284.2,138.8,3.0,3.0,122.7,44.2,1487.4,1.9,0.00,pathseer:12
beir500k-f32,pos40_cat00,pos40,202630,pathseer-reorder,64,3,12,1.0000,1.0000,0.00000,0.942,1.058,1.069,0.894,1611.2,0.0,2284.2,138.8,3.0,3.0,122.7,44.2,1487.4,1.9,0.00,pathseer:12
beir500k-f32,pos40_cat00,pos40,202630,pathseer-reorder,128,1,12,1.0000,1.0000,0.00000,1.744,1.931,2.389,1.685,2911.4,0.0,5047.7,304.9,4.0,6.0,197.3,63.1,3541.1,3.1,0.00,pathseer:12
beir500k-f32,pos40_cat00,pos40,202630,pathseer-reorder,128,2,12,1.0000,1.0000,0.00000,1.819,1.941,2.444,1.720,2911.4,0.0,5047.7,304.9,4.0,6.0,197.3,63.1,3541.1,3.1,0.00,pathseer:12
beir500k-f32,pos40_cat00,pos40,202630,pathseer-reorder,128,3,12,1.0000,1.0000,0.00000,1.783,2.065,2.386,1.714,2911.4,0.0,5047.7,304.9,4.0,6.0,197.3,63.1,3541.1,3.1,0.00,pathseer:12
beir500k-f32,pos40_cat00,pos40,202630,pathseer-reorder,256,1,12,1.0000,1.0000,0.00000,3.137,4.383,4.910,3.237,5318.3,0.0,10079.3,637.2,7.0,15.0,368.0,123.8,7156.8,5.8,0.00,pathseer:12
beir500k-f32,pos40_cat00,pos40,202630,pathseer-reorder,256,2,12,1.0000,1.0000,0.00000,3.158,4.397,4.866,3.207,5318.3,0.0,10079.3,637.2,7.0,15.0,368.0,123.8,7156.8,5.8,0.00,pathseer:12
beir500k-f32,pos40_cat00,pos40,202630,pathseer-reorder,256,3,12,1.0000,1.0000,0.00000,3.161,4.386,4.929,3.227,5318.3,0.0,10079.3,637.2,7.0,15.0,368.0,123.8,7156.8,5.8,0.00,pathseer:12
beir500k-f32,pos40_cat00,pos40,202630,pathseer-reorder,512,1,12,1.0000,1.0000,0.00000,6.040,9.338,10.014,6.213,9486.6,0.0,20451.8,1354.6,14.0,32.0,837.3,229.8,14576.9,13.1,0.00,pathseer:12
beir500k-f32,pos40_cat00,pos40,202630,pathseer-reorder,512,2,12,1.0000,1.0000,0.00000,5.927,9.390,10.188,6.218,9486.6,0.0,20451.8,1354.6,14.0,32.0,837.3,229.8,14576.9,13.1,0.00,pathseer:12
beir500k-f32,pos40_cat00,pos40,202630,pathseer-reorder,512,3,12,1.0000,1.0000,0.00000,5.876,9.188,10.054,6.130,9486.6,0.0,20451.8,1354.6,14.0,32.0,837.3,229.8,14576.9,13.1,0.00,pathseer:12
beir500k-f32,pos40_cat01,pos40,222136,pathseer-reorder,64,1,22,1.0000,1.0000,0.00000,0.591,0.794,0.810,0.587,1288.2,0.0,421.4,68.1,2.0,2.0,75.6,52.7,36.8,1.2,0.00,pathseer:22
beir500k-f32,pos40_cat01,pos40,222136,pathseer-reorder,64,2,22,1.0000,1.0000,0.00000,0.598,0.779,0.791,0.586,1288.2,0.0,421.4,68.1,2.0,2.0,75.6,52.7,36.8,1.2,0.00,pathseer:22
beir500k-f32,pos40_cat01,pos40,222136,pathseer-reorder,64,3,22,1.0000,1.0000,0.00000,0.584,0.767,0.806,0.587,1288.2,0.0,421.4,68.1,2.0,2.0,75.6,52.7,36.8,1.2,0.00,pathseer:22
beir500k-f32,pos40_cat01,pos40,222136,pathseer-reorder,128,1,22,1.0000,1.0000,0.00000,1.030,1.402,1.450,1.033,2216.9,0.0,820.3,136.1,3.0,3.0,139.6,98.2,117.6,2.2,0.00,pathseer:22
beir500k-f32,pos40_cat01,pos40,222136,pathseer-reorder,128,2,22,1.0000,1.0000,0.00000,1.024,1.414,1.439,1.024,2216.9,0.0,820.3,136.1,3.0,3.0,139.6,98.2,117.6,2.2,0.00,pathseer:22
beir500k-f32,pos40_cat01,pos40,222136,pathseer-reorder,128,3,22,1.0000,1.0000,0.00000,1.018,1.426,1.491,1.029,2216.9,0.0,820.3,136.1,3.0,3.0,139.6,98.2,117.6,2.2,0.00,pathseer:22
beir500k-f32,pos40_cat01,pos40,222136,pathseer-reorder,256,1,22,1.0000,1.0000,0.00000,1.794,2.550,2.593,1.855,3838.3,0.0,1572.7,274.3,5.0,5.0,238.5,170.2,305.1,3.7,0.00,pathseer:22
beir500k-f32,pos40_cat01,pos40,222136,pathseer-reorder,256,2,22,1.0000,1.0000,0.00000,1.820,2.612,2.617,1.867,3838.3,0.0,1572.7,274.3,5.0,5.0,238.5,170.2,305.1,3.7,0.00,pathseer:22
beir500k-f32,pos40_cat01,pos40,222136,pathseer-reorder,256,3,22,1.0000,1.0000,0.00000,1.821,2.594,2.724,1.863,3838.3,0.0,1572.7,274.3,5.0,5.0,238.5,170.2,305.1,3.7,0.00,pathseer:22
beir500k-f32,pos40_cat01,pos40,222136,pathseer-reorder,512,1,22,1.0000,1.0000,0.00000,3.257,4.619,4.680,3.386,6551.6,0.0,3182.7,556.0,9.0,9.0,509.1,339.1,751.6,8.0,0.00,pathseer:22
beir500k-f32,pos40_cat01,pos40,222136,pathseer-reorder,512,2,22,1.0000,1.0000,0.00000,3.201,4.624,4.729,3.388,6551.6,0.0,3182.7,556.0,9.0,9.0,509.1,339.1,751.6,8.0,0.00,pathseer:22
beir500k-f32,pos40_cat01,pos40,222136,pathseer-reorder,512,3,22,1.0000,1.0000,0.00000,3.280,4.744,4.753,3.407,6551.6,0.0,3182.7,556.0,9.0,9.0,509.1,339.1,751.6,8.0,0.00,pathseer:22
beir500k-f32,pos40_cat02,pos40,209153,pathseer-reorder,64,1,60,0.9433,0.7000,0.00250,0.824,0.973,0.994,0.813,1810.1,0.0,508.7,70.0,2.0,2.0,69.3,54.0,84.9,1.1,0.00,pathseer:60
beir500k-f32,pos40_cat02,pos40,209153,pathseer-reorder,64,2,60,0.9433,0.7000,0.00250,0.822,0.970,0.977,0.813,1810.1,0.0,508.7,70.0,2.0,2.0,69.3,54.0,84.9,1.1,0.00,pathseer:60
beir500k-f32,pos40_cat02,pos40,209153,pathseer-reorder,64,3,60,0.9433,0.7000,0.00250,0.826,0.988,1.069,0.823,1810.1,0.0,508.7,70.0,2.0,2.0,69.3,54.0,84.9,1.1,0.00,pathseer:60
beir500k-f32,pos40_cat02,pos40,209153,pathseer-reorder,128,1,60,0.9633,0.8333,0.00150,1.443,1.785,1.875,1.457,3195.0,0.0,960.4,138.0,3.0,3.0,134.4,104.3,182.8,2.1,0.00,pathseer:60
beir500k-f32,pos40_cat02,pos40,209153,pathseer-reorder,128,2,60,0.9633,0.8333,0.00150,1.477,1.820,1.890,1.474,3195.0,0.0,960.4,138.0,3.0,3.0,134.4,104.3,182.8,2.1,0.00,pathseer:60
beir500k-f32,pos40_cat02,pos40,209153,pathseer-reorder,128,3,60,0.9633,0.8333,0.00150,1.453,1.808,1.959,1.475,3195.0,0.0,960.4,138.0,3.0,3.0,134.4,104.3,182.8,2.1,0.00,pathseer:60
beir500k-f32,pos40_cat02,pos40,209153,pathseer-reorder,256,1,60,0.9900,0.9333,0.00028,2.622,3.125,3.447,2.603,5466.1,0.0,1794.1,275.0,4.0,5.0,229.3,176.7,384.2,3.6,0.00,pathseer:60
beir500k-f32,pos40_cat02,pos40,209153,pathseer-reorder,256,2,60,0.9900,0.9333,0.00028,2.590,3.280,3.479,2.610,5466.1,0.0,1794.1,275.0,4.0,5.0,229.3,176.7,384.2,3.6,0.00,pathseer:60
beir500k-f32,pos40_cat02,pos40,209153,pathseer-reorder,256,3,60,0.9900,0.9333,0.00028,2.556,3.159,3.475,2.598,5466.1,0.0,1794.1,275.0,4.0,5.0,229.3,176.7,384.2,3.6,0.00,pathseer:60
beir500k-f32,pos40_cat02,pos40,209153,pathseer-reorder,512,1,60,1.0000,1.0000,0.00000,4.529,5.813,6.271,4.561,9080.7,0.0,3416.9,551.2,8.0,8.0,437.3,328.2,795.2,6.8,0.00,pathseer:60
beir500k-f32,pos40_cat02,pos40,209153,pathseer-reorder,512,2,60,1.0000,1.0000,0.00000,4.506,5.715,6.358,4.591,9080.7,0.0,3416.9,551.2,8.0,8.0,437.3,328.2,795.2,6.8,0.00,pathseer:60
beir500k-f32,pos40_cat02,pos40,209153,pathseer-reorder,512,3,60,1.0000,1.0000,0.00000,4.501,5.667,6.221,4.545,9080.7,0.0,3416.9,551.2,8.0,8.0,437.3,328.2,795.2,6.8,0.00,pathseer:60
beir500k-f32,pos40_cat03,pos40,220547,pathseer-reorder,64,1,55,0.9855,0.8545,0.00033,0.840,0.997,1.005,0.823,1693.3,0.0,518.1,70.9,2.0,2.0,79.1,53.9,75.9,1.2,0.00,pathseer:55
beir500k-f32,pos40_cat03,pos40,220547,pathseer-reorder,64,2,55,0.9855,0.8545,0.00033,0.824,1.002,1.028,0.830,1693.3,0.0,518.1,70.9,2.0,2.0,79.1,53.9,75.9,1.2,0.00,pathseer:55
beir500k-f32,pos40_cat03,pos40,220547,pathseer-reorder,64,3,55,0.9855,0.8545,0.00033,0.832,0.992,0.994,0.824,1693.3,0.0,518.1,70.9,2.0,2.0,79.1,53.9,75.9,1.2,0.00,pathseer:55
beir500k-f32,pos40_cat03,pos40,220547,pathseer-reorder,128,1,55,0.9909,0.9091,0.00020,1.539,1.900,1.960,1.554,2957.2,0.0,964.5,139.6,3.0,3.0,148.9,101.2,175.4,2.3,0.00,pathseer:55
beir500k-f32,pos40_cat03,pos40,220547,pathseer-reorder,128,2,55,0.9909,0.9091,0.00020,1.462,1.798,1.879,1.440,2957.2,0.0,964.5,139.6,3.0,3.0,148.9,101.2,175.4,2.3,0.00,pathseer:55
beir500k-f32,pos40_cat03,pos40,220547,pathseer-reorder,128,3,55,0.9909,0.9091,0.00020,1.493,1.806,1.873,1.451,2957.2,0.0,964.5,139.6,3.0,3.0,148.9,101.2,175.4,2.3,0.00,pathseer:55
beir500k-f32,pos40_cat03,pos40,220547,pathseer-reorder,256,1,55,0.9964,0.9636,0.00015,2.572,3.123,3.382,2.557,5111.3,0.0,1756.2,277.1,5.0,5.0,244.4,172.2,363.7,3.8,0.00,pathseer:55
beir500k-f32,pos40_cat03,pos40,220547,pathseer-reorder,256,2,55,0.9964,0.9636,0.00015,2.533,3.075,3.290,2.543,5111.3,0.0,1756.2,277.1,5.0,5.0,244.4,172.2,363.7,3.8,0.00,pathseer:55
beir500k-f32,pos40_cat03,pos40,220547,pathseer-reorder,256,3,55,0.9964,0.9636,0.00015,2.569,3.114,3.300,2.546,5111.3,0.0,1756.2,277.1,5.0,5.0,244.4,172.2,363.7,3.8,0.00,pathseer:55
beir500k-f32,pos40_cat03,pos40,220547,pathseer-reorder,512,1,55,0.9964,0.9636,0.00015,4.629,5.743,5.917,4.566,8739.7,0.0,3435.0,558.8,8.0,8.0,463.1,336.4,825.9,7.2,0.00,pathseer:55
beir500k-f32,pos40_cat03,pos40,220547,pathseer-reorder,512,2,55,0.9964,0.9636,0.00015,4.720,5.867,6.110,4.633,8739.7,0.0,3435.0,558.8,8.0,8.0,463.1,336.4,825.9,7.2,0.00,pathseer:55
beir500k-f32,pos40_cat03,pos40,220547,pathseer-reorder,512,3,55,0.9964,0.9636,0.00015,4.654,5.842,5.995,4.587,8739.7,0.0,3435.0,558.8,8.0,8.0,463.1,336.4,825.9,7.2,0.00,pathseer:55
beir500k-f32,pos40_cat04,pos40,224049,pathseer-reorder,64,1,57,0.9930,0.9298,0.00014,0.664,0.879,0.910,0.678,1451.8,0.0,384.8,66.4,2.0,2.0,69.6,57.6,11.8,1.1,0.00,pathseer:57
beir500k-f32,pos40_cat04,pos40,224049,pathseer-reorder,64,2,57,0.9930,0.9298,0.00014,0.663,0.875,0.917,0.682,1451.8,0.0,384.8,66.4,2.0,2.0,69.6,57.6,11.8,1.1,0.00,pathseer:57
beir500k-f32,pos40_cat04,pos40,224049,pathseer-reorder,64,3,57,0.9930,0.9298,0.00014,0.660,0.878,0.900,0.671,1451.8,0.0,384.8,66.4,2.0,2.0,69.6,57.6,11.8,1.1,0.00,pathseer:57
beir500k-f32,pos40_cat04,pos40,224049,pathseer-reorder,128,1,57,0.9965,0.9649,0.00010,1.300,1.614,1.754,1.279,2494.3,0.0,711.3,131.1,3.0,3.0,135.9,114.0,30.7,2.1,0.00,pathseer:57
beir500k-f32,pos40_cat04,pos40,224049,pathseer-reorder,128,2,57,0.9965,0.9649,0.00010,1.159,1.545,1.626,1.171,2494.3,0.0,711.3,131.1,3.0,3.0,135.9,114.0,30.7,2.1,0.00,pathseer:57
beir500k-f32,pos40_cat04,pos40,224049,pathseer-reorder,128,3,57,0.9965,0.9649,0.00010,1.165,1.534,1.633,1.171,2494.3,0.0,711.3,131.1,3.0,3.0,135.9,114.0,30.7,2.1,0.00,pathseer:57
beir500k-f32,pos40_cat04,pos40,224049,pathseer-reorder,256,1,57,1.0000,1.0000,0.00000,2.037,2.635,2.754,2.003,4131.2,0.0,1294.4,261.1,5.0,4.0,229.1,189.9,73.3,3.6,0.00,pathseer:57
beir500k-f32,pos40_cat04,pos40,224049,pathseer-reorder,256,2,57,1.0000,1.0000,0.00000,2.012,2.637,2.750,2.005,4131.2,0.0,1294.4,261.1,5.0,4.0,229.1,189.9,73.3,3.6,0.00,pathseer:57
beir500k-f32,pos40_cat04,pos40,224049,pathseer-reorder,256,3,57,1.0000,1.0000,0.00000,2.025,2.572,2.787,2.005,4131.2,0.0,1294.4,261.1,5.0,4.0,229.1,189.9,73.3,3.6,0.00,pathseer:57
beir500k-f32,pos40_cat04,pos40,224049,pathseer-reorder,512,1,57,1.0000,1.0000,0.00000,3.475,4.392,4.878,3.454,6744.4,0.0,2438.4,522.4,8.0,8.0,445.8,360.5,169.1,7.0,0.00,pathseer:57
beir500k-f32,pos40_cat04,pos40,224049,pathseer-reorder,512,2,57,1.0000,1.0000,0.00000,3.503,4.441,4.952,3.483,6744.4,0.0,2438.4,522.4,8.0,8.0,445.8,360.5,169.1,7.0,0.00,pathseer:57
beir500k-f32,pos40_cat04,pos40,224049,pathseer-reorder,512,3,57,1.0000,1.0000,0.00000,3.432,4.369,4.917,3.451,6744.4,0.0,2438.4,522.4,8.0,8.0,445.8,360.5,169.1,7.0,0.00,pathseer:57
beir500k-f32,pos40_cat05,pos40,206003,pathseer-reorder,64,1,20,0.9850,0.9500,0.00035,0.644,0.904,1.082,0.672,1442.5,0.0,672.9,75.8,2.0,2.0,76.8,52.5,246.8,1.2,0.00,pathseer:20
beir500k-f32,pos40_cat05,pos40,206003,pathseer-reorder,64,2,20,0.9850,0.9500,0.00035,0.632,0.891,1.081,0.679,1442.5,0.0,672.9,75.8,2.0,2.0,76.8,52.5,246.8,1.2,0.00,pathseer:20
beir500k-f32,pos40_cat05,pos40,206003,pathseer-reorder,64,3,20,0.9850,0.9500,0.00035,0.645,0.890,1.084,0.661,1442.5,0.0,672.9,75.8,2.0,2.0,76.8,52.5,246.8,1.2,0.00,pathseer:20
beir500k-f32,pos40_cat05,pos40,206003,pathseer-reorder,128,1,20,0.9950,0.9500,0.00015,1.162,1.597,1.948,1.194,2518.8,0.0,1355.0,152.9,3.0,3.0,147.2,98.8,550.5,2.3,0.00,pathseer:20
beir500k-f32,pos40_cat05,pos40,206003,pathseer-reorder,128,2,20,0.9950,0.9500,0.00015,1.164,1.606,1.951,1.204,2518.8,0.0,1355.0,152.9,3.0,3.0,147.2,98.8,550.5,2.3,0.00,pathseer:20
beir500k-f32,pos40_cat05,pos40,206003,pathseer-reorder,128,3,20,0.9950,0.9500,0.00015,1.146,1.581,1.942,1.199,2518.8,0.0,1355.0,152.9,3.0,3.0,147.2,98.8,550.5,2.3,0.00,pathseer:20
beir500k-f32,pos40_cat05,pos40,206003,pathseer-reorder,256,1,20,1.0000,1.0000,0.00000,2.032,2.935,3.655,2.201,4318.6,0.0,2837.9,321.9,5.0,5.0,259.2,169.1,1331.8,4.0,0.00,pathseer:20
beir500k-f32,pos40_cat05,pos40,206003,pathseer-reorder,256,2,20,1.0000,1.0000,0.00000,2.000,2.931,3.427,2.166,4318.6,0.0,2837.9,321.9,5.0,5.0,259.2,169.1,1331.8,4.0,0.00,pathseer:20
beir500k-f32,pos40_cat05,pos40,206003,pathseer-reorder,256,3,20,1.0000,1.0000,0.00000,1.979,2.914,3.436,2.171,4318.6,0.0,2837.9,321.9,5.0,5.0,259.2,169.1,1331.8,4.0,0.00,pathseer:20
beir500k-f32,pos40_cat05,pos40,206003,pathseer-reorder,512,1,20,1.0000,1.0000,0.00000,3.770,5.504,6.197,3.966,7346.8,0.0,5753.6,657.9,9.0,10.0,550.4,325.1,2844.9,8.6,0.00,pathseer:20
beir500k-f32,pos40_cat05,pos40,206003,pathseer-reorder,512,2,20,1.0000,1.0000,0.00000,3.760,5.635,6.066,3.934,7346.8,0.0,5753.6,657.9,9.0,10.0,550.4,325.1,2844.9,8.6,0.00,pathseer:20
beir500k-f32,pos40_cat05,pos40,206003,pathseer-reorder,512,3,20,1.0000,1.0000,0.00000,4.148,5.705,6.603,4.264,7346.8,0.0,5753.6,657.9,9.0,10.0,550.4,325.1,2844.9,8.6,0.00,pathseer:20
beir500k-f32,pos40_cat06,pos40,210435,pathseer-reorder,64,1,49,1.0000,1.0000,0.00000,0.690,0.846,1.079,0.695,1419.5,0.0,476.7,70.1,2.0,2.0,67.9,54.6,83.8,1.1,0.00,pathseer:49
beir500k-f32,pos40_cat06,pos40,210435,pathseer-reorder,64,2,49,1.0000,1.0000,0.00000,0.682,0.840,1.049,0.687,1419.5,0.0,476.7,70.1,2.0,2.0,67.9,54.6,83.8,1.1,0.00,pathseer:49
beir500k-f32,pos40_cat06,pos40,210435,pathseer-reorder,64,3,49,1.0000,1.0000,0.00000,0.688,0.955,1.090,0.701,1419.5,0.0,476.7,70.1,2.0,2.0,67.9,54.6,83.8,1.1,0.00,pathseer:49
beir500k-f32,pos40_cat06,pos40,210435,pathseer-reorder,128,1,49,1.0000,1.0000,0.00000,1.163,1.608,1.961,1.187,2430.1,0.0,861.3,138.7,3.0,3.0,130.6,104.0,154.4,2.0,0.00,pathseer:49
beir500k-f32,pos40_cat06,pos40,210435,pathseer-reorder,128,2,49,1.0000,1.0000,0.00000,1.175,1.651,1.967,1.200,2430.1,0.0,861.3,138.7,3.0,3.0,130.6,104.0,154.4,2.0,0.00,pathseer:49
beir500k-f32,pos40_cat06,pos40,210435,pathseer-reorder,128,3,49,1.0000,1.0000,0.00000,1.189,1.587,2.020,1.209,2430.1,0.0,861.3,138.7,3.0,3.0,130.6,104.0,154.4,2.0,0.00,pathseer:49
beir500k-f32,pos40_cat06,pos40,210435,pathseer-reorder,256,1,49,1.0000,1.0000,0.00000,2.090,2.966,3.208,2.090,4111.2,0.0,1545.6,274.0,5.0,5.0,237.7,189.0,263.2,3.7,0.00,pathseer:49
beir500k-f32,pos40_cat06,pos40,210435,pathseer-reorder,256,2,49,1.0000,1.0000,0.00000,2.044,2.820,3.208,2.070,4111.2,0.0,1545.6,274.0,5.0,5.0,237.7,189.0,263.2,3.7,0.00,pathseer:49
beir500k-f32,pos40_cat06,pos40,210435,pathseer-reorder,256,3,49,1.0000,1.0000,0.00000,2.053,2.895,3.245,2.080,4111.2,0.0,1545.6,274.0,5.0,5.0,237.7,189.0,263.2,3.7,0.00,pathseer:49
beir500k-f32,pos40_cat06,pos40,210435,pathseer-reorder,512,1,49,1.0000,1.0000,0.00000,3.475,5.061,5.312,3.587,6786.9,0.0,2826.5,542.7,8.0,8.0,457.1,356.1,461.3,7.1,0.00,pathseer:49
beir500k-f32,pos40_cat06,pos40,210435,pathseer-reorder,512,2,49,1.0000,1.0000,0.00000,3.428,5.042,5.511,3.579,6786.9,0.0,2826.5,542.7,8.0,8.0,457.1,356.1,461.3,7.1,0.00,pathseer:49
beir500k-f32,pos40_cat06,pos40,210435,pathseer-reorder,512,3,49,1.0000,1.0000,0.00000,3.495,5.073,5.300,3.580,6786.9,0.0,2826.5,542.7,8.0,8.0,457.1,356.1,461.3,7.1,0.00,pathseer:49
beir500k-f32,pos40_cat07,pos40,209279,pathseer-reorder,64,1,41,0.9927,0.9268,0.00011,0.752,1.284,1.452,0.833,1608.7,0.0,981.7,86.7,2.0,2.0,84.3,47.8,458.7,1.3,0.00,pathseer:41
beir500k-f32,pos40_cat07,pos40,209279,pathseer-reorder,64,2,41,0.9927,0.9268,0.00011,0.772,1.286,1.445,0.831,1608.7,0.0,981.7,86.7,2.0,2.0,84.3,47.8,458.7,1.3,0.00,pathseer:41
beir500k-f32,pos40_cat07,pos40,209279,pathseer-reorder,64,3,41,0.9927,0.9268,0.00011,0.793,1.288,1.455,0.838,1608.7,0.0,981.7,86.7,2.0,2.0,84.3,47.8,458.7,1.3,0.00,pathseer:41
beir500k-f32,pos40_cat07,pos40,209279,pathseer-reorder,128,1,41,0.9976,0.9756,0.00007,1.379,2.171,2.700,1.448,2782.3,0.0,1843.7,171.5,3.0,3.0,162.3,87.6,893.2,2.5,0.00,pathseer:41
beir500k-f32,pos40_cat07,pos40,209279,pathseer-reorder,128,2,41,0.9976,0.9756,0.00007,1.384,2.142,2.690,1.456,2782.3,0.0,1843.7,171.5,3.0,3.0,162.3,87.6,893.2,2.5,0.00,pathseer:41
beir500k-f32,pos40_cat07,pos40,209279,pathseer-reorder,128,3,41,0.9976,0.9756,0.00007,1.394,2.199,2.692,1.450,2782.3,0.0,1843.7,171.5,3.0,3.0,162.3,87.6,893.2,2.5,0.00,pathseer:41
beir500k-f32,pos40_cat07,pos40,209279,pathseer-reorder,256,1,41,1.0000,1.0000,0.00000,2.620,4.272,5.253,2.657,4811.6,0.0,3472.0,341.2,5.0,6.0,282.5,162.0,1762.0,4.4,0.00,pathseer:41
beir500k-f32,pos40_cat07,pos40,209279,pathseer-reorder,256,2,41,1.0000,1.0000,0.00000,2.551,3.900,4.521,2.558,4811.6,0.0,3472.0,341.2,5.0,6.0,282.5,162.0,1762.0,4.4,0.00,pathseer:41
beir500k-f32,pos40_cat07,pos40,209279,pathseer-reorder,256,3,41,1.0000,1.0000,0.00000,2.527,3.871,4.668,2.560,4811.6,0.0,3472.0,341.2,5.0,6.0,282.5,162.0,1762.0,4.4,0.00,pathseer:41
beir500k-f32,pos40_cat07,pos40,209279,pathseer-reorder,512,1,41,1.0000,1.0000,0.00000,4.585,7.445,8.527,4.678,8303.5,0.0,7037.5,702.6,9.0,10.0,544.8,303.6,3787.1,8.5,0.00,pathseer:41
beir500k-f32,pos40_cat07,pos40,209279,pathseer-reorder,512,2,41,1.0000,1.0000,0.00000,4.580,7.488,8.458,4.660,8303.5,0.0,7037.5,702.6,9.0,10.0,544.8,303.6,3787.1,8.5,0.00,pathseer:41
beir500k-f32,pos40_cat07,pos40,209279,pathseer-reorder,512,3,41,1.0000,1.0000,0.00000,4.577,7.614,8.356,4.637,8303.5,0.0,7037.5,702.6,9.0,10.0,544.8,303.6,3787.1,8.5,0.00,pathseer:41
beir500k-f32,pos40_cat08,pos40,218758,pathseer-reorder,64,1,52,0.9904,0.9038,0.00026,0.742,0.869,0.878,0.736,1573.0,0.0,419.3,67.2,2.0,2.0,72.6,58.9,23.1,1.1,0.00,pathseer:52
beir500k-f32,pos40_cat08,pos40,218758,pathseer-reorder,64,2,52,0.9904,0.9038,0.00026,0.754,0.857,0.891,0.741,1573.0,0.0,419.3,67.2,2.0,2.0,72.6,58.9,23.1,1.1,0.00,pathseer:52
beir500k-f32,pos40_cat08,pos40,218758,pathseer-reorder,64,3,52,0.9904,0.9038,0.00026,0.758,0.874,0.909,0.745,1573.0,0.0,419.3,67.2,2.0,2.0,72.6,58.9,23.1,1.1,0.00,pathseer:52
beir500k-f32,pos40_cat08,pos40,218758,pathseer-reorder,128,1,52,0.9942,0.9423,0.00016,1.349,1.542,1.592,1.319,2769.4,0.0,765.1,132.8,3.0,3.0,130.5,108.4,49.0,2.0,0.00,pathseer:52
beir500k-f32,pos40_cat08,pos40,218758,pathseer-reorder,128,2,52,0.9942,0.9423,0.00016,1.319,1.558,1.585,1.318,2769.4,0.0,765.1,132.8,3.0,3.0,130.5,108.4,49.0,2.0,0.00,pathseer:52
beir500k-f32,pos40_cat08,pos40,218758,pathseer-reorder,128,3,52,0.9942,0.9423,0.00016,1.372,1.653,1.852,1.371,2769.4,0.0,765.1,132.8,3.0,3.0,130.5,108.4,49.0,2.0,0.00,pathseer:52
beir500k-f32,pos40_cat08,pos40,218758,pathseer-reorder,256,1,52,0.9981,0.9808,0.00009,2.333,2.676,2.745,2.306,4705.7,0.0,1381.8,263.6,4.0,4.0,222.8,184.8,96.2,3.5,0.00,pathseer:52
beir500k-f32,pos40_cat08,pos40,218758,pathseer-reorder,256,2,52,0.9981,0.9808,0.00009,2.324,2.640,2.832,2.311,4705.7,0.0,1381.8,263.6,4.0,4.0,222.8,184.8,96.2,3.5,0.00,pathseer:52
beir500k-f32,pos40_cat08,pos40,218758,pathseer-reorder,256,3,52,0.9981,0.9808,0.00009,2.306,2.681,2.784,2.300,4705.7,0.0,1381.8,263.6,4.0,4.0,222.8,184.8,96.2,3.5,0.00,pathseer:52
beir500k-f32,pos40_cat08,pos40,218758,pathseer-reorder,512,1,52,1.0000,1.0000,0.00000,4.014,4.742,5.075,4.021,7799.6,0.0,2596.2,527.4,8.0,8.0,427.1,348.3,211.0,6.7,0.00,pathseer:52
beir500k-f32,pos40_cat08,pos40,218758,pathseer-reorder,512,2,52,1.0000,1.0000,0.00000,4.003,4.687,4.906,4.008,7799.6,0.0,2596.2,527.4,8.0,8.0,427.1,348.3,211.0,6.7,0.00,pathseer:52
beir500k-f32,pos40_cat08,pos40,218758,pathseer-reorder,512,3,52,1.0000,1.0000,0.00000,4.005,4.666,4.876,3.985,7799.6,0.0,2596.2,527.4,8.0,8.0,427.1,348.3,211.0,6.7,0.00,pathseer:52
beir500k-f32,pos40_cat09,pos40,222267,pathseer-reorder,64,1,55,0.9927,0.9455,0.00013,0.679,0.808,0.915,0.684,1371.4,0.0,383.8,66.4,2.0,2.0,67.5,59.0,17.0,1.1,0.00,pathseer:55
beir500k-f32,pos40_cat09,pos40,222267,pathseer-reorder,64,2,55,0.9927,0.9455,0.00013,0.660,0.811,0.892,0.680,1371.4,0.0,383.8,66.4,2.0,2.0,67.5,59.0,17.0,1.1,0.00,pathseer:55
beir500k-f32,pos40_cat09,pos40,222267,pathseer-reorder,64,3,55,0.9927,0.9455,0.00013,0.663,0.806,0.885,0.682,1371.4,0.0,383.8,66.4,2.0,2.0,67.5,59.0,17.0,1.1,0.00,pathseer:55
beir500k-f32,pos40_cat09,pos40,222267,pathseer-reorder,128,1,55,0.9945,0.9636,0.00010,1.220,1.506,1.696,1.211,2317.9,0.0,705.2,131.3,3.0,3.0,129.2,111.4,38.3,2.0,0.00,pathseer:55
beir500k-f32,pos40_cat09,pos40,222267,pathseer-reorder,128,2,55,0.9945,0.9636,0.00010,1.172,1.382,1.671,1.160,2317.9,0.0,705.2,131.3,3.0,3.0,129.2,111.4,38.3,2.0,0.00,pathseer:55
beir500k-f32,pos40_cat09,pos40,222267,pathseer-reorder,128,3,55,0.9945,0.9636,0.00010,1.177,1.413,1.665,1.160,2317.9,0.0,705.2,131.3,3.0,3.0,129.2,111.4,38.3,2.0,0.00,pathseer:55
beir500k-f32,pos40_cat09,pos40,222267,pathseer-reorder,256,1,55,0.9964,0.9818,0.00010,2.057,2.542,2.706,1.998,3886.1,0.0,1285.1,261.6,4.0,4.0,219.9,186.9,85.7,3.4,0.00,pathseer:55
beir500k-f32,pos40_cat09,pos40,222267,pathseer-reorder,256,2,55,0.9964,0.9818,0.00010,2.040,2.592,2.734,2.006,3886.1,0.0,1285.1,261.6,4.0,4.0,219.9,186.9,85.7,3.4,0.00,pathseer:55
beir500k-f32,pos40_cat09,pos40,222267,pathseer-reorder,256,3,55,0.9964,0.9818,0.00010,2.038,2.526,2.722,2.000,3886.1,0.0,1285.1,261.6,4.0,4.0,219.9,186.9,85.7,3.4,0.00,pathseer:55
beir500k-f32,pos40_cat09,pos40,222267,pathseer-reorder,512,1,55,1.0000,1.0000,0.00000,3.501,4.571,4.946,3.519,6419.9,0.0,2442.9,524.0,8.0,8.0,434.0,358.7,210.8,6.8,0.00,pathseer:55
beir500k-f32,pos40_cat09,pos40,222267,pathseer-reorder,512,2,55,1.0000,1.0000,0.00000,3.462,4.316,4.918,3.463,6419.9,0.0,2442.9,524.0,8.0,8.0,434.0,358.7,210.8,6.8,0.00,pathseer:55
beir500k-f32,pos40_cat09,pos40,222267,pathseer-reorder,512,3,55,1.0000,1.0000,0.00000,3.480,4.286,4.916,3.445,6419.9,0.0,2442.9,524.0,8.0,8.0,434.0,358.7,210.8,6.8,0.00,pathseer:55
beir500k-f32,pos40_cat10,pos40,207074,pathseer-reorder,64,1,50,0.9980,0.9800,0.00000,0.717,0.857,1.070,0.721,1444.0,0.0,483.3,70.1,2.0,2.0,73.0,53.3,73.7,1.1,0.00,pathseer:50
beir500k-f32,pos40_cat10,pos40,207074,pathseer-reorder,64,2,50,0.9980,0.9800,0.00000,0.717,0.866,1.059,0.719,1444.0,0.0,483.3,70.1,2.0,2.0,73.0,53.3,73.7,1.1,0.00,pathseer:50
beir500k-f32,pos40_cat10,pos40,207074,pathseer-reorder,64,3,50,0.9980,0.9800,0.00000,0.722,0.922,1.061,0.722,1444.0,0.0,483.3,70.1,2.0,2.0,73.0,53.3,73.7,1.1,0.00,pathseer:50
beir500k-f32,pos40_cat10,pos40,207074,pathseer-reorder,128,1,50,1.0000,1.0000,0.00000,1.249,1.525,1.851,1.269,2522.7,0.0,900.6,139.2,3.0,3.0,131.8,96.8,158.7,2.1,0.00,pathseer:50
beir500k-f32,pos40_cat10,pos40,207074,pathseer-reorder,128,2,50,1.0000,1.0000,0.00000,1.244,1.515,1.826,1.260,2522.7,0.0,900.6,139.2,3.0,3.0,131.8,96.8,158.7,2.1,0.00,pathseer:50
beir500k-f32,pos40_cat10,pos40,207074,pathseer-reorder,128,3,50,1.0000,1.0000,0.00000,1.243,1.542,1.830,1.260,2522.7,0.0,900.6,139.2,3.0,3.0,131.8,96.8,158.7,2.1,0.00,pathseer:50
beir500k-f32,pos40_cat10,pos40,207074,pathseer-reorder,256,1,50,1.0000,1.0000,0.00000,2.195,2.787,3.353,2.220,4361.3,0.0,1715.4,278.7,5.0,5.0,249.6,180.4,339.1,3.9,0.00,pathseer:50
beir500k-f32,pos40_cat10,pos40,207074,pathseer-reorder,256,2,50,1.0000,1.0000,0.00000,2.181,2.827,3.216,2.217,4361.3,0.0,1715.4,278.7,5.0,5.0,249.6,180.4,339.1,3.9,0.00,pathseer:50
beir500k-f32,pos40_cat10,pos40,207074,pathseer-reorder,256,3,50,1.0000,1.0000,0.00000,2.193,2.852,3.220,2.238,4361.3,0.0,1715.4,278.7,5.0,5.0,249.6,180.4,339.1,3.9,0.00,pathseer:50
beir500k-f32,pos40_cat10,pos40,207074,pathseer-reorder,512,1,50,1.0000,1.0000,0.00000,3.910,5.292,5.736,3.955,7386.6,0.0,3396.4,565.0,8.0,9.0,478.7,335.1,800.6,7.5,0.00,pathseer:50
beir500k-f32,pos40_cat10,pos40,207074,pathseer-reorder,512,2,50,1.0000,1.0000,0.00000,3.901,5.266,5.865,3.934,7386.6,0.0,3396.4,565.0,8.0,9.0,478.7,335.1,800.6,7.5,0.00,pathseer:50
beir500k-f32,pos40_cat10,pos40,207074,pathseer-reorder,512,3,50,1.0000,1.0000,0.00000,3.976,5.267,5.822,3.997,7386.6,0.0,3396.4,565.0,8.0,9.0,478.7,335.1,800.6,7.5,0.00,pathseer:50
beir500k-f32,pos40_cat11,pos40,211992,pathseer-reorder,64,1,32,0.9938,0.9375,0.00010,0.779,1.012,1.327,0.755,1457.5,0.0,1146.4,95.5,2.0,3.0,90.0,39.8,564.6,1.4,0.00,pathseer:32
beir500k-f32,pos40_cat11,pos40,211992,pathseer-reorder,64,2,32,0.9938,0.9375,0.00010,0.732,0.964,1.203,0.740,1457.5,0.0,1146.4,95.5,2.0,3.0,90.0,39.8,564.6,1.4,0.00,pathseer:32
beir500k-f32,pos40_cat11,pos40,211992,pathseer-reorder,64,3,32,0.9938,0.9375,0.00010,0.724,0.965,1.223,0.740,1457.5,0.0,1146.4,95.5,2.0,3.0,90.0,39.8,564.6,1.4,0.00,pathseer:32
beir500k-f32,pos40_cat11,pos40,211992,pathseer-reorder,128,1,32,0.9938,0.9375,0.00010,1.226,1.753,2.324,1.301,2503.5,0.0,2300.6,195.8,4.0,4.0,166.0,73.6,1240.9,2.6,0.00,pathseer:32
beir500k-f32,pos40_cat11,pos40,211992,pathseer-reorder,128,2,32,0.9938,0.9375,0.00010,1.255,1.830,2.322,1.310,2503.5,0.0,2300.6,195.8,4.0,4.0,166.0,73.6,1240.9,2.6,0.00,pathseer:32
beir500k-f32,pos40_cat11,pos40,211992,pathseer-reorder,128,3,32,0.9938,0.9375,0.00010,1.231,1.746,2.397,1.319,2503.5,0.0,2300.6,195.8,4.0,4.0,166.0,73.6,1240.9,2.6,0.00,pathseer:32
beir500k-f32,pos40_cat11,pos40,211992,pathseer-reorder,256,1,32,0.9969,0.9688,0.00005,2.137,3.349,4.696,2.368,4344.2,0.0,4788.3,410.9,6.0,8.0,316.0,145.4,2780.8,4.9,0.00,pathseer:32
beir500k-f32,pos40_cat11,pos40,211992,pathseer-reorder,256,2,32,0.9969,0.9688,0.00005,2.123,3.279,4.684,2.364,4344.2,0.0,4788.3,410.9,6.0,8.0,316.0,145.4,2780.8,4.9,0.00,pathseer:32
beir500k-f32,pos40_cat11,pos40,211992,pathseer-reorder,256,3,32,0.9969,0.9688,0.00005,2.172,3.312,4.732,2.369,4344.2,0.0,4788.3,410.9,6.0,8.0,316.0,145.4,2780.8,4.9,0.00,pathseer:32
beir500k-f32,pos40_cat11,pos40,211992,pathseer-reorder,512,1,32,0.9969,0.9688,0.00005,3.805,6.726,9.707,4.323,7400.7,0.0,9948.0,864.9,10.0,15.0,630.0,281.8,6111.8,9.8,0.00,pathseer:32
beir500k-f32,pos40_cat11,pos40,211992,pathseer-reorder,512,2,32,0.9969,0.9688,0.00005,3.761,6.672,9.586,4.297,7400.7,0.0,9948.0,864.9,10.0,15.0,630.0,281.8,6111.8,9.8,0.00,pathseer:32
beir500k-f32,pos40_cat11,pos40,211992,pathseer-reorder,512,3,32,0.9969,0.9688,0.00005,3.667,6.683,9.549,4.307,7400.7,0.0,9948.0,864.9,10.0,15.0,630.0,281.8,6111.8,9.8,0.00,pathseer:32
beir500k-f32,pos40_cat12,pos40,216862,pathseer-reorder,64,1,66,0.9924,0.9242,0.00003,0.660,0.819,0.878,0.657,1323.0,0.0,460.5,69.2,2.0,2.0,75.6,58.4,66.2,1.2,0.00,pathseer:66
beir500k-f32,pos40_cat12,pos40,216862,pathseer-reorder,64,2,66,0.9924,0.9242,0.00003,0.657,0.832,0.900,0.664,1323.0,0.0,460.5,69.2,2.0,2.0,75.6,58.4,66.2,1.2,0.00,pathseer:66
beir500k-f32,pos40_cat12,pos40,216862,pathseer-reorder,64,3,66,0.9924,0.9242,0.00003,0.662,0.823,0.879,0.661,1323.0,0.0,460.5,69.2,2.0,2.0,75.6,58.4,66.2,1.2,0.00,pathseer:66
beir500k-f32,pos40_cat12,pos40,216862,pathseer-reorder,128,1,66,0.9985,0.9848,0.00001,1.137,1.470,1.543,1.157,2288.1,0.0,830.2,136.3,3.0,3.0,136.7,105.2,123.5,2.1,0.00,pathseer:66
beir500k-f32,pos40_cat12,pos40,216862,pathseer-reorder,128,2,66,0.9985,0.9848,0.00001,1.156,1.460,1.534,1.152,2288.1,0.0,830.2,136.3,3.0,3.0,136.7,105.2,123.5,2.1,0.00,pathseer:66
beir500k-f32,pos40_cat12,pos40,216862,pathseer-reorder,128,3,66,0.9985,0.9848,0.00001,1.143,1.450,1.534,1.140,2288.1,0.0,830.2,136.3,3.0,3.0,136.7,105.2,123.5,2.1,0.00,pathseer:66
beir500k-f32,pos40_cat12,pos40,216862,pathseer-reorder,256,1,66,1.0000,1.0000,0.00000,1.988,2.680,2.801,2.013,3903.8,0.0,1540.3,272.5,5.0,5.0,234.7,182.0,257.0,3.7,0.00,pathseer:66
beir500k-f32,pos40_cat12,pos40,216862,pathseer-reorder,256,2,66,1.0000,1.0000,0.00000,2.025,2.713,2.799,2.030,3903.8,0.0,1540.3,272.5,5.0,5.0,234.7,182.0,257.0,3.7,0.00,pathseer:66
beir500k-f32,pos40_cat12,pos40,216862,pathseer-reorder,256,3,66,1.0000,1.0000,0.00000,2.038,2.796,3.093,2.076,3903.8,0.0,1540.3,272.5,5.0,5.0,234.7,182.0,257.0,3.7,0.00,pathseer:66
beir500k-f32,pos40_cat12,pos40,216862,pathseer-reorder,512,1,66,1.0000,1.0000,0.00000,3.632,4.686,5.044,3.567,6616.7,0.0,2961.9,546.1,8.0,9.0,477.1,355.2,543.7,7.5,0.00,pathseer:66
beir500k-f32,pos40_cat12,pos40,216862,pathseer-reorder,512,2,66,1.0000,1.0000,0.00000,3.622,4.668,5.217,3.590,6616.7,0.0,2961.9,546.1,8.0,9.0,477.1,355.2,543.7,7.5,0.00,pathseer:66
beir500k-f32,pos40_cat12,pos40,216862,pathseer-reorder,512,3,66,1.0000,1.0000,0.00000,3.548,4.590,5.070,3.554,6616.7,0.0,2961.9,546.1,8.0,9.0,477.1,355.2,543.7,7.5,0.00,pathseer:66
beir500k-f32,pos40_cat13,pos40,200600,pathseer-reorder,64,1,54,0.9907,0.9259,0.00010,0.718,0.943,1.053,0.741,1484.7,0.0,597.5,74.7,2.0,2.0,77.0,53.8,156.6,1.2,0.00,pathseer:54
beir500k-f32,pos40_cat13,pos40,200600,pathseer-reorder,64,2,54,0.9907,0.9259,0.00010,0.712,0.966,1.060,0.743,1484.7,0.0,597.5,74.7,2.0,2.0,77.0,53.8,156.6,1.2,0.00,pathseer:54
beir500k-f32,pos40_cat13,pos40,200600,pathseer-reorder,64,3,54,0.9907,0.9259,0.00010,0.733,0.944,1.155,0.747,1484.7,0.0,597.5,74.7,2.0,2.0,77.0,53.8,156.6,1.2,0.00,pathseer:54
beir500k-f32,pos40_cat13,pos40,200600,pathseer-reorder,128,1,54,0.9981,0.9815,0.00000,1.236,1.654,1.686,1.279,2536.5,0.0,1030.2,143.5,3.0,3.0,138.7,100.0,249.2,2.2,0.00,pathseer:54
beir500k-f32,pos40_cat13,pos40,200600,pathseer-reorder,128,2,54,0.9981,0.9815,0.00000,1.243,1.652,1.744,1.277,2536.5,0.0,1030.2,143.5,3.0,3.0,138.7,100.0,249.2,2.2,0.00,pathseer:54
beir500k-f32,pos40_cat13,pos40,200600,pathseer-reorder,128,3,54,0.9981,0.9815,0.00000,1.245,1.654,1.703,1.279,2536.5,0.0,1030.2,143.5,3.0,3.0,138.7,100.0,249.2,2.2,0.00,pathseer:54
beir500k-f32,pos40_cat13,pos40,200600,pathseer-reorder,256,1,54,1.0000,1.0000,0.00000,2.156,2.918,3.124,2.251,4319.5,0.0,1910.3,285.2,5.0,5.0,252.4,175.4,489.5,3.9,0.00,pathseer:54
beir500k-f32,pos40_cat13,pos40,200600,pathseer-reorder,256,2,54,1.0000,1.0000,0.00000,2.156,2.972,3.079,2.245,4319.5,0.0,1910.3,285.2,5.0,5.0,252.4,175.4,489.5,3.9,0.00,pathseer:54
beir500k-f32,pos40_cat13,pos40,200600,pathseer-reorder,256,3,54,1.0000,1.0000,0.00000,2.146,2.892,3.153,2.242,4319.5,0.0,1910.3,285.2,5.0,5.0,252.4,175.4,489.5,3.9,0.00,pathseer:54
beir500k-f32,pos40_cat13,pos40,200600,pathseer-reorder,512,1,54,1.0000,1.0000,0.00000,3.949,5.345,5.933,3.992,7320.9,0.0,3651.4,571.9,8.0,9.0,499.0,339.2,984.9,7.8,0.00,pathseer:54
beir500k-f32,pos40_cat13,pos40,200600,pathseer-reorder,512,2,54,1.0000,1.0000,0.00000,3.903,5.479,5.924,3.986,7320.9,0.0,3651.4,571.9,8.0,9.0,499.0,339.2,984.9,7.8,0.00,pathseer:54
beir500k-f32,pos40_cat13,pos40,200600,pathseer-reorder,512,3,54,1.0000,1.0000,0.00000,3.946,5.482,5.864,3.973,7320.9,0.0,3651.4,571.9,8.0,9.0,499.0,339.2,984.9,7.8,0.00,pathseer:54
beir500k-f32,pos40_cat14,pos40,225031,pathseer-reorder,64,1,6,1.0000,1.0000,0.00000,0.485,0.532,0.532,0.474,1308.3,0.0,494.5,70.8,2.0,2.0,74.7,58.0,76.0,1.2,0.00,pathseer:6
beir500k-f32,pos40_cat14,pos40,225031,pathseer-reorder,64,2,6,1.0000,1.0000,0.00000,0.483,0.527,0.527,0.472,1308.3,0.0,494.5,70.8,2.0,2.0,74.7,58.0,76.0,1.2,0.00,pathseer:6
beir500k-f32,pos40_cat14,pos40,225031,pathseer-reorder,64,3,6,1.0000,1.0000,0.00000,0.513,0.610,0.610,0.515,1308.3,0.0,494.5,70.8,2.0,2.0,74.7,58.0,76.0,1.2,0.00,pathseer:6
beir500k-f32,pos40_cat14,pos40,225031,pathseer-reorder,128,1,6,1.0000,1.0000,0.00000,0.953,1.091,1.091,0.898,2237.0,0.0,930.5,140.3,3.0,3.0,138.7,103.8,168.5,2.2,0.00,pathseer:6
beir500k-f32,pos40_cat14,pos40,225031,pathseer-reorder,128,2,6,1.0000,1.0000,0.00000,0.947,1.101,1.101,0.902,2237.0,0.0,930.5,140.3,3.0,3.0,138.7,103.8,168.5,2.2,0.00,pathseer:6
beir500k-f32,pos40_cat14,pos40,225031,pathseer-reorder,128,3,6,1.0000,1.0000,0.00000,0.997,1.188,1.188,0.967,2237.0,0.0,930.5,140.3,3.0,3.0,138.7,103.8,168.5,2.2,0.00,pathseer:6
beir500k-f32,pos40_cat14,pos40,225031,pathseer-reorder,256,1,6,1.0000,1.0000,0.00000,1.806,2.403,2.403,1.813,3725.3,0.0,1692.8,280.5,5.0,5.0,256.0,187.7,308.5,4.0,0.00,pathseer:6
beir500k-f32,pos40_cat14,pos40,225031,pathseer-reorder,256,2,6,1.0000,1.0000,0.00000,1.839,2.257,2.257,1.756,3725.3,0.0,1692.8,280.5,5.0,5.0,256.0,187.7,308.5,4.0,0.00,pathseer:6
beir500k-f32,pos40_cat14,pos40,225031,pathseer-reorder,256,3,6,1.0000,1.0000,0.00000,1.806,2.352,2.352,1.783,3725.3,0.0,1692.8,280.5,5.0,5.0,256.0,187.7,308.5,4.0,0.00,pathseer:6
beir500k-f32,pos40_cat14,pos40,225031,pathseer-reorder,512,1,6,1.0000,1.0000,0.00000,3.134,4.129,4.129,3.118,6055.3,0.0,3253.5,564.3,9.0,9.0,512.0,376.7,656.5,8.0,0.00,pathseer:6
beir500k-f32,pos40_cat14,pos40,225031,pathseer-reorder,512,2,6,1.0000,1.0000,0.00000,3.275,4.166,4.166,3.161,6055.3,0.0,3253.5,564.3,9.0,9.0,512.0,376.7,656.5,8.0,0.00,pathseer:6
beir500k-f32,pos40_cat14,pos40,225031,pathseer-reorder,512,3,6,1.0000,1.0000,0.00000,3.228,4.119,4.119,3.131,6055.3,0.0,3253.5,564.3,9.0,9.0,512.0,376.7,656.5,8.0,0.00,pathseer:6
beir500k-f32,pos40_cat15,pos40,200325,pathseer-reorder,64,1,84,0.9774,0.8690,0.00068,0.758,1.149,1.328,0.791,1431.4,0.0,1098.2,93.6,3.0,3.0,105.1,52.5,546.1,1.6,0.00,pathseer:84
beir500k-f32,pos40_cat15,pos40,200325,pathseer-reorder,64,2,84,0.9774,0.8690,0.00068,0.757,1.135,1.330,0.788,1431.4,0.0,1098.2,93.6,3.0,3.0,105.1,52.5,546.1,1.6,0.00,pathseer:84
beir500k-f32,pos40_cat15,pos40,200325,pathseer-reorder,64,3,84,0.9774,0.8690,0.00068,0.760,1.153,1.331,0.788,1431.4,0.0,1098.2,93.6,3.0,3.0,105.1,52.5,546.1,1.6,0.00,pathseer:84
beir500k-f32,pos40_cat15,pos40,200325,pathseer-reorder,128,1,84,0.9917,0.9524,0.00026,1.354,2.055,2.242,1.403,2540.0,0.0,2139.1,187.2,4.0,4.0,171.4,82.2,1148.3,2.7,0.00,pathseer:84
beir500k-f32,pos40_cat15,pos40,200325,pathseer-reorder,128,2,84,0.9917,0.9524,0.00026,1.348,2.043,2.230,1.398,2540.0,0.0,2139.1,187.2,4.0,4.0,171.4,82.2,1148.3,2.7,0.00,pathseer:84
beir500k-f32,pos40_cat15,pos40,200325,pathseer-reorder,128,3,84,0.9917,0.9524,0.00026,1.342,2.049,2.207,1.407,2540.0,0.0,2139.1,187.2,4.0,4.0,171.4,82.2,1148.3,2.7,0.00,pathseer:84
beir500k-f32,pos40_cat15,pos40,200325,pathseer-reorder,256,1,84,0.9988,0.9881,0.00005,2.581,4.003,4.350,2.661,4638.0,0.0,4305.1,382.3,6.0,7.0,320.8,158.2,2420.9,5.0,0.00,pathseer:84
beir500k-f32,pos40_cat15,pos40,200325,pathseer-reorder,256,2,84,0.9988,0.9881,0.00005,2.555,3.717,4.091,2.606,4638.0,0.0,4305.1,382.3,6.0,7.0,320.8,158.2,2420.9,5.0,0.00,pathseer:84
beir500k-f32,pos40_cat15,pos40,200325,pathseer-reorder,256,3,84,0.9988,0.9881,0.00005,2.525,3.732,4.129,2.602,4638.0,0.0,4305.1,382.3,6.0,7.0,320.8,158.2,2420.9,5.0,0.00,pathseer:84
beir500k-f32,pos40_cat15,pos40,200325,pathseer-reorder,512,1,84,0.9988,0.9881,0.00005,4.748,7.265,7.728,4.890,8422.5,0.0,8871.8,801.7,11.0,14.0,650.7,310.8,5141.8,10.2,0.00,pathseer:84
beir500k-f32,pos40_cat15,pos40,200325,pathseer-reorder,512,2,84,0.9988,0.9881,0.00005,4.854,7.524,7.880,4.963,8422.5,0.0,8871.8,801.7,11.0,14.0,650.7,310.8,5141.8,10.2,0.00,pathseer:84
beir500k-f32,pos40_cat15,pos40,200325,pathseer-reorder,512,3,84,0.9988,0.9881,0.00005,4.853,7.325,7.656,4.938,8422.5,0.0,8871.8,801.7,11.0,14.0,650.7,310.8,5141.8,10.2,0.00,pathseer:84
beir500k-f32,pos40_cat16,pos40,219781,pathseer-reorder,64,1,42,0.9976,0.9762,0.00000,0.523,0.646,0.703,0.513,994.3,0.0,382.8,67.1,2.0,2.0,76.2,60.6,21.1,1.2,0.00,pathseer:42
beir500k-f32,pos40_cat16,pos40,219781,pathseer-reorder,64,2,42,0.9976,0.9762,0.00000,0.540,0.646,0.694,0.522,994.3,0.0,382.8,67.1,2.0,2.0,76.2,60.6,21.1,1.2,0.00,pathseer:42
beir500k-f32,pos40_cat16,pos40,219781,pathseer-reorder,64,3,42,0.9976,0.9762,0.00000,0.526,0.639,0.690,0.510,994.3,0.0,382.8,67.1,2.0,2.0,76.2,60.6,21.1,1.2,0.00,pathseer:42
beir500k-f32,pos40_cat16,pos40,219781,pathseer-reorder,128,1,42,1.0000,1.0000,0.00000,0.917,1.110,1.142,0.876,1703.6,0.0,708.5,133.0,3.0,3.0,141.7,108.3,51.8,2.2,0.00,pathseer:42
beir500k-f32,pos40_cat16,pos40,219781,pathseer-reorder,128,2,42,1.0000,1.0000,0.00000,0.910,1.061,1.130,0.872,1703.6,0.0,708.5,133.0,3.0,3.0,141.7,108.3,51.8,2.2,0.00,pathseer:42
beir500k-f32,pos40_cat16,pos40,219781,pathseer-reorder,128,3,42,1.0000,1.0000,0.00000,0.911,1.079,1.118,0.879,1703.6,0.0,708.5,133.0,3.0,3.0,141.7,108.3,51.8,2.2,0.00,pathseer:42
beir500k-f32,pos40_cat16,pos40,219781,pathseer-reorder,256,1,42,0.9976,0.9762,0.00000,1.537,1.923,2.089,1.532,2899.1,0.0,1311.0,265.1,5.0,5.0,265.1,198.4,110.7,4.1,0.00,pathseer:42
beir500k-f32,pos40_cat16,pos40,219781,pathseer-reorder,256,2,42,0.9976,0.9762,0.00000,1.563,1.914,2.075,1.539,2899.1,0.0,1311.0,265.1,5.0,5.0,265.1,198.4,110.7,4.1,0.00,pathseer:42
beir500k-f32,pos40_cat16,pos40,219781,pathseer-reorder,256,3,42,0.9976,0.9762,0.00000,1.611,1.916,2.087,1.547,2899.1,0.0,1311.0,265.1,5.0,5.0,265.1,198.4,110.7,4.1,0.00,pathseer:42
beir500k-f32,pos40_cat16,pos40,219781,pathseer-reorder,512,1,42,0.9976,0.9762,0.00000,2.832,3.455,3.619,2.749,4976.7,0.0,2574.7,534.5,9.0,10.0,548.3,385.0,295.8,8.6,0.00,pathseer:42
beir500k-f32,pos40_cat16,pos40,219781,pathseer-reorder,512,2,42,0.9976,0.9762,0.00000,2.782,3.486,3.687,2.764,4976.7,0.0,2574.7,534.5,9.0,10.0,548.3,385.0,295.8,8.6,0.00,pathseer:42
beir500k-f32,pos40_cat16,pos40,219781,pathseer-reorder,512,3,42,0.9976,0.9762,0.00000,2.783,3.551,3.566,2.805,4976.7,0.0,2574.7,534.5,9.0,10.0,548.3,385.0,295.8,8.6,0.00,pathseer:42
beir500k-f32,pos40_cat17,pos40,228068,pathseer-reorder,64,1,45,0.9911,0.9556,0.00030,0.774,1.537,2.399,0.853,1521.8,0.0,1498.1,111.4,2.0,3.0,93.9,42.2,842.9,1.5,0.00,pathseer:45
beir500k-f32,pos40_cat17,pos40,228068,pathseer-reorder,64,2,45,0.9911,0.9556,0.00030,0.769,1.508,2.311,0.841,1521.8,0.0,1498.1,111.4,2.0,3.0,93.9,42.2,842.9,1.5,0.00,pathseer:45
beir500k-f32,pos40_cat17,pos40,228068,pathseer-reorder,64,3,45,0.9911,0.9556,0.00030,0.776,1.529,2.304,0.850,1521.8,0.0,1498.1,111.4,2.0,3.0,93.9,42.2,842.9,1.5,0.00,pathseer:45
beir500k-f32,pos40_cat17,pos40,228068,pathseer-reorder,128,1,45,0.9956,0.9778,0.00017,1.329,2.799,4.018,1.465,2683.9,0.0,2897.2,224.2,3.0,4.0,174.9,77.2,1710.3,2.7,0.00,pathseer:45
beir500k-f32,pos40_cat17,pos40,228068,pathseer-reorder,128,2,45,0.9956,0.9778,0.00017,1.337,2.881,4.019,1.475,2683.9,0.0,2897.2,224.2,3.0,4.0,174.9,77.2,1710.3,2.7,0.00,pathseer:45
beir500k-f32,pos40_cat17,pos40,228068,pathseer-reorder,128,3,45,0.9956,0.9778,0.00017,1.331,2.803,4.042,1.470,2683.9,0.0,2897.2,224.2,3.0,4.0,174.9,77.2,1710.3,2.7,0.00,pathseer:45
beir500k-f32,pos40_cat17,pos40,228068,pathseer-reorder,256,1,45,0.9956,0.9778,0.00017,2.429,5.431,7.196,2.659,4705.6,0.0,5500.0,451.3,6.0,6.0,327.1,149.7,3327.6,5.1,0.00,pathseer:45
beir500k-f32,pos40_cat17,pos40,228068,pathseer-reorder,256,2,45,0.9956,0.9778,0.00017,2.429,5.441,7.082,2.670,4705.6,0.0,5500.0,451.3,6.0,6.0,327.1,149.7,3327.6,5.1,0.00,pathseer:45
beir500k-f32,pos40_cat17,pos40,228068,pathseer-reorder,256,3,45,0.9956,0.9778,0.00017,2.502,5.484,7.794,2.787,4705.6,0.0,5500.0,451.3,6.0,6.0,327.1,149.7,3327.6,5.1,0.00,pathseer:45
beir500k-f32,pos40_cat17,pos40,228068,pathseer-reorder,512,1,45,1.0000,1.0000,0.00000,4.520,10.620,12.357,4.980,8292.0,0.0,10710.0,929.3,10.0,14.0,701.1,293.9,6538.2,11.0,0.00,pathseer:45
beir500k-f32,pos40_cat17,pos40,228068,pathseer-reorder,512,2,45,1.0000,1.0000,0.00000,4.460,10.562,12.325,4.956,8292.0,0.0,10710.0,929.3,10.0,14.0,701.1,293.9,6538.2,11.0,0.00,pathseer:45
beir500k-f32,pos40_cat17,pos40,228068,pathseer-reorder,512,3,45,1.0000,1.0000,0.00000,4.496,10.610,12.432,4.924,8292.0,0.0,10710.0,929.3,10.0,14.0,701.1,293.9,6538.2,11.0,0.00,pathseer:45
beir500k-f32,pos40_cat18,pos40,201873,pathseer-reorder,64,1,10,1.0000,1.0000,0.00000,0.555,0.687,0.687,0.553,1281.6,0.0,378.9,66.3,2.0,2.0,70.4,60.2,14.1,1.1,0.00,pathseer:10
beir500k-f32,pos40_cat18,pos40,201873,pathseer-reorder,64,2,10,1.0000,1.0000,0.00000,0.498,0.636,0.636,0.511,1281.6,0.0,378.9,66.3,2.0,2.0,70.4,60.2,14.1,1.1,0.00,pathseer:10
beir500k-f32,pos40_cat18,pos40,201873,pathseer-reorder,64,3,10,1.0000,1.0000,0.00000,0.516,0.675,0.675,0.536,1281.6,0.0,378.9,66.3,2.0,2.0,70.4,60.2,14.1,1.1,0.00,pathseer:10
beir500k-f32,pos40_cat18,pos40,201873,pathseer-reorder,128,1,10,1.0000,1.0000,0.00000,0.995,1.336,1.336,0.999,2159.6,0.0,706.9,131.4,3.0,3.0,128.0,112.4,36.0,2.0,0.00,pathseer:10
beir500k-f32,pos40_cat18,pos40,201873,pathseer-reorder,128,2,10,1.0000,1.0000,0.00000,0.992,1.371,1.371,1.000,2159.6,0.0,706.9,131.4,3.0,3.0,128.0,112.4,36.0,2.0,0.00,pathseer:10
beir500k-f32,pos40_cat18,pos40,201873,pathseer-reorder,128,3,10,1.0000,1.0000,0.00000,0.990,1.379,1.379,1.015,2159.6,0.0,706.9,131.4,3.0,3.0,128.0,112.4,36.0,2.0,0.00,pathseer:10
beir500k-f32,pos40_cat18,pos40,201873,pathseer-reorder,256,1,10,1.0000,1.0000,0.00000,1.723,2.526,2.526,1.737,3519.0,0.0,1311.4,262.3,5.0,5.0,236.8,207.2,84.7,3.7,0.00,pathseer:10
beir500k-f32,pos40_cat18,pos40,201873,pathseer-reorder,256,2,10,1.0000,1.0000,0.00000,1.735,2.447,2.447,1.748,3519.0,0.0,1311.4,262.3,5.0,5.0,236.8,207.2,84.7,3.7,0.00,pathseer:10
beir500k-f32,pos40_cat18,pos40,201873,pathseer-reorder,256,3,10,1.0000,1.0000,0.00000,1.692,2.446,2.446,1.730,3519.0,0.0,1311.4,262.3,5.0,5.0,236.8,207.2,84.7,3.7,0.00,pathseer:10
beir500k-f32,pos40_cat18,pos40,201873,pathseer-reorder,512,1,10,1.0000,1.0000,0.00000,2.861,4.270,4.270,2.985,5778.5,0.0,2444.6,525.2,8.0,8.0,448.0,376.2,193.1,7.0,0.00,pathseer:10
beir500k-f32,pos40_cat18,pos40,201873,pathseer-reorder,512,2,10,1.0000,1.0000,0.00000,2.841,4.241,4.241,2.959,5778.5,0.0,2444.6,525.2,8.0,8.0,448.0,376.2,193.1,7.0,0.00,pathseer:10
beir500k-f32,pos40_cat18,pos40,201873,pathseer-reorder,512,3,10,1.0000,1.0000,0.00000,2.836,4.268,4.268,2.966,5778.5,0.0,2444.6,525.2,8.0,8.0,448.0,376.2,193.1,7.0,0.00,pathseer:10
beir500k-f32,pos40_cat19,pos40,213280,pathseer-reorder,64,1,60,0.9967,0.9667,0.00002,0.541,1.153,1.213,0.614,1115.0,0.0,711.7,81.5,2.0,2.0,85.3,54.7,238.4,1.3,0.00,pathseer:60
beir500k-f32,pos40_cat19,pos40,213280,pathseer-reorder,64,2,60,0.9967,0.9667,0.00002,0.540,1.167,1.206,0.614,1115.0,0.0,711.7,81.5,2.0,2.0,85.3,54.7,238.4,1.3,0.00,pathseer:60
beir500k-f32,pos40_cat19,pos40,213280,pathseer-reorder,64,3,60,0.9967,0.9667,0.00002,0.533,1.151,1.184,0.605,1115.0,0.0,711.7,81.5,2.0,2.0,85.3,54.7,238.4,1.3,0.00,pathseer:60
beir500k-f32,pos40_cat19,pos40,213280,pathseer-reorder,128,1,60,1.0000,1.0000,0.00000,0.930,1.980,2.206,1.054,1905.1,0.0,1267.4,159.5,3.0,3.0,154.7,101.2,428.2,2.4,0.00,pathseer:60
beir500k-f32,pos40_cat19,pos40,213280,pathseer-reorder,128,2,60,1.0000,1.0000,0.00000,0.902,1.931,2.232,1.046,1905.1,0.0,1267.4,159.5,3.0,3.0,154.7,101.2,428.2,2.4,0.00,pathseer:60
beir500k-f32,pos40_cat19,pos40,213280,pathseer-reorder,128,3,60,1.0000,1.0000,0.00000,0.917,1.973,2.261,1.048,1905.1,0.0,1267.4,159.5,3.0,3.0,154.7,101.2,428.2,2.4,0.00,pathseer:60
beir500k-f32,pos40_cat19,pos40,213280,pathseer-reorder,256,1,60,1.0000,1.0000,0.00000,1.591,3.404,3.692,1.816,3214.1,0.0,2198.2,311.5,5.0,5.0,279.5,181.3,710.4,4.4,0.00,pathseer:60
beir500k-f32,pos40_cat19,pos40,213280,pathseer-reorder,256,2,60,1.0000,1.0000,0.00000,1.574,3.393,3.710,1.814,3214.1,0.0,2198.2,311.5,5.0,5.0,279.5,181.3,710.4,4.4,0.00,pathseer:60
beir500k-f32,pos40_cat19,pos40,213280,pathseer-reorder,256,3,60,1.0000,1.0000,0.00000,1.724,3.588,3.895,1.909,3214.1,0.0,2198.2,311.5,5.0,5.0,279.5,181.3,710.4,4.4,0.00,pathseer:60
beir500k-f32,pos40_cat19,pos40,213280,pathseer-reorder,512,1,60,1.0000,1.0000,0.00000,2.758,6.072,6.470,3.158,5367.9,0.0,4005.3,617.4,9.0,10.0,577.1,366.4,1252.4,9.0,0.00,pathseer:60
beir500k-f32,pos40_cat19,pos40,213280,pathseer-reorder,512,2,60,1.0000,1.0000,0.00000,2.806,6.083,6.552,3.155,5367.9,0.0,4005.3,617.4,9.0,10.0,577.1,366.4,1252.4,9.0,0.00,pathseer:60
beir500k-f32,pos40_cat19,pos40,213280,pathseer-reorder,512,3,60,1.0000,1.0000,0.00000,2.735,6.079,6.460,3.149,5367.9,0.0,4005.3,617.4,9.0,10.0,577.1,366.4,1252.4,9.0,0.00,pathseer:60
beir500k-f32,pos40_cat20,pos40,204763,pathseer-reorder,64,1,67,0.9985,0.9851,0.00001,0.656,1.098,1.214,0.771,1294.7,0.0,1641.9,133.7,2.0,2.0,82.1,53.8,1073.7,1.3,0.00,pathseer:67
beir500k-f32,pos40_cat20,pos40,204763,pathseer-reorder,64,2,67,0.9985,0.9851,0.00001,0.657,1.008,1.227,0.768,1294.7,0.0,1641.9,133.7,2.0,2.0,82.1,53.8,1073.7,1.3,0.00,pathseer:67
beir500k-f32,pos40_cat20,pos40,204763,pathseer-reorder,64,3,67,0.9985,0.9851,0.00001,0.657,1.013,1.233,0.767,1294.7,0.0,1641.9,133.7,2.0,2.0,82.1,53.8,1073.7,1.3,0.00,pathseer:67
beir500k-f32,pos40_cat20,pos40,204763,pathseer-reorder,128,1,67,1.0000,1.0000,0.00000,1.172,1.810,2.279,1.346,2301.0,0.0,2611.1,252.9,3.0,3.0,146.1,95.2,1577.4,2.3,0.00,pathseer:67
beir500k-f32,pos40_cat20,pos40,204763,pathseer-reorder,128,2,67,1.0000,1.0000,0.00000,1.194,1.802,2.201,1.355,2301.0,0.0,2611.1,252.9,3.0,3.0,146.1,95.2,1577.4,2.3,0.00,pathseer:67
beir500k-f32,pos40_cat20,pos40,204763,pathseer-reorder,128,3,67,1.0000,1.0000,0.00000,1.163,1.835,2.221,1.356,2301.0,0.0,2611.1,252.9,3.0,3.0,146.1,95.2,1577.4,2.3,0.00,pathseer:67
beir500k-f32,pos40_cat20,pos40,204763,pathseer-reorder,256,1,67,1.0000,1.0000,0.00000,2.169,3.343,4.254,2.380,4061.2,0.0,3849.2,463.5,5.0,5.0,280.8,176.3,1983.3,4.4,0.00,pathseer:67
beir500k-f32,pos40_cat20,pos40,204763,pathseer-reorder,256,2,67,1.0000,1.0000,0.00000,2.159,3.267,4.166,2.376,4061.2,0.0,3849.2,463.5,5.0,5.0,280.8,176.3,1983.3,4.4,0.00,pathseer:67
beir500k-f32,pos40_cat20,pos40,204763,pathseer-reorder,256,3,67,1.0000,1.0000,0.00000,2.158,3.406,4.157,2.380,4061.2,0.0,3849.2,463.5,5.0,5.0,280.8,176.3,1983.3,4.4,0.00,pathseer:67
beir500k-f32,pos40_cat20,pos40,204763,pathseer-reorder,512,1,67,1.0000,1.0000,0.00000,3.909,6.076,7.218,4.226,7068.8,0.0,5996.1,824.9,10.0,10.0,585.6,341.0,2635.4,9.1,0.00,pathseer:67
beir500k-f32,pos40_cat20,pos40,204763,pathseer-reorder,512,2,67,1.0000,1.0000,0.00000,3.883,6.075,7.285,4.176,7068.8,0.0,5996.1,824.9,10.0,10.0,585.6,341.0,2635.4,9.1,0.00,pathseer:67
beir500k-f32,pos40_cat20,pos40,204763,pathseer-reorder,512,3,67,1.0000,1.0000,0.00000,3.785,6.292,7.271,4.179,7068.8,0.0,5996.1,824.9,10.0,10.0,585.6,341.0,2635.4,9.1,0.00,pathseer:67
beir500k-f32,pos40_cat21,pos40,209359,pathseer-reorder,64,1,61,0.9951,0.9508,0.00036,0.604,0.871,1.039,0.638,1239.4,0.0,522.0,72.0,2.0,2.0,83.9,53.3,109.5,1.3,0.00,pathseer:61
beir500k-f32,pos40_cat21,pos40,209359,pathseer-reorder,64,2,61,0.9951,0.9508,0.00036,0.591,0.865,1.037,0.635,1239.4,0.0,522.0,72.0,2.0,2.0,83.9,53.3,109.5,1.3,0.00,pathseer:61
beir500k-f32,pos40_cat21,pos40,209359,pathseer-reorder,64,3,61,0.9951,0.9508,0.00036,0.616,0.874,1.073,0.640,1239.4,0.0,522.0,72.0,2.0,2.0,83.9,53.3,109.5,1.3,0.00,pathseer:61
beir500k-f32,pos40_cat21,pos40,209359,pathseer-reorder,128,1,61,0.9967,0.9672,0.00024,1.082,1.547,1.708,1.109,2148.1,0.0,975.0,142.1,3.0,3.0,150.0,96.7,236.1,2.3,0.00,pathseer:61
beir500k-f32,pos40_cat21,pos40,209359,pathseer-reorder,128,2,61,0.9967,0.9672,0.00024,1.094,1.575,1.747,1.122,2148.1,0.0,975.0,142.1,3.0,3.0,150.0,96.7,236.1,2.3,0.00,pathseer:61
beir500k-f32,pos40_cat21,pos40,209359,pathseer-reorder,128,3,61,0.9967,0.9672,0.00024,1.062,1.523,1.692,1.103,2148.1,0.0,975.0,142.1,3.0,3.0,150.0,96.7,236.1,2.3,0.00,pathseer:61
beir500k-f32,pos40_cat21,pos40,209359,pathseer-reorder,256,1,61,1.0000,1.0000,0.00000,1.966,2.724,2.937,1.972,3721.1,0.0,1838.8,283.4,5.0,5.0,278.0,184.4,478.3,4.3,0.00,pathseer:61
beir500k-f32,pos40_cat21,pos40,209359,pathseer-reorder,256,2,61,1.0000,1.0000,0.00000,2.008,2.807,2.956,1.975,3721.1,0.0,1838.8,283.4,5.0,5.0,278.0,184.4,478.3,4.3,0.00,pathseer:61
beir500k-f32,pos40_cat21,pos40,209359,pathseer-reorder,256,3,61,1.0000,1.0000,0.00000,1.988,2.817,2.938,1.990,3721.1,0.0,1838.8,283.4,5.0,5.0,278.0,184.4,478.3,4.3,0.00,pathseer:61
beir500k-f32,pos40_cat21,pos40,209359,pathseer-reorder,512,1,61,1.0000,1.0000,0.00000,3.512,4.988,5.566,3.550,6367.2,0.0,3554.6,568.3,9.0,10.0,546.6,361.6,985.6,8.5,0.00,pathseer:61
beir500k-f32,pos40_cat21,pos40,209359,pathseer-reorder,512,2,61,1.0000,1.0000,0.00000,3.491,4.960,5.535,3.530,6367.2,0.0,3554.6,568.3,9.0,10.0,546.6,361.6,985.6,8.5,0.00,pathseer:61
beir500k-f32,pos40_cat21,pos40,209359,pathseer-reorder,512,3,61,1.0000,1.0000,0.00000,3.611,5.053,6.089,3.633,6367.2,0.0,3554.6,568.3,9.0,10.0,546.6,361.6,985.6,8.5,0.00,pathseer:61
beir500k-f32,neg10_cat00,neg10,63950,pathseer-reorder,64,1,12,0.9917,0.9167,0.00002,1.226,1.408,2.238,1.221,1973.2,0.0,4955.9,246.0,3.0,15.0,138.7,15.4,3668.1,2.2,0.00,pathseer:12
beir500k-f32,neg10_cat00,neg10,63950,pathseer-reorder,64,2,12,0.9917,0.9167,0.00002,1.223,1.441,2.238,1.243,1973.2,0.0,4955.9,246.0,3.0,15.0,138.7,15.4,3668.1,2.2,0.00,pathseer:12
beir500k-f32,neg10_cat00,neg10,63950,pathseer-reorder,64,3,12,0.9917,0.9167,0.00002,1.224,1.480,2.287,1.235,1973.2,0.0,4955.9,246.0,3.0,15.0,138.7,15.4,3668.1,2.2,0.00,pathseer:12
beir500k-f32,neg10_cat00,neg10,63950,pathseer-reorder,128,1,12,1.0000,1.0000,0.00000,2.175,2.596,4.880,2.249,3482.2,0.0,9348.2,491.7,5.0,31.0,272.0,33.8,6998.8,4.2,0.00,pathseer:12
beir500k-f32,neg10_cat00,neg10,63950,pathseer-reorder,128,2,12,1.0000,1.0000,0.00000,2.102,2.622,4.701,2.238,3482.2,0.0,9348.2,491.7,5.0,31.0,272.0,33.8,6998.8,4.2,0.00,pathseer:12
beir500k-f32,neg10_cat00,neg10,63950,pathseer-reorder,128,3,12,1.0000,1.0000,0.00000,2.153,2.631,4.666,2.257,3482.2,0.0,9348.2,491.7,5.0,31.0,272.0,33.8,6998.8,4.2,0.00,pathseer:12
beir500k-f32,neg10_cat00,neg10,63950,pathseer-reorder,256,1,12,1.0000,1.0000,0.00000,3.882,4.730,8.026,3.967,5926.2,0.0,17141.4,954.2,9.0,47.0,474.7,74.6,13024.4,7.4,0.00,pathseer:12
beir500k-f32,neg10_cat00,neg10,63950,pathseer-reorder,256,2,12,1.0000,1.0000,0.00000,3.904,4.732,8.029,3.960,5926.2,0.0,17141.4,954.2,9.0,47.0,474.7,74.6,13024.4,7.4,0.00,pathseer:12
beir500k-f32,neg10_cat00,neg10,63950,pathseer-reorder,256,3,12,1.0000,1.0000,0.00000,3.867,4.718,8.067,3.960,5926.2,0.0,17141.4,954.2,9.0,47.0,474.7,74.6,13024.4,7.4,0.00,pathseer:12
beir500k-f32,neg10_cat00,neg10,63950,pathseer-reorder,512,1,12,1.0000,1.0000,0.00000,7.196,9.018,14.982,7.350,10249.7,0.0,32293.7,1939.2,16.0,99.0,954.7,164.5,24559.9,14.9,0.00,pathseer:12
beir500k-f32,neg10_cat00,neg10,63950,pathseer-reorder,512,2,12,1.0000,1.0000,0.00000,7.171,8.955,15.084,7.312,10249.7,0.0,32293.7,1939.2,16.0,99.0,954.7,164.5,24559.9,14.9,0.00,pathseer:12
beir500k-f32,neg10_cat00,neg10,63950,pathseer-reorder,512,3,12,1.0000,1.0000,0.00000,7.155,9.088,14.965,7.299,10249.7,0.0,32293.7,1939.2,16.0,99.0,954.7,164.5,24559.9,14.9,0.00,pathseer:12
beir500k-f32,neg10_cat01,neg10,61585,pathseer-reorder,64,1,22,0.9909,0.9091,0.00018,8.895,13.956,15.269,8.153,7229.1,0.0,65642.4,3912.1,3.0,423.0,171.6,3.1,55494.0,2.7,0.00,pathseer:22
beir500k-f32,neg10_cat01,neg10,61585,pathseer-reorder,64,2,22,0.9909,0.9091,0.00018,9.579,14.330,15.454,8.376,7229.1,0.0,65642.4,3912.1,3.0,423.0,171.6,3.1,55494.0,2.7,0.00,pathseer:22
beir500k-f32,neg10_cat01,neg10,61585,pathseer-reorder,64,3,22,0.9909,0.9091,0.00018,9.027,13.341,15.736,8.131,7229.1,0.0,65642.4,3912.1,3.0,423.0,171.6,3.1,55494.0,2.7,0.00,pathseer:22
beir500k-f32,neg10_cat01,neg10,61585,pathseer-reorder,128,1,22,0.9955,0.9545,0.00006,13.604,20.958,21.318,13.111,11768.5,0.0,91381.6,6221.8,5.0,786.0,302.5,5.9,75209.3,4.7,0.00,pathseer:22
beir500k-f32,neg10_cat01,neg10,61585,pathseer-reorder,128,2,22,0.9955,0.9545,0.00006,13.773,21.426,21.655,13.289,11768.5,0.0,91381.6,6221.8,5.0,786.0,302.5,5.9,75209.3,4.7,0.00,pathseer:22
beir500k-f32,neg10_cat01,neg10,61585,pathseer-reorder,128,3,22,0.9955,0.9545,0.00006,13.772,20.995,21.700,13.302,11768.5,0.0,91381.6,6221.8,5.0,786.0,302.5,5.9,75209.3,4.7,0.00,pathseer:22
beir500k-f32,neg10_cat01,neg10,61585,pathseer-reorder,256,1,22,0.9955,0.9545,0.00006,21.473,30.309,30.929,20.878,18956.8,0.0,122545.4,9645.6,11.0,1429.0,642.9,12.5,97065.3,10.0,0.00,pathseer:22
beir500k-f32,neg10_cat01,neg10,61585,pathseer-reorder,256,2,22,0.9955,0.9545,0.00006,21.136,30.345,31.082,20.653,18956.8,0.0,122545.4,9645.6,11.0,1429.0,642.9,12.5,97065.3,10.0,0.00,pathseer:22
beir500k-f32,neg10_cat01,neg10,61585,pathseer-reorder,256,3,22,0.9955,0.9545,0.00006,21.221,30.412,30.976,20.673,18956.8,0.0,122545.4,9645.6,11.0,1429.0,642.9,12.5,97065.3,10.0,0.00,pathseer:22
beir500k-f32,neg10_cat01,neg10,61585,pathseer-reorder,512,1,22,0.9955,0.9545,0.00006,34.187,41.540,42.871,31.309,29266.9,0.0,164680.7,14272.4,24.0,2666.0,1480.7,30.1,126290.0,23.1,0.00,pathseer:22
beir500k-f32,neg10_cat01,neg10,61585,pathseer-reorder,512,2,22,0.9955,0.9545,0.00006,34.276,41.765,43.060,31.067,29266.9,0.0,164680.7,14272.4,24.0,2666.0,1480.7,30.1,126290.0,23.1,0.00,pathseer:22
beir500k-f32,neg10_cat01,neg10,61585,pathseer-reorder,512,3,22,0.9955,0.9545,0.00006,33.835,41.387,43.057,31.055,29266.9,0.0,164680.7,14272.4,24.0,2666.0,1480.7,30.1,126290.0,23.1,0.00,pathseer:22
beir500k-f32,neg10_cat02,neg10,55947,pathseer-reorder,64,1,60,0.9600,0.6500,0.00058,5.354,16.669,17.374,6.851,6462.9,0.0,61055.9,2894.9,3.0,134.0,146.1,5.8,52853.6,2.3,0.00,pathseer:60
beir500k-f32,neg10_cat02,neg10,55947,pathseer-reorder,64,2,60,0.9600,0.6500,0.00058,5.398,16.290,17.506,6.864,6462.9,0.0,61055.9,2894.9,3.0,134.0,146.1,5.8,52853.6,2.3,0.00,pathseer:60
beir500k-f32,neg10_cat02,neg10,55947,pathseer-reorder,64,3,60,0.9600,0.6500,0.00058,5.347,16.333,17.229,6.823,6462.9,0.0,61055.9,2894.9,3.0,134.0,146.1,5.8,52853.6,2.3,0.00,pathseer:60
beir500k-f32,neg10_cat02,neg10,55947,pathseer-reorder,128,1,60,0.9800,0.8167,0.00024,9.408,23.347,23.866,11.365,10719.6,0.0,88150.4,4754.2,5.0,282.0,246.4,8.9,74827.7,3.9,0.00,pathseer:60
beir500k-f32,neg10_cat02,neg10,55947,pathseer-reorder,128,2,60,0.9800,0.8167,0.00024,9.451,23.391,23.976,11.361,10719.6,0.0,88150.4,4754.2,5.0,282.0,246.4,8.9,74827.7,3.9,0.00,pathseer:60
beir500k-f32,neg10_cat02,neg10,55947,pathseer-reorder,128,3,60,0.9800,0.8167,0.00024,9.509,23.477,24.772,11.415,10719.6,0.0,88150.4,4754.2,5.0,282.0,246.4,8.9,74827.7,3.9,0.00,pathseer:60
beir500k-f32,neg10_cat02,neg10,55947,pathseer-reorder,256,1,60,0.9900,0.9000,0.00016,16.098,31.122,33.873,18.227,17249.9,0.0,120281.2,7631.6,8.0,565.0,488.5,18.6,99171.1,7.6,0.00,pathseer:60
beir500k-f32,neg10_cat02,neg10,55947,pathseer-reorder,256,2,60,0.9900,0.9000,0.00016,16.255,31.016,34.098,18.156,17249.9,0.0,120281.2,7631.6,8.0,565.0,488.5,18.6,99171.1,7.6,0.00,pathseer:60
beir500k-f32,neg10_cat02,neg10,55947,pathseer-reorder,256,3,60,0.9900,0.9000,0.00016,16.157,31.258,33.981,18.276,17249.9,0.0,120281.2,7631.6,8.0,565.0,488.5,18.6,99171.1,7.6,0.00,pathseer:60
beir500k-f32,neg10_cat02,neg10,55947,pathseer-reorder,512,1,60,0.9950,0.9500,0.00005,26.812,43.581,48.835,27.921,26981.5,0.0,156431.2,11845.2,16.0,1016.0,1006.9,40.1,124023.6,15.7,0.00,pathseer:60
beir500k-f32,neg10_cat02,neg10,55947,pathseer-reorder,512,2,60,0.9950,0.9500,0.00005,26.675,45.889,50.178,28.254,26981.5,0.0,156431.2,11845.2,16.0,1016.0,1006.9,40.1,124023.6,15.7,0.00,pathseer:60
beir500k-f32,neg10_cat02,neg10,55947,pathseer-reorder,512,3,60,0.9950,0.9500,0.00005,26.934,43.710,49.187,27.998,26981.5,0.0,156431.2,11845.2,16.0,1016.0,1006.9,40.1,124023.6,15.7,0.00,pathseer:60
beir500k-f32,neg10_cat03,neg10,66486,pathseer-reorder,64,1,55,0.8255,0.3273,0.00313,6.515,16.577,18.456,7.522,7984.0,0.0,49291.1,2822.3,3.0,263.0,146.6,7.7,39640.0,2.3,0.00,pathseer:55
beir500k-f32,neg10_cat03,neg10,66486,pathseer-reorder,64,2,55,0.8255,0.3273,0.00313,6.272,16.539,18.092,7.541,7984.0,0.0,49291.1,2822.3,3.0,263.0,146.6,7.7,39640.0,2.3,0.00,pathseer:55
beir500k-f32,neg10_cat03,neg10,66486,pathseer-reorder,64,3,55,0.8255,0.3273,0.00313,6.285,16.489,18.105,7.486,7984.0,0.0,49291.1,2822.3,3.0,263.0,146.6,7.7,39640.0,2.3,0.00,pathseer:55
beir500k-f32,neg10_cat03,neg10,66486,pathseer-reorder,128,1,55,0.8891,0.4727,0.00201,9.766,22.602,24.217,11.224,12623.2,0.0,62607.0,4078.7,5.0,461.0,260.7,15.2,47975.7,4.1,0.00,pathseer:55
beir500k-f32,neg10_cat03,neg10,66486,pathseer-reorder,128,2,55,0.8891,0.4727,0.00201,9.720,22.811,24.645,11.301,12623.2,0.0,62607.0,4078.7,5.0,461.0,260.7,15.2,47975.7,4.1,0.00,pathseer:55
beir500k-f32,neg10_cat03,neg10,66486,pathseer-reorder,128,3,55,0.8891,0.4727,0.00201,9.734,22.681,24.518,11.251,12623.2,0.0,62607.0,4078.7,5.0,461.0,260.7,15.2,47975.7,4.1,0.00,pathseer:55
beir500k-f32,neg10_cat03,neg10,66486,pathseer-reorder,256,1,55,0.9436,0.6727,0.00088,14.691,30.963,32.793,16.823,19450.8,0.0,79803.0,5886.2,9.0,818.0,522.5,25.2,58096.6,8.2,0.00,pathseer:55
beir500k-f32,neg10_cat03,neg10,66486,pathseer-reorder,256,2,55,0.9436,0.6727,0.00088,14.519,30.304,32.711,16.670,19450.8,0.0,79803.0,5886.2,9.0,818.0,522.5,25.2,58096.6,8.2,0.00,pathseer:55
beir500k-f32,neg10_cat03,neg10,66486,pathseer-reorder,256,3,55,0.9436,0.6727,0.00088,14.637,30.654,32.612,16.779,19450.8,0.0,79803.0,5886.2,9.0,818.0,522.5,25.2,58096.6,8.2,0.00,pathseer:55
beir500k-f32,neg10_cat03,neg10,66486,pathseer-reorder,512,1,55,0.9800,0.8727,0.00028,24.176,43.266,43.347,24.947,29348.1,0.0,105675.6,8609.5,17.0,1464.0,1111.3,43.3,73810.8,17.4,0.00,pathseer:55
beir500k-f32,neg10_cat03,neg10,66486,pathseer-reorder,512,2,55,0.9800,0.8727,0.00028,24.019,41.815,43.535,24.820,29348.1,0.0,105675.6,8609.5,17.0,1464.0,1111.3,43.3,73810.8,17.4,0.00,pathseer:55
beir500k-f32,neg10_cat03,neg10,66486,pathseer-reorder,512,3,55,0.9800,0.8727,0.00028,24.082,41.819,43.424,24.757,29348.1,0.0,105675.6,8609.5,17.0,1464.0,1111.3,43.3,73810.8,17.4,0.00,pathseer:55
beir500k-f32,neg10_cat04,neg10,52652,pathseer-reorder,64,1,57,0.9509,0.6667,0.00051,7.066,12.294,12.834,6.885,6341.6,0.0,55099.1,3211.9,3.0,252.0,160.6,6.4,46511.3,2.5,0.00,pathseer:57
beir500k-f32,neg10_cat04,neg10,52652,pathseer-reorder,64,2,57,0.9509,0.6667,0.00051,7.101,12.323,12.738,6.898,6341.6,0.0,55099.1,3211.9,3.0,252.0,160.6,6.4,46511.3,2.5,0.00,pathseer:57
beir500k-f32,neg10_cat04,neg10,52652,pathseer-reorder,64,3,57,0.9509,0.6667,0.00051,7.113,12.497,12.807,6.923,6341.6,0.0,55099.1,3211.9,3.0,252.0,160.6,6.4,46511.3,2.5,0.00,pathseer:57
beir500k-f32,neg10_cat04,neg10,52652,pathseer-reorder,128,1,57,0.9789,0.8246,0.00022,11.022,17.820,18.780,10.956,10201.7,0.0,72785.9,4979.3,5.0,549.0,290.8,11.2,59323.5,4.5,0.00,pathseer:57
beir500k-f32,neg10_cat04,neg10,52652,pathseer-reorder,128,2,57,0.9789,0.8246,0.00022,10.852,17.960,18.531,10.876,10201.7,0.0,72785.9,4979.3,5.0,549.0,290.8,11.2,59323.5,4.5,0.00,pathseer:57
beir500k-f32,neg10_cat04,neg10,52652,pathseer-reorder,128,3,57,0.9789,0.8246,0.00022,10.817,18.177,18.426,10.889,10201.7,0.0,72785.9,4979.3,5.0,549.0,290.8,11.2,59323.5,4.5,0.00,pathseer:57
beir500k-f32,neg10_cat04,neg10,52652,pathseer-reorder,256,1,57,0.9965,0.9649,0.00004,16.829,23.255,25.103,16.310,15879.0,0.0,89947.8,7390.8,10.0,1091.0,592.8,22.9,69599.7,9.3,0.00,pathseer:57
beir500k-f32,neg10_cat04,neg10,52652,pathseer-reorder,256,2,57,0.9965,0.9649,0.00004,16.857,23.582,25.362,16.405,15879.0,0.0,89947.8,7390.8,10.0,1091.0,592.8,22.9,69599.7,9.3,0.00,pathseer:57
beir500k-f32,neg10_cat04,neg10,52652,pathseer-reorder,256,3,57,0.9965,0.9649,0.00004,16.900,23.368,25.111,16.423,15879.0,0.0,89947.8,7390.8,10.0,1091.0,592.8,22.9,69599.7,9.3,0.00,pathseer:57
beir500k-f32,neg10_cat04,neg10,52652,pathseer-reorder,512,1,57,0.9982,0.9825,0.00002,24.139,32.383,33.989,23.560,23878.6,0.0,104898.4,10631.8,20.0,1930.0,1246.3,50.1,75108.9,19.5,0.00,pathseer:57
beir500k-f32,neg10_cat04,neg10,52652,pathseer-reorder,512,2,57,0.9982,0.9825,0.00002,24.415,32.399,34.051,23.647,23878.6,0.0,104898.4,10631.8,20.0,1930.0,1246.3,50.1,75108.9,19.5,0.00,pathseer:57
beir500k-f32,neg10_cat04,neg10,52652,pathseer-reorder,512,3,57,0.9982,0.9825,0.00002,24.326,33.050,34.644,23.749,23878.6,0.0,104898.4,10631.8,20.0,1930.0,1246.3,50.1,75108.9,19.5,0.00,pathseer:57
beir500k-f32,neg10_cat05,neg10,52680,pathseer-reorder,64,1,20,0.9850,0.8500,0.00007,4.482,15.638,17.202,6.192,5628.9,0.0,54846.2,2829.8,3.0,126.0,150.4,5.8,47302.8,2.4,0.00,pathseer:20
beir500k-f32,neg10_cat05,neg10,52680,pathseer-reorder,64,2,20,0.9850,0.8500,0.00007,4.627,15.824,17.018,6.216,5628.9,0.0,54846.2,2829.8,3.0,126.0,150.4,5.8,47302.8,2.4,0.00,pathseer:20
beir500k-f32,neg10_cat05,neg10,52680,pathseer-reorder,64,3,20,0.9850,0.8500,0.00007,4.511,15.872,17.279,6.236,5628.9,0.0,54846.2,2829.8,3.0,126.0,150.4,5.8,47302.8,2.4,0.00,pathseer:20
beir500k-f32,neg10_cat05,neg10,52680,pathseer-reorder,128,1,20,0.9900,0.9000,0.00006,8.437,26.133,28.983,10.660,9589.2,0.0,84384.7,4850.1,5.0,258.0,272.0,15.8,71628.2,4.2,0.00,pathseer:20
beir500k-f32,neg10_cat05,neg10,52680,pathseer-reorder,128,2,20,0.9900,0.9000,0.00006,8.755,26.342,28.904,10.719,9589.2,0.0,84384.7,4850.1,5.0,258.0,272.0,15.8,71628.2,4.2,0.00,pathseer:20
beir500k-f32,neg10_cat05,neg10,52680,pathseer-reorder,128,3,20,0.9900,0.9000,0.00006,8.638,26.000,29.196,10.703,9589.2,0.0,84384.7,4850.1,5.0,258.0,272.0,15.8,71628.2,4.2,0.00,pathseer:20
beir500k-f32,neg10_cat05,neg10,52680,pathseer-reorder,256,1,20,1.0000,1.0000,0.00000,13.604,39.324,40.551,17.567,15777.8,0.0,125047.7,7999.9,10.0,533.0,569.6,32.8,104129.1,8.9,0.00,pathseer:20
beir500k-f32,neg10_cat05,neg10,52680,pathseer-reorder,256,2,20,1.0000,1.0000,0.00000,13.685,39.253,40.616,17.559,15777.8,0.0,125047.7,7999.9,10.0,533.0,569.6,32.8,104129.1,8.9,0.00,pathseer:20
beir500k-f32,neg10_cat05,neg10,52680,pathseer-reorder,256,3,20,1.0000,1.0000,0.00000,13.509,39.327,40.723,17.618,15777.8,0.0,125047.7,7999.9,10.0,533.0,569.6,32.8,104129.1,8.9,0.00,pathseer:20
beir500k-f32,neg10_cat05,neg10,52680,pathseer-reorder,512,1,20,1.0000,1.0000,0.00000,27.699,56.445,56.482,28.773,25737.0,0.0,180584.5,13006.3,20.0,1072.0,1241.6,59.8,146590.2,19.4,0.00,pathseer:20
beir500k-f32,neg10_cat05,neg10,52680,pathseer-reorder,512,2,20,1.0000,1.0000,0.00000,27.103,55.502,58.861,28.836,25737.0,0.0,180584.5,13006.3,20.0,1072.0,1241.6,59.8,146590.2,19.4,0.00,pathseer:20
beir500k-f32,neg10_cat05,neg10,52680,pathseer-reorder,512,3,20,1.0000,1.0000,0.00000,26.666,55.509,56.975,28.497,25737.0,0.0,180584.5,13006.3,20.0,1072.0,1241.6,59.8,146590.2,19.4,0.00,pathseer:20
beir500k-f32,neg10_cat06,neg10,73753,pathseer-reorder,64,1,49,0.9633,0.7143,0.00047,4.490,12.114,18.159,5.859,5599.5,0.0,42859.9,2617.3,3.0,204.0,143.7,11.3,35682.0,2.2,0.00,pathseer:49
beir500k-f32,neg10_cat06,neg10,73753,pathseer-reorder,64,2,49,0.9633,0.7143,0.00047,4.820,13.013,18.203,5.906,5599.5,0.0,42859.9,2617.3,3.0,204.0,143.7,11.3,35682.0,2.2,0.00,pathseer:49
beir500k-f32,neg10_cat06,neg10,73753,pathseer-reorder,64,3,49,0.9633,0.7143,0.00047,4.513,12.275,18.269,5.828,5599.5,0.0,42859.9,2617.3,3.0,204.0,143.7,11.3,35682.0,2.2,0.00,pathseer:49
beir500k-f32,neg10_cat06,neg10,73753,pathseer-reorder,128,1,49,0.9776,0.8163,0.00021,8.315,18.834,24.146,9.015,9082.4,0.0,54939.0,3921.1,5.0,410.0,274.3,18.7,43851.2,4.3,0.00,pathseer:49
beir500k-f32,neg10_cat06,neg10,73753,pathseer-reorder,128,2,49,0.9776,0.8163,0.00021,8.060,18.552,24.396,8.998,9082.4,0.0,54939.0,3921.1,5.0,410.0,274.3,18.7,43851.2,4.3,0.00,pathseer:49
beir500k-f32,neg10_cat06,neg10,73753,pathseer-reorder,128,3,49,0.9776,0.8163,0.00021,8.207,18.606,26.079,9.099,9082.4,0.0,54939.0,3921.1,5.0,410.0,274.3,18.7,43851.2,4.3,0.00,pathseer:49
beir500k-f32,neg10_cat06,neg10,73753,pathseer-reorder,256,1,49,0.9837,0.8571,0.00019,12.431,25.835,30.743,13.398,14134.6,0.0,66924.6,5627.2,10.0,663.0,547.3,34.2,50545.1,8.6,0.00,pathseer:49
beir500k-f32,neg10_cat06,neg10,73753,pathseer-reorder,256,2,49,0.9837,0.8571,0.00019,12.362,25.915,30.852,13.440,14134.6,0.0,66924.6,5627.2,10.0,663.0,547.3,34.2,50545.1,8.6,0.00,pathseer:49
beir500k-f32,neg10_cat06,neg10,73753,pathseer-reorder,256,3,49,0.9837,0.8571,0.00019,12.420,25.712,31.272,13.352,14134.6,0.0,66924.6,5627.2,10.0,663.0,547.3,34.2,50545.1,8.6,0.00,pathseer:49
beir500k-f32,neg10_cat06,neg10,73753,pathseer-reorder,512,1,49,0.9959,0.9592,0.00002,18.731,34.468,40.955,19.654,21586.8,0.0,80465.9,7937.4,20.0,1274.0,1206.9,65.4,56624.7,18.9,0.00,pathseer:49
beir500k-f32,neg10_cat06,neg10,73753,pathseer-reorder,512,2,49,0.9959,0.9592,0.00002,19.310,34.733,41.059,19.787,21586.8,0.0,80465.9,7937.4,20.0,1274.0,1206.9,65.4,56624.7,18.9,0.00,pathseer:49
beir500k-f32,neg10_cat06,neg10,73753,pathseer-reorder,512,3,49,0.9959,0.9592,0.00002,19.299,35.819,45.830,20.322,21586.8,0.0,80465.9,7937.4,20.0,1274.0,1206.9,65.4,56624.7,18.9,0.00,pathseer:49
beir500k-f32,neg10_cat07,neg10,63741,pathseer-reorder,64,1,41,0.9537,0.7317,0.00099,4.756,17.113,25.521,6.704,6599.7,0.0,50269.3,2721.1,3.0,168.0,154.5,4.8,41970.7,2.4,0.00,pathseer:41
beir500k-f32,neg10_cat07,neg10,63741,pathseer-reorder,64,2,41,0.9537,0.7317,0.00099,4.765,17.019,25.588,6.684,6599.7,0.0,50269.3,2721.1,3.0,168.0,154.5,4.8,41970.7,2.4,0.00,pathseer:41
beir500k-f32,neg10_cat07,neg10,63741,pathseer-reorder,64,3,41,0.9537,0.7317,0.00099,4.765,17.115,25.642,6.688,6599.7,0.0,50269.3,2721.1,3.0,168.0,154.5,4.8,41970.7,2.4,0.00,pathseer:41
beir500k-f32,neg10_cat07,neg10,63741,pathseer-reorder,128,1,41,0.9805,0.8537,0.00040,8.524,25.155,35.483,10.744,10898.4,0.0,72062.3,4290.3,6.0,385.0,291.9,10.4,58693.5,4.6,0.00,pathseer:41
beir500k-f32,neg10_cat07,neg10,63741,pathseer-reorder,128,2,41,0.9805,0.8537,0.00040,8.463,25.018,35.679,10.717,10898.4,0.0,72062.3,4290.3,6.0,385.0,291.9,10.4,58693.5,4.6,0.00,pathseer:41
beir500k-f32,neg10_cat07,neg10,63741,pathseer-reorder,128,3,41,0.9805,0.8537,0.00040,8.491,24.828,35.206,10.703,10898.4,0.0,72062.3,4290.3,6.0,385.0,291.9,10.4,58693.5,4.6,0.00,pathseer:41
beir500k-f32,neg10_cat07,neg10,63741,pathseer-reorder,256,1,41,0.9878,0.9024,0.00030,13.785,34.431,47.338,16.781,17337.1,0.0,102231.5,6637.2,10.0,658.0,552.6,20.7,81424.8,8.6,0.00,pathseer:41
beir500k-f32,neg10_cat07,neg10,63741,pathseer-reorder,256,2,41,0.9878,0.9024,0.00030,13.834,34.620,47.501,16.827,17337.1,0.0,102231.5,6637.2,10.0,658.0,552.6,20.7,81424.8,8.6,0.00,pathseer:41
beir500k-f32,neg10_cat07,neg10,63741,pathseer-reorder,256,3,41,0.9878,0.9024,0.00030,13.913,34.685,47.877,16.940,17337.1,0.0,102231.5,6637.2,10.0,658.0,552.6,20.7,81424.8,8.6,0.00,pathseer:41
beir500k-f32,neg10_cat07,neg10,63741,pathseer-reorder,512,1,41,0.9951,0.9512,0.00017,21.897,49.068,66.160,26.067,27352.1,0.0,142360.6,10210.9,19.0,1186.0,1181.7,48.3,110021.3,18.5,0.00,pathseer:41
beir500k-f32,neg10_cat07,neg10,63741,pathseer-reorder,512,2,41,0.9951,0.9512,0.00017,22.173,49.272,67.145,26.006,27352.1,0.0,142360.6,10210.9,19.0,1186.0,1181.7,48.3,110021.3,18.5,0.00,pathseer:41
beir500k-f32,neg10_cat07,neg10,63741,pathseer-reorder,512,3,41,0.9951,0.9512,0.00017,22.314,49.444,66.833,26.190,27352.1,0.0,142360.6,10210.9,19.0,1186.0,1181.7,48.3,110021.3,18.5,0.00,pathseer:41
beir500k-f32,neg10_cat08,neg10,63800,pathseer-reorder,64,1,52,0.9885,0.9231,0.00022,14.534,24.620,25.197,15.057,11472.7,0.0,114484.2,7705.6,3.0,690.0,151.4,2.3,96104.2,2.4,0.00,pathseer:52
beir500k-f32,neg10_cat08,neg10,63800,pathseer-reorder,64,2,52,0.9885,0.9231,0.00022,14.641,24.226,24.935,15.061,11472.7,0.0,114484.2,7705.6,3.0,690.0,151.4,2.3,96104.2,2.4,0.00,pathseer:52
beir500k-f32,neg10_cat08,neg10,63800,pathseer-reorder,64,3,52,0.9885,0.9231,0.00022,14.429,24.449,24.972,14.923,11472.7,0.0,114484.2,7705.6,3.0,690.0,151.4,2.3,96104.2,2.4,0.00,pathseer:52
beir500k-f32,neg10_cat08,neg10,63800,pathseer-reorder,128,1,52,0.9923,0.9423,0.00013,21.236,32.731,33.678,22.276,17553.5,0.0,145647.4,11505.6,5.0,1411.0,265.8,5.1,118024.6,4.2,0.00,pathseer:52
beir500k-f32,neg10_cat08,neg10,63800,pathseer-reorder,128,2,52,0.9923,0.9423,0.00013,22.639,33.097,33.822,22.292,17553.5,0.0,145647.4,11505.6,5.0,1411.0,265.8,5.1,118024.6,4.2,0.00,pathseer:52
beir500k-f32,neg10_cat08,neg10,63800,pathseer-reorder,128,3,52,0.9923,0.9423,0.00013,21.135,32.909,33.722,22.137,17553.5,0.0,145647.4,11505.6,5.0,1411.0,265.8,5.1,118024.6,4.2,0.00,pathseer:52
beir500k-f32,neg10_cat08,neg10,63800,pathseer-reorder,256,1,52,0.9942,0.9615,0.00011,32.866,47.577,49.832,32.314,26360.4,0.0,181498.8,16810.9,9.0,2531.0,536.6,9.6,140754.2,8.4,0.00,pathseer:52
beir500k-f32,neg10_cat08,neg10,63800,pathseer-reorder,256,2,52,0.9942,0.9615,0.00011,32.194,47.650,49.319,32.121,26360.4,0.0,181498.8,16810.9,9.0,2531.0,536.6,9.6,140754.2,8.4,0.00,pathseer:52
beir500k-f32,neg10_cat08,neg10,63800,pathseer-reorder,256,3,52,0.9942,0.9615,0.00011,31.995,47.428,49.249,32.112,26360.4,0.0,181498.8,16810.9,9.0,2531.0,536.6,9.6,140754.2,8.4,0.00,pathseer:52
beir500k-f32,neg10_cat08,neg10,63800,pathseer-reorder,512,1,52,0.9981,0.9808,0.00000,47.382,67.114,74.931,46.202,39057.6,0.0,231945.9,24183.6,19.0,4914.0,1201.2,18.4,172567.2,18.8,0.00,pathseer:52
beir500k-f32,neg10_cat08,neg10,63800,pathseer-reorder,512,2,52,0.9981,0.9808,0.00000,47.253,67.237,74.127,46.263,39057.6,0.0,231945.9,24183.6,19.0,4914.0,1201.2,18.4,172567.2,18.8,0.00,pathseer:52
beir500k-f32,neg10_cat08,neg10,63800,pathseer-reorder,512,3,52,0.9981,0.9808,0.00000,47.588,66.521,74.454,46.134,39057.6,0.0,231945.9,24183.6,19.0,4914.0,1201.2,18.4,172567.2,18.8,0.00,pathseer:52
beir500k-f32,neg10_cat09,neg10,60723,pathseer-reorder,64,1,55,0.9145,0.5636,0.00134,37.869,50.467,54.576,34.889,25046.1,0.0,208944.7,20443.9,3.0,3853.0,161.7,2.2,164475.2,2.5,0.00,pathseer:55
beir500k-f32,neg10_cat09,neg10,60723,pathseer-reorder,64,2,55,0.9145,0.5636,0.00134,37.226,50.183,54.986,34.731,25046.1,0.0,208944.7,20443.9,3.0,3853.0,161.7,2.2,164475.2,2.5,0.00,pathseer:55
beir500k-f32,neg10_cat09,neg10,60723,pathseer-reorder,64,3,55,0.9145,0.5636,0.00134,38.035,50.128,55.768,34.873,25046.1,0.0,208944.7,20443.9,3.0,3853.0,161.7,2.2,164475.2,2.5,0.00,pathseer:55
beir500k-f32,neg10_cat09,neg10,60723,pathseer-reorder,128,1,55,0.9527,0.7091,0.00088,48.098,68.001,83.067,47.387,35146.1,0.0,250148.6,27443.6,5.0,6953.0,292.1,4.0,189422.2,4.6,0.00,pathseer:55
beir500k-f32,neg10_cat09,neg10,60723,pathseer-reorder,128,2,55,0.9527,0.7091,0.00088,48.312,63.885,67.865,46.855,35146.1,0.0,250148.6,27443.6,5.0,6953.0,292.1,4.0,189422.2,4.6,0.00,pathseer:55
beir500k-f32,neg10_cat09,neg10,60723,pathseer-reorder,128,3,55,0.9527,0.7091,0.00088,49.149,66.219,67.973,46.861,35146.1,0.0,250148.6,27443.6,5.0,6953.0,292.1,4.0,189422.2,4.6,0.00,pathseer:55
beir500k-f32,neg10_cat09,neg10,60723,pathseer-reorder,256,1,55,0.9800,0.8364,0.00039,65.566,86.985,87.858,64.012,49872.6,0.0,312203.9,36819.7,10.0,11394.0,603.9,5.6,228809.2,9.4,0.00,pathseer:55
beir500k-f32,neg10_cat09,neg10,60723,pathseer-reorder,256,2,55,0.9800,0.8364,0.00039,65.548,86.726,87.576,64.038,49872.6,0.0,312203.9,36819.7,10.0,11394.0,603.9,5.6,228809.2,9.4,0.00,pathseer:55
beir500k-f32,neg10_cat09,neg10,60723,pathseer-reorder,256,3,55,0.9800,0.8364,0.00039,64.849,86.288,91.972,63.929,49872.6,0.0,312203.9,36819.7,10.0,11394.0,603.9,5.6,228809.2,9.4,0.00,pathseer:55
beir500k-f32,neg10_cat09,neg10,60723,pathseer-reorder,512,1,55,0.9964,0.9636,0.00006,87.821,116.981,123.098,86.972,69711.3,0.0,402617.7,48711.4,23.0,17681.0,1415.0,10.0,289509.1,22.1,0.00,pathseer:55
beir500k-f32,neg10_cat09,neg10,60723,pathseer-reorder,512,2,55,0.9964,0.9636,0.00006,89.555,113.061,122.818,87.400,69711.3,0.0,402617.7,48711.4,23.0,17681.0,1415.0,10.0,289509.1,22.1,0.00,pathseer:55
beir500k-f32,neg10_cat09,neg10,60723,pathseer-reorder,512,3,55,0.9964,0.9636,0.00006,88.738,114.783,123.900,86.977,69711.3,0.0,402617.7,48711.4,23.0,17681.0,1415.0,10.0,289509.1,22.1,0.00,pathseer:55
beir500k-f32,neg10_cat10,neg10,61023,pathseer-reorder,64,1,50,0.9860,0.8600,0.00006,12.327,22.235,24.376,12.391,9387.0,0.0,106789.4,6136.1,3.0,678.0,157.4,2.0,92003.5,2.5,0.00,pathseer:50
beir500k-f32,neg10_cat10,neg10,61023,pathseer-reorder,64,2,50,0.9860,0.8600,0.00006,12.398,21.742,25.077,12.221,9387.0,0.0,106789.4,6136.1,3.0,678.0,157.4,2.0,92003.5,2.5,0.00,pathseer:50
beir500k-f32,neg10_cat10,neg10,61023,pathseer-reorder,64,3,50,0.9860,0.8600,0.00006,12.307,21.451,24.414,12.162,9387.0,0.0,106789.4,6136.1,3.0,678.0,157.4,2.0,92003.5,2.5,0.00,pathseer:50
beir500k-f32,neg10_cat10,neg10,61023,pathseer-reorder,128,1,50,1.0000,1.0000,0.00000,20.664,31.455,34.288,19.701,15306.2,0.0,155235.4,9944.7,5.0,1111.0,289.3,3.7,131354.7,4.5,0.00,pathseer:50
beir500k-f32,neg10_cat10,neg10,61023,pathseer-reorder,128,2,50,1.0000,1.0000,0.00000,20.632,31.876,34.282,19.778,15306.2,0.0,155235.4,9944.7,5.0,1111.0,289.3,3.7,131354.7,4.5,0.00,pathseer:50
beir500k-f32,neg10_cat10,neg10,61023,pathseer-reorder,128,3,50,1.0000,1.0000,0.00000,20.849,33.957,47.655,20.449,15306.2,0.0,155235.4,9944.7,5.0,1111.0,289.3,3.7,131354.7,4.5,0.00,pathseer:50
beir500k-f32,neg10_cat10,neg10,61023,pathseer-reorder,256,1,50,1.0000,1.0000,0.00000,33.135,49.374,53.368,31.657,25050.2,0.0,219479.6,16063.0,10.0,2230.0,608.0,10.8,180838.5,9.5,0.00,pathseer:50
beir500k-f32,neg10_cat10,neg10,61023,pathseer-reorder,256,2,50,1.0000,1.0000,0.00000,34.211,49.051,50.633,31.816,25050.2,0.0,219479.6,16063.0,10.0,2230.0,608.0,10.8,180838.5,9.5,0.00,pathseer:50
beir500k-f32,neg10_cat10,neg10,61023,pathseer-reorder,256,3,50,1.0000,1.0000,0.00000,33.884,49.860,51.597,32.330,25050.2,0.0,219479.6,16063.0,10.0,2230.0,608.0,10.8,180838.5,9.5,0.00,pathseer:50
beir500k-f32,neg10_cat10,neg10,61023,pathseer-reorder,512,1,50,1.0000,1.0000,0.00000,53.693,70.783,82.057,49.970,39857.0,0.0,297168.0,24824.3,21.0,4319.0,1294.1,25.5,236797.8,20.2,0.00,pathseer:50
beir500k-f32,neg10_cat10,neg10,61023,pathseer-reorder,512,2,50,1.0000,1.0000,0.00000,53.359,70.378,81.785,49.668,39857.0,0.0,297168.0,24824.3,21.0,4319.0,1294.1,25.5,236797.8,20.2,0.00,pathseer:50
beir500k-f32,neg10_cat10,neg10,61023,pathseer-reorder,512,3,50,1.0000,1.0000,0.00000,53.266,70.455,81.736,49.734,39857.0,0.0,297168.0,24824.3,21.0,4319.0,1294.1,25.5,236797.8,20.2,0.00,pathseer:50
beir500k-f32,neg10_cat11,neg10,58822,pathseer-reorder,64,1,32,0.9812,0.8438,0.00021,31.061,63.866,68.544,31.513,23769.4,0.0,206505.2,16701.0,3.0,2497.0,156.0,1.5,167041.4,2.4,0.00,pathseer:32
beir500k-f32,neg10_cat11,neg10,58822,pathseer-reorder,64,2,32,0.9812,0.8438,0.00021,30.754,64.472,68.029,31.593,23769.4,0.0,206505.2,16701.0,3.0,2497.0,156.0,1.5,167041.4,2.4,0.00,pathseer:32
beir500k-f32,neg10_cat11,neg10,58822,pathseer-reorder,64,3,32,0.9812,0.8438,0.00021,30.382,64.820,68.420,31.720,23769.4,0.0,206505.2,16701.0,3.0,2497.0,156.0,1.5,167041.4,2.4,0.00,pathseer:32
beir500k-f32,neg10_cat11,neg10,58822,pathseer-reorder,128,1,32,0.9906,0.9375,0.00017,45.767,82.235,90.316,45.510,35441.1,0.0,261704.3,24208.1,5.0,4426.0,288.0,2.2,203872.9,4.5,0.00,pathseer:32
beir500k-f32,neg10_cat11,neg10,58822,pathseer-reorder,128,2,32,0.9906,0.9375,0.00017,45.722,82.889,90.398,45.568,35441.1,0.0,261704.3,24208.1,5.0,4426.0,288.0,2.2,203872.9,4.5,0.00,pathseer:32
beir500k-f32,neg10_cat11,neg10,58822,pathseer-reorder,128,3,32,0.9906,0.9375,0.00017,45.895,82.647,91.745,45.732,35441.1,0.0,261704.3,24208.1,5.0,4426.0,288.0,2.2,203872.9,4.5,0.00,pathseer:32
beir500k-f32,neg10_cat11,neg10,58822,pathseer-reorder,256,1,32,0.9938,0.9688,0.00006,63.681,111.518,125.802,64.312,51074.7,0.0,322995.5,33970.2,10.0,7654.0,612.0,4.7,241151.5,9.6,0.00,pathseer:32
beir500k-f32,neg10_cat11,neg10,58822,pathseer-reorder,256,2,32,0.9938,0.9688,0.00006,63.019,111.502,124.573,64.367,51074.7,0.0,322995.5,33970.2,10.0,7654.0,612.0,4.7,241151.5,9.6,0.00,pathseer:32
beir500k-f32,neg10_cat11,neg10,58822,pathseer-reorder,256,3,32,0.9938,0.9688,0.00006,63.015,111.420,124.945,63.804,51074.7,0.0,322995.5,33970.2,10.0,7654.0,612.0,4.7,241151.5,9.6,0.00,pathseer:32
beir500k-f32,neg10_cat11,neg10,58822,pathseer-reorder,512,1,32,0.9969,0.9688,0.00004,89.798,145.180,163.980,90.821,73820.5,0.0,392347.3,46731.9,23.0,12265.0,1362.0,10.0,277037.8,21.3,0.00,pathseer:32
beir500k-f32,neg10_cat11,neg10,58822,pathseer-reorder,512,2,32,0.9969,0.9688,0.00004,89.273,147.773,166.388,88.960,73820.5,0.0,392347.3,46731.9,23.0,12265.0,1362.0,10.0,277037.8,21.3,0.00,pathseer:32
beir500k-f32,neg10_cat11,neg10,58822,pathseer-reorder,512,3,32,0.9969,0.9688,0.00004,88.385,141.426,169.413,89.482,73820.5,0.0,392347.3,46731.9,23.0,12265.0,1362.0,10.0,277037.8,21.3,0.00,pathseer:32
beir500k-f32,neg10_cat12,neg10,60873,pathseer-reorder,64,1,66,0.9515,0.6667,0.00070,22.768,39.580,41.240,21.614,15199.2,0.0,147121.2,11926.2,3.0,1445.0,161.9,3.0,121053.9,2.5,0.00,pathseer:66
beir500k-f32,neg10_cat12,neg10,60873,pathseer-reorder,64,2,66,0.9515,0.6667,0.00070,22.503,37.982,39.058,21.173,15199.2,0.0,147121.2,11926.2,3.0,1445.0,161.9,3.0,121053.9,2.5,0.00,pathseer:66
beir500k-f32,neg10_cat12,neg10,60873,pathseer-reorder,64,3,66,0.9515,0.6667,0.00070,22.273,38.189,39.451,21.345,15199.2,0.0,147121.2,11926.2,3.0,1445.0,161.9,3.0,121053.9,2.5,0.00,pathseer:66
beir500k-f32,neg10_cat12,neg10,60873,pathseer-reorder,128,1,66,0.9803,0.8182,0.00036,33.898,49.810,51.942,30.753,22902.8,0.0,183957.2,17334.3,5.0,2627.0,296.7,5.4,145656.0,4.6,0.00,pathseer:66
beir500k-f32,neg10_cat12,neg10,60873,pathseer-reorder,128,2,66,0.9803,0.8182,0.00036,33.619,48.929,50.525,30.646,22902.8,0.0,183957.2,17334.3,5.0,2627.0,296.7,5.4,145656.0,4.6,0.00,pathseer:66
beir500k-f32,neg10_cat12,neg10,60873,pathseer-reorder,128,3,66,0.9803,0.8182,0.00036,33.604,50.081,51.377,31.009,22902.8,0.0,183957.2,17334.3,5.0,2627.0,296.7,5.4,145656.0,4.6,0.00,pathseer:66
beir500k-f32,neg10_cat12,neg10,60873,pathseer-reorder,256,1,66,0.9879,0.8788,0.00032,46.853,61.886,62.961,42.656,33543.3,0.0,221583.7,24221.8,10.0,4961.0,644.8,9.3,167160.3,10.1,0.00,pathseer:66
beir500k-f32,neg10_cat12,neg10,60873,pathseer-reorder,256,2,66,0.9879,0.8788,0.00032,46.868,60.548,63.628,42.635,33543.3,0.0,221583.7,24221.8,10.0,4961.0,644.8,9.3,167160.3,10.1,0.00,pathseer:66
beir500k-f32,neg10_cat12,neg10,60873,pathseer-reorder,256,3,66,0.9879,0.8788,0.00032,47.250,61.364,63.056,42.789,33543.3,0.0,221583.7,24221.8,10.0,4961.0,644.8,9.3,167160.3,10.1,0.00,pathseer:66
beir500k-f32,neg10_cat12,neg10,60873,pathseer-reorder,512,1,66,0.9939,0.9394,0.00025,60.503,78.295,83.502,58.356,47882.2,0.0,267910.7,32652.9,23.0,9324.0,1455.3,19.8,192863.3,22.7,0.00,pathseer:66
beir500k-f32,neg10_cat12,neg10,60873,pathseer-reorder,512,2,66,0.9939,0.9394,0.00025,60.544,77.348,82.499,58.290,47882.2,0.0,267910.7,32652.9,23.0,9324.0,1455.3,19.8,192863.3,22.7,0.00,pathseer:66
beir500k-f32,neg10_cat12,neg10,60873,pathseer-reorder,512,3,66,0.9939,0.9394,0.00025,60.660,78.654,82.831,58.190,47882.2,0.0,267910.7,32652.9,23.0,9324.0,1455.3,19.8,192863.3,22.7,0.00,pathseer:66
beir500k-f32,neg10_cat13,neg10,62221,pathseer-reorder,64,1,54,0.9815,0.8889,0.00036,3.054,8.327,11.525,3.818,3888.0,0.0,29400.6,1598.8,3.0,98.0,155.3,9.5,24646.1,2.4,0.00,pathseer:54
beir500k-f32,neg10_cat13,neg10,62221,pathseer-reorder,64,2,54,0.9815,0.8889,0.00036,3.013,8.452,11.454,3.801,3888.0,0.0,29400.6,1598.8,3.0,98.0,155.3,9.5,24646.1,2.4,0.00,pathseer:54
beir500k-f32,neg10_cat13,neg10,62221,pathseer-reorder,64,3,54,0.9815,0.8889,0.00036,3.038,8.208,11.462,3.777,3888.0,0.0,29400.6,1598.8,3.0,98.0,155.3,9.5,24646.1,2.4,0.00,pathseer:54
beir500k-f32,neg10_cat13,neg10,62221,pathseer-reorder,128,1,54,0.9963,0.9630,0.00001,5.859,13.220,17.692,6.369,6519.0,0.0,44986.8,2668.3,5.0,192.0,269.0,15.6,37108.3,4.2,0.00,pathseer:54
beir500k-f32,neg10_cat13,neg10,62221,pathseer-reorder,128,2,54,0.9963,0.9630,0.00001,5.944,13.162,17.854,6.387,6519.0,0.0,44986.8,2668.3,5.0,192.0,269.0,15.6,37108.3,4.2,0.00,pathseer:54
beir500k-f32,neg10_cat13,neg10,62221,pathseer-reorder,128,3,54,0.9963,0.9630,0.00001,5.925,13.129,17.440,6.369,6519.0,0.0,44986.8,2668.3,5.0,192.0,269.0,15.6,37108.3,4.2,0.00,pathseer:54
beir500k-f32,neg10_cat13,neg10,62221,pathseer-reorder,256,1,54,0.9981,0.9815,0.00001,10.403,21.832,24.227,10.737,10817.7,0.0,68399.8,4434.1,10.0,495.0,571.3,30.0,55338.8,8.9,0.00,pathseer:54
beir500k-f32,neg10_cat13,neg10,62221,pathseer-reorder,256,2,54,0.9981,0.9815,0.00001,10.392,21.816,24.436,10.612,10817.7,0.0,68399.8,4434.1,10.0,495.0,571.3,30.0,55338.8,8.9,0.00,pathseer:54
beir500k-f32,neg10_cat13,neg10,62221,pathseer-reorder,256,3,54,0.9981,0.9815,0.00001,10.426,21.602,24.398,10.621,10817.7,0.0,68399.8,4434.1,10.0,495.0,571.3,30.0,55338.8,8.9,0.00,pathseer:54
beir500k-f32,neg10_cat13,neg10,62221,pathseer-reorder,512,1,54,0.9981,0.9815,0.00001,17.227,34.386,36.681,17.825,18054.4,0.0,103985.7,7447.4,20.0,936.0,1232.6,65.3,82069.5,19.3,0.00,pathseer:54
beir500k-f32,neg10_cat13,neg10,62221,pathseer-reorder,512,2,54,0.9981,0.9815,0.00001,17.383,35.966,37.053,18.409,18054.4,0.0,103985.7,7447.4,20.0,936.0,1232.6,65.3,82069.5,19.3,0.00,pathseer:54
beir500k-f32,neg10_cat13,neg10,62221,pathseer-reorder,512,3,54,0.9981,0.9815,0.00001,17.304,34.885,36.811,17.949,18054.4,0.0,103985.7,7447.4,20.0,936.0,1232.6,65.3,82069.5,19.3,0.00,pathseer:54
beir500k-f32,neg10_cat14,neg10,63772,pathseer-reorder,64,1,6,0.9500,0.6667,0.00077,11.455,21.069,21.069,11.827,9510.8,0.0,78721.2,5712.0,4.0,819.0,181.3,1.8,64109.3,2.8,0.00,pathseer:6
beir500k-f32,neg10_cat14,neg10,63772,pathseer-reorder,64,2,6,0.9500,0.6667,0.00077,10.585,19.083,19.083,10.983,9510.8,0.0,78721.2,5712.0,4.0,819.0,181.3,1.8,64109.3,2.8,0.00,pathseer:6
beir500k-f32,neg10_cat14,neg10,63772,pathseer-reorder,64,3,6,0.9500,0.6667,0.00077,10.455,19.110,19.110,10.992,9510.8,0.0,78721.2,5712.0,4.0,819.0,181.3,1.8,64109.3,2.8,0.00,pathseer:6
beir500k-f32,neg10_cat14,neg10,63772,pathseer-reorder,128,1,6,0.9833,0.8333,0.00024,16.722,27.511,27.511,17.500,15069.2,0.0,107268.0,8928.3,6.0,1534.0,330.7,3.5,84336.3,5.2,0.00,pathseer:6
beir500k-f32,neg10_cat14,neg10,63772,pathseer-reorder,128,2,6,0.9833,0.8333,0.00024,16.735,28.037,28.037,17.644,15069.2,0.0,107268.0,8928.3,6.0,1534.0,330.7,3.5,84336.3,5.2,0.00,pathseer:6
beir500k-f32,neg10_cat14,neg10,63772,pathseer-reorder,128,3,6,0.9833,0.8333,0.00024,16.389,27.610,27.610,17.404,15069.2,0.0,107268.0,8928.3,6.0,1534.0,330.7,3.5,84336.3,5.2,0.00,pathseer:6
beir500k-f32,neg10_cat14,neg10,63772,pathseer-reorder,256,1,6,0.9833,0.8333,0.00024,26.917,39.293,39.293,27.395,24441.7,0.0,137221.3,13917.2,12.0,3590.0,661.3,9.8,100588.5,10.3,0.00,pathseer:6
beir500k-f32,neg10_cat14,neg10,63772,pathseer-reorder,256,2,6,0.9833,0.8333,0.00024,27.219,39.416,39.416,27.362,24441.7,0.0,137221.3,13917.2,12.0,3590.0,661.3,9.8,100588.5,10.3,0.00,pathseer:6
beir500k-f32,neg10_cat14,neg10,63772,pathseer-reorder,256,3,6,0.9833,0.8333,0.00024,26.936,39.077,39.077,27.331,24441.7,0.0,137221.3,13917.2,12.0,3590.0,661.3,9.8,100588.5,10.3,0.00,pathseer:6
beir500k-f32,neg10_cat14,neg10,63772,pathseer-reorder,512,1,6,0.9833,0.8333,0.00024,44.151,54.373,54.373,41.303,37988.0,0.0,180836.0,20794.8,22.0,6017.0,1472.0,15.2,125167.5,23.0,0.00,pathseer:6
beir500k-f32,neg10_cat14,neg10,63772,pathseer-reorder,512,2,6,0.9833,0.8333,0.00024,43.591,56.136,56.136,41.508,37988.0,0.0,180836.0,20794.8,22.0,6017.0,1472.0,15.2,125167.5,23.0,0.00,pathseer:6
beir500k-f32,neg10_cat14,neg10,63772,pathseer-reorder,512,3,6,0.9833,0.8333,0.00024,43.524,55.143,55.143,41.140,37988.0,0.0,180836.0,20794.8,22.0,6017.0,1472.0,15.2,125167.5,23.0,0.00,pathseer:6
beir500k-f32,neg10_cat15,neg10,63900,pathseer-reorder,64,1,84,0.9476,0.6310,0.00118,1.906,5.837,12.351,2.666,3256.6,0.0,16531.8,899.9,3.0,40.0,150.9,18.4,13365.9,2.4,0.00,pathseer:84
beir500k-f32,neg10_cat15,neg10,63900,pathseer-reorder,64,2,84,0.9476,0.6310,0.00118,1.962,5.795,12.469,2.733,3256.6,0.0,16531.8,899.9,3.0,40.0,150.9,18.4,13365.9,2.4,0.00,pathseer:84
beir500k-f32,neg10_cat15,neg10,63900,pathseer-reorder,64,3,84,0.9476,0.6310,0.00118,1.932,5.827,12.601,2.677,3256.6,0.0,16531.8,899.9,3.0,40.0,150.9,18.4,13365.9,2.4,0.00,pathseer:84
beir500k-f32,neg10_cat15,neg10,63900,pathseer-reorder,128,1,84,0.9810,0.8214,0.00023,3.406,9.232,20.206,4.585,5656.2,0.0,26416.0,1518.2,5.0,83.0,271.2,32.3,21055.3,4.2,0.00,pathseer:84
beir500k-f32,neg10_cat15,neg10,63900,pathseer-reorder,128,2,84,0.9810,0.8214,0.00023,3.365,9.139,20.230,4.590,5656.2,0.0,26416.0,1518.2,5.0,83.0,271.2,32.3,21055.3,4.2,0.00,pathseer:84
beir500k-f32,neg10_cat15,neg10,63900,pathseer-reorder,128,3,84,0.9810,0.8214,0.00023,3.421,9.278,20.377,4.587,5656.2,0.0,26416.0,1518.2,5.0,83.0,271.2,32.3,21055.3,4.2,0.00,pathseer:84
beir500k-f32,neg10_cat15,neg10,63900,pathseer-reorder,256,1,84,0.9940,0.9405,0.00006,6.072,15.258,30.347,7.818,9745.3,0.0,41764.9,2584.7,9.0,158.0,561.5,65.3,32547.9,8.8,0.00,pathseer:84
beir500k-f32,neg10_cat15,neg10,63900,pathseer-reorder,256,2,84,0.9940,0.9405,0.00006,6.343,15.286,30.792,7.911,9745.3,0.0,41764.9,2584.7,9.0,158.0,561.5,65.3,32547.9,8.8,0.00,pathseer:84
beir500k-f32,neg10_cat15,neg10,63900,pathseer-reorder,256,3,84,0.9940,0.9405,0.00006,6.040,15.949,30.454,7.886,9745.3,0.0,41764.9,2584.7,9.0,158.0,561.5,65.3,32547.9,8.8,0.00,pathseer:84
beir500k-f32,neg10_cat15,neg10,63900,pathseer-reorder,512,1,84,0.9976,0.9762,0.00002,11.090,26.271,47.603,13.462,16470.8,0.0,66774.2,4394.1,19.0,308.0,1205.3,134.8,51065.3,18.8,0.00,pathseer:84
beir500k-f32,neg10_cat15,neg10,63900,pathseer-reorder,512,2,84,0.9976,0.9762,0.00002,11.132,26.050,45.267,13.402,16470.8,0.0,66774.2,4394.1,19.0,308.0,1205.3,134.8,51065.3,18.8,0.00,pathseer:84
beir500k-f32,neg10_cat15,neg10,63900,pathseer-reorder,512,3,84,0.9976,0.9762,0.00002,11.042,26.079,45.136,13.426,16470.8,0.0,66774.2,4394.1,19.0,308.0,1205.3,134.8,51065.3,18.8,0.00,pathseer:84
beir500k-f32,neg10_cat16,neg10,51796,pathseer-reorder,64,1,42,0.9976,0.9762,0.00001,3.418,7.901,8.548,4.158,4050.8,0.0,32179.5,1975.1,4.0,181.0,187.4,6.0,26731.7,2.9,0.00,pathseer:42
beir500k-f32,neg10_cat16,neg10,51796,pathseer-reorder,64,2,42,0.9976,0.9762,0.00001,3.536,7.985,8.292,4.155,4050.8,0.0,32179.5,1975.1,4.0,181.0,187.4,6.0,26731.7,2.9,0.00,pathseer:42
beir500k-f32,neg10_cat16,neg10,51796,pathseer-reorder,64,3,42,0.9976,0.9762,0.00001,3.493,7.860,8.317,4.157,4050.8,0.0,32179.5,1975.1,4.0,181.0,187.4,6.0,26731.7,2.9,0.00,pathseer:42
beir500k-f32,neg10_cat16,neg10,51796,pathseer-reorder,128,1,42,0.9976,0.9762,0.00001,6.834,12.101,14.375,7.215,6854.2,0.0,49130.2,3370.3,7.0,432.0,383.7,12.9,39874.8,6.0,0.00,pathseer:42
beir500k-f32,neg10_cat16,neg10,51796,pathseer-reorder,128,2,42,0.9976,0.9762,0.00001,6.749,11.991,14.496,7.077,6854.2,0.0,49130.2,3370.3,7.0,432.0,383.7,12.9,39874.8,6.0,0.00,pathseer:42
beir500k-f32,neg10_cat16,neg10,51796,pathseer-reorder,128,3,42,0.9976,0.9762,0.00001,6.760,12.309,14.416,7.069,6854.2,0.0,49130.2,3370.3,7.0,432.0,383.7,12.9,39874.8,6.0,0.00,pathseer:42
beir500k-f32,neg10_cat16,neg10,51796,pathseer-reorder,256,1,42,1.0000,1.0000,0.00000,10.965,18.783,21.243,11.618,11155.0,0.0,70865.3,5545.1,13.0,786.0,856.1,29.3,55709.9,13.4,0.00,pathseer:42
beir500k-f32,neg10_cat16,neg10,51796,pathseer-reorder,256,2,42,1.0000,1.0000,0.00000,11.115,18.887,21.455,11.789,11155.0,0.0,70865.3,5545.1,13.0,786.0,856.1,29.3,55709.9,13.4,0.00,pathseer:42
beir500k-f32,neg10_cat16,neg10,51796,pathseer-reorder,256,3,42,1.0000,1.0000,0.00000,11.064,19.018,21.225,11.644,11155.0,0.0,70865.3,5545.1,13.0,786.0,856.1,29.3,55709.9,13.4,0.00,pathseer:42
beir500k-f32,neg10_cat16,neg10,51796,pathseer-reorder,512,1,42,1.0000,1.0000,0.00000,18.512,30.045,30.918,19.057,17992.3,0.0,99030.0,9025.1,30.0,1472.0,1962.1,65.3,74398.6,30.7,0.00,pathseer:42
beir500k-f32,neg10_cat16,neg10,51796,pathseer-reorder,512,2,42,1.0000,1.0000,0.00000,18.255,29.664,29.930,18.859,17992.3,0.0,99030.0,9025.1,30.0,1472.0,1962.1,65.3,74398.6,30.7,0.00,pathseer:42
beir500k-f32,neg10_cat16,neg10,51796,pathseer-reorder,512,3,42,1.0000,1.0000,0.00000,19.547,29.757,32.687,19.652,17992.3,0.0,99030.0,9025.1,30.0,1472.0,1962.1,65.3,74398.6,30.7,0.00,pathseer:42
beir500k-f32,neg10_cat17,neg10,62171,pathseer-reorder,64,1,45,0.9089,0.5111,0.00113,6.320,18.263,28.977,7.193,6644.3,0.0,56492.2,3176.7,3.0,231.0,156.4,7.9,47637.9,2.4,0.00,pathseer:45
beir500k-f32,neg10_cat17,neg10,62171,pathseer-reorder,64,2,45,0.9089,0.5111,0.00113,6.263,18.196,29.316,7.216,6644.3,0.0,56492.2,3176.7,3.0,231.0,156.4,7.9,47637.9,2.4,0.00,pathseer:45
beir500k-f32,neg10_cat17,neg10,62171,pathseer-reorder,64,3,45,0.9089,0.5111,0.00113,6.207,18.048,29.077,7.181,6644.3,0.0,56492.2,3176.7,3.0,231.0,156.4,7.9,47637.9,2.4,0.00,pathseer:45
beir500k-f32,neg10_cat17,neg10,62171,pathseer-reorder,128,1,45,0.9489,0.6667,0.00073,11.424,25.868,40.044,12.177,11423.6,0.0,83114.5,5213.8,5.0,506.0,279.6,15.8,68258.6,4.4,0.00,pathseer:45
beir500k-f32,neg10_cat17,neg10,62171,pathseer-reorder,128,2,45,0.9489,0.6667,0.00073,11.474,25.676,37.773,12.028,11423.6,0.0,83114.5,5213.8,5.0,506.0,279.6,15.8,68258.6,4.4,0.00,pathseer:45
beir500k-f32,neg10_cat17,neg10,62171,pathseer-reorder,128,3,45,0.9489,0.6667,0.00073,11.401,25.840,37.599,12.130,11423.6,0.0,83114.5,5213.8,5.0,506.0,279.6,15.8,68258.6,4.4,0.00,pathseer:45
beir500k-f32,neg10_cat17,neg10,62171,pathseer-reorder,256,1,45,0.9756,0.8444,0.00029,18.608,34.797,50.426,19.267,18756.6,0.0,117871.8,8166.5,11.0,1000.0,652.2,29.5,93998.2,10.2,0.00,pathseer:45
beir500k-f32,neg10_cat17,neg10,62171,pathseer-reorder,256,2,45,0.9756,0.8444,0.00029,19.037,34.508,50.947,19.202,18756.6,0.0,117871.8,8166.5,11.0,1000.0,652.2,29.5,93998.2,10.2,0.00,pathseer:45
beir500k-f32,neg10_cat17,neg10,62171,pathseer-reorder,256,3,45,0.9756,0.8444,0.00029,18.760,34.553,50.490,19.302,18756.6,0.0,117871.8,8166.5,11.0,1000.0,652.2,29.5,93998.2,10.2,0.00,pathseer:45
beir500k-f32,neg10_cat17,neg10,62171,pathseer-reorder,512,1,45,0.9889,0.9333,0.00004,30.379,53.921,72.072,31.233,30098.2,0.0,166012.1,12601.7,22.0,1717.0,1436.6,56.8,128388.7,22.5,0.00,pathseer:45
beir500k-f32,neg10_cat17,neg10,62171,pathseer-reorder,512,2,45,0.9889,0.9333,0.00004,29.816,54.716,65.189,30.381,30098.2,0.0,166012.1,12601.7,22.0,1717.0,1436.6,56.8,128388.7,22.5,0.00,pathseer:45
beir500k-f32,neg10_cat17,neg10,62171,pathseer-reorder,512,3,45,0.9889,0.9333,0.00004,30.070,53.759,66.269,30.330,30098.2,0.0,166012.1,12601.7,22.0,1717.0,1436.6,56.8,128388.7,22.5,0.00,pathseer:45
beir500k-f32,neg10_cat18,neg10,61365,pathseer-reorder,64,1,10,1.0000,1.0000,0.00000,0.865,1.008,1.008,0.784,1691.1,0.0,1695.3,127.8,2.0,3.0,89.6,44.9,742.2,1.4,0.00,pathseer:10
beir500k-f32,neg10_cat18,neg10,61365,pathseer-reorder,64,2,10,1.0000,1.0000,0.00000,0.834,0.967,0.967,0.783,1691.1,0.0,1695.3,127.8,2.0,3.0,89.6,44.9,742.2,1.4,0.00,pathseer:10
beir500k-f32,neg10_cat18,neg10,61365,pathseer-reorder,64,3,10,1.0000,1.0000,0.00000,0.890,1.011,1.011,0.794,1691.1,0.0,1695.3,127.8,2.0,3.0,89.6,44.9,742.2,1.4,0.00,pathseer:10
beir500k-f32,neg10_cat18,neg10,61365,pathseer-reorder,128,1,10,1.0000,1.0000,0.00000,1.511,1.871,1.871,1.458,2742.5,0.0,2669.0,241.9,4.0,5.0,160.0,82.3,1123.6,2.5,0.00,pathseer:10
beir500k-f32,neg10_cat18,neg10,61365,pathseer-reorder,128,2,10,1.0000,1.0000,0.00000,1.588,1.957,1.957,1.481,2742.5,0.0,2669.0,241.9,4.0,5.0,160.0,82.3,1123.6,2.5,0.00,pathseer:10
beir500k-f32,neg10_cat18,neg10,61365,pathseer-reorder,128,3,10,1.0000,1.0000,0.00000,1.483,1.717,1.717,1.399,2742.5,0.0,2669.0,241.9,4.0,5.0,160.0,82.3,1123.6,2.5,0.00,pathseer:10
beir500k-f32,neg10_cat18,neg10,61365,pathseer-reorder,256,1,10,1.0000,1.0000,0.00000,2.499,2.949,2.949,2.419,4358.1,0.0,4123.9,454.0,6.0,11.0,294.4,146.5,1595.9,4.6,0.00,pathseer:10
beir500k-f32,neg10_cat18,neg10,61365,pathseer-reorder,256,2,10,1.0000,1.0000,0.00000,2.672,3.370,3.370,2.587,4358.1,0.0,4123.9,454.0,6.0,11.0,294.4,146.5,1595.9,4.6,0.00,pathseer:10
beir500k-f32,neg10_cat18,neg10,61365,pathseer-reorder,256,3,10,1.0000,1.0000,0.00000,2.758,3.334,3.334,2.575,4358.1,0.0,4123.9,454.0,6.0,11.0,294.4,146.5,1595.9,4.6,0.00,pathseer:10
beir500k-f32,neg10_cat18,neg10,61365,pathseer-reorder,512,1,10,1.0000,1.0000,0.00000,4.112,4.974,4.974,3.898,6881.0,0.0,6573.7,853.5,10.0,21.0,595.2,295.5,2365.4,9.3,0.00,pathseer:10
beir500k-f32,neg10_cat18,neg10,61365,pathseer-reorder,512,2,10,1.0000,1.0000,0.00000,3.989,4.828,4.828,3.844,6881.0,0.0,6573.7,853.5,10.0,21.0,595.2,295.5,2365.4,9.3,0.00,pathseer:10
beir500k-f32,neg10_cat18,neg10,61365,pathseer-reorder,512,3,10,1.0000,1.0000,0.00000,4.109,5.071,5.071,3.905,6881.0,0.0,6573.7,853.5,10.0,21.0,595.2,295.5,2365.4,9.3,0.00,pathseer:10
beir500k-f32,neg10_cat19,neg10,52824,pathseer-reorder,64,1,60,0.9367,0.5833,0.00119,10.641,19.355,24.608,10.253,9300.9,0.0,53136.9,5520.3,4.0,1113.0,189.9,7.5,39236.0,3.0,0.00,pathseer:60
beir500k-f32,neg10_cat19,neg10,52824,pathseer-reorder,64,2,60,0.9367,0.5833,0.00119,10.771,19.722,24.650,10.489,9300.9,0.0,53136.9,5520.3,4.0,1113.0,189.9,7.5,39236.0,3.0,0.00,pathseer:60
beir500k-f32,neg10_cat19,neg10,52824,pathseer-reorder,64,3,60,0.9367,0.5833,0.00119,10.650,19.204,25.086,10.425,9300.9,0.0,53136.9,5520.3,4.0,1113.0,189.9,7.5,39236.0,3.0,0.00,pathseer:60
beir500k-f32,neg10_cat19,neg10,52824,pathseer-reorder,128,1,60,0.9817,0.8500,0.00024,14.239,29.151,36.633,15.327,13981.5,0.0,67214.5,7555.9,7.0,1970.0,386.1,11.0,47382.9,6.0,0.00,pathseer:60
beir500k-f32,neg10_cat19,neg10,52824,pathseer-reorder,128,2,60,0.9817,0.8500,0.00024,14.538,25.799,32.297,14.872,13981.5,0.0,67214.5,7555.9,7.0,1970.0,386.1,11.0,47382.9,6.0,0.00,pathseer:60
beir500k-f32,neg10_cat19,neg10,52824,pathseer-reorder,128,3,60,0.9817,0.8500,0.00024,14.495,26.688,32.868,14.885,13981.5,0.0,67214.5,7555.9,7.0,1970.0,386.1,11.0,47382.9,6.0,0.00,pathseer:60
beir500k-f32,neg10_cat19,neg10,52824,pathseer-reorder,256,1,60,0.9900,0.9333,0.00011,20.378,36.803,43.768,20.876,20632.0,0.0,83862.8,10210.3,13.0,3168.0,858.7,20.8,55967.1,13.4,0.00,pathseer:60
beir500k-f32,neg10_cat19,neg10,52824,pathseer-reorder,256,2,60,0.9900,0.9333,0.00011,20.053,37.070,43.807,20.752,20632.0,0.0,83862.8,10210.3,13.0,3168.0,858.7,20.8,55967.1,13.4,0.00,pathseer:60
beir500k-f32,neg10_cat19,neg10,52824,pathseer-reorder,256,3,60,0.9900,0.9333,0.00011,20.739,37.230,44.402,20.983,20632.0,0.0,83862.8,10210.3,13.0,3168.0,858.7,20.8,55967.1,13.4,0.00,pathseer:60
beir500k-f32,neg10_cat19,neg10,52824,pathseer-reorder,512,1,60,0.9950,0.9500,0.00005,28.504,52.870,69.184,29.379,29725.9,0.0,105092.8,13562.3,30.0,5011.0,2096.8,40.4,66500.8,32.8,0.00,pathseer:60
beir500k-f32,neg10_cat19,neg10,52824,pathseer-reorder,512,2,60,0.9950,0.9500,0.00005,28.275,48.687,55.511,29.078,29725.9,0.0,105092.8,13562.3,30.0,5011.0,2096.8,40.4,66500.8,32.8,0.00,pathseer:60
beir500k-f32,neg10_cat19,neg10,52824,pathseer-reorder,512,3,60,0.9950,0.9500,0.00005,28.248,47.486,53.661,29.003,29725.9,0.0,105092.8,13562.3,30.0,5011.0,2096.8,40.4,66500.8,32.8,0.00,pathseer:60
beir500k-f32,neg10_cat20,neg10,52122,pathseer-reorder,64,1,67,0.9746,0.7761,0.00040,2.229,8.041,11.580,2.952,3234.6,0.0,19207.5,1091.1,3.0,54.0,167.2,14.6,15670.3,2.6,0.00,pathseer:67
beir500k-f32,neg10_cat20,neg10,52122,pathseer-reorder,64,2,67,0.9746,0.7761,0.00040,2.000,8.037,11.445,2.886,3234.6,0.0,19207.5,1091.1,3.0,54.0,167.2,14.6,15670.3,2.6,0.00,pathseer:67
beir500k-f32,neg10_cat20,neg10,52122,pathseer-reorder,64,3,67,0.9746,0.7761,0.00040,1.992,7.788,11.496,2.870,3234.6,0.0,19207.5,1091.1,3.0,54.0,167.2,14.6,15670.3,2.6,0.00,pathseer:67
beir500k-f32,neg10_cat20,neg10,52122,pathseer-reorder,128,1,67,0.9940,0.9403,0.00004,3.849,11.686,16.300,4.857,5496.8,0.0,29892.9,1815.1,5.0,109.0,309.5,25.9,23986.3,4.8,0.00,pathseer:67
beir500k-f32,neg10_cat20,neg10,52122,pathseer-reorder,128,2,67,0.9940,0.9403,0.00004,3.830,11.776,16.140,4.854,5496.8,0.0,29892.9,1815.1,5.0,109.0,309.5,25.9,23986.3,4.8,0.00,pathseer:67
beir500k-f32,neg10_cat20,neg10,52122,pathseer-reorder,128,3,67,0.9940,0.9403,0.00004,3.867,11.887,16.189,4.890,5496.8,0.0,29892.9,1815.1,5.0,109.0,309.5,25.9,23986.3,4.8,0.00,pathseer:67
beir500k-f32,neg10_cat20,neg10,52122,pathseer-reorder,256,1,67,0.9955,0.9552,0.00001,7.247,18.240,23.395,8.299,9356.5,0.0,45887.3,3041.7,10.0,270.0,652.4,49.9,35890.9,10.2,0.00,pathseer:67
beir500k-f32,neg10_cat20,neg10,52122,pathseer-reorder,256,2,67,0.9955,0.9552,0.00001,7.322,19.763,23.304,8.543,9356.5,0.0,45887.3,3041.7,10.0,270.0,652.4,49.9,35890.9,10.2,0.00,pathseer:67
beir500k-f32,neg10_cat20,neg10,52122,pathseer-reorder,256,3,67,0.9955,0.9552,0.00001,7.130,18.112,23.719,8.203,9356.5,0.0,45887.3,3041.7,10.0,270.0,652.4,49.9,35890.9,10.2,0.00,pathseer:67
beir500k-f32,neg10_cat20,neg10,52122,pathseer-reorder,512,1,67,0.9985,0.9851,0.00000,12.474,27.388,33.998,13.704,15574.9,0.0,70521.6,5065.9,20.0,537.0,1579.0,108.2,53699.8,24.7,0.00,pathseer:67
beir500k-f32,neg10_cat20,neg10,52122,pathseer-reorder,512,2,67,0.9985,0.9851,0.00000,12.489,27.654,34.426,14.193,15574.9,0.0,70521.6,5065.9,20.0,537.0,1579.0,108.2,53699.8,24.7,0.00,pathseer:67
beir500k-f32,neg10_cat20,neg10,52122,pathseer-reorder,512,3,67,0.9985,0.9851,0.00000,12.442,27.711,33.589,13.829,15574.9,0.0,70521.6,5065.9,20.0,537.0,1579.0,108.2,53699.8,24.7,0.00,pathseer:67
beir500k-f32,neg10_cat21,neg10,74356,pathseer-reorder,64,1,61,0.9689,0.7869,0.00039,3.729,10.705,12.243,4.616,4357.1,0.0,35699.0,1954.1,3.0,119.0,166.8,8.8,30129.3,2.6,0.00,pathseer:61
beir500k-f32,neg10_cat21,neg10,74356,pathseer-reorder,64,2,61,0.9689,0.7869,0.00039,3.707,10.067,11.299,4.471,4357.1,0.0,35699.0,1954.1,3.0,119.0,166.8,8.8,30129.3,2.6,0.00,pathseer:61
beir500k-f32,neg10_cat21,neg10,74356,pathseer-reorder,64,3,61,0.9689,0.7869,0.00039,3.727,10.525,11.090,4.471,4357.1,0.0,35699.0,1954.1,3.0,119.0,166.8,8.8,30129.3,2.6,0.00,pathseer:61
beir500k-f32,neg10_cat21,neg10,74356,pathseer-reorder,128,1,61,0.9869,0.8852,0.00013,6.429,15.868,16.817,7.719,7549.9,0.0,56576.8,3327.7,6.0,266.0,326.3,17.6,47066.3,5.1,0.00,pathseer:61
beir500k-f32,neg10_cat21,neg10,74356,pathseer-reorder,128,2,61,0.9869,0.8852,0.00013,6.515,16.198,16.575,7.793,7549.9,0.0,56576.8,3327.7,6.0,266.0,326.3,17.6,47066.3,5.1,0.00,pathseer:61
beir500k-f32,neg10_cat21,neg10,74356,pathseer-reorder,128,3,61,0.9869,0.8852,0.00013,6.460,16.292,16.828,7.727,7549.9,0.0,56576.8,3327.7,6.0,266.0,326.3,17.6,47066.3,5.1,0.00,pathseer:61
beir500k-f32,neg10_cat21,neg10,74356,pathseer-reorder,256,1,61,0.9951,0.9508,0.00008,11.121,24.357,25.295,13.133,12803.0,0.0,88101.8,5527.4,11.0,522.0,666.2,37.5,72210.0,10.4,0.00,pathseer:61
beir500k-f32,neg10_cat21,neg10,74356,pathseer-reorder,256,2,61,0.9951,0.9508,0.00008,10.734,24.684,25.319,13.149,12803.0,0.0,88101.8,5527.4,11.0,522.0,666.2,37.5,72210.0,10.4,0.00,pathseer:61
beir500k-f32,neg10_cat21,neg10,74356,pathseer-reorder,256,3,61,0.9951,0.9508,0.00008,10.801,24.490,25.096,13.117,12803.0,0.0,88101.8,5527.4,11.0,522.0,666.2,37.5,72210.0,10.4,0.00,pathseer:61
beir500k-f32,neg10_cat21,neg10,74356,pathseer-reorder,512,1,61,0.9984,0.9836,0.00004,18.848,37.610,39.829,22.016,21545.2,0.0,137085.4,9176.5,23.0,958.0,1453.1,85.5,110508.5,22.7,0.00,pathseer:61
beir500k-f32,neg10_cat21,neg10,74356,pathseer-reorder,512,2,61,0.9984,0.9836,0.00004,19.471,37.657,39.677,22.385,21545.2,0.0,137085.4,9176.5,23.0,958.0,1453.1,85.5,110508.5,22.7,0.00,pathseer:61
beir500k-f32,neg10_cat21,neg10,74356,pathseer-reorder,512,3,61,0.9984,0.9836,0.00004,18.484,38.150,39.448,22.071,21545.2,0.0,137085.4,9176.5,23.0,958.0,1453.1,85.5,110508.5,22.7,0.00,pathseer:61
beir500k-f32,neg40_cat00,neg40,210687,pathseer-reorder,64,1,12,0.9917,0.9167,0.00033,0.940,1.061,1.082,0.930,1738.1,0.0,1761.6,120.0,3.0,4.0,101.3,39.3,884.8,1.6,0.00,pathseer:12
beir500k-f32,neg40_cat00,neg40,210687,pathseer-reorder,64,2,12,0.9917,0.9167,0.00033,0.937,1.034,1.071,0.926,1738.1,0.0,1761.6,120.0,3.0,4.0,101.3,39.3,884.8,1.6,0.00,pathseer:12
beir500k-f32,neg40_cat00,neg40,210687,pathseer-reorder,64,3,12,0.9917,0.9167,0.00033,0.968,1.059,1.079,0.943,1738.1,0.0,1761.6,120.0,3.0,4.0,101.3,39.3,884.8,1.6,0.00,pathseer:12
beir500k-f32,neg40_cat00,neg40,210687,pathseer-reorder,128,1,12,1.0000,1.0000,0.00000,1.713,1.872,1.984,1.693,3028.0,0.0,3190.2,233.2,4.0,6.0,176.0,72.3,1688.3,2.8,0.00,pathseer:12
beir500k-f32,neg40_cat00,neg40,210687,pathseer-reorder,128,2,12,1.0000,1.0000,0.00000,1.702,1.903,1.953,1.689,3028.0,0.0,3190.2,233.2,4.0,6.0,176.0,72.3,1688.3,2.8,0.00,pathseer:12
beir500k-f32,neg40_cat00,neg40,210687,pathseer-reorder,128,3,12,1.0000,1.0000,0.00000,1.698,1.897,1.985,1.678,3028.0,0.0,3190.2,233.2,4.0,6.0,176.0,72.3,1688.3,2.8,0.00,pathseer:12
beir500k-f32,neg40_cat00,neg40,210687,pathseer-reorder,256,1,12,1.0000,1.0000,0.00000,3.010,3.432,3.673,2.944,5249.4,0.0,5780.8,456.2,6.0,12.0,320.0,140.3,3192.0,5.0,0.00,pathseer:12
beir500k-f32,neg40_cat00,neg40,210687,pathseer-reorder,256,2,12,1.0000,1.0000,0.00000,3.011,3.432,3.661,2.960,5249.4,0.0,5780.8,456.2,6.0,12.0,320.0,140.3,3192.0,5.0,0.00,pathseer:12
beir500k-f32,neg40_cat00,neg40,210687,pathseer-reorder,256,3,12,1.0000,1.0000,0.00000,3.074,3.572,3.591,2.966,5249.4,0.0,5780.8,456.2,6.0,12.0,320.0,140.3,3192.0,5.0,0.00,pathseer:12
beir500k-f32,neg40_cat00,neg40,210687,pathseer-reorder,512,1,12,1.0000,1.0000,0.00000,5.159,6.332,6.436,5.192,8903.6,0.0,10760.9,904.0,11.0,21.0,640.0,281.6,6099.5,10.0,0.00,pathseer:12
beir500k-f32,neg40_cat00,neg40,210687,pathseer-reorder,512,2,12,1.0000,1.0000,0.00000,5.137,6.361,6.479,5.196,8903.6,0.0,10760.9,904.0,11.0,21.0,640.0,281.6,6099.5,10.0,0.00,pathseer:12
beir500k-f32,neg40_cat00,neg40,210687,pathseer-reorder,512,3,12,1.0000,1.0000,0.00000,5.286,6.363,6.557,5.270,8903.6,0.0,10760.9,904.0,11.0,21.0,640.0,281.6,6099.5,10.0,0.00,pathseer:12
beir500k-f32,neg40_cat01,neg40,224458,pathseer-reorder,64,1,22,0.9773,0.8182,0.00030,2.376,5.185,5.365,2.648,3293.9,0.0,18724.1,881.5,3.0,58.0,142.5,22.2,15489.5,2.2,0.00,pathseer:22
beir500k-f32,neg40_cat01,neg40,224458,pathseer-reorder,64,2,22,0.9773,0.8182,0.00030,2.334,5.216,5.331,2.668,3293.9,0.0,18724.1,881.5,3.0,58.0,142.5,22.2,15489.5,2.2,0.00,pathseer:22
beir500k-f32,neg40_cat01,neg40,224458,pathseer-reorder,64,3,22,0.9773,0.8182,0.00030,2.337,5.234,5.260,2.651,3293.9,0.0,18724.1,881.5,3.0,58.0,142.5,22.2,15489.5,2.2,0.00,pathseer:22
beir500k-f32,neg40_cat01,neg40,224458,pathseer-reorder,128,1,22,1.0000,1.0000,0.00000,4.185,7.683,8.295,4.463,5622.0,0.0,28186.1,1456.1,5.0,92.0,232.7,38.4,22938.0,3.6,0.00,pathseer:22
beir500k-f32,neg40_cat01,neg40,224458,pathseer-reorder,128,2,22,1.0000,1.0000,0.00000,4.131,7.661,8.540,4.477,5622.0,0.0,28186.1,1456.1,5.0,92.0,232.7,38.4,22938.0,3.6,0.00,pathseer:22
beir500k-f32,neg40_cat01,neg40,224458,pathseer-reorder,128,3,22,1.0000,1.0000,0.00000,4.136,7.957,8.576,4.645,5622.0,0.0,28186.1,1456.1,5.0,92.0,232.7,38.4,22938.0,3.6,0.00,pathseer:22
beir500k-f32,neg40_cat01,neg40,224458,pathseer-reorder,256,1,22,1.0000,1.0000,0.00000,6.650,13.040,13.081,7.596,9595.7,0.0,41485.4,2421.1,9.0,185.0,488.7,79.5,32777.7,7.6,0.00,pathseer:22
beir500k-f32,neg40_cat01,neg40,224458,pathseer-reorder,256,2,22,1.0000,1.0000,0.00000,6.766,13.115,13.368,7.704,9595.7,0.0,41485.4,2421.1,9.0,185.0,488.7,79.5,32777.7,7.6,0.00,pathseer:22
beir500k-f32,neg40_cat01,neg40,224458,pathseer-reorder,256,3,22,1.0000,1.0000,0.00000,6.610,13.138,13.199,7.613,9595.7,0.0,41485.4,2421.1,9.0,185.0,488.7,79.5,32777.7,7.6,0.00,pathseer:22
beir500k-f32,neg40_cat01,neg40,224458,pathseer-reorder,512,1,22,1.0000,1.0000,0.00000,11.378,19.800,20.504,12.730,15986.6,0.0,58954.6,3953.2,17.0,335.0,1009.5,159.4,44809.6,15.8,0.00,pathseer:22
beir500k-f32,neg40_cat01,neg40,224458,pathseer-reorder,512,2,22,1.0000,1.0000,0.00000,11.577,19.783,20.531,12.689,15986.6,0.0,58954.6,3953.2,17.0,335.0,1009.5,159.4,44809.6,15.8,0.00,pathseer:22
beir500k-f32,neg40_cat01,neg40,224458,pathseer-reorder,512,3,22,1.0000,1.0000,0.00000,11.296,20.153,20.665,12.693,15986.6,0.0,58954.6,3953.2,17.0,335.0,1009.5,159.4,44809.6,15.8,0.00,pathseer:22
beir500k-f32,neg40_cat02,neg40,201752,pathseer-reorder,64,1,60,0.9250,0.6167,0.00100,3.181,7.809,8.345,3.571,4248.0,0.0,27583.0,1113.8,3.0,58.0,131.2,16.4,23481.6,2.0,0.00,pathseer:60
beir500k-f32,neg40_cat02,neg40,201752,pathseer-reorder,64,2,60,0.9250,0.6167,0.00100,3.102,7.694,8.526,3.515,4248.0,0.0,27583.0,1113.8,3.0,58.0,131.2,16.4,23481.6,2.0,0.00,pathseer:60
beir500k-f32,neg40_cat02,neg40,201752,pathseer-reorder,64,3,60,0.9250,0.6167,0.00100,3.311,7.991,8.554,3.532,4248.0,0.0,27583.0,1113.8,3.0,58.0,131.2,16.4,23481.6,2.0,0.00,pathseer:60
beir500k-f32,neg40_cat02,neg40,201752,pathseer-reorder,128,1,60,0.9583,0.7333,0.00050,5.667,10.773,12.356,6.109,7384.8,0.0,43284.2,1968.8,4.0,121.0,225.1,26.4,36259.0,3.5,0.00,pathseer:60
beir500k-f32,neg40_cat02,neg40,201752,pathseer-reorder,128,2,60,0.9583,0.7333,0.00050,5.532,10.751,12.394,6.114,7384.8,0.0,43284.2,1968.8,4.0,121.0,225.1,26.4,36259.0,3.5,0.00,pathseer:60
beir500k-f32,neg40_cat02,neg40,201752,pathseer-reorder,128,3,60,0.9583,0.7333,0.00050,5.603,12.438,12.682,6.244,7384.8,0.0,43284.2,1968.8,4.0,121.0,225.1,26.4,36259.0,3.5,0.00,pathseer:60
beir500k-f32,neg40_cat02,neg40,201752,pathseer-reorder,256,1,60,0.9783,0.8500,0.00029,10.160,17.683,18.660,10.629,12461.8,0.0,62975.1,3332.2,8.0,236.0,432.0,51.5,51320.6,6.8,0.00,pathseer:60
beir500k-f32,neg40_cat02,neg40,201752,pathseer-reorder,256,2,60,0.9783,0.8500,0.00029,9.832,17.579,18.473,10.539,12461.8,0.0,62975.1,3332.2,8.0,236.0,432.0,51.5,51320.6,6.8,0.00,pathseer:60
beir500k-f32,neg40_cat02,neg40,201752,pathseer-reorder,256,3,60,0.9783,0.8500,0.00029,10.268,17.698,18.885,10.566,12461.8,0.0,62975.1,3332.2,8.0,236.0,432.0,51.5,51320.6,6.8,0.00,pathseer:60
beir500k-f32,neg40_cat02,neg40,201752,pathseer-reorder,512,1,60,0.9900,0.9167,0.00014,17.791,27.700,29.970,17.192,20424.8,0.0,84269.2,5430.8,15.0,429.0,874.7,100.8,65592.7,13.7,0.00,pathseer:60
beir500k-f32,neg40_cat02,neg40,201752,pathseer-reorder,512,2,60,0.9900,0.9167,0.00014,17.600,27.407,29.853,16.977,20424.8,0.0,84269.2,5430.8,15.0,429.0,874.7,100.8,65592.7,13.7,0.00,pathseer:60
beir500k-f32,neg40_cat02,neg40,201752,pathseer-reorder,512,3,60,0.9900,0.9167,0.00014,17.490,28.283,29.810,17.045,20424.8,0.0,84269.2,5430.8,15.0,429.0,874.7,100.8,65592.7,13.7,0.00,pathseer:60
beir500k-f32,neg40_cat03,neg40,212381,pathseer-reorder,64,1,55,0.8782,0.4545,0.00271,2.088,6.705,7.378,2.832,3535.1,0.0,19786.5,823.3,3.0,30.0,129.2,24.0,16618.0,2.0,0.00,pathseer:55
beir500k-f32,neg40_cat03,neg40,212381,pathseer-reorder,64,2,55,0.8782,0.4545,0.00271,2.060,6.763,7.324,2.821,3535.1,0.0,19786.5,823.3,3.0,30.0,129.2,24.0,16618.0,2.0,0.00,pathseer:55
beir500k-f32,neg40_cat03,neg40,212381,pathseer-reorder,64,3,55,0.8782,0.4545,0.00271,2.077,6.761,7.553,2.842,3535.1,0.0,19786.5,823.3,3.0,30.0,129.2,24.0,16618.0,2.0,0.00,pathseer:55
beir500k-f32,neg40_cat03,neg40,212381,pathseer-reorder,128,1,55,0.9382,0.6909,0.00108,4.012,9.889,10.771,4.922,6267.2,0.0,30700.8,1401.0,4.0,64.0,214.1,38.9,25234.0,3.3,0.00,pathseer:55
beir500k-f32,neg40_cat03,neg40,212381,pathseer-reorder,128,2,55,0.9382,0.6909,0.00108,4.037,9.862,10.649,4.908,6267.2,0.0,30700.8,1401.0,4.0,64.0,214.1,38.9,25234.0,3.3,0.00,pathseer:55
beir500k-f32,neg40_cat03,neg40,212381,pathseer-reorder,128,3,55,0.9382,0.6909,0.00108,4.250,10.256,10.752,5.053,6267.2,0.0,30700.8,1401.0,4.0,64.0,214.1,38.9,25234.0,3.3,0.00,pathseer:55
beir500k-f32,neg40_cat03,neg40,212381,pathseer-reorder,256,1,55,0.9618,0.8000,0.00059,8.021,16.317,18.872,8.913,10890.5,0.0,44733.7,2336.7,7.0,128.0,421.2,71.9,35492.6,6.6,0.00,pathseer:55
beir500k-f32,neg40_cat03,neg40,212381,pathseer-reorder,256,2,55,0.9618,0.8000,0.00059,7.770,16.071,17.151,8.428,10890.5,0.0,44733.7,2336.7,7.0,128.0,421.2,71.9,35492.6,6.6,0.00,pathseer:55
beir500k-f32,neg40_cat03,neg40,212381,pathseer-reorder,256,3,55,0.9618,0.8000,0.00059,7.831,16.146,17.177,8.524,10890.5,0.0,44733.7,2336.7,7.0,128.0,421.2,71.9,35492.6,6.6,0.00,pathseer:55
beir500k-f32,neg40_cat03,neg40,212381,pathseer-reorder,512,1,55,0.9836,0.8727,0.00018,14.181,25.012,26.310,14.045,18488.8,0.0,62490.6,3837.7,15.0,286.0,884.4,135.1,47151.7,13.8,0.00,pathseer:55
beir500k-f32,neg40_cat03,neg40,212381,pathseer-reorder,512,2,55,0.9836,0.8727,0.00018,13.942,25.172,26.422,14.128,18488.8,0.0,62490.6,3837.7,15.0,286.0,884.4,135.1,47151.7,13.8,0.00,pathseer:55
beir500k-f32,neg40_cat03,neg40,212381,pathseer-reorder,512,3,55,0.9836,0.8727,0.00018,13.994,25.505,26.396,14.165,18488.8,0.0,62490.6,3837.7,15.0,286.0,884.4,135.1,47151.7,13.8,0.00,pathseer:55
beir500k-f32,neg40_cat04,neg40,219419,pathseer-reorder,64,1,57,0.9561,0.7018,0.00065,4.339,7.935,8.693,4.760,4764.1,0.0,37941.0,1973.1,3.0,128.0,150.5,11.5,32156.1,2.4,0.00,pathseer:57
beir500k-f32,neg40_cat04,neg40,219419,pathseer-reorder,64,2,57,0.9561,0.7018,0.00065,4.400,7.633,8.975,4.731,4764.1,0.0,37941.0,1973.1,3.0,128.0,150.5,11.5,32156.1,2.4,0.00,pathseer:57
beir500k-f32,neg40_cat04,neg40,219419,pathseer-reorder,64,3,57,0.9561,0.7018,0.00065,4.533,7.942,8.684,4.840,4764.1,0.0,37941.0,1973.1,3.0,128.0,150.5,11.5,32156.1,2.4,0.00,pathseer:57
beir500k-f32,neg40_cat04,neg40,219419,pathseer-reorder,128,1,57,0.9825,0.8421,0.00033,7.782,13.100,15.063,7.837,7980.3,0.0,52679.2,3191.4,5.0,271.0,270.6,19.7,43244.9,4.2,0.00,pathseer:57
beir500k-f32,neg40_cat04,neg40,219419,pathseer-reorder,128,2,57,0.9825,0.8421,0.00033,7.683,12.934,14.836,7.841,7980.3,0.0,52679.2,3191.4,5.0,271.0,270.6,19.7,43244.9,4.2,0.00,pathseer:57
beir500k-f32,neg40_cat04,neg40,219419,pathseer-reorder,128,3,57,0.9825,0.8421,0.00033,7.646,13.035,14.914,7.795,7980.3,0.0,52679.2,3191.4,5.0,271.0,270.6,19.7,43244.9,4.2,0.00,pathseer:57
beir500k-f32,neg40_cat04,neg40,219419,pathseer-reorder,256,1,57,0.9947,0.9474,0.00004,12.564,19.250,19.777,12.376,12932.6,0.0,69785.1,4986.7,10.0,570.0,547.9,41.5,54914.4,8.6,0.00,pathseer:57
beir500k-f32,neg40_cat04,neg40,219419,pathseer-reorder,256,2,57,0.9947,0.9474,0.00004,12.583,19.865,23.039,12.921,12932.6,0.0,69785.1,4986.7,10.0,570.0,547.9,41.5,54914.4,8.6,0.00,pathseer:57
beir500k-f32,neg40_cat04,neg40,219419,pathseer-reorder,256,3,57,0.9947,0.9474,0.00004,12.876,18.858,20.078,12.525,12932.6,0.0,69785.1,4986.7,10.0,570.0,547.9,41.5,54914.4,8.6,0.00,pathseer:57
beir500k-f32,neg40_cat04,neg40,219419,pathseer-reorder,512,1,57,0.9982,0.9825,0.00002,19.387,26.419,27.383,18.937,20445.6,0.0,85469.1,7512.6,19.0,973.0,1128.4,88.1,62673.5,17.6,0.00,pathseer:57
beir500k-f32,neg40_cat04,neg40,219419,pathseer-reorder,512,2,57,0.9982,0.9825,0.00002,18.942,25.494,27.120,18.881,20445.6,0.0,85469.1,7512.6,19.0,973.0,1128.4,88.1,62673.5,17.6,0.00,pathseer:57
beir500k-f32,neg40_cat04,neg40,219419,pathseer-reorder,512,3,57,0.9982,0.9825,0.00002,19.270,26.154,27.098,19.111,20445.6,0.0,85469.1,7512.6,19.0,973.0,1128.4,88.1,62673.5,17.6,0.00,pathseer:57
beir500k-f32,neg40_cat05,neg40,210419,pathseer-reorder,64,1,20,0.9350,0.7500,0.00077,1.432,2.575,2.737,1.471,2281.8,0.0,6565.1,311.4,3.0,10.0,115.2,30.7,4973.6,1.8,0.00,pathseer:20
beir500k-f32,neg40_cat05,neg40,210419,pathseer-reorder,64,2,20,0.9350,0.7500,0.00077,1.431,2.470,2.811,1.447,2281.8,0.0,6565.1,311.4,3.0,10.0,115.2,30.7,4973.6,1.8,0.00,pathseer:20
beir500k-f32,neg40_cat05,neg40,210419,pathseer-reorder,64,3,20,0.9350,0.7500,0.00077,1.453,2.518,2.694,1.435,2281.8,0.0,6565.1,311.4,3.0,10.0,115.2,30.7,4973.6,1.8,0.00,pathseer:20
beir500k-f32,neg40_cat05,neg40,210419,pathseer-reorder,128,1,20,0.9850,0.9000,0.00007,2.650,4.338,4.575,2.517,3924.8,0.0,10544.7,562.5,4.0,20.0,204.8,58.4,7788.6,3.2,0.00,pathseer:20
beir500k-f32,neg40_cat05,neg40,210419,pathseer-reorder,128,2,20,0.9850,0.9000,0.00007,2.675,4.399,4.765,2.547,3924.8,0.0,10544.7,562.5,4.0,20.0,204.8,58.4,7788.6,3.2,0.00,pathseer:20
beir500k-f32,neg40_cat05,neg40,210419,pathseer-reorder,128,3,20,0.9850,0.9000,0.00007,2.692,4.308,4.594,2.524,3924.8,0.0,10544.7,562.5,4.0,20.0,204.8,58.4,7788.6,3.2,0.00,pathseer:20
beir500k-f32,neg40_cat05,neg40,210419,pathseer-reorder,256,1,20,0.9900,0.9000,0.00002,4.595,7.307,7.563,4.313,6627.5,0.0,15782.0,988.2,7.0,46.0,384.0,108.2,11154.4,6.0,0.00,pathseer:20
beir500k-f32,neg40_cat05,neg40,210419,pathseer-reorder,256,2,20,0.9900,0.9000,0.00002,4.508,7.220,7.546,4.268,6627.5,0.0,15782.0,988.2,7.0,46.0,384.0,108.2,11154.4,6.0,0.00,pathseer:20
beir500k-f32,neg40_cat05,neg40,210419,pathseer-reorder,256,3,20,0.9900,0.9000,0.00002,4.653,7.210,7.764,4.341,6627.5,0.0,15782.0,988.2,7.0,46.0,384.0,108.2,11154.4,6.0,0.00,pathseer:20
beir500k-f32,neg40_cat05,neg40,210419,pathseer-reorder,512,1,20,0.9950,0.9500,0.00000,8.531,11.370,11.795,7.391,10913.7,0.0,23001.8,1661.5,14.0,82.0,784.0,233.9,15468.7,12.2,0.00,pathseer:20
beir500k-f32,neg40_cat05,neg40,210419,pathseer-reorder,512,2,20,0.9950,0.9500,0.00000,8.521,11.456,11.631,7.423,10913.7,0.0,23001.8,1661.5,14.0,82.0,784.0,233.9,15468.7,12.2,0.00,pathseer:20
beir500k-f32,neg40_cat05,neg40,210419,pathseer-reorder,512,3,20,0.9950,0.9500,0.00000,8.344,11.760,12.003,7.474,10913.7,0.0,23001.8,1661.5,14.0,82.0,784.0,233.9,15468.7,12.2,0.00,pathseer:20
beir500k-f32,neg40_cat06,neg40,214755,pathseer-reorder,64,1,49,0.9551,0.7143,0.00101,4.521,13.811,14.542,5.139,4878.4,0.0,38813.7,2327.0,3.0,144.0,150.2,10.8,32468.5,2.3,0.00,pathseer:49
beir500k-f32,neg40_cat06,neg40,214755,pathseer-reorder,64,2,49,0.9551,0.7143,0.00101,4.483,13.861,14.480,5.168,4878.4,0.0,38813.7,2327.0,3.0,144.0,150.2,10.8,32468.5,2.3,0.00,pathseer:49
beir500k-f32,neg40_cat06,neg40,214755,pathseer-reorder,64,3,49,0.9551,0.7143,0.00101,4.630,14.030,14.507,5.162,4878.4,0.0,38813.7,2327.0,3.0,144.0,150.2,10.8,32468.5,2.3,0.00,pathseer:49
beir500k-f32,neg40_cat06,neg40,214755,pathseer-reorder,128,1,49,0.9776,0.7959,0.00040,7.540,19.023,19.783,8.361,8098.5,0.0,55499.8,3683.8,5.0,275.0,267.8,19.7,45306.4,4.2,0.00,pathseer:49
beir500k-f32,neg40_cat06,neg40,214755,pathseer-reorder,128,2,49,0.9776,0.7959,0.00040,7.739,19.128,19.824,8.431,8098.5,0.0,55499.8,3683.8,5.0,275.0,267.8,19.7,45306.4,4.2,0.00,pathseer:49
beir500k-f32,neg40_cat06,neg40,214755,pathseer-reorder,128,3,49,0.9776,0.7959,0.00040,7.443,19.445,19.656,8.357,8098.5,0.0,55499.8,3683.8,5.0,275.0,267.8,19.7,45306.4,4.2,0.00,pathseer:49
beir500k-f32,neg40_cat06,neg40,214755,pathseer-reorder,256,1,49,0.9878,0.8776,0.00024,12.482,28.068,46.584,14.001,13210.5,0.0,76415.3,5697.9,9.0,538.0,543.3,38.7,60360.7,8.5,0.00,pathseer:49
beir500k-f32,neg40_cat06,neg40,214755,pathseer-reorder,256,2,49,0.9878,0.8776,0.00024,12.117,26.718,28.376,13.422,13210.5,0.0,76415.3,5697.9,9.0,538.0,543.3,38.7,60360.7,8.5,0.00,pathseer:49
beir500k-f32,neg40_cat06,neg40,214755,pathseer-reorder,256,3,49,0.9878,0.8776,0.00024,12.355,26.294,27.866,13.322,13210.5,0.0,76415.3,5697.9,9.0,538.0,543.3,38.7,60360.7,8.5,0.00,pathseer:49
beir500k-f32,neg40_cat06,neg40,214755,pathseer-reorder,512,1,49,0.9939,0.9388,0.00008,19.815,37.964,40.514,20.750,21300.6,0.0,101466.2,8642.5,18.0,1053.0,1171.6,75.2,76527.1,18.3,0.00,pathseer:49
beir500k-f32,neg40_cat06,neg40,214755,pathseer-reorder,512,2,49,0.9939,0.9388,0.00008,19.945,40.167,40.508,20.840,21300.6,0.0,101466.2,8642.5,18.0,1053.0,1171.6,75.2,76527.1,18.3,0.00,pathseer:49
beir500k-f32,neg40_cat06,neg40,214755,pathseer-reorder,512,3,49,0.9939,0.9388,0.00008,19.968,37.945,40.905,20.796,21300.6,0.0,101466.2,8642.5,18.0,1053.0,1171.6,75.2,76527.1,18.3,0.00,pathseer:49
beir500k-f32,neg40_cat07,neg40,227993,pathseer-reorder,64,1,41,0.9707,0.8293,0.00067,1.576,3.637,3.922,1.885,2724.2,0.0,10467.5,455.2,3.0,13.0,121.8,28.1,8382.8,1.9,0.00,pathseer:41
beir500k-f32,neg40_cat07,neg40,227993,pathseer-reorder,64,2,41,0.9707,0.8293,0.00067,1.663,3.561,3.970,1.923,2724.2,0.0,10467.5,455.2,3.0,13.0,121.8,28.1,8382.8,1.9,0.00,pathseer:41
beir500k-f32,neg40_cat07,neg40,227993,pathseer-reorder,64,3,41,0.9707,0.8293,0.00067,1.614,3.691,4.301,1.912,2724.2,0.0,10467.5,455.2,3.0,13.0,121.8,28.1,8382.8,1.9,0.00,pathseer:41
beir500k-f32,neg40_cat07,neg40,227993,pathseer-reorder,128,1,41,0.9951,0.9512,0.00016,3.002,5.880,6.513,3.403,4917.2,0.0,17468.0,831.4,4.0,31.0,215.4,45.7,13737.0,3.4,0.00,pathseer:41
beir500k-f32,neg40_cat07,neg40,227993,pathseer-reorder,128,2,41,0.9951,0.9512,0.00016,3.053,5.806,6.335,3.418,4917.2,0.0,17468.0,831.4,4.0,31.0,215.4,45.7,13737.0,3.4,0.00,pathseer:41
beir500k-f32,neg40_cat07,neg40,227993,pathseer-reorder,128,3,41,0.9951,0.9512,0.00016,3.149,6.048,7.151,3.552,4917.2,0.0,17468.0,831.4,4.0,31.0,215.4,45.7,13737.0,3.4,0.00,pathseer:41
beir500k-f32,neg40_cat07,neg40,227993,pathseer-reorder,256,1,41,1.0000,1.0000,0.00000,5.431,9.896,10.806,5.958,8527.8,0.0,27732.2,1466.0,8.0,66.0,416.8,87.4,21361.8,6.5,0.00,pathseer:41
beir500k-f32,neg40_cat07,neg40,227993,pathseer-reorder,256,2,41,1.0000,1.0000,0.00000,5.439,9.996,10.834,5.975,8527.8,0.0,27732.2,1466.0,8.0,66.0,416.8,87.4,21361.8,6.5,0.00,pathseer:41
beir500k-f32,neg40_cat07,neg40,227993,pathseer-reorder,256,3,41,1.0000,1.0000,0.00000,5.419,10.027,10.985,5.971,8527.8,0.0,27732.2,1466.0,8.0,66.0,416.8,87.4,21361.8,6.5,0.00,pathseer:41
beir500k-f32,neg40_cat07,neg40,227993,pathseer-reorder,512,1,41,1.0000,1.0000,0.00000,9.833,17.249,26.270,10.926,14477.4,0.0,42762.1,2520.3,14.0,126.0,861.7,171.5,32033.5,13.5,0.00,pathseer:41
beir500k-f32,neg40_cat07,neg40,227993,pathseer-reorder,512,2,41,1.0000,1.0000,0.00000,9.849,16.620,18.241,10.393,14477.4,0.0,42762.1,2520.3,14.0,126.0,861.7,171.5,32033.5,13.5,0.00,pathseer:41
beir500k-f32,neg40_cat07,neg40,227993,pathseer-reorder,512,3,41,1.0000,1.0000,0.00000,9.747,16.979,17.230,10.282,14477.4,0.0,42762.1,2520.3,14.0,126.0,861.7,171.5,32033.5,13.5,0.00,pathseer:41
beir500k-f32,neg40_cat08,neg40,220050,pathseer-reorder,64,1,52,0.9865,0.9038,0.00016,3.041,8.323,8.383,3.793,4062.1,0.0,31624.6,1422.8,3.0,60.0,130.5,16.0,27118.5,2.0,0.00,pathseer:52
beir500k-f32,neg40_cat08,neg40,220050,pathseer-reorder,64,2,52,0.9865,0.9038,0.00016,3.010,8.491,8.776,3.841,4062.1,0.0,31624.6,1422.8,3.0,60.0,130.5,16.0,27118.5,2.0,0.00,pathseer:52
beir500k-f32,neg40_cat08,neg40,220050,pathseer-reorder,64,3,52,0.9865,0.9038,0.00016,3.273,8.433,8.575,3.919,4062.1,0.0,31624.6,1422.8,3.0,60.0,130.5,16.0,27118.5,2.0,0.00,pathseer:52
beir500k-f32,neg40_cat08,neg40,220050,pathseer-reorder,128,1,52,0.9942,0.9423,0.00004,5.448,14.125,14.674,6.802,7086.3,0.0,48017.0,2515.2,4.0,122.0,224.0,28.5,40205.1,3.5,0.00,pathseer:52
beir500k-f32,neg40_cat08,neg40,220050,pathseer-reorder,128,2,52,0.9942,0.9423,0.00004,5.623,13.641,14.587,6.787,7086.3,0.0,48017.0,2515.2,4.0,122.0,224.0,28.5,40205.1,3.5,0.00,pathseer:52
beir500k-f32,neg40_cat08,neg40,220050,pathseer-reorder,128,3,52,0.9942,0.9423,0.00004,5.428,13.530,14.416,6.719,7086.3,0.0,48017.0,2515.2,4.0,122.0,224.0,28.5,40205.1,3.5,0.00,pathseer:52
beir500k-f32,neg40_cat08,neg40,220050,pathseer-reorder,256,1,52,1.0000,1.0000,0.00000,9.856,19.783,21.159,11.116,11784.3,0.0,67662.3,4142.9,8.0,251.0,448.0,55.9,54895.4,7.0,0.00,pathseer:52
beir500k-f32,neg40_cat08,neg40,220050,pathseer-reorder,256,2,52,1.0000,1.0000,0.00000,9.786,19.903,20.261,11.103,11784.3,0.0,67662.3,4142.9,8.0,251.0,448.0,55.9,54895.4,7.0,0.00,pathseer:52
beir500k-f32,neg40_cat08,neg40,220050,pathseer-reorder,256,3,52,1.0000,1.0000,0.00000,9.759,20.062,20.151,11.136,11784.3,0.0,67662.3,4142.9,8.0,251.0,448.0,55.9,54895.4,7.0,0.00,pathseer:52
beir500k-f32,neg40_cat08,neg40,220050,pathseer-reorder,512,1,52,1.0000,1.0000,0.00000,17.349,29.053,36.350,18.151,19012.8,0.0,88986.9,6543.6,16.0,498.0,958.8,113.3,68850.5,15.0,0.00,pathseer:52
beir500k-f32,neg40_cat08,neg40,220050,pathseer-reorder,512,2,52,1.0000,1.0000,0.00000,16.599,28.330,28.922,17.582,19012.8,0.0,88986.9,6543.6,16.0,498.0,958.8,113.3,68850.5,15.0,0.00,pathseer:52
beir500k-f32,neg40_cat08,neg40,220050,pathseer-reorder,512,3,52,1.0000,1.0000,0.00000,16.484,28.342,29.110,17.559,19012.8,0.0,88986.9,6543.6,16.0,498.0,958.8,113.3,68850.5,15.0,0.00,pathseer:52
beir500k-f32,neg40_cat09,neg40,211545,pathseer-reorder,64,1,55,0.9836,0.8364,0.00020,5.534,11.605,13.494,6.391,5496.8,0.0,46815.5,2617.6,3.0,205.0,148.9,10.2,39572.4,2.3,0.00,pathseer:55
beir500k-f32,neg40_cat09,neg40,211545,pathseer-reorder,64,2,55,0.9836,0.8364,0.00020,5.522,11.307,13.035,5.873,5496.8,0.0,46815.5,2617.6,3.0,205.0,148.9,10.2,39572.4,2.3,0.00,pathseer:55
beir500k-f32,neg40_cat09,neg40,211545,pathseer-reorder,64,3,55,0.9836,0.8364,0.00020,5.568,11.323,12.854,5.905,5496.8,0.0,46815.5,2617.6,3.0,205.0,148.9,10.2,39572.4,2.3,0.00,pathseer:55
beir500k-f32,neg40_cat09,neg40,211545,pathseer-reorder,128,1,55,0.9945,0.9455,0.00006,8.998,16.799,17.367,9.519,8989.6,0.0,67001.9,4149.4,5.0,383.0,264.1,18.7,55486.5,4.1,0.00,pathseer:55
beir500k-f32,neg40_cat09,neg40,211545,pathseer-reorder,128,2,55,0.9945,0.9455,0.00006,8.839,16.867,17.747,9.518,8989.6,0.0,67001.9,4149.4,5.0,383.0,264.1,18.7,55486.5,4.1,0.00,pathseer:55
beir500k-f32,neg40_cat09,neg40,211545,pathseer-reorder,128,3,55,0.9945,0.9455,0.00006,9.271,16.931,17.837,9.638,8989.6,0.0,67001.9,4149.4,5.0,383.0,264.1,18.7,55486.5,4.1,0.00,pathseer:55
beir500k-f32,neg40_cat09,neg40,211545,pathseer-reorder,256,1,55,0.9982,0.9818,0.00002,14.510,24.375,24.617,14.871,14387.8,0.0,91907.5,6414.0,9.0,740.0,532.9,36.5,73996.9,8.3,0.00,pathseer:55
beir500k-f32,neg40_cat09,neg40,211545,pathseer-reorder,256,2,55,0.9982,0.9818,0.00002,14.593,24.234,26.293,14.907,14387.8,0.0,91907.5,6414.0,9.0,740.0,532.9,36.5,73996.9,8.3,0.00,pathseer:55
beir500k-f32,neg40_cat09,neg40,211545,pathseer-reorder,256,3,55,0.9982,0.9818,0.00002,14.513,23.987,24.548,14.755,14387.8,0.0,91907.5,6414.0,9.0,740.0,532.9,36.5,73996.9,8.3,0.00,pathseer:55
beir500k-f32,neg40_cat09,neg40,211545,pathseer-reorder,512,1,55,1.0000,1.0000,0.00000,23.673,34.462,34.796,22.819,22861.2,0.0,118953.3,9841.3,19.0,1389.0,1188.1,77.9,91182.0,18.6,0.00,pathseer:55
beir500k-f32,neg40_cat09,neg40,211545,pathseer-reorder,512,2,55,1.0000,1.0000,0.00000,24.275,34.370,34.723,22.869,22861.2,0.0,118953.3,9841.3,19.0,1389.0,1188.1,77.9,91182.0,18.6,0.00,pathseer:55
beir500k-f32,neg40_cat09,neg40,211545,pathseer-reorder,512,3,55,1.0000,1.0000,0.00000,23.798,34.723,35.512,22.970,22861.2,0.0,118953.3,9841.3,19.0,1389.0,1188.1,77.9,91182.0,18.6,0.00,pathseer:55
beir500k-f32,neg40_cat10,neg40,228898,pathseer-reorder,64,1,50,0.9740,0.7600,0.00019,1.796,3.184,3.616,1.864,2692.3,0.0,10794.5,464.9,3.0,17.0,122.9,26.2,8659.7,1.9,0.00,pathseer:50
beir500k-f32,neg40_cat10,neg40,228898,pathseer-reorder,64,2,50,0.9740,0.7600,0.00019,1.842,3.175,3.594,1.854,2692.3,0.0,10794.5,464.9,3.0,17.0,122.9,26.2,8659.7,1.9,0.00,pathseer:50
beir500k-f32,neg40_cat10,neg40,228898,pathseer-reorder,64,3,50,0.9740,0.7600,0.00019,1.855,3.202,3.596,1.877,2692.3,0.0,10794.5,464.9,3.0,17.0,122.9,26.2,8659.7,1.9,0.00,pathseer:50
beir500k-f32,neg40_cat10,neg40,228898,pathseer-reorder,128,1,50,0.9940,0.9400,0.00007,3.146,5.134,6.396,3.337,4728.2,0.0,18363.2,866.1,5.0,35.0,225.3,45.1,14583.5,3.5,0.00,pathseer:50
beir500k-f32,neg40_cat10,neg40,228898,pathseer-reorder,128,2,50,0.9940,0.9400,0.00007,3.169,5.071,6.343,3.327,4728.2,0.0,18363.2,866.1,5.0,35.0,225.3,45.1,14583.5,3.5,0.00,pathseer:50
beir500k-f32,neg40_cat10,neg40,228898,pathseer-reorder,128,3,50,0.9940,0.9400,0.00007,3.141,5.086,6.116,3.333,4728.2,0.0,18363.2,866.1,5.0,35.0,225.3,45.1,14583.5,3.5,0.00,pathseer:50
beir500k-f32,neg40_cat10,neg40,228898,pathseer-reorder,256,1,50,0.9980,0.9800,0.00004,5.805,9.926,10.232,5.900,8111.5,0.0,29446.7,1573.0,7.0,76.0,419.8,83.9,22930.4,6.6,0.00,pathseer:50
beir500k-f32,neg40_cat10,neg40,228898,pathseer-reorder,256,2,50,0.9980,0.9800,0.00004,5.740,9.922,10.174,5.918,8111.5,0.0,29446.7,1573.0,7.0,76.0,419.8,83.9,22930.4,6.6,0.00,pathseer:50
beir500k-f32,neg40_cat10,neg40,228898,pathseer-reorder,256,3,50,0.9980,0.9800,0.00004,5.694,10.014,10.265,5.846,8111.5,0.0,29446.7,1573.0,7.0,76.0,419.8,83.9,22930.4,6.6,0.00,pathseer:50
beir500k-f32,neg40_cat10,neg40,228898,pathseer-reorder,512,1,50,1.0000,1.0000,0.00000,9.964,15.682,16.730,10.116,13652.9,0.0,46006.0,2783.4,14.0,143.0,873.0,175.6,34951.4,13.6,0.00,pathseer:50
beir500k-f32,neg40_cat10,neg40,228898,pathseer-reorder,512,2,50,1.0000,1.0000,0.00000,10.034,15.624,16.894,10.105,13652.9,0.0,46006.0,2783.4,14.0,143.0,873.0,175.6,34951.4,13.6,0.00,pathseer:50
beir500k-f32,neg40_cat10,neg40,228898,pathseer-reorder,512,3,50,1.0000,1.0000,0.00000,10.100,16.248,17.367,10.209,13652.9,0.0,46006.0,2783.4,14.0,143.0,873.0,175.6,34951.4,13.6,0.00,pathseer:50
beir500k-f32,neg40_cat11,neg40,203547,pathseer-reorder,64,1,32,0.9781,0.8438,0.00023,2.832,5.778,8.937,2.984,3479.2,0.0,22435.8,1151.8,3.0,75.0,124.0,17.8,18741.9,1.9,0.00,pathseer:32
beir500k-f32,neg40_cat11,neg40,203547,pathseer-reorder,64,2,32,0.9781,0.8438,0.00023,2.707,5.830,8.967,3.002,3479.2,0.0,22435.8,1151.8,3.0,75.0,124.0,17.8,18741.9,1.9,0.00,pathseer:32
beir500k-f32,neg40_cat11,neg40,203547,pathseer-reorder,64,3,32,0.9781,0.8438,0.00023,2.726,5.751,8.953,3.016,3479.2,0.0,22435.8,1151.8,3.0,75.0,124.0,17.8,18741.9,1.9,0.00,pathseer:32
beir500k-f32,neg40_cat11,neg40,203547,pathseer-reorder,128,1,32,0.9906,0.9062,0.00011,4.919,10.111,12.485,5.265,6039.1,0.0,35702.7,1994.5,5.0,130.0,236.0,32.6,29401.1,3.7,0.00,pathseer:32
beir500k-f32,neg40_cat11,neg40,203547,pathseer-reorder,128,2,32,0.9906,0.9062,0.00011,4.926,9.982,12.387,5.229,6039.1,0.0,35702.7,1994.5,5.0,130.0,236.0,32.6,29401.1,3.7,0.00,pathseer:32
beir500k-f32,neg40_cat11,neg40,203547,pathseer-reorder,128,3,32,0.9906,0.9062,0.00011,4.980,9.969,12.676,5.268,6039.1,0.0,35702.7,1994.5,5.0,130.0,236.0,32.6,29401.1,3.7,0.00,pathseer:32
beir500k-f32,neg40_cat11,neg40,203547,pathseer-reorder,256,1,32,0.9938,0.9375,0.00010,8.574,17.188,19.149,9.214,10326.1,0.0,54403.5,3365.8,8.0,307.0,484.0,66.4,43889.2,7.6,0.00,pathseer:32
beir500k-f32,neg40_cat11,neg40,203547,pathseer-reorder,256,2,32,0.9938,0.9375,0.00010,8.441,16.674,19.202,9.226,10326.1,0.0,54403.5,3365.8,8.0,307.0,484.0,66.4,43889.2,7.6,0.00,pathseer:32
beir500k-f32,neg40_cat11,neg40,203547,pathseer-reorder,256,3,32,0.9938,0.9375,0.00010,8.394,16.697,18.867,9.010,10326.1,0.0,54403.5,3365.8,8.0,307.0,484.0,66.4,43889.2,7.6,0.00,pathseer:32
beir500k-f32,neg40_cat11,neg40,203547,pathseer-reorder,512,1,32,1.0000,1.0000,0.00000,15.682,26.601,31.245,15.260,17410.3,0.0,81013.4,5611.5,17.0,656.0,1038.0,125.5,63609.5,16.2,0.00,pathseer:32
beir500k-f32,neg40_cat11,neg40,203547,pathseer-reorder,512,2,32,1.0000,1.0000,0.00000,15.548,26.752,31.284,15.270,17410.3,0.0,81013.4,5611.5,17.0,656.0,1038.0,125.5,63609.5,16.2,0.00,pathseer:32
beir500k-f32,neg40_cat11,neg40,203547,pathseer-reorder,512,3,32,1.0000,1.0000,0.00000,15.781,26.484,31.126,15.380,17410.3,0.0,81013.4,5611.5,17.0,656.0,1038.0,125.5,63609.5,16.2,0.00,pathseer:32
beir500k-f32,neg40_cat12,neg40,222191,pathseer-reorder,64,1,66,0.9712,0.7879,0.00031,3.155,11.202,11.928,4.274,4390.8,0.0,32148.2,1825.9,3.0,75.0,131.9,16.3,26812.7,2.1,0.00,pathseer:66
beir500k-f32,neg40_cat12,neg40,222191,pathseer-reorder,64,2,66,0.9712,0.7879,0.00031,3.125,11.072,11.858,4.265,4390.8,0.0,32148.2,1825.9,3.0,75.0,131.9,16.3,26812.7,2.1,0.00,pathseer:66
beir500k-f32,neg40_cat12,neg40,222191,pathseer-reorder,64,3,66,0.9712,0.7879,0.00031,3.131,11.272,11.956,4.253,4390.8,0.0,32148.2,1825.9,3.0,75.0,131.9,16.3,26812.7,2.1,0.00,pathseer:66
beir500k-f32,neg40_cat12,neg40,222191,pathseer-reorder,128,1,66,0.9879,0.8939,0.00006,5.531,15.953,17.973,7.046,7244.0,0.0,46303.3,2921.7,5.0,150.0,255.0,29.7,37706.3,4.0,0.00,pathseer:66
beir500k-f32,neg40_cat12,neg40,222191,pathseer-reorder,128,2,66,0.9879,0.8939,0.00006,5.529,16.117,18.071,6.947,7244.0,0.0,46303.3,2921.7,5.0,150.0,255.0,29.7,37706.3,4.0,0.00,pathseer:66
beir500k-f32,neg40_cat12,neg40,222191,pathseer-reorder,128,3,66,0.9879,0.8939,0.00006,5.551,15.975,17.934,6.944,7244.0,0.0,46303.3,2921.7,5.0,150.0,255.0,29.7,37706.3,4.0,0.00,pathseer:66
beir500k-f32,neg40_cat12,neg40,222191,pathseer-reorder,256,1,66,0.9939,0.9394,0.00003,8.980,22.644,25.748,11.114,11613.3,0.0,64200.7,4571.7,9.0,302.0,525.6,58.7,50668.2,8.2,0.00,pathseer:66
beir500k-f32,neg40_cat12,neg40,222191,pathseer-reorder,256,2,66,0.9939,0.9394,0.00003,8.974,22.405,25.527,10.988,11613.3,0.0,64200.7,4571.7,9.0,302.0,525.6,58.7,50668.2,8.2,0.00,pathseer:66
beir500k-f32,neg40_cat12,neg40,222191,pathseer-reorder,256,3,66,0.9939,0.9394,0.00003,9.024,23.163,26.001,11.146,11613.3,0.0,64200.7,4571.7,9.0,302.0,525.6,58.7,50668.2,8.2,0.00,pathseer:66
beir500k-f32,neg40_cat12,neg40,222191,pathseer-reorder,512,1,66,0.9970,0.9697,0.00001,14.819,32.189,35.038,17.623,18390.5,0.0,87131.0,7161.5,18.0,595.0,1133.3,118.2,65875.7,17.7,0.00,pathseer:66
beir500k-f32,neg40_cat12,neg40,222191,pathseer-reorder,512,2,66,0.9970,0.9697,0.00001,14.871,30.666,34.879,17.336,18390.5,0.0,87131.0,7161.5,18.0,595.0,1133.3,118.2,65875.7,17.7,0.00,pathseer:66
beir500k-f32,neg40_cat12,neg40,222191,pathseer-reorder,512,3,66,0.9970,0.9697,0.00001,16.317,32.138,35.239,17.989,18390.5,0.0,87131.0,7161.5,18.0,595.0,1133.3,118.2,65875.7,17.7,0.00,pathseer:66
beir500k-f32,neg40_cat13,neg40,231299,pathseer-reorder,64,1,54,0.9611,0.7778,0.00048,1.884,3.221,4.713,2.035,2755.7,0.0,12312.7,576.1,3.0,13.0,125.6,28.8,9934.7,2.0,0.00,pathseer:54
beir500k-f32,neg40_cat13,neg40,231299,pathseer-reorder,64,2,54,0.9611,0.7778,0.00048,1.892,3.199,4.532,1.994,2755.7,0.0,12312.7,576.1,3.0,13.0,125.6,28.8,9934.7,2.0,0.00,pathseer:54
beir500k-f32,neg40_cat13,neg40,231299,pathseer-reorder,64,3,54,0.9611,0.7778,0.00048,1.899,3.288,4.559,2.015,2755.7,0.0,12312.7,576.1,3.0,13.0,125.6,28.8,9934.7,2.0,0.00,pathseer:54
beir500k-f32,neg40_cat13,neg40,231299,pathseer-reorder,128,1,54,0.9907,0.9444,0.00015,3.749,6.446,7.835,3.891,4992.8,0.0,20793.9,1080.0,4.0,38.0,220.4,49.0,16486.3,3.4,0.00,pathseer:54
beir500k-f32,neg40_cat13,neg40,231299,pathseer-reorder,128,2,54,0.9907,0.9444,0.00015,3.813,6.314,7.299,3.730,4992.8,0.0,20793.9,1080.0,4.0,38.0,220.4,49.0,16486.3,3.4,0.00,pathseer:54
beir500k-f32,neg40_cat13,neg40,231299,pathseer-reorder,128,3,54,0.9907,0.9444,0.00015,3.742,6.152,7.114,3.716,4992.8,0.0,20793.9,1080.0,4.0,38.0,220.4,49.0,16486.3,3.4,0.00,pathseer:54
beir500k-f32,neg40_cat13,neg40,231299,pathseer-reorder,256,1,54,0.9963,0.9815,0.00003,6.458,10.792,11.353,6.631,8811.2,0.0,32897.6,1900.4,7.0,74.0,429.0,90.2,25452.1,6.7,0.00,pathseer:54
beir500k-f32,neg40_cat13,neg40,231299,pathseer-reorder,256,2,54,0.9963,0.9815,0.00003,6.700,10.819,11.271,6.727,8811.2,0.0,32897.6,1900.4,7.0,74.0,429.0,90.2,25452.1,6.7,0.00,pathseer:54
beir500k-f32,neg40_cat13,neg40,231299,pathseer-reorder,256,3,54,0.9963,0.9815,0.00003,6.568,10.739,11.227,6.694,8811.2,0.0,32897.6,1900.4,7.0,74.0,429.0,90.2,25452.1,6.7,0.00,pathseer:54
beir500k-f32,neg40_cat13,neg40,231299,pathseer-reorder,512,1,54,0.9963,0.9815,0.00003,11.617,17.961,18.978,11.749,15132.2,0.0,49145.0,3227.4,14.0,172.0,906.7,185.9,36562.4,14.2,0.00,pathseer:54
beir500k-f32,neg40_cat13,neg40,231299,pathseer-reorder,512,2,54,0.9963,0.9815,0.00003,11.577,18.104,18.307,11.618,15132.2,0.0,49145.0,3227.4,14.0,172.0,906.7,185.9,36562.4,14.2,0.00,pathseer:54
beir500k-f32,neg40_cat13,neg40,231299,pathseer-reorder,512,3,54,0.9963,0.9815,0.00003,11.619,17.707,18.276,11.589,15132.2,0.0,49145.0,3227.4,14.0,172.0,906.7,185.9,36562.4,14.2,0.00,pathseer:54
beir500k-f32,neg40_cat14,neg40,212386,pathseer-reorder,64,1,6,1.0000,1.0000,0.00000,1.234,1.376,1.376,1.086,2009.0,0.0,6052.7,322.3,4.0,14.0,160.0,24.3,4506.2,2.5,0.00,pathseer:6
beir500k-f32,neg40_cat14,neg40,212386,pathseer-reorder,64,2,6,1.0000,1.0000,0.00000,1.392,1.573,1.573,1.201,2009.0,0.0,6052.7,322.3,4.0,14.0,160.0,24.3,4506.2,2.5,0.00,pathseer:6
beir500k-f32,neg40_cat14,neg40,212386,pathseer-reorder,64,3,6,1.0000,1.0000,0.00000,1.270,1.606,1.606,1.194,2009.0,0.0,6052.7,322.3,4.0,14.0,160.0,24.3,4506.2,2.5,0.00,pathseer:6
beir500k-f32,neg40_cat14,neg40,212386,pathseer-reorder,128,1,6,1.0000,1.0000,0.00000,2.622,3.158,3.158,2.407,3391.8,0.0,10869.7,640.8,5.0,26.0,245.3,38.2,8137.2,3.8,0.00,pathseer:6
beir500k-f32,neg40_cat14,neg40,212386,pathseer-reorder,128,2,6,1.0000,1.0000,0.00000,2.466,2.985,2.985,2.251,3391.8,0.0,10869.7,640.8,5.0,26.0,245.3,38.2,8137.2,3.8,0.00,pathseer:6
beir500k-f32,neg40_cat14,neg40,212386,pathseer-reorder,128,3,6,1.0000,1.0000,0.00000,2.375,2.987,2.987,2.146,3391.8,0.0,10869.7,640.8,5.0,26.0,245.3,38.2,8137.2,3.8,0.00,pathseer:6
beir500k-f32,neg40_cat14,neg40,212386,pathseer-reorder,256,1,6,1.0000,1.0000,0.00000,4.743,5.605,5.605,4.224,5873.5,0.0,19536.3,1290.5,10.0,62.0,480.0,83.5,14459.8,7.5,0.00,pathseer:6
beir500k-f32,neg40_cat14,neg40,212386,pathseer-reorder,256,2,6,1.0000,1.0000,0.00000,4.722,6.209,6.209,4.399,5873.5,0.0,19536.3,1290.5,10.0,62.0,480.0,83.5,14459.8,7.5,0.00,pathseer:6
beir500k-f32,neg40_cat14,neg40,212386,pathseer-reorder,256,3,6,1.0000,1.0000,0.00000,4.585,6.018,6.018,4.312,5873.5,0.0,19536.3,1290.5,10.0,62.0,480.0,83.5,14459.8,7.5,0.00,pathseer:6
beir500k-f32,neg40_cat14,neg40,212386,pathseer-reorder,512,1,6,1.0000,1.0000,0.00000,8.899,11.046,11.046,8.498,10014.0,0.0,33762.3,2500.2,17.0,131.0,981.3,158.5,24712.5,15.3,0.00,pathseer:6
beir500k-f32,neg40_cat14,neg40,212386,pathseer-reorder,512,2,6,1.0000,1.0000,0.00000,8.191,11.696,11.696,8.592,10014.0,0.0,33762.3,2500.2,17.0,131.0,981.3,158.5,24712.5,15.3,0.00,pathseer:6
beir500k-f32,neg40_cat14,neg40,212386,pathseer-reorder,512,3,6,1.0000,1.0000,0.00000,8.050,10.577,10.577,7.924,10014.0,0.0,33762.3,2500.2,17.0,131.0,981.3,158.5,24712.5,15.3,0.00,pathseer:6
beir500k-f32,neg40_cat15,neg40,220102,pathseer-reorder,64,1,84,0.9357,0.6310,0.00136,1.431,2.939,3.063,1.600,2315.1,0.0,7258.7,358.6,3.0,16.0,131.0,32.3,5586.4,2.0,0.00,pathseer:84
beir500k-f32,neg40_cat15,neg40,220102,pathseer-reorder,64,2,84,0.9357,0.6310,0.00136,1.392,3.040,3.429,1.640,2315.1,0.0,7258.7,358.6,3.0,16.0,131.0,32.3,5586.4,2.0,0.00,pathseer:84
beir500k-f32,neg40_cat15,neg40,220102,pathseer-reorder,64,3,84,0.9357,0.6310,0.00136,1.505,3.078,3.165,1.666,2315.1,0.0,7258.7,358.6,3.0,16.0,131.0,32.3,5586.4,2.0,0.00,pathseer:84
beir500k-f32,neg40_cat15,neg40,220102,pathseer-reorder,128,1,84,0.9631,0.7738,0.00087,2.561,5.194,5.747,2.827,4136.2,0.0,12167.3,649.9,4.0,44.0,227.0,52.4,9215.5,3.5,0.00,pathseer:84
beir500k-f32,neg40_cat15,neg40,220102,pathseer-reorder,128,2,84,0.9631,0.7738,0.00087,2.606,5.062,5.848,2.871,4136.2,0.0,12167.3,649.9,4.0,44.0,227.0,52.4,9215.5,3.5,0.00,pathseer:84
beir500k-f32,neg40_cat15,neg40,220102,pathseer-reorder,128,3,84,0.9631,0.7738,0.00087,2.667,5.293,5.863,2.908,4136.2,0.0,12167.3,649.9,4.0,44.0,227.0,52.4,9215.5,3.5,0.00,pathseer:84
beir500k-f32,neg40_cat15,neg40,220102,pathseer-reorder,256,1,84,0.9798,0.8333,0.00036,4.771,8.839,11.409,5.098,7263.4,0.0,20528.3,1178.5,8.0,78.0,476.2,103.4,15312.2,7.4,0.00,pathseer:84
beir500k-f32,neg40_cat15,neg40,220102,pathseer-reorder,256,2,84,0.9798,0.8333,0.00036,4.868,8.620,11.208,5.077,7263.4,0.0,20528.3,1178.5,8.0,78.0,476.2,103.4,15312.2,7.4,0.00,pathseer:84
beir500k-f32,neg40_cat15,neg40,220102,pathseer-reorder,256,3,84,0.9798,0.8333,0.00036,4.884,8.895,11.771,5.140,7263.4,0.0,20528.3,1178.5,8.0,78.0,476.2,103.4,15312.2,7.4,0.00,pathseer:84
beir500k-f32,neg40_cat15,neg40,220102,pathseer-reorder,512,1,84,0.9917,0.9286,0.00012,8.764,15.631,20.290,9.314,12724.2,0.0,33595.5,2110.0,15.0,138.0,1010.3,196.7,24345.2,15.8,0.00,pathseer:84
beir500k-f32,neg40_cat15,neg40,220102,pathseer-reorder,512,2,84,0.9917,0.9286,0.00012,8.503,14.840,20.797,9.126,12724.2,0.0,33595.5,2110.0,15.0,138.0,1010.3,196.7,24345.2,15.8,0.00,pathseer:84
beir500k-f32,neg40_cat15,neg40,220102,pathseer-reorder,512,3,84,0.9917,0.9286,0.00012,8.457,15.140,19.760,8.951,12724.2,0.0,33595.5,2110.0,15.0,138.0,1010.3,196.7,24345.2,15.8,0.00,pathseer:84
beir500k-f32,neg40_cat16,neg40,209134,pathseer-reorder,64,1,42,0.9881,0.8810,0.00015,6.682,10.518,12.708,6.651,5680.2,0.0,54625.3,3346.0,4.0,372.0,187.4,7.6,46250.2,2.9,0.00,pathseer:42
beir500k-f32,neg40_cat16,neg40,209134,pathseer-reorder,64,2,42,0.9881,0.8810,0.00015,6.549,11.335,13.055,6.773,5680.2,0.0,54625.3,3346.0,4.0,372.0,187.4,7.6,46250.2,2.9,0.00,pathseer:42
beir500k-f32,neg40_cat16,neg40,209134,pathseer-reorder,64,3,42,0.9881,0.8810,0.00015,6.791,10.941,12.831,6.765,5680.2,0.0,54625.3,3346.0,4.0,372.0,187.4,7.6,46250.2,2.9,0.00,pathseer:42
beir500k-f32,neg40_cat16,neg40,209134,pathseer-reorder,128,1,42,0.9929,0.9286,0.00012,11.499,17.771,18.895,11.506,9750.6,0.0,82342.8,5703.2,6.0,733.0,376.1,12.5,68054.9,5.9,0.00,pathseer:42
beir500k-f32,neg40_cat16,neg40,209134,pathseer-reorder,128,2,42,0.9929,0.9286,0.00012,11.171,17.954,19.720,11.526,9750.6,0.0,82342.8,5703.2,6.0,733.0,376.1,12.5,68054.9,5.9,0.00,pathseer:42
beir500k-f32,neg40_cat16,neg40,209134,pathseer-reorder,128,3,42,0.9929,0.9286,0.00012,10.968,18.296,19.311,11.480,9750.6,0.0,82342.8,5703.2,6.0,733.0,376.1,12.5,68054.9,5.9,0.00,pathseer:42
beir500k-f32,neg40_cat16,neg40,209134,pathseer-reorder,256,1,42,0.9952,0.9524,0.00011,18.247,27.554,28.123,18.608,15766.7,0.0,116303.3,9137.3,14.0,1375.0,874.1,25.3,93305.7,13.7,0.00,pathseer:42
beir500k-f32,neg40_cat16,neg40,209134,pathseer-reorder,256,2,42,0.9952,0.9524,0.00011,18.332,27.642,27.854,18.518,15766.7,0.0,116303.3,9137.3,14.0,1375.0,874.1,25.3,93305.7,13.7,0.00,pathseer:42
beir500k-f32,neg40_cat16,neg40,209134,pathseer-reorder,256,3,42,0.9952,0.9524,0.00011,18.373,27.542,27.942,18.553,15766.7,0.0,116303.3,9137.3,14.0,1375.0,874.1,25.3,93305.7,13.7,0.00,pathseer:42
beir500k-f32,neg40_cat16,neg40,209134,pathseer-reorder,512,1,42,0.9976,0.9762,0.00002,32.370,42.326,57.315,30.661,25326.7,0.0,155222.5,14374.4,31.0,2401.0,2029.1,51.8,118760.6,31.7,0.00,pathseer:42
beir500k-f32,neg40_cat16,neg40,209134,pathseer-reorder,512,2,42,0.9976,0.9762,0.00002,31.417,40.257,42.015,29.624,25326.7,0.0,155222.5,14374.4,31.0,2401.0,2029.1,51.8,118760.6,31.7,0.00,pathseer:42
beir500k-f32,neg40_cat16,neg40,209134,pathseer-reorder,512,3,42,0.9976,0.9762,0.00002,30.453,39.832,42.230,29.605,25326.7,0.0,155222.5,14374.4,31.0,2401.0,2029.1,51.8,118760.6,31.7,0.00,pathseer:42
beir500k-f32,neg40_cat17,neg40,224270,pathseer-reorder,64,1,45,0.9800,0.8667,0.00036,1.342,1.863,2.268,1.350,2210.2,0.0,4415.6,226.9,2.0,3.0,98.1,41.8,3012.6,1.5,0.00,pathseer:45
beir500k-f32,neg40_cat17,neg40,224270,pathseer-reorder,64,2,45,0.9800,0.8667,0.00036,1.373,1.788,2.190,1.330,2210.2,0.0,4415.6,226.9,2.0,3.0,98.1,41.8,3012.6,1.5,0.00,pathseer:45
beir500k-f32,neg40_cat17,neg40,224270,pathseer-reorder,64,3,45,0.9800,0.8667,0.00036,1.374,1.780,2.123,1.352,2210.2,0.0,4415.6,226.9,2.0,3.0,98.1,41.8,3012.6,1.5,0.00,pathseer:45
beir500k-f32,neg40_cat17,neg40,224270,pathseer-reorder,128,1,45,0.9911,0.9333,0.00010,2.527,3.246,3.477,2.433,3852.1,0.0,7382.0,416.3,4.0,7.0,174.9,74.1,4984.7,2.7,0.00,pathseer:45
beir500k-f32,neg40_cat17,neg40,224270,pathseer-reorder,128,2,45,0.9911,0.9333,0.00010,2.437,3.205,3.512,2.410,3852.1,0.0,7382.0,416.3,4.0,7.0,174.9,74.1,4984.7,2.7,0.00,pathseer:45
beir500k-f32,neg40_cat17,neg40,224270,pathseer-reorder,128,3,45,0.9911,0.9333,0.00010,2.459,3.079,3.519,2.373,3852.1,0.0,7382.0,416.3,4.0,7.0,174.9,74.1,4984.7,2.7,0.00,pathseer:45
beir500k-f32,neg40_cat17,neg40,224270,pathseer-reorder,256,1,45,0.9978,0.9778,0.00001,4.300,5.745,6.251,4.271,6707.8,0.0,12192.9,774.7,6.0,19.0,348.4,135.0,8036.4,5.4,0.00,pathseer:45
beir500k-f32,neg40_cat17,neg40,224270,pathseer-reorder,256,2,45,0.9978,0.9778,0.00001,4.171,5.662,5.906,4.108,6707.8,0.0,12192.9,774.7,6.0,19.0,348.4,135.0,8036.4,5.4,0.00,pathseer:45
beir500k-f32,neg40_cat17,neg40,224270,pathseer-reorder,256,3,45,0.9978,0.9778,0.00001,4.161,5.567,5.869,4.141,6707.8,0.0,12192.9,774.7,6.0,19.0,348.4,135.0,8036.4,5.4,0.00,pathseer:45
beir500k-f32,neg40_cat17,neg40,224270,pathseer-reorder,512,1,45,1.0000,1.0000,0.00000,7.327,9.734,10.458,7.271,11430.7,0.0,19413.2,1399.5,12.0,47.0,753.2,265.2,12306.7,11.8,0.00,pathseer:45
beir500k-f32,neg40_cat17,neg40,224270,pathseer-reorder,512,2,45,1.0000,1.0000,0.00000,7.329,9.865,10.534,7.252,11430.7,0.0,19413.2,1399.5,12.0,47.0,753.2,265.2,12306.7,11.8,0.00,pathseer:45
beir500k-f32,neg40_cat17,neg40,224270,pathseer-reorder,512,3,45,1.0000,1.0000,0.00000,7.276,9.795,10.344,7.217,11430.7,0.0,19413.2,1399.5,12.0,47.0,753.2,265.2,12306.7,11.8,0.00,pathseer:45
beir500k-f32,neg40_cat18,neg40,205532,pathseer-reorder,64,1,10,0.9900,0.9000,0.00019,5.736,6.751,6.751,4.596,4229.5,0.0,37963.6,2214.4,3.0,208.0,153.6,10.9,32148.3,2.4,0.00,pathseer:10
beir500k-f32,neg40_cat18,neg40,205532,pathseer-reorder,64,2,10,0.9900,0.9000,0.00019,5.552,6.591,6.591,4.556,4229.5,0.0,37963.6,2214.4,3.0,208.0,153.6,10.9,32148.3,2.4,0.00,pathseer:10
beir500k-f32,neg40_cat18,neg40,205532,pathseer-reorder,64,3,10,0.9900,0.9000,0.00019,5.781,7.344,7.344,4.832,4229.5,0.0,37963.6,2214.4,3.0,208.0,153.6,10.9,32148.3,2.4,0.00,pathseer:10
beir500k-f32,neg40_cat18,neg40,205532,pathseer-reorder,128,1,10,1.0000,1.0000,0.00000,9.358,11.169,11.169,7.797,7191.9,0.0,55511.8,3695.3,6.0,476.0,300.8,18.5,45812.9,4.7,0.00,pathseer:10
beir500k-f32,neg40_cat18,neg40,205532,pathseer-reorder,128,2,10,1.0000,1.0000,0.00000,8.362,11.428,11.428,7.566,7191.9,0.0,55511.8,3695.3,6.0,476.0,300.8,18.5,45812.9,4.7,0.00,pathseer:10
beir500k-f32,neg40_cat18,neg40,205532,pathseer-reorder,128,3,10,1.0000,1.0000,0.00000,8.504,11.174,11.174,7.653,7191.9,0.0,55511.8,3695.3,6.0,476.0,300.8,18.5,45812.9,4.7,0.00,pathseer:10
beir500k-f32,neg40_cat18,neg40,205532,pathseer-reorder,256,1,10,1.0000,1.0000,0.00000,14.042,17.353,17.353,12.729,12076.5,0.0,73939.4,5863.5,11.0,902.0,608.0,31.8,58462.1,9.5,0.00,pathseer:10
beir500k-f32,neg40_cat18,neg40,205532,pathseer-reorder,256,2,10,1.0000,1.0000,0.00000,14.052,18.051,18.051,12.856,12076.5,0.0,73939.4,5863.5,11.0,902.0,608.0,31.8,58462.1,9.5,0.00,pathseer:10
beir500k-f32,neg40_cat18,neg40,205532,pathseer-reorder,256,3,10,1.0000,1.0000,0.00000,14.201,17.634,17.634,12.836,12076.5,0.0,73939.4,5863.5,11.0,902.0,608.0,31.8,58462.1,9.5,0.00,pathseer:10
beir500k-f32,neg40_cat18,neg40,205532,pathseer-reorder,512,1,10,1.0000,1.0000,0.00000,21.993,27.994,27.994,20.225,19616.5,0.0,91635.9,8689.9,23.0,1834.0,1305.6,62.0,68044.4,20.4,0.00,pathseer:10
beir500k-f32,neg40_cat18,neg40,205532,pathseer-reorder,512,2,10,1.0000,1.0000,0.00000,22.395,27.203,27.203,19.894,19616.5,0.0,91635.9,8689.9,23.0,1834.0,1305.6,62.0,68044.4,20.4,0.00,pathseer:10
beir500k-f32,neg40_cat18,neg40,205532,pathseer-reorder,512,3,10,1.0000,1.0000,0.00000,21.776,27.884,27.884,20.136,19616.5,0.0,91635.9,8689.9,23.0,1834.0,1305.6,62.0,68044.4,20.4,0.00,pathseer:10
beir500k-f32,neg40_cat19,neg40,204140,pathseer-reorder,64,1,60,0.9150,0.7333,0.00094,3.090,6.779,7.239,3.366,3577.3,0.0,19804.2,1475.6,4.0,113.0,169.6,17.6,15524.0,2.6,0.00,pathseer:60
beir500k-f32,neg40_cat19,neg40,204140,pathseer-reorder,64,2,60,0.9150,0.7333,0.00094,2.919,6.470,7.213,3.339,3577.3,0.0,19804.2,1475.6,4.0,113.0,169.6,17.6,15524.0,2.6,0.00,pathseer:60
beir500k-f32,neg40_cat19,neg40,204140,pathseer-reorder,64,3,60,0.9150,0.7333,0.00094,3.083,6.757,7.395,3.367,3577.3,0.0,19804.2,1475.6,4.0,113.0,169.6,17.6,15524.0,2.6,0.00,pathseer:60
beir500k-f32,neg40_cat19,neg40,204140,pathseer-reorder,128,1,60,0.9483,0.8000,0.00013,5.727,9.901,11.165,5.613,5979.5,0.0,28492.7,2330.2,6.0,225.0,333.9,29.4,21636.3,5.2,0.00,pathseer:60
beir500k-f32,neg40_cat19,neg40,204140,pathseer-reorder,128,2,60,0.9483,0.8000,0.00013,5.508,10.260,10.657,5.649,5979.5,0.0,28492.7,2330.2,6.0,225.0,333.9,29.4,21636.3,5.2,0.00,pathseer:60
beir500k-f32,neg40_cat19,neg40,204140,pathseer-reorder,128,3,60,0.9483,0.8000,0.00013,5.349,9.896,11.038,5.603,5979.5,0.0,28492.7,2330.2,6.0,225.0,333.9,29.4,21636.3,5.2,0.00,pathseer:60
beir500k-f32,neg40_cat19,neg40,204140,pathseer-reorder,256,1,60,0.9567,0.8333,0.00007,9.192,15.160,15.685,8.859,9868.3,0.0,39996.9,3656.8,12.0,532.0,744.5,55.0,28973.4,11.6,0.00,pathseer:60
beir500k-f32,neg40_cat19,neg40,204140,pathseer-reorder,256,2,60,0.9567,0.8333,0.00007,9.125,14.737,15.391,8.823,9868.3,0.0,39996.9,3656.8,12.0,532.0,744.5,55.0,28973.4,11.6,0.00,pathseer:60
beir500k-f32,neg40_cat19,neg40,204140,pathseer-reorder,256,3,60,0.9567,0.8333,0.00007,9.050,15.174,15.455,9.395,9868.3,0.0,39996.9,3656.8,12.0,532.0,744.5,55.0,28973.4,11.6,0.00,pathseer:60
beir500k-f32,neg40_cat19,neg40,204140,pathseer-reorder,512,1,60,0.9550,0.8500,0.00007,14.230,22.386,23.599,14.271,15906.2,0.0,55542.4,5574.8,24.0,1135.0,1728.8,116.0,38200.1,27.0,0.00,pathseer:60
beir500k-f32,neg40_cat19,neg40,204140,pathseer-reorder,512,2,60,0.9550,0.8500,0.00007,14.020,22.902,23.587,14.230,15906.2,0.0,55542.4,5574.8,24.0,1135.0,1728.8,116.0,38200.1,27.0,0.00,pathseer:60
beir500k-f32,neg40_cat19,neg40,204140,pathseer-reorder,512,3,60,0.9550,0.8500,0.00007,14.060,22.174,23.418,14.207,15906.2,0.0,55542.4,5574.8,24.0,1135.0,1728.8,116.0,38200.1,27.0,0.00,pathseer:60
beir500k-f32,neg40_cat20,neg40,212946,pathseer-reorder,64,1,67,0.9567,0.7612,0.00047,2.368,4.932,5.248,2.602,3060.0,0.0,16631.1,875.4,3.0,47.0,160.5,17.5,13557.3,2.5,0.00,pathseer:67
beir500k-f32,neg40_cat20,neg40,212946,pathseer-reorder,64,2,67,0.9567,0.7612,0.00047,2.324,4.863,5.334,2.538,3060.0,0.0,16631.1,875.4,3.0,47.0,160.5,17.5,13557.3,2.5,0.00,pathseer:67
beir500k-f32,neg40_cat20,neg40,212946,pathseer-reorder,64,3,67,0.9567,0.7612,0.00047,2.395,4.792,5.218,2.572,3060.0,0.0,16631.1,875.4,3.0,47.0,160.5,17.5,13557.3,2.5,0.00,pathseer:67
beir500k-f32,neg40_cat20,neg40,212946,pathseer-reorder,128,1,67,0.9776,0.8358,0.00024,4.358,8.356,8.856,4.597,5394.8,0.0,27091.2,1538.9,5.0,92.0,290.4,32.2,21749.8,4.5,0.00,pathseer:67
beir500k-f32,neg40_cat20,neg40,212946,pathseer-reorder,128,2,67,0.9776,0.8358,0.00024,4.431,8.770,9.002,4.558,5394.8,0.0,27091.2,1538.9,5.0,92.0,290.4,32.2,21749.8,4.5,0.00,pathseer:67
beir500k-f32,neg40_cat20,neg40,212946,pathseer-reorder,128,3,67,0.9776,0.8358,0.00024,4.364,8.505,9.092,4.561,5394.8,0.0,27091.2,1538.9,5.0,92.0,290.4,32.2,21749.8,4.5,0.00,pathseer:67
beir500k-f32,neg40_cat20,neg40,212946,pathseer-reorder,256,1,67,0.9881,0.9104,0.00012,7.660,13.262,14.495,7.880,9305.4,0.0,43205.9,2604.0,9.0,193.0,587.5,67.8,34131.5,9.2,0.00,pathseer:67
beir500k-f32,neg40_cat20,neg40,212946,pathseer-reorder,256,2,67,0.9881,0.9104,0.00012,7.921,14.061,14.426,7.912,9305.4,0.0,43205.9,2604.0,9.0,193.0,587.5,67.8,34131.5,9.2,0.00,pathseer:67
beir500k-f32,neg40_cat20,neg40,212946,pathseer-reorder,256,3,67,0.9881,0.9104,0.00012,7.757,14.087,14.963,7.950,9305.4,0.0,43205.9,2604.0,9.0,193.0,587.5,67.8,34131.5,9.2,0.00,pathseer:67
beir500k-f32,neg40_cat20,neg40,212946,pathseer-reorder,512,1,67,0.9940,0.9403,0.00006,13.102,23.497,24.099,13.417,15921.5,0.0,69077.4,4451.2,18.0,387.0,1379.0,148.8,53508.7,21.6,0.00,pathseer:67
beir500k-f32,neg40_cat20,neg40,212946,pathseer-reorder,512,2,67,0.9940,0.9403,0.00006,13.088,23.437,23.963,13.377,15921.5,0.0,69077.4,4451.2,18.0,387.0,1379.0,148.8,53508.7,21.6,0.00,pathseer:67
beir500k-f32,neg40_cat20,neg40,212946,pathseer-reorder,512,3,67,0.9940,0.9403,0.00006,13.223,24.260,24.683,14.015,15921.5,0.0,69077.4,4451.2,18.0,387.0,1379.0,148.8,53508.7,21.6,0.00,pathseer:67
beir500k-f32,neg40_cat21,neg40,200035,pathseer-reorder,64,1,61,0.9639,0.7869,0.00046,2.721,8.030,8.392,3.367,3832.9,0.0,21173.3,1293.0,3.0,50.0,150.0,20.1,17088.7,2.3,0.00,pathseer:61
beir500k-f32,neg40_cat21,neg40,200035,pathseer-reorder,64,2,61,0.9639,0.7869,0.00046,2.621,8.503,8.867,3.513,3832.9,0.0,21173.3,1293.0,3.0,50.0,150.0,20.1,17088.7,2.3,0.00,pathseer:61
beir500k-f32,neg40_cat21,neg40,200035,pathseer-reorder,64,3,61,0.9639,0.7869,0.00046,2.587,8.207,9.116,3.477,3832.9,0.0,21173.3,1293.0,3.0,50.0,150.0,20.1,17088.7,2.3,0.00,pathseer:61
beir500k-f32,neg40_cat21,neg40,200035,pathseer-reorder,128,1,61,0.9836,0.8852,0.00006,4.752,11.306,11.951,5.606,6542.9,0.0,31687.6,2063.3,5.0,109.0,279.1,35.3,24997.3,4.4,0.00,pathseer:61
beir500k-f32,neg40_cat21,neg40,200035,pathseer-reorder,128,2,61,0.9836,0.8852,0.00006,4.730,11.373,12.071,5.537,6542.9,0.0,31687.6,2063.3,5.0,109.0,279.1,35.3,24997.3,4.4,0.00,pathseer:61
beir500k-f32,neg40_cat21,neg40,200035,pathseer-reorder,128,3,61,0.9836,0.8852,0.00006,4.867,11.335,12.243,5.607,6542.9,0.0,31687.6,2063.3,5.0,109.0,279.1,35.3,24997.3,4.4,0.00,pathseer:61
beir500k-f32,neg40_cat21,neg40,200035,pathseer-reorder,256,1,61,0.9902,0.9508,0.00001,8.451,16.971,17.623,9.124,10948.1,0.0,46506.2,3219.5,9.0,219.0,581.2,66.1,35766.3,9.1,0.00,pathseer:61
beir500k-f32,neg40_cat21,neg40,200035,pathseer-reorder,256,2,61,0.9902,0.9508,0.00001,8.698,16.885,18.950,9.205,10948.1,0.0,46506.2,3219.5,9.0,219.0,581.2,66.1,35766.3,9.1,0.00,pathseer:61
beir500k-f32,neg40_cat21,neg40,200035,pathseer-reorder,256,3,61,0.9902,0.9508,0.00001,8.286,17.218,17.578,9.162,10948.1,0.0,46506.2,3219.5,9.0,219.0,581.2,66.1,35766.3,9.1,0.00,pathseer:61
beir500k-f32,neg40_cat21,neg40,200035,pathseer-reorder,512,1,61,0.9885,0.9508,0.00001,14.786,25.330,26.208,14.860,18023.7,0.0,67143.5,5008.2,19.0,431.0,1282.1,134.2,50011.4,20.0,0.00,pathseer:61
beir500k-f32,neg40_cat21,neg40,200035,pathseer-reorder,512,2,61,0.9885,0.9508,0.00001,14.788,25.259,26.767,14.837,18023.7,0.0,67143.5,5008.2,19.0,431.0,1282.1,134.2,50011.4,20.0,0.00,pathseer:61
beir500k-f32,neg40_cat21,neg40,200035,pathseer-reorder,512,3,61,0.9885,0.9508,0.00001,14.772,25.334,26.076,14.853,18023.7,0.0,67143.5,5008.2,19.0,431.0,1282.1,134.2,50011.4,20.0,0.00,pathseer:61
