dataset,filter,family,size,strategy,ef,pass,queries,recall_at_10,perfect_frac,sim_regret,p50_ms,p95_ms,p99_ms,mean_ms,mean_dist_comps,mean_seed_dist_comps,mean_filter_checks,mean_nodes_popped,median_pop_idx_cand_full,median_pop_idx_results_full,mean_twohop_examined,mean_twohop_appended,mean_prefilter_skips,mean_secondorder_allocs,mean_reencountered_burned,strategy_used
beir500k-rq1,pos10_cat00,pos10,69460,sweeping,64,1,12,1.0000,1.0000,0.00000,0.504,0.701,1.011,0.547,2869.9,0.0,421.1,141.4,3.0,6.0,0.0,0.0,0.0,0.0,0.00,sweeping:12
beir500k-rq1,pos10_cat00,pos10,69460,sweeping,64,2,12,1.0000,1.0000,0.00000,0.625,0.707,1.152,0.625,2869.9,0.0,421.1,141.4,3.0,6.0,0.0,0.0,0.0,0.0,0.00,sweeping:12
beir500k-rq1,pos10_cat00,pos10,69460,sweeping,64,3,12,1.0000,1.0000,0.00000,0.577,0.624,1.068,0.566,2869.9,0.0,421.1,141.4,3.0,6.0,0.0,0.0,0.0,0.0,0.00,sweeping:12
beir500k-rq1,pos10_cat00,pos10,69460,sweeping,128,1,12,1.0000,1.0000,0.00000,1.145,1.427,2.069,1.151,5570.7,0.0,780.9,313.9,5.0,11.0,0.0,0.0,0.0,0.0,0.00,sweeping:12
beir500k-rq1,pos10_cat00,pos10,69460,sweeping,128,2,12,1.0000,1.0000,0.00000,1.092,1.327,2.076,1.120,5570.7,0.0,780.9,313.9,5.0,11.0,0.0,0.0,0.0,0.0,0.00,sweeping:12
beir500k-rq1,pos10_cat00,pos10,69460,sweeping,128,3,12,1.0000,1.0000,0.00000,1.103,1.373,1.917,1.089,5570.7,0.0,780.9,313.9,5.0,11.0,0.0,0.0,0.0,0.0,0.00,sweeping:12
beir500k-rq1,pos10_cat00,pos10,69460,sweeping,256,1,12,1.0000,1.0000,0.00000,2.356,2.994,3.679,2.213,10357.8,0.0,1574.8,675.7,11.0,21.0,0.0,0.0,0.0,0.0,0.00,sweeping:12
beir500k-rq1,pos10_cat00,pos10,69460,sweeping,256,2,12,1.0000,1.0000,0.00000,2.490,3.373,3.724,2.367,10357.8,0.0,1574.8,675.7,11.0,21.0,0.0,0.0,0.0,0.0,0.00,sweeping:12
beir500k-rq1,pos10_cat00,pos10,69460,sweeping,256,3,12,1.0000,1.0000,0.00000,2.429,3.143,3.802,2.341,10357.8,0.0,1574.8,675.7,11.0,21.0,0.0,0.0,0.0,0.0,0.00,sweeping:12
beir500k-rq1,pos10_cat00,pos10,69460,sweeping,512,1,12,1.0000,1.0000,0.00000,5.593,8.399,9.479,5.687,19559.5,0.0,3246.1,1486.7,22.0,54.0,0.0,0.0,0.0,0.0,0.00,sweeping:12
beir500k-rq1,pos10_cat00,pos10,69460,sweeping,512,2,12,1.0000,1.0000,0.00000,5.381,6.786,6.968,4.914,19559.5,0.0,3246.1,1486.7,22.0,54.0,0.0,0.0,0.0,0.0,0.00,sweeping:12
beir500k-rq1,pos10_cat00,pos10,69460,sweeping,512,3,12,1.0000,1.0000,0.00000,4.677,6.450,6.556,4.548,19559.5,0.0,3246.1,1486.7,22.0,54.0,0.0,0.0,0.0,0.0,0.00,sweeping:12
beir500k-rq1,pos10_cat00,pos10,69460,acorn,64,1,12,0.9750,0.8333,0.00075,0.263,0.893,1.244,0.530,1514.0,10.0,5496.0,65.8,4.0,4.0,0.0,0.0,0.0,0.0,0.00,acorn:5|rre:7
beir500k-rq1,pos10_cat00,pos10,69460,acorn,64,2,12,0.9750,0.8333,0.00075,0.259,0.910,1.212,0.522,1514.0,10.0,5496.0,65.8,4.0,4.0,0.0,0.0,0.0,0.0,0.00,acorn:5|rre:7
beir500k-rq1,pos10_cat00,pos10,69460,acorn,64,3,12,0.9750,0.8333,0.00075,0.260,0.890,1.202,0.517,1514.0,10.0,5496.0,65.8,4.0,4.0,0.0,0.0,0.0,0.0,0.00,acorn:5|rre:7
beir500k-rq1,pos10_cat00,pos10,69460,acorn,128,1,12,1.0000,1.0000,0.00000,0.564,1.805,2.270,0.999,2551.4,10.0,8842.9,129.8,7.0,7.0,0.0,0.0,0.0,0.0,0.00,acorn:5|rre:7
beir500k-rq1,pos10_cat00,pos10,69460,acorn,128,2,12,1.0000,1.0000,0.00000,0.606,1.906,2.126,1.011,2551.4,10.0,8842.9,129.8,7.0,7.0,0.0,0.0,0.0,0.0,0.00,acorn:5|rre:7
beir500k-rq1,pos10_cat00,pos10,69460,acorn,128,3,12,1.0000,1.0000,0.00000,0.475,1.663,2.264,0.934,2551.4,10.0,8842.9,129.8,7.0,7.0,0.0,0.0,0.0,0.0,0.00,acorn:5|rre:7
beir500k-rq1,pos10_cat00,pos10,69460,acorn,256,1,12,1.0000,1.0000,0.00000,1.192,3.423,3.707,1.802,4214.1,10.0,13979.9,257.5,17.0,15.0,0.0,0.0,0.0,0.0,0.00,acorn:5|rre:7
beir500k-rq1,pos10_cat00,pos10,69460,acorn,256,2,12,1.0000,1.0000,0.00000,1.211,3.362,3.474,1.770,4214.1,10.0,13979.9,257.5,17.0,15.0,0.0,0.0,0.0,0.0,0.00,acorn:5|rre:7
beir500k-rq1,pos10_cat00,pos10,69460,acorn,256,3,12,1.0000,1.0000,0.00000,1.089,3.637,3.646,1.798,4214.1,10.0,13979.9,257.5,17.0,15.0,0.0,0.0,0.0,0.0,0.00,acorn:5|rre:7
beir500k-rq1,pos10_cat00,pos10,69460,acorn,512,1,12,1.0000,1.0000,0.00000,2.007,5.561,5.788,3.022,6992.8,10.0,22341.7,513.5,35.0,32.0,0.0,0.0,0.0,0.0,0.00,acorn:5|rre:7
beir500k-rq1,pos10_cat00,pos10,69460,acorn,512,2,12,1.0000,1.0000,0.00000,2.077,5.822,6.113,3.158,6992.8,10.0,22341.7,513.5,35.0,32.0,0.0,0.0,0.0,0.0,0.00,acorn:5|rre:7
beir500k-rq1,pos10_cat00,pos10,69460,acorn,512,3,12,1.0000,1.0000,0.00000,2.181,5.672,6.281,3.193,6992.8,10.0,22341.7,513.5,35.0,32.0,0.0,0.0,0.0,0.0,0.00,acorn:5|rre:7
beir500k-rq1,pos10_cat00,pos10,69460,pathseer,64,1,12,1.0000,1.0000,0.00000,0.420,0.513,0.596,0.430,1596.1,0.0,1327.5,103.3,3.0,4.0,112.0,33.5,640.9,1.8,49.33,pathseer:12
beir500k-rq1,pos10_cat00,pos10,69460,pathseer,64,2,12,1.0000,1.0000,0.00000,0.368,0.449,0.517,0.378,1596.1,0.0,1327.5,103.3,3.0,4.0,112.0,33.5,640.9,1.8,49.33,pathseer:12
beir500k-rq1,pos10_cat00,pos10,69460,pathseer,64,3,12,1.0000,1.0000,0.00000,0.379,0.408,0.648,0.395,1596.1,0.0,1327.5,103.3,3.0,4.0,112.0,33.5,640.9,1.8,49.33,pathseer:12
beir500k-rq1,pos10_cat00,pos10,69460,pathseer,128,1,12,1.0000,1.0000,0.00000,0.742,0.889,1.064,0.778,2821.3,0.0,2547.8,209.8,4.0,6.0,192.0,58.5,1306.8,3.0,117.33,pathseer:12
beir500k-rq1,pos10_cat00,pos10,69460,pathseer,128,2,12,1.0000,1.0000,0.00000,0.759,0.861,1.003,0.742,2821.3,0.0,2547.8,209.8,4.0,6.0,192.0,58.5,1306.8,3.0,117.33,pathseer:12
beir500k-rq1,pos10_cat00,pos10,69460,pathseer,128,3,12,1.0000,1.0000,0.00000,0.801,0.936,1.202,0.822,2821.3,0.0,2547.8,209.8,4.0,6.0,192.0,58.5,1306.8,3.0,117.33,pathseer:12
beir500k-rq1,pos10_cat00,pos10,69460,pathseer,256,1,12,1.0000,1.0000,0.00000,1.732,1.847,2.002,1.586,4959.2,0.0,4843.1,428.4,7.0,11.0,362.7,112.9,2533.5,5.7,272.33,pathseer:12
beir500k-rq1,pos10_cat00,pos10,69460,pathseer,256,2,12,1.0000,1.0000,0.00000,1.650,1.908,2.243,1.611,4959.2,0.0,4843.1,428.4,7.0,11.0,362.7,112.9,2533.5,5.7,272.33,pathseer:12
beir500k-rq1,pos10_cat00,pos10,69460,pathseer,256,3,12,1.0000,1.0000,0.00000,1.668,1.865,2.225,1.606,4959.2,0.0,4843.1,428.4,7.0,11.0,362.7,112.9,2533.5,5.7,272.33,pathseer:12
beir500k-rq1,pos10_cat00,pos10,69460,pathseer,512,1,12,1.0000,1.0000,0.00000,3.243,3.717,3.724,3.018,8754.9,0.0,9496.7,892.5,12.0,29.0,730.7,239.1,5062.3,11.4,613.17,pathseer:12
beir500k-rq1,pos10_cat00,pos10,69460,pathseer,512,2,12,1.0000,1.0000,0.00000,3.276,3.621,3.661,2.995,8754.9,0.0,9496.7,892.5,12.0,29.0,730.7,239.1,5062.3,11.4,613.17,pathseer:12
beir500k-rq1,pos10_cat00,pos10,69460,pathseer,512,3,12,1.0000,1.0000,0.00000,3.075,3.595,3.658,2.903,8754.9,0.0,9496.7,892.5,12.0,29.0,730.7,239.1,5062.3,11.4,613.17,pathseer:12
beir500k-rq1,pos10_cat01,pos10,50038,sweeping,64,1,22,0.9909,0.9091,0.00014,0.241,0.332,0.400,0.257,1421.6,0.0,214.4,71.7,4.0,4.0,0.0,0.0,0.0,0.0,0.00,sweeping:22
beir500k-rq1,pos10_cat01,pos10,50038,sweeping,64,2,22,0.9909,0.9091,0.00014,0.242,0.328,0.396,0.255,1421.6,0.0,214.4,71.7,4.0,4.0,0.0,0.0,0.0,0.0,0.00,sweeping:22
beir500k-rq1,pos10_cat01,pos10,50038,sweeping,64,3,22,0.9909,0.9091,0.00014,0.244,0.313,0.397,0.253,1421.6,0.0,214.4,71.7,4.0,4.0,0.0,0.0,0.0,0.0,0.00,sweeping:22
beir500k-rq1,pos10_cat01,pos10,50038,sweeping,128,1,22,1.0000,1.0000,0.00000,0.456,0.620,0.822,0.480,2494.1,0.0,366.5,143.7,6.0,6.0,0.0,0.0,0.0,0.0,0.00,sweeping:22
beir500k-rq1,pos10_cat01,pos10,50038,sweeping,128,2,22,1.0000,1.0000,0.00000,0.440,0.596,0.755,0.456,2494.1,0.0,366.5,143.7,6.0,6.0,0.0,0.0,0.0,0.0,0.00,sweeping:22
beir500k-rq1,pos10_cat01,pos10,50038,sweeping,128,3,22,1.0000,1.0000,0.00000,0.438,0.595,0.769,0.452,2494.1,0.0,366.5,143.7,6.0,6.0,0.0,0.0,0.0,0.0,0.00,sweeping:22
beir500k-rq1,pos10_cat01,pos10,50038,sweeping,256,1,22,1.0000,1.0000,0.00000,0.981,1.464,1.826,1.007,4452.7,0.0,659.5,292.4,11.0,13.0,0.0,0.0,0.0,0.0,0.00,sweeping:22
beir500k-rq1,pos10_cat01,pos10,50038,sweeping,256,2,22,1.0000,1.0000,0.00000,0.912,1.408,1.760,0.968,4452.7,0.0,659.5,292.4,11.0,13.0,0.0,0.0,0.0,0.0,0.00,sweeping:22
beir500k-rq1,pos10_cat01,pos10,50038,sweeping,256,3,22,1.0000,1.0000,0.00000,0.890,1.453,1.780,0.944,4452.7,0.0,659.5,292.4,11.0,13.0,0.0,0.0,0.0,0.0,0.00,sweeping:22
beir500k-rq1,pos10_cat01,pos10,50038,sweeping,512,1,22,1.0000,1.0000,0.00000,1.830,3.526,3.750,2.072,8051.4,0.0,1257.4,608.3,24.0,30.0,0.0,0.0,0.0,0.0,0.00,sweeping:22
beir500k-rq1,pos10_cat01,pos10,50038,sweeping,512,2,22,1.0000,1.0000,0.00000,1.638,3.017,3.346,1.915,8051.4,0.0,1257.4,608.3,24.0,30.0,0.0,0.0,0.0,0.0,0.00,sweeping:22
beir500k-rq1,pos10_cat01,pos10,50038,sweeping,512,3,22,1.0000,1.0000,0.00000,1.723,3.123,3.430,1.922,8051.4,0.0,1257.4,608.3,24.0,30.0,0.0,0.0,0.0,0.0,0.00,sweeping:22
beir500k-rq1,pos10_cat01,pos10,50038,acorn,64,1,22,0.9909,0.9091,0.00014,0.249,0.298,0.491,0.253,1123.4,10.0,1533.3,66.3,3.0,3.0,0.0,0.0,0.0,0.0,0.00,acorn:1|rre:21
beir500k-rq1,pos10_cat01,pos10,50038,acorn,64,2,22,0.9909,0.9091,0.00014,0.247,0.321,0.478,0.254,1123.4,10.0,1533.3,66.3,3.0,3.0,0.0,0.0,0.0,0.0,0.00,acorn:1|rre:21
beir500k-rq1,pos10_cat01,pos10,50038,acorn,64,3,22,0.9909,0.9091,0.00014,0.257,0.302,0.487,0.263,1123.4,10.0,1533.3,66.3,3.0,3.0,0.0,0.0,0.0,0.0,0.00,acorn:1|rre:21
beir500k-rq1,pos10_cat01,pos10,50038,acorn,128,1,22,1.0000,1.0000,0.00000,0.445,0.502,0.855,0.451,1868.8,10.0,2593.4,129.7,6.0,6.0,0.0,0.0,0.0,0.0,0.00,acorn:1|rre:21
beir500k-rq1,pos10_cat01,pos10,50038,acorn,128,2,22,1.0000,1.0000,0.00000,0.417,0.499,0.817,0.424,1868.8,10.0,2593.4,129.7,6.0,6.0,0.0,0.0,0.0,0.0,0.00,acorn:1|rre:21
beir500k-rq1,pos10_cat01,pos10,50038,acorn,128,3,22,1.0000,1.0000,0.00000,0.441,0.528,0.809,0.440,1868.8,10.0,2593.4,129.7,6.0,6.0,0.0,0.0,0.0,0.0,0.00,acorn:1|rre:21
beir500k-rq1,pos10_cat01,pos10,50038,acorn,256,1,22,1.0000,1.0000,0.00000,0.778,0.894,1.556,0.809,3124.0,10.0,4391.3,257.2,13.0,12.0,0.0,0.0,0.0,0.0,0.00,acorn:1|rre:21
beir500k-rq1,pos10_cat01,pos10,50038,acorn,256,2,22,1.0000,1.0000,0.00000,0.806,0.971,1.460,0.816,3124.0,10.0,4391.3,257.2,13.0,12.0,0.0,0.0,0.0,0.0,0.00,acorn:1|rre:21
beir500k-rq1,pos10_cat01,pos10,50038,acorn,256,3,22,1.0000,1.0000,0.00000,0.946,1.187,1.667,0.960,3124.0,10.0,4391.3,257.2,13.0,12.0,0.0,0.0,0.0,0.0,0.00,acorn:1|rre:21
beir500k-rq1,pos10_cat01,pos10,50038,acorn,512,1,22,1.0000,1.0000,0.00000,1.610,1.764,3.052,1.639,5171.3,10.0,7490.9,513.1,29.0,27.0,0.0,0.0,0.0,0.0,0.00,acorn:1|rre:21
beir500k-rq1,pos10_cat01,pos10,50038,acorn,512,2,22,1.0000,1.0000,0.00000,1.534,1.639,2.866,1.534,5171.3,10.0,7490.9,513.1,29.0,27.0,0.0,0.0,0.0,0.0,0.00,acorn:1|rre:21
beir500k-rq1,pos10_cat01,pos10,50038,acorn,512,3,22,1.0000,1.0000,0.00000,1.465,1.675,2.871,1.517,5171.3,10.0,7490.9,513.1,29.0,27.0,0.0,0.0,0.0,0.0,0.00,acorn:1|rre:21
beir500k-rq1,pos10_cat01,pos10,50038,pathseer,64,1,22,0.9909,0.9091,0.00014,0.251,0.309,0.322,0.258,1356.0,0.0,451.0,69.5,2.0,2.0,78.5,49.0,60.9,1.2,3.64,pathseer:22
beir500k-rq1,pos10_cat01,pos10,50038,pathseer,64,2,22,0.9909,0.9091,0.00014,0.264,0.324,0.343,0.264,1356.0,0.0,451.0,69.5,2.0,2.0,78.5,49.0,60.9,1.2,3.64,pathseer:22
beir500k-rq1,pos10_cat01,pos10,50038,pathseer,64,3,22,0.9909,0.9091,0.00014,0.267,0.308,0.339,0.262,1356.0,0.0,451.0,69.5,2.0,2.0,78.5,49.0,60.9,1.2,3.64,pathseer:22
beir500k-rq1,pos10_cat01,pos10,50038,pathseer,128,1,22,1.0000,1.0000,0.00000,0.466,0.555,0.599,0.466,2309.9,0.0,852.1,138.0,3.0,3.0,151.3,94.0,139.4,2.4,8.95,pathseer:22
beir500k-rq1,pos10_cat01,pos10,50038,pathseer,128,2,22,1.0000,1.0000,0.00000,0.456,0.564,0.594,0.455,2309.9,0.0,852.1,138.0,3.0,3.0,151.3,94.0,139.4,2.4,8.95,pathseer:22
beir500k-rq1,pos10_cat01,pos10,50038,pathseer,128,3,22,1.0000,1.0000,0.00000,0.452,0.556,0.598,0.454,2309.9,0.0,852.1,138.0,3.0,3.0,151.3,94.0,139.4,2.4,8.95,pathseer:22
beir500k-rq1,pos10_cat01,pos10,50038,pathseer,256,1,22,1.0000,1.0000,0.00000,0.890,1.146,1.226,0.919,3923.5,0.0,1627.6,277.0,5.0,5.0,276.4,168.5,339.1,4.3,26.05,pathseer:22
beir500k-rq1,pos10_cat01,pos10,50038,pathseer,256,2,22,1.0000,1.0000,0.00000,0.938,1.194,1.446,0.957,3923.5,0.0,1627.6,277.0,5.0,5.0,276.4,168.5,339.1,4.3,26.05,pathseer:22
beir500k-rq1,pos10_cat01,pos10,50038,pathseer,256,3,22,1.0000,1.0000,0.00000,0.891,1.134,1.153,0.908,3923.5,0.0,1627.6,277.0,5.0,5.0,276.4,168.5,339.1,4.3,26.05,pathseer:22
beir500k-rq1,pos10_cat01,pos10,50038,pathseer,512,1,22,1.0000,1.0000,0.00000,1.704,2.206,2.308,1.748,6656.3,0.0,3230.6,562.2,10.0,10.0,567.3,321.8,793.5,8.9,72.00,pathseer:22
beir500k-rq1,pos10_cat01,pos10,50038,pathseer,512,2,22,1.0000,1.0000,0.00000,1.696,2.334,2.408,1.794,6656.3,0.0,3230.6,562.2,10.0,10.0,567.3,321.8,793.5,8.9,72.00,pathseer:22
beir500k-rq1,pos10_cat01,pos10,50038,pathseer,512,3,22,1.0000,1.0000,0.00000,1.815,2.340,2.398,1.840,6656.3,0.0,3230.6,562.2,10.0,10.0,567.3,321.8,793.5,8.9,72.00,pathseer:22
beir500k-rq1,pos10_cat02,pos10,50303,sweeping,64,1,60,0.9283,0.6000,0.00147,0.331,0.545,0.979,0.373,2072.5,0.0,299.6,81.1,3.0,3.0,0.0,0.0,0.0,0.0,0.00,sweeping:60
beir500k-rq1,pos10_cat02,pos10,50303,sweeping,64,2,60,0.9283,0.6000,0.00147,0.329,0.536,0.946,0.376,2072.5,0.0,299.6,81.1,3.0,3.0,0.0,0.0,0.0,0.0,0.00,sweeping:60
beir500k-rq1,pos10_cat02,pos10,50303,sweeping,64,3,60,0.9283,0.6000,0.00147,0.333,0.546,0.898,0.374,2072.5,0.0,299.6,81.1,3.0,3.0,0.0,0.0,0.0,0.0,0.00,sweeping:60
beir500k-rq1,pos10_cat02,pos10,50303,sweeping,128,1,60,0.9633,0.7500,0.00069,0.595,1.149,1.731,0.696,3701.3,0.0,519.3,162.6,5.0,5.0,0.0,0.0,0.0,0.0,0.00,sweeping:60
beir500k-rq1,pos10_cat02,pos10,50303,sweeping,128,2,60,0.9633,0.7500,0.00069,0.609,0.977,1.898,0.696,3701.3,0.0,519.3,162.6,5.0,5.0,0.0,0.0,0.0,0.0,0.00,sweeping:60
beir500k-rq1,pos10_cat02,pos10,50303,sweeping,128,3,60,0.9633,0.7500,0.00069,0.602,0.988,1.704,0.689,3701.3,0.0,519.3,162.6,5.0,5.0,0.0,0.0,0.0,0.0,0.00,sweeping:60
beir500k-rq1,pos10_cat02,pos10,50303,sweeping,256,1,60,0.9917,0.9167,0.00012,1.126,1.997,3.333,1.320,6511.2,0.0,919.5,333.2,9.0,10.0,0.0,0.0,0.0,0.0,0.00,sweeping:60
beir500k-rq1,pos10_cat02,pos10,50303,sweeping,256,2,60,0.9917,0.9167,0.00012,1.130,1.912,3.257,1.314,6511.2,0.0,919.5,333.2,9.0,10.0,0.0,0.0,0.0,0.0,0.00,sweeping:60
beir500k-rq1,pos10_cat02,pos10,50303,sweeping,256,3,60,0.9917,0.9167,0.00012,1.152,2.040,3.430,1.347,6511.2,0.0,919.5,333.2,9.0,10.0,0.0,0.0,0.0,0.0,0.00,sweeping:60
beir500k-rq1,pos10_cat02,pos10,50303,sweeping,512,1,60,0.9983,0.9833,0.00001,2.094,3.839,5.527,2.428,10943.4,0.0,1674.4,666.5,18.0,20.0,0.0,0.0,0.0,0.0,0.00,sweeping:60
beir500k-rq1,pos10_cat02,pos10,50303,sweeping,512,2,60,0.9983,0.9833,0.00001,2.055,3.806,5.510,2.426,10943.4,0.0,1674.4,666.5,18.0,20.0,0.0,0.0,0.0,0.0,0.00,sweeping:60
beir500k-rq1,pos10_cat02,pos10,50303,sweeping,512,3,60,0.9983,0.9833,0.00001,2.040,3.829,5.438,2.402,10943.4,0.0,1674.4,666.5,18.0,20.0,0.0,0.0,0.0,0.0,0.00,sweeping:60
beir500k-rq1,pos10_cat02,pos10,50303,acorn,64,1,60,0.9267,0.6000,0.00162,0.341,0.880,0.929,0.387,1670.5,10.0,2572.0,66.4,3.0,3.0,0.0,0.0,0.0,0.0,0.00,acorn:6|rre:54
beir500k-rq1,pos10_cat02,pos10,50303,acorn,64,2,60,0.9267,0.6000,0.00162,0.324,0.796,0.889,0.365,1670.5,10.0,2572.0,66.4,3.0,3.0,0.0,0.0,0.0,0.0,0.00,acorn:6|rre:54
beir500k-rq1,pos10_cat02,pos10,50303,acorn,64,3,60,0.9267,0.6000,0.00162,0.342,0.821,0.941,0.388,1670.5,10.0,2572.0,66.4,3.0,3.0,0.0,0.0,0.0,0.0,0.00,acorn:6|rre:54
beir500k-rq1,pos10_cat02,pos10,50303,acorn,128,1,60,0.9633,0.7500,0.00081,0.569,1.384,1.608,0.643,2896.2,10.0,4312.8,130.2,5.0,5.0,0.0,0.0,0.0,0.0,0.00,acorn:6|rre:54
beir500k-rq1,pos10_cat02,pos10,50303,acorn,128,2,60,0.9633,0.7500,0.00081,0.593,1.348,1.580,0.663,2896.2,10.0,4312.8,130.2,5.0,5.0,0.0,0.0,0.0,0.0,0.00,acorn:6|rre:54
beir500k-rq1,pos10_cat02,pos10,50303,acorn,128,3,60,0.9633,0.7500,0.00081,0.593,1.404,1.632,0.666,2896.2,10.0,4312.8,130.2,5.0,5.0,0.0,0.0,0.0,0.0,0.00,acorn:6|rre:54
beir500k-rq1,pos10_cat02,pos10,50303,acorn,256,1,60,0.9900,0.9000,0.00016,1.203,2.441,3.003,1.324,4875.2,10.0,7226.1,257.6,10.0,9.0,0.0,0.0,0.0,0.0,0.00,acorn:6|rre:54
beir500k-rq1,pos10_cat02,pos10,50303,acorn,256,2,60,0.9900,0.9000,0.00016,1.177,2.719,2.835,1.322,4875.2,10.0,7226.1,257.6,10.0,9.0,0.0,0.0,0.0,0.0,0.00,acorn:6|rre:54
beir500k-rq1,pos10_cat02,pos10,50303,acorn,256,3,60,0.9900,0.9000,0.00016,1.054,2.461,2.673,1.171,4875.2,10.0,7226.1,257.6,10.0,9.0,0.0,0.0,0.0,0.0,0.00,acorn:6|rre:54
beir500k-rq1,pos10_cat02,pos10,50303,acorn,512,1,60,0.9967,0.9667,0.00004,2.008,4.064,4.533,2.159,7881.0,10.0,11591.9,513.4,18.0,18.0,0.0,0.0,0.0,0.0,0.00,acorn:6|rre:54
beir500k-rq1,pos10_cat02,pos10,50303,acorn,512,2,60,0.9967,0.9667,0.00004,1.921,4.103,4.537,2.097,7881.0,10.0,11591.9,513.4,18.0,18.0,0.0,0.0,0.0,0.0,0.00,acorn:6|rre:54
beir500k-rq1,pos10_cat02,pos10,50303,acorn,512,3,60,0.9967,0.9667,0.00004,2.003,4.597,4.759,2.321,7881.0,10.0,11591.9,513.4,18.0,18.0,0.0,0.0,0.0,0.0,0.00,acorn:6|rre:54
beir500k-rq1,pos10_cat02,pos10,50303,pathseer,64,1,60,0.9267,0.5833,0.00162,0.363,0.481,0.485,0.380,1826.7,0.0,576.8,72.5,2.0,2.0,82.1,48.9,111.3,1.3,2.97,pathseer:60
beir500k-rq1,pos10_cat02,pos10,50303,pathseer,64,2,60,0.9267,0.5833,0.00162,0.364,0.472,0.513,0.369,1826.7,0.0,576.8,72.5,2.0,2.0,82.1,48.9,111.3,1.3,2.97,pathseer:60
beir500k-rq1,pos10_cat02,pos10,50303,pathseer,64,3,60,0.9267,0.5833,0.00162,0.369,0.468,0.485,0.381,1826.7,0.0,576.8,72.5,2.0,2.0,82.1,48.9,111.3,1.3,2.97,pathseer:60
beir500k-rq1,pos10_cat02,pos10,50303,pathseer,128,1,60,0.9633,0.7500,0.00069,0.681,0.880,0.913,0.698,3191.5,0.0,1023.0,140.2,3.0,3.0,148.3,85.4,209.8,2.3,8.00,pathseer:60
beir500k-rq1,pos10_cat02,pos10,50303,pathseer,128,2,60,0.9633,0.7500,0.00069,0.644,0.826,0.897,0.658,3191.5,0.0,1023.0,140.2,3.0,3.0,148.3,85.4,209.8,2.3,8.00,pathseer:60
beir500k-rq1,pos10_cat02,pos10,50303,pathseer,128,3,60,0.9633,0.7500,0.00069,0.615,0.772,0.991,0.623,3191.5,0.0,1023.0,140.2,3.0,3.0,148.3,85.4,209.8,2.3,8.00,pathseer:60
beir500k-rq1,pos10_cat02,pos10,50303,pathseer,256,1,60,0.9900,0.9000,0.00015,1.159,1.539,1.612,1.182,5471.0,0.0,1852.8,277.7,5.0,5.0,264.5,159.5,389.9,4.1,19.30,pathseer:60
beir500k-rq1,pos10_cat02,pos10,50303,pathseer,256,2,60,0.9900,0.9000,0.00015,1.154,1.454,1.530,1.170,5471.0,0.0,1852.8,277.7,5.0,5.0,264.5,159.5,389.9,4.1,19.30,pathseer:60
beir500k-rq1,pos10_cat02,pos10,50303,pathseer,256,3,60,0.9900,0.9000,0.00015,1.146,1.480,1.548,1.181,5471.0,0.0,1852.8,277.7,5.0,5.0,264.5,159.5,389.9,4.1,19.30,pathseer:60
beir500k-rq1,pos10_cat02,pos10,50303,pathseer,512,1,60,0.9967,0.9667,0.00004,2.106,2.700,3.214,2.169,9035.1,0.0,3510.5,558.0,8.0,9.0,503.5,302.0,805.1,7.9,43.08,pathseer:60
beir500k-rq1,pos10_cat02,pos10,50303,pathseer,512,2,60,0.9967,0.9667,0.00004,2.170,2.656,3.193,2.192,9035.1,0.0,3510.5,558.0,8.0,9.0,503.5,302.0,805.1,7.9,43.08,pathseer:60
beir500k-rq1,pos10_cat02,pos10,50303,pathseer,512,3,60,0.9967,0.9667,0.00004,2.074,2.595,3.258,2.173,9035.1,0.0,3510.5,558.0,8.0,9.0,503.5,302.0,805.1,7.9,43.08,pathseer:60
beir500k-rq1,pos10_cat03,pos10,65848,sweeping,64,1,55,0.9818,0.8727,0.00043,0.346,0.742,1.109,0.410,2069.1,0.0,350.8,88.9,3.0,4.0,0.0,0.0,0.0,0.0,0.00,sweeping:55
beir500k-rq1,pos10_cat03,pos10,65848,sweeping,64,2,55,0.9818,0.8727,0.00043,0.334,0.695,0.984,0.389,2069.1,0.0,350.8,88.9,3.0,4.0,0.0,0.0,0.0,0.0,0.00,sweeping:55
beir500k-rq1,pos10_cat03,pos10,65848,sweeping,64,3,55,0.9818,0.8727,0.00043,0.332,0.733,1.016,0.386,2069.1,0.0,350.8,88.9,3.0,4.0,0.0,0.0,0.0,0.0,0.00,sweeping:55
beir500k-rq1,pos10_cat03,pos10,65848,sweeping,128,1,55,0.9891,0.9091,0.00033,0.620,1.569,1.918,0.735,3681.5,0.0,555.5,173.4,5.0,6.0,0.0,0.0,0.0,0.0,0.00,sweeping:55
beir500k-rq1,pos10_cat03,pos10,65848,sweeping,128,2,55,0.9891,0.9091,0.00033,0.637,1.561,1.946,0.741,3681.5,0.0,555.5,173.4,5.0,6.0,0.0,0.0,0.0,0.0,0.00,sweeping:55
beir500k-rq1,pos10_cat03,pos10,65848,sweeping,128,3,55,0.9891,0.9091,0.00033,0.718,1.478,1.901,0.810,3681.5,0.0,555.5,173.4,5.0,6.0,0.0,0.0,0.0,0.0,0.00,sweeping:55
beir500k-rq1,pos10_cat03,pos10,65848,sweeping,256,1,55,0.9945,0.9455,0.00013,1.300,3.088,3.596,1.488,6475.0,0.0,933.3,341.6,9.0,11.0,0.0,0.0,0.0,0.0,0.00,sweeping:55
beir500k-rq1,pos10_cat03,pos10,65848,sweeping,256,2,55,0.9945,0.9455,0.00013,1.142,2.538,3.090,1.349,6475.0,0.0,933.3,341.6,9.0,11.0,0.0,0.0,0.0,0.0,0.00,sweeping:55
beir500k-rq1,pos10_cat03,pos10,65848,sweeping,256,3,55,0.9945,0.9455,0.00013,1.158,2.524,3.125,1.337,6475.0,0.0,933.3,341.6,9.0,11.0,0.0,0.0,0.0,0.0,0.00,sweeping:55
beir500k-rq1,pos10_cat03,pos10,65848,sweeping,512,1,55,0.9982,0.9818,0.00010,2.307,4.827,5.325,2.648,11468.1,0.0,1684.5,701.8,19.0,23.0,0.0,0.0,0.0,0.0,0.00,sweeping:55
beir500k-rq1,pos10_cat03,pos10,65848,sweeping,512,2,55,0.9982,0.9818,0.00010,2.284,4.585,5.629,2.623,11468.1,0.0,1684.5,701.8,19.0,23.0,0.0,0.0,0.0,0.0,0.00,sweeping:55
beir500k-rq1,pos10_cat03,pos10,65848,sweeping,512,3,55,0.9982,0.9818,0.00010,2.173,4.567,5.274,2.533,11468.1,0.0,1684.5,701.8,19.0,23.0,0.0,0.0,0.0,0.0,0.00,sweeping:55
beir500k-rq1,pos10_cat03,pos10,65848,acorn,64,1,55,0.9764,0.8545,0.00055,0.369,0.870,0.954,0.483,1760.6,10.0,3749.0,66.7,3.0,3.0,0.0,0.0,0.0,0.0,0.00,acorn:20|rre:35
beir500k-rq1,pos10_cat03,pos10,65848,acorn,64,2,55,0.9764,0.8545,0.00055,0.369,0.867,0.950,0.479,1760.6,10.0,3749.0,66.7,3.0,3.0,0.0,0.0,0.0,0.0,0.00,acorn:20|rre:35
beir500k-rq1,pos10_cat03,pos10,65848,acorn,64,3,55,0.9764,0.8545,0.00055,0.351,0.823,0.924,0.466,1760.6,10.0,3749.0,66.7,3.0,3.0,0.0,0.0,0.0,0.0,0.00,acorn:20|rre:35
beir500k-rq1,pos10_cat03,pos10,65848,acorn,128,1,55,0.9855,0.8909,0.00043,0.647,1.395,1.561,0.837,3024.8,10.0,6218.3,130.1,5.0,5.0,0.0,0.0,0.0,0.0,0.00,acorn:20|rre:35
beir500k-rq1,pos10_cat03,pos10,65848,acorn,128,2,55,0.9855,0.8909,0.00043,0.626,1.403,1.529,0.829,3024.8,10.0,6218.3,130.1,5.0,5.0,0.0,0.0,0.0,0.0,0.00,acorn:20|rre:35
beir500k-rq1,pos10_cat03,pos10,65848,acorn,128,3,55,0.9855,0.8909,0.00043,0.655,1.445,1.561,0.829,3024.8,10.0,6218.3,130.1,5.0,5.0,0.0,0.0,0.0,0.0,0.00,acorn:20|rre:35
beir500k-rq1,pos10_cat03,pos10,65848,acorn,256,1,55,0.9927,0.9273,0.00013,1.169,2.518,2.633,1.482,5123.6,10.0,10521.9,257.7,9.0,9.0,0.0,0.0,0.0,0.0,0.00,acorn:20|rre:35
beir500k-rq1,pos10_cat03,pos10,65848,acorn,256,2,55,0.9927,0.9273,0.00013,1.136,2.474,2.613,1.478,5123.6,10.0,10521.9,257.7,9.0,9.0,0.0,0.0,0.0,0.0,0.00,acorn:20|rre:35
beir500k-rq1,pos10_cat03,pos10,65848,acorn,256,3,55,0.9927,0.9273,0.00013,1.189,2.479,2.636,1.506,5123.6,10.0,10521.9,257.7,9.0,9.0,0.0,0.0,0.0,0.0,0.00,acorn:20|rre:35
beir500k-rq1,pos10_cat03,pos10,65848,acorn,512,1,55,0.9964,0.9636,0.00011,2.209,4.602,4.775,2.753,8381.6,10.0,17267.3,513.6,18.0,18.0,0.0,0.0,0.0,0.0,0.00,acorn:20|rre:35
beir500k-rq1,pos10_cat03,pos10,65848,acorn,512,2,55,0.9964,0.9636,0.00011,2.159,4.680,4.728,2.667,8381.6,10.0,17267.3,513.6,18.0,18.0,0.0,0.0,0.0,0.0,0.00,acorn:20|rre:35
beir500k-rq1,pos10_cat03,pos10,65848,acorn,512,3,55,0.9964,0.9636,0.00011,2.307,4.670,5.039,2.766,8381.6,10.0,17267.3,513.6,18.0,18.0,0.0,0.0,0.0,0.0,0.00,acorn:20|rre:35
beir500k-rq1,pos10_cat03,pos10,65848,pathseer,64,1,55,0.9800,0.8545,0.00044,0.341,0.498,0.536,0.352,1771.5,0.0,639.4,75.3,2.0,2.0,100.1,40.9,129.3,1.6,4.84,pathseer:55
beir500k-rq1,pos10_cat03,pos10,65848,pathseer,64,2,55,0.9800,0.8545,0.00044,0.340,0.445,0.513,0.350,1771.5,0.0,639.4,75.3,2.0,2.0,100.1,40.9,129.3,1.6,4.84,pathseer:55
beir500k-rq1,pos10_cat03,pos10,65848,pathseer,64,3,55,0.9800,0.8545,0.00044,0.346,0.479,0.552,0.353,1771.5,0.0,639.4,75.3,2.0,2.0,100.1,40.9,129.3,1.6,4.84,pathseer:55
beir500k-rq1,pos10_cat03,pos10,65848,pathseer,128,1,55,0.9891,0.9091,0.00033,0.616,0.921,0.963,0.640,3079.2,0.0,1091.6,144.4,3.0,3.0,168.7,81.6,238.9,2.6,11.24,pathseer:55
beir500k-rq1,pos10_cat03,pos10,65848,pathseer,128,2,55,0.9891,0.9091,0.00033,0.606,0.887,0.931,0.628,3079.2,0.0,1091.6,144.4,3.0,3.0,168.7,81.6,238.9,2.6,11.24,pathseer:55
beir500k-rq1,pos10_cat03,pos10,65848,pathseer,128,3,55,0.9891,0.9091,0.00033,0.641,0.919,0.931,0.651,3079.2,0.0,1091.6,144.4,3.0,3.0,168.7,81.6,238.9,2.6,11.24,pathseer:55
beir500k-rq1,pos10_cat03,pos10,65848,pathseer,256,1,55,0.9945,0.9455,0.00013,1.151,1.609,1.975,1.189,5318.9,0.0,2028.2,290.7,5.0,5.0,285.1,148.9,525.1,4.5,26.56,pathseer:55
beir500k-rq1,pos10_cat03,pos10,65848,pathseer,256,2,55,0.9945,0.9455,0.00013,1.174,1.623,1.948,1.210,5318.9,0.0,2028.2,290.7,5.0,5.0,285.1,148.9,525.1,4.5,26.56,pathseer:55
beir500k-rq1,pos10_cat03,pos10,65848,pathseer,256,3,55,0.9945,0.9455,0.00013,1.147,1.631,1.985,1.190,5318.9,0.0,2028.2,290.7,5.0,5.0,285.1,148.9,525.1,4.5,26.56,pathseer:55
beir500k-rq1,pos10_cat03,pos10,65848,pathseer,512,1,55,0.9982,0.9818,0.00010,2.145,2.936,3.616,2.233,8962.4,0.0,3846.4,582.7,9.0,9.0,516.7,295.5,1089.7,8.1,65.25,pathseer:55
beir500k-rq1,pos10_cat03,pos10,65848,pathseer,512,2,55,0.9982,0.9818,0.00010,2.161,3.091,3.556,2.232,8962.4,0.0,3846.4,582.7,9.0,9.0,516.7,295.5,1089.7,8.1,65.25,pathseer:55
beir500k-rq1,pos10_cat03,pos10,65848,pathseer,512,3,55,0.9982,0.9818,0.00010,2.145,2.969,3.549,2.232,8962.4,0.0,3846.4,582.7,9.0,9.0,516.7,295.5,1089.7,8.1,65.25,pathseer:55
beir500k-rq1,pos10_cat04,pos10,55993,sweeping,64,1,57,0.9895,0.9298,0.00006,0.283,0.388,0.609,0.302,1576.8,0.0,257.5,71.6,3.0,3.0,0.0,0.0,0.0,0.0,0.00,sweeping:57
beir500k-rq1,pos10_cat04,pos10,55993,sweeping,64,2,57,0.9895,0.9298,0.00006,0.273,0.357,0.566,0.288,1576.8,0.0,257.5,71.6,3.0,3.0,0.0,0.0,0.0,0.0,0.00,sweeping:57
beir500k-rq1,pos10_cat04,pos10,55993,sweeping,64,3,57,0.9895,0.9298,0.00006,0.280,0.365,0.587,0.300,1576.8,0.0,257.5,71.6,3.0,3.0,0.0,0.0,0.0,0.0,0.00,sweeping:57
beir500k-rq1,pos10_cat04,pos10,55993,sweeping,128,1,57,1.0000,1.0000,0.00000,0.492,0.713,1.082,0.523,2674.2,0.0,412.4,137.6,6.0,6.0,0.0,0.0,0.0,0.0,0.00,sweeping:57
beir500k-rq1,pos10_cat04,pos10,55993,sweeping,128,2,57,1.0000,1.0000,0.00000,0.486,0.731,1.111,0.521,2674.2,0.0,412.4,137.6,6.0,6.0,0.0,0.0,0.0,0.0,0.00,sweeping:57
beir500k-rq1,pos10_cat04,pos10,55993,sweeping,128,3,57,1.0000,1.0000,0.00000,0.510,0.670,1.078,0.537,2674.2,0.0,412.4,137.6,6.0,6.0,0.0,0.0,0.0,0.0,0.00,sweeping:57
beir500k-rq1,pos10_cat04,pos10,55993,sweeping,256,1,57,1.0000,1.0000,0.00000,0.904,1.304,1.627,0.957,4492.2,0.0,704.4,272.7,10.0,10.0,0.0,0.0,0.0,0.0,0.00,sweeping:57
beir500k-rq1,pos10_cat04,pos10,55993,sweeping,256,2,57,1.0000,1.0000,0.00000,0.905,1.341,1.627,0.963,4492.2,0.0,704.4,272.7,10.0,10.0,0.0,0.0,0.0,0.0,0.00,sweeping:57
beir500k-rq1,pos10_cat04,pos10,55993,sweeping,256,3,57,1.0000,1.0000,0.00000,0.933,1.364,1.824,0.997,4492.2,0.0,704.4,272.7,10.0,10.0,0.0,0.0,0.0,0.0,0.00,sweeping:57
beir500k-rq1,pos10_cat04,pos10,55993,sweeping,512,1,57,1.0000,1.0000,0.00000,1.683,2.615,3.457,1.817,7465.8,0.0,1248.1,547.7,22.0,22.0,0.0,0.0,0.0,0.0,0.00,sweeping:57
beir500k-rq1,pos10_cat04,pos10,55993,sweeping,512,2,57,1.0000,1.0000,0.00000,1.680,2.524,3.406,1.791,7465.8,0.0,1248.1,547.7,22.0,22.0,0.0,0.0,0.0,0.0,0.00,sweeping:57
beir500k-rq1,pos10_cat04,pos10,55993,sweeping,512,3,57,1.0000,1.0000,0.00000,1.681,2.390,3.293,1.779,7465.8,0.0,1248.1,547.7,22.0,22.0,0.0,0.0,0.0,0.0,0.00,sweeping:57
beir500k-rq1,pos10_cat04,pos10,55993,acorn,64,1,57,0.9895,0.9298,0.00006,0.289,0.520,0.728,0.310,1410.4,10.0,1936.4,65.9,3.0,3.0,0.0,0.0,0.0,0.0,0.00,acorn:4|rre:53
beir500k-rq1,pos10_cat04,pos10,55993,acorn,64,2,57,0.9895,0.9298,0.00006,0.283,0.510,0.742,0.311,1410.4,10.0,1936.4,65.9,3.0,3.0,0.0,0.0,0.0,0.0,0.00,acorn:4|rre:53
beir500k-rq1,pos10_cat04,pos10,55993,acorn,64,3,57,0.9895,0.9298,0.00006,0.288,0.526,0.719,0.316,1410.4,10.0,1936.4,65.9,3.0,3.0,0.0,0.0,0.0,0.0,0.00,acorn:4|rre:53
beir500k-rq1,pos10_cat04,pos10,55993,acorn,128,1,57,1.0000,1.0000,0.00000,0.568,0.938,1.393,0.633,2386.2,10.0,3168.1,129.5,5.0,5.0,0.0,0.0,0.0,0.0,0.00,acorn:4|rre:53
beir500k-rq1,pos10_cat04,pos10,55993,acorn,128,2,57,1.0000,1.0000,0.00000,0.523,0.918,1.306,0.566,2386.2,10.0,3168.1,129.5,5.0,5.0,0.0,0.0,0.0,0.0,0.00,acorn:4|rre:53
beir500k-rq1,pos10_cat04,pos10,55993,acorn,128,3,57,1.0000,1.0000,0.00000,0.527,0.899,1.327,0.574,2386.2,10.0,3168.1,129.5,5.0,5.0,0.0,0.0,0.0,0.0,0.00,acorn:4|rre:53
beir500k-rq1,pos10_cat04,pos10,55993,acorn,256,1,57,1.0000,1.0000,0.00000,0.944,1.557,2.077,0.994,3921.9,10.0,5169.0,257.3,10.0,9.0,0.0,0.0,0.0,0.0,0.00,acorn:4|rre:53
beir500k-rq1,pos10_cat04,pos10,55993,acorn,256,2,57,1.0000,1.0000,0.00000,0.939,1.650,2.122,1.004,3921.9,10.0,5169.0,257.3,10.0,9.0,0.0,0.0,0.0,0.0,0.00,acorn:4|rre:53
beir500k-rq1,pos10_cat04,pos10,55993,acorn,256,3,57,1.0000,1.0000,0.00000,0.948,1.617,2.171,1.008,3921.9,10.0,5169.0,257.3,10.0,9.0,0.0,0.0,0.0,0.0,0.00,acorn:4|rre:53
beir500k-rq1,pos10_cat04,pos10,55993,acorn,512,1,57,1.0000,1.0000,0.00000,1.709,2.694,3.682,1.799,6275.3,10.0,8305.7,513.2,22.0,22.0,0.0,0.0,0.0,0.0,0.00,acorn:4|rre:53
beir500k-rq1,pos10_cat04,pos10,55993,acorn,512,2,57,1.0000,1.0000,0.00000,1.725,2.745,3.454,1.805,6275.3,10.0,8305.7,513.2,22.0,22.0,0.0,0.0,0.0,0.0,0.00,acorn:4|rre:53
beir500k-rq1,pos10_cat04,pos10,55993,acorn,512,3,57,1.0000,1.0000,0.00000,1.697,2.693,3.549,1.800,6275.3,10.0,8305.7,513.2,22.0,22.0,0.0,0.0,0.0,0.0,0.00,acorn:4|rre:53
beir500k-rq1,pos10_cat04,pos10,55993,pathseer,64,1,57,0.9895,0.9298,0.00006,0.310,0.391,0.407,0.323,1554.3,0.0,447.6,69.8,2.0,2.0,74.1,53.2,20.9,1.2,0.53,pathseer:57
beir500k-rq1,pos10_cat04,pos10,55993,pathseer,64,2,57,0.9895,0.9298,0.00006,0.308,0.414,0.441,0.323,1554.3,0.0,447.6,69.8,2.0,2.0,74.1,53.2,20.9,1.2,0.53,pathseer:57
beir500k-rq1,pos10_cat04,pos10,55993,pathseer,64,3,57,0.9895,0.9298,0.00006,0.309,0.380,0.415,0.323,1554.3,0.0,447.6,69.8,2.0,2.0,74.1,53.2,20.9,1.2,0.53,pathseer:57
beir500k-rq1,pos10_cat04,pos10,55993,pathseer,128,1,57,1.0000,1.0000,0.00000,0.541,0.724,0.819,0.564,2634.7,0.0,780.5,134.4,3.0,3.0,143.7,103.6,40.7,2.2,1.65,pathseer:57
beir500k-rq1,pos10_cat04,pos10,55993,pathseer,128,2,57,1.0000,1.0000,0.00000,0.526,0.665,0.708,0.545,2634.7,0.0,780.5,134.4,3.0,3.0,143.7,103.6,40.7,2.2,1.65,pathseer:57
beir500k-rq1,pos10_cat04,pos10,55993,pathseer,128,3,57,1.0000,1.0000,0.00000,0.539,0.687,0.762,0.551,2634.7,0.0,780.5,134.4,3.0,3.0,143.7,103.6,40.7,2.2,1.65,pathseer:57
beir500k-rq1,pos10_cat04,pos10,55993,pathseer,256,1,57,1.0000,1.0000,0.00000,0.962,1.232,1.322,0.992,4340.1,0.0,1381.8,264.8,5.0,5.0,251.5,175.8,95.6,3.9,4.70,pathseer:57
beir500k-rq1,pos10_cat04,pos10,55993,pathseer,256,2,57,1.0000,1.0000,0.00000,0.981,1.188,1.264,0.985,4340.1,0.0,1381.8,264.8,5.0,5.0,251.5,175.8,95.6,3.9,4.70,pathseer:57
beir500k-rq1,pos10_cat04,pos10,55993,pathseer,256,3,57,1.0000,1.0000,0.00000,0.946,1.204,1.245,0.964,4340.1,0.0,1381.8,264.8,5.0,5.0,251.5,175.8,95.6,3.9,4.70,pathseer:57
beir500k-rq1,pos10_cat04,pos10,55993,pathseer,512,1,57,1.0000,1.0000,0.00000,1.810,2.487,2.820,1.913,7014.8,0.0,2565.4,527.0,8.0,8.0,473.8,331.4,219.4,7.4,13.21,pathseer:57
beir500k-rq1,pos10_cat04,pos10,55993,pathseer,512,2,57,1.0000,1.0000,0.00000,1.831,2.503,2.707,1.901,7014.8,0.0,2565.4,527.0,8.0,8.0,473.8,331.4,219.4,7.4,13.21,pathseer:57
beir500k-rq1,pos10_cat04,pos10,55993,pathseer,512,3,57,1.0000,1.0000,0.00000,1.779,2.203,2.331,1.805,7014.8,0.0,2565.4,527.0,8.0,8.0,473.8,331.4,219.4,7.4,13.21,pathseer:57
beir500k-rq1,pos10_cat05,pos10,57358,sweeping,64,1,20,0.9950,0.9500,0.00007,0.320,1.418,3.725,0.604,3140.7,0.0,461.4,173.7,4.0,4.0,0.0,0.0,0.0,0.0,0.00,sweeping:20
beir500k-rq1,pos10_cat05,pos10,57358,sweeping,64,2,20,0.9950,0.9500,0.00007,0.300,1.428,3.781,0.611,3140.7,0.0,461.4,173.7,4.0,4.0,0.0,0.0,0.0,0.0,0.00,sweeping:20
beir500k-rq1,pos10_cat05,pos10,57358,sweeping,64,3,20,0.9950,0.9500,0.00007,0.288,1.258,3.457,0.557,3140.7,0.0,461.4,173.7,4.0,4.0,0.0,0.0,0.0,0.0,0.00,sweeping:20
beir500k-rq1,pos10_cat05,pos10,57358,sweeping,128,1,20,1.0000,1.0000,0.00000,0.583,2.706,7.809,1.160,5755.6,0.0,899.8,376.5,6.0,7.0,0.0,0.0,0.0,0.0,0.00,sweeping:20
beir500k-rq1,pos10_cat05,pos10,57358,sweeping,128,2,20,1.0000,1.0000,0.00000,0.537,2.718,7.972,1.160,5755.6,0.0,899.8,376.5,6.0,7.0,0.0,0.0,0.0,0.0,0.00,sweeping:20
beir500k-rq1,pos10_cat05,pos10,57358,sweeping,128,3,20,1.0000,1.0000,0.00000,0.532,2.658,7.730,1.137,5755.6,0.0,899.8,376.5,6.0,7.0,0.0,0.0,0.0,0.0,0.00,sweeping:20
beir500k-rq1,pos10_cat05,pos10,57358,sweeping,256,1,20,1.0000,1.0000,0.00000,1.067,5.229,15.387,2.280,10082.4,0.0,1737.5,804.1,11.0,15.0,0.0,0.0,0.0,0.0,0.00,sweeping:20
beir500k-rq1,pos10_cat05,pos10,57358,sweeping,256,2,20,1.0000,1.0000,0.00000,1.084,5.302,15.544,2.284,10082.4,0.0,1737.5,804.1,11.0,15.0,0.0,0.0,0.0,0.0,0.00,sweeping:20
beir500k-rq1,pos10_cat05,pos10,57358,sweeping,256,3,20,1.0000,1.0000,0.00000,1.015,4.996,15.049,2.193,10082.4,0.0,1737.5,804.1,11.0,15.0,0.0,0.0,0.0,0.0,0.00,sweeping:20
beir500k-rq1,pos10_cat05,pos10,57358,sweeping,512,1,20,1.0000,1.0000,0.00000,2.451,11.114,27.285,4.485,17271.8,0.0,3274.2,1675.8,24.0,34.0,0.0,0.0,0.0,0.0,0.00,sweeping:20
beir500k-rq1,pos10_cat05,pos10,57358,sweeping,512,2,20,1.0000,1.0000,0.00000,2.075,10.622,27.299,4.340,17271.8,0.0,3274.2,1675.8,24.0,34.0,0.0,0.0,0.0,0.0,0.00,sweeping:20
beir500k-rq1,pos10_cat05,pos10,57358,sweeping,512,3,20,1.0000,1.0000,0.00000,2.096,10.510,27.563,4.291,17271.8,0.0,3274.2,1675.8,24.0,34.0,0.0,0.0,0.0,0.0,0.00,sweeping:20
beir500k-rq1,pos10_cat05,pos10,57358,acorn,64,1,20,0.9950,0.9500,0.00002,0.244,0.801,1.134,0.403,1210.5,10.0,4344.0,66.1,4.0,3.0,0.0,0.0,0.0,0.0,0.00,acorn:6|rre:14
beir500k-rq1,pos10_cat05,pos10,57358,acorn,64,2,20,0.9950,0.9500,0.00002,0.244,0.792,1.145,0.402,1210.5,10.0,4344.0,66.1,4.0,3.0,0.0,0.0,0.0,0.0,0.00,acorn:6|rre:14
beir500k-rq1,pos10_cat05,pos10,57358,acorn,64,3,20,0.9950,0.9500,0.00002,0.250,0.790,1.127,0.402,1210.5,10.0,4344.0,66.1,4.0,3.0,0.0,0.0,0.0,0.0,0.00,acorn:6|rre:14
beir500k-rq1,pos10_cat05,pos10,57358,acorn,128,1,20,1.0000,1.0000,0.00000,0.424,1.409,1.794,0.674,1976.4,10.0,7071.6,129.7,6.0,6.0,0.0,0.0,0.0,0.0,0.00,acorn:6|rre:14
beir500k-rq1,pos10_cat05,pos10,57358,acorn,128,2,20,1.0000,1.0000,0.00000,0.416,1.348,1.807,0.668,1976.4,10.0,7071.6,129.7,6.0,6.0,0.0,0.0,0.0,0.0,0.00,acorn:6|rre:14
beir500k-rq1,pos10_cat05,pos10,57358,acorn,128,3,20,1.0000,1.0000,0.00000,0.464,1.456,1.783,0.705,1976.4,10.0,7071.6,129.7,6.0,6.0,0.0,0.0,0.0,0.0,0.00,acorn:6|rre:14
beir500k-rq1,pos10_cat05,pos10,57358,acorn,256,1,20,1.0000,1.0000,0.00000,0.820,2.757,2.998,1.238,3195.1,10.0,11034.2,257.4,13.0,13.0,0.0,0.0,0.0,0.0,0.00,acorn:6|rre:14
beir500k-rq1,pos10_cat05,pos10,57358,acorn,256,2,20,1.0000,1.0000,0.00000,0.840,2.571,2.751,1.255,3195.1,10.0,11034.2,257.4,13.0,13.0,0.0,0.0,0.0,0.0,0.00,acorn:6|rre:14
beir500k-rq1,pos10_cat05,pos10,57358,acorn,256,3,20,1.0000,1.0000,0.00000,0.787,2.585,2.875,1.214,3195.1,10.0,11034.2,257.4,13.0,13.0,0.0,0.0,0.0,0.0,0.00,acorn:6|rre:14
beir500k-rq1,pos10_cat05,pos10,57358,acorn,512,1,20,1.0000,1.0000,0.00000,1.431,4.411,4.828,2.179,4964.9,10.0,17386.8,513.4,27.0,26.0,0.0,0.0,0.0,0.0,0.00,acorn:6|rre:14
beir500k-rq1,pos10_cat05,pos10,57358,acorn,512,2,20,1.0000,1.0000,0.00000,1.465,4.636,4.908,2.219,4964.9,10.0,17386.8,513.4,27.0,26.0,0.0,0.0,0.0,0.0,0.00,acorn:6|rre:14
beir500k-rq1,pos10_cat05,pos10,57358,acorn,512,3,20,1.0000,1.0000,0.00000,1.484,4.577,5.186,2.232,4964.9,10.0,17386.8,513.4,27.0,26.0,0.0,0.0,0.0,0.0,0.00,acorn:6|rre:14
beir500k-rq1,pos10_cat05,pos10,57358,pathseer,64,1,20,0.9950,0.9500,0.00007,0.279,0.659,0.859,0.333,1494.7,0.0,1215.9,100.5,3.0,3.0,112.0,36.6,636.4,1.8,18.15,pathseer:20
beir500k-rq1,pos10_cat05,pos10,57358,pathseer,64,2,20,0.9950,0.9500,0.00007,0.270,0.688,0.870,0.331,1494.7,0.0,1215.9,100.5,3.0,3.0,112.0,36.6,636.4,1.8,18.15,pathseer:20
beir500k-rq1,pos10_cat05,pos10,57358,pathseer,64,3,20,0.9950,0.9500,0.00007,0.267,0.654,0.878,0.327,1494.7,0.0,1215.9,100.5,3.0,3.0,112.0,36.6,636.4,1.8,18.15,pathseer:20
beir500k-rq1,pos10_cat05,pos10,57358,pathseer,128,1,20,1.0000,1.0000,0.00000,0.517,1.215,1.715,0.616,2541.2,0.0,2230.5,199.7,4.0,4.0,185.6,65.9,1243.5,2.9,45.30,pathseer:20
beir500k-rq1,pos10_cat05,pos10,57358,pathseer,128,2,20,1.0000,1.0000,0.00000,0.484,1.198,1.672,0.593,2541.2,0.0,2230.5,199.7,4.0,4.0,185.6,65.9,1243.5,2.9,45.30,pathseer:20
beir500k-rq1,pos10_cat05,pos10,57358,pathseer,128,3,20,1.0000,1.0000,0.00000,0.483,1.173,1.712,0.588,2541.2,0.0,2230.5,199.7,4.0,4.0,185.6,65.9,1243.5,2.9,45.30,pathseer:20
beir500k-rq1,pos10_cat05,pos10,57358,pathseer,256,1,20,1.0000,1.0000,0.00000,1.020,2.265,4.390,1.274,4382.8,0.0,4592.4,444.1,6.0,7.0,361.6,121.0,2623.7,5.7,111.55,pathseer:20
beir500k-rq1,pos10_cat05,pos10,57358,pathseer,256,2,20,1.0000,1.0000,0.00000,1.001,2.369,4.637,1.321,4382.8,0.0,4592.4,444.1,6.0,7.0,361.6,121.0,2623.7,5.7,111.55,pathseer:20
beir500k-rq1,pos10_cat05,pos10,57358,pathseer,256,3,20,1.0000,1.0000,0.00000,0.968,2.365,4.486,1.298,4382.8,0.0,4592.4,444.1,6.0,7.0,361.6,121.0,2623.7,5.7,111.55,pathseer:20
beir500k-rq1,pos10_cat05,pos10,57358,pathseer,512,1,20,1.0000,1.0000,0.00000,1.963,4.997,10.809,2.632,7420.1,0.0,9209.5,986.4,12.0,15.0,745.6,241.9,5241.4,11.7,275.90,pathseer:20
beir500k-rq1,pos10_cat05,pos10,57358,pathseer,512,2,20,1.0000,1.0000,0.00000,1.991,5.190,10.730,2.649,7420.1,0.0,9209.5,986.4,12.0,15.0,745.6,241.9,5241.4,11.7,275.90,pathseer:20
beir500k-rq1,pos10_cat05,pos10,57358,pathseer,512,3,20,1.0000,1.0000,0.00000,2.014,5.106,10.946,2.698,7420.1,0.0,9209.5,986.4,12.0,15.0,745.6,241.9,5241.4,11.7,275.90,pathseer:20
beir500k-rq1,pos10_cat06,pos10,64313,sweeping,64,1,49,0.9980,0.9796,0.00000,0.275,0.395,0.529,0.288,1501.7,0.0,225.2,71.6,4.0,4.0,0.0,0.0,0.0,0.0,0.00,sweeping:49
beir500k-rq1,pos10_cat06,pos10,64313,sweeping,64,2,49,0.9980,0.9796,0.00000,0.271,0.404,0.545,0.289,1501.7,0.0,225.2,71.6,4.0,4.0,0.0,0.0,0.0,0.0,0.00,sweeping:49
beir500k-rq1,pos10_cat06,pos10,64313,sweeping,64,3,49,0.9980,0.9796,0.00000,0.272,0.416,0.520,0.290,1501.7,0.0,225.2,71.6,4.0,4.0,0.0,0.0,0.0,0.0,0.00,sweeping:49
beir500k-rq1,pos10_cat06,pos10,64313,sweeping,128,1,49,1.0000,1.0000,0.00000,0.519,0.883,1.169,0.564,2613.3,0.0,385.7,141.9,6.0,6.0,0.0,0.0,0.0,0.0,0.00,sweeping:49
beir500k-rq1,pos10_cat06,pos10,64313,sweeping,128,2,49,1.0000,1.0000,0.00000,0.514,0.864,1.170,0.546,2613.3,0.0,385.7,141.9,6.0,6.0,0.0,0.0,0.0,0.0,0.00,sweeping:49
beir500k-rq1,pos10_cat06,pos10,64313,sweeping,128,3,49,1.0000,1.0000,0.00000,0.518,0.897,1.081,0.555,2613.3,0.0,385.7,141.9,6.0,6.0,0.0,0.0,0.0,0.0,0.00,sweeping:49
beir500k-rq1,pos10_cat06,pos10,64313,sweeping,256,1,49,1.0000,1.0000,0.00000,0.928,1.664,2.045,0.994,4509.8,0.0,687.5,283.5,11.0,11.0,0.0,0.0,0.0,0.0,0.00,sweeping:49
beir500k-rq1,pos10_cat06,pos10,64313,sweeping,256,2,49,1.0000,1.0000,0.00000,0.953,1.734,2.097,1.028,4509.8,0.0,687.5,283.5,11.0,11.0,0.0,0.0,0.0,0.0,0.00,sweeping:49
beir500k-rq1,pos10_cat06,pos10,64313,sweeping,256,3,49,1.0000,1.0000,0.00000,0.969,1.701,2.013,1.028,4509.8,0.0,687.5,283.5,11.0,11.0,0.0,0.0,0.0,0.0,0.00,sweeping:49
beir500k-rq1,pos10_cat06,pos10,64313,sweeping,512,1,49,1.0000,1.0000,0.00000,1.746,3.129,3.763,1.906,7671.3,0.0,1251.9,571.0,22.0,23.0,0.0,0.0,0.0,0.0,0.00,sweeping:49
beir500k-rq1,pos10_cat06,pos10,64313,sweeping,512,2,49,1.0000,1.0000,0.00000,1.747,3.141,3.677,1.890,7671.3,0.0,1251.9,571.0,22.0,23.0,0.0,0.0,0.0,0.0,0.00,sweeping:49
beir500k-rq1,pos10_cat06,pos10,64313,sweeping,512,3,49,1.0000,1.0000,0.00000,1.735,3.102,3.711,1.870,7671.3,0.0,1251.9,571.0,22.0,23.0,0.0,0.0,0.0,0.0,0.00,sweeping:49
beir500k-rq1,pos10_cat06,pos10,64313,acorn,64,1,49,0.9980,0.9796,0.00000,0.304,0.694,0.828,0.336,1337.7,10.0,1885.1,66.1,3.0,3.0,0.0,0.0,0.0,0.0,0.00,acorn:4|rre:45
beir500k-rq1,pos10_cat06,pos10,64313,acorn,64,2,49,0.9980,0.9796,0.00000,0.309,0.684,0.864,0.345,1337.7,10.0,1885.1,66.1,3.0,3.0,0.0,0.0,0.0,0.0,0.00,acorn:4|rre:45
beir500k-rq1,pos10_cat06,pos10,64313,acorn,64,3,49,0.9980,0.9796,0.00000,0.301,0.636,0.806,0.331,1337.7,10.0,1885.1,66.1,3.0,3.0,0.0,0.0,0.0,0.0,0.00,acorn:4|rre:45
beir500k-rq1,pos10_cat06,pos10,64313,acorn,128,1,49,1.0000,1.0000,0.00000,0.548,1.120,1.379,0.597,2251.0,10.0,3119.8,129.6,5.0,5.0,0.0,0.0,0.0,0.0,0.00,acorn:4|rre:45
beir500k-rq1,pos10_cat06,pos10,64313,acorn,128,2,49,1.0000,1.0000,0.00000,0.546,1.262,1.411,0.607,2251.0,10.0,3119.8,129.6,5.0,5.0,0.0,0.0,0.0,0.0,0.00,acorn:4|rre:45
beir500k-rq1,pos10_cat06,pos10,64313,acorn,128,3,49,1.0000,1.0000,0.00000,0.544,1.163,1.393,0.602,2251.0,10.0,3119.8,129.6,5.0,5.0,0.0,0.0,0.0,0.0,0.00,acorn:4|rre:45
beir500k-rq1,pos10_cat06,pos10,64313,acorn,256,1,49,1.0000,1.0000,0.00000,0.993,2.360,2.484,1.107,3764.4,10.0,5162.2,257.5,11.0,10.0,0.0,0.0,0.0,0.0,0.00,acorn:4|rre:45
beir500k-rq1,pos10_cat06,pos10,64313,acorn,256,2,49,1.0000,1.0000,0.00000,0.976,2.081,2.339,1.043,3764.4,10.0,5162.2,257.5,11.0,10.0,0.0,0.0,0.0,0.0,0.00,acorn:4|rre:45
beir500k-rq1,pos10_cat06,pos10,64313,acorn,256,3,49,1.0000,1.0000,0.00000,0.955,2.064,2.280,1.030,3764.4,10.0,5162.2,257.5,11.0,10.0,0.0,0.0,0.0,0.0,0.00,acorn:4|rre:45
beir500k-rq1,pos10_cat06,pos10,64313,acorn,512,1,49,1.0000,1.0000,0.00000,1.706,3.345,3.868,1.842,6103.1,10.0,8311.0,513.2,23.0,22.0,0.0,0.0,0.0,0.0,0.00,acorn:4|rre:45
beir500k-rq1,pos10_cat06,pos10,64313,acorn,512,2,49,1.0000,1.0000,0.00000,1.679,3.382,3.796,1.817,6103.1,10.0,8311.0,513.2,23.0,22.0,0.0,0.0,0.0,0.0,0.00,acorn:4|rre:45
beir500k-rq1,pos10_cat06,pos10,64313,acorn,512,3,49,1.0000,1.0000,0.00000,1.678,3.359,3.734,1.806,6103.1,10.0,8311.0,513.2,23.0,22.0,0.0,0.0,0.0,0.0,0.00,acorn:4|rre:45
beir500k-rq1,pos10_cat06,pos10,64313,pathseer,64,1,49,0.9959,0.9592,0.00013,0.309,0.374,0.387,0.309,1443.2,0.0,457.4,69.2,2.0,2.0,78.4,52.7,51.2,1.2,3.16,pathseer:49
beir500k-rq1,pos10_cat06,pos10,64313,pathseer,64,2,49,0.9959,0.9592,0.00013,0.281,0.360,0.382,0.291,1443.2,0.0,457.4,69.2,2.0,2.0,78.4,52.7,51.2,1.2,3.16,pathseer:49
beir500k-rq1,pos10_cat06,pos10,64313,pathseer,64,3,49,0.9959,0.9592,0.00013,0.306,0.410,0.427,0.313,1443.2,0.0,457.4,69.2,2.0,2.0,78.4,52.7,51.2,1.2,3.16,pathseer:49
beir500k-rq1,pos10_cat06,pos10,64313,pathseer,128,1,49,1.0000,1.0000,0.00000,0.512,0.650,0.734,0.525,2467.5,0.0,836.2,136.2,3.0,3.0,148.9,99.2,108.6,2.3,7.78,pathseer:49
beir500k-rq1,pos10_cat06,pos10,64313,pathseer,128,2,49,1.0000,1.0000,0.00000,0.514,0.676,0.747,0.523,2467.5,0.0,836.2,136.2,3.0,3.0,148.9,99.2,108.6,2.3,7.78,pathseer:49
beir500k-rq1,pos10_cat06,pos10,64313,pathseer,128,3,49,1.0000,1.0000,0.00000,0.516,0.662,0.734,0.529,2467.5,0.0,836.2,136.2,3.0,3.0,148.9,99.2,108.6,2.3,7.78,pathseer:49
beir500k-rq1,pos10_cat06,pos10,64313,pathseer,256,1,49,1.0000,1.0000,0.00000,1.015,1.344,1.406,1.032,4166.6,0.0,1533.6,270.4,5.0,5.0,263.8,178.7,212.0,4.1,18.29,pathseer:49
beir500k-rq1,pos10_cat06,pos10,64313,pathseer,256,2,49,1.0000,1.0000,0.00000,0.962,1.320,1.394,0.983,4166.6,0.0,1533.6,270.4,5.0,5.0,263.8,178.7,212.0,4.1,18.29,pathseer:49
beir500k-rq1,pos10_cat06,pos10,64313,pathseer,256,3,49,1.0000,1.0000,0.00000,0.982,1.310,1.468,1.001,4166.6,0.0,1533.6,270.4,5.0,5.0,263.8,178.7,212.0,4.1,18.29,pathseer:49
beir500k-rq1,pos10_cat06,pos10,64313,pathseer,512,1,49,1.0000,1.0000,0.00000,1.756,2.531,2.733,1.839,6879.4,0.0,2889.3,541.5,9.0,9.0,510.7,339.6,441.6,8.0,41.65,pathseer:49
beir500k-rq1,pos10_cat06,pos10,64313,pathseer,512,2,49,1.0000,1.0000,0.00000,1.788,2.558,2.961,1.867,6879.4,0.0,2889.3,541.5,9.0,9.0,510.7,339.6,441.6,8.0,41.65,pathseer:49
beir500k-rq1,pos10_cat06,pos10,64313,pathseer,512,3,49,1.0000,1.0000,0.00000,1.742,2.614,2.738,1.835,6879.4,0.0,2889.3,541.5,9.0,9.0,510.7,339.6,441.6,8.0,41.65,pathseer:49
beir500k-rq1,pos10_cat07,pos10,78303,sweeping,64,1,41,0.9927,0.9268,0.00043,0.344,1.104,1.824,0.468,2370.4,0.0,358.3,109.9,3.0,4.0,0.0,0.0,0.0,0.0,0.00,sweeping:41
beir500k-rq1,pos10_cat07,pos10,78303,sweeping,64,2,41,0.9927,0.9268,0.00043,0.356,1.296,1.874,0.483,2370.4,0.0,358.3,109.9,3.0,4.0,0.0,0.0,0.0,0.0,0.00,sweeping:41
beir500k-rq1,pos10_cat07,pos10,78303,sweeping,64,3,41,0.9927,0.9268,0.00043,0.348,0.940,1.689,0.458,2370.4,0.0,358.3,109.9,3.0,4.0,0.0,0.0,0.0,0.0,0.00,sweeping:41
beir500k-rq1,pos10_cat07,pos10,78303,sweeping,128,1,41,0.9976,0.9756,0.00029,0.633,2.037,3.600,0.872,4293.7,0.0,629.2,225.0,5.0,7.0,0.0,0.0,0.0,0.0,0.00,sweeping:41
beir500k-rq1,pos10_cat07,pos10,78303,sweeping,128,2,41,0.9976,0.9756,0.00029,0.606,2.022,3.548,0.845,4293.7,0.0,629.2,225.0,5.0,7.0,0.0,0.0,0.0,0.0,0.00,sweeping:41
beir500k-rq1,pos10_cat07,pos10,78303,sweeping,128,3,41,0.9976,0.9756,0.00029,0.637,2.055,3.578,0.867,4293.7,0.0,629.2,225.0,5.0,7.0,0.0,0.0,0.0,0.0,0.00,sweeping:41
beir500k-rq1,pos10_cat07,pos10,78303,sweeping,256,1,41,1.0000,1.0000,0.00000,1.257,4.022,6.973,1.716,7701.1,0.0,1138.0,460.3,10.0,13.0,0.0,0.0,0.0,0.0,0.00,sweeping:41
beir500k-rq1,pos10_cat07,pos10,78303,sweeping,256,2,41,1.0000,1.0000,0.00000,1.329,7.475,14.195,2.228,7701.1,0.0,1138.0,460.3,10.0,13.0,0.0,0.0,0.0,0.0,0.00,sweeping:41
beir500k-rq1,pos10_cat07,pos10,78303,sweeping,256,3,41,1.0000,1.0000,0.00000,1.236,3.779,6.803,1.664,7701.1,0.0,1138.0,460.3,10.0,13.0,0.0,0.0,0.0,0.0,0.00,sweeping:41
beir500k-rq1,pos10_cat07,pos10,78303,sweeping,512,1,41,1.0000,1.0000,0.00000,2.486,6.889,12.150,3.368,13590.6,0.0,2101.7,943.0,19.0,26.0,0.0,0.0,0.0,0.0,0.00,sweeping:41
beir500k-rq1,pos10_cat07,pos10,78303,sweeping,512,2,41,1.0000,1.0000,0.00000,2.291,6.485,12.440,3.199,13590.6,0.0,2101.7,943.0,19.0,26.0,0.0,0.0,0.0,0.0,0.00,sweeping:41
beir500k-rq1,pos10_cat07,pos10,78303,sweeping,512,3,41,1.0000,1.0000,0.00000,2.368,6.450,12.692,3.257,13590.6,0.0,2101.7,943.0,19.0,26.0,0.0,0.0,0.0,0.0,0.00,sweeping:41
beir500k-rq1,pos10_cat07,pos10,78303,acorn,64,1,41,0.9854,0.8780,0.00054,0.332,1.095,1.305,0.450,1447.9,10.0,3008.1,66.4,3.0,3.0,0.0,0.0,0.0,0.0,0.00,acorn:7|rre:34
beir500k-rq1,pos10_cat07,pos10,78303,acorn,64,2,41,0.9854,0.8780,0.00054,0.334,1.076,1.259,0.448,1447.9,10.0,3008.1,66.4,3.0,3.0,0.0,0.0,0.0,0.0,0.00,acorn:7|rre:34
beir500k-rq1,pos10_cat07,pos10,78303,acorn,64,3,41,0.9854,0.8780,0.00054,0.319,1.047,1.229,0.430,1447.9,10.0,3008.1,66.4,3.0,3.0,0.0,0.0,0.0,0.0,0.00,acorn:7|rre:34
beir500k-rq1,pos10_cat07,pos10,78303,acorn,128,1,41,0.9951,0.9512,0.00033,0.544,1.704,1.976,0.735,2455.7,10.0,4858.5,129.8,5.0,5.0,0.0,0.0,0.0,0.0,0.00,acorn:7|rre:34
beir500k-rq1,pos10_cat07,pos10,78303,acorn,128,2,41,0.9951,0.9512,0.00033,0.512,1.562,1.889,0.687,2455.7,10.0,4858.5,129.8,5.0,5.0,0.0,0.0,0.0,0.0,0.00,acorn:7|rre:34
beir500k-rq1,pos10_cat07,pos10,78303,acorn,128,3,41,0.9951,0.9512,0.00033,0.523,1.636,1.844,0.686,2455.7,10.0,4858.5,129.8,5.0,5.0,0.0,0.0,0.0,0.0,0.00,acorn:7|rre:34
beir500k-rq1,pos10_cat07,pos10,78303,acorn,256,1,41,0.9976,0.9756,0.00004,0.996,2.819,3.322,1.264,4118.2,10.0,8022.9,257.6,11.0,10.0,0.0,0.0,0.0,0.0,0.00,acorn:7|rre:34
beir500k-rq1,pos10_cat07,pos10,78303,acorn,256,2,41,0.9976,0.9756,0.00004,0.980,2.833,3.430,1.263,4118.2,10.0,8022.9,257.6,11.0,10.0,0.0,0.0,0.0,0.0,0.00,acorn:7|rre:34
beir500k-rq1,pos10_cat07,pos10,78303,acorn,256,3,41,0.9976,0.9756,0.00004,0.970,2.803,3.297,1.251,4118.2,10.0,8022.9,257.6,11.0,10.0,0.0,0.0,0.0,0.0,0.00,acorn:7|rre:34
beir500k-rq1,pos10_cat07,pos10,78303,acorn,512,1,41,1.0000,1.0000,0.00000,1.847,4.652,5.202,2.223,6795.3,10.0,13033.8,513.4,23.0,23.0,0.0,0.0,0.0,0.0,0.00,acorn:7|rre:34
beir500k-rq1,pos10_cat07,pos10,78303,acorn,512,2,41,1.0000,1.0000,0.00000,1.840,4.675,5.273,2.240,6795.3,10.0,13033.8,513.4,23.0,23.0,0.0,0.0,0.0,0.0,0.00,acorn:7|rre:34
beir500k-rq1,pos10_cat07,pos10,78303,acorn,512,3,41,1.0000,1.0000,0.00000,1.833,4.646,5.111,2.238,6795.3,10.0,13033.8,513.4,23.0,23.0,0.0,0.0,0.0,0.0,0.00,acorn:7|rre:34
beir500k-rq1,pos10_cat07,pos10,78303,pathseer,64,1,41,0.9878,0.8780,0.00048,0.348,0.504,0.564,0.367,1630.4,0.0,766.9,79.4,2.0,2.0,87.4,44.4,254.7,1.4,16.27,pathseer:41
beir500k-rq1,pos10_cat07,pos10,78303,pathseer,64,2,41,0.9878,0.8780,0.00048,0.364,0.533,0.571,0.372,1630.4,0.0,766.9,79.4,2.0,2.0,87.4,44.4,254.7,1.4,16.27,pathseer:41
beir500k-rq1,pos10_cat07,pos10,78303,pathseer,64,3,41,0.9878,0.8780,0.00048,0.355,0.510,0.605,0.381,1630.4,0.0,766.9,79.4,2.0,2.0,87.4,44.4,254.7,1.4,16.27,pathseer:41
beir500k-rq1,pos10_cat07,pos10,78303,pathseer,128,1,41,0.9951,0.9512,0.00033,0.617,0.931,1.161,0.650,2837.6,0.0,1472.4,159.0,3.0,3.0,156.1,83.1,549.5,2.4,34.41,pathseer:41
beir500k-rq1,pos10_cat07,pos10,78303,pathseer,128,2,41,0.9951,0.9512,0.00033,0.584,0.965,1.100,0.632,2837.6,0.0,1472.4,159.0,3.0,3.0,156.1,83.1,549.5,2.4,34.41,pathseer:41
beir500k-rq1,pos10_cat07,pos10,78303,pathseer,128,3,41,0.9951,0.9512,0.00033,0.636,0.973,1.141,0.668,2837.6,0.0,1472.4,159.0,3.0,3.0,156.1,83.1,549.5,2.4,34.41,pathseer:41
beir500k-rq1,pos10_cat07,pos10,78303,pathseer,256,1,41,0.9976,0.9756,0.00004,1.183,1.836,2.436,1.267,4892.7,0.0,2876.1,327.5,5.0,6.0,284.1,146.8,1194.0,4.4,84.12,pathseer:41
beir500k-rq1,pos10_cat07,pos10,78303,pathseer,256,2,41,0.9976,0.9756,0.00004,1.380,2.216,2.642,1.437,4892.7,0.0,2876.1,327.5,5.0,6.0,284.1,146.8,1194.0,4.4,84.12,pathseer:41
beir500k-rq1,pos10_cat07,pos10,78303,pathseer,256,3,41,0.9976,0.9756,0.00004,1.191,1.816,2.514,1.256,4892.7,0.0,2876.1,327.5,5.0,6.0,284.1,146.8,1194.0,4.4,84.12,pathseer:41
beir500k-rq1,pos10_cat07,pos10,78303,pathseer,512,1,41,1.0000,1.0000,0.00000,2.381,4.286,5.264,2.576,8435.6,0.0,5716.5,685.8,10.0,10.0,563.5,276.4,2476.5,8.8,189.02,pathseer:41
beir500k-rq1,pos10_cat07,pos10,78303,pathseer,512,2,41,1.0000,1.0000,0.00000,2.345,3.955,5.497,2.550,8435.6,0.0,5716.5,685.8,10.0,10.0,563.5,276.4,2476.5,8.8,189.02,pathseer:41
beir500k-rq1,pos10_cat07,pos10,78303,pathseer,512,3,41,1.0000,1.0000,0.00000,2.205,3.914,5.113,2.406,8435.6,0.0,5716.5,685.8,10.0,10.0,563.5,276.4,2476.5,8.8,189.02,pathseer:41
beir500k-rq1,pos10_cat08,pos10,51067,sweeping,64,1,52,0.9846,0.8654,0.00028,0.320,0.497,0.684,0.356,1795.1,0.0,259.1,77.8,3.0,3.0,0.0,0.0,0.0,0.0,0.00,sweeping:52
beir500k-rq1,pos10_cat08,pos10,51067,sweeping,64,2,52,0.9846,0.8654,0.00028,0.309,0.443,0.645,0.349,1795.1,0.0,259.1,77.8,3.0,3.0,0.0,0.0,0.0,0.0,0.00,sweeping:52
beir500k-rq1,pos10_cat08,pos10,51067,sweeping,64,3,52,0.9846,0.8654,0.00028,0.307,0.418,0.645,0.335,1795.1,0.0,259.1,77.8,3.0,3.0,0.0,0.0,0.0,0.0,0.00,sweeping:52
beir500k-rq1,pos10_cat08,pos10,51067,sweeping,128,1,52,0.9981,0.9808,0.00003,0.654,0.949,1.199,0.696,3113.4,0.0,448.5,151.6,5.0,5.0,0.0,0.0,0.0,0.0,0.00,sweeping:52
beir500k-rq1,pos10_cat08,pos10,51067,sweeping,128,2,52,0.9981,0.9808,0.00003,0.684,0.962,1.190,0.743,3113.4,0.0,448.5,151.6,5.0,5.0,0.0,0.0,0.0,0.0,0.00,sweeping:52
beir500k-rq1,pos10_cat08,pos10,51067,sweeping,128,3,52,0.9981,0.9808,0.00003,0.576,0.843,1.120,0.634,3113.4,0.0,448.5,151.6,5.0,5.0,0.0,0.0,0.0,0.0,0.00,sweeping:52
beir500k-rq1,pos10_cat08,pos10,51067,sweeping,256,1,52,1.0000,1.0000,0.00000,1.041,1.561,2.091,1.130,5392.9,0.0,787.2,300.6,9.0,10.0,0.0,0.0,0.0,0.0,0.00,sweeping:52
beir500k-rq1,pos10_cat08,pos10,51067,sweeping,256,2,52,1.0000,1.0000,0.00000,1.043,1.588,2.260,1.138,5392.9,0.0,787.2,300.6,9.0,10.0,0.0,0.0,0.0,0.0,0.00,sweeping:52
beir500k-rq1,pos10_cat08,pos10,51067,sweeping,256,3,52,1.0000,1.0000,0.00000,1.056,1.571,1.833,1.156,5392.9,0.0,787.2,300.6,9.0,10.0,0.0,0.0,0.0,0.0,0.00,sweeping:52
beir500k-rq1,pos10_cat08,pos10,51067,sweeping,512,1,52,1.0000,1.0000,0.00000,1.905,2.967,3.123,2.066,8986.2,0.0,1415.9,599.0,20.0,23.0,0.0,0.0,0.0,0.0,0.00,sweeping:52
beir500k-rq1,pos10_cat08,pos10,51067,sweeping,512,2,52,1.0000,1.0000,0.00000,1.998,5.082,11.072,2.663,8986.2,0.0,1415.9,599.0,20.0,23.0,0.0,0.0,0.0,0.0,0.00,sweeping:52
beir500k-rq1,pos10_cat08,pos10,51067,sweeping,512,3,52,1.0000,1.0000,0.00000,1.945,2.970,3.468,2.093,8986.2,0.0,1415.9,599.0,20.0,23.0,0.0,0.0,0.0,0.0,0.00,sweeping:52
beir500k-rq1,pos10_cat08,pos10,51067,acorn,64,1,52,0.9808,0.8462,0.00033,0.316,0.768,0.987,0.359,1495.6,10.0,2201.3,66.0,3.0,3.0,0.0,0.0,0.0,0.0,0.00,acorn:4|rre:48
beir500k-rq1,pos10_cat08,pos10,51067,acorn,64,2,52,0.9808,0.8462,0.00033,0.324,0.800,0.964,0.365,1495.6,10.0,2201.3,66.0,3.0,3.0,0.0,0.0,0.0,0.0,0.00,acorn:4|rre:48
beir500k-rq1,pos10_cat08,pos10,51067,acorn,64,3,52,0.9808,0.8462,0.00033,0.311,0.800,0.962,0.360,1495.6,10.0,2201.3,66.0,3.0,3.0,0.0,0.0,0.0,0.0,0.00,acorn:4|rre:48
beir500k-rq1,pos10_cat08,pos10,51067,acorn,128,1,52,0.9981,0.9808,0.00003,0.528,1.333,1.516,0.597,2558.3,10.0,3690.7,129.7,5.0,5.0,0.0,0.0,0.0,0.0,0.00,acorn:4|rre:48
beir500k-rq1,pos10_cat08,pos10,51067,acorn,128,2,52,0.9981,0.9808,0.00003,0.531,1.363,1.530,0.598,2558.3,10.0,3690.7,129.7,5.0,5.0,0.0,0.0,0.0,0.0,0.00,acorn:4|rre:48
beir500k-rq1,pos10_cat08,pos10,51067,acorn,128,3,52,0.9981,0.9808,0.00003,0.535,1.387,1.566,0.606,2558.3,10.0,3690.7,129.7,5.0,5.0,0.0,0.0,0.0,0.0,0.00,acorn:4|rre:48
beir500k-rq1,pos10_cat08,pos10,51067,acorn,256,1,52,1.0000,1.0000,0.00000,1.011,2.246,2.514,1.113,4348.0,10.0,6118.8,257.4,9.0,9.0,0.0,0.0,0.0,0.0,0.00,acorn:4|rre:48
beir500k-rq1,pos10_cat08,pos10,51067,acorn,256,2,52,1.0000,1.0000,0.00000,0.998,2.242,2.515,1.112,4348.0,10.0,6118.8,257.4,9.0,9.0,0.0,0.0,0.0,0.0,0.00,acorn:4|rre:48
beir500k-rq1,pos10_cat08,pos10,51067,acorn,256,3,52,1.0000,1.0000,0.00000,0.987,2.241,2.556,1.109,4348.0,10.0,6118.8,257.4,9.0,9.0,0.0,0.0,0.0,0.0,0.00,acorn:4|rre:48
beir500k-rq1,pos10_cat08,pos10,51067,acorn,512,1,52,1.0000,1.0000,0.00000,1.816,3.704,3.915,1.953,7056.5,10.0,9808.3,513.1,22.0,21.0,0.0,0.0,0.0,0.0,0.00,acorn:4|rre:48
beir500k-rq1,pos10_cat08,pos10,51067,acorn,512,2,52,1.0000,1.0000,0.00000,1.816,3.619,4.100,1.991,7056.5,10.0,9808.3,513.1,22.0,21.0,0.0,0.0,0.0,0.0,0.00,acorn:4|rre:48
beir500k-rq1,pos10_cat08,pos10,51067,acorn,512,3,52,1.0000,1.0000,0.00000,1.805,3.670,4.127,1.973,7056.5,10.0,9808.3,513.1,22.0,21.0,0.0,0.0,0.0,0.0,0.00,acorn:4|rre:48
beir500k-rq1,pos10_cat08,pos10,51067,pathseer,64,1,52,0.9846,0.8654,0.00028,0.320,0.379,0.543,0.330,1621.6,0.0,552.3,72.7,2.0,2.0,80.0,51.8,113.7,1.2,6.75,pathseer:52
beir500k-rq1,pos10_cat08,pos10,51067,pathseer,64,2,52,0.9846,0.8654,0.00028,0.344,0.449,0.546,0.360,1621.6,0.0,552.3,72.7,2.0,2.0,80.0,51.8,113.7,1.2,6.75,pathseer:52
beir500k-rq1,pos10_cat08,pos10,51067,pathseer,64,3,52,0.9846,0.8654,0.00028,0.316,0.373,0.564,0.329,1621.6,0.0,552.3,72.7,2.0,2.0,80.0,51.8,113.7,1.2,6.75,pathseer:52
beir500k-rq1,pos10_cat08,pos10,51067,pathseer,128,1,52,0.9981,0.9808,0.00003,0.570,0.686,0.925,0.591,2818.9,0.0,1003.9,142.5,3.0,3.0,146.5,96.0,209.0,2.3,14.77,pathseer:52
beir500k-rq1,pos10_cat08,pos10,51067,pathseer,128,2,52,0.9981,0.9808,0.00003,0.551,0.641,0.875,0.572,2818.9,0.0,1003.9,142.5,3.0,3.0,146.5,96.0,209.0,2.3,14.77,pathseer:52
beir500k-rq1,pos10_cat08,pos10,51067,pathseer,128,3,52,0.9981,0.9808,0.00003,0.565,0.701,0.972,0.587,2818.9,0.0,1003.9,142.5,3.0,3.0,146.5,96.0,209.0,2.3,14.77,pathseer:52
beir500k-rq1,pos10_cat08,pos10,51067,pathseer,256,1,52,1.0000,1.0000,0.00000,1.071,1.265,1.633,1.104,4844.1,0.0,1788.8,281.6,5.0,5.0,256.0,165.5,368.5,4.0,31.75,pathseer:52
beir500k-rq1,pos10_cat08,pos10,51067,pathseer,256,2,52,1.0000,1.0000,0.00000,1.075,1.489,1.768,1.148,4844.1,0.0,1788.8,281.6,5.0,5.0,256.0,165.5,368.5,4.0,31.75,pathseer:52
beir500k-rq1,pos10_cat08,pos10,51067,pathseer,256,3,52,1.0000,1.0000,0.00000,1.206,1.541,1.711,1.247,4844.1,0.0,1788.8,281.6,5.0,5.0,256.0,165.5,368.5,4.0,31.75,pathseer:52
beir500k-rq1,pos10_cat08,pos10,51067,pathseer,512,1,52,1.0000,1.0000,0.00000,1.995,2.475,2.755,2.031,7984.8,0.0,3276.5,561.2,8.0,8.0,497.2,318.3,657.7,7.8,67.85,pathseer:52
beir500k-rq1,pos10_cat08,pos10,51067,pathseer,512,2,52,1.0000,1.0000,0.00000,1.941,2.374,2.969,2.028,7984.8,0.0,3276.5,561.2,8.0,8.0,497.2,318.3,657.7,7.8,67.85,pathseer:52
beir500k-rq1,pos10_cat08,pos10,51067,pathseer,512,3,52,1.0000,1.0000,0.00000,1.992,2.418,2.649,2.033,7984.8,0.0,3276.5,561.2,8.0,8.0,497.2,318.3,657.7,7.8,67.85,pathseer:52
beir500k-rq1,pos10_cat09,pos10,56475,sweeping,64,1,55,0.9782,0.8545,0.00024,0.286,0.355,0.507,0.307,1513.7,0.0,219.7,72.9,4.0,4.0,0.0,0.0,0.0,0.0,0.00,sweeping:55
beir500k-rq1,pos10_cat09,pos10,56475,sweeping,64,2,55,0.9782,0.8545,0.00024,0.282,0.342,0.510,0.303,1513.7,0.0,219.7,72.9,4.0,4.0,0.0,0.0,0.0,0.0,0.00,sweeping:55
beir500k-rq1,pos10_cat09,pos10,56475,sweeping,64,3,55,0.9782,0.8545,0.00024,0.276,0.358,0.517,0.302,1513.7,0.0,219.7,72.9,4.0,4.0,0.0,0.0,0.0,0.0,0.00,sweeping:55
beir500k-rq1,pos10_cat09,pos10,56475,sweeping,128,1,55,0.9945,0.9636,0.00010,0.513,0.707,0.979,0.568,2611.3,0.0,380.2,144.3,6.0,6.0,0.0,0.0,0.0,0.0,0.00,sweeping:55
beir500k-rq1,pos10_cat09,pos10,56475,sweeping,128,2,55,0.9945,0.9636,0.00010,0.500,0.671,0.913,0.550,2611.3,0.0,380.2,144.3,6.0,6.0,0.0,0.0,0.0,0.0,0.00,sweeping:55
beir500k-rq1,pos10_cat09,pos10,56475,sweeping,128,3,55,0.9945,0.9636,0.00010,0.492,0.661,0.915,0.544,2611.3,0.0,380.2,144.3,6.0,6.0,0.0,0.0,0.0,0.0,0.00,sweeping:55
beir500k-rq1,pos10_cat09,pos10,56475,sweeping,256,1,55,0.9982,0.9818,0.00003,0.950,1.347,1.674,1.033,4446.7,0.0,684.9,288.4,11.0,11.0,0.0,0.0,0.0,0.0,0.00,sweeping:55
beir500k-rq1,pos10_cat09,pos10,56475,sweeping,256,2,55,0.9982,0.9818,0.00003,0.946,1.275,1.779,1.034,4446.7,0.0,684.9,288.4,11.0,11.0,0.0,0.0,0.0,0.0,0.00,sweeping:55
beir500k-rq1,pos10_cat09,pos10,56475,sweeping,256,3,55,0.9982,0.9818,0.00003,0.919,1.284,1.605,1.022,4446.7,0.0,684.9,288.4,11.0,11.0,0.0,0.0,0.0,0.0,0.00,sweeping:55
beir500k-rq1,pos10_cat09,pos10,56475,sweeping,512,1,55,0.9982,0.9818,0.00003,1.731,2.341,3.334,1.905,7545.8,0.0,1267.1,586.3,22.0,24.0,0.0,0.0,0.0,0.0,0.00,sweeping:55
beir500k-rq1,pos10_cat09,pos10,56475,sweeping,512,2,55,0.9982,0.9818,0.00003,1.761,2.358,3.302,1.917,7545.8,0.0,1267.1,586.3,22.0,24.0,0.0,0.0,0.0,0.0,0.00,sweeping:55
beir500k-rq1,pos10_cat09,pos10,56475,sweeping,512,3,55,0.9982,0.9818,0.00003,1.740,2.435,3.279,1.911,7545.8,0.0,1267.1,586.3,22.0,24.0,0.0,0.0,0.0,0.0,0.00,sweeping:55
beir500k-rq1,pos10_cat09,pos10,56475,acorn,64,1,55,0.9782,0.8545,0.00024,0.292,0.340,0.615,0.310,1276.6,10.0,1659.9,65.9,3.0,3.0,0.0,0.0,0.0,0.0,0.00,acorn:3|rre:52
beir500k-rq1,pos10_cat09,pos10,56475,acorn,64,2,55,0.9782,0.8545,0.00024,0.295,0.348,0.579,0.310,1276.6,10.0,1659.9,65.9,3.0,3.0,0.0,0.0,0.0,0.0,0.00,acorn:3|rre:52
beir500k-rq1,pos10_cat09,pos10,56475,acorn,64,3,55,0.9782,0.8545,0.00024,0.297,0.365,0.612,0.317,1276.6,10.0,1659.9,65.9,3.0,3.0,0.0,0.0,0.0,0.0,0.00,acorn:3|rre:52
beir500k-rq1,pos10_cat09,pos10,56475,acorn,128,1,55,0.9945,0.9636,0.00010,0.522,0.586,1.066,0.538,2157.2,10.0,2780.6,129.7,6.0,5.0,0.0,0.0,0.0,0.0,0.00,acorn:3|rre:52
beir500k-rq1,pos10_cat09,pos10,56475,acorn,128,2,55,0.9945,0.9636,0.00010,0.514,0.579,1.074,0.537,2157.2,10.0,2780.6,129.7,6.0,5.0,0.0,0.0,0.0,0.0,0.00,acorn:3|rre:52
beir500k-rq1,pos10_cat09,pos10,56475,acorn,128,3,55,0.9945,0.9636,0.00010,0.525,0.595,1.095,0.546,2157.2,10.0,2780.6,129.7,6.0,5.0,0.0,0.0,0.0,0.0,0.00,acorn:3|rre:52
beir500k-rq1,pos10_cat09,pos10,56475,acorn,256,1,55,0.9982,0.9818,0.00003,0.946,1.151,1.688,0.984,3580.4,10.0,4585.0,257.3,11.0,11.0,0.0,0.0,0.0,0.0,0.00,acorn:3|rre:52
beir500k-rq1,pos10_cat09,pos10,56475,acorn,256,2,55,0.9982,0.9818,0.00003,0.922,1.045,1.661,0.958,3580.4,10.0,4585.0,257.3,11.0,11.0,0.0,0.0,0.0,0.0,0.00,acorn:3|rre:52
beir500k-rq1,pos10_cat09,pos10,56475,acorn,256,3,55,0.9982,0.9818,0.00003,0.958,1.059,1.696,0.972,3580.4,10.0,4585.0,257.3,11.0,11.0,0.0,0.0,0.0,0.0,0.00,acorn:3|rre:52
beir500k-rq1,pos10_cat09,pos10,56475,acorn,512,1,55,0.9982,0.9818,0.00003,1.721,1.965,2.644,1.751,5820.7,10.0,7433.9,513.2,23.0,22.0,0.0,0.0,0.0,0.0,0.00,acorn:3|rre:52
beir500k-rq1,pos10_cat09,pos10,56475,acorn,512,2,55,0.9982,0.9818,0.00003,1.786,2.437,2.936,1.915,5820.7,10.0,7433.9,513.2,23.0,22.0,0.0,0.0,0.0,0.0,0.00,acorn:3|rre:52
beir500k-rq1,pos10_cat09,pos10,56475,acorn,512,3,55,0.9982,0.9818,0.00003,1.804,2.107,2.672,1.851,5820.7,10.0,7433.9,513.2,23.0,22.0,0.0,0.0,0.0,0.0,0.00,acorn:3|rre:52
beir500k-rq1,pos10_cat09,pos10,56475,pathseer,64,1,55,0.9782,0.8545,0.00024,0.312,0.435,0.479,0.325,1393.6,0.0,435.8,68.3,2.0,2.0,72.1,53.9,51.9,1.1,2.44,pathseer:55
beir500k-rq1,pos10_cat09,pos10,56475,pathseer,64,2,55,0.9782,0.8545,0.00024,0.313,0.384,0.461,0.320,1393.6,0.0,435.8,68.3,2.0,2.0,72.1,53.9,51.9,1.1,2.44,pathseer:55
beir500k-rq1,pos10_cat09,pos10,56475,pathseer,64,3,55,0.9782,0.8545,0.00024,0.306,0.373,0.428,0.313,1393.6,0.0,435.8,68.3,2.0,2.0,72.1,53.9,51.9,1.1,2.44,pathseer:55
beir500k-rq1,pos10_cat09,pos10,56475,pathseer,128,1,55,0.9945,0.9636,0.00010,0.525,0.663,0.770,0.543,2372.5,0.0,795.4,134.4,3.0,3.0,139.6,104.3,101.7,2.2,6.58,pathseer:55
beir500k-rq1,pos10_cat09,pos10,56475,pathseer,128,2,55,0.9945,0.9636,0.00010,0.523,0.668,0.730,0.526,2372.5,0.0,795.4,134.4,3.0,3.0,139.6,104.3,101.7,2.2,6.58,pathseer:55
beir500k-rq1,pos10_cat09,pos10,56475,pathseer,128,3,55,0.9945,0.9636,0.00010,0.515,0.683,0.769,0.528,2372.5,0.0,795.4,134.4,3.0,3.0,139.6,104.3,101.7,2.2,6.58,pathseer:55
beir500k-rq1,pos10_cat09,pos10,56475,pathseer,256,1,55,0.9982,0.9818,0.00003,1.017,1.286,1.410,1.049,3988.5,0.0,1450.1,268.0,5.0,5.0,242.0,179.9,204.2,3.8,15.25,pathseer:55
beir500k-rq1,pos10_cat09,pos10,56475,pathseer,256,2,55,0.9982,0.9818,0.00003,1.031,1.309,1.484,1.052,3988.5,0.0,1450.1,268.0,5.0,5.0,242.0,179.9,204.2,3.8,15.25,pathseer:55
beir500k-rq1,pos10_cat09,pos10,56475,pathseer,256,3,55,0.9982,0.9818,0.00003,1.024,1.263,1.548,1.044,3988.5,0.0,1450.1,268.0,5.0,5.0,242.0,179.9,204.2,3.8,15.25,pathseer:55
beir500k-rq1,pos10_cat09,pos10,56475,pathseer,512,1,55,0.9982,0.9818,0.00003,1.788,2.281,2.442,1.826,6597.5,0.0,2877.7,543.2,8.0,9.0,494.5,342.4,507.5,7.7,35.22,pathseer:55
beir500k-rq1,pos10_cat09,pos10,56475,pathseer,512,2,55,0.9982,0.9818,0.00003,1.782,2.274,2.505,1.799,6597.5,0.0,2877.7,543.2,8.0,9.0,494.5,342.4,507.5,7.7,35.22,pathseer:55
beir500k-rq1,pos10_cat09,pos10,56475,pathseer,512,3,55,0.9982,0.9818,0.00003,1.756,2.274,2.441,1.807,6597.5,0.0,2877.7,543.2,8.0,9.0,494.5,342.4,507.5,7.7,35.22,pathseer:55
beir500k-rq1,pos10_cat10,pos10,61591,sweeping,64,1,50,0.9940,0.9400,0.00006,0.336,0.506,0.620,0.347,1582.1,0.0,218.6,71.8,4.0,4.0,0.0,0.0,0.0,0.0,0.00,sweeping:50
beir500k-rq1,pos10_cat10,pos10,61591,sweeping,64,2,50,0.9940,0.9400,0.00006,0.322,0.493,0.550,0.333,1582.1,0.0,218.6,71.8,4.0,4.0,0.0,0.0,0.0,0.0,0.00,sweeping:50
beir500k-rq1,pos10_cat10,pos10,61591,sweeping,64,3,50,0.9940,0.9400,0.00006,0.322,0.468,0.546,0.328,1582.1,0.0,218.6,71.8,4.0,4.0,0.0,0.0,0.0,0.0,0.00,sweeping:50
beir500k-rq1,pos10_cat10,pos10,61591,sweeping,128,1,50,1.0000,1.0000,0.00000,0.647,0.905,1.127,0.671,2783.1,0.0,385.0,142.7,5.0,6.0,0.0,0.0,0.0,0.0,0.00,sweeping:50
beir500k-rq1,pos10_cat10,pos10,61591,sweeping,128,2,50,1.0000,1.0000,0.00000,0.595,0.856,1.073,0.619,2783.1,0.0,385.0,142.7,5.0,6.0,0.0,0.0,0.0,0.0,0.00,sweeping:50
beir500k-rq1,pos10_cat10,pos10,61591,sweeping,128,3,50,1.0000,1.0000,0.00000,0.636,0.927,1.328,0.654,2783.1,0.0,385.0,142.7,5.0,6.0,0.0,0.0,0.0,0.0,0.00,sweeping:50
beir500k-rq1,pos10_cat10,pos10,61591,sweeping,256,1,50,1.0000,1.0000,0.00000,1.130,1.599,1.875,1.160,4957.5,0.0,703.7,288.0,10.0,11.0,0.0,0.0,0.0,0.0,0.00,sweeping:50
beir500k-rq1,pos10_cat10,pos10,61591,sweeping,256,2,50,1.0000,1.0000,0.00000,1.124,1.568,2.128,1.173,4957.5,0.0,703.7,288.0,10.0,11.0,0.0,0.0,0.0,0.0,0.00,sweeping:50
beir500k-rq1,pos10_cat10,pos10,61591,sweeping,256,3,50,1.0000,1.0000,0.00000,1.051,1.467,1.950,1.093,4957.5,0.0,703.7,288.0,10.0,11.0,0.0,0.0,0.0,0.0,0.00,sweeping:50
beir500k-rq1,pos10_cat10,pos10,61591,sweeping,512,1,50,1.0000,1.0000,0.00000,1.988,3.088,3.536,2.067,8628.6,0.0,1327.0,588.7,20.0,24.0,0.0,0.0,0.0,0.0,0.00,sweeping:50
beir500k-rq1,pos10_cat10,pos10,61591,sweeping,512,2,50,1.0000,1.0000,0.00000,1.991,2.941,3.433,2.060,8628.6,0.0,1327.0,588.7,20.0,24.0,0.0,0.0,0.0,0.0,0.00,sweeping:50
beir500k-rq1,pos10_cat10,pos10,61591,sweeping,512,3,50,1.0000,1.0000,0.00000,2.059,3.041,3.728,2.143,8628.6,0.0,1327.0,588.7,20.0,24.0,0.0,0.0,0.0,0.0,0.00,sweeping:50
beir500k-rq1,pos10_cat10,pos10,61591,acorn,64,1,50,0.9920,0.9200,0.00007,0.301,0.341,1.112,0.311,1293.9,10.0,1694.9,65.9,3.0,3.0,0.0,0.0,0.0,0.0,0.00,acorn:1|rre:49
beir500k-rq1,pos10_cat10,pos10,61591,acorn,64,2,50,0.9920,0.9200,0.00007,0.296,0.349,1.092,0.310,1293.9,10.0,1694.9,65.9,3.0,3.0,0.0,0.0,0.0,0.0,0.00,acorn:1|rre:49
beir500k-rq1,pos10_cat10,pos10,61591,acorn,64,3,50,0.9920,0.9200,0.00007,0.286,0.334,0.995,0.298,1293.9,10.0,1694.9,65.9,3.0,3.0,0.0,0.0,0.0,0.0,0.00,acorn:1|rre:49
beir500k-rq1,pos10_cat10,pos10,61591,acorn,128,1,50,1.0000,1.0000,0.00000,0.520,0.611,1.729,0.548,2212.1,10.0,2870.8,129.4,6.0,5.0,0.0,0.0,0.0,0.0,0.00,acorn:1|rre:49
beir500k-rq1,pos10_cat10,pos10,61591,acorn,128,2,50,1.0000,1.0000,0.00000,0.541,0.645,1.951,0.567,2212.1,10.0,2870.8,129.4,6.0,5.0,0.0,0.0,0.0,0.0,0.00,acorn:1|rre:49
beir500k-rq1,pos10_cat10,pos10,61591,acorn,128,3,50,1.0000,1.0000,0.00000,0.584,0.778,1.840,0.619,2212.1,10.0,2870.8,129.4,6.0,5.0,0.0,0.0,0.0,0.0,0.00,acorn:1|rre:49
beir500k-rq1,pos10_cat10,pos10,61591,acorn,256,1,50,1.0000,1.0000,0.00000,0.979,1.114,2.889,1.002,3809.1,10.0,4891.6,257.1,11.0,11.0,0.0,0.0,0.0,0.0,0.00,acorn:1|rre:49
beir500k-rq1,pos10_cat10,pos10,61591,acorn,256,2,50,1.0000,1.0000,0.00000,0.970,1.121,2.891,1.006,3809.1,10.0,4891.6,257.1,11.0,11.0,0.0,0.0,0.0,0.0,0.00,acorn:1|rre:49
beir500k-rq1,pos10_cat10,pos10,61591,acorn,256,3,50,1.0000,1.0000,0.00000,0.967,1.134,2.802,0.999,3809.1,10.0,4891.6,257.1,11.0,11.0,0.0,0.0,0.0,0.0,0.00,acorn:1|rre:49
beir500k-rq1,pos10_cat10,pos10,61591,acorn,512,1,50,1.0000,1.0000,0.00000,1.780,2.041,4.437,1.837,6299.5,10.0,8093.3,513.1,23.0,22.0,0.0,0.0,0.0,0.0,0.00,acorn:1|rre:49
beir500k-rq1,pos10_cat10,pos10,61591,acorn,512,2,50,1.0000,1.0000,0.00000,1.771,1.984,4.331,1.792,6299.5,10.0,8093.3,513.1,23.0,22.0,0.0,0.0,0.0,0.0,0.00,acorn:1|rre:49
beir500k-rq1,pos10_cat10,pos10,61591,acorn,512,3,50,1.0000,1.0000,0.00000,1.802,2.022,4.554,1.832,6299.5,10.0,8093.3,513.1,23.0,22.0,0.0,0.0,0.0,0.0,0.00,acorn:1|rre:49
beir500k-rq1,pos10_cat10,pos10,61591,pathseer,64,1,50,0.9940,0.9400,0.00006,0.300,0.358,0.423,0.301,1517.3,0.0,477.0,69.8,2.0,2.0,78.1,52.3,68.4,1.2,5.04,pathseer:50
beir500k-rq1,pos10_cat10,pos10,61591,pathseer,64,2,50,0.9940,0.9400,0.00006,0.314,0.793,2.353,0.417,1517.3,0.0,477.0,69.8,2.0,2.0,78.1,52.3,68.4,1.2,5.04,pathseer:50
beir500k-rq1,pos10_cat10,pos10,61591,pathseer,64,3,50,0.9940,0.9400,0.00006,0.395,0.597,0.601,0.410,1517.3,0.0,477.0,69.8,2.0,2.0,78.1,52.3,68.4,1.2,5.04,pathseer:50
beir500k-rq1,pos10_cat10,pos10,61591,pathseer,128,1,50,1.0000,1.0000,0.00000,0.574,0.693,0.806,0.573,2623.7,0.0,877.2,137.6,3.0,3.0,142.1,96.7,134.9,2.2,12.28,pathseer:50
beir500k-rq1,pos10_cat10,pos10,61591,pathseer,128,2,50,1.0000,1.0000,0.00000,0.596,0.760,0.975,0.600,2623.7,0.0,877.2,137.6,3.0,3.0,142.1,96.7,134.9,2.2,12.28,pathseer:50
beir500k-rq1,pos10_cat10,pos10,61591,pathseer,128,3,50,1.0000,1.0000,0.00000,0.631,0.805,0.870,0.635,2623.7,0.0,877.2,137.6,3.0,3.0,142.1,96.7,134.9,2.2,12.28,pathseer:50
beir500k-rq1,pos10_cat10,pos10,61591,pathseer,256,1,50,1.0000,1.0000,0.00000,1.060,1.323,1.447,1.062,4557.4,0.0,1673.2,276.1,5.0,5.0,257.3,169.7,298.7,4.0,29.06,pathseer:50
beir500k-rq1,pos10_cat10,pos10,61591,pathseer,256,2,50,1.0000,1.0000,0.00000,1.072,1.351,1.456,1.079,4557.4,0.0,1673.2,276.1,5.0,5.0,257.3,169.7,298.7,4.0,29.06,pathseer:50
beir500k-rq1,pos10_cat10,pos10,61591,pathseer,256,3,50,1.0000,1.0000,0.00000,1.134,1.379,1.544,1.139,4557.4,0.0,1673.2,276.1,5.0,5.0,257.3,169.7,298.7,4.0,29.06,pathseer:50
beir500k-rq1,pos10_cat10,pos10,61591,pathseer,512,1,50,1.0000,1.0000,0.00000,2.088,2.680,2.981,2.100,7640.6,0.0,3245.8,557.0,9.0,9.0,503.0,319.3,654.2,7.9,69.56,pathseer:50
beir500k-rq1,pos10_cat10,pos10,61591,pathseer,512,2,50,1.0000,1.0000,0.00000,2.070,2.600,2.759,2.081,7640.6,0.0,3245.8,557.0,9.0,9.0,503.0,319.3,654.2,7.9,69.56,pathseer:50
beir500k-rq1,pos10_cat10,pos10,61591,pathseer,512,3,50,1.0000,1.0000,0.00000,2.065,2.710,2.830,2.091,7640.6,0.0,3245.8,557.0,9.0,9.0,503.0,319.3,654.2,7.9,69.56,pathseer:50
beir500k-rq1,pos10_cat11,pos10,74790,sweeping,64,1,32,0.9844,0.9062,0.00016,0.471,1.042,1.638,0.578,2900.5,0.0,433.0,161.8,3.0,5.0,0.0,0.0,0.0,0.0,0.00,sweeping:32
beir500k-rq1,pos10_cat11,pos10,74790,sweeping,64,2,32,0.9844,0.9062,0.00016,0.511,1.086,1.767,0.602,2900.5,0.0,433.0,161.8,3.0,5.0,0.0,0.0,0.0,0.0,0.00,sweeping:32
beir500k-rq1,pos10_cat11,pos10,74790,sweeping,64,3,32,0.9844,0.9062,0.00016,0.493,1.083,1.881,0.589,2900.5,0.0,433.0,161.8,3.0,5.0,0.0,0.0,0.0,0.0,0.00,sweeping:32
beir500k-rq1,pos10_cat11,pos10,74790,sweeping,128,1,32,0.9969,0.9688,0.00006,1.014,2.126,4.053,1.153,5452.2,0.0,806.4,351.4,5.0,10.0,0.0,0.0,0.0,0.0,0.00,sweeping:32
beir500k-rq1,pos10_cat11,pos10,74790,sweeping,128,2,32,0.9969,0.9688,0.00006,0.995,2.011,3.965,1.101,5452.2,0.0,806.4,351.4,5.0,10.0,0.0,0.0,0.0,0.0,0.00,sweeping:32
beir500k-rq1,pos10_cat11,pos10,74790,sweeping,128,3,32,0.9969,0.9688,0.00006,0.921,2.030,4.013,1.111,5452.2,0.0,806.4,351.4,5.0,10.0,0.0,0.0,0.0,0.0,0.00,sweeping:32
beir500k-rq1,pos10_cat11,pos10,74790,sweeping,256,1,32,0.9969,0.9688,0.00006,1.984,4.048,8.222,2.183,9660.5,0.0,1564.2,755.4,10.0,22.0,0.0,0.0,0.0,0.0,0.00,sweeping:32
beir500k-rq1,pos10_cat11,pos10,74790,sweeping,256,2,32,0.9969,0.9688,0.00006,1.849,3.945,8.560,2.112,9660.5,0.0,1564.2,755.4,10.0,22.0,0.0,0.0,0.0,0.0,0.00,sweeping:32
beir500k-rq1,pos10_cat11,pos10,74790,sweeping,256,3,32,0.9969,0.9688,0.00006,1.906,4.114,8.611,2.178,9660.5,0.0,1564.2,755.4,10.0,22.0,0.0,0.0,0.0,0.0,0.00,sweeping:32
beir500k-rq1,pos10_cat11,pos10,74790,sweeping,512,1,32,1.0000,1.0000,0.00000,3.542,6.701,14.802,4.050,16878.8,0.0,3082.8,1597.2,22.0,51.0,0.0,0.0,0.0,0.0,0.00,sweeping:32
beir500k-rq1,pos10_cat11,pos10,74790,sweeping,512,2,32,1.0000,1.0000,0.00000,3.558,6.681,15.159,3.999,16878.8,0.0,3082.8,1597.2,22.0,51.0,0.0,0.0,0.0,0.0,0.00,sweeping:32
beir500k-rq1,pos10_cat11,pos10,74790,sweeping,512,3,32,1.0000,1.0000,0.00000,3.863,6.598,14.939,4.053,16878.8,0.0,3082.8,1597.2,22.0,51.0,0.0,0.0,0.0,0.0,0.00,sweeping:32
beir500k-rq1,pos10_cat11,pos10,74790,acorn,64,1,32,0.9719,0.8125,0.00041,0.273,1.101,1.163,0.541,1455.4,10.0,5706.1,65.9,3.0,3.0,0.0,0.0,0.0,0.0,0.00,acorn:15|rre:17
beir500k-rq1,pos10_cat11,pos10,74790,acorn,64,2,32,0.9719,0.8125,0.00041,0.277,1.060,1.139,0.532,1455.4,10.0,5706.1,65.9,3.0,3.0,0.0,0.0,0.0,0.0,0.00,acorn:15|rre:17
beir500k-rq1,pos10_cat11,pos10,74790,acorn,64,3,32,0.9719,0.8125,0.00041,0.345,1.107,1.129,0.539,1455.4,10.0,5706.1,65.9,3.0,3.0,0.0,0.0,0.0,0.0,0.00,acorn:15|rre:17
beir500k-rq1,pos10_cat11,pos10,74790,acorn,128,1,32,0.9875,0.8750,0.00020,0.470,1.818,1.938,0.888,2289.4,10.0,8991.8,129.6,5.0,5.0,0.0,0.0,0.0,0.0,0.00,acorn:15|rre:17
beir500k-rq1,pos10_cat11,pos10,74790,acorn,128,2,32,0.9875,0.8750,0.00020,0.453,1.676,1.883,0.864,2289.4,10.0,8991.8,129.6,5.0,5.0,0.0,0.0,0.0,0.0,0.00,acorn:15|rre:17
beir500k-rq1,pos10_cat11,pos10,74790,acorn,128,3,32,0.9875,0.8750,0.00020,0.469,1.713,1.880,0.867,2289.4,10.0,8991.8,129.6,5.0,5.0,0.0,0.0,0.0,0.0,0.00,acorn:15|rre:17
beir500k-rq1,pos10_cat11,pos10,74790,acorn,256,1,32,0.9906,0.9062,0.00018,1.013,3.139,3.381,1.580,3514.8,10.0,14089.6,257.7,11.0,10.0,0.0,0.0,0.0,0.0,0.00,acorn:15|rre:17
beir500k-rq1,pos10_cat11,pos10,74790,acorn,256,2,32,0.9906,0.9062,0.00018,0.942,3.036,3.198,1.581,3514.8,10.0,14089.6,257.7,11.0,10.0,0.0,0.0,0.0,0.0,0.00,acorn:15|rre:17
beir500k-rq1,pos10_cat11,pos10,74790,acorn,256,3,32,0.9906,0.9062,0.00018,0.849,2.934,3.080,1.510,3514.8,10.0,14089.6,257.7,11.0,10.0,0.0,0.0,0.0,0.0,0.00,acorn:15|rre:17
beir500k-rq1,pos10_cat11,pos10,74790,acorn,512,1,32,0.9938,0.9375,0.00011,1.768,4.922,5.039,2.586,5200.1,10.0,21088.1,513.5,27.0,26.0,0.0,0.0,0.0,0.0,0.00,acorn:15|rre:17
beir500k-rq1,pos10_cat11,pos10,74790,acorn,512,2,32,0.9938,0.9375,0.00011,1.707,4.913,4.954,2.578,5200.1,10.0,21088.1,513.5,27.0,26.0,0.0,0.0,0.0,0.0,0.00,acorn:15|rre:17
beir500k-rq1,pos10_cat11,pos10,74790,acorn,512,3,32,0.9938,0.9375,0.00011,1.819,5.048,5.247,2.619,5200.1,10.0,21088.1,513.5,27.0,26.0,0.0,0.0,0.0,0.0,0.00,acorn:15|rre:17
beir500k-rq1,pos10_cat11,pos10,74790,pathseer,64,1,32,0.9844,0.9062,0.00015,0.334,0.563,0.574,0.353,1468.6,0.0,1227.8,102.1,3.0,3.0,116.0,39.5,602.8,1.8,45.31,pathseer:32
beir500k-rq1,pos10_cat11,pos10,74790,pathseer,64,2,32,0.9844,0.9062,0.00015,0.342,0.545,0.595,0.361,1468.6,0.0,1227.8,102.1,3.0,3.0,116.0,39.5,602.8,1.8,45.31,pathseer:32
beir500k-rq1,pos10_cat11,pos10,74790,pathseer,64,3,32,0.9844,0.9062,0.00015,0.317,0.563,0.592,0.346,1468.6,0.0,1227.8,102.1,3.0,3.0,116.0,39.5,602.8,1.8,45.31,pathseer:32
beir500k-rq1,pos10_cat11,pos10,74790,pathseer,128,1,32,0.9938,0.9375,0.00009,0.653,0.975,1.335,0.670,2517.6,0.0,2431.5,213.4,4.0,6.0,188.0,59.2,1295.7,2.9,102.28,pathseer:32
beir500k-rq1,pos10_cat11,pos10,74790,pathseer,128,2,32,0.9938,0.9375,0.00009,0.601,0.943,1.406,0.642,2517.6,0.0,2431.5,213.4,4.0,6.0,188.0,59.2,1295.7,2.9,102.28,pathseer:32
beir500k-rq1,pos10_cat11,pos10,74790,pathseer,128,3,32,0.9938,0.9375,0.00009,0.624,0.945,1.372,0.654,2517.6,0.0,2431.5,213.4,4.0,6.0,188.0,59.2,1295.7,2.9,102.28,pathseer:32
beir500k-rq1,pos10_cat11,pos10,74790,pathseer,256,1,32,0.9969,0.9688,0.00006,1.318,1.831,3.037,1.301,4284.0,0.0,4657.4,449.8,7.0,9.0,358.0,121.5,2519.4,5.6,228.12,pathseer:32
beir500k-rq1,pos10_cat11,pos10,74790,pathseer,256,2,32,0.9969,0.9688,0.00006,1.284,1.841,2.980,1.288,4284.0,0.0,4657.4,449.8,7.0,9.0,358.0,121.5,2519.4,5.6,228.12,pathseer:32
beir500k-rq1,pos10_cat11,pos10,74790,pathseer,256,3,32,0.9969,0.9688,0.00006,1.299,1.920,3.300,1.365,4284.0,0.0,4657.4,449.8,7.0,9.0,358.0,121.5,2519.4,5.6,228.12,pathseer:32
beir500k-rq1,pos10_cat11,pos10,74790,pathseer,512,1,32,1.0000,1.0000,0.00000,2.591,3.949,6.923,2.648,7110.4,0.0,8949.1,949.1,12.0,26.0,716.0,236.7,4865.7,11.2,492.72,pathseer:32
beir500k-rq1,pos10_cat11,pos10,74790,pathseer,512,2,32,1.0000,1.0000,0.00000,2.612,3.740,7.125,2.575,7110.4,0.0,8949.1,949.1,12.0,26.0,716.0,236.7,4865.7,11.2,492.72,pathseer:32
beir500k-rq1,pos10_cat11,pos10,74790,pathseer,512,3,32,1.0000,1.0000,0.00000,2.580,3.680,6.779,2.523,7110.4,0.0,8949.1,949.1,12.0,26.0,716.0,236.7,4865.7,11.2,492.72,pathseer:32
beir500k-rq1,pos10_cat12,pos10,63118,sweeping,64,1,66,0.9864,0.8788,0.00011,0.275,0.378,0.394,0.289,1447.3,0.0,219.3,71.2,3.0,4.0,0.0,0.0,0.0,0.0,0.00,sweeping:66
beir500k-rq1,pos10_cat12,pos10,63118,sweeping,64,2,66,0.9864,0.8788,0.00011,0.274,0.371,0.400,0.286,1447.3,0.0,219.3,71.2,3.0,4.0,0.0,0.0,0.0,0.0,0.00,sweeping:66
beir500k-rq1,pos10_cat12,pos10,63118,sweeping,64,3,66,0.9864,0.8788,0.00011,0.281,0.386,0.415,0.296,1447.3,0.0,219.3,71.2,3.0,4.0,0.0,0.0,0.0,0.0,0.00,sweeping:66
beir500k-rq1,pos10_cat12,pos10,63118,sweeping,128,1,66,1.0000,1.0000,0.00000,0.511,0.741,0.864,0.540,2525.0,0.0,379.0,140.8,5.0,6.0,0.0,0.0,0.0,0.0,0.00,sweeping:66
beir500k-rq1,pos10_cat12,pos10,63118,sweeping,128,2,66,1.0000,1.0000,0.00000,0.497,0.716,0.861,0.528,2525.0,0.0,379.0,140.8,5.0,6.0,0.0,0.0,0.0,0.0,0.00,sweeping:66
beir500k-rq1,pos10_cat12,pos10,63118,sweeping,128,3,66,1.0000,1.0000,0.00000,0.515,0.815,0.862,0.546,2525.0,0.0,379.0,140.8,5.0,6.0,0.0,0.0,0.0,0.0,0.00,sweeping:66
beir500k-rq1,pos10_cat12,pos10,63118,sweeping,256,1,66,1.0000,1.0000,0.00000,0.964,1.382,2.103,1.023,4423.3,0.0,682.8,283.6,11.0,12.0,0.0,0.0,0.0,0.0,0.00,sweeping:66
beir500k-rq1,pos10_cat12,pos10,63118,sweeping,256,2,66,1.0000,1.0000,0.00000,0.943,1.459,1.831,1.001,4423.3,0.0,682.8,283.6,11.0,12.0,0.0,0.0,0.0,0.0,0.00,sweeping:66
beir500k-rq1,pos10_cat12,pos10,63118,sweeping,256,3,66,1.0000,1.0000,0.00000,0.928,1.354,1.831,0.999,4423.3,0.0,682.8,283.6,11.0,12.0,0.0,0.0,0.0,0.0,0.00,sweeping:66
beir500k-rq1,pos10_cat12,pos10,63118,sweeping,512,1,66,1.0000,1.0000,0.00000,1.732,2.498,4.095,1.902,7694.8,0.0,1267.6,575.6,22.0,26.0,0.0,0.0,0.0,0.0,0.00,sweeping:66
beir500k-rq1,pos10_cat12,pos10,63118,sweeping,512,2,66,1.0000,1.0000,0.00000,1.758,2.560,3.933,1.875,7694.8,0.0,1267.6,575.6,22.0,26.0,0.0,0.0,0.0,0.0,0.00,sweeping:66
beir500k-rq1,pos10_cat12,pos10,63118,sweeping,512,3,66,1.0000,1.0000,0.00000,1.733,2.489,4.037,1.858,7694.8,0.0,1267.6,575.6,22.0,26.0,0.0,0.0,0.0,0.0,0.00,sweeping:66
beir500k-rq1,pos10_cat12,pos10,63118,acorn,64,1,66,0.9818,0.8485,0.00016,0.288,0.368,0.684,0.313,1258.7,10.0,1661.8,65.9,3.0,3.0,0.0,0.0,0.0,0.0,0.00,acorn:3|rre:63
beir500k-rq1,pos10_cat12,pos10,63118,acorn,64,2,66,0.9818,0.8485,0.00016,0.282,0.360,0.660,0.305,1258.7,10.0,1661.8,65.9,3.0,3.0,0.0,0.0,0.0,0.0,0.00,acorn:3|rre:63
beir500k-rq1,pos10_cat12,pos10,63118,acorn,64,3,66,0.9818,0.8485,0.00016,0.274,0.351,0.696,0.296,1258.7,10.0,1661.8,65.9,3.0,3.0,0.0,0.0,0.0,0.0,0.00,acorn:3|rre:63
beir500k-rq1,pos10_cat12,pos10,63118,acorn,128,1,66,1.0000,1.0000,0.00000,0.499,0.614,1.276,0.531,2154.1,10.0,2797.8,129.6,5.0,5.0,0.0,0.0,0.0,0.0,0.00,acorn:3|rre:63
beir500k-rq1,pos10_cat12,pos10,63118,acorn,128,2,66,1.0000,1.0000,0.00000,0.504,0.653,1.289,0.536,2154.1,10.0,2797.8,129.6,5.0,5.0,0.0,0.0,0.0,0.0,0.00,acorn:3|rre:63
beir500k-rq1,pos10_cat12,pos10,63118,acorn,128,3,66,1.0000,1.0000,0.00000,0.484,0.580,1.278,0.521,2154.1,10.0,2797.8,129.6,5.0,5.0,0.0,0.0,0.0,0.0,0.00,acorn:3|rre:63
beir500k-rq1,pos10_cat12,pos10,63118,acorn,256,1,66,1.0000,1.0000,0.00000,0.911,1.108,2.103,0.959,3639.8,10.0,4630.4,257.3,11.0,11.0,0.0,0.0,0.0,0.0,0.00,acorn:3|rre:63
beir500k-rq1,pos10_cat12,pos10,63118,acorn,256,2,66,1.0000,1.0000,0.00000,0.912,1.101,2.096,0.961,3639.8,10.0,4630.4,257.3,11.0,11.0,0.0,0.0,0.0,0.0,0.00,acorn:3|rre:63
beir500k-rq1,pos10_cat12,pos10,63118,acorn,256,3,66,1.0000,1.0000,0.00000,0.923,1.164,2.053,0.971,3639.8,10.0,4630.4,257.3,11.0,11.0,0.0,0.0,0.0,0.0,0.00,acorn:3|rre:63
beir500k-rq1,pos10_cat12,pos10,63118,acorn,512,1,66,1.0000,1.0000,0.00000,1.700,1.998,3.411,1.753,6069.5,10.0,7671.8,513.2,26.0,24.0,0.0,0.0,0.0,0.0,0.00,acorn:3|rre:63
beir500k-rq1,pos10_cat12,pos10,63118,acorn,512,2,66,1.0000,1.0000,0.00000,1.661,1.931,3.359,1.727,6069.5,10.0,7671.8,513.2,26.0,24.0,0.0,0.0,0.0,0.0,0.00,acorn:3|rre:63
beir500k-rq1,pos10_cat12,pos10,63118,acorn,512,3,66,1.0000,1.0000,0.00000,1.673,2.031,3.362,1.745,6069.5,10.0,7671.8,513.2,26.0,24.0,0.0,0.0,0.0,0.0,0.00,acorn:3|rre:63
beir500k-rq1,pos10_cat12,pos10,63118,pathseer,64,1,66,0.9864,0.8788,0.00011,0.285,0.339,0.358,0.289,1386.0,0.0,449.3,68.9,2.0,2.0,75.6,53.2,54.7,1.2,3.68,pathseer:66
beir500k-rq1,pos10_cat12,pos10,63118,pathseer,64,2,66,0.9864,0.8788,0.00011,0.287,0.339,0.378,0.287,1386.0,0.0,449.3,68.9,2.0,2.0,75.6,53.2,54.7,1.2,3.68,pathseer:66
beir500k-rq1,pos10_cat12,pos10,63118,pathseer,64,3,66,0.9864,0.8788,0.00011,0.285,0.338,0.349,0.285,1386.0,0.0,449.3,68.9,2.0,2.0,75.6,53.2,54.7,1.2,3.68,pathseer:66
beir500k-rq1,pos10_cat12,pos10,63118,pathseer,128,1,66,1.0000,1.0000,0.00000,0.529,0.664,0.723,0.539,2386.2,0.0,813.8,135.7,3.0,3.0,144.5,97.2,105.6,2.3,8.80,pathseer:66
beir500k-rq1,pos10_cat12,pos10,63118,pathseer,128,2,66,1.0000,1.0000,0.00000,0.509,0.623,0.639,0.516,2386.2,0.0,813.8,135.7,3.0,3.0,144.5,97.2,105.6,2.3,8.80,pathseer:66
beir500k-rq1,pos10_cat12,pos10,63118,pathseer,128,3,66,1.0000,1.0000,0.00000,0.516,0.648,0.666,0.527,2386.2,0.0,813.8,135.7,3.0,3.0,144.5,97.2,105.6,2.3,8.80,pathseer:66
beir500k-rq1,pos10_cat12,pos10,63118,pathseer,256,1,66,1.0000,1.0000,0.00000,1.112,1.432,1.524,1.119,4085.6,0.0,1540.6,272.1,5.0,5.0,256.0,177.0,240.6,4.0,19.38,pathseer:66
beir500k-rq1,pos10_cat12,pos10,63118,pathseer,256,2,66,1.0000,1.0000,0.00000,0.959,1.224,1.347,0.983,4085.6,0.0,1540.6,272.1,5.0,5.0,256.0,177.0,240.6,4.0,19.38,pathseer:66
beir500k-rq1,pos10_cat12,pos10,63118,pathseer,256,3,66,1.0000,1.0000,0.00000,0.999,1.352,1.368,1.024,4085.6,0.0,1540.6,272.1,5.0,5.0,256.0,177.0,240.6,4.0,19.38,pathseer:66
beir500k-rq1,pos10_cat12,pos10,63118,pathseer,512,1,66,1.0000,1.0000,0.00000,1.939,2.436,2.707,1.991,6882.8,0.0,2927.2,545.7,8.0,9.0,508.1,339.7,488.8,7.9,44.86,pathseer:66
beir500k-rq1,pos10_cat12,pos10,63118,pathseer,512,2,66,1.0000,1.0000,0.00000,1.892,2.366,2.743,1.940,6882.8,0.0,2927.2,545.7,8.0,9.0,508.1,339.7,488.8,7.9,44.86,pathseer:66
beir500k-rq1,pos10_cat12,pos10,63118,pathseer,512,3,66,1.0000,1.0000,0.00000,1.882,2.325,2.600,1.906,6882.8,0.0,2927.2,545.7,8.0,9.0,508.1,339.7,488.8,7.9,44.86,pathseer:66
beir500k-rq1,pos10_cat13,pos10,56401,sweeping,64,1,54,0.9833,0.8889,0.00024,0.381,1.349,2.808,0.594,2663.0,0.0,414.2,147.4,4.0,4.0,0.0,0.0,0.0,0.0,0.00,sweeping:54
beir500k-rq1,pos10_cat13,pos10,56401,sweeping,64,2,54,0.9833,0.8889,0.00024,0.382,1.294,2.897,0.607,2663.0,0.0,414.2,147.4,4.0,4.0,0.0,0.0,0.0,0.0,0.00,sweeping:54
beir500k-rq1,pos10_cat13,pos10,56401,sweeping,64,3,54,0.9833,0.8889,0.00024,0.369,1.246,2.949,0.596,2663.0,0.0,414.2,147.4,4.0,4.0,0.0,0.0,0.0,0.0,0.00,sweeping:54
beir500k-rq1,pos10_cat13,pos10,56401,sweeping,128,1,54,0.9889,0.9074,0.00015,0.620,2.024,4.590,1.034,4592.1,0.0,726.4,278.7,6.0,7.0,0.0,0.0,0.0,0.0,0.00,sweeping:54
beir500k-rq1,pos10_cat13,pos10,56401,sweeping,128,2,54,0.9889,0.9074,0.00015,0.649,1.837,4.721,1.030,4592.1,0.0,726.4,278.7,6.0,7.0,0.0,0.0,0.0,0.0,0.00,sweeping:54
beir500k-rq1,pos10_cat13,pos10,56401,sweeping,128,3,54,0.9889,0.9074,0.00015,0.608,1.798,4.456,0.985,4592.1,0.0,726.4,278.7,6.0,7.0,0.0,0.0,0.0,0.0,0.00,sweeping:54
beir500k-rq1,pos10_cat13,pos10,56401,sweeping,256,1,54,0.9963,0.9630,0.00003,1.060,3.083,8.115,1.768,7944.6,0.0,1287.9,538.1,11.0,13.0,0.0,0.0,0.0,0.0,0.00,sweeping:54
beir500k-rq1,pos10_cat13,pos10,56401,sweeping,256,2,54,0.9963,0.9630,0.00003,1.069,3.115,7.809,1.730,7944.6,0.0,1287.9,538.1,11.0,13.0,0.0,0.0,0.0,0.0,0.00,sweeping:54
beir500k-rq1,pos10_cat13,pos10,56401,sweeping,256,3,54,0.9963,0.9630,0.00003,1.066,3.180,8.090,1.778,7944.6,0.0,1287.9,538.1,11.0,13.0,0.0,0.0,0.0,0.0,0.00,sweeping:54
beir500k-rq1,pos10_cat13,pos10,56401,sweeping,512,1,54,1.0000,1.0000,0.00000,2.066,5.981,14.037,3.252,13292.4,0.0,2338.1,1022.9,24.0,27.0,0.0,0.0,0.0,0.0,0.00,sweeping:54
beir500k-rq1,pos10_cat13,pos10,56401,sweeping,512,2,54,1.0000,1.0000,0.00000,2.084,5.728,13.860,3.256,13292.4,0.0,2338.1,1022.9,24.0,27.0,0.0,0.0,0.0,0.0,0.00,sweeping:54
beir500k-rq1,pos10_cat13,pos10,56401,sweeping,512,3,54,1.0000,1.0000,0.00000,2.049,5.698,13.867,3.284,13292.4,0.0,2338.1,1022.9,24.0,27.0,0.0,0.0,0.0,0.0,0.00,sweeping:54
beir500k-rq1,pos10_cat13,pos10,56401,acorn,64,1,54,0.9778,0.8519,0.00031,0.301,0.939,1.250,0.396,1392.6,10.0,2876.8,66.4,3.0,3.0,0.0,0.0,0.0,0.0,0.00,acorn:9|rre:45
beir500k-rq1,pos10_cat13,pos10,56401,acorn,64,2,54,0.9778,0.8519,0.00031,0.290,0.856,1.356,0.398,1392.6,10.0,2876.8,66.4,3.0,3.0,0.0,0.0,0.0,0.0,0.00,acorn:9|rre:45
beir500k-rq1,pos10_cat13,pos10,56401,acorn,64,3,54,0.9778,0.8519,0.00031,0.283,0.812,1.226,0.375,1392.6,10.0,2876.8,66.4,3.0,3.0,0.0,0.0,0.0,0.0,0.00,acorn:9|rre:45
beir500k-rq1,pos10_cat13,pos10,56401,acorn,128,1,54,0.9852,0.8704,0.00019,0.583,1.662,2.541,0.760,2389.4,10.0,4853.4,129.9,6.0,6.0,0.0,0.0,0.0,0.0,0.00,acorn:9|rre:45
beir500k-rq1,pos10_cat13,pos10,56401,acorn,128,2,54,0.9852,0.8704,0.00019,0.566,1.638,2.438,0.731,2389.4,10.0,4853.4,129.9,6.0,6.0,0.0,0.0,0.0,0.0,0.00,acorn:9|rre:45
beir500k-rq1,pos10_cat13,pos10,56401,acorn,128,3,54,0.9852,0.8704,0.00019,0.584,1.584,2.433,0.754,2389.4,10.0,4853.4,129.9,6.0,6.0,0.0,0.0,0.0,0.0,0.00,acorn:9|rre:45
beir500k-rq1,pos10_cat13,pos10,56401,acorn,256,1,54,0.9926,0.9259,0.00007,1.055,2.885,3.764,1.286,3984.8,10.0,7820.5,257.5,12.0,11.0,0.0,0.0,0.0,0.0,0.00,acorn:9|rre:45
beir500k-rq1,pos10_cat13,pos10,56401,acorn,256,2,54,0.9926,0.9259,0.00007,0.989,2.791,3.668,1.229,3984.8,10.0,7820.5,257.5,12.0,11.0,0.0,0.0,0.0,0.0,0.00,acorn:9|rre:45
beir500k-rq1,pos10_cat13,pos10,56401,acorn,256,3,54,0.9926,0.9259,0.00007,0.946,2.626,3.522,1.183,3984.8,10.0,7820.5,257.5,12.0,11.0,0.0,0.0,0.0,0.0,0.00,acorn:9|rre:45
beir500k-rq1,pos10_cat13,pos10,56401,acorn,512,1,54,1.0000,1.0000,0.00000,1.853,4.652,6.216,2.256,6494.1,10.0,12655.8,513.2,25.0,24.0,0.0,0.0,0.0,0.0,0.00,acorn:9|rre:45
beir500k-rq1,pos10_cat13,pos10,56401,acorn,512,2,54,1.0000,1.0000,0.00000,1.837,4.522,6.476,2.197,6494.1,10.0,12655.8,513.2,25.0,24.0,0.0,0.0,0.0,0.0,0.00,acorn:9|rre:45
beir500k-rq1,pos10_cat13,pos10,56401,acorn,512,3,54,1.0000,1.0000,0.00000,1.760,4.644,6.135,2.126,6494.1,10.0,12655.8,513.2,25.0,24.0,0.0,0.0,0.0,0.0,0.00,acorn:9|rre:45
beir500k-rq1,pos10_cat13,pos10,56401,pathseer,64,1,54,0.9796,0.8519,0.00028,0.317,0.566,1.084,0.362,1574.2,0.0,956.7,91.4,2.0,2.0,90.1,50.0,423.5,1.4,15.52,pathseer:54
beir500k-rq1,pos10_cat13,pos10,56401,pathseer,64,2,54,0.9796,0.8519,0.00028,0.321,0.636,1.124,0.368,1574.2,0.0,956.7,91.4,2.0,2.0,90.1,50.0,423.5,1.4,15.52,pathseer:54
beir500k-rq1,pos10_cat13,pos10,56401,pathseer,64,3,54,0.9796,0.8519,0.00028,0.316,0.572,1.033,0.359,1574.2,0.0,956.7,91.4,2.0,2.0,90.1,50.0,423.5,1.4,15.52,pathseer:54
beir500k-rq1,pos10_cat13,pos10,56401,pathseer,128,1,54,0.9870,0.8889,0.00017,0.584,1.033,1.949,0.666,2727.9,0.0,1705.5,178.4,3.0,3.0,163.6,86.3,745.6,2.6,32.04,pathseer:54
beir500k-rq1,pos10_cat13,pos10,56401,pathseer,128,2,54,0.9870,0.8889,0.00017,0.569,1.012,1.966,0.658,2727.9,0.0,1705.5,178.4,3.0,3.0,163.6,86.3,745.6,2.6,32.04,pathseer:54
beir500k-rq1,pos10_cat13,pos10,56401,pathseer,128,3,54,0.9870,0.8889,0.00017,0.610,1.051,1.995,0.689,2727.9,0.0,1705.5,178.4,3.0,3.0,163.6,86.3,745.6,2.6,32.04,pathseer:54
beir500k-rq1,pos10_cat13,pos10,56401,pathseer,256,1,54,0.9963,0.9630,0.00003,1.158,2.020,3.565,1.308,4687.4,0.0,3074.3,356.6,5.0,5.0,290.4,153.4,1336.3,4.5,64.83,pathseer:54
beir500k-rq1,pos10_cat13,pos10,56401,pathseer,256,2,54,0.9963,0.9630,0.00003,1.119,2.098,3.710,1.294,4687.4,0.0,3074.3,356.6,5.0,5.0,290.4,153.4,1336.3,4.5,64.83,pathseer:54
beir500k-rq1,pos10_cat13,pos10,56401,pathseer,256,3,54,0.9963,0.9630,0.00003,1.139,2.037,3.588,1.294,4687.4,0.0,3074.3,356.6,5.0,5.0,290.4,153.4,1336.3,4.5,64.83,pathseer:54
beir500k-rq1,pos10_cat13,pos10,56401,pathseer,512,1,54,1.0000,1.0000,0.00000,2.088,3.683,6.349,2.425,7909.4,0.0,5628.3,714.8,9.0,9.0,587.9,301.1,2372.2,9.2,139.72,pathseer:54
beir500k-rq1,pos10_cat13,pos10,56401,pathseer,512,2,54,1.0000,1.0000,0.00000,2.231,3.926,6.547,2.587,7909.4,0.0,5628.3,714.8,9.0,9.0,587.9,301.1,2372.2,9.2,139.72,pathseer:54
beir500k-rq1,pos10_cat13,pos10,56401,pathseer,512,3,54,1.0000,1.0000,0.00000,2.293,3.787,6.008,2.561,7909.4,0.0,5628.3,714.8,9.0,9.0,587.9,301.1,2372.2,9.2,139.72,pathseer:54
beir500k-rq1,pos10_cat14,pos10,63179,sweeping,64,1,6,1.0000,1.0000,0.00000,0.494,0.639,0.639,0.435,2623.7,0.0,389.5,148.8,4.0,7.0,0.0,0.0,0.0,0.0,0.00,sweeping:6
beir500k-rq1,pos10_cat14,pos10,63179,sweeping,64,2,6,1.0000,1.0000,0.00000,0.490,0.680,0.680,0.464,2623.7,0.0,389.5,148.8,4.0,7.0,0.0,0.0,0.0,0.0,0.00,sweeping:6
beir500k-rq1,pos10_cat14,pos10,63179,sweeping,64,3,6,1.0000,1.0000,0.00000,0.533,0.661,0.661,0.470,2623.7,0.0,389.5,148.8,4.0,7.0,0.0,0.0,0.0,0.0,0.00,sweeping:6
beir500k-rq1,pos10_cat14,pos10,63179,sweeping,128,1,6,1.0000,1.0000,0.00000,1.056,1.364,1.364,0.875,4625.0,0.0,765.8,322.2,7.0,14.0,0.0,0.0,0.0,0.0,0.00,sweeping:6
beir500k-rq1,pos10_cat14,pos10,63179,sweeping,128,2,6,1.0000,1.0000,0.00000,1.088,1.458,1.458,0.891,4625.0,0.0,765.8,322.2,7.0,14.0,0.0,0.0,0.0,0.0,0.00,sweeping:6
beir500k-rq1,pos10_cat14,pos10,63179,sweeping,128,3,6,1.0000,1.0000,0.00000,1.035,1.286,1.286,0.848,4625.0,0.0,765.8,322.2,7.0,14.0,0.0,0.0,0.0,0.0,0.00,sweeping:6
beir500k-rq1,pos10_cat14,pos10,63179,sweeping,256,1,6,1.0000,1.0000,0.00000,1.729,2.424,2.424,1.551,7792.8,0.0,1498.5,687.2,11.0,31.0,0.0,0.0,0.0,0.0,0.00,sweeping:6
beir500k-rq1,pos10_cat14,pos10,63179,sweeping,256,2,6,1.0000,1.0000,0.00000,1.883,2.757,2.757,1.594,7792.8,0.0,1498.5,687.2,11.0,31.0,0.0,0.0,0.0,0.0,0.00,sweeping:6
beir500k-rq1,pos10_cat14,pos10,63179,sweeping,256,3,6,1.0000,1.0000,0.00000,1.968,2.379,2.379,1.559,7792.8,0.0,1498.5,687.2,11.0,31.0,0.0,0.0,0.0,0.0,0.00,sweeping:6
beir500k-rq1,pos10_cat14,pos10,63179,sweeping,512,1,6,1.0000,1.0000,0.00000,3.841,4.923,4.923,3.117,13402.0,0.0,2918.2,1546.0,24.0,86.0,0.0,0.0,0.0,0.0,0.00,sweeping:6
beir500k-rq1,pos10_cat14,pos10,63179,sweeping,512,2,6,1.0000,1.0000,0.00000,3.751,4.709,4.709,3.127,13402.0,0.0,2918.2,1546.0,24.0,86.0,0.0,0.0,0.0,0.0,0.00,sweeping:6
beir500k-rq1,pos10_cat14,pos10,63179,sweeping,512,3,6,1.0000,1.0000,0.00000,3.927,4.671,4.671,3.039,13402.0,0.0,2918.2,1546.0,24.0,86.0,0.0,0.0,0.0,0.0,0.00,sweeping:6
beir500k-rq1,pos10_cat14,pos10,63179,acorn,64,1,6,1.0000,1.0000,0.00000,0.192,0.690,0.690,0.330,1000.5,10.0,3659.7,65.5,4.0,4.0,0.0,0.0,0.0,0.0,0.00,acorn:2|rre:4
beir500k-rq1,pos10_cat14,pos10,63179,acorn,64,2,6,1.0000,1.0000,0.00000,0.182,0.678,0.678,0.328,1000.5,10.0,3659.7,65.5,4.0,4.0,0.0,0.0,0.0,0.0,0.00,acorn:2|rre:4
beir500k-rq1,pos10_cat14,pos10,63179,acorn,64,3,6,1.0000,1.0000,0.00000,0.202,0.676,0.676,0.327,1000.5,10.0,3659.7,65.5,4.0,4.0,0.0,0.0,0.0,0.0,0.00,acorn:2|rre:4
beir500k-rq1,pos10_cat14,pos10,63179,acorn,128,1,6,1.0000,1.0000,0.00000,0.337,1.300,1.300,0.596,1524.0,10.0,5531.0,129.3,9.0,8.0,0.0,0.0,0.0,0.0,0.00,acorn:2|rre:4
beir500k-rq1,pos10_cat14,pos10,63179,acorn,128,2,6,1.0000,1.0000,0.00000,0.319,1.120,1.120,0.531,1524.0,10.0,5531.0,129.3,9.0,8.0,0.0,0.0,0.0,0.0,0.00,acorn:2|rre:4
beir500k-rq1,pos10_cat14,pos10,63179,acorn,128,3,6,1.0000,1.0000,0.00000,0.308,1.121,1.121,0.530,1524.0,10.0,5531.0,129.3,9.0,8.0,0.0,0.0,0.0,0.0,0.00,acorn:2|rre:4
beir500k-rq1,pos10_cat14,pos10,63179,acorn,256,1,6,1.0000,1.0000,0.00000,0.726,1.914,1.914,0.979,2177.5,10.0,8161.3,257.2,18.0,17.0,0.0,0.0,0.0,0.0,0.00,acorn:2|rre:4
beir500k-rq1,pos10_cat14,pos10,63179,acorn,256,2,6,1.0000,1.0000,0.00000,0.603,1.803,1.803,0.918,2177.5,10.0,8161.3,257.2,18.0,17.0,0.0,0.0,0.0,0.0,0.00,acorn:2|rre:4
beir500k-rq1,pos10_cat14,pos10,63179,acorn,256,3,6,1.0000,1.0000,0.00000,0.618,1.913,1.913,0.929,2177.5,10.0,8161.3,257.2,18.0,17.0,0.0,0.0,0.0,0.0,0.00,acorn:2|rre:4
beir500k-rq1,pos10_cat14,pos10,63179,acorn,512,1,6,1.0000,1.0000,0.00000,1.162,3.028,3.028,1.608,3085.2,10.0,12067.5,513.2,54.0,45.0,0.0,0.0,0.0,0.0,0.00,acorn:2|rre:4
beir500k-rq1,pos10_cat14,pos10,63179,acorn,512,2,6,1.0000,1.0000,0.00000,1.114,2.870,2.870,1.546,3085.2,10.0,12067.5,513.2,54.0,45.0,0.0,0.0,0.0,0.0,0.00,acorn:2|rre:4
beir500k-rq1,pos10_cat14,pos10,63179,acorn,512,3,6,1.0000,1.0000,0.00000,1.108,3.056,3.056,1.597,3085.2,10.0,12067.5,513.2,54.0,45.0,0.0,0.0,0.0,0.0,0.00,acorn:2|rre:4
beir500k-rq1,pos10_cat14,pos10,63179,pathseer,64,1,6,1.0000,1.0000,0.00000,0.299,0.322,0.322,0.268,1277.0,0.0,1350.0,104.2,3.0,4.0,96.0,23.8,725.0,1.5,63.83,pathseer:6
beir500k-rq1,pos10_cat14,pos10,63179,pathseer,64,2,6,1.0000,1.0000,0.00000,0.306,0.329,0.329,0.269,1277.0,0.0,1350.0,104.2,3.0,4.0,96.0,23.8,725.0,1.5,63.83,pathseer:6
beir500k-rq1,pos10_cat14,pos10,63179,pathseer,64,3,6,1.0000,1.0000,0.00000,0.296,0.331,0.331,0.265,1277.0,0.0,1350.0,104.2,3.0,4.0,96.0,23.8,725.0,1.5,63.83,pathseer:6
beir500k-rq1,pos10_cat14,pos10,63179,pathseer,128,1,6,1.0000,1.0000,0.00000,0.585,0.658,0.658,0.516,2114.0,0.0,2469.5,214.5,4.0,9.0,192.0,58.2,1304.0,3.0,156.33,pathseer:6
beir500k-rq1,pos10_cat14,pos10,63179,pathseer,128,2,6,1.0000,1.0000,0.00000,0.587,0.680,0.680,0.520,2114.0,0.0,2469.5,214.5,4.0,9.0,192.0,58.2,1304.0,3.0,156.33,pathseer:6
beir500k-rq1,pos10_cat14,pos10,63179,pathseer,128,3,6,1.0000,1.0000,0.00000,0.566,0.673,0.673,0.516,2114.0,0.0,2469.5,214.5,4.0,9.0,192.0,58.2,1304.0,3.0,156.33,pathseer:6
beir500k-rq1,pos10_cat14,pos10,63179,pathseer,256,1,6,1.0000,1.0000,0.00000,1.145,1.453,1.453,1.061,3401.3,0.0,4554.0,445.8,7.0,19.0,362.7,111.7,2387.2,5.7,326.67,pathseer:6
beir500k-rq1,pos10_cat14,pos10,63179,pathseer,256,2,6,1.0000,1.0000,0.00000,1.208,1.297,1.297,1.081,3401.3,0.0,4554.0,445.8,7.0,19.0,362.7,111.7,2387.2,5.7,326.67,pathseer:6
beir500k-rq1,pos10_cat14,pos10,63179,pathseer,256,3,6,1.0000,1.0000,0.00000,1.180,1.470,1.470,1.071,3401.3,0.0,4554.0,445.8,7.0,19.0,362.7,111.7,2387.2,5.7,326.67,pathseer:6
beir500k-rq1,pos10_cat14,pos10,63179,pathseer,512,1,6,1.0000,1.0000,0.00000,2.619,2.920,2.920,2.199,5502.0,0.0,9013.8,984.3,14.0,50.0,832.0,214.3,4742.8,13.0,658.00,pathseer:6
beir500k-rq1,pos10_cat14,pos10,63179,pathseer,512,2,6,1.0000,1.0000,0.00000,2.552,2.898,2.898,2.234,5502.0,0.0,9013.8,984.3,14.0,50.0,832.0,214.3,4742.8,13.0,658.00,pathseer:6
beir500k-rq1,pos10_cat14,pos10,63179,pathseer,512,3,6,1.0000,1.0000,0.00000,2.480,2.767,2.767,2.144,5502.0,0.0,9013.8,984.3,14.0,50.0,832.0,214.3,4742.8,13.0,658.00,pathseer:6
beir500k-rq1,pos10_cat15,pos10,62186,sweeping,64,1,84,0.9857,0.9048,0.00036,0.457,1.547,2.129,0.630,2948.3,0.0,546.6,182.6,4.0,7.0,0.0,0.0,0.0,0.0,0.00,sweeping:84
beir500k-rq1,pos10_cat15,pos10,62186,sweeping,64,2,84,0.9857,0.9048,0.00036,0.469,1.575,2.235,0.638,2948.3,0.0,546.6,182.6,4.0,7.0,0.0,0.0,0.0,0.0,0.00,sweeping:84
beir500k-rq1,pos10_cat15,pos10,62186,sweeping,64,3,84,0.9857,0.9048,0.00036,0.470,1.535,2.196,0.642,2948.3,0.0,546.6,182.6,4.0,7.0,0.0,0.0,0.0,0.0,0.00,sweeping:84
beir500k-rq1,pos10_cat15,pos10,62186,sweeping,128,1,84,0.9940,0.9524,0.00024,0.932,2.740,4.157,1.232,5641.4,0.0,978.1,376.6,6.0,13.0,0.0,0.0,0.0,0.0,0.00,sweeping:84
beir500k-rq1,pos10_cat15,pos10,62186,sweeping,128,2,84,0.9940,0.9524,0.00024,0.947,2.786,4.215,1.247,5641.4,0.0,978.1,376.6,6.0,13.0,0.0,0.0,0.0,0.0,0.00,sweeping:84
beir500k-rq1,pos10_cat15,pos10,62186,sweeping,128,3,84,0.9940,0.9524,0.00024,0.979,2.825,4.255,1.273,5641.4,0.0,978.1,376.6,6.0,13.0,0.0,0.0,0.0,0.0,0.00,sweeping:84
beir500k-rq1,pos10_cat15,pos10,62186,sweeping,256,1,84,0.9988,0.9881,0.00005,1.973,5.671,8.017,2.547,10967.0,0.0,1888.8,813.1,11.0,28.0,0.0,0.0,0.0,0.0,0.00,sweeping:84
beir500k-rq1,pos10_cat15,pos10,62186,sweeping,256,2,84,0.9988,0.9881,0.00005,1.910,5.256,7.569,2.453,10967.0,0.0,1888.8,813.1,11.0,28.0,0.0,0.0,0.0,0.0,0.00,sweeping:84
beir500k-rq1,pos10_cat15,pos10,62186,sweeping,256,3,84,0.9988,0.9881,0.00005,2.009,5.824,7.604,2.605,10967.0,0.0,1888.8,813.1,11.0,28.0,0.0,0.0,0.0,0.0,0.00,sweeping:84
beir500k-rq1,pos10_cat15,pos10,62186,sweeping,512,1,84,1.0000,1.0000,0.00000,4.268,10.287,14.424,5.100,21406.2,0.0,3764.1,1780.6,23.0,57.0,0.0,0.0,0.0,0.0,0.00,sweeping:84
beir500k-rq1,pos10_cat15,pos10,62186,sweeping,512,2,84,1.0000,1.0000,0.00000,4.032,10.184,13.779,4.984,21406.2,0.0,3764.1,1780.6,23.0,57.0,0.0,0.0,0.0,0.0,0.00,sweeping:84
beir500k-rq1,pos10_cat15,pos10,62186,sweeping,512,3,84,1.0000,1.0000,0.00000,4.277,10.953,14.227,5.134,21406.2,0.0,3764.1,1780.6,23.0,57.0,0.0,0.0,0.0,0.0,0.00,sweeping:84
beir500k-rq1,pos10_cat15,pos10,62186,acorn,64,1,84,0.9833,0.8571,0.00047,0.662,1.140,1.282,0.609,1333.6,10.0,6189.3,66.8,3.0,3.0,0.0,0.0,0.0,0.0,0.00,acorn:48|rre:36
beir500k-rq1,pos10_cat15,pos10,62186,acorn,64,2,84,0.9833,0.8571,0.00047,0.651,1.164,1.311,0.609,1333.6,10.0,6189.3,66.8,3.0,3.0,0.0,0.0,0.0,0.0,0.00,acorn:48|rre:36
beir500k-rq1,pos10_cat15,pos10,62186,acorn,64,3,84,0.9833,0.8571,0.00047,0.644,1.172,1.280,0.625,1333.6,10.0,6189.3,66.8,3.0,3.0,0.0,0.0,0.0,0.0,0.00,acorn:48|rre:36
beir500k-rq1,pos10_cat15,pos10,62186,acorn,128,1,84,0.9917,0.9286,0.00031,1.155,2.107,2.389,1.151,2285.3,10.0,10328.3,130.4,6.0,6.0,0.0,0.0,0.0,0.0,0.00,acorn:48|rre:36
beir500k-rq1,pos10_cat15,pos10,62186,acorn,128,2,84,0.9917,0.9286,0.00031,1.165,1.979,2.121,1.061,2285.3,10.0,10328.3,130.4,6.0,6.0,0.0,0.0,0.0,0.0,0.00,acorn:48|rre:36
beir500k-rq1,pos10_cat15,pos10,62186,acorn,128,3,84,0.9917,0.9286,0.00031,1.114,1.909,2.081,1.039,2285.3,10.0,10328.3,130.4,6.0,6.0,0.0,0.0,0.0,0.0,0.00,acorn:48|rre:36
beir500k-rq1,pos10_cat15,pos10,62186,acorn,256,1,84,0.9976,0.9762,0.00015,1.952,3.306,3.563,1.838,3876.1,10.0,17238.4,258.1,11.0,11.0,0.0,0.0,0.0,0.0,0.00,acorn:48|rre:36
beir500k-rq1,pos10_cat15,pos10,62186,acorn,256,2,84,0.9976,0.9762,0.00015,1.953,3.351,3.555,1.853,3876.1,10.0,17238.4,258.1,11.0,11.0,0.0,0.0,0.0,0.0,0.00,acorn:48|rre:36
beir500k-rq1,pos10_cat15,pos10,62186,acorn,256,3,84,0.9976,0.9762,0.00015,1.919,3.431,3.568,1.837,3876.1,10.0,17238.4,258.1,11.0,11.0,0.0,0.0,0.0,0.0,0.00,acorn:48|rre:36
beir500k-rq1,pos10_cat15,pos10,62186,acorn,512,1,84,0.9988,0.9881,0.00005,3.490,5.650,5.963,3.260,6475.5,10.0,28624.7,513.9,26.0,24.0,0.0,0.0,0.0,0.0,0.00,acorn:48|rre:36
beir500k-rq1,pos10_cat15,pos10,62186,acorn,512,2,84,0.9988,0.9881,0.00005,3.494,5.714,5.995,3.297,6475.5,10.0,28624.7,513.9,26.0,24.0,0.0,0.0,0.0,0.0,0.00,acorn:48|rre:36
beir500k-rq1,pos10_cat15,pos10,62186,acorn,512,3,84,0.9988,0.9881,0.00005,3.443,5.652,5.960,3.268,6475.5,10.0,28624.7,513.9,26.0,24.0,0.0,0.0,0.0,0.0,0.00,acorn:48|rre:36
beir500k-rq1,pos10_cat15,pos10,62186,pathseer,64,1,84,0.9833,0.8810,0.00044,0.384,0.700,0.884,0.421,1476.8,0.0,1228.2,101.9,3.0,5.0,131.0,31.5,578.2,2.0,24.60,pathseer:84
beir500k-rq1,pos10_cat15,pos10,62186,pathseer,64,2,84,0.9833,0.8810,0.00044,0.466,0.776,1.071,0.503,1476.8,0.0,1228.2,101.9,3.0,5.0,131.0,31.5,578.2,2.0,24.60,pathseer:84
beir500k-rq1,pos10_cat15,pos10,62186,pathseer,64,3,84,0.9833,0.8810,0.00044,0.387,0.703,0.904,0.423,1476.8,0.0,1228.2,101.9,3.0,5.0,131.0,31.5,578.2,2.0,24.60,pathseer:84
beir500k-rq1,pos10_cat15,pos10,62186,pathseer,128,1,84,0.9940,0.9524,0.00024,0.683,1.182,1.388,0.728,2597.2,0.0,2306.5,203.3,4.0,7.0,223.2,55.8,1191.0,3.5,61.42,pathseer:84
beir500k-rq1,pos10_cat15,pos10,62186,pathseer,128,2,84,0.9940,0.9524,0.00024,0.707,1.207,1.402,0.739,2597.2,0.0,2306.5,203.3,4.0,7.0,223.2,55.8,1191.0,3.5,61.42,pathseer:84
beir500k-rq1,pos10_cat15,pos10,62186,pathseer,128,3,84,0.9940,0.9524,0.00024,0.684,1.230,1.437,0.726,2597.2,0.0,2306.5,203.3,4.0,7.0,223.2,55.8,1191.0,3.5,61.42,pathseer:84
beir500k-rq1,pos10_cat15,pos10,62186,pathseer,256,1,84,0.9976,0.9762,0.00015,1.337,2.309,3.081,1.436,4624.1,0.0,4620.7,427.4,7.0,12.0,406.9,111.8,2535.7,6.4,152.48,pathseer:84
beir500k-rq1,pos10_cat15,pos10,62186,pathseer,256,2,84,0.9976,0.9762,0.00015,1.483,2.753,3.270,1.587,4624.1,0.0,4620.7,427.4,7.0,12.0,406.9,111.8,2535.7,6.4,152.48,pathseer:84
beir500k-rq1,pos10_cat15,pos10,62186,pathseer,256,3,84,0.9976,0.9762,0.00015,1.423,2.351,3.225,1.510,4624.1,0.0,4620.7,427.4,7.0,12.0,406.9,111.8,2535.7,6.4,152.48,pathseer:84
beir500k-rq1,pos10_cat15,pos10,62186,pathseer,512,1,84,0.9988,0.9881,0.00005,2.753,5.356,6.238,3.015,8304.1,0.0,9485.0,930.2,13.0,29.0,797.0,233.5,5351.1,12.5,370.70,pathseer:84
beir500k-rq1,pos10_cat15,pos10,62186,pathseer,512,2,84,0.9988,0.9881,0.00005,2.602,5.044,6.016,2.883,8304.1,0.0,9485.0,930.2,13.0,29.0,797.0,233.5,5351.1,12.5,370.70,pathseer:84
beir500k-rq1,pos10_cat15,pos10,62186,pathseer,512,3,84,0.9988,0.9881,0.00005,2.745,5.005,6.333,3.032,8304.1,0.0,9485.0,930.2,13.0,29.0,797.0,233.5,5351.1,12.5,370.70,pathseer:84
beir500k-rq1,pos10_cat16,pos10,73905,sweeping,64,1,42,0.9976,0.9762,0.00000,0.289,0.407,0.770,0.315,1079.4,0.0,248.3,69.8,4.0,4.0,0.0,0.0,0.0,0.0,0.00,sweeping:42
beir500k-rq1,pos10_cat16,pos10,73905,sweeping,64,2,42,0.9976,0.9762,0.00000,0.302,0.394,0.704,0.319,1079.4,0.0,248.3,69.8,4.0,4.0,0.0,0.0,0.0,0.0,0.00,sweeping:42
beir500k-rq1,pos10_cat16,pos10,73905,sweeping,64,3,42,0.9976,0.9762,0.00000,0.309,0.432,0.718,0.327,1079.4,0.0,248.3,69.8,4.0,4.0,0.0,0.0,0.0,0.0,0.00,sweeping:42
beir500k-rq1,pos10_cat16,pos10,73905,sweeping,128,1,42,0.9976,0.9762,0.00000,0.508,0.669,0.968,0.520,1829.1,0.0,383.4,136.3,7.0,8.0,0.0,0.0,0.0,0.0,0.00,sweeping:42
beir500k-rq1,pos10_cat16,pos10,73905,sweeping,128,2,42,0.9976,0.9762,0.00000,0.511,0.708,1.048,0.532,1829.1,0.0,383.4,136.3,7.0,8.0,0.0,0.0,0.0,0.0,0.00,sweeping:42
beir500k-rq1,pos10_cat16,pos10,73905,sweeping,128,3,42,1.0000,1.0000,0.00000,0.517,0.673,1.041,0.528,1829.1,0.0,383.4,136.3,7.0,8.0,0.0,0.0,0.0,0.0,0.00,sweeping:42
beir500k-rq1,pos10_cat16,pos10,73905,sweeping,256,1,42,0.9976,0.9762,0.00000,1.037,1.399,1.589,1.035,3151.7,0.0,642.0,271.0,14.0,15.0,0.0,0.0,0.0,0.0,0.00,sweeping:42
beir500k-rq1,pos10_cat16,pos10,73905,sweeping,256,2,42,0.9976,0.9762,0.00000,0.853,1.219,1.282,0.867,3151.7,0.0,642.0,271.0,14.0,15.0,0.0,0.0,0.0,0.0,0.00,sweeping:42
beir500k-rq1,pos10_cat16,pos10,73905,sweeping,256,3,42,0.9976,0.9762,0.00000,0.868,1.173,1.338,0.868,3151.7,0.0,642.0,271.0,14.0,15.0,0.0,0.0,0.0,0.0,0.00,sweeping:42
beir500k-rq1,pos10_cat16,pos10,73905,sweeping,512,1,42,1.0000,1.0000,0.00000,1.570,1.981,2.354,1.602,5537.2,0.0,1169.3,548.8,32.0,34.0,0.0,0.0,0.0,0.0,0.00,sweeping:42
beir500k-rq1,pos10_cat16,pos10,73905,sweeping,512,2,42,0.9976,0.9762,0.00000,1.739,2.325,2.798,1.779,5537.2,0.0,1169.3,548.8,32.0,34.0,0.0,0.0,0.0,0.0,0.00,sweeping:42
beir500k-rq1,pos10_cat16,pos10,73905,sweeping,512,3,42,0.9976,0.9762,0.00000,1.838,2.360,2.492,1.816,5537.2,0.0,1169.3,548.8,32.0,34.0,0.0,0.0,0.0,0.0,0.00,sweeping:42
beir500k-rq1,pos10_cat16,pos10,73905,acorn,64,1,42,1.0000,1.0000,0.00000,0.392,0.621,0.749,0.414,946.7,10.0,1310.3,65.9,4.0,3.0,0.0,0.0,0.0,0.0,0.00,acorn:6|rre:36
beir500k-rq1,pos10_cat16,pos10,73905,acorn,64,2,42,1.0000,1.0000,0.00000,0.370,0.553,0.671,0.385,946.7,10.0,1310.3,65.9,4.0,3.0,0.0,0.0,0.0,0.0,0.00,acorn:6|rre:36
beir500k-rq1,pos10_cat16,pos10,73905,acorn,64,3,42,0.9976,0.9762,0.00000,0.397,0.573,0.788,0.409,946.7,10.0,1310.3,65.9,4.0,3.0,0.0,0.0,0.0,0.0,0.00,acorn:6|rre:36
beir500k-rq1,pos10_cat16,pos10,73905,acorn,128,1,42,0.9976,0.9762,0.00000,0.591,0.899,1.014,0.601,1604.2,10.0,2170.6,129.7,7.0,6.0,0.0,0.0,0.0,0.0,0.00,acorn:6|rre:36
beir500k-rq1,pos10_cat16,pos10,73905,acorn,128,2,42,0.9976,0.9762,0.00000,0.606,0.963,1.022,0.613,1604.2,10.0,2170.6,129.7,7.0,6.0,0.0,0.0,0.0,0.0,0.00,acorn:6|rre:36
beir500k-rq1,pos10_cat16,pos10,73905,acorn,128,3,42,0.9976,0.9762,0.00000,0.654,1.143,1.901,0.720,1604.2,10.0,2170.6,129.7,7.0,6.0,0.0,0.0,0.0,0.0,0.00,acorn:6|rre:36
beir500k-rq1,pos10_cat16,pos10,73905,acorn,256,1,42,1.0000,1.0000,0.00000,1.112,1.652,4.052,1.202,2710.6,10.0,3585.5,257.5,15.0,13.0,0.0,0.0,0.0,0.0,0.00,acorn:6|rre:36
beir500k-rq1,pos10_cat16,pos10,73905,acorn,256,2,42,1.0000,1.0000,0.00000,1.064,1.435,1.679,1.065,2710.6,10.0,3585.5,257.5,15.0,13.0,0.0,0.0,0.0,0.0,0.00,acorn:6|rre:36
beir500k-rq1,pos10_cat16,pos10,73905,acorn,256,3,42,0.9976,0.9762,0.00000,1.062,1.525,1.855,1.107,2710.6,10.0,3585.5,257.5,15.0,13.0,0.0,0.0,0.0,0.0,0.00,acorn:6|rre:36
beir500k-rq1,pos10_cat16,pos10,73905,acorn,512,1,42,0.9976,0.9762,0.00000,1.683,2.343,2.570,1.722,4616.3,10.0,6176.4,513.5,35.0,31.0,0.0,0.0,0.0,0.0,0.00,acorn:6|rre:36
beir500k-rq1,pos10_cat16,pos10,73905,acorn,512,2,42,1.0000,1.0000,0.00000,1.679,2.422,2.584,1.724,4616.3,10.0,6176.4,513.5,35.0,31.0,0.0,0.0,0.0,0.0,0.00,acorn:6|rre:36
beir500k-rq1,pos10_cat16,pos10,73905,acorn,512,3,42,1.0000,1.0000,0.00000,1.720,2.579,2.756,1.746,4616.3,10.0,6176.4,513.5,35.0,31.0,0.0,0.0,0.0,0.0,0.00,acorn:6|rre:36
beir500k-rq1,pos10_cat16,pos10,73905,pathseer,64,1,42,1.0000,1.0000,0.00000,0.308,0.391,0.734,0.314,1072.2,0.0,441.8,68.7,2.0,2.0,94.5,49.8,17.5,1.5,1.24,pathseer:42
beir500k-rq1,pos10_cat16,pos10,73905,pathseer,64,2,42,0.9976,0.9762,0.00000,0.318,0.379,0.747,0.324,1072.2,0.0,441.8,68.7,2.0,2.0,94.5,49.8,17.5,1.5,1.24,pathseer:42
beir500k-rq1,pos10_cat16,pos10,73905,pathseer,64,3,42,1.0000,1.0000,0.00000,0.291,0.364,0.653,0.296,1072.2,0.0,441.8,68.7,2.0,2.0,94.5,49.8,17.5,1.5,1.24,pathseer:42
beir500k-rq1,pos10_cat16,pos10,73905,pathseer,128,1,42,1.0000,1.0000,0.00000,0.508,0.627,0.908,0.510,1809.7,0.0,758.7,134.2,3.0,3.0,167.6,93.8,38.1,2.6,3.21,pathseer:42
beir500k-rq1,pos10_cat16,pos10,73905,pathseer,128,2,42,1.0000,1.0000,0.00000,0.494,0.608,0.925,0.499,1809.7,0.0,758.7,134.2,3.0,3.0,167.6,93.8,38.1,2.6,3.21,pathseer:42
beir500k-rq1,pos10_cat16,pos10,73905,pathseer,128,3,42,0.9976,0.9762,0.00000,0.456,0.541,0.846,0.466,1809.7,0.0,758.7,134.2,3.0,3.0,167.6,93.8,38.1,2.6,3.21,pathseer:42
beir500k-rq1,pos10_cat16,pos10,73905,pathseer,256,1,42,1.0000,1.0000,0.00000,0.891,1.071,1.311,0.872,3067.3,0.0,1361.0,265.7,5.0,5.0,298.0,182.3,86.5,4.7,9.05,pathseer:42
beir500k-rq1,pos10_cat16,pos10,73905,pathseer,256,2,42,0.9976,0.9762,0.00000,0.881,0.989,1.270,0.867,3067.3,0.0,1361.0,265.7,5.0,5.0,298.0,182.3,86.5,4.7,9.05,pathseer:42
beir500k-rq1,pos10_cat16,pos10,73905,pathseer,256,3,42,0.9976,0.9762,0.00000,0.949,1.162,1.485,0.942,3067.3,0.0,1361.0,265.7,5.0,5.0,298.0,182.3,86.5,4.7,9.05,pathseer:42
beir500k-rq1,pos10_cat16,pos10,73905,pathseer,512,1,42,0.9976,0.9762,0.00000,1.759,2.198,2.603,1.812,5227.6,0.0,2565.1,531.9,10.0,10.0,578.4,358.9,212.3,9.0,25.48,pathseer:42
beir500k-rq1,pos10_cat16,pos10,73905,pathseer,512,2,42,1.0000,1.0000,0.00000,1.756,2.004,2.168,1.735,5227.6,0.0,2565.1,531.9,10.0,10.0,578.4,358.9,212.3,9.0,25.48,pathseer:42
beir500k-rq1,pos10_cat16,pos10,73905,pathseer,512,3,42,0.9976,0.9762,0.00000,1.684,1.929,2.133,1.631,5227.6,0.0,2565.1,531.9,10.0,10.0,578.4,358.9,212.3,9.0,25.48,pathseer:42
beir500k-rq1,pos10_cat17,pos10,58906,sweeping,64,1,45,0.9978,0.9778,0.00003,0.367,3.000,4.600,0.698,3415.8,0.0,550.8,213.4,4.0,5.0,0.0,0.0,0.0,0.0,0.00,sweeping:45
beir500k-rq1,pos10_cat17,pos10,58906,sweeping,64,2,45,0.9978,0.9778,0.00003,0.355,3.164,4.821,0.704,3415.8,0.0,550.8,213.4,4.0,5.0,0.0,0.0,0.0,0.0,0.00,sweeping:45
beir500k-rq1,pos10_cat17,pos10,58906,sweeping,64,3,45,0.9978,0.9778,0.00003,0.369,3.013,4.621,0.702,3415.8,0.0,550.8,213.4,4.0,5.0,0.0,0.0,0.0,0.0,0.00,sweeping:45
beir500k-rq1,pos10_cat17,pos10,58906,sweeping,128,1,45,1.0000,1.0000,0.00000,0.733,4.961,7.514,1.282,6100.2,0.0,974.9,436.7,6.0,10.0,0.0,0.0,0.0,0.0,0.00,sweeping:45
beir500k-rq1,pos10_cat17,pos10,58906,sweeping,128,2,45,1.0000,1.0000,0.00000,0.741,5.395,7.759,1.359,6100.2,0.0,974.9,436.7,6.0,10.0,0.0,0.0,0.0,0.0,0.00,sweeping:45
beir500k-rq1,pos10_cat17,pos10,58906,sweeping,128,3,45,1.0000,1.0000,0.00000,0.836,5.831,8.445,1.462,6100.2,0.0,974.9,436.7,6.0,10.0,0.0,0.0,0.0,0.0,0.00,sweeping:45
beir500k-rq1,pos10_cat17,pos10,58906,sweeping,256,1,45,1.0000,1.0000,0.00000,1.594,9.300,12.364,2.686,11060.8,0.0,1925.3,942.8,11.0,21.0,0.0,0.0,0.0,0.0,0.00,sweeping:45
beir500k-rq1,pos10_cat17,pos10,58906,sweeping,256,2,45,1.0000,1.0000,0.00000,1.638,9.456,12.902,2.811,11060.8,0.0,1925.3,942.8,11.0,21.0,0.0,0.0,0.0,0.0,0.00,sweeping:45
beir500k-rq1,pos10_cat17,pos10,58906,sweeping,256,3,45,1.0000,1.0000,0.00000,1.741,9.567,13.611,2.845,11060.8,0.0,1925.3,942.8,11.0,21.0,0.0,0.0,0.0,0.0,0.00,sweeping:45
beir500k-rq1,pos10_cat17,pos10,58906,sweeping,512,1,45,1.0000,1.0000,0.00000,3.402,17.902,21.012,5.386,19805.1,0.0,3778.2,1957.2,22.0,39.0,0.0,0.0,0.0,0.0,0.00,sweeping:45
beir500k-rq1,pos10_cat17,pos10,58906,sweeping,512,2,45,1.0000,1.0000,0.00000,3.353,17.234,23.141,5.569,19805.1,0.0,3778.2,1957.2,22.0,39.0,0.0,0.0,0.0,0.0,0.00,sweeping:45
beir500k-rq1,pos10_cat17,pos10,58906,sweeping,512,3,45,1.0000,1.0000,0.00000,3.297,18.039,20.914,5.476,19805.1,0.0,3778.2,1957.2,22.0,39.0,0.0,0.0,0.0,0.0,0.00,sweeping:45
beir500k-rq1,pos10_cat17,pos10,58906,acorn,64,1,45,0.9978,0.9778,0.00003,0.382,1.596,2.675,0.733,1462.3,10.0,5700.0,66.4,3.0,3.0,0.0,0.0,0.0,0.0,0.00,acorn:19|rre:26
beir500k-rq1,pos10_cat17,pos10,58906,acorn,64,2,45,0.9978,0.9778,0.00003,0.345,1.536,1.635,0.666,1462.3,10.0,5700.0,66.4,3.0,3.0,0.0,0.0,0.0,0.0,0.00,acorn:19|rre:26
beir500k-rq1,pos10_cat17,pos10,58906,acorn,64,3,45,0.9978,0.9778,0.00003,0.283,1.315,1.385,0.564,1462.3,10.0,5700.0,66.4,3.0,3.0,0.0,0.0,0.0,0.0,0.00,acorn:19|rre:26
beir500k-rq1,pos10_cat17,pos10,58906,acorn,128,1,45,1.0000,1.0000,0.00000,0.693,2.384,2.983,1.160,2393.2,10.0,9243.1,130.2,6.0,6.0,0.0,0.0,0.0,0.0,0.00,acorn:19|rre:26
beir500k-rq1,pos10_cat17,pos10,58906,acorn,128,2,45,1.0000,1.0000,0.00000,0.628,2.412,3.263,1.174,2393.2,10.0,9243.1,130.2,6.0,6.0,0.0,0.0,0.0,0.0,0.00,acorn:19|rre:26
beir500k-rq1,pos10_cat17,pos10,58906,acorn,128,3,45,1.0000,1.0000,0.00000,0.657,2.374,2.749,1.139,2393.2,10.0,9243.1,130.2,6.0,6.0,0.0,0.0,0.0,0.0,0.00,acorn:19|rre:26
beir500k-rq1,pos10_cat17,pos10,58906,acorn,256,1,45,1.0000,1.0000,0.00000,1.134,4.178,4.865,2.046,3833.0,10.0,15112.6,257.7,12.0,12.0,0.0,0.0,0.0,0.0,0.00,acorn:19|rre:26
beir500k-rq1,pos10_cat17,pos10,58906,acorn,256,2,45,1.0000,1.0000,0.00000,1.280,4.367,4.822,2.100,3833.0,10.0,15112.6,257.7,12.0,12.0,0.0,0.0,0.0,0.0,0.00,acorn:19|rre:26
beir500k-rq1,pos10_cat17,pos10,58906,acorn,256,3,45,1.0000,1.0000,0.00000,1.110,4.008,4.473,1.900,3833.0,10.0,15112.6,257.7,12.0,12.0,0.0,0.0,0.0,0.0,0.00,acorn:19|rre:26
beir500k-rq1,pos10_cat17,pos10,58906,acorn,512,1,45,1.0000,1.0000,0.00000,1.952,6.374,7.577,3.316,6005.2,10.0,23927.0,513.6,29.0,27.0,0.0,0.0,0.0,0.0,0.00,acorn:19|rre:26
beir500k-rq1,pos10_cat17,pos10,58906,acorn,512,2,45,1.0000,1.0000,0.00000,1.964,7.199,12.856,3.535,6005.2,10.0,23927.0,513.6,29.0,27.0,0.0,0.0,0.0,0.0,0.00,acorn:19|rre:26
beir500k-rq1,pos10_cat17,pos10,58906,acorn,512,3,45,1.0000,1.0000,0.00000,2.164,6.721,8.529,3.485,6005.2,10.0,23927.0,513.6,29.0,27.0,0.0,0.0,0.0,0.0,0.00,acorn:19|rre:26
beir500k-rq1,pos10_cat17,pos10,58906,pathseer,64,1,45,1.0000,1.0000,0.00000,0.504,1.368,2.117,0.630,1547.0,0.0,1562.2,124.4,3.0,3.0,116.6,31.6,818.1,1.8,40.07,pathseer:45
beir500k-rq1,pos10_cat17,pos10,58906,pathseer,64,2,45,1.0000,1.0000,0.00000,0.500,1.396,1.851,0.596,1547.0,0.0,1562.2,124.4,3.0,3.0,116.6,31.6,818.1,1.8,40.07,pathseer:45
beir500k-rq1,pos10_cat17,pos10,58906,pathseer,64,3,45,1.0000,1.0000,0.00000,0.458,1.330,1.854,0.563,1547.0,0.0,1562.2,124.4,3.0,3.0,116.6,31.6,818.1,1.8,40.07,pathseer:45
beir500k-rq1,pos10_cat17,pos10,58906,pathseer,128,1,45,1.0000,1.0000,0.00000,0.778,2.307,3.029,0.945,2682.2,0.0,2822.0,249.8,4.0,5.0,196.3,54.6,1523.3,3.1,90.18,pathseer:45
beir500k-rq1,pos10_cat17,pos10,58906,pathseer,128,2,45,1.0000,1.0000,0.00000,0.764,2.451,3.478,0.958,2682.2,0.0,2822.0,249.8,4.0,5.0,196.3,54.6,1523.3,3.1,90.18,pathseer:45
beir500k-rq1,pos10_cat17,pos10,58906,pathseer,128,3,45,1.0000,1.0000,0.00000,0.790,2.668,3.082,0.972,2682.2,0.0,2822.0,249.8,4.0,5.0,196.3,54.6,1523.3,3.1,90.18,pathseer:45
beir500k-rq1,pos10_cat17,pos10,58906,pathseer,256,1,45,1.0000,1.0000,0.00000,1.488,4.491,6.147,1.811,4572.9,0.0,5332.4,506.7,7.0,10.0,392.5,115.2,2961.1,6.1,212.96,pathseer:45
beir500k-rq1,pos10_cat17,pos10,58906,pathseer,256,2,45,1.0000,1.0000,0.00000,1.665,4.800,6.760,2.012,4572.9,0.0,5332.4,506.7,7.0,10.0,392.5,115.2,2961.1,6.1,212.96,pathseer:45
beir500k-rq1,pos10_cat17,pos10,58906,pathseer,256,3,45,1.0000,1.0000,0.00000,1.411,4.458,5.262,1.688,4572.9,0.0,5332.4,506.7,7.0,10.0,392.5,115.2,2961.1,6.1,212.96,pathseer:45
beir500k-rq1,pos10_cat17,pos10,58906,pathseer,512,1,45,1.0000,1.0000,0.00000,2.698,9.057,9.481,3.310,7974.7,0.0,10412.5,1123.4,12.0,19.0,791.8,232.2,5688.3,12.4,467.84,pathseer:45
beir500k-rq1,pos10_cat17,pos10,58906,pathseer,512,2,45,1.0000,1.0000,0.00000,2.767,9.399,9.762,3.397,7974.7,0.0,10412.5,1123.4,12.0,19.0,791.8,232.2,5688.3,12.4,467.84,pathseer:45
beir500k-rq1,pos10_cat17,pos10,58906,pathseer,512,3,45,1.0000,1.0000,0.00000,2.857,9.140,10.103,3.504,7974.7,0.0,10412.5,1123.4,12.0,19.0,791.8,232.2,5688.3,12.4,467.84,pathseer:45
beir500k-rq1,pos10_cat18,pos10,72773,sweeping,64,1,10,0.9900,0.9000,0.00041,0.884,2.717,2.717,1.133,3880.0,0.0,694.7,285.6,3.0,9.0,0.0,0.0,0.0,0.0,0.00,sweeping:10
beir500k-rq1,pos10_cat18,pos10,72773,sweeping,64,2,10,0.9900,0.9000,0.00041,0.922,2.702,2.702,1.176,3880.0,0.0,694.7,285.6,3.0,9.0,0.0,0.0,0.0,0.0,0.00,sweeping:10
beir500k-rq1,pos10_cat18,pos10,72773,sweeping,64,3,10,0.9900,0.9000,0.00041,0.937,2.449,2.449,1.102,3880.0,0.0,694.7,285.6,3.0,9.0,0.0,0.0,0.0,0.0,0.00,sweeping:10
beir500k-rq1,pos10_cat18,pos10,72773,sweeping,128,1,10,0.9900,0.9000,0.00041,1.367,4.037,4.037,1.587,7137.4,0.0,1303.0,645.9,6.0,16.0,0.0,0.0,0.0,0.0,0.00,sweeping:10
beir500k-rq1,pos10_cat18,pos10,72773,sweeping,128,2,10,0.9900,0.9000,0.00041,1.353,3.986,3.986,1.592,7137.4,0.0,1303.0,645.9,6.0,16.0,0.0,0.0,0.0,0.0,0.00,sweeping:10
beir500k-rq1,pos10_cat18,pos10,72773,sweeping,128,3,10,0.9900,0.9000,0.00041,1.298,3.828,3.828,1.566,7137.4,0.0,1303.0,645.9,6.0,16.0,0.0,0.0,0.0,0.0,0.00,sweeping:10
beir500k-rq1,pos10_cat18,pos10,72773,sweeping,256,1,10,0.9900,0.9000,0.00041,2.345,7.640,7.640,3.188,12551.0,0.0,2503.6,1402.1,10.0,44.0,0.0,0.0,0.0,0.0,0.00,sweeping:10
beir500k-rq1,pos10_cat18,pos10,72773,sweeping,256,2,10,0.9900,0.9000,0.00041,2.757,7.225,7.225,3.078,12551.0,0.0,2503.6,1402.1,10.0,44.0,0.0,0.0,0.0,0.0,0.00,sweeping:10
beir500k-rq1,pos10_cat18,pos10,72773,sweeping,256,3,10,0.9900,0.9000,0.00041,2.378,7.095,7.095,3.041,12551.0,0.0,2503.6,1402.1,10.0,44.0,0.0,0.0,0.0,0.0,0.00,sweeping:10
beir500k-rq1,pos10_cat18,pos10,72773,sweeping,512,1,10,0.9900,0.9000,0.00041,4.998,13.728,13.728,6.021,20674.4,0.0,4843.8,2831.5,21.0,121.0,0.0,0.0,0.0,0.0,0.00,sweeping:10
beir500k-rq1,pos10_cat18,pos10,72773,sweeping,512,2,10,0.9900,0.9000,0.00041,5.483,14.132,14.132,6.428,20674.4,0.0,4843.8,2831.5,21.0,121.0,0.0,0.0,0.0,0.0,0.00,sweeping:10
beir500k-rq1,pos10_cat18,pos10,72773,sweeping,512,3,10,0.9900,0.9000,0.00041,4.624,13.821,13.821,5.866,20674.4,0.0,4843.8,2831.5,21.0,121.0,0.0,0.0,0.0,0.0,0.00,sweeping:10
beir500k-rq1,pos10_cat18,pos10,72773,acorn,64,1,10,0.9900,0.9000,0.00041,0.825,1.219,1.219,0.743,1229.5,10.0,7311.7,66.3,2.0,2.0,0.0,0.0,0.0,0.0,0.00,acorn:7|rre:3
beir500k-rq1,pos10_cat18,pos10,72773,acorn,64,2,10,0.9900,0.9000,0.00041,0.898,1.216,1.216,0.773,1229.5,10.0,7311.7,66.3,2.0,2.0,0.0,0.0,0.0,0.0,0.00,acorn:7|rre:3
beir500k-rq1,pos10_cat18,pos10,72773,acorn,64,3,10,0.9900,0.9000,0.00041,0.923,1.355,1.355,0.846,1229.5,10.0,7311.7,66.3,2.0,2.0,0.0,0.0,0.0,0.0,0.00,acorn:7|rre:3
beir500k-rq1,pos10_cat18,pos10,72773,acorn,128,1,10,0.9900,0.9000,0.00041,1.344,1.722,1.722,1.083,1737.2,10.0,10357.3,130.2,3.0,3.0,0.0,0.0,0.0,0.0,0.00,acorn:7|rre:3
beir500k-rq1,pos10_cat18,pos10,72773,acorn,128,2,10,0.9900,0.9000,0.00041,1.171,1.760,1.760,1.032,1737.2,10.0,10357.3,130.2,3.0,3.0,0.0,0.0,0.0,0.0,0.00,acorn:7|rre:3
beir500k-rq1,pos10_cat18,pos10,72773,acorn,128,3,10,0.9900,0.9000,0.00041,1.118,1.598,1.598,0.985,1737.2,10.0,10357.3,130.2,3.0,3.0,0.0,0.0,0.0,0.0,0.00,acorn:7|rre:3
beir500k-rq1,pos10_cat18,pos10,72773,acorn,256,1,10,0.9900,0.9000,0.00041,1.769,2.692,2.692,1.590,2432.1,10.0,14614.7,258.3,6.0,6.0,0.0,0.0,0.0,0.0,0.00,acorn:7|rre:3
beir500k-rq1,pos10_cat18,pos10,72773,acorn,256,2,10,0.9900,0.9000,0.00041,1.793,2.600,2.600,1.574,2432.1,10.0,14614.7,258.3,6.0,6.0,0.0,0.0,0.0,0.0,0.00,acorn:7|rre:3
beir500k-rq1,pos10_cat18,pos10,72773,acorn,256,3,10,0.9900,0.9000,0.00041,1.942,2.773,2.773,1.805,2432.1,10.0,14614.7,258.3,6.0,6.0,0.0,0.0,0.0,0.0,0.00,acorn:7|rre:3
beir500k-rq1,pos10_cat18,pos10,72773,acorn,512,1,10,0.9900,0.9000,0.00041,3.295,5.233,5.233,2.981,3634.4,10.0,21451.8,514.2,14.0,14.0,0.0,0.0,0.0,0.0,0.00,acorn:7|rre:3
beir500k-rq1,pos10_cat18,pos10,72773,acorn,512,2,10,0.9900,0.9000,0.00041,3.088,5.012,5.012,2.985,3634.4,10.0,21451.8,514.2,14.0,14.0,0.0,0.0,0.0,0.0,0.00,acorn:7|rre:3
beir500k-rq1,pos10_cat18,pos10,72773,acorn,512,3,10,0.9900,0.9000,0.00041,3.036,5.341,5.341,2.974,3634.4,10.0,21451.8,514.2,14.0,14.0,0.0,0.0,0.0,0.0,0.00,acorn:7|rre:3
beir500k-rq1,pos10_cat18,pos10,72773,pathseer,64,1,10,0.9900,0.9000,0.00041,0.454,0.718,0.718,0.462,1456.8,0.0,2089.5,152.4,3.0,6.0,121.6,24.3,1189.4,1.9,148.60,pathseer:10
beir500k-rq1,pos10_cat18,pos10,72773,pathseer,64,2,10,0.9900,0.9000,0.00041,0.424,0.733,0.733,0.445,1456.8,0.0,2089.5,152.4,3.0,6.0,121.6,24.3,1189.4,1.9,148.60,pathseer:10
beir500k-rq1,pos10_cat18,pos10,72773,pathseer,64,3,10,0.9900,0.9000,0.00041,0.409,0.760,0.760,0.418,1456.8,0.0,2089.5,152.4,3.0,6.0,121.6,24.3,1189.4,1.9,148.60,pathseer:10
beir500k-rq1,pos10_cat18,pos10,72773,pathseer,128,1,10,0.9900,0.9000,0.00041,0.778,1.437,1.437,0.852,2443.6,0.0,4183.0,346.0,4.0,12.0,224.0,42.1,2468.0,3.5,329.20,pathseer:10
beir500k-rq1,pos10_cat18,pos10,72773,pathseer,128,2,10,0.9900,0.9000,0.00041,0.874,1.446,1.446,0.860,2443.6,0.0,4183.0,346.0,4.0,12.0,224.0,42.1,2468.0,3.5,329.20,pathseer:10
beir500k-rq1,pos10_cat18,pos10,72773,pathseer,128,3,10,0.9900,0.9000,0.00041,0.821,1.413,1.413,0.826,2443.6,0.0,4183.0,346.0,4.0,12.0,224.0,42.1,2468.0,3.5,329.20,pathseer:10
beir500k-rq1,pos10_cat18,pos10,72773,pathseer,256,1,10,0.9900,0.9000,0.00041,1.469,3.200,3.200,1.586,3838.2,0.0,7300.9,678.4,8.0,27.0,435.2,92.4,4296.1,6.8,677.30,pathseer:10
beir500k-rq1,pos10_cat18,pos10,72773,pathseer,256,2,10,0.9900,0.9000,0.00041,1.467,3.335,3.335,1.578,3838.2,0.0,7300.9,678.4,8.0,27.0,435.2,92.4,4296.1,6.8,677.30,pathseer:10
beir500k-rq1,pos10_cat18,pos10,72773,pathseer,256,3,10,0.9900,0.9000,0.00041,1.492,3.082,3.082,1.613,3838.2,0.0,7300.9,678.4,8.0,27.0,435.2,92.4,4296.1,6.8,677.30,pathseer:10
beir500k-rq1,pos10_cat18,pos10,72773,pathseer,512,1,10,0.9900,0.9000,0.00041,3.006,6.416,6.416,3.082,6217.0,0.0,13029.7,1433.9,14.0,73.0,838.4,181.6,7451.6,13.1,1271.60,pathseer:10
beir500k-rq1,pos10_cat18,pos10,72773,pathseer,512,2,10,0.9900,0.9000,0.00041,2.985,6.413,6.413,3.116,6217.0,0.0,13029.7,1433.9,14.0,73.0,838.4,181.6,7451.6,13.1,1271.60,pathseer:10
beir500k-rq1,pos10_cat18,pos10,72773,pathseer,512,3,10,0.9900,0.9000,0.00041,2.927,6.222,6.222,3.066,6217.0,0.0,13029.7,1433.9,14.0,73.0,838.4,181.6,7451.6,13.1,1271.60,pathseer:10
beir500k-rq1,pos10_cat19,pos10,63769,sweeping,64,1,60,0.9867,0.8833,0.00012,0.304,1.012,1.817,0.485,1981.5,0.0,368.7,135.3,4.0,4.0,0.0,0.0,0.0,0.0,0.00,sweeping:60
beir500k-rq1,pos10_cat19,pos10,63769,sweeping,64,2,60,0.9867,0.8833,0.00012,0.291,1.072,1.904,0.494,1981.5,0.0,368.7,135.3,4.0,4.0,0.0,0.0,0.0,0.0,0.00,sweeping:60
beir500k-rq1,pos10_cat19,pos10,63769,sweeping,64,3,60,0.9867,0.8833,0.00012,0.283,1.058,1.846,0.476,1981.5,0.0,368.7,135.3,4.0,4.0,0.0,0.0,0.0,0.0,0.00,sweeping:60
beir500k-rq1,pos10_cat19,pos10,63769,sweeping,128,1,60,0.9983,0.9833,0.00001,0.480,2.096,3.485,0.848,3458.6,0.0,631.8,267.0,7.0,8.0,0.0,0.0,0.0,0.0,0.00,sweeping:60
beir500k-rq1,pos10_cat19,pos10,63769,sweeping,128,2,60,0.9983,0.9833,0.00001,0.500,2.149,3.601,0.884,3458.6,0.0,631.8,267.0,7.0,8.0,0.0,0.0,0.0,0.0,0.00,sweeping:60
beir500k-rq1,pos10_cat19,pos10,63769,sweeping,128,3,60,0.9983,0.9833,0.00001,0.486,2.091,3.574,0.861,3458.6,0.0,631.8,267.0,7.0,8.0,0.0,0.0,0.0,0.0,0.00,sweeping:60
beir500k-rq1,pos10_cat19,pos10,63769,sweeping,256,1,60,0.9983,0.9833,0.00001,0.858,4.073,7.223,1.613,6163.7,0.0,1179.7,551.7,13.0,16.0,0.0,0.0,0.0,0.0,0.00,sweeping:60
beir500k-rq1,pos10_cat19,pos10,63769,sweeping,256,2,60,0.9983,0.9833,0.00001,0.878,4.083,6.922,1.594,6163.7,0.0,1179.7,551.7,13.0,16.0,0.0,0.0,0.0,0.0,0.00,sweeping:60
beir500k-rq1,pos10_cat19,pos10,63769,sweeping,256,3,60,0.9983,0.9833,0.00001,0.871,4.216,7.107,1.612,6163.7,0.0,1179.7,551.7,13.0,16.0,0.0,0.0,0.0,0.0,0.00,sweeping:60
beir500k-rq1,pos10_cat19,pos10,63769,sweeping,512,1,60,0.9983,0.9833,0.00001,1.685,7.804,17.204,3.207,10855.1,0.0,2377.4,1192.1,31.0,37.0,0.0,0.0,0.0,0.0,0.00,sweeping:60
beir500k-rq1,pos10_cat19,pos10,63769,sweeping,512,2,60,0.9983,0.9833,0.00001,1.629,7.720,16.320,3.138,10855.1,0.0,2377.4,1192.1,31.0,37.0,0.0,0.0,0.0,0.0,0.00,sweeping:60
beir500k-rq1,pos10_cat19,pos10,63769,sweeping,512,3,60,0.9983,0.9833,0.00001,1.581,7.700,16.213,3.120,10855.1,0.0,2377.4,1192.1,31.0,37.0,0.0,0.0,0.0,0.0,0.00,sweeping:60
beir500k-rq1,pos10_cat19,pos10,63769,acorn,64,1,60,0.9850,0.8667,0.00013,0.275,1.163,1.359,0.392,1087.2,10.0,2606.8,65.8,4.0,4.0,0.0,0.0,0.0,0.0,0.00,acorn:10|rre:50
beir500k-rq1,pos10_cat19,pos10,63769,acorn,64,2,60,0.9850,0.8667,0.00013,0.270,1.158,1.292,0.384,1087.2,10.0,2606.8,65.8,4.0,4.0,0.0,0.0,0.0,0.0,0.00,acorn:10|rre:50
beir500k-rq1,pos10_cat19,pos10,63769,acorn,64,3,60,0.9850,0.8667,0.00013,0.279,1.189,1.336,0.396,1087.2,10.0,2606.8,65.8,4.0,4.0,0.0,0.0,0.0,0.0,0.00,acorn:10|rre:50
beir500k-rq1,pos10_cat19,pos10,63769,acorn,128,1,60,0.9967,0.9667,0.00001,0.531,2.052,2.252,0.722,1776.6,10.0,4131.9,129.5,6.0,6.0,0.0,0.0,0.0,0.0,0.00,acorn:10|rre:50
beir500k-rq1,pos10_cat19,pos10,63769,acorn,128,2,60,0.9967,0.9667,0.00001,0.532,2.080,2.266,0.734,1776.6,10.0,4131.9,129.5,6.0,6.0,0.0,0.0,0.0,0.0,0.00,acorn:10|rre:50
beir500k-rq1,pos10_cat19,pos10,63769,acorn,128,3,60,0.9967,0.9667,0.00001,0.578,2.100,2.351,0.783,1776.6,10.0,4131.9,129.5,6.0,6.0,0.0,0.0,0.0,0.0,0.00,acorn:10|rre:50
beir500k-rq1,pos10_cat19,pos10,63769,acorn,256,1,60,0.9967,0.9667,0.00001,0.922,3.313,3.636,1.210,2919.3,10.0,6526.0,257.4,14.0,14.0,0.0,0.0,0.0,0.0,0.00,acorn:10|rre:50
beir500k-rq1,pos10_cat19,pos10,63769,acorn,256,2,60,0.9967,0.9667,0.00001,0.910,3.360,3.537,1.212,2919.3,10.0,6526.0,257.4,14.0,14.0,0.0,0.0,0.0,0.0,0.00,acorn:10|rre:50
beir500k-rq1,pos10_cat19,pos10,63769,acorn,256,3,60,0.9967,0.9667,0.00001,0.932,3.539,3.574,1.216,2919.3,10.0,6526.0,257.4,14.0,14.0,0.0,0.0,0.0,0.0,0.00,acorn:10|rre:50
beir500k-rq1,pos10_cat19,pos10,63769,acorn,512,1,60,0.9983,0.9833,0.00001,1.536,5.676,5.818,2.028,4697.0,10.0,10325.8,513.2,35.0,32.0,0.0,0.0,0.0,0.0,0.00,acorn:10|rre:50
beir500k-rq1,pos10_cat19,pos10,63769,acorn,512,2,60,0.9983,0.9833,0.00001,1.578,5.692,5.769,2.016,4697.0,10.0,10325.8,513.2,35.0,32.0,0.0,0.0,0.0,0.0,0.00,acorn:10|rre:50
beir500k-rq1,pos10_cat19,pos10,63769,acorn,512,3,60,0.9983,0.9833,0.00001,1.552,5.579,5.748,2.004,4697.0,10.0,10325.8,513.2,35.0,32.0,0.0,0.0,0.0,0.0,0.00,acorn:10|rre:50
beir500k-rq1,pos10_cat19,pos10,63769,pathseer,64,1,60,0.9850,0.8667,0.00013,0.280,0.529,0.870,0.348,1181.9,0.0,921.7,96.0,2.0,2.0,91.7,51.0,387.9,1.4,24.43,pathseer:60
beir500k-rq1,pos10_cat19,pos10,63769,pathseer,64,2,60,0.9850,0.8667,0.00013,0.282,0.545,0.851,0.353,1181.9,0.0,921.7,96.0,2.0,2.0,91.7,51.0,387.9,1.4,24.43,pathseer:60
beir500k-rq1,pos10_cat19,pos10,63769,pathseer,64,3,60,0.9850,0.8667,0.00013,0.292,0.545,0.871,0.358,1181.9,0.0,921.7,96.0,2.0,2.0,91.7,51.0,387.9,1.4,24.43,pathseer:60
beir500k-rq1,pos10_cat19,pos10,63769,pathseer,128,1,60,0.9950,0.9500,0.00002,0.523,0.996,1.834,0.651,2023.4,0.0,1694.1,195.9,3.0,3.0,165.3,92.3,723.3,2.6,48.97,pathseer:60
beir500k-rq1,pos10_cat19,pos10,63769,pathseer,128,2,60,0.9950,0.9500,0.00002,0.513,1.003,1.925,0.656,2023.4,0.0,1694.1,195.9,3.0,3.0,165.3,92.3,723.3,2.6,48.97,pathseer:60
beir500k-rq1,pos10_cat19,pos10,63769,pathseer,128,3,60,0.9950,0.9500,0.00002,0.495,1.003,1.859,0.632,2023.4,0.0,1694.1,195.9,3.0,3.0,165.3,92.3,723.3,2.6,48.97,pathseer:60
beir500k-rq1,pos10_cat19,pos10,63769,pathseer,256,1,60,0.9950,0.9500,0.00002,1.020,2.259,3.645,1.301,3425.1,0.0,3117.9,398.6,5.0,5.0,305.1,172.5,1339.0,4.8,92.70,pathseer:60
beir500k-rq1,pos10_cat19,pos10,63769,pathseer,256,2,60,0.9950,0.9500,0.00002,0.957,2.092,3.718,1.246,3425.1,0.0,3117.9,398.6,5.0,5.0,305.1,172.5,1339.0,4.8,92.70,pathseer:60
beir500k-rq1,pos10_cat19,pos10,63769,pathseer,256,3,60,0.9950,0.9500,0.00002,1.077,2.136,3.547,1.321,3425.1,0.0,3117.9,398.6,5.0,5.0,305.1,172.5,1339.0,4.8,92.70,pathseer:60
beir500k-rq1,pos10_cat19,pos10,63769,pathseer,512,1,60,0.9983,0.9833,0.00001,1.780,4.163,7.052,2.408,5782.6,0.0,5955.9,837.5,10.0,10.0,618.7,339.3,2511.2,9.7,168.23,pathseer:60
beir500k-rq1,pos10_cat19,pos10,63769,pathseer,512,2,60,0.9983,0.9833,0.00001,1.988,4.640,7.222,2.584,5782.6,0.0,5955.9,837.5,10.0,10.0,618.7,339.3,2511.2,9.7,168.23,pathseer:60
beir500k-rq1,pos10_cat19,pos10,63769,pathseer,512,3,60,0.9983,0.9833,0.00001,1.774,4.140,7.144,2.388,5782.6,0.0,5955.9,837.5,10.0,10.0,618.7,339.3,2511.2,9.7,168.23,pathseer:60
beir500k-rq1,pos10_cat20,pos10,50595,sweeping,64,1,67,0.9955,0.9552,0.00006,0.384,1.031,2.635,0.766,2375.3,0.0,629.0,290.1,4.0,5.0,0.0,0.0,0.0,0.0,0.00,sweeping:67
beir500k-rq1,pos10_cat20,pos10,50595,sweeping,64,2,67,0.9955,0.9552,0.00006,0.364,0.962,2.573,0.731,2375.3,0.0,629.0,290.1,4.0,5.0,0.0,0.0,0.0,0.0,0.00,sweeping:67
beir500k-rq1,pos10_cat20,pos10,50595,sweeping,64,3,67,0.9955,0.9552,0.00006,0.418,1.065,2.688,0.777,2375.3,0.0,629.0,290.1,4.0,5.0,0.0,0.0,0.0,0.0,0.00,sweeping:67
beir500k-rq1,pos10_cat20,pos10,50595,sweeping,128,1,67,0.9970,0.9701,0.00005,0.642,2.041,4.548,1.144,3912.1,0.0,919.6,435.8,6.0,9.0,0.0,0.0,0.0,0.0,0.00,sweeping:67
beir500k-rq1,pos10_cat20,pos10,50595,sweeping,128,2,67,0.9970,0.9701,0.00005,0.617,2.080,4.415,1.108,3912.1,0.0,919.6,435.8,6.0,9.0,0.0,0.0,0.0,0.0,0.00,sweeping:67
beir500k-rq1,pos10_cat20,pos10,50595,sweeping,128,3,67,0.9970,0.9701,0.00005,0.639,1.984,4.445,1.105,3912.1,0.0,919.6,435.8,6.0,9.0,0.0,0.0,0.0,0.0,0.00,sweeping:67
beir500k-rq1,pos10_cat20,pos10,50595,sweeping,256,1,67,0.9970,0.9701,0.00005,1.250,3.900,7.427,1.911,6712.3,0.0,1445.1,685.8,11.0,17.0,0.0,0.0,0.0,0.0,0.00,sweeping:67
beir500k-rq1,pos10_cat20,pos10,50595,sweeping,256,2,67,0.9970,0.9701,0.00005,1.210,4.354,7.057,1.873,6712.3,0.0,1445.1,685.8,11.0,17.0,0.0,0.0,0.0,0.0,0.00,sweeping:67
beir500k-rq1,pos10_cat20,pos10,50595,sweeping,256,3,67,0.9970,0.9701,0.00005,1.180,3.925,6.874,1.844,6712.3,0.0,1445.1,685.8,11.0,17.0,0.0,0.0,0.0,0.0,0.00,sweeping:67
beir500k-rq1,pos10_cat20,pos10,50595,sweeping,512,1,67,0.9985,0.9851,0.00001,2.346,7.190,12.463,3.322,11838.5,0.0,2466.0,1178.3,24.0,40.0,0.0,0.0,0.0,0.0,0.00,sweeping:67
beir500k-rq1,pos10_cat20,pos10,50595,sweeping,512,2,67,0.9985,0.9851,0.00001,2.317,6.972,11.343,3.240,11838.5,0.0,2466.0,1178.3,24.0,40.0,0.0,0.0,0.0,0.0,0.00,sweeping:67
beir500k-rq1,pos10_cat20,pos10,50595,sweeping,512,3,67,0.9985,0.9851,0.00001,2.260,6.966,11.109,3.246,11838.5,0.0,2466.0,1178.3,24.0,40.0,0.0,0.0,0.0,0.0,0.00,sweeping:67
beir500k-rq1,pos10_cat20,pos10,50595,acorn,64,1,67,0.9925,0.9403,0.00022,0.341,1.175,1.355,0.510,1207.6,10.0,3971.2,66.4,3.0,3.0,0.0,0.0,0.0,0.0,0.00,acorn:25|rre:42
beir500k-rq1,pos10_cat20,pos10,50595,acorn,64,2,67,0.9925,0.9403,0.00022,0.330,1.147,1.312,0.499,1207.6,10.0,3971.2,66.4,3.0,3.0,0.0,0.0,0.0,0.0,0.00,acorn:25|rre:42
beir500k-rq1,pos10_cat20,pos10,50595,acorn,64,3,67,0.9925,0.9403,0.00022,0.350,1.260,1.446,0.547,1207.6,10.0,3971.2,66.4,3.0,3.0,0.0,0.0,0.0,0.0,0.00,acorn:25|rre:42
beir500k-rq1,pos10_cat20,pos10,50595,acorn,128,1,67,0.9955,0.9552,0.00014,0.600,2.034,2.238,0.881,2034.3,10.0,6500.6,129.9,6.0,6.0,0.0,0.0,0.0,0.0,0.00,acorn:25|rre:42
beir500k-rq1,pos10_cat20,pos10,50595,acorn,128,2,67,0.9955,0.9552,0.00014,0.574,2.002,2.278,0.859,2034.3,10.0,6500.6,129.9,6.0,6.0,0.0,0.0,0.0,0.0,0.00,acorn:25|rre:42
beir500k-rq1,pos10_cat20,pos10,50595,acorn,128,3,67,0.9955,0.9552,0.00014,0.551,1.958,2.204,0.835,2034.3,10.0,6500.6,129.9,6.0,6.0,0.0,0.0,0.0,0.0,0.00,acorn:25|rre:42
beir500k-rq1,pos10_cat20,pos10,50595,acorn,256,1,67,0.9955,0.9552,0.00014,1.018,3.418,3.721,1.503,3505.4,10.0,10991.2,257.6,12.0,11.0,0.0,0.0,0.0,0.0,0.00,acorn:25|rre:42
beir500k-rq1,pos10_cat20,pos10,50595,acorn,256,2,67,0.9955,0.9552,0.00014,1.067,3.382,3.893,1.511,3505.4,10.0,10991.2,257.6,12.0,11.0,0.0,0.0,0.0,0.0,0.00,acorn:25|rre:42
beir500k-rq1,pos10_cat20,pos10,50595,acorn,256,3,67,0.9955,0.9552,0.00014,1.021,3.394,3.807,1.476,3505.4,10.0,10991.2,257.6,12.0,11.0,0.0,0.0,0.0,0.0,0.00,acorn:25|rre:42
beir500k-rq1,pos10_cat20,pos10,50595,acorn,512,1,67,0.9985,0.9851,0.00001,1.832,5.812,6.347,2.608,5833.1,10.0,17927.9,513.5,26.0,24.0,0.0,0.0,0.0,0.0,0.00,acorn:25|rre:42
beir500k-rq1,pos10_cat20,pos10,50595,acorn,512,2,67,0.9985,0.9851,0.00001,1.873,5.916,6.226,2.655,5833.1,10.0,17927.9,513.5,26.0,24.0,0.0,0.0,0.0,0.0,0.00,acorn:25|rre:42
beir500k-rq1,pos10_cat20,pos10,50595,acorn,512,3,67,0.9985,0.9851,0.00001,1.902,5.957,6.327,2.648,5833.1,10.0,17927.9,513.5,26.0,24.0,0.0,0.0,0.0,0.0,0.00,acorn:25|rre:42
beir500k-rq1,pos10_cat20,pos10,50595,pathseer,64,1,67,0.9955,0.9552,0.00006,0.424,0.792,0.966,0.630,1469.5,0.0,1379.9,205.9,3.0,3.0,110.8,41.4,570.3,1.7,17.61,pathseer:67
beir500k-rq1,pos10_cat20,pos10,50595,pathseer,64,2,67,0.9955,0.9552,0.00006,0.404,0.740,1.018,0.603,1469.5,0.0,1379.9,205.9,3.0,3.0,110.8,41.4,570.3,1.7,17.61,pathseer:67
beir500k-rq1,pos10_cat20,pos10,50595,pathseer,64,3,67,0.9955,0.9552,0.00006,0.390,0.742,0.877,0.577,1469.5,0.0,1379.9,205.9,3.0,3.0,110.8,41.4,570.3,1.7,17.61,pathseer:67
beir500k-rq1,pos10_cat20,pos10,50595,pathseer,128,1,67,0.9970,0.9701,0.00005,0.787,1.492,2.379,1.168,2507.6,0.0,2175.9,341.0,4.0,4.0,184.4,72.2,865.4,2.9,42.78,pathseer:67
beir500k-rq1,pos10_cat20,pos10,50595,pathseer,128,2,67,0.9970,0.9701,0.00005,0.679,1.064,2.148,0.957,2507.6,0.0,2175.9,341.0,4.0,4.0,184.4,72.2,865.4,2.9,42.78,pathseer:67
beir500k-rq1,pos10_cat20,pos10,50595,pathseer,128,3,67,0.9970,0.9701,0.00005,0.685,1.212,2.058,0.957,2507.6,0.0,2175.9,341.0,4.0,4.0,184.4,72.2,865.4,2.9,42.78,pathseer:67
beir500k-rq1,pos10_cat20,pos10,50595,pathseer,256,1,67,0.9970,0.9701,0.00005,1.206,2.106,3.994,1.565,4310.6,0.0,3545.9,556.0,6.0,7.0,341.0,135.2,1385.2,5.3,95.58,pathseer:67
beir500k-rq1,pos10_cat20,pos10,50595,pathseer,256,2,67,0.9970,0.9701,0.00005,1.226,1.993,3.761,1.568,4310.6,0.0,3545.9,556.0,6.0,7.0,341.0,135.2,1385.2,5.3,95.58,pathseer:67
beir500k-rq1,pos10_cat20,pos10,50595,pathseer,256,3,67,0.9970,0.9701,0.00005,1.180,1.977,3.694,1.520,4310.6,0.0,3545.9,556.0,6.0,7.0,341.0,135.2,1385.2,5.3,95.58,pathseer:67
beir500k-rq1,pos10_cat20,pos10,50595,pathseer,512,1,67,0.9985,0.9851,0.00001,2.587,4.716,7.717,3.132,7403.1,0.0,6139.3,960.3,11.0,13.0,686.8,275.9,2326.4,10.7,202.31,pathseer:67
beir500k-rq1,pos10_cat20,pos10,50595,pathseer,512,2,67,0.9985,0.9851,0.00001,2.416,4.155,7.409,2.890,7403.1,0.0,6139.3,960.3,11.0,13.0,686.8,275.9,2326.4,10.7,202.31,pathseer:67
beir500k-rq1,pos10_cat20,pos10,50595,pathseer,512,3,67,0.9985,0.9851,0.00001,2.362,4.368,8.164,2.863,7403.1,0.0,6139.3,960.3,11.0,13.0,686.8,275.9,2326.4,10.7,202.31,pathseer:67
beir500k-rq1,pos10_cat21,pos10,74269,sweeping,64,1,61,0.9951,0.9508,0.00007,0.425,0.850,1.385,0.534,1755.2,0.0,326.2,107.6,4.0,4.0,0.0,0.0,0.0,0.0,0.00,sweeping:61
beir500k-rq1,pos10_cat21,pos10,74269,sweeping,64,2,61,0.9934,0.9344,0.00007,0.386,0.785,1.328,0.487,1755.2,0.0,326.2,107.6,4.0,4.0,0.0,0.0,0.0,0.0,0.00,sweeping:61
beir500k-rq1,pos10_cat21,pos10,74269,sweeping,64,3,61,0.9934,0.9344,0.00007,0.376,0.754,1.333,0.473,1755.2,0.0,326.2,107.6,4.0,4.0,0.0,0.0,0.0,0.0,0.00,sweeping:61
beir500k-rq1,pos10_cat21,pos10,74269,sweeping,128,1,61,0.9984,0.9836,0.00005,0.631,1.339,2.502,0.793,3099.7,0.0,553.0,209.1,6.0,8.0,0.0,0.0,0.0,0.0,0.00,sweeping:61
beir500k-rq1,pos10_cat21,pos10,74269,sweeping,128,2,61,0.9984,0.9836,0.00005,0.621,1.287,2.384,0.785,3099.7,0.0,553.0,209.1,6.0,8.0,0.0,0.0,0.0,0.0,0.00,sweeping:61
beir500k-rq1,pos10_cat21,pos10,74269,sweeping,128,3,61,0.9984,0.9836,0.00005,0.682,1.405,2.344,0.827,3099.7,0.0,553.0,209.1,6.0,8.0,0.0,0.0,0.0,0.0,0.00,sweeping:61
beir500k-rq1,pos10_cat21,pos10,74269,sweeping,256,1,61,1.0000,1.0000,0.00000,1.203,2.889,4.617,1.518,5400.4,0.0,994.5,398.0,12.0,17.0,0.0,0.0,0.0,0.0,0.00,sweeping:61
beir500k-rq1,pos10_cat21,pos10,74269,sweeping,256,2,61,0.9984,0.9836,0.00000,1.138,2.743,3.856,1.413,5400.4,0.0,994.5,398.0,12.0,17.0,0.0,0.0,0.0,0.0,0.00,sweeping:61
beir500k-rq1,pos10_cat21,pos10,74269,sweeping,256,3,61,0.9984,0.9836,0.00000,1.182,2.908,4.101,1.493,5400.4,0.0,994.5,398.0,12.0,17.0,0.0,0.0,0.0,0.0,0.00,sweeping:61
beir500k-rq1,pos10_cat21,pos10,74269,sweeping,512,1,61,1.0000,1.0000,0.00000,2.108,5.732,6.797,2.653,9460.0,0.0,1842.8,790.5,25.0,35.0,0.0,0.0,0.0,0.0,0.00,sweeping:61
beir500k-rq1,pos10_cat21,pos10,74269,sweeping,512,2,61,1.0000,1.0000,0.00000,2.112,5.383,7.161,2.601,9460.0,0.0,1842.8,790.5,25.0,35.0,0.0,0.0,0.0,0.0,0.00,sweeping:61
beir500k-rq1,pos10_cat21,pos10,74269,sweeping,512,3,61,0.9984,0.9836,0.00000,2.199,5.643,6.871,2.672,9460.0,0.0,1842.8,790.5,25.0,35.0,0.0,0.0,0.0,0.0,0.00,sweeping:61
beir500k-rq1,pos10_cat21,pos10,74269,acorn,64,1,61,0.9967,0.9672,0.00001,0.357,0.969,1.190,0.482,1161.1,10.0,3007.6,66.2,3.0,3.0,0.0,0.0,0.0,0.0,0.00,acorn:18|rre:43
beir500k-rq1,pos10_cat21,pos10,74269,acorn,64,2,61,0.9984,0.9836,0.00001,0.418,1.229,1.254,0.578,1161.1,10.0,3007.6,66.2,3.0,3.0,0.0,0.0,0.0,0.0,0.00,acorn:18|rre:43
beir500k-rq1,pos10_cat21,pos10,74269,acorn,64,3,61,0.9984,0.9836,0.00001,0.405,1.110,1.254,0.544,1161.1,10.0,3007.6,66.2,3.0,3.0,0.0,0.0,0.0,0.0,0.00,acorn:18|rre:43
beir500k-rq1,pos10_cat21,pos10,74269,acorn,128,1,61,1.0000,1.0000,0.00000,0.616,1.538,1.687,0.797,1979.3,10.0,4981.7,129.8,6.0,6.0,0.0,0.0,0.0,0.0,0.00,acorn:18|rre:43
beir500k-rq1,pos10_cat21,pos10,74269,acorn,128,2,61,1.0000,1.0000,0.00000,0.574,1.533,1.701,0.770,1979.3,10.0,4981.7,129.8,6.0,6.0,0.0,0.0,0.0,0.0,0.00,acorn:18|rre:43
beir500k-rq1,pos10_cat21,pos10,74269,acorn,128,3,61,1.0000,1.0000,0.00000,0.569,1.520,1.679,0.776,1979.3,10.0,4981.7,129.8,6.0,6.0,0.0,0.0,0.0,0.0,0.00,acorn:18|rre:43
beir500k-rq1,pos10_cat21,pos10,74269,acorn,256,1,61,1.0000,1.0000,0.00000,0.999,2.465,2.974,1.304,3320.5,10.0,8149.8,257.7,13.0,12.0,0.0,0.0,0.0,0.0,0.00,acorn:18|rre:43
beir500k-rq1,pos10_cat21,pos10,74269,acorn,256,2,61,0.9984,0.9836,0.00000,1.059,2.476,2.816,1.365,3320.5,10.0,8149.8,257.7,13.0,12.0,0.0,0.0,0.0,0.0,0.00,acorn:18|rre:43
beir500k-rq1,pos10_cat21,pos10,74269,acorn,256,3,61,0.9984,0.9836,0.00000,1.028,2.617,2.718,1.373,3320.5,10.0,8149.8,257.7,13.0,12.0,0.0,0.0,0.0,0.0,0.00,acorn:18|rre:43
beir500k-rq1,pos10_cat21,pos10,74269,acorn,512,1,61,1.0000,1.0000,0.00000,1.785,4.294,4.588,2.282,5437.6,10.0,13176.4,513.5,30.0,28.0,0.0,0.0,0.0,0.0,0.00,acorn:18|rre:43
beir500k-rq1,pos10_cat21,pos10,74269,acorn,512,2,61,1.0000,1.0000,0.00000,1.793,4.234,4.582,2.272,5437.6,10.0,13176.4,513.5,30.0,28.0,0.0,0.0,0.0,0.0,0.00,acorn:18|rre:43
beir500k-rq1,pos10_cat21,pos10,74269,acorn,512,3,61,0.9984,0.9836,0.00000,1.833,4.388,4.683,2.320,5437.6,10.0,13176.4,513.5,30.0,28.0,0.0,0.0,0.0,0.0,0.00,acorn:18|rre:43
beir500k-rq1,pos10_cat21,pos10,74269,pathseer,64,1,61,0.9951,0.9508,0.00007,0.343,0.464,0.623,0.354,1270.0,0.0,682.9,78.2,2.0,3.0,104.9,41.0,203.2,1.6,13.79,pathseer:61
beir500k-rq1,pos10_cat21,pos10,74269,pathseer,64,2,61,0.9951,0.9508,0.00007,0.347,0.479,0.635,0.362,1270.0,0.0,682.9,78.2,2.0,3.0,104.9,41.0,203.2,1.6,13.79,pathseer:61
beir500k-rq1,pos10_cat21,pos10,74269,pathseer,64,3,61,0.9934,0.9344,0.00007,0.341,0.471,0.640,0.357,1270.0,0.0,682.9,78.2,2.0,3.0,104.9,41.0,203.2,1.6,13.79,pathseer:61
beir500k-rq1,pos10_cat21,pos10,74269,pathseer,128,1,61,0.9984,0.9836,0.00005,0.609,0.894,1.324,0.663,2234.6,0.0,1360.6,166.3,4.0,4.0,183.6,77.5,481.4,2.9,32.36,pathseer:61
beir500k-rq1,pos10_cat21,pos10,74269,pathseer,128,2,61,0.9984,0.9836,0.00005,0.613,0.802,1.343,0.658,2234.6,0.0,1360.6,166.3,4.0,4.0,183.6,77.5,481.4,2.9,32.36,pathseer:61
beir500k-rq1,pos10_cat21,pos10,74269,pathseer,128,3,61,0.9984,0.9836,0.00005,0.626,0.845,1.495,0.676,2234.6,0.0,1360.6,166.3,4.0,4.0,183.6,77.5,481.4,2.9,32.36,pathseer:61
beir500k-rq1,pos10_cat21,pos10,74269,pathseer,256,1,61,1.0000,1.0000,0.00000,1.168,1.610,2.203,1.228,3888.1,0.0,2462.3,329.0,6.0,7.0,349.4,151.6,855.2,5.5,68.95,pathseer:61
beir500k-rq1,pos10_cat21,pos10,74269,pathseer,256,2,61,0.9984,0.9836,0.00000,1.141,1.602,2.126,1.205,3888.1,0.0,2462.3,329.0,6.0,7.0,349.4,151.6,855.2,5.5,68.95,pathseer:61
beir500k-rq1,pos10_cat21,pos10,74269,pathseer,256,3,61,0.9984,0.9836,0.00000,1.114,1.646,2.195,1.197,3888.1,0.0,2462.3,329.0,6.0,7.0,349.4,151.6,855.2,5.5,68.95,pathseer:61
beir500k-rq1,pos10_cat21,pos10,74269,pathseer,512,1,61,0.9984,0.9836,0.00000,2.037,3.150,4.003,2.205,6640.0,0.0,4642.4,666.3,11.0,13.0,690.4,298.9,1573.1,10.8,138.51,pathseer:61
beir500k-rq1,pos10_cat21,pos10,74269,pathseer,512,2,61,0.9984,0.9836,0.00000,2.021,3.069,4.161,2.227,6640.0,0.0,4642.4,666.3,11.0,13.0,690.4,298.9,1573.1,10.8,138.51,pathseer:61
beir500k-rq1,pos10_cat21,pos10,74269,pathseer,512,3,61,0.9984,0.9836,0.00000,2.076,3.223,4.048,2.262,6640.0,0.0,4642.4,666.3,11.0,13.0,690.4,298.9,1573.1,10.8,138.51,pathseer:61
beir500k-rq1,pos40_cat00,pos40,202630,sweeping,64,1,12,1.0000,1.0000,0.00000,0.650,1.066,1.186,0.698,3758.4,0.0,561.0,205.5,3.0,6.0,0.0,0.0,0.0,0.0,0.00,sweeping:12
beir500k-rq1,pos40_cat00,pos40,202630,sweeping,64,2,12,1.0000,1.0000,0.00000,0.739,0.988,1.151,0.687,3758.4,0.0,561.0,205.5,3.0,6.0,0.0,0.0,0.0,0.0,0.00,sweeping:12
beir500k-rq1,pos40_cat00,pos40,202630,sweeping,64,3,12,1.0000,1.0000,0.00000,0.768,1.032,1.250,0.702,3758.4,0.0,561.0,205.5,3.0,6.0,0.0,0.0,0.0,0.0,0.00,sweeping:12
beir500k-rq1,pos40_cat00,pos40,202630,sweeping,128,1,12,1.0000,1.0000,0.00000,1.743,2.590,2.965,1.631,7113.2,0.0,1114.2,438.3,5.0,16.0,0.0,0.0,0.0,0.0,0.00,sweeping:12
beir500k-rq1,pos40_cat00,pos40,202630,sweeping,128,2,12,1.0000,1.0000,0.00000,1.635,2.367,2.587,1.503,7113.2,0.0,1114.2,438.3,5.0,16.0,0.0,0.0,0.0,0.0,0.00,sweeping:12
beir500k-rq1,pos40_cat00,pos40,202630,sweeping,128,3,12,1.0000,1.0000,0.00000,1.706,2.677,2.776,1.553,7113.2,0.0,1114.2,438.3,5.0,16.0,0.0,0.0,0.0,0.0,0.00,sweeping:12
beir500k-rq1,pos40_cat00,pos40,202630,sweeping,256,1,12,1.0000,1.0000,0.00000,3.326,5.262,5.549,3.163,13289.2,0.0,2325.2,929.8,11.0,43.0,0.0,0.0,0.0,0.0,0.00,sweeping:12
beir500k-rq1,pos40_cat00,pos40,202630,sweeping,256,2,12,1.0000,1.0000,0.00000,2.923,5.390,5.422,3.016,13289.2,0.0,2325.2,929.8,11.0,43.0,0.0,0.0,0.0,0.0,0.00,sweeping:12
beir500k-rq1,pos40_cat00,pos40,202630,sweeping,256,3,12,1.0000,1.0000,0.00000,2.915,5.112,5.889,3.025,13289.2,0.0,2325.2,929.8,11.0,43.0,0.0,0.0,0.0,0.0,0.00,sweeping:12
beir500k-rq1,pos40_cat00,pos40,202630,sweeping,512,1,12,1.0000,1.0000,0.00000,5.429,11.025,11.644,5.790,24112.9,0.0,4723.3,1976.8,22.0,75.0,0.0,0.0,0.0,0.0,0.00,sweeping:12
beir500k-rq1,pos40_cat00,pos40,202630,sweeping,512,2,12,1.0000,1.0000,0.00000,5.422,10.944,12.159,5.868,24112.9,0.0,4723.3,1976.8,22.0,75.0,0.0,0.0,0.0,0.0,0.00,sweeping:12
beir500k-rq1,pos40_cat00,pos40,202630,sweeping,512,3,12,1.0000,1.0000,0.00000,5.465,11.221,11.912,5.900,24112.9,0.0,4723.3,1976.8,22.0,75.0,0.0,0.0,0.0,0.0,0.00,sweeping:12
beir500k-rq1,pos40_cat00,pos40,202630,acorn,64,1,12,1.0000,1.0000,0.00000,0.942,1.221,1.465,0.868,3758.4,0.0,561.0,205.5,3.0,6.0,0.0,0.0,0.0,0.0,0.00,sweeping:12
beir500k-rq1,pos40_cat00,pos40,202630,acorn,64,2,12,1.0000,1.0000,0.00000,0.794,1.069,1.423,0.761,3758.4,0.0,561.0,205.5,3.0,6.0,0.0,0.0,0.0,0.0,0.00,sweeping:12
beir500k-rq1,pos40_cat00,pos40,202630,acorn,64,3,12,1.0000,1.0000,0.00000,0.786,0.959,1.114,0.686,3758.4,0.0,561.0,205.5,3.0,6.0,0.0,0.0,0.0,0.0,0.00,sweeping:12
beir500k-rq1,pos40_cat00,pos40,202630,acorn,128,1,12,1.0000,1.0000,0.00000,1.616,2.548,2.787,1.627,7113.2,0.0,1114.2,438.3,5.0,16.0,0.0,0.0,0.0,0.0,0.00,sweeping:12
beir500k-rq1,pos40_cat00,pos40,202630,acorn,128,2,12,1.0000,1.0000,0.00000,1.505,2.543,2.721,1.527,7113.2,0.0,1114.2,438.3,5.0,16.0,0.0,0.0,0.0,0.0,0.00,sweeping:12
beir500k-rq1,pos40_cat00,pos40,202630,acorn,128,3,12,1.0000,1.0000,0.00000,1.567,2.459,2.832,1.477,7113.2,0.0,1114.2,438.3,5.0,16.0,0.0,0.0,0.0,0.0,0.00,sweeping:12
beir500k-rq1,pos40_cat00,pos40,202630,acorn,256,1,12,1.0000,1.0000,0.00000,3.127,5.316,5.783,3.065,13289.2,0.0,2325.2,929.8,11.0,43.0,0.0,0.0,0.0,0.0,0.00,sweeping:12
beir500k-rq1,pos40_cat00,pos40,202630,acorn,256,2,12,1.0000,1.0000,0.00000,3.170,5.419,5.806,3.159,13289.2,0.0,2325.2,929.8,11.0,43.0,0.0,0.0,0.0,0.0,0.00,sweeping:12
beir500k-rq1,pos40_cat00,pos40,202630,acorn,256,3,12,1.0000,1.0000,0.00000,3.481,4.991,6.481,3.359,13289.2,0.0,2325.2,929.8,11.0,43.0,0.0,0.0,0.0,0.0,0.00,sweeping:12
beir500k-rq1,pos40_cat00,pos40,202630,acorn,512,1,12,1.0000,1.0000,0.00000,5.613,11.365,12.146,6.031,24112.9,0.0,4723.3,1976.8,22.0,75.0,0.0,0.0,0.0,0.0,0.00,sweeping:12
beir500k-rq1,pos40_cat00,pos40,202630,acorn,512,2,12,1.0000,1.0000,0.00000,5.510,11.044,12.979,5.990,24112.9,0.0,4723.3,1976.8,22.0,75.0,0.0,0.0,0.0,0.0,0.00,sweeping:12
beir500k-rq1,pos40_cat00,pos40,202630,acorn,512,3,12,1.0000,1.0000,0.00000,5.241,11.695,11.983,5.934,24112.9,0.0,4723.3,1976.8,22.0,75.0,0.0,0.0,0.0,0.0,0.00,sweeping:12
beir500k-rq1,pos40_cat00,pos40,202630,pathseer,64,1,12,1.0000,1.0000,0.00000,0.512,0.574,0.642,0.491,1557.6,0.0,1769.8,122.0,3.0,5.0,117.3,30.0,1013.3,1.8,67.58,pathseer:12
beir500k-rq1,pos40_cat00,pos40,202630,pathseer,64,2,12,1.0000,1.0000,0.00000,0.457,0.582,0.594,0.437,1557.6,0.0,1769.8,122.0,3.0,5.0,117.3,30.0,1013.3,1.8,67.58,pathseer:12
beir500k-rq1,pos40_cat00,pos40,202630,pathseer,64,3,12,1.0000,1.0000,0.00000,0.492,0.540,0.630,0.468,1557.6,0.0,1769.8,122.0,3.0,5.0,117.3,30.0,1013.3,1.8,67.58,pathseer:12
beir500k-rq1,pos40_cat00,pos40,202630,pathseer,128,1,12,1.0000,1.0000,0.00000,0.875,1.158,1.313,0.909,2819.1,0.0,3493.9,257.8,4.0,9.0,218.7,48.9,2076.3,3.4,158.83,pathseer:12
beir500k-rq1,pos40_cat00,pos40,202630,pathseer,128,2,12,1.0000,1.0000,0.00000,0.872,1.105,1.290,0.871,2819.1,0.0,3493.9,257.8,4.0,9.0,218.7,48.9,2076.3,3.4,158.83,pathseer:12
beir500k-rq1,pos40_cat00,pos40,202630,pathseer,128,3,12,1.0000,1.0000,0.00000,0.841,1.064,1.303,0.858,2819.1,0.0,3493.9,257.8,4.0,9.0,218.7,48.9,2076.3,3.4,158.83,pathseer:12
beir500k-rq1,pos40_cat00,pos40,202630,pathseer,256,1,12,1.0000,1.0000,0.00000,2.055,2.809,3.403,2.067,5112.7,0.0,6792.2,545.1,7.0,23.0,405.3,81.8,4030.3,6.3,354.08,pathseer:12
beir500k-rq1,pos40_cat00,pos40,202630,pathseer,256,2,12,1.0000,1.0000,0.00000,1.924,2.778,3.355,1.986,5112.7,0.0,6792.2,545.1,7.0,23.0,405.3,81.8,4030.3,6.3,354.08,pathseer:12
beir500k-rq1,pos40_cat00,pos40,202630,pathseer,256,3,12,1.0000,1.0000,0.00000,2.148,15.421,22.390,5.314,5112.7,0.0,6792.2,545.1,7.0,23.0,405.3,81.8,4030.3,6.3,354.08,pathseer:12
beir500k-rq1,pos40_cat00,pos40,202630,pathseer,512,1,12,1.0000,1.0000,0.00000,3.482,5.864,6.243,3.694,9142.6,0.0,13432.2,1183.4,15.0,53.0,890.7,180.9,7883.8,13.9,716.00,pathseer:12
beir500k-rq1,pos40_cat00,pos40,202630,pathseer,512,2,12,1.0000,1.0000,0.00000,4.237,6.682,11.308,4.787,9142.6,0.0,13432.2,1183.4,15.0,53.0,890.7,180.9,7883.8,13.9,716.00,pathseer:12
beir500k-rq1,pos40_cat00,pos40,202630,pathseer,512,3,12,1.0000,1.0000,0.00000,3.394,6.149,6.307,3.747,9142.6,0.0,13432.2,1183.4,15.0,53.0,890.7,180.9,7883.8,13.9,716.00,pathseer:12
beir500k-rq1,pos40_cat01,pos40,222136,sweeping,64,1,22,0.9909,0.9091,0.00014,0.370,0.475,0.486,0.372,1377.6,0.0,208.2,69.2,4.0,4.0,0.0,0.0,0.0,0.0,0.00,sweeping:22
beir500k-rq1,pos40_cat01,pos40,222136,sweeping,64,2,22,0.9909,0.9091,0.00014,0.313,0.381,0.385,0.307,1377.6,0.0,208.2,69.2,4.0,4.0,0.0,0.0,0.0,0.0,0.00,sweeping:22
beir500k-rq1,pos40_cat01,pos40,222136,sweeping,64,3,22,0.9909,0.9091,0.00014,0.314,0.391,0.400,0.309,1377.6,0.0,208.2,69.2,4.0,4.0,0.0,0.0,0.0,0.0,0.00,sweeping:22
beir500k-rq1,pos40_cat01,pos40,222136,sweeping,128,1,22,1.0000,1.0000,0.00000,0.573,0.792,0.919,0.597,2382.0,0.0,356.4,137.4,6.0,6.0,0.0,0.0,0.0,0.0,0.00,sweeping:22
beir500k-rq1,pos40_cat01,pos40,222136,sweeping,128,2,22,1.0000,1.0000,0.00000,0.583,0.829,0.833,0.603,2382.0,0.0,356.4,137.4,6.0,6.0,0.0,0.0,0.0,0.0,0.00,sweeping:22
beir500k-rq1,pos40_cat01,pos40,222136,sweeping,128,3,22,1.0000,1.0000,0.00000,0.648,0.887,0.930,0.648,2382.0,0.0,356.4,137.4,6.0,6.0,0.0,0.0,0.0,0.0,0.00,sweeping:22
beir500k-rq1,pos40_cat01,pos40,222136,sweeping,256,1,22,1.0000,1.0000,0.00000,0.931,1.360,1.472,0.999,4257.2,0.0,634.4,278.2,11.0,12.0,0.0,0.0,0.0,0.0,0.00,sweeping:22
beir500k-rq1,pos40_cat01,pos40,222136,sweeping,256,2,22,1.0000,1.0000,0.00000,1.002,1.334,1.539,1.008,4257.2,0.0,634.4,278.2,11.0,12.0,0.0,0.0,0.0,0.0,0.00,sweeping:22
beir500k-rq1,pos40_cat01,pos40,222136,sweeping,256,3,22,1.0000,1.0000,0.00000,1.009,1.441,1.495,1.030,4257.2,0.0,634.4,278.2,11.0,12.0,0.0,0.0,0.0,0.0,0.00,sweeping:22
beir500k-rq1,pos40_cat01,pos40,222136,sweeping,512,1,22,1.0000,1.0000,0.00000,1.804,2.811,2.818,1.915,7557.3,0.0,1187.7,568.9,24.0,27.0,0.0,0.0,0.0,0.0,0.00,sweeping:22
beir500k-rq1,pos40_cat01,pos40,222136,sweeping,512,2,22,1.0000,1.0000,0.00000,1.787,2.818,2.827,1.901,7557.3,0.0,1187.7,568.9,24.0,27.0,0.0,0.0,0.0,0.0,0.00,sweeping:22
beir500k-rq1,pos40_cat01,pos40,222136,sweeping,512,3,22,1.0000,1.0000,0.00000,1.910,2.719,2.969,2.006,7557.3,0.0,1187.7,568.9,24.0,27.0,0.0,0.0,0.0,0.0,0.00,sweeping:22
beir500k-rq1,pos40_cat01,pos40,222136,acorn,64,1,22,0.9909,0.9091,0.00014,0.263,0.329,0.342,0.271,1377.6,0.0,208.2,69.2,4.0,4.0,0.0,0.0,0.0,0.0,0.00,sweeping:22
beir500k-rq1,pos40_cat01,pos40,222136,acorn,64,2,22,0.9909,0.9091,0.00014,0.271,0.345,0.349,0.276,1377.6,0.0,208.2,69.2,4.0,4.0,0.0,0.0,0.0,0.0,0.00,sweeping:22
beir500k-rq1,pos40_cat01,pos40,222136,acorn,64,3,22,0.9909,0.9091,0.00014,0.271,0.329,0.348,0.274,1377.6,0.0,208.2,69.2,4.0,4.0,0.0,0.0,0.0,0.0,0.00,sweeping:22
beir500k-rq1,pos40_cat01,pos40,222136,acorn,128,1,22,1.0000,1.0000,0.00000,0.497,0.650,0.682,0.522,2382.0,0.0,356.4,137.4,6.0,6.0,0.0,0.0,0.0,0.0,0.00,sweeping:22
beir500k-rq1,pos40_cat01,pos40,222136,acorn,128,2,22,1.0000,1.0000,0.00000,0.530,0.684,0.717,0.528,2382.0,0.0,356.4,137.4,6.0,6.0,0.0,0.0,0.0,0.0,0.00,sweeping:22
beir500k-rq1,pos40_cat01,pos40,222136,acorn,128,3,22,1.0000,1.0000,0.00000,0.534,0.679,0.720,0.547,2382.0,0.0,356.4,137.4,6.0,6.0,0.0,0.0,0.0,0.0,0.00,sweeping:22
beir500k-rq1,pos40_cat01,pos40,222136,acorn,256,1,22,1.0000,1.0000,0.00000,0.968,1.372,1.449,1.015,4257.2,0.0,634.4,278.2,11.0,12.0,0.0,0.0,0.0,0.0,0.00,sweeping:22
beir500k-rq1,pos40_cat01,pos40,222136,acorn,256,2,22,1.0000,1.0000,0.00000,1.008,1.344,1.473,1.033,4257.2,0.0,634.4,278.2,11.0,12.0,0.0,0.0,0.0,0.0,0.00,sweeping:22
beir500k-rq1,pos40_cat01,pos40,222136,acorn,256,3,22,1.0000,1.0000,0.00000,0.966,1.420,1.479,0.995,4257.2,0.0,634.4,278.2,11.0,12.0,0.0,0.0,0.0,0.0,0.00,sweeping:22
beir500k-rq1,pos40_cat01,pos40,222136,acorn,512,1,22,1.0000,1.0000,0.00000,2.073,3.056,3.081,2.161,7557.3,0.0,1187.7,568.9,24.0,27.0,0.0,0.0,0.0,0.0,0.00,sweeping:22
beir500k-rq1,pos40_cat01,pos40,222136,acorn,512,2,22,1.0000,1.0000,0.00000,2.080,3.055,3.148,2.129,7557.3,0.0,1187.7,568.9,24.0,27.0,0.0,0.0,0.0,0.0,0.00,sweeping:22
beir500k-rq1,pos40_cat01,pos40,222136,acorn,512,3,22,1.0000,1.0000,0.00000,2.040,2.895,3.198,2.105,7557.3,0.0,1187.7,568.9,24.0,27.0,0.0,0.0,0.0,0.0,0.00,sweeping:22
beir500k-rq1,pos40_cat01,pos40,222136,pathseer,64,1,22,0.9909,0.9091,0.00014,0.331,0.440,0.528,0.341,1367.8,0.0,415.7,68.5,2.0,2.0,66.9,52.2,34.9,1.0,2.41,pathseer:22
beir500k-rq1,pos40_cat01,pos40,222136,pathseer,64,2,22,0.9909,0.9091,0.00014,0.332,0.427,0.463,0.348,1367.8,0.0,415.7,68.5,2.0,2.0,66.9,52.2,34.9,1.0,2.41,pathseer:22
beir500k-rq1,pos40_cat01,pos40,222136,pathseer,64,3,22,0.9909,0.9091,0.00014,0.330,0.442,0.465,0.342,1367.8,0.0,415.7,68.5,2.0,2.0,66.9,52.2,34.9,1.0,2.41,pathseer:22
beir500k-rq1,pos40_cat01,pos40,222136,pathseer,128,1,22,1.0000,1.0000,0.00000,0.664,0.852,0.886,0.669,2322.0,0.0,786.8,135.4,3.0,3.0,136.7,105.8,84.4,2.1,5.86,pathseer:22
beir500k-rq1,pos40_cat01,pos40,222136,pathseer,128,2,22,1.0000,1.0000,0.00000,0.655,0.845,0.869,0.692,2322.0,0.0,786.8,135.4,3.0,3.0,136.7,105.8,84.4,2.1,5.86,pathseer:22
beir500k-rq1,pos40_cat01,pos40,222136,pathseer,128,3,22,1.0000,1.0000,0.00000,0.698,0.942,0.981,0.711,2322.0,0.0,786.8,135.4,3.0,3.0,136.7,105.8,84.4,2.1,5.86,pathseer:22
beir500k-rq1,pos40_cat01,pos40,222136,pathseer,256,1,22,1.0000,1.0000,0.00000,1.094,1.500,1.589,1.160,3987.0,0.0,1513.1,272.0,5.0,5.0,253.1,187.0,231.6,4.0,17.05,pathseer:22
beir500k-rq1,pos40_cat01,pos40,222136,pathseer,256,2,22,1.0000,1.0000,0.00000,1.098,1.473,1.556,1.143,3987.0,0.0,1513.1,272.0,5.0,5.0,253.1,187.0,231.6,4.0,17.05,pathseer:22
beir500k-rq1,pos40_cat01,pos40,222136,pathseer,256,3,22,1.0000,1.0000,0.00000,1.070,1.492,1.693,1.122,3987.0,0.0,1513.1,272.0,5.0,5.0,253.1,187.0,231.6,4.0,17.05,pathseer:22
beir500k-rq1,pos40_cat01,pos40,222136,pathseer,512,1,22,1.0000,1.0000,0.00000,2.069,2.746,2.790,2.096,6821.4,0.0,2925.7,547.8,9.0,9.0,512.0,345.7,509.0,8.0,49.64,pathseer:22
beir500k-rq1,pos40_cat01,pos40,222136,pathseer,512,2,22,1.0000,1.0000,0.00000,2.121,2.508,2.511,2.100,6821.4,0.0,2925.7,547.8,9.0,9.0,512.0,345.7,509.0,8.0,49.64,pathseer:22
beir500k-rq1,pos40_cat01,pos40,222136,pathseer,512,3,22,1.0000,1.0000,0.00000,2.044,2.534,2.670,2.082,6821.4,0.0,2925.7,547.8,9.0,9.0,512.0,345.7,509.0,8.0,49.64,pathseer:22
beir500k-rq1,pos40_cat02,pos40,209153,sweeping,64,1,60,0.9117,0.6167,0.00266,0.432,0.598,0.735,0.467,1945.8,0.0,278.0,75.5,3.0,3.0,0.0,0.0,0.0,0.0,0.00,sweeping:60
beir500k-rq1,pos40_cat02,pos40,209153,sweeping,64,2,60,0.9117,0.6167,0.00266,0.394,0.536,0.678,0.430,1945.8,0.0,278.0,75.5,3.0,3.0,0.0,0.0,0.0,0.0,0.00,sweeping:60
beir500k-rq1,pos40_cat02,pos40,209153,sweeping,64,3,60,0.9117,0.6167,0.00266,0.412,0.582,0.600,0.440,1945.8,0.0,278.0,75.5,3.0,3.0,0.0,0.0,0.0,0.0,0.00,sweeping:60
beir500k-rq1,pos40_cat02,pos40,209153,sweeping,128,1,60,0.9500,0.7500,0.00173,0.759,1.092,1.210,0.837,3470.7,0.0,480.8,151.4,5.0,5.0,0.0,0.0,0.0,0.0,0.00,sweeping:60
beir500k-rq1,pos40_cat02,pos40,209153,sweeping,128,2,60,0.9500,0.7500,0.00173,0.873,1.164,1.539,0.922,3470.7,0.0,480.8,151.4,5.0,5.0,0.0,0.0,0.0,0.0,0.00,sweeping:60
beir500k-rq1,pos40_cat02,pos40,209153,sweeping,128,3,60,0.9500,0.7500,0.00173,0.742,1.013,1.142,0.799,3470.7,0.0,480.8,151.4,5.0,5.0,0.0,0.0,0.0,0.0,0.00,sweeping:60
beir500k-rq1,pos40_cat02,pos40,209153,sweeping,256,1,60,0.9900,0.9000,0.00021,1.287,1.859,2.148,1.394,6052.4,0.0,847.8,304.1,9.0,10.0,0.0,0.0,0.0,0.0,0.00,sweeping:60
beir500k-rq1,pos40_cat02,pos40,209153,sweeping,256,2,60,0.9900,0.9000,0.00021,1.359,2.014,2.336,1.462,6052.4,0.0,847.8,304.1,9.0,10.0,0.0,0.0,0.0,0.0,0.00,sweeping:60
beir500k-rq1,pos40_cat02,pos40,209153,sweeping,256,3,60,0.9900,0.9000,0.00021,1.347,1.962,2.053,1.479,6052.4,0.0,847.8,304.1,9.0,10.0,0.0,0.0,0.0,0.0,0.00,sweeping:60
beir500k-rq1,pos40_cat02,pos40,209153,sweeping,512,1,60,0.9967,0.9667,0.00012,2.471,3.691,3.918,2.662,10176.6,0.0,1536.4,607.7,18.0,19.0,0.0,0.0,0.0,0.0,0.00,sweeping:60
beir500k-rq1,pos40_cat02,pos40,209153,sweeping,512,2,60,0.9967,0.9667,0.00012,2.514,3.790,4.644,2.756,10176.6,0.0,1536.4,607.7,18.0,19.0,0.0,0.0,0.0,0.0,0.00,sweeping:60
beir500k-rq1,pos40_cat02,pos40,209153,sweeping,512,3,60,0.9967,0.9667,0.00012,2.539,3.373,3.841,2.645,10176.6,0.0,1536.4,607.7,18.0,19.0,0.0,0.0,0.0,0.0,0.00,sweeping:60
beir500k-rq1,pos40_cat02,pos40,209153,acorn,64,1,60,0.9117,0.6167,0.00266,0.481,0.664,0.734,0.514,1945.8,0.0,278.0,75.5,3.0,3.0,0.0,0.0,0.0,0.0,0.00,sweeping:60
beir500k-rq1,pos40_cat02,pos40,209153,acorn,64,2,60,0.9117,0.6167,0.00266,0.447,0.653,0.671,0.478,1945.8,0.0,278.0,75.5,3.0,3.0,0.0,0.0,0.0,0.0,0.00,sweeping:60
beir500k-rq1,pos40_cat02,pos40,209153,acorn,64,3,60,0.9117,0.6167,0.00266,0.409,0.545,0.575,0.442,1945.8,0.0,278.0,75.5,3.0,3.0,0.0,0.0,0.0,0.0,0.00,sweeping:60
beir500k-rq1,pos40_cat02,pos40,209153,acorn,128,1,60,0.9500,0.7500,0.00173,0.698,0.956,1.004,0.753,3470.7,0.0,480.8,151.4,5.0,5.0,0.0,0.0,0.0,0.0,0.00,sweeping:60
beir500k-rq1,pos40_cat02,pos40,209153,acorn,128,2,60,0.9500,0.7500,0.00173,0.659,0.922,1.018,0.724,3470.7,0.0,480.8,151.4,5.0,5.0,0.0,0.0,0.0,0.0,0.00,sweeping:60
beir500k-rq1,pos40_cat02,pos40,209153,acorn,128,3,60,0.9500,0.7500,0.00173,0.638,0.875,1.027,0.702,3470.7,0.0,480.8,151.4,5.0,5.0,0.0,0.0,0.0,0.0,0.00,sweeping:60
beir500k-rq1,pos40_cat02,pos40,209153,acorn,256,1,60,0.9900,0.9000,0.00021,1.220,1.713,1.812,1.341,6052.4,0.0,847.8,304.1,9.0,10.0,0.0,0.0,0.0,0.0,0.00,sweeping:60
beir500k-rq1,pos40_cat02,pos40,209153,acorn,256,2,60,0.9900,0.9000,0.00021,1.307,1.944,5.718,1.484,6052.4,0.0,847.8,304.1,9.0,10.0,0.0,0.0,0.0,0.0,0.00,sweeping:60
beir500k-rq1,pos40_cat02,pos40,209153,acorn,256,3,60,0.9900,0.9000,0.00021,1.191,1.718,1.893,1.311,6052.4,0.0,847.8,304.1,9.0,10.0,0.0,0.0,0.0,0.0,0.00,sweeping:60
beir500k-rq1,pos40_cat02,pos40,209153,acorn,512,1,60,0.9967,0.9667,0.00012,2.100,3.216,4.022,2.411,10176.6,0.0,1536.4,607.7,18.0,19.0,0.0,0.0,0.0,0.0,0.00,sweeping:60
beir500k-rq1,pos40_cat02,pos40,209153,acorn,512,2,60,0.9967,0.9667,0.00012,2.399,3.699,4.183,2.695,10176.6,0.0,1536.4,607.7,18.0,19.0,0.0,0.0,0.0,0.0,0.00,sweeping:60
beir500k-rq1,pos40_cat02,pos40,209153,acorn,512,3,60,0.9967,0.9667,0.00012,2.153,3.361,3.488,2.404,10176.6,0.0,1536.4,607.7,18.0,19.0,0.0,0.0,0.0,0.0,0.00,sweeping:60
beir500k-rq1,pos40_cat02,pos40,209153,pathseer,64,1,60,0.9100,0.6000,0.00281,0.380,0.452,0.539,0.388,1830.0,0.0,518.6,70.8,2.0,2.0,67.2,53.8,73.8,1.1,2.08,pathseer:60
beir500k-rq1,pos40_cat02,pos40,209153,pathseer,64,2,60,0.9100,0.6000,0.00281,0.363,0.428,0.468,0.368,1830.0,0.0,518.6,70.8,2.0,2.0,67.2,53.8,73.8,1.1,2.08,pathseer:60
beir500k-rq1,pos40_cat02,pos40,209153,pathseer,64,3,60,0.9100,0.6000,0.00281,0.379,0.470,0.492,0.389,1830.0,0.0,518.6,70.8,2.0,2.0,67.2,53.8,73.8,1.1,2.08,pathseer:60
beir500k-rq1,pos40_cat02,pos40,209153,pathseer,128,1,60,0.9500,0.7500,0.00173,0.660,0.811,0.840,0.677,3211.1,0.0,928.5,136.7,3.0,3.0,134.4,101.7,132.9,2.1,5.53,pathseer:60
beir500k-rq1,pos40_cat02,pos40,209153,pathseer,128,2,60,0.9500,0.7500,0.00173,0.708,0.876,0.941,0.711,3211.1,0.0,928.5,136.7,3.0,3.0,134.4,101.7,132.9,2.1,5.53,pathseer:60
beir500k-rq1,pos40_cat02,pos40,209153,pathseer,128,3,60,0.9500,0.7500,0.00173,0.698,0.811,0.906,0.697,3211.1,0.0,928.5,136.7,3.0,3.0,134.4,101.7,132.9,2.1,5.53,pathseer:60
beir500k-rq1,pos40_cat02,pos40,209153,pathseer,256,1,60,0.9833,0.8833,0.00042,1.245,1.564,1.652,1.283,5543.0,0.0,1678.1,271.3,5.0,4.0,232.5,171.6,235.3,3.6,13.48,pathseer:60
beir500k-rq1,pos40_cat02,pos40,209153,pathseer,256,2,60,0.9833,0.8833,0.00042,1.235,1.496,1.622,1.255,5543.0,0.0,1678.1,271.3,5.0,4.0,232.5,171.6,235.3,3.6,13.48,pathseer:60
beir500k-rq1,pos40_cat02,pos40,209153,pathseer,256,3,60,0.9833,0.8833,0.00042,1.265,1.543,1.643,1.272,5543.0,0.0,1678.1,271.3,5.0,4.0,232.5,171.6,235.3,3.6,13.48,pathseer:60
beir500k-rq1,pos40_cat02,pos40,209153,pathseer,512,1,60,0.9967,0.9667,0.00012,2.200,2.740,2.920,2.271,9245.9,0.0,3141.6,542.8,8.0,8.0,445.9,329.7,472.4,7.0,33.87,pathseer:60
beir500k-rq1,pos40_cat02,pos40,209153,pathseer,512,2,60,0.9967,0.9667,0.00012,2.111,2.858,2.952,2.223,9245.9,0.0,3141.6,542.8,8.0,8.0,445.9,329.7,472.4,7.0,33.87,pathseer:60
beir500k-rq1,pos40_cat02,pos40,209153,pathseer,512,3,60,0.9967,0.9667,0.00012,2.138,2.650,2.872,2.214,9245.9,0.0,3141.6,542.8,8.0,8.0,445.9,329.7,472.4,7.0,33.87,pathseer:60
beir500k-rq1,pos40_cat03,pos40,220547,sweeping,64,1,55,0.9618,0.8364,0.00496,0.374,0.533,0.666,0.396,1840.5,0.0,275.9,76.9,3.0,4.0,0.0,0.0,0.0,0.0,0.00,sweeping:55
beir500k-rq1,pos40_cat03,pos40,220547,sweeping,64,2,55,0.9618,0.8364,0.00496,0.385,0.546,0.656,0.402,1840.5,0.0,275.9,76.9,3.0,4.0,0.0,0.0,0.0,0.0,0.00,sweeping:55
beir500k-rq1,pos40_cat03,pos40,220547,sweeping,64,3,55,0.9618,0.8364,0.00496,0.379,0.538,0.685,0.401,1840.5,0.0,275.9,76.9,3.0,4.0,0.0,0.0,0.0,0.0,0.00,sweeping:55
beir500k-rq1,pos40_cat03,pos40,220547,sweeping,128,1,55,0.9873,0.8909,0.00034,0.686,0.971,1.186,0.727,3282.7,0.0,462.6,151.3,5.0,5.0,0.0,0.0,0.0,0.0,0.00,sweeping:55
beir500k-rq1,pos40_cat03,pos40,220547,sweeping,128,2,55,0.9873,0.8909,0.00034,0.782,1.224,1.327,0.830,3282.7,0.0,462.6,151.3,5.0,5.0,0.0,0.0,0.0,0.0,0.00,sweeping:55
beir500k-rq1,pos40_cat03,pos40,220547,sweeping,128,3,55,0.9873,0.8909,0.00034,0.718,1.003,1.409,0.771,3282.7,0.0,462.6,151.3,5.0,5.0,0.0,0.0,0.0,0.0,0.00,sweeping:55
beir500k-rq1,pos40_cat03,pos40,220547,sweeping,256,1,55,0.9945,0.9455,0.00013,1.195,1.724,2.097,1.282,5817.8,0.0,796.8,301.1,9.0,10.0,0.0,0.0,0.0,0.0,0.00,sweeping:55
beir500k-rq1,pos40_cat03,pos40,220547,sweeping,256,2,55,0.9945,0.9455,0.00013,1.196,1.829,2.135,1.302,5817.8,0.0,796.8,301.1,9.0,10.0,0.0,0.0,0.0,0.0,0.00,sweeping:55
beir500k-rq1,pos40_cat03,pos40,220547,sweeping,256,3,55,0.9945,0.9455,0.00013,1.181,1.659,2.088,1.260,5817.8,0.0,796.8,301.1,9.0,10.0,0.0,0.0,0.0,0.0,0.00,sweeping:55
beir500k-rq1,pos40_cat03,pos40,220547,sweeping,512,1,55,0.9964,0.9636,0.00011,2.152,3.073,3.968,2.338,10205.6,0.0,1459.5,608.0,19.0,21.0,0.0,0.0,0.0,0.0,0.00,sweeping:55
beir500k-rq1,pos40_cat03,pos40,220547,sweeping,512,2,55,0.9964,0.9636,0.00011,2.171,3.295,3.903,2.354,10205.6,0.0,1459.5,608.0,19.0,21.0,0.0,0.0,0.0,0.0,0.00,sweeping:55
beir500k-rq1,pos40_cat03,pos40,220547,sweeping,512,3,55,0.9964,0.9636,0.00011,2.241,3.224,3.666,2.379,10205.6,0.0,1459.5,608.0,19.0,21.0,0.0,0.0,0.0,0.0,0.00,sweeping:55
beir500k-rq1,pos40_cat03,pos40,220547,acorn,64,1,55,0.9618,0.8364,0.00496,0.362,0.555,0.634,0.384,1840.5,0.0,275.9,76.9,3.0,4.0,0.0,0.0,0.0,0.0,0.00,sweeping:55
beir500k-rq1,pos40_cat03,pos40,220547,acorn,64,2,55,0.9618,0.8364,0.00496,0.380,0.561,0.696,0.404,1840.5,0.0,275.9,76.9,3.0,4.0,0.0,0.0,0.0,0.0,0.00,sweeping:55
beir500k-rq1,pos40_cat03,pos40,220547,acorn,64,3,55,0.9618,0.8364,0.00496,0.370,0.543,0.696,0.392,1840.5,0.0,275.9,76.9,3.0,4.0,0.0,0.0,0.0,0.0,0.00,sweeping:55
beir500k-rq1,pos40_cat03,pos40,220547,acorn,128,1,55,0.9873,0.8909,0.00034,0.665,1.003,1.196,0.717,3282.7,0.0,462.6,151.3,5.0,5.0,0.0,0.0,0.0,0.0,0.00,sweeping:55
beir500k-rq1,pos40_cat03,pos40,220547,acorn,128,2,55,0.9873,0.8909,0.00034,0.645,0.982,1.179,0.690,3282.7,0.0,462.6,151.3,5.0,5.0,0.0,0.0,0.0,0.0,0.00,sweeping:55
beir500k-rq1,pos40_cat03,pos40,220547,acorn,128,3,55,0.9873,0.8909,0.00034,0.665,0.959,1.147,0.694,3282.7,0.0,462.6,151.3,5.0,5.0,0.0,0.0,0.0,0.0,0.00,sweeping:55
beir500k-rq1,pos40_cat03,pos40,220547,acorn,256,1,55,0.9945,0.9455,0.00013,1.190,1.710,2.141,1.284,5817.8,0.0,796.8,301.1,9.0,10.0,0.0,0.0,0.0,0.0,0.00,sweeping:55
beir500k-rq1,pos40_cat03,pos40,220547,acorn,256,2,55,0.9945,0.9455,0.00013,1.191,1.697,2.243,1.280,5817.8,0.0,796.8,301.1,9.0,10.0,0.0,0.0,0.0,0.0,0.00,sweeping:55
beir500k-rq1,pos40_cat03,pos40,220547,acorn,256,3,55,0.9945,0.9455,0.00013,1.206,1.746,2.297,1.306,5817.8,0.0,796.8,301.1,9.0,10.0,0.0,0.0,0.0,0.0,0.00,sweeping:55
beir500k-rq1,pos40_cat03,pos40,220547,acorn,512,1,55,0.9964,0.9636,0.00011,2.238,3.538,4.067,2.461,10205.6,0.0,1459.5,608.0,19.0,21.0,0.0,0.0,0.0,0.0,0.00,sweeping:55
beir500k-rq1,pos40_cat03,pos40,220547,acorn,512,2,55,0.9964,0.9636,0.00011,2.266,3.580,3.856,2.446,10205.6,0.0,1459.5,608.0,19.0,21.0,0.0,0.0,0.0,0.0,0.00,sweeping:55
beir500k-rq1,pos40_cat03,pos40,220547,acorn,512,3,55,0.9964,0.9636,0.00011,2.323,3.783,3.992,2.516,10205.6,0.0,1459.5,608.0,19.0,21.0,0.0,0.0,0.0,0.0,0.00,sweeping:55
beir500k-rq1,pos40_cat03,pos40,220547,pathseer,64,1,55,0.9618,0.8364,0.00496,0.429,0.518,0.526,0.426,1734.0,0.0,497.0,70.3,2.0,2.0,76.8,55.1,58.4,1.2,3.49,pathseer:55
beir500k-rq1,pos40_cat03,pos40,220547,pathseer,64,2,55,0.9618,0.8364,0.00496,0.394,0.518,0.542,0.395,1734.0,0.0,497.0,70.3,2.0,2.0,76.8,55.1,58.4,1.2,3.49,pathseer:55
beir500k-rq1,pos40_cat03,pos40,220547,pathseer,64,3,55,0.9618,0.8364,0.00496,0.371,0.498,0.509,0.383,1734.0,0.0,497.0,70.3,2.0,2.0,76.8,55.1,58.4,1.2,3.49,pathseer:55
beir500k-rq1,pos40_cat03,pos40,220547,pathseer,128,1,55,0.9873,0.8909,0.00034,0.709,0.889,0.979,0.716,3062.5,0.0,892.1,138.3,3.0,3.0,137.3,101.1,108.5,2.1,7.40,pathseer:55
beir500k-rq1,pos40_cat03,pos40,220547,pathseer,128,2,55,0.9873,0.8909,0.00034,0.680,0.845,0.888,0.685,3062.5,0.0,892.1,138.3,3.0,3.0,137.3,101.1,108.5,2.1,7.40,pathseer:55
beir500k-rq1,pos40_cat03,pos40,220547,pathseer,128,3,55,0.9873,0.8909,0.00034,0.703,0.867,0.925,0.711,3062.5,0.0,892.1,138.3,3.0,3.0,137.3,101.1,108.5,2.1,7.40,pathseer:55
beir500k-rq1,pos40_cat03,pos40,220547,pathseer,256,1,55,0.9945,0.9455,0.00013,1.220,1.523,1.553,1.229,5321.0,0.0,1616.1,272.7,5.0,5.0,232.7,171.8,221.3,3.6,17.65,pathseer:55
beir500k-rq1,pos40_cat03,pos40,220547,pathseer,256,2,55,0.9945,0.9455,0.00013,1.225,1.525,1.609,1.247,5321.0,0.0,1616.1,272.7,5.0,5.0,232.7,171.8,221.3,3.6,17.65,pathseer:55
beir500k-rq1,pos40_cat03,pos40,220547,pathseer,256,3,55,0.9945,0.9455,0.00013,1.291,1.682,1.759,1.342,5321.0,0.0,1616.1,272.7,5.0,5.0,232.7,171.8,221.3,3.6,17.65,pathseer:55
beir500k-rq1,pos40_cat03,pos40,220547,pathseer,512,1,55,0.9964,0.9636,0.00011,2.376,3.064,3.107,2.409,9157.5,0.0,3152.6,550.8,8.0,8.0,442.2,335.2,522.4,6.9,44.31,pathseer:55
beir500k-rq1,pos40_cat03,pos40,220547,pathseer,512,2,55,0.9964,0.9636,0.00011,2.248,3.005,3.248,2.395,9157.5,0.0,3152.6,550.8,8.0,8.0,442.2,335.2,522.4,6.9,44.31,pathseer:55
beir500k-rq1,pos40_cat03,pos40,220547,pathseer,512,3,55,0.9964,0.9636,0.00011,2.346,2.802,3.060,2.383,9157.5,0.0,3152.6,550.8,8.0,8.0,442.2,335.2,522.4,6.9,44.31,pathseer:55
beir500k-rq1,pos40_cat04,pos40,224049,sweeping,64,1,57,0.9877,0.9298,0.00007,0.310,0.438,0.470,0.326,1547.6,0.0,252.2,70.3,3.0,3.0,0.0,0.0,0.0,0.0,0.00,sweeping:57
beir500k-rq1,pos40_cat04,pos40,224049,sweeping,64,2,57,0.9877,0.9298,0.00007,0.294,0.427,0.452,0.317,1547.6,0.0,252.2,70.3,3.0,3.0,0.0,0.0,0.0,0.0,0.00,sweeping:57
beir500k-rq1,pos40_cat04,pos40,224049,sweeping,64,3,57,0.9877,0.9298,0.00007,0.302,0.398,0.462,0.318,1547.6,0.0,252.2,70.3,3.0,3.0,0.0,0.0,0.0,0.0,0.00,sweeping:57
beir500k-rq1,pos40_cat04,pos40,224049,sweeping,128,1,57,0.9982,0.9825,0.00000,0.647,0.828,0.843,0.669,2621.0,0.0,401.1,134.8,6.0,6.0,0.0,0.0,0.0,0.0,0.00,sweeping:57
beir500k-rq1,pos40_cat04,pos40,224049,sweeping,128,2,57,0.9982,0.9825,0.00000,0.610,0.870,0.947,0.645,2621.0,0.0,401.1,134.8,6.0,6.0,0.0,0.0,0.0,0.0,0.00,sweeping:57
beir500k-rq1,pos40_cat04,pos40,224049,sweeping,128,3,57,0.9982,0.9825,0.00000,0.539,0.740,0.800,0.575,2621.0,0.0,401.1,134.8,6.0,6.0,0.0,0.0,0.0,0.0,0.00,sweeping:57
beir500k-rq1,pos40_cat04,pos40,224049,sweeping,256,1,57,1.0000,1.0000,0.00000,0.987,1.299,1.419,1.012,4385.4,0.0,677.0,266.0,10.0,10.0,0.0,0.0,0.0,0.0,0.00,sweeping:57
beir500k-rq1,pos40_cat04,pos40,224049,sweeping,256,2,57,1.0000,1.0000,0.00000,0.975,1.388,1.417,1.009,4385.4,0.0,677.0,266.0,10.0,10.0,0.0,0.0,0.0,0.0,0.00,sweeping:57
beir500k-rq1,pos40_cat04,pos40,224049,sweeping,256,3,57,1.0000,1.0000,0.00000,0.985,1.483,1.546,1.023,4385.4,0.0,677.0,266.0,10.0,10.0,0.0,0.0,0.0,0.0,0.00,sweeping:57
beir500k-rq1,pos40_cat04,pos40,224049,sweeping,512,1,57,1.0000,1.0000,0.00000,1.856,2.647,2.782,1.933,7235.1,0.0,1208.1,529.7,22.0,22.0,0.0,0.0,0.0,0.0,0.00,sweeping:57
beir500k-rq1,pos40_cat04,pos40,224049,sweeping,512,2,57,1.0000,1.0000,0.00000,1.841,2.524,2.635,1.900,7235.1,0.0,1208.1,529.7,22.0,22.0,0.0,0.0,0.0,0.0,0.00,sweeping:57
beir500k-rq1,pos40_cat04,pos40,224049,sweeping,512,3,57,1.0000,1.0000,0.00000,1.821,2.573,2.727,1.872,7235.1,0.0,1208.1,529.7,22.0,22.0,0.0,0.0,0.0,0.0,0.00,sweeping:57
beir500k-rq1,pos40_cat04,pos40,224049,acorn,64,1,57,0.9877,0.9298,0.00007,0.337,0.413,0.506,0.350,1547.6,0.0,252.2,70.3,3.0,3.0,0.0,0.0,0.0,0.0,0.00,sweeping:57
beir500k-rq1,pos40_cat04,pos40,224049,acorn,64,2,57,0.9877,0.9298,0.00007,0.326,0.434,0.522,0.343,1547.6,0.0,252.2,70.3,3.0,3.0,0.0,0.0,0.0,0.0,0.00,sweeping:57
beir500k-rq1,pos40_cat04,pos40,224049,acorn,64,3,57,0.9877,0.9298,0.00007,0.315,0.427,0.526,0.332,1547.6,0.0,252.2,70.3,3.0,3.0,0.0,0.0,0.0,0.0,0.00,sweeping:57
beir500k-rq1,pos40_cat04,pos40,224049,acorn,128,1,57,0.9982,0.9825,0.00000,0.554,0.731,0.776,0.575,2621.0,0.0,401.1,134.8,6.0,6.0,0.0,0.0,0.0,0.0,0.00,sweeping:57
beir500k-rq1,pos40_cat04,pos40,224049,acorn,128,2,57,0.9982,0.9825,0.00000,0.565,0.745,0.783,0.582,2621.0,0.0,401.1,134.8,6.0,6.0,0.0,0.0,0.0,0.0,0.00,sweeping:57
beir500k-rq1,pos40_cat04,pos40,224049,acorn,128,3,57,0.9982,0.9825,0.00000,0.560,0.746,0.809,0.576,2621.0,0.0,401.1,134.8,6.0,6.0,0.0,0.0,0.0,0.0,0.00,sweeping:57
beir500k-rq1,pos40_cat04,pos40,224049,acorn,256,1,57,1.0000,1.0000,0.00000,0.972,1.358,1.431,1.009,4385.4,0.0,677.0,266.0,10.0,10.0,0.0,0.0,0.0,0.0,0.00,sweeping:57
beir500k-rq1,pos40_cat04,pos40,224049,acorn,256,2,57,1.0000,1.0000,0.00000,0.993,1.288,1.522,1.017,4385.4,0.0,677.0,266.0,10.0,10.0,0.0,0.0,0.0,0.0,0.00,sweeping:57
beir500k-rq1,pos40_cat04,pos40,224049,acorn,256,3,57,1.0000,1.0000,0.00000,0.991,1.404,1.497,1.033,4385.4,0.0,677.0,266.0,10.0,10.0,0.0,0.0,0.0,0.0,0.00,sweeping:57
beir500k-rq1,pos40_cat04,pos40,224049,acorn,512,1,57,1.0000,1.0000,0.00000,1.802,2.481,2.681,1.857,7235.1,0.0,1208.1,529.7,22.0,22.0,0.0,0.0,0.0,0.0,0.00,sweeping:57
beir500k-rq1,pos40_cat04,pos40,224049,acorn,512,2,57,1.0000,1.0000,0.00000,1.793,2.508,2.896,1.847,7235.1,0.0,1208.1,529.7,22.0,22.0,0.0,0.0,0.0,0.0,0.00,sweeping:57
beir500k-rq1,pos40_cat04,pos40,224049,acorn,512,3,57,1.0000,1.0000,0.00000,1.784,2.459,2.612,1.847,7235.1,0.0,1208.1,529.7,22.0,22.0,0.0,0.0,0.0,0.0,0.00,sweeping:57
beir500k-rq1,pos40_cat04,pos40,224049,pathseer,64,1,57,0.9877,0.9298,0.00007,0.341,0.466,0.483,0.360,1543.0,0.0,430.5,69.4,2.0,2.0,67.4,54.7,29.1,1.1,0.56,pathseer:57
beir500k-rq1,pos40_cat04,pos40,224049,pathseer,64,2,57,0.9877,0.9298,0.00007,0.347,0.449,0.511,0.360,1543.0,0.0,430.5,69.4,2.0,2.0,67.4,54.7,29.1,1.1,0.56,pathseer:57
beir500k-rq1,pos40_cat04,pos40,224049,pathseer,64,3,57,0.9877,0.9298,0.00007,0.326,0.419,0.473,0.338,1543.0,0.0,430.5,69.4,2.0,2.0,67.4,54.7,29.1,1.1,0.56,pathseer:57
beir500k-rq1,pos40_cat04,pos40,224049,pathseer,128,1,57,0.9982,0.9825,0.00000,0.607,0.821,0.924,0.633,2652.0,0.0,752.8,133.7,3.0,3.0,132.5,108.2,19.7,2.1,1.25,pathseer:57
beir500k-rq1,pos40_cat04,pos40,224049,pathseer,128,2,57,0.9982,0.9825,0.00000,0.567,0.760,0.817,0.593,2652.0,0.0,752.8,133.7,3.0,3.0,132.5,108.2,19.7,2.1,1.25,pathseer:57
beir500k-rq1,pos40_cat04,pos40,224049,pathseer,128,3,57,0.9982,0.9825,0.00000,0.585,0.750,0.775,0.607,2652.0,0.0,752.8,133.7,3.0,3.0,132.5,108.2,19.7,2.1,1.25,pathseer:57
beir500k-rq1,pos40_cat04,pos40,224049,pathseer,256,1,57,1.0000,1.0000,0.00000,1.104,1.466,1.617,1.126,4394.5,0.0,1333.2,263.4,5.0,5.0,234.7,189.1,50.1,3.7,3.32,pathseer:57
beir500k-rq1,pos40_cat04,pos40,224049,pathseer,256,2,57,1.0000,1.0000,0.00000,1.046,1.330,1.408,1.065,4394.5,0.0,1333.2,263.4,5.0,5.0,234.7,189.1,50.1,3.7,3.32,pathseer:57
beir500k-rq1,pos40_cat04,pos40,224049,pathseer,256,3,57,1.0000,1.0000,0.00000,1.035,1.328,1.499,1.066,4394.5,0.0,1333.2,263.4,5.0,5.0,234.7,189.1,50.1,3.7,3.32,pathseer:57
beir500k-rq1,pos40_cat04,pos40,224049,pathseer,512,1,57,1.0000,1.0000,0.00000,1.886,2.307,2.698,1.922,7163.4,0.0,2451.3,523.1,8.0,8.0,443.5,350.9,105.6,6.9,8.96,pathseer:57
beir500k-rq1,pos40_cat04,pos40,224049,pathseer,512,2,57,1.0000,1.0000,0.00000,1.913,2.477,2.696,1.956,7163.4,0.0,2451.3,523.1,8.0,8.0,443.5,350.9,105.6,6.9,8.96,pathseer:57
beir500k-rq1,pos40_cat04,pos40,224049,pathseer,512,3,57,1.0000,1.0000,0.00000,1.897,2.375,2.755,1.922,7163.4,0.0,2451.3,523.1,8.0,8.0,443.5,350.9,105.6,6.9,8.96,pathseer:57
beir500k-rq1,pos40_cat05,pos40,206003,sweeping,64,1,20,0.9900,0.9500,0.00020,0.314,0.742,0.758,0.395,1899.2,0.0,306.9,91.0,4.0,4.0,0.0,0.0,0.0,0.0,0.00,sweeping:20
beir500k-rq1,pos40_cat05,pos40,206003,sweeping,64,2,20,0.9900,0.9500,0.00020,0.288,0.636,0.689,0.358,1899.2,0.0,306.9,91.0,4.0,4.0,0.0,0.0,0.0,0.0,0.00,sweeping:20
beir500k-rq1,pos40_cat05,pos40,206003,sweeping,64,3,20,0.9900,0.9500,0.00020,0.310,0.649,0.687,0.358,1899.2,0.0,306.9,91.0,4.0,4.0,0.0,0.0,0.0,0.0,0.00,sweeping:20
beir500k-rq1,pos40_cat05,pos40,206003,sweeping,128,1,20,1.0000,1.0000,0.00000,0.576,1.237,1.267,0.715,3418.3,0.0,519.0,185.1,6.0,7.0,0.0,0.0,0.0,0.0,0.00,sweeping:20
beir500k-rq1,pos40_cat05,pos40,206003,sweeping,128,2,20,1.0000,1.0000,0.00000,0.573,1.270,1.335,0.708,3418.3,0.0,519.0,185.1,6.0,7.0,0.0,0.0,0.0,0.0,0.00,sweeping:20
beir500k-rq1,pos40_cat05,pos40,206003,sweeping,128,3,20,1.0000,1.0000,0.00000,0.558,1.229,1.258,0.691,3418.3,0.0,519.0,185.1,6.0,7.0,0.0,0.0,0.0,0.0,0.00,sweeping:20
beir500k-rq1,pos40_cat05,pos40,206003,sweeping,256,1,20,1.0000,1.0000,0.00000,1.103,2.370,2.412,1.368,6046.8,0.0,929.8,381.1,11.0,13.0,0.0,0.0,0.0,0.0,0.00,sweeping:20
beir500k-rq1,pos40_cat05,pos40,206003,sweeping,256,2,20,1.0000,1.0000,0.00000,1.151,2.383,2.393,1.393,6046.8,0.0,929.8,381.1,11.0,13.0,0.0,0.0,0.0,0.0,0.00,sweeping:20
beir500k-rq1,pos40_cat05,pos40,206003,sweeping,256,3,20,1.0000,1.0000,0.00000,1.105,2.415,2.448,1.412,6046.8,0.0,929.8,381.1,11.0,13.0,0.0,0.0,0.0,0.0,0.00,sweeping:20
beir500k-rq1,pos40_cat05,pos40,206003,sweeping,512,1,20,1.0000,1.0000,0.00000,2.111,4.657,4.850,2.700,10685.6,0.0,1737.2,797.3,24.0,30.0,0.0,0.0,0.0,0.0,0.00,sweeping:20
beir500k-rq1,pos40_cat05,pos40,206003,sweeping,512,2,20,1.0000,1.0000,0.00000,2.178,4.600,4.824,2.689,10685.6,0.0,1737.2,797.3,24.0,30.0,0.0,0.0,0.0,0.0,0.00,sweeping:20
beir500k-rq1,pos40_cat05,pos40,206003,sweeping,512,3,20,1.0000,1.0000,0.00000,2.310,4.560,4.828,2.791,10685.6,0.0,1737.2,797.3,24.0,30.0,0.0,0.0,0.0,0.0,0.00,sweeping:20
beir500k-rq1,pos40_cat05,pos40,206003,acorn,64,1,20,0.9900,0.9500,0.00020,0.318,0.681,0.761,0.386,1899.2,0.0,306.9,91.0,4.0,4.0,0.0,0.0,0.0,0.0,0.00,sweeping:20
beir500k-rq1,pos40_cat05,pos40,206003,acorn,64,2,20,0.9900,0.9500,0.00020,0.354,0.618,0.708,0.391,1899.2,0.0,306.9,91.0,4.0,4.0,0.0,0.0,0.0,0.0,0.00,sweeping:20
beir500k-rq1,pos40_cat05,pos40,206003,acorn,64,3,20,0.9900,0.9500,0.00020,0.337,0.712,0.757,0.401,1899.2,0.0,306.9,91.0,4.0,4.0,0.0,0.0,0.0,0.0,0.00,sweeping:20
beir500k-rq1,pos40_cat05,pos40,206003,acorn,128,1,20,1.0000,1.0000,0.00000,0.596,1.213,1.215,0.720,3418.3,0.0,519.0,185.1,6.0,7.0,0.0,0.0,0.0,0.0,0.00,sweeping:20
beir500k-rq1,pos40_cat05,pos40,206003,acorn,128,2,20,1.0000,1.0000,0.00000,0.574,1.188,1.228,0.716,3418.3,0.0,519.0,185.1,6.0,7.0,0.0,0.0,0.0,0.0,0.00,sweeping:20
beir500k-rq1,pos40_cat05,pos40,206003,acorn,128,3,20,1.0000,1.0000,0.00000,0.642,1.236,1.305,0.756,3418.3,0.0,519.0,185.1,6.0,7.0,0.0,0.0,0.0,0.0,0.00,sweeping:20
beir500k-rq1,pos40_cat05,pos40,206003,acorn,256,1,20,1.0000,1.0000,0.00000,1.195,2.672,2.828,1.520,6046.8,0.0,929.8,381.1,11.0,13.0,0.0,0.0,0.0,0.0,0.00,sweeping:20
beir500k-rq1,pos40_cat05,pos40,206003,acorn,256,2,20,1.0000,1.0000,0.00000,1.133,2.514,2.561,1.429,6046.8,0.0,929.8,381.1,11.0,13.0,0.0,0.0,0.0,0.0,0.00,sweeping:20
beir500k-rq1,pos40_cat05,pos40,206003,acorn,256,3,20,1.0000,1.0000,0.00000,1.103,2.526,2.538,1.401,6046.8,0.0,929.8,381.1,11.0,13.0,0.0,0.0,0.0,0.0,0.00,sweeping:20
beir500k-rq1,pos40_cat05,pos40,206003,acorn,512,1,20,1.0000,1.0000,0.00000,2.336,4.537,4.859,2.807,10685.6,0.0,1737.2,797.3,24.0,30.0,0.0,0.0,0.0,0.0,0.00,sweeping:20
beir500k-rq1,pos40_cat05,pos40,206003,acorn,512,2,20,1.0000,1.0000,0.00000,2.162,4.841,4.879,2.830,10685.6,0.0,1737.2,797.3,24.0,30.0,0.0,0.0,0.0,0.0,0.00,sweeping:20
beir500k-rq1,pos40_cat05,pos40,206003,acorn,512,3,20,1.0000,1.0000,0.00000,2.016,4.499,4.711,2.632,10685.6,0.0,1737.2,797.3,24.0,30.0,0.0,0.0,0.0,0.0,0.00,sweeping:20
beir500k-rq1,pos40_cat05,pos40,206003,pathseer,64,1,20,0.9900,0.9500,0.00020,0.317,0.465,0.541,0.343,1494.8,0.0,750.8,78.7,3.0,3.0,105.6,46.1,231.3,1.6,10.35,pathseer:20
beir500k-rq1,pos40_cat05,pos40,206003,pathseer,64,2,20,0.9900,0.9500,0.00020,0.305,0.467,0.512,0.326,1494.8,0.0,750.8,78.7,3.0,3.0,105.6,46.1,231.3,1.6,10.35,pathseer:20
beir500k-rq1,pos40_cat05,pos40,206003,pathseer,64,3,20,0.9900,0.9500,0.00020,0.299,0.474,0.521,0.330,1494.8,0.0,750.8,78.7,3.0,3.0,105.6,46.1,231.3,1.6,10.35,pathseer:20
beir500k-rq1,pos40_cat05,pos40,206003,pathseer,128,1,20,1.0000,1.0000,0.00000,0.586,0.799,0.951,0.611,2586.4,0.0,1306.0,154.5,3.0,3.0,163.2,77.2,441.6,2.5,27.10,pathseer:20
beir500k-rq1,pos40_cat05,pos40,206003,pathseer,128,2,20,1.0000,1.0000,0.00000,0.552,0.752,0.906,0.583,2586.4,0.0,1306.0,154.5,3.0,3.0,163.2,77.2,441.6,2.5,27.10,pathseer:20
beir500k-rq1,pos40_cat05,pos40,206003,pathseer,128,3,20,1.0000,1.0000,0.00000,0.537,0.773,0.861,0.570,2586.4,0.0,1306.0,154.5,3.0,3.0,163.2,77.2,441.6,2.5,27.10,pathseer:20
beir500k-rq1,pos40_cat05,pos40,206003,pathseer,256,1,20,1.0000,1.0000,0.00000,1.272,1.861,1.908,1.270,4439.9,0.0,2405.9,309.0,6.0,6.0,310.4,154.2,836.7,4.8,63.45,pathseer:20
beir500k-rq1,pos40_cat05,pos40,206003,pathseer,256,2,20,1.0000,1.0000,0.00000,1.297,1.711,1.828,1.303,4439.9,0.0,2405.9,309.0,6.0,6.0,310.4,154.2,836.7,4.8,63.45,pathseer:20
beir500k-rq1,pos40_cat05,pos40,206003,pathseer,256,3,20,1.0000,1.0000,0.00000,1.190,1.702,1.918,1.248,4439.9,0.0,2405.9,309.0,6.0,6.0,310.4,154.2,836.7,4.8,63.45,pathseer:20
beir500k-rq1,pos40_cat05,pos40,206003,pathseer,512,1,20,1.0000,1.0000,0.00000,2.141,3.218,3.445,2.288,7518.4,0.0,4629.8,632.1,10.0,11.0,614.4,302.9,1669.5,9.6,159.45,pathseer:20
beir500k-rq1,pos40_cat05,pos40,206003,pathseer,512,2,20,1.0000,1.0000,0.00000,2.239,3.311,3.847,2.370,7518.4,0.0,4629.8,632.1,10.0,11.0,614.4,302.9,1669.5,9.6,159.45,pathseer:20
beir500k-rq1,pos40_cat05,pos40,206003,pathseer,512,3,20,1.0000,1.0000,0.00000,2.385,3.312,3.674,2.465,7518.4,0.0,4629.8,632.1,10.0,11.0,614.4,302.9,1669.5,9.6,159.45,pathseer:20
beir500k-rq1,pos40_cat06,pos40,210435,sweeping,64,1,49,0.9959,0.9592,0.00004,0.338,0.552,0.806,0.352,1512.2,0.0,222.4,73.7,4.0,4.0,0.0,0.0,0.0,0.0,0.00,sweeping:49
beir500k-rq1,pos40_cat06,pos40,210435,sweeping,64,2,49,0.9959,0.9592,0.00004,0.322,0.463,0.786,0.342,1512.2,0.0,222.4,73.7,4.0,4.0,0.0,0.0,0.0,0.0,0.00,sweeping:49
beir500k-rq1,pos40_cat06,pos40,210435,sweeping,64,3,49,0.9959,0.9592,0.00004,0.316,0.438,0.781,0.330,1512.2,0.0,222.4,73.7,4.0,4.0,0.0,0.0,0.0,0.0,0.00,sweeping:49
beir500k-rq1,pos40_cat06,pos40,210435,sweeping,128,1,49,1.0000,1.0000,0.00000,0.626,0.907,1.373,0.674,2571.1,0.0,384.8,141.9,6.0,6.0,0.0,0.0,0.0,0.0,0.00,sweeping:49
beir500k-rq1,pos40_cat06,pos40,210435,sweeping,128,2,49,1.0000,1.0000,0.00000,0.602,0.953,1.352,0.651,2571.1,0.0,384.8,141.9,6.0,6.0,0.0,0.0,0.0,0.0,0.00,sweeping:49
beir500k-rq1,pos40_cat06,pos40,210435,sweeping,128,3,49,1.0000,1.0000,0.00000,0.593,0.876,1.475,0.635,2571.1,0.0,384.8,141.9,6.0,6.0,0.0,0.0,0.0,0.0,0.00,sweeping:49
beir500k-rq1,pos40_cat06,pos40,210435,sweeping,256,1,49,1.0000,1.0000,0.00000,1.061,1.761,2.153,1.100,4414.6,0.0,683.4,280.6,11.0,11.0,0.0,0.0,0.0,0.0,0.00,sweeping:49
beir500k-rq1,pos40_cat06,pos40,210435,sweeping,256,2,49,1.0000,1.0000,0.00000,1.167,1.965,2.385,1.215,4414.6,0.0,683.4,280.6,11.0,11.0,0.0,0.0,0.0,0.0,0.00,sweeping:49
beir500k-rq1,pos40_cat06,pos40,210435,sweeping,256,3,49,1.0000,1.0000,0.00000,1.077,1.773,2.429,1.146,4414.6,0.0,683.4,280.6,11.0,11.0,0.0,0.0,0.0,0.0,0.00,sweeping:49
beir500k-rq1,pos40_cat06,pos40,210435,sweeping,512,1,49,1.0000,1.0000,0.00000,1.953,3.468,3.700,2.136,7485.3,0.0,1235.3,559.5,22.0,23.0,0.0,0.0,0.0,0.0,0.00,sweeping:49
beir500k-rq1,pos40_cat06,pos40,210435,sweeping,512,2,49,1.0000,1.0000,0.00000,1.834,3.125,3.742,1.972,7485.3,0.0,1235.3,559.5,22.0,23.0,0.0,0.0,0.0,0.0,0.00,sweeping:49
beir500k-rq1,pos40_cat06,pos40,210435,sweeping,512,3,49,1.0000,1.0000,0.00000,1.811,3.129,3.459,1.988,7485.3,0.0,1235.3,559.5,22.0,23.0,0.0,0.0,0.0,0.0,0.00,sweeping:49
beir500k-rq1,pos40_cat06,pos40,210435,acorn,64,1,49,0.9959,0.9592,0.00004,0.332,0.491,0.852,0.355,1512.2,0.0,222.4,73.7,4.0,4.0,0.0,0.0,0.0,0.0,0.00,sweeping:49
beir500k-rq1,pos40_cat06,pos40,210435,acorn,64,2,49,0.9959,0.9592,0.00004,0.319,0.466,0.833,0.342,1512.2,0.0,222.4,73.7,4.0,4.0,0.0,0.0,0.0,0.0,0.00,sweeping:49
beir500k-rq1,pos40_cat06,pos40,210435,acorn,64,3,49,0.9959,0.9592,0.00004,0.314,0.461,0.825,0.337,1512.2,0.0,222.4,73.7,4.0,4.0,0.0,0.0,0.0,0.0,0.00,sweeping:49
beir500k-rq1,pos40_cat06,pos40,210435,acorn,128,1,49,1.0000,1.0000,0.00000,0.620,1.022,1.483,0.665,2571.1,0.0,384.8,141.9,6.0,6.0,0.0,0.0,0.0,0.0,0.00,sweeping:49
beir500k-rq1,pos40_cat06,pos40,210435,acorn,128,2,49,1.0000,1.0000,0.00000,0.660,1.071,1.552,0.698,2571.1,0.0,384.8,141.9,6.0,6.0,0.0,0.0,0.0,0.0,0.00,sweeping:49
beir500k-rq1,pos40_cat06,pos40,210435,acorn,128,3,49,1.0000,1.0000,0.00000,0.629,1.006,1.391,0.659,2571.1,0.0,384.8,141.9,6.0,6.0,0.0,0.0,0.0,0.0,0.00,sweeping:49
beir500k-rq1,pos40_cat06,pos40,210435,acorn,256,1,49,1.0000,1.0000,0.00000,1.074,1.709,2.379,1.168,4414.6,0.0,683.4,280.6,11.0,11.0,0.0,0.0,0.0,0.0,0.00,sweeping:49
beir500k-rq1,pos40_cat06,pos40,210435,acorn,256,2,49,1.0000,1.0000,0.00000,1.034,1.641,2.136,1.113,4414.6,0.0,683.4,280.6,11.0,11.0,0.0,0.0,0.0,0.0,0.00,sweeping:49
beir500k-rq1,pos40_cat06,pos40,210435,acorn,256,3,49,1.0000,1.0000,0.00000,1.009,1.688,2.111,1.062,4414.6,0.0,683.4,280.6,11.0,11.0,0.0,0.0,0.0,0.0,0.00,sweeping:49
beir500k-rq1,pos40_cat06,pos40,210435,acorn,512,1,49,1.0000,1.0000,0.00000,1.770,3.119,3.539,1.927,7485.3,0.0,1235.3,559.5,22.0,23.0,0.0,0.0,0.0,0.0,0.00,sweeping:49
beir500k-rq1,pos40_cat06,pos40,210435,acorn,512,2,49,1.0000,1.0000,0.00000,2.109,4.181,10.557,2.427,7485.3,0.0,1235.3,559.5,22.0,23.0,0.0,0.0,0.0,0.0,0.00,sweeping:49
beir500k-rq1,pos40_cat06,pos40,210435,acorn,512,3,49,1.0000,1.0000,0.00000,1.914,4.732,6.915,2.263,7485.3,0.0,1235.3,559.5,22.0,23.0,0.0,0.0,0.0,0.0,0.00,sweeping:49
beir500k-rq1,pos40_cat06,pos40,210435,pathseer,64,1,49,0.9939,0.9388,0.00018,0.325,0.406,0.467,0.328,1449.0,0.0,433.0,68.8,2.0,2.0,70.5,56.0,41.6,1.1,3.35,pathseer:49
beir500k-rq1,pos40_cat06,pos40,210435,pathseer,64,2,49,0.9939,0.9388,0.00018,0.329,0.399,0.457,0.328,1449.0,0.0,433.0,68.8,2.0,2.0,70.5,56.0,41.6,1.1,3.35,pathseer:49
beir500k-rq1,pos40_cat06,pos40,210435,pathseer,64,3,49,0.9939,0.9388,0.00018,0.316,0.398,0.480,0.325,1449.0,0.0,433.0,68.8,2.0,2.0,70.5,56.0,41.6,1.1,3.35,pathseer:49
beir500k-rq1,pos40_cat06,pos40,210435,pathseer,128,1,49,1.0000,1.0000,0.00000,0.563,0.717,0.879,0.579,2495.2,0.0,783.2,135.0,3.0,3.0,138.4,108.0,68.5,2.2,6.55,pathseer:49
beir500k-rq1,pos40_cat06,pos40,210435,pathseer,128,2,49,1.0000,1.0000,0.00000,0.590,0.768,0.896,0.605,2495.2,0.0,783.2,135.0,3.0,3.0,138.4,108.0,68.5,2.2,6.55,pathseer:49
beir500k-rq1,pos40_cat06,pos40,210435,pathseer,128,3,49,1.0000,1.0000,0.00000,0.588,0.779,0.905,0.607,2495.2,0.0,783.2,135.0,3.0,3.0,138.4,108.0,68.5,2.2,6.55,pathseer:49
beir500k-rq1,pos40_cat06,pos40,210435,pathseer,256,1,49,1.0000,1.0000,0.00000,1.075,1.382,1.617,1.108,4230.7,0.0,1438.8,268.3,5.0,5.0,241.6,187.6,139.1,3.8,13.27,pathseer:49
beir500k-rq1,pos40_cat06,pos40,210435,pathseer,256,2,49,1.0000,1.0000,0.00000,1.087,1.533,1.677,1.124,4230.7,0.0,1438.8,268.3,5.0,5.0,241.6,187.6,139.1,3.8,13.27,pathseer:49
beir500k-rq1,pos40_cat06,pos40,210435,pathseer,256,3,49,1.0000,1.0000,0.00000,1.082,1.387,1.552,1.104,4230.7,0.0,1438.8,268.3,5.0,5.0,241.6,187.6,139.1,3.8,13.27,pathseer:49
beir500k-rq1,pos40_cat06,pos40,210435,pathseer,512,1,49,1.0000,1.0000,0.00000,1.900,2.732,2.970,1.991,7036.2,0.0,2719.2,537.6,8.0,8.0,466.3,358.3,297.3,7.3,26.33,pathseer:49
beir500k-rq1,pos40_cat06,pos40,210435,pathseer,512,2,49,1.0000,1.0000,0.00000,1.978,2.805,2.864,2.020,7036.2,0.0,2719.2,537.6,8.0,8.0,466.3,358.3,297.3,7.3,26.33,pathseer:49
beir500k-rq1,pos40_cat06,pos40,210435,pathseer,512,3,49,1.0000,1.0000,0.00000,1.916,2.567,2.745,1.978,7036.2,0.0,2719.2,537.6,8.0,8.0,466.3,358.3,297.3,7.3,26.33,pathseer:49
beir500k-rq1,pos40_cat07,pos40,209279,sweeping,64,1,41,0.9878,0.9024,0.00018,0.389,1.289,1.791,0.501,2343.5,0.0,340.1,109.9,3.0,4.0,0.0,0.0,0.0,0.0,0.00,sweeping:41
beir500k-rq1,pos40_cat07,pos40,209279,sweeping,64,2,41,0.9878,0.9024,0.00018,0.374,1.381,1.785,0.495,2343.5,0.0,340.1,109.9,3.0,4.0,0.0,0.0,0.0,0.0,0.00,sweeping:41
beir500k-rq1,pos40_cat07,pos40,209279,sweeping,64,3,41,0.9878,0.9024,0.00018,0.442,1.359,1.883,0.528,2343.5,0.0,340.1,109.9,3.0,4.0,0.0,0.0,0.0,0.0,0.00,sweeping:41
beir500k-rq1,pos40_cat07,pos40,209279,sweeping,128,1,41,1.0000,1.0000,0.00000,0.701,2.556,3.287,0.952,4090.7,0.0,589.2,215.6,5.0,6.0,0.0,0.0,0.0,0.0,0.00,sweeping:41
beir500k-rq1,pos40_cat07,pos40,209279,sweeping,128,2,41,1.0000,1.0000,0.00000,0.761,2.530,3.074,0.962,4090.7,0.0,589.2,215.6,5.0,6.0,0.0,0.0,0.0,0.0,0.00,sweeping:41
beir500k-rq1,pos40_cat07,pos40,209279,sweeping,128,3,41,1.0000,1.0000,0.00000,0.757,2.435,3.319,0.976,4090.7,0.0,589.2,215.6,5.0,6.0,0.0,0.0,0.0,0.0,0.00,sweeping:41
beir500k-rq1,pos40_cat07,pos40,209279,sweeping,256,1,41,1.0000,1.0000,0.00000,1.428,4.288,6.008,1.825,7137.0,0.0,1053.8,431.0,10.0,13.0,0.0,0.0,0.0,0.0,0.00,sweeping:41
beir500k-rq1,pos40_cat07,pos40,209279,sweeping,256,2,41,1.0000,1.0000,0.00000,1.363,4.196,5.096,1.732,7137.0,0.0,1053.8,431.0,10.0,13.0,0.0,0.0,0.0,0.0,0.00,sweeping:41
beir500k-rq1,pos40_cat07,pos40,209279,sweeping,256,3,41,1.0000,1.0000,0.00000,1.233,3.981,4.829,1.641,7137.0,0.0,1053.8,431.0,10.0,13.0,0.0,0.0,0.0,0.0,0.00,sweeping:41
beir500k-rq1,pos40_cat07,pos40,209279,sweeping,512,1,41,1.0000,1.0000,0.00000,2.541,6.797,8.053,3.141,12369.6,0.0,1931.4,858.5,19.0,27.0,0.0,0.0,0.0,0.0,0.00,sweeping:41
beir500k-rq1,pos40_cat07,pos40,209279,sweeping,512,2,41,1.0000,1.0000,0.00000,2.677,7.153,9.087,3.219,12369.6,0.0,1931.4,858.5,19.0,27.0,0.0,0.0,0.0,0.0,0.00,sweeping:41
beir500k-rq1,pos40_cat07,pos40,209279,sweeping,512,3,41,1.0000,1.0000,0.00000,2.496,6.754,8.016,3.039,12369.6,0.0,1931.4,858.5,19.0,27.0,0.0,0.0,0.0,0.0,0.00,sweeping:41
beir500k-rq1,pos40_cat07,pos40,209279,acorn,64,1,41,0.9878,0.9024,0.00018,0.460,1.585,2.052,0.596,2343.5,0.0,340.1,109.9,3.0,4.0,0.0,0.0,0.0,0.0,0.00,sweeping:41
beir500k-rq1,pos40_cat07,pos40,209279,acorn,64,2,41,0.9878,0.9024,0.00018,0.381,1.308,2.053,0.523,2343.5,0.0,340.1,109.9,3.0,4.0,0.0,0.0,0.0,0.0,0.00,sweeping:41
beir500k-rq1,pos40_cat07,pos40,209279,acorn,64,3,41,0.9878,0.9024,0.00018,0.351,1.204,1.806,0.473,2343.5,0.0,340.1,109.9,3.0,4.0,0.0,0.0,0.0,0.0,0.00,sweeping:41
beir500k-rq1,pos40_cat07,pos40,209279,acorn,128,1,41,1.0000,1.0000,0.00000,0.677,2.346,3.051,0.893,4090.7,0.0,589.2,215.6,5.0,6.0,0.0,0.0,0.0,0.0,0.00,sweeping:41
beir500k-rq1,pos40_cat07,pos40,209279,acorn,128,2,41,1.0000,1.0000,0.00000,0.685,2.423,3.034,0.912,4090.7,0.0,589.2,215.6,5.0,6.0,0.0,0.0,0.0,0.0,0.00,sweeping:41
beir500k-rq1,pos40_cat07,pos40,209279,acorn,128,3,41,1.0000,1.0000,0.00000,0.666,2.293,3.095,0.898,4090.7,0.0,589.2,215.6,5.0,6.0,0.0,0.0,0.0,0.0,0.00,sweeping:41
beir500k-rq1,pos40_cat07,pos40,209279,acorn,256,1,41,1.0000,1.0000,0.00000,1.267,3.896,4.729,1.630,7137.0,0.0,1053.8,431.0,10.0,13.0,0.0,0.0,0.0,0.0,0.00,sweeping:41
beir500k-rq1,pos40_cat07,pos40,209279,acorn,256,2,41,1.0000,1.0000,0.00000,1.314,4.108,5.596,1.738,7137.0,0.0,1053.8,431.0,10.0,13.0,0.0,0.0,0.0,0.0,0.00,sweeping:41
beir500k-rq1,pos40_cat07,pos40,209279,acorn,256,3,41,1.0000,1.0000,0.00000,1.383,4.477,4.956,1.798,7137.0,0.0,1053.8,431.0,10.0,13.0,0.0,0.0,0.0,0.0,0.00,sweeping:41
beir500k-rq1,pos40_cat07,pos40,209279,acorn,512,1,41,1.0000,1.0000,0.00000,2.464,6.664,7.936,3.004,12369.6,0.0,1931.4,858.5,19.0,27.0,0.0,0.0,0.0,0.0,0.00,sweeping:41
beir500k-rq1,pos40_cat07,pos40,209279,acorn,512,2,41,1.0000,1.0000,0.00000,2.500,6.838,7.965,3.096,12369.6,0.0,1931.4,858.5,19.0,27.0,0.0,0.0,0.0,0.0,0.00,sweeping:41
beir500k-rq1,pos40_cat07,pos40,209279,acorn,512,3,41,1.0000,1.0000,0.00000,2.417,6.876,8.339,3.041,12369.6,0.0,1931.4,858.5,19.0,27.0,0.0,0.0,0.0,0.0,0.00,sweeping:41
beir500k-rq1,pos40_cat07,pos40,209279,pathseer,64,1,41,0.9829,0.8780,0.00029,0.376,0.565,0.748,0.397,1632.3,0.0,785.4,80.1,2.0,2.0,85.9,44.8,271.0,1.3,16.02,pathseer:41
beir500k-rq1,pos40_cat07,pos40,209279,pathseer,64,2,41,0.9829,0.8780,0.00029,0.349,0.501,0.720,0.369,1632.3,0.0,785.4,80.1,2.0,2.0,85.9,44.8,271.0,1.3,16.02,pathseer:41
beir500k-rq1,pos40_cat07,pos40,209279,pathseer,64,3,41,0.9829,0.8780,0.00029,0.345,0.497,0.690,0.369,1632.3,0.0,785.4,80.1,2.0,2.0,85.9,44.8,271.0,1.3,16.02,pathseer:41
beir500k-rq1,pos40_cat07,pos40,209279,pathseer,128,1,41,0.9976,0.9756,0.00007,0.633,0.936,1.273,0.679,2834.2,0.0,1411.6,156.4,3.0,3.0,153.0,83.6,505.8,2.4,34.59,pathseer:41
beir500k-rq1,pos40_cat07,pos40,209279,pathseer,128,2,41,0.9976,0.9756,0.00007,0.694,0.965,1.351,0.712,2834.2,0.0,1411.6,156.4,3.0,3.0,153.0,83.6,505.8,2.4,34.59,pathseer:41
beir500k-rq1,pos40_cat07,pos40,209279,pathseer,128,3,41,0.9976,0.9756,0.00007,0.688,0.969,1.294,0.705,2834.2,0.0,1411.6,156.4,3.0,3.0,153.0,83.6,505.8,2.4,34.59,pathseer:41
beir500k-rq1,pos40_cat07,pos40,209279,pathseer,256,1,41,1.0000,1.0000,0.00000,1.269,1.835,2.358,1.278,4850.9,0.0,2577.5,311.8,5.0,5.0,281.0,151.9,959.0,4.4,74.39,pathseer:41
beir500k-rq1,pos40_cat07,pos40,209279,pathseer,256,2,41,1.0000,1.0000,0.00000,1.243,1.799,2.306,1.281,4850.9,0.0,2577.5,311.8,5.0,5.0,281.0,151.9,959.0,4.4,74.39,pathseer:41
beir500k-rq1,pos40_cat07,pos40,209279,pathseer,256,3,41,1.0000,1.0000,0.00000,1.235,1.775,2.340,1.305,4850.9,0.0,2577.5,311.8,5.0,5.0,281.0,151.9,959.0,4.4,74.39,pathseer:41
beir500k-rq1,pos40_cat07,pos40,209279,pathseer,512,1,41,1.0000,1.0000,0.00000,2.381,3.928,4.307,2.504,8384.8,0.0,5006.9,645.5,9.0,9.0,540.1,304.6,1902.8,8.4,168.61,pathseer:41
beir500k-rq1,pos40_cat07,pos40,209279,pathseer,512,2,41,1.0000,1.0000,0.00000,2.343,3.903,4.250,2.500,8384.8,0.0,5006.9,645.5,9.0,9.0,540.1,304.6,1902.8,8.4,168.61,pathseer:41
beir500k-rq1,pos40_cat07,pos40,209279,pathseer,512,3,41,1.0000,1.0000,0.00000,2.378,4.258,4.555,2.579,8384.8,0.0,5006.9,645.5,9.0,9.0,540.1,304.6,1902.8,8.4,168.61,pathseer:41
beir500k-rq1,pos40_cat08,pos40,218758,sweeping,64,1,52,0.9827,0.8462,0.00032,0.337,0.387,0.391,0.331,1588.8,0.0,224.0,67.9,3.0,3.0,0.0,0.0,0.0,0.0,0.00,sweeping:52
beir500k-rq1,pos40_cat08,pos40,218758,sweeping,64,2,52,0.9827,0.8462,0.00032,0.364,0.453,0.467,0.371,1588.8,0.0,224.0,67.9,3.0,3.0,0.0,0.0,0.0,0.0,0.00,sweeping:52
beir500k-rq1,pos40_cat08,pos40,218758,sweeping,64,3,52,0.9827,0.8462,0.00032,0.366,0.446,0.490,0.374,1588.8,0.0,224.0,67.9,3.0,3.0,0.0,0.0,0.0,0.0,0.00,sweeping:52
beir500k-rq1,pos40_cat08,pos40,218758,sweeping,128,1,52,0.9962,0.9615,0.00003,0.666,0.814,0.824,0.663,2793.5,0.0,386.0,133.5,5.0,5.0,0.0,0.0,0.0,0.0,0.00,sweeping:52
beir500k-rq1,pos40_cat08,pos40,218758,sweeping,128,2,52,0.9962,0.9615,0.00003,0.614,0.717,0.780,0.615,2793.5,0.0,386.0,133.5,5.0,5.0,0.0,0.0,0.0,0.0,0.00,sweeping:52
beir500k-rq1,pos40_cat08,pos40,218758,sweeping,128,3,52,0.9962,0.9615,0.00003,0.668,0.924,0.942,0.696,2793.5,0.0,386.0,133.5,5.0,5.0,0.0,0.0,0.0,0.0,0.00,sweeping:52
beir500k-rq1,pos40_cat08,pos40,218758,sweeping,256,1,52,0.9981,0.9808,0.00003,1.128,1.323,1.438,1.116,4870.1,0.0,683.0,265.1,9.0,10.0,0.0,0.0,0.0,0.0,0.00,sweeping:52
beir500k-rq1,pos40_cat08,pos40,218758,sweeping,256,2,52,0.9981,0.9808,0.00003,1.093,1.274,1.404,1.091,4870.1,0.0,683.0,265.1,9.0,10.0,0.0,0.0,0.0,0.0,0.00,sweeping:52
beir500k-rq1,pos40_cat08,pos40,218758,sweeping,256,3,52,0.9981,0.9808,0.00003,1.086,1.222,1.366,1.077,4870.1,0.0,683.0,265.1,9.0,10.0,0.0,0.0,0.0,0.0,0.00,sweeping:52
beir500k-rq1,pos40_cat08,pos40,218758,sweeping,512,1,52,1.0000,1.0000,0.00000,1.948,2.361,2.560,1.971,8191.7,0.0,1239.1,530.1,20.0,20.0,0.0,0.0,0.0,0.0,0.00,sweeping:52
beir500k-rq1,pos40_cat08,pos40,218758,sweeping,512,2,52,1.0000,1.0000,0.00000,2.053,2.855,2.869,2.081,8191.7,0.0,1239.1,530.1,20.0,20.0,0.0,0.0,0.0,0.0,0.00,sweeping:52
beir500k-rq1,pos40_cat08,pos40,218758,sweeping,512,3,52,1.0000,1.0000,0.00000,1.966,2.339,2.586,1.975,8191.7,0.0,1239.1,530.1,20.0,20.0,0.0,0.0,0.0,0.0,0.00,sweeping:52
beir500k-rq1,pos40_cat08,pos40,218758,acorn,64,1,52,0.9827,0.8462,0.00032,0.357,0.440,0.487,0.366,1588.8,0.0,224.0,67.9,3.0,3.0,0.0,0.0,0.0,0.0,0.00,sweeping:52
beir500k-rq1,pos40_cat08,pos40,218758,acorn,64,2,52,0.9827,0.8462,0.00032,0.357,0.443,0.470,0.363,1588.8,0.0,224.0,67.9,3.0,3.0,0.0,0.0,0.0,0.0,0.00,sweeping:52
beir500k-rq1,pos40_cat08,pos40,218758,acorn,64,3,52,0.9827,0.8462,0.00032,0.365,0.467,0.471,0.368,1588.8,0.0,224.0,67.9,3.0,3.0,0.0,0.0,0.0,0.0,0.00,sweeping:52
beir500k-rq1,pos40_cat08,pos40,218758,acorn,128,1,52,0.9962,0.9615,0.00003,0.637,0.759,0.855,0.641,2793.5,0.0,386.0,133.5,5.0,5.0,0.0,0.0,0.0,0.0,0.00,sweeping:52
beir500k-rq1,pos40_cat08,pos40,218758,acorn,128,2,52,0.9962,0.9615,0.00003,0.694,0.822,0.909,0.689,2793.5,0.0,386.0,133.5,5.0,5.0,0.0,0.0,0.0,0.0,0.00,sweeping:52
beir500k-rq1,pos40_cat08,pos40,218758,acorn,128,3,52,0.9962,0.9615,0.00003,0.683,0.813,0.859,0.691,2793.5,0.0,386.0,133.5,5.0,5.0,0.0,0.0,0.0,0.0,0.00,sweeping:52
beir500k-rq1,pos40_cat08,pos40,218758,acorn,256,1,52,0.9981,0.9808,0.00003,1.159,1.407,1.425,1.148,4870.1,0.0,683.0,265.1,9.0,10.0,0.0,0.0,0.0,0.0,0.00,sweeping:52
beir500k-rq1,pos40_cat08,pos40,218758,acorn,256,2,52,0.9981,0.9808,0.00003,1.178,1.337,1.653,1.170,4870.1,0.0,683.0,265.1,9.0,10.0,0.0,0.0,0.0,0.0,0.00,sweeping:52
beir500k-rq1,pos40_cat08,pos40,218758,acorn,256,3,52,0.9981,0.9808,0.00003,1.180,1.385,1.466,1.173,4870.1,0.0,683.0,265.1,9.0,10.0,0.0,0.0,0.0,0.0,0.00,sweeping:52
beir500k-rq1,pos40_cat08,pos40,218758,acorn,512,1,52,1.0000,1.0000,0.00000,2.064,2.431,2.879,2.086,8191.7,0.0,1239.1,530.1,20.0,20.0,0.0,0.0,0.0,0.0,0.00,sweeping:52
beir500k-rq1,pos40_cat08,pos40,218758,acorn,512,2,52,1.0000,1.0000,0.00000,2.078,2.475,2.541,2.102,8191.7,0.0,1239.1,530.1,20.0,20.0,0.0,0.0,0.0,0.0,0.00,sweeping:52
beir500k-rq1,pos40_cat08,pos40,218758,acorn,512,3,52,1.0000,1.0000,0.00000,2.197,2.569,2.931,2.213,8191.7,0.0,1239.1,530.1,20.0,20.0,0.0,0.0,0.0,0.0,0.00,sweeping:52
beir500k-rq1,pos40_cat08,pos40,218758,pathseer,64,1,52,0.9827,0.8462,0.00032,0.342,0.388,0.402,0.339,1604.2,0.0,416.5,67.4,2.0,2.0,67.7,56.8,16.3,1.1,1.08,pathseer:52
beir500k-rq1,pos40_cat08,pos40,218758,pathseer,64,2,52,0.9827,0.8462,0.00032,0.342,0.398,0.421,0.341,1604.2,0.0,416.5,67.4,2.0,2.0,67.7,56.8,16.3,1.1,1.08,pathseer:52
beir500k-rq1,pos40_cat08,pos40,218758,pathseer,64,3,52,0.9827,0.8462,0.00032,0.336,0.400,0.407,0.337,1604.2,0.0,416.5,67.4,2.0,2.0,67.7,56.8,16.3,1.1,1.08,pathseer:52
beir500k-rq1,pos40_cat08,pos40,218758,pathseer,128,1,52,0.9962,0.9615,0.00003,0.626,0.758,0.844,0.635,2813.6,0.0,762.3,132.3,3.0,3.0,130.5,108.3,33.8,2.0,3.12,pathseer:52
beir500k-rq1,pos40_cat08,pos40,218758,pathseer,128,2,52,0.9962,0.9615,0.00003,0.625,0.694,0.715,0.618,2813.6,0.0,762.3,132.3,3.0,3.0,130.5,108.3,33.8,2.0,3.12,pathseer:52
beir500k-rq1,pos40_cat08,pos40,218758,pathseer,128,3,52,0.9962,0.9615,0.00003,0.614,0.688,0.716,0.607,2813.6,0.0,762.3,132.3,3.0,3.0,130.5,108.3,33.8,2.0,3.12,pathseer:52
beir500k-rq1,pos40_cat08,pos40,218758,pathseer,256,1,52,0.9981,0.9808,0.00003,1.173,1.687,1.893,1.222,4866.7,0.0,1374.2,262.6,4.0,4.0,225.2,185.2,66.5,3.5,6.71,pathseer:52
beir500k-rq1,pos40_cat08,pos40,218758,pathseer,256,2,52,0.9981,0.9808,0.00003,1.233,1.666,2.103,1.282,4866.7,0.0,1374.2,262.6,4.0,4.0,225.2,185.2,66.5,3.5,6.71,pathseer:52
beir500k-rq1,pos40_cat08,pos40,218758,pathseer,256,3,52,0.9981,0.9808,0.00003,1.272,1.501,1.547,1.265,4866.7,0.0,1374.2,262.6,4.0,4.0,225.2,185.2,66.5,3.5,6.71,pathseer:52
beir500k-rq1,pos40_cat08,pos40,218758,pathseer,512,1,52,1.0000,1.0000,0.00000,2.092,2.473,2.495,2.082,8098.4,0.0,2594.9,525.2,7.0,7.0,429.5,346.3,156.5,6.7,15.17,pathseer:52
beir500k-rq1,pos40_cat08,pos40,218758,pathseer,512,2,52,1.0000,1.0000,0.00000,2.032,2.329,2.531,2.053,8098.4,0.0,2594.9,525.2,7.0,7.0,429.5,346.3,156.5,6.7,15.17,pathseer:52
beir500k-rq1,pos40_cat08,pos40,218758,pathseer,512,3,52,1.0000,1.0000,0.00000,2.112,2.412,2.502,2.113,8098.4,0.0,2594.9,525.2,7.0,7.0,429.5,346.3,156.5,6.7,15.17,pathseer:52
beir500k-rq1,pos40_cat09,pos40,222267,sweeping,64,1,55,0.9745,0.8182,0.00030,0.307,0.374,0.439,0.322,1399.9,0.0,208.5,67.2,4.0,3.0,0.0,0.0,0.0,0.0,0.00,sweeping:55
beir500k-rq1,pos40_cat09,pos40,222267,sweeping,64,2,55,0.9745,0.8182,0.00030,0.297,0.360,0.403,0.304,1399.9,0.0,208.5,67.2,4.0,3.0,0.0,0.0,0.0,0.0,0.00,sweeping:55
beir500k-rq1,pos40_cat09,pos40,222267,sweeping,64,3,55,0.9745,0.8182,0.00030,0.321,0.465,0.489,0.350,1399.9,0.0,208.5,67.2,4.0,3.0,0.0,0.0,0.0,0.0,0.00,sweeping:55
beir500k-rq1,pos40_cat09,pos40,222267,sweeping,128,1,55,0.9945,0.9636,0.00010,0.547,0.655,0.832,0.563,2400.1,0.0,357.0,132.6,6.0,6.0,0.0,0.0,0.0,0.0,0.00,sweeping:55
beir500k-rq1,pos40_cat09,pos40,222267,sweeping,128,2,55,0.9945,0.9636,0.00010,0.534,0.644,0.814,0.547,2400.1,0.0,357.0,132.6,6.0,6.0,0.0,0.0,0.0,0.0,0.00,sweeping:55
beir500k-rq1,pos40_cat09,pos40,222267,sweeping,128,3,55,0.9945,0.9636,0.00010,0.545,0.658,0.843,0.562,2400.1,0.0,357.0,132.6,6.0,6.0,0.0,0.0,0.0,0.0,0.00,sweeping:55
beir500k-rq1,pos40_cat09,pos40,222267,sweeping,256,1,55,0.9982,0.9818,0.00003,1.016,1.234,1.617,1.036,4087.2,0.0,626.8,264.2,11.0,11.0,0.0,0.0,0.0,0.0,0.00,sweeping:55
beir500k-rq1,pos40_cat09,pos40,222267,sweeping,256,2,55,0.9982,0.9818,0.00003,1.024,1.267,1.621,1.037,4087.2,0.0,626.8,264.2,11.0,11.0,0.0,0.0,0.0,0.0,0.00,sweeping:55
beir500k-rq1,pos40_cat09,pos40,222267,sweeping,256,3,55,0.9982,0.9818,0.00003,1.027,1.271,1.731,1.053,4087.2,0.0,626.8,264.2,11.0,11.0,0.0,0.0,0.0,0.0,0.00,sweeping:55
beir500k-rq1,pos40_cat09,pos40,222267,sweeping,512,1,55,0.9982,0.9818,0.00003,1.863,2.202,3.276,1.889,6859.2,0.0,1146.1,528.5,22.0,23.0,0.0,0.0,0.0,0.0,0.00,sweeping:55
beir500k-rq1,pos40_cat09,pos40,222267,sweeping,512,2,55,0.9982,0.9818,0.00003,1.751,2.092,3.137,1.800,6859.2,0.0,1146.1,528.5,22.0,23.0,0.0,0.0,0.0,0.0,0.00,sweeping:55
beir500k-rq1,pos40_cat09,pos40,222267,sweeping,512,3,55,0.9982,0.9818,0.00003,1.777,2.178,3.095,1.822,6859.2,0.0,1146.1,528.5,22.0,23.0,0.0,0.0,0.0,0.0,0.00,sweeping:55
beir500k-rq1,pos40_cat09,pos40,222267,acorn,64,1,55,0.9745,0.8182,0.00030,0.305,0.370,0.405,0.313,1399.9,0.0,208.5,67.2,4.0,3.0,0.0,0.0,0.0,0.0,0.00,sweeping:55
beir500k-rq1,pos40_cat09,pos40,222267,acorn,64,2,55,0.9745,0.8182,0.00030,0.293,0.338,0.391,0.297,1399.9,0.0,208.5,67.2,4.0,3.0,0.0,0.0,0.0,0.0,0.00,sweeping:55
beir500k-rq1,pos40_cat09,pos40,222267,acorn,64,3,55,0.9745,0.8182,0.00030,0.297,0.350,0.419,0.306,1399.9,0.0,208.5,67.2,4.0,3.0,0.0,0.0,0.0,0.0,0.00,sweeping:55
beir500k-rq1,pos40_cat09,pos40,222267,acorn,128,1,55,0.9945,0.9636,0.00010,0.538,0.642,0.778,0.550,2400.1,0.0,357.0,132.6,6.0,6.0,0.0,0.0,0.0,0.0,0.00,sweeping:55
beir500k-rq1,pos40_cat09,pos40,222267,acorn,128,2,55,0.9945,0.9636,0.00010,0.564,0.704,0.866,0.577,2400.1,0.0,357.0,132.6,6.0,6.0,0.0,0.0,0.0,0.0,0.00,sweeping:55
beir500k-rq1,pos40_cat09,pos40,222267,acorn,128,3,55,0.9945,0.9636,0.00010,0.530,0.665,0.842,0.554,2400.1,0.0,357.0,132.6,6.0,6.0,0.0,0.0,0.0,0.0,0.00,sweeping:55
beir500k-rq1,pos40_cat09,pos40,222267,acorn,256,1,55,0.9982,0.9818,0.00003,0.965,1.169,1.583,0.995,4087.2,0.0,626.8,264.2,11.0,11.0,0.0,0.0,0.0,0.0,0.00,sweeping:55
beir500k-rq1,pos40_cat09,pos40,222267,acorn,256,2,55,0.9982,0.9818,0.00003,0.968,1.200,1.605,1.007,4087.2,0.0,626.8,264.2,11.0,11.0,0.0,0.0,0.0,0.0,0.00,sweeping:55
beir500k-rq1,pos40_cat09,pos40,222267,acorn,256,3,55,0.9982,0.9818,0.00003,0.966,1.198,1.647,0.992,4087.2,0.0,626.8,264.2,11.0,11.0,0.0,0.0,0.0,0.0,0.00,sweeping:55
beir500k-rq1,pos40_cat09,pos40,222267,acorn,512,1,55,0.9982,0.9818,0.00003,1.774,2.284,3.122,1.823,6859.2,0.0,1146.1,528.5,22.0,23.0,0.0,0.0,0.0,0.0,0.00,sweeping:55
beir500k-rq1,pos40_cat09,pos40,222267,acorn,512,2,55,0.9982,0.9818,0.00003,1.839,2.317,3.323,1.890,6859.2,0.0,1146.1,528.5,22.0,23.0,0.0,0.0,0.0,0.0,0.00,sweeping:55
beir500k-rq1,pos40_cat09,pos40,222267,acorn,512,3,55,0.9982,0.9818,0.00003,1.774,2.373,3.021,1.846,6859.2,0.0,1146.1,528.5,22.0,23.0,0.0,0.0,0.0,0.0,0.00,sweeping:55
beir500k-rq1,pos40_cat09,pos40,222267,pathseer,64,1,55,0.9745,0.8182,0.00030,0.395,0.504,0.565,0.401,1413.5,0.0,394.8,66.7,2.0,2.0,65.2,57.3,17.1,1.0,0.78,pathseer:55
beir500k-rq1,pos40_cat09,pos40,222267,pathseer,64,2,55,0.9745,0.8182,0.00030,0.396,0.517,0.536,0.416,1413.5,0.0,394.8,66.7,2.0,2.0,65.2,57.3,17.1,1.0,0.78,pathseer:55
beir500k-rq1,pos40_cat09,pos40,222267,pathseer,64,3,55,0.9745,0.8182,0.00030,0.377,0.471,0.498,0.384,1413.5,0.0,394.8,66.7,2.0,2.0,65.2,57.3,17.1,1.0,0.78,pathseer:55
beir500k-rq1,pos40_cat09,pos40,222267,pathseer,128,1,55,0.9945,0.9636,0.00010,0.566,0.669,0.741,0.575,2409.7,0.0,715.1,131.4,3.0,3.0,129.2,112.3,33.1,2.0,2.15,pathseer:55
beir500k-rq1,pos40_cat09,pos40,222267,pathseer,128,2,55,0.9945,0.9636,0.00010,0.548,0.690,0.750,0.563,2409.7,0.0,715.1,131.4,3.0,3.0,129.2,112.3,33.1,2.0,2.15,pathseer:55
beir500k-rq1,pos40_cat09,pos40,222267,pathseer,128,3,55,0.9945,0.9636,0.00010,0.559,0.671,0.736,0.569,2409.7,0.0,715.1,131.4,3.0,3.0,129.2,112.3,33.1,2.0,2.15,pathseer:55
beir500k-rq1,pos40_cat09,pos40,222267,pathseer,256,1,55,0.9982,0.9818,0.00003,1.098,1.360,1.500,1.116,4055.8,0.0,1293.5,261.1,4.0,4.0,223.4,190.5,72.2,3.5,6.18,pathseer:55
beir500k-rq1,pos40_cat09,pos40,222267,pathseer,256,2,55,0.9982,0.9818,0.00003,1.033,1.308,1.477,1.068,4055.8,0.0,1293.5,261.1,4.0,4.0,223.4,190.5,72.2,3.5,6.18,pathseer:55
beir500k-rq1,pos40_cat09,pos40,222267,pathseer,256,3,55,0.9982,0.9818,0.00003,1.030,1.222,1.369,1.061,4055.8,0.0,1293.5,261.1,4.0,4.0,223.4,190.5,72.2,3.5,6.18,pathseer:55
beir500k-rq1,pos40_cat09,pos40,222267,pathseer,512,1,55,0.9982,0.9818,0.00003,1.846,2.173,2.460,1.862,6739.2,0.0,2431.6,521.9,8.0,8.0,445.7,360.5,143.0,7.0,15.33,pathseer:55
beir500k-rq1,pos40_cat09,pos40,222267,pathseer,512,2,55,0.9982,0.9818,0.00003,1.955,2.408,2.836,2.006,6739.2,0.0,2431.6,521.9,8.0,8.0,445.7,360.5,143.0,7.0,15.33,pathseer:55
beir500k-rq1,pos40_cat09,pos40,222267,pathseer,512,3,55,0.9982,0.9818,0.00003,1.893,2.364,2.556,1.917,6739.2,0.0,2431.6,521.9,8.0,8.0,445.7,360.5,143.0,7.0,15.33,pathseer:55
beir500k-rq1,pos40_cat10,pos40,207074,sweeping,64,1,50,0.9940,0.9400,0.00006,0.406,0.621,0.675,0.414,1571.2,0.0,216.2,71.1,4.0,4.0,0.0,0.0,0.0,0.0,0.00,sweeping:50
beir500k-rq1,pos40_cat10,pos40,207074,sweeping,64,2,50,0.9940,0.9400,0.00006,0.390,0.618,0.661,0.415,1571.2,0.0,216.2,71.1,4.0,4.0,0.0,0.0,0.0,0.0,0.00,sweeping:50
beir500k-rq1,pos40_cat10,pos40,207074,sweeping,64,3,50,0.9940,0.9400,0.00006,0.429,0.604,0.739,0.439,1571.2,0.0,216.2,71.1,4.0,4.0,0.0,0.0,0.0,0.0,0.00,sweeping:50
beir500k-rq1,pos40_cat10,pos40,207074,sweeping,128,1,50,1.0000,1.0000,0.00000,0.680,0.988,1.169,0.700,2761.6,0.0,380.2,141.4,5.0,6.0,0.0,0.0,0.0,0.0,0.00,sweeping:50
beir500k-rq1,pos40_cat10,pos40,207074,sweeping,128,2,50,1.0000,1.0000,0.00000,0.646,0.904,1.118,0.656,2761.6,0.0,380.2,141.4,5.0,6.0,0.0,0.0,0.0,0.0,0.00,sweeping:50
beir500k-rq1,pos40_cat10,pos40,207074,sweeping,128,3,50,1.0000,1.0000,0.00000,0.635,0.927,1.118,0.655,2761.6,0.0,380.2,141.4,5.0,6.0,0.0,0.0,0.0,0.0,0.00,sweeping:50
beir500k-rq1,pos40_cat10,pos40,207074,sweeping,256,1,50,1.0000,1.0000,0.00000,1.182,1.834,2.023,1.228,4895.3,0.0,694.3,284.3,10.0,11.0,0.0,0.0,0.0,0.0,0.00,sweeping:50
beir500k-rq1,pos40_cat10,pos40,207074,sweeping,256,2,50,1.0000,1.0000,0.00000,1.158,1.599,1.995,1.182,4895.3,0.0,694.3,284.3,10.0,11.0,0.0,0.0,0.0,0.0,0.00,sweeping:50
beir500k-rq1,pos40_cat10,pos40,207074,sweeping,256,3,50,1.0000,1.0000,0.00000,1.127,1.594,1.880,1.153,4895.3,0.0,694.3,284.3,10.0,11.0,0.0,0.0,0.0,0.0,0.00,sweeping:50
beir500k-rq1,pos40_cat10,pos40,207074,sweeping,512,1,50,1.0000,1.0000,0.00000,2.208,3.344,3.850,2.294,8505.1,0.0,1305.9,579.4,20.0,23.0,0.0,0.0,0.0,0.0,0.00,sweeping:50
beir500k-rq1,pos40_cat10,pos40,207074,sweeping,512,2,50,1.0000,1.0000,0.00000,2.368,3.257,3.895,2.383,8505.1,0.0,1305.9,579.4,20.0,23.0,0.0,0.0,0.0,0.0,0.00,sweeping:50
beir500k-rq1,pos40_cat10,pos40,207074,sweeping,512,3,50,1.0000,1.0000,0.00000,2.307,3.363,3.736,2.418,8505.1,0.0,1305.9,579.4,20.0,23.0,0.0,0.0,0.0,0.0,0.00,sweeping:50
beir500k-rq1,pos40_cat10,pos40,207074,acorn,64,1,50,0.9940,0.9400,0.00006,0.407,0.657,0.796,0.432,1571.2,0.0,216.2,71.1,4.0,4.0,0.0,0.0,0.0,0.0,0.00,sweeping:50
beir500k-rq1,pos40_cat10,pos40,207074,acorn,64,2,50,0.9940,0.9400,0.00006,0.462,0.680,0.872,0.466,1571.2,0.0,216.2,71.1,4.0,4.0,0.0,0.0,0.0,0.0,0.00,sweeping:50
beir500k-rq1,pos40_cat10,pos40,207074,acorn,64,3,50,0.9940,0.9400,0.00006,0.452,0.705,0.791,0.466,1571.2,0.0,216.2,71.1,4.0,4.0,0.0,0.0,0.0,0.0,0.00,sweeping:50
beir500k-rq1,pos40_cat10,pos40,207074,acorn,128,1,50,1.0000,1.0000,0.00000,0.674,0.923,1.214,0.722,2761.6,0.0,380.2,141.4,5.0,6.0,0.0,0.0,0.0,0.0,0.00,sweeping:50
beir500k-rq1,pos40_cat10,pos40,207074,acorn,128,2,50,1.0000,1.0000,0.00000,0.633,0.898,1.144,0.651,2761.6,0.0,380.2,141.4,5.0,6.0,0.0,0.0,0.0,0.0,0.00,sweeping:50
beir500k-rq1,pos40_cat10,pos40,207074,acorn,128,3,50,1.0000,1.0000,0.00000,0.631,0.883,1.096,0.643,2761.6,0.0,380.2,141.4,5.0,6.0,0.0,0.0,0.0,0.0,0.00,sweeping:50
beir500k-rq1,pos40_cat10,pos40,207074,acorn,256,1,50,1.0000,1.0000,0.00000,1.335,1.950,2.057,1.338,4895.3,0.0,694.3,284.3,10.0,11.0,0.0,0.0,0.0,0.0,0.00,sweeping:50
beir500k-rq1,pos40_cat10,pos40,207074,acorn,256,2,50,1.0000,1.0000,0.00000,1.302,1.731,2.283,1.353,4895.3,0.0,694.3,284.3,10.0,11.0,0.0,0.0,0.0,0.0,0.00,sweeping:50
beir500k-rq1,pos40_cat10,pos40,207074,acorn,256,3,50,1.0000,1.0000,0.00000,1.187,1.734,2.126,1.212,4895.3,0.0,694.3,284.3,10.0,11.0,0.0,0.0,0.0,0.0,0.00,sweeping:50
beir500k-rq1,pos40_cat10,pos40,207074,acorn,512,1,50,1.0000,1.0000,0.00000,2.370,3.470,4.244,2.423,8505.1,0.0,1305.9,579.4,20.0,23.0,0.0,0.0,0.0,0.0,0.00,sweeping:50
beir500k-rq1,pos40_cat10,pos40,207074,acorn,512,2,50,1.0000,1.0000,0.00000,2.429,3.706,3.893,2.533,8505.1,0.0,1305.9,579.4,20.0,23.0,0.0,0.0,0.0,0.0,0.00,sweeping:50
beir500k-rq1,pos40_cat10,pos40,207074,acorn,512,3,50,1.0000,1.0000,0.00000,2.334,3.495,4.131,2.426,8505.1,0.0,1305.9,579.4,20.0,23.0,0.0,0.0,0.0,0.0,0.00,sweeping:50
beir500k-rq1,pos40_cat10,pos40,207074,pathseer,64,1,50,0.9940,0.9400,0.00006,0.428,0.583,0.736,0.442,1524.6,0.0,462.9,69.2,2.0,2.0,75.5,55.5,54.4,1.2,4.52,pathseer:50
beir500k-rq1,pos40_cat10,pos40,207074,pathseer,64,2,50,0.9940,0.9400,0.00006,0.445,0.558,0.596,0.436,1524.6,0.0,462.9,69.2,2.0,2.0,75.5,55.5,54.4,1.2,4.52,pathseer:50
beir500k-rq1,pos40_cat10,pos40,207074,pathseer,64,3,50,0.9940,0.9400,0.00006,0.414,0.510,0.616,0.416,1524.6,0.0,462.9,69.2,2.0,2.0,75.5,55.5,54.4,1.2,4.52,pathseer:50
beir500k-rq1,pos40_cat10,pos40,207074,pathseer,128,1,50,1.0000,1.0000,0.00000,0.693,0.873,1.043,0.703,2640.1,0.0,856.3,136.9,3.0,3.0,138.2,102.4,113.0,2.2,10.64,pathseer:50
beir500k-rq1,pos40_cat10,pos40,207074,pathseer,128,2,50,1.0000,1.0000,0.00000,0.692,0.902,0.986,0.702,2640.1,0.0,856.3,136.9,3.0,3.0,138.2,102.4,113.0,2.2,10.64,pathseer:50
beir500k-rq1,pos40_cat10,pos40,207074,pathseer,128,3,50,1.0000,1.0000,0.00000,0.715,1.009,1.088,0.756,2640.1,0.0,856.3,136.9,3.0,3.0,138.2,102.4,113.0,2.2,10.64,pathseer:50
beir500k-rq1,pos40_cat10,pos40,207074,pathseer,256,1,50,1.0000,1.0000,0.00000,1.234,1.549,1.705,1.239,4588.9,0.0,1604.2,273.7,5.0,5.0,243.2,179.3,235.6,3.8,24.80,pathseer:50
beir500k-rq1,pos40_cat10,pos40,207074,pathseer,256,2,50,1.0000,1.0000,0.00000,1.269,1.616,1.722,1.265,4588.9,0.0,1604.2,273.7,5.0,5.0,243.2,179.3,235.6,3.8,24.80,pathseer:50
beir500k-rq1,pos40_cat10,pos40,207074,pathseer,256,3,50,1.0000,1.0000,0.00000,1.339,1.683,1.719,1.357,4588.9,0.0,1604.2,273.7,5.0,5.0,243.2,179.3,235.6,3.8,24.80,pathseer:50
beir500k-rq1,pos40_cat10,pos40,207074,pathseer,512,1,50,1.0000,1.0000,0.00000,2.320,3.100,3.236,2.341,7727.9,0.0,3116.7,551.8,8.0,9.0,480.0,333.9,526.5,7.5,59.38,pathseer:50
beir500k-rq1,pos40_cat10,pos40,207074,pathseer,512,2,50,1.0000,1.0000,0.00000,2.174,2.887,3.132,2.223,7727.9,0.0,3116.7,551.8,8.0,9.0,480.0,333.9,526.5,7.5,59.38,pathseer:50
beir500k-rq1,pos40_cat10,pos40,207074,pathseer,512,3,50,1.0000,1.0000,0.00000,2.122,2.869,3.340,2.167,7727.9,0.0,3116.7,551.8,8.0,9.0,480.0,333.9,526.5,7.5,59.38,pathseer:50
beir500k-rq1,pos40_cat11,pos40,211992,sweeping,64,1,32,0.9906,0.9375,0.00009,0.400,0.740,1.664,0.516,2426.8,0.0,356.5,127.7,3.0,5.0,0.0,0.0,0.0,0.0,0.00,sweeping:32
beir500k-rq1,pos40_cat11,pos40,211992,sweeping,64,2,32,0.9906,0.9375,0.00009,0.376,0.815,1.731,0.467,2426.8,0.0,356.5,127.7,3.0,5.0,0.0,0.0,0.0,0.0,0.00,sweeping:32
beir500k-rq1,pos40_cat11,pos40,211992,sweeping,64,3,32,0.9906,0.9375,0.00009,0.382,0.688,1.606,0.468,2426.8,0.0,356.5,127.7,3.0,5.0,0.0,0.0,0.0,0.0,0.00,sweeping:32
beir500k-rq1,pos40_cat11,pos40,211992,sweeping,128,1,32,0.9938,0.9688,0.00006,0.717,1.719,3.736,0.953,4468.5,0.0,647.3,276.3,5.0,8.0,0.0,0.0,0.0,0.0,0.00,sweeping:32
beir500k-rq1,pos40_cat11,pos40,211992,sweeping,128,2,32,0.9938,0.9688,0.00006,0.798,1.766,4.451,1.012,4468.5,0.0,647.3,276.3,5.0,8.0,0.0,0.0,0.0,0.0,0.00,sweeping:32
beir500k-rq1,pos40_cat11,pos40,211992,sweeping,128,3,32,0.9938,0.9688,0.00006,0.832,1.978,4.264,1.124,4468.5,0.0,647.3,276.3,5.0,8.0,0.0,0.0,0.0,0.0,0.00,sweeping:32
beir500k-rq1,pos40_cat11,pos40,211992,sweeping,256,1,32,0.9969,0.9688,0.00005,1.364,3.402,7.333,1.787,7889.9,0.0,1231.7,585.6,10.0,17.0,0.0,0.0,0.0,0.0,0.00,sweeping:32
beir500k-rq1,pos40_cat11,pos40,211992,sweeping,256,2,32,0.9969,0.9688,0.00005,1.415,3.380,7.147,1.755,7889.9,0.0,1231.7,585.6,10.0,17.0,0.0,0.0,0.0,0.0,0.00,sweeping:32
beir500k-rq1,pos40_cat11,pos40,211992,sweeping,256,3,32,0.9969,0.9688,0.00005,1.418,3.436,7.084,1.792,7889.9,0.0,1231.7,585.6,10.0,17.0,0.0,0.0,0.0,0.0,0.00,sweeping:32
beir500k-rq1,pos40_cat11,pos40,211992,sweeping,512,1,32,0.9969,0.9688,0.00005,2.666,6.516,12.567,3.334,13711.2,0.0,2386.0,1230.1,22.0,37.0,0.0,0.0,0.0,0.0,0.00,sweeping:32
beir500k-rq1,pos40_cat11,pos40,211992,sweeping,512,2,32,0.9969,0.9688,0.00005,2.811,8.991,14.172,3.624,13711.2,0.0,2386.0,1230.1,22.0,37.0,0.0,0.0,0.0,0.0,0.00,sweeping:32
beir500k-rq1,pos40_cat11,pos40,211992,sweeping,512,3,32,0.9969,0.9688,0.00005,2.750,6.517,12.830,3.438,13711.2,0.0,2386.0,1230.1,22.0,37.0,0.0,0.0,0.0,0.0,0.00,sweeping:32
beir500k-rq1,pos40_cat11,pos40,211992,acorn,64,1,32,0.9906,0.9375,0.00009,0.499,0.989,2.007,0.622,2426.8,0.0,356.5,127.7,3.0,5.0,0.0,0.0,0.0,0.0,0.00,sweeping:32
beir500k-rq1,pos40_cat11,pos40,211992,acorn,64,2,32,0.9906,0.9375,0.00009,0.487,0.964,1.896,0.611,2426.8,0.0,356.5,127.7,3.0,5.0,0.0,0.0,0.0,0.0,0.00,sweeping:32
beir500k-rq1,pos40_cat11,pos40,211992,acorn,64,3,32,0.9906,0.9375,0.00009,0.499,0.941,1.972,0.608,2426.8,0.0,356.5,127.7,3.0,5.0,0.0,0.0,0.0,0.0,0.00,sweeping:32
beir500k-rq1,pos40_cat11,pos40,211992,acorn,128,1,32,0.9938,0.9688,0.00006,0.849,1.920,4.229,1.108,4468.5,0.0,647.3,276.3,5.0,8.0,0.0,0.0,0.0,0.0,0.00,sweeping:32
beir500k-rq1,pos40_cat11,pos40,211992,acorn,128,2,32,0.9938,0.9688,0.00006,0.826,1.810,4.375,1.076,4468.5,0.0,647.3,276.3,5.0,8.0,0.0,0.0,0.0,0.0,0.00,sweeping:32
beir500k-rq1,pos40_cat11,pos40,211992,acorn,128,3,32,0.9938,0.9688,0.00006,0.842,1.859,4.230,1.097,4468.5,0.0,647.3,276.3,5.0,8.0,0.0,0.0,0.0,0.0,0.00,sweeping:32
beir500k-rq1,pos40_cat11,pos40,211992,acorn,256,1,32,0.9969,0.9688,0.00005,1.553,3.760,7.478,1.997,7889.9,0.0,1231.7,585.6,10.0,17.0,0.0,0.0,0.0,0.0,0.00,sweeping:32
beir500k-rq1,pos40_cat11,pos40,211992,acorn,256,2,32,0.9969,0.9688,0.00005,1.605,3.835,9.043,2.112,7889.9,0.0,1231.7,585.6,10.0,17.0,0.0,0.0,0.0,0.0,0.00,sweeping:32
beir500k-rq1,pos40_cat11,pos40,211992,acorn,256,3,32,0.9969,0.9688,0.00005,1.616,3.556,7.556,1.997,7889.9,0.0,1231.7,585.6,10.0,17.0,0.0,0.0,0.0,0.0,0.00,sweeping:32
beir500k-rq1,pos40_cat11,pos40,211992,acorn,512,1,32,0.9969,0.9688,0.00005,3.045,6.519,13.265,3.600,13711.2,0.0,2386.0,1230.1,22.0,37.0,0.0,0.0,0.0,0.0,0.00,sweeping:32
beir500k-rq1,pos40_cat11,pos40,211992,acorn,512,2,32,0.9969,0.9688,0.00005,2.821,6.897,13.479,3.503,13711.2,0.0,2386.0,1230.1,22.0,37.0,0.0,0.0,0.0,0.0,0.00,sweeping:32
beir500k-rq1,pos40_cat11,pos40,211992,acorn,512,3,32,0.9969,0.9688,0.00005,2.903,6.621,13.126,3.505,13711.2,0.0,2386.0,1230.1,22.0,37.0,0.0,0.0,0.0,0.0,0.00,sweeping:32
beir500k-rq1,pos40_cat11,pos40,211992,pathseer,64,1,32,0.9875,0.9062,0.00013,0.354,0.410,0.562,0.342,1492.9,0.0,992.2,89.7,3.0,3.0,110.0,48.3,402.5,1.7,31.44,pathseer:32
beir500k-rq1,pos40_cat11,pos40,211992,pathseer,64,2,32,0.9875,0.9062,0.00013,0.341,0.421,0.620,0.351,1492.9,0.0,992.2,89.7,3.0,3.0,110.0,48.3,402.5,1.7,31.44,pathseer:32
beir500k-rq1,pos40_cat11,pos40,211992,pathseer,64,3,32,0.9875,0.9062,0.00013,0.359,0.582,0.732,0.379,1492.9,0.0,992.2,89.7,3.0,3.0,110.0,48.3,402.5,1.7,31.44,pathseer:32
beir500k-rq1,pos40_cat11,pos40,211992,pathseer,128,1,32,0.9906,0.9375,0.00009,0.605,0.900,1.393,0.694,2549.8,0.0,1872.8,183.8,3.0,4.0,162.0,71.2,839.7,2.5,69.69,pathseer:32
beir500k-rq1,pos40_cat11,pos40,211992,pathseer,128,2,32,0.9906,0.9375,0.00009,0.664,0.894,1.236,0.689,2549.8,0.0,1872.8,183.8,3.0,4.0,162.0,71.2,839.7,2.5,69.69,pathseer:32
beir500k-rq1,pos40_cat11,pos40,211992,pathseer,128,3,32,0.9906,0.9375,0.00009,0.703,0.885,1.364,0.700,2549.8,0.0,1872.8,183.8,3.0,4.0,162.0,71.2,839.7,2.5,69.69,pathseer:32
beir500k-rq1,pos40_cat11,pos40,211992,pathseer,256,1,32,0.9969,0.9688,0.00005,1.256,2.009,2.922,1.397,4360.8,0.0,3498.9,373.9,5.0,8.0,300.0,140.4,1605.8,4.7,157.81,pathseer:32
beir500k-rq1,pos40_cat11,pos40,211992,pathseer,256,2,32,0.9969,0.9688,0.00005,1.326,2.038,2.833,1.414,4360.8,0.0,3498.9,373.9,5.0,8.0,300.0,140.4,1605.8,4.7,157.81,pathseer:32
beir500k-rq1,pos40_cat11,pos40,211992,pathseer,256,3,32,0.9969,0.9688,0.00005,1.303,1.939,2.825,1.375,4360.8,0.0,3498.9,373.9,5.0,8.0,300.0,140.4,1605.8,4.7,157.81,pathseer:32
beir500k-rq1,pos40_cat11,pos40,211992,pathseer,512,1,32,0.9969,0.9688,0.00005,2.369,3.848,5.852,2.612,7398.9,0.0,6668.6,772.4,10.0,15.0,606.0,287.7,3086.2,9.5,352.03,pathseer:32
beir500k-rq1,pos40_cat11,pos40,211992,pathseer,512,2,32,0.9969,0.9688,0.00005,2.329,3.625,5.830,2.564,7398.9,0.0,6668.6,772.4,10.0,15.0,606.0,287.7,3086.2,9.5,352.03,pathseer:32
beir500k-rq1,pos40_cat11,pos40,211992,pathseer,512,3,32,0.9969,0.9688,0.00005,2.341,3.803,6.045,2.595,7398.9,0.0,6668.6,772.4,10.0,15.0,606.0,287.7,3086.2,9.5,352.03,pathseer:32
beir500k-rq1,pos40_cat12,pos40,216862,sweeping,64,1,66,0.9864,0.8788,0.00010,0.338,0.506,0.545,0.357,1437.3,0.0,216.1,70.7,3.0,4.0,0.0,0.0,0.0,0.0,0.00,sweeping:66
beir500k-rq1,pos40_cat12,pos40,216862,sweeping,64,2,66,0.9864,0.8788,0.00010,0.329,0.479,0.517,0.346,1437.3,0.0,216.1,70.7,3.0,4.0,0.0,0.0,0.0,0.0,0.00,sweeping:66
beir500k-rq1,pos40_cat12,pos40,216862,sweeping,64,3,66,0.9864,0.8788,0.00010,0.319,0.442,0.468,0.338,1437.3,0.0,216.1,70.7,3.0,4.0,0.0,0.0,0.0,0.0,0.00,sweeping:66
beir500k-rq1,pos40_cat12,pos40,216862,sweeping,128,1,66,1.0000,1.0000,0.00000,0.514,0.773,0.805,0.542,2499.1,0.0,372.4,139.3,5.0,6.0,0.0,0.0,0.0,0.0,0.00,sweeping:66
beir500k-rq1,pos40_cat12,pos40,216862,sweeping,128,2,66,1.0000,1.0000,0.00000,0.529,0.782,0.859,0.558,2499.1,0.0,372.4,139.3,5.0,6.0,0.0,0.0,0.0,0.0,0.00,sweeping:66
beir500k-rq1,pos40_cat12,pos40,216862,sweeping,128,3,66,1.0000,1.0000,0.00000,0.529,0.736,0.829,0.556,2499.1,0.0,372.4,139.3,5.0,6.0,0.0,0.0,0.0,0.0,0.00,sweeping:66
beir500k-rq1,pos40_cat12,pos40,216862,sweeping,256,1,66,1.0000,1.0000,0.00000,1.151,1.630,1.776,1.186,4359.5,0.0,668.4,278.8,11.0,11.0,0.0,0.0,0.0,0.0,0.00,sweeping:66
beir500k-rq1,pos40_cat12,pos40,216862,sweeping,256,2,66,1.0000,1.0000,0.00000,1.109,1.616,2.245,1.187,4359.5,0.0,668.4,278.8,11.0,11.0,0.0,0.0,0.0,0.0,0.00,sweeping:66
beir500k-rq1,pos40_cat12,pos40,216862,sweeping,256,3,66,1.0000,1.0000,0.00000,1.111,1.941,2.134,1.193,4359.5,0.0,668.4,278.8,11.0,11.0,0.0,0.0,0.0,0.0,0.00,sweeping:66
beir500k-rq1,pos40_cat12,pos40,216862,sweeping,512,1,66,1.0000,1.0000,0.00000,1.847,2.789,3.749,1.976,7518.6,0.0,1239.9,561.3,22.0,25.0,0.0,0.0,0.0,0.0,0.00,sweeping:66
beir500k-rq1,pos40_cat12,pos40,216862,sweeping,512,2,66,1.0000,1.0000,0.00000,1.790,2.502,3.319,1.892,7518.6,0.0,1239.9,561.3,22.0,25.0,0.0,0.0,0.0,0.0,0.00,sweeping:66
beir500k-rq1,pos40_cat12,pos40,216862,sweeping,512,3,66,1.0000,1.0000,0.00000,1.793,2.560,3.465,1.914,7518.6,0.0,1239.9,561.3,22.0,25.0,0.0,0.0,0.0,0.0,0.00,sweeping:66
beir500k-rq1,pos40_cat12,pos40,216862,acorn,64,1,66,0.9864,0.8788,0.00010,0.345,0.562,0.713,0.382,1437.3,0.0,216.1,70.7,3.0,4.0,0.0,0.0,0.0,0.0,0.00,sweeping:66
beir500k-rq1,pos40_cat12,pos40,216862,acorn,64,2,66,0.9864,0.8788,0.00010,0.343,0.519,0.838,0.365,1437.3,0.0,216.1,70.7,3.0,4.0,0.0,0.0,0.0,0.0,0.00,sweeping:66
beir500k-rq1,pos40_cat12,pos40,216862,acorn,64,3,66,0.9864,0.8788,0.00010,0.304,0.427,0.436,0.315,1437.3,0.0,216.1,70.7,3.0,4.0,0.0,0.0,0.0,0.0,0.00,sweeping:66
beir500k-rq1,pos40_cat12,pos40,216862,acorn,128,1,66,1.0000,1.0000,0.00000,0.513,0.733,0.877,0.541,2499.1,0.0,372.4,139.3,5.0,6.0,0.0,0.0,0.0,0.0,0.00,sweeping:66
beir500k-rq1,pos40_cat12,pos40,216862,acorn,128,2,66,1.0000,1.0000,0.00000,0.532,0.770,0.819,0.556,2499.1,0.0,372.4,139.3,5.0,6.0,0.0,0.0,0.0,0.0,0.00,sweeping:66
beir500k-rq1,pos40_cat12,pos40,216862,acorn,128,3,66,1.0000,1.0000,0.00000,0.586,0.860,0.935,0.624,2499.1,0.0,372.4,139.3,5.0,6.0,0.0,0.0,0.0,0.0,0.00,sweeping:66
beir500k-rq1,pos40_cat12,pos40,216862,acorn,256,1,66,1.0000,1.0000,0.00000,1.080,1.575,1.972,1.126,4359.5,0.0,668.4,278.8,11.0,11.0,0.0,0.0,0.0,0.0,0.00,sweeping:66
beir500k-rq1,pos40_cat12,pos40,216862,acorn,256,2,66,1.0000,1.0000,0.00000,0.995,1.372,1.793,1.055,4359.5,0.0,668.4,278.8,11.0,11.0,0.0,0.0,0.0,0.0,0.00,sweeping:66
beir500k-rq1,pos40_cat12,pos40,216862,acorn,256,3,66,1.0000,1.0000,0.00000,1.036,1.583,1.717,1.076,4359.5,0.0,668.4,278.8,11.0,11.0,0.0,0.0,0.0,0.0,0.00,sweeping:66
beir500k-rq1,pos40_cat12,pos40,216862,acorn,512,1,66,1.0000,1.0000,0.00000,2.058,3.017,3.603,2.161,7518.6,0.0,1239.9,561.3,22.0,25.0,0.0,0.0,0.0,0.0,0.00,sweeping:66
beir500k-rq1,pos40_cat12,pos40,216862,acorn,512,2,66,1.0000,1.0000,0.00000,1.963,2.616,3.900,2.050,7518.6,0.0,1239.9,561.3,22.0,25.0,0.0,0.0,0.0,0.0,0.00,sweeping:66
beir500k-rq1,pos40_cat12,pos40,216862,acorn,512,3,66,1.0000,1.0000,0.00000,1.899,2.804,3.470,2.014,7518.6,0.0,1239.9,561.3,22.0,25.0,0.0,0.0,0.0,0.0,0.00,sweeping:66
beir500k-rq1,pos40_cat12,pos40,216862,pathseer,64,1,66,0.9864,0.8788,0.00010,0.378,0.525,0.562,0.390,1392.4,0.0,436.9,68.7,2.0,2.0,68.8,54.4,46.0,1.1,3.52,pathseer:66
beir500k-rq1,pos40_cat12,pos40,216862,pathseer,64,2,66,0.9864,0.8788,0.00010,0.385,0.518,0.547,0.393,1392.4,0.0,436.9,68.7,2.0,2.0,68.8,54.4,46.0,1.1,3.52,pathseer:66
beir500k-rq1,pos40_cat12,pos40,216862,pathseer,64,3,66,0.9864,0.8788,0.00010,0.410,0.575,0.643,0.420,1392.4,0.0,436.9,68.7,2.0,2.0,68.8,54.4,46.0,1.1,3.52,pathseer:66
beir500k-rq1,pos40_cat12,pos40,216862,pathseer,128,1,66,1.0000,1.0000,0.00000,0.614,0.804,0.859,0.633,2404.2,0.0,796.6,135.1,3.0,3.0,137.7,100.9,87.0,2.2,8.41,pathseer:66
beir500k-rq1,pos40_cat12,pos40,216862,pathseer,128,2,66,1.0000,1.0000,0.00000,0.604,0.780,0.783,0.618,2404.2,0.0,796.6,135.1,3.0,3.0,137.7,100.9,87.0,2.2,8.41,pathseer:66
beir500k-rq1,pos40_cat12,pos40,216862,pathseer,128,3,66,1.0000,1.0000,0.00000,0.596,0.786,0.825,0.606,2404.2,0.0,796.6,135.1,3.0,3.0,137.7,100.9,87.0,2.2,8.41,pathseer:66
beir500k-rq1,pos40_cat12,pos40,216862,pathseer,256,1,66,1.0000,1.0000,0.00000,1.047,1.316,1.477,1.068,4128.1,0.0,1482.5,269.5,5.0,5.0,246.3,184.3,180.5,3.8,18.00,pathseer:66
beir500k-rq1,pos40_cat12,pos40,216862,pathseer,256,2,66,1.0000,1.0000,0.00000,1.068,1.317,1.476,1.085,4128.1,0.0,1482.5,269.5,5.0,5.0,246.3,184.3,180.5,3.8,18.00,pathseer:66
beir500k-rq1,pos40_cat12,pos40,216862,pathseer,256,3,66,1.0000,1.0000,0.00000,1.097,1.514,1.625,1.145,4128.1,0.0,1482.5,269.5,5.0,5.0,246.3,184.3,180.5,3.8,18.00,pathseer:66
beir500k-rq1,pos40_cat12,pos40,216862,pathseer,512,1,66,1.0000,1.0000,0.00000,1.863,2.392,2.670,1.917,6979.2,0.0,2799.1,539.7,8.0,8.0,479.0,349.4,363.2,7.5,42.14,pathseer:66
beir500k-rq1,pos40_cat12,pos40,216862,pathseer,512,2,66,1.0000,1.0000,0.00000,1.865,2.423,2.617,1.906,6979.2,0.0,2799.1,539.7,8.0,8.0,479.0,349.4,363.2,7.5,42.14,pathseer:66
beir500k-rq1,pos40_cat12,pos40,216862,pathseer,512,3,66,1.0000,1.0000,0.00000,1.882,2.590,2.801,1.922,6979.2,0.0,2799.1,539.7,8.0,8.0,479.0,349.4,363.2,7.5,42.14,pathseer:66
beir500k-rq1,pos40_cat13,pos40,200600,sweeping,64,1,54,0.9796,0.8519,0.00026,0.329,0.409,0.909,0.351,1676.7,0.0,253.0,79.0,4.0,4.0,0.0,0.0,0.0,0.0,0.00,sweeping:54
beir500k-rq1,pos40_cat13,pos40,200600,sweeping,64,2,54,0.9796,0.8519,0.00026,0.315,0.437,0.852,0.344,1676.7,0.0,253.0,79.0,4.0,4.0,0.0,0.0,0.0,0.0,0.00,sweeping:54
beir500k-rq1,pos40_cat13,pos40,200600,sweeping,64,3,54,0.9796,0.8519,0.00026,0.337,0.451,0.872,0.364,1676.7,0.0,253.0,79.0,4.0,4.0,0.0,0.0,0.0,0.0,0.00,sweeping:54
beir500k-rq1,pos40_cat13,pos40,200600,sweeping,128,1,54,0.9852,0.8704,0.00017,0.583,0.832,1.440,0.633,2906.6,0.0,437.7,152.3,6.0,6.0,0.0,0.0,0.0,0.0,0.00,sweeping:54
beir500k-rq1,pos40_cat13,pos40,200600,sweeping,128,2,54,0.9852,0.8704,0.00017,0.587,0.847,1.545,0.640,2906.6,0.0,437.7,152.3,6.0,6.0,0.0,0.0,0.0,0.0,0.00,sweeping:54
beir500k-rq1,pos40_cat13,pos40,200600,sweeping,128,3,54,0.9852,0.8704,0.00017,0.719,1.056,1.920,0.801,2906.6,0.0,437.7,152.3,6.0,6.0,0.0,0.0,0.0,0.0,0.00,sweeping:54
beir500k-rq1,pos40_cat13,pos40,200600,sweeping,256,1,54,0.9963,0.9630,0.00003,1.162,1.593,2.676,1.233,5061.5,0.0,785.7,300.8,11.0,12.0,0.0,0.0,0.0,0.0,0.00,sweeping:54
beir500k-rq1,pos40_cat13,pos40,200600,sweeping,256,2,54,0.9963,0.9630,0.00003,1.168,1.678,2.604,1.254,5061.5,0.0,785.7,300.8,11.0,12.0,0.0,0.0,0.0,0.0,0.00,sweeping:54
beir500k-rq1,pos40_cat13,pos40,200600,sweeping,256,3,54,0.9963,0.9630,0.00003,1.297,1.881,2.878,1.394,5061.5,0.0,785.7,300.8,11.0,12.0,0.0,0.0,0.0,0.0,0.00,sweeping:54
beir500k-rq1,pos40_cat13,pos40,200600,sweeping,512,1,54,1.0000,1.0000,0.00000,2.057,2.973,4.610,2.202,8726.6,0.0,1434.3,601.8,24.0,25.0,0.0,0.0,0.0,0.0,0.00,sweeping:54
beir500k-rq1,pos40_cat13,pos40,200600,sweeping,512,2,54,1.0000,1.0000,0.00000,2.099,3.369,5.071,2.334,8726.6,0.0,1434.3,601.8,24.0,25.0,0.0,0.0,0.0,0.0,0.00,sweeping:54
beir500k-rq1,pos40_cat13,pos40,200600,sweeping,512,3,54,1.0000,1.0000,0.00000,2.233,3.315,4.491,2.373,8726.6,0.0,1434.3,601.8,24.0,25.0,0.0,0.0,0.0,0.0,0.00,sweeping:54
beir500k-rq1,pos40_cat13,pos40,200600,acorn,64,1,54,0.9796,0.8519,0.00026,0.383,0.511,0.973,0.415,1676.7,0.0,253.0,79.0,4.0,4.0,0.0,0.0,0.0,0.0,0.00,sweeping:54
beir500k-rq1,pos40_cat13,pos40,200600,acorn,64,2,54,0.9796,0.8519,0.00026,0.381,0.496,0.979,0.411,1676.7,0.0,253.0,79.0,4.0,4.0,0.0,0.0,0.0,0.0,0.00,sweeping:54
beir500k-rq1,pos40_cat13,pos40,200600,acorn,64,3,54,0.9796,0.8519,0.00026,0.368,0.476,0.939,0.398,1676.7,0.0,253.0,79.0,4.0,4.0,0.0,0.0,0.0,0.0,0.00,sweeping:54
beir500k-rq1,pos40_cat13,pos40,200600,acorn,128,1,54,0.9852,0.8704,0.00017,0.631,0.893,1.492,0.690,2906.6,0.0,437.7,152.3,6.0,6.0,0.0,0.0,0.0,0.0,0.00,sweeping:54
beir500k-rq1,pos40_cat13,pos40,200600,acorn,128,2,54,0.9852,0.8704,0.00017,0.594,0.845,1.517,0.654,2906.6,0.0,437.7,152.3,6.0,6.0,0.0,0.0,0.0,0.0,0.00,sweeping:54
beir500k-rq1,pos40_cat13,pos40,200600,acorn,128,3,54,0.9852,0.8704,0.00017,0.613,0.850,1.576,0.667,2906.6,0.0,437.7,152.3,6.0,6.0,0.0,0.0,0.0,0.0,0.00,sweeping:54
beir500k-rq1,pos40_cat13,pos40,200600,acorn,256,1,54,0.9963,0.9630,0.00003,1.146,1.624,2.689,1.248,5061.5,0.0,785.7,300.8,11.0,12.0,0.0,0.0,0.0,0.0,0.00,sweeping:54
beir500k-rq1,pos40_cat13,pos40,200600,acorn,256,2,54,0.9963,0.9630,0.00003,1.114,1.609,2.544,1.185,5061.5,0.0,785.7,300.8,11.0,12.0,0.0,0.0,0.0,0.0,0.00,sweeping:54
beir500k-rq1,pos40_cat13,pos40,200600,acorn,256,3,54,0.9963,0.9630,0.00003,1.121,1.622,2.630,1.198,5061.5,0.0,785.7,300.8,11.0,12.0,0.0,0.0,0.0,0.0,0.00,sweeping:54
beir500k-rq1,pos40_cat13,pos40,200600,acorn,512,1,54,1.0000,1.0000,0.00000,1.972,2.889,4.547,2.144,8726.6,0.0,1434.3,601.8,24.0,25.0,0.0,0.0,0.0,0.0,0.00,sweeping:54
beir500k-rq1,pos40_cat13,pos40,200600,acorn,512,2,54,1.0000,1.0000,0.00000,1.950,2.946,4.409,2.126,8726.6,0.0,1434.3,601.8,24.0,25.0,0.0,0.0,0.0,0.0,0.00,sweeping:54
beir500k-rq1,pos40_cat13,pos40,200600,acorn,512,3,54,1.0000,1.0000,0.00000,1.979,2.883,4.409,2.144,8726.6,0.0,1434.3,601.8,24.0,25.0,0.0,0.0,0.0,0.0,0.00,sweeping:54
beir500k-rq1,pos40_cat13,pos40,200600,pathseer,64,1,54,0.9796,0.8519,0.00026,0.385,0.497,0.612,0.388,1510.5,0.0,540.6,72.2,2.0,2.0,83.0,58.8,97.0,1.3,6.28,pathseer:54
beir500k-rq1,pos40_cat13,pos40,200600,pathseer,64,2,54,0.9796,0.8519,0.00026,0.356,0.479,0.492,0.366,1510.5,0.0,540.6,72.2,2.0,2.0,83.0,58.8,97.0,1.3,6.28,pathseer:54
beir500k-rq1,pos40_cat13,pos40,200600,pathseer,64,3,54,0.9796,0.8519,0.00026,0.355,0.444,0.473,0.361,1510.5,0.0,540.6,72.2,2.0,2.0,83.0,58.8,97.0,1.3,6.28,pathseer:54
beir500k-rq1,pos40_cat13,pos40,200600,pathseer,128,1,54,0.9870,0.8704,0.00016,0.582,0.745,0.878,0.608,2602.9,0.0,962.9,140.4,3.0,3.0,144.6,97.0,171.9,2.3,13.50,pathseer:54
beir500k-rq1,pos40_cat13,pos40,200600,pathseer,128,2,54,0.9870,0.8704,0.00016,0.590,0.746,0.894,0.609,2602.9,0.0,962.9,140.4,3.0,3.0,144.6,97.0,171.9,2.3,13.50,pathseer:54
beir500k-rq1,pos40_cat13,pos40,200600,pathseer,128,3,54,0.9870,0.8704,0.00016,0.594,0.734,0.838,0.602,2602.9,0.0,962.9,140.4,3.0,3.0,144.6,97.0,171.9,2.3,13.50,pathseer:54
beir500k-rq1,pos40_cat13,pos40,200600,pathseer,256,1,54,0.9963,0.9630,0.00003,1.147,1.402,1.706,1.160,4492.6,0.0,1771.1,279.9,5.0,5.0,254.8,172.5,332.1,4.0,29.33,pathseer:54
beir500k-rq1,pos40_cat13,pos40,200600,pathseer,256,2,54,0.9963,0.9630,0.00003,1.277,1.718,1.988,1.306,4492.6,0.0,1771.1,279.9,5.0,5.0,254.8,172.5,332.1,4.0,29.33,pathseer:54
beir500k-rq1,pos40_cat13,pos40,200600,pathseer,256,3,54,0.9963,0.9630,0.00003,1.167,1.568,1.704,1.215,4492.6,0.0,1771.1,279.9,5.0,5.0,254.8,172.5,332.1,4.0,29.33,pathseer:54
beir500k-rq1,pos40_cat13,pos40,200600,pathseer,512,1,54,1.0000,1.0000,0.00000,2.057,2.741,3.249,2.103,7616.1,0.0,3327.7,559.6,9.0,9.0,503.7,336.0,644.9,7.9,67.91,pathseer:54
beir500k-rq1,pos40_cat13,pos40,200600,pathseer,512,2,54,1.0000,1.0000,0.00000,2.046,2.676,3.045,2.055,7616.1,0.0,3327.7,559.6,9.0,9.0,503.7,336.0,644.9,7.9,67.91,pathseer:54
beir500k-rq1,pos40_cat13,pos40,200600,pathseer,512,3,54,1.0000,1.0000,0.00000,2.110,2.710,3.338,2.167,7616.1,0.0,3327.7,559.6,9.0,9.0,503.7,336.0,644.9,7.9,67.91,pathseer:54
beir500k-rq1,pos40_cat14,pos40,225031,sweeping,64,1,6,1.0000,1.0000,0.00000,0.252,0.293,0.293,0.246,1428.0,0.0,214.7,72.2,4.0,4.0,0.0,0.0,0.0,0.0,0.00,sweeping:6
beir500k-rq1,pos40_cat14,pos40,225031,sweeping,64,2,6,1.0000,1.0000,0.00000,0.319,0.358,0.358,0.291,1428.0,0.0,214.7,72.2,4.0,4.0,0.0,0.0,0.0,0.0,0.00,sweeping:6
beir500k-rq1,pos40_cat14,pos40,225031,sweeping,64,3,6,1.0000,1.0000,0.00000,0.375,0.466,0.466,0.356,1428.0,0.0,214.7,72.2,4.0,4.0,0.0,0.0,0.0,0.0,0.00,sweeping:6
beir500k-rq1,pos40_cat14,pos40,225031,sweeping,128,1,6,1.0000,1.0000,0.00000,0.582,0.652,0.652,0.533,2473.7,0.0,373.8,143.0,7.0,7.0,0.0,0.0,0.0,0.0,0.00,sweeping:6
beir500k-rq1,pos40_cat14,pos40,225031,sweeping,128,2,6,1.0000,1.0000,0.00000,0.558,0.621,0.621,0.535,2473.7,0.0,373.8,143.0,7.0,7.0,0.0,0.0,0.0,0.0,0.00,sweeping:6
beir500k-rq1,pos40_cat14,pos40,225031,sweeping,128,3,6,1.0000,1.0000,0.00000,0.533,0.807,0.807,0.581,2473.7,0.0,373.8,143.0,7.0,7.0,0.0,0.0,0.0,0.0,0.00,sweeping:6
beir500k-rq1,pos40_cat14,pos40,225031,sweeping,256,1,6,1.0000,1.0000,0.00000,0.989,1.263,1.263,0.957,4172.3,0.0,693.0,288.0,11.0,13.0,0.0,0.0,0.0,0.0,0.00,sweeping:6
beir500k-rq1,pos40_cat14,pos40,225031,sweeping,256,2,6,1.0000,1.0000,0.00000,0.936,1.444,1.444,0.965,4172.3,0.0,693.0,288.0,11.0,13.0,0.0,0.0,0.0,0.0,0.00,sweeping:6
beir500k-rq1,pos40_cat14,pos40,225031,sweeping,256,3,6,1.0000,1.0000,0.00000,0.987,1.150,1.150,0.937,4172.3,0.0,693.0,288.0,11.0,13.0,0.0,0.0,0.0,0.0,0.00,sweeping:6
beir500k-rq1,pos40_cat14,pos40,225031,sweeping,512,1,6,1.0000,1.0000,0.00000,1.913,2.463,2.463,1.893,6942.3,0.0,1264.2,578.3,24.0,30.0,0.0,0.0,0.0,0.0,0.00,sweeping:6
beir500k-rq1,pos40_cat14,pos40,225031,sweeping,512,2,6,1.0000,1.0000,0.00000,1.923,3.214,3.214,2.061,6942.3,0.0,1264.2,578.3,24.0,30.0,0.0,0.0,0.0,0.0,0.00,sweeping:6
beir500k-rq1,pos40_cat14,pos40,225031,sweeping,512,3,6,1.0000,1.0000,0.00000,2.203,3.340,3.340,2.226,6942.3,0.0,1264.2,578.3,24.0,30.0,0.0,0.0,0.0,0.0,0.00,sweeping:6
beir500k-rq1,pos40_cat14,pos40,225031,acorn,64,1,6,1.0000,1.0000,0.00000,0.270,0.303,0.303,0.256,1428.0,0.0,214.7,72.2,4.0,4.0,0.0,0.0,0.0,0.0,0.00,sweeping:6
beir500k-rq1,pos40_cat14,pos40,225031,acorn,64,2,6,1.0000,1.0000,0.00000,0.292,0.336,0.336,0.274,1428.0,0.0,214.7,72.2,4.0,4.0,0.0,0.0,0.0,0.0,0.00,sweeping:6
beir500k-rq1,pos40_cat14,pos40,225031,acorn,64,3,6,1.0000,1.0000,0.00000,0.333,0.409,0.409,0.326,1428.0,0.0,214.7,72.2,4.0,4.0,0.0,0.0,0.0,0.0,0.00,sweeping:6
beir500k-rq1,pos40_cat14,pos40,225031,acorn,128,1,6,1.0000,1.0000,0.00000,0.462,0.540,0.540,0.458,2473.7,0.0,373.8,143.0,7.0,7.0,0.0,0.0,0.0,0.0,0.00,sweeping:6
beir500k-rq1,pos40_cat14,pos40,225031,acorn,128,2,6,1.0000,1.0000,0.00000,0.456,0.546,0.546,0.448,2473.7,0.0,373.8,143.0,7.0,7.0,0.0,0.0,0.0,0.0,0.00,sweeping:6
beir500k-rq1,pos40_cat14,pos40,225031,acorn,128,3,6,1.0000,1.0000,0.00000,0.496,0.606,0.606,0.490,2473.7,0.0,373.8,143.0,7.0,7.0,0.0,0.0,0.0,0.0,0.00,sweeping:6
beir500k-rq1,pos40_cat14,pos40,225031,acorn,256,1,6,1.0000,1.0000,0.00000,0.879,1.097,1.097,0.825,4172.3,0.0,693.0,288.0,11.0,13.0,0.0,0.0,0.0,0.0,0.00,sweeping:6
beir500k-rq1,pos40_cat14,pos40,225031,acorn,256,2,6,1.0000,1.0000,0.00000,0.978,1.163,1.163,0.896,4172.3,0.0,693.0,288.0,11.0,13.0,0.0,0.0,0.0,0.0,0.00,sweeping:6
beir500k-rq1,pos40_cat14,pos40,225031,acorn,256,3,6,1.0000,1.0000,0.00000,1.010,1.323,1.323,0.987,4172.3,0.0,693.0,288.0,11.0,13.0,0.0,0.0,0.0,0.0,0.00,sweeping:6
beir500k-rq1,pos40_cat14,pos40,225031,acorn,512,1,6,1.0000,1.0000,0.00000,1.906,2.314,2.314,1.796,6942.3,0.0,1264.2,578.3,24.0,30.0,0.0,0.0,0.0,0.0,0.00,sweeping:6
beir500k-rq1,pos40_cat14,pos40,225031,acorn,512,2,6,1.0000,1.0000,0.00000,1.753,2.590,2.590,1.818,6942.3,0.0,1264.2,578.3,24.0,30.0,0.0,0.0,0.0,0.0,0.00,sweeping:6
beir500k-rq1,pos40_cat14,pos40,225031,acorn,512,3,6,1.0000,1.0000,0.00000,1.715,2.336,2.336,1.747,6942.3,0.0,1264.2,578.3,24.0,30.0,0.0,0.0,0.0,0.0,0.00,sweeping:6
beir500k-rq1,pos40_cat14,pos40,225031,pathseer,64,1,6,1.0000,1.0000,0.00000,0.310,0.357,0.357,0.303,1368.2,0.0,472.0,69.7,2.0,2.0,74.7,52.5,55.5,1.2,3.50,pathseer:6
beir500k-rq1,pos40_cat14,pos40,225031,pathseer,64,2,6,1.0000,1.0000,0.00000,0.262,0.285,0.285,0.247,1368.2,0.0,472.0,69.7,2.0,2.0,74.7,52.5,55.5,1.2,3.50,pathseer:6
beir500k-rq1,pos40_cat14,pos40,225031,pathseer,64,3,6,1.0000,1.0000,0.00000,0.261,0.302,0.302,0.260,1368.2,0.0,472.0,69.7,2.0,2.0,74.7,52.5,55.5,1.2,3.50,pathseer:6
beir500k-rq1,pos40_cat14,pos40,225031,pathseer,128,1,6,1.0000,1.0000,0.00000,0.549,0.613,0.613,0.532,2372.8,0.0,869.3,137.7,3.0,3.0,149.3,105.2,99.0,2.3,7.83,pathseer:6
beir500k-rq1,pos40_cat14,pos40,225031,pathseer,128,2,6,1.0000,1.0000,0.00000,0.489,0.580,0.580,0.488,2372.8,0.0,869.3,137.7,3.0,3.0,149.3,105.2,99.0,2.3,7.83,pathseer:6
beir500k-rq1,pos40_cat14,pos40,225031,pathseer,128,3,6,1.0000,1.0000,0.00000,0.481,0.611,0.611,0.486,2372.8,0.0,869.3,137.7,3.0,3.0,149.3,105.2,99.0,2.3,7.83,pathseer:6
beir500k-rq1,pos40_cat14,pos40,225031,pathseer,256,1,6,1.0000,1.0000,0.00000,0.885,0.965,0.965,0.826,3906.8,0.0,1563.2,274.7,5.0,5.0,245.3,172.2,186.2,3.8,23.33,pathseer:6
beir500k-rq1,pos40_cat14,pos40,225031,pathseer,256,2,6,1.0000,1.0000,0.00000,0.919,1.073,1.073,0.889,3906.8,0.0,1563.2,274.7,5.0,5.0,245.3,172.2,186.2,3.8,23.33,pathseer:6
beir500k-rq1,pos40_cat14,pos40,225031,pathseer,256,3,6,1.0000,1.0000,0.00000,0.889,1.058,1.058,0.897,3906.8,0.0,1563.2,274.7,5.0,5.0,245.3,172.2,186.2,3.8,23.33,pathseer:6
beir500k-rq1,pos40_cat14,pos40,225031,pathseer,512,1,6,1.0000,1.0000,0.00000,1.791,2.168,2.168,1.728,6378.2,0.0,2973.7,552.0,9.0,9.0,480.0,345.2,383.7,7.5,50.33,pathseer:6
beir500k-rq1,pos40_cat14,pos40,225031,pathseer,512,2,6,1.0000,1.0000,0.00000,1.683,2.223,2.223,1.690,6378.2,0.0,2973.7,552.0,9.0,9.0,480.0,345.2,383.7,7.5,50.33,pathseer:6
beir500k-rq1,pos40_cat14,pos40,225031,pathseer,512,3,6,1.0000,1.0000,0.00000,1.668,1.878,1.878,1.617,6378.2,0.0,2973.7,552.0,9.0,9.0,480.0,345.2,383.7,7.5,50.33,pathseer:6
beir500k-rq1,pos40_cat15,pos40,200325,sweeping,64,1,84,0.9798,0.8690,0.00061,0.407,0.891,1.396,0.537,2284.3,0.0,412.3,131.8,4.0,5.0,0.0,0.0,0.0,0.0,0.00,sweeping:84
beir500k-rq1,pos40_cat15,pos40,200325,sweeping,64,2,84,0.9798,0.8690,0.00061,0.409,0.904,1.373,0.534,2284.3,0.0,412.3,131.8,4.0,5.0,0.0,0.0,0.0,0.0,0.00,sweeping:84
beir500k-rq1,pos40_cat15,pos40,200325,sweeping,64,3,84,0.9798,0.8690,0.00061,0.407,0.950,1.514,0.549,2284.3,0.0,412.3,131.8,4.0,5.0,0.0,0.0,0.0,0.0,0.00,sweeping:84
beir500k-rq1,pos40_cat15,pos40,200325,sweeping,128,1,84,0.9929,0.9405,0.00026,0.832,1.986,2.381,1.068,4106.0,0.0,708.7,259.7,6.0,9.0,0.0,0.0,0.0,0.0,0.00,sweeping:84
beir500k-rq1,pos40_cat15,pos40,200325,sweeping,128,2,84,0.9929,0.9405,0.00026,0.738,1.718,2.211,0.961,4106.0,0.0,708.7,259.7,6.0,9.0,0.0,0.0,0.0,0.0,0.00,sweeping:84
beir500k-rq1,pos40_cat15,pos40,200325,sweeping,128,3,84,0.9929,0.9405,0.00026,0.749,1.780,2.246,0.976,4106.0,0.0,708.7,259.7,6.0,9.0,0.0,0.0,0.0,0.0,0.00,sweeping:84
beir500k-rq1,pos40_cat15,pos40,200325,sweeping,256,1,84,0.9964,0.9643,0.00016,1.410,3.507,4.188,1.767,7663.7,0.0,1293.1,529.1,11.0,18.0,0.0,0.0,0.0,0.0,0.00,sweeping:84
beir500k-rq1,pos40_cat15,pos40,200325,sweeping,256,2,84,0.9964,0.9643,0.00016,1.574,3.734,4.332,1.966,7663.7,0.0,1293.1,529.1,11.0,18.0,0.0,0.0,0.0,0.0,0.00,sweeping:84
beir500k-rq1,pos40_cat15,pos40,200325,sweeping,256,3,84,0.9964,0.9643,0.00016,1.443,3.615,4.225,1.828,7663.7,0.0,1293.1,529.1,11.0,18.0,0.0,0.0,0.0,0.0,0.00,sweeping:84
beir500k-rq1,pos40_cat15,pos40,200325,sweeping,512,1,84,1.0000,1.0000,0.00000,2.991,6.408,9.800,3.481,14380.7,0.0,2468.5,1090.9,23.0,39.0,0.0,0.0,0.0,0.0,0.00,sweeping:84
beir500k-rq1,pos40_cat15,pos40,200325,sweeping,512,2,84,1.0000,1.0000,0.00000,3.017,6.162,10.422,3.513,14380.7,0.0,2468.5,1090.9,23.0,39.0,0.0,0.0,0.0,0.0,0.00,sweeping:84
beir500k-rq1,pos40_cat15,pos40,200325,sweeping,512,3,84,1.0000,1.0000,0.00000,3.002,6.403,11.373,3.682,14380.7,0.0,2468.5,1090.9,23.0,39.0,0.0,0.0,0.0,0.0,0.00,sweeping:84
beir500k-rq1,pos40_cat15,pos40,200325,acorn,64,1,84,0.9798,0.8690,0.00061,0.394,1.047,1.438,0.527,2284.3,0.0,412.3,131.8,4.0,5.0,0.0,0.0,0.0,0.0,0.00,sweeping:84
beir500k-rq1,pos40_cat15,pos40,200325,acorn,64,2,84,0.9798,0.8690,0.00061,0.402,0.931,1.373,0.538,2284.3,0.0,412.3,131.8,4.0,5.0,0.0,0.0,0.0,0.0,0.00,sweeping:84
beir500k-rq1,pos40_cat15,pos40,200325,acorn,64,3,84,0.9798,0.8690,0.00061,0.393,0.853,1.380,0.515,2284.3,0.0,412.3,131.8,4.0,5.0,0.0,0.0,0.0,0.0,0.00,sweeping:84
beir500k-rq1,pos40_cat15,pos40,200325,acorn,128,1,84,0.9929,0.9405,0.00026,0.727,1.584,2.139,0.946,4106.0,0.0,708.7,259.7,6.0,9.0,0.0,0.0,0.0,0.0,0.00,sweeping:84
beir500k-rq1,pos40_cat15,pos40,200325,acorn,128,2,84,0.9929,0.9405,0.00026,0.703,1.646,2.131,0.924,4106.0,0.0,708.7,259.7,6.0,9.0,0.0,0.0,0.0,0.0,0.00,sweeping:84
beir500k-rq1,pos40_cat15,pos40,200325,acorn,128,3,84,0.9929,0.9405,0.00026,0.795,1.662,2.799,0.989,4106.0,0.0,708.7,259.7,6.0,9.0,0.0,0.0,0.0,0.0,0.00,sweeping:84
beir500k-rq1,pos40_cat15,pos40,200325,acorn,256,1,84,0.9964,0.9643,0.00016,1.421,3.693,4.236,1.805,7663.7,0.0,1293.1,529.1,11.0,18.0,0.0,0.0,0.0,0.0,0.00,sweeping:84
beir500k-rq1,pos40_cat15,pos40,200325,acorn,256,2,84,0.9964,0.9643,0.00016,1.460,3.735,4.361,1.814,7663.7,0.0,1293.1,529.1,11.0,18.0,0.0,0.0,0.0,0.0,0.00,sweeping:84
beir500k-rq1,pos40_cat15,pos40,200325,acorn,256,3,84,0.9964,0.9643,0.00016,1.533,4.099,4.348,1.882,7663.7,0.0,1293.1,529.1,11.0,18.0,0.0,0.0,0.0,0.0,0.00,sweeping:84
beir500k-rq1,pos40_cat15,pos40,200325,acorn,512,1,84,1.0000,1.0000,0.00000,2.941,6.245,9.903,3.508,14380.7,0.0,2468.5,1090.9,23.0,39.0,0.0,0.0,0.0,0.0,0.00,sweeping:84
beir500k-rq1,pos40_cat15,pos40,200325,acorn,512,2,84,1.0000,1.0000,0.00000,2.990,6.525,10.412,3.498,14380.7,0.0,2468.5,1090.9,23.0,39.0,0.0,0.0,0.0,0.0,0.00,sweeping:84
beir500k-rq1,pos40_cat15,pos40,200325,acorn,512,3,84,1.0000,1.0000,0.00000,2.862,6.249,10.536,3.504,14380.7,0.0,2468.5,1090.9,23.0,39.0,0.0,0.0,0.0,0.0,0.00,sweeping:84
beir500k-rq1,pos40_cat15,pos40,200325,pathseer,64,1,84,0.9762,0.8333,0.00108,0.360,0.588,0.636,0.385,1486.0,0.0,909.0,89.4,3.0,3.0,108.2,43.8,341.5,1.7,17.36,pathseer:84
beir500k-rq1,pos40_cat15,pos40,200325,pathseer,64,2,84,0.9762,0.8333,0.00108,0.377,0.554,0.670,0.394,1486.0,0.0,909.0,89.4,3.0,3.0,108.2,43.8,341.5,1.7,17.36,pathseer:84
beir500k-rq1,pos40_cat15,pos40,200325,pathseer,64,3,84,0.9762,0.8333,0.00108,0.372,0.541,0.652,0.395,1486.0,0.0,909.0,89.4,3.0,3.0,108.2,43.8,341.5,1.7,17.36,pathseer:84
beir500k-rq1,pos40_cat15,pos40,200325,pathseer,128,1,84,0.9929,0.9405,0.00026,0.686,0.937,1.136,0.702,2615.7,0.0,1626.7,171.8,4.0,4.0,185.1,77.6,636.5,2.9,40.93,pathseer:84
beir500k-rq1,pos40_cat15,pos40,200325,pathseer,128,2,84,0.9929,0.9405,0.00026,0.693,0.966,1.115,0.705,2615.7,0.0,1626.7,171.8,4.0,4.0,185.1,77.6,636.5,2.9,40.93,pathseer:84
beir500k-rq1,pos40_cat15,pos40,200325,pathseer,128,3,84,0.9929,0.9405,0.00026,0.688,0.978,1.121,0.709,2615.7,0.0,1626.7,171.8,4.0,4.0,185.1,77.6,636.5,2.9,40.93,pathseer:84
beir500k-rq1,pos40_cat15,pos40,200325,pathseer,256,1,84,0.9964,0.9643,0.00016,1.402,2.189,4.497,1.521,4712.6,0.0,3119.9,351.1,6.0,7.0,336.8,148.3,1270.7,5.3,94.11,pathseer:84
beir500k-rq1,pos40_cat15,pos40,200325,pathseer,256,2,84,0.9964,0.9643,0.00016,1.405,1.865,2.185,1.448,4712.6,0.0,3119.9,351.1,6.0,7.0,336.8,148.3,1270.7,5.3,94.11,pathseer:84
beir500k-rq1,pos40_cat15,pos40,200325,pathseer,256,3,84,0.9964,0.9643,0.00016,1.352,1.799,2.420,1.396,4712.6,0.0,3119.9,351.1,6.0,7.0,336.8,148.3,1270.7,5.3,94.11,pathseer:84
beir500k-rq1,pos40_cat15,pos40,200325,pathseer,512,1,84,0.9988,0.9881,0.00005,2.557,3.565,4.320,2.685,8472.6,0.0,6173.7,731.2,11.0,14.0,647.6,290.6,2614.3,10.1,233.02,pathseer:84
beir500k-rq1,pos40_cat15,pos40,200325,pathseer,512,2,84,0.9988,0.9881,0.00005,2.691,3.694,4.548,2.781,8472.6,0.0,6173.7,731.2,11.0,14.0,647.6,290.6,2614.3,10.1,233.02,pathseer:84
beir500k-rq1,pos40_cat15,pos40,200325,pathseer,512,3,84,0.9988,0.9881,0.00005,2.596,3.665,4.946,2.686,8472.6,0.0,6173.7,731.2,11.0,14.0,647.6,290.6,2614.3,10.1,233.02,pathseer:84
beir500k-rq1,pos40_cat16,pos40,219781,sweeping,64,1,42,0.9976,0.9762,0.00000,0.240,0.326,0.535,0.250,1075.1,0.0,223.8,69.4,4.0,4.0,0.0,0.0,0.0,0.0,0.00,sweeping:42
beir500k-rq1,pos40_cat16,pos40,219781,sweeping,64,2,42,0.9976,0.9762,0.00000,0.239,0.311,0.595,0.249,1075.1,0.0,223.8,69.4,4.0,4.0,0.0,0.0,0.0,0.0,0.00,sweeping:42
beir500k-rq1,pos40_cat16,pos40,219781,sweeping,64,3,42,0.9976,0.9762,0.00000,0.251,0.330,0.716,0.264,1075.1,0.0,223.8,69.4,4.0,4.0,0.0,0.0,0.0,0.0,0.00,sweeping:42
beir500k-rq1,pos40_cat16,pos40,219781,sweeping,128,1,42,0.9976,0.9762,0.00000,0.423,0.557,0.824,0.433,1814.3,0.0,364.6,135.3,7.0,7.0,0.0,0.0,0.0,0.0,0.00,sweeping:42
beir500k-rq1,pos40_cat16,pos40,219781,sweeping,128,2,42,0.9976,0.9762,0.00000,0.453,0.551,0.866,0.463,1814.3,0.0,364.6,135.3,7.0,7.0,0.0,0.0,0.0,0.0,0.00,sweeping:42
beir500k-rq1,pos40_cat16,pos40,219781,sweeping,128,3,42,0.9976,0.9762,0.00000,0.462,0.544,0.841,0.459,1814.3,0.0,364.6,135.3,7.0,7.0,0.0,0.0,0.0,0.0,0.00,sweeping:42
beir500k-rq1,pos40_cat16,pos40,219781,sweeping,256,1,42,0.9976,0.9762,0.00000,0.853,1.047,1.429,0.853,3126.9,0.0,626.8,268.6,14.0,15.0,0.0,0.0,0.0,0.0,0.00,sweeping:42
beir500k-rq1,pos40_cat16,pos40,219781,sweeping,256,2,42,1.0000,1.0000,0.00000,0.833,1.032,1.335,0.833,3126.9,0.0,626.8,268.6,14.0,15.0,0.0,0.0,0.0,0.0,0.00,sweeping:42
beir500k-rq1,pos40_cat16,pos40,219781,sweeping,256,3,42,1.0000,1.0000,0.00000,0.842,1.066,1.285,0.826,3126.9,0.0,626.8,268.6,14.0,15.0,0.0,0.0,0.0,0.0,0.00,sweeping:42
beir500k-rq1,pos40_cat16,pos40,219781,sweeping,512,1,42,1.0000,1.0000,0.00000,1.607,2.159,2.243,1.621,5485.6,0.0,1153.7,543.2,32.0,33.0,0.0,0.0,0.0,0.0,0.00,sweeping:42
beir500k-rq1,pos40_cat16,pos40,219781,sweeping,512,2,42,0.9976,0.9762,0.00000,1.564,2.135,2.174,1.575,5485.6,0.0,1153.7,543.2,32.0,33.0,0.0,0.0,0.0,0.0,0.00,sweeping:42
beir500k-rq1,pos40_cat16,pos40,219781,sweeping,512,3,42,1.0000,1.0000,0.00000,1.549,2.077,2.171,1.561,5485.6,0.0,1153.7,543.2,32.0,33.0,0.0,0.0,0.0,0.0,0.00,sweeping:42
beir500k-rq1,pos40_cat16,pos40,219781,acorn,64,1,42,1.0000,1.0000,0.00000,0.273,0.357,0.603,0.278,1075.1,0.0,223.8,69.4,4.0,4.0,0.0,0.0,0.0,0.0,0.00,sweeping:42
beir500k-rq1,pos40_cat16,pos40,219781,acorn,64,2,42,0.9976,0.9762,0.00000,0.247,0.343,0.707,0.270,1075.1,0.0,223.8,69.4,4.0,4.0,0.0,0.0,0.0,0.0,0.00,sweeping:42
beir500k-rq1,pos40_cat16,pos40,219781,acorn,64,3,42,0.9976,0.9762,0.00000,0.259,0.348,0.599,0.269,1075.1,0.0,223.8,69.4,4.0,4.0,0.0,0.0,0.0,0.0,0.00,sweeping:42
beir500k-rq1,pos40_cat16,pos40,219781,acorn,128,1,42,0.9976,0.9762,0.00000,0.462,0.543,0.824,0.456,1814.3,0.0,364.6,135.3,7.0,7.0,0.0,0.0,0.0,0.0,0.00,sweeping:42
beir500k-rq1,pos40_cat16,pos40,219781,acorn,128,2,42,0.9976,0.9762,0.00000,0.449,0.558,0.855,0.455,1814.3,0.0,364.6,135.3,7.0,7.0,0.0,0.0,0.0,0.0,0.00,sweeping:42
beir500k-rq1,pos40_cat16,pos40,219781,acorn,128,3,42,1.0000,1.0000,0.00000,0.448,0.583,0.855,0.458,1814.3,0.0,364.6,135.3,7.0,7.0,0.0,0.0,0.0,0.0,0.00,sweeping:42
beir500k-rq1,pos40_cat16,pos40,219781,acorn,256,1,42,1.0000,1.0000,0.00000,0.872,1.134,1.334,0.880,3126.9,0.0,626.8,268.6,14.0,15.0,0.0,0.0,0.0,0.0,0.00,sweeping:42
beir500k-rq1,pos40_cat16,pos40,219781,acorn,256,2,42,0.9976,0.9762,0.00000,0.887,1.179,1.381,0.901,3126.9,0.0,626.8,268.6,14.0,15.0,0.0,0.0,0.0,0.0,0.00,sweeping:42
beir500k-rq1,pos40_cat16,pos40,219781,acorn,256,3,42,1.0000,1.0000,0.00000,0.833,1.128,1.358,0.855,3126.9,0.0,626.8,268.6,14.0,15.0,0.0,0.0,0.0,0.0,0.00,sweeping:42
beir500k-rq1,pos40_cat16,pos40,219781,acorn,512,1,42,1.0000,1.0000,0.00000,1.704,2.253,2.455,1.752,5485.6,0.0,1153.7,543.2,32.0,33.0,0.0,0.0,0.0,0.0,0.00,sweeping:42
beir500k-rq1,pos40_cat16,pos40,219781,acorn,512,2,42,1.0000,1.0000,0.00000,1.675,2.188,2.303,1.715,5485.6,0.0,1153.7,543.2,32.0,33.0,0.0,0.0,0.0,0.0,0.00,sweeping:42
beir500k-rq1,pos40_cat16,pos40,219781,acorn,512,3,42,1.0000,1.0000,0.00000,1.605,2.123,2.272,1.613,5485.6,0.0,1153.7,543.2,32.0,33.0,0.0,0.0,0.0,0.0,0.00,sweeping:42
beir500k-rq1,pos40_cat16,pos40,219781,pathseer,64,1,42,0.9976,0.9762,0.00000,0.346,0.437,0.504,0.352,1070.0,0.0,414.8,68.4,2.0,2.0,86.9,55.7,20.5,1.4,1.14,pathseer:42
beir500k-rq1,pos40_cat16,pos40,219781,pathseer,64,2,42,0.9976,0.9762,0.00000,0.324,0.440,0.538,0.338,1070.0,0.0,414.8,68.4,2.0,2.0,86.9,55.7,20.5,1.4,1.14,pathseer:42
beir500k-rq1,pos40_cat16,pos40,219781,pathseer,64,3,42,1.0000,1.0000,0.00000,0.284,0.379,0.434,0.288,1070.0,0.0,414.8,68.4,2.0,2.0,86.9,55.7,20.5,1.4,1.14,pathseer:42
beir500k-rq1,pos40_cat16,pos40,219781,pathseer,128,1,42,0.9976,0.9762,0.00000,0.477,0.585,0.749,0.487,1840.7,0.0,750.2,134.7,3.0,3.0,155.4,102.1,36.3,2.4,3.02,pathseer:42
beir500k-rq1,pos40_cat16,pos40,219781,pathseer,128,2,42,1.0000,1.0000,0.00000,0.478,0.604,0.845,0.484,1840.7,0.0,750.2,134.7,3.0,3.0,155.4,102.1,36.3,2.4,3.02,pathseer:42
beir500k-rq1,pos40_cat16,pos40,219781,pathseer,128,3,42,0.9976,0.9762,0.00000,0.473,0.584,0.756,0.478,1840.7,0.0,750.2,134.7,3.0,3.0,155.4,102.1,36.3,2.4,3.02,pathseer:42
beir500k-rq1,pos40_cat16,pos40,219781,pathseer,256,1,42,0.9976,0.9762,0.00000,0.873,1.038,1.441,0.869,3093.8,0.0,1354.6,265.5,5.0,5.0,282.8,189.4,83.1,4.4,7.98,pathseer:42
beir500k-rq1,pos40_cat16,pos40,219781,pathseer,256,2,42,0.9976,0.9762,0.00000,0.899,1.112,1.327,0.897,3093.8,0.0,1354.6,265.5,5.0,5.0,282.8,189.4,83.1,4.4,7.98,pathseer:42
beir500k-rq1,pos40_cat16,pos40,219781,pathseer,256,3,42,1.0000,1.0000,0.00000,0.903,1.118,1.308,0.900,3093.8,0.0,1354.6,265.5,5.0,5.0,282.8,189.4,83.1,4.4,7.98,pathseer:42
beir500k-rq1,pos40_cat16,pos40,219781,pathseer,512,1,42,1.0000,1.0000,0.00000,1.634,1.903,2.187,1.629,5301.7,0.0,2556.3,531.9,10.0,10.0,546.4,366.1,191.8,8.5,23.57,pathseer:42
beir500k-rq1,pos40_cat16,pos40,219781,pathseer,512,2,42,1.0000,1.0000,0.00000,1.799,2.167,2.403,1.789,5301.7,0.0,2556.3,531.9,10.0,10.0,546.4,366.1,191.8,8.5,23.57,pathseer:42
beir500k-rq1,pos40_cat16,pos40,219781,pathseer,512,3,42,0.9976,0.9762,0.00000,1.762,2.245,2.436,1.774,5301.7,0.0,2556.3,531.9,10.0,10.0,546.4,366.1,191.8,8.5,23.57,pathseer:42
beir500k-rq1,pos40_cat17,pos40,228068,sweeping,64,1,45,0.9933,0.9778,0.00018,0.415,1.842,2.601,0.565,2504.5,0.0,412.6,150.7,4.0,5.0,0.0,0.0,0.0,0.0,0.00,sweeping:45
beir500k-rq1,pos40_cat17,pos40,228068,sweeping,64,2,45,0.9933,0.9778,0.00018,0.398,1.986,3.051,0.572,2504.5,0.0,412.6,150.7,4.0,5.0,0.0,0.0,0.0,0.0,0.00,sweeping:45
beir500k-rq1,pos40_cat17,pos40,228068,sweeping,64,3,45,0.9933,0.9778,0.00018,0.363,1.794,3.266,0.560,2504.5,0.0,412.6,150.7,4.0,5.0,0.0,0.0,0.0,0.0,0.00,sweeping:45
beir500k-rq1,pos40_cat17,pos40,228068,sweeping,128,1,45,0.9956,0.9778,0.00017,0.685,3.411,5.032,1.019,4489.9,0.0,724.0,311.8,6.0,8.0,0.0,0.0,0.0,0.0,0.00,sweeping:45
beir500k-rq1,pos40_cat17,pos40,228068,sweeping,128,2,45,0.9956,0.9778,0.00017,0.691,3.481,5.088,1.015,4489.9,0.0,724.0,311.8,6.0,8.0,0.0,0.0,0.0,0.0,0.00,sweeping:45
beir500k-rq1,pos40_cat17,pos40,228068,sweeping,128,3,45,0.9956,0.9778,0.00017,0.679,3.464,4.961,1.021,4489.9,0.0,724.0,311.8,6.0,8.0,0.0,0.0,0.0,0.0,0.00,sweeping:45
beir500k-rq1,pos40_cat17,pos40,228068,sweeping,256,1,45,0.9956,0.9778,0.00017,1.317,6.434,7.875,2.043,7936.6,0.0,1374.0,649.4,11.0,16.0,0.0,0.0,0.0,0.0,0.00,sweeping:45
beir500k-rq1,pos40_cat17,pos40,228068,sweeping,256,2,45,0.9956,0.9778,0.00017,1.274,6.038,7.694,1.919,7936.6,0.0,1374.0,649.4,11.0,16.0,0.0,0.0,0.0,0.0,0.00,sweeping:45
beir500k-rq1,pos40_cat17,pos40,228068,sweeping,256,3,45,0.9956,0.9778,0.00017,1.228,6.031,7.750,1.919,7936.6,0.0,1374.0,649.4,11.0,16.0,0.0,0.0,0.0,0.0,0.00,sweeping:45
beir500k-rq1,pos40_cat17,pos40,228068,sweeping,512,1,45,1.0000,1.0000,0.00000,2.778,10.824,12.279,3.728,13961.5,0.0,2649.1,1320.4,22.0,32.0,0.0,0.0,0.0,0.0,0.00,sweeping:45
beir500k-rq1,pos40_cat17,pos40,228068,sweeping,512,2,45,1.0000,1.0000,0.00000,2.464,10.240,12.762,3.674,13961.5,0.0,2649.1,1320.4,22.0,32.0,0.0,0.0,0.0,0.0,0.00,sweeping:45
beir500k-rq1,pos40_cat17,pos40,228068,sweeping,512,3,45,1.0000,1.0000,0.00000,2.819,10.316,12.812,3.798,13961.5,0.0,2649.1,1320.4,22.0,32.0,0.0,0.0,0.0,0.0,0.00,sweeping:45
beir500k-rq1,pos40_cat17,pos40,228068,acorn,64,1,45,0.9933,0.9778,0.00018,0.357,1.749,3.380,0.547,2504.5,0.0,412.6,150.7,4.0,5.0,0.0,0.0,0.0,0.0,0.00,sweeping:45
beir500k-rq1,pos40_cat17,pos40,228068,acorn,64,2,45,0.9933,0.9778,0.00018,0.353,1.760,3.040,0.536,2504.5,0.0,412.6,150.7,4.0,5.0,0.0,0.0,0.0,0.0,0.00,sweeping:45
beir500k-rq1,pos40_cat17,pos40,228068,acorn,64,3,45,0.9933,0.9778,0.00018,0.333,1.667,3.020,0.517,2504.5,0.0,412.6,150.7,4.0,5.0,0.0,0.0,0.0,0.0,0.00,sweeping:45
beir500k-rq1,pos40_cat17,pos40,228068,acorn,128,1,45,0.9956,0.9778,0.00017,0.677,3.507,5.167,1.029,4489.9,0.0,724.0,311.8,6.0,8.0,0.0,0.0,0.0,0.0,0.00,sweeping:45
beir500k-rq1,pos40_cat17,pos40,228068,acorn,128,2,45,0.9956,0.9778,0.00017,0.641,3.452,4.900,0.996,4489.9,0.0,724.0,311.8,6.0,8.0,0.0,0.0,0.0,0.0,0.00,sweeping:45
beir500k-rq1,pos40_cat17,pos40,228068,acorn,128,3,45,0.9956,0.9778,0.00017,0.883,3.997,27.088,1.761,4489.9,0.0,724.0,311.8,6.0,8.0,0.0,0.0,0.0,0.0,0.00,sweeping:45
beir500k-rq1,pos40_cat17,pos40,228068,acorn,256,1,45,0.9956,0.9778,0.00017,1.301,6.219,7.656,1.943,7936.6,0.0,1374.0,649.4,11.0,16.0,0.0,0.0,0.0,0.0,0.00,sweeping:45
beir500k-rq1,pos40_cat17,pos40,228068,acorn,256,2,45,0.9956,0.9778,0.00017,1.214,6.186,7.897,1.925,7936.6,0.0,1374.0,649.4,11.0,16.0,0.0,0.0,0.0,0.0,0.00,sweeping:45
beir500k-rq1,pos40_cat17,pos40,228068,acorn,256,3,45,0.9956,0.9778,0.00017,1.203,5.974,7.342,1.867,7936.6,0.0,1374.0,649.4,11.0,16.0,0.0,0.0,0.0,0.0,0.00,sweeping:45
beir500k-rq1,pos40_cat17,pos40,228068,acorn,512,1,45,1.0000,1.0000,0.00000,2.522,10.418,12.239,3.631,13961.5,0.0,2649.1,1320.4,22.0,32.0,0.0,0.0,0.0,0.0,0.00,sweeping:45
beir500k-rq1,pos40_cat17,pos40,228068,acorn,512,2,45,1.0000,1.0000,0.00000,2.532,10.151,11.959,3.573,13961.5,0.0,2649.1,1320.4,22.0,32.0,0.0,0.0,0.0,0.0,0.00,sweeping:45
beir500k-rq1,pos40_cat17,pos40,228068,acorn,512,3,45,1.0000,1.0000,0.00000,2.454,10.239,11.896,3.559,13961.5,0.0,2649.1,1320.4,22.0,32.0,0.0,0.0,0.0,0.0,0.00,sweeping:45
beir500k-rq1,pos40_cat17,pos40,228068,pathseer,64,1,45,0.9933,0.9778,0.00018,0.360,0.830,1.302,0.426,1549.5,0.0,1168.8,105.5,3.0,3.0,106.7,44.0,496.5,1.7,31.71,pathseer:45
beir500k-rq1,pos40_cat17,pos40,228068,pathseer,64,2,45,0.9933,0.9778,0.00018,0.336,0.803,1.312,0.404,1549.5,0.0,1168.8,105.5,3.0,3.0,106.7,44.0,496.5,1.7,31.71,pathseer:45
beir500k-rq1,pos40_cat17,pos40,228068,pathseer,64,3,45,0.9933,0.9778,0.00018,0.337,0.755,1.226,0.397,1549.5,0.0,1168.8,105.5,3.0,3.0,106.7,44.0,496.5,1.7,31.71,pathseer:45
beir500k-rq1,pos40_cat17,pos40,228068,pathseer,128,1,45,0.9956,0.9778,0.00017,0.731,1.582,2.625,0.809,2704.1,0.0,2099.1,208.6,4.0,4.0,182.0,75.4,932.6,2.8,69.87,pathseer:45
beir500k-rq1,pos40_cat17,pos40,228068,pathseer,128,2,45,0.9956,0.9778,0.00017,0.774,1.677,2.537,0.886,2704.1,0.0,2099.1,208.6,4.0,4.0,182.0,75.4,932.6,2.8,69.87,pathseer:45
beir500k-rq1,pos40_cat17,pos40,228068,pathseer,128,3,45,0.9956,0.9778,0.00017,0.802,1.801,2.537,0.876,2704.1,0.0,2099.1,208.6,4.0,4.0,182.0,75.4,932.6,2.8,69.87,pathseer:45
beir500k-rq1,pos40_cat17,pos40,228068,pathseer,256,1,45,0.9956,0.9778,0.00017,1.303,2.982,3.625,1.454,4672.6,0.0,3654.3,400.6,6.0,7.0,337.1,144.0,1606.0,5.3,147.42,pathseer:45
beir500k-rq1,pos40_cat17,pos40,228068,pathseer,256,2,45,0.9956,0.9778,0.00017,1.380,3.101,3.885,1.497,4672.6,0.0,3654.3,400.6,6.0,7.0,337.1,144.0,1606.0,5.3,147.42,pathseer:45
beir500k-rq1,pos40_cat17,pos40,228068,pathseer,256,3,45,0.9956,0.9778,0.00017,1.346,3.074,3.767,1.513,4672.6,0.0,3654.3,400.6,6.0,7.0,337.1,144.0,1606.0,5.3,147.42,pathseer:45
beir500k-rq1,pos40_cat17,pos40,228068,pathseer,512,1,45,1.0000,1.0000,0.00000,2.585,6.100,7.257,2.829,8245.0,0.0,6888.3,833.7,11.0,14.0,695.1,284.3,2941.3,10.9,310.93,pathseer:45
beir500k-rq1,pos40_cat17,pos40,228068,pathseer,512,2,45,1.0000,1.0000,0.00000,2.355,5.336,7.102,2.644,8245.0,0.0,6888.3,833.7,11.0,14.0,695.1,284.3,2941.3,10.9,310.93,pathseer:45
beir500k-rq1,pos40_cat17,pos40,228068,pathseer,512,3,45,1.0000,1.0000,0.00000,2.415,5.460,6.914,2.684,8245.0,0.0,6888.3,833.7,11.0,14.0,695.1,284.3,2941.3,10.9,310.93,pathseer:45
beir500k-rq1,pos40_cat18,pos40,201873,sweeping,64,1,10,0.9900,0.9000,0.00040,0.329,0.451,0.451,0.351,1418.0,0.0,280.8,70.3,3.0,4.0,0.0,0.0,0.0,0.0,0.00,sweeping:10
beir500k-rq1,pos40_cat18,pos40,201873,sweeping,64,2,10,0.9900,0.9000,0.00040,0.279,0.371,0.371,0.287,1418.0,0.0,280.8,70.3,3.0,4.0,0.0,0.0,0.0,0.0,0.00,sweeping:10
beir500k-rq1,pos40_cat18,pos40,201873,sweeping,64,3,10,0.9900,0.9000,0.00040,0.290,0.326,0.326,0.268,1418.0,0.0,280.8,70.3,3.0,4.0,0.0,0.0,0.0,0.0,0.00,sweeping:10
beir500k-rq1,pos40_cat18,pos40,201873,sweeping,128,1,10,0.9900,0.9000,0.00040,0.524,0.776,0.776,0.506,2340.1,0.0,427.7,135.2,6.0,6.0,0.0,0.0,0.0,0.0,0.00,sweeping:10
beir500k-rq1,pos40_cat18,pos40,201873,sweeping,128,2,10,0.9900,0.9000,0.00040,0.475,0.650,0.650,0.494,2340.1,0.0,427.7,135.2,6.0,6.0,0.0,0.0,0.0,0.0,0.00,sweeping:10
beir500k-rq1,pos40_cat18,pos40,201873,sweeping,128,3,10,0.9900,0.9000,0.00040,0.500,0.595,0.595,0.485,2340.1,0.0,427.7,135.2,6.0,6.0,0.0,0.0,0.0,0.0,0.00,sweeping:10
beir500k-rq1,pos40_cat18,pos40,201873,sweeping,256,1,10,0.9900,0.9000,0.00040,0.850,1.009,1.009,0.828,3810.3,0.0,691.0,265.3,10.0,11.0,0.0,0.0,0.0,0.0,0.00,sweeping:10
beir500k-rq1,pos40_cat18,pos40,201873,sweeping,256,2,10,0.9900,0.9000,0.00040,0.892,1.080,1.080,0.868,3810.3,0.0,691.0,265.3,10.0,11.0,0.0,0.0,0.0,0.0,0.00,sweeping:10
beir500k-rq1,pos40_cat18,pos40,201873,sweeping,256,3,10,0.9900,0.9000,0.00040,0.906,1.093,1.093,0.859,3810.3,0.0,691.0,265.3,10.0,11.0,0.0,0.0,0.0,0.0,0.00,sweeping:10
beir500k-rq1,pos40_cat18,pos40,201873,sweeping,512,1,10,0.9900,0.9000,0.00040,1.558,2.392,2.392,1.689,6483.0,0.0,1198.1,543.1,21.0,23.0,0.0,0.0,0.0,0.0,0.00,sweeping:10
beir500k-rq1,pos40_cat18,pos40,201873,sweeping,512,2,10,0.9900,0.9000,0.00040,1.581,2.360,2.360,1.663,6483.0,0.0,1198.1,543.1,21.0,23.0,0.0,0.0,0.0,0.0,0.00,sweeping:10
beir500k-rq1,pos40_cat18,pos40,201873,sweeping,512,3,10,0.9900,0.9000,0.00040,1.718,2.326,2.326,1.743,6483.0,0.0,1198.1,543.1,21.0,23.0,0.0,0.0,0.0,0.0,0.00,sweeping:10
beir500k-rq1,pos40_cat18,pos40,201873,acorn,64,1,10,0.9900,0.9000,0.00040,0.304,0.374,0.374,0.302,1418.0,0.0,280.8,70.3,3.0,4.0,0.0,0.0,0.0,0.0,0.00,sweeping:10
beir500k-rq1,pos40_cat18,pos40,201873,acorn,64,2,10,0.9900,0.9000,0.00040,0.299,0.411,0.411,0.309,1418.0,0.0,280.8,70.3,3.0,4.0,0.0,0.0,0.0,0.0,0.00,sweeping:10
beir500k-rq1,pos40_cat18,pos40,201873,acorn,64,3,10,0.9900,0.9000,0.00040,0.301,0.339,0.339,0.283,1418.0,0.0,280.8,70.3,3.0,4.0,0.0,0.0,0.0,0.0,0.00,sweeping:10
beir500k-rq1,pos40_cat18,pos40,201873,acorn,128,1,10,0.9900,0.9000,0.00040,0.482,0.605,0.605,0.487,2340.1,0.0,427.7,135.2,6.0,6.0,0.0,0.0,0.0,0.0,0.00,sweeping:10
beir500k-rq1,pos40_cat18,pos40,201873,acorn,128,2,10,0.9900,0.9000,0.00040,0.493,0.749,0.749,0.525,2340.1,0.0,427.7,135.2,6.0,6.0,0.0,0.0,0.0,0.0,0.00,sweeping:10
beir500k-rq1,pos40_cat18,pos40,201873,acorn,128,3,10,0.9900,0.9000,0.00040,0.460,0.538,0.538,0.458,2340.1,0.0,427.7,135.2,6.0,6.0,0.0,0.0,0.0,0.0,0.00,sweeping:10
beir500k-rq1,pos40_cat18,pos40,201873,acorn,256,1,10,0.9900,0.9000,0.00040,0.827,1.129,1.129,0.847,3810.3,0.0,691.0,265.3,10.0,11.0,0.0,0.0,0.0,0.0,0.00,sweeping:10
beir500k-rq1,pos40_cat18,pos40,201873,acorn,256,2,10,0.9900,0.9000,0.00040,0.836,1.009,1.009,0.812,3810.3,0.0,691.0,265.3,10.0,11.0,0.0,0.0,0.0,0.0,0.00,sweeping:10
beir500k-rq1,pos40_cat18,pos40,201873,acorn,256,3,10,0.9900,0.9000,0.00040,0.893,1.055,1.055,0.862,3810.3,0.0,691.0,265.3,10.0,11.0,0.0,0.0,0.0,0.0,0.00,sweeping:10
beir500k-rq1,pos40_cat18,pos40,201873,acorn,512,1,10,0.9900,0.9000,0.00040,1.668,2.326,2.326,1.740,6483.0,0.0,1198.1,543.1,21.0,23.0,0.0,0.0,0.0,0.0,0.00,sweeping:10
beir500k-rq1,pos40_cat18,pos40,201873,acorn,512,2,10,0.9900,0.9000,0.00040,1.583,2.286,2.286,1.648,6483.0,0.0,1198.1,543.1,21.0,23.0,0.0,0.0,0.0,0.0,0.00,sweeping:10
beir500k-rq1,pos40_cat18,pos40,201873,acorn,512,3,10,0.9900,0.9000,0.00040,1.510,2.192,2.192,1.557,6483.0,0.0,1198.1,543.1,21.0,23.0,0.0,0.0,0.0,0.0,0.00,sweeping:10
beir500k-rq1,pos40_cat18,pos40,201873,pathseer,64,1,10,0.9900,0.9000,0.00040,0.276,0.321,0.321,0.272,1434.0,0.0,493.4,70.4,2.0,2.0,76.8,49.4,25.6,1.2,2.10,pathseer:10
beir500k-rq1,pos40_cat18,pos40,201873,pathseer,64,2,10,0.9900,0.9000,0.00040,0.273,0.329,0.329,0.269,1434.0,0.0,493.4,70.4,2.0,2.0,76.8,49.4,25.6,1.2,2.10,pathseer:10
beir500k-rq1,pos40_cat18,pos40,201873,pathseer,64,3,10,0.9900,0.9000,0.00040,0.283,0.358,0.358,0.287,1434.0,0.0,493.4,70.4,2.0,2.0,76.8,49.4,25.6,1.2,2.10,pathseer:10
beir500k-rq1,pos40_cat18,pos40,201873,pathseer,128,1,10,0.9900,0.9000,0.00040,0.531,0.676,0.676,0.528,2365.9,0.0,819.9,134.8,3.0,3.0,147.2,96.5,35.6,2.3,3.60,pathseer:10
beir500k-rq1,pos40_cat18,pos40,201873,pathseer,128,2,10,0.9900,0.9000,0.00040,0.498,0.608,0.608,0.504,2365.9,0.0,819.9,134.8,3.0,3.0,147.2,96.5,35.6,2.3,3.60,pathseer:10
beir500k-rq1,pos40_cat18,pos40,201873,pathseer,128,3,10,0.9900,0.9000,0.00040,0.483,0.572,0.572,0.476,2365.9,0.0,819.9,134.8,3.0,3.0,147.2,96.5,35.6,2.3,3.60,pathseer:10
beir500k-rq1,pos40_cat18,pos40,201873,pathseer,256,1,10,0.9900,0.9000,0.00040,0.897,1.009,1.009,0.859,3833.2,0.0,1356.3,263.7,5.0,5.0,256.0,172.7,50.5,4.0,6.60,pathseer:10
beir500k-rq1,pos40_cat18,pos40,201873,pathseer,256,2,10,0.9900,0.9000,0.00040,0.852,1.135,1.135,0.845,3833.2,0.0,1356.3,263.7,5.0,5.0,256.0,172.7,50.5,4.0,6.60,pathseer:10
beir500k-rq1,pos40_cat18,pos40,201873,pathseer,256,3,10,0.9900,0.9000,0.00040,0.827,0.981,0.981,0.832,3833.2,0.0,1356.3,263.7,5.0,5.0,256.0,172.7,50.5,4.0,6.60,pathseer:10
beir500k-rq1,pos40_cat18,pos40,201873,pathseer,512,1,10,0.9900,0.9000,0.00040,1.627,2.010,2.010,1.593,6179.1,0.0,2540.8,526.1,8.0,8.0,499.2,349.6,140.2,7.8,13.90,pathseer:10
beir500k-rq1,pos40_cat18,pos40,201873,pathseer,512,2,10,0.9900,0.9000,0.00040,1.676,2.262,2.262,1.652,6179.1,0.0,2540.8,526.1,8.0,8.0,499.2,349.6,140.2,7.8,13.90,pathseer:10
beir500k-rq1,pos40_cat18,pos40,201873,pathseer,512,3,10,0.9900,0.9000,0.00040,1.655,2.141,2.141,1.695,6179.1,0.0,2540.8,526.1,8.0,8.0,499.2,349.6,140.2,7.8,13.90,pathseer:10
beir500k-rq1,pos40_cat19,pos40,213280,sweeping,64,1,60,0.9883,0.9000,0.00011,0.282,0.735,1.164,0.354,1361.4,0.0,246.3,87.9,4.0,4.0,0.0,0.0,0.0,0.0,0.00,sweeping:60
beir500k-rq1,pos40_cat19,pos40,213280,sweeping,64,2,60,0.9883,0.9000,0.00011,0.291,0.771,1.006,0.359,1361.4,0.0,246.3,87.9,4.0,4.0,0.0,0.0,0.0,0.0,0.00,sweeping:60
beir500k-rq1,pos40_cat19,pos40,213280,sweeping,64,3,60,0.9883,0.9000,0.00011,0.282,0.751,1.063,0.347,1361.4,0.0,246.3,87.9,4.0,4.0,0.0,0.0,0.0,0.0,0.00,sweeping:60
beir500k-rq1,pos40_cat19,pos40,213280,sweeping,128,1,60,0.9983,0.9833,0.00001,0.480,1.263,1.949,0.609,2352.1,0.0,418.3,171.6,7.0,8.0,0.0,0.0,0.0,0.0,0.00,sweeping:60
beir500k-rq1,pos40_cat19,pos40,213280,sweeping,128,2,60,0.9983,0.9833,0.00001,0.504,1.272,1.990,0.613,2352.1,0.0,418.3,171.6,7.0,8.0,0.0,0.0,0.0,0.0,0.00,sweeping:60
beir500k-rq1,pos40_cat19,pos40,213280,sweeping,128,3,60,0.9983,0.9833,0.00001,0.491,1.256,2.015,0.608,2352.1,0.0,418.3,171.6,7.0,8.0,0.0,0.0,0.0,0.0,0.00,sweeping:60
beir500k-rq1,pos40_cat19,pos40,213280,sweeping,256,1,60,0.9983,0.9833,0.00001,0.918,2.098,3.641,1.127,4011.4,0.0,738.7,333.0,13.0,15.0,0.0,0.0,0.0,0.0,0.00,sweeping:60
beir500k-rq1,pos40_cat19,pos40,213280,sweeping,256,2,60,0.9983,0.9833,0.00001,0.877,2.140,3.570,1.102,4011.4,0.0,738.7,333.0,13.0,15.0,0.0,0.0,0.0,0.0,0.00,sweeping:60
beir500k-rq1,pos40_cat19,pos40,213280,sweeping,256,3,60,0.9983,0.9833,0.00001,0.900,2.195,3.647,1.100,4011.4,0.0,738.7,333.0,13.0,15.0,0.0,0.0,0.0,0.0,0.00,sweeping:60
beir500k-rq1,pos40_cat19,pos40,213280,sweeping,512,1,60,0.9983,0.9833,0.00001,1.522,3.899,5.962,1.943,6807.4,0.0,1356.9,656.8,31.0,36.0,0.0,0.0,0.0,0.0,0.00,sweeping:60
beir500k-rq1,pos40_cat19,pos40,213280,sweeping,512,2,60,0.9983,0.9833,0.00001,1.578,3.834,5.941,1.963,6807.4,0.0,1356.9,656.8,31.0,36.0,0.0,0.0,0.0,0.0,0.00,sweeping:60
beir500k-rq1,pos40_cat19,pos40,213280,sweeping,512,3,60,0.9983,0.9833,0.00001,1.554,3.835,5.733,1.920,6807.4,0.0,1356.9,656.8,31.0,36.0,0.0,0.0,0.0,0.0,0.00,sweeping:60
beir500k-rq1,pos40_cat19,pos40,213280,acorn,64,1,60,0.9883,0.9000,0.00011,0.361,1.178,1.762,0.504,1361.4,0.0,246.3,87.9,4.0,4.0,0.0,0.0,0.0,0.0,0.00,sweeping:60
beir500k-rq1,pos40_cat19,pos40,213280,acorn,64,2,60,0.9883,0.9000,0.00011,0.282,0.739,1.104,0.350,1361.4,0.0,246.3,87.9,4.0,4.0,0.0,0.0,0.0,0.0,0.00,sweeping:60
beir500k-rq1,pos40_cat19,pos40,213280,acorn,64,3,60,0.9883,0.9000,0.00011,0.269,0.711,0.970,0.332,1361.4,0.0,246.3,87.9,4.0,4.0,0.0,0.0,0.0,0.0,0.00,sweeping:60
beir500k-rq1,pos40_cat19,pos40,213280,acorn,128,1,60,0.9983,0.9833,0.00001,0.512,1.244,1.989,0.633,2352.1,0.0,418.3,171.6,7.0,8.0,0.0,0.0,0.0,0.0,0.00,sweeping:60
beir500k-rq1,pos40_cat19,pos40,213280,acorn,128,2,60,0.9983,0.9833,0.00001,0.533,1.393,2.028,0.651,2352.1,0.0,418.3,171.6,7.0,8.0,0.0,0.0,0.0,0.0,0.00,sweeping:60
beir500k-rq1,pos40_cat19,pos40,213280,acorn,128,3,60,0.9983,0.9833,0.00001,0.516,1.265,1.963,0.630,2352.1,0.0,418.3,171.6,7.0,8.0,0.0,0.0,0.0,0.0,0.00,sweeping:60
beir500k-rq1,pos40_cat19,pos40,213280,acorn,256,1,60,0.9983,0.9833,0.00001,0.868,2.062,3.513,1.073,4011.4,0.0,738.7,333.0,13.0,15.0,0.0,0.0,0.0,0.0,0.00,sweeping:60
beir500k-rq1,pos40_cat19,pos40,213280,acorn,256,2,60,0.9983,0.9833,0.00001,0.855,1.969,3.495,1.080,4011.4,0.0,738.7,333.0,13.0,15.0,0.0,0.0,0.0,0.0,0.00,sweeping:60
beir500k-rq1,pos40_cat19,pos40,213280,acorn,256,3,60,0.9983,0.9833,0.00001,0.870,2.179,3.530,1.098,4011.4,0.0,738.7,333.0,13.0,15.0,0.0,0.0,0.0,0.0,0.00,sweeping:60
beir500k-rq1,pos40_cat19,pos40,213280,acorn,512,1,60,0.9983,0.9833,0.00001,1.709,4.163,6.258,2.074,6807.4,0.0,1356.9,656.8,31.0,36.0,0.0,0.0,0.0,0.0,0.00,sweeping:60
beir500k-rq1,pos40_cat19,pos40,213280,acorn,512,2,60,0.9983,0.9833,0.00001,1.703,3.917,6.374,2.097,6807.4,0.0,1356.9,656.8,31.0,36.0,0.0,0.0,0.0,0.0,0.00,sweeping:60
beir500k-rq1,pos40_cat19,pos40,213280,acorn,512,3,60,0.9983,0.9833,0.00001,1.669,3.973,6.004,2.078,6807.4,0.0,1356.9,656.8,31.0,36.0,0.0,0.0,0.0,0.0,0.00,sweeping:60
beir500k-rq1,pos40_cat19,pos40,213280,pathseer,64,1,60,0.9867,0.8833,0.00013,0.276,0.469,0.559,0.305,1150.3,0.0,557.2,75.1,2.0,2.0,81.1,55.7,110.4,1.3,14.43,pathseer:60
beir500k-rq1,pos40_cat19,pos40,213280,pathseer,64,2,60,0.9867,0.8833,0.00013,0.281,0.485,0.557,0.310,1150.3,0.0,557.2,75.1,2.0,2.0,81.1,55.7,110.4,1.3,14.43,pathseer:60
beir500k-rq1,pos40_cat19,pos40,213280,pathseer,64,3,60,0.9867,0.8833,0.00013,0.289,0.512,0.623,0.324,1150.3,0.0,557.2,75.1,2.0,2.0,81.1,55.7,110.4,1.3,14.43,pathseer:60
beir500k-rq1,pos40_cat19,pos40,213280,pathseer,128,1,60,0.9967,0.9667,0.00002,0.491,0.855,0.964,0.541,1970.4,0.0,1000.8,148.3,3.0,3.0,145.1,102.7,203.4,2.3,30.67,pathseer:60
beir500k-rq1,pos40_cat19,pos40,213280,pathseer,128,2,60,0.9967,0.9667,0.00002,0.503,0.869,1.006,0.552,1970.4,0.0,1000.8,148.3,3.0,3.0,145.1,102.7,203.4,2.3,30.67,pathseer:60
beir500k-rq1,pos40_cat19,pos40,213280,pathseer,128,3,60,0.9967,0.9667,0.00002,0.508,0.838,1.013,0.550,1970.4,0.0,1000.8,148.3,3.0,3.0,145.1,102.7,203.4,2.3,30.67,pathseer:60
beir500k-rq1,pos40_cat19,pos40,213280,pathseer,256,1,60,0.9967,0.9667,0.00002,0.948,1.754,1.873,1.031,3340.4,0.0,1792.8,293.4,5.0,5.0,269.9,187.2,353.3,4.2,56.72,pathseer:60
beir500k-rq1,pos40_cat19,pos40,213280,pathseer,256,2,60,0.9967,0.9667,0.00002,0.937,1.610,1.858,1.017,3340.4,0.0,1792.8,293.4,5.0,5.0,269.9,187.2,353.3,4.2,56.72,pathseer:60
beir500k-rq1,pos40_cat19,pos40,213280,pathseer,256,3,60,0.9967,0.9667,0.00002,0.866,1.651,1.826,0.973,3340.4,0.0,1792.8,293.4,5.0,5.0,269.9,187.2,353.3,4.2,56.72,pathseer:60
beir500k-rq1,pos40_cat19,pos40,213280,pathseer,512,1,60,0.9983,0.9833,0.00001,1.644,3.072,3.381,1.810,5556.2,0.0,3299.6,585.3,9.0,10.0,557.9,365.4,623.2,8.7,107.83,pathseer:60
beir500k-rq1,pos40_cat19,pos40,213280,pathseer,512,2,60,0.9983,0.9833,0.00001,1.583,2.990,3.328,1.841,5556.2,0.0,3299.6,585.3,9.0,10.0,557.9,365.4,623.2,8.7,107.83,pathseer:60
beir500k-rq1,pos40_cat19,pos40,213280,pathseer,512,3,60,0.9983,0.9833,0.00001,1.742,2.987,3.586,1.892,5556.2,0.0,3299.6,585.3,9.0,10.0,557.9,365.4,623.2,8.7,107.83,pathseer:60
beir500k-rq1,pos40_cat20,pos40,204763,sweeping,64,1,67,0.9940,0.9403,0.00011,0.346,0.646,0.896,0.586,1975.1,0.0,495.3,224.1,4.0,4.0,0.0,0.0,0.0,0.0,0.00,sweeping:67
beir500k-rq1,pos40_cat20,pos40,204763,sweeping,64,2,67,0.9940,0.9403,0.00011,0.332,0.618,0.864,0.568,1975.1,0.0,495.3,224.1,4.0,4.0,0.0,0.0,0.0,0.0,0.00,sweeping:67
beir500k-rq1,pos40_cat20,pos40,204763,sweeping,64,3,67,0.9940,0.9403,0.00011,0.340,0.635,0.901,0.567,1975.1,0.0,495.3,224.1,4.0,4.0,0.0,0.0,0.0,0.0,0.00,sweeping:67
beir500k-rq1,pos40_cat20,pos40,204763,sweeping,128,1,67,0.9970,0.9701,0.00009,0.610,1.122,1.638,0.921,3225.3,0.0,728.7,345.6,6.0,7.0,0.0,0.0,0.0,0.0,0.00,sweeping:67
beir500k-rq1,pos40_cat20,pos40,204763,sweeping,128,2,67,0.9970,0.9701,0.00009,0.588,1.138,1.590,0.895,3225.3,0.0,728.7,345.6,6.0,7.0,0.0,0.0,0.0,0.0,0.00,sweeping:67
beir500k-rq1,pos40_cat20,pos40,204763,sweeping,128,3,67,0.9970,0.9701,0.00009,0.692,1.356,1.638,1.032,3225.3,0.0,728.7,345.6,6.0,7.0,0.0,0.0,0.0,0.0,0.00,sweeping:67
beir500k-rq1,pos40_cat20,pos40,204763,sweeping,256,1,67,0.9985,0.9851,0.00001,1.120,2.182,2.666,1.484,5452.3,0.0,1131.7,536.1,11.0,16.0,0.0,0.0,0.0,0.0,0.00,sweeping:67
beir500k-rq1,pos40_cat20,pos40,204763,sweeping,256,2,67,0.9985,0.9851,0.00001,1.096,2.224,2.599,1.482,5452.3,0.0,1131.7,536.1,11.0,16.0,0.0,0.0,0.0,0.0,0.00,sweeping:67
beir500k-rq1,pos40_cat20,pos40,204763,sweeping,256,3,67,0.9985,0.9851,0.00001,1.128,2.173,2.514,1.473,5452.3,0.0,1131.7,536.1,11.0,16.0,0.0,0.0,0.0,0.0,0.00,sweeping:67
beir500k-rq1,pos40_cat20,pos40,204763,sweeping,512,1,67,0.9985,0.9851,0.00001,2.183,4.067,4.645,2.639,9463.0,0.0,1895.8,908.2,24.0,34.0,0.0,0.0,0.0,0.0,0.00,sweeping:67
beir500k-rq1,pos40_cat20,pos40,204763,sweeping,512,2,67,0.9985,0.9851,0.00001,2.129,4.042,4.667,2.580,9463.0,0.0,1895.8,908.2,24.0,34.0,0.0,0.0,0.0,0.0,0.00,sweeping:67
beir500k-rq1,pos40_cat20,pos40,204763,sweeping,512,3,67,0.9985,0.9851,0.00001,2.110,4.125,4.543,2.605,9463.0,0.0,1895.8,908.2,24.0,34.0,0.0,0.0,0.0,0.0,0.00,sweeping:67
beir500k-rq1,pos40_cat20,pos40,204763,acorn,64,1,67,0.9940,0.9403,0.00011,0.334,0.620,0.859,0.562,1975.1,0.0,495.3,224.1,4.0,4.0,0.0,0.0,0.0,0.0,0.00,sweeping:67
beir500k-rq1,pos40_cat20,pos40,204763,acorn,64,2,67,0.9940,0.9403,0.00011,0.345,0.640,0.958,0.576,1975.1,0.0,495.3,224.1,4.0,4.0,0.0,0.0,0.0,0.0,0.00,sweeping:67
beir500k-rq1,pos40_cat20,pos40,204763,acorn,64,3,67,0.9940,0.9403,0.00011,0.341,0.653,0.864,0.578,1975.1,0.0,495.3,224.1,4.0,4.0,0.0,0.0,0.0,0.0,0.00,sweeping:67
beir500k-rq1,pos40_cat20,pos40,204763,acorn,128,1,67,0.9970,0.9701,0.00009,0.573,1.111,1.535,0.898,3225.3,0.0,728.7,345.6,6.0,7.0,0.0,0.0,0.0,0.0,0.00,sweeping:67
beir500k-rq1,pos40_cat20,pos40,204763,acorn,128,2,67,0.9970,0.9701,0.00009,0.638,1.157,1.596,0.936,3225.3,0.0,728.7,345.6,6.0,7.0,0.0,0.0,0.0,0.0,0.00,sweeping:67
beir500k-rq1,pos40_cat20,pos40,204763,acorn,128,3,67,0.9970,0.9701,0.00009,0.586,1.167,1.532,0.899,3225.3,0.0,728.7,345.6,6.0,7.0,0.0,0.0,0.0,0.0,0.00,sweeping:67
beir500k-rq1,pos40_cat20,pos40,204763,acorn,256,1,67,0.9985,0.9851,0.00001,1.146,2.180,2.608,1.492,5452.3,0.0,1131.7,536.1,11.0,16.0,0.0,0.0,0.0,0.0,0.00,sweeping:67
beir500k-rq1,pos40_cat20,pos40,204763,acorn,256,2,67,0.9985,0.9851,0.00001,1.121,2.214,2.656,1.474,5452.3,0.0,1131.7,536.1,11.0,16.0,0.0,0.0,0.0,0.0,0.00,sweeping:67
beir500k-rq1,pos40_cat20,pos40,204763,acorn,256,3,67,0.9985,0.9851,0.00001,1.140,2.173,2.696,1.501,5452.3,0.0,1131.7,536.1,11.0,16.0,0.0,0.0,0.0,0.0,0.00,sweeping:67
beir500k-rq1,pos40_cat20,pos40,204763,acorn,512,1,67,0.9985,0.9851,0.00001,2.190,4.117,4.804,2.608,9463.0,0.0,1895.8,908.2,24.0,34.0,0.0,0.0,0.0,0.0,0.00,sweeping:67
beir500k-rq1,pos40_cat20,pos40,204763,acorn,512,2,67,0.9985,0.9851,0.00001,2.168,4.189,4.577,2.592,9463.0,0.0,1895.8,908.2,24.0,34.0,0.0,0.0,0.0,0.0,0.00,sweeping:67
beir500k-rq1,pos40_cat20,pos40,204763,acorn,512,3,67,0.9985,0.9851,0.00001,2.090,3.979,4.622,2.589,9463.0,0.0,1895.8,908.2,24.0,34.0,0.0,0.0,0.0,0.0,0.00,sweeping:67
beir500k-rq1,pos40_cat20,pos40,204763,pathseer,64,1,67,0.9925,0.9254,0.00013,0.340,0.491,0.683,0.411,1391.1,0.0,946.0,124.8,2.0,2.0,87.9,46.9,344.1,1.4,11.60,pathseer:67
beir500k-rq1,pos40_cat20,pos40,204763,pathseer,64,2,67,0.9925,0.9254,0.00013,0.340,0.483,0.809,0.412,1391.1,0.0,946.0,124.8,2.0,2.0,87.9,46.9,344.1,1.4,11.60,pathseer:67
beir500k-rq1,pos40_cat20,pos40,204763,pathseer,64,3,67,0.9925,0.9254,0.00013,0.342,0.492,0.679,0.412,1391.1,0.0,946.0,124.8,2.0,2.0,87.9,46.9,344.1,1.4,11.60,pathseer:67
beir500k-rq1,pos40_cat20,pos40,204763,pathseer,128,1,67,0.9955,0.9552,0.00010,0.636,0.907,0.984,0.761,2436.2,0.0,1574.8,242.1,3.0,3.0,159.5,88.6,509.7,2.5,27.73,pathseer:67
beir500k-rq1,pos40_cat20,pos40,204763,pathseer,128,2,67,0.9955,0.9552,0.00010,0.579,0.879,0.928,0.724,2436.2,0.0,1574.8,242.1,3.0,3.0,159.5,88.6,509.7,2.5,27.73,pathseer:67
beir500k-rq1,pos40_cat20,pos40,204763,pathseer,128,3,67,0.9955,0.9552,0.00010,0.590,0.863,1.123,0.714,2436.2,0.0,1574.8,242.1,3.0,3.0,159.5,88.6,509.7,2.5,27.73,pathseer:67
beir500k-rq1,pos40_cat20,pos40,204763,pathseer,256,1,67,0.9970,0.9701,0.00002,1.224,1.769,2.132,1.417,4262.6,0.0,2602.2,430.4,5.0,5.0,288.5,161.4,759.1,4.5,57.84,pathseer:67
beir500k-rq1,pos40_cat20,pos40,204763,pathseer,256,2,67,0.9970,0.9701,0.00002,1.222,1.770,1.897,1.393,4262.6,0.0,2602.2,430.4,5.0,5.0,288.5,161.4,759.1,4.5,57.84,pathseer:67
beir500k-rq1,pos40_cat20,pos40,204763,pathseer,256,3,67,0.9970,0.9701,0.00002,1.187,1.748,1.878,1.349,4262.6,0.0,2602.2,430.4,5.0,5.0,288.5,161.4,759.1,4.5,57.84,pathseer:67
beir500k-rq1,pos40_cat20,pos40,204763,pathseer,512,1,67,0.9985,0.9851,0.00001,2.152,3.137,3.383,2.372,7436.1,0.0,4556.4,788.2,9.0,10.0,585.6,317.9,1214.2,9.1,121.88,pathseer:67
beir500k-rq1,pos40_cat20,pos40,204763,pathseer,512,2,67,0.9985,0.9851,0.00001,2.247,3.082,3.698,2.460,7436.1,0.0,4556.4,788.2,9.0,10.0,585.6,317.9,1214.2,9.1,121.88,pathseer:67
beir500k-rq1,pos40_cat20,pos40,204763,pathseer,512,3,67,0.9985,0.9851,0.00001,2.120,3.223,3.615,2.416,7436.1,0.0,4556.4,788.2,9.0,10.0,585.6,317.9,1214.2,9.1,121.88,pathseer:67
beir500k-rq1,pos40_cat21,pos40,209359,sweeping,64,1,61,0.9967,0.9672,0.00005,0.390,0.629,1.054,0.412,1395.4,0.0,241.0,75.3,4.0,4.0,0.0,0.0,0.0,0.0,0.00,sweeping:61
beir500k-rq1,pos40_cat21,pos40,209359,sweeping,64,2,61,0.9967,0.9672,0.00005,0.392,0.676,1.010,0.426,1395.4,0.0,241.0,75.3,4.0,4.0,0.0,0.0,0.0,0.0,0.00,sweeping:61
beir500k-rq1,pos40_cat21,pos40,209359,sweeping,64,3,61,0.9967,0.9672,0.00005,0.321,0.543,0.941,0.356,1395.4,0.0,241.0,75.3,4.0,4.0,0.0,0.0,0.0,0.0,0.00,sweeping:61
beir500k-rq1,pos40_cat21,pos40,209359,sweeping,128,1,61,0.9984,0.9836,0.00005,0.671,1.159,2.134,0.760,2480.4,0.0,410.2,150.6,6.0,7.0,0.0,0.0,0.0,0.0,0.00,sweeping:61
beir500k-rq1,pos40_cat21,pos40,209359,sweeping,128,2,61,0.9984,0.9836,0.00005,0.604,1.110,2.197,0.682,2480.4,0.0,410.2,150.6,6.0,7.0,0.0,0.0,0.0,0.0,0.00,sweeping:61
beir500k-rq1,pos40_cat21,pos40,209359,sweeping,128,3,61,0.9984,0.9836,0.00005,0.661,1.067,1.968,0.717,2480.4,0.0,410.2,150.6,6.0,7.0,0.0,0.0,0.0,0.0,0.00,sweeping:61
beir500k-rq1,pos40_cat21,pos40,209359,sweeping,256,1,61,1.0000,1.0000,0.00000,1.046,1.914,3.123,1.166,4393.2,0.0,740.2,300.0,12.0,13.0,0.0,0.0,0.0,0.0,0.00,sweeping:61
beir500k-rq1,pos40_cat21,pos40,209359,sweeping,256,2,61,0.9984,0.9836,0.00000,1.074,1.900,3.181,1.162,4393.2,0.0,740.2,300.0,12.0,13.0,0.0,0.0,0.0,0.0,0.00,sweeping:61
beir500k-rq1,pos40_cat21,pos40,209359,sweeping,256,3,61,0.9984,0.9836,0.00000,1.050,1.895,2.996,1.149,4393.2,0.0,740.2,300.0,12.0,13.0,0.0,0.0,0.0,0.0,0.00,sweeping:61
beir500k-rq1,pos40_cat21,pos40,209359,sweeping,512,1,61,0.9984,0.9836,0.00000,1.970,3.632,4.844,2.162,7636.1,0.0,1364.5,601.9,25.0,29.0,0.0,0.0,0.0,0.0,0.00,sweeping:61
beir500k-rq1,pos40_cat21,pos40,209359,sweeping,512,2,61,0.9984,0.9836,0.00000,2.074,4.262,5.126,2.273,7636.1,0.0,1364.5,601.9,25.0,29.0,0.0,0.0,0.0,0.0,0.00,sweeping:61
beir500k-rq1,pos40_cat21,pos40,209359,sweeping,512,3,61,0.9984,0.9836,0.00000,2.132,3.827,5.359,2.358,7636.1,0.0,1364.5,601.9,25.0,29.0,0.0,0.0,0.0,0.0,0.00,sweeping:61
beir500k-rq1,pos40_cat21,pos40,209359,acorn,64,1,61,0.9967,0.9672,0.00005,0.369,0.637,1.065,0.403,1395.4,0.0,241.0,75.3,4.0,4.0,0.0,0.0,0.0,0.0,0.00,sweeping:61
beir500k-rq1,pos40_cat21,pos40,209359,acorn,64,2,61,0.9967,0.9672,0.00005,0.363,0.538,1.025,0.388,1395.4,0.0,241.0,75.3,4.0,4.0,0.0,0.0,0.0,0.0,0.00,sweeping:61
beir500k-rq1,pos40_cat21,pos40,209359,acorn,64,3,61,0.9967,0.9672,0.00005,0.319,0.548,0.944,0.343,1395.4,0.0,241.0,75.3,4.0,4.0,0.0,0.0,0.0,0.0,0.00,sweeping:61
beir500k-rq1,pos40_cat21,pos40,209359,acorn,128,1,61,0.9967,0.9672,0.00005,0.538,0.997,1.810,0.591,2480.4,0.0,410.2,150.6,6.0,7.0,0.0,0.0,0.0,0.0,0.00,sweeping:61
beir500k-rq1,pos40_cat21,pos40,209359,acorn,128,2,61,0.9984,0.9836,0.00005,0.578,1.020,1.811,0.639,2480.4,0.0,410.2,150.6,6.0,7.0,0.0,0.0,0.0,0.0,0.00,sweeping:61
beir500k-rq1,pos40_cat21,pos40,209359,acorn,128,3,61,0.9984,0.9836,0.00005,0.654,1.122,2.241,0.728,2480.4,0.0,410.2,150.6,6.0,7.0,0.0,0.0,0.0,0.0,0.00,sweeping:61
beir500k-rq1,pos40_cat21,pos40,209359,acorn,256,1,61,1.0000,1.0000,0.00000,1.091,1.866,3.160,1.167,4393.2,0.0,740.2,300.0,12.0,13.0,0.0,0.0,0.0,0.0,0.00,sweeping:61
beir500k-rq1,pos40_cat21,pos40,209359,acorn,256,2,61,0.9984,0.9836,0.00000,1.115,1.972,3.069,1.200,4393.2,0.0,740.2,300.0,12.0,13.0,0.0,0.0,0.0,0.0,0.00,sweeping:61
beir500k-rq1,pos40_cat21,pos40,209359,acorn,256,3,61,1.0000,1.0000,0.00000,1.204,2.074,3.139,1.304,4393.2,0.0,740.2,300.0,12.0,13.0,0.0,0.0,0.0,0.0,0.00,sweeping:61
beir500k-rq1,pos40_cat21,pos40,209359,acorn,512,1,61,1.0000,1.0000,0.00000,2.168,4.028,5.166,2.336,7636.1,0.0,1364.5,601.9,25.0,29.0,0.0,0.0,0.0,0.0,0.00,sweeping:61
beir500k-rq1,pos40_cat21,pos40,209359,acorn,512,2,61,0.9984,0.9836,0.00000,2.268,4.247,5.059,2.447,7636.1,0.0,1364.5,601.9,25.0,29.0,0.0,0.0,0.0,0.0,0.00,sweeping:61
beir500k-rq1,pos40_cat21,pos40,209359,acorn,512,3,61,0.9984,0.9836,0.00000,2.021,3.884,5.429,2.233,7636.1,0.0,1364.5,601.9,25.0,29.0,0.0,0.0,0.0,0.0,0.00,sweeping:61
beir500k-rq1,pos40_cat21,pos40,209359,pathseer,64,1,61,0.9967,0.9672,0.00005,0.424,0.592,0.630,0.434,1283.5,0.0,470.6,70.0,2.0,2.0,82.9,54.4,58.3,1.3,3.90,pathseer:61
beir500k-rq1,pos40_cat21,pos40,209359,pathseer,64,2,61,0.9951,0.9508,0.00005,0.375,0.511,0.541,0.395,1283.5,0.0,470.6,70.0,2.0,2.0,82.9,54.4,58.3,1.3,3.90,pathseer:61
beir500k-rq1,pos40_cat21,pos40,209359,pathseer,64,3,61,0.9951,0.9508,0.00005,0.362,0.489,0.525,0.376,1283.5,0.0,470.6,70.0,2.0,2.0,82.9,54.4,58.3,1.3,3.90,pathseer:61
beir500k-rq1,pos40_cat21,pos40,209359,pathseer,128,1,61,0.9984,0.9836,0.00005,0.680,0.897,0.985,0.697,2227.0,0.0,874.4,138.9,3.0,3.0,145.8,95.9,135.6,2.3,9.90,pathseer:61
beir500k-rq1,pos40_cat21,pos40,209359,pathseer,128,2,61,0.9984,0.9836,0.00005,0.704,0.927,1.026,0.706,2227.0,0.0,874.4,138.9,3.0,3.0,145.8,95.9,135.6,2.3,9.90,pathseer:61
beir500k-rq1,pos40_cat21,pos40,209359,pathseer,128,3,61,0.9984,0.9836,0.00005,0.641,0.912,0.937,0.662,2227.0,0.0,874.4,138.9,3.0,3.0,145.8,95.9,135.6,2.3,9.90,pathseer:61
beir500k-rq1,pos40_cat21,pos40,209359,pathseer,256,1,61,0.9984,0.9836,0.00000,1.204,1.724,1.949,1.261,3895.9,0.0,1635.9,276.4,5.0,5.0,270.7,178.6,274.0,4.2,24.90,pathseer:61
beir500k-rq1,pos40_cat21,pos40,209359,pathseer,256,2,61,0.9984,0.9836,0.00000,1.155,1.505,1.722,1.189,3895.9,0.0,1635.9,276.4,5.0,5.0,270.7,178.6,274.0,4.2,24.90,pathseer:61
beir500k-rq1,pos40_cat21,pos40,209359,pathseer,256,3,61,0.9984,0.9836,0.00000,1.257,1.822,1.837,1.282,3895.9,0.0,1635.9,276.4,5.0,5.0,270.7,178.6,274.0,4.2,24.90,pathseer:61
beir500k-rq1,pos40_cat21,pos40,209359,pathseer,512,1,61,1.0000,1.0000,0.00000,2.094,4.279,5.712,2.357,6665.8,0.0,3098.8,551.9,9.0,9.0,539.3,356.2,541.4,8.4,57.34,pathseer:61
beir500k-rq1,pos40_cat21,pos40,209359,pathseer,512,2,61,1.0000,1.0000,0.00000,2.146,3.031,3.322,2.174,6665.8,0.0,3098.8,551.9,9.0,9.0,539.3,356.2,541.4,8.4,57.34,pathseer:61
beir500k-rq1,pos40_cat21,pos40,209359,pathseer,512,3,61,1.0000,1.0000,0.00000,2.217,2.940,3.130,2.201,6665.8,0.0,3098.8,551.9,9.0,9.0,539.3,356.2,541.4,8.4,57.34,pathseer:61
beir500k-rq1,neg10_cat00,neg10,63950,sweeping,64,1,12,1.0000,1.0000,0.00000,1.405,3.060,4.530,1.756,7302.5,0.0,1100.8,446.3,3.0,18.0,0.0,0.0,0.0,0.0,0.00,sweeping:12
beir500k-rq1,neg10_cat00,neg10,63950,sweeping,64,2,12,1.0000,1.0000,0.00000,1.603,2.470,4.444,1.736,7302.5,0.0,1100.8,446.3,3.0,18.0,0.0,0.0,0.0,0.0,0.00,sweeping:12
beir500k-rq1,neg10_cat00,neg10,63950,sweeping,64,3,12,1.0000,1.0000,0.00000,1.400,2.261,3.909,1.566,7302.5,0.0,1100.8,446.3,3.0,18.0,0.0,0.0,0.0,0.0,0.00,sweeping:12
beir500k-rq1,neg10_cat00,neg10,63950,sweeping,128,1,12,1.0000,1.0000,0.00000,2.504,3.767,7.404,2.722,11940.6,0.0,2007.5,831.2,5.0,33.0,0.0,0.0,0.0,0.0,0.00,sweeping:12
beir500k-rq1,neg10_cat00,neg10,63950,sweeping,128,2,12,1.0000,1.0000,0.00000,2.418,3.583,7.158,2.651,11940.6,0.0,2007.5,831.2,5.0,33.0,0.0,0.0,0.0,0.0,0.00,sweeping:12
beir500k-rq1,neg10_cat00,neg10,63950,sweeping,128,3,12,1.0000,1.0000,0.00000,2.243,3.851,7.008,2.637,11940.6,0.0,2007.5,831.2,5.0,33.0,0.0,0.0,0.0,0.0,0.00,sweeping:12
beir500k-rq1,neg10_cat00,neg10,63950,sweeping,256,1,12,1.0000,1.0000,0.00000,4.194,6.348,12.299,4.721,20589.5,0.0,3693.6,1651.9,11.0,71.0,0.0,0.0,0.0,0.0,0.00,sweeping:12
beir500k-rq1,neg10_cat00,neg10,63950,sweeping,256,2,12,1.0000,1.0000,0.00000,4.381,6.485,12.866,4.846,20589.5,0.0,3693.6,1651.9,11.0,71.0,0.0,0.0,0.0,0.0,0.00,sweeping:12
beir500k-rq1,neg10_cat00,neg10,63950,sweeping,256,3,12,1.0000,1.0000,0.00000,4.495,6.797,12.921,4.913,20589.5,0.0,3693.6,1651.9,11.0,71.0,0.0,0.0,0.0,0.0,0.00,sweeping:12
beir500k-rq1,neg10_cat00,neg10,63950,sweeping,512,1,12,1.0000,1.0000,0.00000,7.187,12.058,19.819,8.271,33994.1,0.0,6559.3,3121.1,22.0,124.0,0.0,0.0,0.0,0.0,0.00,sweeping:12
beir500k-rq1,neg10_cat00,neg10,63950,sweeping,512,2,12,1.0000,1.0000,0.00000,8.040,12.460,20.103,8.990,33994.1,0.0,6559.3,3121.1,22.0,124.0,0.0,0.0,0.0,0.0,0.00,sweeping:12
beir500k-rq1,neg10_cat00,neg10,63950,sweeping,512,3,12,1.0000,1.0000,0.00000,7.853,12.116,20.157,8.449,33994.1,0.0,6559.3,3121.1,22.0,124.0,0.0,0.0,0.0,0.0,0.00,sweeping:12
beir500k-rq1,neg10_cat00,neg10,63950,acorn,64,1,12,1.0000,1.0000,0.00000,0.853,1.151,1.228,0.870,1972.1,10.0,10381.4,66.3,3.0,3.0,0.0,0.0,0.0,0.0,0.00,acorn:11|rre:1
beir500k-rq1,neg10_cat00,neg10,63950,acorn,64,2,12,1.0000,1.0000,0.00000,0.925,1.134,1.154,0.855,1972.1,10.0,10381.4,66.3,3.0,3.0,0.0,0.0,0.0,0.0,0.00,acorn:11|rre:1
beir500k-rq1,neg10_cat00,neg10,63950,acorn,64,3,12,1.0000,1.0000,0.00000,0.857,1.105,1.158,0.832,1972.1,10.0,10381.4,66.3,3.0,3.0,0.0,0.0,0.0,0.0,0.00,acorn:11|rre:1
beir500k-rq1,neg10_cat00,neg10,63950,acorn,128,1,12,1.0000,1.0000,0.00000,1.449,2.033,2.153,1.439,3159.1,10.0,16351.5,130.2,4.0,4.0,0.0,0.0,0.0,0.0,0.00,acorn:11|rre:1
beir500k-rq1,neg10_cat00,neg10,63950,acorn,128,2,12,1.0000,1.0000,0.00000,1.549,1.887,1.910,1.438,3159.1,10.0,16351.5,130.2,4.0,4.0,0.0,0.0,0.0,0.0,0.00,acorn:11|rre:1
beir500k-rq1,neg10_cat00,neg10,63950,acorn,128,3,12,1.0000,1.0000,0.00000,1.751,2.151,2.275,1.614,3159.1,10.0,16351.5,130.2,4.0,4.0,0.0,0.0,0.0,0.0,0.00,acorn:11|rre:1
beir500k-rq1,neg10_cat00,neg10,63950,acorn,256,1,12,1.0000,1.0000,0.00000,3.059,3.945,4.230,2.870,5028.7,10.0,25595.5,258.3,7.0,7.0,0.0,0.0,0.0,0.0,0.00,acorn:11|rre:1
beir500k-rq1,neg10_cat00,neg10,63950,acorn,256,2,12,1.0000,1.0000,0.00000,2.766,3.857,4.180,2.758,5028.7,10.0,25595.5,258.3,7.0,7.0,0.0,0.0,0.0,0.0,0.00,acorn:11|rre:1
beir500k-rq1,neg10_cat00,neg10,63950,acorn,256,3,12,1.0000,1.0000,0.00000,2.855,3.754,3.825,2.742,5028.7,10.0,25595.5,258.3,7.0,7.0,0.0,0.0,0.0,0.0,0.00,acorn:11|rre:1
beir500k-rq1,neg10_cat00,neg10,63950,acorn,512,1,12,1.0000,1.0000,0.00000,5.007,5.909,6.658,4.623,8016.3,10.0,39577.2,514.1,14.0,14.0,0.0,0.0,0.0,0.0,0.00,acorn:11|rre:1
beir500k-rq1,neg10_cat00,neg10,63950,acorn,512,2,12,1.0000,1.0000,0.00000,4.978,5.886,6.741,4.581,8016.3,10.0,39577.2,514.1,14.0,14.0,0.0,0.0,0.0,0.0,0.00,acorn:11|rre:1
beir500k-rq1,neg10_cat00,neg10,63950,acorn,512,3,12,1.0000,1.0000,0.00000,4.763,5.803,6.812,4.768,8016.3,10.0,39577.2,514.1,14.0,14.0,0.0,0.0,0.0,0.0,0.00,acorn:11|rre:1
beir500k-rq1,neg10_cat00,neg10,63950,pathseer,64,1,12,0.9917,0.9167,0.00014,0.782,0.955,1.274,0.782,1856.2,0.0,3134.6,193.7,3.0,16.0,128.0,15.8,2050.7,2.0,108.17,pathseer:12
beir500k-rq1,neg10_cat00,neg10,63950,pathseer,64,2,12,0.9917,0.9167,0.00014,0.662,0.767,1.250,0.670,1856.2,0.0,3134.6,193.7,3.0,16.0,128.0,15.8,2050.7,2.0,108.17,pathseer:12
beir500k-rq1,neg10_cat00,neg10,63950,pathseer,64,3,12,0.9917,0.9167,0.00014,0.582,0.791,1.100,0.619,1856.2,0.0,3134.6,193.7,3.0,16.0,128.0,15.8,2050.7,2.0,108.17,pathseer:12
beir500k-rq1,neg10_cat00,neg10,63950,pathseer,128,1,12,1.0000,1.0000,0.00000,1.171,1.446,2.643,1.235,3266.4,0.0,5760.2,391.5,5.0,24.0,250.7,34.3,3748.4,3.9,227.08,pathseer:12
beir500k-rq1,neg10_cat00,neg10,63950,pathseer,128,2,12,1.0000,1.0000,0.00000,1.359,1.583,2.763,1.313,3266.4,0.0,5760.2,391.5,5.0,24.0,250.7,34.3,3748.4,3.9,227.08,pathseer:12
beir500k-rq1,neg10_cat00,neg10,63950,pathseer,128,3,12,1.0000,1.0000,0.00000,1.171,1.512,2.603,1.233,3266.4,0.0,5760.2,391.5,5.0,24.0,250.7,34.3,3748.4,3.9,227.08,pathseer:12
beir500k-rq1,neg10_cat00,neg10,63950,pathseer,256,1,12,1.0000,1.0000,0.00000,2.189,2.925,4.569,2.306,5627.3,0.0,10347.1,784.9,8.0,46.0,432.0,76.2,6689.7,6.8,474.67,pathseer:12
beir500k-rq1,neg10_cat00,neg10,63950,pathseer,256,2,12,1.0000,1.0000,0.00000,2.109,3.089,4.761,2.330,5627.3,0.0,10347.1,784.9,8.0,46.0,432.0,76.2,6689.7,6.8,474.67,pathseer:12
beir500k-rq1,neg10_cat00,neg10,63950,pathseer,256,3,12,1.0000,1.0000,0.00000,2.205,3.008,4.901,2.388,5627.3,0.0,10347.1,784.9,8.0,46.0,432.0,76.2,6689.7,6.8,474.67,pathseer:12
beir500k-rq1,neg10_cat00,neg10,63950,pathseer,512,1,12,1.0000,1.0000,0.00000,4.472,6.439,9.800,4.763,9876.5,0.0,18870.8,1621.9,16.0,86.0,922.7,160.8,11769.1,14.4,924.92,pathseer:12
beir500k-rq1,neg10_cat00,neg10,63950,pathseer,512,2,12,1.0000,1.0000,0.00000,4.393,5.887,9.748,4.662,9876.5,0.0,18870.8,1621.9,16.0,86.0,922.7,160.8,11769.1,14.4,924.92,pathseer:12
beir500k-rq1,neg10_cat00,neg10,63950,pathseer,512,3,12,1.0000,1.0000,0.00000,4.162,6.271,9.298,4.603,9876.5,0.0,18870.8,1621.9,16.0,86.0,922.7,160.8,11769.1,14.4,924.92,pathseer:12
beir500k-rq1,neg10_cat01,neg10,61585,sweeping,64,1,22,0.9773,0.7727,0.00028,12.487,20.869,21.145,11.938,42388.7,0.0,11386.0,6904.0,4.0,398.0,0.0,0.0,0.0,0.0,0.00,sweeping:22
beir500k-rq1,neg10_cat01,neg10,61585,sweeping,64,2,22,0.9773,0.7727,0.00028,12.837,20.538,20.857,12.444,42388.7,0.0,11386.0,6904.0,4.0,398.0,0.0,0.0,0.0,0.0,0.00,sweeping:22
beir500k-rq1,neg10_cat01,neg10,61585,sweeping,64,3,22,0.9773,0.7727,0.00028,12.493,20.038,24.411,12.476,42388.7,0.0,11386.0,6904.0,4.0,398.0,0.0,0.0,0.0,0.0,0.00,sweeping:22
beir500k-rq1,neg10_cat01,neg10,61585,sweeping,128,1,22,0.9909,0.9091,0.00006,17.519,29.079,29.806,18.339,57254.0,0.0,16127.1,9686.1,6.0,742.0,0.0,0.0,0.0,0.0,0.00,sweeping:22
beir500k-rq1,neg10_cat01,neg10,61585,sweeping,128,2,22,0.9909,0.9091,0.00006,18.231,29.593,30.213,18.012,57254.0,0.0,16127.1,9686.1,6.0,742.0,0.0,0.0,0.0,0.0,0.00,sweeping:22
beir500k-rq1,neg10_cat01,neg10,61585,sweeping,128,3,22,0.9909,0.9091,0.00006,16.872,28.635,28.775,17.304,57254.0,0.0,16127.1,9686.1,6.0,742.0,0.0,0.0,0.0,0.0,0.00,sweeping:22
beir500k-rq1,neg10_cat01,neg10,61585,sweeping,256,1,22,0.9955,0.9545,0.00006,24.645,38.559,38.713,24.861,78668.7,0.0,22867.0,13671.0,11.0,1361.0,0.0,0.0,0.0,0.0,0.00,sweeping:22
beir500k-rq1,neg10_cat01,neg10,61585,sweeping,256,2,22,0.9955,0.9545,0.00006,25.108,38.966,40.634,24.939,78668.7,0.0,22867.0,13671.0,11.0,1361.0,0.0,0.0,0.0,0.0,0.00,sweeping:22
beir500k-rq1,neg10_cat01,neg10,61585,sweeping,256,3,22,0.9955,0.9545,0.00006,26.184,38.825,39.687,25.440,78668.7,0.0,22867.0,13671.0,11.0,1361.0,0.0,0.0,0.0,0.0,0.00,sweeping:22
beir500k-rq1,neg10_cat01,neg10,61585,sweeping,512,1,22,0.9955,0.9545,0.00006,34.590,55.497,58.320,36.231,108795.5,0.0,32897.8,19538.4,24.0,2253.0,0.0,0.0,0.0,0.0,0.00,sweeping:22
beir500k-rq1,neg10_cat01,neg10,61585,sweeping,512,2,22,0.9955,0.9545,0.00006,35.807,54.441,64.383,36.577,108795.5,0.0,32897.8,19538.4,24.0,2253.0,0.0,0.0,0.0,0.0,0.00,sweeping:22
beir500k-rq1,neg10_cat01,neg10,61585,sweeping,512,3,22,0.9955,0.9545,0.00006,34.286,53.000,59.277,35.636,108795.5,0.0,32897.8,19538.4,24.0,2253.0,0.0,0.0,0.0,0.0,0.00,sweeping:22
beir500k-rq1,neg10_cat01,neg10,61585,acorn,64,1,22,0.8545,0.1818,0.00318,1.480,1.604,1.653,1.431,2522.8,10.0,19408.8,68.0,3.0,3.0,0.0,0.0,0.0,0.0,0.00,acorn:22
beir500k-rq1,neg10_cat01,neg10,61585,acorn,64,2,22,0.8545,0.1818,0.00318,1.408,1.556,1.599,1.382,2522.8,10.0,19408.8,68.0,3.0,3.0,0.0,0.0,0.0,0.0,0.00,acorn:22
beir500k-rq1,neg10_cat01,neg10,61585,acorn,64,3,22,0.8545,0.1818,0.00318,1.329,1.505,1.516,1.319,2522.8,10.0,19408.8,68.0,3.0,3.0,0.0,0.0,0.0,0.0,0.00,acorn:22
beir500k-rq1,neg10_cat01,neg10,61585,acorn,128,1,22,0.9273,0.5000,0.00196,2.281,2.569,2.571,2.254,4132.2,10.0,30339.0,130.7,4.0,4.0,0.0,0.0,0.0,0.0,0.00,acorn:22
beir500k-rq1,neg10_cat01,neg10,61585,acorn,128,2,22,0.9273,0.5000,0.00196,2.282,2.774,2.930,2.336,4132.2,10.0,30339.0,130.7,4.0,4.0,0.0,0.0,0.0,0.0,0.00,acorn:22
beir500k-rq1,neg10_cat01,neg10,61585,acorn,128,3,22,0.9273,0.5000,0.00196,2.382,2.832,2.835,2.430,4132.2,10.0,30339.0,130.7,4.0,4.0,0.0,0.0,0.0,0.0,0.00,acorn:22
beir500k-rq1,neg10_cat01,neg10,61585,acorn,256,1,22,0.9682,0.6818,0.00113,4.044,4.462,4.639,3.952,6731.6,10.0,46698.0,258.3,6.0,6.0,0.0,0.0,0.0,0.0,0.00,acorn:22
beir500k-rq1,neg10_cat01,neg10,61585,acorn,256,2,22,0.9682,0.6818,0.00113,3.923,4.363,4.430,3.917,6731.6,10.0,46698.0,258.3,6.0,6.0,0.0,0.0,0.0,0.0,0.00,acorn:22
beir500k-rq1,neg10_cat01,neg10,61585,acorn,256,3,22,0.9682,0.6818,0.00113,3.786,4.362,4.450,3.788,6731.6,10.0,46698.0,258.3,6.0,6.0,0.0,0.0,0.0,0.0,0.00,acorn:22
beir500k-rq1,neg10_cat01,neg10,61585,acorn,512,1,22,0.9727,0.7273,0.00097,6.488,7.250,7.551,6.350,10420.4,10.0,69029.0,514.2,11.0,11.0,0.0,0.0,0.0,0.0,0.00,acorn:22
beir500k-rq1,neg10_cat01,neg10,61585,acorn,512,2,22,0.9727,0.7273,0.00097,6.444,7.175,7.310,6.297,10420.4,10.0,69029.0,514.2,11.0,11.0,0.0,0.0,0.0,0.0,0.00,acorn:22
beir500k-rq1,neg10_cat01,neg10,61585,acorn,512,3,22,0.9727,0.7273,0.00097,6.764,7.825,8.170,6.596,10420.4,10.0,69029.0,514.2,11.0,11.0,0.0,0.0,0.0,0.0,0.00,acorn:22
beir500k-rq1,neg10_cat01,neg10,61585,pathseer,64,1,22,0.9727,0.7727,0.00030,5.245,8.296,8.802,4.894,6690.0,0.0,28377.5,3512.8,3.0,398.0,157.1,3.6,18995.0,2.5,355.27,pathseer:22
beir500k-rq1,neg10_cat01,neg10,61585,pathseer,64,2,22,0.9727,0.7727,0.00030,5.163,8.766,8.967,4.988,6690.0,0.0,28377.5,3512.8,3.0,398.0,157.1,3.6,18995.0,2.5,355.27,pathseer:22
beir500k-rq1,neg10_cat01,neg10,61585,pathseer,64,3,22,0.9727,0.7727,0.00030,5.057,8.251,8.792,4.859,6690.0,0.0,28377.5,3512.8,3.0,398.0,157.1,3.6,18995.0,2.5,355.27,pathseer:22
beir500k-rq1,neg10_cat01,neg10,61585,pathseer,128,1,22,0.9955,0.9545,0.00006,8.261,13.125,13.342,8.010,10999.5,0.0,40250.1,5579.5,6.0,709.0,305.5,9.3,25167.2,4.8,605.18,pathseer:22
beir500k-rq1,neg10_cat01,neg10,61585,pathseer,128,2,22,0.9955,0.9545,0.00006,8.145,13.569,14.568,8.145,10999.5,0.0,40250.1,5579.5,6.0,709.0,305.5,9.3,25167.2,4.8,605.18,pathseer:22
beir500k-rq1,neg10_cat01,neg10,61585,pathseer,128,3,22,0.9955,0.9545,0.00006,9.135,14.168,14.624,8.514,10999.5,0.0,40250.1,5579.5,6.0,709.0,305.5,9.3,25167.2,4.8,605.18,pathseer:22
beir500k-rq1,neg10_cat01,neg10,61585,pathseer,256,1,22,0.9955,0.9545,0.00006,13.405,18.014,18.029,12.355,17496.2,0.0,56733.5,8544.2,10.0,1354.0,619.6,17.7,33355.0,9.7,1046.45,pathseer:22
beir500k-rq1,neg10_cat01,neg10,61585,pathseer,256,2,22,0.9955,0.9545,0.00006,13.043,18.636,18.721,12.370,17496.2,0.0,56733.5,8544.2,10.0,1354.0,619.6,17.7,33355.0,9.7,1046.45,pathseer:22
beir500k-rq1,neg10_cat01,neg10,61585,pathseer,256,3,22,0.9955,0.9545,0.00006,13.648,20.768,25.112,13.222,17496.2,0.0,56733.5,8544.2,10.0,1354.0,619.6,17.7,33355.0,9.7,1046.45,pathseer:22
beir500k-rq1,neg10_cat01,neg10,61585,pathseer,512,1,22,0.9955,0.9545,0.00006,21.206,28.271,30.197,19.839,27067.2,0.0,79576.1,12658.4,24.0,2213.0,1416.7,33.5,44251.8,22.1,1738.68,pathseer:22
beir500k-rq1,neg10_cat01,neg10,61585,pathseer,512,2,22,0.9955,0.9545,0.00006,20.261,28.655,29.671,19.918,27067.2,0.0,79576.1,12658.4,24.0,2213.0,1416.7,33.5,44251.8,22.1,1738.68,pathseer:22
beir500k-rq1,neg10_cat01,neg10,61585,pathseer,512,3,22,0.9955,0.9545,0.00006,21.433,27.399,30.117,20.505,27067.2,0.0,79576.1,12658.4,24.0,2213.0,1416.7,33.5,44251.8,22.1,1738.68,pathseer:22
beir500k-rq1,neg10_cat02,neg10,55947,sweeping,64,1,60,0.9633,0.6833,0.00036,10.758,26.032,27.834,12.370,42043.9,0.0,10965.3,5780.8,3.0,145.0,0.0,0.0,0.0,0.0,0.00,sweeping:60
beir500k-rq1,neg10_cat02,neg10,55947,sweeping,64,2,60,0.9633,0.6833,0.00036,9.943,25.211,26.542,11.686,42043.9,0.0,10965.3,5780.8,3.0,145.0,0.0,0.0,0.0,0.0,0.00,sweeping:60
beir500k-rq1,neg10_cat02,neg10,55947,sweeping,64,3,60,0.9633,0.6833,0.00036,8.925,23.196,24.992,10.895,42043.9,0.0,10965.3,5780.8,3.0,145.0,0.0,0.0,0.0,0.0,0.00,sweeping:60
beir500k-rq1,neg10_cat02,neg10,55947,sweeping,128,1,60,0.9833,0.8333,0.00022,15.348,36.673,37.818,16.938,54743.1,0.0,15283.5,8126.1,5.0,265.0,0.0,0.0,0.0,0.0,0.00,sweeping:60
beir500k-rq1,neg10_cat02,neg10,55947,sweeping,128,2,60,0.9833,0.8333,0.00022,13.670,33.071,37.344,15.670,54743.1,0.0,15283.5,8126.1,5.0,265.0,0.0,0.0,0.0,0.0,0.00,sweeping:60
beir500k-rq1,neg10_cat02,neg10,55947,sweeping,128,3,60,0.9833,0.8333,0.00022,13.977,32.876,33.320,15.479,54743.1,0.0,15283.5,8126.1,5.0,265.0,0.0,0.0,0.0,0.0,0.00,sweeping:60
beir500k-rq1,neg10_cat02,neg10,55947,sweeping,256,1,60,0.9950,0.9500,0.00005,21.041,41.930,45.719,22.293,72701.1,0.0,21314.5,11539.2,9.0,524.0,0.0,0.0,0.0,0.0,0.00,sweeping:60
beir500k-rq1,neg10_cat02,neg10,55947,sweeping,256,2,60,0.9950,0.9500,0.00005,20.680,42.836,46.394,21.674,72701.1,0.0,21314.5,11539.2,9.0,524.0,0.0,0.0,0.0,0.0,0.00,sweeping:60
beir500k-rq1,neg10_cat02,neg10,55947,sweeping,256,3,60,0.9950,0.9500,0.00005,20.738,41.472,46.868,21.662,72701.1,0.0,21314.5,11539.2,9.0,524.0,0.0,0.0,0.0,0.0,0.00,sweeping:60
beir500k-rq1,neg10_cat02,neg10,55947,sweeping,512,1,60,0.9967,0.9667,0.00002,32.565,63.327,65.681,34.378,98642.6,0.0,29825.9,16571.8,18.0,1063.0,0.0,0.0,0.0,0.0,0.00,sweeping:60
beir500k-rq1,neg10_cat02,neg10,55947,sweeping,512,2,60,0.9967,0.9667,0.00002,30.073,58.447,67.617,32.010,98642.6,0.0,29825.9,16571.8,18.0,1063.0,0.0,0.0,0.0,0.0,0.00,sweeping:60
beir500k-rq1,neg10_cat02,neg10,55947,sweeping,512,3,60,0.9967,0.9667,0.00002,31.571,57.622,65.722,32.533,98642.6,0.0,29825.9,16571.8,18.0,1063.0,0.0,0.0,0.0,0.0,0.00,sweeping:60
beir500k-rq1,neg10_cat02,neg10,55947,acorn,64,1,60,0.8650,0.3000,0.00276,1.178,1.411,1.587,1.178,2421.5,10.0,15778.9,67.5,3.0,3.0,0.0,0.0,0.0,0.0,0.00,acorn:60
beir500k-rq1,neg10_cat02,neg10,55947,acorn,64,2,60,0.8650,0.3000,0.00276,1.166,1.411,1.568,1.174,2421.5,10.0,15778.9,67.5,3.0,3.0,0.0,0.0,0.0,0.0,0.00,acorn:60
beir500k-rq1,neg10_cat02,neg10,55947,acorn,64,3,60,0.8650,0.3000,0.00276,1.202,1.467,1.559,1.205,2421.5,10.0,15778.9,67.5,3.0,3.0,0.0,0.0,0.0,0.0,0.00,acorn:60
beir500k-rq1,neg10_cat02,neg10,55947,acorn,128,1,60,0.9200,0.5167,0.00146,2.004,2.277,2.602,1.966,4054.9,10.0,24359.7,130.8,4.0,4.0,0.0,0.0,0.0,0.0,0.00,acorn:60
beir500k-rq1,neg10_cat02,neg10,55947,acorn,128,2,60,0.9200,0.5167,0.00146,1.959,2.376,2.490,1.968,4054.9,10.0,24359.7,130.8,4.0,4.0,0.0,0.0,0.0,0.0,0.00,acorn:60
beir500k-rq1,neg10_cat02,neg10,55947,acorn,128,3,60,0.9200,0.5167,0.00146,1.975,2.281,2.428,1.945,4054.9,10.0,24359.7,130.8,4.0,4.0,0.0,0.0,0.0,0.0,0.00,acorn:60
beir500k-rq1,neg10_cat02,neg10,55947,acorn,256,1,60,0.9650,0.7333,0.00048,3.339,4.044,4.269,3.345,6754.6,10.0,37236.3,258.4,7.0,7.0,0.0,0.0,0.0,0.0,0.00,acorn:60
beir500k-rq1,neg10_cat02,neg10,55947,acorn,256,2,60,0.9650,0.7333,0.00048,3.449,4.535,7.094,3.555,6754.6,10.0,37236.3,258.4,7.0,7.0,0.0,0.0,0.0,0.0,0.00,acorn:60
beir500k-rq1,neg10_cat02,neg10,55947,acorn,256,3,60,0.9650,0.7333,0.00048,3.469,3.917,4.091,3.435,6754.6,10.0,37236.3,258.4,7.0,7.0,0.0,0.0,0.0,0.0,0.00,acorn:60
beir500k-rq1,neg10_cat02,neg10,55947,acorn,512,1,60,0.9800,0.8167,0.00034,5.565,6.249,6.341,5.498,10977.2,10.0,56103.4,514.3,12.0,12.0,0.0,0.0,0.0,0.0,0.00,acorn:60
beir500k-rq1,neg10_cat02,neg10,55947,acorn,512,2,60,0.9800,0.8167,0.00034,5.823,6.770,6.970,5.722,10977.2,10.0,56103.4,514.3,12.0,12.0,0.0,0.0,0.0,0.0,0.00,acorn:60
beir500k-rq1,neg10_cat02,neg10,55947,acorn,512,3,60,0.9800,0.8167,0.00034,5.694,7.068,7.104,5.821,10977.2,10.0,56103.4,514.3,12.0,12.0,0.0,0.0,0.0,0.0,0.00,acorn:60
beir500k-rq1,neg10_cat02,neg10,55947,pathseer,64,1,60,0.9217,0.5000,0.00100,3.268,8.964,9.251,4.117,5870.5,0.0,24847.9,2404.7,3.0,135.0,136.5,6.8,17658.9,2.1,244.47,pathseer:60
beir500k-rq1,neg10_cat02,neg10,55947,pathseer,64,2,60,0.9217,0.5000,0.00100,3.426,9.469,10.413,4.414,5870.5,0.0,24847.9,2404.7,3.0,135.0,136.5,6.8,17658.9,2.1,244.47,pathseer:60
beir500k-rq1,neg10_cat02,neg10,55947,pathseer,64,3,60,0.9217,0.5000,0.00100,3.277,8.787,9.576,4.070,5870.5,0.0,24847.9,2404.7,3.0,135.0,136.5,6.8,17658.9,2.1,244.47,pathseer:60
beir500k-rq1,neg10_cat02,neg10,55947,pathseer,128,1,60,0.9700,0.7333,0.00041,5.580,12.974,13.957,6.515,9759.1,0.0,34791.5,3984.9,5.0,232.0,242.1,11.8,23043.1,3.8,429.13,pathseer:60
beir500k-rq1,neg10_cat02,neg10,55947,pathseer,128,2,60,0.9700,0.7333,0.00041,5.941,14.029,15.171,7.136,9759.1,0.0,34791.5,3984.9,5.0,232.0,242.1,11.8,23043.1,3.8,429.13,pathseer:60
beir500k-rq1,neg10_cat02,neg10,55947,pathseer,128,3,60,0.9700,0.7333,0.00041,5.556,13.903,14.263,6.727,9759.1,0.0,34791.5,3984.9,5.0,232.0,242.1,11.8,23043.1,3.8,429.13,pathseer:60
beir500k-rq1,neg10_cat02,neg10,55947,pathseer,256,1,60,0.9900,0.9167,0.00010,8.732,18.977,20.150,10.288,16185.4,0.0,48786.3,6563.3,8.0,512.0,481.1,21.6,29573.7,7.5,703.43,pathseer:60
beir500k-rq1,neg10_cat02,neg10,55947,pathseer,256,2,60,0.9900,0.9167,0.00010,9.768,19.697,20.553,10.790,16185.4,0.0,48786.3,6563.3,8.0,512.0,481.1,21.6,29573.7,7.5,703.43,pathseer:60
beir500k-rq1,neg10_cat02,neg10,55947,pathseer,256,3,60,0.9900,0.9167,0.00010,8.710,19.272,21.246,10.309,16185.4,0.0,48786.3,6563.3,8.0,512.0,481.1,21.6,29573.7,7.5,703.43,pathseer:60
beir500k-rq1,neg10_cat02,neg10,55947,pathseer,512,1,60,0.9983,0.9833,0.00000,15.336,29.585,31.158,17.201,25860.3,0.0,68539.9,10396.1,17.0,1008.0,1021.9,40.6,38294.5,16.0,1139.82,pathseer:60
beir500k-rq1,neg10_cat02,neg10,55947,pathseer,512,2,60,0.9983,0.9833,0.00000,15.396,28.950,32.693,16.938,25860.3,0.0,68539.9,10396.1,17.0,1008.0,1021.9,40.6,38294.5,16.0,1139.82,pathseer:60
beir500k-rq1,neg10_cat02,neg10,55947,pathseer,512,3,60,0.9983,0.9833,0.00000,15.719,28.735,31.394,17.064,25860.3,0.0,68539.9,10396.1,17.0,1008.0,1021.9,40.6,38294.5,16.0,1139.82,pathseer:60
beir500k-rq1,neg10_cat03,neg10,66486,sweeping,64,1,55,0.7800,0.2182,0.00362,9.255,19.253,23.013,10.416,39416.3,0.0,12300.3,4211.5,3.0,289.0,0.0,0.0,0.0,0.0,0.00,sweeping:55
beir500k-rq1,neg10_cat03,neg10,66486,sweeping,64,2,55,0.7800,0.2182,0.00362,8.714,19.482,20.204,9.663,39416.3,0.0,12300.3,4211.5,3.0,289.0,0.0,0.0,0.0,0.0,0.00,sweeping:55
beir500k-rq1,neg10_cat03,neg10,66486,sweeping,64,3,55,0.7800,0.2182,0.00362,8.991,19.562,20.929,9.936,39416.3,0.0,12300.3,4211.5,3.0,289.0,0.0,0.0,0.0,0.0,0.00,sweeping:55
beir500k-rq1,neg10_cat03,neg10,66486,sweeping,128,1,55,0.8691,0.4000,0.00234,11.994,23.643,26.659,12.963,50350.7,0.0,16830.2,5637.6,5.0,464.0,0.0,0.0,0.0,0.0,0.00,sweeping:55
beir500k-rq1,neg10_cat03,neg10,66486,sweeping,128,2,55,0.8691,0.4000,0.00234,11.729,24.501,26.049,13.215,50350.7,0.0,16830.2,5637.6,5.0,464.0,0.0,0.0,0.0,0.0,0.00,sweeping:55
beir500k-rq1,neg10_cat03,neg10,66486,sweeping,128,3,55,0.8691,0.4000,0.00234,11.585,24.001,27.153,12.939,50350.7,0.0,16830.2,5637.6,5.0,464.0,0.0,0.0,0.0,0.0,0.00,sweeping:55
beir500k-rq1,neg10_cat03,neg10,66486,sweeping,256,1,55,0.9345,0.5818,0.00077,15.807,30.878,33.376,17.545,65298.2,0.0,22838.4,7670.2,9.0,765.0,0.0,0.0,0.0,0.0,0.00,sweeping:55
beir500k-rq1,neg10_cat03,neg10,66486,sweeping,256,2,55,0.9345,0.5818,0.00077,16.060,30.558,34.206,17.463,65298.2,0.0,22838.4,7670.2,9.0,765.0,0.0,0.0,0.0,0.0,0.00,sweeping:55
beir500k-rq1,neg10_cat03,neg10,66486,sweeping,256,3,55,0.9345,0.5818,0.00077,16.190,31.797,35.841,17.712,65298.2,0.0,22838.4,7670.2,9.0,765.0,0.0,0.0,0.0,0.0,0.00,sweeping:55
beir500k-rq1,neg10_cat03,neg10,66486,sweeping,512,1,55,0.9564,0.6909,0.00051,23.671,43.518,45.186,24.901,86758.8,0.0,30708.4,10812.3,19.0,1448.0,0.0,0.0,0.0,0.0,0.00,sweeping:55
beir500k-rq1,neg10_cat03,neg10,66486,sweeping,512,2,55,0.9564,0.6909,0.00051,22.699,44.836,47.804,25.174,86758.8,0.0,30708.4,10812.3,19.0,1448.0,0.0,0.0,0.0,0.0,0.00,sweeping:55
beir500k-rq1,neg10_cat03,neg10,66486,sweeping,512,3,55,0.9564,0.6909,0.00051,22.589,44.361,46.230,25.883,86758.8,0.0,30708.4,10812.3,19.0,1448.0,0.0,0.0,0.0,0.0,0.00,sweeping:55
beir500k-rq1,neg10_cat03,neg10,66486,acorn,64,1,55,0.7273,0.2000,0.00480,1.126,1.554,1.719,1.079,2383.5,10.0,11430.3,69.5,3.0,3.0,0.0,0.0,0.0,0.0,0.00,acorn:50|rre:5
beir500k-rq1,neg10_cat03,neg10,66486,acorn,64,2,55,0.7273,0.2000,0.00480,1.157,1.547,1.591,1.098,2383.5,10.0,11430.3,69.5,3.0,3.0,0.0,0.0,0.0,0.0,0.00,acorn:50|rre:5
beir500k-rq1,neg10_cat03,neg10,66486,acorn,64,3,55,0.7273,0.2000,0.00480,1.161,1.492,1.579,1.080,2383.5,10.0,11430.3,69.5,3.0,3.0,0.0,0.0,0.0,0.0,0.00,acorn:50|rre:5
beir500k-rq1,neg10_cat03,neg10,66486,acorn,128,1,55,0.8273,0.3818,0.00277,1.805,2.323,2.392,1.713,3943.9,10.0,17251.7,133.2,4.0,4.0,0.0,0.0,0.0,0.0,0.00,acorn:50|rre:5
beir500k-rq1,neg10_cat03,neg10,66486,acorn,128,2,55,0.8273,0.3818,0.00277,1.834,2.470,2.619,1.763,3943.9,10.0,17251.7,133.2,4.0,4.0,0.0,0.0,0.0,0.0,0.00,acorn:50|rre:5
beir500k-rq1,neg10_cat03,neg10,66486,acorn,128,3,55,0.8273,0.3818,0.00277,1.893,2.319,2.375,1.764,3943.9,10.0,17251.7,133.2,4.0,4.0,0.0,0.0,0.0,0.0,0.00,acorn:50|rre:5
beir500k-rq1,neg10_cat03,neg10,66486,acorn,256,1,55,0.9036,0.5091,0.00130,2.867,3.319,3.533,2.686,6528.5,10.0,26406.7,259.0,7.0,6.0,0.0,0.0,0.0,0.0,0.00,acorn:50|rre:5
beir500k-rq1,neg10_cat03,neg10,66486,acorn,256,2,55,0.9036,0.5091,0.00130,3.046,3.572,3.774,2.826,6528.5,10.0,26406.7,259.0,7.0,6.0,0.0,0.0,0.0,0.0,0.00,acorn:50|rre:5
beir500k-rq1,neg10_cat03,neg10,66486,acorn,256,3,55,0.9036,0.5091,0.00130,2.874,3.425,3.835,2.736,6528.5,10.0,26406.7,259.0,7.0,6.0,0.0,0.0,0.0,0.0,0.00,acorn:50|rre:5
beir500k-rq1,neg10_cat03,neg10,66486,acorn,512,1,55,0.9527,0.6545,0.00060,4.802,5.530,5.808,4.502,10636.5,10.0,40081.6,514.6,12.0,12.0,0.0,0.0,0.0,0.0,0.00,acorn:50|rre:5
beir500k-rq1,neg10_cat03,neg10,66486,acorn,512,2,55,0.9527,0.6545,0.00060,4.763,5.492,5.838,4.467,10636.5,10.0,40081.6,514.6,12.0,12.0,0.0,0.0,0.0,0.0,0.00,acorn:50|rre:5
beir500k-rq1,neg10_cat03,neg10,66486,acorn,512,3,55,0.9527,0.6545,0.00060,4.795,5.728,5.984,4.907,10636.5,10.0,40081.6,514.6,12.0,12.0,0.0,0.0,0.0,0.0,0.00,acorn:50|rre:5
beir500k-rq1,neg10_cat03,neg10,66486,pathseer,64,1,55,0.7673,0.2000,0.00395,4.231,8.939,9.966,4.471,7477.3,0.0,24805.5,2382.5,3.0,251.0,138.5,11.3,16157.4,2.2,97.56,pathseer:55
beir500k-rq1,neg10_cat03,neg10,66486,pathseer,64,2,55,0.7673,0.2000,0.00395,4.221,9.435,10.124,4.474,7477.3,0.0,24805.5,2382.5,3.0,251.0,138.5,11.3,16157.4,2.2,97.56,pathseer:55
beir500k-rq1,neg10_cat03,neg10,66486,pathseer,64,3,55,0.7673,0.2000,0.00395,4.210,9.656,10.379,4.535,7477.3,0.0,24805.5,2382.5,3.0,251.0,138.5,11.3,16157.4,2.2,97.56,pathseer:55
beir500k-rq1,neg10_cat03,neg10,66486,pathseer,128,1,55,0.8509,0.4182,0.00225,6.278,12.615,14.004,6.412,11693.7,0.0,32578.9,3382.2,5.0,416.0,243.2,21.7,19671.2,3.8,173.80,pathseer:55
beir500k-rq1,neg10_cat03,neg10,66486,pathseer,128,2,55,0.8509,0.4182,0.00225,5.977,12.653,14.243,6.341,11693.7,0.0,32578.9,3382.2,5.0,416.0,243.2,21.7,19671.2,3.8,173.80,pathseer:55
beir500k-rq1,neg10_cat03,neg10,66486,pathseer,128,3,55,0.8509,0.4182,0.00225,6.086,12.547,13.982,6.374,11693.7,0.0,32578.9,3382.2,5.0,416.0,243.2,21.7,19671.2,3.8,173.80,pathseer:55
beir500k-rq1,neg10_cat03,neg10,66486,pathseer,256,1,55,0.9218,0.5273,0.00095,10.087,17.578,19.145,9.705,18503.7,0.0,45008.8,5066.1,9.0,699.0,481.7,37.7,25213.2,7.5,303.82,pathseer:55
beir500k-rq1,neg10_cat03,neg10,66486,pathseer,256,2,55,0.9218,0.5273,0.00095,9.227,18.314,19.374,9.770,18503.7,0.0,45008.8,5066.1,9.0,699.0,481.7,37.7,25213.2,7.5,303.82,pathseer:55
beir500k-rq1,neg10_cat03,neg10,66486,pathseer,256,3,55,0.9218,0.5273,0.00095,9.315,18.129,19.414,9.749,18503.7,0.0,45008.8,5066.1,9.0,699.0,481.7,37.7,25213.2,7.5,303.82,pathseer:55
beir500k-rq1,neg10_cat03,neg10,66486,pathseer,512,1,55,0.9527,0.6545,0.00056,16.429,27.569,32.149,16.396,28917.7,0.0,62908.1,7631.6,17.0,1377.0,1049.6,62.4,32671.2,16.4,550.13,pathseer:55
beir500k-rq1,neg10_cat03,neg10,66486,pathseer,512,2,55,0.9527,0.6545,0.00056,14.459,24.849,28.382,14.907,28917.7,0.0,62908.1,7631.6,17.0,1377.0,1049.6,62.4,32671.2,16.4,550.13,pathseer:55
beir500k-rq1,neg10_cat03,neg10,66486,pathseer,512,3,55,0.9527,0.6545,0.00056,15.697,27.208,29.285,15.850,28917.7,0.0,62908.1,7631.6,17.0,1377.0,1049.6,62.4,32671.2,16.4,550.13,pathseer:55
beir500k-rq1,neg10_cat04,neg10,52652,sweeping,64,1,57,0.9386,0.6140,0.00055,9.931,16.401,19.133,9.701,31045.3,0.0,11019.3,6248.6,3.0,260.0,0.0,0.0,0.0,0.0,0.00,sweeping:57
beir500k-rq1,neg10_cat04,neg10,52652,sweeping,64,2,57,0.9386,0.6140,0.00055,9.084,17.265,21.117,9.601,31045.3,0.0,11019.3,6248.6,3.0,260.0,0.0,0.0,0.0,0.0,0.00,sweeping:57
beir500k-rq1,neg10_cat04,neg10,52652,sweeping,64,3,57,0.9386,0.6140,0.00055,11.022,19.456,19.766,10.873,31045.3,0.0,11019.3,6248.6,3.0,260.0,0.0,0.0,0.0,0.0,0.00,sweeping:57
beir500k-rq1,neg10_cat04,neg10,52652,sweeping,128,1,57,0.9754,0.8246,0.00022,12.838,21.450,23.547,12.903,37984.8,0.0,14159.2,7960.9,6.0,508.0,0.0,0.0,0.0,0.0,0.00,sweeping:57
beir500k-rq1,neg10_cat04,neg10,52652,sweeping,128,2,57,0.9754,0.8246,0.00022,12.833,21.261,23.307,12.789,37984.8,0.0,14159.2,7960.9,6.0,508.0,0.0,0.0,0.0,0.0,0.00,sweeping:57
beir500k-rq1,neg10_cat04,neg10,52652,sweeping,128,3,57,0.9754,0.8246,0.00022,13.410,20.176,23.282,12.955,37984.8,0.0,14159.2,7960.9,6.0,508.0,0.0,0.0,0.0,0.0,0.00,sweeping:57
beir500k-rq1,neg10_cat04,neg10,52652,sweeping,256,1,57,0.9895,0.8947,0.00012,16.130,26.107,29.649,16.536,48024.1,0.0,18129.9,10243.0,10.0,1034.0,0.0,0.0,0.0,0.0,0.00,sweeping:57
beir500k-rq1,neg10_cat04,neg10,52652,sweeping,256,2,57,0.9895,0.8947,0.00012,16.637,27.588,29.422,16.573,48024.1,0.0,18129.9,10243.0,10.0,1034.0,0.0,0.0,0.0,0.0,0.00,sweeping:57
beir500k-rq1,neg10_cat04,neg10,52652,sweeping,256,3,57,0.9895,0.8947,0.00012,16.509,26.050,29.034,16.078,48024.1,0.0,18129.9,10243.0,10.0,1034.0,0.0,0.0,0.0,0.0,0.00,sweeping:57
beir500k-rq1,neg10_cat04,neg10,52652,sweeping,512,1,57,0.9965,0.9649,0.00007,21.319,34.008,37.332,21.297,62095.9,0.0,23337.8,13292.9,22.0,1854.0,0.0,0.0,0.0,0.0,0.00,sweeping:57
beir500k-rq1,neg10_cat04,neg10,52652,sweeping,512,2,57,0.9965,0.9649,0.00007,24.317,34.717,39.867,23.612,62095.9,0.0,23337.8,13292.9,22.0,1854.0,0.0,0.0,0.0,0.0,0.00,sweeping:57
beir500k-rq1,neg10_cat04,neg10,52652,sweeping,512,3,57,0.9965,0.9649,0.00007,21.221,33.838,39.468,22.705,62095.9,0.0,23337.8,13292.9,22.0,1854.0,0.0,0.0,0.0,0.0,0.00,sweeping:57
beir500k-rq1,neg10_cat04,neg10,52652,acorn,64,1,57,0.8281,0.2456,0.00380,1.003,1.449,1.553,0.996,2212.0,10.0,11565.4,68.7,3.0,3.0,0.0,0.0,0.0,0.0,0.00,acorn:56|rre:1
beir500k-rq1,neg10_cat04,neg10,52652,acorn,64,2,57,0.8281,0.2456,0.00380,1.000,1.444,1.468,1.003,2212.0,10.0,11565.4,68.7,3.0,3.0,0.0,0.0,0.0,0.0,0.00,acorn:56|rre:1
beir500k-rq1,neg10_cat04,neg10,52652,acorn,64,3,57,0.8281,0.2456,0.00380,1.047,1.485,1.572,1.023,2212.0,10.0,11565.4,68.7,3.0,3.0,0.0,0.0,0.0,0.0,0.00,acorn:56|rre:1
beir500k-rq1,neg10_cat04,neg10,52652,acorn,128,1,57,0.9000,0.4737,0.00224,1.833,2.659,2.827,1.784,3652.6,10.0,17845.1,131.4,5.0,5.0,0.0,0.0,0.0,0.0,0.00,acorn:56|rre:1
beir500k-rq1,neg10_cat04,neg10,52652,acorn,128,2,57,0.9000,0.4737,0.00224,1.781,2.592,2.717,1.767,3652.6,10.0,17845.1,131.4,5.0,5.0,0.0,0.0,0.0,0.0,0.00,acorn:56|rre:1
beir500k-rq1,neg10_cat04,neg10,52652,acorn,128,3,57,0.9000,0.4737,0.00224,1.808,2.488,2.681,1.733,3652.6,10.0,17845.1,131.4,5.0,5.0,0.0,0.0,0.0,0.0,0.00,acorn:56|rre:1
beir500k-rq1,neg10_cat04,neg10,52652,acorn,256,1,57,0.9526,0.6140,0.00109,2.658,3.743,4.157,2.659,5974.4,10.0,27236.1,259.0,7.0,7.0,0.0,0.0,0.0,0.0,0.00,acorn:56|rre:1
beir500k-rq1,neg10_cat04,neg10,52652,acorn,256,2,57,0.9526,0.6140,0.00109,2.902,3.877,4.487,2.838,5974.4,10.0,27236.1,259.0,7.0,7.0,0.0,0.0,0.0,0.0,0.00,acorn:56|rre:1
beir500k-rq1,neg10_cat04,neg10,52652,acorn,256,3,57,0.9526,0.6140,0.00109,3.064,4.301,4.525,3.039,5974.4,10.0,27236.1,259.0,7.0,7.0,0.0,0.0,0.0,0.0,0.00,acorn:56|rre:1
beir500k-rq1,neg10_cat04,neg10,52652,acorn,512,1,57,0.9772,0.8070,0.00038,4.638,6.167,6.244,4.510,9603.2,10.0,40857.6,514.6,13.0,12.0,0.0,0.0,0.0,0.0,0.00,acorn:56|rre:1
beir500k-rq1,neg10_cat04,neg10,52652,acorn,512,2,57,0.9772,0.8070,0.00038,4.537,5.962,6.340,4.501,9603.2,10.0,40857.6,514.6,13.0,12.0,0.0,0.0,0.0,0.0,0.00,acorn:56|rre:1
beir500k-rq1,neg10_cat04,neg10,52652,acorn,512,3,57,0.9772,0.8070,0.00038,5.113,7.322,7.782,5.209,9603.2,10.0,40857.6,514.6,13.0,12.0,0.0,0.0,0.0,0.0,0.00,acorn:56|rre:1
beir500k-rq1,neg10_cat04,neg10,52652,pathseer,64,1,57,0.9175,0.5088,0.00100,4.343,7.481,8.135,4.280,6005.4,0.0,22161.5,2891.0,3.0,242.0,147.1,7.5,14206.6,2.3,165.51,pathseer:57
beir500k-rq1,neg10_cat04,neg10,52652,pathseer,64,2,57,0.9175,0.5088,0.00100,4.687,7.976,8.737,4.504,6005.4,0.0,22161.5,2891.0,3.0,242.0,147.1,7.5,14206.6,2.3,165.51,pathseer:57
beir500k-rq1,neg10_cat04,neg10,52652,pathseer,64,3,57,0.9175,0.5088,0.00100,4.174,7.593,8.702,4.253,6005.4,0.0,22161.5,2891.0,3.0,242.0,147.1,7.5,14206.6,2.3,165.51,pathseer:57
beir500k-rq1,neg10_cat04,neg10,52652,pathseer,128,1,57,0.9632,0.7544,0.00036,6.358,9.733,9.838,6.135,9735.6,0.0,29686.0,4525.0,5.0,463.0,258.2,14.9,17101.8,4.0,274.81,pathseer:57
beir500k-rq1,neg10_cat04,neg10,52652,pathseer,128,2,57,0.9632,0.7544,0.00036,6.410,10.088,10.602,6.456,9735.6,0.0,29686.0,4525.0,5.0,463.0,258.2,14.9,17101.8,4.0,274.81,pathseer:57
beir500k-rq1,neg10_cat04,neg10,52652,pathseer,128,3,57,0.9632,0.7544,0.00036,6.339,9.597,9.859,6.091,9735.6,0.0,29686.0,4525.0,5.0,463.0,258.2,14.9,17101.8,4.0,274.81,pathseer:57
beir500k-rq1,neg10_cat04,neg10,52652,pathseer,256,1,57,0.9842,0.8421,0.00018,9.857,14.021,14.329,9.567,15418.8,0.0,39181.1,6864.2,9.0,998.0,532.2,25.3,19792.0,8.3,452.63,pathseer:57
beir500k-rq1,neg10_cat04,neg10,52652,pathseer,256,2,57,0.9842,0.8421,0.00018,9.621,14.378,15.527,9.419,15418.8,0.0,39181.1,6864.2,9.0,998.0,532.2,25.3,19792.0,8.3,452.63,pathseer:57
beir500k-rq1,neg10_cat04,neg10,52652,pathseer,256,3,57,0.9842,0.8421,0.00018,9.641,13.952,15.495,9.704,15418.8,0.0,39181.1,6864.2,9.0,998.0,532.2,25.3,19792.0,8.3,452.63,pathseer:57
beir500k-rq1,neg10_cat04,neg10,52652,pathseer,512,1,57,0.9930,0.9298,0.00010,14.307,19.988,20.372,14.043,23334.4,0.0,51420.8,9868.3,20.0,1756.0,1202.5,51.1,22944.4,18.8,748.28,pathseer:57
beir500k-rq1,neg10_cat04,neg10,52652,pathseer,512,2,57,0.9930,0.9298,0.00010,15.942,22.395,22.626,14.904,23334.4,0.0,51420.8,9868.3,20.0,1756.0,1202.5,51.1,22944.4,18.8,748.28,pathseer:57
beir500k-rq1,neg10_cat04,neg10,52652,pathseer,512,3,57,0.9930,0.9298,0.00010,14.937,19.678,20.154,14.201,23334.4,0.0,51420.8,9868.3,20.0,1756.0,1202.5,51.1,22944.4,18.8,748.28,pathseer:57
beir500k-rq1,neg10_cat05,neg10,52680,sweeping,64,1,20,0.9850,0.8500,0.00008,11.687,28.667,28.695,12.061,44777.2,0.0,10630.1,7011.3,4.0,133.0,0.0,0.0,0.0,0.0,0.00,sweeping:20
beir500k-rq1,neg10_cat05,neg10,52680,sweeping,64,2,20,0.9850,0.8500,0.00008,13.159,31.050,31.668,13.006,44777.2,0.0,10630.1,7011.3,4.0,133.0,0.0,0.0,0.0,0.0,0.00,sweeping:20
beir500k-rq1,neg10_cat05,neg10,52680,sweeping,64,3,20,0.9850,0.8500,0.00008,12.458,29.388,32.933,13.169,44777.2,0.0,10630.1,7011.3,4.0,133.0,0.0,0.0,0.0,0.0,0.00,sweeping:20
beir500k-rq1,neg10_cat05,neg10,52680,sweeping,128,1,20,1.0000,1.0000,0.00000,19.245,39.062,44.024,19.325,61488.1,0.0,15783.7,10629.8,6.0,236.0,0.0,0.0,0.0,0.0,0.00,sweeping:20
beir500k-rq1,neg10_cat05,neg10,52680,sweeping,128,2,20,1.0000,1.0000,0.00000,17.400,39.579,41.599,18.594,61488.1,0.0,15783.7,10629.8,6.0,236.0,0.0,0.0,0.0,0.0,0.00,sweeping:20
beir500k-rq1,neg10_cat05,neg10,52680,sweeping,128,3,20,1.0000,1.0000,0.00000,18.413,41.025,43.215,19.122,61488.1,0.0,15783.7,10629.8,6.0,236.0,0.0,0.0,0.0,0.0,0.00,sweeping:20
beir500k-rq1,neg10_cat05,neg10,52680,sweeping,256,1,20,1.0000,1.0000,0.00000,31.409,55.094,60.036,28.430,83792.9,0.0,23355.3,15690.9,11.0,563.0,0.0,0.0,0.0,0.0,0.00,sweeping:20
beir500k-rq1,neg10_cat05,neg10,52680,sweeping,256,2,20,1.0000,1.0000,0.00000,27.716,54.477,56.789,28.176,83792.9,0.0,23355.3,15690.9,11.0,563.0,0.0,0.0,0.0,0.0,0.00,sweeping:20
beir500k-rq1,neg10_cat05,neg10,52680,sweeping,256,3,20,1.0000,1.0000,0.00000,28.766,49.718,55.297,26.704,83792.9,0.0,23355.3,15690.9,11.0,563.0,0.0,0.0,0.0,0.0,0.00,sweeping:20
beir500k-rq1,neg10_cat05,neg10,52680,sweeping,512,1,20,1.0000,1.0000,0.00000,43.779,71.649,73.825,41.157,114231.5,0.0,34588.5,23014.5,24.0,1054.0,0.0,0.0,0.0,0.0,0.00,sweeping:20
beir500k-rq1,neg10_cat05,neg10,52680,sweeping,512,2,20,1.0000,1.0000,0.00000,42.532,68.613,72.973,39.617,114231.5,0.0,34588.5,23014.5,24.0,1054.0,0.0,0.0,0.0,0.0,0.00,sweeping:20
beir500k-rq1,neg10_cat05,neg10,52680,sweeping,512,3,20,1.0000,1.0000,0.00000,40.818,68.394,71.043,40.573,114231.5,0.0,34588.5,23014.5,24.0,1054.0,0.0,0.0,0.0,0.0,0.00,sweeping:20
beir500k-rq1,neg10_cat05,neg10,52680,acorn,64,1,20,0.8850,0.2500,0.00306,1.335,1.657,1.665,1.288,2224.9,10.0,17229.8,66.9,3.0,3.0,0.0,0.0,0.0,0.0,0.00,acorn:19|rre:1
beir500k-rq1,neg10_cat05,neg10,52680,acorn,64,2,20,0.8850,0.2500,0.00306,1.217,1.390,1.429,1.146,2224.9,10.0,17229.8,66.9,3.0,3.0,0.0,0.0,0.0,0.0,0.00,acorn:19|rre:1
beir500k-rq1,neg10_cat05,neg10,52680,acorn,64,3,20,0.8850,0.2500,0.00306,1.221,1.384,1.388,1.140,2224.9,10.0,17229.8,66.9,3.0,3.0,0.0,0.0,0.0,0.0,0.00,acorn:19|rre:1
beir500k-rq1,neg10_cat05,neg10,52680,acorn,128,1,20,0.9250,0.5000,0.00201,2.080,2.651,2.892,2.126,3705.5,10.0,27371.6,130.6,5.0,5.0,0.0,0.0,0.0,0.0,0.00,acorn:19|rre:1
beir500k-rq1,neg10_cat05,neg10,52680,acorn,128,2,20,0.9250,0.5000,0.00201,2.283,2.901,2.941,2.241,3705.5,10.0,27371.6,130.6,5.0,5.0,0.0,0.0,0.0,0.0,0.00,acorn:19|rre:1
beir500k-rq1,neg10_cat05,neg10,52680,acorn,128,3,20,0.9250,0.5000,0.00201,2.133,2.534,2.688,2.048,3705.5,10.0,27371.6,130.6,5.0,5.0,0.0,0.0,0.0,0.0,0.00,acorn:19|rre:1
beir500k-rq1,neg10_cat05,neg10,52680,acorn,256,1,20,0.9400,0.5500,0.00151,3.620,4.322,4.617,3.543,6005.8,10.0,42508.3,258.6,7.0,7.0,0.0,0.0,0.0,0.0,0.00,acorn:19|rre:1
beir500k-rq1,neg10_cat05,neg10,52680,acorn,256,2,20,0.9400,0.5500,0.00151,3.469,4.298,4.502,3.442,6005.8,10.0,42508.3,258.6,7.0,7.0,0.0,0.0,0.0,0.0,0.00,acorn:19|rre:1
beir500k-rq1,neg10_cat05,neg10,52680,acorn,256,3,20,0.9400,0.5500,0.00151,3.415,4.296,4.424,3.410,6005.8,10.0,42508.3,258.6,7.0,7.0,0.0,0.0,0.0,0.0,0.00,acorn:19|rre:1
beir500k-rq1,neg10_cat05,neg10,52680,acorn,512,1,20,0.9550,0.6500,0.00125,6.088,7.362,8.030,6.014,9322.7,10.0,63211.2,514.2,13.0,13.0,0.0,0.0,0.0,0.0,0.00,acorn:19|rre:1
beir500k-rq1,neg10_cat05,neg10,52680,acorn,512,2,20,0.9550,0.6500,0.00125,6.744,7.763,8.025,6.472,9322.7,10.0,63211.2,514.2,13.0,13.0,0.0,0.0,0.0,0.0,0.00,acorn:19|rre:1
beir500k-rq1,neg10_cat05,neg10,52680,acorn,512,3,20,0.9550,0.6500,0.00125,6.229,7.535,7.616,6.171,9322.7,10.0,63211.2,514.2,13.0,13.0,0.0,0.0,0.0,0.0,0.00,acorn:19|rre:1
beir500k-rq1,neg10_cat05,neg10,52680,pathseer,64,1,20,0.9700,0.7000,0.00035,3.393,11.369,12.008,4.140,5206.1,0.0,24367.5,2565.8,3.0,132.0,153.6,5.4,17392.2,2.4,296.70,pathseer:20
beir500k-rq1,neg10_cat05,neg10,52680,pathseer,64,2,20,0.9700,0.7000,0.00035,3.069,10.759,11.700,3.953,5206.1,0.0,24367.5,2565.8,3.0,132.0,153.6,5.4,17392.2,2.4,296.70,pathseer:20
beir500k-rq1,neg10_cat05,neg10,52680,pathseer,64,3,20,0.9700,0.7000,0.00035,3.086,10.767,11.388,3.907,5206.1,0.0,24367.5,2565.8,3.0,132.0,153.6,5.4,17392.2,2.4,296.70,pathseer:20
beir500k-rq1,neg10_cat05,neg10,52680,pathseer,128,1,20,0.9950,0.9500,0.00003,6.612,19.155,20.310,8.181,8669.4,0.0,36323.4,4296.5,5.0,222.0,284.8,11.6,24763.5,4.5,555.20,pathseer:20
beir500k-rq1,neg10_cat05,neg10,52680,pathseer,128,2,20,0.9950,0.9500,0.00003,5.903,19.722,20.333,7.598,8669.4,0.0,36323.4,4296.5,5.0,222.0,284.8,11.6,24763.5,4.5,555.20,pathseer:20
beir500k-rq1,neg10_cat05,neg10,52680,pathseer,128,3,20,0.9950,0.9500,0.00003,6.886,17.355,19.004,7.415,8669.4,0.0,36323.4,4296.5,5.0,222.0,284.8,11.6,24763.5,4.5,555.20,pathseer:20
beir500k-rq1,neg10_cat05,neg10,52680,pathseer,256,1,20,0.9950,0.9500,0.00003,9.166,25.915,26.390,11.128,14803.9,0.0,54256.0,7315.8,9.0,524.0,563.2,24.6,34575.5,8.8,1007.95,pathseer:20
beir500k-rq1,neg10_cat05,neg10,52680,pathseer,256,2,20,0.9950,0.9500,0.00003,9.434,25.129,28.063,11.322,14803.9,0.0,54256.0,7315.8,9.0,524.0,563.2,24.6,34575.5,8.8,1007.95,pathseer:20
beir500k-rq1,neg10_cat05,neg10,52680,pathseer,256,3,20,0.9950,0.9500,0.00003,8.770,25.497,25.750,11.081,14803.9,0.0,54256.0,7315.8,9.0,524.0,563.2,24.6,34575.5,8.8,1007.95,pathseer:20
beir500k-rq1,neg10_cat05,neg10,52680,pathseer,512,1,20,0.9950,0.9500,0.00003,16.319,34.536,35.636,17.771,23942.0,0.0,78529.9,11793.9,20.0,1045.0,1238.4,52.3,46822.2,19.4,1689.55,pathseer:20
beir500k-rq1,neg10_cat05,neg10,52680,pathseer,512,2,20,0.9950,0.9500,0.00003,18.319,39.629,42.585,19.401,23942.0,0.0,78529.9,11793.9,20.0,1045.0,1238.4,52.3,46822.2,19.4,1689.55,pathseer:20
beir500k-rq1,neg10_cat05,neg10,52680,pathseer,512,3,20,0.9950,0.9500,0.00003,16.541,37.555,39.567,19.327,23942.0,0.0,78529.9,11793.9,20.0,1045.0,1238.4,52.3,46822.2,19.4,1689.55,pathseer:20
beir500k-rq1,neg10_cat06,neg10,73753,sweeping,64,1,49,0.9327,0.5918,0.00056,5.622,15.704,21.111,6.694,24771.1,0.0,7883.2,4185.7,4.0,228.0,0.0,0.0,0.0,0.0,0.00,sweeping:49
beir500k-rq1,neg10_cat06,neg10,73753,sweeping,64,2,49,0.9327,0.5918,0.00056,5.270,15.270,19.239,6.528,24771.1,0.0,7883.2,4185.7,4.0,228.0,0.0,0.0,0.0,0.0,0.00,sweeping:49
beir500k-rq1,neg10_cat06,neg10,73753,sweeping,64,3,49,0.9327,0.5918,0.00056,5.533,14.332,20.082,6.493,24771.1,0.0,7883.2,4185.7,4.0,228.0,0.0,0.0,0.0,0.0,0.00,sweeping:49
beir500k-rq1,neg10_cat06,neg10,73753,sweeping,128,1,49,0.9633,0.7347,0.00030,7.705,18.402,24.881,8.535,31323.5,0.0,10477.8,5376.0,6.0,328.0,0.0,0.0,0.0,0.0,0.00,sweeping:49
beir500k-rq1,neg10_cat06,neg10,73753,sweeping,128,2,49,0.9633,0.7347,0.00030,7.919,18.760,25.354,8.646,31323.5,0.0,10477.8,5376.0,6.0,328.0,0.0,0.0,0.0,0.0,0.00,sweeping:49
beir500k-rq1,neg10_cat06,neg10,73753,sweeping,128,3,49,0.9633,0.7347,0.00030,7.743,19.033,25.564,8.740,31323.5,0.0,10477.8,5376.0,6.0,328.0,0.0,0.0,0.0,0.0,0.00,sweeping:49
beir500k-rq1,neg10_cat06,neg10,73753,sweeping,256,1,49,0.9837,0.8571,0.00009,11.271,23.931,32.307,11.726,40596.4,0.0,13949.8,6973.0,11.0,650.0,0.0,0.0,0.0,0.0,0.00,sweeping:49
beir500k-rq1,neg10_cat06,neg10,73753,sweeping,256,2,49,0.9837,0.8571,0.00009,12.089,23.997,31.975,12.601,40596.4,0.0,13949.8,6973.0,11.0,650.0,0.0,0.0,0.0,0.0,0.00,sweeping:49
beir500k-rq1,neg10_cat06,neg10,73753,sweeping,256,3,49,0.9837,0.8571,0.00009,11.827,24.747,32.022,11.790,40596.4,0.0,13949.8,6973.0,11.0,650.0,0.0,0.0,0.0,0.0,0.00,sweeping:49
beir500k-rq1,neg10_cat06,neg10,73753,sweeping,512,1,49,0.9918,0.9388,0.00003,16.324,33.113,42.387,17.823,54410.6,0.0,18727.3,9262.7,22.0,1335.0,0.0,0.0,0.0,0.0,0.00,sweeping:49
beir500k-rq1,neg10_cat06,neg10,73753,sweeping,512,2,49,0.9918,0.9388,0.00003,15.888,31.256,42.784,17.109,54410.6,0.0,18727.3,9262.7,22.0,1335.0,0.0,0.0,0.0,0.0,0.00,sweeping:49
beir500k-rq1,neg10_cat06,neg10,73753,sweeping,512,3,49,0.9918,0.9388,0.00003,15.702,31.596,44.764,17.151,54410.6,0.0,18727.3,9262.7,22.0,1335.0,0.0,0.0,0.0,0.0,0.00,sweeping:49
beir500k-rq1,neg10_cat06,neg10,73753,acorn,64,1,49,0.8000,0.1837,0.00396,1.090,1.492,1.558,1.072,2290.4,10.0,10715.9,67.2,3.0,3.0,0.0,0.0,0.0,0.0,0.00,acorn:47|rre:2
beir500k-rq1,neg10_cat06,neg10,73753,acorn,64,2,49,0.8000,0.1837,0.00396,1.085,1.468,1.627,1.064,2290.4,10.0,10715.9,67.2,3.0,3.0,0.0,0.0,0.0,0.0,0.00,acorn:47|rre:2
beir500k-rq1,neg10_cat06,neg10,73753,acorn,64,3,49,0.8000,0.1837,0.00396,1.038,1.420,1.542,1.013,2290.4,10.0,10715.9,67.2,3.0,3.0,0.0,0.0,0.0,0.0,0.00,acorn:47|rre:2
beir500k-rq1,neg10_cat06,neg10,73753,acorn,128,1,49,0.9000,0.3878,0.00167,1.730,2.206,3.076,1.710,3918.7,10.0,17058.4,132.2,4.0,4.0,0.0,0.0,0.0,0.0,0.00,acorn:47|rre:2
beir500k-rq1,neg10_cat06,neg10,73753,acorn,128,2,49,0.9000,0.3878,0.00167,1.729,2.384,2.942,1.690,3918.7,10.0,17058.4,132.2,4.0,4.0,0.0,0.0,0.0,0.0,0.00,acorn:47|rre:2
beir500k-rq1,neg10_cat06,neg10,73753,acorn,128,3,49,0.9000,0.3878,0.00167,1.593,2.156,2.597,1.619,3918.7,10.0,17058.4,132.2,4.0,4.0,0.0,0.0,0.0,0.0,0.00,acorn:47|rre:2
beir500k-rq1,neg10_cat06,neg10,73753,acorn,256,1,49,0.9367,0.6122,0.00086,3.050,3.744,4.072,2.981,6490.8,10.0,26695.7,258.3,6.0,6.0,0.0,0.0,0.0,0.0,0.00,acorn:47|rre:2
beir500k-rq1,neg10_cat06,neg10,73753,acorn,256,2,49,0.9367,0.6122,0.00086,2.599,3.657,3.916,2.625,6490.8,10.0,26695.7,258.3,6.0,6.0,0.0,0.0,0.0,0.0,0.00,acorn:47|rre:2
beir500k-rq1,neg10_cat06,neg10,73753,acorn,256,3,49,0.9367,0.6122,0.00086,2.775,3.560,3.769,2.717,6490.8,10.0,26695.7,258.3,6.0,6.0,0.0,0.0,0.0,0.0,0.00,acorn:47|rre:2
beir500k-rq1,neg10_cat06,neg10,73753,acorn,512,1,49,0.9735,0.7959,0.00034,5.077,6.377,7.142,5.008,10503.6,10.0,40398.8,514.9,12.0,12.0,0.0,0.0,0.0,0.0,0.00,acorn:47|rre:2
beir500k-rq1,neg10_cat06,neg10,73753,acorn,512,2,49,0.9735,0.7959,0.00034,5.091,7.187,16.722,5.218,10503.6,10.0,40398.8,514.9,12.0,12.0,0.0,0.0,0.0,0.0,0.00,acorn:47|rre:2
beir500k-rq1,neg10_cat06,neg10,73753,acorn,512,3,49,0.9735,0.7959,0.00034,4.581,5.821,6.207,4.549,10503.6,10.0,40398.8,514.9,12.0,12.0,0.0,0.0,0.0,0.0,0.00,acorn:47|rre:2
beir500k-rq1,neg10_cat06,neg10,73753,pathseer,64,1,49,0.9102,0.4490,0.00098,2.803,6.943,9.882,3.328,5396.1,0.0,18574.8,2405.2,3.0,206.0,146.3,12.1,11778.1,2.3,146.88,pathseer:49
beir500k-rq1,neg10_cat06,neg10,73753,pathseer,64,2,49,0.9102,0.4490,0.00098,2.998,7.178,10.034,3.522,5396.1,0.0,18574.8,2405.2,3.0,206.0,146.3,12.1,11778.1,2.3,146.88,pathseer:49
beir500k-rq1,neg10_cat06,neg10,73753,pathseer,64,3,49,0.9102,0.4490,0.00098,2.933,7.347,10.557,3.538,5396.1,0.0,18574.8,2405.2,3.0,206.0,146.3,12.1,11778.1,2.3,146.88,pathseer:49
beir500k-rq1,neg10_cat06,neg10,73753,pathseer,128,1,49,0.9592,0.6939,0.00034,4.799,11.272,14.500,5.346,8614.3,0.0,24560.2,3555.1,5.0,296.0,273.0,21.9,14229.4,4.3,238.24,pathseer:49
beir500k-rq1,neg10_cat06,neg10,73753,pathseer,128,2,49,0.9592,0.6939,0.00034,4.918,11.746,14.949,5.328,8614.3,0.0,24560.2,3555.1,5.0,296.0,273.0,21.9,14229.4,4.3,238.24,pathseer:49
beir500k-rq1,neg10_cat06,neg10,73753,pathseer,128,3,49,0.9592,0.6939,0.00034,4.738,11.793,15.183,5.339,8614.3,0.0,24560.2,3555.1,5.0,296.0,273.0,21.9,14229.4,4.3,238.24,pathseer:49
beir500k-rq1,neg10_cat06,neg10,73753,pathseer,256,1,49,0.9857,0.8776,0.00009,7.171,15.640,20.717,7.985,13782.7,0.0,32498.6,5176.0,10.0,634.0,542.0,37.4,16844.2,8.5,378.00,pathseer:49
beir500k-rq1,neg10_cat06,neg10,73753,pathseer,256,2,49,0.9857,0.8776,0.00009,7.834,17.561,19.758,8.236,13782.7,0.0,32498.6,5176.0,10.0,634.0,542.0,37.4,16844.2,8.5,378.00,pathseer:49
beir500k-rq1,neg10_cat06,neg10,73753,pathseer,256,3,49,0.9857,0.8776,0.00009,7.486,16.259,19.768,8.402,13782.7,0.0,32498.6,5176.0,10.0,634.0,542.0,37.4,16844.2,8.5,378.00,pathseer:49
beir500k-rq1,neg10_cat06,neg10,73753,pathseer,512,1,49,0.9898,0.9184,0.00006,11.529,25.108,30.494,12.403,21311.3,0.0,43409.0,7352.8,20.0,1152.0,1205.6,68.3,20343.3,18.8,590.59,pathseer:49
beir500k-rq1,neg10_cat06,neg10,73753,pathseer,512,2,49,0.9898,0.9184,0.00006,11.569,22.374,27.710,12.102,21311.3,0.0,43409.0,7352.8,20.0,1152.0,1205.6,68.3,20343.3,18.8,590.59,pathseer:49
beir500k-rq1,neg10_cat06,neg10,73753,pathseer,512,3,49,0.9898,0.9184,0.00006,11.505,20.793,26.375,11.729,21311.3,0.0,43409.0,7352.8,20.0,1152.0,1205.6,68.3,20343.3,18.8,590.59,pathseer:49
beir500k-rq1,neg10_cat07,neg10,63741,sweeping,64,1,41,0.9366,0.6098,0.00103,7.782,21.260,31.083,9.519,40288.9,0.0,10431.7,4455.4,3.0,185.0,0.0,0.0,0.0,0.0,0.00,sweeping:41
beir500k-rq1,neg10_cat07,neg10,63741,sweeping,64,2,41,0.9366,0.6098,0.00103,8.051,20.481,31.561,9.513,40288.9,0.0,10431.7,4455.4,3.0,185.0,0.0,0.0,0.0,0.0,0.00,sweeping:41
beir500k-rq1,neg10_cat07,neg10,63741,sweeping,64,3,41,0.9366,0.6098,0.00103,8.145,20.676,34.618,9.861,40288.9,0.0,10431.7,4455.4,3.0,185.0,0.0,0.0,0.0,0.0,0.00,sweeping:41
beir500k-rq1,neg10_cat07,neg10,63741,sweeping,128,1,41,0.9732,0.8293,0.00054,12.487,29.402,42.640,15.120,54890.5,0.0,15062.1,6447.2,5.0,327.0,0.0,0.0,0.0,0.0,0.00,sweeping:41
beir500k-rq1,neg10_cat07,neg10,63741,sweeping,128,2,41,0.9732,0.8293,0.00054,11.391,27.412,40.706,13.867,54890.5,0.0,15062.1,6447.2,5.0,327.0,0.0,0.0,0.0,0.0,0.00,sweeping:41
beir500k-rq1,neg10_cat07,neg10,63741,sweeping,128,3,41,0.9732,0.8293,0.00054,12.356,30.021,46.456,14.430,54890.5,0.0,15062.1,6447.2,5.0,327.0,0.0,0.0,0.0,0.0,0.00,sweeping:41
beir500k-rq1,neg10_cat07,neg10,63741,sweeping,256,1,41,0.9829,0.9024,0.00036,17.392,40.940,54.533,20.299,73874.7,0.0,21621.2,9247.7,10.0,650.0,0.0,0.0,0.0,0.0,0.00,sweeping:41
beir500k-rq1,neg10_cat07,neg10,63741,sweeping,256,2,41,0.9829,0.9024,0.00036,16.695,34.968,56.599,19.657,73874.7,0.0,21621.2,9247.7,10.0,650.0,0.0,0.0,0.0,0.0,0.00,sweeping:41
beir500k-rq1,neg10_cat07,neg10,63741,sweeping,256,3,41,0.9829,0.9024,0.00036,18.084,40.108,61.363,20.799,73874.7,0.0,21621.2,9247.7,10.0,650.0,0.0,0.0,0.0,0.0,0.00,sweeping:41
beir500k-rq1,neg10_cat07,neg10,63741,sweeping,512,1,41,0.9878,0.9268,0.00027,24.805,61.983,72.608,29.274,99993.5,0.0,30888.2,13458.1,19.0,1165.0,0.0,0.0,0.0,0.0,0.00,sweeping:41
beir500k-rq1,neg10_cat07,neg10,63741,sweeping,512,2,41,0.9878,0.9268,0.00027,25.072,53.921,76.718,28.952,99993.5,0.0,30888.2,13458.1,19.0,1165.0,0.0,0.0,0.0,0.0,0.00,sweeping:41
beir500k-rq1,neg10_cat07,neg10,63741,sweeping,512,3,41,0.9878,0.9268,0.00027,25.738,54.377,76.403,28.809,99993.5,0.0,30888.2,13458.1,19.0,1165.0,0.0,0.0,0.0,0.0,0.00,sweeping:41
beir500k-rq1,neg10_cat07,neg10,63741,acorn,64,1,41,0.8585,0.3415,0.00275,1.057,1.457,1.790,1.049,2076.3,10.0,13318.7,70.3,3.0,3.0,0.0,0.0,0.0,0.0,0.00,acorn:40|rre:1
beir500k-rq1,neg10_cat07,neg10,63741,acorn,64,2,41,0.8585,0.3415,0.00275,1.162,1.745,1.866,1.172,2076.3,10.0,13318.7,70.3,3.0,3.0,0.0,0.0,0.0,0.0,0.00,acorn:40|rre:1
beir500k-rq1,neg10_cat07,neg10,63741,acorn,64,3,41,0.8585,0.3415,0.00275,1.233,1.731,1.954,1.240,2076.3,10.0,13318.7,70.3,3.0,3.0,0.0,0.0,0.0,0.0,0.00,acorn:40|rre:1
beir500k-rq1,neg10_cat07,neg10,63741,acorn,128,1,41,0.9268,0.5610,0.00169,1.797,2.392,2.671,1.745,3465.7,10.0,20558.9,133.0,5.0,5.0,0.0,0.0,0.0,0.0,0.00,acorn:40|rre:1
beir500k-rq1,neg10_cat07,neg10,63741,acorn,128,2,41,0.9268,0.5610,0.00169,1.743,2.351,2.629,1.728,3465.7,10.0,20558.9,133.0,5.0,5.0,0.0,0.0,0.0,0.0,0.00,acorn:40|rre:1
beir500k-rq1,neg10_cat07,neg10,63741,acorn,128,3,41,0.9268,0.5610,0.00169,1.785,2.206,2.756,1.749,3465.7,10.0,20558.9,133.0,5.0,5.0,0.0,0.0,0.0,0.0,0.00,acorn:40|rre:1
beir500k-rq1,neg10_cat07,neg10,63741,acorn,256,1,41,0.9610,0.7317,0.00073,3.174,3.998,4.466,3.099,5738.8,10.0,31914.0,260.0,7.0,7.0,0.0,0.0,0.0,0.0,0.00,acorn:40|rre:1
beir500k-rq1,neg10_cat07,neg10,63741,acorn,256,2,41,0.9610,0.7317,0.00073,2.932,3.815,4.244,2.934,5738.8,10.0,31914.0,260.0,7.0,7.0,0.0,0.0,0.0,0.0,0.00,acorn:40|rre:1
beir500k-rq1,neg10_cat07,neg10,63741,acorn,256,3,41,0.9610,0.7317,0.00073,2.780,3.558,4.332,2.796,5738.8,10.0,31914.0,260.0,7.0,7.0,0.0,0.0,0.0,0.0,0.00,acorn:40|rre:1
beir500k-rq1,neg10_cat07,neg10,63741,acorn,512,1,41,0.9756,0.8293,0.00052,5.367,7.045,10.560,5.353,9334.8,10.0,48043.4,515.1,15.0,14.0,0.0,0.0,0.0,0.0,0.00,acorn:40|rre:1
beir500k-rq1,neg10_cat07,neg10,63741,acorn,512,2,41,0.9756,0.8293,0.00052,5.656,6.851,7.869,5.455,9334.8,10.0,48043.4,515.1,15.0,14.0,0.0,0.0,0.0,0.0,0.00,acorn:40|rre:1
beir500k-rq1,neg10_cat07,neg10,63741,acorn,512,3,41,0.9756,0.8293,0.00052,5.328,6.572,7.013,5.199,9334.8,10.0,48043.4,515.1,15.0,14.0,0.0,0.0,0.0,0.0,0.00,acorn:40|rre:1
beir500k-rq1,neg10_cat07,neg10,63741,pathseer,64,1,41,0.9146,0.4634,0.00148,3.211,12.820,16.996,4.537,6400.6,0.0,25771.1,2432.4,3.0,178.0,148.3,5.1,17921.8,2.3,154.83,pathseer:41
beir500k-rq1,neg10_cat07,neg10,63741,pathseer,64,2,41,0.9146,0.4634,0.00148,3.192,11.360,17.011,4.275,6400.6,0.0,25771.1,2432.4,3.0,178.0,148.3,5.1,17921.8,2.3,154.83,pathseer:41
beir500k-rq1,neg10_cat07,neg10,63741,pathseer,64,3,41,0.9146,0.4634,0.00148,3.109,11.761,16.933,4.375,6400.6,0.0,25771.1,2432.4,3.0,178.0,148.3,5.1,17921.8,2.3,154.83,pathseer:41
beir500k-rq1,neg10_cat07,neg10,63741,pathseer,128,1,41,0.9732,0.8049,0.00053,5.766,17.637,23.118,7.086,10636.0,0.0,37610.8,3873.5,5.0,321.0,262.2,9.8,24857.9,4.1,267.12,pathseer:41
beir500k-rq1,neg10_cat07,neg10,63741,pathseer,128,2,41,0.9732,0.8049,0.00053,5.763,15.812,23.773,7.027,10636.0,0.0,37610.8,3873.5,5.0,321.0,262.2,9.8,24857.9,4.1,267.12,pathseer:41
beir500k-rq1,neg10_cat07,neg10,63741,pathseer,128,3,41,0.9732,0.8049,0.00053,5.817,15.543,24.643,7.082,10636.0,0.0,37610.8,3873.5,5.0,321.0,262.2,9.8,24857.9,4.1,267.12,pathseer:41
beir500k-rq1,neg10_cat07,neg10,63741,pathseer,256,1,41,0.9829,0.9024,0.00036,8.932,23.509,30.928,11.122,16920.1,0.0,53158.8,5936.6,9.0,610.0,532.3,22.3,33354.3,8.3,464.22,pathseer:41
beir500k-rq1,neg10_cat07,neg10,63741,pathseer,256,2,41,0.9829,0.9024,0.00036,10.315,25.171,34.555,12.109,16920.1,0.0,53158.8,5936.6,9.0,610.0,532.3,22.3,33354.3,8.3,464.22,pathseer:41
beir500k-rq1,neg10_cat07,neg10,63741,pathseer,256,3,41,0.9829,0.9024,0.00036,8.930,22.796,31.663,11.020,16920.1,0.0,53158.8,5936.6,9.0,610.0,532.3,22.3,33354.3,8.3,464.22,pathseer:41
beir500k-rq1,neg10_cat07,neg10,63741,pathseer,512,1,41,0.9878,0.9268,0.00027,14.303,30.622,43.948,16.938,26773.0,0.0,75197.0,9122.5,18.0,1147.0,1128.6,47.4,44356.0,17.6,796.46,pathseer:41
beir500k-rq1,neg10_cat07,neg10,63741,pathseer,512,2,41,0.9878,0.9268,0.00027,14.501,30.705,46.023,17.251,26773.0,0.0,75197.0,9122.5,18.0,1147.0,1128.6,47.4,44356.0,17.6,796.46,pathseer:41
beir500k-rq1,neg10_cat07,neg10,63741,pathseer,512,3,41,0.9878,0.9268,0.00027,15.312,32.820,47.468,17.820,26773.0,0.0,75197.0,9122.5,18.0,1147.0,1128.6,47.4,44356.0,17.6,796.46,pathseer:41
beir500k-rq1,neg10_cat08,neg10,63800,sweeping,64,1,52,0.9769,0.8269,0.00031,21.828,33.633,38.312,20.670,59132.2,0.0,19032.7,12399.0,3.0,609.0,0.0,0.0,0.0,0.0,0.00,sweeping:52
beir500k-rq1,neg10_cat08,neg10,63800,sweeping,64,2,52,0.9769,0.8269,0.00031,20.440,32.286,35.481,19.898,59132.2,0.0,19032.7,12399.0,3.0,609.0,0.0,0.0,0.0,0.0,0.00,sweeping:52
beir500k-rq1,neg10_cat08,neg10,63800,sweeping,64,3,52,0.9769,0.8269,0.00031,20.741,29.497,33.024,19.711,59132.2,0.0,19032.7,12399.0,3.0,609.0,0.0,0.0,0.0,0.0,0.00,sweeping:52
beir500k-rq1,neg10_cat08,neg10,63800,sweeping,128,1,52,0.9923,0.9615,0.00010,28.601,45.497,46.789,27.702,77723.4,0.0,25937.6,16742.5,5.0,1089.0,0.0,0.0,0.0,0.0,0.00,sweeping:52
beir500k-rq1,neg10_cat08,neg10,63800,sweeping,128,2,52,0.9923,0.9615,0.00010,28.350,42.558,52.496,27.809,77723.4,0.0,25937.6,16742.5,5.0,1089.0,0.0,0.0,0.0,0.0,0.00,sweeping:52
beir500k-rq1,neg10_cat08,neg10,63800,sweeping,128,3,52,0.9923,0.9615,0.00010,28.154,39.952,44.528,26.764,77723.4,0.0,25937.6,16742.5,5.0,1089.0,0.0,0.0,0.0,0.0,0.00,sweeping:52
beir500k-rq1,neg10_cat08,neg10,63800,sweeping,256,1,52,0.9962,0.9615,0.00005,39.695,54.404,66.071,37.871,105762.8,0.0,35805.1,23110.2,9.0,2356.0,0.0,0.0,0.0,0.0,0.00,sweeping:52
beir500k-rq1,neg10_cat08,neg10,63800,sweeping,256,2,52,0.9962,0.9615,0.00005,39.658,56.977,70.697,39.451,105762.8,0.0,35805.1,23110.2,9.0,2356.0,0.0,0.0,0.0,0.0,0.00,sweeping:52
beir500k-rq1,neg10_cat08,neg10,63800,sweeping,256,3,52,0.9962,0.9615,0.00005,38.135,53.888,65.896,37.256,105762.8,0.0,35805.1,23110.2,9.0,2356.0,0.0,0.0,0.0,0.0,0.00,sweeping:52
beir500k-rq1,neg10_cat08,neg10,63800,sweeping,512,1,52,0.9981,0.9808,0.00000,55.437,77.794,89.035,54.290,144870.6,0.0,50783.5,32317.2,20.0,4619.0,0.0,0.0,0.0,0.0,0.00,sweeping:52
beir500k-rq1,neg10_cat08,neg10,63800,sweeping,512,2,52,0.9981,0.9808,0.00000,56.055,78.161,95.835,55.003,144870.6,0.0,50783.5,32317.2,20.0,4619.0,0.0,0.0,0.0,0.0,0.00,sweeping:52
beir500k-rq1,neg10_cat08,neg10,63800,sweeping,512,3,52,0.9981,0.9808,0.00000,53.145,76.261,89.877,53.910,144870.6,0.0,50783.5,32317.2,20.0,4619.0,0.0,0.0,0.0,0.0,0.00,sweeping:52
beir500k-rq1,neg10_cat08,neg10,63800,acorn,64,1,52,0.8481,0.2692,0.00400,1.391,2.131,3.789,1.535,2108.3,10.0,17603.1,67.3,3.0,3.0,0.0,0.0,0.0,0.0,0.00,acorn:52
beir500k-rq1,neg10_cat08,neg10,63800,acorn,64,2,52,0.8481,0.2692,0.00400,1.340,1.510,1.521,1.294,2108.3,10.0,17603.1,67.3,3.0,3.0,0.0,0.0,0.0,0.0,0.00,acorn:52
beir500k-rq1,neg10_cat08,neg10,63800,acorn,64,3,52,0.8481,0.2692,0.00400,1.394,1.604,1.646,1.380,2108.3,10.0,17603.1,67.3,3.0,3.0,0.0,0.0,0.0,0.0,0.00,acorn:52
beir500k-rq1,neg10_cat08,neg10,63800,acorn,128,1,52,0.8865,0.3846,0.00301,2.079,2.316,2.444,2.030,3405.2,10.0,25993.3,130.8,4.0,4.0,0.0,0.0,0.0,0.0,0.00,acorn:52
beir500k-rq1,neg10_cat08,neg10,63800,acorn,128,2,52,0.8865,0.3846,0.00301,2.025,2.250,2.269,1.938,3405.2,10.0,25993.3,130.8,4.0,4.0,0.0,0.0,0.0,0.0,0.00,acorn:52
beir500k-rq1,neg10_cat08,neg10,63800,acorn,128,3,52,0.8865,0.3846,0.00301,2.066,2.277,2.324,2.001,3405.2,10.0,25993.3,130.8,4.0,4.0,0.0,0.0,0.0,0.0,0.00,acorn:52
beir500k-rq1,neg10_cat08,neg10,63800,acorn,256,1,52,0.9269,0.5192,0.00204,3.422,4.080,4.215,3.423,5425.3,10.0,38266.8,258.4,7.0,7.0,0.0,0.0,0.0,0.0,0.00,acorn:52
beir500k-rq1,neg10_cat08,neg10,63800,acorn,256,2,52,0.9269,0.5192,0.00204,3.402,3.689,3.712,3.276,5425.3,10.0,38266.8,258.4,7.0,7.0,0.0,0.0,0.0,0.0,0.00,acorn:52
beir500k-rq1,neg10_cat08,neg10,63800,acorn,256,3,52,0.9269,0.5192,0.00204,3.491,3.940,4.050,3.390,5425.3,10.0,38266.8,258.4,7.0,7.0,0.0,0.0,0.0,0.0,0.00,acorn:52
beir500k-rq1,neg10_cat08,neg10,63800,acorn,512,1,52,0.9346,0.5769,0.00179,5.124,5.548,5.777,5.036,8423.0,10.0,55178.7,514.4,15.0,15.0,0.0,0.0,0.0,0.0,0.00,acorn:52
beir500k-rq1,neg10_cat08,neg10,63800,acorn,512,2,52,0.9346,0.5769,0.00179,5.223,5.938,7.339,5.192,8423.0,10.0,55178.7,514.4,15.0,15.0,0.0,0.0,0.0,0.0,0.00,acorn:52
beir500k-rq1,neg10_cat08,neg10,63800,acorn,512,3,52,0.9346,0.5769,0.00179,5.178,5.624,5.783,5.091,8423.0,10.0,55178.7,514.4,15.0,15.0,0.0,0.0,0.0,0.0,0.00,acorn:52
beir500k-rq1,neg10_cat08,neg10,63800,pathseer,64,1,52,0.9673,0.7692,0.00038,8.745,16.601,16.925,9.386,10569.3,0.0,43006.8,6832.5,3.0,609.0,148.9,2.8,26231.3,2.3,388.35,pathseer:52
beir500k-rq1,neg10_cat08,neg10,63800,pathseer,64,2,52,0.9673,0.7692,0.00038,8.100,14.169,16.199,8.473,10569.3,0.0,43006.8,6832.5,3.0,609.0,148.9,2.8,26231.3,2.3,388.35,pathseer:52
beir500k-rq1,neg10_cat08,neg10,63800,pathseer,64,3,52,0.9673,0.7692,0.00038,8.829,16.093,19.481,9.153,10569.3,0.0,43006.8,6832.5,3.0,609.0,148.9,2.8,26231.3,2.3,388.35,pathseer:52
beir500k-rq1,neg10_cat08,neg10,63800,pathseer,128,1,52,0.9846,0.9231,0.00020,12.275,19.624,20.183,12.908,16458.2,0.0,58510.8,10355.5,5.0,1076.0,269.5,4.3,32814.8,4.2,651.52,pathseer:52
beir500k-rq1,neg10_cat08,neg10,63800,pathseer,128,2,52,0.9846,0.9231,0.00020,12.323,19.352,20.303,12.575,16458.2,0.0,58510.8,10355.5,5.0,1076.0,269.5,4.3,32814.8,4.2,651.52,pathseer:52
beir500k-rq1,neg10_cat08,neg10,63800,pathseer,128,3,52,0.9846,0.9231,0.00020,13.520,19.855,21.265,12.943,16458.2,0.0,58510.8,10355.5,5.0,1076.0,269.5,4.3,32814.8,4.2,651.52,pathseer:52
beir500k-rq1,neg10_cat08,neg10,63800,pathseer,256,1,52,0.9942,0.9615,0.00009,19.731,31.327,39.545,20.282,24827.9,0.0,80019.4,15201.9,9.0,2335.0,529.2,10.2,41939.6,8.3,1054.19,pathseer:52
beir500k-rq1,neg10_cat08,neg10,63800,pathseer,256,2,52,0.9942,0.9615,0.00009,19.580,28.988,30.699,20.085,24827.9,0.0,80019.4,15201.9,9.0,2335.0,529.2,10.2,41939.6,8.3,1054.19,pathseer:52
beir500k-rq1,neg10_cat08,neg10,63800,pathseer,256,3,52,0.9942,0.9615,0.00009,21.127,32.523,33.981,21.518,24827.9,0.0,80019.4,15201.9,9.0,2335.0,529.2,10.2,41939.6,8.3,1054.19,pathseer:52
beir500k-rq1,neg10_cat08,neg10,63800,pathseer,512,1,52,0.9981,0.9808,0.00000,30.809,43.087,47.835,29.347,37257.6,0.0,111746.3,22018.1,19.0,4476.0,1177.8,19.3,55638.1,18.4,1634.85,pathseer:52
beir500k-rq1,neg10_cat08,neg10,63800,pathseer,512,2,52,0.9981,0.9808,0.00000,29.224,43.009,49.860,29.328,37257.6,0.0,111746.3,22018.1,19.0,4476.0,1177.8,19.3,55638.1,18.4,1634.85,pathseer:52
beir500k-rq1,neg10_cat08,neg10,63800,pathseer,512,3,52,0.9981,0.9808,0.00000,31.179,44.442,47.044,29.595,37257.6,0.0,111746.3,22018.1,19.0,4476.0,1177.8,19.3,55638.1,18.4,1634.85,pathseer:52
beir500k-rq1,neg10_cat09,neg10,60723,sweeping,64,1,55,0.9018,0.4909,0.00106,53.519,77.960,82.638,52.586,126272.8,0.0,50028.9,35139.6,4.0,3597.0,0.0,0.0,0.0,0.0,0.00,sweeping:55
beir500k-rq1,neg10_cat09,neg10,60723,sweeping,64,2,55,0.9018,0.4909,0.00106,54.040,81.296,83.487,53.556,126272.8,0.0,50028.9,35139.6,4.0,3597.0,0.0,0.0,0.0,0.0,0.00,sweeping:55
beir500k-rq1,neg10_cat09,neg10,60723,sweeping,64,3,55,0.9018,0.4909,0.00106,52.237,80.247,86.196,52.692,126272.8,0.0,50028.9,35139.6,4.0,3597.0,0.0,0.0,0.0,0.0,0.00,sweeping:55
beir500k-rq1,neg10_cat09,neg10,60723,sweeping,128,1,55,0.9727,0.8182,0.00023,67.161,95.257,98.233,66.469,151033.1,0.0,62600.9,42674.7,6.0,6415.0,0.0,0.0,0.0,0.0,0.00,sweeping:55
beir500k-rq1,neg10_cat09,neg10,60723,sweeping,128,2,55,0.9727,0.8182,0.00023,66.372,92.870,97.666,65.268,151033.1,0.0,62600.9,42674.7,6.0,6415.0,0.0,0.0,0.0,0.0,0.00,sweeping:55
beir500k-rq1,neg10_cat09,neg10,60723,sweeping,128,3,55,0.9727,0.8182,0.00023,65.441,94.317,98.414,65.047,151033.1,0.0,62600.9,42674.7,6.0,6415.0,0.0,0.0,0.0,0.0,0.00,sweeping:55
beir500k-rq1,neg10_cat09,neg10,60723,sweeping,256,1,55,0.9891,0.9091,0.00014,82.772,111.062,118.325,81.261,181710.9,0.0,79054.2,52586.1,11.0,10179.0,0.0,0.0,0.0,0.0,0.00,sweeping:55
beir500k-rq1,neg10_cat09,neg10,60723,sweeping,256,2,55,0.9891,0.9091,0.00014,81.322,115.736,126.992,81.021,181710.9,0.0,79054.2,52586.1,11.0,10179.0,0.0,0.0,0.0,0.0,0.00,sweeping:55
beir500k-rq1,neg10_cat09,neg10,60723,sweeping,256,3,55,0.9891,0.9091,0.00014,79.674,114.493,123.272,80.713,181710.9,0.0,79054.2,52586.1,11.0,10179.0,0.0,0.0,0.0,0.0,0.00,sweeping:55
beir500k-rq1,neg10_cat09,neg10,60723,sweeping,512,1,55,0.9964,0.9636,0.00006,100.849,130.998,144.594,99.100,217905.5,0.0,100531.3,65418.5,22.0,16078.0,0.0,0.0,0.0,0.0,0.00,sweeping:55
beir500k-rq1,neg10_cat09,neg10,60723,sweeping,512,2,55,0.9964,0.9636,0.00006,101.203,140.656,145.857,100.108,217905.5,0.0,100531.3,65418.5,22.0,16078.0,0.0,0.0,0.0,0.0,0.00,sweeping:55
beir500k-rq1,neg10_cat09,neg10,60723,sweeping,512,3,55,0.9964,0.9636,0.00006,99.776,135.663,152.385,100.059,217905.5,0.0,100531.3,65418.5,22.0,16078.0,0.0,0.0,0.0,0.0,0.00,sweeping:55
beir500k-rq1,neg10_cat09,neg10,60723,acorn,64,1,55,0.6618,0.1818,0.01298,1.261,1.607,1.664,1.225,2194.8,10.0,14933.3,76.1,4.0,4.0,0.0,0.0,0.0,0.0,0.00,acorn:55
beir500k-rq1,neg10_cat09,neg10,60723,acorn,64,2,55,0.6618,0.1818,0.01298,1.218,1.612,1.720,1.234,2194.8,10.0,14933.3,76.1,4.0,4.0,0.0,0.0,0.0,0.0,0.00,acorn:55
beir500k-rq1,neg10_cat09,neg10,60723,acorn,64,3,55,0.6618,0.1818,0.01298,1.278,1.613,1.726,1.234,2194.8,10.0,14933.3,76.1,4.0,4.0,0.0,0.0,0.0,0.0,0.00,acorn:55
beir500k-rq1,neg10_cat09,neg10,60723,acorn,128,1,55,0.7618,0.2364,0.00695,2.050,2.478,2.556,2.032,3705.3,10.0,23671.6,142.3,5.0,5.0,0.0,0.0,0.0,0.0,0.00,acorn:55
beir500k-rq1,neg10_cat09,neg10,60723,acorn,128,2,55,0.7618,0.2364,0.00695,1.811,2.221,2.411,1.802,3705.3,10.0,23671.6,142.3,5.0,5.0,0.0,0.0,0.0,0.0,0.00,acorn:55
beir500k-rq1,neg10_cat09,neg10,60723,acorn,128,3,55,0.7618,0.2364,0.00695,1.808,2.200,2.324,1.791,3705.3,10.0,23671.6,142.3,5.0,5.0,0.0,0.0,0.0,0.0,0.00,acorn:55
beir500k-rq1,neg10_cat09,neg10,60723,acorn,256,1,55,0.8800,0.4182,0.00255,3.036,3.613,3.778,3.065,6257.8,10.0,38094.8,274.0,9.0,9.0,0.0,0.0,0.0,0.0,0.00,acorn:55
beir500k-rq1,neg10_cat09,neg10,60723,acorn,256,2,55,0.8800,0.4182,0.00255,3.122,4.206,4.804,3.271,6257.8,10.0,38094.8,274.0,9.0,9.0,0.0,0.0,0.0,0.0,0.00,acorn:55
beir500k-rq1,neg10_cat09,neg10,60723,acorn,256,3,55,0.8800,0.4182,0.00255,3.123,3.645,3.798,3.077,6257.8,10.0,38094.8,274.0,9.0,9.0,0.0,0.0,0.0,0.0,0.00,acorn:55
beir500k-rq1,neg10_cat09,neg10,60723,acorn,512,1,55,0.9400,0.5818,0.00128,5.058,5.641,5.874,5.064,10056.1,10.0,58102.1,524.3,17.0,17.0,0.0,0.0,0.0,0.0,0.00,acorn:55
beir500k-rq1,neg10_cat09,neg10,60723,acorn,512,2,55,0.9400,0.5818,0.00128,5.080,5.761,6.027,5.064,10056.1,10.0,58102.1,524.3,17.0,17.0,0.0,0.0,0.0,0.0,0.00,acorn:55
beir500k-rq1,neg10_cat09,neg10,60723,acorn,512,3,55,0.9400,0.5818,0.00128,5.191,6.068,6.444,5.208,10056.1,10.0,58102.1,524.3,17.0,17.0,0.0,0.0,0.0,0.0,0.00,acorn:55
beir500k-rq1,neg10_cat09,neg10,60723,pathseer,64,1,55,0.8782,0.3818,0.00161,23.534,32.803,38.064,22.163,24156.9,0.0,88950.1,19332.3,3.0,3597.0,160.6,0.8,46437.9,2.5,224.15,pathseer:55
beir500k-rq1,neg10_cat09,neg10,60723,pathseer,64,2,55,0.8782,0.3818,0.00161,24.105,34.839,40.830,23.184,24156.9,0.0,88950.1,19332.3,3.0,3597.0,160.6,0.8,46437.9,2.5,224.15,pathseer:55
beir500k-rq1,neg10_cat09,neg10,60723,pathseer,64,3,55,0.8782,0.3818,0.00161,23.455,34.640,39.067,22.830,24156.9,0.0,88950.1,19332.3,3.0,3597.0,160.6,0.8,46437.9,2.5,224.15,pathseer:55
beir500k-rq1,neg10_cat09,neg10,60723,pathseer,128,1,55,0.9418,0.5818,0.00071,34.661,48.623,54.184,33.862,34484.7,0.0,115630.2,26201.8,6.0,6415.0,310.7,1.6,56708.7,4.9,389.93,pathseer:55
beir500k-rq1,neg10_cat09,neg10,60723,pathseer,128,2,55,0.9418,0.5818,0.00071,33.138,45.064,49.049,31.383,34484.7,0.0,115630.2,26201.8,6.0,6415.0,310.7,1.6,56708.7,4.9,389.93,pathseer:55
beir500k-rq1,neg10_cat09,neg10,60723,pathseer,128,3,55,0.9418,0.5818,0.00071,31.985,44.505,47.670,31.328,34484.7,0.0,115630.2,26201.8,6.0,6415.0,310.7,1.6,56708.7,4.9,389.93,pathseer:55
beir500k-rq1,neg10_cat09,neg10,60723,pathseer,256,1,55,0.9745,0.7636,0.00036,44.919,59.242,65.205,43.626,48026.7,0.0,149300.6,34310.5,11.0,10179.0,623.7,3.7,70099.5,9.7,659.00,pathseer:55
beir500k-rq1,neg10_cat09,neg10,60723,pathseer,256,2,55,0.9745,0.7636,0.00036,45.456,59.017,67.611,43.862,48026.7,0.0,149300.6,34310.5,11.0,10179.0,623.7,3.7,70099.5,9.7,659.00,pathseer:55
beir500k-rq1,neg10_cat09,neg10,60723,pathseer,256,3,55,0.9745,0.7636,0.00036,47.282,58.880,62.292,44.480,48026.7,0.0,149300.6,34310.5,11.0,10179.0,623.7,3.7,70099.5,9.7,659.00,pathseer:55
beir500k-rq1,neg10_cat09,neg10,60723,pathseer,512,1,55,0.9945,0.9455,0.00012,64.222,81.886,89.840,60.894,67496.7,0.0,193976.6,45221.5,22.0,16078.0,1352.1,9.0,86520.2,21.1,1077.67,pathseer:55
beir500k-rq1,neg10_cat09,neg10,60723,pathseer,512,2,55,0.9945,0.9455,0.00012,62.606,79.542,92.225,60.162,67496.7,0.0,193976.6,45221.5,22.0,16078.0,1352.1,9.0,86520.2,21.1,1077.67,pathseer:55
beir500k-rq1,neg10_cat09,neg10,60723,pathseer,512,3,55,0.9945,0.9455,0.00012,64.261,79.348,89.395,60.816,67496.7,0.0,193976.6,45221.5,22.0,16078.0,1352.1,9.0,86520.2,21.1,1077.67,pathseer:55
beir500k-rq1,neg10_cat10,neg10,61023,sweeping,64,1,50,0.9740,0.8200,0.00023,23.382,48.521,54.356,24.223,73482.3,0.0,20589.8,13414.5,4.0,590.0,0.0,0.0,0.0,0.0,0.00,sweeping:50
beir500k-rq1,neg10_cat10,neg10,61023,sweeping,64,2,50,0.9740,0.8200,0.00023,25.478,44.656,52.687,24.505,73482.3,0.0,20589.8,13414.5,4.0,590.0,0.0,0.0,0.0,0.0,0.00,sweeping:50
beir500k-rq1,neg10_cat10,neg10,61023,sweeping,64,3,50,0.9740,0.8200,0.00023,23.506,43.708,48.610,23.848,73482.3,0.0,20589.8,13414.5,4.0,590.0,0.0,0.0,0.0,0.0,0.00,sweeping:50
beir500k-rq1,neg10_cat10,neg10,61023,sweeping,128,1,50,0.9960,0.9600,0.00008,34.258,55.254,64.961,33.183,96888.9,0.0,29910.6,19468.7,5.0,1036.0,0.0,0.0,0.0,0.0,0.00,sweeping:50
beir500k-rq1,neg10_cat10,neg10,61023,sweeping,128,2,50,0.9960,0.9600,0.00008,32.814,52.714,63.567,33.356,96888.9,0.0,29910.6,19468.7,5.0,1036.0,0.0,0.0,0.0,0.0,0.00,sweeping:50
beir500k-rq1,neg10_cat10,neg10,61023,sweeping,128,3,50,0.9960,0.9600,0.00008,32.918,53.784,69.482,32.847,96888.9,0.0,29910.6,19468.7,5.0,1036.0,0.0,0.0,0.0,0.0,0.00,sweeping:50
beir500k-rq1,neg10_cat10,neg10,61023,sweeping,256,1,50,1.0000,1.0000,0.00000,48.473,68.398,79.048,45.168,126248.9,0.0,43267.5,27656.2,10.0,2042.0,0.0,0.0,0.0,0.0,0.00,sweeping:50
beir500k-rq1,neg10_cat10,neg10,61023,sweeping,256,2,50,1.0000,1.0000,0.00000,49.309,69.439,82.414,46.223,126248.9,0.0,43267.5,27656.2,10.0,2042.0,0.0,0.0,0.0,0.0,0.00,sweeping:50
beir500k-rq1,neg10_cat10,neg10,61023,sweeping,256,3,50,1.0000,1.0000,0.00000,48.981,72.038,81.199,45.662,126248.9,0.0,43267.5,27656.2,10.0,2042.0,0.0,0.0,0.0,0.0,0.00,sweeping:50
beir500k-rq1,neg10_cat10,neg10,61023,sweeping,512,1,50,1.0000,1.0000,0.00000,66.725,86.795,99.373,62.283,163332.6,0.0,61834.6,38795.9,20.0,3843.0,0.0,0.0,0.0,0.0,0.00,sweeping:50
beir500k-rq1,neg10_cat10,neg10,61023,sweeping,512,2,50,1.0000,1.0000,0.00000,67.009,92.828,106.635,63.029,163332.6,0.0,61834.6,38795.9,20.0,3843.0,0.0,0.0,0.0,0.0,0.00,sweeping:50
beir500k-rq1,neg10_cat10,neg10,61023,sweeping,512,3,50,1.0000,1.0000,0.00000,66.532,86.678,97.690,62.338,163332.6,0.0,61834.6,38795.9,20.0,3843.0,0.0,0.0,0.0,0.0,0.00,sweeping:50
beir500k-rq1,neg10_cat10,neg10,61023,acorn,64,1,50,0.8560,0.3000,0.00346,1.111,1.346,1.644,1.092,1688.3,10.0,15248.0,68.2,4.0,4.0,0.0,0.0,0.0,0.0,0.00,acorn:50
beir500k-rq1,neg10_cat10,neg10,61023,acorn,64,2,50,0.8560,0.3000,0.00346,1.105,1.345,1.640,1.090,1688.3,10.0,15248.0,68.2,4.0,4.0,0.0,0.0,0.0,0.0,0.00,acorn:50
beir500k-rq1,neg10_cat10,neg10,61023,acorn,64,3,50,0.8560,0.3000,0.00346,1.133,1.438,1.706,1.120,1688.3,10.0,15248.0,68.2,4.0,4.0,0.0,0.0,0.0,0.0,0.00,acorn:50
beir500k-rq1,neg10_cat10,neg10,61023,acorn,128,1,50,0.9120,0.5000,0.00211,1.980,2.274,2.625,1.930,2993.4,10.0,24208.7,131.6,7.0,7.0,0.0,0.0,0.0,0.0,0.00,acorn:50
beir500k-rq1,neg10_cat10,neg10,61023,acorn,128,2,50,0.9120,0.5000,0.00211,1.896,2.150,2.387,1.824,2993.4,10.0,24208.7,131.6,7.0,7.0,0.0,0.0,0.0,0.0,0.00,acorn:50
beir500k-rq1,neg10_cat10,neg10,61023,acorn,128,3,50,0.9120,0.5000,0.00211,1.852,2.176,2.405,1.838,2993.4,10.0,24208.7,131.6,7.0,7.0,0.0,0.0,0.0,0.0,0.00,acorn:50
beir500k-rq1,neg10_cat10,neg10,61023,acorn,256,1,50,0.9420,0.6000,0.00144,3.296,3.922,4.116,3.260,5464.1,10.0,39178.5,259.7,12.0,12.0,0.0,0.0,0.0,0.0,0.00,acorn:50
beir500k-rq1,neg10_cat10,neg10,61023,acorn,256,2,50,0.9420,0.6000,0.00144,3.336,3.843,4.084,3.265,5464.1,10.0,39178.5,259.7,12.0,12.0,0.0,0.0,0.0,0.0,0.00,acorn:50
beir500k-rq1,neg10_cat10,neg10,61023,acorn,256,3,50,0.9420,0.6000,0.00144,3.366,4.340,4.480,3.387,5464.1,10.0,39178.5,259.7,12.0,12.0,0.0,0.0,0.0,0.0,0.00,acorn:50
beir500k-rq1,neg10_cat10,neg10,61023,acorn,512,1,50,0.9660,0.7400,0.00083,5.638,6.907,7.682,5.650,9463.4,10.0,61183.3,516.2,24.0,23.0,0.0,0.0,0.0,0.0,0.00,acorn:50
beir500k-rq1,neg10_cat10,neg10,61023,acorn,512,2,50,0.9660,0.7400,0.00083,5.641,6.563,6.878,5.530,9463.4,10.0,61183.3,516.2,24.0,23.0,0.0,0.0,0.0,0.0,0.00,acorn:50
beir500k-rq1,neg10_cat10,neg10,61023,acorn,512,3,50,0.9660,0.7400,0.00083,5.606,6.606,6.772,5.495,9463.4,10.0,61183.3,516.2,24.0,23.0,0.0,0.0,0.0,0.0,0.00,acorn:50
beir500k-rq1,neg10_cat10,neg10,61023,pathseer,64,1,50,0.9660,0.7200,0.00027,7.991,12.837,16.002,8.055,8858.8,0.0,44609.3,5492.3,4.0,568.0,163.8,2.1,30888.8,2.6,302.14,pathseer:50
beir500k-rq1,neg10_cat10,neg10,61023,pathseer,64,2,50,0.9660,0.7200,0.00027,7.978,12.451,15.859,7.836,8858.8,0.0,44609.3,5492.3,4.0,568.0,163.8,2.1,30888.8,2.6,302.14,pathseer:50
beir500k-rq1,neg10_cat10,neg10,61023,pathseer,64,3,50,0.9660,0.7200,0.00027,8.098,14.744,17.609,8.247,8858.8,0.0,44609.3,5492.3,4.0,568.0,163.8,2.1,30888.8,2.6,302.14,pathseer:50
beir500k-rq1,neg10_cat10,neg10,61023,pathseer,128,1,50,0.9940,0.9400,0.00002,12.806,21.644,25.081,12.832,14794.8,0.0,63730.4,9133.4,5.0,1036.0,282.9,4.6,41006.1,4.4,508.82,pathseer:50
beir500k-rq1,neg10_cat10,neg10,61023,pathseer,128,2,50,0.9940,0.9400,0.00002,12.748,20.812,24.742,12.543,14794.8,0.0,63730.4,9133.4,5.0,1036.0,282.9,4.6,41006.1,4.4,508.82,pathseer:50
beir500k-rq1,neg10_cat10,neg10,61023,pathseer,128,3,50,0.9940,0.9400,0.00002,12.899,22.341,24.986,12.871,14794.8,0.0,63730.4,9133.4,5.0,1036.0,282.9,4.6,41006.1,4.4,508.82,pathseer:50
beir500k-rq1,neg10_cat10,neg10,61023,pathseer,256,1,50,1.0000,1.0000,0.00000,21.637,31.893,37.702,21.033,23991.5,0.0,89729.0,14581.7,10.0,2042.0,582.4,9.9,53391.3,9.1,844.96,pathseer:50
beir500k-rq1,neg10_cat10,neg10,61023,pathseer,256,2,50,1.0000,1.0000,0.00000,22.198,35.025,39.488,21.413,23991.5,0.0,89729.0,14581.7,10.0,2042.0,582.4,9.9,53391.3,9.1,844.96,pathseer:50
beir500k-rq1,neg10_cat10,neg10,61023,pathseer,256,3,50,1.0000,1.0000,0.00000,21.382,31.841,34.771,20.493,23991.5,0.0,89729.0,14581.7,10.0,2042.0,582.4,9.9,53391.3,9.1,844.96,pathseer:50
beir500k-rq1,neg10_cat10,neg10,61023,pathseer,512,1,50,1.0000,1.0000,0.00000,34.931,46.064,52.399,32.558,38451.0,0.0,124856.7,22660.1,20.0,3781.0,1246.7,23.2,67746.6,19.5,1356.28,pathseer:50
beir500k-rq1,neg10_cat10,neg10,61023,pathseer,512,2,50,1.0000,1.0000,0.00000,34.404,46.789,55.365,31.793,38451.0,0.0,124856.7,22660.1,20.0,3781.0,1246.7,23.2,67746.6,19.5,1356.28,pathseer:50
beir500k-rq1,neg10_cat10,neg10,61023,pathseer,512,3,50,1.0000,1.0000,0.00000,35.110,47.093,53.906,32.551,38451.0,0.0,124856.7,22660.1,20.0,3781.0,1246.7,23.2,67746.6,19.5,1356.28,pathseer:50
beir500k-rq1,neg10_cat11,neg10,58822,sweeping,64,1,32,0.9625,0.7500,0.00064,40.443,71.883,81.210,40.479,113968.7,0.0,41962.2,25366.0,3.0,2347.0,0.0,0.0,0.0,0.0,0.00,sweeping:32
beir500k-rq1,neg10_cat11,neg10,58822,sweeping,64,2,32,0.9625,0.7500,0.00064,40.532,69.801,84.815,41.313,113968.7,0.0,41962.2,25366.0,3.0,2347.0,0.0,0.0,0.0,0.0,0.00,sweeping:32
beir500k-rq1,neg10_cat11,neg10,58822,sweeping,64,3,32,0.9625,0.7500,0.00064,42.758,73.131,80.870,41.190,113968.7,0.0,41962.2,25366.0,3.0,2347.0,0.0,0.0,0.0,0.0,0.00,sweeping:32
beir500k-rq1,neg10_cat11,neg10,58822,sweeping,128,1,32,0.9938,0.9375,0.00005,54.058,84.758,99.026,52.599,140915.3,0.0,55760.3,33036.6,5.0,4427.0,0.0,0.0,0.0,0.0,0.00,sweeping:32
beir500k-rq1,neg10_cat11,neg10,58822,sweeping,128,2,32,0.9938,0.9375,0.00005,54.577,84.789,99.297,53.589,140915.3,0.0,55760.3,33036.6,5.0,4427.0,0.0,0.0,0.0,0.0,0.00,sweeping:32
beir500k-rq1,neg10_cat11,neg10,58822,sweeping,128,3,32,0.9938,0.9375,0.00005,55.757,87.805,98.812,52.922,140915.3,0.0,55760.3,33036.6,5.0,4427.0,0.0,0.0,0.0,0.0,0.00,sweeping:32
beir500k-rq1,neg10_cat11,neg10,58822,sweeping,256,1,32,0.9969,0.9688,0.00004,73.631,99.227,116.724,67.888,173697.3,0.0,74055.7,42920.7,10.0,7348.0,0.0,0.0,0.0,0.0,0.00,sweeping:32
beir500k-rq1,neg10_cat11,neg10,58822,sweeping,256,2,32,0.9969,0.9688,0.00004,74.704,103.310,125.319,70.043,173697.3,0.0,74055.7,42920.7,10.0,7348.0,0.0,0.0,0.0,0.0,0.00,sweeping:32
beir500k-rq1,neg10_cat11,neg10,58822,sweeping,256,3,32,0.9969,0.9688,0.00004,78.073,106.356,128.060,72.679,173697.3,0.0,74055.7,42920.7,10.0,7348.0,0.0,0.0,0.0,0.0,0.00,sweeping:32
beir500k-rq1,neg10_cat11,neg10,58822,sweeping,512,1,32,0.9969,0.9688,0.00004,97.900,137.858,156.829,91.972,212254.8,0.0,97412.8,55511.1,22.0,11982.0,0.0,0.0,0.0,0.0,0.00,sweeping:32
beir500k-rq1,neg10_cat11,neg10,58822,sweeping,512,2,32,0.9969,0.9688,0.00004,100.030,143.000,165.868,95.435,212254.8,0.0,97412.8,55511.1,22.0,11982.0,0.0,0.0,0.0,0.0,0.00,sweeping:32
beir500k-rq1,neg10_cat11,neg10,58822,sweeping,512,3,32,0.9969,0.9688,0.00004,92.322,129.628,140.252,87.717,212254.8,0.0,97412.8,55511.1,22.0,11982.0,0.0,0.0,0.0,0.0,0.00,sweeping:32
beir500k-rq1,neg10_cat11,neg10,58822,acorn,64,1,32,0.8281,0.2812,0.00819,1.132,1.344,1.466,1.103,2004.7,10.0,16956.4,67.6,3.0,3.0,0.0,0.0,0.0,0.0,0.00,acorn:32
beir500k-rq1,neg10_cat11,neg10,58822,acorn,64,2,32,0.8281,0.2812,0.00819,1.121,1.349,1.381,1.101,2004.7,10.0,16956.4,67.6,3.0,3.0,0.0,0.0,0.0,0.0,0.00,acorn:32
beir500k-rq1,neg10_cat11,neg10,58822,acorn,64,3,32,0.8281,0.2812,0.00819,1.185,1.430,1.582,1.153,2004.7,10.0,16956.4,67.6,3.0,3.0,0.0,0.0,0.0,0.0,0.00,acorn:32
beir500k-rq1,neg10_cat11,neg10,58822,acorn,128,1,32,0.9219,0.5625,0.00160,1.946,2.238,2.981,1.937,3461.9,10.0,27174.4,134.3,4.0,4.0,0.0,0.0,0.0,0.0,0.00,acorn:32
beir500k-rq1,neg10_cat11,neg10,58822,acorn,128,2,32,0.9219,0.5625,0.00160,1.872,2.199,2.990,1.890,3461.9,10.0,27174.4,134.3,4.0,4.0,0.0,0.0,0.0,0.0,0.00,acorn:32
beir500k-rq1,neg10_cat11,neg10,58822,acorn,128,3,32,0.9219,0.5625,0.00160,1.883,2.181,2.933,1.897,3461.9,10.0,27174.4,134.3,4.0,4.0,0.0,0.0,0.0,0.0,0.00,acorn:32
beir500k-rq1,neg10_cat11,neg10,58822,acorn,256,1,32,0.9437,0.6250,0.00107,3.095,3.477,4.313,3.084,5610.3,10.0,39841.1,262.2,7.0,7.0,0.0,0.0,0.0,0.0,0.00,acorn:32
beir500k-rq1,neg10_cat11,neg10,58822,acorn,256,2,32,0.9437,0.6250,0.00107,3.076,3.585,4.617,3.105,5610.3,10.0,39841.1,262.2,7.0,7.0,0.0,0.0,0.0,0.0,0.00,acorn:32
beir500k-rq1,neg10_cat11,neg10,58822,acorn,256,3,32,0.9437,0.6250,0.00107,3.108,3.507,4.478,3.079,5610.3,10.0,39841.1,262.2,7.0,7.0,0.0,0.0,0.0,0.0,0.00,acorn:32
beir500k-rq1,neg10_cat11,neg10,58822,acorn,512,1,32,0.9594,0.7188,0.00062,5.067,5.779,6.369,5.060,9069.9,10.0,57038.2,518.0,14.0,13.0,0.0,0.0,0.0,0.0,0.00,acorn:32
beir500k-rq1,neg10_cat11,neg10,58822,acorn,512,2,32,0.9594,0.7188,0.00062,5.608,6.323,6.913,5.564,9069.9,10.0,57038.2,518.0,14.0,13.0,0.0,0.0,0.0,0.0,0.00,acorn:32
beir500k-rq1,neg10_cat11,neg10,58822,acorn,512,3,32,0.9594,0.7188,0.00062,5.447,6.570,7.417,5.402,9069.9,10.0,57038.2,518.0,14.0,13.0,0.0,0.0,0.0,0.0,0.00,acorn:32
beir500k-rq1,neg10_cat11,neg10,58822,pathseer,64,1,32,0.9563,0.6562,0.00074,19.836,40.288,44.922,20.212,23541.2,0.0,91429.9,15470.1,3.0,2267.0,156.0,1.5,53251.7,2.4,273.69,pathseer:32
beir500k-rq1,neg10_cat11,neg10,58822,pathseer,64,2,32,0.9563,0.6562,0.00074,20.729,39.986,46.099,20.342,23541.2,0.0,91429.9,15470.1,3.0,2267.0,156.0,1.5,53251.7,2.4,273.69,pathseer:32
beir500k-rq1,neg10_cat11,neg10,58822,pathseer,64,3,32,0.9563,0.6562,0.00074,22.500,40.001,50.698,20.646,23541.2,0.0,91429.9,15470.1,3.0,2267.0,156.0,1.5,53251.7,2.4,273.69,pathseer:32
beir500k-rq1,neg10_cat11,neg10,58822,pathseer,128,1,32,0.9906,0.9062,0.00012,31.182,54.929,72.522,31.315,35163.6,0.0,119766.3,22317.0,5.0,4367.0,306.0,3.2,63839.0,4.8,448.22,pathseer:32
beir500k-rq1,neg10_cat11,neg10,58822,pathseer,128,2,32,0.9906,0.9062,0.00012,30.411,55.448,64.348,29.996,35163.6,0.0,119766.3,22317.0,5.0,4367.0,306.0,3.2,63839.0,4.8,448.22,pathseer:32
beir500k-rq1,neg10_cat11,neg10,58822,pathseer,128,3,32,0.9906,0.9062,0.00012,30.468,58.458,65.821,31.254,35163.6,0.0,119766.3,22317.0,5.0,4367.0,306.0,3.2,63839.0,4.8,448.22,pathseer:32
beir500k-rq1,neg10_cat11,neg10,58822,pathseer,256,1,32,0.9969,0.9688,0.00004,43.273,72.639,88.249,42.257,50885.3,0.0,155073.1,31132.6,10.0,7319.0,618.0,4.9,75856.0,9.7,729.38,pathseer:32
beir500k-rq1,neg10_cat11,neg10,58822,pathseer,256,2,32,0.9969,0.9688,0.00004,43.870,69.503,82.932,42.079,50885.3,0.0,155073.1,31132.6,10.0,7319.0,618.0,4.9,75856.0,9.7,729.38,pathseer:32
beir500k-rq1,neg10_cat11,neg10,58822,pathseer,256,3,32,0.9969,0.9688,0.00004,42.993,70.768,86.246,42.143,50885.3,0.0,155073.1,31132.6,10.0,7319.0,618.0,4.9,75856.0,9.7,729.38,pathseer:32
beir500k-rq1,neg10_cat11,neg10,58822,pathseer,512,1,32,0.9969,0.9688,0.00004,60.117,94.275,110.499,59.744,73290.2,0.0,200282.6,42770.3,21.0,11982.0,1356.0,10.5,88926.6,21.2,1141.38,pathseer:32
beir500k-rq1,neg10_cat11,neg10,58822,pathseer,512,2,32,0.9969,0.9688,0.00004,61.349,91.042,111.857,60.228,73290.2,0.0,200282.6,42770.3,21.0,11982.0,1356.0,10.5,88926.6,21.2,1141.38,pathseer:32
beir500k-rq1,neg10_cat11,neg10,58822,pathseer,512,3,32,0.9969,0.9688,0.00004,58.912,92.298,116.616,58.594,73290.2,0.0,200282.6,42770.3,21.0,11982.0,1356.0,10.5,88926.6,21.2,1141.38,pathseer:32
beir500k-rq1,neg10_cat12,neg10,60873,sweeping,64,1,66,0.9515,0.5909,0.00041,38.547,56.905,59.677,35.401,87573.5,0.0,33713.3,25207.8,3.0,1186.0,0.0,0.0,0.0,0.0,0.00,sweeping:66
beir500k-rq1,neg10_cat12,neg10,60873,sweeping,64,2,66,0.9515,0.5909,0.00041,35.367,57.264,61.588,35.097,87573.5,0.0,33713.3,25207.8,3.0,1186.0,0.0,0.0,0.0,0.0,0.00,sweeping:66
beir500k-rq1,neg10_cat12,neg10,60873,sweeping,64,3,66,0.9515,0.5909,0.00041,37.240,56.533,63.464,35.821,87573.5,0.0,33713.3,25207.8,3.0,1186.0,0.0,0.0,0.0,0.0,0.00,sweeping:66
beir500k-rq1,neg10_cat12,neg10,60873,sweeping,128,1,66,0.9864,0.8636,0.00010,45.995,70.113,74.775,44.313,105076.6,0.0,41584.0,30287.7,5.0,2263.0,0.0,0.0,0.0,0.0,0.00,sweeping:66
beir500k-rq1,neg10_cat12,neg10,60873,sweeping,128,2,66,0.9864,0.8636,0.00010,45.853,69.481,71.976,44.168,105076.6,0.0,41584.0,30287.7,5.0,2263.0,0.0,0.0,0.0,0.0,0.00,sweeping:66
beir500k-rq1,neg10_cat12,neg10,60873,sweeping,128,3,66,0.9864,0.8636,0.00010,48.881,67.510,76.407,44.969,105076.6,0.0,41584.0,30287.7,5.0,2263.0,0.0,0.0,0.0,0.0,0.00,sweeping:66
beir500k-rq1,neg10_cat12,neg10,60873,sweeping,256,1,66,0.9955,0.9545,0.00003,57.264,81.685,84.076,55.817,127250.5,0.0,51909.2,36747.0,11.0,4257.0,0.0,0.0,0.0,0.0,0.00,sweeping:66
beir500k-rq1,neg10_cat12,neg10,60873,sweeping,256,2,66,0.9955,0.9545,0.00003,55.765,79.458,84.793,54.081,127250.5,0.0,51909.2,36747.0,11.0,4257.0,0.0,0.0,0.0,0.0,0.00,sweeping:66
beir500k-rq1,neg10_cat12,neg10,60873,sweeping,256,3,66,0.9955,0.9545,0.00003,55.176,80.244,84.727,54.445,127250.5,0.0,51909.2,36747.0,11.0,4257.0,0.0,0.0,0.0,0.0,0.00,sweeping:66
beir500k-rq1,neg10_cat12,neg10,60873,sweeping,512,1,66,1.0000,1.0000,0.00000,71.449,101.817,105.276,69.770,155278.8,0.0,65668.2,45248.3,22.0,7819.0,0.0,0.0,0.0,0.0,0.00,sweeping:66
beir500k-rq1,neg10_cat12,neg10,60873,sweeping,512,2,66,1.0000,1.0000,0.00000,71.542,96.014,107.347,69.541,155278.8,0.0,65668.2,45248.3,22.0,7819.0,0.0,0.0,0.0,0.0,0.00,sweeping:66
beir500k-rq1,neg10_cat12,neg10,60873,sweeping,512,3,66,1.0000,1.0000,0.00000,67.650,92.687,97.840,68.038,155278.8,0.0,65668.2,45248.3,22.0,7819.0,0.0,0.0,0.0,0.0,0.00,sweeping:66
beir500k-rq1,neg10_cat12,neg10,60873,acorn,64,1,66,0.7848,0.2879,0.00521,1.121,1.486,1.572,1.142,2259.1,10.0,14539.1,70.8,4.0,4.0,0.0,0.0,0.0,0.0,0.00,acorn:66
beir500k-rq1,neg10_cat12,neg10,60873,acorn,64,2,66,0.7848,0.2879,0.00521,1.059,1.375,1.506,1.078,2259.1,10.0,14539.1,70.8,4.0,4.0,0.0,0.0,0.0,0.0,0.00,acorn:66
beir500k-rq1,neg10_cat12,neg10,60873,acorn,64,3,66,0.7848,0.2879,0.00521,1.074,1.436,1.567,1.084,2259.1,10.0,14539.1,70.8,4.0,4.0,0.0,0.0,0.0,0.0,0.00,acorn:66
beir500k-rq1,neg10_cat12,neg10,60873,acorn,128,1,66,0.8924,0.4848,0.00246,1.780,2.118,2.159,1.784,3770.8,10.0,23093.9,133.0,5.0,5.0,0.0,0.0,0.0,0.0,0.00,acorn:66
beir500k-rq1,neg10_cat12,neg10,60873,acorn,128,2,66,0.8924,0.4848,0.00246,2.008,2.689,2.787,2.052,3770.8,10.0,23093.9,133.0,5.0,5.0,0.0,0.0,0.0,0.0,0.00,acorn:66
beir500k-rq1,neg10_cat12,neg10,60873,acorn,128,3,66,0.8924,0.4848,0.00246,1.724,2.127,2.158,1.745,3770.8,10.0,23093.9,133.0,5.0,5.0,0.0,0.0,0.0,0.0,0.00,acorn:66
beir500k-rq1,neg10_cat12,neg10,60873,acorn,256,1,66,0.9409,0.6364,0.00141,3.112,3.677,3.916,3.097,6303.8,10.0,36638.5,259.7,8.0,8.0,0.0,0.0,0.0,0.0,0.00,acorn:66
beir500k-rq1,neg10_cat12,neg10,60873,acorn,256,2,66,0.9409,0.6364,0.00141,2.978,3.529,3.657,2.989,6303.8,10.0,36638.5,259.7,8.0,8.0,0.0,0.0,0.0,0.0,0.00,acorn:66
beir500k-rq1,neg10_cat12,neg10,60873,acorn,256,3,66,0.9409,0.6364,0.00141,3.196,3.903,4.008,3.245,6303.8,10.0,36638.5,259.7,8.0,8.0,0.0,0.0,0.0,0.0,0.00,acorn:66
beir500k-rq1,neg10_cat12,neg10,60873,acorn,512,1,66,0.9742,0.8030,0.00047,5.120,5.945,6.057,5.095,10300.9,10.0,56878.4,515.2,15.0,15.0,0.0,0.0,0.0,0.0,0.00,acorn:66
beir500k-rq1,neg10_cat12,neg10,60873,acorn,512,2,66,0.9742,0.8030,0.00047,5.013,5.883,6.030,5.040,10300.9,10.0,56878.4,515.2,15.0,15.0,0.0,0.0,0.0,0.0,0.00,acorn:66
beir500k-rq1,neg10_cat12,neg10,60873,acorn,512,3,66,0.9742,0.8030,0.00047,5.115,6.700,6.845,5.167,10300.9,10.0,56878.4,515.2,15.0,15.0,0.0,0.0,0.0,0.0,0.00,acorn:66
beir500k-rq1,neg10_cat12,neg10,60873,pathseer,64,1,66,0.9394,0.5455,0.00054,13.711,21.584,25.715,12.842,13972.0,0.0,56845.2,10621.9,3.0,1137.0,161.0,3.3,33293.3,2.5,181.36,pathseer:66
beir500k-rq1,neg10_cat12,neg10,60873,pathseer,64,2,66,0.9394,0.5455,0.00054,13.850,23.080,26.946,13.222,13972.0,0.0,56845.2,10621.9,3.0,1137.0,161.0,3.3,33293.3,2.5,181.36,pathseer:66
beir500k-rq1,neg10_cat12,neg10,60873,pathseer,64,3,66,0.9394,0.5455,0.00054,14.052,22.535,27.415,13.330,13972.0,0.0,56845.2,10621.9,3.0,1137.0,161.0,3.3,33293.3,2.5,181.36,pathseer:66
beir500k-rq1,neg10_cat12,neg10,60873,pathseer,128,1,66,0.9848,0.8485,0.00011,21.689,30.838,31.559,20.135,21795.7,0.0,75616.8,15923.4,5.0,2263.0,284.1,4.8,39813.5,4.4,339.41,pathseer:66
beir500k-rq1,neg10_cat12,neg10,60873,pathseer,128,2,66,0.9848,0.8485,0.00011,20.123,30.442,30.923,18.776,21795.7,0.0,75616.8,15923.4,5.0,2263.0,284.1,4.8,39813.5,4.4,339.41,pathseer:66
beir500k-rq1,neg10_cat12,neg10,60873,pathseer,128,3,66,0.9848,0.8485,0.00011,19.603,29.044,33.576,18.922,21795.7,0.0,75616.8,15923.4,5.0,2263.0,284.1,4.8,39813.5,4.4,339.41,pathseer:66
beir500k-rq1,neg10_cat12,neg10,60873,pathseer,256,1,66,0.9939,0.9394,0.00004,29.274,38.165,40.150,27.538,32074.3,0.0,98403.6,22302.7,11.0,4238.0,616.7,9.5,47353.0,9.6,599.18,pathseer:66
beir500k-rq1,neg10_cat12,neg10,60873,pathseer,256,2,66,0.9939,0.9394,0.00004,28.131,39.416,39.873,26.579,32074.3,0.0,98403.6,22302.7,11.0,4238.0,616.7,9.5,47353.0,9.6,599.18,pathseer:66
beir500k-rq1,neg10_cat12,neg10,60873,pathseer,256,3,66,0.9939,0.9394,0.00004,29.049,40.989,42.335,27.357,32074.3,0.0,98403.6,22302.7,11.0,4238.0,616.7,9.5,47353.0,9.6,599.18,pathseer:66
beir500k-rq1,neg10_cat12,neg10,60873,pathseer,512,1,66,1.0000,1.0000,0.00000,41.370,54.503,58.362,39.843,46254.8,0.0,129193.3,30317.7,22.0,7819.0,1373.1,19.3,58104.3,21.5,1022.00,pathseer:66
beir500k-rq1,neg10_cat12,neg10,60873,pathseer,512,2,66,1.0000,1.0000,0.00000,42.574,55.770,60.448,40.634,46254.8,0.0,129193.3,30317.7,22.0,7819.0,1373.1,19.3,58104.3,21.5,1022.00,pathseer:66
beir500k-rq1,neg10_cat12,neg10,60873,pathseer,512,3,66,1.0000,1.0000,0.00000,40.899,56.048,57.567,39.745,46254.8,0.0,129193.3,30317.7,22.0,7819.0,1373.1,19.3,58104.3,21.5,1022.00,pathseer:66
beir500k-rq1,neg10_cat13,neg10,62221,sweeping,64,1,54,0.9870,0.8889,0.00010,4.640,11.601,15.669,5.637,23992.9,0.0,5161.0,2854.4,4.0,102.0,0.0,0.0,0.0,0.0,0.00,sweeping:54
beir500k-rq1,neg10_cat13,neg10,62221,sweeping,64,2,54,0.9870,0.8889,0.00010,4.301,11.603,15.731,5.567,23992.9,0.0,5161.0,2854.4,4.0,102.0,0.0,0.0,0.0,0.0,0.00,sweeping:54
beir500k-rq1,neg10_cat13,neg10,62221,sweeping,64,3,54,0.9870,0.8889,0.00010,4.639,13.459,16.959,5.998,23992.9,0.0,5161.0,2854.4,4.0,102.0,0.0,0.0,0.0,0.0,0.00,sweeping:54
beir500k-rq1,neg10_cat13,neg10,62221,sweeping,128,1,54,0.9963,0.9630,0.00003,7.744,21.847,24.555,9.474,34793.4,0.0,8040.7,4439.1,6.0,190.0,0.0,0.0,0.0,0.0,0.00,sweeping:54
beir500k-rq1,neg10_cat13,neg10,62221,sweeping,128,2,54,0.9963,0.9630,0.00003,7.653,21.409,22.891,9.191,34793.4,0.0,8040.7,4439.1,6.0,190.0,0.0,0.0,0.0,0.0,0.00,sweeping:54
beir500k-rq1,neg10_cat13,neg10,62221,sweeping,128,3,54,0.9963,0.9630,0.00003,7.083,20.945,21.689,8.655,34793.4,0.0,8040.7,4439.1,6.0,190.0,0.0,0.0,0.0,0.0,0.00,sweeping:54
beir500k-rq1,neg10_cat13,neg10,62221,sweeping,256,1,54,1.0000,1.0000,0.00000,12.514,32.872,34.632,14.546,51366.6,0.0,12564.6,7104.4,11.0,434.0,0.0,0.0,0.0,0.0,0.00,sweeping:54
beir500k-rq1,neg10_cat13,neg10,62221,sweeping,256,2,54,1.0000,1.0000,0.00000,11.610,30.953,33.229,13.929,51366.6,0.0,12564.6,7104.4,11.0,434.0,0.0,0.0,0.0,0.0,0.00,sweeping:54
beir500k-rq1,neg10_cat13,neg10,62221,sweeping,256,3,54,1.0000,1.0000,0.00000,11.523,29.766,32.800,13.793,51366.6,0.0,12564.6,7104.4,11.0,434.0,0.0,0.0,0.0,0.0,0.00,sweeping:54
beir500k-rq1,neg10_cat13,neg10,62221,sweeping,512,1,54,1.0000,1.0000,0.00000,18.577,47.703,52.547,22.132,75399.0,0.0,19896.6,11323.4,24.0,833.0,0.0,0.0,0.0,0.0,0.00,sweeping:54
beir500k-rq1,neg10_cat13,neg10,62221,sweeping,512,2,54,1.0000,1.0000,0.00000,18.880,47.718,48.851,22.231,75399.0,0.0,19896.6,11323.4,24.0,833.0,0.0,0.0,0.0,0.0,0.00,sweeping:54
beir500k-rq1,neg10_cat13,neg10,62221,sweeping,512,3,54,1.0000,1.0000,0.00000,18.214,46.586,47.326,21.718,75399.0,0.0,19896.6,11323.4,24.0,833.0,0.0,0.0,0.0,0.0,0.00,sweeping:54
beir500k-rq1,neg10_cat13,neg10,62221,acorn,64,1,54,0.9241,0.6111,0.00154,0.972,1.316,1.652,0.945,1578.4,10.0,11630.4,67.9,3.0,3.0,0.0,0.0,0.0,0.0,0.00,acorn:52|rre:2
beir500k-rq1,neg10_cat13,neg10,62221,acorn,64,2,54,0.9241,0.6111,0.00154,0.926,1.310,1.552,0.925,1578.4,10.0,11630.4,67.9,3.0,3.0,0.0,0.0,0.0,0.0,0.00,acorn:52|rre:2
beir500k-rq1,neg10_cat13,neg10,62221,acorn,64,3,54,0.9241,0.6111,0.00154,0.972,1.362,1.614,0.966,1578.4,10.0,11630.4,67.9,3.0,3.0,0.0,0.0,0.0,0.0,0.00,acorn:52|rre:2
beir500k-rq1,neg10_cat13,neg10,62221,acorn,128,1,54,0.9537,0.7222,0.00089,1.696,2.665,2.876,1.747,2636.8,10.0,18232.3,132.2,5.0,5.0,0.0,0.0,0.0,0.0,0.00,acorn:52|rre:2
beir500k-rq1,neg10_cat13,neg10,62221,acorn,128,2,54,0.9537,0.7222,0.00089,1.636,2.200,2.399,1.611,2636.8,10.0,18232.3,132.2,5.0,5.0,0.0,0.0,0.0,0.0,0.00,acorn:52|rre:2
beir500k-rq1,neg10_cat13,neg10,62221,acorn,128,3,54,0.9537,0.7222,0.00089,1.595,2.183,2.375,1.565,2636.8,10.0,18232.3,132.2,5.0,5.0,0.0,0.0,0.0,0.0,0.00,acorn:52|rre:2
beir500k-rq1,neg10_cat13,neg10,62221,acorn,256,1,54,0.9741,0.8333,0.00055,2.592,3.717,3.865,2.599,4352.6,10.0,28752.9,259.3,9.0,9.0,0.0,0.0,0.0,0.0,0.00,acorn:52|rre:2
beir500k-rq1,neg10_cat13,neg10,62221,acorn,256,2,54,0.9741,0.8333,0.00055,2.602,3.678,4.549,2.983,4352.6,10.0,28752.9,259.3,9.0,9.0,0.0,0.0,0.0,0.0,0.00,acorn:52|rre:2
beir500k-rq1,neg10_cat13,neg10,62221,acorn,256,3,54,0.9741,0.8333,0.00055,2.776,3.783,4.154,2.744,4352.6,10.0,28752.9,259.3,9.0,9.0,0.0,0.0,0.0,0.0,0.00,acorn:52|rre:2
beir500k-rq1,neg10_cat13,neg10,62221,acorn,512,1,54,0.9870,0.9074,0.00021,4.535,6.206,7.171,4.594,7164.9,10.0,45359.9,515.5,19.0,18.0,0.0,0.0,0.0,0.0,0.00,acorn:52|rre:2
beir500k-rq1,neg10_cat13,neg10,62221,acorn,512,2,54,0.9870,0.9074,0.00021,4.364,5.893,6.352,4.435,7164.9,10.0,45359.9,515.5,19.0,18.0,0.0,0.0,0.0,0.0,0.00,acorn:52|rre:2
beir500k-rq1,neg10_cat13,neg10,62221,acorn,512,3,54,0.9870,0.9074,0.00021,4.507,6.217,6.753,4.453,7164.9,10.0,45359.9,515.5,19.0,18.0,0.0,0.0,0.0,0.0,0.00,acorn:52|rre:2
beir500k-rq1,neg10_cat13,neg10,62221,pathseer,64,1,54,0.9685,0.8148,0.00034,1.889,4.964,6.625,2.285,3539.8,0.0,13876.0,1342.4,3.0,93.0,158.8,10.1,9685.8,2.5,216.33,pathseer:54
beir500k-rq1,neg10_cat13,neg10,62221,pathseer,64,2,54,0.9685,0.8148,0.00034,1.988,4.967,6.538,2.381,3539.8,0.0,13876.0,1342.4,3.0,93.0,158.8,10.1,9685.8,2.5,216.33,pathseer:54
beir500k-rq1,neg10_cat13,neg10,62221,pathseer,64,3,54,0.9685,0.8148,0.00034,1.857,4.939,6.553,2.255,3539.8,0.0,13876.0,1342.4,3.0,93.0,158.8,10.1,9685.8,2.5,216.33,pathseer:54
beir500k-rq1,neg10_cat13,neg10,62221,pathseer,128,1,54,0.9833,0.9074,0.00021,3.187,7.521,9.549,3.657,5872.8,0.0,20784.4,2245.6,5.0,170.0,282.1,19.1,13853.0,4.4,392.41,pathseer:54
beir500k-rq1,neg10_cat13,neg10,62221,pathseer,128,2,54,0.9833,0.9074,0.00021,3.310,7.818,9.689,3.681,5872.8,0.0,20784.4,2245.6,5.0,170.0,282.1,19.1,13853.0,4.4,392.41,pathseer:54
beir500k-rq1,neg10_cat13,neg10,62221,pathseer,128,3,54,0.9833,0.9074,0.00021,3.477,8.389,10.771,3.993,5872.8,0.0,20784.4,2245.6,5.0,170.0,282.1,19.1,13853.0,4.4,392.41,pathseer:54
beir500k-rq1,neg10_cat13,neg10,62221,pathseer,256,1,54,0.9981,0.9815,0.00000,6.289,12.161,14.618,6.474,9933.7,0.0,32050.9,3829.3,10.0,386.0,549.9,33.4,20326.9,8.6,713.91,pathseer:54
beir500k-rq1,neg10_cat13,neg10,62221,pathseer,256,2,54,0.9981,0.9815,0.00000,5.783,12.185,14.478,6.313,9933.7,0.0,32050.9,3829.3,10.0,386.0,549.9,33.4,20326.9,8.6,713.91,pathseer:54
beir500k-rq1,neg10_cat13,neg10,62221,pathseer,256,3,54,0.9981,0.9815,0.00000,5.489,11.695,14.727,6.201,9933.7,0.0,32050.9,3829.3,10.0,386.0,549.9,33.4,20326.9,8.6,713.91,pathseer:54
beir500k-rq1,neg10_cat13,neg10,62221,pathseer,512,1,54,1.0000,1.0000,0.00000,9.841,20.174,22.805,10.592,16541.1,0.0,48658.4,6410.8,20.0,722.0,1174.5,74.7,29029.7,18.4,1278.81,pathseer:54
beir500k-rq1,neg10_cat13,neg10,62221,pathseer,512,2,54,1.0000,1.0000,0.00000,10.315,20.541,20.719,10.617,16541.1,0.0,48658.4,6410.8,20.0,722.0,1174.5,74.7,29029.7,18.4,1278.81,pathseer:54
beir500k-rq1,neg10_cat13,neg10,62221,pathseer,512,3,54,1.0000,1.0000,0.00000,9.553,20.188,20.547,10.288,16541.1,0.0,48658.4,6410.8,20.0,722.0,1174.5,74.7,29029.7,18.4,1278.81,pathseer:54
beir500k-rq1,neg10_cat14,neg10,63772,sweeping,64,1,6,0.9167,0.5000,0.00086,16.464,21.674,21.674,14.820,49597.0,0.0,15759.3,9138.2,4.0,696.0,0.0,0.0,0.0,0.0,0.00,sweeping:6
beir500k-rq1,neg10_cat14,neg10,63772,sweeping,64,2,6,0.9167,0.5000,0.00086,19.177,22.363,22.363,16.122,49597.0,0.0,15759.3,9138.2,4.0,696.0,0.0,0.0,0.0,0.0,0.00,sweeping:6
beir500k-rq1,neg10_cat14,neg10,63772,sweeping,64,3,6,0.9167,0.5000,0.00086,18.078,25.719,25.719,17.029,49597.0,0.0,15759.3,9138.2,4.0,696.0,0.0,0.0,0.0,0.0,0.00,sweeping:6
beir500k-rq1,neg10_cat14,neg10,63772,sweeping,128,1,6,0.9333,0.5000,0.00060,25.624,34.736,34.736,24.241,66532.5,0.0,22858.0,13182.2,7.0,1441.0,0.0,0.0,0.0,0.0,0.00,sweeping:6
beir500k-rq1,neg10_cat14,neg10,63772,sweeping,128,2,6,0.9333,0.5000,0.00060,25.152,37.020,37.020,24.349,66532.5,0.0,22858.0,13182.2,7.0,1441.0,0.0,0.0,0.0,0.0,0.00,sweeping:6
beir500k-rq1,neg10_cat14,neg10,63772,sweeping,128,3,6,0.9333,0.5000,0.00060,25.261,32.666,32.666,23.176,66532.5,0.0,22858.0,13182.2,7.0,1441.0,0.0,0.0,0.0,0.0,0.00,sweeping:6
beir500k-rq1,neg10_cat14,neg10,63772,sweeping,256,1,6,0.9667,0.6667,0.00025,31.598,38.347,38.347,28.906,87202.2,0.0,32838.8,18053.0,11.0,2905.0,0.0,0.0,0.0,0.0,0.00,sweeping:6
beir500k-rq1,neg10_cat14,neg10,63772,sweeping,256,2,6,0.9667,0.6667,0.00025,35.905,42.055,42.055,32.644,87202.2,0.0,32838.8,18053.0,11.0,2905.0,0.0,0.0,0.0,0.0,0.00,sweeping:6
beir500k-rq1,neg10_cat14,neg10,63772,sweeping,256,3,6,0.9667,0.6667,0.00025,33.973,43.416,43.416,32.732,87202.2,0.0,32838.8,18053.0,11.0,2905.0,0.0,0.0,0.0,0.0,0.00,sweeping:6
beir500k-rq1,neg10_cat14,neg10,63772,sweeping,512,1,6,1.0000,1.0000,0.00000,45.753,53.521,53.521,43.167,118137.0,0.0,47388.7,24870.8,24.0,5151.0,0.0,0.0,0.0,0.0,0.00,sweeping:6
beir500k-rq1,neg10_cat14,neg10,63772,sweeping,512,2,6,1.0000,1.0000,0.00000,43.681,50.867,50.867,41.115,118137.0,0.0,47388.7,24870.8,24.0,5151.0,0.0,0.0,0.0,0.0,0.00,sweeping:6
beir500k-rq1,neg10_cat14,neg10,63772,sweeping,512,3,6,1.0000,1.0000,0.00000,45.674,51.324,51.324,42.665,118137.0,0.0,47388.7,24870.8,24.0,5151.0,0.0,0.0,0.0,0.0,0.00,sweeping:6
beir500k-rq1,neg10_cat14,neg10,63772,acorn,64,1,6,0.7833,0.1667,0.00594,0.946,1.197,1.197,0.933,1187.0,10.0,13890.3,66.7,4.0,3.0,0.0,0.0,0.0,0.0,0.00,acorn:6
beir500k-rq1,neg10_cat14,neg10,63772,acorn,64,2,6,0.7833,0.1667,0.00594,0.909,1.144,1.144,0.907,1187.0,10.0,13890.3,66.7,4.0,3.0,0.0,0.0,0.0,0.0,0.00,acorn:6
beir500k-rq1,neg10_cat14,neg10,63772,acorn,64,3,6,0.7833,0.1667,0.00594,0.972,1.115,1.115,0.941,1187.0,10.0,13890.3,66.7,4.0,3.0,0.0,0.0,0.0,0.0,0.00,acorn:6
beir500k-rq1,neg10_cat14,neg10,63772,acorn,128,1,6,0.8000,0.1667,0.00576,1.577,1.679,1.679,1.451,1983.8,10.0,20232.2,130.3,5.0,5.0,0.0,0.0,0.0,0.0,0.00,acorn:6
beir500k-rq1,neg10_cat14,neg10,63772,acorn,128,2,6,0.8000,0.1667,0.00576,1.413,1.678,1.678,1.384,1983.8,10.0,20232.2,130.3,5.0,5.0,0.0,0.0,0.0,0.0,0.00,acorn:6
beir500k-rq1,neg10_cat14,neg10,63772,acorn,128,3,6,0.8000,0.1667,0.00576,1.539,1.797,1.797,1.478,1983.8,10.0,20232.2,130.3,5.0,5.0,0.0,0.0,0.0,0.0,0.00,acorn:6
beir500k-rq1,neg10_cat14,neg10,63772,acorn,256,1,6,0.8667,0.3333,0.00179,2.329,2.927,2.927,2.293,3466.0,10.0,29872.8,258.5,10.0,10.0,0.0,0.0,0.0,0.0,0.00,acorn:6
beir500k-rq1,neg10_cat14,neg10,63772,acorn,256,2,6,0.8667,0.3333,0.00179,2.187,2.893,2.893,2.230,3466.0,10.0,29872.8,258.5,10.0,10.0,0.0,0.0,0.0,0.0,0.00,acorn:6
beir500k-rq1,neg10_cat14,neg10,63772,acorn,256,3,6,0.8667,0.3333,0.00179,2.114,2.849,2.849,2.223,3466.0,10.0,29872.8,258.5,10.0,10.0,0.0,0.0,0.0,0.0,0.00,acorn:6
beir500k-rq1,neg10_cat14,neg10,63772,acorn,512,1,6,0.9333,0.5000,0.00055,4.127,4.590,4.590,3.920,6254.7,10.0,43207.5,515.0,29.0,28.0,0.0,0.0,0.0,0.0,0.00,acorn:6
beir500k-rq1,neg10_cat14,neg10,63772,acorn,512,2,6,0.9333,0.5000,0.00055,3.904,4.346,4.346,3.751,6254.7,10.0,43207.5,515.0,29.0,28.0,0.0,0.0,0.0,0.0,0.00,acorn:6
beir500k-rq1,neg10_cat14,neg10,63772,acorn,512,3,6,0.9333,0.5000,0.00055,4.057,4.194,4.194,3.775,6254.7,10.0,43207.5,515.0,29.0,28.0,0.0,0.0,0.0,0.0,0.00,acorn:6
beir500k-rq1,neg10_cat14,neg10,63772,pathseer,64,1,6,0.9167,0.5000,0.00086,6.949,11.746,11.746,7.115,9384.0,0.0,39096.7,5423.3,4.0,696.0,170.7,2.2,24771.0,2.7,310.83,pathseer:6
beir500k-rq1,neg10_cat14,neg10,63772,pathseer,64,2,6,0.9167,0.5000,0.00086,7.271,11.358,11.358,7.106,9384.0,0.0,39096.7,5423.3,4.0,696.0,170.7,2.2,24771.0,2.7,310.83,pathseer:6
beir500k-rq1,neg10_cat14,neg10,63772,pathseer,64,3,6,0.9167,0.5000,0.00086,7.060,11.101,11.101,7.107,9384.0,0.0,39096.7,5423.3,4.0,696.0,170.7,2.2,24771.0,2.7,310.83,pathseer:6
beir500k-rq1,neg10_cat14,neg10,63772,pathseer,128,1,6,0.9167,0.5000,0.00086,11.114,16.673,16.673,11.171,14996.3,0.0,53586.2,8466.7,7.0,1421.0,330.7,3.7,30981.3,5.2,474.83,pathseer:6
beir500k-rq1,neg10_cat14,neg10,63772,pathseer,128,2,6,0.9167,0.5000,0.00086,12.113,19.389,19.389,12.684,14996.3,0.0,53586.2,8466.7,7.0,1421.0,330.7,3.7,30981.3,5.2,474.83,pathseer:6
beir500k-rq1,neg10_cat14,neg10,63772,pathseer,128,3,6,0.9167,0.5000,0.00086,11.447,19.029,19.029,12.340,14996.3,0.0,53586.2,8466.7,7.0,1421.0,330.7,3.7,30981.3,5.2,474.83,pathseer:6
beir500k-rq1,neg10_cat14,neg10,63772,pathseer,256,1,6,0.9500,0.6667,0.00052,17.655,24.936,24.936,17.474,23936.2,0.0,72961.7,12841.7,11.0,2885.0,640.0,5.8,37888.3,10.0,594.67,pathseer:6
beir500k-rq1,neg10_cat14,neg10,63772,pathseer,256,2,6,0.9500,0.6667,0.00052,18.345,23.639,23.639,17.244,23936.2,0.0,72961.7,12841.7,11.0,2885.0,640.0,5.8,37888.3,10.0,594.67,pathseer:6
beir500k-rq1,neg10_cat14,neg10,63772,pathseer,256,3,6,0.9500,0.6667,0.00052,19.760,43.242,43.242,22.230,23936.2,0.0,72961.7,12841.7,11.0,2885.0,640.0,5.8,37888.3,10.0,594.67,pathseer:6
beir500k-rq1,neg10_cat14,neg10,63772,pathseer,512,1,6,0.9833,0.8333,0.00026,28.942,34.987,34.987,26.387,36622.3,0.0,99073.3,18509.0,22.0,5117.0,1344.0,23.7,47326.5,21.0,704.67,pathseer:6
beir500k-rq1,neg10_cat14,neg10,63772,pathseer,512,2,6,0.9833,0.8333,0.00026,29.823,36.988,36.988,27.292,36622.3,0.0,99073.3,18509.0,22.0,5117.0,1344.0,23.7,47326.5,21.0,704.67,pathseer:6
beir500k-rq1,neg10_cat14,neg10,63772,pathseer,512,3,6,0.9833,0.8333,0.00026,27.064,33.417,33.417,24.986,36622.3,0.0,99073.3,18509.0,22.0,5117.0,1344.0,23.7,47326.5,21.0,704.67,pathseer:6
beir500k-rq1,neg10_cat15,neg10,63900,sweeping,64,1,84,0.9417,0.6071,0.00133,3.212,12.080,15.321,4.649,20988.1,0.0,4130.1,1984.7,4.0,49.0,0.0,0.0,0.0,0.0,0.00,sweeping:84
beir500k-rq1,neg10_cat15,neg10,63900,sweeping,64,2,84,0.9417,0.6071,0.00133,3.217,11.849,17.136,4.871,20988.1,0.0,4130.1,1984.7,4.0,49.0,0.0,0.0,0.0,0.0,0.00,sweeping:84
beir500k-rq1,neg10_cat15,neg10,63900,sweeping,64,3,84,0.9417,0.6071,0.00133,3.392,12.317,17.154,4.982,20988.1,0.0,4130.1,1984.7,4.0,49.0,0.0,0.0,0.0,0.0,0.00,sweeping:84
beir500k-rq1,neg10_cat15,neg10,63900,sweeping,128,1,84,0.9714,0.8452,0.00060,5.386,18.758,26.442,7.675,30746.0,0.0,6587.5,3066.3,6.0,100.0,0.0,0.0,0.0,0.0,0.00,sweeping:84
beir500k-rq1,neg10_cat15,neg10,63900,sweeping,128,2,84,0.9714,0.8452,0.00060,5.337,18.784,24.575,7.292,30746.0,0.0,6587.5,3066.3,6.0,100.0,0.0,0.0,0.0,0.0,0.00,sweeping:84
beir500k-rq1,neg10_cat15,neg10,63900,sweeping,128,3,84,0.9714,0.8452,0.00060,5.184,17.902,26.915,7.462,30746.0,0.0,6587.5,3066.3,6.0,100.0,0.0,0.0,0.0,0.0,0.00,sweeping:84
beir500k-rq1,neg10_cat15,neg10,63900,sweeping,256,1,84,0.9917,0.9167,0.00022,7.829,26.675,36.840,11.109,45325.6,0.0,10564.3,4817.0,11.0,205.0,0.0,0.0,0.0,0.0,0.00,sweeping:84
beir500k-rq1,neg10_cat15,neg10,63900,sweeping,256,2,84,0.9917,0.9167,0.00022,8.396,27.203,39.662,11.750,45325.6,0.0,10564.3,4817.0,11.0,205.0,0.0,0.0,0.0,0.0,0.00,sweeping:84
beir500k-rq1,neg10_cat15,neg10,63900,sweeping,256,3,84,0.9917,0.9167,0.00022,8.280,28.214,39.081,11.521,45325.6,0.0,10564.3,4817.0,11.0,205.0,0.0,0.0,0.0,0.0,0.00,sweeping:84
beir500k-rq1,neg10_cat15,neg10,63900,sweeping,512,1,84,0.9976,0.9762,0.00003,14.267,44.424,54.214,17.738,66678.3,0.0,16882.9,7679.9,23.0,360.0,0.0,0.0,0.0,0.0,0.00,sweeping:84
beir500k-rq1,neg10_cat15,neg10,63900,sweeping,512,2,84,0.9976,0.9762,0.00003,14.093,45.503,53.866,17.419,66678.3,0.0,16882.9,7679.9,23.0,360.0,0.0,0.0,0.0,0.0,0.00,sweeping:84
beir500k-rq1,neg10_cat15,neg10,63900,sweeping,512,3,84,0.9976,0.9762,0.00003,14.080,40.986,52.890,17.467,66678.3,0.0,16882.9,7679.9,23.0,360.0,0.0,0.0,0.0,0.0,0.00,sweeping:84
beir500k-rq1,neg10_cat15,neg10,63900,acorn,64,1,84,0.8798,0.4524,0.00337,1.127,1.629,1.978,1.105,2424.5,10.0,12552.2,68.2,3.0,3.0,0.0,0.0,0.0,0.0,0.00,acorn:74|rre:10
beir500k-rq1,neg10_cat15,neg10,63900,acorn,64,2,84,0.8798,0.4524,0.00337,1.138,1.594,1.846,1.097,2424.5,10.0,12552.2,68.2,3.0,3.0,0.0,0.0,0.0,0.0,0.00,acorn:74|rre:10
beir500k-rq1,neg10_cat15,neg10,63900,acorn,64,3,84,0.8798,0.4524,0.00337,1.138,1.630,1.935,1.103,2424.5,10.0,12552.2,68.2,3.0,3.0,0.0,0.0,0.0,0.0,0.00,acorn:74|rre:10
beir500k-rq1,neg10_cat15,neg10,63900,acorn,128,1,84,0.9226,0.5714,0.00186,2.050,2.803,3.066,1.952,3989.1,10.0,19336.8,131.1,3.0,3.0,0.0,0.0,0.0,0.0,0.00,acorn:74|rre:10
beir500k-rq1,neg10_cat15,neg10,63900,acorn,128,2,84,0.9226,0.5714,0.00186,2.102,2.887,3.413,1.978,3989.1,10.0,19336.8,131.1,3.0,3.0,0.0,0.0,0.0,0.0,0.00,acorn:74|rre:10
beir500k-rq1,neg10_cat15,neg10,63900,acorn,128,3,84,0.9226,0.5714,0.00186,1.928,2.659,2.918,1.807,3989.1,10.0,19336.8,131.1,3.0,3.0,0.0,0.0,0.0,0.0,0.00,acorn:74|rre:10
beir500k-rq1,neg10_cat15,neg10,63900,acorn,256,1,84,0.9667,0.7024,0.00100,3.605,4.859,5.124,3.358,6509.5,10.0,29762.9,258.6,6.0,6.0,0.0,0.0,0.0,0.0,0.00,acorn:74|rre:10
beir500k-rq1,neg10_cat15,neg10,63900,acorn,256,2,84,0.9667,0.7024,0.00100,3.396,4.553,5.152,3.268,6509.5,10.0,29762.9,258.6,6.0,6.0,0.0,0.0,0.0,0.0,0.00,acorn:74|rre:10
beir500k-rq1,neg10_cat15,neg10,63900,acorn,256,3,84,0.9667,0.7024,0.00100,3.271,4.198,4.574,3.025,6509.5,10.0,29762.9,258.6,6.0,6.0,0.0,0.0,0.0,0.0,0.00,acorn:74|rre:10
beir500k-rq1,neg10_cat15,neg10,63900,acorn,512,1,84,0.9857,0.8690,0.00055,5.371,6.824,7.299,5.045,10468.1,10.0,45132.7,514.9,11.0,11.0,0.0,0.0,0.0,0.0,0.00,acorn:74|rre:10
beir500k-rq1,neg10_cat15,neg10,63900,acorn,512,2,84,0.9857,0.8690,0.00055,5.315,6.914,7.161,5.075,10468.1,10.0,45132.7,514.9,11.0,11.0,0.0,0.0,0.0,0.0,0.00,acorn:74|rre:10
beir500k-rq1,neg10_cat15,neg10,63900,acorn,512,3,84,0.9857,0.8690,0.00055,5.381,7.099,7.721,5.163,10468.1,10.0,45132.7,514.9,11.0,11.0,0.0,0.0,0.0,0.0,0.00,acorn:74|rre:10
beir500k-rq1,neg10_cat15,neg10,63900,pathseer,64,1,84,0.9179,0.5119,0.00194,1.178,4.032,9.025,1.825,3119.7,0.0,9656.6,812.8,3.0,44.0,150.1,16.0,6682.3,2.3,145.56,pathseer:84
beir500k-rq1,neg10_cat15,neg10,63900,pathseer,64,2,84,0.9179,0.5119,0.00194,1.230,4.035,8.914,1.807,3119.7,0.0,9656.6,812.8,3.0,44.0,150.1,16.0,6682.3,2.3,145.56,pathseer:84
beir500k-rq1,neg10_cat15,neg10,63900,pathseer,64,3,84,0.9179,0.5119,0.00194,1.255,3.910,8.613,1.817,3119.7,0.0,9656.6,812.8,3.0,44.0,150.1,16.0,6682.3,2.3,145.56,pathseer:84
beir500k-rq1,neg10_cat15,neg10,63900,pathseer,128,1,84,0.9619,0.7381,0.00091,2.084,6.818,14.019,3.004,5376.8,0.0,15163.8,1356.4,5.0,87.0,284.2,29.8,10154.6,4.4,272.44,pathseer:84
beir500k-rq1,neg10_cat15,neg10,63900,pathseer,128,2,84,0.9619,0.7381,0.00091,2.076,6.242,12.595,2.877,5376.8,0.0,15163.8,1356.4,5.0,87.0,284.2,29.8,10154.6,4.4,272.44,pathseer:84
beir500k-rq1,neg10_cat15,neg10,63900,pathseer,128,3,84,0.9619,0.7381,0.00091,2.183,6.373,12.627,2.952,5376.8,0.0,15163.8,1356.4,5.0,87.0,284.2,29.8,10154.6,4.4,272.44,pathseer:84
beir500k-rq1,neg10_cat15,neg10,63900,pathseer,256,1,84,0.9881,0.8929,0.00026,3.555,9.474,19.097,4.878,9273.6,0.0,24032.0,2284.2,9.0,160.0,546.3,58.6,15457.3,8.5,507.30,pathseer:84
beir500k-rq1,neg10_cat15,neg10,63900,pathseer,256,2,84,0.9881,0.8929,0.00026,3.459,9.567,19.132,4.773,9273.6,0.0,24032.0,2284.2,9.0,160.0,546.3,58.6,15457.3,8.5,507.30,pathseer:84
beir500k-rq1,neg10_cat15,neg10,63900,pathseer,256,3,84,0.9881,0.8929,0.00026,3.600,9.579,21.731,4.951,9273.6,0.0,24032.0,2284.2,9.0,160.0,546.3,58.6,15457.3,8.5,507.30,pathseer:84
beir500k-rq1,neg10_cat15,neg10,63900,pathseer,512,1,84,0.9976,0.9762,0.00003,6.738,15.928,30.169,8.576,15767.2,0.0,38165.6,3860.0,18.0,324.0,1155.8,118.4,23475.7,18.1,922.88,pathseer:84
beir500k-rq1,neg10_cat15,neg10,63900,pathseer,512,2,84,0.9976,0.9762,0.00003,6.769,16.511,29.601,8.467,15767.2,0.0,38165.6,3860.0,18.0,324.0,1155.8,118.4,23475.7,18.1,922.88,pathseer:84
beir500k-rq1,neg10_cat15,neg10,63900,pathseer,512,3,84,0.9976,0.9762,0.00003,6.581,15.858,29.046,8.209,15767.2,0.0,38165.6,3860.0,18.0,324.0,1155.8,118.4,23475.7,18.1,922.88,pathseer:84
beir500k-rq1,neg10_cat16,neg10,51796,sweeping,64,1,42,0.9714,0.8333,0.00033,6.163,13.285,14.401,6.719,24571.8,0.0,7280.5,4774.9,4.0,198.0,0.0,0.0,0.0,0.0,0.00,sweeping:42
beir500k-rq1,neg10_cat16,neg10,51796,sweeping,64,2,42,0.9714,0.8333,0.00033,6.656,14.169,16.298,7.255,24571.8,0.0,7280.5,4774.9,4.0,198.0,0.0,0.0,0.0,0.0,0.00,sweeping:42
beir500k-rq1,neg10_cat16,neg10,51796,sweeping,64,3,42,0.9714,0.8333,0.00033,6.903,14.125,14.384,6.976,24571.8,0.0,7280.5,4774.9,4.0,198.0,0.0,0.0,0.0,0.0,0.00,sweeping:42
beir500k-rq1,neg10_cat16,neg10,51796,sweeping,128,1,42,0.9929,0.9286,0.00008,9.720,17.640,18.113,9.842,31254.9,0.0,10212.0,6695.9,7.0,464.0,0.0,0.0,0.0,0.0,0.00,sweeping:42
beir500k-rq1,neg10_cat16,neg10,51796,sweeping,128,2,42,0.9929,0.9286,0.00008,9.154,17.110,18.409,9.321,31254.9,0.0,10212.0,6695.9,7.0,464.0,0.0,0.0,0.0,0.0,0.00,sweeping:42
beir500k-rq1,neg10_cat16,neg10,51796,sweeping,128,3,42,0.9929,0.9286,0.00008,9.450,18.127,18.840,9.870,31254.9,0.0,10212.0,6695.9,7.0,464.0,0.0,0.0,0.0,0.0,0.00,sweeping:42
beir500k-rq1,neg10_cat16,neg10,51796,sweeping,256,1,42,1.0000,1.0000,0.00000,14.420,23.080,28.361,13.784,40164.6,0.0,14342.6,9469.5,14.0,753.0,0.0,0.0,0.0,0.0,0.00,sweeping:42
beir500k-rq1,neg10_cat16,neg10,51796,sweeping,256,2,42,1.0000,1.0000,0.00000,13.444,25.774,27.117,13.784,40164.6,0.0,14342.6,9469.5,14.0,753.0,0.0,0.0,0.0,0.0,0.00,sweeping:42
beir500k-rq1,neg10_cat16,neg10,51796,sweeping,256,3,42,1.0000,1.0000,0.00000,13.816,21.960,23.032,13.061,40164.6,0.0,14342.6,9469.5,14.0,753.0,0.0,0.0,0.0,0.0,0.00,sweeping:42
beir500k-rq1,neg10_cat16,neg10,51796,sweeping,512,1,42,1.0000,1.0000,0.00000,19.652,31.271,31.923,19.959,52898.9,0.0,20135.4,13470.5,32.0,1463.0,0.0,0.0,0.0,0.0,0.00,sweeping:42
beir500k-rq1,neg10_cat16,neg10,51796,sweeping,512,2,42,1.0000,1.0000,0.00000,19.222,28.644,30.338,19.232,52898.9,0.0,20135.4,13470.5,32.0,1463.0,0.0,0.0,0.0,0.0,0.00,sweeping:42
beir500k-rq1,neg10_cat16,neg10,51796,sweeping,512,3,42,1.0000,1.0000,0.00000,18.854,28.969,32.082,19.436,52898.9,0.0,20135.4,13470.5,32.0,1463.0,0.0,0.0,0.0,0.0,0.00,sweeping:42
beir500k-rq1,neg10_cat16,neg10,51796,acorn,64,1,42,0.9500,0.6667,0.00064,0.881,1.200,1.545,0.900,1737.0,10.0,10397.9,67.8,3.0,3.0,0.0,0.0,0.0,0.0,0.00,acorn:42
beir500k-rq1,neg10_cat16,neg10,51796,acorn,64,2,42,0.9500,0.6667,0.00064,0.880,1.161,1.399,0.894,1737.0,10.0,10397.9,67.8,3.0,3.0,0.0,0.0,0.0,0.0,0.00,acorn:42
beir500k-rq1,neg10_cat16,neg10,51796,acorn,64,3,42,0.9500,0.6667,0.00064,0.841,1.158,1.379,0.855,1737.0,10.0,10397.9,67.8,3.0,3.0,0.0,0.0,0.0,0.0,0.00,acorn:42
beir500k-rq1,neg10_cat16,neg10,51796,acorn,128,1,42,0.9857,0.9048,0.00027,1.337,1.786,1.947,1.363,2800.6,10.0,16341.6,131.4,4.0,4.0,0.0,0.0,0.0,0.0,0.00,acorn:42
beir500k-rq1,neg10_cat16,neg10,51796,acorn,128,2,42,0.9857,0.9048,0.00027,1.369,1.811,1.995,1.380,2800.6,10.0,16341.6,131.4,4.0,4.0,0.0,0.0,0.0,0.0,0.00,acorn:42
beir500k-rq1,neg10_cat16,neg10,51796,acorn,128,3,42,0.9857,0.9048,0.00027,1.391,1.856,2.024,1.405,2800.6,10.0,16341.6,131.4,4.0,4.0,0.0,0.0,0.0,0.0,0.00,acorn:42
beir500k-rq1,neg10_cat16,neg10,51796,acorn,256,1,42,0.9929,0.9524,0.00018,2.368,2.997,3.113,2.371,4544.4,10.0,25712.1,258.3,7.0,7.0,0.0,0.0,0.0,0.0,0.00,acorn:42
beir500k-rq1,neg10_cat16,neg10,51796,acorn,256,2,42,0.9929,0.9524,0.00018,2.371,2.982,3.254,2.374,4544.4,10.0,25712.1,258.3,7.0,7.0,0.0,0.0,0.0,0.0,0.00,acorn:42
beir500k-rq1,neg10_cat16,neg10,51796,acorn,256,3,42,0.9929,0.9524,0.00018,2.303,2.947,3.136,2.367,4544.4,10.0,25712.1,258.3,7.0,7.0,0.0,0.0,0.0,0.0,0.00,acorn:42
beir500k-rq1,neg10_cat16,neg10,51796,acorn,512,1,42,0.9976,0.9762,0.00006,4.094,5.466,5.558,4.258,7232.0,10.0,39785.0,514.3,16.0,15.0,0.0,0.0,0.0,0.0,0.00,acorn:42
beir500k-rq1,neg10_cat16,neg10,51796,acorn,512,2,42,0.9976,0.9762,0.00006,3.952,5.173,5.276,4.063,7232.0,10.0,39785.0,514.3,16.0,15.0,0.0,0.0,0.0,0.0,0.00,acorn:42
beir500k-rq1,neg10_cat16,neg10,51796,acorn,512,3,42,0.9976,0.9762,0.00006,4.000,5.074,5.389,4.099,7232.0,10.0,39785.0,514.3,16.0,15.0,0.0,0.0,0.0,0.0,0.00,acorn:42
beir500k-rq1,neg10_cat16,neg10,51796,pathseer,64,1,42,0.9643,0.7857,0.00042,2.539,4.533,4.883,2.506,3771.0,0.0,15335.2,1731.1,4.0,174.0,187.4,7.9,10385.9,2.9,206.07,pathseer:42
beir500k-rq1,neg10_cat16,neg10,51796,pathseer,64,2,42,0.9643,0.7857,0.00042,2.608,4.638,4.937,2.563,3771.0,0.0,15335.2,1731.1,4.0,174.0,187.4,7.9,10385.9,2.9,206.07,pathseer:42
beir500k-rq1,neg10_cat16,neg10,51796,pathseer,64,3,42,0.9643,0.7857,0.00042,2.524,4.545,4.940,2.520,3771.0,0.0,15335.2,1731.1,4.0,174.0,187.4,7.9,10385.9,2.9,206.07,pathseer:42
beir500k-rq1,neg10_cat16,neg10,51796,pathseer,128,1,42,0.9905,0.9286,0.00010,3.811,7.238,7.844,4.196,6361.2,0.0,22533.1,2973.4,7.0,418.0,341.3,15.5,14123.5,5.3,373.10,pathseer:42
beir500k-rq1,neg10_cat16,neg10,51796,pathseer,128,2,42,0.9905,0.9286,0.00010,3.880,6.967,7.350,4.132,6361.2,0.0,22533.1,2973.4,7.0,418.0,341.3,15.5,14123.5,5.3,373.10,pathseer:42
beir500k-rq1,neg10_cat16,neg10,51796,pathseer,128,3,42,0.9905,0.9286,0.00010,4.106,7.528,8.259,4.403,6361.2,0.0,22533.1,2973.4,7.0,418.0,341.3,15.5,14123.5,5.3,373.10,pathseer:42
beir500k-rq1,neg10_cat16,neg10,51796,pathseer,256,1,42,0.9976,0.9762,0.00002,6.964,11.586,12.968,7.111,10582.4,0.0,32609.5,5046.6,13.0,706.0,744.5,31.5,18494.6,11.6,655.33,pathseer:42
beir500k-rq1,neg10_cat16,neg10,51796,pathseer,256,2,42,0.9976,0.9762,0.00002,6.523,11.531,12.544,7.030,10582.4,0.0,32609.5,5046.6,13.0,706.0,744.5,31.5,18494.6,11.6,655.33,pathseer:42
beir500k-rq1,neg10_cat16,neg10,51796,pathseer,256,3,42,0.9976,0.9762,0.00002,7.241,11.767,11.945,7.066,10582.4,0.0,32609.5,5046.6,13.0,706.0,744.5,31.5,18494.6,11.6,655.33,pathseer:42
beir500k-rq1,neg10_cat16,neg10,51796,pathseer,512,1,42,1.0000,1.0000,0.00000,11.132,17.856,20.695,11.527,17228.6,0.0,46491.5,8352.2,28.0,1314.0,1768.5,67.5,23169.1,27.6,1107.48,pathseer:42
beir500k-rq1,neg10_cat16,neg10,51796,pathseer,512,2,42,1.0000,1.0000,0.00000,11.024,19.255,22.825,11.918,17228.6,0.0,46491.5,8352.2,28.0,1314.0,1768.5,67.5,23169.1,27.6,1107.48,pathseer:42
beir500k-rq1,neg10_cat16,neg10,51796,pathseer,512,3,42,1.0000,1.0000,0.00000,11.469,18.673,19.497,11.786,17228.6,0.0,46491.5,8352.2,28.0,1314.0,1768.5,67.5,23169.1,27.6,1107.48,pathseer:42
beir500k-rq1,neg10_cat17,neg10,62171,sweeping,64,1,45,0.9089,0.4667,0.00094,12.044,24.065,36.123,12.760,47973.0,0.0,12320.3,6041.1,4.0,254.0,0.0,0.0,0.0,0.0,0.00,sweeping:45
beir500k-rq1,neg10_cat17,neg10,62171,sweeping,64,2,45,0.9133,0.4667,0.00094,12.345,27.696,36.211,12.864,47973.0,0.0,12320.3,6041.1,4.0,254.0,0.0,0.0,0.0,0.0,0.00,sweeping:45
beir500k-rq1,neg10_cat17,neg10,62171,sweeping,64,3,45,0.9133,0.4667,0.00094,12.062,24.524,37.899,12.343,47973.0,0.0,12320.3,6041.1,4.0,254.0,0.0,0.0,0.0,0.0,0.00,sweeping:45
beir500k-rq1,neg10_cat17,neg10,62171,sweeping,128,1,45,0.9578,0.6889,0.00045,17.588,32.942,46.112,17.779,64990.6,0.0,17906.7,8624.4,6.0,491.0,0.0,0.0,0.0,0.0,0.00,sweeping:45
beir500k-rq1,neg10_cat17,neg10,62171,sweeping,128,2,45,0.9600,0.6889,0.00045,17.661,35.267,46.388,17.904,64990.6,0.0,17906.7,8624.4,6.0,491.0,0.0,0.0,0.0,0.0,0.00,sweeping:45
beir500k-rq1,neg10_cat17,neg10,62171,sweeping,128,3,45,0.9578,0.6889,0.00045,17.235,34.141,44.469,17.501,64990.6,0.0,17906.7,8624.4,6.0,491.0,0.0,0.0,0.0,0.0,0.00,sweeping:45
beir500k-rq1,neg10_cat17,neg10,62171,sweeping,256,1,45,0.9822,0.8889,0.00008,24.651,47.763,76.116,25.337,88411.7,0.0,25961.4,12361.8,11.0,948.0,0.0,0.0,0.0,0.0,0.00,sweeping:45
beir500k-rq1,neg10_cat17,neg10,62171,sweeping,256,2,45,0.9822,0.8889,0.00008,24.270,48.835,54.049,24.915,88411.7,0.0,25961.4,12361.8,11.0,948.0,0.0,0.0,0.0,0.0,0.00,sweeping:45
beir500k-rq1,neg10_cat17,neg10,62171,sweeping,256,3,45,0.9800,0.8889,0.00008,26.166,50.894,59.884,26.361,88411.7,0.0,25961.4,12361.8,11.0,948.0,0.0,0.0,0.0,0.0,0.00,sweeping:45
beir500k-rq1,neg10_cat17,neg10,62171,sweeping,512,1,45,0.9844,0.9556,0.00002,37.191,68.826,70.174,39.223,121525.4,0.0,37600.3,18169.4,22.0,1575.0,0.0,0.0,0.0,0.0,0.00,sweeping:45
beir500k-rq1,neg10_cat17,neg10,62171,sweeping,512,2,45,0.9867,0.9556,0.00002,36.373,66.667,72.532,37.117,121525.4,0.0,37600.3,18169.4,22.0,1575.0,0.0,0.0,0.0,0.0,0.00,sweeping:45
beir500k-rq1,neg10_cat17,neg10,62171,sweeping,512,3,45,0.9889,0.9556,0.00002,36.727,65.282,68.052,37.127,121525.4,0.0,37600.3,18169.4,22.0,1575.0,0.0,0.0,0.0,0.0,0.00,sweeping:45
beir500k-rq1,neg10_cat17,neg10,62171,acorn,64,1,45,0.8222,0.2222,0.00326,1.258,1.596,1.801,1.254,2490.9,10.0,15256.6,70.2,3.0,3.0,0.0,0.0,0.0,0.0,0.00,acorn:45
beir500k-rq1,neg10_cat17,neg10,62171,acorn,64,2,45,0.8178,0.2222,0.00326,1.360,1.685,1.770,1.299,2490.9,10.0,15256.6,70.2,3.0,3.0,0.0,0.0,0.0,0.0,0.00,acorn:45
beir500k-rq1,neg10_cat17,neg10,62171,acorn,64,3,45,0.8200,0.2222,0.00326,1.386,1.686,1.890,1.325,2490.9,10.0,15256.6,70.2,3.0,3.0,0.0,0.0,0.0,0.0,0.00,acorn:45
beir500k-rq1,neg10_cat17,neg10,62171,acorn,128,1,45,0.9178,0.4889,0.00112,2.075,2.607,2.823,2.054,4108.0,10.0,23709.8,133.8,4.0,4.0,0.0,0.0,0.0,0.0,0.00,acorn:45
beir500k-rq1,neg10_cat17,neg10,62171,acorn,128,2,45,0.9222,0.4889,0.00112,2.023,2.558,2.671,2.023,4108.0,10.0,23709.8,133.8,4.0,4.0,0.0,0.0,0.0,0.0,0.00,acorn:45
beir500k-rq1,neg10_cat17,neg10,62171,acorn,128,3,45,0.9156,0.4889,0.00112,2.123,2.565,2.793,2.065,4108.0,10.0,23709.8,133.8,4.0,4.0,0.0,0.0,0.0,0.0,0.00,acorn:45
beir500k-rq1,neg10_cat17,neg10,62171,acorn,256,1,45,0.9556,0.7111,0.00046,3.492,4.776,5.279,3.486,6733.1,10.0,36856.4,259.2,7.0,6.0,0.0,0.0,0.0,0.0,0.00,acorn:45
beir500k-rq1,neg10_cat17,neg10,62171,acorn,256,2,45,0.9578,0.7111,0.00046,3.423,4.372,4.692,3.423,6733.1,10.0,36856.4,259.2,7.0,6.0,0.0,0.0,0.0,0.0,0.00,acorn:45
beir500k-rq1,neg10_cat17,neg10,62171,acorn,256,3,45,0.9556,0.7111,0.00046,3.466,4.483,4.629,3.526,6733.1,10.0,36856.4,259.2,7.0,6.0,0.0,0.0,0.0,0.0,0.00,acorn:45
beir500k-rq1,neg10_cat17,neg10,62171,acorn,512,1,45,0.9689,0.7778,0.00026,6.059,7.414,7.865,6.010,10916.4,10.0,56857.7,514.8,12.0,11.0,0.0,0.0,0.0,0.0,0.00,acorn:45
beir500k-rq1,neg10_cat17,neg10,62171,acorn,512,2,45,0.9689,0.7778,0.00026,5.835,7.375,7.593,5.736,10916.4,10.0,56857.7,514.8,12.0,11.0,0.0,0.0,0.0,0.0,0.00,acorn:45
beir500k-rq1,neg10_cat17,neg10,62171,acorn,512,3,45,0.9689,0.7778,0.00026,5.982,7.402,7.462,5.916,10916.4,10.0,56857.7,514.8,12.0,11.0,0.0,0.0,0.0,0.0,0.00,acorn:45
beir500k-rq1,neg10_cat17,neg10,62171,pathseer,64,1,45,0.8800,0.3556,0.00144,4.703,13.339,21.508,5.499,6423.8,0.0,27646.7,2869.4,4.0,218.0,162.1,8.7,19288.5,2.5,196.73,pathseer:45
beir500k-rq1,neg10_cat17,neg10,62171,pathseer,64,2,45,0.8756,0.3556,0.00144,4.402,12.719,22.311,5.364,6423.8,0.0,27646.7,2869.4,4.0,218.0,162.1,8.7,19288.5,2.5,196.73,pathseer:45
beir500k-rq1,neg10_cat17,neg10,62171,pathseer,64,3,45,0.8778,0.3556,0.00144,4.497,12.447,22.818,5.318,6423.8,0.0,27646.7,2869.4,4.0,218.0,162.1,8.7,19288.5,2.5,196.73,pathseer:45
beir500k-rq1,neg10_cat17,neg10,62171,pathseer,128,1,45,0.9333,0.6000,0.00077,8.050,19.652,27.447,8.795,10898.1,0.0,40474.5,4624.5,6.0,486.0,294.4,13.9,26656.6,4.6,343.20,pathseer:45
beir500k-rq1,neg10_cat17,neg10,62171,pathseer,128,2,45,0.9311,0.6000,0.00077,7.611,21.183,27.076,8.492,10898.1,0.0,40474.5,4624.5,6.0,486.0,294.4,13.9,26656.6,4.6,343.20,pathseer:45
beir500k-rq1,neg10_cat17,neg10,62171,pathseer,128,3,45,0.9333,0.6000,0.00077,7.449,16.044,28.350,7.995,10898.1,0.0,40474.5,4624.5,6.0,486.0,294.4,13.9,26656.6,4.6,343.20,pathseer:45
beir500k-rq1,neg10_cat17,neg10,62171,pathseer,256,1,45,0.9778,0.8667,0.00013,12.158,24.764,32.912,12.616,17997.4,0.0,58867.4,7250.1,10.0,916.0,613.0,25.0,36579.3,9.6,622.60,pathseer:45
beir500k-rq1,neg10_cat17,neg10,62171,pathseer,256,2,45,0.9778,0.8667,0.00013,12.149,24.115,35.931,12.445,17997.4,0.0,58867.4,7250.1,10.0,916.0,613.0,25.0,36579.3,9.6,622.60,pathseer:45
beir500k-rq1,neg10_cat17,neg10,62171,pathseer,256,3,45,0.9756,0.8667,0.00013,12.450,24.125,34.938,12.872,17997.4,0.0,58867.4,7250.1,10.0,916.0,613.0,25.0,36579.3,9.6,622.60,pathseer:45
beir500k-rq1,neg10_cat17,neg10,62171,pathseer,512,1,45,0.9844,0.9333,0.00003,19.489,32.801,45.343,19.395,28983.4,0.0,84994.8,11201.9,21.0,1547.0,1369.2,48.9,49731.7,21.4,1099.44,pathseer:45
beir500k-rq1,neg10_cat17,neg10,62171,pathseer,512,2,45,0.9867,0.9333,0.00003,18.635,34.002,43.176,19.535,28983.4,0.0,84994.8,11201.9,21.0,1547.0,1369.2,48.9,49731.7,21.4,1099.44,pathseer:45
beir500k-rq1,neg10_cat17,neg10,62171,pathseer,512,3,45,0.9889,0.9333,0.00003,18.799,32.596,43.670,19.075,28983.4,0.0,84994.8,11201.9,21.0,1547.0,1369.2,48.9,49731.7,21.4,1099.44,pathseer:45
beir500k-rq1,neg10_cat18,neg10,61365,sweeping,64,1,10,0.9700,0.7000,0.00007,0.439,0.525,0.525,0.400,2358.7,0.0,435.1,143.7,3.0,9.0,0.0,0.0,0.0,0.0,0.00,sweeping:10
beir500k-rq1,neg10_cat18,neg10,61365,sweeping,64,2,10,0.9700,0.7000,0.00007,0.439,0.523,0.523,0.405,2358.7,0.0,435.1,143.7,3.0,9.0,0.0,0.0,0.0,0.0,0.00,sweeping:10
beir500k-rq1,neg10_cat18,neg10,61365,sweeping,64,3,10,0.9700,0.7000,0.00007,0.423,0.534,0.534,0.407,2358.7,0.0,435.1,143.7,3.0,9.0,0.0,0.0,0.0,0.0,0.00,sweeping:10
beir500k-rq1,neg10_cat18,neg10,61365,sweeping,128,1,10,1.0000,1.0000,0.00000,0.695,0.844,0.844,0.640,3593.6,0.0,678.0,254.2,6.0,13.0,0.0,0.0,0.0,0.0,0.00,sweeping:10
beir500k-rq1,neg10_cat18,neg10,61365,sweeping,128,2,10,1.0000,1.0000,0.00000,0.691,0.845,0.845,0.634,3593.6,0.0,678.0,254.2,6.0,13.0,0.0,0.0,0.0,0.0,0.00,sweeping:10
beir500k-rq1,neg10_cat18,neg10,61365,sweeping,128,3,10,1.0000,1.0000,0.00000,0.683,0.870,0.870,0.638,3593.6,0.0,678.0,254.2,6.0,13.0,0.0,0.0,0.0,0.0,0.00,sweeping:10
beir500k-rq1,neg10_cat18,neg10,61365,sweeping,256,1,10,1.0000,1.0000,0.00000,1.198,1.533,1.533,1.172,5787.2,0.0,1105.5,478.7,10.0,22.0,0.0,0.0,0.0,0.0,0.00,sweeping:10
beir500k-rq1,neg10_cat18,neg10,61365,sweeping,256,2,10,1.0000,1.0000,0.00000,1.302,1.620,1.620,1.180,5787.2,0.0,1105.5,478.7,10.0,22.0,0.0,0.0,0.0,0.0,0.00,sweeping:10
beir500k-rq1,neg10_cat18,neg10,61365,sweeping,256,3,10,1.0000,1.0000,0.00000,1.237,1.563,1.563,1.183,5787.2,0.0,1105.5,478.7,10.0,22.0,0.0,0.0,0.0,0.0,0.00,sweeping:10
beir500k-rq1,neg10_cat18,neg10,61365,sweeping,512,1,10,1.0000,1.0000,0.00000,2.675,3.986,3.986,2.546,9234.9,0.0,1876.2,909.5,21.0,39.0,0.0,0.0,0.0,0.0,0.00,sweeping:10
beir500k-rq1,neg10_cat18,neg10,61365,sweeping,512,2,10,1.0000,1.0000,0.00000,2.449,4.004,4.004,2.407,9234.9,0.0,1876.2,909.5,21.0,39.0,0.0,0.0,0.0,0.0,0.00,sweeping:10
beir500k-rq1,neg10_cat18,neg10,61365,sweeping,512,3,10,1.0000,1.0000,0.00000,2.233,3.865,3.865,2.237,9234.9,0.0,1876.2,909.5,21.0,39.0,0.0,0.0,0.0,0.0,0.00,sweeping:10
beir500k-rq1,neg10_cat18,neg10,61365,acorn,64,1,10,0.9700,0.7000,0.00062,0.490,0.888,0.888,0.502,1803.9,10.0,3674.6,66.3,3.0,3.0,0.0,0.0,0.0,0.0,0.00,acorn:5|rre:5
beir500k-rq1,neg10_cat18,neg10,61365,acorn,64,2,10,0.9700,0.7000,0.00062,0.443,0.792,0.792,0.457,1803.9,10.0,3674.6,66.3,3.0,3.0,0.0,0.0,0.0,0.0,0.00,acorn:5|rre:5
beir500k-rq1,neg10_cat18,neg10,61365,acorn,64,3,10,0.9700,0.7000,0.00062,0.444,0.827,0.827,0.471,1803.9,10.0,3674.6,66.3,3.0,3.0,0.0,0.0,0.0,0.0,0.00,acorn:5|rre:5
beir500k-rq1,neg10_cat18,neg10,61365,acorn,128,1,10,0.9900,0.9000,0.00021,0.787,1.301,1.301,0.752,2781.8,10.0,5478.9,130.2,7.0,6.0,0.0,0.0,0.0,0.0,0.00,acorn:5|rre:5
beir500k-rq1,neg10_cat18,neg10,61365,acorn,128,2,10,0.9900,0.9000,0.00021,0.740,1.283,1.283,0.722,2781.8,10.0,5478.9,130.2,7.0,6.0,0.0,0.0,0.0,0.0,0.00,acorn:5|rre:5
beir500k-rq1,neg10_cat18,neg10,61365,acorn,128,3,10,0.9900,0.9000,0.00021,0.751,1.308,1.308,0.725,2781.8,10.0,5478.9,130.2,7.0,6.0,0.0,0.0,0.0,0.0,0.00,acorn:5|rre:5
beir500k-rq1,neg10_cat18,neg10,61365,acorn,256,1,10,1.0000,1.0000,0.00000,1.219,2.035,2.035,1.177,4241.9,10.0,8305.4,258.0,12.0,11.0,0.0,0.0,0.0,0.0,0.00,acorn:5|rre:5
beir500k-rq1,neg10_cat18,neg10,61365,acorn,256,2,10,1.0000,1.0000,0.00000,1.304,2.176,2.176,1.227,4241.9,10.0,8305.4,258.0,12.0,11.0,0.0,0.0,0.0,0.0,0.00,acorn:5|rre:5
beir500k-rq1,neg10_cat18,neg10,61365,acorn,256,3,10,1.0000,1.0000,0.00000,1.225,2.097,2.097,1.224,4241.9,10.0,8305.4,258.0,12.0,11.0,0.0,0.0,0.0,0.0,0.00,acorn:5|rre:5
beir500k-rq1,neg10_cat18,neg10,61365,acorn,512,1,10,1.0000,1.0000,0.00000,2.276,3.579,3.579,2.165,6354.8,10.0,12355.5,513.8,28.0,27.0,0.0,0.0,0.0,0.0,0.00,acorn:5|rre:5
beir500k-rq1,neg10_cat18,neg10,61365,acorn,512,2,10,1.0000,1.0000,0.00000,2.207,3.413,3.413,2.069,6354.8,10.0,12355.5,513.8,28.0,27.0,0.0,0.0,0.0,0.0,0.00,acorn:5|rre:5
beir500k-rq1,neg10_cat18,neg10,61365,acorn,512,3,10,1.0000,1.0000,0.00000,2.288,3.437,3.437,2.117,6354.8,10.0,12355.5,513.8,28.0,27.0,0.0,0.0,0.0,0.0,0.00,acorn:5|rre:5
beir500k-rq1,neg10_cat18,neg10,61365,pathseer,64,1,10,0.9700,0.7000,0.00028,0.445,0.480,0.480,0.406,1651.1,0.0,1194.6,104.3,3.0,3.0,102.4,37.5,344.5,1.6,80.60,pathseer:10
beir500k-rq1,neg10_cat18,neg10,61365,pathseer,64,2,10,0.9700,0.7000,0.00028,0.436,0.513,0.513,0.435,1651.1,0.0,1194.6,104.3,3.0,3.0,102.4,37.5,344.5,1.6,80.60,pathseer:10
beir500k-rq1,neg10_cat18,neg10,61365,pathseer,64,3,10,0.9700,0.7000,0.00028,0.435,0.494,0.494,0.409,1651.1,0.0,1194.6,104.3,3.0,3.0,102.4,37.5,344.5,1.6,80.60,pathseer:10
beir500k-rq1,neg10_cat18,neg10,61365,pathseer,128,1,10,1.0000,1.0000,0.00000,0.762,0.894,0.894,0.752,2691.2,0.0,1904.4,198.0,4.0,4.0,179.2,71.0,520.0,2.8,145.10,pathseer:10
beir500k-rq1,neg10_cat18,neg10,61365,pathseer,128,2,10,1.0000,1.0000,0.00000,0.787,0.871,0.871,0.776,2691.2,0.0,1904.4,198.0,4.0,4.0,179.2,71.0,520.0,2.8,145.10,pathseer:10
beir500k-rq1,neg10_cat18,neg10,61365,pathseer,128,3,10,1.0000,1.0000,0.00000,0.798,0.980,0.980,0.761,2691.2,0.0,1904.4,198.0,4.0,4.0,179.2,71.0,520.0,2.8,145.10,pathseer:10
beir500k-rq1,neg10_cat18,neg10,61365,pathseer,256,1,10,1.0000,1.0000,0.00000,1.102,1.246,1.246,1.085,4296.2,0.0,3059.4,381.6,6.0,8.0,320.0,135.7,792.4,5.0,239.20,pathseer:10
beir500k-rq1,neg10_cat18,neg10,61365,pathseer,256,2,10,1.0000,1.0000,0.00000,1.133,1.254,1.254,1.071,4296.2,0.0,3059.4,381.6,6.0,8.0,320.0,135.7,792.4,5.0,239.20,pathseer:10
beir500k-rq1,neg10_cat18,neg10,61365,pathseer,256,3,10,1.0000,1.0000,0.00000,1.110,1.307,1.307,1.070,4296.2,0.0,3059.4,381.6,6.0,8.0,320.0,135.7,792.4,5.0,239.20,pathseer:10
beir500k-rq1,neg10_cat18,neg10,61365,pathseer,512,1,10,1.0000,1.0000,0.00000,2.230,2.523,2.523,2.119,6821.8,0.0,5124.1,744.0,10.0,18.0,595.2,271.5,1230.5,9.3,386.20,pathseer:10
beir500k-rq1,neg10_cat18,neg10,61365,pathseer,512,2,10,1.0000,1.0000,0.00000,2.239,2.393,2.393,2.047,6821.8,0.0,5124.1,744.0,10.0,18.0,595.2,271.5,1230.5,9.3,386.20,pathseer:10
beir500k-rq1,neg10_cat18,neg10,61365,pathseer,512,3,10,1.0000,1.0000,0.00000,1.946,2.333,2.333,1.926,6821.8,0.0,5124.1,744.0,10.0,18.0,595.2,271.5,1230.5,9.3,386.20,pathseer:10
beir500k-rq1,neg10_cat19,neg10,52824,sweeping,64,1,60,0.9333,0.5667,0.00108,11.030,24.954,31.626,12.260,36444.7,0.0,14017.7,7926.6,4.0,980.0,0.0,0.0,0.0,0.0,0.00,sweeping:60
beir500k-rq1,neg10_cat19,neg10,52824,sweeping,64,2,60,0.9333,0.5667,0.00108,11.225,24.795,34.053,12.548,36444.7,0.0,14017.7,7926.6,4.0,980.0,0.0,0.0,0.0,0.0,0.00,sweeping:60
beir500k-rq1,neg10_cat19,neg10,52824,sweeping,64,3,60,0.9333,0.5667,0.00108,10.862,24.142,29.433,12.102,36444.7,0.0,14017.7,7926.6,4.0,980.0,0.0,0.0,0.0,0.0,0.00,sweeping:60
beir500k-rq1,neg10_cat19,neg10,52824,sweeping,128,1,60,0.9783,0.8167,0.00027,14.440,31.517,33.457,15.732,46759.6,0.0,18352.4,9939.6,7.0,1803.0,0.0,0.0,0.0,0.0,0.00,sweeping:60
beir500k-rq1,neg10_cat19,neg10,52824,sweeping,128,2,60,0.9783,0.8167,0.00027,13.880,31.628,33.244,15.589,46759.6,0.0,18352.4,9939.6,7.0,1803.0,0.0,0.0,0.0,0.0,0.00,sweeping:60
beir500k-rq1,neg10_cat19,neg10,52824,sweeping,128,3,60,0.9783,0.8167,0.00027,14.297,32.296,36.355,15.720,46759.6,0.0,18352.4,9939.6,7.0,1803.0,0.0,0.0,0.0,0.0,0.00,sweeping:60
beir500k-rq1,neg10_cat19,neg10,52824,sweeping,256,1,60,0.9883,0.9000,0.00017,17.250,43.700,47.073,21.037,61922.6,0.0,23995.8,12666.3,13.0,3252.0,0.0,0.0,0.0,0.0,0.00,sweeping:60
beir500k-rq1,neg10_cat19,neg10,52824,sweeping,256,2,60,0.9883,0.9000,0.00017,17.281,40.904,44.766,20.406,61922.6,0.0,23995.8,12666.3,13.0,3252.0,0.0,0.0,0.0,0.0,0.00,sweeping:60
beir500k-rq1,neg10_cat19,neg10,52824,sweeping,256,3,60,0.9883,0.9000,0.00017,17.904,41.029,45.172,20.500,61922.6,0.0,23995.8,12666.3,13.0,3252.0,0.0,0.0,0.0,0.0,0.00,sweeping:60
beir500k-rq1,neg10_cat19,neg10,52824,sweeping,512,1,60,0.9950,0.9500,0.00004,24.027,53.921,61.979,28.130,84200.9,0.0,31564.1,16482.4,31.0,4651.0,0.0,0.0,0.0,0.0,0.00,sweeping:60
beir500k-rq1,neg10_cat19,neg10,52824,sweeping,512,2,60,0.9950,0.9500,0.00004,24.621,54.653,63.228,28.013,84200.9,0.0,31564.1,16482.4,31.0,4651.0,0.0,0.0,0.0,0.0,0.00,sweeping:60
beir500k-rq1,neg10_cat19,neg10,52824,sweeping,512,3,60,0.9950,0.9500,0.00004,24.531,54.202,65.796,28.012,84200.9,0.0,31564.1,16482.4,31.0,4651.0,0.0,0.0,0.0,0.0,0.00,sweeping:60
beir500k-rq1,neg10_cat19,neg10,52824,acorn,64,1,60,0.8500,0.3000,0.00368,0.832,1.244,1.301,0.861,2121.3,10.0,9961.6,69.0,3.0,3.0,0.0,0.0,0.0,0.0,0.00,acorn:60
beir500k-rq1,neg10_cat19,neg10,52824,acorn,64,2,60,0.8500,0.3000,0.00368,0.855,1.238,1.395,0.886,2121.3,10.0,9961.6,69.0,3.0,3.0,0.0,0.0,0.0,0.0,0.00,acorn:60
beir500k-rq1,neg10_cat19,neg10,52824,acorn,64,3,60,0.8500,0.3000,0.00368,0.833,1.223,1.272,0.851,2121.3,10.0,9961.6,69.0,3.0,3.0,0.0,0.0,0.0,0.0,0.00,acorn:60
beir500k-rq1,neg10_cat19,neg10,52824,acorn,128,1,60,0.9100,0.4167,0.00216,1.395,1.929,2.356,1.412,3556.6,10.0,15372.6,132.4,4.0,4.0,0.0,0.0,0.0,0.0,0.00,acorn:60
beir500k-rq1,neg10_cat19,neg10,52824,acorn,128,2,60,0.9100,0.4167,0.00216,1.372,1.896,2.365,1.418,3556.6,10.0,15372.6,132.4,4.0,4.0,0.0,0.0,0.0,0.0,0.00,acorn:60
beir500k-rq1,neg10_cat19,neg10,52824,acorn,128,3,60,0.9100,0.4167,0.00216,1.367,1.905,2.207,1.389,3556.6,10.0,15372.6,132.4,4.0,4.0,0.0,0.0,0.0,0.0,0.00,acorn:60
beir500k-rq1,neg10_cat19,neg10,52824,acorn,256,1,60,0.9350,0.5333,0.00155,2.313,3.085,3.404,2.345,5944.8,10.0,23874.0,259.2,7.0,7.0,0.0,0.0,0.0,0.0,0.00,acorn:60
beir500k-rq1,neg10_cat19,neg10,52824,acorn,256,2,60,0.9350,0.5333,0.00155,2.264,3.080,3.500,2.338,5944.8,10.0,23874.0,259.2,7.0,7.0,0.0,0.0,0.0,0.0,0.00,acorn:60
beir500k-rq1,neg10_cat19,neg10,52824,acorn,256,3,60,0.9350,0.5333,0.00155,2.290,3.104,3.432,2.343,5944.8,10.0,23874.0,259.2,7.0,7.0,0.0,0.0,0.0,0.0,0.00,acorn:60
beir500k-rq1,neg10_cat19,neg10,52824,acorn,512,1,60,0.9633,0.7000,0.00083,3.927,4.946,5.622,4.071,9812.8,10.0,37189.1,514.9,14.0,14.0,0.0,0.0,0.0,0.0,0.00,acorn:60
beir500k-rq1,neg10_cat19,neg10,52824,acorn,512,2,60,0.9633,0.7000,0.00083,4.145,5.797,6.089,4.256,9812.8,10.0,37189.1,514.9,14.0,14.0,0.0,0.0,0.0,0.0,0.00,acorn:60
beir500k-rq1,neg10_cat19,neg10,52824,acorn,512,3,60,0.9633,0.7000,0.00083,4.167,5.389,5.602,4.222,9812.8,10.0,37189.1,514.9,14.0,14.0,0.0,0.0,0.0,0.0,0.00,acorn:60
beir500k-rq1,neg10_cat19,neg10,52824,pathseer,64,1,60,0.9233,0.4833,0.00121,6.278,13.040,16.717,6.535,9291.5,0.0,29505.6,5280.2,4.0,976.0,189.9,3.8,15855.5,3.0,111.87,pathseer:60
beir500k-rq1,neg10_cat19,neg10,52824,pathseer,64,2,60,0.9233,0.4833,0.00121,6.516,12.315,18.129,6.570,9291.5,0.0,29505.6,5280.2,4.0,976.0,189.9,3.8,15855.5,3.0,111.87,pathseer:60
beir500k-rq1,neg10_cat19,neg10,52824,pathseer,64,3,60,0.9233,0.4833,0.00121,6.476,13.173,16.420,6.546,9291.5,0.0,29505.6,5280.2,4.0,976.0,189.9,3.8,15855.5,3.0,111.87,pathseer:60
beir500k-rq1,neg10_cat19,neg10,52824,pathseer,128,1,60,0.9717,0.7667,0.00040,9.061,17.919,19.497,9.391,13953.0,0.0,38820.4,7228.0,6.0,1746.0,349.9,6.3,19351.3,5.5,168.38,pathseer:60
beir500k-rq1,neg10_cat19,neg10,52824,pathseer,128,2,60,0.9717,0.7667,0.00040,9.188,17.297,19.968,9.491,13953.0,0.0,38820.4,7228.0,6.0,1746.0,349.9,6.3,19351.3,5.5,168.38,pathseer:60
beir500k-rq1,neg10_cat19,neg10,52824,pathseer,128,3,60,0.9717,0.7667,0.00040,8.941,17.798,23.582,9.888,13953.0,0.0,38820.4,7228.0,6.0,1746.0,349.9,6.3,19351.3,5.5,168.38,pathseer:60
beir500k-rq1,neg10_cat19,neg10,52824,pathseer,256,1,60,0.9850,0.8667,0.00019,11.878,25.032,26.354,12.849,20741.7,0.0,50772.5,9726.7,13.0,3136.0,795.7,13.5,23296.5,12.4,256.17,pathseer:60
beir500k-rq1,neg10_cat19,neg10,52824,pathseer,256,2,60,0.9850,0.8667,0.00019,12.302,25.320,28.705,13.214,20741.7,0.0,50772.5,9726.7,13.0,3136.0,795.7,13.5,23296.5,12.4,256.17,pathseer:60
beir500k-rq1,neg10_cat19,neg10,52824,pathseer,256,3,60,0.9850,0.8667,0.00019,12.276,24.615,27.136,13.123,20741.7,0.0,50772.5,9726.7,13.0,3136.0,795.7,13.5,23296.5,12.4,256.17,pathseer:60
beir500k-rq1,neg10_cat19,neg10,52824,pathseer,512,1,60,0.9933,0.9500,0.00005,17.334,32.780,35.369,18.157,29861.9,0.0,66656.2,12891.6,30.0,4648.0,1940.2,31.7,28725.0,30.3,420.75,pathseer:60
beir500k-rq1,neg10_cat19,neg10,52824,pathseer,512,2,60,0.9933,0.9500,0.00005,17.630,32.965,36.936,18.477,29861.9,0.0,66656.2,12891.6,30.0,4648.0,1940.2,31.7,28725.0,30.3,420.75,pathseer:60
beir500k-rq1,neg10_cat19,neg10,52824,pathseer,512,3,60,0.9933,0.9500,0.00005,17.421,31.708,37.782,18.372,29861.9,0.0,66656.2,12891.6,30.0,4648.0,1940.2,31.7,28725.0,30.3,420.75,pathseer:60
beir500k-rq1,neg10_cat20,neg10,52122,sweeping,64,1,67,0.9672,0.7761,0.00030,3.605,14.086,20.471,4.903,20449.1,0.0,4484.3,2439.9,4.0,55.0,0.0,0.0,0.0,0.0,0.00,sweeping:67
beir500k-rq1,neg10_cat20,neg10,52122,sweeping,64,2,67,0.9672,0.7761,0.00030,3.630,14.790,19.964,5.070,20449.1,0.0,4484.3,2439.9,4.0,55.0,0.0,0.0,0.0,0.0,0.00,sweeping:67
beir500k-rq1,neg10_cat20,neg10,52122,sweeping,64,3,67,0.9672,0.7761,0.00030,3.548,13.989,19.652,4.811,20449.1,0.0,4484.3,2439.9,4.0,55.0,0.0,0.0,0.0,0.0,0.00,sweeping:67
beir500k-rq1,neg10_cat20,neg10,52122,sweeping,128,1,67,0.9896,0.9104,0.00005,5.737,19.860,27.178,7.329,29678.3,0.0,6838.5,3693.5,6.0,126.0,0.0,0.0,0.0,0.0,0.00,sweeping:67
beir500k-rq1,neg10_cat20,neg10,52122,sweeping,128,2,67,0.9896,0.9104,0.00005,6.166,22.564,28.207,8.128,29678.3,0.0,6838.5,3693.5,6.0,126.0,0.0,0.0,0.0,0.0,0.00,sweeping:67
beir500k-rq1,neg10_cat20,neg10,52122,sweeping,128,3,67,0.9896,0.9104,0.00005,6.364,21.163,28.749,7.946,29678.3,0.0,6838.5,3693.5,6.0,126.0,0.0,0.0,0.0,0.0,0.00,sweeping:67
beir500k-rq1,neg10_cat20,neg10,52122,sweeping,256,1,67,0.9985,0.9851,0.00000,9.414,32.284,37.235,11.668,43056.7,0.0,10586.9,5668.3,11.0,288.0,0.0,0.0,0.0,0.0,0.00,sweeping:67
beir500k-rq1,neg10_cat20,neg10,52122,sweeping,256,2,67,0.9985,0.9851,0.00000,9.659,32.219,35.004,11.706,43056.7,0.0,10586.9,5668.3,11.0,288.0,0.0,0.0,0.0,0.0,0.00,sweeping:67
beir500k-rq1,neg10_cat20,neg10,52122,sweeping,256,3,67,0.9985,0.9851,0.00000,9.922,31.459,41.835,12.106,43056.7,0.0,10586.9,5668.3,11.0,288.0,0.0,0.0,0.0,0.0,0.00,sweeping:67
beir500k-rq1,neg10_cat20,neg10,52122,sweeping,512,1,67,1.0000,1.0000,0.00000,16.819,45.507,53.240,19.910,62729.7,0.0,16527.6,8909.7,24.0,566.0,0.0,0.0,0.0,0.0,0.00,sweeping:67
beir500k-rq1,neg10_cat20,neg10,52122,sweeping,512,2,67,1.0000,1.0000,0.00000,15.824,41.466,50.820,18.766,62729.7,0.0,16527.6,8909.7,24.0,566.0,0.0,0.0,0.0,0.0,0.00,sweeping:67
beir500k-rq1,neg10_cat20,neg10,52122,sweeping,512,3,67,1.0000,1.0000,0.00000,15.080,46.423,54.185,19.173,62729.7,0.0,16527.6,8909.7,24.0,566.0,0.0,0.0,0.0,0.0,0.00,sweeping:67
beir500k-rq1,neg10_cat20,neg10,52122,acorn,64,1,67,0.9254,0.6716,0.00158,1.029,1.560,1.618,1.045,1934.6,10.0,11578.4,67.1,3.0,3.0,0.0,0.0,0.0,0.0,0.00,acorn:62|rre:5
beir500k-rq1,neg10_cat20,neg10,52122,acorn,64,2,67,0.9254,0.6716,0.00158,1.017,1.500,1.557,1.006,1934.6,10.0,11578.4,67.1,3.0,3.0,0.0,0.0,0.0,0.0,0.00,acorn:62|rre:5
beir500k-rq1,neg10_cat20,neg10,52122,acorn,64,3,67,0.9254,0.6716,0.00158,1.172,1.613,1.634,1.129,1934.6,10.0,11578.4,67.1,3.0,3.0,0.0,0.0,0.0,0.0,0.00,acorn:62|rre:5
beir500k-rq1,neg10_cat20,neg10,52122,acorn,128,1,67,0.9687,0.7612,0.00029,1.946,2.690,2.833,1.891,3190.5,10.0,18477.3,130.8,4.0,4.0,0.0,0.0,0.0,0.0,0.00,acorn:62|rre:5
beir500k-rq1,neg10_cat20,neg10,52122,acorn,128,2,67,0.9687,0.7612,0.00029,2.022,2.943,4.852,2.047,3190.5,10.0,18477.3,130.8,4.0,4.0,0.0,0.0,0.0,0.0,0.00,acorn:62|rre:5
beir500k-rq1,neg10_cat20,neg10,52122,acorn,128,3,67,0.9687,0.7612,0.00029,1.945,2.698,2.780,1.890,3190.5,10.0,18477.3,130.8,4.0,4.0,0.0,0.0,0.0,0.0,0.00,acorn:62|rre:5
beir500k-rq1,neg10_cat20,neg10,52122,acorn,256,1,67,0.9881,0.8806,0.00012,3.009,4.040,4.230,2.980,5226.3,10.0,29045.4,258.3,7.0,6.0,0.0,0.0,0.0,0.0,0.00,acorn:62|rre:5
beir500k-rq1,neg10_cat20,neg10,52122,acorn,256,2,67,0.9881,0.8806,0.00012,3.319,4.641,4.864,3.209,5226.3,10.0,29045.4,258.3,7.0,6.0,0.0,0.0,0.0,0.0,0.00,acorn:62|rre:5
beir500k-rq1,neg10_cat20,neg10,52122,acorn,256,3,67,0.9881,0.8806,0.00012,3.007,4.041,4.188,2.949,5226.3,10.0,29045.4,258.3,7.0,6.0,0.0,0.0,0.0,0.0,0.00,acorn:62|rre:5
beir500k-rq1,neg10_cat20,neg10,52122,acorn,512,1,67,0.9970,0.9701,0.00001,5.120,6.559,7.063,4.914,8325.0,10.0,44203.1,514.3,14.0,13.0,0.0,0.0,0.0,0.0,0.00,acorn:62|rre:5
beir500k-rq1,neg10_cat20,neg10,52122,acorn,512,2,67,0.9970,0.9701,0.00001,4.894,6.031,6.565,4.672,8325.0,10.0,44203.1,514.3,14.0,13.0,0.0,0.0,0.0,0.0,0.00,acorn:62|rre:5
beir500k-rq1,neg10_cat20,neg10,52122,acorn,512,3,67,0.9970,0.9701,0.00001,4.840,6.264,6.588,4.693,8325.0,10.0,44203.1,514.3,14.0,13.0,0.0,0.0,0.0,0.0,0.00,acorn:62|rre:5
beir500k-rq1,neg10_cat20,neg10,52122,pathseer,64,1,67,0.9418,0.7463,0.00107,1.560,5.610,7.932,2.009,3075.4,0.0,10191.0,936.5,3.0,51.0,151.9,11.2,6957.9,2.4,164.34,pathseer:67
beir500k-rq1,neg10_cat20,neg10,52122,pathseer,64,2,67,0.9418,0.7463,0.00107,1.506,5.375,7.049,1.801,3075.4,0.0,10191.0,936.5,3.0,51.0,151.9,11.2,6957.9,2.4,164.34,pathseer:67
beir500k-rq1,neg10_cat20,neg10,52122,pathseer,64,3,67,0.9418,0.7463,0.00107,1.572,6.084,7.477,1.925,3075.4,0.0,10191.0,936.5,3.0,51.0,151.9,11.2,6957.9,2.4,164.34,pathseer:67
beir500k-rq1,neg10_cat20,neg10,52122,pathseer,128,1,67,0.9776,0.8657,0.00021,2.608,7.793,10.785,3.092,5259.1,0.0,15968.6,1603.6,5.0,114.0,279.9,22.1,10480.1,4.4,312.51,pathseer:67
beir500k-rq1,neg10_cat20,neg10,52122,pathseer,128,2,67,0.9776,0.8657,0.00021,2.612,8.030,9.677,3.112,5259.1,0.0,15968.6,1603.6,5.0,114.0,279.9,22.1,10480.1,4.4,312.51,pathseer:67
beir500k-rq1,neg10_cat20,neg10,52122,pathseer,128,3,67,0.9776,0.8657,0.00021,2.804,9.076,10.486,3.393,5259.1,0.0,15968.6,1603.6,5.0,114.0,279.9,22.1,10480.1,4.4,312.51,pathseer:67
beir500k-rq1,neg10_cat20,neg10,52122,pathseer,256,1,67,0.9940,0.9403,0.00003,4.618,13.468,18.146,5.539,8829.3,0.0,24304.0,2644.1,9.0,251.0,602.7,44.2,15152.6,9.4,571.64,pathseer:67
beir500k-rq1,neg10_cat20,neg10,52122,pathseer,256,2,67,0.9940,0.9403,0.00003,4.448,12.443,13.759,5.204,8829.3,0.0,24304.0,2644.1,9.0,251.0,602.7,44.2,15152.6,9.4,571.64,pathseer:67
beir500k-rq1,neg10_cat20,neg10,52122,pathseer,256,3,67,0.9940,0.9403,0.00003,4.385,11.567,14.038,5.081,8829.3,0.0,24304.0,2644.1,9.0,251.0,602.7,44.2,15152.6,9.4,571.64,pathseer:67
beir500k-rq1,neg10_cat20,neg10,52122,pathseer,512,1,67,0.9985,0.9851,0.00001,7.540,17.973,20.813,8.396,14800.1,0.0,37571.3,4469.9,19.0,464.0,1415.6,93.4,22020.7,22.1,1034.33,pathseer:67
beir500k-rq1,neg10_cat20,neg10,52122,pathseer,512,2,67,0.9985,0.9851,0.00001,7.684,17.408,20.979,8.583,14800.1,0.0,37571.3,4469.9,19.0,464.0,1415.6,93.4,22020.7,22.1,1034.33,pathseer:67
beir500k-rq1,neg10_cat20,neg10,52122,pathseer,512,3,67,0.9985,0.9851,0.00001,7.999,18.043,21.088,8.607,14800.1,0.0,37571.3,4469.9,19.0,464.0,1415.6,93.4,22020.7,22.1,1034.33,pathseer:67
beir500k-rq1,neg10_cat21,neg10,74356,sweeping,64,1,61,0.9803,0.8689,0.00021,8.754,21.880,23.992,9.740,38494.4,0.0,8349.8,4998.0,4.0,118.0,0.0,0.0,0.0,0.0,0.00,sweeping:61
beir500k-rq1,neg10_cat21,neg10,74356,sweeping,64,2,61,0.9803,0.8689,0.00021,8.286,21.721,24.451,9.848,38494.4,0.0,8349.8,4998.0,4.0,118.0,0.0,0.0,0.0,0.0,0.00,sweeping:61
beir500k-rq1,neg10_cat21,neg10,74356,sweeping,64,3,61,0.9803,0.8689,0.00021,8.320,22.072,23.992,9.645,38494.4,0.0,8349.8,4998.0,4.0,118.0,0.0,0.0,0.0,0.0,0.00,sweeping:61
beir500k-rq1,neg10_cat21,neg10,74356,sweeping,128,1,61,0.9902,0.9180,0.00011,14.231,32.052,36.432,15.568,54993.5,0.0,12825.0,7610.1,6.0,263.0,0.0,0.0,0.0,0.0,0.00,sweeping:61
beir500k-rq1,neg10_cat21,neg10,74356,sweeping,128,2,61,0.9902,0.9180,0.00011,14.719,31.010,34.906,15.970,54993.5,0.0,12825.0,7610.1,6.0,263.0,0.0,0.0,0.0,0.0,0.00,sweeping:61
beir500k-rq1,neg10_cat21,neg10,74356,sweeping,128,3,61,0.9902,0.9180,0.00011,14.373,35.522,37.115,16.510,54993.5,0.0,12825.0,7610.1,6.0,263.0,0.0,0.0,0.0,0.0,0.00,sweeping:61
beir500k-rq1,neg10_cat21,neg10,74356,sweeping,256,1,61,0.9967,0.9672,0.00005,21.753,39.644,43.150,22.113,78012.9,0.0,19745.0,11549.7,12.0,505.0,0.0,0.0,0.0,0.0,0.00,sweeping:61
beir500k-rq1,neg10_cat21,neg10,74356,sweeping,256,2,61,0.9967,0.9672,0.00005,21.975,40.480,43.240,23.109,78012.9,0.0,19745.0,11549.7,12.0,505.0,0.0,0.0,0.0,0.0,0.00,sweeping:61
beir500k-rq1,neg10_cat21,neg10,74356,sweeping,256,3,61,0.9967,0.9672,0.00005,22.889,41.914,44.384,23.806,78012.9,0.0,19745.0,11549.7,12.0,505.0,0.0,0.0,0.0,0.0,0.00,sweeping:61
beir500k-rq1,neg10_cat21,neg10,74356,sweeping,512,1,61,1.0000,1.0000,0.00000,36.643,89.263,135.688,41.072,110713.6,0.0,30271.4,17784.7,25.0,963.0,0.0,0.0,0.0,0.0,0.00,sweeping:61
beir500k-rq1,neg10_cat21,neg10,74356,sweeping,512,2,61,1.0000,1.0000,0.00000,36.302,70.198,89.771,40.143,110713.6,0.0,30271.4,17784.7,25.0,963.0,0.0,0.0,0.0,0.0,0.00,sweeping:61
beir500k-rq1,neg10_cat21,neg10,74356,sweeping,512,3,61,1.0000,1.0000,0.00000,35.240,55.036,60.572,34.594,110713.6,0.0,30271.4,17784.7,25.0,963.0,0.0,0.0,0.0,0.0,0.00,sweeping:61
beir500k-rq1,neg10_cat21,neg10,74356,acorn,64,1,61,0.8918,0.4918,0.00441,1.036,1.382,1.495,1.029,1707.2,10.0,12122.7,67.2,3.0,3.0,0.0,0.0,0.0,0.0,0.00,acorn:60|rre:1
beir500k-rq1,neg10_cat21,neg10,74356,acorn,64,2,61,0.8918,0.4918,0.00441,1.027,1.354,1.488,0.986,1707.2,10.0,12122.7,67.2,3.0,3.0,0.0,0.0,0.0,0.0,0.00,acorn:60|rre:1
beir500k-rq1,neg10_cat21,neg10,74356,acorn,64,3,61,0.8918,0.4918,0.00441,1.068,1.420,1.471,1.039,1707.2,10.0,12122.7,67.2,3.0,3.0,0.0,0.0,0.0,0.0,0.00,acorn:60|rre:1
beir500k-rq1,neg10_cat21,neg10,74356,acorn,128,1,61,0.9361,0.7049,0.00364,1.808,2.389,2.706,1.759,3110.5,10.0,20646.0,132.7,5.0,5.0,0.0,0.0,0.0,0.0,0.00,acorn:60|rre:1
beir500k-rq1,neg10_cat21,neg10,74356,acorn,128,2,61,0.9361,0.7049,0.00364,1.809,2.563,3.253,1.878,3110.5,10.0,20646.0,132.7,5.0,5.0,0.0,0.0,0.0,0.0,0.00,acorn:60|rre:1
beir500k-rq1,neg10_cat21,neg10,74356,acorn,128,3,61,0.9361,0.7049,0.00364,1.800,2.554,2.697,1.810,3110.5,10.0,20646.0,132.7,5.0,5.0,0.0,0.0,0.0,0.0,0.00,acorn:60|rre:1
beir500k-rq1,neg10_cat21,neg10,74356,acorn,256,1,61,0.9869,0.8852,0.00022,3.212,4.185,4.453,3.121,5611.8,10.0,34251.5,266.0,9.0,9.0,0.0,0.0,0.0,0.0,0.00,acorn:60|rre:1
beir500k-rq1,neg10_cat21,neg10,74356,acorn,256,2,61,0.9869,0.8852,0.00022,3.183,4.247,4.482,3.122,5611.8,10.0,34251.5,266.0,9.0,9.0,0.0,0.0,0.0,0.0,0.00,acorn:60|rre:1
beir500k-rq1,neg10_cat21,neg10,74356,acorn,256,3,61,0.9869,0.8852,0.00022,3.222,4.049,4.284,3.123,5611.8,10.0,34251.5,266.0,9.0,9.0,0.0,0.0,0.0,0.0,0.00,acorn:60|rre:1
beir500k-rq1,neg10_cat21,neg10,74356,acorn,512,1,61,0.9967,0.9672,0.00012,5.385,6.361,6.825,5.289,9231.9,10.0,53797.2,516.4,19.0,18.0,0.0,0.0,0.0,0.0,0.00,acorn:60|rre:1
beir500k-rq1,neg10_cat21,neg10,74356,acorn,512,2,61,0.9967,0.9672,0.00012,5.154,6.396,6.711,5.197,9231.9,10.0,53797.2,516.4,19.0,18.0,0.0,0.0,0.0,0.0,0.00,acorn:60|rre:1
beir500k-rq1,neg10_cat21,neg10,74356,acorn,512,3,61,0.9967,0.9672,0.00012,5.658,6.729,7.100,5.605,9231.9,10.0,53797.2,516.4,19.0,18.0,0.0,0.0,0.0,0.0,0.00,acorn:60|rre:1
beir500k-rq1,neg10_cat21,neg10,74356,pathseer,64,1,61,0.9557,0.7377,0.00078,2.661,7.883,8.239,3.410,4037.3,0.0,18087.8,1691.0,3.0,114.0,150.0,10.9,13099.6,2.3,223.77,pathseer:61
beir500k-rq1,neg10_cat21,neg10,74356,pathseer,64,2,61,0.9557,0.7377,0.00078,2.405,7.163,7.693,3.100,4037.3,0.0,18087.8,1691.0,3.0,114.0,150.0,10.9,13099.6,2.3,223.77,pathseer:61
beir500k-rq1,neg10_cat21,neg10,74356,pathseer,64,3,61,0.9557,0.7377,0.00078,2.371,7.181,9.687,3.381,4037.3,0.0,18087.8,1691.0,3.0,114.0,150.0,10.9,13099.6,2.3,223.77,pathseer:61
beir500k-rq1,neg10_cat21,neg10,74356,pathseer,128,1,61,0.9770,0.8361,0.00037,4.094,10.032,11.269,4.913,6915.5,0.0,27637.5,2832.0,5.0,230.0,285.4,18.9,19257.0,4.5,418.10,pathseer:61
beir500k-rq1,neg10_cat21,neg10,74356,pathseer,128,2,61,0.9770,0.8361,0.00037,4.761,11.550,11.723,5.522,6915.5,0.0,27637.5,2832.0,5.0,230.0,285.4,18.9,19257.0,4.5,418.10,pathseer:61
beir500k-rq1,neg10_cat21,neg10,74356,pathseer,128,3,61,0.9770,0.8361,0.00037,4.107,10.480,11.545,4.890,6915.5,0.0,27637.5,2832.0,5.0,230.0,285.4,18.9,19257.0,4.5,418.10,pathseer:61
beir500k-rq1,neg10_cat21,neg10,74356,pathseer,256,1,61,0.9918,0.9344,0.00009,6.608,14.864,16.825,7.930,11711.3,0.0,41746.3,4709.9,10.0,449.0,606.4,39.1,27693.1,9.5,762.39,pathseer:61
beir500k-rq1,neg10_cat21,neg10,74356,pathseer,256,2,61,0.9918,0.9344,0.00009,6.734,15.178,17.037,7.941,11711.3,0.0,41746.3,4709.9,10.0,449.0,606.4,39.1,27693.1,9.5,762.39,pathseer:61
beir500k-rq1,neg10_cat21,neg10,74356,pathseer,256,3,61,0.9918,0.9344,0.00009,6.663,14.396,15.806,7.802,11711.3,0.0,41746.3,4709.9,10.0,449.0,606.4,39.1,27693.1,9.5,762.39,pathseer:61
beir500k-rq1,neg10_cat21,neg10,74356,pathseer,512,1,61,1.0000,1.0000,0.00000,12.094,23.361,24.206,13.369,19862.5,0.0,63985.3,7922.3,22.0,889.0,1352.4,84.6,40151.6,21.1,1374.82,pathseer:61
beir500k-rq1,neg10_cat21,neg10,74356,pathseer,512,2,61,1.0000,1.0000,0.00000,12.302,23.619,23.980,13.234,19862.5,0.0,63985.3,7922.3,22.0,889.0,1352.4,84.6,40151.6,21.1,1374.82,pathseer:61
beir500k-rq1,neg10_cat21,neg10,74356,pathseer,512,3,61,1.0000,1.0000,0.00000,12.913,25.213,26.500,14.034,19862.5,0.0,63985.3,7922.3,22.0,889.0,1352.4,84.6,40151.6,21.1,1374.82,pathseer:61
beir500k-rq1,neg40_cat00,neg40,210687,sweeping,64,1,12,1.0000,1.0000,0.00000,0.735,0.959,0.998,0.724,2967.4,0.0,447.8,148.3,3.0,7.0,0.0,0.0,0.0,0.0,0.00,sweeping:12
beir500k-rq1,neg40_cat00,neg40,210687,sweeping,64,2,12,1.0000,1.0000,0.00000,0.671,0.966,1.107,0.678,2967.4,0.0,447.8,148.3,3.0,7.0,0.0,0.0,0.0,0.0,0.00,sweeping:12
beir500k-rq1,neg40_cat00,neg40,210687,sweeping,64,3,12,1.0000,1.0000,0.00000,0.645,0.899,1.087,0.678,2967.4,0.0,447.8,148.3,3.0,7.0,0.0,0.0,0.0,0.0,0.00,sweeping:12
beir500k-rq1,neg40_cat00,neg40,210687,sweeping,128,1,12,1.0000,1.0000,0.00000,1.303,1.861,2.040,1.257,5202.2,0.0,765.1,286.7,5.0,13.0,0.0,0.0,0.0,0.0,0.00,sweeping:12
beir500k-rq1,neg40_cat00,neg40,210687,sweeping,128,2,12,1.0000,1.0000,0.00000,1.197,1.907,2.014,1.225,5202.2,0.0,765.1,286.7,5.0,13.0,0.0,0.0,0.0,0.0,0.00,sweeping:12
beir500k-rq1,neg40_cat00,neg40,210687,sweeping,128,3,12,1.0000,1.0000,0.00000,1.144,1.800,1.950,1.198,5202.2,0.0,765.1,286.7,5.0,13.0,0.0,0.0,0.0,0.0,0.00,sweeping:12
beir500k-rq1,neg40_cat00,neg40,210687,sweeping,256,1,12,1.0000,1.0000,0.00000,2.587,3.868,3.959,2.497,8792.2,0.0,1398.6,548.3,11.0,23.0,0.0,0.0,0.0,0.0,0.00,sweeping:12
beir500k-rq1,neg40_cat00,neg40,210687,sweeping,256,2,12,1.0000,1.0000,0.00000,2.248,3.332,3.492,2.321,8792.2,0.0,1398.6,548.3,11.0,23.0,0.0,0.0,0.0,0.0,0.00,sweeping:12
beir500k-rq1,neg40_cat00,neg40,210687,sweeping,256,3,12,1.0000,1.0000,0.00000,2.053,3.227,3.244,2.045,8792.2,0.0,1398.6,548.3,11.0,23.0,0.0,0.0,0.0,0.0,0.00,sweeping:12
beir500k-rq1,neg40_cat00,neg40,210687,sweeping,512,1,12,1.0000,1.0000,0.00000,3.559,5.200,6.090,3.618,15128.0,0.0,2593.8,1094.7,22.0,44.0,0.0,0.0,0.0,0.0,0.00,sweeping:12
beir500k-rq1,neg40_cat00,neg40,210687,sweeping,512,2,12,1.0000,1.0000,0.00000,3.717,5.858,6.152,3.856,15128.0,0.0,2593.8,1094.7,22.0,44.0,0.0,0.0,0.0,0.0,0.00,sweeping:12
beir500k-rq1,neg40_cat00,neg40,210687,sweeping,512,3,12,1.0000,1.0000,0.00000,3.946,5.191,5.941,3.714,15128.0,0.0,2593.8,1094.7,22.0,44.0,0.0,0.0,0.0,0.0,0.00,sweeping:12
beir500k-rq1,neg40_cat00,neg40,210687,acorn,64,1,12,1.0000,1.0000,0.00000,0.642,0.837,1.084,0.659,2967.4,0.0,447.8,148.3,3.0,7.0,0.0,0.0,0.0,0.0,0.00,sweeping:12
beir500k-rq1,neg40_cat00,neg40,210687,acorn,64,2,12,1.0000,1.0000,0.00000,0.731,1.024,1.146,0.744,2967.4,0.0,447.8,148.3,3.0,7.0,0.0,0.0,0.0,0.0,0.00,sweeping:12
beir500k-rq1,neg40_cat00,neg40,210687,acorn,64,3,12,1.0000,1.0000,0.00000,0.703,1.030,1.117,0.722,2967.4,0.0,447.8,148.3,3.0,7.0,0.0,0.0,0.0,0.0,0.00,sweeping:12
beir500k-rq1,neg40_cat00,neg40,210687,acorn,128,1,12,1.0000,1.0000,0.00000,1.091,1.808,1.826,1.118,5202.2,0.0,765.1,286.7,5.0,13.0,0.0,0.0,0.0,0.0,0.00,sweeping:12
beir500k-rq1,neg40_cat00,neg40,210687,acorn,128,2,12,1.0000,1.0000,0.00000,1.036,1.507,1.813,1.084,5202.2,0.0,765.1,286.7,5.0,13.0,0.0,0.0,0.0,0.0,0.00,sweeping:12
beir500k-rq1,neg40_cat00,neg40,210687,acorn,128,3,12,1.0000,1.0000,0.00000,1.016,1.681,1.848,1.074,5202.2,0.0,765.1,286.7,5.0,13.0,0.0,0.0,0.0,0.0,0.00,sweeping:12
beir500k-rq1,neg40_cat00,neg40,210687,acorn,256,1,12,1.0000,1.0000,0.00000,1.936,2.996,3.126,1.972,8792.2,0.0,1398.6,548.3,11.0,23.0,0.0,0.0,0.0,0.0,0.00,sweeping:12
beir500k-rq1,neg40_cat00,neg40,210687,acorn,256,2,12,1.0000,1.0000,0.00000,2.040,2.938,3.029,1.981,8792.2,0.0,1398.6,548.3,11.0,23.0,0.0,0.0,0.0,0.0,0.00,sweeping:12
beir500k-rq1,neg40_cat00,neg40,210687,acorn,256,3,12,1.0000,1.0000,0.00000,1.970,3.018,3.234,1.988,8792.2,0.0,1398.6,548.3,11.0,23.0,0.0,0.0,0.0,0.0,0.00,sweeping:12
beir500k-rq1,neg40_cat00,neg40,210687,acorn,512,1,12,1.0000,1.0000,0.00000,3.653,5.119,5.733,3.581,15128.0,0.0,2593.8,1094.7,22.0,44.0,0.0,0.0,0.0,0.0,0.00,sweeping:12
beir500k-rq1,neg40_cat00,neg40,210687,acorn,512,2,12,1.0000,1.0000,0.00000,3.606,5.244,5.519,3.562,15128.0,0.0,2593.8,1094.7,22.0,44.0,0.0,0.0,0.0,0.0,0.00,sweeping:12
beir500k-rq1,neg40_cat00,neg40,210687,acorn,512,3,12,1.0000,1.0000,0.00000,3.592,5.142,5.934,3.604,15128.0,0.0,2593.8,1094.7,22.0,44.0,0.0,0.0,0.0,0.0,0.00,sweeping:12
beir500k-rq1,neg40_cat00,neg40,210687,pathseer,64,1,12,1.0000,1.0000,0.00000,0.385,0.449,0.486,0.385,1724.7,0.0,1341.9,104.2,3.0,5.0,96.0,36.8,574.2,1.5,50.67,pathseer:12
beir500k-rq1,neg40_cat00,neg40,210687,pathseer,64,2,12,1.0000,1.0000,0.00000,0.403,0.481,0.522,0.407,1724.7,0.0,1341.9,104.2,3.0,5.0,96.0,36.8,574.2,1.5,50.67,pathseer:12
beir500k-rq1,neg40_cat00,neg40,210687,pathseer,64,3,12,1.0000,1.0000,0.00000,0.378,0.450,0.463,0.381,1724.7,0.0,1341.9,104.2,3.0,5.0,96.0,36.8,574.2,1.5,50.67,pathseer:12
beir500k-rq1,neg40_cat00,neg40,210687,pathseer,128,1,12,1.0000,1.0000,0.00000,0.742,0.881,0.977,0.735,3006.2,0.0,2381.8,202.5,4.0,6.0,181.3,72.5,1050.3,2.8,114.17,pathseer:12
beir500k-rq1,neg40_cat00,neg40,210687,pathseer,128,2,12,1.0000,1.0000,0.00000,0.695,0.836,0.860,0.686,3006.2,0.0,2381.8,202.5,4.0,6.0,181.3,72.5,1050.3,2.8,114.17,pathseer:12
beir500k-rq1,neg40_cat00,neg40,210687,pathseer,128,3,12,1.0000,1.0000,0.00000,0.696,0.879,0.888,0.704,3006.2,0.0,2381.8,202.5,4.0,6.0,181.3,72.5,1050.3,2.8,114.17,pathseer:12
beir500k-rq1,neg40_cat00,neg40,210687,pathseer,256,1,12,1.0000,1.0000,0.00000,1.641,1.902,1.905,1.593,5190.2,0.0,4158.3,394.3,6.0,12.0,320.0,134.8,1805.7,5.0,227.67,pathseer:12
beir500k-rq1,neg40_cat00,neg40,210687,pathseer,256,2,12,1.0000,1.0000,0.00000,1.618,1.866,1.934,1.575,5190.2,0.0,4158.3,394.3,6.0,12.0,320.0,134.8,1805.7,5.0,227.67,pathseer:12
beir500k-rq1,neg40_cat00,neg40,210687,pathseer,256,3,12,1.0000,1.0000,0.00000,1.608,1.791,1.855,1.605,5190.2,0.0,4158.3,394.3,6.0,12.0,320.0,134.8,1805.7,5.0,227.67,pathseer:12
beir500k-rq1,neg40_cat00,neg40,210687,pathseer,512,1,12,1.0000,1.0000,0.00000,2.918,3.321,3.500,2.821,8798.8,0.0,7495.8,784.0,11.0,22.0,640.0,270.7,3230.7,10.0,447.08,pathseer:12
beir500k-rq1,neg40_cat00,neg40,210687,pathseer,512,2,12,1.0000,1.0000,0.00000,3.015,3.382,3.531,2.916,8798.8,0.0,7495.8,784.0,11.0,22.0,640.0,270.7,3230.7,10.0,447.08,pathseer:12
beir500k-rq1,neg40_cat00,neg40,210687,pathseer,512,3,12,1.0000,1.0000,0.00000,2.998,3.500,3.920,2.956,8798.8,0.0,7495.8,784.0,11.0,22.0,640.0,270.7,3230.7,10.0,447.08,pathseer:12
beir500k-rq1,neg40_cat01,neg40,224458,sweeping,64,1,22,0.9818,0.8182,0.00020,3.700,7.996,9.605,4.165,15964.5,0.0,3558.6,2152.6,4.0,63.0,0.0,0.0,0.0,0.0,0.00,sweeping:22
beir500k-rq1,neg40_cat01,neg40,224458,sweeping,64,2,22,0.9818,0.8182,0.00020,3.292,7.266,7.422,3.916,15964.5,0.0,3558.6,2152.6,4.0,63.0,0.0,0.0,0.0,0.0,0.00,sweeping:22
beir500k-rq1,neg40_cat01,neg40,224458,sweeping,64,3,22,0.9818,0.8182,0.00020,3.279,7.041,7.219,3.654,15964.5,0.0,3558.6,2152.6,4.0,63.0,0.0,0.0,0.0,0.0,0.00,sweeping:22
beir500k-rq1,neg40_cat01,neg40,224458,sweeping,128,1,22,0.9955,0.9545,0.00002,4.890,10.132,10.884,5.460,20617.2,0.0,5185.6,3003.6,6.0,117.0,0.0,0.0,0.0,0.0,0.00,sweeping:22
beir500k-rq1,neg40_cat01,neg40,224458,sweeping,128,2,22,0.9955,0.9545,0.00002,4.338,9.097,9.139,4.998,20617.2,0.0,5185.6,3003.6,6.0,117.0,0.0,0.0,0.0,0.0,0.00,sweeping:22
beir500k-rq1,neg40_cat01,neg40,224458,sweeping,128,3,22,0.9955,0.9545,0.00002,4.227,9.556,9.801,5.122,20617.2,0.0,5185.6,3003.6,6.0,117.0,0.0,0.0,0.0,0.0,0.00,sweeping:22
beir500k-rq1,neg40_cat01,neg40,224458,sweeping,256,1,22,1.0000,1.0000,0.00000,6.568,12.029,12.556,7.358,27083.9,0.0,7495.4,4231.8,11.0,191.0,0.0,0.0,0.0,0.0,0.00,sweeping:22
beir500k-rq1,neg40_cat01,neg40,224458,sweeping,256,2,22,1.0000,1.0000,0.00000,6.132,12.174,14.681,7.526,27083.9,0.0,7495.4,4231.8,11.0,191.0,0.0,0.0,0.0,0.0,0.00,sweeping:22
beir500k-rq1,neg40_cat01,neg40,224458,sweeping,256,3,22,1.0000,1.0000,0.00000,7.246,14.650,16.561,8.672,27083.9,0.0,7495.4,4231.8,11.0,191.0,0.0,0.0,0.0,0.0,0.00,sweeping:22
beir500k-rq1,neg40_cat01,neg40,224458,sweeping,512,1,22,1.0000,1.0000,0.00000,12.044,18.178,20.571,11.999,36213.5,0.0,10721.5,5961.8,24.0,377.0,0.0,0.0,0.0,0.0,0.00,sweeping:22
beir500k-rq1,neg40_cat01,neg40,224458,sweeping,512,2,22,1.0000,1.0000,0.00000,10.268,19.676,20.558,11.677,36213.5,0.0,10721.5,5961.8,24.0,377.0,0.0,0.0,0.0,0.0,0.00,sweeping:22
beir500k-rq1,neg40_cat01,neg40,224458,sweeping,512,3,22,1.0000,1.0000,0.00000,9.329,16.072,16.431,10.777,36213.5,0.0,10721.5,5961.8,24.0,377.0,0.0,0.0,0.0,0.0,0.00,sweeping:22
beir500k-rq1,neg40_cat01,neg40,224458,acorn,64,1,22,0.9818,0.8182,0.00020,3.823,8.472,8.958,4.471,15964.5,0.0,3558.6,2152.6,4.0,63.0,0.0,0.0,0.0,0.0,0.00,sweeping:22
beir500k-rq1,neg40_cat01,neg40,224458,acorn,64,2,22,0.9818,0.8182,0.00020,3.502,7.637,8.148,4.158,15964.5,0.0,3558.6,2152.6,4.0,63.0,0.0,0.0,0.0,0.0,0.00,sweeping:22
beir500k-rq1,neg40_cat01,neg40,224458,acorn,64,3,22,0.9818,0.8182,0.00020,3.423,7.278,7.451,3.919,15964.5,0.0,3558.6,2152.6,4.0,63.0,0.0,0.0,0.0,0.0,0.00,sweeping:22
beir500k-rq1,neg40_cat01,neg40,224458,acorn,128,1,22,0.9955,0.9545,0.00002,4.798,9.811,9.847,5.336,20617.2,0.0,5185.6,3003.6,6.0,117.0,0.0,0.0,0.0,0.0,0.00,sweeping:22
beir500k-rq1,neg40_cat01,neg40,224458,acorn,128,2,22,0.9955,0.9545,0.00002,4.782,10.721,11.401,5.567,20617.2,0.0,5185.6,3003.6,6.0,117.0,0.0,0.0,0.0,0.0,0.00,sweeping:22
beir500k-rq1,neg40_cat01,neg40,224458,acorn,128,3,22,0.9955,0.9545,0.00002,5.024,9.837,10.358,5.673,20617.2,0.0,5185.6,3003.6,6.0,117.0,0.0,0.0,0.0,0.0,0.00,sweeping:22
beir500k-rq1,neg40_cat01,neg40,224458,acorn,256,1,22,1.0000,1.0000,0.00000,6.454,12.551,13.446,7.481,27083.9,0.0,7495.4,4231.8,11.0,191.0,0.0,0.0,0.0,0.0,0.00,sweeping:22
beir500k-rq1,neg40_cat01,neg40,224458,acorn,256,2,22,1.0000,1.0000,0.00000,6.935,12.947,13.040,7.745,27083.9,0.0,7495.4,4231.8,11.0,191.0,0.0,0.0,0.0,0.0,0.00,sweeping:22
beir500k-rq1,neg40_cat01,neg40,224458,acorn,256,3,22,1.0000,1.0000,0.00000,7.024,12.867,13.215,7.606,27083.9,0.0,7495.4,4231.8,11.0,191.0,0.0,0.0,0.0,0.0,0.00,sweeping:22
beir500k-rq1,neg40_cat01,neg40,224458,acorn,512,1,22,1.0000,1.0000,0.00000,9.996,16.709,17.294,10.757,36213.5,0.0,10721.5,5961.8,24.0,377.0,0.0,0.0,0.0,0.0,0.00,sweeping:22
beir500k-rq1,neg40_cat01,neg40,224458,acorn,512,2,22,1.0000,1.0000,0.00000,9.030,17.508,19.741,10.894,36213.5,0.0,10721.5,5961.8,24.0,377.0,0.0,0.0,0.0,0.0,0.00,sweeping:22
beir500k-rq1,neg40_cat01,neg40,224458,acorn,512,3,22,1.0000,1.0000,0.00000,11.381,18.444,19.345,12.256,36213.5,0.0,10721.5,5961.8,24.0,377.0,0.0,0.0,0.0,0.0,0.00,sweeping:22
beir500k-rq1,neg40_cat01,neg40,224458,pathseer,64,1,22,0.9636,0.6818,0.00054,1.520,3.173,3.244,1.672,3041.1,0.0,9009.1,779.6,3.0,49.0,128.0,18.2,6134.4,2.0,166.82,pathseer:22
beir500k-rq1,neg40_cat01,neg40,224458,pathseer,64,2,22,0.9636,0.6818,0.00054,1.513,3.071,3.083,1.642,3041.1,0.0,9009.1,779.6,3.0,49.0,128.0,18.2,6134.4,2.0,166.82,pathseer:22
beir500k-rq1,neg40_cat01,neg40,224458,pathseer,64,3,22,0.9636,0.6818,0.00054,1.525,3.097,3.227,1.675,3041.1,0.0,9009.1,779.6,3.0,49.0,128.0,18.2,6134.4,2.0,166.82,pathseer:22
beir500k-rq1,neg40_cat01,neg40,224458,pathseer,128,1,22,0.9864,0.8636,0.00020,2.326,4.128,4.379,2.335,5088.9,0.0,12520.1,1227.4,5.0,84.0,238.5,34.7,7987.2,3.7,309.95,pathseer:22
beir500k-rq1,neg40_cat01,neg40,224458,pathseer,128,2,22,0.9864,0.8636,0.00020,2.669,4.230,4.847,2.571,5088.9,0.0,12520.1,1227.4,5.0,84.0,238.5,34.7,7987.2,3.7,309.95,pathseer:22
beir500k-rq1,neg40_cat01,neg40,224458,pathseer,128,3,22,0.9864,0.8636,0.00020,2.567,4.488,5.292,2.659,5088.9,0.0,12520.1,1227.4,5.0,84.0,238.5,34.7,7987.2,3.7,309.95,pathseer:22
beir500k-rq1,neg40_cat01,neg40,224458,pathseer,256,1,22,0.9955,0.9545,0.00004,3.927,7.385,7.591,4.207,8742.5,0.0,17684.8,2021.3,8.0,169.0,471.3,76.6,10240.9,7.4,524.64,pathseer:22
beir500k-rq1,neg40_cat01,neg40,224458,pathseer,256,2,22,0.9955,0.9545,0.00004,3.858,6.722,7.026,3.965,8742.5,0.0,17684.8,2021.3,8.0,169.0,471.3,76.6,10240.9,7.4,524.64,pathseer:22
beir500k-rq1,neg40_cat01,neg40,224458,pathseer,256,3,22,0.9955,0.9545,0.00004,3.782,6.791,7.029,3.983,8742.5,0.0,17684.8,2021.3,8.0,169.0,471.3,76.6,10240.9,7.4,524.64,pathseer:22
beir500k-rq1,neg40_cat01,neg40,224458,pathseer,512,1,22,1.0000,1.0000,0.00000,6.894,11.085,12.797,7.261,15183.4,0.0,25636.3,3465.5,17.0,294.0,1026.9,153.2,12877.1,16.0,854.09,pathseer:22
beir500k-rq1,neg40_cat01,neg40,224458,pathseer,512,2,22,1.0000,1.0000,0.00000,6.652,11.767,11.768,7.201,15183.4,0.0,25636.3,3465.5,17.0,294.0,1026.9,153.2,12877.1,16.0,854.09,pathseer:22
beir500k-rq1,neg40_cat01,neg40,224458,pathseer,512,3,22,1.0000,1.0000,0.00000,7.402,11.618,12.433,7.444,15183.4,0.0,25636.3,3465.5,17.0,294.0,1026.9,153.2,12877.1,16.0,854.09,pathseer:22
beir500k-rq1,neg40_cat02,neg40,201752,sweeping,64,1,60,0.9150,0.5833,0.00116,4.773,10.390,11.154,5.323,21867.4,0.0,5231.0,2464.2,3.0,63.0,0.0,0.0,0.0,0.0,0.00,sweeping:60
beir500k-rq1,neg40_cat02,neg40,201752,sweeping,64,2,60,0.9150,0.5833,0.00116,4.601,9.733,10.479,5.037,21867.4,0.0,5231.0,2464.2,3.0,63.0,0.0,0.0,0.0,0.0,0.00,sweeping:60
beir500k-rq1,neg40_cat02,neg40,201752,sweeping,64,3,60,0.9150,0.5833,0.00116,4.662,11.093,11.713,5.309,21867.4,0.0,5231.0,2464.2,3.0,63.0,0.0,0.0,0.0,0.0,0.00,sweeping:60
beir500k-rq1,neg40_cat02,neg40,201752,sweeping,128,1,60,0.9550,0.7167,0.00053,6.972,14.179,16.511,7.682,28225.9,0.0,7496.3,3552.9,5.0,127.0,0.0,0.0,0.0,0.0,0.00,sweeping:60
beir500k-rq1,neg40_cat02,neg40,201752,sweeping,128,2,60,0.9550,0.7167,0.00053,7.920,15.815,17.620,8.191,28225.9,0.0,7496.3,3552.9,5.0,127.0,0.0,0.0,0.0,0.0,0.00,sweeping:60
beir500k-rq1,neg40_cat02,neg40,201752,sweeping,128,3,60,0.9550,0.7167,0.00053,7.741,15.559,16.650,8.451,28225.9,0.0,7496.3,3552.9,5.0,127.0,0.0,0.0,0.0,0.0,0.00,sweeping:60
beir500k-rq1,neg40_cat02,neg40,201752,sweeping,256,1,60,0.9717,0.8000,0.00035,10.191,19.603,19.908,10.640,36771.2,0.0,10509.7,5042.0,9.0,251.0,0.0,0.0,0.0,0.0,0.00,sweeping:60
beir500k-rq1,neg40_cat02,neg40,201752,sweeping,256,2,60,0.9717,0.8000,0.00035,10.856,22.607,32.329,12.326,36771.2,0.0,10509.7,5042.0,9.0,251.0,0.0,0.0,0.0,0.0,0.00,sweeping:60
beir500k-rq1,neg40_cat02,neg40,201752,sweeping,256,3,60,0.9717,0.8000,0.00035,11.933,20.215,23.073,11.616,36771.2,0.0,10509.7,5042.0,9.0,251.0,0.0,0.0,0.0,0.0,0.00,sweeping:60
beir500k-rq1,neg40_cat02,neg40,201752,sweeping,512,1,60,0.9883,0.9000,0.00019,15.400,26.444,27.404,15.464,48750.3,0.0,14625.3,7152.4,18.0,448.0,0.0,0.0,0.0,0.0,0.00,sweeping:60
beir500k-rq1,neg40_cat02,neg40,201752,sweeping,512,2,60,0.9883,0.9000,0.00019,15.710,26.775,27.754,15.600,48750.3,0.0,14625.3,7152.4,18.0,448.0,0.0,0.0,0.0,0.0,0.00,sweeping:60
beir500k-rq1,neg40_cat02,neg40,201752,sweeping,512,3,60,0.9883,0.9000,0.00019,15.770,28.445,30.233,16.420,48750.3,0.0,14625.3,7152.4,18.0,448.0,0.0,0.0,0.0,0.0,0.00,sweeping:60
beir500k-rq1,neg40_cat02,neg40,201752,acorn,64,1,60,0.9150,0.5833,0.00116,5.023,10.934,13.257,5.723,21867.4,0.0,5231.0,2464.2,3.0,63.0,0.0,0.0,0.0,0.0,0.00,sweeping:60
beir500k-rq1,neg40_cat02,neg40,201752,acorn,64,2,60,0.9150,0.5833,0.00116,5.246,11.178,11.709,5.818,21867.4,0.0,5231.0,2464.2,3.0,63.0,0.0,0.0,0.0,0.0,0.00,sweeping:60
beir500k-rq1,neg40_cat02,neg40,201752,acorn,64,3,60,0.9150,0.5833,0.00116,5.398,11.363,11.910,5.526,21867.4,0.0,5231.0,2464.2,3.0,63.0,0.0,0.0,0.0,0.0,0.00,sweeping:60
beir500k-rq1,neg40_cat02,neg40,201752,acorn,128,1,60,0.9550,0.7167,0.00053,7.544,16.163,19.117,8.317,28225.9,0.0,7496.3,3552.9,5.0,127.0,0.0,0.0,0.0,0.0,0.00,sweeping:60
beir500k-rq1,neg40_cat02,neg40,201752,acorn,128,2,60,0.9550,0.7167,0.00053,7.849,14.873,16.053,8.178,28225.9,0.0,7496.3,3552.9,5.0,127.0,0.0,0.0,0.0,0.0,0.00,sweeping:60
beir500k-rq1,neg40_cat02,neg40,201752,acorn,128,3,60,0.9550,0.7167,0.00053,8.577,17.074,23.497,9.122,28225.9,0.0,7496.3,3552.9,5.0,127.0,0.0,0.0,0.0,0.0,0.00,sweeping:60
beir500k-rq1,neg40_cat02,neg40,201752,acorn,256,1,60,0.9717,0.8000,0.00035,10.949,19.280,19.994,10.902,36771.2,0.0,10509.7,5042.0,9.0,251.0,0.0,0.0,0.0,0.0,0.00,sweeping:60
beir500k-rq1,neg40_cat02,neg40,201752,acorn,256,2,60,0.9717,0.8000,0.00035,10.096,19.076,19.919,10.761,36771.2,0.0,10509.7,5042.0,9.0,251.0,0.0,0.0,0.0,0.0,0.00,sweeping:60
beir500k-rq1,neg40_cat02,neg40,201752,acorn,256,3,60,0.9717,0.8000,0.00035,10.788,19.844,21.405,11.025,36771.2,0.0,10509.7,5042.0,9.0,251.0,0.0,0.0,0.0,0.0,0.00,sweeping:60
beir500k-rq1,neg40_cat02,neg40,201752,acorn,512,1,60,0.9883,0.9000,0.00019,14.972,26.778,27.613,15.200,48750.3,0.0,14625.3,7152.4,18.0,448.0,0.0,0.0,0.0,0.0,0.00,sweeping:60
beir500k-rq1,neg40_cat02,neg40,201752,acorn,512,2,60,0.9883,0.9000,0.00019,15.277,26.390,27.725,15.407,48750.3,0.0,14625.3,7152.4,18.0,448.0,0.0,0.0,0.0,0.0,0.00,sweeping:60
beir500k-rq1,neg40_cat02,neg40,201752,acorn,512,3,60,0.9883,0.9000,0.00019,15.522,26.779,27.655,16.092,48750.3,0.0,14625.3,7152.4,18.0,448.0,0.0,0.0,0.0,0.0,0.00,sweeping:60
beir500k-rq1,neg40_cat02,neg40,201752,pathseer,64,1,60,0.8750,0.4500,0.00210,2.291,4.740,4.958,2.318,3767.5,0.0,12072.2,905.0,3.0,59.0,125.9,13.9,8599.1,2.0,209.47,pathseer:60
beir500k-rq1,neg40_cat02,neg40,201752,pathseer,64,2,60,0.8750,0.4500,0.00210,2.139,4.649,5.054,2.248,3767.5,0.0,12072.2,905.0,3.0,59.0,125.9,13.9,8599.1,2.0,209.47,pathseer:60
beir500k-rq1,neg40_cat02,neg40,201752,pathseer,64,3,60,0.8750,0.4500,0.00210,2.091,4.542,4.952,2.209,3767.5,0.0,12072.2,905.0,3.0,59.0,125.9,13.9,8599.1,2.0,209.47,pathseer:60
beir500k-rq1,neg40_cat02,neg40,201752,pathseer,128,1,60,0.9367,0.6167,0.00087,3.548,7.034,7.191,3.637,6530.9,0.0,17557.3,1580.0,4.0,109.0,217.6,26.9,11675.0,3.4,366.62,pathseer:60
beir500k-rq1,neg40_cat02,neg40,201752,pathseer,128,2,60,0.9367,0.6167,0.00087,3.373,6.558,7.298,3.583,6530.9,0.0,17557.3,1580.0,4.0,109.0,217.6,26.9,11675.0,3.4,366.62,pathseer:60
beir500k-rq1,neg40_cat02,neg40,201752,pathseer,128,3,60,0.9367,0.6167,0.00087,3.834,6.828,8.324,3.937,6530.9,0.0,17557.3,1580.0,4.0,109.0,217.6,26.9,11675.0,3.4,366.62,pathseer:60
beir500k-rq1,neg40_cat02,neg40,201752,pathseer,256,1,60,0.9667,0.8000,0.00038,5.755,9.859,11.130,5.783,11198.1,0.0,24835.1,2706.7,8.0,203.0,424.5,55.5,14914.5,6.6,602.27,pathseer:60
beir500k-rq1,neg40_cat02,neg40,201752,pathseer,256,2,60,0.9667,0.8000,0.00038,6.003,10.243,11.798,5.957,11198.1,0.0,24835.1,2706.7,8.0,203.0,424.5,55.5,14914.5,6.6,602.27,pathseer:60
beir500k-rq1,neg40_cat02,neg40,201752,pathseer,256,3,60,0.9667,0.8000,0.00038,6.114,10.536,12.314,6.125,11198.1,0.0,24835.1,2706.7,8.0,203.0,424.5,55.5,14914.5,6.6,602.27,pathseer:60
beir500k-rq1,neg40_cat02,neg40,201752,pathseer,512,1,60,0.9833,0.8667,0.00033,9.272,14.319,15.893,9.035,18751.0,0.0,34736.8,4511.0,15.0,408.0,868.3,108.2,18447.4,13.6,971.10,pathseer:60
beir500k-rq1,neg40_cat02,neg40,201752,pathseer,512,2,60,0.9833,0.8667,0.00033,8.976,14.829,15.840,8.978,18751.0,0.0,34736.8,4511.0,15.0,408.0,868.3,108.2,18447.4,13.6,971.10,pathseer:60
beir500k-rq1,neg40_cat02,neg40,201752,pathseer,512,3,60,0.9833,0.8667,0.00033,9.168,15.513,15.975,9.156,18751.0,0.0,34736.8,4511.0,15.0,408.0,868.3,108.2,18447.4,13.6,971.10,pathseer:60
beir500k-rq1,neg40_cat03,neg40,212381,sweeping,64,1,55,0.8818,0.4182,0.00172,4.329,9.113,10.237,4.341,19734.9,0.0,4737.6,1833.3,3.0,50.0,0.0,0.0,0.0,0.0,0.00,sweeping:55
beir500k-rq1,neg40_cat03,neg40,212381,sweeping,64,2,55,0.8818,0.4182,0.00172,4.461,9.572,9.959,4.419,19734.9,0.0,4737.6,1833.3,3.0,50.0,0.0,0.0,0.0,0.0,0.00,sweeping:55
beir500k-rq1,neg40_cat03,neg40,212381,sweeping,64,3,55,0.8818,0.4182,0.00172,4.383,9.122,9.743,4.344,19734.9,0.0,4737.6,1833.3,3.0,50.0,0.0,0.0,0.0,0.0,0.00,sweeping:55
beir500k-rq1,neg40_cat03,neg40,212381,sweeping,128,1,55,0.9255,0.5636,0.00097,5.829,11.805,12.587,5.834,25759.0,0.0,6744.6,2543.3,5.0,105.0,0.0,0.0,0.0,0.0,0.00,sweeping:55
beir500k-rq1,neg40_cat03,neg40,212381,sweeping,128,2,55,0.9255,0.5636,0.00097,5.851,12.136,12.939,6.015,25759.0,0.0,6744.6,2543.3,5.0,105.0,0.0,0.0,0.0,0.0,0.00,sweeping:55
beir500k-rq1,neg40_cat03,neg40,212381,sweeping,128,3,55,0.9255,0.5636,0.00097,6.631,12.272,14.194,6.306,25759.0,0.0,6744.6,2543.3,5.0,105.0,0.0,0.0,0.0,0.0,0.00,sweeping:55
beir500k-rq1,neg40_cat03,neg40,212381,sweeping,256,1,55,0.9545,0.7091,0.00058,9.621,17.449,19.752,9.269,34492.3,0.0,9558.5,3588.1,9.0,185.0,0.0,0.0,0.0,0.0,0.00,sweeping:55
beir500k-rq1,neg40_cat03,neg40,212381,sweeping,256,2,55,0.9545,0.7091,0.00058,9.477,17.012,19.330,9.077,34492.3,0.0,9558.5,3588.1,9.0,185.0,0.0,0.0,0.0,0.0,0.00,sweeping:55
beir500k-rq1,neg40_cat03,neg40,212381,sweeping,256,3,55,0.9545,0.7091,0.00058,9.737,16.742,20.049,9.322,34492.3,0.0,9558.5,3588.1,9.0,185.0,0.0,0.0,0.0,0.0,0.00,sweeping:55
beir500k-rq1,neg40_cat03,neg40,212381,sweeping,512,1,55,0.9764,0.8545,0.00030,13.010,23.825,27.923,13.019,47088.8,0.0,13474.8,5102.8,19.0,380.0,0.0,0.0,0.0,0.0,0.00,sweeping:55
beir500k-rq1,neg40_cat03,neg40,212381,sweeping,512,2,55,0.9764,0.8545,0.00030,13.607,25.060,30.390,13.712,47088.8,0.0,13474.8,5102.8,19.0,380.0,0.0,0.0,0.0,0.0,0.00,sweeping:55
beir500k-rq1,neg40_cat03,neg40,212381,sweeping,512,3,55,0.9764,0.8545,0.00030,12.984,23.789,30.212,13.364,47088.8,0.0,13474.8,5102.8,19.0,380.0,0.0,0.0,0.0,0.0,0.00,sweeping:55
beir500k-rq1,neg40_cat03,neg40,212381,acorn,64,1,55,0.8818,0.4182,0.00172,4.508,10.230,10.615,4.716,19734.9,0.0,4737.6,1833.3,3.0,50.0,0.0,0.0,0.0,0.0,0.00,sweeping:55
beir500k-rq1,neg40_cat03,neg40,212381,acorn,64,2,55,0.8818,0.4182,0.00172,5.206,9.737,10.226,4.867,19734.9,0.0,4737.6,1833.3,3.0,50.0,0.0,0.0,0.0,0.0,0.00,sweeping:55
beir500k-rq1,neg40_cat03,neg40,212381,acorn,64,3,55,0.8818,0.4182,0.00172,5.012,10.599,11.379,5.036,19734.9,0.0,4737.6,1833.3,3.0,50.0,0.0,0.0,0.0,0.0,0.00,sweeping:55
beir500k-rq1,neg40_cat03,neg40,212381,acorn,128,1,55,0.9255,0.5636,0.00097,6.218,11.736,13.783,6.184,25759.0,0.0,6744.6,2543.3,5.0,105.0,0.0,0.0,0.0,0.0,0.00,sweeping:55
beir500k-rq1,neg40_cat03,neg40,212381,acorn,128,2,55,0.9255,0.5636,0.00097,6.036,11.911,12.770,5.988,25759.0,0.0,6744.6,2543.3,5.0,105.0,0.0,0.0,0.0,0.0,0.00,sweeping:55
beir500k-rq1,neg40_cat03,neg40,212381,acorn,128,3,55,0.9255,0.5636,0.00097,6.456,12.057,12.755,6.090,25759.0,0.0,6744.6,2543.3,5.0,105.0,0.0,0.0,0.0,0.0,0.00,sweeping:55
beir500k-rq1,neg40_cat03,neg40,212381,acorn,256,1,55,0.9545,0.7091,0.00058,9.213,17.909,21.236,9.292,34492.3,0.0,9558.5,3588.1,9.0,185.0,0.0,0.0,0.0,0.0,0.00,sweeping:55
beir500k-rq1,neg40_cat03,neg40,212381,acorn,256,2,55,0.9545,0.7091,0.00058,9.224,16.190,19.421,8.890,34492.3,0.0,9558.5,3588.1,9.0,185.0,0.0,0.0,0.0,0.0,0.00,sweeping:55
beir500k-rq1,neg40_cat03,neg40,212381,acorn,256,3,55,0.9545,0.7091,0.00058,8.982,16.528,18.726,8.725,34492.3,0.0,9558.5,3588.1,9.0,185.0,0.0,0.0,0.0,0.0,0.00,sweeping:55
beir500k-rq1,neg40_cat03,neg40,212381,acorn,512,1,55,0.9764,0.8545,0.00030,12.658,22.508,26.624,12.437,47088.8,0.0,13474.8,5102.8,19.0,380.0,0.0,0.0,0.0,0.0,0.00,sweeping:55
beir500k-rq1,neg40_cat03,neg40,212381,acorn,512,2,55,0.9764,0.8545,0.00030,12.156,21.464,26.121,12.058,47088.8,0.0,13474.8,5102.8,19.0,380.0,0.0,0.0,0.0,0.0,0.00,sweeping:55
beir500k-rq1,neg40_cat03,neg40,212381,acorn,512,3,55,0.9764,0.8545,0.00030,12.608,21.275,26.745,12.246,47088.8,0.0,13474.8,5102.8,19.0,380.0,0.0,0.0,0.0,0.0,0.00,sweeping:55
beir500k-rq1,neg40_cat03,neg40,212381,pathseer,64,1,55,0.7836,0.2727,0.00461,1.379,4.297,4.680,1.714,3362.5,0.0,9914.9,704.3,3.0,28.0,125.7,22.1,7033.8,2.0,102.95,pathseer:55
beir500k-rq1,neg40_cat03,neg40,212381,pathseer,64,2,55,0.7836,0.2727,0.00461,1.347,4.275,4.516,1.689,3362.5,0.0,9914.9,704.3,3.0,28.0,125.7,22.1,7033.8,2.0,102.95,pathseer:55
beir500k-rq1,neg40_cat03,neg40,212381,pathseer,64,3,55,0.7836,0.2727,0.00461,1.419,4.302,4.588,1.719,3362.5,0.0,9914.9,704.3,3.0,28.0,125.7,22.1,7033.8,2.0,102.95,pathseer:55
beir500k-rq1,neg40_cat03,neg40,212381,pathseer,128,1,55,0.8818,0.4727,0.00222,2.585,6.107,7.085,2.930,6070.2,0.0,14939.0,1243.8,4.0,72.0,214.1,37.8,9837.9,3.3,182.53,pathseer:55
beir500k-rq1,neg40_cat03,neg40,212381,pathseer,128,2,55,0.8818,0.4727,0.00222,2.521,6.025,7.125,2.891,6070.2,0.0,14939.0,1243.8,4.0,72.0,214.1,37.8,9837.9,3.3,182.53,pathseer:55
beir500k-rq1,neg40_cat03,neg40,212381,pathseer,128,3,55,0.8818,0.4727,0.00222,2.503,5.985,6.732,2.887,6070.2,0.0,14939.0,1243.8,4.0,72.0,214.1,37.8,9837.9,3.3,182.53,pathseer:55
beir500k-rq1,neg40_cat03,neg40,212381,pathseer,256,1,55,0.9436,0.6545,0.00065,4.315,8.554,9.709,4.605,10506.2,0.0,21518.3,2056.5,8.0,160.0,415.4,67.4,12972.9,6.5,311.51,pathseer:55
beir500k-rq1,neg40_cat03,neg40,212381,pathseer,256,2,55,0.9436,0.6545,0.00065,4.294,8.614,9.372,4.607,10506.2,0.0,21518.3,2056.5,8.0,160.0,415.4,67.4,12972.9,6.5,311.51,pathseer:55
beir500k-rq1,neg40_cat03,neg40,212381,pathseer,256,3,55,0.9436,0.6545,0.00065,4.564,8.608,9.590,4.794,10506.2,0.0,21518.3,2056.5,8.0,160.0,415.4,67.4,12972.9,6.5,311.51,pathseer:55
beir500k-rq1,neg40_cat03,neg40,212381,pathseer,512,1,55,0.9709,0.8182,0.00036,7.515,14.241,17.291,7.976,17877.0,0.0,30405.4,3331.3,14.0,268.0,859.9,136.1,16313.1,13.4,546.76,pathseer:55
beir500k-rq1,neg40_cat03,neg40,212381,pathseer,512,2,55,0.9709,0.8182,0.00036,7.590,14.016,15.342,7.827,17877.0,0.0,30405.4,3331.3,14.0,268.0,859.9,136.1,16313.1,13.4,546.76,pathseer:55
beir500k-rq1,neg40_cat03,neg40,212381,pathseer,512,3,55,0.9709,0.8182,0.00036,7.474,13.876,14.387,7.674,17877.0,0.0,30405.4,3331.3,14.0,268.0,859.9,136.1,16313.1,13.4,546.76,pathseer:55
beir500k-rq1,neg40_cat04,neg40,219419,sweeping,64,1,57,0.9421,0.6140,0.00056,6.551,11.117,12.546,6.697,23256.7,0.0,8075.2,4273.9,3.0,148.0,0.0,0.0,0.0,0.0,0.00,sweeping:57
beir500k-rq1,neg40_cat04,neg40,219419,sweeping,64,2,57,0.9421,0.6140,0.00056,6.154,10.525,12.653,6.357,23256.7,0.0,8075.2,4273.9,3.0,148.0,0.0,0.0,0.0,0.0,0.00,sweeping:57
beir500k-rq1,neg40_cat04,neg40,219419,sweeping,64,3,57,0.9421,0.6140,0.00056,6.244,10.829,11.626,6.433,23256.7,0.0,8075.2,4273.9,3.0,148.0,0.0,0.0,0.0,0.0,0.00,sweeping:57
beir500k-rq1,neg40_cat04,neg40,219419,sweeping,128,1,57,0.9754,0.7719,0.00020,8.949,14.182,15.062,9.020,28216.4,0.0,10585.2,5581.7,6.0,278.0,0.0,0.0,0.0,0.0,0.00,sweeping:57
beir500k-rq1,neg40_cat04,neg40,219419,sweeping,128,2,57,0.9754,0.7719,0.00020,8.719,14.300,14.526,8.876,28216.4,0.0,10585.2,5581.7,6.0,278.0,0.0,0.0,0.0,0.0,0.00,sweeping:57
beir500k-rq1,neg40_cat04,neg40,219419,sweeping,128,3,57,0.9754,0.7719,0.00020,8.469,13.342,14.776,8.533,28216.4,0.0,10585.2,5581.7,6.0,278.0,0.0,0.0,0.0,0.0,0.00,sweeping:57
beir500k-rq1,neg40_cat04,neg40,219419,sweeping,256,1,57,0.9930,0.9298,0.00006,12.459,18.076,19.152,12.323,34960.7,0.0,13713.3,7284.5,10.0,526.0,0.0,0.0,0.0,0.0,0.00,sweeping:57
beir500k-rq1,neg40_cat04,neg40,219419,sweeping,256,2,57,0.9930,0.9298,0.00006,11.899,16.947,18.090,11.454,34960.7,0.0,13713.3,7284.5,10.0,526.0,0.0,0.0,0.0,0.0,0.00,sweeping:57
beir500k-rq1,neg40_cat04,neg40,219419,sweeping,256,3,57,0.9930,0.9298,0.00006,11.331,16.336,16.893,11.227,34960.7,0.0,13713.3,7284.5,10.0,526.0,0.0,0.0,0.0,0.0,0.00,sweeping:57
beir500k-rq1,neg40_cat04,neg40,219419,sweeping,512,1,57,0.9982,0.9825,0.00002,16.228,22.967,23.930,15.357,44458.7,0.0,17603.2,9526.9,22.0,1006.0,0.0,0.0,0.0,0.0,0.00,sweeping:57
beir500k-rq1,neg40_cat04,neg40,219419,sweeping,512,2,57,0.9982,0.9825,0.00002,15.872,22.127,23.130,15.501,44458.7,0.0,17603.2,9526.9,22.0,1006.0,0.0,0.0,0.0,0.0,0.00,sweeping:57
beir500k-rq1,neg40_cat04,neg40,219419,sweeping,512,3,57,0.9982,0.9825,0.00002,16.772,22.450,22.977,15.966,44458.7,0.0,17603.2,9526.9,22.0,1006.0,0.0,0.0,0.0,0.0,0.00,sweeping:57
beir500k-rq1,neg40_cat04,neg40,219419,acorn,64,1,57,0.9421,0.6140,0.00056,7.168,11.879,14.854,7.105,23256.7,0.0,8075.2,4273.9,3.0,148.0,0.0,0.0,0.0,0.0,0.00,sweeping:57
beir500k-rq1,neg40_cat04,neg40,219419,acorn,64,2,57,0.9421,0.6140,0.00056,7.185,13.594,14.496,7.744,23256.7,0.0,8075.2,4273.9,3.0,148.0,0.0,0.0,0.0,0.0,0.00,sweeping:57
beir500k-rq1,neg40_cat04,neg40,219419,acorn,64,3,57,0.9421,0.6140,0.00056,7.336,12.989,14.340,7.643,23256.7,0.0,8075.2,4273.9,3.0,148.0,0.0,0.0,0.0,0.0,0.00,sweeping:57
beir500k-rq1,neg40_cat04,neg40,219419,acorn,128,1,57,0.9754,0.7719,0.00020,8.782,14.897,15.658,9.269,28216.4,0.0,10585.2,5581.7,6.0,278.0,0.0,0.0,0.0,0.0,0.00,sweeping:57
beir500k-rq1,neg40_cat04,neg40,219419,acorn,128,2,57,0.9754,0.7719,0.00020,9.168,13.770,16.491,9.068,28216.4,0.0,10585.2,5581.7,6.0,278.0,0.0,0.0,0.0,0.0,0.00,sweeping:57
beir500k-rq1,neg40_cat04,neg40,219419,acorn,128,3,57,0.9754,0.7719,0.00020,9.497,15.036,16.391,9.583,28216.4,0.0,10585.2,5581.7,6.0,278.0,0.0,0.0,0.0,0.0,0.00,sweeping:57
beir500k-rq1,neg40_cat04,neg40,219419,acorn,256,1,57,0.9930,0.9298,0.00006,13.765,19.452,20.360,13.126,34960.7,0.0,13713.3,7284.5,10.0,526.0,0.0,0.0,0.0,0.0,0.00,sweeping:57
beir500k-rq1,neg40_cat04,neg40,219419,acorn,256,2,57,0.9930,0.9298,0.00006,12.533,19.667,20.648,12.689,34960.7,0.0,13713.3,7284.5,10.0,526.0,0.0,0.0,0.0,0.0,0.00,sweeping:57
beir500k-rq1,neg40_cat04,neg40,219419,acorn,256,3,57,0.9930,0.9298,0.00006,13.337,19.371,19.616,13.059,34960.7,0.0,13713.3,7284.5,10.0,526.0,0.0,0.0,0.0,0.0,0.00,sweeping:57
beir500k-rq1,neg40_cat04,neg40,219419,acorn,512,1,57,0.9982,0.9825,0.00002,16.561,23.490,24.833,15.997,44458.7,0.0,17603.2,9526.9,22.0,1006.0,0.0,0.0,0.0,0.0,0.00,sweeping:57
beir500k-rq1,neg40_cat04,neg40,219419,acorn,512,2,57,0.9982,0.9825,0.00002,17.136,23.263,25.175,15.967,44458.7,0.0,17603.2,9526.9,22.0,1006.0,0.0,0.0,0.0,0.0,0.00,sweeping:57
beir500k-rq1,neg40_cat04,neg40,219419,acorn,512,3,57,0.9982,0.9825,0.00002,16.462,23.077,24.891,15.712,44458.7,0.0,17603.2,9526.9,22.0,1006.0,0.0,0.0,0.0,0.0,0.00,sweeping:57
beir500k-rq1,neg40_cat04,neg40,219419,pathseer,64,1,57,0.9228,0.5439,0.00107,2.838,5.347,5.517,2.890,4428.4,0.0,15599.6,1727.6,3.0,115.0,140.4,12.6,10406.8,2.2,143.49,pathseer:57
beir500k-rq1,neg40_cat04,neg40,219419,pathseer,64,2,57,0.9228,0.5439,0.00107,3.018,5.388,6.008,3.034,4428.4,0.0,15599.6,1727.6,3.0,115.0,140.4,12.6,10406.8,2.2,143.49,pathseer:57
beir500k-rq1,neg40_cat04,neg40,219419,pathseer,64,3,57,0.9228,0.5439,0.00107,3.008,5.548,6.164,3.085,4428.4,0.0,15599.6,1727.6,3.0,115.0,140.4,12.6,10406.8,2.2,143.49,pathseer:57
beir500k-rq1,neg40_cat04,neg40,219419,pathseer,128,1,57,0.9719,0.7895,0.00028,4.594,7.628,7.882,4.562,7425.5,0.0,21397.5,2791.7,5.0,243.0,239.2,24.3,12936.9,3.7,237.54,pathseer:57
beir500k-rq1,neg40_cat04,neg40,219419,pathseer,128,2,57,0.9719,0.7895,0.00028,4.483,7.175,7.523,4.443,7425.5,0.0,21397.5,2791.7,5.0,243.0,239.2,24.3,12936.9,3.7,237.54,pathseer:57
beir500k-rq1,neg40_cat04,neg40,219419,pathseer,128,3,57,0.9719,0.7895,0.00028,4.548,7.794,7.996,4.527,7425.5,0.0,21397.5,2791.7,5.0,243.0,239.2,24.3,12936.9,3.7,237.54,pathseer:57
beir500k-rq1,neg40_cat04,neg40,219419,pathseer,256,1,57,0.9860,0.8772,0.00016,7.206,11.051,11.757,7.131,12408.5,0.0,28775.3,4500.8,9.0,469.0,487.3,44.8,14978.4,7.6,381.70,pathseer:57
beir500k-rq1,neg40_cat04,neg40,219419,pathseer,256,2,57,0.9860,0.8772,0.00016,7.521,12.060,12.554,7.564,12408.5,0.0,28775.3,4500.8,9.0,469.0,487.3,44.8,14978.4,7.6,381.70,pathseer:57
beir500k-rq1,neg40_cat04,neg40,219419,pathseer,256,3,57,0.9860,0.8772,0.00016,8.045,16.395,25.482,8.724,12408.5,0.0,28775.3,4500.8,9.0,469.0,487.3,44.8,14978.4,7.6,381.70,pathseer:57
beir500k-rq1,neg40_cat04,neg40,219419,pathseer,512,1,57,0.9965,0.9649,0.00004,11.070,16.107,17.451,11.010,19929.3,0.0,38294.0,6869.4,18.0,867.0,1093.6,89.7,16829.3,17.1,601.77,pathseer:57
beir500k-rq1,neg40_cat04,neg40,219419,pathseer,512,2,57,0.9965,0.9649,0.00004,11.203,15.220,16.438,10.888,19929.3,0.0,38294.0,6869.4,18.0,867.0,1093.6,89.7,16829.3,17.1,601.77,pathseer:57
beir500k-rq1,neg40_cat04,neg40,219419,pathseer,512,3,57,0.9965,0.9649,0.00004,11.019,15.463,16.215,10.852,19929.3,0.0,38294.0,6869.4,18.0,867.0,1093.6,89.7,16829.3,17.1,601.77,pathseer:57
beir500k-rq1,neg40_cat05,neg40,210419,sweeping,64,1,20,0.9600,0.8000,0.00062,1.307,2.615,3.052,1.354,7020.3,0.0,1377.6,603.8,4.0,15.0,0.0,0.0,0.0,0.0,0.00,sweeping:20
beir500k-rq1,neg40_cat05,neg40,210419,sweeping,64,2,20,0.9600,0.8000,0.00062,1.347,2.606,2.799,1.304,7020.3,0.0,1377.6,603.8,4.0,15.0,0.0,0.0,0.0,0.0,0.00,sweeping:20
beir500k-rq1,neg40_cat05,neg40,210419,sweeping,64,3,20,0.9600,0.8000,0.00062,1.291,2.580,2.840,1.316,7020.3,0.0,1377.6,603.8,4.0,15.0,0.0,0.0,0.0,0.0,0.00,sweeping:20
beir500k-rq1,neg40_cat05,neg40,210419,sweeping,128,1,20,0.9750,0.8500,0.00059,2.424,3.692,4.036,2.037,9975.0,0.0,2054.3,918.9,6.0,33.0,0.0,0.0,0.0,0.0,0.00,sweeping:20
beir500k-rq1,neg40_cat05,neg40,210419,sweeping,128,2,20,0.9750,0.8500,0.00059,2.456,3.773,4.147,2.068,9975.0,0.0,2054.3,918.9,6.0,33.0,0.0,0.0,0.0,0.0,0.00,sweeping:20
beir500k-rq1,neg40_cat05,neg40,210419,sweeping,128,3,20,0.9750,0.8500,0.00059,2.446,4.173,4.317,2.134,9975.0,0.0,2054.3,918.9,6.0,33.0,0.0,0.0,0.0,0.0,0.00,sweeping:20
beir500k-rq1,neg40_cat05,neg40,210419,sweeping,256,1,20,0.9900,0.9000,0.00047,3.613,5.548,6.147,3.419,14157.8,0.0,3087.6,1382.5,11.0,68.0,0.0,0.0,0.0,0.0,0.00,sweeping:20
beir500k-rq1,neg40_cat05,neg40,210419,sweeping,256,2,20,0.9900,0.9000,0.00047,3.869,5.690,6.231,3.455,14157.8,0.0,3087.6,1382.5,11.0,68.0,0.0,0.0,0.0,0.0,0.00,sweeping:20
beir500k-rq1,neg40_cat05,neg40,210419,sweeping,256,3,20,0.9900,0.9000,0.00047,3.910,5.870,6.109,3.437,14157.8,0.0,3087.6,1382.5,11.0,68.0,0.0,0.0,0.0,0.0,0.00,sweeping:20
beir500k-rq1,neg40_cat05,neg40,210419,sweeping,512,1,20,0.9950,0.9500,0.00010,6.609,8.990,9.073,5.641,20642.0,0.0,4681.4,2153.7,24.0,124.0,0.0,0.0,0.0,0.0,0.00,sweeping:20
beir500k-rq1,neg40_cat05,neg40,210419,sweeping,512,2,20,0.9950,0.9500,0.00010,5.393,8.563,8.650,5.442,20642.0,0.0,4681.4,2153.7,24.0,124.0,0.0,0.0,0.0,0.0,0.00,sweeping:20
beir500k-rq1,neg40_cat05,neg40,210419,sweeping,512,3,20,0.9950,0.9500,0.00010,5.807,8.625,8.724,5.401,20642.0,0.0,4681.4,2153.7,24.0,124.0,0.0,0.0,0.0,0.0,0.00,sweeping:20
beir500k-rq1,neg40_cat05,neg40,210419,acorn,64,1,20,0.9600,0.8000,0.00062,1.394,3.013,3.152,1.466,7020.3,0.0,1377.6,603.8,4.0,15.0,0.0,0.0,0.0,0.0,0.00,sweeping:20
beir500k-rq1,neg40_cat05,neg40,210419,acorn,64,2,20,0.9600,0.8000,0.00062,1.425,2.929,3.685,1.541,7020.3,0.0,1377.6,603.8,4.0,15.0,0.0,0.0,0.0,0.0,0.00,sweeping:20
beir500k-rq1,neg40_cat05,neg40,210419,acorn,64,3,20,0.9600,0.8000,0.00062,1.468,2.926,3.183,1.515,7020.3,0.0,1377.6,603.8,4.0,15.0,0.0,0.0,0.0,0.0,0.00,sweeping:20
beir500k-rq1,neg40_cat05,neg40,210419,acorn,128,1,20,0.9750,0.8500,0.00059,2.647,4.192,4.271,2.275,9975.0,0.0,2054.3,918.9,6.0,33.0,0.0,0.0,0.0,0.0,0.00,sweeping:20
beir500k-rq1,neg40_cat05,neg40,210419,acorn,128,2,20,0.9750,0.8500,0.00059,2.606,4.227,4.431,2.327,9975.0,0.0,2054.3,918.9,6.0,33.0,0.0,0.0,0.0,0.0,0.00,sweeping:20
beir500k-rq1,neg40_cat05,neg40,210419,acorn,128,3,20,0.9750,0.8500,0.00059,2.587,4.253,4.307,2.263,9975.0,0.0,2054.3,918.9,6.0,33.0,0.0,0.0,0.0,0.0,0.00,sweeping:20
beir500k-rq1,neg40_cat05,neg40,210419,acorn,256,1,20,0.9900,0.9000,0.00047,3.845,5.916,6.189,3.578,14157.8,0.0,3087.6,1382.5,11.0,68.0,0.0,0.0,0.0,0.0,0.00,sweeping:20
beir500k-rq1,neg40_cat05,neg40,210419,acorn,256,2,20,0.9900,0.9000,0.00047,3.745,6.064,6.107,3.551,14157.8,0.0,3087.6,1382.5,11.0,68.0,0.0,0.0,0.0,0.0,0.00,sweeping:20
beir500k-rq1,neg40_cat05,neg40,210419,acorn,256,3,20,0.9900,0.9000,0.00047,3.732,5.444,6.010,3.340,14157.8,0.0,3087.6,1382.5,11.0,68.0,0.0,0.0,0.0,0.0,0.00,sweeping:20
beir500k-rq1,neg40_cat05,neg40,210419,acorn,512,1,20,0.9950,0.9500,0.00010,5.617,8.693,9.468,5.704,20642.0,0.0,4681.4,2153.7,24.0,124.0,0.0,0.0,0.0,0.0,0.00,sweeping:20
beir500k-rq1,neg40_cat05,neg40,210419,acorn,512,2,20,0.9950,0.9500,0.00010,5.964,7.866,8.276,5.423,20642.0,0.0,4681.4,2153.7,24.0,124.0,0.0,0.0,0.0,0.0,0.00,sweeping:20
beir500k-rq1,neg40_cat05,neg40,210419,acorn,512,3,20,0.9950,0.9500,0.00010,5.183,7.602,7.844,5.010,20642.0,0.0,4681.4,2153.7,24.0,124.0,0.0,0.0,0.0,0.0,0.00,sweeping:20
beir500k-rq1,neg40_cat05,neg40,210419,pathseer,64,1,20,0.8950,0.6500,0.00179,0.557,1.207,1.490,0.641,2070.8,0.0,3127.2,236.7,3.0,7.0,108.8,39.9,1879.2,1.7,74.20,pathseer:20
beir500k-rq1,neg40_cat05,neg40,210419,pathseer,64,2,20,0.8950,0.6500,0.00179,0.565,1.237,1.260,0.612,2070.8,0.0,3127.2,236.7,3.0,7.0,108.8,39.9,1879.2,1.7,74.20,pathseer:20
beir500k-rq1,neg40_cat05,neg40,210419,pathseer,64,3,20,0.8950,0.6500,0.00179,0.568,1.231,1.445,0.650,2070.8,0.0,3127.2,236.7,3.0,7.0,108.8,39.9,1879.2,1.7,74.20,pathseer:20
beir500k-rq1,neg40_cat05,neg40,210419,pathseer,128,1,20,0.9600,0.7500,0.00085,1.055,1.958,2.244,1.164,3597.6,0.0,4967.8,441.3,4.0,14.0,182.4,70.5,2770.9,2.9,136.85,pathseer:20
beir500k-rq1,neg40_cat05,neg40,210419,pathseer,128,2,20,0.9600,0.7500,0.00085,1.124,2.025,2.298,1.199,3597.6,0.0,4967.8,441.3,4.0,14.0,182.4,70.5,2770.9,2.9,136.85,pathseer:20
beir500k-rq1,neg40_cat05,neg40,210419,pathseer,128,3,20,0.9600,0.7500,0.00085,1.103,2.075,2.267,1.219,3597.6,0.0,4967.8,441.3,4.0,14.0,182.4,70.5,2770.9,2.9,136.85,pathseer:20
beir500k-rq1,neg40_cat05,neg40,210419,pathseer,256,1,20,0.9900,0.9000,0.00047,2.138,3.526,4.015,2.123,6216.2,0.0,7756.6,808.1,7.0,31.0,364.8,132.8,3850.8,5.7,232.75,pathseer:20
beir500k-rq1,neg40_cat05,neg40,210419,pathseer,256,2,20,0.9900,0.9000,0.00047,2.413,3.914,3.929,2.193,6216.2,0.0,7756.6,808.1,7.0,31.0,364.8,132.8,3850.8,5.7,232.75,pathseer:20
beir500k-rq1,neg40_cat05,neg40,210419,pathseer,256,3,20,0.9900,0.9000,0.00047,2.102,3.884,3.993,2.229,6216.2,0.0,7756.6,808.1,7.0,31.0,364.8,132.8,3850.8,5.7,232.75,pathseer:20
beir500k-rq1,neg40_cat05,neg40,210419,pathseer,512,1,20,0.9950,0.9500,0.00010,3.815,6.077,6.082,3.811,10386.0,0.0,11629.8,1384.0,12.0,61.0,742.4,252.3,5118.4,11.6,391.55,pathseer:20
beir500k-rq1,neg40_cat05,neg40,210419,pathseer,512,2,20,0.9950,0.9500,0.00010,3.932,5.864,6.065,3.725,10386.0,0.0,11629.8,1384.0,12.0,61.0,742.4,252.3,5118.4,11.6,391.55,pathseer:20
beir500k-rq1,neg40_cat05,neg40,210419,pathseer,512,3,20,0.9950,0.9500,0.00010,4.156,5.835,5.936,3.716,10386.0,0.0,11629.8,1384.0,12.0,61.0,742.4,252.3,5118.4,11.6,391.55,pathseer:20
beir500k-rq1,neg40_cat06,neg40,214755,sweeping,64,1,49,0.9531,0.6735,0.00047,6.007,16.539,17.573,6.983,25579.9,0.0,7046.3,4044.9,4.0,146.0,0.0,0.0,0.0,0.0,0.00,sweeping:49
beir500k-rq1,neg40_cat06,neg40,214755,sweeping,64,2,49,0.9531,0.6735,0.00047,6.150,16.504,17.209,7.000,25579.9,0.0,7046.3,4044.9,4.0,146.0,0.0,0.0,0.0,0.0,0.00,sweeping:49
beir500k-rq1,neg40_cat06,neg40,214755,sweeping,64,3,49,0.9531,0.6735,0.00047,6.295,15.932,19.131,7.157,25579.9,0.0,7046.3,4044.9,4.0,146.0,0.0,0.0,0.0,0.0,0.00,sweeping:49
beir500k-rq1,neg40_cat06,neg40,214755,sweeping,128,1,49,0.9837,0.8776,0.00024,9.444,22.806,25.249,10.398,34080.8,0.0,10129.0,5751.5,6.0,296.0,0.0,0.0,0.0,0.0,0.00,sweeping:49
beir500k-rq1,neg40_cat06,neg40,214755,sweeping,128,2,49,0.9837,0.8776,0.00024,9.575,22.880,23.754,10.440,34080.8,0.0,10129.0,5751.5,6.0,296.0,0.0,0.0,0.0,0.0,0.00,sweeping:49
beir500k-rq1,neg40_cat06,neg40,214755,sweeping,128,3,49,0.9837,0.8776,0.00024,9.115,21.862,22.794,10.000,34080.8,0.0,10129.0,5751.5,6.0,296.0,0.0,0.0,0.0,0.0,0.00,sweeping:49
beir500k-rq1,neg40_cat06,neg40,214755,sweeping,256,1,49,0.9878,0.8980,0.00017,13.421,30.261,32.285,14.525,45897.2,0.0,14472.8,8194.5,11.0,562.0,0.0,0.0,0.0,0.0,0.00,sweeping:49
beir500k-rq1,neg40_cat06,neg40,214755,sweeping,256,2,49,0.9878,0.8980,0.00017,13.434,29.256,32.785,14.370,45897.2,0.0,14472.8,8194.5,11.0,562.0,0.0,0.0,0.0,0.0,0.00,sweeping:49
beir500k-rq1,neg40_cat06,neg40,214755,sweeping,256,3,49,0.9878,0.8980,0.00017,14.128,29.878,33.918,14.517,45897.2,0.0,14472.8,8194.5,11.0,562.0,0.0,0.0,0.0,0.0,0.00,sweeping:49
beir500k-rq1,neg40_cat06,neg40,214755,sweeping,512,1,49,0.9939,0.9592,0.00013,18.912,38.432,42.947,20.262,61823.6,0.0,20526.8,11458.3,22.0,959.0,0.0,0.0,0.0,0.0,0.00,sweeping:49
beir500k-rq1,neg40_cat06,neg40,214755,sweeping,512,2,49,0.9939,0.9592,0.00013,18.762,39.082,43.547,20.353,61823.6,0.0,20526.8,11458.3,22.0,959.0,0.0,0.0,0.0,0.0,0.00,sweeping:49
beir500k-rq1,neg40_cat06,neg40,214755,sweeping,512,3,49,0.9939,0.9592,0.00013,19.539,39.391,45.090,20.734,61823.6,0.0,20526.8,11458.3,22.0,959.0,0.0,0.0,0.0,0.0,0.00,sweeping:49
beir500k-rq1,neg40_cat06,neg40,214755,acorn,64,1,49,0.9531,0.6735,0.00047,6.622,16.876,18.733,7.319,25579.9,0.0,7046.3,4044.9,4.0,146.0,0.0,0.0,0.0,0.0,0.00,sweeping:49
beir500k-rq1,neg40_cat06,neg40,214755,acorn,64,2,49,0.9531,0.6735,0.00047,6.228,16.057,19.661,7.037,25579.9,0.0,7046.3,4044.9,4.0,146.0,0.0,0.0,0.0,0.0,0.00,sweeping:49
beir500k-rq1,neg40_cat06,neg40,214755,acorn,64,3,49,0.9531,0.6735,0.00047,6.033,17.656,19.550,7.159,25579.9,0.0,7046.3,4044.9,4.0,146.0,0.0,0.0,0.0,0.0,0.00,sweeping:49
beir500k-rq1,neg40_cat06,neg40,214755,acorn,128,1,49,0.9837,0.8776,0.00024,9.161,23.467,24.918,10.292,34080.8,0.0,10129.0,5751.5,6.0,296.0,0.0,0.0,0.0,0.0,0.00,sweeping:49
beir500k-rq1,neg40_cat06,neg40,214755,acorn,128,2,49,0.9837,0.8776,0.00024,9.311,22.184,25.389,10.217,34080.8,0.0,10129.0,5751.5,6.0,296.0,0.0,0.0,0.0,0.0,0.00,sweeping:49
beir500k-rq1,neg40_cat06,neg40,214755,acorn,128,3,49,0.9837,0.8776,0.00024,9.373,22.489,22.853,10.231,34080.8,0.0,10129.0,5751.5,6.0,296.0,0.0,0.0,0.0,0.0,0.00,sweeping:49
beir500k-rq1,neg40_cat06,neg40,214755,acorn,256,1,49,0.9878,0.8980,0.00017,14.428,30.522,32.404,15.075,45897.2,0.0,14472.8,8194.5,11.0,562.0,0.0,0.0,0.0,0.0,0.00,sweeping:49
beir500k-rq1,neg40_cat06,neg40,214755,acorn,256,2,49,0.9878,0.8980,0.00017,13.434,30.409,33.390,14.750,45897.2,0.0,14472.8,8194.5,11.0,562.0,0.0,0.0,0.0,0.0,0.00,sweeping:49
beir500k-rq1,neg40_cat06,neg40,214755,acorn,256,3,49,0.9878,0.8980,0.00017,13.258,30.660,33.778,14.770,45897.2,0.0,14472.8,8194.5,11.0,562.0,0.0,0.0,0.0,0.0,0.00,sweeping:49
beir500k-rq1,neg40_cat06,neg40,214755,acorn,512,1,49,0.9939,0.9592,0.00013,18.965,38.915,46.275,20.536,61823.6,0.0,20526.8,11458.3,22.0,959.0,0.0,0.0,0.0,0.0,0.00,sweeping:49
beir500k-rq1,neg40_cat06,neg40,214755,acorn,512,2,49,0.9939,0.9592,0.00013,18.935,39.021,41.607,20.670,61823.6,0.0,20526.8,11458.3,22.0,959.0,0.0,0.0,0.0,0.0,0.00,sweeping:49
beir500k-rq1,neg40_cat06,neg40,214755,acorn,512,3,49,0.9939,0.9592,0.00013,18.558,38.432,41.727,19.838,61823.6,0.0,20526.8,11458.3,22.0,959.0,0.0,0.0,0.0,0.0,0.00,sweeping:49
beir500k-rq1,neg40_cat06,neg40,214755,pathseer,64,1,49,0.9347,0.6327,0.00092,2.521,7.662,8.857,2.992,4528.8,0.0,16854.0,2078.9,3.0,139.0,148.9,9.7,11000.4,2.3,256.59,pathseer:49
beir500k-rq1,neg40_cat06,neg40,214755,pathseer,64,2,49,0.9347,0.6327,0.00092,2.688,8.119,9.059,3.119,4528.8,0.0,16854.0,2078.9,3.0,139.0,148.9,9.7,11000.4,2.3,256.59,pathseer:49
beir500k-rq1,neg40_cat06,neg40,214755,pathseer,64,3,49,0.9347,0.6327,0.00092,2.808,7.913,9.202,3.090,4528.8,0.0,16854.0,2078.9,3.0,139.0,148.9,9.7,11000.4,2.3,256.59,pathseer:49
beir500k-rq1,neg40_cat06,neg40,214755,pathseer,128,1,49,0.9673,0.7959,0.00049,4.660,12.575,13.124,5.099,7393.9,0.0,23602.0,3230.5,5.0,242.0,274.3,20.5,14394.8,4.3,433.55,pathseer:49
beir500k-rq1,neg40_cat06,neg40,214755,pathseer,128,2,49,0.9673,0.7959,0.00049,4.508,12.025,13.246,5.070,7393.9,0.0,23602.0,3230.5,5.0,242.0,274.3,20.5,14394.8,4.3,433.55,pathseer:49
beir500k-rq1,neg40_cat06,neg40,214755,pathseer,128,3,49,0.9673,0.7959,0.00049,4.524,12.037,13.074,5.030,7393.9,0.0,23602.0,3230.5,5.0,242.0,274.3,20.5,14394.8,4.3,433.55,pathseer:49
beir500k-rq1,neg40_cat06,neg40,214755,pathseer,256,1,49,0.9857,0.8776,0.00018,7.266,15.628,17.686,7.607,12250.1,0.0,33355.3,5048.3,9.0,494.0,534.2,37.1,18690.5,8.3,699.31,pathseer:49
beir500k-rq1,neg40_cat06,neg40,214755,pathseer,256,2,49,0.9857,0.8776,0.00018,6.946,15.330,17.944,7.478,12250.1,0.0,33355.3,5048.3,9.0,494.0,534.2,37.1,18690.5,8.3,699.31,pathseer:49
beir500k-rq1,neg40_cat06,neg40,214755,pathseer,256,3,49,0.9857,0.8776,0.00018,6.996,16.330,16.885,7.691,12250.1,0.0,33355.3,5048.3,9.0,494.0,534.2,37.1,18690.5,8.3,699.31,pathseer:49
beir500k-rq1,neg40_cat06,neg40,214755,pathseer,512,1,49,0.9918,0.9388,0.00014,11.427,22.868,23.861,11.786,20070.9,0.0,46623.6,7694.1,19.0,890.0,1165.1,80.3,23638.9,18.2,1056.92,pathseer:49
beir500k-rq1,neg40_cat06,neg40,214755,pathseer,512,2,49,0.9918,0.9388,0.00014,11.578,24.081,26.042,11.939,20070.9,0.0,46623.6,7694.1,19.0,890.0,1165.1,80.3,23638.9,18.2,1056.92,pathseer:49
beir500k-rq1,neg40_cat06,neg40,214755,pathseer,512,3,49,0.9918,0.9388,0.00014,11.447,23.754,24.940,11.935,20070.9,0.0,46623.6,7694.1,19.0,890.0,1165.1,80.3,23638.9,18.2,1056.92,pathseer:49
beir500k-rq1,neg40_cat07,neg40,227993,sweeping,64,1,41,0.9780,0.8049,0.00019,2.164,5.064,6.371,2.511,11837.2,0.0,2027.1,950.1,3.0,22.0,0.0,0.0,0.0,0.0,0.00,sweeping:41
beir500k-rq1,neg40_cat07,neg40,227993,sweeping,64,2,41,0.9780,0.8049,0.00019,2.013,4.783,6.142,2.419,11837.2,0.0,2027.1,950.1,3.0,22.0,0.0,0.0,0.0,0.0,0.00,sweeping:41
beir500k-rq1,neg40_cat07,neg40,227993,sweeping,64,3,41,0.9780,0.8049,0.00019,2.022,4.925,6.129,2.434,11837.2,0.0,2027.1,950.1,3.0,22.0,0.0,0.0,0.0,0.0,0.00,sweeping:41
beir500k-rq1,neg40_cat07,neg40,227993,sweeping,128,1,41,0.9951,0.9512,0.00002,3.507,7.224,8.573,3.821,17530.6,0.0,3200.4,1507.6,5.0,44.0,0.0,0.0,0.0,0.0,0.00,sweeping:41
beir500k-rq1,neg40_cat07,neg40,227993,sweeping,128,2,41,0.9951,0.9512,0.00002,4.020,7.490,9.488,3.958,17530.6,0.0,3200.4,1507.6,5.0,44.0,0.0,0.0,0.0,0.0,0.00,sweeping:41
beir500k-rq1,neg40_cat07,neg40,227993,sweeping,128,3,41,0.9951,0.9512,0.00002,3.541,6.891,9.055,3.788,17530.6,0.0,3200.4,1507.6,5.0,44.0,0.0,0.0,0.0,0.0,0.00,sweeping:41
beir500k-rq1,neg40_cat07,neg40,227993,sweeping,256,1,41,0.9976,0.9756,0.00001,5.404,10.219,13.110,5.791,25779.1,0.0,5083.1,2383.2,10.0,86.0,0.0,0.0,0.0,0.0,0.00,sweeping:41
beir500k-rq1,neg40_cat07,neg40,227993,sweeping,256,2,41,0.9976,0.9756,0.00001,5.459,10.942,12.775,5.847,25779.1,0.0,5083.1,2383.2,10.0,86.0,0.0,0.0,0.0,0.0,0.00,sweeping:41
beir500k-rq1,neg40_cat07,neg40,227993,sweeping,256,3,41,0.9976,0.9756,0.00001,5.057,10.573,13.138,5.745,25779.1,0.0,5083.1,2383.2,10.0,86.0,0.0,0.0,0.0,0.0,0.00,sweeping:41
beir500k-rq1,neg40_cat07,neg40,227993,sweeping,512,1,41,1.0000,1.0000,0.00000,8.303,15.493,21.619,9.160,38138.3,0.0,8060.7,3795.0,19.0,199.0,0.0,0.0,0.0,0.0,0.00,sweeping:41
beir500k-rq1,neg40_cat07,neg40,227993,sweeping,512,2,41,1.0000,1.0000,0.00000,9.070,16.582,19.971,9.463,38138.3,0.0,8060.7,3795.0,19.0,199.0,0.0,0.0,0.0,0.0,0.00,sweeping:41
beir500k-rq1,neg40_cat07,neg40,227993,sweeping,512,3,41,1.0000,1.0000,0.00000,7.960,15.372,19.583,9.050,38138.3,0.0,8060.7,3795.0,19.0,199.0,0.0,0.0,0.0,0.0,0.00,sweeping:41
beir500k-rq1,neg40_cat07,neg40,227993,acorn,64,1,41,0.9780,0.8049,0.00019,1.947,4.608,5.856,2.303,11837.2,0.0,2027.1,950.1,3.0,22.0,0.0,0.0,0.0,0.0,0.00,sweeping:41
beir500k-rq1,neg40_cat07,neg40,227993,acorn,64,2,41,0.9780,0.8049,0.00019,1.969,4.760,6.141,2.391,11837.2,0.0,2027.1,950.1,3.0,22.0,0.0,0.0,0.0,0.0,0.00,sweeping:41
beir500k-rq1,neg40_cat07,neg40,227993,acorn,64,3,41,0.9780,0.8049,0.00019,2.026,4.701,6.036,2.349,11837.2,0.0,2027.1,950.1,3.0,22.0,0.0,0.0,0.0,0.0,0.00,sweeping:41
beir500k-rq1,neg40_cat07,neg40,227993,acorn,128,1,41,0.9951,0.9512,0.00002,3.634,6.793,8.909,3.839,17530.6,0.0,3200.4,1507.6,5.0,44.0,0.0,0.0,0.0,0.0,0.00,sweeping:41
beir500k-rq1,neg40_cat07,neg40,227993,acorn,128,2,41,0.9951,0.9512,0.00002,3.293,6.951,8.787,3.647,17530.6,0.0,3200.4,1507.6,5.0,44.0,0.0,0.0,0.0,0.0,0.00,sweeping:41
beir500k-rq1,neg40_cat07,neg40,227993,acorn,128,3,41,0.9951,0.9512,0.00002,3.407,6.885,8.617,3.726,17530.6,0.0,3200.4,1507.6,5.0,44.0,0.0,0.0,0.0,0.0,0.00,sweeping:41
beir500k-rq1,neg40_cat07,neg40,227993,acorn,256,1,41,0.9976,0.9756,0.00001,5.892,10.444,14.188,5.954,25779.1,0.0,5083.1,2383.2,10.0,86.0,0.0,0.0,0.0,0.0,0.00,sweeping:41
beir500k-rq1,neg40_cat07,neg40,227993,acorn,256,2,41,0.9976,0.9756,0.00001,5.311,10.158,13.221,5.842,25779.1,0.0,5083.1,2383.2,10.0,86.0,0.0,0.0,0.0,0.0,0.00,sweeping:41
beir500k-rq1,neg40_cat07,neg40,227993,acorn,256,3,41,0.9976,0.9756,0.00001,5.292,10.288,13.362,5.788,25779.1,0.0,5083.1,2383.2,10.0,86.0,0.0,0.0,0.0,0.0,0.00,sweeping:41
beir500k-rq1,neg40_cat07,neg40,227993,acorn,512,1,41,1.0000,1.0000,0.00000,8.522,15.809,20.405,9.204,38138.3,0.0,8060.7,3795.0,19.0,199.0,0.0,0.0,0.0,0.0,0.00,sweeping:41
beir500k-rq1,neg40_cat07,neg40,227993,acorn,512,2,41,1.0000,1.0000,0.00000,8.793,16.362,20.201,9.327,38138.3,0.0,8060.7,3795.0,19.0,199.0,0.0,0.0,0.0,0.0,0.00,sweeping:41
beir500k-rq1,neg40_cat07,neg40,227993,acorn,512,3,41,1.0000,1.0000,0.00000,8.429,16.693,19.850,9.374,38138.3,0.0,8060.7,3795.0,19.0,199.0,0.0,0.0,0.0,0.0,0.00,sweeping:41
beir500k-rq1,neg40_cat07,neg40,227993,pathseer,64,1,41,0.9317,0.6585,0.00142,0.826,2.051,2.159,0.997,2402.9,0.0,5245.7,340.4,3.0,15.0,121.8,26.3,3560.1,1.9,160.10,pathseer:41
beir500k-rq1,neg40_cat07,neg40,227993,pathseer,64,2,41,0.9317,0.6585,0.00142,0.847,1.948,2.227,0.997,2402.9,0.0,5245.7,340.4,3.0,15.0,121.8,26.3,3560.1,1.9,160.10,pathseer:41
beir500k-rq1,neg40_cat07,neg40,227993,pathseer,64,3,41,0.9317,0.6585,0.00142,0.808,2.005,2.196,1.000,2402.9,0.0,5245.7,340.4,3.0,15.0,121.8,26.3,3560.1,1.9,160.10,pathseer:41
beir500k-rq1,neg40_cat07,neg40,227993,pathseer,128,1,41,0.9829,0.8780,0.00036,1.568,3.258,4.062,1.775,4390.2,0.0,8764.5,649.8,4.0,30.0,209.2,49.8,5701.3,3.3,313.17,pathseer:41
beir500k-rq1,neg40_cat07,neg40,227993,pathseer,128,2,41,0.9829,0.8780,0.00036,1.606,3.133,4.105,1.805,4390.2,0.0,8764.5,649.8,4.0,30.0,209.2,49.8,5701.3,3.3,313.17,pathseer:41
beir500k-rq1,neg40_cat07,neg40,227993,pathseer,128,3,41,0.9829,0.8780,0.00036,1.580,3.262,4.009,1.785,4390.2,0.0,8764.5,649.8,4.0,30.0,209.2,49.8,5701.3,3.3,313.17,pathseer:41
beir500k-rq1,neg40_cat07,neg40,227993,pathseer,256,1,41,0.9951,0.9512,0.00002,2.893,5.302,5.942,3.131,7696.9,0.0,13789.8,1174.1,7.0,64.0,399.6,95.4,8456.9,6.2,578.24,pathseer:41
beir500k-rq1,neg40_cat07,neg40,227993,pathseer,256,2,41,0.9951,0.9512,0.00002,2.901,5.269,6.166,3.137,7696.9,0.0,13789.8,1174.1,7.0,64.0,399.6,95.4,8456.9,6.2,578.24,pathseer:41
beir500k-rq1,neg40_cat07,neg40,227993,pathseer,256,3,41,0.9951,0.9512,0.00002,2.903,5.221,5.830,3.104,7696.9,0.0,13789.8,1174.1,7.0,64.0,399.6,95.4,8456.9,6.2,578.24,pathseer:41
beir500k-rq1,neg40_cat07,neg40,227993,pathseer,512,1,41,1.0000,1.0000,0.00000,4.864,8.319,9.840,5.250,13252.8,0.0,21196.8,2058.4,13.0,126.0,819.5,180.9,12061.8,12.8,977.34,pathseer:41
beir500k-rq1,neg40_cat07,neg40,227993,pathseer,512,2,41,1.0000,1.0000,0.00000,4.847,8.380,10.378,5.298,13252.8,0.0,21196.8,2058.4,13.0,126.0,819.5,180.9,12061.8,12.8,977.34,pathseer:41
beir500k-rq1,neg40_cat07,neg40,227993,pathseer,512,3,41,1.0000,1.0000,0.00000,4.784,8.505,9.906,5.224,13252.8,0.0,21196.8,2058.4,13.0,126.0,819.5,180.9,12061.8,12.8,977.34,pathseer:41
beir500k-rq1,neg40_cat08,neg40,220050,sweeping,64,1,52,0.9788,0.8077,0.00027,4.617,9.909,11.358,5.110,19759.9,0.0,5266.1,3004.2,3.0,69.0,0.0,0.0,0.0,0.0,0.00,sweeping:52
beir500k-rq1,neg40_cat08,neg40,220050,sweeping,64,2,52,0.9788,0.8077,0.00027,4.249,10.067,10.538,4.993,19759.9,0.0,5266.1,3004.2,3.0,69.0,0.0,0.0,0.0,0.0,0.00,sweeping:52
beir500k-rq1,neg40_cat08,neg40,220050,sweeping,64,3,52,0.9788,0.8077,0.00027,4.189,9.339,9.953,4.823,19759.9,0.0,5266.1,3004.2,3.0,69.0,0.0,0.0,0.0,0.0,0.00,sweeping:52
beir500k-rq1,neg40_cat08,neg40,220050,sweeping,128,1,52,0.9981,0.9808,0.00006,5.988,13.328,14.919,7.153,25349.5,0.0,7461.4,4363.2,5.0,147.0,0.0,0.0,0.0,0.0,0.00,sweeping:52
beir500k-rq1,neg40_cat08,neg40,220050,sweeping,128,2,52,0.9981,0.9808,0.00006,6.643,12.860,13.549,7.107,25349.5,0.0,7461.4,4363.2,5.0,147.0,0.0,0.0,0.0,0.0,0.00,sweeping:52
beir500k-rq1,neg40_cat08,neg40,220050,sweeping,128,3,52,0.9981,0.9808,0.00006,6.812,12.529,12.872,6.998,25349.5,0.0,7461.4,4363.2,5.0,147.0,0.0,0.0,0.0,0.0,0.00,sweeping:52
beir500k-rq1,neg40_cat08,neg40,220050,sweeping,256,1,52,0.9981,0.9808,0.00006,8.978,16.041,16.788,9.738,32799.2,0.0,10440.9,6188.2,9.0,274.0,0.0,0.0,0.0,0.0,0.00,sweeping:52
beir500k-rq1,neg40_cat08,neg40,220050,sweeping,256,2,52,0.9981,0.9808,0.00006,9.430,16.771,17.186,9.806,32799.2,0.0,10440.9,6188.2,9.0,274.0,0.0,0.0,0.0,0.0,0.00,sweeping:52
beir500k-rq1,neg40_cat08,neg40,220050,sweeping,256,3,52,0.9981,0.9808,0.00006,9.031,17.382,18.034,10.630,32799.2,0.0,10440.9,6188.2,9.0,274.0,0.0,0.0,0.0,0.0,0.00,sweeping:52
beir500k-rq1,neg40_cat08,neg40,220050,sweeping,512,1,52,0.9981,0.9808,0.00006,12.931,21.221,21.902,13.899,43315.5,0.0,14463.4,8712.7,20.0,523.0,0.0,0.0,0.0,0.0,0.00,sweeping:52
beir500k-rq1,neg40_cat08,neg40,220050,sweeping,512,2,52,0.9981,0.9808,0.00006,13.476,22.406,22.458,14.267,43315.5,0.0,14463.4,8712.7,20.0,523.0,0.0,0.0,0.0,0.0,0.00,sweeping:52
beir500k-rq1,neg40_cat08,neg40,220050,sweeping,512,3,52,0.9981,0.9808,0.00006,13.666,21.657,22.015,14.150,43315.5,0.0,14463.4,8712.7,20.0,523.0,0.0,0.0,0.0,0.0,0.00,sweeping:52
beir500k-rq1,neg40_cat08,neg40,220050,acorn,64,1,52,0.9788,0.8077,0.00027,4.273,10.136,12.011,5.208,19759.9,0.0,5266.1,3004.2,3.0,69.0,0.0,0.0,0.0,0.0,0.00,sweeping:52
beir500k-rq1,neg40_cat08,neg40,220050,acorn,64,2,52,0.9788,0.8077,0.00027,4.288,10.025,10.481,4.984,19759.9,0.0,5266.1,3004.2,3.0,69.0,0.0,0.0,0.0,0.0,0.00,sweeping:52
beir500k-rq1,neg40_cat08,neg40,220050,acorn,64,3,52,0.9788,0.8077,0.00027,4.806,9.710,9.946,5.030,19759.9,0.0,5266.1,3004.2,3.0,69.0,0.0,0.0,0.0,0.0,0.00,sweeping:52
beir500k-rq1,neg40_cat08,neg40,220050,acorn,128,1,52,0.9981,0.9808,0.00006,6.310,12.495,13.368,6.969,25349.5,0.0,7461.4,4363.2,5.0,147.0,0.0,0.0,0.0,0.0,0.00,sweeping:52
beir500k-rq1,neg40_cat08,neg40,220050,acorn,128,2,52,0.9981,0.9808,0.00006,6.050,12.708,14.421,6.994,25349.5,0.0,7461.4,4363.2,5.0,147.0,0.0,0.0,0.0,0.0,0.00,sweeping:52
beir500k-rq1,neg40_cat08,neg40,220050,acorn,128,3,52,0.9981,0.9808,0.00006,6.934,14.104,15.182,7.638,25349.5,0.0,7461.4,4363.2,5.0,147.0,0.0,0.0,0.0,0.0,0.00,sweeping:52
beir500k-rq1,neg40_cat08,neg40,220050,acorn,256,1,52,0.9981,0.9808,0.00006,9.355,16.091,16.493,9.784,32799.2,0.0,10440.9,6188.2,9.0,274.0,0.0,0.0,0.0,0.0,0.00,sweeping:52
beir500k-rq1,neg40_cat08,neg40,220050,acorn,256,2,52,0.9981,0.9808,0.00006,9.101,15.916,16.651,9.684,32799.2,0.0,10440.9,6188.2,9.0,274.0,0.0,0.0,0.0,0.0,0.00,sweeping:52
beir500k-rq1,neg40_cat08,neg40,220050,acorn,256,3,52,0.9981,0.9808,0.00006,9.334,15.963,16.768,9.807,32799.2,0.0,10440.9,6188.2,9.0,274.0,0.0,0.0,0.0,0.0,0.00,sweeping:52
beir500k-rq1,neg40_cat08,neg40,220050,acorn,512,1,52,0.9981,0.9808,0.00006,13.564,21.598,22.476,13.955,43315.5,0.0,14463.4,8712.7,20.0,523.0,0.0,0.0,0.0,0.0,0.00,sweeping:52
beir500k-rq1,neg40_cat08,neg40,220050,acorn,512,2,52,0.9981,0.9808,0.00006,13.296,20.826,21.597,13.800,43315.5,0.0,14463.4,8712.7,20.0,523.0,0.0,0.0,0.0,0.0,0.00,sweeping:52
beir500k-rq1,neg40_cat08,neg40,220050,acorn,512,3,52,0.9981,0.9808,0.00006,13.711,21.362,21.549,14.162,43315.5,0.0,14463.4,8712.7,20.0,523.0,0.0,0.0,0.0,0.0,0.00,sweeping:52
beir500k-rq1,neg40_cat08,neg40,220050,pathseer,64,1,52,0.9692,0.7500,0.00031,1.739,4.542,4.772,2.133,3682.8,0.0,12735.6,1247.2,3.0,57.0,131.7,16.6,8678.3,2.1,305.40,pathseer:52
beir500k-rq1,neg40_cat08,neg40,220050,pathseer,64,2,52,0.9692,0.7500,0.00031,1.803,4.623,4.780,2.149,3682.8,0.0,12735.6,1247.2,3.0,57.0,131.7,16.6,8678.3,2.1,305.40,pathseer:52
beir500k-rq1,neg40_cat08,neg40,220050,pathseer,64,3,52,0.9692,0.7500,0.00031,1.780,4.563,4.878,2.146,3682.8,0.0,12735.6,1247.2,3.0,57.0,131.7,16.6,8678.3,2.1,305.40,pathseer:52
beir500k-rq1,neg40_cat08,neg40,220050,pathseer,128,1,52,0.9885,0.8846,0.00013,3.092,6.455,6.883,3.465,6227.0,0.0,18061.3,2112.2,4.0,102.0,226.5,30.0,11300.3,3.5,550.02,pathseer:52
beir500k-rq1,neg40_cat08,neg40,220050,pathseer,128,2,52,0.9885,0.8846,0.00013,3.135,6.768,7.011,3.508,6227.0,0.0,18061.3,2112.2,4.0,102.0,226.5,30.0,11300.3,3.5,550.02,pathseer:52
beir500k-rq1,neg40_cat08,neg40,220050,pathseer,128,3,52,0.9885,0.8846,0.00013,3.109,6.570,6.581,3.440,6227.0,0.0,18061.3,2112.2,4.0,102.0,226.5,30.0,11300.3,3.5,550.02,pathseer:52
beir500k-rq1,neg40_cat08,neg40,220050,pathseer,256,1,52,0.9981,0.9808,0.00006,5.201,10.294,10.639,5.649,10446.7,0.0,24950.7,3494.2,7.0,239.0,424.6,57.8,13871.2,6.6,908.81,pathseer:52
beir500k-rq1,neg40_cat08,neg40,220050,pathseer,256,2,52,0.9981,0.9808,0.00006,5.257,10.284,11.118,5.708,10446.7,0.0,24950.7,3494.2,7.0,239.0,424.6,57.8,13871.2,6.6,908.81,pathseer:52
beir500k-rq1,neg40_cat08,neg40,220050,pathseer,256,3,52,0.9981,0.9808,0.00006,5.284,9.856,10.378,5.566,10446.7,0.0,24950.7,3494.2,7.0,239.0,424.6,57.8,13871.2,6.6,908.81,pathseer:52
beir500k-rq1,neg40_cat08,neg40,220050,pathseer,512,1,52,0.9981,0.9808,0.00006,8.227,14.636,14.773,8.906,17084.5,0.0,34177.8,5552.7,16.0,429.0,923.1,115.9,16559.2,14.4,1408.60,pathseer:52
beir500k-rq1,neg40_cat08,neg40,220050,pathseer,512,2,52,0.9981,0.9808,0.00006,8.122,15.452,16.598,9.103,17084.5,0.0,34177.8,5552.7,16.0,429.0,923.1,115.9,16559.2,14.4,1408.60,pathseer:52
beir500k-rq1,neg40_cat08,neg40,220050,pathseer,512,3,52,0.9981,0.9808,0.00006,8.126,16.353,16.621,9.206,17084.5,0.0,34177.8,5552.7,16.0,429.0,923.1,115.9,16559.2,14.4,1408.60,pathseer:52
beir500k-rq1,neg40_cat09,neg40,211545,sweeping,64,1,55,0.9691,0.7636,0.00040,8.278,17.180,18.249,9.007,30481.4,0.0,9388.8,6223.9,4.0,182.0,0.0,0.0,0.0,0.0,0.00,sweeping:55
beir500k-rq1,neg40_cat09,neg40,211545,sweeping,64,2,55,0.9691,0.7636,0.00040,8.978,18.379,19.184,9.472,30481.4,0.0,9388.8,6223.9,4.0,182.0,0.0,0.0,0.0,0.0,0.00,sweeping:55
beir500k-rq1,neg40_cat09,neg40,211545,sweeping,64,3,55,0.9691,0.7636,0.00040,8.354,15.827,17.208,9.087,30481.4,0.0,9388.8,6223.9,4.0,182.0,0.0,0.0,0.0,0.0,0.00,sweeping:55
beir500k-rq1,neg40_cat09,neg40,211545,sweeping,128,1,55,0.9873,0.8909,0.00013,13.241,21.753,22.251,12.838,37561.7,0.0,12714.3,8416.6,6.0,345.0,0.0,0.0,0.0,0.0,0.00,sweeping:55
beir500k-rq1,neg40_cat09,neg40,211545,sweeping,128,2,55,0.9873,0.8909,0.00013,11.952,19.967,22.224,12.137,37561.7,0.0,12714.3,8416.6,6.0,345.0,0.0,0.0,0.0,0.0,0.00,sweeping:55
beir500k-rq1,neg40_cat09,neg40,211545,sweeping,128,3,55,0.9873,0.8909,0.00013,12.629,21.102,21.894,12.246,37561.7,0.0,12714.3,8416.6,6.0,345.0,0.0,0.0,0.0,0.0,0.00,sweeping:55
beir500k-rq1,neg40_cat09,neg40,211545,sweeping,256,1,55,0.9964,0.9636,0.00007,16.007,25.972,27.239,16.210,46281.8,0.0,16945.5,11190.2,11.0,670.0,0.0,0.0,0.0,0.0,0.00,sweeping:55
beir500k-rq1,neg40_cat09,neg40,211545,sweeping,256,2,55,0.9964,0.9636,0.00007,17.350,26.150,26.915,16.533,46281.8,0.0,16945.5,11190.2,11.0,670.0,0.0,0.0,0.0,0.0,0.00,sweeping:55
beir500k-rq1,neg40_cat09,neg40,211545,sweeping,256,3,55,0.9964,0.9636,0.00007,18.051,26.478,26.644,16.222,46281.8,0.0,16945.5,11190.2,11.0,670.0,0.0,0.0,0.0,0.0,0.00,sweeping:55
beir500k-rq1,neg40_cat09,neg40,211545,sweeping,512,1,55,1.0000,1.0000,0.00000,22.667,32.840,34.214,21.731,58031.9,0.0,22239.2,14776.1,22.0,1306.0,0.0,0.0,0.0,0.0,0.00,sweeping:55
beir500k-rq1,neg40_cat09,neg40,211545,sweeping,512,2,55,1.0000,1.0000,0.00000,22.360,32.673,33.901,22.031,58031.9,0.0,22239.2,14776.1,22.0,1306.0,0.0,0.0,0.0,0.0,0.00,sweeping:55
beir500k-rq1,neg40_cat09,neg40,211545,sweeping,512,3,55,1.0000,1.0000,0.00000,21.867,32.962,33.473,21.873,58031.9,0.0,22239.2,14776.1,22.0,1306.0,0.0,0.0,0.0,0.0,0.00,sweeping:55
beir500k-rq1,neg40_cat09,neg40,211545,acorn,64,1,55,0.9691,0.7636,0.00040,9.308,17.629,19.718,10.009,30481.4,0.0,9388.8,6223.9,4.0,182.0,0.0,0.0,0.0,0.0,0.00,sweeping:55
beir500k-rq1,neg40_cat09,neg40,211545,acorn,64,2,55,0.9691,0.7636,0.00040,8.946,17.128,19.591,9.716,30481.4,0.0,9388.8,6223.9,4.0,182.0,0.0,0.0,0.0,0.0,0.00,sweeping:55
beir500k-rq1,neg40_cat09,neg40,211545,acorn,64,3,55,0.9691,0.7636,0.00040,7.989,16.224,17.732,9.117,30481.4,0.0,9388.8,6223.9,4.0,182.0,0.0,0.0,0.0,0.0,0.00,sweeping:55
beir500k-rq1,neg40_cat09,neg40,211545,acorn,128,1,55,0.9873,0.8909,0.00013,12.631,19.596,21.282,12.204,37561.7,0.0,12714.3,8416.6,6.0,345.0,0.0,0.0,0.0,0.0,0.00,sweeping:55
beir500k-rq1,neg40_cat09,neg40,211545,acorn,128,2,55,0.9873,0.8909,0.00013,12.348,20.594,20.966,11.952,37561.7,0.0,12714.3,8416.6,6.0,345.0,0.0,0.0,0.0,0.0,0.00,sweeping:55
beir500k-rq1,neg40_cat09,neg40,211545,acorn,128,3,55,0.9873,0.8909,0.00013,12.403,20.027,23.933,12.402,37561.7,0.0,12714.3,8416.6,6.0,345.0,0.0,0.0,0.0,0.0,0.00,sweeping:55
beir500k-rq1,neg40_cat09,neg40,211545,acorn,256,1,55,0.9964,0.9636,0.00007,15.976,25.443,27.281,16.127,46281.8,0.0,16945.5,11190.2,11.0,670.0,0.0,0.0,0.0,0.0,0.00,sweeping:55
beir500k-rq1,neg40_cat09,neg40,211545,acorn,256,2,55,0.9964,0.9636,0.00007,15.734,25.905,27.067,16.294,46281.8,0.0,16945.5,11190.2,11.0,670.0,0.0,0.0,0.0,0.0,0.00,sweeping:55
beir500k-rq1,neg40_cat09,neg40,211545,acorn,256,3,55,0.9964,0.9636,0.00007,15.833,25.480,25.951,15.993,46281.8,0.0,16945.5,11190.2,11.0,670.0,0.0,0.0,0.0,0.0,0.00,sweeping:55
beir500k-rq1,neg40_cat09,neg40,211545,acorn,512,1,55,1.0000,1.0000,0.00000,22.842,32.872,33.918,21.978,58031.9,0.0,22239.2,14776.1,22.0,1306.0,0.0,0.0,0.0,0.0,0.00,sweeping:55
beir500k-rq1,neg40_cat09,neg40,211545,acorn,512,2,55,1.0000,1.0000,0.00000,22.235,32.688,33.761,21.886,58031.9,0.0,22239.2,14776.1,22.0,1306.0,0.0,0.0,0.0,0.0,0.00,sweeping:55
beir500k-rq1,neg40_cat09,neg40,211545,acorn,512,3,55,1.0000,1.0000,0.00000,24.176,34.905,35.788,23.036,58031.9,0.0,22239.2,14776.1,22.0,1306.0,0.0,0.0,0.0,0.0,0.00,sweeping:55
beir500k-rq1,neg40_cat09,neg40,211545,pathseer,64,1,55,0.9455,0.6545,0.00084,3.111,5.879,6.911,3.265,4761.6,0.0,18733.7,2227.8,3.0,163.0,143.1,11.5,12551.5,2.2,270.76,pathseer:55
beir500k-rq1,neg40_cat09,neg40,211545,pathseer,64,2,55,0.9455,0.6545,0.00084,3.096,5.854,7.153,3.299,4761.6,0.0,18733.7,2227.8,3.0,163.0,143.1,11.5,12551.5,2.2,270.76,pathseer:55
beir500k-rq1,neg40_cat09,neg40,211545,pathseer,64,3,55,0.9455,0.6545,0.00084,3.223,6.543,7.369,3.430,4761.6,0.0,18733.7,2227.8,3.0,163.0,143.1,11.5,12551.5,2.2,270.76,pathseer:55
beir500k-rq1,neg40_cat09,neg40,211545,pathseer,128,1,55,0.9764,0.8182,0.00041,5.094,10.420,10.674,5.405,7884.1,0.0,25663.6,3530.3,5.0,328.0,270.0,22.9,15758.3,4.2,446.25,pathseer:55
beir500k-rq1,neg40_cat09,neg40,211545,pathseer,128,2,55,0.9764,0.8182,0.00041,5.310,9.524,9.840,5.302,7884.1,0.0,25663.6,3530.3,5.0,328.0,270.0,22.9,15758.3,4.2,446.25,pathseer:55
beir500k-rq1,neg40_cat09,neg40,211545,pathseer,128,3,55,0.9764,0.8182,0.00041,4.988,9.109,9.393,5.077,7884.1,0.0,25663.6,3530.3,5.0,328.0,270.0,22.9,15758.3,4.2,446.25,pathseer:55
beir500k-rq1,neg40_cat09,neg40,211545,pathseer,256,1,55,0.9945,0.9636,0.00009,8.376,14.337,15.399,8.044,12901.4,0.0,34751.0,5558.8,9.0,606.0,530.6,44.4,19038.2,8.3,730.00,pathseer:55
beir500k-rq1,neg40_cat09,neg40,211545,pathseer,256,2,55,0.9945,0.9636,0.00009,8.146,13.518,14.363,7.909,12901.4,0.0,34751.0,5558.8,9.0,606.0,530.6,44.4,19038.2,8.3,730.00,pathseer:55
beir500k-rq1,neg40_cat09,neg40,211545,pathseer,256,3,55,0.9945,0.9636,0.00009,8.408,14.478,15.220,8.836,12901.4,0.0,34751.0,5558.8,9.0,606.0,530.6,44.4,19038.2,8.3,730.00,pathseer:55
beir500k-rq1,neg40_cat09,neg40,211545,pathseer,512,1,55,0.9964,0.9818,0.00005,12.149,19.339,19.891,12.398,21076.6,0.0,47167.1,8725.4,19.0,1236.0,1141.5,85.0,22169.2,17.8,1112.02,pathseer:55
beir500k-rq1,neg40_cat09,neg40,211545,pathseer,512,2,55,0.9964,0.9818,0.00005,12.461,19.962,20.563,12.835,21076.6,0.0,47167.1,8725.4,19.0,1236.0,1141.5,85.0,22169.2,17.8,1112.02,pathseer:55
beir500k-rq1,neg40_cat09,neg40,211545,pathseer,512,3,55,0.9964,0.9818,0.00005,12.009,18.614,20.585,12.398,21076.6,0.0,47167.1,8725.4,19.0,1236.0,1141.5,85.0,22169.2,17.8,1112.02,pathseer:55
beir500k-rq1,neg40_cat10,neg40,228898,sweeping,64,1,50,0.9860,0.9400,0.00017,2.330,4.786,5.091,2.423,11957.3,0.0,2195.5,1066.0,4.0,31.0,0.0,0.0,0.0,0.0,0.00,sweeping:50
beir500k-rq1,neg40_cat10,neg40,228898,sweeping,64,2,50,0.9860,0.9400,0.00017,2.208,4.499,4.876,2.325,11957.3,0.0,2195.5,1066.0,4.0,31.0,0.0,0.0,0.0,0.0,0.00,sweeping:50
beir500k-rq1,neg40_cat10,neg40,228898,sweeping,64,3,50,0.9860,0.9400,0.00017,2.186,4.580,4.964,2.358,11957.3,0.0,2195.5,1066.0,4.0,31.0,0.0,0.0,0.0,0.0,0.00,sweeping:50
beir500k-rq1,neg40_cat10,neg40,228898,sweeping,128,1,50,0.9940,0.9600,0.00003,3.520,6.672,6.823,3.639,16691.2,0.0,3392.1,1676.9,5.0,53.0,0.0,0.0,0.0,0.0,0.00,sweeping:50
beir500k-rq1,neg40_cat10,neg40,228898,sweeping,128,2,50,0.9940,0.9600,0.00003,3.534,6.505,7.389,3.622,16691.2,0.0,3392.1,1676.9,5.0,53.0,0.0,0.0,0.0,0.0,0.00,sweeping:50
beir500k-rq1,neg40_cat10,neg40,228898,sweeping,128,3,50,0.9940,0.9600,0.00003,3.492,6.814,7.488,3.646,16691.2,0.0,3392.1,1676.9,5.0,53.0,0.0,0.0,0.0,0.0,0.00,sweeping:50
beir500k-rq1,neg40_cat10,neg40,228898,sweeping,256,1,50,1.0000,1.0000,0.00000,5.283,9.696,10.264,5.538,23413.9,0.0,5248.3,2638.2,10.0,115.0,0.0,0.0,0.0,0.0,0.00,sweeping:50
beir500k-rq1,neg40_cat10,neg40,228898,sweeping,256,2,50,1.0000,1.0000,0.00000,5.265,9.166,9.965,5.474,23413.9,0.0,5248.3,2638.2,10.0,115.0,0.0,0.0,0.0,0.0,0.00,sweeping:50
beir500k-rq1,neg40_cat10,neg40,228898,sweeping,256,3,50,1.0000,1.0000,0.00000,5.610,9.257,9.701,5.495,23413.9,0.0,5248.3,2638.2,10.0,115.0,0.0,0.0,0.0,0.0,0.00,sweeping:50
beir500k-rq1,neg40_cat10,neg40,228898,sweeping,512,1,50,1.0000,1.0000,0.00000,8.528,12.840,14.542,8.511,32904.8,0.0,8134.3,4179.1,20.0,243.0,0.0,0.0,0.0,0.0,0.00,sweeping:50
beir500k-rq1,neg40_cat10,neg40,228898,sweeping,512,2,50,1.0000,1.0000,0.00000,8.339,13.730,15.081,8.661,32904.8,0.0,8134.3,4179.1,20.0,243.0,0.0,0.0,0.0,0.0,0.00,sweeping:50
beir500k-rq1,neg40_cat10,neg40,228898,sweeping,512,3,50,1.0000,1.0000,0.00000,8.640,13.742,15.666,8.757,32904.8,0.0,8134.3,4179.1,20.0,243.0,0.0,0.0,0.0,0.0,0.00,sweeping:50
beir500k-rq1,neg40_cat10,neg40,228898,acorn,64,1,50,0.9860,0.9400,0.00017,2.388,4.796,5.565,2.534,11957.3,0.0,2195.5,1066.0,4.0,31.0,0.0,0.0,0.0,0.0,0.00,sweeping:50
beir500k-rq1,neg40_cat10,neg40,228898,acorn,64,2,50,0.9860,0.9400,0.00017,2.338,5.028,5.566,2.539,11957.3,0.0,2195.5,1066.0,4.0,31.0,0.0,0.0,0.0,0.0,0.00,sweeping:50
beir500k-rq1,neg40_cat10,neg40,228898,acorn,64,3,50,0.9860,0.9400,0.00017,2.326,5.056,5.334,2.497,11957.3,0.0,2195.5,1066.0,4.0,31.0,0.0,0.0,0.0,0.0,0.00,sweeping:50
beir500k-rq1,neg40_cat10,neg40,228898,acorn,128,1,50,0.9940,0.9600,0.00003,3.605,6.859,7.360,3.806,16691.2,0.0,3392.1,1676.9,5.0,53.0,0.0,0.0,0.0,0.0,0.00,sweeping:50
beir500k-rq1,neg40_cat10,neg40,228898,acorn,128,2,50,0.9940,0.9600,0.00003,3.769,7.017,7.741,3.803,16691.2,0.0,3392.1,1676.9,5.0,53.0,0.0,0.0,0.0,0.0,0.00,sweeping:50
beir500k-rq1,neg40_cat10,neg40,228898,acorn,128,3,50,0.9940,0.9600,0.00003,3.606,6.539,7.534,3.738,16691.2,0.0,3392.1,1676.9,5.0,53.0,0.0,0.0,0.0,0.0,0.00,sweeping:50
beir500k-rq1,neg40_cat10,neg40,228898,acorn,256,1,50,1.0000,1.0000,0.00000,5.434,9.288,9.891,5.582,23413.9,0.0,5248.3,2638.2,10.0,115.0,0.0,0.0,0.0,0.0,0.00,sweeping:50
beir500k-rq1,neg40_cat10,neg40,228898,acorn,256,2,50,1.0000,1.0000,0.00000,5.539,9.574,11.324,5.704,23413.9,0.0,5248.3,2638.2,10.0,115.0,0.0,0.0,0.0,0.0,0.00,sweeping:50
beir500k-rq1,neg40_cat10,neg40,228898,acorn,256,3,50,1.0000,1.0000,0.00000,5.577,9.525,13.556,5.750,23413.9,0.0,5248.3,2638.2,10.0,115.0,0.0,0.0,0.0,0.0,0.00,sweeping:50
beir500k-rq1,neg40_cat10,neg40,228898,acorn,512,1,50,1.0000,1.0000,0.00000,8.727,12.825,13.884,8.507,32904.8,0.0,8134.3,4179.1,20.0,243.0,0.0,0.0,0.0,0.0,0.00,sweeping:50
beir500k-rq1,neg40_cat10,neg40,228898,acorn,512,2,50,1.0000,1.0000,0.00000,8.559,13.352,13.763,8.681,32904.8,0.0,8134.3,4179.1,20.0,243.0,0.0,0.0,0.0,0.0,0.00,sweeping:50
beir500k-rq1,neg40_cat10,neg40,228898,acorn,512,3,50,1.0000,1.0000,0.00000,8.580,13.539,14.933,8.602,32904.8,0.0,8134.3,4179.1,20.0,243.0,0.0,0.0,0.0,0.0,0.00,sweeping:50
beir500k-rq1,neg40_cat10,neg40,228898,pathseer,64,1,50,0.9640,0.7200,0.00050,0.985,1.859,2.231,1.053,2418.0,0.0,5683.6,376.8,3.0,18.0,129.3,25.7,3874.8,2.0,193.12,pathseer:50
beir500k-rq1,neg40_cat10,neg40,228898,pathseer,64,2,50,0.9640,0.7200,0.00050,1.024,1.754,2.251,1.040,2418.0,0.0,5683.6,376.8,3.0,18.0,129.3,25.7,3874.8,2.0,193.12,pathseer:50
beir500k-rq1,neg40_cat10,neg40,228898,pathseer,64,3,50,0.9640,0.7200,0.00050,0.989,1.701,2.226,1.027,2418.0,0.0,5683.6,376.8,3.0,18.0,129.3,25.7,3874.8,2.0,193.12,pathseer:50
beir500k-rq1,neg40_cat10,neg40,228898,pathseer,128,1,50,0.9920,0.9400,0.00005,1.864,3.080,3.256,1.814,4267.4,0.0,9051.5,703.6,4.0,39.0,215.0,45.7,5850.4,3.4,360.10,pathseer:50
beir500k-rq1,neg40_cat10,neg40,228898,pathseer,128,2,50,0.9920,0.9400,0.00005,1.820,3.126,3.710,1.874,4267.4,0.0,9051.5,703.6,4.0,39.0,215.0,45.7,5850.4,3.4,360.10,pathseer:50
beir500k-rq1,neg40_cat10,neg40,228898,pathseer,128,3,50,0.9920,0.9400,0.00005,1.718,2.932,3.032,1.729,4267.4,0.0,9051.5,703.6,4.0,39.0,215.0,45.7,5850.4,3.4,360.10,pathseer:50
beir500k-rq1,neg40_cat10,neg40,228898,pathseer,256,1,50,1.0000,1.0000,0.00000,3.097,4.952,5.733,3.154,7350.2,0.0,13848.0,1263.6,7.0,72.0,418.6,89.2,8344.6,6.5,647.24,pathseer:50
beir500k-rq1,neg40_cat10,neg40,228898,pathseer,256,2,50,1.0000,1.0000,0.00000,3.217,4.999,5.220,3.124,7350.2,0.0,13848.0,1263.6,7.0,72.0,418.6,89.2,8344.6,6.5,647.24,pathseer:50
beir500k-rq1,neg40_cat10,neg40,228898,pathseer,256,3,50,1.0000,1.0000,0.00000,3.083,4.921,5.251,3.092,7350.2,0.0,13848.0,1263.6,7.0,72.0,418.6,89.2,8344.6,6.5,647.24,pathseer:50
beir500k-rq1,neg40_cat10,neg40,228898,pathseer,512,1,50,1.0000,1.0000,0.00000,5.247,8.041,8.833,5.359,12627.5,0.0,21072.4,2297.5,14.0,168.0,832.0,172.8,11493.4,13.0,1098.20,pathseer:50
beir500k-rq1,neg40_cat10,neg40,228898,pathseer,512,2,50,1.0000,1.0000,0.00000,5.235,7.667,9.071,5.339,12627.5,0.0,21072.4,2297.5,14.0,168.0,832.0,172.8,11493.4,13.0,1098.20,pathseer:50
beir500k-rq1,neg40_cat10,neg40,228898,pathseer,512,3,50,1.0000,1.0000,0.00000,5.675,8.403,10.051,5.589,12627.5,0.0,21072.4,2297.5,14.0,168.0,832.0,172.8,11493.4,13.0,1098.20,pathseer:50
beir500k-rq1,neg40_cat11,neg40,203547,sweeping,64,1,32,0.9750,0.8438,0.00020,4.707,10.897,13.491,5.131,21172.8,0.0,4697.1,2793.7,3.0,69.0,0.0,0.0,0.0,0.0,0.00,sweeping:32
beir500k-rq1,neg40_cat11,neg40,203547,sweeping,64,2,32,0.9750,0.8438,0.00020,4.717,11.156,12.850,5.115,21172.8,0.0,4697.1,2793.7,3.0,69.0,0.0,0.0,0.0,0.0,0.00,sweeping:32
beir500k-rq1,neg40_cat11,neg40,203547,sweeping,64,3,32,0.9750,0.8438,0.00020,4.719,11.361,13.702,5.157,21172.8,0.0,4697.1,2793.7,3.0,69.0,0.0,0.0,0.0,0.0,0.00,sweeping:32
beir500k-rq1,neg40_cat11,neg40,203547,sweeping,128,1,32,0.9906,0.9375,0.00004,7.679,15.635,20.945,8.046,29290.8,0.0,7070.7,4251.6,5.0,166.0,0.0,0.0,0.0,0.0,0.00,sweeping:32
beir500k-rq1,neg40_cat11,neg40,203547,sweeping,128,2,32,0.9906,0.9375,0.00004,7.271,15.028,17.930,7.368,29290.8,0.0,7070.7,4251.6,5.0,166.0,0.0,0.0,0.0,0.0,0.00,sweeping:32
beir500k-rq1,neg40_cat11,neg40,203547,sweeping,128,3,32,0.9906,0.9375,0.00004,7.463,15.084,18.761,7.708,29290.8,0.0,7070.7,4251.6,5.0,166.0,0.0,0.0,0.0,0.0,0.00,sweeping:32
beir500k-rq1,neg40_cat11,neg40,203547,sweeping,256,1,32,1.0000,1.0000,0.00000,11.461,19.525,24.671,11.101,40263.0,0.0,10651.4,6389.8,10.0,316.0,0.0,0.0,0.0,0.0,0.00,sweeping:32
beir500k-rq1,neg40_cat11,neg40,203547,sweeping,256,2,32,1.0000,1.0000,0.00000,11.614,19.620,25.927,11.234,40263.0,0.0,10651.4,6389.8,10.0,316.0,0.0,0.0,0.0,0.0,0.00,sweeping:32
beir500k-rq1,neg40_cat11,neg40,203547,sweeping,256,3,32,1.0000,1.0000,0.00000,11.530,20.863,26.189,11.242,40263.0,0.0,10651.4,6389.8,10.0,316.0,0.0,0.0,0.0,0.0,0.00,sweeping:32
beir500k-rq1,neg40_cat11,neg40,203547,sweeping,512,1,32,1.0000,1.0000,0.00000,17.644,27.714,35.795,16.778,55204.6,0.0,16050.7,9562.2,22.0,617.0,0.0,0.0,0.0,0.0,0.00,sweeping:32
beir500k-rq1,neg40_cat11,neg40,203547,sweeping,512,2,32,1.0000,1.0000,0.00000,17.410,28.002,36.025,16.770,55204.6,0.0,16050.7,9562.2,22.0,617.0,0.0,0.0,0.0,0.0,0.00,sweeping:32
beir500k-rq1,neg40_cat11,neg40,203547,sweeping,512,3,32,1.0000,1.0000,0.00000,17.884,28.565,40.055,17.632,55204.6,0.0,16050.7,9562.2,22.0,617.0,0.0,0.0,0.0,0.0,0.00,sweeping:32
beir500k-rq1,neg40_cat11,neg40,203547,acorn,64,1,32,0.9750,0.8438,0.00020,5.020,11.387,13.629,5.353,21172.8,0.0,4697.1,2793.7,3.0,69.0,0.0,0.0,0.0,0.0,0.00,sweeping:32
beir500k-rq1,neg40_cat11,neg40,203547,acorn,64,2,32,0.9750,0.8438,0.00020,5.326,12.742,14.309,5.592,21172.8,0.0,4697.1,2793.7,3.0,69.0,0.0,0.0,0.0,0.0,0.00,sweeping:32
beir500k-rq1,neg40_cat11,neg40,203547,acorn,64,3,32,0.9750,0.8438,0.00020,5.432,12.598,14.822,5.729,21172.8,0.0,4697.1,2793.7,3.0,69.0,0.0,0.0,0.0,0.0,0.00,sweeping:32
beir500k-rq1,neg40_cat11,neg40,203547,acorn,128,1,32,0.9906,0.9375,0.00004,7.354,15.091,17.635,7.499,29290.8,0.0,7070.7,4251.6,5.0,166.0,0.0,0.0,0.0,0.0,0.00,sweeping:32
beir500k-rq1,neg40_cat11,neg40,203547,acorn,128,2,32,0.9906,0.9375,0.00004,7.873,15.674,17.829,7.652,29290.8,0.0,7070.7,4251.6,5.0,166.0,0.0,0.0,0.0,0.0,0.00,sweeping:32
beir500k-rq1,neg40_cat11,neg40,203547,acorn,128,3,32,0.9906,0.9375,0.00004,7.526,14.858,17.594,7.345,29290.8,0.0,7070.7,4251.6,5.0,166.0,0.0,0.0,0.0,0.0,0.00,sweeping:32
beir500k-rq1,neg40_cat11,neg40,203547,acorn,256,1,32,1.0000,1.0000,0.00000,11.195,19.791,27.254,11.067,40263.0,0.0,10651.4,6389.8,10.0,316.0,0.0,0.0,0.0,0.0,0.00,sweeping:32
beir500k-rq1,neg40_cat11,neg40,203547,acorn,256,2,32,1.0000,1.0000,0.00000,11.737,20.449,26.309,11.457,40263.0,0.0,10651.4,6389.8,10.0,316.0,0.0,0.0,0.0,0.0,0.00,sweeping:32
beir500k-rq1,neg40_cat11,neg40,203547,acorn,256,3,32,1.0000,1.0000,0.00000,11.777,20.577,25.026,11.302,40263.0,0.0,10651.4,6389.8,10.0,316.0,0.0,0.0,0.0,0.0,0.00,sweeping:32
beir500k-rq1,neg40_cat11,neg40,203547,acorn,512,1,32,1.0000,1.0000,0.00000,17.338,29.565,35.587,17.024,55204.6,0.0,16050.7,9562.2,22.0,617.0,0.0,0.0,0.0,0.0,0.00,sweeping:32
beir500k-rq1,neg40_cat11,neg40,203547,acorn,512,2,32,1.0000,1.0000,0.00000,17.542,26.613,37.342,16.766,55204.6,0.0,16050.7,9562.2,22.0,617.0,0.0,0.0,0.0,0.0,0.00,sweeping:32
beir500k-rq1,neg40_cat11,neg40,203547,acorn,512,3,32,1.0000,1.0000,0.00000,17.369,27.574,35.814,16.794,55204.6,0.0,16050.7,9562.2,22.0,617.0,0.0,0.0,0.0,0.0,0.00,sweeping:32
beir500k-rq1,neg40_cat11,neg40,203547,pathseer,64,1,32,0.9594,0.7500,0.00040,1.514,3.492,5.149,1.770,3174.5,0.0,10955.5,997.4,3.0,60.0,134.0,18.3,7671.3,2.1,230.34,pathseer:32
beir500k-rq1,neg40_cat11,neg40,203547,pathseer,64,2,32,0.9594,0.7500,0.00040,1.738,3.625,5.784,1.874,3174.5,0.0,10955.5,997.4,3.0,60.0,134.0,18.3,7671.3,2.1,230.34,pathseer:32
beir500k-rq1,neg40_cat11,neg40,203547,pathseer,64,3,32,0.9594,0.7500,0.00040,1.579,3.528,5.299,1.797,3174.5,0.0,10955.5,997.4,3.0,60.0,134.0,18.3,7671.3,2.1,230.34,pathseer:32
beir500k-rq1,neg40_cat11,neg40,203547,pathseer,128,1,32,0.9781,0.8438,0.00017,2.723,6.425,7.076,2.976,5483.8,0.0,16610.3,1692.4,5.0,137.0,248.0,32.1,11091.8,3.9,398.97,pathseer:32
beir500k-rq1,neg40_cat11,neg40,203547,pathseer,128,2,32,0.9781,0.8438,0.00017,2.866,6.740,7.046,3.150,5483.8,0.0,16610.3,1692.4,5.0,137.0,248.0,32.1,11091.8,3.9,398.97,pathseer:32
beir500k-rq1,neg40_cat11,neg40,203547,pathseer,128,3,32,0.9781,0.8438,0.00017,3.081,6.990,8.246,3.362,5483.8,0.0,16610.3,1692.4,5.0,137.0,248.0,32.1,11091.8,3.9,398.97,pathseer:32
beir500k-rq1,neg40_cat11,neg40,203547,pathseer,256,1,32,0.9969,0.9688,0.00006,5.096,10.682,11.729,5.090,9538.9,0.0,24859.5,2904.8,8.0,255.0,492.0,63.9,15471.9,7.7,659.56,pathseer:32
beir500k-rq1,neg40_cat11,neg40,203547,pathseer,256,2,32,0.9969,0.9688,0.00006,5.081,11.167,11.956,5.157,9538.9,0.0,24859.5,2904.8,8.0,255.0,492.0,63.9,15471.9,7.7,659.56,pathseer:32
beir500k-rq1,neg40_cat11,neg40,203547,pathseer,256,3,32,0.9969,0.9688,0.00006,5.013,10.411,11.838,5.066,9538.9,0.0,24859.5,2904.8,8.0,255.0,492.0,63.9,15471.9,7.7,659.56,pathseer:32
beir500k-rq1,neg40_cat11,neg40,203547,pathseer,512,1,32,1.0000,1.0000,0.00000,8.252,16.559,20.431,8.764,16243.3,0.0,36899.8,4882.7,17.0,487.0,1010.0,129.0,21226.7,15.8,1113.78,pathseer:32
beir500k-rq1,neg40_cat11,neg40,203547,pathseer,512,2,32,1.0000,1.0000,0.00000,8.772,16.429,20.614,8.884,16243.3,0.0,36899.8,4882.7,17.0,487.0,1010.0,129.0,21226.7,15.8,1113.78,pathseer:32
beir500k-rq1,neg40_cat11,neg40,203547,pathseer,512,3,32,1.0000,1.0000,0.00000,8.331,15.996,20.030,8.600,16243.3,0.0,36899.8,4882.7,17.0,487.0,1010.0,129.0,21226.7,15.8,1113.78,pathseer:32
beir500k-rq1,neg40_cat12,neg40,222191,sweeping,64,1,66,0.9758,0.8030,0.00026,5.183,13.791,14.834,6.115,21260.6,0.0,6254.5,4005.6,3.0,92.0,0.0,0.0,0.0,0.0,0.00,sweeping:66
beir500k-rq1,neg40_cat12,neg40,222191,sweeping,64,2,66,0.9758,0.8030,0.00026,4.984,14.356,16.569,6.118,21260.6,0.0,6254.5,4005.6,3.0,92.0,0.0,0.0,0.0,0.0,0.00,sweeping:66
beir500k-rq1,neg40_cat12,neg40,222191,sweeping,64,3,66,0.9758,0.8030,0.00026,4.982,14.173,14.459,5.957,21260.6,0.0,6254.5,4005.6,3.0,92.0,0.0,0.0,0.0,0.0,0.00,sweeping:66
beir500k-rq1,neg40_cat12,neg40,222191,sweeping,128,1,66,0.9848,0.8788,0.00007,6.968,16.912,21.107,8.063,26579.3,0.0,8533.6,5440.8,5.0,161.0,0.0,0.0,0.0,0.0,0.00,sweeping:66
beir500k-rq1,neg40_cat12,neg40,222191,sweeping,128,2,66,0.9848,0.8788,0.00007,7.277,17.457,18.875,8.239,26579.3,0.0,8533.6,5440.8,5.0,161.0,0.0,0.0,0.0,0.0,0.00,sweeping:66
beir500k-rq1,neg40_cat12,neg40,222191,sweeping,128,3,66,0.9848,0.8788,0.00007,6.998,18.664,18.985,8.020,26579.3,0.0,8533.6,5440.8,5.0,161.0,0.0,0.0,0.0,0.0,0.00,sweeping:66
beir500k-rq1,neg40_cat12,neg40,222191,sweeping,256,1,66,0.9909,0.9242,0.00004,10.268,19.003,22.651,10.909,33199.3,0.0,11576.8,7395.7,11.0,299.0,0.0,0.0,0.0,0.0,0.00,sweeping:66
beir500k-rq1,neg40_cat12,neg40,222191,sweeping,256,2,66,0.9909,0.9242,0.00004,10.573,21.548,22.690,11.323,33199.3,0.0,11576.8,7395.7,11.0,299.0,0.0,0.0,0.0,0.0,0.00,sweeping:66
beir500k-rq1,neg40_cat12,neg40,222191,sweeping,256,3,66,0.9909,0.9242,0.00004,9.959,19.890,24.301,10.917,33199.3,0.0,11576.8,7395.7,11.0,299.0,0.0,0.0,0.0,0.0,0.00,sweeping:66
beir500k-rq1,neg40_cat12,neg40,222191,sweeping,512,1,66,0.9970,0.9697,0.00001,15.493,24.734,27.914,15.412,41675.6,0.0,15638.4,10067.7,22.0,581.0,0.0,0.0,0.0,0.0,0.00,sweeping:66
beir500k-rq1,neg40_cat12,neg40,222191,sweeping,512,2,66,0.9970,0.9697,0.00001,14.644,24.782,25.749,15.090,41675.6,0.0,15638.4,10067.7,22.0,581.0,0.0,0.0,0.0,0.0,0.00,sweeping:66
beir500k-rq1,neg40_cat12,neg40,222191,sweeping,512,3,66,0.9970,0.9697,0.00001,14.867,24.264,28.173,14.873,41675.6,0.0,15638.4,10067.7,22.0,581.0,0.0,0.0,0.0,0.0,0.00,sweeping:66
beir500k-rq1,neg40_cat12,neg40,222191,acorn,64,1,66,0.9758,0.8030,0.00026,5.271,13.874,15.762,6.356,21260.6,0.0,6254.5,4005.6,3.0,92.0,0.0,0.0,0.0,0.0,0.00,sweeping:66
beir500k-rq1,neg40_cat12,neg40,222191,acorn,64,2,66,0.9758,0.8030,0.00026,5.029,12.759,14.322,5.808,21260.6,0.0,6254.5,4005.6,3.0,92.0,0.0,0.0,0.0,0.0,0.00,sweeping:66
beir500k-rq1,neg40_cat12,neg40,222191,acorn,64,3,66,0.9758,0.8030,0.00026,5.212,12.732,14.729,5.830,21260.6,0.0,6254.5,4005.6,3.0,92.0,0.0,0.0,0.0,0.0,0.00,sweeping:66
beir500k-rq1,neg40_cat12,neg40,222191,acorn,128,1,66,0.9848,0.8788,0.00007,7.127,16.491,17.245,7.937,26579.3,0.0,8533.6,5440.8,5.0,161.0,0.0,0.0,0.0,0.0,0.00,sweeping:66
beir500k-rq1,neg40_cat12,neg40,222191,acorn,128,2,66,0.9848,0.8788,0.00007,6.580,16.242,17.338,7.721,26579.3,0.0,8533.6,5440.8,5.0,161.0,0.0,0.0,0.0,0.0,0.00,sweeping:66
beir500k-rq1,neg40_cat12,neg40,222191,acorn,128,3,66,0.9848,0.8788,0.00007,7.022,16.101,17.367,7.895,26579.3,0.0,8533.6,5440.8,5.0,161.0,0.0,0.0,0.0,0.0,0.00,sweeping:66
beir500k-rq1,neg40_cat12,neg40,222191,acorn,256,1,66,0.9909,0.9242,0.00004,11.198,22.249,24.135,11.734,33199.3,0.0,11576.8,7395.7,11.0,299.0,0.0,0.0,0.0,0.0,0.00,sweeping:66
beir500k-rq1,neg40_cat12,neg40,222191,acorn,256,2,66,0.9909,0.9242,0.00004,10.600,21.078,22.998,11.516,33199.3,0.0,11576.8,7395.7,11.0,299.0,0.0,0.0,0.0,0.0,0.00,sweeping:66
beir500k-rq1,neg40_cat12,neg40,222191,acorn,256,3,66,0.9909,0.9242,0.00004,10.000,20.791,21.681,10.994,33199.3,0.0,11576.8,7395.7,11.0,299.0,0.0,0.0,0.0,0.0,0.00,sweeping:66
beir500k-rq1,neg40_cat12,neg40,222191,acorn,512,1,66,0.9970,0.9697,0.00001,14.725,26.125,26.917,15.197,41675.6,0.0,15638.4,10067.7,22.0,581.0,0.0,0.0,0.0,0.0,0.00,sweeping:66
beir500k-rq1,neg40_cat12,neg40,222191,acorn,512,2,66,0.9970,0.9697,0.00001,14.060,23.411,24.369,14.420,41675.6,0.0,15638.4,10067.7,22.0,581.0,0.0,0.0,0.0,0.0,0.00,sweeping:66
beir500k-rq1,neg40_cat12,neg40,222191,acorn,512,3,66,0.9970,0.9697,0.00001,14.920,24.417,24.938,14.908,41675.6,0.0,15638.4,10067.7,22.0,581.0,0.0,0.0,0.0,0.0,0.00,sweeping:66
beir500k-rq1,neg40_cat12,neg40,222191,pathseer,64,1,66,0.9636,0.6970,0.00047,1.791,5.761,6.748,2.337,3766.5,0.0,13297.6,1476.2,3.0,69.0,140.6,16.5,8874.8,2.2,271.98,pathseer:66
beir500k-rq1,neg40_cat12,neg40,222191,pathseer,64,2,66,0.9636,0.6970,0.00047,1.780,5.644,6.574,2.289,3766.5,0.0,13297.6,1476.2,3.0,69.0,140.6,16.5,8874.8,2.2,271.98,pathseer:66
beir500k-rq1,neg40_cat12,neg40,222191,pathseer,64,3,66,0.9636,0.6970,0.00047,1.903,6.565,6.746,2.445,3766.5,0.0,13297.6,1476.2,3.0,69.0,140.6,16.5,8874.8,2.2,271.98,pathseer:66
beir500k-rq1,neg40_cat12,neg40,222191,pathseer,128,1,66,0.9848,0.8636,0.00011,3.116,8.184,9.206,3.677,6355.8,0.0,18909.0,2438.5,5.0,139.0,252.1,29.1,11573.1,3.9,491.88,pathseer:66
beir500k-rq1,neg40_cat12,neg40,222191,pathseer,128,2,66,0.9848,0.8636,0.00011,3.132,8.287,8.962,3.726,6355.8,0.0,18909.0,2438.5,5.0,139.0,252.1,29.1,11573.1,3.9,491.88,pathseer:66
beir500k-rq1,neg40_cat12,neg40,222191,pathseer,128,3,66,0.9848,0.8636,0.00011,3.042,8.037,8.655,3.655,6355.8,0.0,18909.0,2438.5,5.0,139.0,252.1,29.1,11573.1,3.9,491.88,pathseer:66
beir500k-rq1,neg40_cat12,neg40,222191,pathseer,256,1,66,0.9924,0.9394,0.00003,5.372,12.770,13.365,6.082,10420.0,0.0,25984.3,3905.7,9.0,269.0,499.4,54.5,14177.6,7.8,832.77,pathseer:66
beir500k-rq1,neg40_cat12,neg40,222191,pathseer,256,2,66,0.9924,0.9394,0.00003,5.840,13.057,14.617,6.562,10420.0,0.0,25984.3,3905.7,9.0,269.0,499.4,54.5,14177.6,7.8,832.77,pathseer:66
beir500k-rq1,neg40_cat12,neg40,222191,pathseer,256,3,66,0.9924,0.9394,0.00003,5.307,12.647,14.030,5.950,10420.0,0.0,25984.3,3905.7,9.0,269.0,499.4,54.5,14177.6,7.8,832.77,pathseer:66
beir500k-rq1,neg40_cat12,neg40,222191,pathseer,512,1,66,0.9970,0.9697,0.00001,8.233,17.216,18.111,9.180,16585.7,0.0,35392.1,6111.0,16.0,515.0,1075.4,115.1,16832.6,16.8,1345.79,pathseer:66
beir500k-rq1,neg40_cat12,neg40,222191,pathseer,512,2,66,0.9970,0.9697,0.00001,8.338,17.396,18.559,9.331,16585.7,0.0,35392.1,6111.0,16.0,515.0,1075.4,115.1,16832.6,16.8,1345.79,pathseer:66
beir500k-rq1,neg40_cat12,neg40,222191,pathseer,512,3,66,0.9970,0.9697,0.00001,8.517,18.802,21.370,9.639,16585.7,0.0,35392.1,6111.0,16.0,515.0,1075.4,115.1,16832.6,16.8,1345.79,pathseer:66
beir500k-rq1,neg40_cat13,neg40,231299,sweeping,64,1,54,0.9519,0.7407,0.00071,3.080,6.052,6.238,3.120,12514.9,0.0,2552.8,1371.9,4.0,30.0,0.0,0.0,0.0,0.0,0.00,sweeping:54
beir500k-rq1,neg40_cat13,neg40,231299,sweeping,64,2,54,0.9519,0.7407,0.00071,2.881,5.913,5.968,2.988,12514.9,0.0,2552.8,1371.9,4.0,30.0,0.0,0.0,0.0,0.0,0.00,sweeping:54
beir500k-rq1,neg40_cat13,neg40,231299,sweeping,64,3,54,0.9519,0.7407,0.00071,3.092,6.024,6.220,3.059,12514.9,0.0,2552.8,1371.9,4.0,30.0,0.0,0.0,0.0,0.0,0.00,sweeping:54
beir500k-rq1,neg40_cat13,neg40,231299,sweeping,128,1,54,0.9778,0.8333,0.00024,4.008,7.247,7.650,4.067,17575.5,0.0,3894.4,2084.3,6.0,59.0,0.0,0.0,0.0,0.0,0.00,sweeping:54
beir500k-rq1,neg40_cat13,neg40,231299,sweeping,128,2,54,0.9778,0.8333,0.00024,4.030,6.948,7.483,3.996,17575.5,0.0,3894.4,2084.3,6.0,59.0,0.0,0.0,0.0,0.0,0.00,sweeping:54
beir500k-rq1,neg40_cat13,neg40,231299,sweeping,128,3,54,0.9778,0.8333,0.00024,4.142,7.092,7.441,4.074,17575.5,0.0,3894.4,2084.3,6.0,59.0,0.0,0.0,0.0,0.0,0.00,sweeping:54
beir500k-rq1,neg40_cat13,neg40,231299,sweeping,256,1,54,0.9944,0.9444,0.00002,6.499,10.928,13.123,6.327,24449.0,0.0,5893.1,3109.2,11.0,118.0,0.0,0.0,0.0,0.0,0.00,sweeping:54
beir500k-rq1,neg40_cat13,neg40,231299,sweeping,256,2,54,0.9944,0.9444,0.00002,6.084,9.948,10.753,6.081,24449.0,0.0,5893.1,3109.2,11.0,118.0,0.0,0.0,0.0,0.0,0.00,sweeping:54
beir500k-rq1,neg40_cat13,neg40,231299,sweeping,256,3,54,0.9944,0.9444,0.00002,6.217,10.402,11.026,6.073,24449.0,0.0,5893.1,3109.2,11.0,118.0,0.0,0.0,0.0,0.0,0.00,sweeping:54
beir500k-rq1,neg40_cat13,neg40,231299,sweeping,512,1,54,0.9963,0.9630,0.00002,10.135,15.482,16.368,9.699,34439.5,0.0,8892.2,4640.8,24.0,232.0,0.0,0.0,0.0,0.0,0.00,sweeping:54
beir500k-rq1,neg40_cat13,neg40,231299,sweeping,512,2,54,0.9963,0.9630,0.00002,9.833,15.067,15.887,9.556,34439.5,0.0,8892.2,4640.8,24.0,232.0,0.0,0.0,0.0,0.0,0.00,sweeping:54
beir500k-rq1,neg40_cat13,neg40,231299,sweeping,512,3,54,0.9963,0.9630,0.00002,9.826,14.778,15.935,9.271,34439.5,0.0,8892.2,4640.8,24.0,232.0,0.0,0.0,0.0,0.0,0.00,sweeping:54
beir500k-rq1,neg40_cat13,neg40,231299,acorn,64,1,54,0.9519,0.7407,0.00071,2.815,5.249,5.491,2.727,12514.9,0.0,2552.8,1371.9,4.0,30.0,0.0,0.0,0.0,0.0,0.00,sweeping:54
beir500k-rq1,neg40_cat13,neg40,231299,acorn,64,2,54,0.9519,0.7407,0.00071,2.712,5.147,5.463,2.691,12514.9,0.0,2552.8,1371.9,4.0,30.0,0.0,0.0,0.0,0.0,0.00,sweeping:54
beir500k-rq1,neg40_cat13,neg40,231299,acorn,64,3,54,0.9519,0.7407,0.00071,2.718,5.418,5.653,2.785,12514.9,0.0,2552.8,1371.9,4.0,30.0,0.0,0.0,0.0,0.0,0.00,sweeping:54
beir500k-rq1,neg40_cat13,neg40,231299,acorn,128,1,54,0.9778,0.8333,0.00024,4.256,7.149,7.841,4.105,17575.5,0.0,3894.4,2084.3,6.0,59.0,0.0,0.0,0.0,0.0,0.00,sweeping:54
beir500k-rq1,neg40_cat13,neg40,231299,acorn,128,2,54,0.9778,0.8333,0.00024,4.247,6.973,7.464,4.056,17575.5,0.0,3894.4,2084.3,6.0,59.0,0.0,0.0,0.0,0.0,0.00,sweeping:54
beir500k-rq1,neg40_cat13,neg40,231299,acorn,128,3,54,0.9778,0.8333,0.00024,4.528,8.348,8.471,4.421,17575.5,0.0,3894.4,2084.3,6.0,59.0,0.0,0.0,0.0,0.0,0.00,sweeping:54
beir500k-rq1,neg40_cat13,neg40,231299,acorn,256,1,54,0.9944,0.9444,0.00002,6.186,10.301,10.796,6.089,24449.0,0.0,5893.1,3109.2,11.0,118.0,0.0,0.0,0.0,0.0,0.00,sweeping:54
beir500k-rq1,neg40_cat13,neg40,231299,acorn,256,2,54,0.9944,0.9444,0.00002,6.203,10.046,11.415,6.089,24449.0,0.0,5893.1,3109.2,11.0,118.0,0.0,0.0,0.0,0.0,0.00,sweeping:54
beir500k-rq1,neg40_cat13,neg40,231299,acorn,256,3,54,0.9944,0.9444,0.00002,6.192,10.241,11.384,6.063,24449.0,0.0,5893.1,3109.2,11.0,118.0,0.0,0.0,0.0,0.0,0.00,sweeping:54
beir500k-rq1,neg40_cat13,neg40,231299,acorn,512,1,54,0.9963,0.9630,0.00002,9.917,14.275,15.986,9.320,34439.5,0.0,8892.2,4640.8,24.0,232.0,0.0,0.0,0.0,0.0,0.00,sweeping:54
beir500k-rq1,neg40_cat13,neg40,231299,acorn,512,2,54,0.9963,0.9630,0.00002,9.650,14.887,15.442,9.265,34439.5,0.0,8892.2,4640.8,24.0,232.0,0.0,0.0,0.0,0.0,0.00,sweeping:54
beir500k-rq1,neg40_cat13,neg40,231299,acorn,512,3,54,0.9963,0.9630,0.00002,9.690,15.198,15.745,9.294,34439.5,0.0,8892.2,4640.8,24.0,232.0,0.0,0.0,0.0,0.0,0.00,sweeping:54
beir500k-rq1,neg40_cat13,neg40,231299,pathseer,64,1,54,0.9222,0.6296,0.00128,0.898,2.135,2.300,1.036,2364.5,0.0,5756.1,439.3,3.0,15.0,136.3,31.2,3851.1,2.1,196.63,pathseer:54
beir500k-rq1,neg40_cat13,neg40,231299,pathseer,64,2,54,0.9222,0.6296,0.00128,0.909,2.143,2.409,1.096,2364.5,0.0,5756.1,439.3,3.0,15.0,136.3,31.2,3851.1,2.1,196.63,pathseer:54
beir500k-rq1,neg40_cat13,neg40,231299,pathseer,64,3,54,0.9222,0.6296,0.00128,0.896,2.108,2.161,1.021,2364.5,0.0,5756.1,439.3,3.0,15.0,136.3,31.2,3851.1,2.1,196.63,pathseer:54
beir500k-rq1,neg40_cat13,neg40,231299,pathseer,128,1,54,0.9648,0.7963,0.00046,1.704,3.458,3.530,1.872,4371.9,0.0,9370.0,837.1,4.0,39.0,227.6,48.6,5885.7,3.6,365.46,pathseer:54
beir500k-rq1,neg40_cat13,neg40,231299,pathseer,128,2,54,0.9648,0.7963,0.00046,1.762,3.425,3.579,1.886,4371.9,0.0,9370.0,837.1,4.0,39.0,227.6,48.6,5885.7,3.6,365.46,pathseer:54
beir500k-rq1,neg40_cat13,neg40,231299,pathseer,128,3,54,0.9648,0.7963,0.00046,1.997,3.892,3.971,2.033,4371.9,0.0,9370.0,837.1,4.0,39.0,227.6,48.6,5885.7,3.6,365.46,pathseer:54
beir500k-rq1,neg40_cat13,neg40,231299,pathseer,256,1,54,0.9944,0.9444,0.00004,3.197,5.547,5.714,3.217,7730.6,0.0,14414.0,1491.6,8.0,72.0,429.0,94.9,8341.7,6.7,658.63,pathseer:54
beir500k-rq1,neg40_cat13,neg40,231299,pathseer,256,2,54,0.9944,0.9444,0.00004,3.175,5.502,5.949,3.233,7730.6,0.0,14414.0,1491.6,8.0,72.0,429.0,94.9,8341.7,6.7,658.63,pathseer:54
beir500k-rq1,neg40_cat13,neg40,231299,pathseer,256,3,54,0.9944,0.9444,0.00004,3.232,5.460,5.586,3.181,7730.6,0.0,14414.0,1491.6,8.0,72.0,429.0,94.9,8341.7,6.7,658.63,pathseer:54
beir500k-rq1,neg40_cat13,neg40,231299,pathseer,512,1,54,0.9963,0.9630,0.00002,5.729,9.156,9.750,5.881,13543.7,0.0,21896.8,2606.8,14.0,143.0,879.4,187.0,11367.6,13.7,1131.07,pathseer:54
beir500k-rq1,neg40_cat13,neg40,231299,pathseer,512,2,54,0.9963,0.9630,0.00002,5.876,9.477,9.598,5.996,13543.7,0.0,21896.8,2606.8,14.0,143.0,879.4,187.0,11367.6,13.7,1131.07,pathseer:54
beir500k-rq1,neg40_cat13,neg40,231299,pathseer,512,3,54,0.9963,0.9630,0.00002,6.344,10.126,10.257,6.175,13543.7,0.0,21896.8,2606.8,14.0,143.0,879.4,187.0,11367.6,13.7,1131.07,pathseer:54
beir500k-rq1,neg40_cat14,neg40,212386,sweeping,64,1,6,1.0000,1.0000,0.00000,1.186,1.764,1.764,1.085,5975.7,0.0,998.3,479.8,4.0,17.0,0.0,0.0,0.0,0.0,0.00,sweeping:6
beir500k-rq1,neg40_cat14,neg40,212386,sweeping,64,2,6,1.0000,1.0000,0.00000,1.125,1.758,1.758,1.034,5975.7,0.0,998.3,479.8,4.0,17.0,0.0,0.0,0.0,0.0,0.00,sweeping:6
beir500k-rq1,neg40_cat14,neg40,212386,sweeping,64,3,6,1.0000,1.0000,0.00000,1.228,1.733,1.733,1.028,5975.7,0.0,998.3,479.8,4.0,17.0,0.0,0.0,0.0,0.0,0.00,sweeping:6
beir500k-rq1,neg40_cat14,neg40,212386,sweeping,128,1,6,1.0000,1.0000,0.00000,2.092,3.401,3.401,1.933,9932.5,0.0,1756.5,924.5,7.0,37.0,0.0,0.0,0.0,0.0,0.00,sweeping:6
beir500k-rq1,neg40_cat14,neg40,212386,sweeping,128,2,6,1.0000,1.0000,0.00000,2.115,3.031,3.031,1.860,9932.5,0.0,1756.5,924.5,7.0,37.0,0.0,0.0,0.0,0.0,0.00,sweeping:6
beir500k-rq1,neg40_cat14,neg40,212386,sweeping,128,3,6,1.0000,1.0000,0.00000,2.019,3.120,3.120,1.838,9932.5,0.0,1756.5,924.5,7.0,37.0,0.0,0.0,0.0,0.0,0.00,sweeping:6
beir500k-rq1,neg40_cat14,neg40,212386,sweeping,256,1,6,1.0000,1.0000,0.00000,3.267,5.492,5.492,3.367,16036.3,0.0,3109.2,1742.8,11.0,90.0,0.0,0.0,0.0,0.0,0.00,sweeping:6
beir500k-rq1,neg40_cat14,neg40,212386,sweeping,256,2,6,1.0000,1.0000,0.00000,3.453,5.091,5.091,3.294,16036.3,0.0,3109.2,1742.8,11.0,90.0,0.0,0.0,0.0,0.0,0.00,sweeping:6
beir500k-rq1,neg40_cat14,neg40,212386,sweeping,256,3,6,1.0000,1.0000,0.00000,3.187,5.215,5.215,3.216,16036.3,0.0,3109.2,1742.8,11.0,90.0,0.0,0.0,0.0,0.0,0.00,sweeping:6
beir500k-rq1,neg40_cat14,neg40,212386,sweeping,512,1,6,1.0000,1.0000,0.00000,6.293,9.419,9.419,6.223,25299.7,0.0,5672.3,3287.2,24.0,200.0,0.0,0.0,0.0,0.0,0.00,sweeping:6
beir500k-rq1,neg40_cat14,neg40,212386,sweeping,512,2,6,1.0000,1.0000,0.00000,6.886,9.912,9.912,6.607,25299.7,0.0,5672.3,3287.2,24.0,200.0,0.0,0.0,0.0,0.0,0.00,sweeping:6
beir500k-rq1,neg40_cat14,neg40,212386,sweeping,512,3,6,1.0000,1.0000,0.00000,6.413,9.770,9.770,6.501,25299.7,0.0,5672.3,3287.2,24.0,200.0,0.0,0.0,0.0,0.0,0.00,sweeping:6
beir500k-rq1,neg40_cat14,neg40,212386,acorn,64,1,6,1.0000,1.0000,0.00000,1.058,1.628,1.628,0.963,5975.7,0.0,998.3,479.8,4.0,17.0,0.0,0.0,0.0,0.0,0.00,sweeping:6
beir500k-rq1,neg40_cat14,neg40,212386,acorn,64,2,6,1.0000,1.0000,0.00000,1.089,1.635,1.635,0.973,5975.7,0.0,998.3,479.8,4.0,17.0,0.0,0.0,0.0,0.0,0.00,sweeping:6
beir500k-rq1,neg40_cat14,neg40,212386,acorn,64,3,6,1.0000,1.0000,0.00000,1.182,1.655,1.655,1.099,5975.7,0.0,998.3,479.8,4.0,17.0,0.0,0.0,0.0,0.0,0.00,sweeping:6
beir500k-rq1,neg40_cat14,neg40,212386,acorn,128,1,6,1.0000,1.0000,0.00000,1.881,2.916,2.916,1.757,9932.5,0.0,1756.5,924.5,7.0,37.0,0.0,0.0,0.0,0.0,0.00,sweeping:6
beir500k-rq1,neg40_cat14,neg40,212386,acorn,128,2,6,1.0000,1.0000,0.00000,1.881,2.928,2.928,1.745,9932.5,0.0,1756.5,924.5,7.0,37.0,0.0,0.0,0.0,0.0,0.00,sweeping:6
beir500k-rq1,neg40_cat14,neg40,212386,acorn,128,3,6,1.0000,1.0000,0.00000,1.972,2.902,2.902,1.796,9932.5,0.0,1756.5,924.5,7.0,37.0,0.0,0.0,0.0,0.0,0.00,sweeping:6
beir500k-rq1,neg40_cat14,neg40,212386,acorn,256,1,6,1.0000,1.0000,0.00000,3.472,5.274,5.274,3.401,16036.3,0.0,3109.2,1742.8,11.0,90.0,0.0,0.0,0.0,0.0,0.00,sweeping:6
beir500k-rq1,neg40_cat14,neg40,212386,acorn,256,2,6,1.0000,1.0000,0.00000,4.013,5.483,5.483,3.742,16036.3,0.0,3109.2,1742.8,11.0,90.0,0.0,0.0,0.0,0.0,0.00,sweeping:6
beir500k-rq1,neg40_cat14,neg40,212386,acorn,256,3,6,1.0000,1.0000,0.00000,3.780,6.306,6.306,3.899,16036.3,0.0,3109.2,1742.8,11.0,90.0,0.0,0.0,0.0,0.0,0.00,sweeping:6
beir500k-rq1,neg40_cat14,neg40,212386,acorn,512,1,6,1.0000,1.0000,0.00000,6.206,9.647,9.647,6.495,25299.7,0.0,5672.3,3287.2,24.0,200.0,0.0,0.0,0.0,0.0,0.00,sweeping:6
beir500k-rq1,neg40_cat14,neg40,212386,acorn,512,2,6,1.0000,1.0000,0.00000,6.121,9.387,9.387,6.241,25299.7,0.0,5672.3,3287.2,24.0,200.0,0.0,0.0,0.0,0.0,0.00,sweeping:6
beir500k-rq1,neg40_cat14,neg40,212386,acorn,512,3,6,1.0000,1.0000,0.00000,5.892,9.065,9.065,6.024,25299.7,0.0,5672.3,3287.2,24.0,200.0,0.0,0.0,0.0,0.0,0.00,sweeping:6
beir500k-rq1,neg40_cat14,neg40,212386,pathseer,64,1,6,1.0000,1.0000,0.00000,0.525,0.765,0.765,0.515,1769.8,0.0,3340.5,237.7,3.0,12.0,128.0,21.2,2094.2,2.0,244.50,pathseer:6
beir500k-rq1,neg40_cat14,neg40,212386,pathseer,64,2,6,1.0000,1.0000,0.00000,0.585,0.759,0.759,0.539,1769.8,0.0,3340.5,237.7,3.0,12.0,128.0,21.2,2094.2,2.0,244.50,pathseer:6
beir500k-rq1,neg40_cat14,neg40,212386,pathseer,64,3,6,1.0000,1.0000,0.00000,0.585,0.813,0.813,0.569,1769.8,0.0,3340.5,237.7,3.0,12.0,128.0,21.2,2094.2,2.0,244.50,pathseer:6
beir500k-rq1,neg40_cat14,neg40,212386,pathseer,128,1,6,1.0000,1.0000,0.00000,1.072,1.349,1.349,0.980,2962.7,0.0,5965.3,490.5,5.0,27.0,234.7,34.5,3658.5,3.7,501.67,pathseer:6
beir500k-rq1,neg40_cat14,neg40,212386,pathseer,128,2,6,1.0000,1.0000,0.00000,1.103,1.363,1.363,0.999,2962.7,0.0,5965.3,490.5,5.0,27.0,234.7,34.5,3658.5,3.7,501.67,pathseer:6
beir500k-rq1,neg40_cat14,neg40,212386,pathseer,128,3,6,1.0000,1.0000,0.00000,1.087,1.352,1.352,0.985,2962.7,0.0,5965.3,490.5,5.0,27.0,234.7,34.5,3658.5,3.7,501.67,pathseer:6
beir500k-rq1,neg40_cat14,neg40,212386,pathseer,256,1,6,1.0000,1.0000,0.00000,1.875,2.512,2.512,1.823,4984.2,0.0,10234.3,954.2,8.0,67.0,480.0,78.8,6095.8,7.5,982.83,pathseer:6
beir500k-rq1,neg40_cat14,neg40,212386,pathseer,256,2,6,1.0000,1.0000,0.00000,1.878,2.515,2.515,1.936,4984.2,0.0,10234.3,954.2,8.0,67.0,480.0,78.8,6095.8,7.5,982.83,pathseer:6
beir500k-rq1,neg40_cat14,neg40,212386,pathseer,256,3,6,1.0000,1.0000,0.00000,1.864,2.497,2.497,1.882,4984.2,0.0,10234.3,954.2,8.0,67.0,480.0,78.8,6095.8,7.5,982.83,pathseer:6
beir500k-rq1,neg40_cat14,neg40,212386,pathseer,512,1,6,1.0000,1.0000,0.00000,3.705,4.622,4.622,3.681,8244.5,0.0,17516.5,1931.7,16.0,133.0,949.3,153.5,9936.2,14.8,1773.83,pathseer:6
beir500k-rq1,neg40_cat14,neg40,212386,pathseer,512,2,6,1.0000,1.0000,0.00000,3.489,4.796,4.796,3.683,8244.5,0.0,17516.5,1931.7,16.0,133.0,949.3,153.5,9936.2,14.8,1773.83,pathseer:6
beir500k-rq1,neg40_cat14,neg40,212386,pathseer,512,3,6,1.0000,1.0000,0.00000,3.667,4.812,4.812,3.631,8244.5,0.0,17516.5,1931.7,16.0,133.0,949.3,153.5,9936.2,14.8,1773.83,pathseer:6
beir500k-rq1,neg40_cat15,neg40,220102,sweeping,64,1,84,0.9333,0.6548,0.00156,1.722,5.804,6.292,2.210,10560.1,0.0,1939.9,790.1,4.0,31.0,0.0,0.0,0.0,0.0,0.00,sweeping:84
beir500k-rq1,neg40_cat15,neg40,220102,sweeping,64,2,84,0.9333,0.6548,0.00156,1.732,5.730,6.168,2.201,10560.1,0.0,1939.9,790.1,4.0,31.0,0.0,0.0,0.0,0.0,0.00,sweeping:84
beir500k-rq1,neg40_cat15,neg40,220102,sweeping,64,3,84,0.9333,0.6548,0.00156,1.814,5.876,6.181,2.293,10560.1,0.0,1939.9,790.1,4.0,31.0,0.0,0.0,0.0,0.0,0.00,sweeping:84
beir500k-rq1,neg40_cat15,neg40,220102,sweeping,128,1,84,0.9679,0.7857,0.00082,3.003,8.343,10.033,3.560,15542.3,0.0,3100.0,1231.5,6.0,56.0,0.0,0.0,0.0,0.0,0.00,sweeping:84
beir500k-rq1,neg40_cat15,neg40,220102,sweeping,128,2,84,0.9679,0.7857,0.00082,2.813,8.144,9.603,3.409,15542.3,0.0,3100.0,1231.5,6.0,56.0,0.0,0.0,0.0,0.0,0.00,sweeping:84
beir500k-rq1,neg40_cat15,neg40,220102,sweeping,128,3,84,0.9679,0.7857,0.00082,2.803,8.144,9.241,3.376,15542.3,0.0,3100.0,1231.5,6.0,56.0,0.0,0.0,0.0,0.0,0.00,sweeping:84
beir500k-rq1,neg40_cat15,neg40,220102,sweeping,256,1,84,0.9821,0.9048,0.00061,4.677,12.449,14.988,5.399,23622.2,0.0,4986.3,2014.1,11.0,100.0,0.0,0.0,0.0,0.0,0.00,sweeping:84
beir500k-rq1,neg40_cat15,neg40,220102,sweeping,256,2,84,0.9810,0.8929,0.00061,4.651,11.959,15.215,5.406,23622.2,0.0,4986.3,2014.1,11.0,100.0,0.0,0.0,0.0,0.0,0.00,sweeping:84
beir500k-rq1,neg40_cat15,neg40,220102,sweeping,256,3,84,0.9810,0.8929,0.00061,4.799,12.335,14.455,5.425,23622.2,0.0,4986.3,2014.1,11.0,100.0,0.0,0.0,0.0,0.0,0.00,sweeping:84
beir500k-rq1,neg40_cat15,neg40,220102,sweeping,512,1,84,0.9940,0.9524,0.00012,7.685,17.985,20.729,8.522,35508.0,0.0,8046.4,3270.7,23.0,191.0,0.0,0.0,0.0,0.0,0.00,sweeping:84
beir500k-rq1,neg40_cat15,neg40,220102,sweeping,512,2,84,0.9940,0.9524,0.00012,7.893,18.090,22.170,8.651,35508.0,0.0,8046.4,3270.7,23.0,191.0,0.0,0.0,0.0,0.0,0.00,sweeping:84
beir500k-rq1,neg40_cat15,neg40,220102,sweeping,512,3,84,0.9940,0.9524,0.00012,7.996,18.430,21.190,8.640,35508.0,0.0,8046.4,3270.7,23.0,191.0,0.0,0.0,0.0,0.0,0.00,sweeping:84
beir500k-rq1,neg40_cat15,neg40,220102,acorn,64,1,84,0.9333,0.6548,0.00156,1.700,5.760,6.292,2.191,10560.1,0.0,1939.9,790.1,4.0,31.0,0.0,0.0,0.0,0.0,0.00,sweeping:84
beir500k-rq1,neg40_cat15,neg40,220102,acorn,64,2,84,0.9333,0.6548,0.00156,1.756,5.835,6.326,2.223,10560.1,0.0,1939.9,790.1,4.0,31.0,0.0,0.0,0.0,0.0,0.00,sweeping:84
beir500k-rq1,neg40_cat15,neg40,220102,acorn,64,3,84,0.9333,0.6548,0.00156,1.690,5.801,6.439,2.170,10560.1,0.0,1939.9,790.1,4.0,31.0,0.0,0.0,0.0,0.0,0.00,sweeping:84
beir500k-rq1,neg40_cat15,neg40,220102,acorn,128,1,84,0.9679,0.7857,0.00082,2.791,8.191,8.898,3.310,15542.3,0.0,3100.0,1231.5,6.0,56.0,0.0,0.0,0.0,0.0,0.00,sweeping:84
beir500k-rq1,neg40_cat15,neg40,220102,acorn,128,2,84,0.9679,0.7857,0.00082,2.771,8.134,9.283,3.351,15542.3,0.0,3100.0,1231.5,6.0,56.0,0.0,0.0,0.0,0.0,0.00,sweeping:84
beir500k-rq1,neg40_cat15,neg40,220102,acorn,128,3,84,0.9679,0.7857,0.00082,2.767,8.046,8.908,3.325,15542.3,0.0,3100.0,1231.5,6.0,56.0,0.0,0.0,0.0,0.0,0.00,sweeping:84
beir500k-rq1,neg40_cat15,neg40,220102,acorn,256,1,84,0.9821,0.9048,0.00061,4.707,11.894,13.855,5.345,23622.2,0.0,4986.3,2014.1,11.0,100.0,0.0,0.0,0.0,0.0,0.00,sweeping:84
beir500k-rq1,neg40_cat15,neg40,220102,acorn,256,2,84,0.9810,0.8929,0.00061,4.845,12.077,13.920,5.488,23622.2,0.0,4986.3,2014.1,11.0,100.0,0.0,0.0,0.0,0.0,0.00,sweeping:84
beir500k-rq1,neg40_cat15,neg40,220102,acorn,256,3,84,0.9810,0.8929,0.00061,5.260,13.218,14.670,5.748,23622.2,0.0,4986.3,2014.1,11.0,100.0,0.0,0.0,0.0,0.0,0.00,sweeping:84
beir500k-rq1,neg40_cat15,neg40,220102,acorn,512,1,84,0.9952,0.9643,0.00012,7.785,18.116,22.717,8.623,35508.0,0.0,8046.4,3270.7,23.0,191.0,0.0,0.0,0.0,0.0,0.00,sweeping:84
beir500k-rq1,neg40_cat15,neg40,220102,acorn,512,2,84,0.9952,0.9643,0.00012,7.629,18.331,20.671,8.450,35508.0,0.0,8046.4,3270.7,23.0,191.0,0.0,0.0,0.0,0.0,0.00,sweeping:84
beir500k-rq1,neg40_cat15,neg40,220102,acorn,512,3,84,0.9952,0.9643,0.00012,7.726,18.196,20.844,8.528,35508.0,0.0,8046.4,3270.7,23.0,191.0,0.0,0.0,0.0,0.0,0.00,sweeping:84
beir500k-rq1,neg40_cat15,neg40,220102,pathseer,64,1,84,0.8976,0.5595,0.00306,0.739,2.055,2.586,0.873,2222.1,0.0,4257.8,288.8,3.0,14.0,122.7,32.8,2826.6,1.9,93.95,pathseer:84
beir500k-rq1,neg40_cat15,neg40,220102,pathseer,64,2,84,0.8976,0.5595,0.00306,0.750,2.028,2.547,0.898,2222.1,0.0,4257.8,288.8,3.0,14.0,122.7,32.8,2826.6,1.9,93.95,pathseer:84
beir500k-rq1,neg40_cat15,neg40,220102,pathseer,64,3,84,0.8976,0.5595,0.00306,0.754,2.147,2.682,0.919,2222.1,0.0,4257.8,288.8,3.0,14.0,122.7,32.8,2826.6,1.9,93.95,pathseer:84
beir500k-rq1,neg40_cat15,neg40,220102,pathseer,128,1,84,0.9369,0.6667,0.00173,1.322,3.202,4.579,1.573,3914.6,0.0,7056.8,530.6,4.0,27.0,222.5,55.3,4502.8,3.5,181.49,pathseer:84
beir500k-rq1,neg40_cat15,neg40,220102,pathseer,128,2,84,0.9369,0.6667,0.00173,1.225,3.098,4.492,1.512,3914.6,0.0,7056.8,530.6,4.0,27.0,222.5,55.3,4502.8,3.5,181.49,pathseer:84
beir500k-rq1,neg40_cat15,neg40,220102,pathseer,128,3,84,0.9369,0.6667,0.00173,1.239,3.001,4.585,1.531,3914.6,0.0,7056.8,530.6,4.0,27.0,222.5,55.3,4502.8,3.5,181.49,pathseer:84
beir500k-rq1,neg40_cat15,neg40,220102,pathseer,256,1,84,0.9810,0.8333,0.00047,2.331,5.248,7.048,2.696,6976.5,0.0,11826.0,982.4,7.0,68.0,435.0,104.1,7203.8,6.8,344.25,pathseer:84
beir500k-rq1,neg40_cat15,neg40,220102,pathseer,256,2,84,0.9798,0.8214,0.00047,2.411,5.277,6.899,2.706,6976.5,0.0,11826.0,982.4,7.0,68.0,435.0,104.1,7203.8,6.8,344.25,pathseer:84
beir500k-rq1,neg40_cat15,neg40,220102,pathseer,256,3,84,0.9810,0.8333,0.00047,2.383,5.461,6.908,2.704,6976.5,0.0,11826.0,982.4,7.0,68.0,435.0,104.1,7203.8,6.8,344.25,pathseer:84
beir500k-rq1,neg40_cat15,neg40,220102,pathseer,512,1,84,0.9905,0.9286,0.00024,4.589,9.239,11.448,4.936,12231.0,0.0,19264.0,1769.9,15.0,120.0,941.0,197.9,11024.8,14.7,631.93,pathseer:84
beir500k-rq1,neg40_cat15,neg40,220102,pathseer,512,2,84,0.9905,0.9286,0.00024,4.644,9.252,11.751,4.967,12231.0,0.0,19264.0,1769.9,15.0,120.0,941.0,197.9,11024.8,14.7,631.93,pathseer:84
beir500k-rq1,neg40_cat15,neg40,220102,pathseer,512,3,84,0.9893,0.9167,0.00024,4.610,9.701,11.368,4.932,12231.0,0.0,19264.0,1769.9,15.0,120.0,941.0,197.9,11024.8,14.7,631.93,pathseer:84
beir500k-rq1,neg40_cat16,neg40,209134,sweeping,64,1,42,0.9857,0.8571,0.00019,12.989,22.130,26.298,13.246,39160.7,0.0,13276.8,9475.0,4.0,376.0,0.0,0.0,0.0,0.0,0.00,sweeping:42
beir500k-rq1,neg40_cat16,neg40,209134,sweeping,64,2,42,0.9857,0.8571,0.00019,12.263,22.600,24.917,13.096,39160.7,0.0,13276.8,9475.0,4.0,376.0,0.0,0.0,0.0,0.0,0.00,sweeping:42
beir500k-rq1,neg40_cat16,neg40,209134,sweeping,64,3,42,0.9857,0.8571,0.00019,12.080,21.882,25.157,12.980,39160.7,0.0,13276.8,9475.0,4.0,376.0,0.0,0.0,0.0,0.0,0.00,sweeping:42
beir500k-rq1,neg40_cat16,neg40,209134,sweeping,128,1,42,0.9976,0.9762,0.00009,19.580,28.709,32.264,19.295,49558.1,0.0,17907.5,12811.9,7.0,678.0,0.0,0.0,0.0,0.0,0.00,sweeping:42
beir500k-rq1,neg40_cat16,neg40,209134,sweeping,128,2,42,0.9976,0.9762,0.00009,19.660,27.634,32.696,19.423,49558.1,0.0,17907.5,12811.9,7.0,678.0,0.0,0.0,0.0,0.0,0.00,sweeping:42
beir500k-rq1,neg40_cat16,neg40,209134,sweeping,128,3,42,0.9976,0.9762,0.00009,20.606,29.990,35.942,20.051,49558.1,0.0,17907.5,12811.9,7.0,678.0,0.0,0.0,0.0,0.0,0.00,sweeping:42
beir500k-rq1,neg40_cat16,neg40,209134,sweeping,256,1,42,1.0000,1.0000,0.00000,26.333,36.240,37.667,25.927,63404.8,0.0,24133.9,17219.2,14.0,1201.0,0.0,0.0,0.0,0.0,0.00,sweeping:42
beir500k-rq1,neg40_cat16,neg40,209134,sweeping,256,2,42,1.0000,1.0000,0.00000,25.865,33.900,37.756,25.189,63404.8,0.0,24133.9,17219.2,14.0,1201.0,0.0,0.0,0.0,0.0,0.00,sweeping:42
beir500k-rq1,neg40_cat16,neg40,209134,sweeping,256,3,42,1.0000,1.0000,0.00000,27.117,36.628,38.950,26.068,63404.8,0.0,24133.9,17219.2,14.0,1201.0,0.0,0.0,0.0,0.0,0.00,sweeping:42
beir500k-rq1,neg40_cat16,neg40,209134,sweeping,512,1,42,1.0000,1.0000,0.00000,35.795,44.291,45.808,34.614,82011.7,0.0,32592.4,22796.1,32.0,2338.0,0.0,0.0,0.0,0.0,0.00,sweeping:42
beir500k-rq1,neg40_cat16,neg40,209134,sweeping,512,2,42,1.0000,1.0000,0.00000,36.470,43.030,44.331,34.080,82011.7,0.0,32592.4,22796.1,32.0,2338.0,0.0,0.0,0.0,0.0,0.00,sweeping:42
beir500k-rq1,neg40_cat16,neg40,209134,sweeping,512,3,42,1.0000,1.0000,0.00000,36.311,44.268,45.806,34.307,82011.7,0.0,32592.4,22796.1,32.0,2338.0,0.0,0.0,0.0,0.0,0.00,sweeping:42
beir500k-rq1,neg40_cat16,neg40,209134,acorn,64,1,42,0.9857,0.8571,0.00019,14.037,23.455,27.925,14.165,39160.7,0.0,13276.8,9475.0,4.0,376.0,0.0,0.0,0.0,0.0,0.00,sweeping:42
beir500k-rq1,neg40_cat16,neg40,209134,acorn,64,2,42,0.9857,0.8571,0.00019,14.019,23.793,28.220,15.019,39160.7,0.0,13276.8,9475.0,4.0,376.0,0.0,0.0,0.0,0.0,0.00,sweeping:42
beir500k-rq1,neg40_cat16,neg40,209134,acorn,64,3,42,0.9857,0.8571,0.00019,13.329,24.129,26.231,13.983,39160.7,0.0,13276.8,9475.0,4.0,376.0,0.0,0.0,0.0,0.0,0.00,sweeping:42
beir500k-rq1,neg40_cat16,neg40,209134,acorn,128,1,42,0.9976,0.9762,0.00009,19.112,28.717,30.101,18.467,49558.1,0.0,17907.5,12811.9,7.0,678.0,0.0,0.0,0.0,0.0,0.00,sweeping:42
beir500k-rq1,neg40_cat16,neg40,209134,acorn,128,2,42,0.9976,0.9762,0.00009,18.802,29.051,32.155,18.884,49558.1,0.0,17907.5,12811.9,7.0,678.0,0.0,0.0,0.0,0.0,0.00,sweeping:42
beir500k-rq1,neg40_cat16,neg40,209134,acorn,128,3,42,0.9976,0.9762,0.00009,18.813,28.487,29.890,18.353,49558.1,0.0,17907.5,12811.9,7.0,678.0,0.0,0.0,0.0,0.0,0.00,sweeping:42
beir500k-rq1,neg40_cat16,neg40,209134,acorn,256,1,42,1.0000,1.0000,0.00000,27.377,35.854,55.772,25.969,63404.8,0.0,24133.9,17219.2,14.0,1201.0,0.0,0.0,0.0,0.0,0.00,sweeping:42
beir500k-rq1,neg40_cat16,neg40,209134,acorn,256,2,42,1.0000,1.0000,0.00000,26.769,34.683,36.512,25.377,63404.8,0.0,24133.9,17219.2,14.0,1201.0,0.0,0.0,0.0,0.0,0.00,sweeping:42
beir500k-rq1,neg40_cat16,neg40,209134,acorn,256,3,42,1.0000,1.0000,0.00000,26.892,35.744,37.273,25.429,63404.8,0.0,24133.9,17219.2,14.0,1201.0,0.0,0.0,0.0,0.0,0.00,sweeping:42
beir500k-rq1,neg40_cat16,neg40,209134,acorn,512,1,42,1.0000,1.0000,0.00000,36.688,44.588,45.610,34.611,82011.7,0.0,32592.4,22796.1,32.0,2338.0,0.0,0.0,0.0,0.0,0.00,sweeping:42
beir500k-rq1,neg40_cat16,neg40,209134,acorn,512,2,42,1.0000,1.0000,0.00000,36.282,45.680,45.933,35.022,82011.7,0.0,32592.4,22796.1,32.0,2338.0,0.0,0.0,0.0,0.0,0.00,sweeping:42
beir500k-rq1,neg40_cat16,neg40,209134,acorn,512,3,42,1.0000,1.0000,0.00000,36.809,44.419,46.615,35.031,82011.7,0.0,32592.4,22796.1,32.0,2338.0,0.0,0.0,0.0,0.0,0.00,sweeping:42
beir500k-rq1,neg40_cat16,neg40,209134,pathseer,64,1,42,0.9667,0.7143,0.00051,4.244,7.791,8.781,4.309,5285.1,0.0,23337.5,2970.2,4.0,347.0,195.0,8.8,15680.8,3.0,217.33,pathseer:42
beir500k-rq1,neg40_cat16,neg40,209134,pathseer,64,2,42,0.9667,0.7143,0.00051,4.099,7.526,8.619,4.283,5285.1,0.0,23337.5,2970.2,4.0,347.0,195.0,8.8,15680.8,3.0,217.33,pathseer:42
beir500k-rq1,neg40_cat16,neg40,209134,pathseer,64,3,42,0.9667,0.7143,0.00051,4.409,7.715,9.459,4.386,5285.1,0.0,23337.5,2970.2,4.0,347.0,195.0,8.8,15680.8,3.0,217.33,pathseer:42
beir500k-rq1,neg40_cat16,neg40,209134,pathseer,128,1,42,0.9881,0.8810,0.00022,6.765,10.767,14.056,6.722,8836.1,0.0,33117.3,4920.2,6.0,632.0,345.9,15.1,20461.3,5.4,413.26,pathseer:42
beir500k-rq1,neg40_cat16,neg40,209134,pathseer,128,2,42,0.9881,0.8810,0.00022,6.724,11.720,12.344,6.684,8836.1,0.0,33117.3,4920.2,6.0,632.0,345.9,15.1,20461.3,5.4,413.26,pathseer:42
beir500k-rq1,neg40_cat16,neg40,209134,pathseer,128,3,42,0.9881,0.8810,0.00022,6.661,11.036,12.997,6.696,8836.1,0.0,33117.3,4920.2,6.0,632.0,345.9,15.1,20461.3,5.4,413.26,pathseer:42
beir500k-rq1,neg40_cat16,neg40,209134,pathseer,256,1,42,0.9929,0.9286,0.00011,10.811,17.367,18.691,11.059,14456.4,0.0,46874.8,8031.6,13.0,1102.0,764.3,32.5,26226.1,12.0,758.55,pathseer:42
beir500k-rq1,neg40_cat16,neg40,209134,pathseer,256,2,42,0.9929,0.9286,0.00011,10.842,17.405,18.121,10.961,14456.4,0.0,46874.8,8031.6,13.0,1102.0,764.3,32.5,26226.1,12.0,758.55,pathseer:42
beir500k-rq1,neg40_cat16,neg40,209134,pathseer,256,3,42,0.9929,0.9286,0.00011,10.801,18.134,26.580,11.145,14456.4,0.0,46874.8,8031.6,13.0,1102.0,764.3,32.5,26226.1,12.0,758.55,pathseer:42
beir500k-rq1,neg40_cat16,neg40,209134,pathseer,512,1,42,1.0000,1.0000,0.00000,18.342,25.531,27.410,17.655,23663.6,0.0,65446.0,12866.5,29.0,2151.0,1788.3,63.5,32129.7,28.0,1340.14,pathseer:42
beir500k-rq1,neg40_cat16,neg40,209134,pathseer,512,2,42,1.0000,1.0000,0.00000,17.892,24.508,24.994,17.061,23663.6,0.0,65446.0,12866.5,29.0,2151.0,1788.3,63.5,32129.7,28.0,1340.14,pathseer:42
beir500k-rq1,neg40_cat16,neg40,209134,pathseer,512,3,42,1.0000,1.0000,0.00000,18.895,25.871,27.611,17.755,23663.6,0.0,65446.0,12866.5,29.0,2151.0,1788.3,63.5,32129.7,28.0,1340.14,pathseer:42
beir500k-rq1,neg40_cat17,neg40,224270,sweeping,64,1,45,0.9778,0.8222,0.00033,0.978,1.937,2.725,1.086,5402.4,0.0,850.8,375.2,4.0,11.0,0.0,0.0,0.0,0.0,0.00,sweeping:45
beir500k-rq1,neg40_cat17,neg40,224270,sweeping,64,2,45,0.9778,0.8222,0.00033,0.991,2.038,2.689,1.114,5402.4,0.0,850.8,375.2,4.0,11.0,0.0,0.0,0.0,0.0,0.00,sweeping:45
beir500k-rq1,neg40_cat17,neg40,224270,sweeping,64,3,45,0.9778,0.8222,0.00033,0.937,1.963,2.681,1.074,5402.4,0.0,850.8,375.2,4.0,11.0,0.0,0.0,0.0,0.0,0.00,sweeping:45
beir500k-rq1,neg40_cat17,neg40,224270,sweeping,128,1,45,0.9889,0.9111,0.00022,1.651,3.165,3.890,1.828,8416.7,0.0,1387.8,619.3,6.0,20.0,0.0,0.0,0.0,0.0,0.00,sweeping:45
beir500k-rq1,neg40_cat17,neg40,224270,sweeping,128,2,45,0.9889,0.9111,0.00022,1.588,3.235,3.691,1.811,8416.7,0.0,1387.8,619.3,6.0,20.0,0.0,0.0,0.0,0.0,0.00,sweeping:45
beir500k-rq1,neg40_cat17,neg40,224270,sweeping,128,3,45,0.9889,0.9111,0.00022,1.547,2.990,3.818,1.796,8416.7,0.0,1387.8,619.3,6.0,20.0,0.0,0.0,0.0,0.0,0.00,sweeping:45
beir500k-rq1,neg40_cat17,neg40,224270,sweeping,256,1,45,0.9978,0.9778,0.00000,2.680,5.200,5.896,3.011,13282.0,0.0,2316.3,1043.9,11.0,36.0,0.0,0.0,0.0,0.0,0.00,sweeping:45
beir500k-rq1,neg40_cat17,neg40,224270,sweeping,256,2,45,0.9978,0.9778,0.00000,2.744,5.267,5.837,3.053,13282.0,0.0,2316.3,1043.9,11.0,36.0,0.0,0.0,0.0,0.0,0.00,sweeping:45
beir500k-rq1,neg40_cat17,neg40,224270,sweeping,256,3,45,0.9978,0.9778,0.00000,2.641,5.208,5.738,2.954,13282.0,0.0,2316.3,1043.9,11.0,36.0,0.0,0.0,0.0,0.0,0.00,sweeping:45
beir500k-rq1,neg40_cat17,neg40,224270,sweeping,512,1,45,1.0000,1.0000,0.00000,4.596,7.960,8.594,4.989,20975.6,0.0,3945.1,1793.0,22.0,77.0,0.0,0.0,0.0,0.0,0.00,sweeping:45
beir500k-rq1,neg40_cat17,neg40,224270,sweeping,512,2,45,1.0000,1.0000,0.00000,4.735,8.482,8.583,4.992,20975.6,0.0,3945.1,1793.0,22.0,77.0,0.0,0.0,0.0,0.0,0.00,sweeping:45
beir500k-rq1,neg40_cat17,neg40,224270,sweeping,512,3,45,1.0000,1.0000,0.00000,4.884,8.417,9.842,5.247,20975.6,0.0,3945.1,1793.0,22.0,77.0,0.0,0.0,0.0,0.0,0.00,sweeping:45
beir500k-rq1,neg40_cat17,neg40,224270,acorn,64,1,45,0.9778,0.8222,0.00033,1.059,2.088,2.998,1.175,5402.4,0.0,850.8,375.2,4.0,11.0,0.0,0.0,0.0,0.0,0.00,sweeping:45
beir500k-rq1,neg40_cat17,neg40,224270,acorn,64,2,45,0.9778,0.8222,0.00033,1.080,2.232,3.039,1.207,5402.4,0.0,850.8,375.2,4.0,11.0,0.0,0.0,0.0,0.0,0.00,sweeping:45
beir500k-rq1,neg40_cat17,neg40,224270,acorn,64,3,45,0.9778,0.8222,0.00033,1.050,2.036,2.994,1.163,5402.4,0.0,850.8,375.2,4.0,11.0,0.0,0.0,0.0,0.0,0.00,sweeping:45
beir500k-rq1,neg40_cat17,neg40,224270,acorn,128,1,45,0.9889,0.9111,0.00022,1.868,3.523,4.259,2.029,8416.7,0.0,1387.8,619.3,6.0,20.0,0.0,0.0,0.0,0.0,0.00,sweeping:45
beir500k-rq1,neg40_cat17,neg40,224270,acorn,128,2,45,0.9889,0.9111,0.00022,1.818,3.346,4.146,1.961,8416.7,0.0,1387.8,619.3,6.0,20.0,0.0,0.0,0.0,0.0,0.00,sweeping:45
beir500k-rq1,neg40_cat17,neg40,224270,acorn,128,3,45,0.9889,0.9111,0.00022,1.750,3.350,4.172,1.939,8416.7,0.0,1387.8,619.3,6.0,20.0,0.0,0.0,0.0,0.0,0.00,sweeping:45
beir500k-rq1,neg40_cat17,neg40,224270,acorn,256,1,45,0.9978,0.9778,0.00000,2.732,4.930,5.704,3.075,13282.0,0.0,2316.3,1043.9,11.0,36.0,0.0,0.0,0.0,0.0,0.00,sweeping:45
beir500k-rq1,neg40_cat17,neg40,224270,acorn,256,2,45,0.9978,0.9778,0.00000,2.706,5.209,5.722,3.025,13282.0,0.0,2316.3,1043.9,11.0,36.0,0.0,0.0,0.0,0.0,0.00,sweeping:45
beir500k-rq1,neg40_cat17,neg40,224270,acorn,256,3,45,0.9978,0.9778,0.00000,2.699,5.401,5.705,3.041,13282.0,0.0,2316.3,1043.9,11.0,36.0,0.0,0.0,0.0,0.0,0.00,sweeping:45
beir500k-rq1,neg40_cat17,neg40,224270,acorn,512,1,45,1.0000,1.0000,0.00000,4.640,8.268,8.709,5.097,20975.6,0.0,3945.1,1793.0,22.0,77.0,0.0,0.0,0.0,0.0,0.00,sweeping:45
beir500k-rq1,neg40_cat17,neg40,224270,acorn,512,2,45,1.0000,1.0000,0.00000,4.754,8.625,9.139,5.110,20975.6,0.0,3945.1,1793.0,22.0,77.0,0.0,0.0,0.0,0.0,0.00,sweeping:45
beir500k-rq1,neg40_cat17,neg40,224270,acorn,512,3,45,1.0000,1.0000,0.00000,4.780,8.248,9.608,5.121,20975.6,0.0,3945.1,1793.0,22.0,77.0,0.0,0.0,0.0,0.0,0.00,sweeping:45
beir500k-rq1,neg40_cat17,neg40,224270,pathseer,64,1,45,0.9533,0.6889,0.00071,0.615,0.888,1.081,0.614,1934.0,0.0,2336.9,158.4,3.0,4.0,110.9,42.0,1259.7,1.7,138.07,pathseer:45
beir500k-rq1,neg40_cat17,neg40,224270,pathseer,64,2,45,0.9533,0.6889,0.00071,0.611,0.925,1.066,0.620,1934.0,0.0,2336.9,158.4,3.0,4.0,110.9,42.0,1259.7,1.7,138.07,pathseer:45
beir500k-rq1,neg40_cat17,neg40,224270,pathseer,64,3,45,0.9533,0.6889,0.00071,0.588,0.859,1.093,0.602,1934.0,0.0,2336.9,158.4,3.0,4.0,110.9,42.0,1259.7,1.7,138.07,pathseer:45
beir500k-rq1,neg40_cat17,neg40,224270,pathseer,128,1,45,0.9800,0.8444,0.00026,1.018,1.481,2.000,1.071,3413.0,0.0,3862.8,301.4,4.0,7.0,186.3,72.7,2017.2,2.9,262.27,pathseer:45
beir500k-rq1,neg40_cat17,neg40,224270,pathseer,128,2,45,0.9800,0.8444,0.00026,1.223,1.598,2.028,1.209,3413.0,0.0,3862.8,301.4,4.0,7.0,186.3,72.7,2017.2,2.9,262.27,pathseer:45
beir500k-rq1,neg40_cat17,neg40,224270,pathseer,128,3,45,0.9800,0.8444,0.00026,1.071,1.520,2.175,1.119,3413.0,0.0,3862.8,301.4,4.0,7.0,186.3,72.7,2017.2,2.9,262.27,pathseer:45
beir500k-rq1,neg40_cat17,neg40,224270,pathseer,256,1,45,0.9933,0.9333,0.00003,1.936,2.682,3.415,2.029,6075.1,0.0,6470.7,586.6,6.0,21.0,349.9,133.4,3160.3,5.5,469.16,pathseer:45
beir500k-rq1,neg40_cat17,neg40,224270,pathseer,256,2,45,0.9933,0.9333,0.00003,1.902,2.769,3.534,2.011,6075.1,0.0,6470.7,586.6,6.0,21.0,349.9,133.4,3160.3,5.5,469.16,pathseer:45
beir500k-rq1,neg40_cat17,neg40,224270,pathseer,256,3,45,0.9933,0.9333,0.00003,1.931,2.714,3.170,1.976,6075.1,0.0,6470.7,586.6,6.0,21.0,349.9,133.4,3160.3,5.5,469.16,pathseer:45
beir500k-rq1,neg40_cat17,neg40,224270,pathseer,512,1,45,1.0000,1.0000,0.00000,3.403,4.837,5.425,3.562,10640.9,0.0,10803.0,1111.9,12.0,38.0,728.2,256.8,4898.6,11.4,777.20,pathseer:45
beir500k-rq1,neg40_cat17,neg40,224270,pathseer,512,2,45,1.0000,1.0000,0.00000,3.408,4.853,5.664,3.562,10640.9,0.0,10803.0,1111.9,12.0,38.0,728.2,256.8,4898.6,11.4,777.20,pathseer:45
beir500k-rq1,neg40_cat17,neg40,224270,pathseer,512,3,45,1.0000,1.0000,0.00000,3.517,5.128,5.512,3.609,10640.9,0.0,10803.0,1111.9,12.0,38.0,728.2,256.8,4898.6,11.4,777.20,pathseer:45
beir500k-rq1,neg40_cat18,neg40,205532,sweeping,64,1,10,0.9800,0.8000,0.00013,7.254,11.623,11.623,7.132,23495.6,0.0,6859.5,4864.8,3.0,131.0,0.0,0.0,0.0,0.0,0.00,sweeping:10
beir500k-rq1,neg40_cat18,neg40,205532,sweeping,64,2,10,0.9800,0.8000,0.00013,7.052,11.114,11.114,6.873,23495.6,0.0,6859.5,4864.8,3.0,131.0,0.0,0.0,0.0,0.0,0.00,sweeping:10
beir500k-rq1,neg40_cat18,neg40,205532,sweeping,64,3,10,0.9800,0.8000,0.00013,7.391,11.744,11.744,6.991,23495.6,0.0,6859.5,4864.8,3.0,131.0,0.0,0.0,0.0,0.0,0.00,sweeping:10
beir500k-rq1,neg40_cat18,neg40,205532,sweeping,128,1,10,0.9800,0.8000,0.00013,10.724,16.319,16.319,10.190,31021.3,0.0,9826.7,6904.6,6.0,305.0,0.0,0.0,0.0,0.0,0.00,sweeping:10
beir500k-rq1,neg40_cat18,neg40,205532,sweeping,128,2,10,0.9800,0.8000,0.00013,10.923,16.998,16.998,10.316,31021.3,0.0,9826.7,6904.6,6.0,305.0,0.0,0.0,0.0,0.0,0.00,sweeping:10
beir500k-rq1,neg40_cat18,neg40,205532,sweeping,128,3,10,0.9800,0.8000,0.00013,9.912,15.438,15.438,9.640,31021.3,0.0,9826.7,6904.6,6.0,305.0,0.0,0.0,0.0,0.0,0.00,sweeping:10
beir500k-rq1,neg40_cat18,neg40,205532,sweeping,256,1,10,0.9900,0.9000,0.00010,15.908,22.384,22.384,14.749,41778.4,0.0,14017.6,9298.9,10.0,656.0,0.0,0.0,0.0,0.0,0.00,sweeping:10
beir500k-rq1,neg40_cat18,neg40,205532,sweeping,256,2,10,0.9900,0.9000,0.00010,15.552,22.750,22.750,14.486,41778.4,0.0,14017.6,9298.9,10.0,656.0,0.0,0.0,0.0,0.0,0.00,sweeping:10
beir500k-rq1,neg40_cat18,neg40,205532,sweeping,256,3,10,0.9900,0.9000,0.00010,15.409,22.047,22.047,14.312,41778.4,0.0,14017.6,9298.9,10.0,656.0,0.0,0.0,0.0,0.0,0.00,sweeping:10
beir500k-rq1,neg40_cat18,neg40,205532,sweeping,512,1,10,1.0000,1.0000,0.00000,22.387,31.366,31.366,20.718,56448.7,0.0,19844.9,12232.2,21.0,1579.0,0.0,0.0,0.0,0.0,0.00,sweeping:10
beir500k-rq1,neg40_cat18,neg40,205532,sweeping,512,2,10,1.0000,1.0000,0.00000,22.604,32.172,32.172,20.706,56448.7,0.0,19844.9,12232.2,21.0,1579.0,0.0,0.0,0.0,0.0,0.00,sweeping:10
beir500k-rq1,neg40_cat18,neg40,205532,sweeping,512,3,10,1.0000,1.0000,0.00000,22.805,31.485,31.485,20.302,56448.7,0.0,19844.9,12232.2,21.0,1579.0,0.0,0.0,0.0,0.0,0.00,sweeping:10
beir500k-rq1,neg40_cat18,neg40,205532,acorn,64,1,10,0.9800,0.8000,0.00013,7.817,11.542,11.542,7.312,23495.6,0.0,6859.5,4864.8,3.0,131.0,0.0,0.0,0.0,0.0,0.00,sweeping:10
beir500k-rq1,neg40_cat18,neg40,205532,acorn,64,2,10,0.9800,0.8000,0.00013,7.261,11.133,11.133,6.942,23495.6,0.0,6859.5,4864.8,3.0,131.0,0.0,0.0,0.0,0.0,0.00,sweeping:10
beir500k-rq1,neg40_cat18,neg40,205532,acorn,64,3,10,0.9800,0.8000,0.00013,7.269,11.040,11.040,6.873,23495.6,0.0,6859.5,4864.8,3.0,131.0,0.0,0.0,0.0,0.0,0.00,sweeping:10
beir500k-rq1,neg40_cat18,neg40,205532,acorn,128,1,10,0.9800,0.8000,0.00013,10.479,17.909,17.909,10.135,31021.3,0.0,9826.7,6904.6,6.0,305.0,0.0,0.0,0.0,0.0,0.00,sweeping:10
beir500k-rq1,neg40_cat18,neg40,205532,acorn,128,2,10,0.9800,0.8000,0.00013,10.876,16.311,16.311,10.037,31021.3,0.0,9826.7,6904.6,6.0,305.0,0.0,0.0,0.0,0.0,0.00,sweeping:10
beir500k-rq1,neg40_cat18,neg40,205532,acorn,128,3,10,0.9800,0.8000,0.00013,10.574,15.880,15.880,9.924,31021.3,0.0,9826.7,6904.6,6.0,305.0,0.0,0.0,0.0,0.0,0.00,sweeping:10
beir500k-rq1,neg40_cat18,neg40,205532,acorn,256,1,10,0.9900,0.9000,0.00010,16.802,25.761,25.761,15.364,41778.4,0.0,14017.6,9298.9,10.0,656.0,0.0,0.0,0.0,0.0,0.00,sweeping:10
beir500k-rq1,neg40_cat18,neg40,205532,acorn,256,2,10,0.9900,0.9000,0.00010,14.610,21.784,21.784,13.865,41778.4,0.0,14017.6,9298.9,10.0,656.0,0.0,0.0,0.0,0.0,0.00,sweeping:10
beir500k-rq1,neg40_cat18,neg40,205532,acorn,256,3,10,0.9900,0.9000,0.00010,13.983,21.768,21.768,13.482,41778.4,0.0,14017.6,9298.9,10.0,656.0,0.0,0.0,0.0,0.0,0.00,sweeping:10
beir500k-rq1,neg40_cat18,neg40,205532,acorn,512,1,10,1.0000,1.0000,0.00000,21.837,30.959,30.959,19.997,56448.7,0.0,19844.9,12232.2,21.0,1579.0,0.0,0.0,0.0,0.0,0.00,sweeping:10
beir500k-rq1,neg40_cat18,neg40,205532,acorn,512,2,10,1.0000,1.0000,0.00000,21.441,29.705,29.705,19.422,56448.7,0.0,19844.9,12232.2,21.0,1579.0,0.0,0.0,0.0,0.0,0.00,sweeping:10
beir500k-rq1,neg40_cat18,neg40,205532,acorn,512,3,10,1.0000,1.0000,0.00000,21.522,30.099,30.099,19.841,56448.7,0.0,19844.9,12232.2,21.0,1579.0,0.0,0.0,0.0,0.0,0.00,sweeping:10
beir500k-rq1,neg40_cat18,neg40,205532,pathseer,64,1,10,0.9600,0.8000,0.00049,1.984,3.632,3.632,2.135,3375.0,0.0,12856.1,1545.7,3.0,120.0,128.0,17.4,8648.4,2.0,286.30,pathseer:10
beir500k-rq1,neg40_cat18,neg40,205532,pathseer,64,2,10,0.9600,0.8000,0.00049,2.185,3.631,3.631,2.233,3375.0,0.0,12856.1,1545.7,3.0,120.0,128.0,17.4,8648.4,2.0,286.30,pathseer:10
beir500k-rq1,neg40_cat18,neg40,205532,pathseer,64,3,10,0.9600,0.8000,0.00049,2.047,3.722,3.722,2.151,3375.0,0.0,12856.1,1545.7,3.0,120.0,128.0,17.4,8648.4,2.0,286.30,pathseer:10
beir500k-rq1,neg40_cat18,neg40,205532,pathseer,128,1,10,0.9600,0.8000,0.00049,4.150,5.070,5.070,3.549,5603.3,0.0,18630.9,2641.2,5.0,256.0,249.6,34.0,11519.9,3.9,497.30,pathseer:10
beir500k-rq1,neg40_cat18,neg40,205532,pathseer,128,2,10,0.9600,0.8000,0.00049,4.508,5.108,5.108,3.701,5603.3,0.0,18630.9,2641.2,5.0,256.0,249.6,34.0,11519.9,3.9,497.30,pathseer:10
beir500k-rq1,neg40_cat18,neg40,205532,pathseer,128,3,10,0.9600,0.8000,0.00049,4.258,5.399,5.399,3.659,5603.3,0.0,18630.9,2641.2,5.0,256.0,249.6,34.0,11519.9,3.9,497.30,pathseer:10
beir500k-rq1,neg40_cat18,neg40,205532,pathseer,256,1,10,0.9900,0.9000,0.00010,7.735,9.987,9.987,6.393,10197.8,0.0,26640.9,4445.4,9.0,617.0,480.0,58.3,14606.6,7.5,742.10,pathseer:10
beir500k-rq1,neg40_cat18,neg40,205532,pathseer,256,2,10,0.9900,0.9000,0.00010,7.545,9.508,9.508,6.121,10197.8,0.0,26640.9,4445.4,9.0,617.0,480.0,58.3,14606.6,7.5,742.10,pathseer:10
beir500k-rq1,neg40_cat18,neg40,205532,pathseer,256,3,10,0.9900,0.9000,0.00010,7.631,18.073,18.073,7.468,10197.8,0.0,26640.9,4445.4,9.0,617.0,480.0,58.3,14606.6,7.5,742.10,pathseer:10
beir500k-rq1,neg40_cat18,neg40,205532,pathseer,512,1,10,1.0000,1.0000,0.00000,11.356,14.339,14.339,10.027,17016.1,0.0,36404.4,6665.9,17.0,1404.0,972.8,127.1,17734.9,15.2,1008.10,pathseer:10
beir500k-rq1,neg40_cat18,neg40,205532,pathseer,512,2,10,1.0000,1.0000,0.00000,11.374,13.399,13.399,9.774,17016.1,0.0,36404.4,6665.9,17.0,1404.0,972.8,127.1,17734.9,15.2,1008.10,pathseer:10
beir500k-rq1,neg40_cat18,neg40,205532,pathseer,512,3,10,1.0000,1.0000,0.00000,11.960,14.151,14.151,9.974,17016.1,0.0,36404.4,6665.9,17.0,1404.0,972.8,127.1,17734.9,15.2,1008.10,pathseer:10
beir500k-rq1,neg40_cat19,neg40,204140,sweeping,64,1,60,0.9283,0.7333,0.00048,4.282,8.532,9.420,4.311,14949.1,0.0,4393.0,2904.4,4.0,117.0,0.0,0.0,0.0,0.0,0.00,sweeping:60
beir500k-rq1,neg40_cat19,neg40,204140,sweeping,64,2,60,0.9317,0.7333,0.00048,4.130,8.700,9.199,4.250,14949.1,0.0,4393.0,2904.4,4.0,117.0,0.0,0.0,0.0,0.0,0.00,sweeping:60
beir500k-rq1,neg40_cat19,neg40,204140,sweeping,64,3,60,0.9233,0.7333,0.00048,4.310,8.919,9.500,4.381,14949.1,0.0,4393.0,2904.4,4.0,117.0,0.0,0.0,0.0,0.0,0.00,sweeping:60
beir500k-rq1,neg40_cat19,neg40,204140,sweeping,128,1,60,0.9550,0.7833,0.00009,5.926,10.359,10.615,5.844,19897.6,0.0,5996.8,3875.3,7.0,253.0,0.0,0.0,0.0,0.0,0.00,sweeping:60
beir500k-rq1,neg40_cat19,neg40,204140,sweeping,128,2,60,0.9483,0.7833,0.00009,6.155,11.318,13.331,6.259,19897.6,0.0,5996.8,3875.3,7.0,253.0,0.0,0.0,0.0,0.0,0.00,sweeping:60
beir500k-rq1,neg40_cat19,neg40,204140,sweeping,128,3,60,0.9467,0.7833,0.00009,5.838,10.470,11.209,5.958,19897.6,0.0,5996.8,3875.3,7.0,253.0,0.0,0.0,0.0,0.0,0.00,sweeping:60
beir500k-rq1,neg40_cat19,neg40,204140,sweeping,256,1,60,0.9483,0.8167,0.00007,8.979,14.590,16.168,9.001,27239.5,0.0,8359.9,5257.7,13.0,571.0,0.0,0.0,0.0,0.0,0.00,sweeping:60
beir500k-rq1,neg40_cat19,neg40,204140,sweeping,256,2,60,0.9467,0.8167,0.00007,8.918,14.291,16.276,8.779,27239.5,0.0,8359.9,5257.7,13.0,571.0,0.0,0.0,0.0,0.0,0.00,sweeping:60
beir500k-rq1,neg40_cat19,neg40,204140,sweeping,256,3,60,0.9533,0.8167,0.00007,8.670,14.956,15.351,8.482,27239.5,0.0,8359.9,5257.7,13.0,571.0,0.0,0.0,0.0,0.0,0.00,sweeping:60
beir500k-rq1,neg40_cat19,neg40,204140,sweeping,512,1,60,0.9550,0.8500,0.00004,13.376,19.843,21.199,12.806,37761.3,0.0,11892.6,7249.1,31.0,1052.0,0.0,0.0,0.0,0.0,0.00,sweeping:60
beir500k-rq1,neg40_cat19,neg40,204140,sweeping,512,2,60,0.9467,0.8500,0.00004,13.125,19.976,21.089,12.422,37761.3,0.0,11892.6,7249.1,31.0,1052.0,0.0,0.0,0.0,0.0,0.00,sweeping:60
beir500k-rq1,neg40_cat19,neg40,204140,sweeping,512,3,60,0.9500,0.8500,0.00004,12.972,18.551,20.865,12.312,37761.3,0.0,11892.6,7249.1,31.0,1052.0,0.0,0.0,0.0,0.0,0.00,sweeping:60
beir500k-rq1,neg40_cat19,neg40,204140,acorn,64,1,60,0.9233,0.7333,0.00048,4.198,8.735,9.942,4.352,14949.1,0.0,4393.0,2904.4,4.0,117.0,0.0,0.0,0.0,0.0,0.00,sweeping:60
beir500k-rq1,neg40_cat19,neg40,204140,acorn,64,2,60,0.9300,0.7333,0.00048,4.359,9.044,9.859,4.415,14949.1,0.0,4393.0,2904.4,4.0,117.0,0.0,0.0,0.0,0.0,0.00,sweeping:60
beir500k-rq1,neg40_cat19,neg40,204140,acorn,64,3,60,0.9233,0.7333,0.00048,4.184,8.413,9.151,4.196,14949.1,0.0,4393.0,2904.4,4.0,117.0,0.0,0.0,0.0,0.0,0.00,sweeping:60
beir500k-rq1,neg40_cat19,neg40,204140,acorn,128,1,60,0.9517,0.7833,0.00009,5.572,9.874,10.870,5.733,19897.6,0.0,5996.8,3875.3,7.0,253.0,0.0,0.0,0.0,0.0,0.00,sweeping:60
beir500k-rq1,neg40_cat19,neg40,204140,acorn,128,2,60,0.9450,0.7833,0.00009,5.843,10.797,11.352,5.951,19897.6,0.0,5996.8,3875.3,7.0,253.0,0.0,0.0,0.0,0.0,0.00,sweeping:60
beir500k-rq1,neg40_cat19,neg40,204140,acorn,128,3,60,0.9500,0.7833,0.00009,5.801,10.187,11.318,5.801,19897.6,0.0,5996.8,3875.3,7.0,253.0,0.0,0.0,0.0,0.0,0.00,sweeping:60
beir500k-rq1,neg40_cat19,neg40,204140,acorn,256,1,60,0.9567,0.8167,0.00007,8.797,14.283,15.925,8.505,27239.5,0.0,8359.9,5257.7,13.0,571.0,0.0,0.0,0.0,0.0,0.00,sweeping:60
beir500k-rq1,neg40_cat19,neg40,204140,acorn,256,2,60,0.9483,0.8167,0.00007,8.546,14.082,15.046,8.469,27239.5,0.0,8359.9,5257.7,13.0,571.0,0.0,0.0,0.0,0.0,0.00,sweeping:60
beir500k-rq1,neg40_cat19,neg40,204140,acorn,256,3,60,0.9500,0.8167,0.00007,8.434,13.741,14.758,8.342,27239.5,0.0,8359.9,5257.7,13.0,571.0,0.0,0.0,0.0,0.0,0.00,sweeping:60
beir500k-rq1,neg40_cat19,neg40,204140,acorn,512,1,60,0.9517,0.8500,0.00004,12.661,18.092,19.614,12.093,37761.3,0.0,11892.6,7249.1,31.0,1052.0,0.0,0.0,0.0,0.0,0.00,sweeping:60
beir500k-rq1,neg40_cat19,neg40,204140,acorn,512,2,60,0.9583,0.8500,0.00004,12.472,17.731,21.069,12.095,37761.3,0.0,11892.6,7249.1,31.0,1052.0,0.0,0.0,0.0,0.0,0.00,sweeping:60
beir500k-rq1,neg40_cat19,neg40,204140,acorn,512,3,60,0.9500,0.8667,0.00004,12.960,19.290,20.648,12.506,37761.3,0.0,11892.6,7249.1,31.0,1052.0,0.0,0.0,0.0,0.0,0.00,sweeping:60
beir500k-rq1,neg40_cat19,neg40,204140,pathseer,64,1,60,0.9000,0.6500,0.00100,1.722,4.001,4.505,1.871,3134.9,0.0,9320.4,1205.2,4.0,85.0,172.8,17.5,5722.3,2.7,252.85,pathseer:60
beir500k-rq1,neg40_cat19,neg40,204140,pathseer,64,2,60,0.9083,0.6500,0.00100,1.580,3.941,4.176,1.847,3134.9,0.0,9320.4,1205.2,4.0,85.0,172.8,17.5,5722.3,2.7,252.85,pathseer:60
beir500k-rq1,neg40_cat19,neg40,204140,pathseer,64,3,60,0.9050,0.6500,0.00100,1.711,4.088,4.291,1.866,3134.9,0.0,9320.4,1205.2,4.0,85.0,172.8,17.5,5722.3,2.7,252.85,pathseer:60
beir500k-rq1,neg40_cat19,neg40,204140,pathseer,128,1,60,0.9383,0.7667,0.00031,2.864,5.224,5.399,2.770,5229.6,0.0,13643.0,1944.8,6.0,224.0,305.1,30.2,7798.1,4.8,474.07,pathseer:60
beir500k-rq1,neg40_cat19,neg40,204140,pathseer,128,2,60,0.9450,0.7667,0.00031,3.072,5.786,6.356,2.992,5229.6,0.0,13643.0,1944.8,6.0,224.0,305.1,30.2,7798.1,4.8,474.07,pathseer:60
beir500k-rq1,neg40_cat19,neg40,204140,pathseer,128,3,60,0.9367,0.7667,0.00031,3.123,5.683,5.785,2.958,5229.6,0.0,13643.0,1944.8,6.0,224.0,305.1,30.2,7798.1,4.8,474.07,pathseer:60
beir500k-rq1,neg40_cat19,neg40,204140,pathseer,256,1,60,0.9450,0.8000,0.00009,5.548,8.346,8.542,4.990,8548.2,0.0,19561.8,3023.4,11.0,451.0,665.6,61.7,10271.5,10.4,838.65,pathseer:60
beir500k-rq1,neg40_cat19,neg40,204140,pathseer,256,2,60,0.9533,0.8000,0.00009,5.230,8.119,8.398,4.780,8548.2,0.0,19561.8,3023.4,11.0,451.0,665.6,61.7,10271.5,10.4,838.65,pathseer:60
beir500k-rq1,neg40_cat19,neg40,204140,pathseer,256,3,60,0.9533,0.8000,0.00009,5.153,8.436,8.569,4.733,8548.2,0.0,19561.8,3023.4,11.0,451.0,665.6,61.7,10271.5,10.4,838.65,pathseer:60
beir500k-rq1,neg40_cat19,neg40,204140,pathseer,512,1,60,0.9500,0.8500,0.00004,8.130,11.765,11.953,7.406,14101.6,0.0,28674.1,4749.4,23.0,919.0,1565.8,122.1,13571.4,24.5,1403.78,pathseer:60
beir500k-rq1,neg40_cat19,neg40,204140,pathseer,512,2,60,0.9500,0.8500,0.00004,7.927,12.331,12.701,7.544,14101.6,0.0,28674.1,4749.4,23.0,919.0,1565.8,122.1,13571.4,24.5,1403.78,pathseer:60
beir500k-rq1,neg40_cat19,neg40,204140,pathseer,512,3,60,0.9467,0.8500,0.00004,8.045,11.687,12.056,7.449,14101.6,0.0,28674.1,4749.4,23.0,919.0,1565.8,122.1,13571.4,24.5,1403.78,pathseer:60
beir500k-rq1,neg40_cat20,neg40,212946,sweeping,64,1,67,0.9463,0.6866,0.00167,5.079,10.501,11.752,5.009,21038.9,0.0,4237.6,2482.3,4.0,40.0,0.0,0.0,0.0,0.0,0.00,sweeping:67
beir500k-rq1,neg40_cat20,neg40,212946,sweeping,64,2,67,0.9463,0.6866,0.00167,4.678,9.549,11.064,4.873,21038.9,0.0,4237.6,2482.3,4.0,40.0,0.0,0.0,0.0,0.0,0.00,sweeping:67
beir500k-rq1,neg40_cat20,neg40,212946,sweeping,64,3,67,0.9463,0.6866,0.00167,4.941,9.508,11.106,4.965,21038.9,0.0,4237.6,2482.3,4.0,40.0,0.0,0.0,0.0,0.0,0.00,sweeping:67
beir500k-rq1,neg40_cat20,neg40,212946,sweeping,128,1,67,0.9791,0.8358,0.00033,7.284,13.999,15.182,7.405,29889.0,0.0,6546.5,3714.8,6.0,95.0,0.0,0.0,0.0,0.0,0.00,sweeping:67
beir500k-rq1,neg40_cat20,neg40,212946,sweeping,128,2,67,0.9791,0.8358,0.00033,7.462,14.390,19.374,7.897,29889.0,0.0,6546.5,3714.8,6.0,95.0,0.0,0.0,0.0,0.0,0.00,sweeping:67
beir500k-rq1,neg40_cat20,neg40,212946,sweeping,128,3,67,0.9791,0.8358,0.00033,7.291,14.806,21.150,7.932,29889.0,0.0,6546.5,3714.8,6.0,95.0,0.0,0.0,0.0,0.0,0.00,sweeping:67
beir500k-rq1,neg40_cat20,neg40,212946,sweeping,256,1,67,0.9851,0.8657,0.00025,11.301,20.731,23.146,11.235,42608.2,0.0,10160.0,5703.4,11.0,197.0,0.0,0.0,0.0,0.0,0.00,sweeping:67
beir500k-rq1,neg40_cat20,neg40,212946,sweeping,256,2,67,0.9851,0.8657,0.00025,11.313,20.296,23.497,11.371,42608.2,0.0,10160.0,5703.4,11.0,197.0,0.0,0.0,0.0,0.0,0.00,sweeping:67
beir500k-rq1,neg40_cat20,neg40,212946,sweeping,256,3,67,0.9851,0.8657,0.00025,11.372,20.873,22.024,11.095,42608.2,0.0,10160.0,5703.4,11.0,197.0,0.0,0.0,0.0,0.0,0.00,sweeping:67
beir500k-rq1,neg40_cat20,neg40,212946,sweeping,512,1,67,0.9940,0.9403,0.00008,17.243,29.864,34.312,17.314,59700.3,0.0,15771.9,8696.0,24.0,418.0,0.0,0.0,0.0,0.0,0.00,sweeping:67
beir500k-rq1,neg40_cat20,neg40,212946,sweeping,512,2,67,0.9940,0.9403,0.00008,16.944,29.057,33.940,16.836,59700.3,0.0,15771.9,8696.0,24.0,418.0,0.0,0.0,0.0,0.0,0.00,sweeping:67
beir500k-rq1,neg40_cat20,neg40,212946,sweeping,512,3,67,0.9940,0.9403,0.00008,17.228,28.841,33.167,16.947,59700.3,0.0,15771.9,8696.0,24.0,418.0,0.0,0.0,0.0,0.0,0.00,sweeping:67
beir500k-rq1,neg40_cat20,neg40,212946,acorn,64,1,67,0.9463,0.6866,0.00167,4.846,9.931,11.311,4.926,21038.9,0.0,4237.6,2482.3,4.0,40.0,0.0,0.0,0.0,0.0,0.00,sweeping:67
beir500k-rq1,neg40_cat20,neg40,212946,acorn,64,2,67,0.9463,0.6866,0.00167,4.690,10.584,11.130,5.007,21038.9,0.0,4237.6,2482.3,4.0,40.0,0.0,0.0,0.0,0.0,0.00,sweeping:67
beir500k-rq1,neg40_cat20,neg40,212946,acorn,64,3,67,0.9463,0.6866,0.00167,4.901,9.551,11.798,4.929,21038.9,0.0,4237.6,2482.3,4.0,40.0,0.0,0.0,0.0,0.0,0.00,sweeping:67
beir500k-rq1,neg40_cat20,neg40,212946,acorn,128,1,67,0.9791,0.8358,0.00033,7.123,14.510,15.782,7.469,29889.0,0.0,6546.5,3714.8,6.0,95.0,0.0,0.0,0.0,0.0,0.00,sweeping:67
beir500k-rq1,neg40_cat20,neg40,212946,acorn,128,2,67,0.9791,0.8358,0.00033,7.418,14.324,15.529,7.584,29889.0,0.0,6546.5,3714.8,6.0,95.0,0.0,0.0,0.0,0.0,0.00,sweeping:67
beir500k-rq1,neg40_cat20,neg40,212946,acorn,128,3,67,0.9791,0.8358,0.00033,7.069,14.220,15.651,7.305,29889.0,0.0,6546.5,3714.8,6.0,95.0,0.0,0.0,0.0,0.0,0.00,sweeping:67
beir500k-rq1,neg40_cat20,neg40,212946,acorn,256,1,67,0.9851,0.8657,0.00025,11.200,20.661,22.479,11.160,42608.2,0.0,10160.0,5703.4,11.0,197.0,0.0,0.0,0.0,0.0,0.00,sweeping:67
beir500k-rq1,neg40_cat20,neg40,212946,acorn,256,2,67,0.9851,0.8657,0.00025,11.087,20.114,22.112,11.179,42608.2,0.0,10160.0,5703.4,11.0,197.0,0.0,0.0,0.0,0.0,0.00,sweeping:67
beir500k-rq1,neg40_cat20,neg40,212946,acorn,256,3,67,0.9851,0.8657,0.00025,11.148,19.974,22.091,11.103,42608.2,0.0,10160.0,5703.4,11.0,197.0,0.0,0.0,0.0,0.0,0.00,sweeping:67
beir500k-rq1,neg40_cat20,neg40,212946,acorn,512,1,67,0.9940,0.9403,0.00008,17.914,30.124,33.910,17.657,59700.3,0.0,15771.9,8696.0,24.0,418.0,0.0,0.0,0.0,0.0,0.00,sweeping:67
beir500k-rq1,neg40_cat20,neg40,212946,acorn,512,2,67,0.9940,0.9403,0.00008,17.147,29.238,33.058,17.051,59700.3,0.0,15771.9,8696.0,24.0,418.0,0.0,0.0,0.0,0.0,0.00,sweeping:67
beir500k-rq1,neg40_cat20,neg40,212946,acorn,512,3,67,0.9940,0.9403,0.00008,16.973,28.524,33.300,16.798,59700.3,0.0,15771.9,8696.0,24.0,418.0,0.0,0.0,0.0,0.0,0.00,sweeping:67
beir500k-rq1,neg40_cat20,neg40,212946,pathseer,64,1,67,0.9030,0.5821,0.00261,1.197,3.218,3.751,1.479,2599.1,0.0,7819.0,655.7,3.0,23.0,134.7,24.9,5468.4,2.1,135.13,pathseer:67
beir500k-rq1,neg40_cat20,neg40,212946,pathseer,64,2,67,0.9030,0.5821,0.00261,1.097,2.942,3.511,1.372,2599.1,0.0,7819.0,655.7,3.0,23.0,134.7,24.9,5468.4,2.1,135.13,pathseer:67
beir500k-rq1,neg40_cat20,neg40,212946,pathseer,64,3,67,0.9030,0.5821,0.00261,1.096,3.026,3.611,1.400,2599.1,0.0,7819.0,655.7,3.0,23.0,134.7,24.9,5468.4,2.1,135.13,pathseer:67
beir500k-rq1,neg40_cat20,neg40,212946,pathseer,128,1,67,0.9597,0.7463,0.00079,2.160,5.120,5.790,2.414,4697.6,0.0,12767.5,1181.1,5.0,62.0,248.4,42.1,8551.8,3.9,273.15,pathseer:67
beir500k-rq1,neg40_cat20,neg40,212946,pathseer,128,2,67,0.9597,0.7463,0.00079,2.038,4.768,5.637,2.369,4697.6,0.0,12767.5,1181.1,5.0,62.0,248.4,42.1,8551.8,3.9,273.15,pathseer:67
beir500k-rq1,neg40_cat20,neg40,212946,pathseer,128,3,67,0.9597,0.7463,0.00079,2.121,5.083,5.521,2.398,4697.6,0.0,12767.5,1181.1,5.0,62.0,248.4,42.1,8551.8,3.9,273.15,pathseer:67
beir500k-rq1,neg40_cat20,neg40,212946,pathseer,256,1,67,0.9806,0.8507,0.00024,3.929,8.814,9.317,4.407,8375.2,0.0,20776.6,2115.1,8.0,142.0,530.1,76.4,13186.6,8.3,522.04,pathseer:67
beir500k-rq1,neg40_cat20,neg40,212946,pathseer,256,2,67,0.9806,0.8507,0.00024,3.974,8.307,9.171,4.249,8375.2,0.0,20776.6,2115.1,8.0,142.0,530.1,76.4,13186.6,8.3,522.04,pathseer:67
beir500k-rq1,neg40_cat20,neg40,212946,pathseer,256,3,67,0.9806,0.8507,0.00024,3.967,8.356,8.738,4.362,8375.2,0.0,20776.6,2115.1,8.0,142.0,530.1,76.4,13186.6,8.3,522.04,pathseer:67
beir500k-rq1,neg40_cat20,neg40,212946,pathseer,512,1,67,0.9940,0.9403,0.00008,7.091,13.211,14.566,7.487,14740.6,0.0,33240.8,3741.3,16.0,281.0,1207.4,157.1,19710.0,18.9,973.00,pathseer:67
beir500k-rq1,neg40_cat20,neg40,212946,pathseer,512,2,67,0.9940,0.9403,0.00008,7.258,14.417,16.104,7.737,14740.6,0.0,33240.8,3741.3,16.0,281.0,1207.4,157.1,19710.0,18.9,973.00,pathseer:67
beir500k-rq1,neg40_cat20,neg40,212946,pathseer,512,3,67,0.9940,0.9403,0.00008,7.147,13.204,14.729,7.637,14740.6,0.0,33240.8,3741.3,16.0,281.0,1207.4,157.1,19710.0,18.9,973.00,pathseer:67
beir500k-rq1,neg40_cat21,neg40,200035,sweeping,64,1,61,0.9607,0.6721,0.00042,4.718,9.753,11.269,4.953,20980.8,0.0,4675.5,2709.5,4.0,68.0,0.0,0.0,0.0,0.0,0.00,sweeping:61
beir500k-rq1,neg40_cat21,neg40,200035,sweeping,64,2,61,0.9557,0.6721,0.00042,4.719,9.335,11.300,4.874,20980.8,0.0,4675.5,2709.5,4.0,68.0,0.0,0.0,0.0,0.0,0.00,sweeping:61
beir500k-rq1,neg40_cat21,neg40,200035,sweeping,64,3,61,0.9574,0.6721,0.00042,4.676,9.835,11.931,4.988,20980.8,0.0,4675.5,2709.5,4.0,68.0,0.0,0.0,0.0,0.0,0.00,sweeping:61
beir500k-rq1,neg40_cat21,neg40,200035,sweeping,128,1,61,0.9836,0.8852,0.00012,7.245,14.194,17.103,7.223,28552.4,0.0,6740.9,3794.0,6.0,132.0,0.0,0.0,0.0,0.0,0.00,sweeping:61
beir500k-rq1,neg40_cat21,neg40,200035,sweeping,128,2,61,0.9836,0.8852,0.00012,7.058,12.983,13.586,7.023,28552.4,0.0,6740.9,3794.0,6.0,132.0,0.0,0.0,0.0,0.0,0.00,sweeping:61
beir500k-rq1,neg40_cat21,neg40,200035,sweeping,128,3,61,0.9836,0.8852,0.00012,6.984,13.633,15.256,7.030,28552.4,0.0,6740.9,3794.0,6.0,132.0,0.0,0.0,0.0,0.0,0.00,sweeping:61
beir500k-rq1,neg40_cat21,neg40,200035,sweeping,256,1,61,0.9885,0.9508,0.00001,10.528,18.558,19.429,10.169,38781.4,0.0,9721.3,5283.8,12.0,251.0,0.0,0.0,0.0,0.0,0.00,sweeping:61
beir500k-rq1,neg40_cat21,neg40,200035,sweeping,256,2,61,0.9918,0.9508,0.00001,11.033,18.850,21.086,10.771,38781.4,0.0,9721.3,5283.8,12.0,251.0,0.0,0.0,0.0,0.0,0.00,sweeping:61
beir500k-rq1,neg40_cat21,neg40,200035,sweeping,256,3,61,0.9902,0.9508,0.00001,10.500,19.967,20.654,10.411,38781.4,0.0,9721.3,5283.8,12.0,251.0,0.0,0.0,0.0,0.0,0.00,sweeping:61
beir500k-rq1,neg40_cat21,neg40,200035,sweeping,512,1,61,0.9885,0.9508,0.00001,14.466,24.301,27.577,14.439,53125.7,0.0,14082.1,7474.4,25.0,440.0,0.0,0.0,0.0,0.0,0.00,sweeping:61
beir500k-rq1,neg40_cat21,neg40,200035,sweeping,512,2,61,0.9902,0.9508,0.00001,14.860,24.893,26.741,14.713,53125.7,0.0,14082.1,7474.4,25.0,440.0,0.0,0.0,0.0,0.0,0.00,sweeping:61
beir500k-rq1,neg40_cat21,neg40,200035,sweeping,512,3,61,0.9869,0.9508,0.00001,14.847,24.213,27.606,14.647,53125.7,0.0,14082.1,7474.4,25.0,440.0,0.0,0.0,0.0,0.0,0.00,sweeping:61
beir500k-rq1,neg40_cat21,neg40,200035,acorn,64,1,61,0.9607,0.6721,0.00042,4.936,9.571,11.226,4.966,20980.8,0.0,4675.5,2709.5,4.0,68.0,0.0,0.0,0.0,0.0,0.00,sweeping:61
beir500k-rq1,neg40_cat21,neg40,200035,acorn,64,2,61,0.9574,0.6721,0.00042,4.668,9.896,11.922,5.004,20980.8,0.0,4675.5,2709.5,4.0,68.0,0.0,0.0,0.0,0.0,0.00,sweeping:61
beir500k-rq1,neg40_cat21,neg40,200035,acorn,64,3,61,0.9607,0.6721,0.00042,5.196,9.453,12.240,5.009,20980.8,0.0,4675.5,2709.5,4.0,68.0,0.0,0.0,0.0,0.0,0.00,sweeping:61
beir500k-rq1,neg40_cat21,neg40,200035,acorn,128,1,61,0.9836,0.8852,0.00012,7.120,13.059,14.013,6.999,28552.4,0.0,6740.9,3794.0,6.0,132.0,0.0,0.0,0.0,0.0,0.00,sweeping:61
beir500k-rq1,neg40_cat21,neg40,200035,acorn,128,2,61,0.9852,0.8852,0.00012,6.960,12.833,13.400,7.013,28552.4,0.0,6740.9,3794.0,6.0,132.0,0.0,0.0,0.0,0.0,0.00,sweeping:61
beir500k-rq1,neg40_cat21,neg40,200035,acorn,128,3,61,0.9820,0.8852,0.00012,7.100,13.195,14.159,7.057,28552.4,0.0,6740.9,3794.0,6.0,132.0,0.0,0.0,0.0,0.0,0.00,sweeping:61
beir500k-rq1,neg40_cat21,neg40,200035,acorn,256,1,61,0.9902,0.9508,0.00001,10.071,18.334,19.052,10.005,38781.4,0.0,9721.3,5283.8,12.0,251.0,0.0,0.0,0.0,0.0,0.00,sweeping:61
beir500k-rq1,neg40_cat21,neg40,200035,acorn,256,2,61,0.9918,0.9508,0.00001,10.071,18.399,19.261,9.974,38781.4,0.0,9721.3,5283.8,12.0,251.0,0.0,0.0,0.0,0.0,0.00,sweeping:61
beir500k-rq1,neg40_cat21,neg40,200035,acorn,256,3,61,0.9902,0.9508,0.00001,9.904,18.856,22.818,10.187,38781.4,0.0,9721.3,5283.8,12.0,251.0,0.0,0.0,0.0,0.0,0.00,sweeping:61
beir500k-rq1,neg40_cat21,neg40,200035,acorn,512,1,61,0.9869,0.9508,0.00001,15.421,25.173,27.184,15.046,53125.7,0.0,14082.1,7474.4,25.0,440.0,0.0,0.0,0.0,0.0,0.00,sweeping:61
beir500k-rq1,neg40_cat21,neg40,200035,acorn,512,2,61,0.9885,0.9508,0.00001,15.655,24.747,29.158,15.084,53125.7,0.0,14082.1,7474.4,25.0,440.0,0.0,0.0,0.0,0.0,0.00,sweeping:61
beir500k-rq1,neg40_cat21,neg40,200035,acorn,512,3,61,0.9902,0.9508,0.00001,14.892,23.994,27.801,14.611,53125.7,0.0,14082.1,7474.4,25.0,440.0,0.0,0.0,0.0,0.0,0.00,sweeping:61
beir500k-rq1,neg40_cat21,neg40,200035,pathseer,64,1,61,0.9262,0.5574,0.00109,1.389,4.313,4.730,1.811,3375.0,0.0,10554.6,1032.7,3.0,44.0,138.5,17.8,7167.7,2.2,179.95,pathseer:61
beir500k-rq1,neg40_cat21,neg40,200035,pathseer,64,2,61,0.9279,0.5574,0.00109,1.375,4.338,4.768,1.821,3375.0,0.0,10554.6,1032.7,3.0,44.0,138.5,17.8,7167.7,2.2,179.95,pathseer:61
beir500k-rq1,neg40_cat21,neg40,200035,pathseer,64,3,61,0.9295,0.5574,0.00109,1.561,4.657,4.822,1.916,3375.0,0.0,10554.6,1032.7,3.0,44.0,138.5,17.8,7167.7,2.2,179.95,pathseer:61
beir500k-rq1,neg40_cat21,neg40,200035,pathseer,128,1,61,0.9639,0.7049,0.00056,2.751,6.006,7.363,3.169,5852.9,0.0,15984.5,1695.9,5.0,103.0,257.0,30.2,10312.3,4.0,331.11,pathseer:61
beir500k-rq1,neg40_cat21,neg40,200035,pathseer,128,2,61,0.9607,0.7049,0.00056,2.616,5.948,7.228,2.979,5852.9,0.0,15984.5,1695.9,5.0,103.0,257.0,30.2,10312.3,4.0,331.11,pathseer:61
beir500k-rq1,neg40_cat21,neg40,200035,pathseer,128,3,61,0.9623,0.7049,0.00056,2.564,5.884,6.604,2.965,5852.9,0.0,15984.5,1695.9,5.0,103.0,257.0,30.2,10312.3,4.0,331.11,pathseer:61
beir500k-rq1,neg40_cat21,neg40,200035,pathseer,256,1,61,0.9721,0.8525,0.00031,4.570,8.737,10.180,4.716,9781.9,0.0,23095.7,2632.5,9.0,190.0,549.8,69.5,14012.4,8.6,590.57,pathseer:61
beir500k-rq1,neg40_cat21,neg40,200035,pathseer,256,2,61,0.9738,0.8525,0.00031,4.579,8.563,9.902,4.770,9781.9,0.0,23095.7,2632.5,9.0,190.0,549.8,69.5,14012.4,8.6,590.57,pathseer:61
beir500k-rq1,neg40_cat21,neg40,200035,pathseer,256,3,61,0.9738,0.8525,0.00031,4.715,8.868,9.918,4.839,9781.9,0.0,23095.7,2632.5,9.0,190.0,549.8,69.5,14012.4,8.6,590.57,pathseer:61
beir500k-rq1,neg40_cat21,neg40,200035,pathseer,512,1,61,0.9885,0.9508,0.00001,8.175,13.735,17.918,8.583,16639.4,0.0,34555.1,4311.6,18.0,405.0,1176.1,143.0,19372.8,18.4,1024.03,pathseer:61
beir500k-rq1,neg40_cat21,neg40,200035,pathseer,512,2,61,0.9885,0.9508,0.00001,8.053,13.293,14.837,8.091,16639.4,0.0,34555.1,4311.6,18.0,405.0,1176.1,143.0,19372.8,18.4,1024.03,pathseer:61
beir500k-rq1,neg40_cat21,neg40,200035,pathseer,512,3,61,0.9885,0.9508,0.00001,8.118,13.373,14.638,8.085,16639.4,0.0,34555.1,4311.6,18.0,405.0,1176.1,143.0,19372.8,18.4,1024.03,pathseer:61
