method,filter,family,size,b1,queries,recall_at_10,perfect_frac,sim_regret,p50_ms,p95_ms,p99_ms,allow_iter_p50_ms,stage1_p50_ms,stage2_p50_ms,stage3_p50_ms,stage1_mb_per_q,stage2_kb_per_q,stage3_kb_per_q
acorn-ef64,conj_topical100k_a_idlo,conjunction,54805,0,1000,0.9793,0.8340,0.00009,179.415,476.769,594.478,0.000,179.415,0.000,0.000,0.00,0.0,0.0
acorn-ef128,conj_topical100k_a_idlo,conjunction,54805,0,1000,0.9934,0.9440,0.00004,289.845,719.553,853.197,0.000,289.845,0.000,0.000,0.00,0.0,0.0
acorn-ef256,conj_topical100k_a_idlo,conjunction,54805,0,1000,0.9973,0.9750,0.00001,495.333,1144.825,1496.743,0.000,495.333,0.000,0.000,0.00,0.0,0.0
acorn-ef512,conj_topical100k_a_idlo,conjunction,54805,0,1000,0.9991,0.9910,0.00001,798.620,1729.083,2137.285,0.000,798.620,0.000,0.000,0.00,0.0,0.0
acorn-ef64,conj_topical1m_a_idlo,conjunction,531538,0,1000,0.9646,0.7850,0.00027,11.702,41.440,61.743,0.000,11.702,0.000,0.000,0.00,0.0,0.0
acorn-ef128,conj_topical1m_a_idlo,conjunction,531538,0,1000,0.9837,0.8910,0.00017,20.272,69.730,96.325,0.000,20.272,0.000,0.000,0.00,0.0,0.0
acorn-ef256,conj_topical1m_a_idlo,conjunction,531538,0,1000,0.9914,0.9430,0.00013,37.259,112.989,157.986,0.000,37.259,0.000,0.000,0.00,0.0,0.0
acorn-ef512,conj_topical1m_a_idlo,conjunction,531538,0,1000,0.9946,0.9570,0.00005,68.227,181.782,237.197,0.000,68.227,0.000,0.000,0.00,0.0,0.0
acorn-ef64,conj_topical1m_a_idmid,conjunction,238360,0,1000,0.9688,0.7680,0.00014,20.455,66.856,90.801,0.000,20.455,0.000,0.000,0.00,0.0,0.0
acorn-ef128,conj_topical1m_a_idmid,conjunction,238360,0,1000,0.9890,0.9050,0.00006,36.682,109.870,147.554,0.000,36.682,0.000,0.000,0.00,0.0,0.0
acorn-ef256,conj_topical1m_a_idmid,conjunction,238360,0,1000,0.9952,0.9600,0.00004,66.750,182.106,225.849,0.000,66.750,0.000,0.000,0.00,0.0,0.0
acorn-ef512,conj_topical1m_a_idmid,conjunction,238360,0,1000,0.9976,0.9780,0.00001,122.163,291.605,366.634,0.000,122.163,0.000,0.000,0.00,0.0,0.0
acorn-ef64,conj_topical2m_b_idlo,conjunction,175180,0,1000,0.9797,0.8410,0.00008,10.949,50.674,64.048,0.000,10.949,0.000,0.000,0.00,0.0,0.0
acorn-ef128,conj_topical2m_b_idlo,conjunction,175180,0,1000,0.9945,0.9510,0.00001,20.816,85.056,101.626,0.000,20.816,0.000,0.000,0.00,0.0,0.0
acorn-ef256,conj_topical2m_b_idlo,conjunction,175180,0,1000,0.9989,0.9890,0.00000,39.548,146.124,184.594,0.000,39.548,0.000,0.000,0.00,0.0,0.0
acorn-ef512,conj_topical2m_b_idlo,conjunction,175180,0,1000,0.9995,0.9950,0.00000,77.777,251.756,302.448,0.000,77.777,0.000,0.000,0.00,0.0,0.0
acorn-ef64,conj_topical400k_a_idhi,conjunction,205530,0,1000,0.9670,0.7630,0.00015,19.077,59.121,89.197,0.000,19.077,0.000,0.000,0.00,0.0,0.0
acorn-ef128,conj_topical400k_a_idhi,conjunction,205530,0,1000,0.9875,0.8910,0.00007,32.188,96.160,127.860,0.000,32.188,0.000,0.000,0.00,0.0,0.0
acorn-ef256,conj_topical400k_a_idhi,conjunction,205530,0,1000,0.9960,0.9630,0.00003,60.028,160.710,210.144,0.000,60.028,0.000,0.000,0.00,0.0,0.0
acorn-ef512,conj_topical400k_a_idhi,conjunction,205530,0,1000,0.9977,0.9790,0.00002,105.481,276.163,337.368,0.000,105.481,0.000,0.000,0.00,0.0,0.0
acorn-ef64,conj_topical5m_a_idlo,conjunction,911207,0,1000,0.9678,0.8050,0.00018,3.239,6.688,10.427,0.000,3.239,0.000,0.000,0.00,0.0,0.0
acorn-ef128,conj_topical5m_a_idlo,conjunction,911207,0,1000,0.9862,0.9070,0.00009,5.205,11.664,18.748,0.000,5.205,0.000,0.000,0.00,0.0,0.0
acorn-ef256,conj_topical5m_a_idlo,conjunction,911207,0,1000,0.9932,0.9520,0.00005,9.599,20.253,30.317,0.000,9.599,0.000,0.000,0.00,0.0,0.0
acorn-ef512,conj_topical5m_a_idlo,conjunction,911207,0,1000,0.9972,0.9780,0.00003,17.828,36.815,52.557,0.000,17.828,0.000,0.000,0.00,0.0,0.0
acorn-ef64,random_100k,random,100000,0,1000,0.9820,0.8650,0.00008,23.640,33.348,38.353,0.000,23.640,0.000,0.000,0.00,0.0,0.0
acorn-ef128,random_100k,random,100000,0,1000,0.9951,0.9570,0.00003,45.266,61.171,69.214,0.000,45.266,0.000,0.000,0.00,0.0,0.0
acorn-ef256,random_100k,random,100000,0,1000,0.9986,0.9870,0.00001,87.031,112.158,123.556,0.000,87.031,0.000,0.000,0.00,0.0,0.0
acorn-ef512,random_100k,random,100000,0,1000,0.9995,0.9950,0.00000,167.092,209.701,230.233,0.000,167.092,0.000,0.000,0.00,0.0,0.0
acorn-ef64,random_10k,random,10000,0,1000,0.9934,0.9390,0.00002,1.580,2.267,2.986,0.000,1.580,0.000,0.000,0.00,0.0,0.0
acorn-ef128,random_10k,random,10000,0,1000,0.9991,0.9910,0.00000,1.427,2.065,2.278,0.000,1.427,0.000,0.000,0.00,0.0,0.0
acorn-ef256,random_10k,random,10000,0,1000,0.9999,0.9990,0.00000,1.591,2.271,2.450,0.000,1.591,0.000,0.000,0.00,0.0,0.0
acorn-ef512,random_10k,random,10000,0,1000,1.0000,1.0000,0.00000,2.013,2.548,2.728,0.000,2.013,0.000,0.000,0.00,0.0,0.0
acorn-ef64,random_1m,random,1000000,0,1000,0.9746,0.8260,0.00015,3.490,4.925,5.675,0.000,3.490,0.000,0.000,0.00,0.0,0.0
acorn-ef128,random_1m,random,1000000,0,1000,0.9889,0.9120,0.00008,5.807,7.869,8.877,0.000,5.807,0.000,0.000,0.00,0.0,0.0
acorn-ef256,random_1m,random,1000000,0,1000,0.9937,0.9460,0.00005,10.907,14.899,17.060,0.000,10.907,0.000,0.000,0.00,0.0,0.0
acorn-ef512,random_1m,random,1000000,0,1000,0.9962,0.9650,0.00004,20.141,27.389,30.334,0.000,20.141,0.000,0.000,0.00,0.0,0.0
acorn-ef64,random_2m,random,2000000,0,1000,0.9674,0.8000,0.00024,2.177,3.058,3.519,0.000,2.177,0.000,0.000,0.00,0.0,0.0
acorn-ef128,random_2m,random,2000000,0,1000,0.9845,0.8900,0.00011,3.397,4.706,5.346,0.000,3.397,0.000,0.000,0.00,0.0,0.0
acorn-ef256,random_2m,random,2000000,0,1000,0.9919,0.9360,0.00006,6.145,8.398,9.683,0.000,6.145,0.000,0.000,0.00,0.0,0.0
acorn-ef512,random_2m,random,2000000,0,1000,0.9953,0.9580,0.00004,11.336,15.538,17.043,0.000,11.336,0.000,0.000,0.00,0.0,0.0
acorn-ef64,random_400k,random,400000,0,1000,0.9749,0.8340,0.00012,6.623,9.653,10.964,0.000,6.623,0.000,0.000,0.00,0.0,0.0
acorn-ef128,random_400k,random,400000,0,1000,0.9912,0.9230,0.00005,12.184,17.273,19.992,0.000,12.184,0.000,0.000,0.00,0.0,0.0
acorn-ef256,random_400k,random,400000,0,1000,0.9961,0.9630,0.00002,23.327,32.746,39.281,0.000,23.327,0.000,0.000,0.00,0.0,0.0
acorn-ef512,random_400k,random,400000,0,1000,0.9987,0.9870,0.00001,44.718,58.533,64.386,0.000,44.718,0.000,0.000,0.00,0.0,0.0
acorn-ef64,random_40k,random,40000,0,1000,0.9835,0.8690,0.00007,55.637,75.911,83.135,0.000,55.637,0.000,0.000,0.00,0.0,0.0
acorn-ef128,random_40k,random,40000,0,1000,0.9957,0.9610,0.00003,106.775,138.132,159.418,0.000,106.775,0.000,0.000,0.00,0.0,0.0
acorn-ef256,random_40k,random,40000,0,1000,0.9984,0.9850,0.00001,204.899,260.589,280.113,0.000,204.899,0.000,0.000,0.00,0.0,0.0
acorn-ef512,random_40k,random,40000,0,1000,0.9993,0.9930,0.00001,391.242,477.366,509.738,0.000,391.242,0.000,0.000,0.00,0.0,0.0
acorn-ef64,random_5m,random,5000000,0,1000,0.9713,0.8320,0.00033,1.163,1.710,2.133,0.000,1.163,0.000,0.000,0.00,0.0,0.0
acorn-ef128,random_5m,random,5000000,0,1000,0.9839,0.9030,0.00023,1.691,2.500,4.107,0.000,1.691,0.000,0.000,0.00,0.0,0.0
acorn-ef256,random_5m,random,5000000,0,1000,0.9896,0.9310,0.00016,3.005,4.177,4.763,0.000,3.005,0.000,0.000,0.00,0.0,0.0
acorn-ef512,random_5m,random,5000000,0,1000,0.9940,0.9530,0.00006,5.511,7.585,8.725,0.000,5.511,0.000,0.000,0.00,0.0,0.0
acorn-ef64,topical_100k_a,topical,100006,0,1000,0.9760,0.8180,0.00011,103.305,299.353,383.087,0.000,103.305,0.000,0.000,0.00,0.0,0.0
acorn-ef128,topical_100k_a,topical,100006,0,1000,0.9920,0.9310,0.00005,181.010,491.502,617.977,0.000,181.010,0.000,0.000,0.00,0.0,0.0
acorn-ef256,topical_100k_a,topical,100006,0,1000,0.9969,0.9740,0.00002,306.790,762.596,969.604,0.000,306.790,0.000,0.000,0.00,0.0,0.0
acorn-ef512,topical_100k_a,topical,100006,0,1000,0.9988,0.9890,0.00001,509.710,1195.472,1463.313,0.000,509.710,0.000,0.000,0.00,0.0,0.0
acorn-ef64,topical_100k_b,topical,100000,0,1000,0.9676,0.7580,0.00014,44.607,129.608,174.873,0.000,44.607,0.000,0.000,0.00,0.0,0.0
acorn-ef128,topical_100k_b,topical,100000,0,1000,0.9901,0.9160,0.00005,78.851,203.824,262.999,0.000,78.851,0.000,0.000,0.00,0.0,0.0
acorn-ef256,topical_100k_b,topical,100000,0,1000,0.9967,0.9670,0.00002,141.729,334.467,410.638,0.000,141.729,0.000,0.000,0.00,0.0,0.0
acorn-ef512,topical_100k_b,topical,100000,0,1000,0.9983,0.9830,0.00001,246.191,539.444,638.993,0.000,246.191,0.000,0.000,0.00,0.0,0.0
acorn-ef64,topical_10k_a,topical,10002,0,1000,0.9860,0.8810,0.00004,0.908,1.277,1.550,0.000,0.908,0.000,0.000,0.00,0.0,0.0
acorn-ef128,topical_10k_a,topical,10002,0,1000,0.9984,0.9840,0.00000,0.953,1.169,1.240,0.000,0.953,0.000,0.000,0.00,0.0,0.0
acorn-ef256,topical_10k_a,topical,10002,0,1000,0.9998,0.9980,0.00000,1.088,1.283,1.456,0.000,1.088,0.000,0.000,0.00,0.0,0.0
acorn-ef512,topical_10k_a,topical,10002,0,1000,0.9998,0.9980,-0.00000,1.354,1.460,1.686,0.000,1.354,0.000,0.000,0.00,0.0,0.0
acorn-ef64,topical_10k_b,topical,10001,0,1000,0.9856,0.8760,0.00004,0.910,1.324,1.615,0.000,0.910,0.000,0.000,0.00,0.0,0.0
acorn-ef128,topical_10k_b,topical,10001,0,1000,0.9983,0.9840,0.00000,0.955,1.150,1.223,0.000,0.955,0.000,0.000,0.00,0.0,0.0
acorn-ef256,topical_10k_b,topical,10001,0,1000,0.9999,0.9990,0.00000,1.093,1.284,1.535,0.000,1.093,0.000,0.000,0.00,0.0,0.0
acorn-ef512,topical_10k_b,topical,10001,0,1000,0.9999,0.9990,0.00000,1.362,1.491,1.639,0.000,1.362,0.000,0.000,0.00,0.0,0.0
acorn-ef64,topical_1m_a,topical,1000003,0,1000,0.9611,0.7600,0.00029,6.832,20.304,29.798,0.000,6.832,0.000,0.000,0.00,0.0,0.0
acorn-ef128,topical_1m_a,topical,1000003,0,1000,0.9825,0.8790,0.00018,11.537,34.086,45.508,0.000,11.537,0.000,0.000,0.00,0.0,0.0
acorn-ef256,topical_1m_a,topical,1000003,0,1000,0.9918,0.9440,0.00014,21.184,59.527,80.494,0.000,21.184,0.000,0.000,0.00,0.0,0.0
acorn-ef512,topical_1m_a,topical,1000003,0,1000,0.9952,0.9650,0.00005,38.034,98.739,122.450,0.000,38.034,0.000,0.000,0.00,0.0,0.0
acorn-ef64,topical_1m_b,topical,1000013,0,1000,0.9620,0.7560,0.00026,5.177,14.259,20.122,0.000,5.177,0.000,0.000,0.00,0.0,0.0
acorn-ef128,topical_1m_b,topical,1000013,0,1000,0.9837,0.8810,0.00016,9.334,23.354,32.155,0.000,9.334,0.000,0.000,0.00,0.0,0.0
acorn-ef256,topical_1m_b,topical,1000013,0,1000,0.9934,0.9470,0.00004,17.207,39.695,53.868,0.000,17.207,0.000,0.000,0.00,0.0,0.0
acorn-ef512,topical_1m_b,topical,1000013,0,1000,0.9958,0.9640,0.00003,31.842,69.577,93.007,0.000,31.842,0.000,0.000,0.00,0.0,0.0
acorn-ef64,topical_2m_a,topical,2000088,0,1000,0.9576,0.7370,0.00026,2.616,5.937,8.070,0.000,2.616,0.000,0.000,0.00,0.0,0.0
acorn-ef128,topical_2m_a,topical,2000088,0,1000,0.9789,0.8460,0.00013,4.438,10.009,13.007,0.000,4.438,0.000,0.000,0.00,0.0,0.0
acorn-ef256,topical_2m_a,topical,2000088,0,1000,0.9891,0.9190,0.00008,8.015,17.650,22.334,0.000,8.015,0.000,0.000,0.00,0.0,0.0
acorn-ef512,topical_2m_a,topical,2000088,0,1000,0.9938,0.9490,0.00004,14.467,29.758,36.021,0.000,14.467,0.000,0.000,0.00,0.0,0.0
acorn-ef64,topical_2m_b,topical,2000000,0,1000,0.9651,0.7830,0.00020,1.646,5.335,6.883,0.000,1.646,0.000,0.000,0.00,0.0,0.0
acorn-ef128,topical_2m_b,topical,2000000,0,1000,0.9826,0.8750,0.00011,2.956,9.545,12.066,0.000,2.956,0.000,0.000,0.00,0.0,0.0
acorn-ef256,topical_2m_b,topical,2000000,0,1000,0.9904,0.9220,0.00006,5.477,16.720,21.192,0.000,5.477,0.000,0.000,0.00,0.0,0.0
acorn-ef512,topical_2m_b,topical,2000000,0,1000,0.9945,0.9530,0.00004,10.281,29.618,35.785,0.000,10.281,0.000,0.000,0.00,0.0,0.0
acorn-ef64,topical_400k_a,topical,400020,0,1000,0.9612,0.7360,0.00019,9.235,29.488,39.980,0.000,9.235,0.000,0.000,0.00,0.0,0.0
acorn-ef128,topical_400k_a,topical,400020,0,1000,0.9867,0.8880,0.00007,16.506,50.851,66.319,0.000,16.506,0.000,0.000,0.00,0.0,0.0
acorn-ef256,topical_400k_a,topical,400020,0,1000,0.9938,0.9410,0.00004,29.681,89.039,115.001,0.000,29.681,0.000,0.000,0.00,0.0,0.0
acorn-ef512,topical_400k_a,topical,400020,0,1000,0.9967,0.9690,0.00002,54.427,147.232,178.379,0.000,54.427,0.000,0.000,0.00,0.0,0.0
acorn-ef64,topical_400k_b,topical,400001,0,1000,0.9695,0.7670,0.00015,14.320,43.453,61.272,0.000,14.320,0.000,0.000,0.00,0.0,0.0
acorn-ef128,topical_400k_b,topical,400001,0,1000,0.9889,0.9070,0.00006,25.874,75.678,105.641,0.000,25.874,0.000,0.000,0.00,0.0,0.0
acorn-ef256,topical_400k_b,topical,400001,0,1000,0.9956,0.9640,0.00003,46.905,125.957,166.374,0.000,46.905,0.000,0.000,0.00,0.0,0.0
acorn-ef512,topical_400k_b,topical,400001,0,1000,0.9980,0.9840,0.00001,86.717,219.660,272.001,0.000,86.717,0.000,0.000,0.00,0.0,0.0
acorn-ef64,topical_40k_a,topical,40006,0,1000,0.9733,0.7970,0.00011,149.214,358.838,454.284,0.000,149.214,0.000,0.000,0.00,0.0,0.0
acorn-ef128,topical_40k_a,topical,40006,0,1000,0.9935,0.9410,0.00003,237.160,543.365,703.282,0.000,237.160,0.000,0.000,0.00,0.0,0.0
acorn-ef256,topical_40k_a,topical,40006,0,1000,0.9985,0.9850,0.00001,415.060,877.296,1264.402,0.000,415.060,0.000,0.000,0.00,0.0,0.0
acorn-ef512,topical_40k_a,topical,40006,0,1000,0.9997,0.9970,0.00000,720.701,1416.271,1859.868,0.000,720.701,0.000,0.000,0.00,0.0,0.0
acorn-ef64,topical_40k_b,topical,40004,0,1000,0.9769,0.8130,0.00010,130.082,317.329,434.814,0.000,130.082,0.000,0.000,0.00,0.0,0.0
acorn-ef128,topical_40k_b,topical,40004,0,1000,0.9936,0.9460,0.00004,250.254,579.549,740.925,0.000,250.254,0.000,0.000,0.00,0.0,0.0
acorn-ef256,topical_40k_b,topical,40004,0,1000,0.9980,0.9830,0.00002,429.780,969.408,1308.312,0.000,429.780,0.000,0.000,0.00,0.0,0.0
acorn-ef512,topical_40k_b,topical,40004,0,1000,0.9996,0.9960,0.00000,695.102,1387.694,1664.018,0.000,695.102,0.000,0.000,0.00,0.0,0.0
acorn-ef64,topical_5m_a,topical,5000022,0,1000,0.9654,0.8010,0.00030,1.474,2.671,3.737,0.000,1.474,0.000,0.000,0.00,0.0,0.0
acorn-ef128,topical_5m_a,topical,5000022,0,1000,0.9800,0.8820,0.00019,2.152,3.971,5.812,0.000,2.152,0.000,0.000,0.00,0.0,0.0
acorn-ef256,topical_5m_a,topical,5000022,0,1000,0.9888,0.9250,0.00011,3.572,6.354,9.218,0.000,3.572,0.000,0.000,0.00,0.0,0.0
acorn-ef512,topical_5m_a,topical,5000022,0,1000,0.9932,0.9520,0.00007,6.580,11.502,17.569,0.000,6.580,0.000,0.000,0.00,0.0,0.0
acorn-ef64,topical_5m_b,topical,5000010,0,1000,0.9621,0.7880,0.00030,1.209,2.380,3.337,0.000,1.209,0.000,0.000,0.00,0.0,0.0
acorn-ef128,topical_5m_b,topical,5000010,0,1000,0.9794,0.8790,0.00019,1.969,3.948,6.436,0.000,1.969,0.000,0.000,0.00,0.0,0.0
acorn-ef256,topical_5m_b,topical,5000010,0,1000,0.9898,0.9300,0.00010,3.154,6.230,10.053,0.000,3.154,0.000,0.000,0.00,0.0,0.0
acorn-ef512,topical_5m_b,topical,5000010,0,1000,0.9938,0.9580,0.00007,5.628,9.828,16.645,0.000,5.628,0.000,0.000,0.00,0.0,0.0
acorn-ef64,anticorr_q0041_tau0,anticorr,9900000,0,1,0.0000,0.0000,0.00032,59.894,59.894,59.894,0.000,59.894,0.000,0.000,0.00,0.0,0.0
acorn-ef128,anticorr_q0041_tau0,anticorr,9900000,0,1,0.1000,0.0000,0.00010,65.909,65.909,65.909,0.000,65.909,0.000,0.000,0.00,0.0,0.0
acorn-ef256,anticorr_q0041_tau0,anticorr,9900000,0,1,0.1000,0.0000,0.00005,79.513,79.513,79.513,0.000,79.513,0.000,0.000,0.00,0.0,0.0
acorn-ef512,anticorr_q0041_tau0,anticorr,9900000,0,1,0.1000,0.0000,0.00003,104.750,104.750,104.750,0.000,104.750,0.000,0.000,0.00,0.0,0.0
acorn-ef64,anticorr_q0041_tau0.01,anticorr,9900239,0,1,0.6000,0.0000,0.00170,14.457,14.457,14.457,0.000,14.457,0.000,0.000,0.00,0.0,0.0
acorn-ef128,anticorr_q0041_tau0.01,anticorr,9900239,0,1,1.0000,1.0000,0.00000,15.630,15.630,15.630,0.000,15.630,0.000,0.000,0.00,0.0,0.0
acorn-ef256,anticorr_q0041_tau0.01,anticorr,9900239,0,1,1.0000,1.0000,0.00000,21.043,21.043,21.043,0.000,21.043,0.000,0.000,0.00,0.0,0.0
acorn-ef512,anticorr_q0041_tau0.01,anticorr,9900239,0,1,1.0000,1.0000,0.00000,28.815,28.815,28.815,0.000,28.815,0.000,0.000,0.00,0.0,0.0
acorn-ef64,anticorr_q0041_tau0.03,anticorr,9900507,0,1,1.0000,1.0000,0.00000,3.073,3.073,3.073,0.000,3.073,0.000,0.000,0.00,0.0,0.0
acorn-ef128,anticorr_q0041_tau0.03,anticorr,9900507,0,1,1.0000,1.0000,0.00000,1.474,1.474,1.474,0.000,1.474,0.000,0.000,0.00,0.0,0.0
acorn-ef256,anticorr_q0041_tau0.03,anticorr,9900507,0,1,1.0000,1.0000,0.00000,2.199,2.199,2.199,0.000,2.199,0.000,0.000,0.00,0.0,0.0
acorn-ef512,anticorr_q0041_tau0.03,anticorr,9900507,0,1,1.0000,1.0000,0.00000,4.606,4.606,4.606,0.000,4.606,0.000,0.000,0.00,0.0,0.0
acorn-ef64,anticorr_q0059_tau0,anticorr,9900000,0,1,0.0000,0.0000,0.00021,60.388,60.388,60.388,0.000,60.388,0.000,0.000,0.00,0.0,0.0
acorn-ef128,anticorr_q0059_tau0,anticorr,9900000,0,1,0.0000,0.0000,0.00013,65.734,65.734,65.734,0.000,65.734,0.000,0.000,0.00,0.0,0.0
acorn-ef256,anticorr_q0059_tau0,anticorr,9900000,0,1,0.0000,0.0000,0.00010,76.758,76.758,76.758,0.000,76.758,0.000,0.000,0.00,0.0,0.0
acorn-ef512,anticorr_q0059_tau0,anticorr,9900000,0,1,0.1000,0.0000,0.00003,91.684,91.684,91.684,0.000,91.684,0.000,0.000,0.00,0.0,0.0
acorn-ef64,anticorr_q0059_tau0.01,anticorr,9899959,0,1,0.8000,0.0000,0.00034,14.417,14.417,14.417,0.000,14.417,0.000,0.000,0.00,0.0,0.0
acorn-ef128,anticorr_q0059_tau0.01,anticorr,9899959,0,1,1.0000,1.0000,0.00000,15.029,15.029,15.029,0.000,15.029,0.000,0.000,0.00,0.0,0.0
acorn-ef256,anticorr_q0059_tau0.01,anticorr,9899959,0,1,1.0000,1.0000,0.00000,21.096,21.096,21.096,0.000,21.096,0.000,0.000,0.00,0.0,0.0
acorn-ef512,anticorr_q0059_tau0.01,anticorr,9899959,0,1,1.0000,1.0000,0.00000,29.443,29.443,29.443,0.000,29.443,0.000,0.000,0.00,0.0,0.0
acorn-ef64,anticorr_q0059_tau0.03,anticorr,9899896,0,1,1.0000,1.0000,0.00000,2.401,2.401,2.401,0.000,2.401,0.000,0.000,0.00,0.0,0.0
acorn-ef128,anticorr_q0059_tau0.03,anticorr,9899896,0,1,1.0000,1.0000,0.00000,1.926,1.926,1.926,0.000,1.926,0.000,0.000,0.00,0.0,0.0
acorn-ef256,anticorr_q0059_tau0.03,anticorr,9899896,0,1,1.0000,1.0000,0.00000,2.466,2.466,2.466,0.000,2.466,0.000,0.000,0.00,0.0,0.0
acorn-ef512,anticorr_q0059_tau0.03,anticorr,9899896,0,1,1.0000,1.0000,0.00000,4.764,4.764,4.764,0.000,4.764,0.000,0.000,0.00,0.0,0.0
acorn-ef64,anticorr_q0064_tau0,anticorr,9900000,0,1,0.0000,0.0000,0.00024,78.575,78.575,78.575,0.000,78.575,0.000,0.000,0.00,0.0,0.0
acorn-ef128,anticorr_q0064_tau0,anticorr,9900000,0,1,0.0000,0.0000,0.00014,88.000,88.000,88.000,0.000,88.000,0.000,0.000,0.00,0.0,0.0
acorn-ef256,anticorr_q0064_tau0,anticorr,9900000,0,1,0.0000,0.0000,0.00005,100.243,100.243,100.243,0.000,100.243,0.000,0.000,0.00,0.0,0.0
acorn-ef512,anticorr_q0064_tau0,anticorr,9900000,0,1,0.0000,0.0000,0.00003,112.688,112.688,112.688,0.000,112.688,0.000,0.000,0.00,0.0,0.0
acorn-ef64,anticorr_q0064_tau0.01,anticorr,9900317,0,1,0.9000,0.0000,0.00001,18.314,18.314,18.314,0.000,18.314,0.000,0.000,0.00,0.0,0.0
acorn-ef128,anticorr_q0064_tau0.01,anticorr,9900317,0,1,0.9000,0.0000,0.00001,22.449,22.449,22.449,0.000,22.449,0.000,0.000,0.00,0.0,0.0
acorn-ef256,anticorr_q0064_tau0.01,anticorr,9900317,0,1,1.0000,1.0000,0.00000,30.147,30.147,30.147,0.000,30.147,0.000,0.000,0.00,0.0,0.0
acorn-ef512,anticorr_q0064_tau0.01,anticorr,9900317,0,1,1.0000,1.0000,0.00000,37.258,37.258,37.258,0.000,37.258,0.000,0.000,0.00,0.0,0.0
acorn-ef64,anticorr_q0064_tau0.03,anticorr,9899835,0,1,1.0000,1.0000,0.00000,2.740,2.740,2.740,0.000,2.740,0.000,0.000,0.00,0.0,0.0
acorn-ef128,anticorr_q0064_tau0.03,anticorr,9899835,0,1,1.0000,1.0000,0.00000,1.680,1.680,1.680,0.000,1.680,0.000,0.000,0.00,0.0,0.0
acorn-ef256,anticorr_q0064_tau0.03,anticorr,9899835,0,1,1.0000,1.0000,0.00000,2.693,2.693,2.693,0.000,2.693,0.000,0.000,0.00,0.0,0.0
acorn-ef512,anticorr_q0064_tau0.03,anticorr,9899835,0,1,1.0000,1.0000,0.00000,4.375,4.375,4.375,0.000,4.375,0.000,0.000,0.00,0.0,0.0
acorn-ef64,anticorr_q0073_tau0,anticorr,9900001,0,1,0.0000,0.0000,0.00037,68.621,68.621,68.621,0.000,68.621,0.000,0.000,0.00,0.0,0.0
acorn-ef128,anticorr_q0073_tau0,anticorr,9900001,0,1,0.0000,0.0000,0.00019,75.198,75.198,75.198,0.000,75.198,0.000,0.000,0.00,0.0,0.0
acorn-ef256,anticorr_q0073_tau0,anticorr,9900001,0,1,0.0000,0.0000,0.00006,83.841,83.841,83.841,0.000,83.841,0.000,0.000,0.00,0.0,0.0
acorn-ef512,anticorr_q0073_tau0,anticorr,9900001,0,1,0.0000,0.0000,0.00004,97.734,97.734,97.734,0.000,97.734,0.000,0.000,0.00,0.0,0.0
acorn-ef64,anticorr_q0073_tau0.01,anticorr,9899943,0,1,0.6000,0.0000,0.00265,17.558,17.558,17.558,0.000,17.558,0.000,0.000,0.00,0.0,0.0
acorn-ef128,anticorr_q0073_tau0.01,anticorr,9899943,0,1,0.9000,0.0000,0.00006,18.559,18.559,18.559,0.000,18.559,0.000,0.000,0.00,0.0,0.0
acorn-ef256,anticorr_q0073_tau0.01,anticorr,9899943,0,1,0.9000,0.0000,0.00006,23.693,23.693,23.693,0.000,23.693,0.000,0.000,0.00,0.0,0.0
acorn-ef512,anticorr_q0073_tau0.01,anticorr,9899943,0,1,0.9000,0.0000,0.00006,32.886,32.886,32.886,0.000,32.886,0.000,0.000,0.00,0.0,0.0
acorn-ef64,anticorr_q0073_tau0.03,anticorr,9899919,0,1,1.0000,1.0000,0.00000,2.506,2.506,2.506,0.000,2.506,0.000,0.000,0.00,0.0,0.0
acorn-ef128,anticorr_q0073_tau0.03,anticorr,9899919,0,1,1.0000,1.0000,0.00000,1.609,1.609,1.609,0.000,1.609,0.000,0.000,0.00,0.0,0.0
acorn-ef256,anticorr_q0073_tau0.03,anticorr,9899919,0,1,1.0000,1.0000,0.00000,2.735,2.735,2.735,0.000,2.735,0.000,0.000,0.00,0.0,0.0
acorn-ef512,anticorr_q0073_tau0.03,anticorr,9899919,0,1,1.0000,1.0000,0.00000,4.430,4.430,4.430,0.000,4.430,0.000,0.000,0.00,0.0,0.0
acorn-ef64,anticorr_q0077_tau0,anticorr,9900000,0,1,0.0000,0.0000,0.00018,57.595,57.595,57.595,0.000,57.595,0.000,0.000,0.00,0.0,0.0
acorn-ef128,anticorr_q0077_tau0,anticorr,9900000,0,1,0.0000,0.0000,0.00012,65.938,65.938,65.938,0.000,65.938,0.000,0.000,0.00,0.0,0.0
acorn-ef256,anticorr_q0077_tau0,anticorr,9900000,0,1,0.0000,0.0000,0.00005,80.252,80.252,80.252,0.000,80.252,0.000,0.000,0.00,0.0,0.0
acorn-ef512,anticorr_q0077_tau0,anticorr,9900000,0,1,0.0000,0.0000,0.00003,100.722,100.722,100.722,0.000,100.722,0.000,0.000,0.00,0.0,0.0
acorn-ef64,anticorr_q0077_tau0.01,anticorr,9899838,0,1,0.7000,0.0000,0.00145,10.320,10.320,10.320,0.000,10.320,0.000,0.000,0.00,0.0,0.0
acorn-ef128,anticorr_q0077_tau0.01,anticorr,9899838,0,1,0.7000,0.0000,0.00126,9.978,9.978,9.978,0.000,9.978,0.000,0.000,0.00,0.0,0.0
acorn-ef256,anticorr_q0077_tau0.01,anticorr,9899838,0,1,0.9000,0.0000,0.00023,15.144,15.144,15.144,0.000,15.144,0.000,0.000,0.00,0.0,0.0
acorn-ef512,anticorr_q0077_tau0.01,anticorr,9899838,0,1,0.9000,0.0000,0.00023,24.606,24.606,24.606,0.000,24.606,0.000,0.000,0.00,0.0,0.0
acorn-ef64,anticorr_q0077_tau0.03,anticorr,9900809,0,1,1.0000,1.0000,0.00000,1.926,1.926,1.926,0.000,1.926,0.000,0.000,0.00,0.0,0.0
acorn-ef128,anticorr_q0077_tau0.03,anticorr,9900809,0,1,1.0000,1.0000,0.00000,1.940,1.940,1.940,0.000,1.940,0.000,0.000,0.00,0.0,0.0
acorn-ef256,anticorr_q0077_tau0.03,anticorr,9900809,0,1,1.0000,1.0000,0.00000,2.822,2.822,2.822,0.000,2.822,0.000,0.000,0.00,0.0,0.0
acorn-ef512,anticorr_q0077_tau0.03,anticorr,9900809,0,1,1.0000,1.0000,0.00000,4.952,4.952,4.952,0.000,4.952,0.000,0.000,0.00,0.0,0.0
acorn-ef64,anticorr_q0080_tau0,anticorr,9900000,0,1,0.0000,0.0000,0.00025,68.430,68.430,68.430,0.000,68.430,0.000,0.000,0.00,0.0,0.0
acorn-ef128,anticorr_q0080_tau0,anticorr,9900000,0,1,0.0000,0.0000,0.00016,75.818,75.818,75.818,0.000,75.818,0.000,0.000,0.00,0.0,0.0
acorn-ef256,anticorr_q0080_tau0,anticorr,9900000,0,1,0.0000,0.0000,0.00006,85.262,85.262,85.262,0.000,85.262,0.000,0.000,0.00,0.0,0.0
acorn-ef512,anticorr_q0080_tau0,anticorr,9900000,0,1,0.0000,0.0000,0.00003,98.491,98.491,98.491,0.000,98.491,0.000,0.000,0.00,0.0,0.0
acorn-ef64,anticorr_q0080_tau0.01,anticorr,9900207,0,1,0.9000,0.0000,0.00005,16.134,16.134,16.134,0.000,16.134,0.000,0.000,0.00,0.0,0.0
acorn-ef128,anticorr_q0080_tau0.01,anticorr,9900207,0,1,1.0000,1.0000,0.00000,18.701,18.701,18.701,0.000,18.701,0.000,0.000,0.00,0.0,0.0
acorn-ef256,anticorr_q0080_tau0.01,anticorr,9900207,0,1,1.0000,1.0000,0.00000,27.406,27.406,27.406,0.000,27.406,0.000,0.000,0.00,0.0,0.0
acorn-ef512,anticorr_q0080_tau0.01,anticorr,9900207,0,1,1.0000,1.0000,0.00000,36.016,36.016,36.016,0.000,36.016,0.000,0.000,0.00,0.0,0.0
acorn-ef64,anticorr_q0080_tau0.03,anticorr,9899376,0,1,1.0000,1.0000,0.00000,3.043,3.043,3.043,0.000,3.043,0.000,0.000,0.00,0.0,0.0
acorn-ef128,anticorr_q0080_tau0.03,anticorr,9899376,0,1,1.0000,1.0000,0.00000,2.461,2.461,2.461,0.000,2.461,0.000,0.000,0.00,0.0,0.0
acorn-ef256,anticorr_q0080_tau0.03,anticorr,9899376,0,1,1.0000,1.0000,0.00000,3.037,3.037,3.037,0.000,3.037,0.000,0.000,0.00,0.0,0.0
acorn-ef512,anticorr_q0080_tau0.03,anticorr,9899376,0,1,1.0000,1.0000,0.00000,4.997,4.997,4.997,0.000,4.997,0.000,0.000,0.00,0.0,0.0
acorn-ef64,anticorr_q0085_tau0,anticorr,9900000,0,1,0.0000,0.0000,0.00018,75.561,75.561,75.561,0.000,75.561,0.000,0.000,0.00,0.0,0.0
acorn-ef128,anticorr_q0085_tau0,anticorr,9900000,0,1,0.1000,0.0000,0.00011,82.059,82.059,82.059,0.000,82.059,0.000,0.000,0.00,0.0,0.0
acorn-ef256,anticorr_q0085_tau0,anticorr,9900000,0,1,0.1000,0.0000,0.00005,95.348,95.348,95.348,0.000,95.348,0.000,0.000,0.00,0.0,0.0
acorn-ef512,anticorr_q0085_tau0,anticorr,9900000,0,1,0.1000,0.0000,0.00004,114.349,114.349,114.349,0.000,114.349,0.000,0.000,0.00,0.0,0.0
acorn-ef64,anticorr_q0085_tau0.01,anticorr,9899881,0,1,0.7000,0.0000,0.00038,14.820,14.820,14.820,0.000,14.820,0.000,0.000,0.00,0.0,0.0
acorn-ef128,anticorr_q0085_tau0.01,anticorr,9899881,0,1,0.7000,0.0000,0.00038,15.838,15.838,15.838,0.000,15.838,0.000,0.000,0.00,0.0,0.0
acorn-ef256,anticorr_q0085_tau0.01,anticorr,9899881,0,1,1.0000,1.0000,0.00000,21.674,21.674,21.674,0.000,21.674,0.000,0.000,0.00,0.0,0.0
acorn-ef512,anticorr_q0085_tau0.01,anticorr,9899881,0,1,1.0000,1.0000,0.00000,32.303,32.303,32.303,0.000,32.303,0.000,0.000,0.00,0.0,0.0
acorn-ef64,anticorr_q0085_tau0.03,anticorr,9899588,0,1,1.0000,1.0000,0.00000,2.707,2.707,2.707,0.000,2.707,0.000,0.000,0.00,0.0,0.0
acorn-ef128,anticorr_q0085_tau0.03,anticorr,9899588,0,1,1.0000,1.0000,0.00000,1.874,1.874,1.874,0.000,1.874,0.000,0.000,0.00,0.0,0.0
acorn-ef256,anticorr_q0085_tau0.03,anticorr,9899588,0,1,1.0000,1.0000,0.00000,2.785,2.785,2.785,0.000,2.785,0.000,0.000,0.00,0.0,0.0
acorn-ef512,anticorr_q0085_tau0.03,anticorr,9899588,0,1,1.0000,1.0000,0.00000,4.655,4.655,4.655,0.000,4.655,0.000,0.000,0.00,0.0,0.0
acorn-ef64,anticorr_q0095_tau0,anticorr,9900001,0,1,0.0000,0.0000,0.00041,55.900,55.900,55.900,0.000,55.900,0.000,0.000,0.00,0.0,0.0
acorn-ef128,anticorr_q0095_tau0,anticorr,9900001,0,1,0.0000,0.0000,0.00027,71.216,71.216,71.216,0.000,71.216,0.000,0.000,0.00,0.0,0.0
acorn-ef256,anticorr_q0095_tau0,anticorr,9900001,0,1,0.0000,0.0000,0.00008,71.378,71.378,71.378,0.000,71.378,0.000,0.000,0.00,0.0,0.0
acorn-ef512,anticorr_q0095_tau0,anticorr,9900001,0,1,0.1000,0.0000,0.00004,87.965,87.965,87.965,0.000,87.965,0.000,0.000,0.00,0.0,0.0
acorn-ef64,anticorr_q0095_tau0.01,anticorr,9899707,0,1,0.7000,0.0000,0.00112,7.278,7.278,7.278,0.000,7.278,0.000,0.000,0.00,0.0,0.0
acorn-ef128,anticorr_q0095_tau0.01,anticorr,9899707,0,1,0.8000,0.0000,0.00051,6.851,6.851,6.851,0.000,6.851,0.000,0.000,0.00,0.0,0.0
acorn-ef256,anticorr_q0095_tau0.01,anticorr,9899707,0,1,0.8000,0.0000,0.00011,11.517,11.517,11.517,0.000,11.517,0.000,0.000,0.00,0.0,0.0
acorn-ef512,anticorr_q0095_tau0.01,anticorr,9899707,0,1,0.8000,0.0000,0.00011,18.294,18.294,18.294,0.000,18.294,0.000,0.000,0.00,0.0,0.0
acorn-ef64,anticorr_q0095_tau0.03,anticorr,9899770,0,1,0.9000,0.0000,0.00163,2.558,2.558,2.558,0.000,2.558,0.000,0.000,0.00,0.0,0.0
acorn-ef128,anticorr_q0095_tau0.03,anticorr,9899770,0,1,0.9000,0.0000,0.00163,1.756,1.756,1.756,0.000,1.756,0.000,0.000,0.00,0.0,0.0
acorn-ef256,anticorr_q0095_tau0.03,anticorr,9899770,0,1,1.0000,1.0000,0.00000,2.279,2.279,2.279,0.000,2.279,0.000,0.000,0.00,0.0,0.0
acorn-ef512,anticorr_q0095_tau0.03,anticorr,9899770,0,1,1.0000,1.0000,0.00000,4.565,4.565,4.565,0.000,4.565,0.000,0.000,0.00,0.0,0.0
acorn-ef64,anticorr_q0117_tau0,anticorr,9900000,0,1,0.0000,0.0000,0.00051,71.603,71.603,71.603,0.000,71.603,0.000,0.000,0.00,0.0,0.0
acorn-ef128,anticorr_q0117_tau0,anticorr,9900000,0,1,0.0000,0.0000,0.00014,75.640,75.640,75.640,0.000,75.640,0.000,0.000,0.00,0.0,0.0
acorn-ef256,anticorr_q0117_tau0,anticorr,9900000,0,1,0.0000,0.0000,0.00008,89.001,89.001,89.001,0.000,89.001,0.000,0.000,0.00,0.0,0.0
acorn-ef512,anticorr_q0117_tau0,anticorr,9900000,0,1,0.0000,0.0000,0.00003,102.583,102.583,102.583,0.000,102.583,0.000,0.000,0.00,0.0,0.0
acorn-ef64,anticorr_q0117_tau0.01,anticorr,9900126,0,1,0.8000,0.0000,0.00078,10.436,10.436,10.436,0.000,10.436,0.000,0.000,0.00,0.0,0.0
acorn-ef128,anticorr_q0117_tau0.01,anticorr,9900126,0,1,1.0000,1.0000,0.00000,11.165,11.165,11.165,0.000,11.165,0.000,0.000,0.00,0.0,0.0
acorn-ef256,anticorr_q0117_tau0.01,anticorr,9900126,0,1,1.0000,1.0000,0.00000,15.995,15.995,15.995,0.000,15.995,0.000,0.000,0.00,0.0,0.0
acorn-ef512,anticorr_q0117_tau0.01,anticorr,9900126,0,1,1.0000,1.0000,0.00000,24.899,24.899,24.899,0.000,24.899,0.000,0.000,0.00,0.0,0.0
acorn-ef64,anticorr_q0117_tau0.03,anticorr,9900642,0,1,1.0000,1.0000,0.00000,2.426,2.426,2.426,0.000,2.426,0.000,0.000,0.00,0.0,0.0
acorn-ef128,anticorr_q0117_tau0.03,anticorr,9900642,0,1,1.0000,1.0000,0.00000,1.537,1.537,1.537,0.000,1.537,0.000,0.000,0.00,0.0,0.0
acorn-ef256,anticorr_q0117_tau0.03,anticorr,9900642,0,1,1.0000,1.0000,0.00000,2.472,2.472,2.472,0.000,2.472,0.000,0.000,0.00,0.0,0.0
acorn-ef512,anticorr_q0117_tau0.03,anticorr,9900642,0,1,1.0000,1.0000,0.00000,4.252,4.252,4.252,0.000,4.252,0.000,0.000,0.00,0.0,0.0
acorn-ef64,anticorr_q0126_tau0,anticorr,9900000,0,1,0.0000,0.0000,0.00046,69.249,69.249,69.249,0.000,69.249,0.000,0.000,0.00,0.0,0.0
acorn-ef128,anticorr_q0126_tau0,anticorr,9900000,0,1,0.0000,0.0000,0.00024,77.724,77.724,77.724,0.000,77.724,0.000,0.000,0.00,0.0,0.0
acorn-ef256,anticorr_q0126_tau0,anticorr,9900000,0,1,0.0000,0.0000,0.00012,131.823,131.823,131.823,0.000,131.823,0.000,0.000,0.00,0.0,0.0
acorn-ef512,anticorr_q0126_tau0,anticorr,9900000,0,1,0.0000,0.0000,0.00008,95.474,95.474,95.474,0.000,95.474,0.000,0.000,0.00,0.0,0.0
acorn-ef64,anticorr_q0126_tau0.01,anticorr,9900093,0,1,0.9000,0.0000,0.00008,12.920,12.920,12.920,0.000,12.920,0.000,0.000,0.00,0.0,0.0
acorn-ef128,anticorr_q0126_tau0.01,anticorr,9900093,0,1,0.9000,0.0000,0.00008,13.038,13.038,13.038,0.000,13.038,0.000,0.000,0.00,0.0,0.0
acorn-ef256,anticorr_q0126_tau0.01,anticorr,9900093,0,1,0.9000,0.0000,0.00008,18.215,18.215,18.215,0.000,18.215,0.000,0.000,0.00,0.0,0.0
acorn-ef512,anticorr_q0126_tau0.01,anticorr,9900093,0,1,1.0000,1.0000,0.00000,27.665,27.665,27.665,0.000,27.665,0.000,0.000,0.00,0.0,0.0
acorn-ef64,anticorr_q0126_tau0.03,anticorr,9900093,0,1,1.0000,1.0000,0.00000,2.568,2.568,2.568,0.000,2.568,0.000,0.000,0.00,0.0,0.0
acorn-ef128,anticorr_q0126_tau0.03,anticorr,9900093,0,1,1.0000,1.0000,0.00000,2.153,2.153,2.153,0.000,2.153,0.000,0.000,0.00,0.0,0.0
acorn-ef256,anticorr_q0126_tau0.03,anticorr,9900093,0,1,1.0000,1.0000,0.00000,2.770,2.770,2.770,0.000,2.770,0.000,0.000,0.00,0.0,0.0
acorn-ef512,anticorr_q0126_tau0.03,anticorr,9900093,0,1,1.0000,1.0000,0.00000,4.341,4.341,4.341,0.000,4.341,0.000,0.000,0.00,0.0,0.0
acorn-ef64,anticorr_q0139_tau0,anticorr,9900000,0,1,0.0000,0.0000,0.00022,74.467,74.467,74.467,0.000,74.467,0.000,0.000,0.00,0.0,0.0
acorn-ef128,anticorr_q0139_tau0,anticorr,9900000,0,1,0.0000,0.0000,0.00013,78.680,78.680,78.680,0.000,78.680,0.000,0.000,0.00,0.0,0.0
acorn-ef256,anticorr_q0139_tau0,anticorr,9900000,0,1,0.0000,0.0000,0.00010,86.852,86.852,86.852,0.000,86.852,0.000,0.000,0.00,0.0,0.0
acorn-ef512,anticorr_q0139_tau0,anticorr,9900000,0,1,0.1000,0.0000,0.00003,100.718,100.718,100.718,0.000,100.718,0.000,0.000,0.00,0.0,0.0
acorn-ef64,anticorr_q0139_tau0.01,anticorr,9900294,0,1,0.9000,0.0000,0.00009,14.117,14.117,14.117,0.000,14.117,0.000,0.000,0.00,0.0,0.0
acorn-ef128,anticorr_q0139_tau0.01,anticorr,9900294,0,1,0.9000,0.0000,0.00009,15.144,15.144,15.144,0.000,15.144,0.000,0.000,0.00,0.0,0.0
acorn-ef256,anticorr_q0139_tau0.01,anticorr,9900294,0,1,0.9000,0.0000,0.00009,19.465,19.465,19.465,0.000,19.465,0.000,0.000,0.00,0.0,0.0
acorn-ef512,anticorr_q0139_tau0.01,anticorr,9900294,0,1,0.9000,0.0000,0.00009,27.961,27.961,27.961,0.000,27.961,0.000,0.000,0.00,0.0,0.0
acorn-ef64,anticorr_q0139_tau0.03,anticorr,9900438,0,1,0.9000,0.0000,0.00005,2.330,2.330,2.330,0.000,2.330,0.000,0.000,0.00,0.0,0.0
acorn-ef128,anticorr_q0139_tau0.03,anticorr,9900438,0,1,1.0000,1.0000,0.00000,1.450,1.450,1.450,0.000,1.450,0.000,0.000,0.00,0.0,0.0
acorn-ef256,anticorr_q0139_tau0.03,anticorr,9900438,0,1,1.0000,1.0000,0.00000,2.341,2.341,2.341,0.000,2.341,0.000,0.000,0.00,0.0,0.0
acorn-ef512,anticorr_q0139_tau0.03,anticorr,9900438,0,1,1.0000,1.0000,0.00000,4.022,4.022,4.022,0.000,4.022,0.000,0.000,0.00,0.0,0.0
acorn-ef64,anticorr_q0147_tau0,anticorr,9900000,0,1,0.0000,0.0000,0.00032,57.220,57.220,57.220,0.000,57.220,0.000,0.000,0.00,0.0,0.0
acorn-ef128,anticorr_q0147_tau0,anticorr,9900000,0,1,0.0000,0.0000,0.00017,67.731,67.731,67.731,0.000,67.731,0.000,0.000,0.00,0.0,0.0
acorn-ef256,anticorr_q0147_tau0,anticorr,9900000,0,1,0.0000,0.0000,0.00008,75.506,75.506,75.506,0.000,75.506,0.000,0.000,0.00,0.0,0.0
acorn-ef512,anticorr_q0147_tau0,anticorr,9900000,0,1,0.0000,0.0000,0.00003,89.171,89.171,89.171,0.000,89.171,0.000,0.000,0.00,0.0,0.0
acorn-ef64,anticorr_q0147_tau0.01,anticorr,9899755,0,1,0.8000,0.0000,0.00118,13.217,13.217,13.217,0.000,13.217,0.000,0.000,0.00,0.0,0.0
acorn-ef128,anticorr_q0147_tau0.01,anticorr,9899755,0,1,0.8000,0.0000,0.00106,13.085,13.085,13.085,0.000,13.085,0.000,0.000,0.00,0.0,0.0
acorn-ef256,anticorr_q0147_tau0.01,anticorr,9899755,0,1,1.0000,1.0000,0.00000,18.614,18.614,18.614,0.000,18.614,0.000,0.000,0.00,0.0,0.0
acorn-ef512,anticorr_q0147_tau0.01,anticorr,9899755,0,1,1.0000,1.0000,0.00000,25.781,25.781,25.781,0.000,25.781,0.000,0.000,0.00,0.0,0.0
acorn-ef64,anticorr_q0147_tau0.03,anticorr,9900099,0,1,1.0000,1.0000,0.00000,1.442,1.442,1.442,0.000,1.442,0.000,0.000,0.00,0.0,0.0
acorn-ef128,anticorr_q0147_tau0.03,anticorr,9900099,0,1,1.0000,1.0000,0.00000,2.865,2.865,2.865,0.000,2.865,0.000,0.000,0.00,0.0,0.0
acorn-ef256,anticorr_q0147_tau0.03,anticorr,9900099,0,1,1.0000,1.0000,0.00000,2.531,2.531,2.531,0.000,2.531,0.000,0.000,0.00,0.0,0.0
acorn-ef512,anticorr_q0147_tau0.03,anticorr,9900099,0,1,1.0000,1.0000,0.00000,4.877,4.877,4.877,0.000,4.877,0.000,0.000,0.00,0.0,0.0
acorn-ef64,anticorr_q0155_tau0,anticorr,9900000,0,1,0.0000,0.0000,0.00050,46.334,46.334,46.334,0.000,46.334,0.000,0.000,0.00,0.0,0.0
acorn-ef128,anticorr_q0155_tau0,anticorr,9900000,0,1,0.0000,0.0000,0.00027,54.271,54.271,54.271,0.000,54.271,0.000,0.000,0.00,0.0,0.0
acorn-ef256,anticorr_q0155_tau0,anticorr,9900000,0,1,0.0000,0.0000,0.00009,61.988,61.988,61.988,0.000,61.988,0.000,0.000,0.00,0.0,0.0
acorn-ef512,anticorr_q0155_tau0,anticorr,9900000,0,1,0.0000,0.0000,0.00004,79.875,79.875,79.875,0.000,79.875,0.000,0.000,0.00,0.0,0.0
acorn-ef64,anticorr_q0155_tau0.01,anticorr,9900135,0,1,0.5000,0.0000,0.00295,8.729,8.729,8.729,0.000,8.729,0.000,0.000,0.00,0.0,0.0
acorn-ef128,anticorr_q0155_tau0.01,anticorr,9900135,0,1,0.7000,0.0000,0.00126,9.367,9.367,9.367,0.000,9.367,0.000,0.000,0.00,0.0,0.0
acorn-ef256,anticorr_q0155_tau0.01,anticorr,9900135,0,1,0.7000,0.0000,0.00095,15.576,15.576,15.576,0.000,15.576,0.000,0.000,0.00,0.0,0.0
acorn-ef512,anticorr_q0155_tau0.01,anticorr,9900135,0,1,0.9000,0.0000,0.00025,22.013,22.013,22.013,0.000,22.013,0.000,0.000,0.00,0.0,0.0
acorn-ef64,anticorr_q0155_tau0.03,anticorr,9900011,0,1,0.3000,0.0000,0.00804,2.783,2.783,2.783,0.000,2.783,0.000,0.000,0.00,0.0,0.0
acorn-ef128,anticorr_q0155_tau0.03,anticorr,9900011,0,1,0.9000,0.0000,0.00020,1.854,1.854,1.854,0.000,1.854,0.000,0.000,0.00,0.0,0.0
acorn-ef256,anticorr_q0155_tau0.03,anticorr,9900011,0,1,1.0000,1.0000,0.00000,2.812,2.812,2.812,0.000,2.812,0.000,0.000,0.00,0.0,0.0
acorn-ef512,anticorr_q0155_tau0.03,anticorr,9900011,0,1,1.0000,1.0000,0.00000,4.735,4.735,4.735,0.000,4.735,0.000,0.000,0.00,0.0,0.0
acorn-ef64,anticorr_q0157_tau0,anticorr,9900000,0,1,0.0000,0.0000,0.00037,67.029,67.029,67.029,0.000,67.029,0.000,0.000,0.00,0.0,0.0
acorn-ef128,anticorr_q0157_tau0,anticorr,9900000,0,1,0.0000,0.0000,0.00021,75.988,75.988,75.988,0.000,75.988,0.000,0.000,0.00,0.0,0.0
acorn-ef256,anticorr_q0157_tau0,anticorr,9900000,0,1,0.0000,0.0000,0.00014,85.852,85.852,85.852,0.000,85.852,0.000,0.000,0.00,0.0,0.0
acorn-ef512,anticorr_q0157_tau0,anticorr,9900000,0,1,0.0000,0.0000,0.00009,101.119,101.119,101.119,0.000,101.119,0.000,0.000,0.00,0.0,0.0
acorn-ef64,anticorr_q0157_tau0.01,anticorr,9900280,0,1,0.9000,0.0000,0.00005,16.937,16.937,16.937,0.000,16.937,0.000,0.000,0.00,0.0,0.0
acorn-ef128,anticorr_q0157_tau0.01,anticorr,9900280,0,1,0.9000,0.0000,0.00005,18.436,18.436,18.436,0.000,18.436,0.000,0.000,0.00,0.0,0.0
acorn-ef256,anticorr_q0157_tau0.01,anticorr,9900280,0,1,0.9000,0.0000,0.00005,23.986,23.986,23.986,0.000,23.986,0.000,0.000,0.00,0.0,0.0
acorn-ef512,anticorr_q0157_tau0.01,anticorr,9900280,0,1,1.0000,1.0000,0.00000,32.793,32.793,32.793,0.000,32.793,0.000,0.000,0.00,0.0,0.0
acorn-ef64,anticorr_q0157_tau0.03,anticorr,9899453,0,1,0.9000,0.0000,0.00070,2.635,2.635,2.635,0.000,2.635,0.000,0.000,0.00,0.0,0.0
acorn-ef128,anticorr_q0157_tau0.03,anticorr,9899453,0,1,0.9000,0.0000,0.00070,2.227,2.227,2.227,0.000,2.227,0.000,0.000,0.00,0.0,0.0
acorn-ef256,anticorr_q0157_tau0.03,anticorr,9899453,0,1,0.9000,0.0000,0.00070,2.482,2.482,2.482,0.000,2.482,0.000,0.000,0.00,0.0,0.0
acorn-ef512,anticorr_q0157_tau0.03,anticorr,9899453,0,1,1.0000,1.0000,0.00000,4.337,4.337,4.337,0.000,4.337,0.000,0.000,0.00,0.0,0.0
acorn-ef64,anticorr_q0168_tau0,anticorr,9900000,0,1,0.0000,0.0000,0.00027,59.458,59.458,59.458,0.000,59.458,0.000,0.000,0.00,0.0,0.0
acorn-ef128,anticorr_q0168_tau0,anticorr,9900000,0,1,0.0000,0.0000,0.00015,68.572,68.572,68.572,0.000,68.572,0.000,0.000,0.00,0.0,0.0
acorn-ef256,anticorr_q0168_tau0,anticorr,9900000,0,1,0.0000,0.0000,0.00007,88.717,88.717,88.717,0.000,88.717,0.000,0.000,0.00,0.0,0.0
acorn-ef512,anticorr_q0168_tau0,anticorr,9900000,0,1,0.0000,0.0000,0.00005,89.307,89.307,89.307,0.000,89.307,0.000,0.000,0.00,0.0,0.0
acorn-ef64,anticorr_q0168_tau0.01,anticorr,9900108,0,1,0.9000,0.0000,0.00057,12.828,12.828,12.828,0.000,12.828,0.000,0.000,0.00,0.0,0.0
acorn-ef128,anticorr_q0168_tau0.01,anticorr,9900108,0,1,1.0000,1.0000,0.00000,13.003,13.003,13.003,0.000,13.003,0.000,0.000,0.00,0.0,0.0
acorn-ef256,anticorr_q0168_tau0.01,anticorr,9900108,0,1,1.0000,1.0000,0.00000,17.606,17.606,17.606,0.000,17.606,0.000,0.000,0.00,0.0,0.0
acorn-ef512,anticorr_q0168_tau0.01,anticorr,9900108,0,1,1.0000,1.0000,0.00000,23.271,23.271,23.271,0.000,23.271,0.000,0.000,0.00,0.0,0.0
acorn-ef64,anticorr_q0168_tau0.03,anticorr,9899404,0,1,0.9000,0.0000,0.00009,2.695,2.695,2.695,0.000,2.695,0.000,0.000,0.00,0.0,0.0
acorn-ef128,anticorr_q0168_tau0.03,anticorr,9899404,0,1,0.9000,0.0000,0.00009,2.012,2.012,2.012,0.000,2.012,0.000,0.000,0.00,0.0,0.0
acorn-ef256,anticorr_q0168_tau0.03,anticorr,9899404,0,1,1.0000,1.0000,0.00000,2.866,2.866,2.866,0.000,2.866,0.000,0.000,0.00,0.0,0.0
acorn-ef512,anticorr_q0168_tau0.03,anticorr,9899404,0,1,1.0000,1.0000,0.00000,4.333,4.333,4.333,0.000,4.333,0.000,0.000,0.00,0.0,0.0
acorn-ef64,anticorr_q0183_tau0,anticorr,9900000,0,1,0.0000,0.0000,0.00039,70.877,70.877,70.877,0.000,70.877,0.000,0.000,0.00,0.0,0.0
acorn-ef128,anticorr_q0183_tau0,anticorr,9900000,0,1,0.0000,0.0000,0.00012,77.990,77.990,77.990,0.000,77.990,0.000,0.000,0.00,0.0,0.0
acorn-ef256,anticorr_q0183_tau0,anticorr,9900000,0,1,0.0000,0.0000,0.00007,92.503,92.503,92.503,0.000,92.503,0.000,0.000,0.00,0.0,0.0
acorn-ef512,anticorr_q0183_tau0,anticorr,9900000,0,1,0.0000,0.0000,0.00004,104.812,104.812,104.812,0.000,104.812,0.000,0.000,0.00,0.0,0.0
acorn-ef64,anticorr_q0183_tau0.01,anticorr,9899334,0,1,0.7000,0.0000,0.00042,16.616,16.616,16.616,0.000,16.616,0.000,0.000,0.00,0.0,0.0
acorn-ef128,anticorr_q0183_tau0.01,anticorr,9899334,0,1,0.9000,0.0000,0.00028,17.545,17.545,17.545,0.000,17.545,0.000,0.000,0.00,0.0,0.0
acorn-ef256,anticorr_q0183_tau0.01,anticorr,9899334,0,1,1.0000,1.0000,0.00000,23.909,23.909,23.909,0.000,23.909,0.000,0.000,0.00,0.0,0.0
acorn-ef512,anticorr_q0183_tau0.01,anticorr,9899334,0,1,1.0000,1.0000,0.00000,33.720,33.720,33.720,0.000,33.720,0.000,0.000,0.00,0.0,0.0
acorn-ef64,anticorr_q0183_tau0.03,anticorr,9900136,0,1,0.9000,0.0000,0.00061,2.764,2.764,2.764,0.000,2.764,0.000,0.000,0.00,0.0,0.0
acorn-ef128,anticorr_q0183_tau0.03,anticorr,9900136,0,1,0.9000,0.0000,0.00061,2.472,2.472,2.472,0.000,2.472,0.000,0.000,0.00,0.0,0.0
acorn-ef256,anticorr_q0183_tau0.03,anticorr,9900136,0,1,1.0000,1.0000,0.00000,3.280,3.280,3.280,0.000,3.280,0.000,0.000,0.00,0.0,0.0
acorn-ef512,anticorr_q0183_tau0.03,anticorr,9900136,0,1,1.0000,1.0000,0.00000,5.318,5.318,5.318,0.000,5.318,0.000,0.000,0.00,0.0,0.0
acorn-ef64,anticorr_q0184_tau0,anticorr,9900002,0,1,0.0000,0.0000,0.00032,63.714,63.714,63.714,0.000,63.714,0.000,0.000,0.00,0.0,0.0
acorn-ef128,anticorr_q0184_tau0,anticorr,9900002,0,1,0.0000,0.0000,0.00014,72.158,72.158,72.158,0.000,72.158,0.000,0.000,0.00,0.0,0.0
acorn-ef256,anticorr_q0184_tau0,anticorr,9900002,0,1,0.0000,0.0000,0.00007,83.604,83.604,83.604,0.000,83.604,0.000,0.000,0.00,0.0,0.0
acorn-ef512,anticorr_q0184_tau0,anticorr,9900002,0,1,0.2000,0.0000,0.00003,101.801,101.801,101.801,0.000,101.801,0.000,0.000,0.00,0.0,0.0
acorn-ef64,anticorr_q0184_tau0.01,anticorr,9899929,0,1,0.8000,0.0000,0.00079,10.244,10.244,10.244,0.000,10.244,0.000,0.000,0.00,0.0,0.0
acorn-ef128,anticorr_q0184_tau0.01,anticorr,9899929,0,1,0.9000,0.0000,0.00025,10.418,10.418,10.418,0.000,10.418,0.000,0.000,0.00,0.0,0.0
acorn-ef256,anticorr_q0184_tau0.01,anticorr,9899929,0,1,0.9000,0.0000,0.00013,15.213,15.213,15.213,0.000,15.213,0.000,0.000,0.00,0.0,0.0
acorn-ef512,anticorr_q0184_tau0.01,anticorr,9899929,0,1,1.0000,1.0000,0.00000,22.792,22.792,22.792,0.000,22.792,0.000,0.000,0.00,0.0,0.0
acorn-ef64,anticorr_q0184_tau0.03,anticorr,9900225,0,1,1.0000,1.0000,0.00000,2.814,2.814,2.814,0.000,2.814,0.000,0.000,0.00,0.0,0.0
acorn-ef128,anticorr_q0184_tau0.03,anticorr,9900225,0,1,1.0000,1.0000,0.00000,1.873,1.873,1.873,0.000,1.873,0.000,0.000,0.00,0.0,0.0
acorn-ef256,anticorr_q0184_tau0.03,anticorr,9900225,0,1,1.0000,1.0000,0.00000,2.655,2.655,2.655,0.000,2.655,0.000,0.000,0.00,0.0,0.0
acorn-ef512,anticorr_q0184_tau0.03,anticorr,9900225,0,1,1.0000,1.0000,0.00000,4.246,4.246,4.246,0.000,4.246,0.000,0.000,0.00,0.0,0.0
acorn-ef64,anticorr_q0185_tau0,anticorr,9900000,0,1,0.0000,0.0000,0.00037,58.743,58.743,58.743,0.000,58.743,0.000,0.000,0.00,0.0,0.0
acorn-ef128,anticorr_q0185_tau0,anticorr,9900000,0,1,0.0000,0.0000,0.00014,64.740,64.740,64.740,0.000,64.740,0.000,0.000,0.00,0.0,0.0
acorn-ef256,anticorr_q0185_tau0,anticorr,9900000,0,1,0.0000,0.0000,0.00009,75.067,75.067,75.067,0.000,75.067,0.000,0.000,0.00,0.0,0.0
acorn-ef512,anticorr_q0185_tau0,anticorr,9900000,0,1,0.0000,0.0000,0.00005,86.425,86.425,86.425,0.000,86.425,0.000,0.000,0.00,0.0,0.0
acorn-ef64,anticorr_q0185_tau0.01,anticorr,9900267,0,1,0.9000,0.0000,0.00014,14.725,14.725,14.725,0.000,14.725,0.000,0.000,0.00,0.0,0.0
acorn-ef128,anticorr_q0185_tau0.01,anticorr,9900267,0,1,0.9000,0.0000,0.00014,15.347,15.347,15.347,0.000,15.347,0.000,0.000,0.00,0.0,0.0
acorn-ef256,anticorr_q0185_tau0.01,anticorr,9900267,0,1,1.0000,1.0000,0.00000,20.060,20.060,20.060,0.000,20.060,0.000,0.000,0.00,0.0,0.0
acorn-ef512,anticorr_q0185_tau0.01,anticorr,9900267,0,1,1.0000,1.0000,0.00000,27.042,27.042,27.042,0.000,27.042,0.000,0.000,0.00,0.0,0.0
acorn-ef64,anticorr_q0185_tau0.03,anticorr,9900343,0,1,1.0000,1.0000,0.00000,3.032,3.032,3.032,0.000,3.032,0.000,0.000,0.00,0.0,0.0
acorn-ef128,anticorr_q0185_tau0.03,anticorr,9900343,0,1,1.0000,1.0000,0.00000,2.016,2.016,2.016,0.000,2.016,0.000,0.000,0.00,0.0,0.0
acorn-ef256,anticorr_q0185_tau0.03,anticorr,9900343,0,1,1.0000,1.0000,0.00000,3.122,3.122,3.122,0.000,3.122,0.000,0.000,0.00,0.0,0.0
acorn-ef512,anticorr_q0185_tau0.03,anticorr,9900343,0,1,1.0000,1.0000,0.00000,4.684,4.684,4.684,0.000,4.684,0.000,0.000,0.00,0.0,0.0
acorn-ef64,anticorr_q0211_tau0,anticorr,9900000,0,1,0.0000,0.0000,0.00025,70.528,70.528,70.528,0.000,70.528,0.000,0.000,0.00,0.0,0.0
acorn-ef128,anticorr_q0211_tau0,anticorr,9900000,0,1,0.0000,0.0000,0.00014,79.384,79.384,79.384,0.000,79.384,0.000,0.000,0.00,0.0,0.0
acorn-ef256,anticorr_q0211_tau0,anticorr,9900000,0,1,0.0000,0.0000,0.00004,89.812,89.812,89.812,0.000,89.812,0.000,0.000,0.00,0.0,0.0
acorn-ef512,anticorr_q0211_tau0,anticorr,9900000,0,1,0.0000,0.0000,0.00003,104.292,104.292,104.292,0.000,104.292,0.000,0.000,0.00,0.0,0.0
acorn-ef64,anticorr_q0211_tau0.01,anticorr,9899733,0,1,1.0000,1.0000,0.00000,16.010,16.010,16.010,0.000,16.010,0.000,0.000,0.00,0.0,0.0
acorn-ef128,anticorr_q0211_tau0.01,anticorr,9899733,0,1,1.0000,1.0000,0.00000,16.479,16.479,16.479,0.000,16.479,0.000,0.000,0.00,0.0,0.0
acorn-ef256,anticorr_q0211_tau0.01,anticorr,9899733,0,1,1.0000,1.0000,0.00000,21.914,21.914,21.914,0.000,21.914,0.000,0.000,0.00,0.0,0.0
acorn-ef512,anticorr_q0211_tau0.01,anticorr,9899733,0,1,1.0000,1.0000,0.00000,30.370,30.370,30.370,0.000,30.370,0.000,0.000,0.00,0.0,0.0
acorn-ef64,anticorr_q0211_tau0.03,anticorr,9899761,0,1,1.0000,1.0000,0.00000,2.304,2.304,2.304,0.000,2.304,0.000,0.000,0.00,0.0,0.0
acorn-ef128,anticorr_q0211_tau0.03,anticorr,9899761,0,1,1.0000,1.0000,0.00000,2.827,2.827,2.827,0.000,2.827,0.000,0.000,0.00,0.0,0.0
acorn-ef256,anticorr_q0211_tau0.03,anticorr,9899761,0,1,1.0000,1.0000,0.00000,3.866,3.866,3.866,0.000,3.866,0.000,0.000,0.00,0.0,0.0
acorn-ef512,anticorr_q0211_tau0.03,anticorr,9899761,0,1,1.0000,1.0000,0.00000,5.649,5.649,5.649,0.000,5.649,0.000,0.000,0.00,0.0,0.0
acorn-ef64,anticorr_q0221_tau0,anticorr,9900000,0,1,0.0000,0.0000,0.00026,56.956,56.956,56.956,0.000,56.956,0.000,0.000,0.00,0.0,0.0
acorn-ef128,anticorr_q0221_tau0,anticorr,9900000,0,1,0.0000,0.0000,0.00008,65.230,65.230,65.230,0.000,65.230,0.000,0.000,0.00,0.0,0.0
acorn-ef256,anticorr_q0221_tau0,anticorr,9900000,0,1,0.0000,0.0000,0.00005,78.038,78.038,78.038,0.000,78.038,0.000,0.000,0.00,0.0,0.0
acorn-ef512,anticorr_q0221_tau0,anticorr,9900000,0,1,0.0000,0.0000,0.00004,95.035,95.035,95.035,0.000,95.035,0.000,0.000,0.00,0.0,0.0
acorn-ef64,anticorr_q0221_tau0.01,anticorr,9900215,0,1,0.9000,0.0000,0.00033,9.934,9.934,9.934,0.000,9.934,0.000,0.000,0.00,0.0,0.0
acorn-ef128,anticorr_q0221_tau0.01,anticorr,9900215,0,1,0.9000,0.0000,0.00033,10.411,10.411,10.411,0.000,10.411,0.000,0.000,0.00,0.0,0.0
acorn-ef256,anticorr_q0221_tau0.01,anticorr,9900215,0,1,1.0000,1.0000,0.00000,15.863,15.863,15.863,0.000,15.863,0.000,0.000,0.00,0.0,0.0
acorn-ef512,anticorr_q0221_tau0.01,anticorr,9900215,0,1,1.0000,1.0000,0.00000,22.970,22.970,22.970,0.000,22.970,0.000,0.000,0.00,0.0,0.0
acorn-ef64,anticorr_q0221_tau0.03,anticorr,9900077,0,1,1.0000,1.0000,0.00000,2.365,2.365,2.365,0.000,2.365,0.000,0.000,0.00,0.0,0.0
acorn-ef128,anticorr_q0221_tau0.03,anticorr,9900077,0,1,1.0000,1.0000,0.00000,1.757,1.757,1.757,0.000,1.757,0.000,0.000,0.00,0.0,0.0
acorn-ef256,anticorr_q0221_tau0.03,anticorr,9900077,0,1,1.0000,1.0000,0.00000,2.626,2.626,2.626,0.000,2.626,0.000,0.000,0.00,0.0,0.0
acorn-ef512,anticorr_q0221_tau0.03,anticorr,9900077,0,1,1.0000,1.0000,0.00000,4.670,4.670,4.670,0.000,4.670,0.000,0.000,0.00,0.0,0.0
acorn-ef64,anticorr_q0238_tau0,anticorr,9900000,0,1,0.0000,0.0000,0.00035,51.384,51.384,51.384,0.000,51.384,0.000,0.000,0.00,0.0,0.0
acorn-ef128,anticorr_q0238_tau0,anticorr,9900000,0,1,0.0000,0.0000,0.00014,54.762,54.762,54.762,0.000,54.762,0.000,0.000,0.00,0.0,0.0
acorn-ef256,anticorr_q0238_tau0,anticorr,9900000,0,1,0.0000,0.0000,0.00006,62.400,62.400,62.400,0.000,62.400,0.000,0.000,0.00,0.0,0.0
acorn-ef512,anticorr_q0238_tau0,anticorr,9900000,0,1,0.1000,0.0000,0.00004,76.812,76.812,76.812,0.000,76.812,0.000,0.000,0.00,0.0,0.0
acorn-ef64,anticorr_q0238_tau0.01,anticorr,9899861,0,1,1.0000,1.0000,0.00000,8.300,8.300,8.300,0.000,8.300,0.000,0.000,0.00,0.0,0.0
acorn-ef128,anticorr_q0238_tau0.01,anticorr,9899861,0,1,1.0000,1.0000,0.00000,7.968,7.968,7.968,0.000,7.968,0.000,0.000,0.00,0.0,0.0
acorn-ef256,anticorr_q0238_tau0.01,anticorr,9899861,0,1,1.0000,1.0000,0.00000,10.799,10.799,10.799,0.000,10.799,0.000,0.000,0.00,0.0,0.0
acorn-ef512,anticorr_q0238_tau0.01,anticorr,9899861,0,1,1.0000,1.0000,0.00000,15.901,15.901,15.901,0.000,15.901,0.000,0.000,0.00,0.0,0.0
acorn-ef64,anticorr_q0238_tau0.03,anticorr,9900075,0,1,1.0000,1.0000,0.00000,2.680,2.680,2.680,0.000,2.680,0.000,0.000,0.00,0.0,0.0
acorn-ef128,anticorr_q0238_tau0.03,anticorr,9900075,0,1,1.0000,1.0000,0.00000,1.693,1.693,1.693,0.000,1.693,0.000,0.000,0.00,0.0,0.0
acorn-ef256,anticorr_q0238_tau0.03,anticorr,9900075,0,1,1.0000,1.0000,0.00000,2.069,2.069,2.069,0.000,2.069,0.000,0.000,0.00,0.0,0.0
acorn-ef512,anticorr_q0238_tau0.03,anticorr,9900075,0,1,1.0000,1.0000,0.00000,3.541,3.541,3.541,0.000,3.541,0.000,0.000,0.00,0.0,0.0
acorn-ef64,anticorr_q0259_tau0,anticorr,9900001,0,1,0.0000,0.0000,0.00013,59.772,59.772,59.772,0.000,59.772,0.000,0.000,0.00,0.0,0.0
acorn-ef128,anticorr_q0259_tau0,anticorr,9900001,0,1,0.0000,0.0000,0.00009,65.777,65.777,65.777,0.000,65.777,0.000,0.000,0.00,0.0,0.0
acorn-ef256,anticorr_q0259_tau0,anticorr,9900001,0,1,0.0000,0.0000,0.00005,75.942,75.942,75.942,0.000,75.942,0.000,0.000,0.00,0.0,0.0
acorn-ef512,anticorr_q0259_tau0,anticorr,9900001,0,1,0.0000,0.0000,0.00004,105.056,105.056,105.056,0.000,105.056,0.000,0.000,0.00,0.0,0.0
acorn-ef64,anticorr_q0259_tau0.01,anticorr,9899695,0,1,0.7000,0.0000,0.00063,9.733,9.733,9.733,0.000,9.733,0.000,0.000,0.00,0.0,0.0
acorn-ef128,anticorr_q0259_tau0.01,anticorr,9899695,0,1,0.7000,0.0000,0.00063,9.596,9.596,9.596,0.000,9.596,0.000,0.000,0.00,0.0,0.0
acorn-ef256,anticorr_q0259_tau0.01,anticorr,9899695,0,1,0.9000,0.0000,0.00003,13.690,13.690,13.690,0.000,13.690,0.000,0.000,0.00,0.0,0.0
acorn-ef512,anticorr_q0259_tau0.01,anticorr,9899695,0,1,1.0000,1.0000,0.00000,20.516,20.516,20.516,0.000,20.516,0.000,0.000,0.00,0.0,0.0
acorn-ef64,anticorr_q0259_tau0.03,anticorr,9900271,0,1,1.0000,1.0000,0.00000,3.093,3.093,3.093,0.000,3.093,0.000,0.000,0.00,0.0,0.0
acorn-ef128,anticorr_q0259_tau0.03,anticorr,9900271,0,1,1.0000,1.0000,0.00000,1.956,1.956,1.956,0.000,1.956,0.000,0.000,0.00,0.0,0.0
acorn-ef256,anticorr_q0259_tau0.03,anticorr,9900271,0,1,1.0000,1.0000,0.00000,2.714,2.714,2.714,0.000,2.714,0.000,0.000,0.00,0.0,0.0
acorn-ef512,anticorr_q0259_tau0.03,anticorr,9900271,0,1,1.0000,1.0000,0.00000,4.686,4.686,4.686,0.000,4.686,0.000,0.000,0.00,0.0,0.0
acorn-ef64,anticorr_q0287_tau0,anticorr,9900000,0,1,0.0000,0.0000,0.00035,41.420,41.420,41.420,0.000,41.420,0.000,0.000,0.00,0.0,0.0
acorn-ef128,anticorr_q0287_tau0,anticorr,9900000,0,1,0.0000,0.0000,0.00018,47.396,47.396,47.396,0.000,47.396,0.000,0.000,0.00,0.0,0.0
acorn-ef256,anticorr_q0287_tau0,anticorr,9900000,0,1,0.0000,0.0000,0.00009,59.623,59.623,59.623,0.000,59.623,0.000,0.000,0.00,0.0,0.0
acorn-ef512,anticorr_q0287_tau0,anticorr,9900000,0,1,0.0000,0.0000,0.00005,74.692,74.692,74.692,0.000,74.692,0.000,0.000,0.00,0.0,0.0
acorn-ef64,anticorr_q0287_tau0.01,anticorr,9899924,0,1,0.5000,0.0000,0.00212,7.424,7.424,7.424,0.000,7.424,0.000,0.000,0.00,0.0,0.0
acorn-ef128,anticorr_q0287_tau0.01,anticorr,9899924,0,1,0.7000,0.0000,0.00148,7.231,7.231,7.231,0.000,7.231,0.000,0.000,0.00,0.0,0.0
acorn-ef256,anticorr_q0287_tau0.01,anticorr,9899924,0,1,0.8000,0.0000,0.00133,10.553,10.553,10.553,0.000,10.553,0.000,0.000,0.00,0.0,0.0
acorn-ef512,anticorr_q0287_tau0.01,anticorr,9899924,0,1,0.9000,0.0000,0.00084,16.571,16.571,16.571,0.000,16.571,0.000,0.000,0.00,0.0,0.0
acorn-ef64,anticorr_q0287_tau0.03,anticorr,9900818,0,1,1.0000,1.0000,0.00000,3.898,3.898,3.898,0.000,3.898,0.000,0.000,0.00,0.0,0.0
acorn-ef128,anticorr_q0287_tau0.03,anticorr,9900818,0,1,1.0000,1.0000,0.00000,1.405,1.405,1.405,0.000,1.405,0.000,0.000,0.00,0.0,0.0
acorn-ef256,anticorr_q0287_tau0.03,anticorr,9900818,0,1,1.0000,1.0000,0.00000,2.716,2.716,2.716,0.000,2.716,0.000,0.000,0.00,0.0,0.0
acorn-ef512,anticorr_q0287_tau0.03,anticorr,9900818,0,1,1.0000,1.0000,0.00000,3.894,3.894,3.894,0.000,3.894,0.000,0.000,0.00,0.0,0.0
acorn-ef64,anticorr_q0308_tau0,anticorr,9900000,0,1,0.0000,0.0000,0.00032,57.951,57.951,57.951,0.000,57.951,0.000,0.000,0.00,0.0,0.0
acorn-ef128,anticorr_q0308_tau0,anticorr,9900000,0,1,0.0000,0.0000,0.00016,64.191,64.191,64.191,0.000,64.191,0.000,0.000,0.00,0.0,0.0
acorn-ef256,anticorr_q0308_tau0,anticorr,9900000,0,1,0.0000,0.0000,0.00006,73.618,73.618,73.618,0.000,73.618,0.000,0.000,0.00,0.0,0.0
acorn-ef512,anticorr_q0308_tau0,anticorr,9900000,0,1,0.0000,0.0000,0.00003,89.545,89.545,89.545,0.000,89.545,0.000,0.000,0.00,0.0,0.0
acorn-ef64,anticorr_q0308_tau0.01,anticorr,9900426,0,1,0.7000,0.0000,0.00081,8.747,8.747,8.747,0.000,8.747,0.000,0.000,0.00,0.0,0.0
acorn-ef128,anticorr_q0308_tau0.01,anticorr,9900426,0,1,0.9000,0.0000,0.00010,8.439,8.439,8.439,0.000,8.439,0.000,0.000,0.00,0.0,0.0
acorn-ef256,anticorr_q0308_tau0.01,anticorr,9900426,0,1,1.0000,1.0000,0.00000,13.170,13.170,13.170,0.000,13.170,0.000,0.000,0.00,0.0,0.0
acorn-ef512,anticorr_q0308_tau0.01,anticorr,9900426,0,1,1.0000,1.0000,0.00000,19.698,19.698,19.698,0.000,19.698,0.000,0.000,0.00,0.0,0.0
acorn-ef64,anticorr_q0308_tau0.03,anticorr,9899801,0,1,1.0000,1.0000,0.00000,2.545,2.545,2.545,0.000,2.545,0.000,0.000,0.00,0.0,0.0
acorn-ef128,anticorr_q0308_tau0.03,anticorr,9899801,0,1,1.0000,1.0000,0.00000,1.295,1.295,1.295,0.000,1.295,0.000,0.000,0.00,0.0,0.0
acorn-ef256,anticorr_q0308_tau0.03,anticorr,9899801,0,1,1.0000,1.0000,0.00000,2.211,2.211,2.211,0.000,2.211,0.000,0.000,0.00,0.0,0.0
acorn-ef512,anticorr_q0308_tau0.03,anticorr,9899801,0,1,1.0000,1.0000,0.00000,3.850,3.850,3.850,0.000,3.850,0.000,0.000,0.00,0.0,0.0
acorn-ef64,anticorr_q0314_tau0,anticorr,9900000,0,1,0.0000,0.0000,0.00027,59.108,59.108,59.108,0.000,59.108,0.000,0.000,0.00,0.0,0.0
acorn-ef128,anticorr_q0314_tau0,anticorr,9900000,0,1,0.0000,0.0000,0.00020,65.727,65.727,65.727,0.000,65.727,0.000,0.000,0.00,0.0,0.0
acorn-ef256,anticorr_q0314_tau0,anticorr,9900000,0,1,0.0000,0.0000,0.00009,79.147,79.147,79.147,0.000,79.147,0.000,0.000,0.00,0.0,0.0
acorn-ef512,anticorr_q0314_tau0,anticorr,9900000,0,1,0.0000,0.0000,0.00003,94.664,94.664,94.664,0.000,94.664,0.000,0.000,0.00,0.0,0.0
acorn-ef64,anticorr_q0314_tau0.01,anticorr,9900146,0,1,0.9000,0.0000,0.00006,10.605,10.605,10.605,0.000,10.605,0.000,0.000,0.00,0.0,0.0
acorn-ef128,anticorr_q0314_tau0.01,anticorr,9900146,0,1,1.0000,1.0000,0.00000,11.899,11.899,11.899,0.000,11.899,0.000,0.000,0.00,0.0,0.0
acorn-ef256,anticorr_q0314_tau0.01,anticorr,9900146,0,1,1.0000,1.0000,0.00000,17.084,17.084,17.084,0.000,17.084,0.000,0.000,0.00,0.0,0.0
acorn-ef512,anticorr_q0314_tau0.01,anticorr,9900146,0,1,1.0000,1.0000,0.00000,24.994,24.994,24.994,0.000,24.994,0.000,0.000,0.00,0.0,0.0
acorn-ef64,anticorr_q0314_tau0.03,anticorr,9899754,0,1,0.9000,0.0000,0.00029,2.218,2.218,2.218,0.000,2.218,0.000,0.000,0.00,0.0,0.0
acorn-ef128,anticorr_q0314_tau0.03,anticorr,9899754,0,1,1.0000,1.0000,0.00000,1.917,1.917,1.917,0.000,1.917,0.000,0.000,0.00,0.0,0.0
acorn-ef256,anticorr_q0314_tau0.03,anticorr,9899754,0,1,1.0000,1.0000,0.00000,3.533,3.533,3.533,0.000,3.533,0.000,0.000,0.00,0.0,0.0
acorn-ef512,anticorr_q0314_tau0.03,anticorr,9899754,0,1,1.0000,1.0000,0.00000,6.017,6.017,6.017,0.000,6.017,0.000,0.000,0.00,0.0,0.0
acorn-ef64,anticorr_q0322_tau0,anticorr,9900000,0,1,0.0000,0.0000,0.00028,61.821,61.821,61.821,0.000,61.821,0.000,0.000,0.00,0.0,0.0
acorn-ef128,anticorr_q0322_tau0,anticorr,9900000,0,1,0.0000,0.0000,0.00016,69.890,69.890,69.890,0.000,69.890,0.000,0.000,0.00,0.0,0.0
acorn-ef256,anticorr_q0322_tau0,anticorr,9900000,0,1,0.0000,0.0000,0.00009,80.875,80.875,80.875,0.000,80.875,0.000,0.000,0.00,0.0,0.0
acorn-ef512,anticorr_q0322_tau0,anticorr,9900000,0,1,0.0000,0.0000,0.00003,94.285,94.285,94.285,0.000,94.285,0.000,0.000,0.00,0.0,0.0
acorn-ef64,anticorr_q0322_tau0.01,anticorr,9900109,0,1,1.0000,1.0000,0.00000,12.304,12.304,12.304,0.000,12.304,0.000,0.000,0.00,0.0,0.0
acorn-ef128,anticorr_q0322_tau0.01,anticorr,9900109,0,1,1.0000,1.0000,0.00000,12.964,12.964,12.964,0.000,12.964,0.000,0.000,0.00,0.0,0.0
acorn-ef256,anticorr_q0322_tau0.01,anticorr,9900109,0,1,1.0000,1.0000,0.00000,17.719,17.719,17.719,0.000,17.719,0.000,0.000,0.00,0.0,0.0
acorn-ef512,anticorr_q0322_tau0.01,anticorr,9900109,0,1,1.0000,1.0000,0.00000,25.053,25.053,25.053,0.000,25.053,0.000,0.000,0.00,0.0,0.0
acorn-ef64,anticorr_q0322_tau0.03,anticorr,9899480,0,1,1.0000,1.0000,0.00000,2.164,2.164,2.164,0.000,2.164,0.000,0.000,0.00,0.0,0.0
acorn-ef128,anticorr_q0322_tau0.03,anticorr,9899480,0,1,1.0000,1.0000,0.00000,1.033,1.033,1.033,0.000,1.033,0.000,0.000,0.00,0.0,0.0
acorn-ef256,anticorr_q0322_tau0.03,anticorr,9899480,0,1,1.0000,1.0000,0.00000,2.021,2.021,2.021,0.000,2.021,0.000,0.000,0.00,0.0,0.0
acorn-ef512,anticorr_q0322_tau0.03,anticorr,9899480,0,1,1.0000,1.0000,0.00000,3.240,3.240,3.240,0.000,3.240,0.000,0.000,0.00,0.0,0.0
acorn-ef64,anticorr_q0334_tau0,anticorr,9900002,0,1,0.0000,0.0000,0.00017,65.378,65.378,65.378,0.000,65.378,0.000,0.000,0.00,0.0,0.0
acorn-ef128,anticorr_q0334_tau0,anticorr,9900002,0,1,0.0000,0.0000,0.00011,72.869,72.869,72.869,0.000,72.869,0.000,0.000,0.00,0.0,0.0
acorn-ef256,anticorr_q0334_tau0,anticorr,9900002,0,1,0.0000,0.0000,0.00007,91.893,91.893,91.893,0.000,91.893,0.000,0.000,0.00,0.0,0.0
acorn-ef512,anticorr_q0334_tau0,anticorr,9900002,0,1,0.0000,0.0000,0.00004,116.425,116.425,116.425,0.000,116.425,0.000,0.000,0.00,0.0,0.0
acorn-ef64,anticorr_q0334_tau0.01,anticorr,9899707,0,1,0.8000,0.0000,0.00050,13.262,13.262,13.262,0.000,13.262,0.000,0.000,0.00,0.0,0.0
acorn-ef128,anticorr_q0334_tau0.01,anticorr,9899707,0,1,1.0000,1.0000,0.00000,12.881,12.881,12.881,0.000,12.881,0.000,0.000,0.00,0.0,0.0
acorn-ef256,anticorr_q0334_tau0.01,anticorr,9899707,0,1,1.0000,1.0000,0.00000,18.490,18.490,18.490,0.000,18.490,0.000,0.000,0.00,0.0,0.0
acorn-ef512,anticorr_q0334_tau0.01,anticorr,9899707,0,1,1.0000,1.0000,0.00000,26.549,26.549,26.549,0.000,26.549,0.000,0.000,0.00,0.0,0.0
acorn-ef64,anticorr_q0334_tau0.03,anticorr,9900192,0,1,1.0000,1.0000,0.00000,2.559,2.559,2.559,0.000,2.559,0.000,0.000,0.00,0.0,0.0
acorn-ef128,anticorr_q0334_tau0.03,anticorr,9900192,0,1,1.0000,1.0000,0.00000,1.602,1.602,1.602,0.000,1.602,0.000,0.000,0.00,0.0,0.0
acorn-ef256,anticorr_q0334_tau0.03,anticorr,9900192,0,1,1.0000,1.0000,0.00000,2.614,2.614,2.614,0.000,2.614,0.000,0.000,0.00,0.0,0.0
acorn-ef512,anticorr_q0334_tau0.03,anticorr,9900192,0,1,1.0000,1.0000,0.00000,4.022,4.022,4.022,0.000,4.022,0.000,0.000,0.00,0.0,0.0
acorn-ef64,anticorr_q0341_tau0,anticorr,9900000,0,1,0.0000,0.0000,0.00031,64.881,64.881,64.881,0.000,64.881,0.000,0.000,0.00,0.0,0.0
acorn-ef128,anticorr_q0341_tau0,anticorr,9900000,0,1,0.0000,0.0000,0.00013,71.379,71.379,71.379,0.000,71.379,0.000,0.000,0.00,0.0,0.0
acorn-ef256,anticorr_q0341_tau0,anticorr,9900000,0,1,0.0000,0.0000,0.00007,85.318,85.318,85.318,0.000,85.318,0.000,0.000,0.00,0.0,0.0
acorn-ef512,anticorr_q0341_tau0,anticorr,9900000,0,1,0.0000,0.0000,0.00005,99.866,99.866,99.866,0.000,99.866,0.000,0.000,0.00,0.0,0.0
acorn-ef64,anticorr_q0341_tau0.01,anticorr,9899869,0,1,0.6000,0.0000,0.00193,10.761,10.761,10.761,0.000,10.761,0.000,0.000,0.00,0.0,0.0
acorn-ef128,anticorr_q0341_tau0.01,anticorr,9899869,0,1,1.0000,1.0000,0.00000,11.842,11.842,11.842,0.000,11.842,0.000,0.000,0.00,0.0,0.0
acorn-ef256,anticorr_q0341_tau0.01,anticorr,9899869,0,1,1.0000,1.0000,0.00000,17.091,17.091,17.091,0.000,17.091,0.000,0.000,0.00,0.0,0.0
acorn-ef512,anticorr_q0341_tau0.01,anticorr,9899869,0,1,1.0000,1.0000,0.00000,25.907,25.907,25.907,0.000,25.907,0.000,0.000,0.00,0.0,0.0
acorn-ef64,anticorr_q0341_tau0.03,anticorr,9899690,0,1,1.0000,1.0000,0.00000,2.014,2.014,2.014,0.000,2.014,0.000,0.000,0.00,0.0,0.0
acorn-ef128,anticorr_q0341_tau0.03,anticorr,9899690,0,1,1.0000,1.0000,0.00000,1.781,1.781,1.781,0.000,1.781,0.000,0.000,0.00,0.0,0.0
acorn-ef256,anticorr_q0341_tau0.03,anticorr,9899690,0,1,1.0000,1.0000,0.00000,2.969,2.969,2.969,0.000,2.969,0.000,0.000,0.00,0.0,0.0
acorn-ef512,anticorr_q0341_tau0.03,anticorr,9899690,0,1,1.0000,1.0000,0.00000,4.367,4.367,4.367,0.000,4.367,0.000,0.000,0.00,0.0,0.0
acorn-ef64,anticorr_q0346_tau0,anticorr,9900000,0,1,0.0000,0.0000,0.00025,56.264,56.264,56.264,0.000,56.264,0.000,0.000,0.00,0.0,0.0
acorn-ef128,anticorr_q0346_tau0,anticorr,9900000,0,1,0.0000,0.0000,0.00015,63.824,63.824,63.824,0.000,63.824,0.000,0.000,0.00,0.0,0.0
acorn-ef256,anticorr_q0346_tau0,anticorr,9900000,0,1,0.0000,0.0000,0.00013,75.433,75.433,75.433,0.000,75.433,0.000,0.000,0.00,0.0,0.0
acorn-ef512,anticorr_q0346_tau0,anticorr,9900000,0,1,0.0000,0.0000,0.00008,89.805,89.805,89.805,0.000,89.805,0.000,0.000,0.00,0.0,0.0
acorn-ef64,anticorr_q0346_tau0.01,anticorr,9899780,0,1,0.9000,0.0000,0.00018,8.534,8.534,8.534,0.000,8.534,0.000,0.000,0.00,0.0,0.0
acorn-ef128,anticorr_q0346_tau0.01,anticorr,9899780,0,1,1.0000,1.0000,0.00000,9.313,9.313,9.313,0.000,9.313,0.000,0.000,0.00,0.0,0.0
acorn-ef256,anticorr_q0346_tau0.01,anticorr,9899780,0,1,1.0000,1.0000,0.00000,13.725,13.725,13.725,0.000,13.725,0.000,0.000,0.00,0.0,0.0
acorn-ef512,anticorr_q0346_tau0.01,anticorr,9899780,0,1,1.0000,1.0000,0.00000,23.923,23.923,23.923,0.000,23.923,0.000,0.000,0.00,0.0,0.0
acorn-ef64,anticorr_q0346_tau0.03,anticorr,9900235,0,1,0.9000,0.0000,0.00247,2.987,2.987,2.987,0.000,2.987,0.000,0.000,0.00,0.0,0.0
acorn-ef128,anticorr_q0346_tau0.03,anticorr,9900235,0,1,0.9000,0.0000,0.00243,2.271,2.271,2.271,0.000,2.271,0.000,0.000,0.00,0.0,0.0
acorn-ef256,anticorr_q0346_tau0.03,anticorr,9900235,0,1,1.0000,1.0000,0.00000,3.561,3.561,3.561,0.000,3.561,0.000,0.000,0.00,0.0,0.0
acorn-ef512,anticorr_q0346_tau0.03,anticorr,9900235,0,1,1.0000,1.0000,0.00000,5.165,5.165,5.165,0.000,5.165,0.000,0.000,0.00,0.0,0.0
acorn-ef64,anticorr_q0353_tau0,anticorr,9900001,0,1,0.0000,0.0000,0.00025,71.703,71.703,71.703,0.000,71.703,0.000,0.000,0.00,0.0,0.0
acorn-ef128,anticorr_q0353_tau0,anticorr,9900001,0,1,0.0000,0.0000,0.00014,83.848,83.848,83.848,0.000,83.848,0.000,0.000,0.00,0.0,0.0
acorn-ef256,anticorr_q0353_tau0,anticorr,9900001,0,1,0.0000,0.0000,0.00004,100.614,100.614,100.614,0.000,100.614,0.000,0.000,0.00,0.0,0.0
acorn-ef512,anticorr_q0353_tau0,anticorr,9900001,0,1,0.0000,0.0000,0.00003,126.425,126.425,126.425,0.000,126.425,0.000,0.000,0.00,0.0,0.0
acorn-ef64,anticorr_q0353_tau0.01,anticorr,9900048,0,1,0.8000,0.0000,0.00102,13.797,13.797,13.797,0.000,13.797,0.000,0.000,0.00,0.0,0.0
acorn-ef128,anticorr_q0353_tau0.01,anticorr,9900048,0,1,0.9000,0.0000,0.00077,15.479,15.479,15.479,0.000,15.479,0.000,0.000,0.00,0.0,0.0
acorn-ef256,anticorr_q0353_tau0.01,anticorr,9900048,0,1,0.9000,0.0000,0.00075,22.519,22.519,22.519,0.000,22.519,0.000,0.000,0.00,0.0,0.0
acorn-ef512,anticorr_q0353_tau0.01,anticorr,9900048,0,1,1.0000,1.0000,0.00000,30.331,30.331,30.331,0.000,30.331,0.000,0.000,0.00,0.0,0.0
acorn-ef64,anticorr_q0353_tau0.03,anticorr,9900443,0,1,1.0000,1.0000,0.00000,1.985,1.985,1.985,0.000,1.985,0.000,0.000,0.00,0.0,0.0
acorn-ef128,anticorr_q0353_tau0.03,anticorr,9900443,0,1,1.0000,1.0000,0.00000,2.366,2.366,2.366,0.000,2.366,0.000,0.000,0.00,0.0,0.0
acorn-ef256,anticorr_q0353_tau0.03,anticorr,9900443,0,1,1.0000,1.0000,0.00000,3.985,3.985,3.985,0.000,3.985,0.000,0.000,0.00,0.0,0.0
acorn-ef512,anticorr_q0353_tau0.03,anticorr,9900443,0,1,1.0000,1.0000,0.00000,6.248,6.248,6.248,0.000,6.248,0.000,0.000,0.00,0.0,0.0
acorn-ef64,anticorr_q0358_tau0,anticorr,9900001,0,1,0.0000,0.0000,0.00011,67.221,67.221,67.221,0.000,67.221,0.000,0.000,0.00,0.0,0.0
acorn-ef128,anticorr_q0358_tau0,anticorr,9900001,0,1,0.0000,0.0000,0.00005,75.096,75.096,75.096,0.000,75.096,0.000,0.000,0.00,0.0,0.0
acorn-ef256,anticorr_q0358_tau0,anticorr,9900001,0,1,0.0000,0.0000,0.00002,86.844,86.844,86.844,0.000,86.844,0.000,0.000,0.00,0.0,0.0
acorn-ef512,anticorr_q0358_tau0,anticorr,9900001,0,1,0.0000,0.0000,0.00002,103.052,103.052,103.052,0.000,103.052,0.000,0.000,0.00,0.0,0.0
acorn-ef64,anticorr_q0358_tau0.01,anticorr,9900242,0,1,0.8000,0.0000,0.00050,14.415,14.415,14.415,0.000,14.415,0.000,0.000,0.00,0.0,0.0
acorn-ef128,anticorr_q0358_tau0.01,anticorr,9900242,0,1,0.9000,0.0000,0.00006,15.189,15.189,15.189,0.000,15.189,0.000,0.000,0.00,0.0,0.0
acorn-ef256,anticorr_q0358_tau0.01,anticorr,9900242,0,1,0.9000,0.0000,0.00006,22.391,22.391,22.391,0.000,22.391,0.000,0.000,0.00,0.0,0.0
acorn-ef512,anticorr_q0358_tau0.01,anticorr,9900242,0,1,1.0000,1.0000,0.00000,31.590,31.590,31.590,0.000,31.590,0.000,0.000,0.00,0.0,0.0
acorn-ef64,anticorr_q0358_tau0.03,anticorr,9900623,0,1,1.0000,1.0000,0.00000,3.367,3.367,3.367,0.000,3.367,0.000,0.000,0.00,0.0,0.0
acorn-ef128,anticorr_q0358_tau0.03,anticorr,9900623,0,1,1.0000,1.0000,0.00000,2.315,2.315,2.315,0.000,2.315,0.000,0.000,0.00,0.0,0.0
acorn-ef256,anticorr_q0358_tau0.03,anticorr,9900623,0,1,1.0000,1.0000,0.00000,4.277,4.277,4.277,0.000,4.277,0.000,0.000,0.00,0.0,0.0
acorn-ef512,anticorr_q0358_tau0.03,anticorr,9900623,0,1,1.0000,1.0000,0.00000,6.292,6.292,6.292,0.000,6.292,0.000,0.000,0.00,0.0,0.0
acorn-ef64,anticorr_q0373_tau0,anticorr,9900000,0,1,0.0000,0.0000,0.00026,62.217,62.217,62.217,0.000,62.217,0.000,0.000,0.00,0.0,0.0
acorn-ef128,anticorr_q0373_tau0,anticorr,9900000,0,1,0.0000,0.0000,0.00014,67.839,67.839,67.839,0.000,67.839,0.000,0.000,0.00,0.0,0.0
acorn-ef256,anticorr_q0373_tau0,anticorr,9900000,0,1,0.0000,0.0000,0.00006,79.268,79.268,79.268,0.000,79.268,0.000,0.000,0.00,0.0,0.0
acorn-ef512,anticorr_q0373_tau0,anticorr,9900000,0,1,0.0000,0.0000,0.00004,88.472,88.472,88.472,0.000,88.472,0.000,0.000,0.00,0.0,0.0
acorn-ef64,anticorr_q0373_tau0.01,anticorr,9900210,0,1,0.9000,0.0000,0.00037,11.315,11.315,11.315,0.000,11.315,0.000,0.000,0.00,0.0,0.0
acorn-ef128,anticorr_q0373_tau0.01,anticorr,9900210,0,1,1.0000,1.0000,0.00000,10.729,10.729,10.729,0.000,10.729,0.000,0.000,0.00,0.0,0.0
acorn-ef256,anticorr_q0373_tau0.01,anticorr,9900210,0,1,1.0000,1.0000,0.00000,14.467,14.467,14.467,0.000,14.467,0.000,0.000,0.00,0.0,0.0
acorn-ef512,anticorr_q0373_tau0.01,anticorr,9900210,0,1,1.0000,1.0000,0.00000,21.026,21.026,21.026,0.000,21.026,0.000,0.000,0.00,0.0,0.0
acorn-ef64,anticorr_q0373_tau0.03,anticorr,9899584,0,1,1.0000,1.0000,0.00000,1.614,1.614,1.614,0.000,1.614,0.000,0.000,0.00,0.0,0.0
acorn-ef128,anticorr_q0373_tau0.03,anticorr,9899584,0,1,1.0000,1.0000,0.00000,1.490,1.490,1.490,0.000,1.490,0.000,0.000,0.00,0.0,0.0
acorn-ef256,anticorr_q0373_tau0.03,anticorr,9899584,0,1,1.0000,1.0000,0.00000,2.324,2.324,2.324,0.000,2.324,0.000,0.000,0.00,0.0,0.0
acorn-ef512,anticorr_q0373_tau0.03,anticorr,9899584,0,1,1.0000,1.0000,0.00000,3.541,3.541,3.541,0.000,3.541,0.000,0.000,0.00,0.0,0.0
acorn-ef64,anticorr_q0385_tau0,anticorr,9900000,0,1,0.0000,0.0000,0.00033,63.164,63.164,63.164,0.000,63.164,0.000,0.000,0.00,0.0,0.0
acorn-ef128,anticorr_q0385_tau0,anticorr,9900000,0,1,0.0000,0.0000,0.00015,67.616,67.616,67.616,0.000,67.616,0.000,0.000,0.00,0.0,0.0
acorn-ef256,anticorr_q0385_tau0,anticorr,9900000,0,1,0.0000,0.0000,0.00009,75.718,75.718,75.718,0.000,75.718,0.000,0.000,0.00,0.0,0.0
acorn-ef512,anticorr_q0385_tau0,anticorr,9900000,0,1,0.0000,0.0000,0.00003,87.419,87.419,87.419,0.000,87.419,0.000,0.000,0.00,0.0,0.0
acorn-ef64,anticorr_q0385_tau0.01,anticorr,9899701,0,1,0.9000,0.0000,0.00026,12.273,12.273,12.273,0.000,12.273,0.000,0.000,0.00,0.0,0.0
acorn-ef128,anticorr_q0385_tau0.01,anticorr,9899701,0,1,0.9000,0.0000,0.00026,11.701,11.701,11.701,0.000,11.701,0.000,0.000,0.00,0.0,0.0
acorn-ef256,anticorr_q0385_tau0.01,anticorr,9899701,0,1,1.0000,1.0000,0.00000,16.746,16.746,16.746,0.000,16.746,0.000,0.000,0.00,0.0,0.0
acorn-ef512,anticorr_q0385_tau0.01,anticorr,9899701,0,1,1.0000,1.0000,0.00000,23.591,23.591,23.591,0.000,23.591,0.000,0.000,0.00,0.0,0.0
acorn-ef64,anticorr_q0385_tau0.03,anticorr,9899845,0,1,0.9000,0.0000,0.00017,2.463,2.463,2.463,0.000,2.463,0.000,0.000,0.00,0.0,0.0
acorn-ef128,anticorr_q0385_tau0.03,anticorr,9899845,0,1,1.0000,1.0000,0.00000,1.922,1.922,1.922,0.000,1.922,0.000,0.000,0.00,0.0,0.0
acorn-ef256,anticorr_q0385_tau0.03,anticorr,9899845,0,1,1.0000,1.0000,0.00000,2.745,2.745,2.745,0.000,2.745,0.000,0.000,0.00,0.0,0.0
acorn-ef512,anticorr_q0385_tau0.03,anticorr,9899845,0,1,1.0000,1.0000,0.00000,3.841,3.841,3.841,0.000,3.841,0.000,0.000,0.00,0.0,0.0
acorn-ef64,anticorr_q0391_tau0,anticorr,9900000,0,1,0.0000,0.0000,0.00039,48.409,48.409,48.409,0.000,48.409,0.000,0.000,0.00,0.0,0.0
acorn-ef128,anticorr_q0391_tau0,anticorr,9900000,0,1,0.0000,0.0000,0.00021,56.694,56.694,56.694,0.000,56.694,0.000,0.000,0.00,0.0,0.0
acorn-ef256,anticorr_q0391_tau0,anticorr,9900000,0,1,0.0000,0.0000,0.00008,67.540,67.540,67.540,0.000,67.540,0.000,0.000,0.00,0.0,0.0
acorn-ef512,anticorr_q0391_tau0,anticorr,9900000,0,1,0.1000,0.0000,0.00002,93.742,93.742,93.742,0.000,93.742,0.000,0.000,0.00,0.0,0.0
acorn-ef64,anticorr_q0391_tau0.01,anticorr,9899967,0,1,0.6000,0.0000,0.00293,9.003,9.003,9.003,0.000,9.003,0.000,0.000,0.00,0.0,0.0
acorn-ef128,anticorr_q0391_tau0.01,anticorr,9899967,0,1,0.8000,0.0000,0.00126,9.351,9.351,9.351,0.000,9.351,0.000,0.000,0.00,0.0,0.0
acorn-ef256,anticorr_q0391_tau0.01,anticorr,9899967,0,1,0.9000,0.0000,0.00014,13.285,13.285,13.285,0.000,13.285,0.000,0.000,0.00,0.0,0.0
acorn-ef512,anticorr_q0391_tau0.01,anticorr,9899967,0,1,0.9000,0.0000,0.00014,20.250,20.250,20.250,0.000,20.250,0.000,0.000,0.00,0.0,0.0
acorn-ef64,anticorr_q0391_tau0.03,anticorr,9900091,0,1,1.0000,1.0000,0.00000,2.346,2.346,2.346,0.000,2.346,0.000,0.000,0.00,0.0,0.0
acorn-ef128,anticorr_q0391_tau0.03,anticorr,9900091,0,1,1.0000,1.0000,0.00000,1.958,1.958,1.958,0.000,1.958,0.000,0.000,0.00,0.0,0.0
acorn-ef256,anticorr_q0391_tau0.03,anticorr,9900091,0,1,1.0000,1.0000,0.00000,2.888,2.888,2.888,0.000,2.888,0.000,0.000,0.00,0.0,0.0
acorn-ef512,anticorr_q0391_tau0.03,anticorr,9900091,0,1,1.0000,1.0000,0.00000,4.912,4.912,4.912,0.000,4.912,0.000,0.000,0.00,0.0,0.0
acorn-ef64,anticorr_q0396_tau0,anticorr,9900000,0,1,0.0000,0.0000,0.00012,59.485,59.485,59.485,0.000,59.485,0.000,0.000,0.00,0.0,0.0
acorn-ef128,anticorr_q0396_tau0,anticorr,9900000,0,1,0.0000,0.0000,0.00007,66.300,66.300,66.300,0.000,66.300,0.000,0.000,0.00,0.0,0.0
acorn-ef256,anticorr_q0396_tau0,anticorr,9900000,0,1,0.0000,0.0000,0.00004,75.120,75.120,75.120,0.000,75.120,0.000,0.000,0.00,0.0,0.0
acorn-ef512,anticorr_q0396_tau0,anticorr,9900000,0,1,0.1000,0.0000,0.00002,87.139,87.139,87.139,0.000,87.139,0.000,0.000,0.00,0.0,0.0
acorn-ef64,anticorr_q0396_tau0.01,anticorr,9899890,0,1,0.7000,0.0000,0.00057,10.240,10.240,10.240,0.000,10.240,0.000,0.000,0.00,0.0,0.0
acorn-ef128,anticorr_q0396_tau0.01,anticorr,9899890,0,1,1.0000,1.0000,0.00000,11.302,11.302,11.302,0.000,11.302,0.000,0.000,0.00,0.0,0.0
acorn-ef256,anticorr_q0396_tau0.01,anticorr,9899890,0,1,1.0000,1.0000,0.00000,15.735,15.735,15.735,0.000,15.735,0.000,0.000,0.00,0.0,0.0
acorn-ef512,anticorr_q0396_tau0.01,anticorr,9899890,0,1,1.0000,1.0000,0.00000,22.706,22.706,22.706,0.000,22.706,0.000,0.000,0.00,0.0,0.0
acorn-ef64,anticorr_q0396_tau0.03,anticorr,9899840,0,1,1.0000,1.0000,0.00000,2.614,2.614,2.614,0.000,2.614,0.000,0.000,0.00,0.0,0.0
acorn-ef128,anticorr_q0396_tau0.03,anticorr,9899840,0,1,1.0000,1.0000,0.00000,1.640,1.640,1.640,0.000,1.640,0.000,0.000,0.00,0.0,0.0
acorn-ef256,anticorr_q0396_tau0.03,anticorr,9899840,0,1,1.0000,1.0000,0.00000,2.461,2.461,2.461,0.000,2.461,0.000,0.000,0.00,0.0,0.0
acorn-ef512,anticorr_q0396_tau0.03,anticorr,9899840,0,1,1.0000,1.0000,0.00000,3.917,3.917,3.917,0.000,3.917,0.000,0.000,0.00,0.0,0.0
acorn-ef64,anticorr_q0412_tau0,anticorr,9900000,0,1,0.0000,0.0000,0.00043,61.605,61.605,61.605,0.000,61.605,0.000,0.000,0.00,0.0,0.0
acorn-ef128,anticorr_q0412_tau0,anticorr,9900000,0,1,0.0000,0.0000,0.00022,68.777,68.777,68.777,0.000,68.777,0.000,0.000,0.00,0.0,0.0
acorn-ef256,anticorr_q0412_tau0,anticorr,9900000,0,1,0.0000,0.0000,0.00012,79.468,79.468,79.468,0.000,79.468,0.000,0.000,0.00,0.0,0.0
acorn-ef512,anticorr_q0412_tau0,anticorr,9900000,0,1,0.0000,0.0000,0.00005,93.232,93.232,93.232,0.000,93.232,0.000,0.000,0.00,0.0,0.0
acorn-ef64,anticorr_q0412_tau0.01,anticorr,9900222,0,1,1.0000,1.0000,0.00000,13.273,13.273,13.273,0.000,13.273,0.000,0.000,0.00,0.0,0.0
acorn-ef128,anticorr_q0412_tau0.01,anticorr,9900222,0,1,1.0000,1.0000,0.00000,14.108,14.108,14.108,0.000,14.108,0.000,0.000,0.00,0.0,0.0
acorn-ef256,anticorr_q0412_tau0.01,anticorr,9900222,0,1,1.0000,1.0000,0.00000,19.679,19.679,19.679,0.000,19.679,0.000,0.000,0.00,0.0,0.0
acorn-ef512,anticorr_q0412_tau0.01,anticorr,9900222,0,1,1.0000,1.0000,0.00000,26.902,26.902,26.902,0.000,26.902,0.000,0.000,0.00,0.0,0.0
acorn-ef64,anticorr_q0412_tau0.03,anticorr,9899948,0,1,1.0000,1.0000,0.00000,1.554,1.554,1.554,0.000,1.554,0.000,0.000,0.00,0.0,0.0
acorn-ef128,anticorr_q0412_tau0.03,anticorr,9899948,0,1,1.0000,1.0000,0.00000,1.262,1.262,1.262,0.000,1.262,0.000,0.000,0.00,0.0,0.0
acorn-ef256,anticorr_q0412_tau0.03,anticorr,9899948,0,1,1.0000,1.0000,0.00000,1.899,1.899,1.899,0.000,1.899,0.000,0.000,0.00,0.0,0.0
acorn-ef512,anticorr_q0412_tau0.03,anticorr,9899948,0,1,1.0000,1.0000,0.00000,3.661,3.661,3.661,0.000,3.661,0.000,0.000,0.00,0.0,0.0
acorn-ef64,anticorr_q0414_tau0,anticorr,9900000,0,1,0.0000,0.0000,0.00033,43.891,43.891,43.891,0.000,43.891,0.000,0.000,0.00,0.0,0.0
acorn-ef128,anticorr_q0414_tau0,anticorr,9900000,0,1,0.0000,0.0000,0.00016,50.273,50.273,50.273,0.000,50.273,0.000,0.000,0.00,0.0,0.0
acorn-ef256,anticorr_q0414_tau0,anticorr,9900000,0,1,0.0000,0.0000,0.00008,62.896,62.896,62.896,0.000,62.896,0.000,0.000,0.00,0.0,0.0
acorn-ef512,anticorr_q0414_tau0,anticorr,9900000,0,1,0.0000,0.0000,0.00005,78.057,78.057,78.057,0.000,78.057,0.000,0.000,0.00,0.0,0.0
acorn-ef64,anticorr_q0414_tau0.01,anticorr,9900396,0,1,0.2000,0.0000,0.00735,7.599,7.599,7.599,0.000,7.599,0.000,0.000,0.00,0.0,0.0
acorn-ef128,anticorr_q0414_tau0.01,anticorr,9900396,0,1,0.4000,0.0000,0.00495,7.262,7.262,7.262,0.000,7.262,0.000,0.000,0.00,0.0,0.0
acorn-ef256,anticorr_q0414_tau0.01,anticorr,9900396,0,1,0.7000,0.0000,0.00237,11.273,11.273,11.273,0.000,11.273,0.000,0.000,0.00,0.0,0.0
acorn-ef512,anticorr_q0414_tau0.01,anticorr,9900396,0,1,0.8000,0.0000,0.00154,17.246,17.246,17.246,0.000,17.246,0.000,0.000,0.00,0.0,0.0
acorn-ef64,anticorr_q0414_tau0.03,anticorr,9900031,0,1,0.9000,0.0000,0.00028,2.905,2.905,2.905,0.000,2.905,0.000,0.000,0.00,0.0,0.0
acorn-ef128,anticorr_q0414_tau0.03,anticorr,9900031,0,1,0.9000,0.0000,0.00028,1.866,1.866,1.866,0.000,1.866,0.000,0.000,0.00,0.0,0.0
acorn-ef256,anticorr_q0414_tau0.03,anticorr,9900031,0,1,0.9000,0.0000,0.00028,2.776,2.776,2.776,0.000,2.776,0.000,0.000,0.00,0.0,0.0
acorn-ef512,anticorr_q0414_tau0.03,anticorr,9900031,0,1,0.9000,0.0000,0.00028,5.701,5.701,5.701,0.000,5.701,0.000,0.000,0.00,0.0,0.0
acorn-ef64,anticorr_q0419_tau0,anticorr,9900000,0,1,0.0000,0.0000,0.00032,51.342,51.342,51.342,0.000,51.342,0.000,0.000,0.00,0.0,0.0
acorn-ef128,anticorr_q0419_tau0,anticorr,9900000,0,1,0.0000,0.0000,0.00015,57.043,57.043,57.043,0.000,57.043,0.000,0.000,0.00,0.0,0.0
acorn-ef256,anticorr_q0419_tau0,anticorr,9900000,0,1,0.0000,0.0000,0.00006,69.726,69.726,69.726,0.000,69.726,0.000,0.000,0.00,0.0,0.0
acorn-ef512,anticorr_q0419_tau0,anticorr,9900000,0,1,0.0000,0.0000,0.00003,86.706,86.706,86.706,0.000,86.706,0.000,0.000,0.00,0.0,0.0
acorn-ef64,anticorr_q0419_tau0.01,anticorr,9900019,0,1,0.8000,0.0000,0.00011,6.682,6.682,6.682,0.000,6.682,0.000,0.000,0.00,0.0,0.0
acorn-ef128,anticorr_q0419_tau0.01,anticorr,9900019,0,1,0.8000,0.0000,0.00011,6.359,6.359,6.359,0.000,6.359,0.000,0.000,0.00,0.0,0.0
acorn-ef256,anticorr_q0419_tau0.01,anticorr,9900019,0,1,0.9000,0.0000,0.00006,9.942,9.942,9.942,0.000,9.942,0.000,0.000,0.00,0.0,0.0
acorn-ef512,anticorr_q0419_tau0.01,anticorr,9900019,0,1,0.9000,0.0000,0.00006,15.380,15.380,15.380,0.000,15.380,0.000,0.000,0.00,0.0,0.0
acorn-ef64,anticorr_q0419_tau0.03,anticorr,9899605,0,1,1.0000,1.0000,0.00000,2.257,2.257,2.257,0.000,2.257,0.000,0.000,0.00,0.0,0.0
acorn-ef128,anticorr_q0419_tau0.03,anticorr,9899605,0,1,1.0000,1.0000,0.00000,1.524,1.524,1.524,0.000,1.524,0.000,0.000,0.00,0.0,0.0
acorn-ef256,anticorr_q0419_tau0.03,anticorr,9899605,0,1,1.0000,1.0000,0.00000,2.109,2.109,2.109,0.000,2.109,0.000,0.000,0.00,0.0,0.0
acorn-ef512,anticorr_q0419_tau0.03,anticorr,9899605,0,1,1.0000,1.0000,0.00000,3.623,3.623,3.623,0.000,3.623,0.000,0.000,0.00,0.0,0.0
acorn-ef64,anticorr_q0422_tau0,anticorr,9900000,0,1,0.0000,0.0000,0.00058,69.105,69.105,69.105,0.000,69.105,0.000,0.000,0.00,0.0,0.0
acorn-ef128,anticorr_q0422_tau0,anticorr,9900000,0,1,0.0000,0.0000,0.00011,77.528,77.528,77.528,0.000,77.528,0.000,0.000,0.00,0.0,0.0
acorn-ef256,anticorr_q0422_tau0,anticorr,9900000,0,1,0.0000,0.0000,0.00007,88.492,88.492,88.492,0.000,88.492,0.000,0.000,0.00,0.0,0.0
acorn-ef512,anticorr_q0422_tau0,anticorr,9900000,0,1,0.0000,0.0000,0.00005,117.658,117.658,117.658,0.000,117.658,0.000,0.000,0.00,0.0,0.0
acorn-ef64,anticorr_q0422_tau0.01,anticorr,9899839,0,1,0.8000,0.0000,0.00033,12.348,12.348,12.348,0.000,12.348,0.000,0.000,0.00,0.0,0.0
acorn-ef128,anticorr_q0422_tau0.01,anticorr,9899839,0,1,0.9000,0.0000,0.00017,12.915,12.915,12.915,0.000,12.915,0.000,0.000,0.00,0.0,0.0
acorn-ef256,anticorr_q0422_tau0.01,anticorr,9899839,0,1,1.0000,1.0000,0.00000,17.762,17.762,17.762,0.000,17.762,0.000,0.000,0.00,0.0,0.0
acorn-ef512,anticorr_q0422_tau0.01,anticorr,9899839,0,1,1.0000,1.0000,0.00000,26.041,26.041,26.041,0.000,26.041,0.000,0.000,0.00,0.0,0.0
acorn-ef64,anticorr_q0422_tau0.03,anticorr,9899461,0,1,1.0000,1.0000,0.00000,1.765,1.765,1.765,0.000,1.765,0.000,0.000,0.00,0.0,0.0
acorn-ef128,anticorr_q0422_tau0.03,anticorr,9899461,0,1,1.0000,1.0000,0.00000,1.631,1.631,1.631,0.000,1.631,0.000,0.000,0.00,0.0,0.0
acorn-ef256,anticorr_q0422_tau0.03,anticorr,9899461,0,1,1.0000,1.0000,0.00000,2.627,2.627,2.627,0.000,2.627,0.000,0.000,0.00,0.0,0.0
acorn-ef512,anticorr_q0422_tau0.03,anticorr,9899461,0,1,1.0000,1.0000,0.00000,4.278,4.278,4.278,0.000,4.278,0.000,0.000,0.00,0.0,0.0
acorn-ef64,anticorr_q0429_tau0,anticorr,9900001,0,1,0.0000,0.0000,0.00023,53.102,53.102,53.102,0.000,53.102,0.000,0.000,0.00,0.0,0.0
acorn-ef128,anticorr_q0429_tau0,anticorr,9900001,0,1,0.0000,0.0000,0.00010,56.313,56.313,56.313,0.000,56.313,0.000,0.000,0.00,0.0,0.0
acorn-ef256,anticorr_q0429_tau0,anticorr,9900001,0,1,0.0000,0.0000,0.00008,64.872,64.872,64.872,0.000,64.872,0.000,0.000,0.00,0.0,0.0
acorn-ef512,anticorr_q0429_tau0,anticorr,9900001,0,1,0.0000,0.0000,0.00005,81.533,81.533,81.533,0.000,81.533,0.000,0.000,0.00,0.0,0.0
acorn-ef64,anticorr_q0429_tau0.01,anticorr,9899982,0,1,0.8000,0.0000,0.00046,12.797,12.797,12.797,0.000,12.797,0.000,0.000,0.00,0.0,0.0
acorn-ef128,anticorr_q0429_tau0.01,anticorr,9899982,0,1,0.8000,0.0000,0.00046,13.020,13.020,13.020,0.000,13.020,0.000,0.000,0.00,0.0,0.0
acorn-ef256,anticorr_q0429_tau0.01,anticorr,9899982,0,1,1.0000,1.0000,0.00000,17.106,17.106,17.106,0.000,17.106,0.000,0.000,0.00,0.0,0.0
acorn-ef512,anticorr_q0429_tau0.01,anticorr,9899982,0,1,1.0000,1.0000,0.00000,23.194,23.194,23.194,0.000,23.194,0.000,0.000,0.00,0.0,0.0
acorn-ef64,anticorr_q0429_tau0.03,anticorr,9899401,0,1,0.9000,0.0000,0.00011,2.281,2.281,2.281,0.000,2.281,0.000,0.000,0.00,0.0,0.0
acorn-ef128,anticorr_q0429_tau0.03,anticorr,9899401,0,1,1.0000,1.0000,0.00000,1.226,1.226,1.226,0.000,1.226,0.000,0.000,0.00,0.0,0.0
acorn-ef256,anticorr_q0429_tau0.03,anticorr,9899401,0,1,1.0000,1.0000,0.00000,2.077,2.077,2.077,0.000,2.077,0.000,0.000,0.00,0.0,0.0
acorn-ef512,anticorr_q0429_tau0.03,anticorr,9899401,0,1,1.0000,1.0000,0.00000,3.446,3.446,3.446,0.000,3.446,0.000,0.000,0.00,0.0,0.0
acorn-ef64,anticorr_q0431_tau0,anticorr,9900000,0,1,0.0000,0.0000,0.00040,65.245,65.245,65.245,0.000,65.245,0.000,0.000,0.00,0.0,0.0
acorn-ef128,anticorr_q0431_tau0,anticorr,9900000,0,1,0.0000,0.0000,0.00020,71.791,71.791,71.791,0.000,71.791,0.000,0.000,0.00,0.0,0.0
acorn-ef256,anticorr_q0431_tau0,anticorr,9900000,0,1,0.0000,0.0000,0.00005,84.184,84.184,84.184,0.000,84.184,0.000,0.000,0.00,0.0,0.0
acorn-ef512,anticorr_q0431_tau0,anticorr,9900000,0,1,0.0000,0.0000,0.00004,97.435,97.435,97.435,0.000,97.435,0.000,0.000,0.00,0.0,0.0
acorn-ef64,anticorr_q0431_tau0.01,anticorr,9900076,0,1,0.9000,0.0000,0.00064,15.211,15.211,15.211,0.000,15.211,0.000,0.000,0.00,0.0,0.0
acorn-ef128,anticorr_q0431_tau0.01,anticorr,9900076,0,1,0.9000,0.0000,0.00060,15.591,15.591,15.591,0.000,15.591,0.000,0.000,0.00,0.0,0.0
acorn-ef256,anticorr_q0431_tau0.01,anticorr,9900076,0,1,0.9000,0.0000,0.00060,21.140,21.140,21.140,0.000,21.140,0.000,0.000,0.00,0.0,0.0
acorn-ef512,anticorr_q0431_tau0.01,anticorr,9900076,0,1,1.0000,1.0000,0.00000,28.808,28.808,28.808,0.000,28.808,0.000,0.000,0.00,0.0,0.0
acorn-ef64,anticorr_q0431_tau0.03,anticorr,9899635,0,1,1.0000,1.0000,0.00000,2.658,2.658,2.658,0.000,2.658,0.000,0.000,0.00,0.0,0.0
acorn-ef128,anticorr_q0431_tau0.03,anticorr,9899635,0,1,1.0000,1.0000,0.00000,1.853,1.853,1.853,0.000,1.853,0.000,0.000,0.00,0.0,0.0
acorn-ef256,anticorr_q0431_tau0.03,anticorr,9899635,0,1,1.0000,1.0000,0.00000,2.613,2.613,2.613,0.000,2.613,0.000,0.000,0.00,0.0,0.0
acorn-ef512,anticorr_q0431_tau0.03,anticorr,9899635,0,1,1.0000,1.0000,0.00000,4.240,4.240,4.240,0.000,4.240,0.000,0.000,0.00,0.0,0.0
acorn-ef64,anticorr_q0445_tau0,anticorr,9900000,0,1,0.0000,0.0000,0.00038,56.318,56.318,56.318,0.000,56.318,0.000,0.000,0.00,0.0,0.0
acorn-ef128,anticorr_q0445_tau0,anticorr,9900000,0,1,0.0000,0.0000,0.00020,63.867,63.867,63.867,0.000,63.867,0.000,0.000,0.00,0.0,0.0
acorn-ef256,anticorr_q0445_tau0,anticorr,9900000,0,1,0.0000,0.0000,0.00012,73.463,73.463,73.463,0.000,73.463,0.000,0.000,0.00,0.0,0.0
acorn-ef512,anticorr_q0445_tau0,anticorr,9900000,0,1,0.0000,0.0000,0.00008,88.023,88.023,88.023,0.000,88.023,0.000,0.000,0.00,0.0,0.0
acorn-ef64,anticorr_q0445_tau0.01,anticorr,9899705,0,1,0.6000,0.0000,0.00129,10.622,10.622,10.622,0.000,10.622,0.000,0.000,0.00,0.0,0.0
acorn-ef128,anticorr_q0445_tau0.01,anticorr,9899705,0,1,0.7000,0.0000,0.00062,11.624,11.624,11.624,0.000,11.624,0.000,0.000,0.00,0.0,0.0
acorn-ef256,anticorr_q0445_tau0.01,anticorr,9899705,0,1,0.7000,0.0000,0.00062,16.787,16.787,16.787,0.000,16.787,0.000,0.000,0.00,0.0,0.0
acorn-ef512,anticorr_q0445_tau0.01,anticorr,9899705,0,1,0.7000,0.0000,0.00062,25.511,25.511,25.511,0.000,25.511,0.000,0.000,0.00,0.0,0.0
acorn-ef64,anticorr_q0445_tau0.03,anticorr,9900310,0,1,0.7000,0.0000,0.00221,2.875,2.875,2.875,0.000,2.875,0.000,0.000,0.00,0.0,0.0
acorn-ef128,anticorr_q0445_tau0.03,anticorr,9900310,0,1,0.8000,0.0000,0.00168,1.508,1.508,1.508,0.000,1.508,0.000,0.000,0.00,0.0,0.0
acorn-ef256,anticorr_q0445_tau0.03,anticorr,9900310,0,1,0.8000,0.0000,0.00168,2.671,2.671,2.671,0.000,2.671,0.000,0.000,0.00,0.0,0.0
acorn-ef512,anticorr_q0445_tau0.03,anticorr,9900310,0,1,0.8000,0.0000,0.00168,4.777,4.777,4.777,0.000,4.777,0.000,0.000,0.00,0.0,0.0
acorn-ef64,anticorr_q0450_tau0,anticorr,9900000,0,1,0.0000,0.0000,0.00018,66.729,66.729,66.729,0.000,66.729,0.000,0.000,0.00,0.0,0.0
acorn-ef128,anticorr_q0450_tau0,anticorr,9900000,0,1,0.0000,0.0000,0.00012,74.581,74.581,74.581,0.000,74.581,0.000,0.000,0.00,0.0,0.0
acorn-ef256,anticorr_q0450_tau0,anticorr,9900000,0,1,0.0000,0.0000,0.00009,88.382,88.382,88.382,0.000,88.382,0.000,0.000,0.00,0.0,0.0
acorn-ef512,anticorr_q0450_tau0,anticorr,9900000,0,1,0.0000,0.0000,0.00006,103.917,103.917,103.917,0.000,103.917,0.000,0.000,0.00,0.0,0.0
acorn-ef64,anticorr_q0450_tau0.01,anticorr,9900197,0,1,0.9000,0.0000,0.00012,11.339,11.339,11.339,0.000,11.339,0.000,0.000,0.00,0.0,0.0
acorn-ef128,anticorr_q0450_tau0.01,anticorr,9900197,0,1,1.0000,1.0000,0.00000,13.051,13.051,13.051,0.000,13.051,0.000,0.000,0.00,0.0,0.0
acorn-ef256,anticorr_q0450_tau0.01,anticorr,9900197,0,1,1.0000,1.0000,0.00000,18.547,18.547,18.547,0.000,18.547,0.000,0.000,0.00,0.0,0.0
acorn-ef512,anticorr_q0450_tau0.01,anticorr,9900197,0,1,1.0000,1.0000,0.00000,26.556,26.556,26.556,0.000,26.556,0.000,0.000,0.00,0.0,0.0
acorn-ef64,anticorr_q0450_tau0.03,anticorr,9899478,0,1,1.0000,1.0000,0.00000,2.774,2.774,2.774,0.000,2.774,0.000,0.000,0.00,0.0,0.0
acorn-ef128,anticorr_q0450_tau0.03,anticorr,9899478,0,1,1.0000,1.0000,0.00000,1.539,1.539,1.539,0.000,1.539,0.000,0.000,0.00,0.0,0.0
acorn-ef256,anticorr_q0450_tau0.03,anticorr,9899478,0,1,1.0000,1.0000,0.00000,2.875,2.875,2.875,0.000,2.875,0.000,0.000,0.00,0.0,0.0
acorn-ef512,anticorr_q0450_tau0.03,anticorr,9899478,0,1,1.0000,1.0000,0.00000,3.821,3.821,3.821,0.000,3.821,0.000,0.000,0.00,0.0,0.0
acorn-ef64,anticorr_q0455_tau0,anticorr,9900000,0,1,0.0000,0.0000,0.00052,60.381,60.381,60.381,0.000,60.381,0.000,0.000,0.00,0.0,0.0
acorn-ef128,anticorr_q0455_tau0,anticorr,9900000,0,1,0.0000,0.0000,0.00013,68.088,68.088,68.088,0.000,68.088,0.000,0.000,0.00,0.0,0.0
acorn-ef256,anticorr_q0455_tau0,anticorr,9900000,0,1,0.0000,0.0000,0.00007,75.652,75.652,75.652,0.000,75.652,0.000,0.000,0.00,0.0,0.0
acorn-ef512,anticorr_q0455_tau0,anticorr,9900000,0,1,0.0000,0.0000,0.00003,86.939,86.939,86.939,0.000,86.939,0.000,0.000,0.00,0.0,0.0
acorn-ef64,anticorr_q0455_tau0.01,anticorr,9900370,0,1,0.8000,0.0000,0.00023,10.355,10.355,10.355,0.000,10.355,0.000,0.000,0.00,0.0,0.0
acorn-ef128,anticorr_q0455_tau0.01,anticorr,9900370,0,1,1.0000,1.0000,0.00000,10.672,10.672,10.672,0.000,10.672,0.000,0.000,0.00,0.0,0.0
acorn-ef256,anticorr_q0455_tau0.01,anticorr,9900370,0,1,1.0000,1.0000,0.00000,15.461,15.461,15.461,0.000,15.461,0.000,0.000,0.00,0.0,0.0
acorn-ef512,anticorr_q0455_tau0.01,anticorr,9900370,0,1,1.0000,1.0000,0.00000,22.330,22.330,22.330,0.000,22.330,0.000,0.000,0.00,0.0,0.0
acorn-ef64,anticorr_q0455_tau0.03,anticorr,9899873,0,1,1.0000,1.0000,0.00000,1.532,1.532,1.532,0.000,1.532,0.000,0.000,0.00,0.0,0.0
acorn-ef128,anticorr_q0455_tau0.03,anticorr,9899873,0,1,1.0000,1.0000,0.00000,1.357,1.357,1.357,0.000,1.357,0.000,0.000,0.00,0.0,0.0
acorn-ef256,anticorr_q0455_tau0.03,anticorr,9899873,0,1,1.0000,1.0000,0.00000,2.314,2.314,2.314,0.000,2.314,0.000,0.000,0.00,0.0,0.0
acorn-ef512,anticorr_q0455_tau0.03,anticorr,9899873,0,1,1.0000,1.0000,0.00000,3.582,3.582,3.582,0.000,3.582,0.000,0.000,0.00,0.0,0.0
acorn-ef64,anticorr_q0460_tau0,anticorr,9900000,0,1,0.0000,0.0000,0.00030,47.577,47.577,47.577,0.000,47.577,0.000,0.000,0.00,0.0,0.0
acorn-ef128,anticorr_q0460_tau0,anticorr,9900000,0,1,0.0000,0.0000,0.00012,54.336,54.336,54.336,0.000,54.336,0.000,0.000,0.00,0.0,0.0
acorn-ef256,anticorr_q0460_tau0,anticorr,9900000,0,1,0.0000,0.0000,0.00007,66.009,66.009,66.009,0.000,66.009,0.000,0.000,0.00,0.0,0.0
acorn-ef512,anticorr_q0460_tau0,anticorr,9900000,0,1,0.0000,0.0000,0.00006,80.826,80.826,80.826,0.000,80.826,0.000,0.000,0.00,0.0,0.0
acorn-ef64,anticorr_q0460_tau0.01,anticorr,9900256,0,1,0.6000,0.0000,0.00122,11.217,11.217,11.217,0.000,11.217,0.000,0.000,0.00,0.0,0.0
acorn-ef128,anticorr_q0460_tau0.01,anticorr,9900256,0,1,0.6000,0.0000,0.00122,10.737,10.737,10.737,0.000,10.737,0.000,0.000,0.00,0.0,0.0
acorn-ef256,anticorr_q0460_tau0.01,anticorr,9900256,0,1,0.9000,0.0000,0.00012,15.200,15.200,15.200,0.000,15.200,0.000,0.000,0.00,0.0,0.0
acorn-ef512,anticorr_q0460_tau0.01,anticorr,9900256,0,1,1.0000,1.0000,0.00000,21.441,21.441,21.441,0.000,21.441,0.000,0.000,0.00,0.0,0.0
acorn-ef64,anticorr_q0460_tau0.03,anticorr,9900503,0,1,1.0000,1.0000,0.00000,3.069,3.069,3.069,0.000,3.069,0.000,0.000,0.00,0.0,0.0
acorn-ef128,anticorr_q0460_tau0.03,anticorr,9900503,0,1,1.0000,1.0000,0.00000,1.758,1.758,1.758,0.000,1.758,0.000,0.000,0.00,0.0,0.0
acorn-ef256,anticorr_q0460_tau0.03,anticorr,9900503,0,1,1.0000,1.0000,0.00000,2.605,2.605,2.605,0.000,2.605,0.000,0.000,0.00,0.0,0.0
acorn-ef512,anticorr_q0460_tau0.03,anticorr,9900503,0,1,1.0000,1.0000,0.00000,4.472,4.472,4.472,0.000,4.472,0.000,0.000,0.00,0.0,0.0
acorn-ef64,anticorr_q0464_tau0,anticorr,9900000,0,1,0.0000,0.0000,0.00029,63.947,63.947,63.947,0.000,63.947,0.000,0.000,0.00,0.0,0.0
acorn-ef128,anticorr_q0464_tau0,anticorr,9900000,0,1,0.0000,0.0000,0.00014,67.865,67.865,67.865,0.000,67.865,0.000,0.000,0.00,0.0,0.0
acorn-ef256,anticorr_q0464_tau0,anticorr,9900000,0,1,0.0000,0.0000,0.00009,78.919,78.919,78.919,0.000,78.919,0.000,0.000,0.00,0.0,0.0
acorn-ef512,anticorr_q0464_tau0,anticorr,9900000,0,1,0.0000,0.0000,0.00005,94.127,94.127,94.127,0.000,94.127,0.000,0.000,0.00,0.0,0.0
acorn-ef64,anticorr_q0464_tau0.01,anticorr,9900480,0,1,0.9000,0.0000,0.00001,11.327,11.327,11.327,0.000,11.327,0.000,0.000,0.00,0.0,0.0
acorn-ef128,anticorr_q0464_tau0.01,anticorr,9900480,0,1,0.9000,0.0000,0.00001,14.285,14.285,14.285,0.000,14.285,0.000,0.000,0.00,0.0,0.0
acorn-ef256,anticorr_q0464_tau0.01,anticorr,9900480,0,1,0.9000,0.0000,0.00001,18.270,18.270,18.270,0.000,18.270,0.000,0.000,0.00,0.0,0.0
acorn-ef512,anticorr_q0464_tau0.01,anticorr,9900480,0,1,1.0000,1.0000,0.00000,24.844,24.844,24.844,0.000,24.844,0.000,0.000,0.00,0.0,0.0
acorn-ef64,anticorr_q0464_tau0.03,anticorr,9899875,0,1,1.0000,1.0000,0.00000,2.281,2.281,2.281,0.000,2.281,0.000,0.000,0.00,0.0,0.0
acorn-ef128,anticorr_q0464_tau0.03,anticorr,9899875,0,1,1.0000,1.0000,0.00000,1.491,1.491,1.491,0.000,1.491,0.000,0.000,0.00,0.0,0.0
acorn-ef256,anticorr_q0464_tau0.03,anticorr,9899875,0,1,1.0000,1.0000,0.00000,2.003,2.003,2.003,0.000,2.003,0.000,0.000,0.00,0.0,0.0
acorn-ef512,anticorr_q0464_tau0.03,anticorr,9899875,0,1,1.0000,1.0000,0.00000,3.282,3.282,3.282,0.000,3.282,0.000,0.000,0.00,0.0,0.0
acorn-ef64,anticorr_q0470_tau0,anticorr,9900000,0,1,0.0000,0.0000,0.00035,58.085,58.085,58.085,0.000,58.085,0.000,0.000,0.00,0.0,0.0
acorn-ef128,anticorr_q0470_tau0,anticorr,9900000,0,1,0.0000,0.0000,0.00024,64.609,64.609,64.609,0.000,64.609,0.000,0.000,0.00,0.0,0.0
acorn-ef256,anticorr_q0470_tau0,anticorr,9900000,0,1,0.0000,0.0000,0.00006,76.018,76.018,76.018,0.000,76.018,0.000,0.000,0.00,0.0,0.0
acorn-ef512,anticorr_q0470_tau0,anticorr,9900000,0,1,0.0000,0.0000,0.00003,91.822,91.822,91.822,0.000,91.822,0.000,0.000,0.00,0.0,0.0
acorn-ef64,anticorr_q0470_tau0.01,anticorr,9899943,0,1,0.9000,0.0000,0.00002,9.828,9.828,9.828,0.000,9.828,0.000,0.000,0.00,0.0,0.0
acorn-ef128,anticorr_q0470_tau0.01,anticorr,9899943,0,1,1.0000,1.0000,0.00000,9.957,9.957,9.957,0.000,9.957,0.000,0.000,0.00,0.0,0.0
acorn-ef256,anticorr_q0470_tau0.01,anticorr,9899943,0,1,1.0000,1.0000,0.00000,14.857,14.857,14.857,0.000,14.857,0.000,0.000,0.00,0.0,0.0
acorn-ef512,anticorr_q0470_tau0.01,anticorr,9899943,0,1,1.0000,1.0000,0.00000,20.730,20.730,20.730,0.000,20.730,0.000,0.000,0.00,0.0,0.0
acorn-ef64,anticorr_q0470_tau0.03,anticorr,9899584,0,1,1.0000,1.0000,0.00000,2.217,2.217,2.217,0.000,2.217,0.000,0.000,0.00,0.0,0.0
acorn-ef128,anticorr_q0470_tau0.03,anticorr,9899584,0,1,1.0000,1.0000,0.00000,1.448,1.448,1.448,0.000,1.448,0.000,0.000,0.00,0.0,0.0
acorn-ef256,anticorr_q0470_tau0.03,anticorr,9899584,0,1,1.0000,1.0000,0.00000,2.064,2.064,2.064,0.000,2.064,0.000,0.000,0.00,0.0,0.0
acorn-ef512,anticorr_q0470_tau0.03,anticorr,9899584,0,1,1.0000,1.0000,0.00000,3.645,3.645,3.645,0.000,3.645,0.000,0.000,0.00,0.0,0.0
acorn-ef64,anticorr_q0475_tau0,anticorr,9900000,0,1,0.0000,0.0000,0.00022,62.058,62.058,62.058,0.000,62.058,0.000,0.000,0.00,0.0,0.0
acorn-ef128,anticorr_q0475_tau0,anticorr,9900000,0,1,0.0000,0.0000,0.00016,69.208,69.208,69.208,0.000,69.208,0.000,0.000,0.00,0.0,0.0
acorn-ef256,anticorr_q0475_tau0,anticorr,9900000,0,1,0.0000,0.0000,0.00009,78.193,78.193,78.193,0.000,78.193,0.000,0.000,0.00,0.0,0.0
acorn-ef512,anticorr_q0475_tau0,anticorr,9900000,0,1,0.0000,0.0000,0.00007,91.689,91.689,91.689,0.000,91.689,0.000,0.000,0.00,0.0,0.0
acorn-ef64,anticorr_q0475_tau0.01,anticorr,9899930,0,1,0.9000,0.0000,0.00025,14.203,14.203,14.203,0.000,14.203,0.000,0.000,0.00,0.0,0.0
acorn-ef128,anticorr_q0475_tau0.01,anticorr,9899930,0,1,1.0000,1.0000,0.00000,13.484,13.484,13.484,0.000,13.484,0.000,0.000,0.00,0.0,0.0
acorn-ef256,anticorr_q0475_tau0.01,anticorr,9899930,0,1,1.0000,1.0000,0.00000,17.379,17.379,17.379,0.000,17.379,0.000,0.000,0.00,0.0,0.0
acorn-ef512,anticorr_q0475_tau0.01,anticorr,9899930,0,1,1.0000,1.0000,0.00000,24.429,24.429,24.429,0.000,24.429,0.000,0.000,0.00,0.0,0.0
acorn-ef64,anticorr_q0475_tau0.03,anticorr,9900115,0,1,1.0000,1.0000,0.00000,2.229,2.229,2.229,0.000,2.229,0.000,0.000,0.00,0.0,0.0
acorn-ef128,anticorr_q0475_tau0.03,anticorr,9900115,0,1,1.0000,1.0000,0.00000,1.367,1.367,1.367,0.000,1.367,0.000,0.000,0.00,0.0,0.0
acorn-ef256,anticorr_q0475_tau0.03,anticorr,9900115,0,1,1.0000,1.0000,0.00000,1.852,1.852,1.852,0.000,1.852,0.000,0.000,0.00,0.0,0.0
acorn-ef512,anticorr_q0475_tau0.03,anticorr,9900115,0,1,1.0000,1.0000,0.00000,3.385,3.385,3.385,0.000,3.385,0.000,0.000,0.00,0.0,0.0
acorn-ef64,anticorr_q0479_tau0,anticorr,9900000,0,1,0.0000,0.0000,0.00028,40.922,40.922,40.922,0.000,40.922,0.000,0.000,0.00,0.0,0.0
acorn-ef128,anticorr_q0479_tau0,anticorr,9900000,0,1,0.0000,0.0000,0.00017,44.913,44.913,44.913,0.000,44.913,0.000,0.000,0.00,0.0,0.0
acorn-ef256,anticorr_q0479_tau0,anticorr,9900000,0,1,0.0000,0.0000,0.00008,56.663,56.663,56.663,0.000,56.663,0.000,0.000,0.00,0.0,0.0
acorn-ef512,anticorr_q0479_tau0,anticorr,9900000,0,1,0.0000,0.0000,0.00005,73.112,73.112,73.112,0.000,73.112,0.000,0.000,0.00,0.0,0.0
acorn-ef64,anticorr_q0479_tau0.01,anticorr,9900207,0,1,0.5000,0.0000,0.00156,7.126,7.126,7.126,0.000,7.126,0.000,0.000,0.00,0.0,0.0
acorn-ef128,anticorr_q0479_tau0.01,anticorr,9900207,0,1,0.6000,0.0000,0.00107,7.488,7.488,7.488,0.000,7.488,0.000,0.000,0.00,0.0,0.0
acorn-ef256,anticorr_q0479_tau0.01,anticorr,9900207,0,1,0.8000,0.0000,0.00050,10.861,10.861,10.861,0.000,10.861,0.000,0.000,0.00,0.0,0.0
acorn-ef512,anticorr_q0479_tau0.01,anticorr,9900207,0,1,0.8000,0.0000,0.00033,17.398,17.398,17.398,0.000,17.398,0.000,0.000,0.00,0.0,0.0
acorn-ef64,anticorr_q0479_tau0.03,anticorr,9899501,0,1,1.0000,1.0000,0.00000,3.281,3.281,3.281,0.000,3.281,0.000,0.000,0.00,0.0,0.0
acorn-ef128,anticorr_q0479_tau0.03,anticorr,9899501,0,1,1.0000,1.0000,0.00000,2.100,2.100,2.100,0.000,2.100,0.000,0.000,0.00,0.0,0.0
acorn-ef256,anticorr_q0479_tau0.03,anticorr,9899501,0,1,1.0000,1.0000,0.00000,3.048,3.048,3.048,0.000,3.048,0.000,0.000,0.00,0.0,0.0
acorn-ef512,anticorr_q0479_tau0.03,anticorr,9899501,0,1,1.0000,1.0000,0.00000,5.378,5.378,5.378,0.000,5.378,0.000,0.000,0.00,0.0,0.0
acorn-ef64,anticorr_q0506_tau0,anticorr,9900000,0,1,0.0000,0.0000,0.00025,61.807,61.807,61.807,0.000,61.807,0.000,0.000,0.00,0.0,0.0
acorn-ef128,anticorr_q0506_tau0,anticorr,9900000,0,1,0.0000,0.0000,0.00013,67.523,67.523,67.523,0.000,67.523,0.000,0.000,0.00,0.0,0.0
acorn-ef256,anticorr_q0506_tau0,anticorr,9900000,0,1,0.0000,0.0000,0.00007,78.843,78.843,78.843,0.000,78.843,0.000,0.000,0.00,0.0,0.0
acorn-ef512,anticorr_q0506_tau0,anticorr,9900000,0,1,0.0000,0.0000,0.00003,97.038,97.038,97.038,0.000,97.038,0.000,0.000,0.00,0.0,0.0
acorn-ef64,anticorr_q0506_tau0.01,anticorr,9899733,0,1,0.9000,0.0000,0.00026,11.133,11.133,11.133,0.000,11.133,0.000,0.000,0.00,0.0,0.0
acorn-ef128,anticorr_q0506_tau0.01,anticorr,9899733,0,1,0.9000,0.0000,0.00026,10.570,10.570,10.570,0.000,10.570,0.000,0.000,0.00,0.0,0.0
acorn-ef256,anticorr_q0506_tau0.01,anticorr,9899733,0,1,0.9000,0.0000,0.00026,15.231,15.231,15.231,0.000,15.231,0.000,0.000,0.00,0.0,0.0
acorn-ef512,anticorr_q0506_tau0.01,anticorr,9899733,0,1,1.0000,1.0000,0.00000,22.375,22.375,22.375,0.000,22.375,0.000,0.000,0.00,0.0,0.0
acorn-ef64,anticorr_q0506_tau0.03,anticorr,9899983,0,1,1.0000,1.0000,0.00000,2.221,2.221,2.221,0.000,2.221,0.000,0.000,0.00,0.0,0.0
acorn-ef128,anticorr_q0506_tau0.03,anticorr,9899983,0,1,1.0000,1.0000,0.00000,1.710,1.710,1.710,0.000,1.710,0.000,0.000,0.00,0.0,0.0
acorn-ef256,anticorr_q0506_tau0.03,anticorr,9899983,0,1,1.0000,1.0000,0.00000,2.414,2.414,2.414,0.000,2.414,0.000,0.000,0.00,0.0,0.0
acorn-ef512,anticorr_q0506_tau0.03,anticorr,9899983,0,1,1.0000,1.0000,0.00000,3.633,3.633,3.633,0.000,3.633,0.000,0.000,0.00,0.0,0.0
acorn-ef64,anticorr_q0517_tau0,anticorr,9900000,0,1,0.0000,0.0000,0.00026,57.187,57.187,57.187,0.000,57.187,0.000,0.000,0.00,0.0,0.0
acorn-ef128,anticorr_q0517_tau0,anticorr,9900000,0,1,0.0000,0.0000,0.00011,64.900,64.900,64.900,0.000,64.900,0.000,0.000,0.00,0.0,0.0
acorn-ef256,anticorr_q0517_tau0,anticorr,9900000,0,1,0.0000,0.0000,0.00007,78.524,78.524,78.524,0.000,78.524,0.000,0.000,0.00,0.0,0.0
acorn-ef512,anticorr_q0517_tau0,anticorr,9900000,0,1,0.0000,0.0000,0.00005,91.050,91.050,91.050,0.000,91.050,0.000,0.000,0.00,0.0,0.0
acorn-ef64,anticorr_q0517_tau0.01,anticorr,9900123,0,1,0.5000,0.0000,0.00325,13.727,13.727,13.727,0.000,13.727,0.000,0.000,0.00,0.0,0.0
acorn-ef128,anticorr_q0517_tau0.01,anticorr,9900123,0,1,0.5000,0.0000,0.00253,15.405,15.405,15.405,0.000,15.405,0.000,0.000,0.00,0.0,0.0
acorn-ef256,anticorr_q0517_tau0.01,anticorr,9900123,0,1,0.6000,0.0000,0.00176,18.646,18.646,18.646,0.000,18.646,0.000,0.000,0.00,0.0,0.0
acorn-ef512,anticorr_q0517_tau0.01,anticorr,9900123,0,1,0.9000,0.0000,0.00007,27.016,27.016,27.016,0.000,27.016,0.000,0.000,0.00,0.0,0.0
acorn-ef64,anticorr_q0517_tau0.03,anticorr,9899832,0,1,1.0000,1.0000,0.00000,3.001,3.001,3.001,0.000,3.001,0.000,0.000,0.00,0.0,0.0
acorn-ef128,anticorr_q0517_tau0.03,anticorr,9899832,0,1,1.0000,1.0000,0.00000,2.090,2.090,2.090,0.000,2.090,0.000,0.000,0.00,0.0,0.0
acorn-ef256,anticorr_q0517_tau0.03,anticorr,9899832,0,1,1.0000,1.0000,0.00000,3.136,3.136,3.136,0.000,3.136,0.000,0.000,0.00,0.0,0.0
acorn-ef512,anticorr_q0517_tau0.03,anticorr,9899832,0,1,1.0000,1.0000,0.00000,5.371,5.371,5.371,0.000,5.371,0.000,0.000,0.00,0.0,0.0
acorn-ef64,anticorr_q0523_tau0,anticorr,9900000,0,1,0.0000,0.0000,0.00032,73.054,73.054,73.054,0.000,73.054,0.000,0.000,0.00,0.0,0.0
acorn-ef128,anticorr_q0523_tau0,anticorr,9900000,0,1,0.0000,0.0000,0.00016,79.365,79.365,79.365,0.000,79.365,0.000,0.000,0.00,0.0,0.0
acorn-ef256,anticorr_q0523_tau0,anticorr,9900000,0,1,0.0000,0.0000,0.00008,92.479,92.479,92.479,0.000,92.479,0.000,0.000,0.00,0.0,0.0
acorn-ef512,anticorr_q0523_tau0,anticorr,9900000,0,1,0.0000,0.0000,0.00005,107.997,107.997,107.997,0.000,107.997,0.000,0.000,0.00,0.0,0.0
acorn-ef64,anticorr_q0523_tau0.01,anticorr,9899484,0,1,0.8000,0.0000,0.00092,14.506,14.506,14.506,0.000,14.506,0.000,0.000,0.00,0.0,0.0
acorn-ef128,anticorr_q0523_tau0.01,anticorr,9899484,0,1,0.8000,0.0000,0.00092,13.840,13.840,13.840,0.000,13.840,0.000,0.000,0.00,0.0,0.0
acorn-ef256,anticorr_q0523_tau0.01,anticorr,9899484,0,1,0.8000,0.0000,0.00092,19.680,19.680,19.680,0.000,19.680,0.000,0.000,0.00,0.0,0.0
acorn-ef512,anticorr_q0523_tau0.01,anticorr,9899484,0,1,1.0000,1.0000,0.00000,27.455,27.455,27.455,0.000,27.455,0.000,0.000,0.00,0.0,0.0
acorn-ef64,anticorr_q0523_tau0.03,anticorr,9899888,0,1,1.0000,1.0000,0.00000,2.255,2.255,2.255,0.000,2.255,0.000,0.000,0.00,0.0,0.0
acorn-ef128,anticorr_q0523_tau0.03,anticorr,9899888,0,1,1.0000,1.0000,0.00000,1.512,1.512,1.512,0.000,1.512,0.000,0.000,0.00,0.0,0.0
acorn-ef256,anticorr_q0523_tau0.03,anticorr,9899888,0,1,1.0000,1.0000,0.00000,2.246,2.246,2.246,0.000,2.246,0.000,0.000,0.00,0.0,0.0
acorn-ef512,anticorr_q0523_tau0.03,anticorr,9899888,0,1,1.0000,1.0000,0.00000,3.819,3.819,3.819,0.000,3.819,0.000,0.000,0.00,0.0,0.0
acorn-ef64,anticorr_q0552_tau0,anticorr,9900001,0,1,0.0000,0.0000,0.00017,46.215,46.215,46.215,0.000,46.215,0.000,0.000,0.00,0.0,0.0
acorn-ef128,anticorr_q0552_tau0,anticorr,9900001,0,1,0.0000,0.0000,0.00012,51.654,51.654,51.654,0.000,51.654,0.000,0.000,0.00,0.0,0.0
acorn-ef256,anticorr_q0552_tau0,anticorr,9900001,0,1,0.0000,0.0000,0.00007,64.393,64.393,64.393,0.000,64.393,0.000,0.000,0.00,0.0,0.0
acorn-ef512,anticorr_q0552_tau0,anticorr,9900001,0,1,0.0000,0.0000,0.00003,76.707,76.707,76.707,0.000,76.707,0.000,0.000,0.00,0.0,0.0
acorn-ef64,anticorr_q0552_tau0.01,anticorr,9899888,0,1,0.5000,0.0000,0.00194,8.668,8.668,8.668,0.000,8.668,0.000,0.000,0.00,0.0,0.0
acorn-ef128,anticorr_q0552_tau0.01,anticorr,9899888,0,1,0.7000,0.0000,0.00103,8.376,8.376,8.376,0.000,8.376,0.000,0.000,0.00,0.0,0.0
acorn-ef256,anticorr_q0552_tau0.01,anticorr,9899888,0,1,0.9000,0.0000,0.00027,12.704,12.704,12.704,0.000,12.704,0.000,0.000,0.00,0.0,0.0
acorn-ef512,anticorr_q0552_tau0.01,anticorr,9899888,0,1,0.9000,0.0000,0.00027,19.081,19.081,19.081,0.000,19.081,0.000,0.000,0.00,0.0,0.0
acorn-ef64,anticorr_q0552_tau0.03,anticorr,9899649,0,1,1.0000,1.0000,0.00000,3.076,3.076,3.076,0.000,3.076,0.000,0.000,0.00,0.0,0.0
acorn-ef128,anticorr_q0552_tau0.03,anticorr,9899649,0,1,1.0000,1.0000,0.00000,1.902,1.902,1.902,0.000,1.902,0.000,0.000,0.00,0.0,0.0
acorn-ef256,anticorr_q0552_tau0.03,anticorr,9899649,0,1,1.0000,1.0000,0.00000,3.008,3.008,3.008,0.000,3.008,0.000,0.000,0.00,0.0,0.0
acorn-ef512,anticorr_q0552_tau0.03,anticorr,9899649,0,1,1.0000,1.0000,0.00000,5.036,5.036,5.036,0.000,5.036,0.000,0.000,0.00,0.0,0.0
acorn-ef64,anticorr_q0591_tau0,anticorr,9900000,0,1,0.0000,0.0000,0.00017,70.929,70.929,70.929,0.000,70.929,0.000,0.000,0.00,0.0,0.0
acorn-ef128,anticorr_q0591_tau0,anticorr,9900000,0,1,0.0000,0.0000,0.00012,77.374,77.374,77.374,0.000,77.374,0.000,0.000,0.00,0.0,0.0
acorn-ef256,anticorr_q0591_tau0,anticorr,9900000,0,1,0.0000,0.0000,0.00005,90.785,90.785,90.785,0.000,90.785,0.000,0.000,0.00,0.0,0.0
acorn-ef512,anticorr_q0591_tau0,anticorr,9900000,0,1,0.0000,0.0000,0.00003,103.847,103.847,103.847,0.000,103.847,0.000,0.000,0.00,0.0,0.0
acorn-ef64,anticorr_q0591_tau0.01,anticorr,9900154,0,1,0.9000,0.0000,0.00019,13.563,13.563,13.563,0.000,13.563,0.000,0.000,0.00,0.0,0.0
acorn-ef128,anticorr_q0591_tau0.01,anticorr,9900154,0,1,1.0000,1.0000,0.00000,14.024,14.024,14.024,0.000,14.024,0.000,0.000,0.00,0.0,0.0
acorn-ef256,anticorr_q0591_tau0.01,anticorr,9900154,0,1,1.0000,1.0000,0.00000,19.277,19.277,19.277,0.000,19.277,0.000,0.000,0.00,0.0,0.0
acorn-ef512,anticorr_q0591_tau0.01,anticorr,9900154,0,1,1.0000,1.0000,0.00000,27.120,27.120,27.120,0.000,27.120,0.000,0.000,0.00,0.0,0.0
acorn-ef64,anticorr_q0591_tau0.03,anticorr,9900140,0,1,1.0000,1.0000,0.00000,2.603,2.603,2.603,0.000,2.603,0.000,0.000,0.00,0.0,0.0
acorn-ef128,anticorr_q0591_tau0.03,anticorr,9900140,0,1,1.0000,1.0000,0.00000,1.703,1.703,1.703,0.000,1.703,0.000,0.000,0.00,0.0,0.0
acorn-ef256,anticorr_q0591_tau0.03,anticorr,9900140,0,1,1.0000,1.0000,0.00000,2.342,2.342,2.342,0.000,2.342,0.000,0.000,0.00,0.0,0.0
acorn-ef512,anticorr_q0591_tau0.03,anticorr,9900140,0,1,1.0000,1.0000,0.00000,4.283,4.283,4.283,0.000,4.283,0.000,0.000,0.00,0.0,0.0
acorn-ef64,anticorr_q0593_tau0,anticorr,9900000,0,1,0.0000,0.0000,0.00032,59.950,59.950,59.950,0.000,59.950,0.000,0.000,0.00,0.0,0.0
acorn-ef128,anticorr_q0593_tau0,anticorr,9900000,0,1,0.0000,0.0000,0.00022,64.728,64.728,64.728,0.000,64.728,0.000,0.000,0.00,0.0,0.0
acorn-ef256,anticorr_q0593_tau0,anticorr,9900000,0,1,0.1000,0.0000,0.00009,72.214,72.214,72.214,0.000,72.214,0.000,0.000,0.00,0.0,0.0
acorn-ef512,anticorr_q0593_tau0,anticorr,9900000,0,1,0.1000,0.0000,0.00004,85.366,85.366,85.366,0.000,85.366,0.000,0.000,0.00,0.0,0.0
acorn-ef64,anticorr_q0593_tau0.01,anticorr,9900414,0,1,0.6000,0.0000,0.00180,12.037,12.037,12.037,0.000,12.037,0.000,0.000,0.00,0.0,0.0
acorn-ef128,anticorr_q0593_tau0.01,anticorr,9900414,0,1,0.6000,0.0000,0.00161,11.158,11.158,11.158,0.000,11.158,0.000,0.000,0.00,0.0,0.0
acorn-ef256,anticorr_q0593_tau0.01,anticorr,9900414,0,1,0.8000,0.0000,0.00070,15.639,15.639,15.639,0.000,15.639,0.000,0.000,0.00,0.0,0.0
acorn-ef512,anticorr_q0593_tau0.01,anticorr,9900414,0,1,0.9000,0.0000,0.00003,21.921,21.921,21.921,0.000,21.921,0.000,0.000,0.00,0.0,0.0
acorn-ef64,anticorr_q0593_tau0.03,anticorr,9900005,0,1,1.0000,1.0000,0.00000,1.468,1.468,1.468,0.000,1.468,0.000,0.000,0.00,0.0,0.0
acorn-ef128,anticorr_q0593_tau0.03,anticorr,9900005,0,1,1.0000,1.0000,0.00000,1.388,1.388,1.388,0.000,1.388,0.000,0.000,0.00,0.0,0.0
acorn-ef256,anticorr_q0593_tau0.03,anticorr,9900005,0,1,1.0000,1.0000,0.00000,2.245,2.245,2.245,0.000,2.245,0.000,0.000,0.00,0.0,0.0
acorn-ef512,anticorr_q0593_tau0.03,anticorr,9900005,0,1,1.0000,1.0000,0.00000,3.835,3.835,3.835,0.000,3.835,0.000,0.000,0.00,0.0,0.0
acorn-ef64,anticorr_q0596_tau0,anticorr,9900000,0,1,0.0000,0.0000,0.00037,67.701,67.701,67.701,0.000,67.701,0.000,0.000,0.00,0.0,0.0
acorn-ef128,anticorr_q0596_tau0,anticorr,9900000,0,1,0.0000,0.0000,0.00007,74.618,74.618,74.618,0.000,74.618,0.000,0.000,0.00,0.0,0.0
acorn-ef256,anticorr_q0596_tau0,anticorr,9900000,0,1,0.0000,0.0000,0.00003,88.715,88.715,88.715,0.000,88.715,0.000,0.000,0.00,0.0,0.0
acorn-ef512,anticorr_q0596_tau0,anticorr,9900000,0,1,0.0000,0.0000,0.00002,115.398,115.398,115.398,0.000,115.398,0.000,0.000,0.00,0.0,0.0
acorn-ef64,anticorr_q0596_tau0.01,anticorr,9900518,0,1,0.8000,0.0000,0.00094,11.616,11.616,11.616,0.000,11.616,0.000,0.000,0.00,0.0,0.0
acorn-ef128,anticorr_q0596_tau0.01,anticorr,9900518,0,1,0.9000,0.0000,0.00049,11.334,11.334,11.334,0.000,11.334,0.000,0.000,0.00,0.0,0.0
acorn-ef256,anticorr_q0596_tau0.01,anticorr,9900518,0,1,0.9000,0.0000,0.00049,16.878,16.878,16.878,0.000,16.878,0.000,0.000,0.00,0.0,0.0
acorn-ef512,anticorr_q0596_tau0.01,anticorr,9900518,0,1,1.0000,1.0000,0.00000,24.966,24.966,24.966,0.000,24.966,0.000,0.000,0.00,0.0,0.0
acorn-ef64,anticorr_q0596_tau0.03,anticorr,9900472,0,1,1.0000,1.0000,0.00000,1.700,1.700,1.700,0.000,1.700,0.000,0.000,0.00,0.0,0.0
acorn-ef128,anticorr_q0596_tau0.03,anticorr,9900472,0,1,1.0000,1.0000,0.00000,1.653,1.653,1.653,0.000,1.653,0.000,0.000,0.00,0.0,0.0
acorn-ef256,anticorr_q0596_tau0.03,anticorr,9900472,0,1,1.0000,1.0000,0.00000,2.755,2.755,2.755,0.000,2.755,0.000,0.000,0.00,0.0,0.0
acorn-ef512,anticorr_q0596_tau0.03,anticorr,9900472,0,1,1.0000,1.0000,0.00000,4.049,4.049,4.049,0.000,4.049,0.000,0.000,0.00,0.0,0.0
acorn-ef64,anticorr_q0620_tau0,anticorr,9900002,0,1,0.0000,0.0000,0.00021,55.787,55.787,55.787,0.000,55.787,0.000,0.000,0.00,0.0,0.0
acorn-ef128,anticorr_q0620_tau0,anticorr,9900002,0,1,0.0000,0.0000,0.00008,64.965,64.965,64.965,0.000,64.965,0.000,0.000,0.00,0.0,0.0
acorn-ef256,anticorr_q0620_tau0,anticorr,9900002,0,1,0.0000,0.0000,0.00007,78.576,78.576,78.576,0.000,78.576,0.000,0.000,0.00,0.0,0.0
acorn-ef512,anticorr_q0620_tau0,anticorr,9900002,0,1,0.0000,0.0000,0.00003,95.838,95.838,95.838,0.000,95.838,0.000,0.000,0.00,0.0,0.0
acorn-ef64,anticorr_q0620_tau0.01,anticorr,9899856,0,1,1.0000,1.0000,0.00000,10.247,10.247,10.247,0.000,10.247,0.000,0.000,0.00,0.0,0.0
acorn-ef128,anticorr_q0620_tau0.01,anticorr,9899856,0,1,1.0000,1.0000,0.00000,11.471,11.471,11.471,0.000,11.471,0.000,0.000,0.00,0.0,0.0
acorn-ef256,anticorr_q0620_tau0.01,anticorr,9899856,0,1,1.0000,1.0000,0.00000,16.232,16.232,16.232,0.000,16.232,0.000,0.000,0.00,0.0,0.0
acorn-ef512,anticorr_q0620_tau0.01,anticorr,9899856,0,1,1.0000,1.0000,0.00000,24.061,24.061,24.061,0.000,24.061,0.000,0.000,0.00,0.0,0.0
acorn-ef64,anticorr_q0620_tau0.03,anticorr,9899741,0,1,1.0000,1.0000,0.00000,2.839,2.839,2.839,0.000,2.839,0.000,0.000,0.00,0.0,0.0
acorn-ef128,anticorr_q0620_tau0.03,anticorr,9899741,0,1,1.0000,1.0000,0.00000,1.454,1.454,1.454,0.000,1.454,0.000,0.000,0.00,0.0,0.0
acorn-ef256,anticorr_q0620_tau0.03,anticorr,9899741,0,1,1.0000,1.0000,0.00000,3.010,3.010,3.010,0.000,3.010,0.000,0.000,0.00,0.0,0.0
acorn-ef512,anticorr_q0620_tau0.03,anticorr,9899741,0,1,1.0000,1.0000,0.00000,4.776,4.776,4.776,0.000,4.776,0.000,0.000,0.00,0.0,0.0
acorn-ef64,anticorr_q0633_tau0,anticorr,9900000,0,1,0.0000,0.0000,0.00025,70.748,70.748,70.748,0.000,70.748,0.000,0.000,0.00,0.0,0.0
acorn-ef128,anticorr_q0633_tau0,anticorr,9900000,0,1,0.0000,0.0000,0.00010,76.259,76.259,76.259,0.000,76.259,0.000,0.000,0.00,0.0,0.0
acorn-ef256,anticorr_q0633_tau0,anticorr,9900000,0,1,0.0000,0.0000,0.00003,87.440,87.440,87.440,0.000,87.440,0.000,0.000,0.00,0.0,0.0
acorn-ef512,anticorr_q0633_tau0,anticorr,9900000,0,1,0.0000,0.0000,0.00003,101.349,101.349,101.349,0.000,101.349,0.000,0.000,0.00,0.0,0.0
acorn-ef64,anticorr_q0633_tau0.01,anticorr,9899936,0,1,1.0000,1.0000,0.00000,10.757,10.757,10.757,0.000,10.757,0.000,0.000,0.00,0.0,0.0
acorn-ef128,anticorr_q0633_tau0.01,anticorr,9899936,0,1,1.0000,1.0000,0.00000,12.501,12.501,12.501,0.000,12.501,0.000,0.000,0.00,0.0,0.0
acorn-ef256,anticorr_q0633_tau0.01,anticorr,9899936,0,1,1.0000,1.0000,0.00000,17.801,17.801,17.801,0.000,17.801,0.000,0.000,0.00,0.0,0.0
acorn-ef512,anticorr_q0633_tau0.01,anticorr,9899936,0,1,1.0000,1.0000,0.00000,28.102,28.102,28.102,0.000,28.102,0.000,0.000,0.00,0.0,0.0
acorn-ef64,anticorr_q0633_tau0.03,anticorr,9899322,0,1,1.0000,1.0000,0.00000,2.835,2.835,2.835,0.000,2.835,0.000,0.000,0.00,0.0,0.0
acorn-ef128,anticorr_q0633_tau0.03,anticorr,9899322,0,1,1.0000,1.0000,0.00000,1.644,1.644,1.644,0.000,1.644,0.000,0.000,0.00,0.0,0.0
acorn-ef256,anticorr_q0633_tau0.03,anticorr,9899322,0,1,1.0000,1.0000,0.00000,2.660,2.660,2.660,0.000,2.660,0.000,0.000,0.00,0.0,0.0
acorn-ef512,anticorr_q0633_tau0.03,anticorr,9899322,0,1,1.0000,1.0000,0.00000,3.857,3.857,3.857,0.000,3.857,0.000,0.000,0.00,0.0,0.0
acorn-ef64,anticorr_q0636_tau0,anticorr,9900000,0,1,0.0000,0.0000,0.00019,62.219,62.219,62.219,0.000,62.219,0.000,0.000,0.00,0.0,0.0
acorn-ef128,anticorr_q0636_tau0,anticorr,9900000,0,1,0.0000,0.0000,0.00005,70.464,70.464,70.464,0.000,70.464,0.000,0.000,0.00,0.0,0.0
acorn-ef256,anticorr_q0636_tau0,anticorr,9900000,0,1,0.0000,0.0000,0.00003,83.208,83.208,83.208,0.000,83.208,0.000,0.000,0.00,0.0,0.0
acorn-ef512,anticorr_q0636_tau0,anticorr,9900000,0,1,0.0000,0.0000,0.00003,96.014,96.014,96.014,0.000,96.014,0.000,0.000,0.00,0.0,0.0
acorn-ef64,anticorr_q0636_tau0.01,anticorr,9900445,0,1,0.5000,0.0000,0.00171,14.200,14.200,14.200,0.000,14.200,0.000,0.000,0.00,0.0,0.0
acorn-ef128,anticorr_q0636_tau0.01,anticorr,9900445,0,1,0.8000,0.0000,0.00024,14.832,14.832,14.832,0.000,14.832,0.000,0.000,0.00,0.0,0.0
acorn-ef256,anticorr_q0636_tau0.01,anticorr,9900445,0,1,1.0000,1.0000,0.00000,19.137,19.137,19.137,0.000,19.137,0.000,0.000,0.00,0.0,0.0
acorn-ef512,anticorr_q0636_tau0.01,anticorr,9900445,0,1,1.0000,1.0000,0.00000,26.730,26.730,26.730,0.000,26.730,0.000,0.000,0.00,0.0,0.0
acorn-ef64,anticorr_q0636_tau0.03,anticorr,9900840,0,1,1.0000,1.0000,0.00000,2.623,2.623,2.623,0.000,2.623,0.000,0.000,0.00,0.0,0.0
acorn-ef128,anticorr_q0636_tau0.03,anticorr,9900840,0,1,1.0000,1.0000,0.00000,1.546,1.546,1.546,0.000,1.546,0.000,0.000,0.00,0.0,0.0
acorn-ef256,anticorr_q0636_tau0.03,anticorr,9900840,0,1,1.0000,1.0000,0.00000,2.486,2.486,2.486,0.000,2.486,0.000,0.000,0.00,0.0,0.0
acorn-ef512,anticorr_q0636_tau0.03,anticorr,9900840,0,1,1.0000,1.0000,0.00000,4.117,4.117,4.117,0.000,4.117,0.000,0.000,0.00,0.0,0.0
acorn-ef64,anticorr_q0643_tau0,anticorr,9900000,0,1,0.0000,0.0000,0.00035,58.517,58.517,58.517,0.000,58.517,0.000,0.000,0.00,0.0,0.0
acorn-ef128,anticorr_q0643_tau0,anticorr,9900000,0,1,0.0000,0.0000,0.00011,62.621,62.621,62.621,0.000,62.621,0.000,0.000,0.00,0.0,0.0
acorn-ef256,anticorr_q0643_tau0,anticorr,9900000,0,1,0.0000,0.0000,0.00007,77.028,77.028,77.028,0.000,77.028,0.000,0.000,0.00,0.0,0.0
acorn-ef512,anticorr_q0643_tau0,anticorr,9900000,0,1,0.0000,0.0000,0.00005,93.768,93.768,93.768,0.000,93.768,0.000,0.000,0.00,0.0,0.0
acorn-ef64,anticorr_q0643_tau0.01,anticorr,9899589,0,1,0.4000,0.0000,0.00223,8.879,8.879,8.879,0.000,8.879,0.000,0.000,0.00,0.0,0.0
acorn-ef128,anticorr_q0643_tau0.01,anticorr,9899589,0,1,0.5000,0.0000,0.00182,10.496,10.496,10.496,0.000,10.496,0.000,0.000,0.00,0.0,0.0
acorn-ef256,anticorr_q0643_tau0.01,anticorr,9899589,0,1,0.5000,0.0000,0.00182,15.503,15.503,15.503,0.000,15.503,0.000,0.000,0.00,0.0,0.0
acorn-ef512,anticorr_q0643_tau0.01,anticorr,9899589,0,1,0.8000,0.0000,0.00047,21.438,21.438,21.438,0.000,21.438,0.000,0.000,0.00,0.0,0.0
acorn-ef64,anticorr_q0643_tau0.03,anticorr,9899489,0,1,0.9000,0.0000,0.00063,2.490,2.490,2.490,0.000,2.490,0.000,0.000,0.00,0.0,0.0
acorn-ef128,anticorr_q0643_tau0.03,anticorr,9899489,0,1,1.0000,1.0000,0.00000,2.173,2.173,2.173,0.000,2.173,0.000,0.000,0.00,0.0,0.0
acorn-ef256,anticorr_q0643_tau0.03,anticorr,9899489,0,1,1.0000,1.0000,0.00000,3.056,3.056,3.056,0.000,3.056,0.000,0.000,0.00,0.0,0.0
acorn-ef512,anticorr_q0643_tau0.03,anticorr,9899489,0,1,1.0000,1.0000,0.00000,4.855,4.855,4.855,0.000,4.855,0.000,0.000,0.00,0.0,0.0
acorn-ef64,anticorr_q0655_tau0,anticorr,9900000,0,1,0.0000,0.0000,0.00024,76.195,76.195,76.195,0.000,76.195,0.000,0.000,0.00,0.0,0.0
acorn-ef128,anticorr_q0655_tau0,anticorr,9900000,0,1,0.0000,0.0000,0.00019,76.137,76.137,76.137,0.000,76.137,0.000,0.000,0.00,0.0,0.0
acorn-ef256,anticorr_q0655_tau0,anticorr,9900000,0,1,0.0000,0.0000,0.00009,86.515,86.515,86.515,0.000,86.515,0.000,0.000,0.00,0.0,0.0
acorn-ef512,anticorr_q0655_tau0,anticorr,9900000,0,1,0.0000,0.0000,0.00003,99.694,99.694,99.694,0.000,99.694,0.000,0.000,0.00,0.0,0.0
acorn-ef64,anticorr_q0655_tau0.01,anticorr,9899936,0,1,0.9000,0.0000,0.00048,11.328,11.328,11.328,0.000,11.328,0.000,0.000,0.00,0.0,0.0
acorn-ef128,anticorr_q0655_tau0.01,anticorr,9899936,0,1,1.0000,1.0000,0.00000,12.392,12.392,12.392,0.000,12.392,0.000,0.000,0.00,0.0,0.0
acorn-ef256,anticorr_q0655_tau0.01,anticorr,9899936,0,1,1.0000,1.0000,0.00000,17.392,17.392,17.392,0.000,17.392,0.000,0.000,0.00,0.0,0.0
acorn-ef512,anticorr_q0655_tau0.01,anticorr,9899936,0,1,1.0000,1.0000,0.00000,23.465,23.465,23.465,0.000,23.465,0.000,0.000,0.00,0.0,0.0
acorn-ef64,anticorr_q0655_tau0.03,anticorr,9900416,0,1,1.0000,1.0000,0.00000,1.936,1.936,1.936,0.000,1.936,0.000,0.000,0.00,0.0,0.0
acorn-ef128,anticorr_q0655_tau0.03,anticorr,9900416,0,1,1.0000,1.0000,0.00000,1.692,1.692,1.692,0.000,1.692,0.000,0.000,0.00,0.0,0.0
acorn-ef256,anticorr_q0655_tau0.03,anticorr,9900416,0,1,1.0000,1.0000,0.00000,2.772,2.772,2.772,0.000,2.772,0.000,0.000,0.00,0.0,0.0
acorn-ef512,anticorr_q0655_tau0.03,anticorr,9900416,0,1,1.0000,1.0000,0.00000,4.469,4.469,4.469,0.000,4.469,0.000,0.000,0.00,0.0,0.0
acorn-ef64,anticorr_q0656_tau0,anticorr,9900001,0,1,0.0000,0.0000,0.00019,63.581,63.581,63.581,0.000,63.581,0.000,0.000,0.00,0.0,0.0
acorn-ef128,anticorr_q0656_tau0,anticorr,9900001,0,1,0.0000,0.0000,0.00009,72.024,72.024,72.024,0.000,72.024,0.000,0.000,0.00,0.0,0.0
acorn-ef256,anticorr_q0656_tau0,anticorr,9900001,0,1,0.0000,0.0000,0.00006,83.117,83.117,83.117,0.000,83.117,0.000,0.000,0.00,0.0,0.0
acorn-ef512,anticorr_q0656_tau0,anticorr,9900001,0,1,0.1000,0.0000,0.00002,99.490,99.490,99.490,0.000,99.490,0.000,0.000,0.00,0.0,0.0
acorn-ef64,anticorr_q0656_tau0.01,anticorr,9899725,0,1,0.9000,0.0000,0.00011,12.252,12.252,12.252,0.000,12.252,0.000,0.000,0.00,0.0,0.0
acorn-ef128,anticorr_q0656_tau0.01,anticorr,9899725,0,1,1.0000,1.0000,0.00000,12.295,12.295,12.295,0.000,12.295,0.000,0.000,0.00,0.0,0.0
acorn-ef256,anticorr_q0656_tau0.01,anticorr,9899725,0,1,1.0000,1.0000,0.00000,17.860,17.860,17.860,0.000,17.860,0.000,0.000,0.00,0.0,0.0
acorn-ef512,anticorr_q0656_tau0.01,anticorr,9899725,0,1,1.0000,1.0000,0.00000,25.306,25.306,25.306,0.000,25.306,0.000,0.000,0.00,0.0,0.0
acorn-ef64,anticorr_q0656_tau0.03,anticorr,9900557,0,1,1.0000,1.0000,0.00000,2.184,2.184,2.184,0.000,2.184,0.000,0.000,0.00,0.0,0.0
acorn-ef128,anticorr_q0656_tau0.03,anticorr,9900557,0,1,1.0000,1.0000,0.00000,1.675,1.675,1.675,0.000,1.675,0.000,0.000,0.00,0.0,0.0
acorn-ef256,anticorr_q0656_tau0.03,anticorr,9900557,0,1,1.0000,1.0000,0.00000,2.353,2.353,2.353,0.000,2.353,0.000,0.000,0.00,0.0,0.0
acorn-ef512,anticorr_q0656_tau0.03,anticorr,9900557,0,1,1.0000,1.0000,0.00000,4.053,4.053,4.053,0.000,4.053,0.000,0.000,0.00,0.0,0.0
acorn-ef64,anticorr_q0660_tau0,anticorr,9900000,0,1,0.0000,0.0000,0.00043,54.301,54.301,54.301,0.000,54.301,0.000,0.000,0.00,0.0,0.0
acorn-ef128,anticorr_q0660_tau0,anticorr,9900000,0,1,0.0000,0.0000,0.00022,59.976,59.976,59.976,0.000,59.976,0.000,0.000,0.00,0.0,0.0
acorn-ef256,anticorr_q0660_tau0,anticorr,9900000,0,1,0.0000,0.0000,0.00010,70.816,70.816,70.816,0.000,70.816,0.000,0.000,0.00,0.0,0.0
acorn-ef512,anticorr_q0660_tau0,anticorr,9900000,0,1,0.0000,0.0000,0.00007,87.447,87.447,87.447,0.000,87.447,0.000,0.000,0.00,0.0,0.0
acorn-ef64,anticorr_q0660_tau0.01,anticorr,9899848,0,1,0.5000,0.0000,0.00336,12.815,12.815,12.815,0.000,12.815,0.000,0.000,0.00,0.0,0.0
acorn-ef128,anticorr_q0660_tau0.01,anticorr,9899848,0,1,0.6000,0.0000,0.00215,12.220,12.220,12.220,0.000,12.220,0.000,0.000,0.00,0.0,0.0
acorn-ef256,anticorr_q0660_tau0.01,anticorr,9899848,0,1,0.9000,0.0000,0.00017,17.630,17.630,17.630,0.000,17.630,0.000,0.000,0.00,0.0,0.0
acorn-ef512,anticorr_q0660_tau0.01,anticorr,9899848,0,1,0.9000,0.0000,0.00017,24.523,24.523,24.523,0.000,24.523,0.000,0.000,0.00,0.0,0.0
acorn-ef64,anticorr_q0660_tau0.03,anticorr,9899835,0,1,1.0000,1.0000,0.00000,2.666,2.666,2.666,0.000,2.666,0.000,0.000,0.00,0.0,0.0
acorn-ef128,anticorr_q0660_tau0.03,anticorr,9899835,0,1,1.0000,1.0000,0.00000,1.843,1.843,1.843,0.000,1.843,0.000,0.000,0.00,0.0,0.0
acorn-ef256,anticorr_q0660_tau0.03,anticorr,9899835,0,1,1.0000,1.0000,0.00000,3.103,3.103,3.103,0.000,3.103,0.000,0.000,0.00,0.0,0.0
acorn-ef512,anticorr_q0660_tau0.03,anticorr,9899835,0,1,1.0000,1.0000,0.00000,5.113,5.113,5.113,0.000,5.113,0.000,0.000,0.00,0.0,0.0
acorn-ef64,anticorr_q0669_tau0,anticorr,9900000,0,1,0.0000,0.0000,0.00026,58.876,58.876,58.876,0.000,58.876,0.000,0.000,0.00,0.0,0.0
acorn-ef128,anticorr_q0669_tau0,anticorr,9900000,0,1,0.0000,0.0000,0.00014,67.980,67.980,67.980,0.000,67.980,0.000,0.000,0.00,0.0,0.0
acorn-ef256,anticorr_q0669_tau0,anticorr,9900000,0,1,0.0000,0.0000,0.00012,83.158,83.158,83.158,0.000,83.158,0.000,0.000,0.00,0.0,0.0
acorn-ef512,anticorr_q0669_tau0,anticorr,9900000,0,1,0.0000,0.0000,0.00004,96.914,96.914,96.914,0.000,96.914,0.000,0.000,0.00,0.0,0.0
acorn-ef64,anticorr_q0669_tau0.01,anticorr,9900129,0,1,0.9000,0.0000,0.00031,13.825,13.825,13.825,0.000,13.825,0.000,0.000,0.00,0.0,0.0
acorn-ef128,anticorr_q0669_tau0.01,anticorr,9900129,0,1,1.0000,1.0000,0.00000,14.598,14.598,14.598,0.000,14.598,0.000,0.000,0.00,0.0,0.0
acorn-ef256,anticorr_q0669_tau0.01,anticorr,9900129,0,1,1.0000,1.0000,0.00000,20.076,20.076,20.076,0.000,20.076,0.000,0.000,0.00,0.0,0.0
acorn-ef512,anticorr_q0669_tau0.01,anticorr,9900129,0,1,1.0000,1.0000,0.00000,27.957,27.957,27.957,0.000,27.957,0.000,0.000,0.00,0.0,0.0
acorn-ef64,anticorr_q0669_tau0.03,anticorr,9900060,0,1,0.9000,0.0000,0.00009,3.139,3.139,3.139,0.000,3.139,0.000,0.000,0.00,0.0,0.0
acorn-ef128,anticorr_q0669_tau0.03,anticorr,9900060,0,1,1.0000,1.0000,0.00000,2.002,2.002,2.002,0.000,2.002,0.000,0.000,0.00,0.0,0.0
acorn-ef256,anticorr_q0669_tau0.03,anticorr,9900060,0,1,1.0000,1.0000,0.00000,3.269,3.269,3.269,0.000,3.269,0.000,0.000,0.00,0.0,0.0
acorn-ef512,anticorr_q0669_tau0.03,anticorr,9900060,0,1,1.0000,1.0000,0.00000,4.786,4.786,4.786,0.000,4.786,0.000,0.000,0.00,0.0,0.0
acorn-ef64,anticorr_q0671_tau0,anticorr,9900000,0,1,0.0000,0.0000,0.00022,43.826,43.826,43.826,0.000,43.826,0.000,0.000,0.00,0.0,0.0
acorn-ef128,anticorr_q0671_tau0,anticorr,9900000,0,1,0.0000,0.0000,0.00010,52.070,52.070,52.070,0.000,52.070,0.000,0.000,0.00,0.0,0.0
acorn-ef256,anticorr_q0671_tau0,anticorr,9900000,0,1,0.0000,0.0000,0.00004,64.395,64.395,64.395,0.000,64.395,0.000,0.000,0.00,0.0,0.0
acorn-ef512,anticorr_q0671_tau0,anticorr,9900000,0,1,0.0000,0.0000,0.00002,78.303,78.303,78.303,0.000,78.303,0.000,0.000,0.00,0.0,0.0
acorn-ef64,anticorr_q0671_tau0.01,anticorr,9899767,0,1,0.9000,0.0000,0.00023,6.637,6.637,6.637,0.000,6.637,0.000,0.000,0.00,0.0,0.0
acorn-ef128,anticorr_q0671_tau0.01,anticorr,9899767,0,1,1.0000,1.0000,0.00000,6.380,6.380,6.380,0.000,6.380,0.000,0.000,0.00,0.0,0.0
acorn-ef256,anticorr_q0671_tau0.01,anticorr,9899767,0,1,1.0000,1.0000,0.00000,9.423,9.423,9.423,0.000,9.423,0.000,0.000,0.00,0.0,0.0
acorn-ef512,anticorr_q0671_tau0.01,anticorr,9899767,0,1,1.0000,1.0000,0.00000,13.956,13.956,13.956,0.000,13.956,0.000,0.000,0.00,0.0,0.0
acorn-ef64,anticorr_q0671_tau0.03,anticorr,9900017,0,1,1.0000,1.0000,0.00000,2.050,2.050,2.050,0.000,2.050,0.000,0.000,0.00,0.0,0.0
acorn-ef128,anticorr_q0671_tau0.03,anticorr,9900017,0,1,1.0000,1.0000,0.00000,1.547,1.547,1.547,0.000,1.547,0.000,0.000,0.00,0.0,0.0
acorn-ef256,anticorr_q0671_tau0.03,anticorr,9900017,0,1,1.0000,1.0000,0.00000,2.091,2.091,2.091,0.000,2.091,0.000,0.000,0.00,0.0,0.0
acorn-ef512,anticorr_q0671_tau0.03,anticorr,9900017,0,1,1.0000,1.0000,0.00000,3.132,3.132,3.132,0.000,3.132,0.000,0.000,0.00,0.0,0.0
acorn-ef64,anticorr_q0681_tau0,anticorr,9900000,0,1,0.0000,0.0000,0.00017,68.039,68.039,68.039,0.000,68.039,0.000,0.000,0.00,0.0,0.0
acorn-ef128,anticorr_q0681_tau0,anticorr,9900000,0,1,0.0000,0.0000,0.00011,75.277,75.277,75.277,0.000,75.277,0.000,0.000,0.00,0.0,0.0
acorn-ef256,anticorr_q0681_tau0,anticorr,9900000,0,1,0.0000,0.0000,0.00009,87.895,87.895,87.895,0.000,87.895,0.000,0.000,0.00,0.0,0.0
acorn-ef512,anticorr_q0681_tau0,anticorr,9900000,0,1,0.0000,0.0000,0.00005,102.693,102.693,102.693,0.000,102.693,0.000,0.000,0.00,0.0,0.0
acorn-ef64,anticorr_q0681_tau0.01,anticorr,9900094,0,1,0.9000,0.0000,0.00022,13.245,13.245,13.245,0.000,13.245,0.000,0.000,0.00,0.0,0.0
acorn-ef128,anticorr_q0681_tau0.01,anticorr,9900094,0,1,0.9000,0.0000,0.00020,13.605,13.605,13.605,0.000,13.605,0.000,0.000,0.00,0.0,0.0
acorn-ef256,anticorr_q0681_tau0.01,anticorr,9900094,0,1,1.0000,1.0000,0.00000,17.956,17.956,17.956,0.000,17.956,0.000,0.000,0.00,0.0,0.0
acorn-ef512,anticorr_q0681_tau0.01,anticorr,9900094,0,1,1.0000,1.0000,0.00000,25.851,25.851,25.851,0.000,25.851,0.000,0.000,0.00,0.0,0.0
acorn-ef64,anticorr_q0681_tau0.03,anticorr,9899861,0,1,1.0000,1.0000,0.00000,2.703,2.703,2.703,0.000,2.703,0.000,0.000,0.00,0.0,0.0
acorn-ef128,anticorr_q0681_tau0.03,anticorr,9899861,0,1,1.0000,1.0000,0.00000,1.874,1.874,1.874,0.000,1.874,0.000,0.000,0.00,0.0,0.0
acorn-ef256,anticorr_q0681_tau0.03,anticorr,9899861,0,1,1.0000,1.0000,0.00000,2.443,2.443,2.443,0.000,2.443,0.000,0.000,0.00,0.0,0.0
acorn-ef512,anticorr_q0681_tau0.03,anticorr,9899861,0,1,1.0000,1.0000,0.00000,4.201,4.201,4.201,0.000,4.201,0.000,0.000,0.00,0.0,0.0
acorn-ef64,anticorr_q0690_tau0,anticorr,9900001,0,1,0.0000,0.0000,0.00035,75.574,75.574,75.574,0.000,75.574,0.000,0.000,0.00,0.0,0.0
acorn-ef128,anticorr_q0690_tau0,anticorr,9900001,0,1,0.0000,0.0000,0.00014,81.295,81.295,81.295,0.000,81.295,0.000,0.000,0.00,0.0,0.0
acorn-ef256,anticorr_q0690_tau0,anticorr,9900001,0,1,0.0000,0.0000,0.00007,93.389,93.389,93.389,0.000,93.389,0.000,0.000,0.00,0.0,0.0
acorn-ef512,anticorr_q0690_tau0,anticorr,9900001,0,1,0.0000,0.0000,0.00005,107.258,107.258,107.258,0.000,107.258,0.000,0.000,0.00,0.0,0.0
acorn-ef64,anticorr_q0690_tau0.01,anticorr,9899876,0,1,0.8000,0.0000,0.00208,14.905,14.905,14.905,0.000,14.905,0.000,0.000,0.00,0.0,0.0
acorn-ef128,anticorr_q0690_tau0.01,anticorr,9899876,0,1,1.0000,1.0000,0.00000,14.797,14.797,14.797,0.000,14.797,0.000,0.000,0.00,0.0,0.0
acorn-ef256,anticorr_q0690_tau0.01,anticorr,9899876,0,1,1.0000,1.0000,0.00000,20.296,20.296,20.296,0.000,20.296,0.000,0.000,0.00,0.0,0.0
acorn-ef512,anticorr_q0690_tau0.01,anticorr,9899876,0,1,1.0000,1.0000,0.00000,29.239,29.239,29.239,0.000,29.239,0.000,0.000,0.00,0.0,0.0
acorn-ef64,anticorr_q0690_tau0.03,anticorr,9899901,0,1,0.9000,0.0000,0.00042,2.306,2.306,2.306,0.000,2.306,0.000,0.000,0.00,0.0,0.0
acorn-ef128,anticorr_q0690_tau0.03,anticorr,9899901,0,1,0.9000,0.0000,0.00042,1.498,1.498,1.498,0.000,1.498,0.000,0.000,0.00,0.0,0.0
acorn-ef256,anticorr_q0690_tau0.03,anticorr,9899901,0,1,1.0000,1.0000,0.00000,2.127,2.127,2.127,0.000,2.127,0.000,0.000,0.00,0.0,0.0
acorn-ef512,anticorr_q0690_tau0.03,anticorr,9899901,0,1,1.0000,1.0000,0.00000,3.727,3.727,3.727,0.000,3.727,0.000,0.000,0.00,0.0,0.0
acorn-ef64,anticorr_q0695_tau0,anticorr,9900000,0,1,0.0000,0.0000,0.00018,73.433,73.433,73.433,0.000,73.433,0.000,0.000,0.00,0.0,0.0
acorn-ef128,anticorr_q0695_tau0,anticorr,9900000,0,1,0.1000,0.0000,0.00008,85.319,85.319,85.319,0.000,85.319,0.000,0.000,0.00,0.0,0.0
acorn-ef256,anticorr_q0695_tau0,anticorr,9900000,0,1,0.1000,0.0000,0.00005,94.883,94.883,94.883,0.000,94.883,0.000,0.000,0.00,0.0,0.0
acorn-ef512,anticorr_q0695_tau0,anticorr,9900000,0,1,0.2000,0.0000,0.00001,99.801,99.801,99.801,0.000,99.801,0.000,0.000,0.00,0.0,0.0
acorn-ef64,anticorr_q0695_tau0.01,anticorr,9899936,0,1,1.0000,1.0000,0.00000,13.007,13.007,13.007,0.000,13.007,0.000,0.000,0.00,0.0,0.0
acorn-ef128,anticorr_q0695_tau0.01,anticorr,9899936,0,1,1.0000,1.0000,0.00000,13.096,13.096,13.096,0.000,13.096,0.000,0.000,0.00,0.0,0.0
acorn-ef256,anticorr_q0695_tau0.01,anticorr,9899936,0,1,1.0000,1.0000,0.00000,16.512,16.512,16.512,0.000,16.512,0.000,0.000,0.00,0.0,0.0
acorn-ef512,anticorr_q0695_tau0.01,anticorr,9899936,0,1,1.0000,1.0000,0.00000,23.617,23.617,23.617,0.000,23.617,0.000,0.000,0.00,0.0,0.0
acorn-ef64,anticorr_q0695_tau0.03,anticorr,9899734,0,1,1.0000,1.0000,0.00000,2.635,2.635,2.635,0.000,2.635,0.000,0.000,0.00,0.0,0.0
acorn-ef128,anticorr_q0695_tau0.03,anticorr,9899734,0,1,1.0000,1.0000,0.00000,1.657,1.657,1.657,0.000,1.657,0.000,0.000,0.00,0.0,0.0
acorn-ef256,anticorr_q0695_tau0.03,anticorr,9899734,0,1,1.0000,1.0000,0.00000,2.724,2.724,2.724,0.000,2.724,0.000,0.000,0.00,0.0,0.0
acorn-ef512,anticorr_q0695_tau0.03,anticorr,9899734,0,1,1.0000,1.0000,0.00000,4.186,4.186,4.186,0.000,4.186,0.000,0.000,0.00,0.0,0.0
acorn-ef64,anticorr_q0698_tau0,anticorr,9900001,0,1,0.0000,0.0000,0.00026,56.410,56.410,56.410,0.000,56.410,0.000,0.000,0.00,0.0,0.0
acorn-ef128,anticorr_q0698_tau0,anticorr,9900001,0,1,0.0000,0.0000,0.00021,64.354,64.354,64.354,0.000,64.354,0.000,0.000,0.00,0.0,0.0
acorn-ef256,anticorr_q0698_tau0,anticorr,9900001,0,1,0.0000,0.0000,0.00014,76.925,76.925,76.925,0.000,76.925,0.000,0.000,0.00,0.0,0.0
acorn-ef512,anticorr_q0698_tau0,anticorr,9900001,0,1,0.0000,0.0000,0.00009,94.078,94.078,94.078,0.000,94.078,0.000,0.000,0.00,0.0,0.0
acorn-ef64,anticorr_q0698_tau0.01,anticorr,9899936,0,1,0.9000,0.0000,0.00006,10.174,10.174,10.174,0.000,10.174,0.000,0.000,0.00,0.0,0.0
acorn-ef128,anticorr_q0698_tau0.01,anticorr,9899936,0,1,0.9000,0.0000,0.00006,9.850,9.850,9.850,0.000,9.850,0.000,0.000,0.00,0.0,0.0
acorn-ef256,anticorr_q0698_tau0.01,anticorr,9899936,0,1,1.0000,1.0000,0.00000,14.291,14.291,14.291,0.000,14.291,0.000,0.000,0.00,0.0,0.0
acorn-ef512,anticorr_q0698_tau0.01,anticorr,9899936,0,1,1.0000,1.0000,0.00000,20.513,20.513,20.513,0.000,20.513,0.000,0.000,0.00,0.0,0.0
acorn-ef64,anticorr_q0698_tau0.03,anticorr,9900691,0,1,1.0000,1.0000,0.00000,2.461,2.461,2.461,0.000,2.461,0.000,0.000,0.00,0.0,0.0
acorn-ef128,anticorr_q0698_tau0.03,anticorr,9900691,0,1,1.0000,1.0000,0.00000,1.444,1.444,1.444,0.000,1.444,0.000,0.000,0.00,0.0,0.0
acorn-ef256,anticorr_q0698_tau0.03,anticorr,9900691,0,1,1.0000,1.0000,0.00000,2.817,2.817,2.817,0.000,2.817,0.000,0.000,0.00,0.0,0.0
acorn-ef512,anticorr_q0698_tau0.03,anticorr,9900691,0,1,1.0000,1.0000,0.00000,3.534,3.534,3.534,0.000,3.534,0.000,0.000,0.00,0.0,0.0
acorn-ef64,anticorr_q0712_tau0,anticorr,9900000,0,1,0.0000,0.0000,0.00048,59.995,59.995,59.995,0.000,59.995,0.000,0.000,0.00,0.0,0.0
acorn-ef128,anticorr_q0712_tau0,anticorr,9900000,0,1,0.0000,0.0000,0.00018,67.234,67.234,67.234,0.000,67.234,0.000,0.000,0.00,0.0,0.0
acorn-ef256,anticorr_q0712_tau0,anticorr,9900000,0,1,0.0000,0.0000,0.00010,77.491,77.491,77.491,0.000,77.491,0.000,0.000,0.00,0.0,0.0
acorn-ef512,anticorr_q0712_tau0,anticorr,9900000,0,1,0.0000,0.0000,0.00006,92.962,92.962,92.962,0.000,92.962,0.000,0.000,0.00,0.0,0.0
acorn-ef64,anticorr_q0712_tau0.01,anticorr,9899910,0,1,0.4000,0.0000,0.00422,14.729,14.729,14.729,0.000,14.729,0.000,0.000,0.00,0.0,0.0
acorn-ef128,anticorr_q0712_tau0.01,anticorr,9899910,0,1,0.8000,0.0000,0.00095,19.603,19.603,19.603,0.000,19.603,0.000,0.000,0.00,0.0,0.0
acorn-ef256,anticorr_q0712_tau0.01,anticorr,9899910,0,1,0.8000,0.0000,0.00095,23.913,23.913,23.913,0.000,23.913,0.000,0.000,0.00,0.0,0.0
acorn-ef512,anticorr_q0712_tau0.01,anticorr,9899910,0,1,0.9000,0.0000,0.00002,31.001,31.001,31.001,0.000,31.001,0.000,0.000,0.00,0.0,0.0
acorn-ef64,anticorr_q0712_tau0.03,anticorr,9900215,0,1,1.0000,1.0000,0.00000,2.671,2.671,2.671,0.000,2.671,0.000,0.000,0.00,0.0,0.0
acorn-ef128,anticorr_q0712_tau0.03,anticorr,9900215,0,1,1.0000,1.0000,0.00000,2.072,2.072,2.072,0.000,2.072,0.000,0.000,0.00,0.0,0.0
acorn-ef256,anticorr_q0712_tau0.03,anticorr,9900215,0,1,1.0000,1.0000,0.00000,3.199,3.199,3.199,0.000,3.199,0.000,0.000,0.00,0.0,0.0
acorn-ef512,anticorr_q0712_tau0.03,anticorr,9900215,0,1,1.0000,1.0000,0.00000,5.822,5.822,5.822,0.000,5.822,0.000,0.000,0.00,0.0,0.0
acorn-ef64,anticorr_q0714_tau0,anticorr,9900000,0,1,0.0000,0.0000,0.00020,53.920,53.920,53.920,0.000,53.920,0.000,0.000,0.00,0.0,0.0
acorn-ef128,anticorr_q0714_tau0,anticorr,9900000,0,1,0.0000,0.0000,0.00010,59.151,59.151,59.151,0.000,59.151,0.000,0.000,0.00,0.0,0.0
acorn-ef256,anticorr_q0714_tau0,anticorr,9900000,0,1,0.0000,0.0000,0.00007,71.201,71.201,71.201,0.000,71.201,0.000,0.000,0.00,0.0,0.0
acorn-ef512,anticorr_q0714_tau0,anticorr,9900000,0,1,0.0000,0.0000,0.00004,86.879,86.879,86.879,0.000,86.879,0.000,0.000,0.00,0.0,0.0
acorn-ef64,anticorr_q0714_tau0.01,anticorr,9900125,0,1,1.0000,1.0000,0.00000,8.929,8.929,8.929,0.000,8.929,0.000,0.000,0.00,0.0,0.0
acorn-ef128,anticorr_q0714_tau0.01,anticorr,9900125,0,1,1.0000,1.0000,0.00000,9.086,9.086,9.086,0.000,9.086,0.000,0.000,0.00,0.0,0.0
acorn-ef256,anticorr_q0714_tau0.01,anticorr,9900125,0,1,1.0000,1.0000,0.00000,13.704,13.704,13.704,0.000,13.704,0.000,0.000,0.00,0.0,0.0
acorn-ef512,anticorr_q0714_tau0.01,anticorr,9900125,0,1,1.0000,1.0000,0.00000,18.331,18.331,18.331,0.000,18.331,0.000,0.000,0.00,0.0,0.0
acorn-ef64,anticorr_q0714_tau0.03,anticorr,9899674,0,1,1.0000,1.0000,0.00000,2.527,2.527,2.527,0.000,2.527,0.000,0.000,0.00,0.0,0.0
acorn-ef128,anticorr_q0714_tau0.03,anticorr,9899674,0,1,1.0000,1.0000,0.00000,1.605,1.605,1.605,0.000,1.605,0.000,0.000,0.00,0.0,0.0
acorn-ef256,anticorr_q0714_tau0.03,anticorr,9899674,0,1,1.0000,1.0000,0.00000,2.144,2.144,2.144,0.000,2.144,0.000,0.000,0.00,0.0,0.0
acorn-ef512,anticorr_q0714_tau0.03,anticorr,9899674,0,1,1.0000,1.0000,0.00000,3.990,3.990,3.990,0.000,3.990,0.000,0.000,0.00,0.0,0.0
acorn-ef64,anticorr_q0716_tau0,anticorr,9900000,0,1,0.0000,0.0000,0.00029,71.685,71.685,71.685,0.000,71.685,0.000,0.000,0.00,0.0,0.0
acorn-ef128,anticorr_q0716_tau0,anticorr,9900000,0,1,0.0000,0.0000,0.00012,80.878,80.878,80.878,0.000,80.878,0.000,0.000,0.00,0.0,0.0
acorn-ef256,anticorr_q0716_tau0,anticorr,9900000,0,1,0.0000,0.0000,0.00008,92.807,92.807,92.807,0.000,92.807,0.000,0.000,0.00,0.0,0.0
acorn-ef512,anticorr_q0716_tau0,anticorr,9900000,0,1,0.1000,0.0000,0.00003,108.184,108.184,108.184,0.000,108.184,0.000,0.000,0.00,0.0,0.0
acorn-ef64,anticorr_q0716_tau0.01,anticorr,9900123,0,1,0.8000,0.0000,0.00206,14.529,14.529,14.529,0.000,14.529,0.000,0.000,0.00,0.0,0.0
acorn-ef128,anticorr_q0716_tau0.01,anticorr,9900123,0,1,0.9000,0.0000,0.00103,17.163,17.163,17.163,0.000,17.163,0.000,0.000,0.00,0.0,0.0
acorn-ef256,anticorr_q0716_tau0.01,anticorr,9900123,0,1,1.0000,1.0000,0.00000,25.029,25.029,25.029,0.000,25.029,0.000,0.000,0.00,0.0,0.0
acorn-ef512,anticorr_q0716_tau0.01,anticorr,9900123,0,1,1.0000,1.0000,0.00000,34.317,34.317,34.317,0.000,34.317,0.000,0.000,0.00,0.0,0.0
acorn-ef64,anticorr_q0716_tau0.03,anticorr,9899962,0,1,0.9000,0.0000,0.00053,3.326,3.326,3.326,0.000,3.326,0.000,0.000,0.00,0.0,0.0
acorn-ef128,anticorr_q0716_tau0.03,anticorr,9899962,0,1,1.0000,1.0000,0.00000,1.991,1.991,1.991,0.000,1.991,0.000,0.000,0.00,0.0,0.0
acorn-ef256,anticorr_q0716_tau0.03,anticorr,9899962,0,1,1.0000,1.0000,0.00000,3.237,3.237,3.237,0.000,3.237,0.000,0.000,0.00,0.0,0.0
acorn-ef512,anticorr_q0716_tau0.03,anticorr,9899962,0,1,1.0000,1.0000,0.00000,5.445,5.445,5.445,0.000,5.445,0.000,0.000,0.00,0.0,0.0
acorn-ef64,anticorr_q0720_tau0,anticorr,9900000,0,1,0.0000,0.0000,0.00027,57.200,57.200,57.200,0.000,57.200,0.000,0.000,0.00,0.0,0.0
acorn-ef128,anticorr_q0720_tau0,anticorr,9900000,0,1,0.0000,0.0000,0.00019,64.665,64.665,64.665,0.000,64.665,0.000,0.000,0.00,0.0,0.0
acorn-ef256,anticorr_q0720_tau0,anticorr,9900000,0,1,0.0000,0.0000,0.00008,74.664,74.664,74.664,0.000,74.664,0.000,0.000,0.00,0.0,0.0
acorn-ef512,anticorr_q0720_tau0,anticorr,9900000,0,1,0.0000,0.0000,0.00003,90.559,90.559,90.559,0.000,90.559,0.000,0.000,0.00,0.0,0.0
acorn-ef64,anticorr_q0720_tau0.01,anticorr,9899905,0,1,0.6000,0.0000,0.00092,11.363,11.363,11.363,0.000,11.363,0.000,0.000,0.00,0.0,0.0
acorn-ef128,anticorr_q0720_tau0.01,anticorr,9899905,0,1,0.7000,0.0000,0.00031,12.119,12.119,12.119,0.000,12.119,0.000,0.000,0.00,0.0,0.0
acorn-ef256,anticorr_q0720_tau0.01,anticorr,9899905,0,1,0.8000,0.0000,0.00011,17.862,17.862,17.862,0.000,17.862,0.000,0.000,0.00,0.0,0.0
acorn-ef512,anticorr_q0720_tau0.01,anticorr,9899905,0,1,0.9000,0.0000,0.00005,25.269,25.269,25.269,0.000,25.269,0.000,0.000,0.00,0.0,0.0
acorn-ef64,anticorr_q0720_tau0.03,anticorr,9900468,0,1,0.9000,0.0000,0.00092,3.010,3.010,3.010,0.000,3.010,0.000,0.000,0.00,0.0,0.0
acorn-ef128,anticorr_q0720_tau0.03,anticorr,9900468,0,1,0.9000,0.0000,0.00092,1.990,1.990,1.990,0.000,1.990,0.000,0.000,0.00,0.0,0.0
acorn-ef256,anticorr_q0720_tau0.03,anticorr,9900468,0,1,0.9000,0.0000,0.00092,3.109,3.109,3.109,0.000,3.109,0.000,0.000,0.00,0.0,0.0
acorn-ef512,anticorr_q0720_tau0.03,anticorr,9900468,0,1,1.0000,1.0000,0.00000,5.461,5.461,5.461,0.000,5.461,0.000,0.000,0.00,0.0,0.0
acorn-ef64,anticorr_q0722_tau0,anticorr,9900000,0,1,0.0000,0.0000,0.00035,58.014,58.014,58.014,0.000,58.014,0.000,0.000,0.00,0.0,0.0
acorn-ef128,anticorr_q0722_tau0,anticorr,9900000,0,1,0.0000,0.0000,0.00026,66.594,66.594,66.594,0.000,66.594,0.000,0.000,0.00,0.0,0.0
acorn-ef256,anticorr_q0722_tau0,anticorr,9900000,0,1,0.0000,0.0000,0.00011,75.406,75.406,75.406,0.000,75.406,0.000,0.000,0.00,0.0,0.0
acorn-ef512,anticorr_q0722_tau0,anticorr,9900000,0,1,0.0000,0.0000,0.00005,88.029,88.029,88.029,0.000,88.029,0.000,0.000,0.00,0.0,0.0
acorn-ef64,anticorr_q0722_tau0.01,anticorr,9899927,0,1,0.8000,0.0000,0.00046,11.964,11.964,11.964,0.000,11.964,0.000,0.000,0.00,0.0,0.0
acorn-ef128,anticorr_q0722_tau0.01,anticorr,9899927,0,1,0.8000,0.0000,0.00046,12.146,12.146,12.146,0.000,12.146,0.000,0.000,0.00,0.0,0.0
acorn-ef256,anticorr_q0722_tau0.01,anticorr,9899927,0,1,0.9000,0.0000,0.00029,16.043,16.043,16.043,0.000,16.043,0.000,0.000,0.00,0.0,0.0
acorn-ef512,anticorr_q0722_tau0.01,anticorr,9899927,0,1,1.0000,1.0000,0.00000,22.372,22.372,22.372,0.000,22.372,0.000,0.000,0.00,0.0,0.0
acorn-ef64,anticorr_q0722_tau0.03,anticorr,9899753,0,1,1.0000,1.0000,0.00000,2.005,2.005,2.005,0.000,2.005,0.000,0.000,0.00,0.0,0.0
acorn-ef128,anticorr_q0722_tau0.03,anticorr,9899753,0,1,1.0000,1.0000,0.00000,1.555,1.555,1.555,0.000,1.555,0.000,0.000,0.00,0.0,0.0
acorn-ef256,anticorr_q0722_tau0.03,anticorr,9899753,0,1,1.0000,1.0000,0.00000,2.067,2.067,2.067,0.000,2.067,0.000,0.000,0.00,0.0,0.0
acorn-ef512,anticorr_q0722_tau0.03,anticorr,9899753,0,1,1.0000,1.0000,0.00000,3.602,3.602,3.602,0.000,3.602,0.000,0.000,0.00,0.0,0.0
acorn-ef64,anticorr_q0739_tau0,anticorr,9900000,0,1,0.0000,0.0000,0.00020,67.893,67.893,67.893,0.000,67.893,0.000,0.000,0.00,0.0,0.0
acorn-ef128,anticorr_q0739_tau0,anticorr,9900000,0,1,0.0000,0.0000,0.00013,72.541,72.541,72.541,0.000,72.541,0.000,0.000,0.00,0.0,0.0
acorn-ef256,anticorr_q0739_tau0,anticorr,9900000,0,1,0.0000,0.0000,0.00008,82.524,82.524,82.524,0.000,82.524,0.000,0.000,0.00,0.0,0.0
acorn-ef512,anticorr_q0739_tau0,anticorr,9900000,0,1,0.0000,0.0000,0.00004,108.457,108.457,108.457,0.000,108.457,0.000,0.000,0.00,0.0,0.0
acorn-ef64,anticorr_q0739_tau0.01,anticorr,9900332,0,1,0.9000,0.0000,0.00001,11.603,11.603,11.603,0.000,11.603,0.000,0.000,0.00,0.0,0.0
acorn-ef128,anticorr_q0739_tau0.01,anticorr,9900332,0,1,0.9000,0.0000,0.00001,11.912,11.912,11.912,0.000,11.912,0.000,0.000,0.00,0.0,0.0
acorn-ef256,anticorr_q0739_tau0.01,anticorr,9900332,0,1,1.0000,1.0000,0.00000,16.759,16.759,16.759,0.000,16.759,0.000,0.000,0.00,0.0,0.0
acorn-ef512,anticorr_q0739_tau0.01,anticorr,9900332,0,1,1.0000,1.0000,0.00000,22.778,22.778,22.778,0.000,22.778,0.000,0.000,0.00,0.0,0.0
acorn-ef64,anticorr_q0739_tau0.03,anticorr,9899894,0,1,1.0000,1.0000,0.00000,1.728,1.728,1.728,0.000,1.728,0.000,0.000,0.00,0.0,0.0
acorn-ef128,anticorr_q0739_tau0.03,anticorr,9899894,0,1,1.0000,1.0000,0.00000,1.491,1.491,1.491,0.000,1.491,0.000,0.000,0.00,0.0,0.0
acorn-ef256,anticorr_q0739_tau0.03,anticorr,9899894,0,1,1.0000,1.0000,0.00000,2.476,2.476,2.476,0.000,2.476,0.000,0.000,0.00,0.0,0.0
acorn-ef512,anticorr_q0739_tau0.03,anticorr,9899894,0,1,1.0000,1.0000,0.00000,4.132,4.132,4.132,0.000,4.132,0.000,0.000,0.00,0.0,0.0
acorn-ef64,anticorr_q0759_tau0,anticorr,9900000,0,1,0.0000,0.0000,0.00018,57.576,57.576,57.576,0.000,57.576,0.000,0.000,0.00,0.0,0.0
acorn-ef128,anticorr_q0759_tau0,anticorr,9900000,0,1,0.0000,0.0000,0.00018,64.677,64.677,64.677,0.000,64.677,0.000,0.000,0.00,0.0,0.0
acorn-ef256,anticorr_q0759_tau0,anticorr,9900000,0,1,0.0000,0.0000,0.00008,74.977,74.977,74.977,0.000,74.977,0.000,0.000,0.00,0.0,0.0
acorn-ef512,anticorr_q0759_tau0,anticorr,9900000,0,1,0.0000,0.0000,0.00004,90.141,90.141,90.141,0.000,90.141,0.000,0.000,0.00,0.0,0.0
acorn-ef64,anticorr_q0759_tau0.01,anticorr,9900237,0,1,0.8000,0.0000,0.00013,11.330,11.330,11.330,0.000,11.330,0.000,0.000,0.00,0.0,0.0
acorn-ef128,anticorr_q0759_tau0.01,anticorr,9900237,0,1,0.9000,0.0000,0.00000,12.532,12.532,12.532,0.000,12.532,0.000,0.000,0.00,0.0,0.0
acorn-ef256,anticorr_q0759_tau0.01,anticorr,9900237,0,1,0.9000,0.0000,0.00000,17.250,17.250,17.250,0.000,17.250,0.000,0.000,0.00,0.0,0.0
acorn-ef512,anticorr_q0759_tau0.01,anticorr,9900237,0,1,1.0000,1.0000,0.00000,25.441,25.441,25.441,0.000,25.441,0.000,0.000,0.00,0.0,0.0
acorn-ef64,anticorr_q0759_tau0.03,anticorr,9899764,0,1,0.9000,0.0000,0.00108,2.733,2.733,2.733,0.000,2.733,0.000,0.000,0.00,0.0,0.0
acorn-ef128,anticorr_q0759_tau0.03,anticorr,9899764,0,1,1.0000,1.0000,0.00000,2.051,2.051,2.051,0.000,2.051,0.000,0.000,0.00,0.0,0.0
acorn-ef256,anticorr_q0759_tau0.03,anticorr,9899764,0,1,1.0000,1.0000,0.00000,2.792,2.792,2.792,0.000,2.792,0.000,0.000,0.00,0.0,0.0
acorn-ef512,anticorr_q0759_tau0.03,anticorr,9899764,0,1,1.0000,1.0000,0.00000,4.903,4.903,4.903,0.000,4.903,0.000,0.000,0.00,0.0,0.0
acorn-ef64,anticorr_q0763_tau0,anticorr,9900001,0,1,0.0000,0.0000,0.00026,62.956,62.956,62.956,0.000,62.956,0.000,0.000,0.00,0.0,0.0
acorn-ef128,anticorr_q0763_tau0,anticorr,9900001,0,1,0.0000,0.0000,0.00013,70.347,70.347,70.347,0.000,70.347,0.000,0.000,0.00,0.0,0.0
acorn-ef256,anticorr_q0763_tau0,anticorr,9900001,0,1,0.0000,0.0000,0.00008,83.361,83.361,83.361,0.000,83.361,0.000,0.000,0.00,0.0,0.0
acorn-ef512,anticorr_q0763_tau0,anticorr,9900001,0,1,0.0000,0.0000,0.00005,98.436,98.436,98.436,0.000,98.436,0.000,0.000,0.00,0.0,0.0
acorn-ef64,anticorr_q0763_tau0.01,anticorr,9899825,0,1,0.9000,0.0000,0.00087,11.601,11.601,11.601,0.000,11.601,0.000,0.000,0.00,0.0,0.0
acorn-ef128,anticorr_q0763_tau0.01,anticorr,9899825,0,1,0.9000,0.0000,0.00087,11.658,11.658,11.658,0.000,11.658,0.000,0.000,0.00,0.0,0.0
acorn-ef256,anticorr_q0763_tau0.01,anticorr,9899825,0,1,0.9000,0.0000,0.00087,16.350,16.350,16.350,0.000,16.350,0.000,0.000,0.00,0.0,0.0
acorn-ef512,anticorr_q0763_tau0.01,anticorr,9899825,0,1,1.0000,1.0000,0.00000,23.441,23.441,23.441,0.000,23.441,0.000,0.000,0.00,0.0,0.0
acorn-ef64,anticorr_q0763_tau0.03,anticorr,9899690,0,1,1.0000,1.0000,0.00000,2.708,2.708,2.708,0.000,2.708,0.000,0.000,0.00,0.0,0.0
acorn-ef128,anticorr_q0763_tau0.03,anticorr,9899690,0,1,1.0000,1.0000,0.00000,1.682,1.682,1.682,0.000,1.682,0.000,0.000,0.00,0.0,0.0
acorn-ef256,anticorr_q0763_tau0.03,anticorr,9899690,0,1,1.0000,1.0000,0.00000,2.546,2.546,2.546,0.000,2.546,0.000,0.000,0.00,0.0,0.0
acorn-ef512,anticorr_q0763_tau0.03,anticorr,9899690,0,1,1.0000,1.0000,0.00000,4.383,4.383,4.383,0.000,4.383,0.000,0.000,0.00,0.0,0.0
acorn-ef64,anticorr_q0771_tau0,anticorr,9900000,0,1,0.0000,0.0000,0.00029,74.502,74.502,74.502,0.000,74.502,0.000,0.000,0.00,0.0,0.0
acorn-ef128,anticorr_q0771_tau0,anticorr,9900000,0,1,0.1000,0.0000,0.00009,77.986,77.986,77.986,0.000,77.986,0.000,0.000,0.00,0.0,0.0
acorn-ef256,anticorr_q0771_tau0,anticorr,9900000,0,1,0.1000,0.0000,0.00004,86.982,86.982,86.982,0.000,86.982,0.000,0.000,0.00,0.0,0.0
acorn-ef512,anticorr_q0771_tau0,anticorr,9900000,0,1,0.1000,0.0000,0.00002,100.406,100.406,100.406,0.000,100.406,0.000,0.000,0.00,0.0,0.0
acorn-ef64,anticorr_q0771_tau0.01,anticorr,9900307,0,1,0.9000,0.0000,0.00052,17.626,17.626,17.626,0.000,17.626,0.000,0.000,0.00,0.0,0.0
acorn-ef128,anticorr_q0771_tau0.01,anticorr,9900307,0,1,1.0000,1.0000,0.00000,17.536,17.536,17.536,0.000,17.536,0.000,0.000,0.00,0.0,0.0
acorn-ef256,anticorr_q0771_tau0.01,anticorr,9900307,0,1,1.0000,1.0000,0.00000,26.485,26.485,26.485,0.000,26.485,0.000,0.000,0.00,0.0,0.0
acorn-ef512,anticorr_q0771_tau0.01,anticorr,9900307,0,1,1.0000,1.0000,0.00000,32.904,32.904,32.904,0.000,32.904,0.000,0.000,0.00,0.0,0.0
acorn-ef64,anticorr_q0771_tau0.03,anticorr,9899838,0,1,1.0000,1.0000,0.00000,2.594,2.594,2.594,0.000,2.594,0.000,0.000,0.00,0.0,0.0
acorn-ef128,anticorr_q0771_tau0.03,anticorr,9899838,0,1,1.0000,1.0000,0.00000,1.830,1.830,1.830,0.000,1.830,0.000,0.000,0.00,0.0,0.0
acorn-ef256,anticorr_q0771_tau0.03,anticorr,9899838,0,1,1.0000,1.0000,0.00000,3.075,3.075,3.075,0.000,3.075,0.000,0.000,0.00,0.0,0.0
acorn-ef512,anticorr_q0771_tau0.03,anticorr,9899838,0,1,1.0000,1.0000,0.00000,4.480,4.480,4.480,0.000,4.480,0.000,0.000,0.00,0.0,0.0
acorn-ef64,anticorr_q0772_tau0,anticorr,9900000,0,1,0.0000,0.0000,0.00015,66.704,66.704,66.704,0.000,66.704,0.000,0.000,0.00,0.0,0.0
acorn-ef128,anticorr_q0772_tau0,anticorr,9900000,0,1,0.0000,0.0000,0.00012,77.247,77.247,77.247,0.000,77.247,0.000,0.000,0.00,0.0,0.0
acorn-ef256,anticorr_q0772_tau0,anticorr,9900000,0,1,0.1000,0.0000,0.00007,88.764,88.764,88.764,0.000,88.764,0.000,0.000,0.00,0.0,0.0
acorn-ef512,anticorr_q0772_tau0,anticorr,9900000,0,1,0.1000,0.0000,0.00002,106.190,106.190,106.190,0.000,106.190,0.000,0.000,0.00,0.0,0.0
acorn-ef64,anticorr_q0772_tau0.01,anticorr,9899747,0,1,1.0000,1.0000,0.00000,11.646,11.646,11.646,0.000,11.646,0.000,0.000,0.00,0.0,0.0
acorn-ef128,anticorr_q0772_tau0.01,anticorr,9899747,0,1,1.0000,1.0000,0.00000,13.470,13.470,13.470,0.000,13.470,0.000,0.000,0.00,0.0,0.0
acorn-ef256,anticorr_q0772_tau0.01,anticorr,9899747,0,1,1.0000,1.0000,0.00000,18.468,18.468,18.468,0.000,18.468,0.000,0.000,0.00,0.0,0.0
acorn-ef512,anticorr_q0772_tau0.01,anticorr,9899747,0,1,1.0000,1.0000,0.00000,26.598,26.598,26.598,0.000,26.598,0.000,0.000,0.00,0.0,0.0
acorn-ef64,anticorr_q0772_tau0.03,anticorr,9900116,0,1,1.0000,1.0000,0.00000,2.398,2.398,2.398,0.000,2.398,0.000,0.000,0.00,0.0,0.0
acorn-ef128,anticorr_q0772_tau0.03,anticorr,9900116,0,1,1.0000,1.0000,0.00000,1.560,1.560,1.560,0.000,1.560,0.000,0.000,0.00,0.0,0.0
acorn-ef256,anticorr_q0772_tau0.03,anticorr,9900116,0,1,1.0000,1.0000,0.00000,2.285,2.285,2.285,0.000,2.285,0.000,0.000,0.00,0.0,0.0
acorn-ef512,anticorr_q0772_tau0.03,anticorr,9900116,0,1,1.0000,1.0000,0.00000,4.107,4.107,4.107,0.000,4.107,0.000,0.000,0.00,0.0,0.0
acorn-ef64,anticorr_q0776_tau0,anticorr,9900000,0,1,0.0000,0.0000,0.00012,78.247,78.247,78.247,0.000,78.247,0.000,0.000,0.00,0.0,0.0
acorn-ef128,anticorr_q0776_tau0,anticorr,9900000,0,1,0.0000,0.0000,0.00010,83.315,83.315,83.315,0.000,83.315,0.000,0.000,0.00,0.0,0.0
acorn-ef256,anticorr_q0776_tau0,anticorr,9900000,0,1,0.0000,0.0000,0.00007,92.969,92.969,92.969,0.000,92.969,0.000,0.000,0.00,0.0,0.0
acorn-ef512,anticorr_q0776_tau0,anticorr,9900000,0,1,0.0000,0.0000,0.00004,106.208,106.208,106.208,0.000,106.208,0.000,0.000,0.00,0.0,0.0
acorn-ef64,anticorr_q0776_tau0.01,anticorr,9899647,0,1,0.8000,0.0000,0.00087,16.781,16.781,16.781,0.000,16.781,0.000,0.000,0.00,0.0,0.0
acorn-ef128,anticorr_q0776_tau0.01,anticorr,9899647,0,1,1.0000,1.0000,0.00000,17.248,17.248,17.248,0.000,17.248,0.000,0.000,0.00,0.0,0.0
acorn-ef256,anticorr_q0776_tau0.01,anticorr,9899647,0,1,1.0000,1.0000,0.00000,23.349,23.349,23.349,0.000,23.349,0.000,0.000,0.00,0.0,0.0
acorn-ef512,anticorr_q0776_tau0.01,anticorr,9899647,0,1,1.0000,1.0000,0.00000,31.044,31.044,31.044,0.000,31.044,0.000,0.000,0.00,0.0,0.0
acorn-ef64,anticorr_q0776_tau0.03,anticorr,9899743,0,1,1.0000,1.0000,0.00000,2.413,2.413,2.413,0.000,2.413,0.000,0.000,0.00,0.0,0.0
acorn-ef128,anticorr_q0776_tau0.03,anticorr,9899743,0,1,1.0000,1.0000,0.00000,1.737,1.737,1.737,0.000,1.737,0.000,0.000,0.00,0.0,0.0
acorn-ef256,anticorr_q0776_tau0.03,anticorr,9899743,0,1,1.0000,1.0000,0.00000,2.690,2.690,2.690,0.000,2.690,0.000,0.000,0.00,0.0,0.0
acorn-ef512,anticorr_q0776_tau0.03,anticorr,9899743,0,1,1.0000,1.0000,0.00000,4.580,4.580,4.580,0.000,4.580,0.000,0.000,0.00,0.0,0.0
acorn-ef64,anticorr_q0777_tau0,anticorr,9900001,0,1,0.0000,0.0000,0.00021,53.342,53.342,53.342,0.000,53.342,0.000,0.000,0.00,0.0,0.0
acorn-ef128,anticorr_q0777_tau0,anticorr,9900001,0,1,0.0000,0.0000,0.00018,60.616,60.616,60.616,0.000,60.616,0.000,0.000,0.00,0.0,0.0
acorn-ef256,anticorr_q0777_tau0,anticorr,9900001,0,1,0.0000,0.0000,0.00011,71.992,71.992,71.992,0.000,71.992,0.000,0.000,0.00,0.0,0.0
acorn-ef512,anticorr_q0777_tau0,anticorr,9900001,0,1,0.0000,0.0000,0.00006,84.183,84.183,84.183,0.000,84.183,0.000,0.000,0.00,0.0,0.0
acorn-ef64,anticorr_q0777_tau0.01,anticorr,9899827,0,1,0.5000,0.0000,0.00208,11.082,11.082,11.082,0.000,11.082,0.000,0.000,0.00,0.0,0.0
acorn-ef128,anticorr_q0777_tau0.01,anticorr,9899827,0,1,0.5000,0.0000,0.00172,11.224,11.224,11.224,0.000,11.224,0.000,0.000,0.00,0.0,0.0
acorn-ef256,anticorr_q0777_tau0.01,anticorr,9899827,0,1,0.9000,0.0000,0.00012,15.611,15.611,15.611,0.000,15.611,0.000,0.000,0.00,0.0,0.0
acorn-ef512,anticorr_q0777_tau0.01,anticorr,9899827,0,1,1.0000,1.0000,0.00000,22.359,22.359,22.359,0.000,22.359,0.000,0.000,0.00,0.0,0.0
acorn-ef64,anticorr_q0777_tau0.03,anticorr,9899736,0,1,1.0000,1.0000,0.00000,2.350,2.350,2.350,0.000,2.350,0.000,0.000,0.00,0.0,0.0
acorn-ef128,anticorr_q0777_tau0.03,anticorr,9899736,0,1,1.0000,1.0000,0.00000,1.500,1.500,1.500,0.000,1.500,0.000,0.000,0.00,0.0,0.0
acorn-ef256,anticorr_q0777_tau0.03,anticorr,9899736,0,1,1.0000,1.0000,0.00000,2.482,2.482,2.482,0.000,2.482,0.000,0.000,0.00,0.0,0.0
acorn-ef512,anticorr_q0777_tau0.03,anticorr,9899736,0,1,1.0000,1.0000,0.00000,4.166,4.166,4.166,0.000,4.166,0.000,0.000,0.00,0.0,0.0
acorn-ef64,anticorr_q0798_tau0,anticorr,9900000,0,1,0.0000,0.0000,0.00019,55.616,55.616,55.616,0.000,55.616,0.000,0.000,0.00,0.0,0.0
acorn-ef128,anticorr_q0798_tau0,anticorr,9900000,0,1,0.0000,0.0000,0.00010,63.334,63.334,63.334,0.000,63.334,0.000,0.000,0.00,0.0,0.0
acorn-ef256,anticorr_q0798_tau0,anticorr,9900000,0,1,0.0000,0.0000,0.00006,75.829,75.829,75.829,0.000,75.829,0.000,0.000,0.00,0.0,0.0
acorn-ef512,anticorr_q0798_tau0,anticorr,9900000,0,1,0.0000,0.0000,0.00003,99.595,99.595,99.595,0.000,99.595,0.000,0.000,0.00,0.0,0.0
acorn-ef64,anticorr_q0798_tau0.01,anticorr,9899653,0,1,0.8000,0.0000,0.00052,10.237,10.237,10.237,0.000,10.237,0.000,0.000,0.00,0.0,0.0
acorn-ef128,anticorr_q0798_tau0.01,anticorr,9899653,0,1,1.0000,1.0000,0.00000,10.010,10.010,10.010,0.000,10.010,0.000,0.000,0.00,0.0,0.0
acorn-ef256,anticorr_q0798_tau0.01,anticorr,9899653,0,1,1.0000,1.0000,0.00000,14.126,14.126,14.126,0.000,14.126,0.000,0.000,0.00,0.0,0.0
acorn-ef512,anticorr_q0798_tau0.01,anticorr,9899653,0,1,1.0000,1.0000,0.00000,21.421,21.421,21.421,0.000,21.421,0.000,0.000,0.00,0.0,0.0
acorn-ef64,anticorr_q0798_tau0.03,anticorr,9900398,0,1,1.0000,1.0000,0.00000,2.904,2.904,2.904,0.000,2.904,0.000,0.000,0.00,0.0,0.0
acorn-ef128,anticorr_q0798_tau0.03,anticorr,9900398,0,1,1.0000,1.0000,0.00000,1.431,1.431,1.431,0.000,1.431,0.000,0.000,0.00,0.0,0.0
acorn-ef256,anticorr_q0798_tau0.03,anticorr,9900398,0,1,1.0000,1.0000,0.00000,2.124,2.124,2.124,0.000,2.124,0.000,0.000,0.00,0.0,0.0
acorn-ef512,anticorr_q0798_tau0.03,anticorr,9900398,0,1,1.0000,1.0000,0.00000,3.696,3.696,3.696,0.000,3.696,0.000,0.000,0.00,0.0,0.0
acorn-ef64,anticorr_q0804_tau0,anticorr,9900000,0,1,0.0000,0.0000,0.00026,69.277,69.277,69.277,0.000,69.277,0.000,0.000,0.00,0.0,0.0
acorn-ef128,anticorr_q0804_tau0,anticorr,9900000,0,1,0.0000,0.0000,0.00010,76.162,76.162,76.162,0.000,76.162,0.000,0.000,0.00,0.0,0.0
acorn-ef256,anticorr_q0804_tau0,anticorr,9900000,0,1,0.0000,0.0000,0.00008,89.091,89.091,89.091,0.000,89.091,0.000,0.000,0.00,0.0,0.0
acorn-ef512,anticorr_q0804_tau0,anticorr,9900000,0,1,0.0000,0.0000,0.00004,103.939,103.939,103.939,0.000,103.939,0.000,0.000,0.00,0.0,0.0
acorn-ef64,anticorr_q0804_tau0.01,anticorr,9899438,0,1,0.6000,0.0000,0.00117,13.697,13.697,13.697,0.000,13.697,0.000,0.000,0.00,0.0,0.0
acorn-ef128,anticorr_q0804_tau0.01,anticorr,9899438,0,1,0.9000,0.0000,0.00017,13.772,13.772,13.772,0.000,13.772,0.000,0.000,0.00,0.0,0.0
acorn-ef256,anticorr_q0804_tau0.01,anticorr,9899438,0,1,1.0000,1.0000,0.00000,18.984,18.984,18.984,0.000,18.984,0.000,0.000,0.00,0.0,0.0
acorn-ef512,anticorr_q0804_tau0.01,anticorr,9899438,0,1,1.0000,1.0000,0.00000,27.138,27.138,27.138,0.000,27.138,0.000,0.000,0.00,0.0,0.0
acorn-ef64,anticorr_q0804_tau0.03,anticorr,9900408,0,1,1.0000,1.0000,0.00000,2.773,2.773,2.773,0.000,2.773,0.000,0.000,0.00,0.0,0.0
acorn-ef128,anticorr_q0804_tau0.03,anticorr,9900408,0,1,1.0000,1.0000,0.00000,1.699,1.699,1.699,0.000,1.699,0.000,0.000,0.00,0.0,0.0
acorn-ef256,anticorr_q0804_tau0.03,anticorr,9900408,0,1,1.0000,1.0000,0.00000,2.760,2.760,2.760,0.000,2.760,0.000,0.000,0.00,0.0,0.0
acorn-ef512,anticorr_q0804_tau0.03,anticorr,9900408,0,1,1.0000,1.0000,0.00000,4.726,4.726,4.726,0.000,4.726,0.000,0.000,0.00,0.0,0.0
acorn-ef64,anticorr_q0819_tau0,anticorr,9900000,0,1,0.0000,0.0000,0.00018,64.523,64.523,64.523,0.000,64.523,0.000,0.000,0.00,0.0,0.0
acorn-ef128,anticorr_q0819_tau0,anticorr,9900000,0,1,0.0000,0.0000,0.00011,71.254,71.254,71.254,0.000,71.254,0.000,0.000,0.00,0.0,0.0
acorn-ef256,anticorr_q0819_tau0,anticorr,9900000,0,1,0.0000,0.0000,0.00007,82.650,82.650,82.650,0.000,82.650,0.000,0.000,0.00,0.0,0.0
acorn-ef512,anticorr_q0819_tau0,anticorr,9900000,0,1,0.0000,0.0000,0.00003,98.399,98.399,98.399,0.000,98.399,0.000,0.000,0.00,0.0,0.0
acorn-ef64,anticorr_q0819_tau0.01,anticorr,9899730,0,1,0.7000,0.0000,0.00057,10.822,10.822,10.822,0.000,10.822,0.000,0.000,0.00,0.0,0.0
acorn-ef128,anticorr_q0819_tau0.01,anticorr,9899730,0,1,0.7000,0.0000,0.00057,11.892,11.892,11.892,0.000,11.892,0.000,0.000,0.00,0.0,0.0
acorn-ef256,anticorr_q0819_tau0.01,anticorr,9899730,0,1,0.7000,0.0000,0.00057,17.110,17.110,17.110,0.000,17.110,0.000,0.000,0.00,0.0,0.0
acorn-ef512,anticorr_q0819_tau0.01,anticorr,9899730,0,1,0.7000,0.0000,0.00057,24.304,24.304,24.304,0.000,24.304,0.000,0.000,0.00,0.0,0.0
acorn-ef64,anticorr_q0819_tau0.03,anticorr,9900218,0,1,0.9000,0.0000,0.00112,2.402,2.402,2.402,0.000,2.402,0.000,0.000,0.00,0.0,0.0
acorn-ef128,anticorr_q0819_tau0.03,anticorr,9900218,0,1,1.0000,1.0000,0.00000,1.643,1.643,1.643,0.000,1.643,0.000,0.000,0.00,0.0,0.0
acorn-ef256,anticorr_q0819_tau0.03,anticorr,9900218,0,1,1.0000,1.0000,0.00000,2.346,2.346,2.346,0.000,2.346,0.000,0.000,0.00,0.0,0.0
acorn-ef512,anticorr_q0819_tau0.03,anticorr,9900218,0,1,1.0000,1.0000,0.00000,4.029,4.029,4.029,0.000,4.029,0.000,0.000,0.00,0.0,0.0
acorn-ef64,anticorr_q0823_tau0,anticorr,9900000,0,1,0.0000,0.0000,0.00039,40.882,40.882,40.882,0.000,40.882,0.000,0.000,0.00,0.0,0.0
acorn-ef128,anticorr_q0823_tau0,anticorr,9900000,0,1,0.0000,0.0000,0.00021,48.419,48.419,48.419,0.000,48.419,0.000,0.000,0.00,0.0,0.0
acorn-ef256,anticorr_q0823_tau0,anticorr,9900000,0,1,0.0000,0.0000,0.00013,58.577,58.577,58.577,0.000,58.577,0.000,0.000,0.00,0.0,0.0
acorn-ef512,anticorr_q0823_tau0,anticorr,9900000,0,1,0.0000,0.0000,0.00005,71.948,71.948,71.948,0.000,71.948,0.000,0.000,0.00,0.0,0.0
acorn-ef64,anticorr_q0823_tau0.01,anticorr,9899861,0,1,0.6000,0.0000,0.00176,8.283,8.283,8.283,0.000,8.283,0.000,0.000,0.00,0.0,0.0
acorn-ef128,anticorr_q0823_tau0.01,anticorr,9899861,0,1,0.7000,0.0000,0.00123,8.646,8.646,8.646,0.000,8.646,0.000,0.000,0.00,0.0,0.0
acorn-ef256,anticorr_q0823_tau0.01,anticorr,9899861,0,1,0.8000,0.0000,0.00110,12.596,12.596,12.596,0.000,12.596,0.000,0.000,0.00,0.0,0.0
acorn-ef512,anticorr_q0823_tau0.01,anticorr,9899861,0,1,0.9000,0.0000,0.00002,19.316,19.316,19.316,0.000,19.316,0.000,0.000,0.00,0.0,0.0
acorn-ef64,anticorr_q0823_tau0.03,anticorr,9899875,0,1,0.6000,0.0000,0.00252,3.036,3.036,3.036,0.000,3.036,0.000,0.000,0.00,0.0,0.0
acorn-ef128,anticorr_q0823_tau0.03,anticorr,9899875,0,1,0.6000,0.0000,0.00252,1.881,1.881,1.881,0.000,1.881,0.000,0.000,0.00,0.0,0.0
acorn-ef256,anticorr_q0823_tau0.03,anticorr,9899875,0,1,0.9000,0.0000,0.00033,3.240,3.240,3.240,0.000,3.240,0.000,0.000,0.00,0.0,0.0
acorn-ef512,anticorr_q0823_tau0.03,anticorr,9899875,0,1,0.9000,0.0000,0.00033,5.068,5.068,5.068,0.000,5.068,0.000,0.000,0.00,0.0,0.0
acorn-ef64,anticorr_q0830_tau0,anticorr,9900000,0,1,0.0000,0.0000,0.00027,57.976,57.976,57.976,0.000,57.976,0.000,0.000,0.00,0.0,0.0
acorn-ef128,anticorr_q0830_tau0,anticorr,9900000,0,1,0.0000,0.0000,0.00015,68.204,68.204,68.204,0.000,68.204,0.000,0.000,0.00,0.0,0.0
acorn-ef256,anticorr_q0830_tau0,anticorr,9900000,0,1,0.0000,0.0000,0.00011,79.216,79.216,79.216,0.000,79.216,0.000,0.000,0.00,0.0,0.0
acorn-ef512,anticorr_q0830_tau0,anticorr,9900000,0,1,0.0000,0.0000,0.00007,94.496,94.496,94.496,0.000,94.496,0.000,0.000,0.00,0.0,0.0
acorn-ef64,anticorr_q0830_tau0.01,anticorr,9899917,0,1,0.8000,0.0000,0.00073,10.664,10.664,10.664,0.000,10.664,0.000,0.000,0.00,0.0,0.0
acorn-ef128,anticorr_q0830_tau0.01,anticorr,9899917,0,1,1.0000,1.0000,0.00000,11.179,11.179,11.179,0.000,11.179,0.000,0.000,0.00,0.0,0.0
acorn-ef256,anticorr_q0830_tau0.01,anticorr,9899917,0,1,1.0000,1.0000,0.00000,14.891,14.891,14.891,0.000,14.891,0.000,0.000,0.00,0.0,0.0
acorn-ef512,anticorr_q0830_tau0.01,anticorr,9899917,0,1,1.0000,1.0000,0.00000,22.469,22.469,22.469,0.000,22.469,0.000,0.000,0.00,0.0,0.0
acorn-ef64,anticorr_q0830_tau0.03,anticorr,9899898,0,1,1.0000,1.0000,0.00000,2.186,2.186,2.186,0.000,2.186,0.000,0.000,0.00,0.0,0.0
acorn-ef128,anticorr_q0830_tau0.03,anticorr,9899898,0,1,1.0000,1.0000,0.00000,1.402,1.402,1.402,0.000,1.402,0.000,0.000,0.00,0.0,0.0
acorn-ef256,anticorr_q0830_tau0.03,anticorr,9899898,0,1,1.0000,1.0000,0.00000,2.344,2.344,2.344,0.000,2.344,0.000,0.000,0.00,0.0,0.0
acorn-ef512,anticorr_q0830_tau0.03,anticorr,9899898,0,1,1.0000,1.0000,0.00000,3.591,3.591,3.591,0.000,3.591,0.000,0.000,0.00,0.0,0.0
acorn-ef64,anticorr_q0835_tau0,anticorr,9900000,0,1,0.0000,0.0000,0.00033,62.906,62.906,62.906,0.000,62.906,0.000,0.000,0.00,0.0,0.0
acorn-ef128,anticorr_q0835_tau0,anticorr,9900000,0,1,0.0000,0.0000,0.00011,71.717,71.717,71.717,0.000,71.717,0.000,0.000,0.00,0.0,0.0
acorn-ef256,anticorr_q0835_tau0,anticorr,9900000,0,1,0.1000,0.0000,0.00002,95.218,95.218,95.218,0.000,95.218,0.000,0.000,0.00,0.0,0.0
acorn-ef512,anticorr_q0835_tau0,anticorr,9900000,0,1,0.1000,0.0000,0.00002,98.580,98.580,98.580,0.000,98.580,0.000,0.000,0.00,0.0,0.0
acorn-ef64,anticorr_q0835_tau0.01,anticorr,9900310,0,1,1.0000,1.0000,0.00000,11.432,11.432,11.432,0.000,11.432,0.000,0.000,0.00,0.0,0.0
acorn-ef128,anticorr_q0835_tau0.01,anticorr,9900310,0,1,1.0000,1.0000,0.00000,11.920,11.920,11.920,0.000,11.920,0.000,0.000,0.00,0.0,0.0
acorn-ef256,anticorr_q0835_tau0.01,anticorr,9900310,0,1,1.0000,1.0000,0.00000,17.045,17.045,17.045,0.000,17.045,0.000,0.000,0.00,0.0,0.0
acorn-ef512,anticorr_q0835_tau0.01,anticorr,9900310,0,1,1.0000,1.0000,0.00000,26.348,26.348,26.348,0.000,26.348,0.000,0.000,0.00,0.0,0.0
acorn-ef64,anticorr_q0835_tau0.03,anticorr,9899227,0,1,0.9000,0.0000,0.00045,2.885,2.885,2.885,0.000,2.885,0.000,0.000,0.00,0.0,0.0
acorn-ef128,anticorr_q0835_tau0.03,anticorr,9899227,0,1,1.0000,1.0000,0.00000,2.019,2.019,2.019,0.000,2.019,0.000,0.000,0.00,0.0,0.0
acorn-ef256,anticorr_q0835_tau0.03,anticorr,9899227,0,1,1.0000,1.0000,0.00000,2.656,2.656,2.656,0.000,2.656,0.000,0.000,0.00,0.0,0.0
acorn-ef512,anticorr_q0835_tau0.03,anticorr,9899227,0,1,1.0000,1.0000,0.00000,4.658,4.658,4.658,0.000,4.658,0.000,0.000,0.00,0.0,0.0
acorn-ef64,anticorr_q0846_tau0,anticorr,9900001,0,1,0.0000,0.0000,0.00024,56.591,56.591,56.591,0.000,56.591,0.000,0.000,0.00,0.0,0.0
acorn-ef128,anticorr_q0846_tau0,anticorr,9900001,0,1,0.0000,0.0000,0.00015,64.506,64.506,64.506,0.000,64.506,0.000,0.000,0.00,0.0,0.0
acorn-ef256,anticorr_q0846_tau0,anticorr,9900001,0,1,0.0000,0.0000,0.00006,81.365,81.365,81.365,0.000,81.365,0.000,0.000,0.00,0.0,0.0
acorn-ef512,anticorr_q0846_tau0,anticorr,9900001,0,1,0.0000,0.0000,0.00004,126.222,126.222,126.222,0.000,126.222,0.000,0.000,0.00,0.0,0.0
acorn-ef64,anticorr_q0846_tau0.01,anticorr,9899928,0,1,0.7000,0.0000,0.00073,12.691,12.691,12.691,0.000,12.691,0.000,0.000,0.00,0.0,0.0
acorn-ef128,anticorr_q0846_tau0.01,anticorr,9899928,0,1,0.9000,0.0000,0.00056,13.471,13.471,13.471,0.000,13.471,0.000,0.000,0.00,0.0,0.0
acorn-ef256,anticorr_q0846_tau0.01,anticorr,9899928,0,1,1.0000,1.0000,0.00000,18.704,18.704,18.704,0.000,18.704,0.000,0.000,0.00,0.0,0.0
acorn-ef512,anticorr_q0846_tau0.01,anticorr,9899928,0,1,1.0000,1.0000,0.00000,24.372,24.372,24.372,0.000,24.372,0.000,0.000,0.00,0.0,0.0
acorn-ef64,anticorr_q0846_tau0.03,anticorr,9899958,0,1,1.0000,1.0000,0.00000,2.104,2.104,2.104,0.000,2.104,0.000,0.000,0.00,0.0,0.0
acorn-ef128,anticorr_q0846_tau0.03,anticorr,9899958,0,1,1.0000,1.0000,0.00000,1.683,1.683,1.683,0.000,1.683,0.000,0.000,0.00,0.0,0.0
acorn-ef256,anticorr_q0846_tau0.03,anticorr,9899958,0,1,1.0000,1.0000,0.00000,2.563,2.563,2.563,0.000,2.563,0.000,0.000,0.00,0.0,0.0
acorn-ef512,anticorr_q0846_tau0.03,anticorr,9899958,0,1,1.0000,1.0000,0.00000,3.977,3.977,3.977,0.000,3.977,0.000,0.000,0.00,0.0,0.0
acorn-ef64,anticorr_q0856_tau0,anticorr,9900000,0,1,0.0000,0.0000,0.00033,48.045,48.045,48.045,0.000,48.045,0.000,0.000,0.00,0.0,0.0
acorn-ef128,anticorr_q0856_tau0,anticorr,9900000,0,1,0.0000,0.0000,0.00011,58.386,58.386,58.386,0.000,58.386,0.000,0.000,0.00,0.0,0.0
acorn-ef256,anticorr_q0856_tau0,anticorr,9900000,0,1,0.0000,0.0000,0.00007,66.161,66.161,66.161,0.000,66.161,0.000,0.000,0.00,0.0,0.0
acorn-ef512,anticorr_q0856_tau0,anticorr,9900000,0,1,0.0000,0.0000,0.00006,80.979,80.979,80.979,0.000,80.979,0.000,0.000,0.00,0.0,0.0
acorn-ef64,anticorr_q0856_tau0.01,anticorr,9899480,0,1,0.4000,0.0000,0.00317,9.363,9.363,9.363,0.000,9.363,0.000,0.000,0.00,0.0,0.0
acorn-ef128,anticorr_q0856_tau0.01,anticorr,9899480,0,1,0.7000,0.0000,0.00071,9.056,9.056,9.056,0.000,9.056,0.000,0.000,0.00,0.0,0.0
acorn-ef256,anticorr_q0856_tau0.01,anticorr,9899480,0,1,0.9000,0.0000,0.00021,15.347,15.347,15.347,0.000,15.347,0.000,0.000,0.00,0.0,0.0
acorn-ef512,anticorr_q0856_tau0.01,anticorr,9899480,0,1,0.9000,0.0000,0.00021,27.023,27.023,27.023,0.000,27.023,0.000,0.000,0.00,0.0,0.0
acorn-ef64,anticorr_q0856_tau0.03,anticorr,9900015,0,1,1.0000,1.0000,0.00000,2.740,2.740,2.740,0.000,2.740,0.000,0.000,0.00,0.0,0.0
acorn-ef128,anticorr_q0856_tau0.03,anticorr,9900015,0,1,1.0000,1.0000,0.00000,1.629,1.629,1.629,0.000,1.629,0.000,0.000,0.00,0.0,0.0
acorn-ef256,anticorr_q0856_tau0.03,anticorr,9900015,0,1,1.0000,1.0000,0.00000,2.568,2.568,2.568,0.000,2.568,0.000,0.000,0.00,0.0,0.0
acorn-ef512,anticorr_q0856_tau0.03,anticorr,9900015,0,1,1.0000,1.0000,0.00000,4.470,4.470,4.470,0.000,4.470,0.000,0.000,0.00,0.0,0.0
acorn-ef64,anticorr_q0875_tau0,anticorr,9900000,0,1,0.0000,0.0000,0.00015,82.919,82.919,82.919,0.000,82.919,0.000,0.000,0.00,0.0,0.0
acorn-ef128,anticorr_q0875_tau0,anticorr,9900000,0,1,0.0000,0.0000,0.00011,91.347,91.347,91.347,0.000,91.347,0.000,0.000,0.00,0.0,0.0
acorn-ef256,anticorr_q0875_tau0,anticorr,9900000,0,1,0.0000,0.0000,0.00007,102.176,102.176,102.176,0.000,102.176,0.000,0.000,0.00,0.0,0.0
acorn-ef512,anticorr_q0875_tau0,anticorr,9900000,0,1,0.0000,0.0000,0.00005,119.271,119.271,119.271,0.000,119.271,0.000,0.000,0.00,0.0,0.0
acorn-ef64,anticorr_q0875_tau0.01,anticorr,9900450,0,1,0.8000,0.0000,0.00080,17.307,17.307,17.307,0.000,17.307,0.000,0.000,0.00,0.0,0.0
acorn-ef128,anticorr_q0875_tau0.01,anticorr,9900450,0,1,0.9000,0.0000,0.00060,16.578,16.578,16.578,0.000,16.578,0.000,0.000,0.00,0.0,0.0
acorn-ef256,anticorr_q0875_tau0.01,anticorr,9900450,0,1,1.0000,1.0000,0.00000,23.166,23.166,23.166,0.000,23.166,0.000,0.000,0.00,0.0,0.0
acorn-ef512,anticorr_q0875_tau0.01,anticorr,9900450,0,1,1.0000,1.0000,0.00000,32.773,32.773,32.773,0.000,32.773,0.000,0.000,0.00,0.0,0.0
acorn-ef64,anticorr_q0875_tau0.03,anticorr,9900620,0,1,0.9000,0.0000,0.00009,2.846,2.846,2.846,0.000,2.846,0.000,0.000,0.00,0.0,0.0
acorn-ef128,anticorr_q0875_tau0.03,anticorr,9900620,0,1,1.0000,1.0000,0.00000,1.729,1.729,1.729,0.000,1.729,0.000,0.000,0.00,0.0,0.0
acorn-ef256,anticorr_q0875_tau0.03,anticorr,9900620,0,1,1.0000,1.0000,0.00000,2.486,2.486,2.486,0.000,2.486,0.000,0.000,0.00,0.0,0.0
acorn-ef512,anticorr_q0875_tau0.03,anticorr,9900620,0,1,1.0000,1.0000,0.00000,4.125,4.125,4.125,0.000,4.125,0.000,0.000,0.00,0.0,0.0
acorn-ef64,anticorr_q0886_tau0,anticorr,9900000,0,1,0.0000,0.0000,0.00024,57.386,57.386,57.386,0.000,57.386,0.000,0.000,0.00,0.0,0.0
acorn-ef128,anticorr_q0886_tau0,anticorr,9900000,0,1,0.0000,0.0000,0.00012,64.460,64.460,64.460,0.000,64.460,0.000,0.000,0.00,0.0,0.0
acorn-ef256,anticorr_q0886_tau0,anticorr,9900000,0,1,0.0000,0.0000,0.00006,71.500,71.500,71.500,0.000,71.500,0.000,0.000,0.00,0.0,0.0
acorn-ef512,anticorr_q0886_tau0,anticorr,9900000,0,1,0.1000,0.0000,0.00004,87.650,87.650,87.650,0.000,87.650,0.000,0.000,0.00,0.0,0.0
acorn-ef64,anticorr_q0886_tau0.01,anticorr,9900045,0,1,1.0000,1.0000,0.00000,11.557,11.557,11.557,0.000,11.557,0.000,0.000,0.00,0.0,0.0
acorn-ef128,anticorr_q0886_tau0.01,anticorr,9900045,0,1,1.0000,1.0000,0.00000,11.950,11.950,11.950,0.000,11.950,0.000,0.000,0.00,0.0,0.0
acorn-ef256,anticorr_q0886_tau0.01,anticorr,9900045,0,1,1.0000,1.0000,0.00000,16.175,16.175,16.175,0.000,16.175,0.000,0.000,0.00,0.0,0.0
acorn-ef512,anticorr_q0886_tau0.01,anticorr,9900045,0,1,1.0000,1.0000,0.00000,22.166,22.166,22.166,0.000,22.166,0.000,0.000,0.00,0.0,0.0
acorn-ef64,anticorr_q0886_tau0.03,anticorr,9900285,0,1,1.0000,1.0000,0.00000,2.296,2.296,2.296,0.000,2.296,0.000,0.000,0.00,0.0,0.0
acorn-ef128,anticorr_q0886_tau0.03,anticorr,9900285,0,1,1.0000,1.0000,0.00000,1.636,1.636,1.636,0.000,1.636,0.000,0.000,0.00,0.0,0.0
acorn-ef256,anticorr_q0886_tau0.03,anticorr,9900285,0,1,1.0000,1.0000,0.00000,2.253,2.253,2.253,0.000,2.253,0.000,0.000,0.00,0.0,0.0
acorn-ef512,anticorr_q0886_tau0.03,anticorr,9900285,0,1,1.0000,1.0000,0.00000,3.758,3.758,3.758,0.000,3.758,0.000,0.000,0.00,0.0,0.0
acorn-ef64,anticorr_q0889_tau0,anticorr,9900002,0,1,0.0000,0.0000,0.00016,64.745,64.745,64.745,0.000,64.745,0.000,0.000,0.00,0.0,0.0
acorn-ef128,anticorr_q0889_tau0,anticorr,9900002,0,1,0.0000,0.0000,0.00012,70.422,70.422,70.422,0.000,70.422,0.000,0.000,0.00,0.0,0.0
acorn-ef256,anticorr_q0889_tau0,anticorr,9900002,0,1,0.0000,0.0000,0.00010,80.990,80.990,80.990,0.000,80.990,0.000,0.000,0.00,0.0,0.0
acorn-ef512,anticorr_q0889_tau0,anticorr,9900002,0,1,0.0000,0.0000,0.00008,96.359,96.359,96.359,0.000,96.359,0.000,0.000,0.00,0.0,0.0
acorn-ef64,anticorr_q0889_tau0.01,anticorr,9900138,0,1,0.7000,0.0000,0.00098,14.897,14.897,14.897,0.000,14.897,0.000,0.000,0.00,0.0,0.0
acorn-ef128,anticorr_q0889_tau0.01,anticorr,9900138,0,1,0.8000,0.0000,0.00081,15.603,15.603,15.603,0.000,15.603,0.000,0.000,0.00,0.0,0.0
acorn-ef256,anticorr_q0889_tau0.01,anticorr,9900138,0,1,1.0000,1.0000,0.00000,21.044,21.044,21.044,0.000,21.044,0.000,0.000,0.00,0.0,0.0
acorn-ef512,anticorr_q0889_tau0.01,anticorr,9900138,0,1,1.0000,1.0000,0.00000,29.466,29.466,29.466,0.000,29.466,0.000,0.000,0.00,0.0,0.0
acorn-ef64,anticorr_q0889_tau0.03,anticorr,9899382,0,1,1.0000,1.0000,0.00000,2.841,2.841,2.841,0.000,2.841,0.000,0.000,0.00,0.0,0.0
acorn-ef128,anticorr_q0889_tau0.03,anticorr,9899382,0,1,1.0000,1.0000,0.00000,1.945,1.945,1.945,0.000,1.945,0.000,0.000,0.00,0.0,0.0
acorn-ef256,anticorr_q0889_tau0.03,anticorr,9899382,0,1,1.0000,1.0000,0.00000,2.996,2.996,2.996,0.000,2.996,0.000,0.000,0.00,0.0,0.0
acorn-ef512,anticorr_q0889_tau0.03,anticorr,9899382,0,1,1.0000,1.0000,0.00000,5.176,5.176,5.176,0.000,5.176,0.000,0.000,0.00,0.0,0.0
acorn-ef64,anticorr_q0893_tau0,anticorr,9900000,0,1,0.0000,0.0000,0.00075,53.832,53.832,53.832,0.000,53.832,0.000,0.000,0.00,0.0,0.0
acorn-ef128,anticorr_q0893_tau0,anticorr,9900000,0,1,0.0000,0.0000,0.00028,61.114,61.114,61.114,0.000,61.114,0.000,0.000,0.00,0.0,0.0
acorn-ef256,anticorr_q0893_tau0,anticorr,9900000,0,1,0.0000,0.0000,0.00011,70.278,70.278,70.278,0.000,70.278,0.000,0.000,0.00,0.0,0.0
acorn-ef512,anticorr_q0893_tau0,anticorr,9900000,0,1,0.0000,0.0000,0.00008,83.462,83.462,83.462,0.000,83.462,0.000,0.000,0.00,0.0,0.0
acorn-ef64,anticorr_q0893_tau0.01,anticorr,9899771,0,1,0.9000,0.0000,0.00012,10.767,10.767,10.767,0.000,10.767,0.000,0.000,0.00,0.0,0.0
acorn-ef128,anticorr_q0893_tau0.01,anticorr,9899771,0,1,0.9000,0.0000,0.00012,11.989,11.989,11.989,0.000,11.989,0.000,0.000,0.00,0.0,0.0
acorn-ef256,anticorr_q0893_tau0.01,anticorr,9899771,0,1,0.9000,0.0000,0.00012,17.877,17.877,17.877,0.000,17.877,0.000,0.000,0.00,0.0,0.0
acorn-ef512,anticorr_q0893_tau0.01,anticorr,9899771,0,1,1.0000,1.0000,0.00000,21.593,21.593,21.593,0.000,21.593,0.000,0.000,0.00,0.0,0.0
acorn-ef64,anticorr_q0893_tau0.03,anticorr,9899877,0,1,1.0000,1.0000,0.00000,2.641,2.641,2.641,0.000,2.641,0.000,0.000,0.00,0.0,0.0
acorn-ef128,anticorr_q0893_tau0.03,anticorr,9899877,0,1,1.0000,1.0000,0.00000,1.738,1.738,1.738,0.000,1.738,0.000,0.000,0.00,0.0,0.0
acorn-ef256,anticorr_q0893_tau0.03,anticorr,9899877,0,1,1.0000,1.0000,0.00000,2.236,2.236,2.236,0.000,2.236,0.000,0.000,0.00,0.0,0.0
acorn-ef512,anticorr_q0893_tau0.03,anticorr,9899877,0,1,1.0000,1.0000,0.00000,3.730,3.730,3.730,0.000,3.730,0.000,0.000,0.00,0.0,0.0
acorn-ef64,anticorr_q0918_tau0,anticorr,9900000,0,1,0.0000,0.0000,0.00031,60.051,60.051,60.051,0.000,60.051,0.000,0.000,0.00,0.0,0.0
acorn-ef128,anticorr_q0918_tau0,anticorr,9900000,0,1,0.0000,0.0000,0.00020,67.399,67.399,67.399,0.000,67.399,0.000,0.000,0.00,0.0,0.0
acorn-ef256,anticorr_q0918_tau0,anticorr,9900000,0,1,0.1000,0.0000,0.00009,78.736,78.736,78.736,0.000,78.736,0.000,0.000,0.00,0.0,0.0
acorn-ef512,anticorr_q0918_tau0,anticorr,9900000,0,1,0.2000,0.0000,0.00004,106.900,106.900,106.900,0.000,106.900,0.000,0.000,0.00,0.0,0.0
acorn-ef64,anticorr_q0918_tau0.01,anticorr,9900363,0,1,0.6000,0.0000,0.00214,12.429,12.429,12.429,0.000,12.429,0.000,0.000,0.00,0.0,0.0
acorn-ef128,anticorr_q0918_tau0.01,anticorr,9900363,0,1,0.6000,0.0000,0.00193,13.419,13.419,13.419,0.000,13.419,0.000,0.000,0.00,0.0,0.0
acorn-ef256,anticorr_q0918_tau0.01,anticorr,9900363,0,1,0.8000,0.0000,0.00105,18.758,18.758,18.758,0.000,18.758,0.000,0.000,0.00,0.0,0.0
acorn-ef512,anticorr_q0918_tau0.01,anticorr,9900363,0,1,0.8000,0.0000,0.00095,26.103,26.103,26.103,0.000,26.103,0.000,0.000,0.00,0.0,0.0
acorn-ef64,anticorr_q0918_tau0.03,anticorr,9899758,0,1,1.0000,1.0000,0.00000,2.477,2.477,2.477,0.000,2.477,0.000,0.000,0.00,0.0,0.0
acorn-ef128,anticorr_q0918_tau0.03,anticorr,9899758,0,1,1.0000,1.0000,0.00000,1.777,1.777,1.777,0.000,1.777,0.000,0.000,0.00,0.0,0.0
acorn-ef256,anticorr_q0918_tau0.03,anticorr,9899758,0,1,1.0000,1.0000,0.00000,2.701,2.701,2.701,0.000,2.701,0.000,0.000,0.00,0.0,0.0
acorn-ef512,anticorr_q0918_tau0.03,anticorr,9899758,0,1,1.0000,1.0000,0.00000,5.167,5.167,5.167,0.000,5.167,0.000,0.000,0.00,0.0,0.0
acorn-ef64,anticorr_q0922_tau0,anticorr,9900000,0,1,0.0000,0.0000,0.00033,63.023,63.023,63.023,0.000,63.023,0.000,0.000,0.00,0.0,0.0
acorn-ef128,anticorr_q0922_tau0,anticorr,9900000,0,1,0.0000,0.0000,0.00013,69.859,69.859,69.859,0.000,69.859,0.000,0.000,0.00,0.0,0.0
acorn-ef256,anticorr_q0922_tau0,anticorr,9900000,0,1,0.0000,0.0000,0.00009,82.008,82.008,82.008,0.000,82.008,0.000,0.000,0.00,0.0,0.0
acorn-ef512,anticorr_q0922_tau0,anticorr,9900000,0,1,0.0000,0.0000,0.00003,97.473,97.473,97.473,0.000,97.473,0.000,0.000,0.00,0.0,0.0
acorn-ef64,anticorr_q0922_tau0.01,anticorr,9900170,0,1,0.8000,0.0000,0.00205,12.026,12.026,12.026,0.000,12.026,0.000,0.000,0.00,0.0,0.0
acorn-ef128,anticorr_q0922_tau0.01,anticorr,9900170,0,1,0.9000,0.0000,0.00171,12.720,12.720,12.720,0.000,12.720,0.000,0.000,0.00,0.0,0.0
acorn-ef256,anticorr_q0922_tau0.01,anticorr,9900170,0,1,0.9000,0.0000,0.00171,18.220,18.220,18.220,0.000,18.220,0.000,0.000,0.00,0.0,0.0
acorn-ef512,anticorr_q0922_tau0.01,anticorr,9900170,0,1,1.0000,1.0000,0.00000,26.889,26.889,26.889,0.000,26.889,0.000,0.000,0.00,0.0,0.0
acorn-ef64,anticorr_q0922_tau0.03,anticorr,9900568,0,1,1.0000,1.0000,0.00000,1.932,1.932,1.932,0.000,1.932,0.000,0.000,0.00,0.0,0.0
acorn-ef128,anticorr_q0922_tau0.03,anticorr,9900568,0,1,1.0000,1.0000,0.00000,1.774,1.774,1.774,0.000,1.774,0.000,0.000,0.00,0.0,0.0
acorn-ef256,anticorr_q0922_tau0.03,anticorr,9900568,0,1,1.0000,1.0000,0.00000,2.858,2.858,2.858,0.000,2.858,0.000,0.000,0.00,0.0,0.0
acorn-ef512,anticorr_q0922_tau0.03,anticorr,9900568,0,1,1.0000,1.0000,0.00000,4.843,4.843,4.843,0.000,4.843,0.000,0.000,0.00,0.0,0.0
acorn-ef64,anticorr_q0932_tau0,anticorr,9900000,0,1,0.0000,0.0000,0.00026,61.146,61.146,61.146,0.000,61.146,0.000,0.000,0.00,0.0,0.0
acorn-ef128,anticorr_q0932_tau0,anticorr,9900000,0,1,0.0000,0.0000,0.00008,70.249,70.249,70.249,0.000,70.249,0.000,0.000,0.00,0.0,0.0
acorn-ef256,anticorr_q0932_tau0,anticorr,9900000,0,1,0.0000,0.0000,0.00003,78.956,78.956,78.956,0.000,78.956,0.000,0.000,0.00,0.0,0.0
acorn-ef512,anticorr_q0932_tau0,anticorr,9900000,0,1,0.0000,0.0000,0.00002,92.736,92.736,92.736,0.000,92.736,0.000,0.000,0.00,0.0,0.0
acorn-ef64,anticorr_q0932_tau0.01,anticorr,9900067,0,1,0.7000,0.0000,0.00060,9.314,9.314,9.314,0.000,9.314,0.000,0.000,0.00,0.0,0.0
acorn-ef128,anticorr_q0932_tau0.01,anticorr,9900067,0,1,0.7000,0.0000,0.00060,9.637,9.637,9.637,0.000,9.637,0.000,0.000,0.00,0.0,0.0
acorn-ef256,anticorr_q0932_tau0.01,anticorr,9900067,0,1,0.8000,0.0000,0.00031,14.608,14.608,14.608,0.000,14.608,0.000,0.000,0.00,0.0,0.0
acorn-ef512,anticorr_q0932_tau0.01,anticorr,9900067,0,1,0.9000,0.0000,0.00007,20.485,20.485,20.485,0.000,20.485,0.000,0.000,0.00,0.0,0.0
acorn-ef64,anticorr_q0932_tau0.03,anticorr,9900145,0,1,0.7000,0.0000,0.00117,2.661,2.661,2.661,0.000,2.661,0.000,0.000,0.00,0.0,0.0
acorn-ef128,anticorr_q0932_tau0.03,anticorr,9900145,0,1,0.7000,0.0000,0.00117,1.442,1.442,1.442,0.000,1.442,0.000,0.000,0.00,0.0,0.0
acorn-ef256,anticorr_q0932_tau0.03,anticorr,9900145,0,1,0.8000,0.0000,0.00026,2.512,2.512,2.512,0.000,2.512,0.000,0.000,0.00,0.0,0.0
acorn-ef512,anticorr_q0932_tau0.03,anticorr,9900145,0,1,1.0000,1.0000,0.00000,4.279,4.279,4.279,0.000,4.279,0.000,0.000,0.00,0.0,0.0
acorn-ef64,anticorr_q0950_tau0,anticorr,9900000,0,1,0.0000,0.0000,0.00041,68.380,68.380,68.380,0.000,68.380,0.000,0.000,0.00,0.0,0.0
acorn-ef128,anticorr_q0950_tau0,anticorr,9900000,0,1,0.0000,0.0000,0.00014,74.703,74.703,74.703,0.000,74.703,0.000,0.000,0.00,0.0,0.0
acorn-ef256,anticorr_q0950_tau0,anticorr,9900000,0,1,0.0000,0.0000,0.00005,85.964,85.964,85.964,0.000,85.964,0.000,0.000,0.00,0.0,0.0
acorn-ef512,anticorr_q0950_tau0,anticorr,9900000,0,1,0.0000,0.0000,0.00003,100.235,100.235,100.235,0.000,100.235,0.000,0.000,0.00,0.0,0.0
acorn-ef64,anticorr_q0950_tau0.01,anticorr,9899997,0,1,1.0000,1.0000,0.00000,15.472,15.472,15.472,0.000,15.472,0.000,0.000,0.00,0.0,0.0
acorn-ef128,anticorr_q0950_tau0.01,anticorr,9899997,0,1,1.0000,1.0000,0.00000,15.455,15.455,15.455,0.000,15.455,0.000,0.000,0.00,0.0,0.0
acorn-ef256,anticorr_q0950_tau0.01,anticorr,9899997,0,1,1.0000,1.0000,0.00000,20.128,20.128,20.128,0.000,20.128,0.000,0.000,0.00,0.0,0.0
acorn-ef512,anticorr_q0950_tau0.01,anticorr,9899997,0,1,1.0000,1.0000,0.00000,28.966,28.966,28.966,0.000,28.966,0.000,0.000,0.00,0.0,0.0
acorn-ef64,anticorr_q0950_tau0.03,anticorr,9899843,0,1,1.0000,1.0000,0.00000,2.368,2.368,2.368,0.000,2.368,0.000,0.000,0.00,0.0,0.0
acorn-ef128,anticorr_q0950_tau0.03,anticorr,9899843,0,1,1.0000,1.0000,0.00000,1.558,1.558,1.558,0.000,1.558,0.000,0.000,0.00,0.0,0.0
acorn-ef256,anticorr_q0950_tau0.03,anticorr,9899843,0,1,1.0000,1.0000,0.00000,2.439,2.439,2.439,0.000,2.439,0.000,0.000,0.00,0.0,0.0
acorn-ef512,anticorr_q0950_tau0.03,anticorr,9899843,0,1,1.0000,1.0000,0.00000,4.546,4.546,4.546,0.000,4.546,0.000,0.000,0.00,0.0,0.0
acorn-ef64,anticorr_q0963_tau0,anticorr,9900001,0,1,0.0000,0.0000,0.00047,54.682,54.682,54.682,0.000,54.682,0.000,0.000,0.00,0.0,0.0
acorn-ef128,anticorr_q0963_tau0,anticorr,9900001,0,1,0.0000,0.0000,0.00016,59.841,59.841,59.841,0.000,59.841,0.000,0.000,0.00,0.0,0.0
acorn-ef256,anticorr_q0963_tau0,anticorr,9900001,0,1,0.0000,0.0000,0.00011,70.393,70.393,70.393,0.000,70.393,0.000,0.000,0.00,0.0,0.0
acorn-ef512,anticorr_q0963_tau0,anticorr,9900001,0,1,0.0000,0.0000,0.00007,87.383,87.383,87.383,0.000,87.383,0.000,0.000,0.00,0.0,0.0
acorn-ef64,anticorr_q0963_tau0.01,anticorr,9899848,0,1,0.8000,0.0000,0.00195,7.183,7.183,7.183,0.000,7.183,0.000,0.000,0.00,0.0,0.0
acorn-ef128,anticorr_q0963_tau0.01,anticorr,9899848,0,1,0.8000,0.0000,0.00195,7.401,7.401,7.401,0.000,7.401,0.000,0.000,0.00,0.0,0.0
acorn-ef256,anticorr_q0963_tau0.01,anticorr,9899848,0,1,0.9000,0.0000,0.00134,12.008,12.008,12.008,0.000,12.008,0.000,0.000,0.00,0.0,0.0
acorn-ef512,anticorr_q0963_tau0.01,anticorr,9899848,0,1,1.0000,1.0000,0.00000,18.397,18.397,18.397,0.000,18.397,0.000,0.000,0.00,0.0,0.0
acorn-ef64,anticorr_q0963_tau0.03,anticorr,9900698,0,1,1.0000,1.0000,0.00000,2.264,2.264,2.264,0.000,2.264,0.000,0.000,0.00,0.0,0.0
acorn-ef128,anticorr_q0963_tau0.03,anticorr,9900698,0,1,1.0000,1.0000,0.00000,1.320,1.320,1.320,0.000,1.320,0.000,0.000,0.00,0.0,0.0
acorn-ef256,anticorr_q0963_tau0.03,anticorr,9900698,0,1,1.0000,1.0000,0.00000,2.072,2.072,2.072,0.000,2.072,0.000,0.000,0.00,0.0,0.0
acorn-ef512,anticorr_q0963_tau0.03,anticorr,9900698,0,1,1.0000,1.0000,0.00000,3.485,3.485,3.485,0.000,3.485,0.000,0.000,0.00,0.0,0.0
acorn-ef64,anticorr_q0964_tau0,anticorr,9900002,0,1,0.0000,0.0000,0.00022,61.067,61.067,61.067,0.000,61.067,0.000,0.000,0.00,0.0,0.0
acorn-ef128,anticorr_q0964_tau0,anticorr,9900002,0,1,0.0000,0.0000,0.00018,77.094,77.094,77.094,0.000,77.094,0.000,0.000,0.00,0.0,0.0
acorn-ef256,anticorr_q0964_tau0,anticorr,9900002,0,1,0.0000,0.0000,0.00007,77.918,77.918,77.918,0.000,77.918,0.000,0.000,0.00,0.0,0.0
acorn-ef512,anticorr_q0964_tau0,anticorr,9900002,0,1,0.0000,0.0000,0.00005,89.982,89.982,89.982,0.000,89.982,0.000,0.000,0.00,0.0,0.0
acorn-ef64,anticorr_q0964_tau0.01,anticorr,9899817,0,1,0.8000,0.0000,0.00109,9.760,9.760,9.760,0.000,9.760,0.000,0.000,0.00,0.0,0.0
acorn-ef128,anticorr_q0964_tau0.01,anticorr,9899817,0,1,0.9000,0.0000,0.00015,9.954,9.954,9.954,0.000,9.954,0.000,0.000,0.00,0.0,0.0
acorn-ef256,anticorr_q0964_tau0.01,anticorr,9899817,0,1,1.0000,1.0000,0.00000,13.556,13.556,13.556,0.000,13.556,0.000,0.000,0.00,0.0,0.0
acorn-ef512,anticorr_q0964_tau0.01,anticorr,9899817,0,1,1.0000,1.0000,0.00000,21.197,21.197,21.197,0.000,21.197,0.000,0.000,0.00,0.0,0.0
acorn-ef64,anticorr_q0964_tau0.03,anticorr,9900167,0,1,1.0000,1.0000,0.00000,2.422,2.422,2.422,0.000,2.422,0.000,0.000,0.00,0.0,0.0
acorn-ef128,anticorr_q0964_tau0.03,anticorr,9900167,0,1,1.0000,1.0000,0.00000,1.703,1.703,1.703,0.000,1.703,0.000,0.000,0.00,0.0,0.0
acorn-ef256,anticorr_q0964_tau0.03,anticorr,9900167,0,1,1.0000,1.0000,0.00000,2.282,2.282,2.282,0.000,2.282,0.000,0.000,0.00,0.0,0.0
acorn-ef512,anticorr_q0964_tau0.03,anticorr,9900167,0,1,1.0000,1.0000,0.00000,4.066,4.066,4.066,0.000,4.066,0.000,0.000,0.00,0.0,0.0
acorn-ef64,anticorr_q0979_tau0,anticorr,9900000,0,1,0.0000,0.0000,0.00056,54.305,54.305,54.305,0.000,54.305,0.000,0.000,0.00,0.0,0.0
acorn-ef128,anticorr_q0979_tau0,anticorr,9900000,0,1,0.0000,0.0000,0.00029,59.747,59.747,59.747,0.000,59.747,0.000,0.000,0.00,0.0,0.0
acorn-ef256,anticorr_q0979_tau0,anticorr,9900000,0,1,0.0000,0.0000,0.00011,71.008,71.008,71.008,0.000,71.008,0.000,0.000,0.00,0.0,0.0
acorn-ef512,anticorr_q0979_tau0,anticorr,9900000,0,1,0.0000,0.0000,0.00004,86.628,86.628,86.628,0.000,86.628,0.000,0.000,0.00,0.0,0.0
acorn-ef64,anticorr_q0979_tau0.01,anticorr,9899791,0,1,0.5000,0.0000,0.00253,9.970,9.970,9.970,0.000,9.970,0.000,0.000,0.00,0.0,0.0
acorn-ef128,anticorr_q0979_tau0.01,anticorr,9899791,0,1,0.7000,0.0000,0.00101,9.778,9.778,9.778,0.000,9.778,0.000,0.000,0.00,0.0,0.0
acorn-ef256,anticorr_q0979_tau0.01,anticorr,9899791,0,1,0.7000,0.0000,0.00101,14.405,14.405,14.405,0.000,14.405,0.000,0.000,0.00,0.0,0.0
acorn-ef512,anticorr_q0979_tau0.01,anticorr,9899791,0,1,0.8000,0.0000,0.00073,20.141,20.141,20.141,0.000,20.141,0.000,0.000,0.00,0.0,0.0
acorn-ef64,anticorr_q0979_tau0.03,anticorr,9899513,0,1,1.0000,1.0000,0.00000,2.822,2.822,2.822,0.000,2.822,0.000,0.000,0.00,0.0,0.0
acorn-ef128,anticorr_q0979_tau0.03,anticorr,9899513,0,1,1.0000,1.0000,0.00000,1.910,1.910,1.910,0.000,1.910,0.000,0.000,0.00,0.0,0.0
acorn-ef256,anticorr_q0979_tau0.03,anticorr,9899513,0,1,1.0000,1.0000,0.00000,2.629,2.629,2.629,0.000,2.629,0.000,0.000,0.00,0.0,0.0
acorn-ef512,anticorr_q0979_tau0.03,anticorr,9899513,0,1,1.0000,1.0000,0.00000,4.326,4.326,4.326,0.000,4.326,0.000,0.000,0.00,0.0,0.0
