method,filter,family,size,recall_at_10,sim_regret,p50_ms,p95_ms,p99_ms
scan-b4096,conj_topical100k_a_idlo,conjunction,54805,0.9955,,3.627,7.368,16.954
scan-b4096,conj_topical1m_a_idlo,conjunction,531538,0.9867,,29.846,42.684,57.504
scan-b4096,conj_topical1m_a_idmid,conjunction,238360,0.9906,,15.445,17.074,18.827
scan-b4096,conj_topical2m_b_idlo,conjunction,175180,0.9979,,8.282,16.025,33.805
scan-b4096,conj_topical400k_a_idhi,conjunction,205530,0.9939,,17.462,33.294,50.007
scan-b4096,conj_topical5m_a_idlo,conjunction,911207,0.9934,,39.661,58.888,76.494
scan-b4096,random_100k,random,100000,0.9982,,13.438,35.758,51.141
scan-b4096,random_10k,random,10000,0.9999,,1.840,5.076,24.198
scan-b4096,random_1m,random,1000000,0.9952,,148.966,175.183,212.220
scan-b4096,random_2m,random,2000000,0.9948,,227.190,240.086,244.621
scan-b4096,random_400k,random,400000,0.9976,,67.569,83.414,88.971
scan-b4096,random_40k,random,40000,0.9993,,4.382,14.664,27.574
scan-b4096,random_5m,random,5000000,0.9965,,255.668,265.498,272.821
scan-b4096,topical_100k_a,topical,100006,0.9945,,5.316,8.232,12.917
scan-b4096,topical_100k_b,topical,100000,0.9917,,5.877,12.401,21.159
scan-b4096,topical_10k_a,topical,10002,0.9989,,1.234,1.597,3.587
scan-b4096,topical_10k_b,topical,10001,0.9996,,1.240,1.587,5.426
scan-b4096,topical_1m_a,topical,1000003,0.9890,,58.198,65.035,68.283
scan-b4096,topical_1m_b,topical,1000013,0.9910,,58.072,64.909,70.153
scan-b4096,topical_2m_a,topical,2000088,0.9900,,105.185,113.686,118.370
scan-b4096,topical_2m_b,topical,2000000,0.9938,,100.279,106.978,111.416
scan-b4096,topical_400k_a,topical,400020,0.9935,,26.905,31.121,32.974
scan-b4096,topical_400k_b,topical,400001,0.9941,,25.370,30.209,33.591
scan-b4096,topical_40k_a,topical,40006,0.9951,,2.669,4.765,11.671
scan-b4096,topical_40k_b,topical,40004,0.9972,,2.719,3.626,5.302
scan-b4096,topical_5m_a,topical,5000022,0.9946,,190.409,196.331,202.280
scan-b4096,topical_5m_b,topical,5000010,0.9944,,190.912,194.915,198.983
scan-b4096,anticorr_q0041_tau0,anticorr,9900000,0.0000,,321.056,321.056,321.056
scan-b4096,anticorr_q0041_tau0.01,anticorr,9900239,0.8000,,317.491,317.491,317.491
scan-b4096,anticorr_q0041_tau0.03,anticorr,9900507,1.0000,,298.672,298.672,298.672
scan-b4096,anticorr_q0059_tau0,anticorr,9900000,0.0000,,323.135,323.135,323.135
scan-b4096,anticorr_q0059_tau0.01,anticorr,9899959,0.8000,,313.764,313.764,313.764
scan-b4096,anticorr_q0059_tau0.03,anticorr,9899896,1.0000,,299.027,299.027,299.027
scan-b4096,anticorr_q0064_tau0,anticorr,9900000,0.0000,,315.054,315.054,315.054
scan-b4096,anticorr_q0064_tau0.01,anticorr,9900317,0.9000,,311.788,311.788,311.788
scan-b4096,anticorr_q0064_tau0.03,anticorr,9899835,1.0000,,295.841,295.841,295.841
scan-b4096,anticorr_q0073_tau0,anticorr,9900001,0.1000,,317.627,317.627,317.627
scan-b4096,anticorr_q0073_tau0.01,anticorr,9899943,0.9000,,315.534,315.534,315.534
scan-b4096,anticorr_q0073_tau0.03,anticorr,9899919,1.0000,,295.742,295.742,295.742
scan-b4096,anticorr_q0077_tau0,anticorr,9900000,0.0000,,319.398,319.398,319.398
scan-b4096,anticorr_q0077_tau0.01,anticorr,9899838,0.4000,,309.350,309.350,309.350
scan-b4096,anticorr_q0077_tau0.03,anticorr,9900809,1.0000,,309.714,309.714,309.714
scan-b4096,anticorr_q0080_tau0,anticorr,9900000,0.0000,,352.919,352.919,352.919
scan-b4096,anticorr_q0080_tau0.01,anticorr,9900207,0.9000,,331.713,331.713,331.713
scan-b4096,anticorr_q0080_tau0.03,anticorr,9899376,1.0000,,301.115,301.115,301.115
scan-b4096,anticorr_q0085_tau0,anticorr,9900000,0.0000,,323.809,323.809,323.809
scan-b4096,anticorr_q0085_tau0.01,anticorr,9899881,0.7000,,313.851,313.851,313.851
scan-b4096,anticorr_q0085_tau0.03,anticorr,9899588,1.0000,,298.043,298.043,298.043
scan-b4096,anticorr_q0095_tau0,anticorr,9900001,0.0000,,320.941,320.941,320.941
scan-b4096,anticorr_q0095_tau0.01,anticorr,9899707,0.6000,,309.611,309.611,309.611
scan-b4096,anticorr_q0095_tau0.03,anticorr,9899770,0.9000,,305.537,305.537,305.537
scan-b4096,anticorr_q0117_tau0,anticorr,9900000,0.1000,,320.861,320.861,320.861
scan-b4096,anticorr_q0117_tau0.01,anticorr,9900126,0.6000,,315.011,315.011,315.011
scan-b4096,anticorr_q0117_tau0.03,anticorr,9900642,1.0000,,297.237,297.237,297.237
scan-b4096,anticorr_q0126_tau0,anticorr,9900000,0.0000,,325.542,325.542,325.542
scan-b4096,anticorr_q0126_tau0.01,anticorr,9900093,0.9000,,314.614,314.614,314.614
scan-b4096,anticorr_q0126_tau0.03,anticorr,9900093,1.0000,,296.515,296.515,296.515
scan-b4096,anticorr_q0139_tau0,anticorr,9900000,0.0000,,316.633,316.633,316.633
scan-b4096,anticorr_q0139_tau0.01,anticorr,9900294,0.9000,,306.969,306.969,306.969
scan-b4096,anticorr_q0139_tau0.03,anticorr,9900438,1.0000,,296.975,296.975,296.975
scan-b4096,anticorr_q0147_tau0,anticorr,9900000,0.0000,,328.970,328.970,328.970
scan-b4096,anticorr_q0147_tau0.01,anticorr,9899755,0.9000,,326.438,326.438,326.438
scan-b4096,anticorr_q0147_tau0.03,anticorr,9900099,1.0000,,300.849,300.849,300.849
scan-b4096,anticorr_q0155_tau0,anticorr,9900000,0.0000,,311.126,311.126,311.126
scan-b4096,anticorr_q0155_tau0.01,anticorr,9900135,0.4000,,304.306,304.306,304.306
scan-b4096,anticorr_q0155_tau0.03,anticorr,9900011,0.6000,,296.759,296.759,296.759
scan-b4096,anticorr_q0157_tau0,anticorr,9900000,0.0000,,318.548,318.548,318.548
scan-b4096,anticorr_q0157_tau0.01,anticorr,9900280,0.9000,,314.883,314.883,314.883
scan-b4096,anticorr_q0157_tau0.03,anticorr,9899453,1.0000,,295.903,295.903,295.903
scan-b4096,anticorr_q0168_tau0,anticorr,9900000,0.0000,,316.993,316.993,316.993
scan-b4096,anticorr_q0168_tau0.01,anticorr,9900108,0.9000,,309.261,309.261,309.261
scan-b4096,anticorr_q0168_tau0.03,anticorr,9899404,1.0000,,296.862,296.862,296.862
scan-b4096,anticorr_q0183_tau0,anticorr,9900000,0.0000,,330.495,330.495,330.495
scan-b4096,anticorr_q0183_tau0.01,anticorr,9899334,0.4000,,325.820,325.820,325.820
scan-b4096,anticorr_q0183_tau0.03,anticorr,9900136,1.0000,,299.731,299.731,299.731
scan-b4096,anticorr_q0184_tau0,anticorr,9900002,0.0000,,322.429,322.429,322.429
scan-b4096,anticorr_q0184_tau0.01,anticorr,9899929,0.8000,,313.129,313.129,313.129
scan-b4096,anticorr_q0184_tau0.03,anticorr,9900225,1.0000,,297.346,297.346,297.346
scan-b4096,anticorr_q0185_tau0,anticorr,9900000,0.0000,,315.274,315.274,315.274
scan-b4096,anticorr_q0185_tau0.01,anticorr,9900267,0.7000,,303.606,303.606,303.606
scan-b4096,anticorr_q0185_tau0.03,anticorr,9900343,1.0000,,298.381,298.381,298.381
scan-b4096,anticorr_q0211_tau0,anticorr,9900000,0.0000,,318.139,318.139,318.139
scan-b4096,anticorr_q0211_tau0.01,anticorr,9899733,1.0000,,309.479,309.479,309.479
scan-b4096,anticorr_q0211_tau0.03,anticorr,9899761,1.0000,,297.434,297.434,297.434
scan-b4096,anticorr_q0221_tau0,anticorr,9900000,0.0000,,323.489,323.489,323.489
scan-b4096,anticorr_q0221_tau0.01,anticorr,9900215,0.7000,,314.671,314.671,314.671
scan-b4096,anticorr_q0221_tau0.03,anticorr,9900077,1.0000,,298.575,298.575,298.575
scan-b4096,anticorr_q0238_tau0,anticorr,9900000,0.1000,,312.570,312.570,312.570
scan-b4096,anticorr_q0238_tau0.01,anticorr,9899861,0.9000,,304.694,304.694,304.694
scan-b4096,anticorr_q0238_tau0.03,anticorr,9900075,1.0000,,296.684,296.684,296.684
scan-b4096,anticorr_q0259_tau0,anticorr,9900001,0.0000,,316.806,316.806,316.806
scan-b4096,anticorr_q0259_tau0.01,anticorr,9899695,0.3000,,308.396,308.396,308.396
scan-b4096,anticorr_q0259_tau0.03,anticorr,9900271,1.0000,,299.009,299.009,299.009
scan-b4096,anticorr_q0287_tau0,anticorr,9900000,0.0000,,313.853,313.853,313.853
scan-b4096,anticorr_q0287_tau0.01,anticorr,9899924,0.4000,,306.817,306.817,306.817
scan-b4096,anticorr_q0287_tau0.03,anticorr,9900818,1.0000,,299.437,299.437,299.437
scan-b4096,anticorr_q0308_tau0,anticorr,9900000,0.0000,,337.111,337.111,337.111
scan-b4096,anticorr_q0308_tau0.01,anticorr,9900426,0.8000,,382.966,382.966,382.966
scan-b4096,anticorr_q0308_tau0.03,anticorr,9899801,1.0000,,298.813,298.813,298.813
scan-b4096,anticorr_q0314_tau0,anticorr,9900000,0.0000,,314.666,314.666,314.666
scan-b4096,anticorr_q0314_tau0.01,anticorr,9900146,0.8000,,313.593,313.593,313.593
scan-b4096,anticorr_q0314_tau0.03,anticorr,9899754,1.0000,,302.254,302.254,302.254
scan-b4096,anticorr_q0322_tau0,anticorr,9900000,0.0000,,324.685,324.685,324.685
scan-b4096,anticorr_q0322_tau0.01,anticorr,9900109,0.8000,,316.962,316.962,316.962
scan-b4096,anticorr_q0322_tau0.03,anticorr,9899480,1.0000,,296.680,296.680,296.680
scan-b4096,anticorr_q0334_tau0,anticorr,9900002,0.0000,,313.001,313.001,313.001
scan-b4096,anticorr_q0334_tau0.01,anticorr,9899707,0.9000,,311.011,311.011,311.011
scan-b4096,anticorr_q0334_tau0.03,anticorr,9900192,1.0000,,300.995,300.995,300.995
scan-b4096,anticorr_q0341_tau0,anticorr,9900000,0.1000,,322.196,322.196,322.196
scan-b4096,anticorr_q0341_tau0.01,anticorr,9899869,0.9000,,318.105,318.105,318.105
scan-b4096,anticorr_q0341_tau0.03,anticorr,9899690,1.0000,,300.074,300.074,300.074
scan-b4096,anticorr_q0346_tau0,anticorr,9900000,0.0000,,324.608,324.608,324.608
scan-b4096,anticorr_q0346_tau0.01,anticorr,9899780,1.0000,,311.640,311.640,311.640
scan-b4096,anticorr_q0346_tau0.03,anticorr,9900235,1.0000,,295.327,295.327,295.327
scan-b4096,anticorr_q0353_tau0,anticorr,9900001,0.0000,,313.373,313.373,313.373
scan-b4096,anticorr_q0353_tau0.01,anticorr,9900048,0.7000,,309.468,309.468,309.468
scan-b4096,anticorr_q0353_tau0.03,anticorr,9900443,1.0000,,306.183,306.183,306.183
scan-b4096,anticorr_q0358_tau0,anticorr,9900001,0.1000,,324.921,324.921,324.921
scan-b4096,anticorr_q0358_tau0.01,anticorr,9900242,0.9000,,319.315,319.315,319.315
scan-b4096,anticorr_q0358_tau0.03,anticorr,9900623,1.0000,,303.763,303.763,303.763
scan-b4096,anticorr_q0373_tau0,anticorr,9900000,0.0000,,311.372,311.372,311.372
scan-b4096,anticorr_q0373_tau0.01,anticorr,9900210,0.9000,,302.032,302.032,302.032
scan-b4096,anticorr_q0373_tau0.03,anticorr,9899584,1.0000,,296.939,296.939,296.939
scan-b4096,anticorr_q0385_tau0,anticorr,9900000,0.1000,,316.091,316.091,316.091
scan-b4096,anticorr_q0385_tau0.01,anticorr,9899701,1.0000,,306.201,306.201,306.201
scan-b4096,anticorr_q0385_tau0.03,anticorr,9899845,1.0000,,297.432,297.432,297.432
scan-b4096,anticorr_q0391_tau0,anticorr,9900000,0.1000,,317.411,317.411,317.411
scan-b4096,anticorr_q0391_tau0.01,anticorr,9899967,0.7000,,305.079,305.079,305.079
scan-b4096,anticorr_q0391_tau0.03,anticorr,9900091,0.9000,,297.602,297.602,297.602
scan-b4096,anticorr_q0396_tau0,anticorr,9900000,0.0000,,324.786,324.786,324.786
scan-b4096,anticorr_q0396_tau0.01,anticorr,9899890,0.6000,,316.448,316.448,316.448
scan-b4096,anticorr_q0396_tau0.03,anticorr,9899840,1.0000,,297.826,297.826,297.826
scan-b4096,anticorr_q0412_tau0,anticorr,9900000,0.0000,,324.654,324.654,324.654
scan-b4096,anticorr_q0412_tau0.01,anticorr,9900222,0.7000,,319.603,319.603,319.603
scan-b4096,anticorr_q0412_tau0.03,anticorr,9899948,1.0000,,296.350,296.350,296.350
scan-b4096,anticorr_q0414_tau0,anticorr,9900000,0.0000,,313.918,313.918,313.918
scan-b4096,anticorr_q0414_tau0.01,anticorr,9900396,0.6000,,304.311,304.311,304.311
scan-b4096,anticorr_q0414_tau0.03,anticorr,9900031,1.0000,,304.375,304.375,304.375
scan-b4096,anticorr_q0419_tau0,anticorr,9900000,0.0000,,317.021,317.021,317.021
scan-b4096,anticorr_q0419_tau0.01,anticorr,9900019,0.6000,,309.873,309.873,309.873
scan-b4096,anticorr_q0419_tau0.03,anticorr,9899605,0.9000,,311.494,311.494,311.494
scan-b4096,anticorr_q0422_tau0,anticorr,9900000,0.0000,,334.192,334.192,334.192
scan-b4096,anticorr_q0422_tau0.01,anticorr,9899839,0.9000,,357.930,357.930,357.930
scan-b4096,anticorr_q0422_tau0.03,anticorr,9899461,1.0000,,300.504,300.504,300.504
scan-b4096,anticorr_q0429_tau0,anticorr,9900001,0.0000,,319.012,319.012,319.012
scan-b4096,anticorr_q0429_tau0.01,anticorr,9899982,0.8000,,307.959,307.959,307.959
scan-b4096,anticorr_q0429_tau0.03,anticorr,9899401,1.0000,,295.837,295.837,295.837
scan-b4096,anticorr_q0431_tau0,anticorr,9900000,0.1000,,320.986,320.986,320.986
scan-b4096,anticorr_q0431_tau0.01,anticorr,9900076,0.9000,,306.796,306.796,306.796
scan-b4096,anticorr_q0431_tau0.03,anticorr,9899635,1.0000,,296.939,296.939,296.939
scan-b4096,anticorr_q0445_tau0,anticorr,9900000,0.0000,,313.501,313.501,313.501
scan-b4096,anticorr_q0445_tau0.01,anticorr,9899705,0.5000,,304.089,304.089,304.089
scan-b4096,anticorr_q0445_tau0.03,anticorr,9900310,1.0000,,296.887,296.887,296.887
scan-b4096,anticorr_q0450_tau0,anticorr,9900000,0.0000,,318.186,318.186,318.186
scan-b4096,anticorr_q0450_tau0.01,anticorr,9900197,0.7000,,315.812,315.812,315.812
scan-b4096,anticorr_q0450_tau0.03,anticorr,9899478,1.0000,,299.332,299.332,299.332
scan-b4096,anticorr_q0455_tau0,anticorr,9900000,0.0000,,322.006,322.006,322.006
scan-b4096,anticorr_q0455_tau0.01,anticorr,9900370,0.8000,,310.650,310.650,310.650
scan-b4096,anticorr_q0455_tau0.03,anticorr,9899873,1.0000,,295.052,295.052,295.052
scan-b4096,anticorr_q0460_tau0,anticorr,9900000,0.0000,,313.128,313.128,313.128
scan-b4096,anticorr_q0460_tau0.01,anticorr,9900256,0.7000,,308.229,308.229,308.229
scan-b4096,anticorr_q0460_tau0.03,anticorr,9900503,1.0000,,298.170,298.170,298.170
scan-b4096,anticorr_q0464_tau0,anticorr,9900000,0.0000,,315.672,315.672,315.672
scan-b4096,anticorr_q0464_tau0.01,anticorr,9900480,0.9000,,310.710,310.710,310.710
scan-b4096,anticorr_q0464_tau0.03,anticorr,9899875,1.0000,,300.008,300.008,300.008
scan-b4096,anticorr_q0470_tau0,anticorr,9900000,0.0000,,313.051,313.051,313.051
scan-b4096,anticorr_q0470_tau0.01,anticorr,9899943,0.7000,,307.318,307.318,307.318
scan-b4096,anticorr_q0470_tau0.03,anticorr,9899584,1.0000,,297.958,297.958,297.958
scan-b4096,anticorr_q0475_tau0,anticorr,9900000,0.0000,,319.012,319.012,319.012
scan-b4096,anticorr_q0475_tau0.01,anticorr,9899930,1.0000,,316.207,316.207,316.207
scan-b4096,anticorr_q0475_tau0.03,anticorr,9900115,1.0000,,296.645,296.645,296.645
scan-b4096,anticorr_q0479_tau0,anticorr,9900000,0.0000,,310.876,310.876,310.876
scan-b4096,anticorr_q0479_tau0.01,anticorr,9900207,0.6000,,306.559,306.559,306.559
scan-b4096,anticorr_q0479_tau0.03,anticorr,9899501,1.0000,,298.042,298.042,298.042
scan-b4096,anticorr_q0506_tau0,anticorr,9900000,0.0000,,322.308,322.308,322.308
scan-b4096,anticorr_q0506_tau0.01,anticorr,9899733,0.8000,,314.878,314.878,314.878
scan-b4096,anticorr_q0506_tau0.03,anticorr,9899983,1.0000,,301.831,301.831,301.831
scan-b4096,anticorr_q0517_tau0,anticorr,9900000,0.0000,,316.237,316.237,316.237
scan-b4096,anticorr_q0517_tau0.01,anticorr,9900123,0.6000,,307.595,307.595,307.595
scan-b4096,anticorr_q0517_tau0.03,anticorr,9899832,1.0000,,299.564,299.564,299.564
scan-b4096,anticorr_q0523_tau0,anticorr,9900000,0.0000,,317.784,317.784,317.784
scan-b4096,anticorr_q0523_tau0.01,anticorr,9899484,1.0000,,325.062,325.062,325.062
scan-b4096,anticorr_q0523_tau0.03,anticorr,9899888,1.0000,,361.126,361.126,361.126
scan-b4096,anticorr_q0552_tau0,anticorr,9900001,0.1000,,377.077,377.077,377.077
scan-b4096,anticorr_q0552_tau0.01,anticorr,9899888,0.8000,,410.517,410.517,410.517
scan-b4096,anticorr_q0552_tau0.03,anticorr,9899649,1.0000,,360.078,360.078,360.078
scan-b4096,anticorr_q0591_tau0,anticorr,9900000,0.0000,,380.534,380.534,380.534
scan-b4096,anticorr_q0591_tau0.01,anticorr,9900154,0.7000,,344.101,344.101,344.101
scan-b4096,anticorr_q0591_tau0.03,anticorr,9900140,1.0000,,393.255,393.255,393.255
scan-b4096,anticorr_q0593_tau0,anticorr,9900000,0.1000,,397.669,397.669,397.669
scan-b4096,anticorr_q0593_tau0.01,anticorr,9900414,0.8000,,383.508,383.508,383.508
scan-b4096,anticorr_q0593_tau0.03,anticorr,9900005,1.0000,,405.307,405.307,405.307
scan-b4096,anticorr_q0596_tau0,anticorr,9900000,0.0000,,366.506,366.506,366.506
scan-b4096,anticorr_q0596_tau0.01,anticorr,9900518,0.8000,,367.227,367.227,367.227
scan-b4096,anticorr_q0596_tau0.03,anticorr,9900472,1.0000,,381.328,381.328,381.328
scan-b4096,anticorr_q0620_tau0,anticorr,9900002,0.0000,,481.115,481.115,481.115
scan-b4096,anticorr_q0620_tau0.01,anticorr,9899856,0.8000,,363.347,363.347,363.347
scan-b4096,anticorr_q0620_tau0.03,anticorr,9899741,1.0000,,381.128,381.128,381.128
scan-b4096,anticorr_q0633_tau0,anticorr,9900000,0.0000,,359.981,359.981,359.981
scan-b4096,anticorr_q0633_tau0.01,anticorr,9899936,0.7000,,364.183,364.183,364.183
scan-b4096,anticorr_q0633_tau0.03,anticorr,9899322,1.0000,,362.195,362.195,362.195
scan-b4096,anticorr_q0636_tau0,anticorr,9900000,0.0000,,387.006,387.006,387.006
scan-b4096,anticorr_q0636_tau0.01,anticorr,9900445,0.8000,,404.630,404.630,404.630
scan-b4096,anticorr_q0636_tau0.03,anticorr,9900840,1.0000,,395.288,395.288,395.288
scan-b4096,anticorr_q0643_tau0,anticorr,9900000,0.0000,,430.577,430.577,430.577
scan-b4096,anticorr_q0643_tau0.01,anticorr,9899589,0.6000,,368.181,368.181,368.181
scan-b4096,anticorr_q0643_tau0.03,anticorr,9899489,1.0000,,345.125,345.125,345.125
scan-b4096,anticorr_q0655_tau0,anticorr,9900000,0.0000,,385.614,385.614,385.614
scan-b4096,anticorr_q0655_tau0.01,anticorr,9899936,0.9000,,405.706,405.706,405.706
scan-b4096,anticorr_q0655_tau0.03,anticorr,9900416,1.0000,,390.728,390.728,390.728
scan-b4096,anticorr_q0656_tau0,anticorr,9900001,0.1000,,388.857,388.857,388.857
scan-b4096,anticorr_q0656_tau0.01,anticorr,9899725,0.8000,,403.380,403.380,403.380
scan-b4096,anticorr_q0656_tau0.03,anticorr,9900557,1.0000,,398.665,398.665,398.665
scan-b4096,anticorr_q0660_tau0,anticorr,9900000,0.0000,,444.815,444.815,444.815
scan-b4096,anticorr_q0660_tau0.01,anticorr,9899848,0.6000,,422.693,422.693,422.693
scan-b4096,anticorr_q0660_tau0.03,anticorr,9899835,0.9000,,376.032,376.032,376.032
scan-b4096,anticorr_q0669_tau0,anticorr,9900000,0.0000,,430.759,430.759,430.759
scan-b4096,anticorr_q0669_tau0.01,anticorr,9900129,0.9000,,402.239,402.239,402.239
scan-b4096,anticorr_q0669_tau0.03,anticorr,9900060,1.0000,,392.407,392.407,392.407
scan-b4096,anticorr_q0671_tau0,anticorr,9900000,0.0000,,420.393,420.393,420.393
scan-b4096,anticorr_q0671_tau0.01,anticorr,9899767,0.5000,,421.107,421.107,421.107
scan-b4096,anticorr_q0671_tau0.03,anticorr,9900017,1.0000,,367.168,367.168,367.168
scan-b4096,anticorr_q0681_tau0,anticorr,9900000,0.0000,,414.392,414.392,414.392
scan-b4096,anticorr_q0681_tau0.01,anticorr,9900094,0.5000,,461.833,461.833,461.833
scan-b4096,anticorr_q0681_tau0.03,anticorr,9899861,1.0000,,439.090,439.090,439.090
scan-b4096,anticorr_q0690_tau0,anticorr,9900001,0.0000,,381.917,381.917,381.917
scan-b4096,anticorr_q0690_tau0.01,anticorr,9899876,0.8000,,393.173,393.173,393.173
scan-b4096,anticorr_q0690_tau0.03,anticorr,9899901,1.0000,,376.895,376.895,376.895
scan-b4096,anticorr_q0695_tau0,anticorr,9900000,0.0000,,419.425,419.425,419.425
scan-b4096,anticorr_q0695_tau0.01,anticorr,9899936,1.0000,,398.579,398.579,398.579
scan-b4096,anticorr_q0695_tau0.03,anticorr,9899734,1.0000,,379.198,379.198,379.198
scan-b4096,anticorr_q0698_tau0,anticorr,9900001,0.0000,,409.093,409.093,409.093
scan-b4096,anticorr_q0698_tau0.01,anticorr,9899936,0.8000,,403.095,403.095,403.095
scan-b4096,anticorr_q0698_tau0.03,anticorr,9900691,1.0000,,431.878,431.878,431.878
scan-b4096,anticorr_q0712_tau0,anticorr,9900000,0.0000,,483.525,483.525,483.525
scan-b4096,anticorr_q0712_tau0.01,anticorr,9899910,0.5000,,378.896,378.896,378.896
scan-b4096,anticorr_q0712_tau0.03,anticorr,9900215,0.9000,,355.723,355.723,355.723
scan-b4096,anticorr_q0714_tau0,anticorr,9900000,0.0000,,420.402,420.402,420.402
scan-b4096,anticorr_q0714_tau0.01,anticorr,9900125,0.6000,,369.222,369.222,369.222
scan-b4096,anticorr_q0714_tau0.03,anticorr,9899674,1.0000,,402.503,402.503,402.503
scan-b4096,anticorr_q0716_tau0,anticorr,9900000,0.1000,,404.976,404.976,404.976
scan-b4096,anticorr_q0716_tau0.01,anticorr,9900123,0.9000,,426.613,426.613,426.613
scan-b4096,anticorr_q0716_tau0.03,anticorr,9899962,1.0000,,393.810,393.810,393.810
scan-b4096,anticorr_q0720_tau0,anticorr,9900000,0.1000,,435.638,435.638,435.638
scan-b4096,anticorr_q0720_tau0.01,anticorr,9899905,0.4000,,435.342,435.342,435.342
scan-b4096,anticorr_q0720_tau0.03,anticorr,9900468,1.0000,,386.243,386.243,386.243
scan-b4096,anticorr_q0722_tau0,anticorr,9900000,0.0000,,424.257,424.257,424.257
scan-b4096,anticorr_q0722_tau0.01,anticorr,9899927,0.7000,,422.945,422.945,422.945
scan-b4096,anticorr_q0722_tau0.03,anticorr,9899753,1.0000,,448.769,448.769,448.769
scan-b4096,anticorr_q0739_tau0,anticorr,9900000,0.0000,,418.094,418.094,418.094
scan-b4096,anticorr_q0739_tau0.01,anticorr,9900332,0.8000,,416.645,416.645,416.645
scan-b4096,anticorr_q0739_tau0.03,anticorr,9899894,1.0000,,415.104,415.104,415.104
scan-b4096,anticorr_q0759_tau0,anticorr,9900000,0.0000,,419.153,419.153,419.153
scan-b4096,anticorr_q0759_tau0.01,anticorr,9900237,0.9000,,449.290,449.290,449.290
scan-b4096,anticorr_q0759_tau0.03,anticorr,9899764,1.0000,,410.984,410.984,410.984
scan-b4096,anticorr_q0763_tau0,anticorr,9900001,0.0000,,420.877,420.877,420.877
scan-b4096,anticorr_q0763_tau0.01,anticorr,9899825,0.8000,,361.664,361.664,361.664
scan-b4096,anticorr_q0763_tau0.03,anticorr,9899690,1.0000,,401.463,401.463,401.463
scan-b4096,anticorr_q0771_tau0,anticorr,9900000,0.1000,,425.080,425.080,425.080
scan-b4096,anticorr_q0771_tau0.01,anticorr,9900307,1.0000,,411.172,411.172,411.172
scan-b4096,anticorr_q0771_tau0.03,anticorr,9899838,1.0000,,388.520,388.520,388.520
scan-b4096,anticorr_q0772_tau0,anticorr,9900000,0.0000,,396.690,396.690,396.690
scan-b4096,anticorr_q0772_tau0.01,anticorr,9899747,0.5000,,408.594,408.594,408.594
scan-b4096,anticorr_q0772_tau0.03,anticorr,9900116,1.0000,,414.921,414.921,414.921
scan-b4096,anticorr_q0776_tau0,anticorr,9900000,0.1000,,419.933,419.933,419.933
scan-b4096,anticorr_q0776_tau0.01,anticorr,9899647,0.7000,,395.094,395.094,395.094
scan-b4096,anticorr_q0776_tau0.03,anticorr,9899743,1.0000,,417.358,417.358,417.358
scan-b4096,anticorr_q0777_tau0,anticorr,9900001,0.0000,,377.281,377.281,377.281
scan-b4096,anticorr_q0777_tau0.01,anticorr,9899827,0.7000,,397.274,397.274,397.274
scan-b4096,anticorr_q0777_tau0.03,anticorr,9899736,1.0000,,428.546,428.546,428.546
scan-b4096,anticorr_q0798_tau0,anticorr,9900000,0.0000,,410.409,410.409,410.409
scan-b4096,anticorr_q0798_tau0.01,anticorr,9899653,0.7000,,414.098,414.098,414.098
scan-b4096,anticorr_q0798_tau0.03,anticorr,9900398,1.0000,,417.852,417.852,417.852
scan-b4096,anticorr_q0804_tau0,anticorr,9900000,0.0000,,397.035,397.035,397.035
scan-b4096,anticorr_q0804_tau0.01,anticorr,9899438,0.8000,,406.339,406.339,406.339
scan-b4096,anticorr_q0804_tau0.03,anticorr,9900408,1.0000,,424.693,424.693,424.693
scan-b4096,anticorr_q0819_tau0,anticorr,9900000,0.0000,,438.628,438.628,438.628
scan-b4096,anticorr_q0819_tau0.01,anticorr,9899730,0.3000,,435.583,435.583,435.583
scan-b4096,anticorr_q0819_tau0.03,anticorr,9900218,1.0000,,384.090,384.090,384.090
scan-b4096,anticorr_q0823_tau0,anticorr,9900000,0.0000,,455.494,455.494,455.494
scan-b4096,anticorr_q0823_tau0.01,anticorr,9899861,0.8000,,462.982,462.982,462.982
scan-b4096,anticorr_q0823_tau0.03,anticorr,9899875,1.0000,,433.148,433.148,433.148
scan-b4096,anticorr_q0830_tau0,anticorr,9900000,0.0000,,384.780,384.780,384.780
scan-b4096,anticorr_q0830_tau0.01,anticorr,9899917,0.7000,,348.276,348.276,348.276
scan-b4096,anticorr_q0830_tau0.03,anticorr,9899898,1.0000,,413.845,413.845,413.845
scan-b4096,anticorr_q0835_tau0,anticorr,9900000,0.0000,,422.751,422.751,422.751
scan-b4096,anticorr_q0835_tau0.01,anticorr,9900310,1.0000,,388.720,388.720,388.720
scan-b4096,anticorr_q0835_tau0.03,anticorr,9899227,1.0000,,403.965,403.965,403.965
scan-b4096,anticorr_q0846_tau0,anticorr,9900001,0.0000,,398.424,398.424,398.424
scan-b4096,anticorr_q0846_tau0.01,anticorr,9899928,0.5000,,432.568,432.568,432.568
scan-b4096,anticorr_q0846_tau0.03,anticorr,9899958,1.0000,,420.326,420.326,420.326
scan-b4096,anticorr_q0856_tau0,anticorr,9900000,0.0000,,454.771,454.771,454.771
scan-b4096,anticorr_q0856_tau0.01,anticorr,9899480,0.7000,,434.361,434.361,434.361
scan-b4096,anticorr_q0856_tau0.03,anticorr,9900015,1.0000,,418.591,418.591,418.591
scan-b4096,anticorr_q0875_tau0,anticorr,9900000,0.1000,,420.041,420.041,420.041
scan-b4096,anticorr_q0875_tau0.01,anticorr,9900450,0.6000,,392.482,392.482,392.482
scan-b4096,anticorr_q0875_tau0.03,anticorr,9900620,1.0000,,386.571,386.571,386.571
scan-b4096,anticorr_q0886_tau0,anticorr,9900000,0.0000,,401.088,401.088,401.088
scan-b4096,anticorr_q0886_tau0.01,anticorr,9900045,1.0000,,394.249,394.249,394.249
scan-b4096,anticorr_q0886_tau0.03,anticorr,9900285,1.0000,,384.319,384.319,384.319
scan-b4096,anticorr_q0889_tau0,anticorr,9900002,0.0000,,390.422,390.422,390.422
scan-b4096,anticorr_q0889_tau0.01,anticorr,9900138,0.9000,,371.221,371.221,371.221
scan-b4096,anticorr_q0889_tau0.03,anticorr,9899382,1.0000,,402.047,402.047,402.047
scan-b4096,anticorr_q0893_tau0,anticorr,9900000,0.1000,,425.465,425.465,425.465
scan-b4096,anticorr_q0893_tau0.01,anticorr,9899771,1.0000,,414.258,414.258,414.258
scan-b4096,anticorr_q0893_tau0.03,anticorr,9899877,1.0000,,374.228,374.228,374.228
scan-b4096,anticorr_q0918_tau0,anticorr,9900000,0.1000,,375.587,375.587,375.587
scan-b4096,anticorr_q0918_tau0.01,anticorr,9900363,0.6000,,436.738,436.738,436.738
scan-b4096,anticorr_q0918_tau0.03,anticorr,9899758,1.0000,,448.670,448.670,448.670
scan-b4096,anticorr_q0922_tau0,anticorr,9900000,0.0000,,394.977,394.977,394.977
scan-b4096,anticorr_q0922_tau0.01,anticorr,9900170,0.7000,,419.972,419.972,419.972
scan-b4096,anticorr_q0922_tau0.03,anticorr,9900568,1.0000,,391.146,391.146,391.146
scan-b4096,anticorr_q0932_tau0,anticorr,9900000,0.0000,,380.123,380.123,380.123
scan-b4096,anticorr_q0932_tau0.01,anticorr,9900067,0.7000,,459.437,459.437,459.437
scan-b4096,anticorr_q0932_tau0.03,anticorr,9900145,1.0000,,410.325,410.325,410.325
scan-b4096,anticorr_q0950_tau0,anticorr,9900000,0.0000,,404.372,404.372,404.372
scan-b4096,anticorr_q0950_tau0.01,anticorr,9899997,0.9000,,393.635,393.635,393.635
scan-b4096,anticorr_q0950_tau0.03,anticorr,9899843,1.0000,,388.583,388.583,388.583
scan-b4096,anticorr_q0963_tau0,anticorr,9900001,0.0000,,353.966,353.966,353.966
scan-b4096,anticorr_q0963_tau0.01,anticorr,9899848,0.5000,,395.391,395.391,395.391
scan-b4096,anticorr_q0963_tau0.03,anticorr,9900698,1.0000,,391.437,391.437,391.437
scan-b4096,anticorr_q0964_tau0,anticorr,9900002,0.0000,,417.558,417.558,417.558
scan-b4096,anticorr_q0964_tau0.01,anticorr,9899817,0.8000,,380.939,380.939,380.939
scan-b4096,anticorr_q0964_tau0.03,anticorr,9900167,1.0000,,393.167,393.167,393.167
scan-b4096,anticorr_q0979_tau0,anticorr,9900000,0.1000,,397.982,397.982,397.982
scan-b4096,anticorr_q0979_tau0.01,anticorr,9899791,0.7000,,449.594,449.594,449.594
scan-b4096,anticorr_q0979_tau0.03,anticorr,9899513,1.0000,,404.237,404.237,404.237
acorn-ef64,conj_topical100k_a_idlo,conjunction,54805,0.9793,0.00009,179.415,476.769,594.478
acorn-ef128,conj_topical100k_a_idlo,conjunction,54805,0.9934,0.00004,289.845,719.553,853.197
acorn-ef256,conj_topical100k_a_idlo,conjunction,54805,0.9973,0.00001,495.333,1144.825,1496.743
acorn-ef512,conj_topical100k_a_idlo,conjunction,54805,0.9991,0.00001,798.620,1729.083,2137.285
acorn-ef64,conj_topical1m_a_idlo,conjunction,531538,0.9646,0.00027,11.702,41.440,61.743
acorn-ef128,conj_topical1m_a_idlo,conjunction,531538,0.9837,0.00017,20.272,69.730,96.325
acorn-ef256,conj_topical1m_a_idlo,conjunction,531538,0.9914,0.00013,37.259,112.989,157.986
acorn-ef512,conj_topical1m_a_idlo,conjunction,531538,0.9946,0.00005,68.227,181.782,237.197
acorn-ef64,conj_topical1m_a_idmid,conjunction,238360,0.9688,0.00014,20.455,66.856,90.801
acorn-ef128,conj_topical1m_a_idmid,conjunction,238360,0.9890,0.00006,36.682,109.870,147.554
acorn-ef256,conj_topical1m_a_idmid,conjunction,238360,0.9952,0.00004,66.750,182.106,225.849
acorn-ef512,conj_topical1m_a_idmid,conjunction,238360,0.9976,0.00001,122.163,291.605,366.634
acorn-ef64,conj_topical2m_b_idlo,conjunction,175180,0.9797,0.00008,10.949,50.674,64.048
acorn-ef128,conj_topical2m_b_idlo,conjunction,175180,0.9945,0.00001,20.816,85.056,101.626
acorn-ef256,conj_topical2m_b_idlo,conjunction,175180,0.9989,0.00000,39.548,146.124,184.594
acorn-ef512,conj_topical2m_b_idlo,conjunction,175180,0.9995,0.00000,77.777,251.756,302.448
acorn-ef64,conj_topical400k_a_idhi,conjunction,205530,0.9670,0.00015,19.077,59.121,89.197
acorn-ef128,conj_topical400k_a_idhi,conjunction,205530,0.9875,0.00007,32.188,96.160,127.860
acorn-ef256,conj_topical400k_a_idhi,conjunction,205530,0.9960,0.00003,60.028,160.710,210.144
acorn-ef512,conj_topical400k_a_idhi,conjunction,205530,0.9977,0.00002,105.481,276.163,337.368
acorn-ef64,conj_topical5m_a_idlo,conjunction,911207,0.9678,0.00018,3.239,6.688,10.427
acorn-ef128,conj_topical5m_a_idlo,conjunction,911207,0.9862,0.00009,5.205,11.664,18.748
acorn-ef256,conj_topical5m_a_idlo,conjunction,911207,0.9932,0.00005,9.599,20.253,30.317
acorn-ef512,conj_topical5m_a_idlo,conjunction,911207,0.9972,0.00003,17.828,36.815,52.557
acorn-ef64,random_100k,random,100000,0.9820,0.00008,23.640,33.348,38.353
acorn-ef128,random_100k,random,100000,0.9951,0.00003,45.266,61.171,69.214
acorn-ef256,random_100k,random,100000,0.9986,0.00001,87.031,112.158,123.556
acorn-ef512,random_100k,random,100000,0.9995,0.00000,167.092,209.701,230.233
acorn-ef64,random_10k,random,10000,0.9934,0.00002,1.580,2.267,2.986
acorn-ef128,random_10k,random,10000,0.9991,0.00000,1.427,2.065,2.278
acorn-ef256,random_10k,random,10000,0.9999,0.00000,1.591,2.271,2.450
acorn-ef512,random_10k,random,10000,1.0000,0.00000,2.013,2.548,2.728
acorn-ef64,random_1m,random,1000000,0.9746,0.00015,3.490,4.925,5.675
acorn-ef128,random_1m,random,1000000,0.9889,0.00008,5.807,7.869,8.877
acorn-ef256,random_1m,random,1000000,0.9937,0.00005,10.907,14.899,17.060
acorn-ef512,random_1m,random,1000000,0.9962,0.00004,20.141,27.389,30.334
acorn-ef64,random_2m,random,2000000,0.9674,0.00024,2.177,3.058,3.519
acorn-ef128,random_2m,random,2000000,0.9845,0.00011,3.397,4.706,5.346
acorn-ef256,random_2m,random,2000000,0.9919,0.00006,6.145,8.398,9.683
acorn-ef512,random_2m,random,2000000,0.9953,0.00004,11.336,15.538,17.043
acorn-ef64,random_400k,random,400000,0.9749,0.00012,6.623,9.653,10.964
acorn-ef128,random_400k,random,400000,0.9912,0.00005,12.184,17.273,19.992
acorn-ef256,random_400k,random,400000,0.9961,0.00002,23.327,32.746,39.281
acorn-ef512,random_400k,random,400000,0.9987,0.00001,44.718,58.533,64.386
acorn-ef64,random_40k,random,40000,0.9835,0.00007,55.637,75.911,83.135
acorn-ef128,random_40k,random,40000,0.9957,0.00003,106.775,138.132,159.418
acorn-ef256,random_40k,random,40000,0.9984,0.00001,204.899,260.589,280.113
acorn-ef512,random_40k,random,40000,0.9993,0.00001,391.242,477.366,509.738
acorn-ef64,random_5m,random,5000000,0.9713,0.00033,1.163,1.710,2.133
acorn-ef128,random_5m,random,5000000,0.9839,0.00023,1.691,2.500,4.107
acorn-ef256,random_5m,random,5000000,0.9896,0.00016,3.005,4.177,4.763
acorn-ef512,random_5m,random,5000000,0.9940,0.00006,5.511,7.585,8.725
acorn-ef64,topical_100k_a,topical,100006,0.9760,0.00011,103.305,299.353,383.087
acorn-ef128,topical_100k_a,topical,100006,0.9920,0.00005,181.010,491.502,617.977
acorn-ef256,topical_100k_a,topical,100006,0.9969,0.00002,306.790,762.596,969.604
acorn-ef512,topical_100k_a,topical,100006,0.9988,0.00001,509.710,1195.472,1463.313
acorn-ef64,topical_100k_b,topical,100000,0.9676,0.00014,44.607,129.608,174.873
acorn-ef128,topical_100k_b,topical,100000,0.9901,0.00005,78.851,203.824,262.999
acorn-ef256,topical_100k_b,topical,100000,0.9967,0.00002,141.729,334.467,410.638
acorn-ef512,topical_100k_b,topical,100000,0.9983,0.00001,246.191,539.444,638.993
acorn-ef64,topical_10k_a,topical,10002,0.9860,0.00004,0.908,1.277,1.550
acorn-ef128,topical_10k_a,topical,10002,0.9984,0.00000,0.953,1.169,1.240
acorn-ef256,topical_10k_a,topical,10002,0.9998,0.00000,1.088,1.283,1.456
acorn-ef512,topical_10k_a,topical,10002,0.9998,-0.00000,1.354,1.460,1.686
acorn-ef64,topical_10k_b,topical,10001,0.9856,0.00004,0.910,1.324,1.615
acorn-ef128,topical_10k_b,topical,10001,0.9983,0.00000,0.955,1.150,1.223
acorn-ef256,topical_10k_b,topical,10001,0.9999,0.00000,1.093,1.284,1.535
acorn-ef512,topical_10k_b,topical,10001,0.9999,0.00000,1.362,1.491,1.639
acorn-ef64,topical_1m_a,topical,1000003,0.9611,0.00029,6.832,20.304,29.798
acorn-ef128,topical_1m_a,topical,1000003,0.9825,0.00018,11.537,34.086,45.508
acorn-ef256,topical_1m_a,topical,1000003,0.9918,0.00014,21.184,59.527,80.494
acorn-ef512,topical_1m_a,topical,1000003,0.9952,0.00005,38.034,98.739,122.450
acorn-ef64,topical_1m_b,topical,1000013,0.9620,0.00026,5.177,14.259,20.122
acorn-ef128,topical_1m_b,topical,1000013,0.9837,0.00016,9.334,23.354,32.155
acorn-ef256,topical_1m_b,topical,1000013,0.9934,0.00004,17.207,39.695,53.868
acorn-ef512,topical_1m_b,topical,1000013,0.9958,0.00003,31.842,69.577,93.007
acorn-ef64,topical_2m_a,topical,2000088,0.9576,0.00026,2.616,5.937,8.070
acorn-ef128,topical_2m_a,topical,2000088,0.9789,0.00013,4.438,10.009,13.007
acorn-ef256,topical_2m_a,topical,2000088,0.9891,0.00008,8.015,17.650,22.334
acorn-ef512,topical_2m_a,topical,2000088,0.9938,0.00004,14.467,29.758,36.021
acorn-ef64,topical_2m_b,topical,2000000,0.9651,0.00020,1.646,5.335,6.883
acorn-ef128,topical_2m_b,topical,2000000,0.9826,0.00011,2.956,9.545,12.066
acorn-ef256,topical_2m_b,topical,2000000,0.9904,0.00006,5.477,16.720,21.192
acorn-ef512,topical_2m_b,topical,2000000,0.9945,0.00004,10.281,29.618,35.785
acorn-ef64,topical_400k_a,topical,400020,0.9612,0.00019,9.235,29.488,39.980
acorn-ef128,topical_400k_a,topical,400020,0.9867,0.00007,16.506,50.851,66.319
acorn-ef256,topical_400k_a,topical,400020,0.9938,0.00004,29.681,89.039,115.001
acorn-ef512,topical_400k_a,topical,400020,0.9967,0.00002,54.427,147.232,178.379
acorn-ef64,topical_400k_b,topical,400001,0.9695,0.00015,14.320,43.453,61.272
acorn-ef128,topical_400k_b,topical,400001,0.9889,0.00006,25.874,75.678,105.641
acorn-ef256,topical_400k_b,topical,400001,0.9956,0.00003,46.905,125.957,166.374
acorn-ef512,topical_400k_b,topical,400001,0.9980,0.00001,86.717,219.660,272.001
acorn-ef64,topical_40k_a,topical,40006,0.9733,0.00011,149.214,358.838,454.284
acorn-ef128,topical_40k_a,topical,40006,0.9935,0.00003,237.160,543.365,703.282
acorn-ef256,topical_40k_a,topical,40006,0.9985,0.00001,415.060,877.296,1264.402
acorn-ef512,topical_40k_a,topical,40006,0.9997,0.00000,720.701,1416.271,1859.868
acorn-ef64,topical_40k_b,topical,40004,0.9769,0.00010,130.082,317.329,434.814
acorn-ef128,topical_40k_b,topical,40004,0.9936,0.00004,250.254,579.549,740.925
acorn-ef256,topical_40k_b,topical,40004,0.9980,0.00002,429.780,969.408,1308.312
acorn-ef512,topical_40k_b,topical,40004,0.9996,0.00000,695.102,1387.694,1664.018
acorn-ef64,topical_5m_a,topical,5000022,0.9654,0.00030,1.474,2.671,3.737
acorn-ef128,topical_5m_a,topical,5000022,0.9800,0.00019,2.152,3.971,5.812
acorn-ef256,topical_5m_a,topical,5000022,0.9888,0.00011,3.572,6.354,9.218
acorn-ef512,topical_5m_a,topical,5000022,0.9932,0.00007,6.580,11.502,17.569
acorn-ef64,topical_5m_b,topical,5000010,0.9621,0.00030,1.209,2.380,3.337
acorn-ef128,topical_5m_b,topical,5000010,0.9794,0.00019,1.969,3.948,6.436
acorn-ef256,topical_5m_b,topical,5000010,0.9898,0.00010,3.154,6.230,10.053
acorn-ef512,topical_5m_b,topical,5000010,0.9938,0.00007,5.628,9.828,16.645
acorn-ef64,anticorr_q0041_tau0,anticorr,9900000,0.0000,0.00032,59.894,59.894,59.894
acorn-ef128,anticorr_q0041_tau0,anticorr,9900000,0.1000,0.00010,65.909,65.909,65.909
acorn-ef256,anticorr_q0041_tau0,anticorr,9900000,0.1000,0.00005,79.513,79.513,79.513
acorn-ef512,anticorr_q0041_tau0,anticorr,9900000,0.1000,0.00003,104.750,104.750,104.750
acorn-ef64,anticorr_q0041_tau0.01,anticorr,9900239,0.6000,0.00170,14.457,14.457,14.457
acorn-ef128,anticorr_q0041_tau0.01,anticorr,9900239,1.0000,0.00000,15.630,15.630,15.630
acorn-ef256,anticorr_q0041_tau0.01,anticorr,9900239,1.0000,0.00000,21.043,21.043,21.043
acorn-ef512,anticorr_q0041_tau0.01,anticorr,9900239,1.0000,0.00000,28.815,28.815,28.815
acorn-ef64,anticorr_q0041_tau0.03,anticorr,9900507,1.0000,0.00000,3.073,3.073,3.073
acorn-ef128,anticorr_q0041_tau0.03,anticorr,9900507,1.0000,0.00000,1.474,1.474,1.474
acorn-ef256,anticorr_q0041_tau0.03,anticorr,9900507,1.0000,0.00000,2.199,2.199,2.199
acorn-ef512,anticorr_q0041_tau0.03,anticorr,9900507,1.0000,0.00000,4.606,4.606,4.606
acorn-ef64,anticorr_q0059_tau0,anticorr,9900000,0.0000,0.00021,60.388,60.388,60.388
acorn-ef128,anticorr_q0059_tau0,anticorr,9900000,0.0000,0.00013,65.734,65.734,65.734
acorn-ef256,anticorr_q0059_tau0,anticorr,9900000,0.0000,0.00010,76.758,76.758,76.758
acorn-ef512,anticorr_q0059_tau0,anticorr,9900000,0.1000,0.00003,91.684,91.684,91.684
acorn-ef64,anticorr_q0059_tau0.01,anticorr,9899959,0.8000,0.00034,14.417,14.417,14.417
acorn-ef128,anticorr_q0059_tau0.01,anticorr,9899959,1.0000,0.00000,15.029,15.029,15.029
acorn-ef256,anticorr_q0059_tau0.01,anticorr,9899959,1.0000,0.00000,21.096,21.096,21.096
acorn-ef512,anticorr_q0059_tau0.01,anticorr,9899959,1.0000,0.00000,29.443,29.443,29.443
acorn-ef64,anticorr_q0059_tau0.03,anticorr,9899896,1.0000,0.00000,2.401,2.401,2.401
acorn-ef128,anticorr_q0059_tau0.03,anticorr,9899896,1.0000,0.00000,1.926,1.926,1.926
acorn-ef256,anticorr_q0059_tau0.03,anticorr,9899896,1.0000,0.00000,2.466,2.466,2.466
acorn-ef512,anticorr_q0059_tau0.03,anticorr,9899896,1.0000,0.00000,4.764,4.764,4.764
acorn-ef64,anticorr_q0064_tau0,anticorr,9900000,0.0000,0.00024,78.575,78.575,78.575
acorn-ef128,anticorr_q0064_tau0,anticorr,9900000,0.0000,0.00014,88.000,88.000,88.000
acorn-ef256,anticorr_q0064_tau0,anticorr,9900000,0.0000,0.00005,100.243,100.243,100.243
acorn-ef512,anticorr_q0064_tau0,anticorr,9900000,0.0000,0.00003,112.688,112.688,112.688
acorn-ef64,anticorr_q0064_tau0.01,anticorr,9900317,0.9000,0.00001,18.314,18.314,18.314
acorn-ef128,anticorr_q0064_tau0.01,anticorr,9900317,0.9000,0.00001,22.449,22.449,22.449
acorn-ef256,anticorr_q0064_tau0.01,anticorr,9900317,1.0000,0.00000,30.147,30.147,30.147
acorn-ef512,anticorr_q0064_tau0.01,anticorr,9900317,1.0000,0.00000,37.258,37.258,37.258
acorn-ef64,anticorr_q0064_tau0.03,anticorr,9899835,1.0000,0.00000,2.740,2.740,2.740
acorn-ef128,anticorr_q0064_tau0.03,anticorr,9899835,1.0000,0.00000,1.680,1.680,1.680
acorn-ef256,anticorr_q0064_tau0.03,anticorr,9899835,1.0000,0.00000,2.693,2.693,2.693
acorn-ef512,anticorr_q0064_tau0.03,anticorr,9899835,1.0000,0.00000,4.375,4.375,4.375
acorn-ef64,anticorr_q0073_tau0,anticorr,9900001,0.0000,0.00037,68.621,68.621,68.621
acorn-ef128,anticorr_q0073_tau0,anticorr,9900001,0.0000,0.00019,75.198,75.198,75.198
acorn-ef256,anticorr_q0073_tau0,anticorr,9900001,0.0000,0.00006,83.841,83.841,83.841
acorn-ef512,anticorr_q0073_tau0,anticorr,9900001,0.0000,0.00004,97.734,97.734,97.734
acorn-ef64,anticorr_q0073_tau0.01,anticorr,9899943,0.6000,0.00265,17.558,17.558,17.558
acorn-ef128,anticorr_q0073_tau0.01,anticorr,9899943,0.9000,0.00006,18.559,18.559,18.559
acorn-ef256,anticorr_q0073_tau0.01,anticorr,9899943,0.9000,0.00006,23.693,23.693,23.693
acorn-ef512,anticorr_q0073_tau0.01,anticorr,9899943,0.9000,0.00006,32.886,32.886,32.886
acorn-ef64,anticorr_q0073_tau0.03,anticorr,9899919,1.0000,0.00000,2.506,2.506,2.506
acorn-ef128,anticorr_q0073_tau0.03,anticorr,9899919,1.0000,0.00000,1.609,1.609,1.609
acorn-ef256,anticorr_q0073_tau0.03,anticorr,9899919,1.0000,0.00000,2.735,2.735,2.735
acorn-ef512,anticorr_q0073_tau0.03,anticorr,9899919,1.0000,0.00000,4.430,4.430,4.430
acorn-ef64,anticorr_q0077_tau0,anticorr,9900000,0.0000,0.00018,57.595,57.595,57.595
acorn-ef128,anticorr_q0077_tau0,anticorr,9900000,0.0000,0.00012,65.938,65.938,65.938
acorn-ef256,anticorr_q0077_tau0,anticorr,9900000,0.0000,0.00005,80.252,80.252,80.252
acorn-ef512,anticorr_q0077_tau0,anticorr,9900000,0.0000,0.00003,100.722,100.722,100.722
acorn-ef64,anticorr_q0077_tau0.01,anticorr,9899838,0.7000,0.00145,10.320,10.320,10.320
acorn-ef128,anticorr_q0077_tau0.01,anticorr,9899838,0.7000,0.00126,9.978,9.978,9.978
acorn-ef256,anticorr_q0077_tau0.01,anticorr,9899838,0.9000,0.00023,15.144,15.144,15.144
acorn-ef512,anticorr_q0077_tau0.01,anticorr,9899838,0.9000,0.00023,24.606,24.606,24.606
acorn-ef64,anticorr_q0077_tau0.03,anticorr,9900809,1.0000,0.00000,1.926,1.926,1.926
acorn-ef128,anticorr_q0077_tau0.03,anticorr,9900809,1.0000,0.00000,1.940,1.940,1.940
acorn-ef256,anticorr_q0077_tau0.03,anticorr,9900809,1.0000,0.00000,2.822,2.822,2.822
acorn-ef512,anticorr_q0077_tau0.03,anticorr,9900809,1.0000,0.00000,4.952,4.952,4.952
acorn-ef64,anticorr_q0080_tau0,anticorr,9900000,0.0000,0.00025,68.430,68.430,68.430
acorn-ef128,anticorr_q0080_tau0,anticorr,9900000,0.0000,0.00016,75.818,75.818,75.818
acorn-ef256,anticorr_q0080_tau0,anticorr,9900000,0.0000,0.00006,85.262,85.262,85.262
acorn-ef512,anticorr_q0080_tau0,anticorr,9900000,0.0000,0.00003,98.491,98.491,98.491
acorn-ef64,anticorr_q0080_tau0.01,anticorr,9900207,0.9000,0.00005,16.134,16.134,16.134
acorn-ef128,anticorr_q0080_tau0.01,anticorr,9900207,1.0000,0.00000,18.701,18.701,18.701
acorn-ef256,anticorr_q0080_tau0.01,anticorr,9900207,1.0000,0.00000,27.406,27.406,27.406
acorn-ef512,anticorr_q0080_tau0.01,anticorr,9900207,1.0000,0.00000,36.016,36.016,36.016
acorn-ef64,anticorr_q0080_tau0.03,anticorr,9899376,1.0000,0.00000,3.043,3.043,3.043
acorn-ef128,anticorr_q0080_tau0.03,anticorr,9899376,1.0000,0.00000,2.461,2.461,2.461
acorn-ef256,anticorr_q0080_tau0.03,anticorr,9899376,1.0000,0.00000,3.037,3.037,3.037
acorn-ef512,anticorr_q0080_tau0.03,anticorr,9899376,1.0000,0.00000,4.997,4.997,4.997
acorn-ef64,anticorr_q0085_tau0,anticorr,9900000,0.0000,0.00018,75.561,75.561,75.561
acorn-ef128,anticorr_q0085_tau0,anticorr,9900000,0.1000,0.00011,82.059,82.059,82.059
acorn-ef256,anticorr_q0085_tau0,anticorr,9900000,0.1000,0.00005,95.348,95.348,95.348
acorn-ef512,anticorr_q0085_tau0,anticorr,9900000,0.1000,0.00004,114.349,114.349,114.349
acorn-ef64,anticorr_q0085_tau0.01,anticorr,9899881,0.7000,0.00038,14.820,14.820,14.820
acorn-ef128,anticorr_q0085_tau0.01,anticorr,9899881,0.7000,0.00038,15.838,15.838,15.838
acorn-ef256,anticorr_q0085_tau0.01,anticorr,9899881,1.0000,0.00000,21.674,21.674,21.674
acorn-ef512,anticorr_q0085_tau0.01,anticorr,9899881,1.0000,0.00000,32.303,32.303,32.303
acorn-ef64,anticorr_q0085_tau0.03,anticorr,9899588,1.0000,0.00000,2.707,2.707,2.707
acorn-ef128,anticorr_q0085_tau0.03,anticorr,9899588,1.0000,0.00000,1.874,1.874,1.874
acorn-ef256,anticorr_q0085_tau0.03,anticorr,9899588,1.0000,0.00000,2.785,2.785,2.785
acorn-ef512,anticorr_q0085_tau0.03,anticorr,9899588,1.0000,0.00000,4.655,4.655,4.655
acorn-ef64,anticorr_q0095_tau0,anticorr,9900001,0.0000,0.00041,55.900,55.900,55.900
acorn-ef128,anticorr_q0095_tau0,anticorr,9900001,0.0000,0.00027,71.216,71.216,71.216
acorn-ef256,anticorr_q0095_tau0,anticorr,9900001,0.0000,0.00008,71.378,71.378,71.378
acorn-ef512,anticorr_q0095_tau0,anticorr,9900001,0.1000,0.00004,87.965,87.965,87.965
acorn-ef64,anticorr_q0095_tau0.01,anticorr,9899707,0.7000,0.00112,7.278,7.278,7.278
acorn-ef128,anticorr_q0095_tau0.01,anticorr,9899707,0.8000,0.00051,6.851,6.851,6.851
acorn-ef256,anticorr_q0095_tau0.01,anticorr,9899707,0.8000,0.00011,11.517,11.517,11.517
acorn-ef512,anticorr_q0095_tau0.01,anticorr,9899707,0.8000,0.00011,18.294,18.294,18.294
acorn-ef64,anticorr_q0095_tau0.03,anticorr,9899770,0.9000,0.00163,2.558,2.558,2.558
acorn-ef128,anticorr_q0095_tau0.03,anticorr,9899770,0.9000,0.00163,1.756,1.756,1.756
acorn-ef256,anticorr_q0095_tau0.03,anticorr,9899770,1.0000,0.00000,2.279,2.279,2.279
acorn-ef512,anticorr_q0095_tau0.03,anticorr,9899770,1.0000,0.00000,4.565,4.565,4.565
acorn-ef64,anticorr_q0117_tau0,anticorr,9900000,0.0000,0.00051,71.603,71.603,71.603
acorn-ef128,anticorr_q0117_tau0,anticorr,9900000,0.0000,0.00014,75.640,75.640,75.640
acorn-ef256,anticorr_q0117_tau0,anticorr,9900000,0.0000,0.00008,89.001,89.001,89.001
acorn-ef512,anticorr_q0117_tau0,anticorr,9900000,0.0000,0.00003,102.583,102.583,102.583
acorn-ef64,anticorr_q0117_tau0.01,anticorr,9900126,0.8000,0.00078,10.436,10.436,10.436
acorn-ef128,anticorr_q0117_tau0.01,anticorr,9900126,1.0000,0.00000,11.165,11.165,11.165
acorn-ef256,anticorr_q0117_tau0.01,anticorr,9900126,1.0000,0.00000,15.995,15.995,15.995
acorn-ef512,anticorr_q0117_tau0.01,anticorr,9900126,1.0000,0.00000,24.899,24.899,24.899
acorn-ef64,anticorr_q0117_tau0.03,anticorr,9900642,1.0000,0.00000,2.426,2.426,2.426
acorn-ef128,anticorr_q0117_tau0.03,anticorr,9900642,1.0000,0.00000,1.537,1.537,1.537
acorn-ef256,anticorr_q0117_tau0.03,anticorr,9900642,1.0000,0.00000,2.472,2.472,2.472
acorn-ef512,anticorr_q0117_tau0.03,anticorr,9900642,1.0000,0.00000,4.252,4.252,4.252
acorn-ef64,anticorr_q0126_tau0,anticorr,9900000,0.0000,0.00046,69.249,69.249,69.249
acorn-ef128,anticorr_q0126_tau0,anticorr,9900000,0.0000,0.00024,77.724,77.724,77.724
acorn-ef256,anticorr_q0126_tau0,anticorr,9900000,0.0000,0.00012,131.823,131.823,131.823
acorn-ef512,anticorr_q0126_tau0,anticorr,9900000,0.0000,0.00008,95.474,95.474,95.474
acorn-ef64,anticorr_q0126_tau0.01,anticorr,9900093,0.9000,0.00008,12.920,12.920,12.920
acorn-ef128,anticorr_q0126_tau0.01,anticorr,9900093,0.9000,0.00008,13.038,13.038,13.038
acorn-ef256,anticorr_q0126_tau0.01,anticorr,9900093,0.9000,0.00008,18.215,18.215,18.215
acorn-ef512,anticorr_q0126_tau0.01,anticorr,9900093,1.0000,0.00000,27.665,27.665,27.665
acorn-ef64,anticorr_q0126_tau0.03,anticorr,9900093,1.0000,0.00000,2.568,2.568,2.568
acorn-ef128,anticorr_q0126_tau0.03,anticorr,9900093,1.0000,0.00000,2.153,2.153,2.153
acorn-ef256,anticorr_q0126_tau0.03,anticorr,9900093,1.0000,0.00000,2.770,2.770,2.770
acorn-ef512,anticorr_q0126_tau0.03,anticorr,9900093,1.0000,0.00000,4.341,4.341,4.341
acorn-ef64,anticorr_q0139_tau0,anticorr,9900000,0.0000,0.00022,74.467,74.467,74.467
acorn-ef128,anticorr_q0139_tau0,anticorr,9900000,0.0000,0.00013,78.680,78.680,78.680
acorn-ef256,anticorr_q0139_tau0,anticorr,9900000,0.0000,0.00010,86.852,86.852,86.852
acorn-ef512,anticorr_q0139_tau0,anticorr,9900000,0.1000,0.00003,100.718,100.718,100.718
acorn-ef64,anticorr_q0139_tau0.01,anticorr,9900294,0.9000,0.00009,14.117,14.117,14.117
acorn-ef128,anticorr_q0139_tau0.01,anticorr,9900294,0.9000,0.00009,15.144,15.144,15.144
acorn-ef256,anticorr_q0139_tau0.01,anticorr,9900294,0.9000,0.00009,19.465,19.465,19.465
acorn-ef512,anticorr_q0139_tau0.01,anticorr,9900294,0.9000,0.00009,27.961,27.961,27.961
acorn-ef64,anticorr_q0139_tau0.03,anticorr,9900438,0.9000,0.00005,2.330,2.330,2.330
acorn-ef128,anticorr_q0139_tau0.03,anticorr,9900438,1.0000,0.00000,1.450,1.450,1.450
acorn-ef256,anticorr_q0139_tau0.03,anticorr,9900438,1.0000,0.00000,2.341,2.341,2.341
acorn-ef512,anticorr_q0139_tau0.03,anticorr,9900438,1.0000,0.00000,4.022,4.022,4.022
acorn-ef64,anticorr_q0147_tau0,anticorr,9900000,0.0000,0.00032,57.220,57.220,57.220
acorn-ef128,anticorr_q0147_tau0,anticorr,9900000,0.0000,0.00017,67.731,67.731,67.731
acorn-ef256,anticorr_q0147_tau0,anticorr,9900000,0.0000,0.00008,75.506,75.506,75.506
acorn-ef512,anticorr_q0147_tau0,anticorr,9900000,0.0000,0.00003,89.171,89.171,89.171
acorn-ef64,anticorr_q0147_tau0.01,anticorr,9899755,0.8000,0.00118,13.217,13.217,13.217
acorn-ef128,anticorr_q0147_tau0.01,anticorr,9899755,0.8000,0.00106,13.085,13.085,13.085
acorn-ef256,anticorr_q0147_tau0.01,anticorr,9899755,1.0000,0.00000,18.614,18.614,18.614
acorn-ef512,anticorr_q0147_tau0.01,anticorr,9899755,1.0000,0.00000,25.781,25.781,25.781
acorn-ef64,anticorr_q0147_tau0.03,anticorr,9900099,1.0000,0.00000,1.442,1.442,1.442
acorn-ef128,anticorr_q0147_tau0.03,anticorr,9900099,1.0000,0.00000,2.865,2.865,2.865
acorn-ef256,anticorr_q0147_tau0.03,anticorr,9900099,1.0000,0.00000,2.531,2.531,2.531
acorn-ef512,anticorr_q0147_tau0.03,anticorr,9900099,1.0000,0.00000,4.877,4.877,4.877
acorn-ef64,anticorr_q0155_tau0,anticorr,9900000,0.0000,0.00050,46.334,46.334,46.334
acorn-ef128,anticorr_q0155_tau0,anticorr,9900000,0.0000,0.00027,54.271,54.271,54.271
acorn-ef256,anticorr_q0155_tau0,anticorr,9900000,0.0000,0.00009,61.988,61.988,61.988
acorn-ef512,anticorr_q0155_tau0,anticorr,9900000,0.0000,0.00004,79.875,79.875,79.875
acorn-ef64,anticorr_q0155_tau0.01,anticorr,9900135,0.5000,0.00295,8.729,8.729,8.729
acorn-ef128,anticorr_q0155_tau0.01,anticorr,9900135,0.7000,0.00126,9.367,9.367,9.367
acorn-ef256,anticorr_q0155_tau0.01,anticorr,9900135,0.7000,0.00095,15.576,15.576,15.576
acorn-ef512,anticorr_q0155_tau0.01,anticorr,9900135,0.9000,0.00025,22.013,22.013,22.013
acorn-ef64,anticorr_q0155_tau0.03,anticorr,9900011,0.3000,0.00804,2.783,2.783,2.783
acorn-ef128,anticorr_q0155_tau0.03,anticorr,9900011,0.9000,0.00020,1.854,1.854,1.854
acorn-ef256,anticorr_q0155_tau0.03,anticorr,9900011,1.0000,0.00000,2.812,2.812,2.812
acorn-ef512,anticorr_q0155_tau0.03,anticorr,9900011,1.0000,0.00000,4.735,4.735,4.735
acorn-ef64,anticorr_q0157_tau0,anticorr,9900000,0.0000,0.00037,67.029,67.029,67.029
acorn-ef128,anticorr_q0157_tau0,anticorr,9900000,0.0000,0.00021,75.988,75.988,75.988
acorn-ef256,anticorr_q0157_tau0,anticorr,9900000,0.0000,0.00014,85.852,85.852,85.852
acorn-ef512,anticorr_q0157_tau0,anticorr,9900000,0.0000,0.00009,101.119,101.119,101.119
acorn-ef64,anticorr_q0157_tau0.01,anticorr,9900280,0.9000,0.00005,16.937,16.937,16.937
acorn-ef128,anticorr_q0157_tau0.01,anticorr,9900280,0.9000,0.00005,18.436,18.436,18.436
acorn-ef256,anticorr_q0157_tau0.01,anticorr,9900280,0.9000,0.00005,23.986,23.986,23.986
acorn-ef512,anticorr_q0157_tau0.01,anticorr,9900280,1.0000,0.00000,32.793,32.793,32.793
acorn-ef64,anticorr_q0157_tau0.03,anticorr,9899453,0.9000,0.00070,2.635,2.635,2.635
acorn-ef128,anticorr_q0157_tau0.03,anticorr,9899453,0.9000,0.00070,2.227,2.227,2.227
acorn-ef256,anticorr_q0157_tau0.03,anticorr,9899453,0.9000,0.00070,2.482,2.482,2.482
acorn-ef512,anticorr_q0157_tau0.03,anticorr,9899453,1.0000,0.00000,4.337,4.337,4.337
acorn-ef64,anticorr_q0168_tau0,anticorr,9900000,0.0000,0.00027,59.458,59.458,59.458
acorn-ef128,anticorr_q0168_tau0,anticorr,9900000,0.0000,0.00015,68.572,68.572,68.572
acorn-ef256,anticorr_q0168_tau0,anticorr,9900000,0.0000,0.00007,88.717,88.717,88.717
acorn-ef512,anticorr_q0168_tau0,anticorr,9900000,0.0000,0.00005,89.307,89.307,89.307
acorn-ef64,anticorr_q0168_tau0.01,anticorr,9900108,0.9000,0.00057,12.828,12.828,12.828
acorn-ef128,anticorr_q0168_tau0.01,anticorr,9900108,1.0000,0.00000,13.003,13.003,13.003
acorn-ef256,anticorr_q0168_tau0.01,anticorr,9900108,1.0000,0.00000,17.606,17.606,17.606
acorn-ef512,anticorr_q0168_tau0.01,anticorr,9900108,1.0000,0.00000,23.271,23.271,23.271
acorn-ef64,anticorr_q0168_tau0.03,anticorr,9899404,0.9000,0.00009,2.695,2.695,2.695
acorn-ef128,anticorr_q0168_tau0.03,anticorr,9899404,0.9000,0.00009,2.012,2.012,2.012
acorn-ef256,anticorr_q0168_tau0.03,anticorr,9899404,1.0000,0.00000,2.866,2.866,2.866
acorn-ef512,anticorr_q0168_tau0.03,anticorr,9899404,1.0000,0.00000,4.333,4.333,4.333
acorn-ef64,anticorr_q0183_tau0,anticorr,9900000,0.0000,0.00039,70.877,70.877,70.877
acorn-ef128,anticorr_q0183_tau0,anticorr,9900000,0.0000,0.00012,77.990,77.990,77.990
acorn-ef256,anticorr_q0183_tau0,anticorr,9900000,0.0000,0.00007,92.503,92.503,92.503
acorn-ef512,anticorr_q0183_tau0,anticorr,9900000,0.0000,0.00004,104.812,104.812,104.812
acorn-ef64,anticorr_q0183_tau0.01,anticorr,9899334,0.7000,0.00042,16.616,16.616,16.616
acorn-ef128,anticorr_q0183_tau0.01,anticorr,9899334,0.9000,0.00028,17.545,17.545,17.545
acorn-ef256,anticorr_q0183_tau0.01,anticorr,9899334,1.0000,0.00000,23.909,23.909,23.909
acorn-ef512,anticorr_q0183_tau0.01,anticorr,9899334,1.0000,0.00000,33.720,33.720,33.720
acorn-ef64,anticorr_q0183_tau0.03,anticorr,9900136,0.9000,0.00061,2.764,2.764,2.764
acorn-ef128,anticorr_q0183_tau0.03,anticorr,9900136,0.9000,0.00061,2.472,2.472,2.472
acorn-ef256,anticorr_q0183_tau0.03,anticorr,9900136,1.0000,0.00000,3.280,3.280,3.280
acorn-ef512,anticorr_q0183_tau0.03,anticorr,9900136,1.0000,0.00000,5.318,5.318,5.318
acorn-ef64,anticorr_q0184_tau0,anticorr,9900002,0.0000,0.00032,63.714,63.714,63.714
acorn-ef128,anticorr_q0184_tau0,anticorr,9900002,0.0000,0.00014,72.158,72.158,72.158
acorn-ef256,anticorr_q0184_tau0,anticorr,9900002,0.0000,0.00007,83.604,83.604,83.604
acorn-ef512,anticorr_q0184_tau0,anticorr,9900002,0.2000,0.00003,101.801,101.801,101.801
acorn-ef64,anticorr_q0184_tau0.01,anticorr,9899929,0.8000,0.00079,10.244,10.244,10.244
acorn-ef128,anticorr_q0184_tau0.01,anticorr,9899929,0.9000,0.00025,10.418,10.418,10.418
acorn-ef256,anticorr_q0184_tau0.01,anticorr,9899929,0.9000,0.00013,15.213,15.213,15.213
acorn-ef512,anticorr_q0184_tau0.01,anticorr,9899929,1.0000,0.00000,22.792,22.792,22.792
acorn-ef64,anticorr_q0184_tau0.03,anticorr,9900225,1.0000,0.00000,2.814,2.814,2.814
acorn-ef128,anticorr_q0184_tau0.03,anticorr,9900225,1.0000,0.00000,1.873,1.873,1.873
acorn-ef256,anticorr_q0184_tau0.03,anticorr,9900225,1.0000,0.00000,2.655,2.655,2.655
acorn-ef512,anticorr_q0184_tau0.03,anticorr,9900225,1.0000,0.00000,4.246,4.246,4.246
acorn-ef64,anticorr_q0185_tau0,anticorr,9900000,0.0000,0.00037,58.743,58.743,58.743
acorn-ef128,anticorr_q0185_tau0,anticorr,9900000,0.0000,0.00014,64.740,64.740,64.740
acorn-ef256,anticorr_q0185_tau0,anticorr,9900000,0.0000,0.00009,75.067,75.067,75.067
acorn-ef512,anticorr_q0185_tau0,anticorr,9900000,0.0000,0.00005,86.425,86.425,86.425
acorn-ef64,anticorr_q0185_tau0.01,anticorr,9900267,0.9000,0.00014,14.725,14.725,14.725
acorn-ef128,anticorr_q0185_tau0.01,anticorr,9900267,0.9000,0.00014,15.347,15.347,15.347
acorn-ef256,anticorr_q0185_tau0.01,anticorr,9900267,1.0000,0.00000,20.060,20.060,20.060
acorn-ef512,anticorr_q0185_tau0.01,anticorr,9900267,1.0000,0.00000,27.042,27.042,27.042
acorn-ef64,anticorr_q0185_tau0.03,anticorr,9900343,1.0000,0.00000,3.032,3.032,3.032
acorn-ef128,anticorr_q0185_tau0.03,anticorr,9900343,1.0000,0.00000,2.016,2.016,2.016
acorn-ef256,anticorr_q0185_tau0.03,anticorr,9900343,1.0000,0.00000,3.122,3.122,3.122
acorn-ef512,anticorr_q0185_tau0.03,anticorr,9900343,1.0000,0.00000,4.684,4.684,4.684
acorn-ef64,anticorr_q0211_tau0,anticorr,9900000,0.0000,0.00025,70.528,70.528,70.528
acorn-ef128,anticorr_q0211_tau0,anticorr,9900000,0.0000,0.00014,79.384,79.384,79.384
acorn-ef256,anticorr_q0211_tau0,anticorr,9900000,0.0000,0.00004,89.812,89.812,89.812
acorn-ef512,anticorr_q0211_tau0,anticorr,9900000,0.0000,0.00003,104.292,104.292,104.292
acorn-ef64,anticorr_q0211_tau0.01,anticorr,9899733,1.0000,0.00000,16.010,16.010,16.010
acorn-ef128,anticorr_q0211_tau0.01,anticorr,9899733,1.0000,0.00000,16.479,16.479,16.479
acorn-ef256,anticorr_q0211_tau0.01,anticorr,9899733,1.0000,0.00000,21.914,21.914,21.914
acorn-ef512,anticorr_q0211_tau0.01,anticorr,9899733,1.0000,0.00000,30.370,30.370,30.370
acorn-ef64,anticorr_q0211_tau0.03,anticorr,9899761,1.0000,0.00000,2.304,2.304,2.304
acorn-ef128,anticorr_q0211_tau0.03,anticorr,9899761,1.0000,0.00000,2.827,2.827,2.827
acorn-ef256,anticorr_q0211_tau0.03,anticorr,9899761,1.0000,0.00000,3.866,3.866,3.866
acorn-ef512,anticorr_q0211_tau0.03,anticorr,9899761,1.0000,0.00000,5.649,5.649,5.649
acorn-ef64,anticorr_q0221_tau0,anticorr,9900000,0.0000,0.00026,56.956,56.956,56.956
acorn-ef128,anticorr_q0221_tau0,anticorr,9900000,0.0000,0.00008,65.230,65.230,65.230
acorn-ef256,anticorr_q0221_tau0,anticorr,9900000,0.0000,0.00005,78.038,78.038,78.038
acorn-ef512,anticorr_q0221_tau0,anticorr,9900000,0.0000,0.00004,95.035,95.035,95.035
acorn-ef64,anticorr_q0221_tau0.01,anticorr,9900215,0.9000,0.00033,9.934,9.934,9.934
acorn-ef128,anticorr_q0221_tau0.01,anticorr,9900215,0.9000,0.00033,10.411,10.411,10.411
acorn-ef256,anticorr_q0221_tau0.01,anticorr,9900215,1.0000,0.00000,15.863,15.863,15.863
acorn-ef512,anticorr_q0221_tau0.01,anticorr,9900215,1.0000,0.00000,22.970,22.970,22.970
acorn-ef64,anticorr_q0221_tau0.03,anticorr,9900077,1.0000,0.00000,2.365,2.365,2.365
acorn-ef128,anticorr_q0221_tau0.03,anticorr,9900077,1.0000,0.00000,1.757,1.757,1.757
acorn-ef256,anticorr_q0221_tau0.03,anticorr,9900077,1.0000,0.00000,2.626,2.626,2.626
acorn-ef512,anticorr_q0221_tau0.03,anticorr,9900077,1.0000,0.00000,4.670,4.670,4.670
acorn-ef64,anticorr_q0238_tau0,anticorr,9900000,0.0000,0.00035,51.384,51.384,51.384
acorn-ef128,anticorr_q0238_tau0,anticorr,9900000,0.0000,0.00014,54.762,54.762,54.762
acorn-ef256,anticorr_q0238_tau0,anticorr,9900000,0.0000,0.00006,62.400,62.400,62.400
acorn-ef512,anticorr_q0238_tau0,anticorr,9900000,0.1000,0.00004,76.812,76.812,76.812
acorn-ef64,anticorr_q0238_tau0.01,anticorr,9899861,1.0000,0.00000,8.300,8.300,8.300
acorn-ef128,anticorr_q0238_tau0.01,anticorr,9899861,1.0000,0.00000,7.968,7.968,7.968
acorn-ef256,anticorr_q0238_tau0.01,anticorr,9899861,1.0000,0.00000,10.799,10.799,10.799
acorn-ef512,anticorr_q0238_tau0.01,anticorr,9899861,1.0000,0.00000,15.901,15.901,15.901
acorn-ef64,anticorr_q0238_tau0.03,anticorr,9900075,1.0000,0.00000,2.680,2.680,2.680
acorn-ef128,anticorr_q0238_tau0.03,anticorr,9900075,1.0000,0.00000,1.693,1.693,1.693
acorn-ef256,anticorr_q0238_tau0.03,anticorr,9900075,1.0000,0.00000,2.069,2.069,2.069
acorn-ef512,anticorr_q0238_tau0.03,anticorr,9900075,1.0000,0.00000,3.541,3.541,3.541
acorn-ef64,anticorr_q0259_tau0,anticorr,9900001,0.0000,0.00013,59.772,59.772,59.772
acorn-ef128,anticorr_q0259_tau0,anticorr,9900001,0.0000,0.00009,65.777,65.777,65.777
acorn-ef256,anticorr_q0259_tau0,anticorr,9900001,0.0000,0.00005,75.942,75.942,75.942
acorn-ef512,anticorr_q0259_tau0,anticorr,9900001,0.0000,0.00004,105.056,105.056,105.056
acorn-ef64,anticorr_q0259_tau0.01,anticorr,9899695,0.7000,0.00063,9.733,9.733,9.733
acorn-ef128,anticorr_q0259_tau0.01,anticorr,9899695,0.7000,0.00063,9.596,9.596,9.596
acorn-ef256,anticorr_q0259_tau0.01,anticorr,9899695,0.9000,0.00003,13.690,13.690,13.690
acorn-ef512,anticorr_q0259_tau0.01,anticorr,9899695,1.0000,0.00000,20.516,20.516,20.516
acorn-ef64,anticorr_q0259_tau0.03,anticorr,9900271,1.0000,0.00000,3.093,3.093,3.093
acorn-ef128,anticorr_q0259_tau0.03,anticorr,9900271,1.0000,0.00000,1.956,1.956,1.956
acorn-ef256,anticorr_q0259_tau0.03,anticorr,9900271,1.0000,0.00000,2.714,2.714,2.714
acorn-ef512,anticorr_q0259_tau0.03,anticorr,9900271,1.0000,0.00000,4.686,4.686,4.686
acorn-ef64,anticorr_q0287_tau0,anticorr,9900000,0.0000,0.00035,41.420,41.420,41.420
acorn-ef128,anticorr_q0287_tau0,anticorr,9900000,0.0000,0.00018,47.396,47.396,47.396
acorn-ef256,anticorr_q0287_tau0,anticorr,9900000,0.0000,0.00009,59.623,59.623,59.623
acorn-ef512,anticorr_q0287_tau0,anticorr,9900000,0.0000,0.00005,74.692,74.692,74.692
acorn-ef64,anticorr_q0287_tau0.01,anticorr,9899924,0.5000,0.00212,7.424,7.424,7.424
acorn-ef128,anticorr_q0287_tau0.01,anticorr,9899924,0.7000,0.00148,7.231,7.231,7.231
acorn-ef256,anticorr_q0287_tau0.01,anticorr,9899924,0.8000,0.00133,10.553,10.553,10.553
acorn-ef512,anticorr_q0287_tau0.01,anticorr,9899924,0.9000,0.00084,16.571,16.571,16.571
acorn-ef64,anticorr_q0287_tau0.03,anticorr,9900818,1.0000,0.00000,3.898,3.898,3.898
acorn-ef128,anticorr_q0287_tau0.03,anticorr,9900818,1.0000,0.00000,1.405,1.405,1.405
acorn-ef256,anticorr_q0287_tau0.03,anticorr,9900818,1.0000,0.00000,2.716,2.716,2.716
acorn-ef512,anticorr_q0287_tau0.03,anticorr,9900818,1.0000,0.00000,3.894,3.894,3.894
acorn-ef64,anticorr_q0308_tau0,anticorr,9900000,0.0000,0.00032,57.951,57.951,57.951
acorn-ef128,anticorr_q0308_tau0,anticorr,9900000,0.0000,0.00016,64.191,64.191,64.191
acorn-ef256,anticorr_q0308_tau0,anticorr,9900000,0.0000,0.00006,73.618,73.618,73.618
acorn-ef512,anticorr_q0308_tau0,anticorr,9900000,0.0000,0.00003,89.545,89.545,89.545
acorn-ef64,anticorr_q0308_tau0.01,anticorr,9900426,0.7000,0.00081,8.747,8.747,8.747
acorn-ef128,anticorr_q0308_tau0.01,anticorr,9900426,0.9000,0.00010,8.439,8.439,8.439
acorn-ef256,anticorr_q0308_tau0.01,anticorr,9900426,1.0000,0.00000,13.170,13.170,13.170
acorn-ef512,anticorr_q0308_tau0.01,anticorr,9900426,1.0000,0.00000,19.698,19.698,19.698
acorn-ef64,anticorr_q0308_tau0.03,anticorr,9899801,1.0000,0.00000,2.545,2.545,2.545
acorn-ef128,anticorr_q0308_tau0.03,anticorr,9899801,1.0000,0.00000,1.295,1.295,1.295
acorn-ef256,anticorr_q0308_tau0.03,anticorr,9899801,1.0000,0.00000,2.211,2.211,2.211
acorn-ef512,anticorr_q0308_tau0.03,anticorr,9899801,1.0000,0.00000,3.850,3.850,3.850
acorn-ef64,anticorr_q0314_tau0,anticorr,9900000,0.0000,0.00027,59.108,59.108,59.108
acorn-ef128,anticorr_q0314_tau0,anticorr,9900000,0.0000,0.00020,65.727,65.727,65.727
acorn-ef256,anticorr_q0314_tau0,anticorr,9900000,0.0000,0.00009,79.147,79.147,79.147
acorn-ef512,anticorr_q0314_tau0,anticorr,9900000,0.0000,0.00003,94.664,94.664,94.664
acorn-ef64,anticorr_q0314_tau0.01,anticorr,9900146,0.9000,0.00006,10.605,10.605,10.605
acorn-ef128,anticorr_q0314_tau0.01,anticorr,9900146,1.0000,0.00000,11.899,11.899,11.899
acorn-ef256,anticorr_q0314_tau0.01,anticorr,9900146,1.0000,0.00000,17.084,17.084,17.084
acorn-ef512,anticorr_q0314_tau0.01,anticorr,9900146,1.0000,0.00000,24.994,24.994,24.994
acorn-ef64,anticorr_q0314_tau0.03,anticorr,9899754,0.9000,0.00029,2.218,2.218,2.218
acorn-ef128,anticorr_q0314_tau0.03,anticorr,9899754,1.0000,0.00000,1.917,1.917,1.917
acorn-ef256,anticorr_q0314_tau0.03,anticorr,9899754,1.0000,0.00000,3.533,3.533,3.533
acorn-ef512,anticorr_q0314_tau0.03,anticorr,9899754,1.0000,0.00000,6.017,6.017,6.017
acorn-ef64,anticorr_q0322_tau0,anticorr,9900000,0.0000,0.00028,61.821,61.821,61.821
acorn-ef128,anticorr_q0322_tau0,anticorr,9900000,0.0000,0.00016,69.890,69.890,69.890
acorn-ef256,anticorr_q0322_tau0,anticorr,9900000,0.0000,0.00009,80.875,80.875,80.875
acorn-ef512,anticorr_q0322_tau0,anticorr,9900000,0.0000,0.00003,94.285,94.285,94.285
acorn-ef64,anticorr_q0322_tau0.01,anticorr,9900109,1.0000,0.00000,12.304,12.304,12.304
acorn-ef128,anticorr_q0322_tau0.01,anticorr,9900109,1.0000,0.00000,12.964,12.964,12.964
acorn-ef256,anticorr_q0322_tau0.01,anticorr,9900109,1.0000,0.00000,17.719,17.719,17.719
acorn-ef512,anticorr_q0322_tau0.01,anticorr,9900109,1.0000,0.00000,25.053,25.053,25.053
acorn-ef64,anticorr_q0322_tau0.03,anticorr,9899480,1.0000,0.00000,2.164,2.164,2.164
acorn-ef128,anticorr_q0322_tau0.03,anticorr,9899480,1.0000,0.00000,1.033,1.033,1.033
acorn-ef256,anticorr_q0322_tau0.03,anticorr,9899480,1.0000,0.00000,2.021,2.021,2.021
acorn-ef512,anticorr_q0322_tau0.03,anticorr,9899480,1.0000,0.00000,3.240,3.240,3.240
acorn-ef64,anticorr_q0334_tau0,anticorr,9900002,0.0000,0.00017,65.378,65.378,65.378
acorn-ef128,anticorr_q0334_tau0,anticorr,9900002,0.0000,0.00011,72.869,72.869,72.869
acorn-ef256,anticorr_q0334_tau0,anticorr,9900002,0.0000,0.00007,91.893,91.893,91.893
acorn-ef512,anticorr_q0334_tau0,anticorr,9900002,0.0000,0.00004,116.425,116.425,116.425
acorn-ef64,anticorr_q0334_tau0.01,anticorr,9899707,0.8000,0.00050,13.262,13.262,13.262
acorn-ef128,anticorr_q0334_tau0.01,anticorr,9899707,1.0000,0.00000,12.881,12.881,12.881
acorn-ef256,anticorr_q0334_tau0.01,anticorr,9899707,1.0000,0.00000,18.490,18.490,18.490
acorn-ef512,anticorr_q0334_tau0.01,anticorr,9899707,1.0000,0.00000,26.549,26.549,26.549
acorn-ef64,anticorr_q0334_tau0.03,anticorr,9900192,1.0000,0.00000,2.559,2.559,2.559
acorn-ef128,anticorr_q0334_tau0.03,anticorr,9900192,1.0000,0.00000,1.602,1.602,1.602
acorn-ef256,anticorr_q0334_tau0.03,anticorr,9900192,1.0000,0.00000,2.614,2.614,2.614
acorn-ef512,anticorr_q0334_tau0.03,anticorr,9900192,1.0000,0.00000,4.022,4.022,4.022
acorn-ef64,anticorr_q0341_tau0,anticorr,9900000,0.0000,0.00031,64.881,64.881,64.881
acorn-ef128,anticorr_q0341_tau0,anticorr,9900000,0.0000,0.00013,71.379,71.379,71.379
acorn-ef256,anticorr_q0341_tau0,anticorr,9900000,0.0000,0.00007,85.318,85.318,85.318
acorn-ef512,anticorr_q0341_tau0,anticorr,9900000,0.0000,0.00005,99.866,99.866,99.866
acorn-ef64,anticorr_q0341_tau0.01,anticorr,9899869,0.6000,0.00193,10.761,10.761,10.761
acorn-ef128,anticorr_q0341_tau0.01,anticorr,9899869,1.0000,0.00000,11.842,11.842,11.842
acorn-ef256,anticorr_q0341_tau0.01,anticorr,9899869,1.0000,0.00000,17.091,17.091,17.091
acorn-ef512,anticorr_q0341_tau0.01,anticorr,9899869,1.0000,0.00000,25.907,25.907,25.907
acorn-ef64,anticorr_q0341_tau0.03,anticorr,9899690,1.0000,0.00000,2.014,2.014,2.014
acorn-ef128,anticorr_q0341_tau0.03,anticorr,9899690,1.0000,0.00000,1.781,1.781,1.781
acorn-ef256,anticorr_q0341_tau0.03,anticorr,9899690,1.0000,0.00000,2.969,2.969,2.969
acorn-ef512,anticorr_q0341_tau0.03,anticorr,9899690,1.0000,0.00000,4.367,4.367,4.367
acorn-ef64,anticorr_q0346_tau0,anticorr,9900000,0.0000,0.00025,56.264,56.264,56.264
acorn-ef128,anticorr_q0346_tau0,anticorr,9900000,0.0000,0.00015,63.824,63.824,63.824
acorn-ef256,anticorr_q0346_tau0,anticorr,9900000,0.0000,0.00013,75.433,75.433,75.433
acorn-ef512,anticorr_q0346_tau0,anticorr,9900000,0.0000,0.00008,89.805,89.805,89.805
acorn-ef64,anticorr_q0346_tau0.01,anticorr,9899780,0.9000,0.00018,8.534,8.534,8.534
acorn-ef128,anticorr_q0346_tau0.01,anticorr,9899780,1.0000,0.00000,9.313,9.313,9.313
acorn-ef256,anticorr_q0346_tau0.01,anticorr,9899780,1.0000,0.00000,13.725,13.725,13.725
acorn-ef512,anticorr_q0346_tau0.01,anticorr,9899780,1.0000,0.00000,23.923,23.923,23.923
acorn-ef64,anticorr_q0346_tau0.03,anticorr,9900235,0.9000,0.00247,2.987,2.987,2.987
acorn-ef128,anticorr_q0346_tau0.03,anticorr,9900235,0.9000,0.00243,2.271,2.271,2.271
acorn-ef256,anticorr_q0346_tau0.03,anticorr,9900235,1.0000,0.00000,3.561,3.561,3.561
acorn-ef512,anticorr_q0346_tau0.03,anticorr,9900235,1.0000,0.00000,5.165,5.165,5.165
acorn-ef64,anticorr_q0353_tau0,anticorr,9900001,0.0000,0.00025,71.703,71.703,71.703
acorn-ef128,anticorr_q0353_tau0,anticorr,9900001,0.0000,0.00014,83.848,83.848,83.848
acorn-ef256,anticorr_q0353_tau0,anticorr,9900001,0.0000,0.00004,100.614,100.614,100.614
acorn-ef512,anticorr_q0353_tau0,anticorr,9900001,0.0000,0.00003,126.425,126.425,126.425
acorn-ef64,anticorr_q0353_tau0.01,anticorr,9900048,0.8000,0.00102,13.797,13.797,13.797
acorn-ef128,anticorr_q0353_tau0.01,anticorr,9900048,0.9000,0.00077,15.479,15.479,15.479
acorn-ef256,anticorr_q0353_tau0.01,anticorr,9900048,0.9000,0.00075,22.519,22.519,22.519
acorn-ef512,anticorr_q0353_tau0.01,anticorr,9900048,1.0000,0.00000,30.331,30.331,30.331
acorn-ef64,anticorr_q0353_tau0.03,anticorr,9900443,1.0000,0.00000,1.985,1.985,1.985
acorn-ef128,anticorr_q0353_tau0.03,anticorr,9900443,1.0000,0.00000,2.366,2.366,2.366
acorn-ef256,anticorr_q0353_tau0.03,anticorr,9900443,1.0000,0.00000,3.985,3.985,3.985
acorn-ef512,anticorr_q0353_tau0.03,anticorr,9900443,1.0000,0.00000,6.248,6.248,6.248
acorn-ef64,anticorr_q0358_tau0,anticorr,9900001,0.0000,0.00011,67.221,67.221,67.221
acorn-ef128,anticorr_q0358_tau0,anticorr,9900001,0.0000,0.00005,75.096,75.096,75.096
acorn-ef256,anticorr_q0358_tau0,anticorr,9900001,0.0000,0.00002,86.844,86.844,86.844
acorn-ef512,anticorr_q0358_tau0,anticorr,9900001,0.0000,0.00002,103.052,103.052,103.052
acorn-ef64,anticorr_q0358_tau0.01,anticorr,9900242,0.8000,0.00050,14.415,14.415,14.415
acorn-ef128,anticorr_q0358_tau0.01,anticorr,9900242,0.9000,0.00006,15.189,15.189,15.189
acorn-ef256,anticorr_q0358_tau0.01,anticorr,9900242,0.9000,0.00006,22.391,22.391,22.391
acorn-ef512,anticorr_q0358_tau0.01,anticorr,9900242,1.0000,0.00000,31.590,31.590,31.590
acorn-ef64,anticorr_q0358_tau0.03,anticorr,9900623,1.0000,0.00000,3.367,3.367,3.367
acorn-ef128,anticorr_q0358_tau0.03,anticorr,9900623,1.0000,0.00000,2.315,2.315,2.315
acorn-ef256,anticorr_q0358_tau0.03,anticorr,9900623,1.0000,0.00000,4.277,4.277,4.277
acorn-ef512,anticorr_q0358_tau0.03,anticorr,9900623,1.0000,0.00000,6.292,6.292,6.292
acorn-ef64,anticorr_q0373_tau0,anticorr,9900000,0.0000,0.00026,62.217,62.217,62.217
acorn-ef128,anticorr_q0373_tau0,anticorr,9900000,0.0000,0.00014,67.839,67.839,67.839
acorn-ef256,anticorr_q0373_tau0,anticorr,9900000,0.0000,0.00006,79.268,79.268,79.268
acorn-ef512,anticorr_q0373_tau0,anticorr,9900000,0.0000,0.00004,88.472,88.472,88.472
acorn-ef64,anticorr_q0373_tau0.01,anticorr,9900210,0.9000,0.00037,11.315,11.315,11.315
acorn-ef128,anticorr_q0373_tau0.01,anticorr,9900210,1.0000,0.00000,10.729,10.729,10.729
acorn-ef256,anticorr_q0373_tau0.01,anticorr,9900210,1.0000,0.00000,14.467,14.467,14.467
acorn-ef512,anticorr_q0373_tau0.01,anticorr,9900210,1.0000,0.00000,21.026,21.026,21.026
acorn-ef64,anticorr_q0373_tau0.03,anticorr,9899584,1.0000,0.00000,1.614,1.614,1.614
acorn-ef128,anticorr_q0373_tau0.03,anticorr,9899584,1.0000,0.00000,1.490,1.490,1.490
acorn-ef256,anticorr_q0373_tau0.03,anticorr,9899584,1.0000,0.00000,2.324,2.324,2.324
acorn-ef512,anticorr_q0373_tau0.03,anticorr,9899584,1.0000,0.00000,3.541,3.541,3.541
acorn-ef64,anticorr_q0385_tau0,anticorr,9900000,0.0000,0.00033,63.164,63.164,63.164
acorn-ef128,anticorr_q0385_tau0,anticorr,9900000,0.0000,0.00015,67.616,67.616,67.616
acorn-ef256,anticorr_q0385_tau0,anticorr,9900000,0.0000,0.00009,75.718,75.718,75.718
acorn-ef512,anticorr_q0385_tau0,anticorr,9900000,0.0000,0.00003,87.419,87.419,87.419
acorn-ef64,anticorr_q0385_tau0.01,anticorr,9899701,0.9000,0.00026,12.273,12.273,12.273
acorn-ef128,anticorr_q0385_tau0.01,anticorr,9899701,0.9000,0.00026,11.701,11.701,11.701
acorn-ef256,anticorr_q0385_tau0.01,anticorr,9899701,1.0000,0.00000,16.746,16.746,16.746
acorn-ef512,anticorr_q0385_tau0.01,anticorr,9899701,1.0000,0.00000,23.591,23.591,23.591
acorn-ef64,anticorr_q0385_tau0.03,anticorr,9899845,0.9000,0.00017,2.463,2.463,2.463
acorn-ef128,anticorr_q0385_tau0.03,anticorr,9899845,1.0000,0.00000,1.922,1.922,1.922
acorn-ef256,anticorr_q0385_tau0.03,anticorr,9899845,1.0000,0.00000,2.745,2.745,2.745
acorn-ef512,anticorr_q0385_tau0.03,anticorr,9899845,1.0000,0.00000,3.841,3.841,3.841
acorn-ef64,anticorr_q0391_tau0,anticorr,9900000,0.0000,0.00039,48.409,48.409,48.409
acorn-ef128,anticorr_q0391_tau0,anticorr,9900000,0.0000,0.00021,56.694,56.694,56.694
acorn-ef256,anticorr_q0391_tau0,anticorr,9900000,0.0000,0.00008,67.540,67.540,67.540
acorn-ef512,anticorr_q0391_tau0,anticorr,9900000,0.1000,0.00002,93.742,93.742,93.742
acorn-ef64,anticorr_q0391_tau0.01,anticorr,9899967,0.6000,0.00293,9.003,9.003,9.003
acorn-ef128,anticorr_q0391_tau0.01,anticorr,9899967,0.8000,0.00126,9.351,9.351,9.351
acorn-ef256,anticorr_q0391_tau0.01,anticorr,9899967,0.9000,0.00014,13.285,13.285,13.285
acorn-ef512,anticorr_q0391_tau0.01,anticorr,9899967,0.9000,0.00014,20.250,20.250,20.250
acorn-ef64,anticorr_q0391_tau0.03,anticorr,9900091,1.0000,0.00000,2.346,2.346,2.346
acorn-ef128,anticorr_q0391_tau0.03,anticorr,9900091,1.0000,0.00000,1.958,1.958,1.958
acorn-ef256,anticorr_q0391_tau0.03,anticorr,9900091,1.0000,0.00000,2.888,2.888,2.888
acorn-ef512,anticorr_q0391_tau0.03,anticorr,9900091,1.0000,0.00000,4.912,4.912,4.912
acorn-ef64,anticorr_q0396_tau0,anticorr,9900000,0.0000,0.00012,59.485,59.485,59.485
acorn-ef128,anticorr_q0396_tau0,anticorr,9900000,0.0000,0.00007,66.300,66.300,66.300
acorn-ef256,anticorr_q0396_tau0,anticorr,9900000,0.0000,0.00004,75.120,75.120,75.120
acorn-ef512,anticorr_q0396_tau0,anticorr,9900000,0.1000,0.00002,87.139,87.139,87.139
acorn-ef64,anticorr_q0396_tau0.01,anticorr,9899890,0.7000,0.00057,10.240,10.240,10.240
acorn-ef128,anticorr_q0396_tau0.01,anticorr,9899890,1.0000,0.00000,11.302,11.302,11.302
acorn-ef256,anticorr_q0396_tau0.01,anticorr,9899890,1.0000,0.00000,15.735,15.735,15.735
acorn-ef512,anticorr_q0396_tau0.01,anticorr,9899890,1.0000,0.00000,22.706,22.706,22.706
acorn-ef64,anticorr_q0396_tau0.03,anticorr,9899840,1.0000,0.00000,2.614,2.614,2.614
acorn-ef128,anticorr_q0396_tau0.03,anticorr,9899840,1.0000,0.00000,1.640,1.640,1.640
acorn-ef256,anticorr_q0396_tau0.03,anticorr,9899840,1.0000,0.00000,2.461,2.461,2.461
acorn-ef512,anticorr_q0396_tau0.03,anticorr,9899840,1.0000,0.00000,3.917,3.917,3.917
acorn-ef64,anticorr_q0412_tau0,anticorr,9900000,0.0000,0.00043,61.605,61.605,61.605
acorn-ef128,anticorr_q0412_tau0,anticorr,9900000,0.0000,0.00022,68.777,68.777,68.777
acorn-ef256,anticorr_q0412_tau0,anticorr,9900000,0.0000,0.00012,79.468,79.468,79.468
acorn-ef512,anticorr_q0412_tau0,anticorr,9900000,0.0000,0.00005,93.232,93.232,93.232
acorn-ef64,anticorr_q0412_tau0.01,anticorr,9900222,1.0000,0.00000,13.273,13.273,13.273
acorn-ef128,anticorr_q0412_tau0.01,anticorr,9900222,1.0000,0.00000,14.108,14.108,14.108
acorn-ef256,anticorr_q0412_tau0.01,anticorr,9900222,1.0000,0.00000,19.679,19.679,19.679
acorn-ef512,anticorr_q0412_tau0.01,anticorr,9900222,1.0000,0.00000,26.902,26.902,26.902
acorn-ef64,anticorr_q0412_tau0.03,anticorr,9899948,1.0000,0.00000,1.554,1.554,1.554
acorn-ef128,anticorr_q0412_tau0.03,anticorr,9899948,1.0000,0.00000,1.262,1.262,1.262
acorn-ef256,anticorr_q0412_tau0.03,anticorr,9899948,1.0000,0.00000,1.899,1.899,1.899
acorn-ef512,anticorr_q0412_tau0.03,anticorr,9899948,1.0000,0.00000,3.661,3.661,3.661
acorn-ef64,anticorr_q0414_tau0,anticorr,9900000,0.0000,0.00033,43.891,43.891,43.891
acorn-ef128,anticorr_q0414_tau0,anticorr,9900000,0.0000,0.00016,50.273,50.273,50.273
acorn-ef256,anticorr_q0414_tau0,anticorr,9900000,0.0000,0.00008,62.896,62.896,62.896
acorn-ef512,anticorr_q0414_tau0,anticorr,9900000,0.0000,0.00005,78.057,78.057,78.057
acorn-ef64,anticorr_q0414_tau0.01,anticorr,9900396,0.2000,0.00735,7.599,7.599,7.599
acorn-ef128,anticorr_q0414_tau0.01,anticorr,9900396,0.4000,0.00495,7.262,7.262,7.262
acorn-ef256,anticorr_q0414_tau0.01,anticorr,9900396,0.7000,0.00237,11.273,11.273,11.273
acorn-ef512,anticorr_q0414_tau0.01,anticorr,9900396,0.8000,0.00154,17.246,17.246,17.246
acorn-ef64,anticorr_q0414_tau0.03,anticorr,9900031,0.9000,0.00028,2.905,2.905,2.905
acorn-ef128,anticorr_q0414_tau0.03,anticorr,9900031,0.9000,0.00028,1.866,1.866,1.866
acorn-ef256,anticorr_q0414_tau0.03,anticorr,9900031,0.9000,0.00028,2.776,2.776,2.776
acorn-ef512,anticorr_q0414_tau0.03,anticorr,9900031,0.9000,0.00028,5.701,5.701,5.701
acorn-ef64,anticorr_q0419_tau0,anticorr,9900000,0.0000,0.00032,51.342,51.342,51.342
acorn-ef128,anticorr_q0419_tau0,anticorr,9900000,0.0000,0.00015,57.043,57.043,57.043
acorn-ef256,anticorr_q0419_tau0,anticorr,9900000,0.0000,0.00006,69.726,69.726,69.726
acorn-ef512,anticorr_q0419_tau0,anticorr,9900000,0.0000,0.00003,86.706,86.706,86.706
acorn-ef64,anticorr_q0419_tau0.01,anticorr,9900019,0.8000,0.00011,6.682,6.682,6.682
acorn-ef128,anticorr_q0419_tau0.01,anticorr,9900019,0.8000,0.00011,6.359,6.359,6.359
acorn-ef256,anticorr_q0419_tau0.01,anticorr,9900019,0.9000,0.00006,9.942,9.942,9.942
acorn-ef512,anticorr_q0419_tau0.01,anticorr,9900019,0.9000,0.00006,15.380,15.380,15.380
acorn-ef64,anticorr_q0419_tau0.03,anticorr,9899605,1.0000,0.00000,2.257,2.257,2.257
acorn-ef128,anticorr_q0419_tau0.03,anticorr,9899605,1.0000,0.00000,1.524,1.524,1.524
acorn-ef256,anticorr_q0419_tau0.03,anticorr,9899605,1.0000,0.00000,2.109,2.109,2.109
acorn-ef512,anticorr_q0419_tau0.03,anticorr,9899605,1.0000,0.00000,3.623,3.623,3.623
acorn-ef64,anticorr_q0422_tau0,anticorr,9900000,0.0000,0.00058,69.105,69.105,69.105
acorn-ef128,anticorr_q0422_tau0,anticorr,9900000,0.0000,0.00011,77.528,77.528,77.528
acorn-ef256,anticorr_q0422_tau0,anticorr,9900000,0.0000,0.00007,88.492,88.492,88.492
acorn-ef512,anticorr_q0422_tau0,anticorr,9900000,0.0000,0.00005,117.658,117.658,117.658
acorn-ef64,anticorr_q0422_tau0.01,anticorr,9899839,0.8000,0.00033,12.348,12.348,12.348
acorn-ef128,anticorr_q0422_tau0.01,anticorr,9899839,0.9000,0.00017,12.915,12.915,12.915
acorn-ef256,anticorr_q0422_tau0.01,anticorr,9899839,1.0000,0.00000,17.762,17.762,17.762
acorn-ef512,anticorr_q0422_tau0.01,anticorr,9899839,1.0000,0.00000,26.041,26.041,26.041
acorn-ef64,anticorr_q0422_tau0.03,anticorr,9899461,1.0000,0.00000,1.765,1.765,1.765
acorn-ef128,anticorr_q0422_tau0.03,anticorr,9899461,1.0000,0.00000,1.631,1.631,1.631
acorn-ef256,anticorr_q0422_tau0.03,anticorr,9899461,1.0000,0.00000,2.627,2.627,2.627
acorn-ef512,anticorr_q0422_tau0.03,anticorr,9899461,1.0000,0.00000,4.278,4.278,4.278
acorn-ef64,anticorr_q0429_tau0,anticorr,9900001,0.0000,0.00023,53.102,53.102,53.102
acorn-ef128,anticorr_q0429_tau0,anticorr,9900001,0.0000,0.00010,56.313,56.313,56.313
acorn-ef256,anticorr_q0429_tau0,anticorr,9900001,0.0000,0.00008,64.872,64.872,64.872
acorn-ef512,anticorr_q0429_tau0,anticorr,9900001,0.0000,0.00005,81.533,81.533,81.533
acorn-ef64,anticorr_q0429_tau0.01,anticorr,9899982,0.8000,0.00046,12.797,12.797,12.797
acorn-ef128,anticorr_q0429_tau0.01,anticorr,9899982,0.8000,0.00046,13.020,13.020,13.020
acorn-ef256,anticorr_q0429_tau0.01,anticorr,9899982,1.0000,0.00000,17.106,17.106,17.106
acorn-ef512,anticorr_q0429_tau0.01,anticorr,9899982,1.0000,0.00000,23.194,23.194,23.194
acorn-ef64,anticorr_q0429_tau0.03,anticorr,9899401,0.9000,0.00011,2.281,2.281,2.281
acorn-ef128,anticorr_q0429_tau0.03,anticorr,9899401,1.0000,0.00000,1.226,1.226,1.226
acorn-ef256,anticorr_q0429_tau0.03,anticorr,9899401,1.0000,0.00000,2.077,2.077,2.077
acorn-ef512,anticorr_q0429_tau0.03,anticorr,9899401,1.0000,0.00000,3.446,3.446,3.446
acorn-ef64,anticorr_q0431_tau0,anticorr,9900000,0.0000,0.00040,65.245,65.245,65.245
acorn-ef128,anticorr_q0431_tau0,anticorr,9900000,0.0000,0.00020,71.791,71.791,71.791
acorn-ef256,anticorr_q0431_tau0,anticorr,9900000,0.0000,0.00005,84.184,84.184,84.184
acorn-ef512,anticorr_q0431_tau0,anticorr,9900000,0.0000,0.00004,97.435,97.435,97.435
acorn-ef64,anticorr_q0431_tau0.01,anticorr,9900076,0.9000,0.00064,15.211,15.211,15.211
acorn-ef128,anticorr_q0431_tau0.01,anticorr,9900076,0.9000,0.00060,15.591,15.591,15.591
acorn-ef256,anticorr_q0431_tau0.01,anticorr,9900076,0.9000,0.00060,21.140,21.140,21.140
acorn-ef512,anticorr_q0431_tau0.01,anticorr,9900076,1.0000,0.00000,28.808,28.808,28.808
acorn-ef64,anticorr_q0431_tau0.03,anticorr,9899635,1.0000,0.00000,2.658,2.658,2.658
acorn-ef128,anticorr_q0431_tau0.03,anticorr,9899635,1.0000,0.00000,1.853,1.853,1.853
acorn-ef256,anticorr_q0431_tau0.03,anticorr,9899635,1.0000,0.00000,2.613,2.613,2.613
acorn-ef512,anticorr_q0431_tau0.03,anticorr,9899635,1.0000,0.00000,4.240,4.240,4.240
acorn-ef64,anticorr_q0445_tau0,anticorr,9900000,0.0000,0.00038,56.318,56.318,56.318
acorn-ef128,anticorr_q0445_tau0,anticorr,9900000,0.0000,0.00020,63.867,63.867,63.867
acorn-ef256,anticorr_q0445_tau0,anticorr,9900000,0.0000,0.00012,73.463,73.463,73.463
acorn-ef512,anticorr_q0445_tau0,anticorr,9900000,0.0000,0.00008,88.023,88.023,88.023
acorn-ef64,anticorr_q0445_tau0.01,anticorr,9899705,0.6000,0.00129,10.622,10.622,10.622
acorn-ef128,anticorr_q0445_tau0.01,anticorr,9899705,0.7000,0.00062,11.624,11.624,11.624
acorn-ef256,anticorr_q0445_tau0.01,anticorr,9899705,0.7000,0.00062,16.787,16.787,16.787
acorn-ef512,anticorr_q0445_tau0.01,anticorr,9899705,0.7000,0.00062,25.511,25.511,25.511
acorn-ef64,anticorr_q0445_tau0.03,anticorr,9900310,0.7000,0.00221,2.875,2.875,2.875
acorn-ef128,anticorr_q0445_tau0.03,anticorr,9900310,0.8000,0.00168,1.508,1.508,1.508
acorn-ef256,anticorr_q0445_tau0.03,anticorr,9900310,0.8000,0.00168,2.671,2.671,2.671
acorn-ef512,anticorr_q0445_tau0.03,anticorr,9900310,0.8000,0.00168,4.777,4.777,4.777
acorn-ef64,anticorr_q0450_tau0,anticorr,9900000,0.0000,0.00018,66.729,66.729,66.729
acorn-ef128,anticorr_q0450_tau0,anticorr,9900000,0.0000,0.00012,74.581,74.581,74.581
acorn-ef256,anticorr_q0450_tau0,anticorr,9900000,0.0000,0.00009,88.382,88.382,88.382
acorn-ef512,anticorr_q0450_tau0,anticorr,9900000,0.0000,0.00006,103.917,103.917,103.917
acorn-ef64,anticorr_q0450_tau0.01,anticorr,9900197,0.9000,0.00012,11.339,11.339,11.339
acorn-ef128,anticorr_q0450_tau0.01,anticorr,9900197,1.0000,0.00000,13.051,13.051,13.051
acorn-ef256,anticorr_q0450_tau0.01,anticorr,9900197,1.0000,0.00000,18.547,18.547,18.547
acorn-ef512,anticorr_q0450_tau0.01,anticorr,9900197,1.0000,0.00000,26.556,26.556,26.556
acorn-ef64,anticorr_q0450_tau0.03,anticorr,9899478,1.0000,0.00000,2.774,2.774,2.774
acorn-ef128,anticorr_q0450_tau0.03,anticorr,9899478,1.0000,0.00000,1.539,1.539,1.539
acorn-ef256,anticorr_q0450_tau0.03,anticorr,9899478,1.0000,0.00000,2.875,2.875,2.875
acorn-ef512,anticorr_q0450_tau0.03,anticorr,9899478,1.0000,0.00000,3.821,3.821,3.821
acorn-ef64,anticorr_q0455_tau0,anticorr,9900000,0.0000,0.00052,60.381,60.381,60.381
acorn-ef128,anticorr_q0455_tau0,anticorr,9900000,0.0000,0.00013,68.088,68.088,68.088
acorn-ef256,anticorr_q0455_tau0,anticorr,9900000,0.0000,0.00007,75.652,75.652,75.652
acorn-ef512,anticorr_q0455_tau0,anticorr,9900000,0.0000,0.00003,86.939,86.939,86.939
acorn-ef64,anticorr_q0455_tau0.01,anticorr,9900370,0.8000,0.00023,10.355,10.355,10.355
acorn-ef128,anticorr_q0455_tau0.01,anticorr,9900370,1.0000,0.00000,10.672,10.672,10.672
acorn-ef256,anticorr_q0455_tau0.01,anticorr,9900370,1.0000,0.00000,15.461,15.461,15.461
acorn-ef512,anticorr_q0455_tau0.01,anticorr,9900370,1.0000,0.00000,22.330,22.330,22.330
acorn-ef64,anticorr_q0455_tau0.03,anticorr,9899873,1.0000,0.00000,1.532,1.532,1.532
acorn-ef128,anticorr_q0455_tau0.03,anticorr,9899873,1.0000,0.00000,1.357,1.357,1.357
acorn-ef256,anticorr_q0455_tau0.03,anticorr,9899873,1.0000,0.00000,2.314,2.314,2.314
acorn-ef512,anticorr_q0455_tau0.03,anticorr,9899873,1.0000,0.00000,3.582,3.582,3.582
acorn-ef64,anticorr_q0460_tau0,anticorr,9900000,0.0000,0.00030,47.577,47.577,47.577
acorn-ef128,anticorr_q0460_tau0,anticorr,9900000,0.0000,0.00012,54.336,54.336,54.336
acorn-ef256,anticorr_q0460_tau0,anticorr,9900000,0.0000,0.00007,66.009,66.009,66.009
acorn-ef512,anticorr_q0460_tau0,anticorr,9900000,0.0000,0.00006,80.826,80.826,80.826
acorn-ef64,anticorr_q0460_tau0.01,anticorr,9900256,0.6000,0.00122,11.217,11.217,11.217
acorn-ef128,anticorr_q0460_tau0.01,anticorr,9900256,0.6000,0.00122,10.737,10.737,10.737
acorn-ef256,anticorr_q0460_tau0.01,anticorr,9900256,0.9000,0.00012,15.200,15.200,15.200
acorn-ef512,anticorr_q0460_tau0.01,anticorr,9900256,1.0000,0.00000,21.441,21.441,21.441
acorn-ef64,anticorr_q0460_tau0.03,anticorr,9900503,1.0000,0.00000,3.069,3.069,3.069
acorn-ef128,anticorr_q0460_tau0.03,anticorr,9900503,1.0000,0.00000,1.758,1.758,1.758
acorn-ef256,anticorr_q0460_tau0.03,anticorr,9900503,1.0000,0.00000,2.605,2.605,2.605
acorn-ef512,anticorr_q0460_tau0.03,anticorr,9900503,1.0000,0.00000,4.472,4.472,4.472
acorn-ef64,anticorr_q0464_tau0,anticorr,9900000,0.0000,0.00029,63.947,63.947,63.947
acorn-ef128,anticorr_q0464_tau0,anticorr,9900000,0.0000,0.00014,67.865,67.865,67.865
acorn-ef256,anticorr_q0464_tau0,anticorr,9900000,0.0000,0.00009,78.919,78.919,78.919
acorn-ef512,anticorr_q0464_tau0,anticorr,9900000,0.0000,0.00005,94.127,94.127,94.127
acorn-ef64,anticorr_q0464_tau0.01,anticorr,9900480,0.9000,0.00001,11.327,11.327,11.327
acorn-ef128,anticorr_q0464_tau0.01,anticorr,9900480,0.9000,0.00001,14.285,14.285,14.285
acorn-ef256,anticorr_q0464_tau0.01,anticorr,9900480,0.9000,0.00001,18.270,18.270,18.270
acorn-ef512,anticorr_q0464_tau0.01,anticorr,9900480,1.0000,0.00000,24.844,24.844,24.844
acorn-ef64,anticorr_q0464_tau0.03,anticorr,9899875,1.0000,0.00000,2.281,2.281,2.281
acorn-ef128,anticorr_q0464_tau0.03,anticorr,9899875,1.0000,0.00000,1.491,1.491,1.491
acorn-ef256,anticorr_q0464_tau0.03,anticorr,9899875,1.0000,0.00000,2.003,2.003,2.003
acorn-ef512,anticorr_q0464_tau0.03,anticorr,9899875,1.0000,0.00000,3.282,3.282,3.282
acorn-ef64,anticorr_q0470_tau0,anticorr,9900000,0.0000,0.00035,58.085,58.085,58.085
acorn-ef128,anticorr_q0470_tau0,anticorr,9900000,0.0000,0.00024,64.609,64.609,64.609
acorn-ef256,anticorr_q0470_tau0,anticorr,9900000,0.0000,0.00006,76.018,76.018,76.018
acorn-ef512,anticorr_q0470_tau0,anticorr,9900000,0.0000,0.00003,91.822,91.822,91.822
acorn-ef64,anticorr_q0470_tau0.01,anticorr,9899943,0.9000,0.00002,9.828,9.828,9.828
acorn-ef128,anticorr_q0470_tau0.01,anticorr,9899943,1.0000,0.00000,9.957,9.957,9.957
acorn-ef256,anticorr_q0470_tau0.01,anticorr,9899943,1.0000,0.00000,14.857,14.857,14.857
acorn-ef512,anticorr_q0470_tau0.01,anticorr,9899943,1.0000,0.00000,20.730,20.730,20.730
acorn-ef64,anticorr_q0470_tau0.03,anticorr,9899584,1.0000,0.00000,2.217,2.217,2.217
acorn-ef128,anticorr_q0470_tau0.03,anticorr,9899584,1.0000,0.00000,1.448,1.448,1.448
acorn-ef256,anticorr_q0470_tau0.03,anticorr,9899584,1.0000,0.00000,2.064,2.064,2.064
acorn-ef512,anticorr_q0470_tau0.03,anticorr,9899584,1.0000,0.00000,3.645,3.645,3.645
acorn-ef64,anticorr_q0475_tau0,anticorr,9900000,0.0000,0.00022,62.058,62.058,62.058
acorn-ef128,anticorr_q0475_tau0,anticorr,9900000,0.0000,0.00016,69.208,69.208,69.208
acorn-ef256,anticorr_q0475_tau0,anticorr,9900000,0.0000,0.00009,78.193,78.193,78.193
acorn-ef512,anticorr_q0475_tau0,anticorr,9900000,0.0000,0.00007,91.689,91.689,91.689
acorn-ef64,anticorr_q0475_tau0.01,anticorr,9899930,0.9000,0.00025,14.203,14.203,14.203
acorn-ef128,anticorr_q0475_tau0.01,anticorr,9899930,1.0000,0.00000,13.484,13.484,13.484
acorn-ef256,anticorr_q0475_tau0.01,anticorr,9899930,1.0000,0.00000,17.379,17.379,17.379
acorn-ef512,anticorr_q0475_tau0.01,anticorr,9899930,1.0000,0.00000,24.429,24.429,24.429
acorn-ef64,anticorr_q0475_tau0.03,anticorr,9900115,1.0000,0.00000,2.229,2.229,2.229
acorn-ef128,anticorr_q0475_tau0.03,anticorr,9900115,1.0000,0.00000,1.367,1.367,1.367
acorn-ef256,anticorr_q0475_tau0.03,anticorr,9900115,1.0000,0.00000,1.852,1.852,1.852
acorn-ef512,anticorr_q0475_tau0.03,anticorr,9900115,1.0000,0.00000,3.385,3.385,3.385
acorn-ef64,anticorr_q0479_tau0,anticorr,9900000,0.0000,0.00028,40.922,40.922,40.922
acorn-ef128,anticorr_q0479_tau0,anticorr,9900000,0.0000,0.00017,44.913,44.913,44.913
acorn-ef256,anticorr_q0479_tau0,anticorr,9900000,0.0000,0.00008,56.663,56.663,56.663
acorn-ef512,anticorr_q0479_tau0,anticorr,9900000,0.0000,0.00005,73.112,73.112,73.112
acorn-ef64,anticorr_q0479_tau0.01,anticorr,9900207,0.5000,0.00156,7.126,7.126,7.126
acorn-ef128,anticorr_q0479_tau0.01,anticorr,9900207,0.6000,0.00107,7.488,7.488,7.488
acorn-ef256,anticorr_q0479_tau0.01,anticorr,9900207,0.8000,0.00050,10.861,10.861,10.861
acorn-ef512,anticorr_q0479_tau0.01,anticorr,9900207,0.8000,0.00033,17.398,17.398,17.398
acorn-ef64,anticorr_q0479_tau0.03,anticorr,9899501,1.0000,0.00000,3.281,3.281,3.281
acorn-ef128,anticorr_q0479_tau0.03,anticorr,9899501,1.0000,0.00000,2.100,2.100,2.100
acorn-ef256,anticorr_q0479_tau0.03,anticorr,9899501,1.0000,0.00000,3.048,3.048,3.048
acorn-ef512,anticorr_q0479_tau0.03,anticorr,9899501,1.0000,0.00000,5.378,5.378,5.378
acorn-ef64,anticorr_q0506_tau0,anticorr,9900000,0.0000,0.00025,61.807,61.807,61.807
acorn-ef128,anticorr_q0506_tau0,anticorr,9900000,0.0000,0.00013,67.523,67.523,67.523
acorn-ef256,anticorr_q0506_tau0,anticorr,9900000,0.0000,0.00007,78.843,78.843,78.843
acorn-ef512,anticorr_q0506_tau0,anticorr,9900000,0.0000,0.00003,97.038,97.038,97.038
acorn-ef64,anticorr_q0506_tau0.01,anticorr,9899733,0.9000,0.00026,11.133,11.133,11.133
acorn-ef128,anticorr_q0506_tau0.01,anticorr,9899733,0.9000,0.00026,10.570,10.570,10.570
acorn-ef256,anticorr_q0506_tau0.01,anticorr,9899733,0.9000,0.00026,15.231,15.231,15.231
acorn-ef512,anticorr_q0506_tau0.01,anticorr,9899733,1.0000,0.00000,22.375,22.375,22.375
acorn-ef64,anticorr_q0506_tau0.03,anticorr,9899983,1.0000,0.00000,2.221,2.221,2.221
acorn-ef128,anticorr_q0506_tau0.03,anticorr,9899983,1.0000,0.00000,1.710,1.710,1.710
acorn-ef256,anticorr_q0506_tau0.03,anticorr,9899983,1.0000,0.00000,2.414,2.414,2.414
acorn-ef512,anticorr_q0506_tau0.03,anticorr,9899983,1.0000,0.00000,3.633,3.633,3.633
acorn-ef64,anticorr_q0517_tau0,anticorr,9900000,0.0000,0.00026,57.187,57.187,57.187
acorn-ef128,anticorr_q0517_tau0,anticorr,9900000,0.0000,0.00011,64.900,64.900,64.900
acorn-ef256,anticorr_q0517_tau0,anticorr,9900000,0.0000,0.00007,78.524,78.524,78.524
acorn-ef512,anticorr_q0517_tau0,anticorr,9900000,0.0000,0.00005,91.050,91.050,91.050
acorn-ef64,anticorr_q0517_tau0.01,anticorr,9900123,0.5000,0.00325,13.727,13.727,13.727
acorn-ef128,anticorr_q0517_tau0.01,anticorr,9900123,0.5000,0.00253,15.405,15.405,15.405
acorn-ef256,anticorr_q0517_tau0.01,anticorr,9900123,0.6000,0.00176,18.646,18.646,18.646
acorn-ef512,anticorr_q0517_tau0.01,anticorr,9900123,0.9000,0.00007,27.016,27.016,27.016
acorn-ef64,anticorr_q0517_tau0.03,anticorr,9899832,1.0000,0.00000,3.001,3.001,3.001
acorn-ef128,anticorr_q0517_tau0.03,anticorr,9899832,1.0000,0.00000,2.090,2.090,2.090
acorn-ef256,anticorr_q0517_tau0.03,anticorr,9899832,1.0000,0.00000,3.136,3.136,3.136
acorn-ef512,anticorr_q0517_tau0.03,anticorr,9899832,1.0000,0.00000,5.371,5.371,5.371
acorn-ef64,anticorr_q0523_tau0,anticorr,9900000,0.0000,0.00032,73.054,73.054,73.054
acorn-ef128,anticorr_q0523_tau0,anticorr,9900000,0.0000,0.00016,79.365,79.365,79.365
acorn-ef256,anticorr_q0523_tau0,anticorr,9900000,0.0000,0.00008,92.479,92.479,92.479
acorn-ef512,anticorr_q0523_tau0,anticorr,9900000,0.0000,0.00005,107.997,107.997,107.997
acorn-ef64,anticorr_q0523_tau0.01,anticorr,9899484,0.8000,0.00092,14.506,14.506,14.506
acorn-ef128,anticorr_q0523_tau0.01,anticorr,9899484,0.8000,0.00092,13.840,13.840,13.840
acorn-ef256,anticorr_q0523_tau0.01,anticorr,9899484,0.8000,0.00092,19.680,19.680,19.680
acorn-ef512,anticorr_q0523_tau0.01,anticorr,9899484,1.0000,0.00000,27.455,27.455,27.455
acorn-ef64,anticorr_q0523_tau0.03,anticorr,9899888,1.0000,0.00000,2.255,2.255,2.255
acorn-ef128,anticorr_q0523_tau0.03,anticorr,9899888,1.0000,0.00000,1.512,1.512,1.512
acorn-ef256,anticorr_q0523_tau0.03,anticorr,9899888,1.0000,0.00000,2.246,2.246,2.246
acorn-ef512,anticorr_q0523_tau0.03,anticorr,9899888,1.0000,0.00000,3.819,3.819,3.819
acorn-ef64,anticorr_q0552_tau0,anticorr,9900001,0.0000,0.00017,46.215,46.215,46.215
acorn-ef128,anticorr_q0552_tau0,anticorr,9900001,0.0000,0.00012,51.654,51.654,51.654
acorn-ef256,anticorr_q0552_tau0,anticorr,9900001,0.0000,0.00007,64.393,64.393,64.393
acorn-ef512,anticorr_q0552_tau0,anticorr,9900001,0.0000,0.00003,76.707,76.707,76.707
acorn-ef64,anticorr_q0552_tau0.01,anticorr,9899888,0.5000,0.00194,8.668,8.668,8.668
acorn-ef128,anticorr_q0552_tau0.01,anticorr,9899888,0.7000,0.00103,8.376,8.376,8.376
acorn-ef256,anticorr_q0552_tau0.01,anticorr,9899888,0.9000,0.00027,12.704,12.704,12.704
acorn-ef512,anticorr_q0552_tau0.01,anticorr,9899888,0.9000,0.00027,19.081,19.081,19.081
acorn-ef64,anticorr_q0552_tau0.03,anticorr,9899649,1.0000,0.00000,3.076,3.076,3.076
acorn-ef128,anticorr_q0552_tau0.03,anticorr,9899649,1.0000,0.00000,1.902,1.902,1.902
acorn-ef256,anticorr_q0552_tau0.03,anticorr,9899649,1.0000,0.00000,3.008,3.008,3.008
acorn-ef512,anticorr_q0552_tau0.03,anticorr,9899649,1.0000,0.00000,5.036,5.036,5.036
acorn-ef64,anticorr_q0591_tau0,anticorr,9900000,0.0000,0.00017,70.929,70.929,70.929
acorn-ef128,anticorr_q0591_tau0,anticorr,9900000,0.0000,0.00012,77.374,77.374,77.374
acorn-ef256,anticorr_q0591_tau0,anticorr,9900000,0.0000,0.00005,90.785,90.785,90.785
acorn-ef512,anticorr_q0591_tau0,anticorr,9900000,0.0000,0.00003,103.847,103.847,103.847
acorn-ef64,anticorr_q0591_tau0.01,anticorr,9900154,0.9000,0.00019,13.563,13.563,13.563
acorn-ef128,anticorr_q0591_tau0.01,anticorr,9900154,1.0000,0.00000,14.024,14.024,14.024
acorn-ef256,anticorr_q0591_tau0.01,anticorr,9900154,1.0000,0.00000,19.277,19.277,19.277
acorn-ef512,anticorr_q0591_tau0.01,anticorr,9900154,1.0000,0.00000,27.120,27.120,27.120
acorn-ef64,anticorr_q0591_tau0.03,anticorr,9900140,1.0000,0.00000,2.603,2.603,2.603
acorn-ef128,anticorr_q0591_tau0.03,anticorr,9900140,1.0000,0.00000,1.703,1.703,1.703
acorn-ef256,anticorr_q0591_tau0.03,anticorr,9900140,1.0000,0.00000,2.342,2.342,2.342
acorn-ef512,anticorr_q0591_tau0.03,anticorr,9900140,1.0000,0.00000,4.283,4.283,4.283
acorn-ef64,anticorr_q0593_tau0,anticorr,9900000,0.0000,0.00032,59.950,59.950,59.950
acorn-ef128,anticorr_q0593_tau0,anticorr,9900000,0.0000,0.00022,64.728,64.728,64.728
acorn-ef256,anticorr_q0593_tau0,anticorr,9900000,0.1000,0.00009,72.214,72.214,72.214
acorn-ef512,anticorr_q0593_tau0,anticorr,9900000,0.1000,0.00004,85.366,85.366,85.366
acorn-ef64,anticorr_q0593_tau0.01,anticorr,9900414,0.6000,0.00180,12.037,12.037,12.037
acorn-ef128,anticorr_q0593_tau0.01,anticorr,9900414,0.6000,0.00161,11.158,11.158,11.158
acorn-ef256,anticorr_q0593_tau0.01,anticorr,9900414,0.8000,0.00070,15.639,15.639,15.639
acorn-ef512,anticorr_q0593_tau0.01,anticorr,9900414,0.9000,0.00003,21.921,21.921,21.921
acorn-ef64,anticorr_q0593_tau0.03,anticorr,9900005,1.0000,0.00000,1.468,1.468,1.468
acorn-ef128,anticorr_q0593_tau0.03,anticorr,9900005,1.0000,0.00000,1.388,1.388,1.388
acorn-ef256,anticorr_q0593_tau0.03,anticorr,9900005,1.0000,0.00000,2.245,2.245,2.245
acorn-ef512,anticorr_q0593_tau0.03,anticorr,9900005,1.0000,0.00000,3.835,3.835,3.835
acorn-ef64,anticorr_q0596_tau0,anticorr,9900000,0.0000,0.00037,67.701,67.701,67.701
acorn-ef128,anticorr_q0596_tau0,anticorr,9900000,0.0000,0.00007,74.618,74.618,74.618
acorn-ef256,anticorr_q0596_tau0,anticorr,9900000,0.0000,0.00003,88.715,88.715,88.715
acorn-ef512,anticorr_q0596_tau0,anticorr,9900000,0.0000,0.00002,115.398,115.398,115.398
acorn-ef64,anticorr_q0596_tau0.01,anticorr,9900518,0.8000,0.00094,11.616,11.616,11.616
acorn-ef128,anticorr_q0596_tau0.01,anticorr,9900518,0.9000,0.00049,11.334,11.334,11.334
acorn-ef256,anticorr_q0596_tau0.01,anticorr,9900518,0.9000,0.00049,16.878,16.878,16.878
acorn-ef512,anticorr_q0596_tau0.01,anticorr,9900518,1.0000,0.00000,24.966,24.966,24.966
acorn-ef64,anticorr_q0596_tau0.03,anticorr,9900472,1.0000,0.00000,1.700,1.700,1.700
acorn-ef128,anticorr_q0596_tau0.03,anticorr,9900472,1.0000,0.00000,1.653,1.653,1.653
acorn-ef256,anticorr_q0596_tau0.03,anticorr,9900472,1.0000,0.00000,2.755,2.755,2.755
acorn-ef512,anticorr_q0596_tau0.03,anticorr,9900472,1.0000,0.00000,4.049,4.049,4.049
acorn-ef64,anticorr_q0620_tau0,anticorr,9900002,0.0000,0.00021,55.787,55.787,55.787
acorn-ef128,anticorr_q0620_tau0,anticorr,9900002,0.0000,0.00008,64.965,64.965,64.965
acorn-ef256,anticorr_q0620_tau0,anticorr,9900002,0.0000,0.00007,78.576,78.576,78.576
acorn-ef512,anticorr_q0620_tau0,anticorr,9900002,0.0000,0.00003,95.838,95.838,95.838
acorn-ef64,anticorr_q0620_tau0.01,anticorr,9899856,1.0000,0.00000,10.247,10.247,10.247
acorn-ef128,anticorr_q0620_tau0.01,anticorr,9899856,1.0000,0.00000,11.471,11.471,11.471
acorn-ef256,anticorr_q0620_tau0.01,anticorr,9899856,1.0000,0.00000,16.232,16.232,16.232
acorn-ef512,anticorr_q0620_tau0.01,anticorr,9899856,1.0000,0.00000,24.061,24.061,24.061
acorn-ef64,anticorr_q0620_tau0.03,anticorr,9899741,1.0000,0.00000,2.839,2.839,2.839
acorn-ef128,anticorr_q0620_tau0.03,anticorr,9899741,1.0000,0.00000,1.454,1.454,1.454
acorn-ef256,anticorr_q0620_tau0.03,anticorr,9899741,1.0000,0.00000,3.010,3.010,3.010
acorn-ef512,anticorr_q0620_tau0.03,anticorr,9899741,1.0000,0.00000,4.776,4.776,4.776
acorn-ef64,anticorr_q0633_tau0,anticorr,9900000,0.0000,0.00025,70.748,70.748,70.748
acorn-ef128,anticorr_q0633_tau0,anticorr,9900000,0.0000,0.00010,76.259,76.259,76.259
acorn-ef256,anticorr_q0633_tau0,anticorr,9900000,0.0000,0.00003,87.440,87.440,87.440
acorn-ef512,anticorr_q0633_tau0,anticorr,9900000,0.0000,0.00003,101.349,101.349,101.349
acorn-ef64,anticorr_q0633_tau0.01,anticorr,9899936,1.0000,0.00000,10.757,10.757,10.757
acorn-ef128,anticorr_q0633_tau0.01,anticorr,9899936,1.0000,0.00000,12.501,12.501,12.501
acorn-ef256,anticorr_q0633_tau0.01,anticorr,9899936,1.0000,0.00000,17.801,17.801,17.801
acorn-ef512,anticorr_q0633_tau0.01,anticorr,9899936,1.0000,0.00000,28.102,28.102,28.102
acorn-ef64,anticorr_q0633_tau0.03,anticorr,9899322,1.0000,0.00000,2.835,2.835,2.835
acorn-ef128,anticorr_q0633_tau0.03,anticorr,9899322,1.0000,0.00000,1.644,1.644,1.644
acorn-ef256,anticorr_q0633_tau0.03,anticorr,9899322,1.0000,0.00000,2.660,2.660,2.660
acorn-ef512,anticorr_q0633_tau0.03,anticorr,9899322,1.0000,0.00000,3.857,3.857,3.857
acorn-ef64,anticorr_q0636_tau0,anticorr,9900000,0.0000,0.00019,62.219,62.219,62.219
acorn-ef128,anticorr_q0636_tau0,anticorr,9900000,0.0000,0.00005,70.464,70.464,70.464
acorn-ef256,anticorr_q0636_tau0,anticorr,9900000,0.0000,0.00003,83.208,83.208,83.208
acorn-ef512,anticorr_q0636_tau0,anticorr,9900000,0.0000,0.00003,96.014,96.014,96.014
acorn-ef64,anticorr_q0636_tau0.01,anticorr,9900445,0.5000,0.00171,14.200,14.200,14.200
acorn-ef128,anticorr_q0636_tau0.01,anticorr,9900445,0.8000,0.00024,14.832,14.832,14.832
acorn-ef256,anticorr_q0636_tau0.01,anticorr,9900445,1.0000,0.00000,19.137,19.137,19.137
acorn-ef512,anticorr_q0636_tau0.01,anticorr,9900445,1.0000,0.00000,26.730,26.730,26.730
acorn-ef64,anticorr_q0636_tau0.03,anticorr,9900840,1.0000,0.00000,2.623,2.623,2.623
acorn-ef128,anticorr_q0636_tau0.03,anticorr,9900840,1.0000,0.00000,1.546,1.546,1.546
acorn-ef256,anticorr_q0636_tau0.03,anticorr,9900840,1.0000,0.00000,2.486,2.486,2.486
acorn-ef512,anticorr_q0636_tau0.03,anticorr,9900840,1.0000,0.00000,4.117,4.117,4.117
acorn-ef64,anticorr_q0643_tau0,anticorr,9900000,0.0000,0.00035,58.517,58.517,58.517
acorn-ef128,anticorr_q0643_tau0,anticorr,9900000,0.0000,0.00011,62.621,62.621,62.621
acorn-ef256,anticorr_q0643_tau0,anticorr,9900000,0.0000,0.00007,77.028,77.028,77.028
acorn-ef512,anticorr_q0643_tau0,anticorr,9900000,0.0000,0.00005,93.768,93.768,93.768
acorn-ef64,anticorr_q0643_tau0.01,anticorr,9899589,0.4000,0.00223,8.879,8.879,8.879
acorn-ef128,anticorr_q0643_tau0.01,anticorr,9899589,0.5000,0.00182,10.496,10.496,10.496
acorn-ef256,anticorr_q0643_tau0.01,anticorr,9899589,0.5000,0.00182,15.503,15.503,15.503
acorn-ef512,anticorr_q0643_tau0.01,anticorr,9899589,0.8000,0.00047,21.438,21.438,21.438
acorn-ef64,anticorr_q0643_tau0.03,anticorr,9899489,0.9000,0.00063,2.490,2.490,2.490
acorn-ef128,anticorr_q0643_tau0.03,anticorr,9899489,1.0000,0.00000,2.173,2.173,2.173
acorn-ef256,anticorr_q0643_tau0.03,anticorr,9899489,1.0000,0.00000,3.056,3.056,3.056
acorn-ef512,anticorr_q0643_tau0.03,anticorr,9899489,1.0000,0.00000,4.855,4.855,4.855
acorn-ef64,anticorr_q0655_tau0,anticorr,9900000,0.0000,0.00024,76.195,76.195,76.195
acorn-ef128,anticorr_q0655_tau0,anticorr,9900000,0.0000,0.00019,76.137,76.137,76.137
acorn-ef256,anticorr_q0655_tau0,anticorr,9900000,0.0000,0.00009,86.515,86.515,86.515
acorn-ef512,anticorr_q0655_tau0,anticorr,9900000,0.0000,0.00003,99.694,99.694,99.694
acorn-ef64,anticorr_q0655_tau0.01,anticorr,9899936,0.9000,0.00048,11.328,11.328,11.328
acorn-ef128,anticorr_q0655_tau0.01,anticorr,9899936,1.0000,0.00000,12.392,12.392,12.392
acorn-ef256,anticorr_q0655_tau0.01,anticorr,9899936,1.0000,0.00000,17.392,17.392,17.392
acorn-ef512,anticorr_q0655_tau0.01,anticorr,9899936,1.0000,0.00000,23.465,23.465,23.465
acorn-ef64,anticorr_q0655_tau0.03,anticorr,9900416,1.0000,0.00000,1.936,1.936,1.936
acorn-ef128,anticorr_q0655_tau0.03,anticorr,9900416,1.0000,0.00000,1.692,1.692,1.692
acorn-ef256,anticorr_q0655_tau0.03,anticorr,9900416,1.0000,0.00000,2.772,2.772,2.772
acorn-ef512,anticorr_q0655_tau0.03,anticorr,9900416,1.0000,0.00000,4.469,4.469,4.469
acorn-ef64,anticorr_q0656_tau0,anticorr,9900001,0.0000,0.00019,63.581,63.581,63.581
acorn-ef128,anticorr_q0656_tau0,anticorr,9900001,0.0000,0.00009,72.024,72.024,72.024
acorn-ef256,anticorr_q0656_tau0,anticorr,9900001,0.0000,0.00006,83.117,83.117,83.117
acorn-ef512,anticorr_q0656_tau0,anticorr,9900001,0.1000,0.00002,99.490,99.490,99.490
acorn-ef64,anticorr_q0656_tau0.01,anticorr,9899725,0.9000,0.00011,12.252,12.252,12.252
acorn-ef128,anticorr_q0656_tau0.01,anticorr,9899725,1.0000,0.00000,12.295,12.295,12.295
acorn-ef256,anticorr_q0656_tau0.01,anticorr,9899725,1.0000,0.00000,17.860,17.860,17.860
acorn-ef512,anticorr_q0656_tau0.01,anticorr,9899725,1.0000,0.00000,25.306,25.306,25.306
acorn-ef64,anticorr_q0656_tau0.03,anticorr,9900557,1.0000,0.00000,2.184,2.184,2.184
acorn-ef128,anticorr_q0656_tau0.03,anticorr,9900557,1.0000,0.00000,1.675,1.675,1.675
acorn-ef256,anticorr_q0656_tau0.03,anticorr,9900557,1.0000,0.00000,2.353,2.353,2.353
acorn-ef512,anticorr_q0656_tau0.03,anticorr,9900557,1.0000,0.00000,4.053,4.053,4.053
acorn-ef64,anticorr_q0660_tau0,anticorr,9900000,0.0000,0.00043,54.301,54.301,54.301
acorn-ef128,anticorr_q0660_tau0,anticorr,9900000,0.0000,0.00022,59.976,59.976,59.976
acorn-ef256,anticorr_q0660_tau0,anticorr,9900000,0.0000,0.00010,70.816,70.816,70.816
acorn-ef512,anticorr_q0660_tau0,anticorr,9900000,0.0000,0.00007,87.447,87.447,87.447
acorn-ef64,anticorr_q0660_tau0.01,anticorr,9899848,0.5000,0.00336,12.815,12.815,12.815
acorn-ef128,anticorr_q0660_tau0.01,anticorr,9899848,0.6000,0.00215,12.220,12.220,12.220
acorn-ef256,anticorr_q0660_tau0.01,anticorr,9899848,0.9000,0.00017,17.630,17.630,17.630
acorn-ef512,anticorr_q0660_tau0.01,anticorr,9899848,0.9000,0.00017,24.523,24.523,24.523
acorn-ef64,anticorr_q0660_tau0.03,anticorr,9899835,1.0000,0.00000,2.666,2.666,2.666
acorn-ef128,anticorr_q0660_tau0.03,anticorr,9899835,1.0000,0.00000,1.843,1.843,1.843
acorn-ef256,anticorr_q0660_tau0.03,anticorr,9899835,1.0000,0.00000,3.103,3.103,3.103
acorn-ef512,anticorr_q0660_tau0.03,anticorr,9899835,1.0000,0.00000,5.113,5.113,5.113
acorn-ef64,anticorr_q0669_tau0,anticorr,9900000,0.0000,0.00026,58.876,58.876,58.876
acorn-ef128,anticorr_q0669_tau0,anticorr,9900000,0.0000,0.00014,67.980,67.980,67.980
acorn-ef256,anticorr_q0669_tau0,anticorr,9900000,0.0000,0.00012,83.158,83.158,83.158
acorn-ef512,anticorr_q0669_tau0,anticorr,9900000,0.0000,0.00004,96.914,96.914,96.914
acorn-ef64,anticorr_q0669_tau0.01,anticorr,9900129,0.9000,0.00031,13.825,13.825,13.825
acorn-ef128,anticorr_q0669_tau0.01,anticorr,9900129,1.0000,0.00000,14.598,14.598,14.598
acorn-ef256,anticorr_q0669_tau0.01,anticorr,9900129,1.0000,0.00000,20.076,20.076,20.076
acorn-ef512,anticorr_q0669_tau0.01,anticorr,9900129,1.0000,0.00000,27.957,27.957,27.957
acorn-ef64,anticorr_q0669_tau0.03,anticorr,9900060,0.9000,0.00009,3.139,3.139,3.139
acorn-ef128,anticorr_q0669_tau0.03,anticorr,9900060,1.0000,0.00000,2.002,2.002,2.002
acorn-ef256,anticorr_q0669_tau0.03,anticorr,9900060,1.0000,0.00000,3.269,3.269,3.269
acorn-ef512,anticorr_q0669_tau0.03,anticorr,9900060,1.0000,0.00000,4.786,4.786,4.786
acorn-ef64,anticorr_q0671_tau0,anticorr,9900000,0.0000,0.00022,43.826,43.826,43.826
acorn-ef128,anticorr_q0671_tau0,anticorr,9900000,0.0000,0.00010,52.070,52.070,52.070
acorn-ef256,anticorr_q0671_tau0,anticorr,9900000,0.0000,0.00004,64.395,64.395,64.395
acorn-ef512,anticorr_q0671_tau0,anticorr,9900000,0.0000,0.00002,78.303,78.303,78.303
acorn-ef64,anticorr_q0671_tau0.01,anticorr,9899767,0.9000,0.00023,6.637,6.637,6.637
acorn-ef128,anticorr_q0671_tau0.01,anticorr,9899767,1.0000,0.00000,6.380,6.380,6.380
acorn-ef256,anticorr_q0671_tau0.01,anticorr,9899767,1.0000,0.00000,9.423,9.423,9.423
acorn-ef512,anticorr_q0671_tau0.01,anticorr,9899767,1.0000,0.00000,13.956,13.956,13.956
acorn-ef64,anticorr_q0671_tau0.03,anticorr,9900017,1.0000,0.00000,2.050,2.050,2.050
acorn-ef128,anticorr_q0671_tau0.03,anticorr,9900017,1.0000,0.00000,1.547,1.547,1.547
acorn-ef256,anticorr_q0671_tau0.03,anticorr,9900017,1.0000,0.00000,2.091,2.091,2.091
acorn-ef512,anticorr_q0671_tau0.03,anticorr,9900017,1.0000,0.00000,3.132,3.132,3.132
acorn-ef64,anticorr_q0681_tau0,anticorr,9900000,0.0000,0.00017,68.039,68.039,68.039
acorn-ef128,anticorr_q0681_tau0,anticorr,9900000,0.0000,0.00011,75.277,75.277,75.277
acorn-ef256,anticorr_q0681_tau0,anticorr,9900000,0.0000,0.00009,87.895,87.895,87.895
acorn-ef512,anticorr_q0681_tau0,anticorr,9900000,0.0000,0.00005,102.693,102.693,102.693
acorn-ef64,anticorr_q0681_tau0.01,anticorr,9900094,0.9000,0.00022,13.245,13.245,13.245
acorn-ef128,anticorr_q0681_tau0.01,anticorr,9900094,0.9000,0.00020,13.605,13.605,13.605
acorn-ef256,anticorr_q0681_tau0.01,anticorr,9900094,1.0000,0.00000,17.956,17.956,17.956
acorn-ef512,anticorr_q0681_tau0.01,anticorr,9900094,1.0000,0.00000,25.851,25.851,25.851
acorn-ef64,anticorr_q0681_tau0.03,anticorr,9899861,1.0000,0.00000,2.703,2.703,2.703
acorn-ef128,anticorr_q0681_tau0.03,anticorr,9899861,1.0000,0.00000,1.874,1.874,1.874
acorn-ef256,anticorr_q0681_tau0.03,anticorr,9899861,1.0000,0.00000,2.443,2.443,2.443
acorn-ef512,anticorr_q0681_tau0.03,anticorr,9899861,1.0000,0.00000,4.201,4.201,4.201
acorn-ef64,anticorr_q0690_tau0,anticorr,9900001,0.0000,0.00035,75.574,75.574,75.574
acorn-ef128,anticorr_q0690_tau0,anticorr,9900001,0.0000,0.00014,81.295,81.295,81.295
acorn-ef256,anticorr_q0690_tau0,anticorr,9900001,0.0000,0.00007,93.389,93.389,93.389
acorn-ef512,anticorr_q0690_tau0,anticorr,9900001,0.0000,0.00005,107.258,107.258,107.258
acorn-ef64,anticorr_q0690_tau0.01,anticorr,9899876,0.8000,0.00208,14.905,14.905,14.905
acorn-ef128,anticorr_q0690_tau0.01,anticorr,9899876,1.0000,0.00000,14.797,14.797,14.797
acorn-ef256,anticorr_q0690_tau0.01,anticorr,9899876,1.0000,0.00000,20.296,20.296,20.296
acorn-ef512,anticorr_q0690_tau0.01,anticorr,9899876,1.0000,0.00000,29.239,29.239,29.239
acorn-ef64,anticorr_q0690_tau0.03,anticorr,9899901,0.9000,0.00042,2.306,2.306,2.306
acorn-ef128,anticorr_q0690_tau0.03,anticorr,9899901,0.9000,0.00042,1.498,1.498,1.498
acorn-ef256,anticorr_q0690_tau0.03,anticorr,9899901,1.0000,0.00000,2.127,2.127,2.127
acorn-ef512,anticorr_q0690_tau0.03,anticorr,9899901,1.0000,0.00000,3.727,3.727,3.727
acorn-ef64,anticorr_q0695_tau0,anticorr,9900000,0.0000,0.00018,73.433,73.433,73.433
acorn-ef128,anticorr_q0695_tau0,anticorr,9900000,0.1000,0.00008,85.319,85.319,85.319
acorn-ef256,anticorr_q0695_tau0,anticorr,9900000,0.1000,0.00005,94.883,94.883,94.883
acorn-ef512,anticorr_q0695_tau0,anticorr,9900000,0.2000,0.00001,99.801,99.801,99.801
acorn-ef64,anticorr_q0695_tau0.01,anticorr,9899936,1.0000,0.00000,13.007,13.007,13.007
acorn-ef128,anticorr_q0695_tau0.01,anticorr,9899936,1.0000,0.00000,13.096,13.096,13.096
acorn-ef256,anticorr_q0695_tau0.01,anticorr,9899936,1.0000,0.00000,16.512,16.512,16.512
acorn-ef512,anticorr_q0695_tau0.01,anticorr,9899936,1.0000,0.00000,23.617,23.617,23.617
acorn-ef64,anticorr_q0695_tau0.03,anticorr,9899734,1.0000,0.00000,2.635,2.635,2.635
acorn-ef128,anticorr_q0695_tau0.03,anticorr,9899734,1.0000,0.00000,1.657,1.657,1.657
acorn-ef256,anticorr_q0695_tau0.03,anticorr,9899734,1.0000,0.00000,2.724,2.724,2.724
acorn-ef512,anticorr_q0695_tau0.03,anticorr,9899734,1.0000,0.00000,4.186,4.186,4.186
acorn-ef64,anticorr_q0698_tau0,anticorr,9900001,0.0000,0.00026,56.410,56.410,56.410
acorn-ef128,anticorr_q0698_tau0,anticorr,9900001,0.0000,0.00021,64.354,64.354,64.354
acorn-ef256,anticorr_q0698_tau0,anticorr,9900001,0.0000,0.00014,76.925,76.925,76.925
acorn-ef512,anticorr_q0698_tau0,anticorr,9900001,0.0000,0.00009,94.078,94.078,94.078
acorn-ef64,anticorr_q0698_tau0.01,anticorr,9899936,0.9000,0.00006,10.174,10.174,10.174
acorn-ef128,anticorr_q0698_tau0.01,anticorr,9899936,0.9000,0.00006,9.850,9.850,9.850
acorn-ef256,anticorr_q0698_tau0.01,anticorr,9899936,1.0000,0.00000,14.291,14.291,14.291
acorn-ef512,anticorr_q0698_tau0.01,anticorr,9899936,1.0000,0.00000,20.513,20.513,20.513
acorn-ef64,anticorr_q0698_tau0.03,anticorr,9900691,1.0000,0.00000,2.461,2.461,2.461
acorn-ef128,anticorr_q0698_tau0.03,anticorr,9900691,1.0000,0.00000,1.444,1.444,1.444
acorn-ef256,anticorr_q0698_tau0.03,anticorr,9900691,1.0000,0.00000,2.817,2.817,2.817
acorn-ef512,anticorr_q0698_tau0.03,anticorr,9900691,1.0000,0.00000,3.534,3.534,3.534
acorn-ef64,anticorr_q0712_tau0,anticorr,9900000,0.0000,0.00048,59.995,59.995,59.995
acorn-ef128,anticorr_q0712_tau0,anticorr,9900000,0.0000,0.00018,67.234,67.234,67.234
acorn-ef256,anticorr_q0712_tau0,anticorr,9900000,0.0000,0.00010,77.491,77.491,77.491
acorn-ef512,anticorr_q0712_tau0,anticorr,9900000,0.0000,0.00006,92.962,92.962,92.962
acorn-ef64,anticorr_q0712_tau0.01,anticorr,9899910,0.4000,0.00422,14.729,14.729,14.729
acorn-ef128,anticorr_q0712_tau0.01,anticorr,9899910,0.8000,0.00095,19.603,19.603,19.603
acorn-ef256,anticorr_q0712_tau0.01,anticorr,9899910,0.8000,0.00095,23.913,23.913,23.913
acorn-ef512,anticorr_q0712_tau0.01,anticorr,9899910,0.9000,0.00002,31.001,31.001,31.001
acorn-ef64,anticorr_q0712_tau0.03,anticorr,9900215,1.0000,0.00000,2.671,2.671,2.671
acorn-ef128,anticorr_q0712_tau0.03,anticorr,9900215,1.0000,0.00000,2.072,2.072,2.072
acorn-ef256,anticorr_q0712_tau0.03,anticorr,9900215,1.0000,0.00000,3.199,3.199,3.199
acorn-ef512,anticorr_q0712_tau0.03,anticorr,9900215,1.0000,0.00000,5.822,5.822,5.822
acorn-ef64,anticorr_q0714_tau0,anticorr,9900000,0.0000,0.00020,53.920,53.920,53.920
acorn-ef128,anticorr_q0714_tau0,anticorr,9900000,0.0000,0.00010,59.151,59.151,59.151
acorn-ef256,anticorr_q0714_tau0,anticorr,9900000,0.0000,0.00007,71.201,71.201,71.201
acorn-ef512,anticorr_q0714_tau0,anticorr,9900000,0.0000,0.00004,86.879,86.879,86.879
acorn-ef64,anticorr_q0714_tau0.01,anticorr,9900125,1.0000,0.00000,8.929,8.929,8.929
acorn-ef128,anticorr_q0714_tau0.01,anticorr,9900125,1.0000,0.00000,9.086,9.086,9.086
acorn-ef256,anticorr_q0714_tau0.01,anticorr,9900125,1.0000,0.00000,13.704,13.704,13.704
acorn-ef512,anticorr_q0714_tau0.01,anticorr,9900125,1.0000,0.00000,18.331,18.331,18.331
acorn-ef64,anticorr_q0714_tau0.03,anticorr,9899674,1.0000,0.00000,2.527,2.527,2.527
acorn-ef128,anticorr_q0714_tau0.03,anticorr,9899674,1.0000,0.00000,1.605,1.605,1.605
acorn-ef256,anticorr_q0714_tau0.03,anticorr,9899674,1.0000,0.00000,2.144,2.144,2.144
acorn-ef512,anticorr_q0714_tau0.03,anticorr,9899674,1.0000,0.00000,3.990,3.990,3.990
acorn-ef64,anticorr_q0716_tau0,anticorr,9900000,0.0000,0.00029,71.685,71.685,71.685
acorn-ef128,anticorr_q0716_tau0,anticorr,9900000,0.0000,0.00012,80.878,80.878,80.878
acorn-ef256,anticorr_q0716_tau0,anticorr,9900000,0.0000,0.00008,92.807,92.807,92.807
acorn-ef512,anticorr_q0716_tau0,anticorr,9900000,0.1000,0.00003,108.184,108.184,108.184
acorn-ef64,anticorr_q0716_tau0.01,anticorr,9900123,0.8000,0.00206,14.529,14.529,14.529
acorn-ef128,anticorr_q0716_tau0.01,anticorr,9900123,0.9000,0.00103,17.163,17.163,17.163
acorn-ef256,anticorr_q0716_tau0.01,anticorr,9900123,1.0000,0.00000,25.029,25.029,25.029
acorn-ef512,anticorr_q0716_tau0.01,anticorr,9900123,1.0000,0.00000,34.317,34.317,34.317
acorn-ef64,anticorr_q0716_tau0.03,anticorr,9899962,0.9000,0.00053,3.326,3.326,3.326
acorn-ef128,anticorr_q0716_tau0.03,anticorr,9899962,1.0000,0.00000,1.991,1.991,1.991
acorn-ef256,anticorr_q0716_tau0.03,anticorr,9899962,1.0000,0.00000,3.237,3.237,3.237
acorn-ef512,anticorr_q0716_tau0.03,anticorr,9899962,1.0000,0.00000,5.445,5.445,5.445
acorn-ef64,anticorr_q0720_tau0,anticorr,9900000,0.0000,0.00027,57.200,57.200,57.200
acorn-ef128,anticorr_q0720_tau0,anticorr,9900000,0.0000,0.00019,64.665,64.665,64.665
acorn-ef256,anticorr_q0720_tau0,anticorr,9900000,0.0000,0.00008,74.664,74.664,74.664
acorn-ef512,anticorr_q0720_tau0,anticorr,9900000,0.0000,0.00003,90.559,90.559,90.559
acorn-ef64,anticorr_q0720_tau0.01,anticorr,9899905,0.6000,0.00092,11.363,11.363,11.363
acorn-ef128,anticorr_q0720_tau0.01,anticorr,9899905,0.7000,0.00031,12.119,12.119,12.119
acorn-ef256,anticorr_q0720_tau0.01,anticorr,9899905,0.8000,0.00011,17.862,17.862,17.862
acorn-ef512,anticorr_q0720_tau0.01,anticorr,9899905,0.9000,0.00005,25.269,25.269,25.269
acorn-ef64,anticorr_q0720_tau0.03,anticorr,9900468,0.9000,0.00092,3.010,3.010,3.010
acorn-ef128,anticorr_q0720_tau0.03,anticorr,9900468,0.9000,0.00092,1.990,1.990,1.990
acorn-ef256,anticorr_q0720_tau0.03,anticorr,9900468,0.9000,0.00092,3.109,3.109,3.109
acorn-ef512,anticorr_q0720_tau0.03,anticorr,9900468,1.0000,0.00000,5.461,5.461,5.461
acorn-ef64,anticorr_q0722_tau0,anticorr,9900000,0.0000,0.00035,58.014,58.014,58.014
acorn-ef128,anticorr_q0722_tau0,anticorr,9900000,0.0000,0.00026,66.594,66.594,66.594
acorn-ef256,anticorr_q0722_tau0,anticorr,9900000,0.0000,0.00011,75.406,75.406,75.406
acorn-ef512,anticorr_q0722_tau0,anticorr,9900000,0.0000,0.00005,88.029,88.029,88.029
acorn-ef64,anticorr_q0722_tau0.01,anticorr,9899927,0.8000,0.00046,11.964,11.964,11.964
acorn-ef128,anticorr_q0722_tau0.01,anticorr,9899927,0.8000,0.00046,12.146,12.146,12.146
acorn-ef256,anticorr_q0722_tau0.01,anticorr,9899927,0.9000,0.00029,16.043,16.043,16.043
acorn-ef512,anticorr_q0722_tau0.01,anticorr,9899927,1.0000,0.00000,22.372,22.372,22.372
acorn-ef64,anticorr_q0722_tau0.03,anticorr,9899753,1.0000,0.00000,2.005,2.005,2.005
acorn-ef128,anticorr_q0722_tau0.03,anticorr,9899753,1.0000,0.00000,1.555,1.555,1.555
acorn-ef256,anticorr_q0722_tau0.03,anticorr,9899753,1.0000,0.00000,2.067,2.067,2.067
acorn-ef512,anticorr_q0722_tau0.03,anticorr,9899753,1.0000,0.00000,3.602,3.602,3.602
acorn-ef64,anticorr_q0739_tau0,anticorr,9900000,0.0000,0.00020,67.893,67.893,67.893
acorn-ef128,anticorr_q0739_tau0,anticorr,9900000,0.0000,0.00013,72.541,72.541,72.541
acorn-ef256,anticorr_q0739_tau0,anticorr,9900000,0.0000,0.00008,82.524,82.524,82.524
acorn-ef512,anticorr_q0739_tau0,anticorr,9900000,0.0000,0.00004,108.457,108.457,108.457
acorn-ef64,anticorr_q0739_tau0.01,anticorr,9900332,0.9000,0.00001,11.603,11.603,11.603
acorn-ef128,anticorr_q0739_tau0.01,anticorr,9900332,0.9000,0.00001,11.912,11.912,11.912
acorn-ef256,anticorr_q0739_tau0.01,anticorr,9900332,1.0000,0.00000,16.759,16.759,16.759
acorn-ef512,anticorr_q0739_tau0.01,anticorr,9900332,1.0000,0.00000,22.778,22.778,22.778
acorn-ef64,anticorr_q0739_tau0.03,anticorr,9899894,1.0000,0.00000,1.728,1.728,1.728
acorn-ef128,anticorr_q0739_tau0.03,anticorr,9899894,1.0000,0.00000,1.491,1.491,1.491
acorn-ef256,anticorr_q0739_tau0.03,anticorr,9899894,1.0000,0.00000,2.476,2.476,2.476
acorn-ef512,anticorr_q0739_tau0.03,anticorr,9899894,1.0000,0.00000,4.132,4.132,4.132
acorn-ef64,anticorr_q0759_tau0,anticorr,9900000,0.0000,0.00018,57.576,57.576,57.576
acorn-ef128,anticorr_q0759_tau0,anticorr,9900000,0.0000,0.00018,64.677,64.677,64.677
acorn-ef256,anticorr_q0759_tau0,anticorr,9900000,0.0000,0.00008,74.977,74.977,74.977
acorn-ef512,anticorr_q0759_tau0,anticorr,9900000,0.0000,0.00004,90.141,90.141,90.141
acorn-ef64,anticorr_q0759_tau0.01,anticorr,9900237,0.8000,0.00013,11.330,11.330,11.330
acorn-ef128,anticorr_q0759_tau0.01,anticorr,9900237,0.9000,0.00000,12.532,12.532,12.532
acorn-ef256,anticorr_q0759_tau0.01,anticorr,9900237,0.9000,0.00000,17.250,17.250,17.250
acorn-ef512,anticorr_q0759_tau0.01,anticorr,9900237,1.0000,0.00000,25.441,25.441,25.441
acorn-ef64,anticorr_q0759_tau0.03,anticorr,9899764,0.9000,0.00108,2.733,2.733,2.733
acorn-ef128,anticorr_q0759_tau0.03,anticorr,9899764,1.0000,0.00000,2.051,2.051,2.051
acorn-ef256,anticorr_q0759_tau0.03,anticorr,9899764,1.0000,0.00000,2.792,2.792,2.792
acorn-ef512,anticorr_q0759_tau0.03,anticorr,9899764,1.0000,0.00000,4.903,4.903,4.903
acorn-ef64,anticorr_q0763_tau0,anticorr,9900001,0.0000,0.00026,62.956,62.956,62.956
acorn-ef128,anticorr_q0763_tau0,anticorr,9900001,0.0000,0.00013,70.347,70.347,70.347
acorn-ef256,anticorr_q0763_tau0,anticorr,9900001,0.0000,0.00008,83.361,83.361,83.361
acorn-ef512,anticorr_q0763_tau0,anticorr,9900001,0.0000,0.00005,98.436,98.436,98.436
acorn-ef64,anticorr_q0763_tau0.01,anticorr,9899825,0.9000,0.00087,11.601,11.601,11.601
acorn-ef128,anticorr_q0763_tau0.01,anticorr,9899825,0.9000,0.00087,11.658,11.658,11.658
acorn-ef256,anticorr_q0763_tau0.01,anticorr,9899825,0.9000,0.00087,16.350,16.350,16.350
acorn-ef512,anticorr_q0763_tau0.01,anticorr,9899825,1.0000,0.00000,23.441,23.441,23.441
acorn-ef64,anticorr_q0763_tau0.03,anticorr,9899690,1.0000,0.00000,2.708,2.708,2.708
acorn-ef128,anticorr_q0763_tau0.03,anticorr,9899690,1.0000,0.00000,1.682,1.682,1.682
acorn-ef256,anticorr_q0763_tau0.03,anticorr,9899690,1.0000,0.00000,2.546,2.546,2.546
acorn-ef512,anticorr_q0763_tau0.03,anticorr,9899690,1.0000,0.00000,4.383,4.383,4.383
acorn-ef64,anticorr_q0771_tau0,anticorr,9900000,0.0000,0.00029,74.502,74.502,74.502
acorn-ef128,anticorr_q0771_tau0,anticorr,9900000,0.1000,0.00009,77.986,77.986,77.986
acorn-ef256,anticorr_q0771_tau0,anticorr,9900000,0.1000,0.00004,86.982,86.982,86.982
acorn-ef512,anticorr_q0771_tau0,anticorr,9900000,0.1000,0.00002,100.406,100.406,100.406
acorn-ef64,anticorr_q0771_tau0.01,anticorr,9900307,0.9000,0.00052,17.626,17.626,17.626
acorn-ef128,anticorr_q0771_tau0.01,anticorr,9900307,1.0000,0.00000,17.536,17.536,17.536
acorn-ef256,anticorr_q0771_tau0.01,anticorr,9900307,1.0000,0.00000,26.485,26.485,26.485
acorn-ef512,anticorr_q0771_tau0.01,anticorr,9900307,1.0000,0.00000,32.904,32.904,32.904
acorn-ef64,anticorr_q0771_tau0.03,anticorr,9899838,1.0000,0.00000,2.594,2.594,2.594
acorn-ef128,anticorr_q0771_tau0.03,anticorr,9899838,1.0000,0.00000,1.830,1.830,1.830
acorn-ef256,anticorr_q0771_tau0.03,anticorr,9899838,1.0000,0.00000,3.075,3.075,3.075
acorn-ef512,anticorr_q0771_tau0.03,anticorr,9899838,1.0000,0.00000,4.480,4.480,4.480
acorn-ef64,anticorr_q0772_tau0,anticorr,9900000,0.0000,0.00015,66.704,66.704,66.704
acorn-ef128,anticorr_q0772_tau0,anticorr,9900000,0.0000,0.00012,77.247,77.247,77.247
acorn-ef256,anticorr_q0772_tau0,anticorr,9900000,0.1000,0.00007,88.764,88.764,88.764
acorn-ef512,anticorr_q0772_tau0,anticorr,9900000,0.1000,0.00002,106.190,106.190,106.190
acorn-ef64,anticorr_q0772_tau0.01,anticorr,9899747,1.0000,0.00000,11.646,11.646,11.646
acorn-ef128,anticorr_q0772_tau0.01,anticorr,9899747,1.0000,0.00000,13.470,13.470,13.470
acorn-ef256,anticorr_q0772_tau0.01,anticorr,9899747,1.0000,0.00000,18.468,18.468,18.468
acorn-ef512,anticorr_q0772_tau0.01,anticorr,9899747,1.0000,0.00000,26.598,26.598,26.598
acorn-ef64,anticorr_q0772_tau0.03,anticorr,9900116,1.0000,0.00000,2.398,2.398,2.398
acorn-ef128,anticorr_q0772_tau0.03,anticorr,9900116,1.0000,0.00000,1.560,1.560,1.560
acorn-ef256,anticorr_q0772_tau0.03,anticorr,9900116,1.0000,0.00000,2.285,2.285,2.285
acorn-ef512,anticorr_q0772_tau0.03,anticorr,9900116,1.0000,0.00000,4.107,4.107,4.107
acorn-ef64,anticorr_q0776_tau0,anticorr,9900000,0.0000,0.00012,78.247,78.247,78.247
acorn-ef128,anticorr_q0776_tau0,anticorr,9900000,0.0000,0.00010,83.315,83.315,83.315
acorn-ef256,anticorr_q0776_tau0,anticorr,9900000,0.0000,0.00007,92.969,92.969,92.969
acorn-ef512,anticorr_q0776_tau0,anticorr,9900000,0.0000,0.00004,106.208,106.208,106.208
acorn-ef64,anticorr_q0776_tau0.01,anticorr,9899647,0.8000,0.00087,16.781,16.781,16.781
acorn-ef128,anticorr_q0776_tau0.01,anticorr,9899647,1.0000,0.00000,17.248,17.248,17.248
acorn-ef256,anticorr_q0776_tau0.01,anticorr,9899647,1.0000,0.00000,23.349,23.349,23.349
acorn-ef512,anticorr_q0776_tau0.01,anticorr,9899647,1.0000,0.00000,31.044,31.044,31.044
acorn-ef64,anticorr_q0776_tau0.03,anticorr,9899743,1.0000,0.00000,2.413,2.413,2.413
acorn-ef128,anticorr_q0776_tau0.03,anticorr,9899743,1.0000,0.00000,1.737,1.737,1.737
acorn-ef256,anticorr_q0776_tau0.03,anticorr,9899743,1.0000,0.00000,2.690,2.690,2.690
acorn-ef512,anticorr_q0776_tau0.03,anticorr,9899743,1.0000,0.00000,4.580,4.580,4.580
acorn-ef64,anticorr_q0777_tau0,anticorr,9900001,0.0000,0.00021,53.342,53.342,53.342
acorn-ef128,anticorr_q0777_tau0,anticorr,9900001,0.0000,0.00018,60.616,60.616,60.616
acorn-ef256,anticorr_q0777_tau0,anticorr,9900001,0.0000,0.00011,71.992,71.992,71.992
acorn-ef512,anticorr_q0777_tau0,anticorr,9900001,0.0000,0.00006,84.183,84.183,84.183
acorn-ef64,anticorr_q0777_tau0.01,anticorr,9899827,0.5000,0.00208,11.082,11.082,11.082
acorn-ef128,anticorr_q0777_tau0.01,anticorr,9899827,0.5000,0.00172,11.224,11.224,11.224
acorn-ef256,anticorr_q0777_tau0.01,anticorr,9899827,0.9000,0.00012,15.611,15.611,15.611
acorn-ef512,anticorr_q0777_tau0.01,anticorr,9899827,1.0000,0.00000,22.359,22.359,22.359
acorn-ef64,anticorr_q0777_tau0.03,anticorr,9899736,1.0000,0.00000,2.350,2.350,2.350
acorn-ef128,anticorr_q0777_tau0.03,anticorr,9899736,1.0000,0.00000,1.500,1.500,1.500
acorn-ef256,anticorr_q0777_tau0.03,anticorr,9899736,1.0000,0.00000,2.482,2.482,2.482
acorn-ef512,anticorr_q0777_tau0.03,anticorr,9899736,1.0000,0.00000,4.166,4.166,4.166
acorn-ef64,anticorr_q0798_tau0,anticorr,9900000,0.0000,0.00019,55.616,55.616,55.616
acorn-ef128,anticorr_q0798_tau0,anticorr,9900000,0.0000,0.00010,63.334,63.334,63.334
acorn-ef256,anticorr_q0798_tau0,anticorr,9900000,0.0000,0.00006,75.829,75.829,75.829
acorn-ef512,anticorr_q0798_tau0,anticorr,9900000,0.0000,0.00003,99.595,99.595,99.595
acorn-ef64,anticorr_q0798_tau0.01,anticorr,9899653,0.8000,0.00052,10.237,10.237,10.237
acorn-ef128,anticorr_q0798_tau0.01,anticorr,9899653,1.0000,0.00000,10.010,10.010,10.010
acorn-ef256,anticorr_q0798_tau0.01,anticorr,9899653,1.0000,0.00000,14.126,14.126,14.126
acorn-ef512,anticorr_q0798_tau0.01,anticorr,9899653,1.0000,0.00000,21.421,21.421,21.421
acorn-ef64,anticorr_q0798_tau0.03,anticorr,9900398,1.0000,0.00000,2.904,2.904,2.904
acorn-ef128,anticorr_q0798_tau0.03,anticorr,9900398,1.0000,0.00000,1.431,1.431,1.431
acorn-ef256,anticorr_q0798_tau0.03,anticorr,9900398,1.0000,0.00000,2.124,2.124,2.124
acorn-ef512,anticorr_q0798_tau0.03,anticorr,9900398,1.0000,0.00000,3.696,3.696,3.696
acorn-ef64,anticorr_q0804_tau0,anticorr,9900000,0.0000,0.00026,69.277,69.277,69.277
acorn-ef128,anticorr_q0804_tau0,anticorr,9900000,0.0000,0.00010,76.162,76.162,76.162
acorn-ef256,anticorr_q0804_tau0,anticorr,9900000,0.0000,0.00008,89.091,89.091,89.091
acorn-ef512,anticorr_q0804_tau0,anticorr,9900000,0.0000,0.00004,103.939,103.939,103.939
acorn-ef64,anticorr_q0804_tau0.01,anticorr,9899438,0.6000,0.00117,13.697,13.697,13.697
acorn-ef128,anticorr_q0804_tau0.01,anticorr,9899438,0.9000,0.00017,13.772,13.772,13.772
acorn-ef256,anticorr_q0804_tau0.01,anticorr,9899438,1.0000,0.00000,18.984,18.984,18.984
acorn-ef512,anticorr_q0804_tau0.01,anticorr,9899438,1.0000,0.00000,27.138,27.138,27.138
acorn-ef64,anticorr_q0804_tau0.03,anticorr,9900408,1.0000,0.00000,2.773,2.773,2.773
acorn-ef128,anticorr_q0804_tau0.03,anticorr,9900408,1.0000,0.00000,1.699,1.699,1.699
acorn-ef256,anticorr_q0804_tau0.03,anticorr,9900408,1.0000,0.00000,2.760,2.760,2.760
acorn-ef512,anticorr_q0804_tau0.03,anticorr,9900408,1.0000,0.00000,4.726,4.726,4.726
acorn-ef64,anticorr_q0819_tau0,anticorr,9900000,0.0000,0.00018,64.523,64.523,64.523
acorn-ef128,anticorr_q0819_tau0,anticorr,9900000,0.0000,0.00011,71.254,71.254,71.254
acorn-ef256,anticorr_q0819_tau0,anticorr,9900000,0.0000,0.00007,82.650,82.650,82.650
acorn-ef512,anticorr_q0819_tau0,anticorr,9900000,0.0000,0.00003,98.399,98.399,98.399
acorn-ef64,anticorr_q0819_tau0.01,anticorr,9899730,0.7000,0.00057,10.822,10.822,10.822
acorn-ef128,anticorr_q0819_tau0.01,anticorr,9899730,0.7000,0.00057,11.892,11.892,11.892
acorn-ef256,anticorr_q0819_tau0.01,anticorr,9899730,0.7000,0.00057,17.110,17.110,17.110
acorn-ef512,anticorr_q0819_tau0.01,anticorr,9899730,0.7000,0.00057,24.304,24.304,24.304
acorn-ef64,anticorr_q0819_tau0.03,anticorr,9900218,0.9000,0.00112,2.402,2.402,2.402
acorn-ef128,anticorr_q0819_tau0.03,anticorr,9900218,1.0000,0.00000,1.643,1.643,1.643
acorn-ef256,anticorr_q0819_tau0.03,anticorr,9900218,1.0000,0.00000,2.346,2.346,2.346
acorn-ef512,anticorr_q0819_tau0.03,anticorr,9900218,1.0000,0.00000,4.029,4.029,4.029
acorn-ef64,anticorr_q0823_tau0,anticorr,9900000,0.0000,0.00039,40.882,40.882,40.882
acorn-ef128,anticorr_q0823_tau0,anticorr,9900000,0.0000,0.00021,48.419,48.419,48.419
acorn-ef256,anticorr_q0823_tau0,anticorr,9900000,0.0000,0.00013,58.577,58.577,58.577
acorn-ef512,anticorr_q0823_tau0,anticorr,9900000,0.0000,0.00005,71.948,71.948,71.948
acorn-ef64,anticorr_q0823_tau0.01,anticorr,9899861,0.6000,0.00176,8.283,8.283,8.283
acorn-ef128,anticorr_q0823_tau0.01,anticorr,9899861,0.7000,0.00123,8.646,8.646,8.646
acorn-ef256,anticorr_q0823_tau0.01,anticorr,9899861,0.8000,0.00110,12.596,12.596,12.596
acorn-ef512,anticorr_q0823_tau0.01,anticorr,9899861,0.9000,0.00002,19.316,19.316,19.316
acorn-ef64,anticorr_q0823_tau0.03,anticorr,9899875,0.6000,0.00252,3.036,3.036,3.036
acorn-ef128,anticorr_q0823_tau0.03,anticorr,9899875,0.6000,0.00252,1.881,1.881,1.881
acorn-ef256,anticorr_q0823_tau0.03,anticorr,9899875,0.9000,0.00033,3.240,3.240,3.240
acorn-ef512,anticorr_q0823_tau0.03,anticorr,9899875,0.9000,0.00033,5.068,5.068,5.068
acorn-ef64,anticorr_q0830_tau0,anticorr,9900000,0.0000,0.00027,57.976,57.976,57.976
acorn-ef128,anticorr_q0830_tau0,anticorr,9900000,0.0000,0.00015,68.204,68.204,68.204
acorn-ef256,anticorr_q0830_tau0,anticorr,9900000,0.0000,0.00011,79.216,79.216,79.216
acorn-ef512,anticorr_q0830_tau0,anticorr,9900000,0.0000,0.00007,94.496,94.496,94.496
acorn-ef64,anticorr_q0830_tau0.01,anticorr,9899917,0.8000,0.00073,10.664,10.664,10.664
acorn-ef128,anticorr_q0830_tau0.01,anticorr,9899917,1.0000,0.00000,11.179,11.179,11.179
acorn-ef256,anticorr_q0830_tau0.01,anticorr,9899917,1.0000,0.00000,14.891,14.891,14.891
acorn-ef512,anticorr_q0830_tau0.01,anticorr,9899917,1.0000,0.00000,22.469,22.469,22.469
acorn-ef64,anticorr_q0830_tau0.03,anticorr,9899898,1.0000,0.00000,2.186,2.186,2.186
acorn-ef128,anticorr_q0830_tau0.03,anticorr,9899898,1.0000,0.00000,1.402,1.402,1.402
acorn-ef256,anticorr_q0830_tau0.03,anticorr,9899898,1.0000,0.00000,2.344,2.344,2.344
acorn-ef512,anticorr_q0830_tau0.03,anticorr,9899898,1.0000,0.00000,3.591,3.591,3.591
acorn-ef64,anticorr_q0835_tau0,anticorr,9900000,0.0000,0.00033,62.906,62.906,62.906
acorn-ef128,anticorr_q0835_tau0,anticorr,9900000,0.0000,0.00011,71.717,71.717,71.717
acorn-ef256,anticorr_q0835_tau0,anticorr,9900000,0.1000,0.00002,95.218,95.218,95.218
acorn-ef512,anticorr_q0835_tau0,anticorr,9900000,0.1000,0.00002,98.580,98.580,98.580
acorn-ef64,anticorr_q0835_tau0.01,anticorr,9900310,1.0000,0.00000,11.432,11.432,11.432
acorn-ef128,anticorr_q0835_tau0.01,anticorr,9900310,1.0000,0.00000,11.920,11.920,11.920
acorn-ef256,anticorr_q0835_tau0.01,anticorr,9900310,1.0000,0.00000,17.045,17.045,17.045
acorn-ef512,anticorr_q0835_tau0.01,anticorr,9900310,1.0000,0.00000,26.348,26.348,26.348
acorn-ef64,anticorr_q0835_tau0.03,anticorr,9899227,0.9000,0.00045,2.885,2.885,2.885
acorn-ef128,anticorr_q0835_tau0.03,anticorr,9899227,1.0000,0.00000,2.019,2.019,2.019
acorn-ef256,anticorr_q0835_tau0.03,anticorr,9899227,1.0000,0.00000,2.656,2.656,2.656
acorn-ef512,anticorr_q0835_tau0.03,anticorr,9899227,1.0000,0.00000,4.658,4.658,4.658
acorn-ef64,anticorr_q0846_tau0,anticorr,9900001,0.0000,0.00024,56.591,56.591,56.591
acorn-ef128,anticorr_q0846_tau0,anticorr,9900001,0.0000,0.00015,64.506,64.506,64.506
acorn-ef256,anticorr_q0846_tau0,anticorr,9900001,0.0000,0.00006,81.365,81.365,81.365
acorn-ef512,anticorr_q0846_tau0,anticorr,9900001,0.0000,0.00004,126.222,126.222,126.222
acorn-ef64,anticorr_q0846_tau0.01,anticorr,9899928,0.7000,0.00073,12.691,12.691,12.691
acorn-ef128,anticorr_q0846_tau0.01,anticorr,9899928,0.9000,0.00056,13.471,13.471,13.471
acorn-ef256,anticorr_q0846_tau0.01,anticorr,9899928,1.0000,0.00000,18.704,18.704,18.704
acorn-ef512,anticorr_q0846_tau0.01,anticorr,9899928,1.0000,0.00000,24.372,24.372,24.372
acorn-ef64,anticorr_q0846_tau0.03,anticorr,9899958,1.0000,0.00000,2.104,2.104,2.104
acorn-ef128,anticorr_q0846_tau0.03,anticorr,9899958,1.0000,0.00000,1.683,1.683,1.683
acorn-ef256,anticorr_q0846_tau0.03,anticorr,9899958,1.0000,0.00000,2.563,2.563,2.563
acorn-ef512,anticorr_q0846_tau0.03,anticorr,9899958,1.0000,0.00000,3.977,3.977,3.977
acorn-ef64,anticorr_q0856_tau0,anticorr,9900000,0.0000,0.00033,48.045,48.045,48.045
acorn-ef128,anticorr_q0856_tau0,anticorr,9900000,0.0000,0.00011,58.386,58.386,58.386
acorn-ef256,anticorr_q0856_tau0,anticorr,9900000,0.0000,0.00007,66.161,66.161,66.161
acorn-ef512,anticorr_q0856_tau0,anticorr,9900000,0.0000,0.00006,80.979,80.979,80.979
acorn-ef64,anticorr_q0856_tau0.01,anticorr,9899480,0.4000,0.00317,9.363,9.363,9.363
acorn-ef128,anticorr_q0856_tau0.01,anticorr,9899480,0.7000,0.00071,9.056,9.056,9.056
acorn-ef256,anticorr_q0856_tau0.01,anticorr,9899480,0.9000,0.00021,15.347,15.347,15.347
acorn-ef512,anticorr_q0856_tau0.01,anticorr,9899480,0.9000,0.00021,27.023,27.023,27.023
acorn-ef64,anticorr_q0856_tau0.03,anticorr,9900015,1.0000,0.00000,2.740,2.740,2.740
acorn-ef128,anticorr_q0856_tau0.03,anticorr,9900015,1.0000,0.00000,1.629,1.629,1.629
acorn-ef256,anticorr_q0856_tau0.03,anticorr,9900015,1.0000,0.00000,2.568,2.568,2.568
acorn-ef512,anticorr_q0856_tau0.03,anticorr,9900015,1.0000,0.00000,4.470,4.470,4.470
acorn-ef64,anticorr_q0875_tau0,anticorr,9900000,0.0000,0.00015,82.919,82.919,82.919
acorn-ef128,anticorr_q0875_tau0,anticorr,9900000,0.0000,0.00011,91.347,91.347,91.347
acorn-ef256,anticorr_q0875_tau0,anticorr,9900000,0.0000,0.00007,102.176,102.176,102.176
acorn-ef512,anticorr_q0875_tau0,anticorr,9900000,0.0000,0.00005,119.271,119.271,119.271
acorn-ef64,anticorr_q0875_tau0.01,anticorr,9900450,0.8000,0.00080,17.307,17.307,17.307
acorn-ef128,anticorr_q0875_tau0.01,anticorr,9900450,0.9000,0.00060,16.578,16.578,16.578
acorn-ef256,anticorr_q0875_tau0.01,anticorr,9900450,1.0000,0.00000,23.166,23.166,23.166
acorn-ef512,anticorr_q0875_tau0.01,anticorr,9900450,1.0000,0.00000,32.773,32.773,32.773
acorn-ef64,anticorr_q0875_tau0.03,anticorr,9900620,0.9000,0.00009,2.846,2.846,2.846
acorn-ef128,anticorr_q0875_tau0.03,anticorr,9900620,1.0000,0.00000,1.729,1.729,1.729
acorn-ef256,anticorr_q0875_tau0.03,anticorr,9900620,1.0000,0.00000,2.486,2.486,2.486
acorn-ef512,anticorr_q0875_tau0.03,anticorr,9900620,1.0000,0.00000,4.125,4.125,4.125
acorn-ef64,anticorr_q0886_tau0,anticorr,9900000,0.0000,0.00024,57.386,57.386,57.386
acorn-ef128,anticorr_q0886_tau0,anticorr,9900000,0.0000,0.00012,64.460,64.460,64.460
acorn-ef256,anticorr_q0886_tau0,anticorr,9900000,0.0000,0.00006,71.500,71.500,71.500
acorn-ef512,anticorr_q0886_tau0,anticorr,9900000,0.1000,0.00004,87.650,87.650,87.650
acorn-ef64,anticorr_q0886_tau0.01,anticorr,9900045,1.0000,0.00000,11.557,11.557,11.557
acorn-ef128,anticorr_q0886_tau0.01,anticorr,9900045,1.0000,0.00000,11.950,11.950,11.950
acorn-ef256,anticorr_q0886_tau0.01,anticorr,9900045,1.0000,0.00000,16.175,16.175,16.175
acorn-ef512,anticorr_q0886_tau0.01,anticorr,9900045,1.0000,0.00000,22.166,22.166,22.166
acorn-ef64,anticorr_q0886_tau0.03,anticorr,9900285,1.0000,0.00000,2.296,2.296,2.296
acorn-ef128,anticorr_q0886_tau0.03,anticorr,9900285,1.0000,0.00000,1.636,1.636,1.636
acorn-ef256,anticorr_q0886_tau0.03,anticorr,9900285,1.0000,0.00000,2.253,2.253,2.253
acorn-ef512,anticorr_q0886_tau0.03,anticorr,9900285,1.0000,0.00000,3.758,3.758,3.758
acorn-ef64,anticorr_q0889_tau0,anticorr,9900002,0.0000,0.00016,64.745,64.745,64.745
acorn-ef128,anticorr_q0889_tau0,anticorr,9900002,0.0000,0.00012,70.422,70.422,70.422
acorn-ef256,anticorr_q0889_tau0,anticorr,9900002,0.0000,0.00010,80.990,80.990,80.990
acorn-ef512,anticorr_q0889_tau0,anticorr,9900002,0.0000,0.00008,96.359,96.359,96.359
acorn-ef64,anticorr_q0889_tau0.01,anticorr,9900138,0.7000,0.00098,14.897,14.897,14.897
acorn-ef128,anticorr_q0889_tau0.01,anticorr,9900138,0.8000,0.00081,15.603,15.603,15.603
acorn-ef256,anticorr_q0889_tau0.01,anticorr,9900138,1.0000,0.00000,21.044,21.044,21.044
acorn-ef512,anticorr_q0889_tau0.01,anticorr,9900138,1.0000,0.00000,29.466,29.466,29.466
acorn-ef64,anticorr_q0889_tau0.03,anticorr,9899382,1.0000,0.00000,2.841,2.841,2.841
acorn-ef128,anticorr_q0889_tau0.03,anticorr,9899382,1.0000,0.00000,1.945,1.945,1.945
acorn-ef256,anticorr_q0889_tau0.03,anticorr,9899382,1.0000,0.00000,2.996,2.996,2.996
acorn-ef512,anticorr_q0889_tau0.03,anticorr,9899382,1.0000,0.00000,5.176,5.176,5.176
acorn-ef64,anticorr_q0893_tau0,anticorr,9900000,0.0000,0.00075,53.832,53.832,53.832
acorn-ef128,anticorr_q0893_tau0,anticorr,9900000,0.0000,0.00028,61.114,61.114,61.114
acorn-ef256,anticorr_q0893_tau0,anticorr,9900000,0.0000,0.00011,70.278,70.278,70.278
acorn-ef512,anticorr_q0893_tau0,anticorr,9900000,0.0000,0.00008,83.462,83.462,83.462
acorn-ef64,anticorr_q0893_tau0.01,anticorr,9899771,0.9000,0.00012,10.767,10.767,10.767
acorn-ef128,anticorr_q0893_tau0.01,anticorr,9899771,0.9000,0.00012,11.989,11.989,11.989
acorn-ef256,anticorr_q0893_tau0.01,anticorr,9899771,0.9000,0.00012,17.877,17.877,17.877
acorn-ef512,anticorr_q0893_tau0.01,anticorr,9899771,1.0000,0.00000,21.593,21.593,21.593
acorn-ef64,anticorr_q0893_tau0.03,anticorr,9899877,1.0000,0.00000,2.641,2.641,2.641
acorn-ef128,anticorr_q0893_tau0.03,anticorr,9899877,1.0000,0.00000,1.738,1.738,1.738
acorn-ef256,anticorr_q0893_tau0.03,anticorr,9899877,1.0000,0.00000,2.236,2.236,2.236
acorn-ef512,anticorr_q0893_tau0.03,anticorr,9899877,1.0000,0.00000,3.730,3.730,3.730
acorn-ef64,anticorr_q0918_tau0,anticorr,9900000,0.0000,0.00031,60.051,60.051,60.051
acorn-ef128,anticorr_q0918_tau0,anticorr,9900000,0.0000,0.00020,67.399,67.399,67.399
acorn-ef256,anticorr_q0918_tau0,anticorr,9900000,0.1000,0.00009,78.736,78.736,78.736
acorn-ef512,anticorr_q0918_tau0,anticorr,9900000,0.2000,0.00004,106.900,106.900,106.900
acorn-ef64,anticorr_q0918_tau0.01,anticorr,9900363,0.6000,0.00214,12.429,12.429,12.429
acorn-ef128,anticorr_q0918_tau0.01,anticorr,9900363,0.6000,0.00193,13.419,13.419,13.419
acorn-ef256,anticorr_q0918_tau0.01,anticorr,9900363,0.8000,0.00105,18.758,18.758,18.758
acorn-ef512,anticorr_q0918_tau0.01,anticorr,9900363,0.8000,0.00095,26.103,26.103,26.103
acorn-ef64,anticorr_q0918_tau0.03,anticorr,9899758,1.0000,0.00000,2.477,2.477,2.477
acorn-ef128,anticorr_q0918_tau0.03,anticorr,9899758,1.0000,0.00000,1.777,1.777,1.777
acorn-ef256,anticorr_q0918_tau0.03,anticorr,9899758,1.0000,0.00000,2.701,2.701,2.701
acorn-ef512,anticorr_q0918_tau0.03,anticorr,9899758,1.0000,0.00000,5.167,5.167,5.167
acorn-ef64,anticorr_q0922_tau0,anticorr,9900000,0.0000,0.00033,63.023,63.023,63.023
acorn-ef128,anticorr_q0922_tau0,anticorr,9900000,0.0000,0.00013,69.859,69.859,69.859
acorn-ef256,anticorr_q0922_tau0,anticorr,9900000,0.0000,0.00009,82.008,82.008,82.008
acorn-ef512,anticorr_q0922_tau0,anticorr,9900000,0.0000,0.00003,97.473,97.473,97.473
acorn-ef64,anticorr_q0922_tau0.01,anticorr,9900170,0.8000,0.00205,12.026,12.026,12.026
acorn-ef128,anticorr_q0922_tau0.01,anticorr,9900170,0.9000,0.00171,12.720,12.720,12.720
acorn-ef256,anticorr_q0922_tau0.01,anticorr,9900170,0.9000,0.00171,18.220,18.220,18.220
acorn-ef512,anticorr_q0922_tau0.01,anticorr,9900170,1.0000,0.00000,26.889,26.889,26.889
acorn-ef64,anticorr_q0922_tau0.03,anticorr,9900568,1.0000,0.00000,1.932,1.932,1.932
acorn-ef128,anticorr_q0922_tau0.03,anticorr,9900568,1.0000,0.00000,1.774,1.774,1.774
acorn-ef256,anticorr_q0922_tau0.03,anticorr,9900568,1.0000,0.00000,2.858,2.858,2.858
acorn-ef512,anticorr_q0922_tau0.03,anticorr,9900568,1.0000,0.00000,4.843,4.843,4.843
acorn-ef64,anticorr_q0932_tau0,anticorr,9900000,0.0000,0.00026,61.146,61.146,61.146
acorn-ef128,anticorr_q0932_tau0,anticorr,9900000,0.0000,0.00008,70.249,70.249,70.249
acorn-ef256,anticorr_q0932_tau0,anticorr,9900000,0.0000,0.00003,78.956,78.956,78.956
acorn-ef512,anticorr_q0932_tau0,anticorr,9900000,0.0000,0.00002,92.736,92.736,92.736
acorn-ef64,anticorr_q0932_tau0.01,anticorr,9900067,0.7000,0.00060,9.314,9.314,9.314
acorn-ef128,anticorr_q0932_tau0.01,anticorr,9900067,0.7000,0.00060,9.637,9.637,9.637
acorn-ef256,anticorr_q0932_tau0.01,anticorr,9900067,0.8000,0.00031,14.608,14.608,14.608
acorn-ef512,anticorr_q0932_tau0.01,anticorr,9900067,0.9000,0.00007,20.485,20.485,20.485
acorn-ef64,anticorr_q0932_tau0.03,anticorr,9900145,0.7000,0.00117,2.661,2.661,2.661
acorn-ef128,anticorr_q0932_tau0.03,anticorr,9900145,0.7000,0.00117,1.442,1.442,1.442
acorn-ef256,anticorr_q0932_tau0.03,anticorr,9900145,0.8000,0.00026,2.512,2.512,2.512
acorn-ef512,anticorr_q0932_tau0.03,anticorr,9900145,1.0000,0.00000,4.279,4.279,4.279
acorn-ef64,anticorr_q0950_tau0,anticorr,9900000,0.0000,0.00041,68.380,68.380,68.380
acorn-ef128,anticorr_q0950_tau0,anticorr,9900000,0.0000,0.00014,74.703,74.703,74.703
acorn-ef256,anticorr_q0950_tau0,anticorr,9900000,0.0000,0.00005,85.964,85.964,85.964
acorn-ef512,anticorr_q0950_tau0,anticorr,9900000,0.0000,0.00003,100.235,100.235,100.235
acorn-ef64,anticorr_q0950_tau0.01,anticorr,9899997,1.0000,0.00000,15.472,15.472,15.472
acorn-ef128,anticorr_q0950_tau0.01,anticorr,9899997,1.0000,0.00000,15.455,15.455,15.455
acorn-ef256,anticorr_q0950_tau0.01,anticorr,9899997,1.0000,0.00000,20.128,20.128,20.128
acorn-ef512,anticorr_q0950_tau0.01,anticorr,9899997,1.0000,0.00000,28.966,28.966,28.966
acorn-ef64,anticorr_q0950_tau0.03,anticorr,9899843,1.0000,0.00000,2.368,2.368,2.368
acorn-ef128,anticorr_q0950_tau0.03,anticorr,9899843,1.0000,0.00000,1.558,1.558,1.558
acorn-ef256,anticorr_q0950_tau0.03,anticorr,9899843,1.0000,0.00000,2.439,2.439,2.439
acorn-ef512,anticorr_q0950_tau0.03,anticorr,9899843,1.0000,0.00000,4.546,4.546,4.546
acorn-ef64,anticorr_q0963_tau0,anticorr,9900001,0.0000,0.00047,54.682,54.682,54.682
acorn-ef128,anticorr_q0963_tau0,anticorr,9900001,0.0000,0.00016,59.841,59.841,59.841
acorn-ef256,anticorr_q0963_tau0,anticorr,9900001,0.0000,0.00011,70.393,70.393,70.393
acorn-ef512,anticorr_q0963_tau0,anticorr,9900001,0.0000,0.00007,87.383,87.383,87.383
acorn-ef64,anticorr_q0963_tau0.01,anticorr,9899848,0.8000,0.00195,7.183,7.183,7.183
acorn-ef128,anticorr_q0963_tau0.01,anticorr,9899848,0.8000,0.00195,7.401,7.401,7.401
acorn-ef256,anticorr_q0963_tau0.01,anticorr,9899848,0.9000,0.00134,12.008,12.008,12.008
acorn-ef512,anticorr_q0963_tau0.01,anticorr,9899848,1.0000,0.00000,18.397,18.397,18.397
acorn-ef64,anticorr_q0963_tau0.03,anticorr,9900698,1.0000,0.00000,2.264,2.264,2.264
acorn-ef128,anticorr_q0963_tau0.03,anticorr,9900698,1.0000,0.00000,1.320,1.320,1.320
acorn-ef256,anticorr_q0963_tau0.03,anticorr,9900698,1.0000,0.00000,2.072,2.072,2.072
acorn-ef512,anticorr_q0963_tau0.03,anticorr,9900698,1.0000,0.00000,3.485,3.485,3.485
acorn-ef64,anticorr_q0964_tau0,anticorr,9900002,0.0000,0.00022,61.067,61.067,61.067
acorn-ef128,anticorr_q0964_tau0,anticorr,9900002,0.0000,0.00018,77.094,77.094,77.094
acorn-ef256,anticorr_q0964_tau0,anticorr,9900002,0.0000,0.00007,77.918,77.918,77.918
acorn-ef512,anticorr_q0964_tau0,anticorr,9900002,0.0000,0.00005,89.982,89.982,89.982
acorn-ef64,anticorr_q0964_tau0.01,anticorr,9899817,0.8000,0.00109,9.760,9.760,9.760
acorn-ef128,anticorr_q0964_tau0.01,anticorr,9899817,0.9000,0.00015,9.954,9.954,9.954
acorn-ef256,anticorr_q0964_tau0.01,anticorr,9899817,1.0000,0.00000,13.556,13.556,13.556
acorn-ef512,anticorr_q0964_tau0.01,anticorr,9899817,1.0000,0.00000,21.197,21.197,21.197
acorn-ef64,anticorr_q0964_tau0.03,anticorr,9900167,1.0000,0.00000,2.422,2.422,2.422
acorn-ef128,anticorr_q0964_tau0.03,anticorr,9900167,1.0000,0.00000,1.703,1.703,1.703
acorn-ef256,anticorr_q0964_tau0.03,anticorr,9900167,1.0000,0.00000,2.282,2.282,2.282
acorn-ef512,anticorr_q0964_tau0.03,anticorr,9900167,1.0000,0.00000,4.066,4.066,4.066
acorn-ef64,anticorr_q0979_tau0,anticorr,9900000,0.0000,0.00056,54.305,54.305,54.305
acorn-ef128,anticorr_q0979_tau0,anticorr,9900000,0.0000,0.00029,59.747,59.747,59.747
acorn-ef256,anticorr_q0979_tau0,anticorr,9900000,0.0000,0.00011,71.008,71.008,71.008
acorn-ef512,anticorr_q0979_tau0,anticorr,9900000,0.0000,0.00004,86.628,86.628,86.628
acorn-ef64,anticorr_q0979_tau0.01,anticorr,9899791,0.5000,0.00253,9.970,9.970,9.970
acorn-ef128,anticorr_q0979_tau0.01,anticorr,9899791,0.7000,0.00101,9.778,9.778,9.778
acorn-ef256,anticorr_q0979_tau0.01,anticorr,9899791,0.7000,0.00101,14.405,14.405,14.405
acorn-ef512,anticorr_q0979_tau0.01,anticorr,9899791,0.8000,0.00073,20.141,20.141,20.141
acorn-ef64,anticorr_q0979_tau0.03,anticorr,9899513,1.0000,0.00000,2.822,2.822,2.822
acorn-ef128,anticorr_q0979_tau0.03,anticorr,9899513,1.0000,0.00000,1.910,1.910,1.910
acorn-ef256,anticorr_q0979_tau0.03,anticorr,9899513,1.0000,0.00000,2.629,2.629,2.629
acorn-ef512,anticorr_q0979_tau0.03,anticorr,9899513,1.0000,0.00000,4.326,4.326,4.326
